2314302	r	14.2016,-5.1571,16.7307,-3.6098	[[[142016,-43695,2369,-1141,140,156,140,200,32,187,-65,67,-346,222,-195,228,-164,248,-67,145,-3,54,34,54,44,143,17,128,1,107,-25,79,-57,47,-185,-13,-431,-234,-455,-110,-204,-141,-374,-329,-206,-97]],[[149297,-46490,7088,-2293,-9,-10,0,-11,26,-5,4,-10,30,5,-8,-19,21,-19,-15,-8,-4,-14,-9,-5,5,-11,8,2,1,14,8,3,4,-8,-6,-4,4,-13,-9,-4,-3,-19,12,-9,-11,-3,2,-10,-23,-34,10,-17,-5,-5,18,1,5,-6,-8,-10,0,-12,11,-27,13,-2,20,-16,25,-5,-18,-8,18,-10,-1,-10,-14,5,11,-12,-21,-7,4,-11,10,-3,-2,-21,12,-2,1,25,23,-5,5,-6,-3,-14,11,-5,-16,-13,19,-14,-7,-14,5,-5,14,7,5,-3,-6,-17,5,-13,-19,-2,9,-8,-1,-8,-17,-5,-4,14,-8,4,-5,-5,8,-6,0,-39,18,-4,-1,-11,9,-15,12,2,0,-32,-9,-14,-20,-10,7,-19,9,-4,-4,-5,-10,8,-5,-3,14,-22,-14,8,-1,-11,-12,-10,9,-7,8,8,-2,-36,15,-12,1,-26,-19,-14,5,-4,17,4,10,-20,-19,8,-4,-13,19,-19,-31,2,-3,-13,11,-11,-9,-1,-3,-10,-15,-1,-1,-17,-13,-2,6,-13,-4,-9,4,-36,8,-21,14,-7,21,-28,176,-92,123,-36,133,-12,70,-19,79,-51,50,-98,91,-267,48,-25,68,0,292,41,316,14,31,11,36,0,32,25,47,-6,15,-24,21,-2,13,-17,59,8,27,-5,35,-20,15,4,3,7,9,-2,-5,16,11,6,-10,6,12,0,-10,13,21,17,5,24,-8,17,16,-2,0,22,29,10,34,-5,10,14,-5,4,2,11,21,-1,-9,9,7,13,-17,-11,-4,5,-4,14,8,13,-5,4,13,1,-3,12,11,-6,-1,13,19,-3,-2,12,17,2,0,15,12,1,-5,18,17,7,7,14,-3,8,15,-6,-6,13,4,7,-8,2,3,18,11,-14,12,9,-5,20,7,6,-12,22,12,5,-14,5,-3,11,-7,-5,4,14,-9,2,-1,9,-11,-5,-1,6,21,20,-3,11,-4,-5,-5,3,20,10,0,15,3,-7,4,14,13,-2,-8,11,12,1,-8,8,8,11,8,-1,-4,8,13,-1,-5,7,6,47,-10,16,0,24,25,16,-14,-1,-5,16,15,10,-13,3,-1,4,11,0,-1,8,17,12,0,44,29,8,30,35,3,16,6347,-2053,139,194,500,807,447,840,391,866,334,891,275,910,215,927,3,17,-2248,4588,-4442,5433,-84,-102,-406,-823,-74,-225,-142,-141,-169,-476,-311,-542,-70,-78,-58,-101,-182,-588,-241,-231,-50,-48,-388,-203,-442,-132,-234,-36,-51,-4,-219,-37,-10,-1,-88,-1,-293,-47,-284,-54,-455,-134,-167,-68,-252,-74,-181,-53,-239,-130,-30,-32,-6,-3,-153,-118,-80,-119,-90,-83,-46,-114,-71,-225,-88,-118,-83,-132,-42,-421,-15,-71,-3,-7,-191,-201,-40,-67,-86,-35,-249,-129,-388,-141,-630,-317,-96,-16,-72,-27,-160,-78,-126,-48,-70,-62,-118,-123,-66,-29,-125,-29,-20,-1,-20,-4,-49,-1,-61,-4,-105,3,-42,-12,-36,-26,-87,-20,-25,-19,-83,-111,-38,-78,-3,-25,12,-71,-11,-32,-70,-91,-9,-27,-6,-120,10,-69,-14,-28,-100,-85,-45,-61,-44,-41,-102,-70,-65,-84,-97,-138,-22,-42,27,-16,34,0,32,-9,-385,-545,-218,-202,-533,-270,-82,-109,-35,-72,-29,-58,-772,-759,-13,-21]]]
922704	r	27.332,-11.9566,27.6682,-11.4663	[[[273320,-116344,549,-1257,87,-77,61,-4,56,5,78,39,73,-23,-1,-84,35,-59,-84,-108,-18,-41,59,-48,153,-61,175,-6,64,-12,58,-34,12,4,17,-8,26,4,23,-13,27,2,20,-28,38,-7,13,30,-1,14,-26,38,-13,38,2,14,161,125,28,7,71,-14,54,78,21,-1,40,-20,58,-43,49,2,8,29,63,5,114,-8,37,32,5,39,42,35,26,55,32,25,-8,95,20,105,27,64,-4,45,-25,71,-49,74,-30,32,-62,48,15,45,6,103,10,45,74,48,62,167,28,45,39,24,67,-45,84,-41,147,-51,91,346,-2,41,44,1,65,27,24,-13,68,90,51,32,47,51,9,36,71,42,109,82,27,51,-5,68,-51,76,-20,55,34,88,81,143,26,386,-7,54,-53,61,-41,107,-11,1,2,9,-13,9,4,10,-22,21,6,14,-9,4,6,12,-12,20,-2,17,-14,-2,-8,6,-44,-28,-9,17,-57,52,-21,39,-11,-6,-10,7,-30,1,-7,-19,-13,-12,-20,-4,-3,26,-7,4,-21,-8,-23,13,-4,-6,-29,9,-20,-5,-2,9,-29,14,-12,-3,-7,16,-13,-15,-10,10,-11,-2,-2,-9,-15,-7,-31,-2,-54,13,-28,-10,-40,-29,-16,1,-43,23,9,12,-38,50,-17,5,-11,-13,-34,5,-40,50,-20,0,-14,-18,-31,6,-9,8,-17,-9,-31,3,-20,-12,-14,-34,-15,-3,-7,-29,-11,3,-4,-12,-23,0,-2,-19,-11,-11,-18,-44,0,-22,11,-16,-6,-11,-10,1,6,-14,-21,0,-8,-19,-1,7,-14,-5,-17,-20,6,-8,-5,-16,-24,-4,-4,-9,5,-15,15,5,0,-7,11,-4,-12,-9,7,-2,-1,-10,7,3,3,-6,0,-22,-10,-1,9,-16,-8,-17,9,1,-2,-13,10,1,-5,-10,9,-6,3,-25,-8,0,-5,-16,-17,-12,-5,6,-12,-10,-5,-6,4,-8,-21,0,-2,7,-26,-11,-11,2,-46,-30,-15,2,-5,-17,-10,1,-1,-16,-11,-3,-2,-18,-18,-10,4,-12,-7,-18,10,-8,4,3,5,-10,-11,-11,-7,0,16,-8,-17,0,-5,-7,15,-2,-7,-3,8,-2,-10,-17,-23,-1,-3,-9,-13,1,-26,-13,-15,8,-23,-6,-24,11,1,9,-24,26,-11,-3,-6,7,-28,-1,-19,8,-5,-10,-8,8,-9,-8,-70,-17,-33,-14,-35,12,-43,35,-43,16,-64,8,-65,19,-25,10,-13,13,-5,-7,-15,3,-23,25,-31,-2,-101,-53,-114,-123,-26,-117,-26,-64,13,-52,-13,-65,46,-45,-20,-39,-38,26,-136,0,-59,45,-26,7,-64,0,-26,51,-104,-103,-129,-227,-160,-105,-182,-175,-47,-76]],[[274595,-119264,132,-301,34,-1,2,23,-9,56,-13,41,-114,158,-32,24]]]
209228	r	23.3688,-6.4824,23.9326,-5.797	[[[233688,-58783,2427,-6040,9,1,223,22,221,36,219,51,214,65,210,79,204,93,198,106,191,118,182,131,4,4,-23,59,30,69,12,9,21,-1,25,-14,30,-44,48,39,-16,11,-9,17,1,15,55,49,13,38,27,12,106,79,61,22,21,21,60,84,-6,-42,30,33,142,173,131,183,118,190,106,198,92,205,79,210,66,214,50,219,37,221,22,224,7,224,-7,224,-22,224,-37,221,-50,219,-66,214,-79,210,-92,205,-106,198,-118,190,-131,183,-142,173,-153,164,-164,154,-173,142,-182,131,-191,118,-198,106,-204,93,-210,79,-214,65,-219,51,-221,36,-223,22,-224,8,-224,-8,-223,-22,-221,-36,-219,-51,-214,-65,-210,-79,-204,-93,-198,-106,-191,-118,-182,-131,-126,-104]]]
212730	n	24.7476,0.0678,25.6392,0.9722	[[[247477,4439,18,-121,107,-431,148,-418,189,-401,226,-380,263,-357,296,-329,326,-298,355,-264,378,-228,398,-190,415,-149,428,-108,436,-65,440,-22,440,22,436,65,428,108,415,149,398,190,378,228,355,264,326,298,296,329,263,357,226,380,189,401,148,418,107,431,65,439,22,443,-22,443,-65,439,-107,431,-148,418,-189,401,-226,380,-263,357,-296,329,-326,298,-355,264,-378,228,-398,190,-415,149,-428,108,-436,65,-440,22,-440,-22,-436,-65,-428,-108,-415,-149,-398,-190,-378,-228,-355,-264,-213,-196,-1360,-4061]]]
214481	n	21.9685,-6.3522,22.8715,-5.4478	[[[219685,-59000,21,-443,65,-439,108,-431,149,-418,190,-401,228,-380,263,-357,298,-329,328,-298,356,-264,380,-228,401,-190,417,-149,430,-108,438,-65,443,-22,443,22,438,65,430,108,417,149,401,190,380,228,356,264,328,298,298,329,263,357,228,380,190,401,149,418,108,431,65,439,21,443,-21,443,-65,439,-108,431,-149,418,-190,401,-228,380,-263,357,-298,329,-328,298,-356,264,-380,228,-401,190,-417,149,-430,108,-438,65,-443,22,-443,-22,-438,-65,-430,-108,-417,-149,-401,-190,-380,-228,-356,-264,-328,-298,-298,-329,-263,-357,-228,-380,-190,-401,-149,-418,-108,-431,-65,-439,-21,-443]]]
217831	r	28.5357,-2.796,29.0515,-2.184	[[[285357,-24900,7,-200,20,-199,32,-198,45,-195,58,-192,70,-187,82,-183,94,-176,105,-170,116,-163,127,-155,136,-146,145,-137,154,-127,162,-117,169,-105,175,-95,182,-82,186,-71,191,-58,193,-45,197,-33,198,-20,199,-6,199,6,129,13,-10,11,-44,227,17,11,7,-4,15,2,12,-17,23,6,11,-6,17,3,23,-15,9,4,4,-8,9,0,4,6,-6,8,20,0,-3,20,16,9,2,16,32,35,27,15,13,0,4,32,19,-5,31,18,6,20,38,31,-6,11,6,10,11,-2,7,24,9,10,32,-7,13,14,-2,5,3,22,17,2,27,48,7,7,20,-1,23,-11,11,-20,20,-17,17,30,10,6,31,-19,9,-13,47,-17,15,14,17,-12,9,12,10,-9,9,12,9,-1,6,-15,14,-12,17,11,16,2,9,-34,15,-5,0,-16,22,-3,4,8,13,-1,6,14,18,3,18,-8,-3,-11,13,0,19,-17,21,28,23,19,6,-23,12,-5,-5,-9,23,0,13,-12,7,1,6,10,10,-6,-11,-9,6,-6,0,-18,-6,-7,19,-11,10,5,12,-6,12,11,-11,4,5,10,34,15,7,-10,17,7,3,-9,-8,-9,6,-8,49,-8,11,-17,25,17,23,0,1,-1,9,5,169,105,139,100,-75,138,-153,170,-205,102,-299,32,-133,52,-373,244,-78,80,68,764,-68,232,-102,105,-113,53,-75,52,-6,33,1,44,14,34,35,48,31,19,45,45,54,11,25,11,40,5,28,21,23,96,18,46,-20,33,-7,-3,-3,-19,-30,-12,-2,-28,-8,-11,-41,-22,-10,1,-2,7,11,18,30,18,2,29,18,20,28,74,-20,-15,-10,-28,-37,-36,-6,-19,-20,-20,-31,-17,-16,-30,-15,-1,-37,-28,-4,3,11,20,-5,10,75,67,-35,122,-101,181,-37,198,-21,214,75,263,141,120,269,93,208,61,173,103,143,144,115,181,76,149,34,108,12,86,103,97,84,30,288,-10,206,55,-109,103,-154,127,-162,117,-169,105,-175,95,-182,82,-186,71,-191,58,-193,45,-197,33,-198,20,-199,6,-199,-6,-198,-20,-197,-33,-193,-45,-191,-58,-186,-71,-182,-82,-175,-95,-169,-105,-162,-117,-154,-127,-145,-137,-136,-146,-127,-155,-116,-163,-105,-170,-94,-176,-82,-183,-70,-187,-58,-192,-45,-195,-32,-198,-20,-199,-7,-200]]]
922773	r	25.1298,-11.0465,25.8102,-10.3735	[[[251298,-107100,7,-220,22,-219,36,-218,51,-214,64,-211,79,-206,92,-201,105,-194,117,-187,130,-179,141,-170,152,-161,163,-150,172,-140,181,-128,189,-117,196,-103,203,-91,208,-78,213,-64,217,-50,220,-36,221,-21,223,-7,223,7,221,21,220,36,217,50,213,64,208,78,203,91,196,103,189,117,181,128,172,140,163,150,152,161,141,170,130,179,117,187,105,194,92,201,79,206,64,211,51,214,36,218,22,219,7,220,-7,220,-22,219,-36,218,-51,214,-64,211,-79,206,-92,201,-105,194,-117,187,-130,179,-141,170,-152,161,-163,150,-172,140,-181,128,-189,117,-196,103,-203,91,-208,78,-213,64,-217,50,-220,36,-221,21,-223,7,-223,-7,-221,-21,-220,-36,-217,-50,-213,-64,-208,-78,-203,-91,-196,-103,-189,-117,-181,-128,-172,-140,-163,-150,-152,-161,-141,-170,-130,-179,-117,-187,-105,-194,-92,-201,-79,-206,-64,-211,-51,-214,-36,-218,-22,-219,-7,-220]]]
922741	n	26.5401,-11.2061,26.9688,-10.7617	[[[265401,-110896,97,-160,134,-178,150,-165,167,-149,180,-132,193,-114,203,-95,211,-75,218,-54,222,-32,224,-11,224,11,222,32,218,54,211,75,203,95,193,114,180,132,167,149,150,165,134,178,116,190,96,201,75,209,55,215,33,219,11,222,-11,222,-33,219,-55,215,-75,209,-96,201,-116,190,-134,178,-150,165,-167,149,-180,132,-193,114,-203,95,-211,75,-75,18,-2417,-3062,-171,-216]]]
204953	n	20.574,-6.6461,21.026,-6.1939	[[[205740,-64200,11,-222,32,-219,54,-215,75,-209,95,-201,114,-190,132,-178,149,-165,164,-149,178,-132,191,-114,200,-95,209,-75,215,-54,219,-32,222,-11,222,11,219,32,215,54,209,75,200,95,191,114,178,132,164,149,149,165,132,178,114,190,95,201,75,209,54,215,32,219,11,222,-11,222,-32,219,-54,215,-75,209,-95,201,-114,190,-132,178,-149,165,-164,149,-178,132,-191,114,-200,95,-209,75,-215,54,-219,32,-222,11,-222,-11,-219,-32,-215,-54,-209,-75,-200,-95,-191,-114,-178,-132,-164,-149,-149,-165,-132,-178,-114,-190,-95,-201,-75,-209,-54,-215,-32,-219,-11,-222]]]
2314705	r	18.4978,-5.3631,19.1422,-4.7207	[[[184978,-50400,7,-211,20,-211,35,-208,48,-206,61,-203,74,-198,87,-192,100,-187,111,-179,123,-172,133,-164,145,-154,153,-145,163,-134,172,-123,179,-112,186,-99,192,-87,197,-75,202,-61,205,-48,208,-35,210,-21,211,-6,211,6,210,21,208,35,205,48,202,61,197,75,192,87,186,99,179,112,172,123,163,134,153,145,145,154,133,164,123,172,111,179,100,187,87,192,74,198,61,203,48,206,35,208,20,211,7,211,-7,211,-20,211,-35,208,-48,206,-61,203,-74,198,-87,192,-100,187,-111,179,-123,172,-133,164,-145,154,-153,145,-163,134,-172,123,-179,112,-186,99,-192,87,-197,75,-202,61,-205,48,-146,24,-3149,-1379,-13,-19,-111,-179,-100,-187,-87,-192,-74,-198,-61,-203,-48,-206,-35,-208,-20,-211,-7,-211]]]
2593460	p	2314302
2312895	n	18.0661,-0.1139,18.4846,0.2761	[[[180661,1635,1634,-1301,1850,-1473,43,40,148,165,131,178,114,190,94,201,74,209,54,215,32,219,11,222,-11,222,-32,219,-54,215,-74,209,-94,201,-114,190,-131,178,-148,165,-163,149,-177,132,-189,114,-200,95,-207,75,-214,54,-218,32,-220,11,-220,-11,-218,-32,-214,-54,-207,-75,-200,-95,-189,-114,-177,-132,-163,-149,-148,-165,-131,-178,-72,-121]]]
2313002	r	13.2477,-5.8865,13.5871,-5.479	[[[132477,-55469,15,-617,943,79,66,-83,349,-258,299,-158,117,-187,349,-237,77,-32,121,-101,-51,-71,-85,-155,-10,-76,-423,-367,-51,-36,-76,-413,1,-516,118,28,25,13,18,16,12,43,27,-5,57,-32,10,0,16,-14,10,2,42,-21,35,5,36,-12,148,11,77,-4,138,12,55,-46,11,18,36,5,43,16,16,-13,17,-5,12,35,10,9,6,2,56,-18,1,-5,16,-19,45,-6,39,7,73,-47,32,-3,31,29,11,1,70,-46,33,3,20,-5,20,-31,-2,-29,67,-62,37,31,40,15,20,-2,16,-10,26,28,18,-5,8,26,45,29,27,-7,9,18,-3,19,5,14,14,8,4,22,-75,499,-110,413,-145,223,-159,87,-1072,2667,-182,-18,-234,-39,-230,-54,-227,-69,-221,-83,-216,-98,-208,-112,-201,-125,-114,-81]]]
204405	r	28.2152,-4.3294,29.3842,-2.7378	[[[282152,-34000,20,-608,59,-605,99,-600,137,-592,176,-582,213,-570,250,-554,285,-536,320,-516,352,-495,384,-470,414,-444,442,-416,467,-385,492,-355,514,-321,534,-287,551,-251,566,-214,580,-176,589,-138,597,-100,602,-59,605,-20,605,20,602,59,597,100,589,138,49,14,-114,881,-56,192,-277,958,-618,1042,-379,410,-152,215,-96,266,-84,1180,105,726,14,98,48,325,19,784,-39,529,256,62,-17,142,-31,97,-34,197,-184,1178,-76,137,15,9,0,14,-8,11,1,40,14,36,-27,48,23,44,41,15,12,27,-32,38,8,9,1,22,-8,10,1,16,-8,30,-19,14,-20,49,-7,81,12,37,8,6,-9,15,8,21,19,8,25,-7,29,28,20,-2,33,17,2,-9,9,-2,8,45,-3,10,8,20,39,22,12,19,9,-5,13,6,15,-2,-2,9,24,21,2,19,-16,24,-2,14,29,12,3,19,-27,39,-44,33,-6,12,-6,13,-2,5,6,20,-19,53,6,22,-1,21,-1,26,-18,46,-14,13,-2,34,-16,23,-4,20,1,3,-1,6,12,27,-10,33,15,16,38,13,4,13,-10,22,3,16,27,13,5,19,-12,31,-15,20,-41,25,-1,17,17,17,-1,9,-13,5,-23,-9,-14,1,-14,11,-2,11,8,37,16,33,-3,37,49,5,21,36,-5,13,-18,15,-43,-1,-5,23,13,21,34,19,2,39,35,25,-3,36,-36,21,-9,15,-1,15,29,9,19,14,14,32,4,30,38,13,10,11,11,64,-3,4,-8,12,1,13,11,6,27,-9,10,8,-6,31,11,45,-9,28,15,7,16,-7,16,-19,11,1,3,18,-27,33,-1,22,41,-22,22,5,10,12,6,47,11,22,12,11,30,3,4,6,-6,15,-36,2,-13,31,-30,4,-18,44,39,21,-1,17,-21,21,-48,23,-5,8,4,7,14,2,8,0,23,2,22,-4,2,19,-19,20,0,12,75,33,2,17,-10,8,-16,-9,-12,2,-3,2,-7,2,-6,8,17,13,5,17,-15,16,4,13,29,18,2,20,-17,42,9,28,-16,28,-67,10,0,13,21,21,3,34,2,2,1,3,16,21,3,15,-22,30,-52,37,-24,26,-45,23,-1,11,19,23,-4,17,-41,9,-25,-3,-29,30,5,8,34,15,11,49,-19,5,-57,-11,-8,10,-9,45,-19,10,-41,-22,-33,-6,-40,15,-60,-14,-32,22,-7,-10,9,-16,-7,-5,-17,5,-64,59,-20,44,-6,34,-58,2,-17,-7,-15,4,-14,44,15,38,-30,45,-34,17,-15,25,-26,-16,-4,-18,-6,-4,-21,-2,-17,-12,-16,5,-29,52,23,15,4,23,30,36,2,16,-20,40,-4,22,-31,53,2,13,18,6,8,12,-18,13,-7,22,17,48,-22,0,-38,25,-35,66,-38,23,-14,15,-24,-24,-85,28,-24,64,-77,40,-10,30,-25,29,-42,-11,-23,3,-97,53,-27,30,-21,1,-18,-25,-15,-2,-32,16,-11,28,-32,1,-16,66,-44,74,-9,41,-10,11,5,17,-4,20,15,50,-6,29,44,79,-18,44,3,19,-24,44,-6,2,-13,-19,-21,-5,-35,43,-56,15,-10,29,-11,11,-43,-10,-13,6,-13,36,1,8,21,18,-13,19,-29,13,-5,14,10,20,20,8,-7,30,-17,24,-19,-10,-19,11,-12,18,8,40,-17,46,-24,24,-1,23,-58,35,-12,61,-13,8,-34,6,-37,-26,-2,-9,-27,-16,-3,-1,-5,-2,-15,-4,-31,3,-6,-14,-8,-4,-21,-6,-21,4,-5,-1,-4,2,-3,0,-1,2,-5,3,-14,27,-14,2,-15,14,-26,6,-28,-11,-44,13,-5,3,-9,3,-51,35,-3,4,-2,2,-15,23,-21,33,-1,5,-2,2,-3,22,7,41,-13,40,-1,123,1,3,0,10,17,44,5,6,7,-1,5,2,-7,39,11,9,-18,20,-19,-3,-10,8,-18,13,0,21,-23,7,0,15,-17,29,-12,6,12,43,-2,19,-3,3,-20,-10,-5,6,8,14,-9,12,-23,0,-25,-17,-11,17,-49,8,-6,8,8,9,-3,9,-17,-7,-7,10,-34,-15,-5,-10,11,-4,-12,-11,-12,6,-10,-5,-19,11,6,7,0,18,-6,6,11,9,-10,6,-6,-10,-7,-1,-13,12,-23,0,5,9,-12,5,-6,23,-23,-19,-21,-28,-19,17,-13,0,3,11,-18,8,-18,-3,-6,-14,-13,1,-4,-8,-22,3,0,16,-15,5,-9,34,-16,-2,-17,-11,-14,12,-6,15,-9,1,-9,-12,-10,9,-9,-12,-17,12,-15,-14,-47,17,-9,13,-31,19,-10,-6,-17,-30,-20,17,-11,20,-23,11,-20,1,-7,-7,-27,-48,-17,-2,-3,-22,2,-5,-13,-14,-32,7,-9,-10,-7,-24,-11,2,-6,-10,6,-11,-38,-31,-6,-20,-31,-18,-19,5,-4,-32,-13,0,-27,-15,-32,-35,-2,-16,-16,-9,3,-20,-20,0,6,-8,-4,-6,-9,0,-4,8,-9,-4,-23,15,-17,-3,-11,6,-23,-6,-12,17,-15,-2,-7,4,-17,-11,44,-227,62,-66,27,-54,-71,-177,71,-235,-38,-61,-100,-54,-28,-81,-26,-140,-16,-185,-7,-278,-36,-170,-148,-274,-120,-264,-98,-18,-73,18,-73,90,35,-169,-5686,-1865,-63,-274,-99,-600,-59,-605,-20,-608]]]
217695	r	29.9489,1.2569,30.5511,1.863	[[[299489,15600,7,-198,19,-197,32,-196,45,-193,57,-190,70,-185,81,-181,93,-175,104,-168,115,-161,125,-154,134,-144,144,-136,152,-126,160,-115,168,-105,173,-93,180,-82,184,-70,189,-58,192,-45,194,-32,196,-19,197,-7,197,7,196,19,194,32,192,45,189,58,184,70,180,82,173,93,168,105,160,115,152,126,144,136,134,144,125,154,115,161,104,168,93,175,81,181,70,185,57,190,45,193,32,196,19,197,7,198,-7,198,-19,197,-32,196,-45,193,-57,190,-70,185,-81,181,-93,175,-104,168,-115,161,-125,154,-134,144,-144,136,-152,126,-160,115,-168,105,-173,93,-180,82,-184,70,-189,58,-192,45,-194,32,-196,19,-197,7,-197,-7,-196,-19,-194,-32,-192,-45,-189,-58,-184,-70,-180,-82,-173,-93,-168,-105,-160,-115,-152,-126,-144,-136,-134,-144,-125,-154,-115,-161,-104,-168,-93,-175,-81,-181,-70,-185,-57,-190,-45,-193,-32,-196,-19,-197,-7,-198]]]
2316702	r	12.6171,-6.0117,13.4813,-5.3964	[[[126171,-57487,33,-42,-8,-17,16,-16,0,-17,34,-33,16,-34,-8,-25,17,-16,0,-59,25,-25,8,-66,17,-25,0,-34,33,-33,-8,-17,8,-16,-8,-25,8,-17,0,-25,67,-50,16,-33,0,-59,34,-33,0,-58,25,-42,0,-42,75,-66,0,-125,41,-50,17,-34,0,-25,19,-41,14,-59,9,-8,-9,-50,34,-42,0,-16,-34,-25,84,-155,11,-33,28,9,19,-17,-14,-51,-1,-62,18,-142,12,-38,18,10,86,88,25,3,41,24,31,10,22,1,5,-1,5,-1,20,-8,22,-24,36,-280,-5,-8,-42,-3,-22,13,-26,-8,2,-11,25,-11,-36,-38,3,-39,-27,-23,5,-38,-23,-19,-17,-51,-16,-9,-53,11,-5,-7,3,-18,-59,-4,-3,-19,29,-23,-2,-6,-18,-3,-13,-10,14,-33,-6,-32,-8,-9,-27,-5,-14,-16,-127,-144,242,39,276,63,173,0,81,9,76,25,89,51,128,43,123,29,89,43,68,55,89,59,76,72,89,64,68,68,80,123,56,64,93,67,85,30,110,17,585,47,174,25,306,136,144,72,68,68,68,80,97,73,140,42,89,17,85,0,89,-17,132,-47,110,-12,42,-13,43,-26,38,-42,38,-102,136,-140,34,0,114,43,64,38,140,110,208,93,195,34,178,72,157,26,148,-38,98,0,89,-17,72,-21,89,-39,174,-51,55,-33,98,-98,63,-25,229,-34,60,-26,140,-89,38,0,34,26,38,42,93,246,30,51,46,21,51,0,111,-25,63,8,72,24,-1,516,76,413,51,36,423,367,10,76,85,155,51,71,-121,101,-77,32,-349,237,-117,187,-299,158,-349,258,-66,83,-943,-79,-15,617,-37,1505,-5842,-684,195,-1651,-39,-38,0,-67,-16,-33,-30,-30,-30,-75,9,1,47,17,26,0,5,-13,2,-51,-12,-40,-44,-72,-6,-7,-13,-20,-95,-105,-12,-46,-2,-16,7,-35,189,-281,8,-33,-2,-7,1,-5,-4,-11,-3,-11,-4,-6,-2,-4,-7,-9,-39,-4,-40,-24,-386,-74,-21,-10,-85,-13,-24,-14,0,-52]]]
8461573	n	22.6421,-10.0461,23.0979,-9.5939	[[[226421,-98200,11,-222,33,-219,54,-215,75,-209,96,-201,115,-190,133,-178,150,-165,166,-149,180,-132,192,-114,202,-95,210,-75,217,-54,222,-32,223,-11,223,11,222,32,217,54,210,75,202,95,192,114,180,132,166,149,150,165,133,178,115,190,96,201,75,209,54,215,33,219,11,222,-11,222,-33,219,-54,215,-75,209,-96,201,-115,190,-133,178,-150,165,-166,149,-180,132,-192,114,-202,95,-210,75,-217,54,-222,32,-223,11,-223,-11,-222,-32,-217,-54,-210,-75,-202,-95,-192,-114,-180,-132,-166,-149,-150,-165,-133,-178,-115,-190,-96,-201,-75,-209,-54,-215,-33,-219,-11,-222]]]
217562	r	28.9671,-0.1851,29.6129,0.3799	[[[289671,1400,7,-213,20,-211,35,-210,48,-207,61,-204,74,-199,88,-194,99,-188,112,-180,123,-173,134,-165,145,-155,154,-145,163,-135,172,-124,179,-113,187,-100,192,-88,198,-75,202,-61,206,-49,208,-34,211,-21,211,-7,211,7,211,21,208,34,206,49,202,61,198,75,192,88,187,100,179,113,172,124,163,135,154,145,145,155,134,165,123,173,112,180,99,188,88,194,74,199,61,204,48,207,35,210,20,211,7,213,-7,213,-20,211,-27,161,-3375,1728,-1978,86,-105,-100,-145,-155,-134,-165,-123,-173,-112,-180,-99,-188,-88,-194,-74,-199,-61,-204,-48,-207,-35,-210,-20,-211,-7,-213]]]
215771	n	27.3952,2.5439,27.8448,2.9962	[[[273952,27700,10,-222,33,-219,53,-215,75,-209,94,-201,114,-190,131,-178,148,-165,164,-149,177,-132,189,-114,200,-95,207,-75,214,-54,219,-32,220,-11,220,11,219,32,214,54,207,75,200,95,189,114,177,132,164,149,148,165,131,178,114,190,94,201,75,209,53,215,33,219,10,222,-10,222,-33,219,-53,215,-75,209,-94,201,-114,190,-131,178,-148,165,-164,149,-177,132,-189,114,-200,95,-207,75,-214,54,-219,32,-220,11,-220,-11,-219,-32,-214,-54,-207,-75,-200,-95,-189,-114,-177,-132,-164,-149,-148,-165,-131,-178,-114,-190,-94,-201,-75,-209,-53,-215,-33,-219,-10,-222]]]
212902	r	24.3394,-4.3173,27.4413,-1.0913	[[[243394,-15554,6937,-27619,787,395,9051,4535,2,11,3,160,9,58,15,53,88,212,6,90,10,38,94,200,22,89,0,36,-4,25,-70,166,-36,137,-88,170,-82,303,-12,104,-113,299,-75,95,-39,35,-61,43,-132,66,-112,108,-64,41,-36,30,-56,61,-35,82,-130,148,-56,112,-120,182,-26,50,-11,70,-18,65,-131,232,-14,53,-11,253,-35,67,-38,107,-4,50,8,158,-48,348,-4,58,5,76,145,-99,89,-134,91,-80,135,-30,49,-51,57,-83,87,-30,129,147,158,60,176,-5,295,-52,101,-257,122,-845,121,-542,78,-512,-29,-252,8,-35,4,7,17,1,2,-8,43,-28,-3,-16,22,-21,42,-4,16,-24,-9,-3,1,-11,20,-12,6,34,7,0,19,21,16,-5,-7,-23,15,-12,1,-13,16,-25,14,-4,-10,49,6,10,21,-2,12,-21,17,8,4,6,-7,6,-15,-1,-4,26,9,2,20,-10,8,2,-2,19,-9,16,4,4,59,-35,26,0,6,5,-11,21,4,12,13,4,1,-24,36,-14,26,1,19,25,-3,21,11,4,-5,7,10,1,61,-16,-1,-32,6,-2,22,23,15,5,13,-3,0,-17,34,4,54,-27,11,-25,10,-5,19,15,19,3,4,19,9,3,22,-18,34,17,4,-4,-13,-30,15,-6,24,16,12,21,39,15,18,28,12,-4,42,8,1,8,-13,11,4,28,43,-28,25,-949,-17,-279,12815,6420,-2285,14755,-10928,5439,-16759,-3520,-66,-61,-937,-1007,-44,-53]]]
215527	r	23.0156,-7.995,26.2783,-4.6009	[[[230156,-67903,17,-51,11,-11,13,-2,45,13,45,-1,34,14,27,-2,20,-15,28,-44,109,-92,54,-94,40,-38,9,-61,17,-29,31,-11,13,-14,1,-19,-57,-112,2,-21,61,-62,38,-71,44,-5,36,-32,34,-10,7,-19,-1,-37,7,-12,21,-4,21,16,19,4,37,-18,105,-13,70,-36,124,-33,47,-24,22,9,19,47,32,19,16,33,19,6,34,-13,28,-30,-14,-47,2,-49,30,-38,-6,-69,5,-17,47,-20,19,-43,22,-25,13,2,22,33,41,-9,28,-56,-6,-42,5,-22,14,-15,51,-26,59,1,43,-24,37,15,20,-1,46,-36,26,-55,14,-14,16,-4,90,9,36,12,15,-6,16,-29,11,-6,30,17,21,30,22,12,43,-7,39,-25,18,3,8,11,2,37,8,20,19,20,27,12,18,-1,92,196,115,190,132,178,149,165,165,149,178,132,190,114,201,95,209,75,216,54,219,32,222,11,222,-11,219,-32,216,-54,209,-75,201,-95,190,-114,178,-132,165,-149,149,-165,132,-178,115,-190,94,-201,50,-138,2,3,136,20,222,11,222,-11,220,-32,215,-54,209,-75,201,-95,190,-114,179,-132,164,-149,150,-165,132,-178,114,-190,95,-201,75,-209,54,-215,33,-219,10,-222,-10,-222,-33,-219,-54,-215,-75,-209,-95,-201,-114,-190,-132,-178,-150,-165,-164,-149,-179,-132,-190,-114,-201,-95,-209,-75,-215,-54,-220,-32,-222,-11,-222,11,-220,32,-215,54,-209,75,-201,95,-190,114,-179,132,-164,149,-150,165,-132,178,-114,190,-95,201,-50,138,-1,-3,-136,-20,-222,-11,-222,11,-219,32,-216,54,-209,75,-201,95,-190,114,-178,132,-165,149,-149,165,-132,178,-115,190,-94,201,-37,102,-38,-43,-4,-15,2,-16,13,-21,-6,-51,14,-13,26,-1,13,-11,-22,-37,5,-32,-5,-25,-16,-7,-29,0,-39,-27,14,-25,-23,-37,23,-33,0,-29,-37,-29,-20,-30,-2,-16,14,-52,-42,-27,2,-9,15,-10,-8,-34,-1,-54,-4,-13,-15,-9,-8,-21,13,-8,20,10,4,-8,-29,-28,4,-18,31,-6,58,-29,19,3,17,15,13,0,33,-26,27,-10,6,-21,-2,-16,-44,-51,-9,-24,1,-24,2,-15,16,-21,-9,-17,5,-16,-10,-40,4,-14,20,-40,25,-25,7,-26,22,3,4,-6,-32,-27,-6,-13,0,-105,25,-20,-29,-24,22,-38,22,-1,8,-10,-25,-19,-19,-29,1,-17,21,-8,4,-18,-28,-22,6,-37,-36,-52,7,-12,31,20,9,-8,-5,-40,-14,-28,2,-56,-9,-28,3,-10,20,-7,6,-9,-28,-40,8,-30,-14,-44,5,-25,21,-26,-17,-68,-27,-21,3,-10,16,-11,-18,-36,0,-84,-15,-33,-1,-32,-18,-24,-1,-28,-8,-25,-1,-29,20,-23,1,-13,-15,-46,-30,-23,-6,-21,55,-33,20,6,0,-17,7,-5,26,6,8,-10,1,-32,6,-8,6,2,-2,12,7,13,15,10,8,-16,-3,-16,9,-9,37,7,26,-4,-5,-19,21,-32,-14,-32,12,-69,11,-12,24,-9,37,-1,15,-15,-2,-30,-59,-43,12,-39,-6,-32,-17,-13,11,-35,-16,-19,6,-10,21,-3,3,-10,-8,-5,-17,7,-13,-8,11,-29,-33,-39,-30,-2,-6,-38,-21,9,-22,-3,-3,-12,14,-27,-3,-33,-45,-38,-11,-24,1,-33,-22,-12,6,-25,37,-15,21,-71,17,-15,12,-3,5,6,-6,17,6,11,24,7,17,-9,23,-24,1,-9,-24,-8,-3,-12,4,-16,22,-24,1,-36,17,-40,-4,-29,34,-32,5,-22,25,-6,4,-20,-7,-25,-35,-25,-7,-41,2,-25,-45,-43,-9,3,-4,10,-14,-4,7,-45,12,-25,-11,-7,-11,-19,-45,-19,-2,-21,-35,-21,0,-14,-15,-15,0,-8,27,-22,2,-10,-48,-20,14,-18,-15,-32,-29,-16,-31,-50,-39,5,-39,-21,-40,-8,-6,-13,19,-30,-7,-11,-50,-27,-25,18,-11,-5,2,-10,30,-24,14,-46,-7,-85,-5,-13,-26,-19,-2,-14,4,-7,22,-6,7,-39,12,-22,32,-8,3,-6,1,-13,-14,-16,22,-13,-4,-14,7,-33,11,-5,2,-7,3,-31,-12,-33,3,-5,28,-6,1,-7,-15,-38,42,-25,28,-50,21,-8,-1,-48,-30,5,-13,-8,-6,-53,16,-23,-1,-20,-39,-16,-20,-28,-41,-34,3,-5,27,-1,10,-10,3,-9,-24,-37,15,-2,19,-18,10,-2,22,17,11,-22,-7,-10,-21,-8,-5,-12,2,-29,-16,-29,5,-79,17,-12,-1,-7,-23,-17,-3,-21,7,-28,30,-20,20,-5,22,-20,-12,-26,17,-29,-22,-24,-2,-10,14,-20,23,-16,1,-9,-23,-35,2,-26,12,-21,1,-30,-14,-19,4,-25,14,-20,-14,-16,-6,-24,-17,-30,-21,-6,-18,17,-9,0,-24,-15,-7,-12,15,-31,-2,-28,-15,-24,-32,-6,-10,-10,11,-15,-15,-40,7,-28,-20,0,-18,-8,6,-21,-14,-21,3,-6,23,3,17,-15,42,-11,7,-55,-63,-67,-1,-54,-5,-8,-29,-25,-12,-2,-13,14,-10,-5,-1,-19,15,-16,-21,-2,6,-64,-27,-84,-45,-45,-16,-30,-11,-49,-39,-17,-13,-27,-9,-7,-34,-6,-12,-14,11,-50,-4,-52,-26,-31,3,-13,5,-14,-4,-40,33,-74,-10,-5,-30,16,-13,-8,4,-9,15,-7,-12,-42,1,-16,-24,-26,-30,-18,-13,-23,19,-56,13,-26,17,-17,6,-67,20,-6,16,24,13,5,12,-20,13,-4,-23,-16,-3,-11,15,-45,-22,-8,-6,-9,2,-10,26,-32,-12,-83,-36,-38,-1,-10,5,-18,23,8,5,-5,-7,-40,8,-36,-2,-32,-24,-15,-29,12,-72,-70,1,-9,17,-16,-10,-14,5,-19,-12,-17,28,-7,8,-12,0,-36,-5,-6,-9,2,-3,19,-19,-19,-15,14,-11,-10,2,-7,14,-12,-18,-12,26,-12,2,-9,-16,-18,3,-5,34,-3,9,-9,-2,-30,-11,16,-27,-4,31,-51,10,-6,-9,-8,-19,11,-7,-12,11,-12,-3,-44,21,-42,-5,-35,3,-16,27,-36,-13,-34,38,-2,5,10,7,2,7,-9,29,13,60,-4,34,18,20,2,9,-4,6,-13,-4,-16,6,-3,13,10,13,-14,13,16,9,-3,-6,-24,-7,-2,4,-28,9,-11,-14,-1,-15,-16,30,-4,3,-7,-21,-32,2,-14,4,-3,7,4,9,-20,-14,-12,0,13,-6,2,-7,-14,-14,-8,12,-7,-1,-20,-8,-8,8,-15,-17,-22,6,-8,7,8,12,-4,-8,-17,12,-5,-2,-18,-41,-7,-5,-9,4,-4,19,5,8,-10,-3,-10,6,-28,18,-26,10,0,9,11,17,-9,2,-4,-9,-3,3,-52,13,7,7,-13,13,6,-4,-7,6,-10,12,-7,7,-1,-1,4,15,10,12,-6,-2,-6,6,-3,18,19,17,-2,15,6,-2,6,14,4,8,14,20,7,4,7,3,-5,2,5,6,-3,-1,12,15,-2,12,-10,2,9,13,1,9,-13,10,-1,3,-6,-7,-2,11,-1,-2,-7,6,-5,15,10,-2,-17,14,-7,5,-18,12,0,2,-20,8,-4,6,-19,14,0,-12,-10,0,-14,14,1,2,6,16,-16,31,7,16,-17,16,-5,0,-10,7,4,6,-15,9,2,6,-7,13,2,9,16,31,6,25,-13,-5,-11,7,-22,27,-9,25,0,14,-20,11,3,8,15,8,-2,9,-21,6,2,-3,-6,10,-5,7,-22,11,-10,5,6,5,-13,9,5,0,-13,7,-6,3,3,9,-15,-10,-6,2,-5,18,-2,1,10,38,25,71,0,25,9,42,-11,17,6,6,22,15,15,26,-9,104,108,19,9,21,0,25,31,10,27,71,79,216,-47,110,-120,89,1,19,81,86,80,126,-40,114,28,140,-152,158,-14,134,5,90,3,161,-53,105,-98,102,13,119,41,19,22,49,36,50,22,59,8,19,11,34,24,15,29,21,22,75,54,35,70,44,42,31,16,106,11,109,56,59,0,3,6,23,-38,49,-34,140,49,222,-251,67,-27,18,-19,22,-35,1,-43,324,-49,24,12,22,-3,24,-19,11,-19,33,-10,-1,-8,37,-17,53,-45,9,13,28,11,-13,20,14,19,-8,6,3,12,-1,2,-14,25,1,8,-1,2,0,1,1,4,2,4,0,1,0,1,1,4,1,0,1,2,1,-2,9,1,1,18,25,14,6,20,21,20,0,5,-14,6,9,10,-4,8,5,15,-23,11,7,13,15,0,9,23,-12,41,8,38,-12,3,20,41,12,3,24,24,-14,5,-4,15,-7,0,-4,11,18,12,-10,5,29,29,4,20,9,2,-8,5,10,2,-2,5,7,-5,9,10,7,30,-5,4,8,11,5,-1,13,18,22,5,8,19,10,1,-1,8,11,3,4,15,-12,5,5,3,1,20,22,13,-5,8,-6,-1,-2,32,66,35,4,16,116,-64,69,-110,18,-112,125,23,73,-42,-23,-123,36,-90,115,-20,136,64,157,8,174,77,-5,-144,88,16,137,55,55,101,50,175,74,220,132,147,83,53,53,5,88,-7,57,-30,7,-29,18,-18,18,-40,77,7,152,-15,35,-24,27,-31,47,-12,13,-16,24,-2,24,8,1,16,16,12,10,-8,21,16,0,7,9,-1,2,16,15,4,11,16,29,19,33,48,82,48,6,34,-47,39,-7,20,-24,17,0,3,-3,3,-11,61,0,1,-31,27,-7,42,50,54,28,76,-3,40,34,56,-10,18,-2,31,-17,10,-4,5,-2,2,-1,1,-1,3,-9,13,0,5,0,2,14,56,-5,9,2,2,0,1,2,1,25,-17,25,7,8,26,2,10,-1,5,-27,12,-15,20,28,44,1,10,34,31,1,6,0,1,-3,10,-12,22,-6,8,-2,7,-1,2,0,1,-7,31,13,18,-18,35,-7,7,-47,36,-18,9,-6,10,-2,1,0,1,-2,4,-1,8,-2,11,-13,22,-10,112,-64,45,-11,59,-56,70,-21,18,-4,25,-27,33,-22,50,-2,4,-1,2,2,14,13,21,-15,18,-30,8,-15,32,-6,34,-35,23,-3,5,-2,2,-1,2,-1,3,1,26,14,24,-20,25,-15,38,0,4,-3,8,1,14,0,18,4,5,1,5,54,57,-4,35,15,26,1,25,7,20,5,8,2,5,25,34,32,27,-15,25,-21,10,-35,-1,-28,21,-7,15,0,15,17,20,31,6,40,26,9,30,-20,90,10,35,0,34,-54,103,-10,48,20,38,56,6,14,10,8,31,18,30,-4,21,-20,14,-45,1,-14,17,-2,22,21,59,-3,15,42,25,2,34,17,25,4,38,24,57,-3,17,-46,79,-9,117,-31,34,-46,0,-23,11,-6,25,5,13,26,13,21,38,80,71,4,26,-13,26,10,31,-3,26,-6,19,-26,22,5,34,-5,15,-39,46,-4,19,7,23,30,30,46,14,18,23,39,29,42,5,30,12,9,12,6,18,0,41,8,20,-25,22,-3,14,30,31,15,36,22,28,38,21,6,12,-12,26,-40,9,-1,11,33,32,12,32,64,42,2,15,-14,15,-34,14,-3,10,7,10,25,13,0,10,-13,11,-8,20,2,7,21,15,38,14,1,33,-11,55,20,22,1,20,13,30,48,60,7,23,-3,35,17,26,-5,44,-24,58,2,11,13,11,6,25,26,27,1,34,-16,83,-18,36,29,25,-8,15,-2,33,17,24,89,57,22,22,57,12,5,9,56,1,50,23,10,10,18,103,-3,10,-17,14,-62,27,-15,29,3,15,-11,32,-42,48,-20,4,-49,-10,-115,6,-44,10,-12,17,-31,10,-7,7,-6,42,8,20,3,38,-12,26,-17,9,-12,16,-1,31,26,67,72,48,2,18,22,21,1,8,-28,37,13,21,38,27,12,33,-9,15,-19,11,-17,41,8,46,37,89,-15,55,32,54,47,18,10,10,-26,61,-45,80,-20,17,-43,13,-30,23,-10,47,-45,16,-6,64,-18,27,-9,34,5,26,20,44,-17,53,-26,32,0,15,19,24,93,20,53,50,17,3,11,-10,5,-16,23,-9,46,68,4,17,-16,28,-10,49,6,6,20,-7,19,4,26,42,21,15,92,31,6,67,25,16,36,7,17,21,14,26,32,37,45,121,2,22,29,42,0,20,24,63,41,27,4,11,-12,19,7,14,31,24,33,39,70,26,1,12,12,14,38,9,13,22,-10,51,30,56,-4,44,45,96,24,12,24,26,10,39,45,99,19,14,132,-9,48,-27,57,17,42,-24,57,6,84,-6,31,14,68,4,22,34,28,109,1,36,20,39,15,12,45,-10,40,-37,32,-3,29,21,13,30,-7,49,8,76,25,26,7,24,-9,46,13,40,-2,20,-41,56,-33,6,-41,22,-54,64,-3,29,17,19,47,13,82,35,44,29,35,39,5,21,-103,73,-24,42,-26,102,-31,54,-18,2,-44,-17,-39,-4,-19,8,-14,48,-21,37,-1,25,27,17,48,13,86,-7,49,10,32,-1,36,-11,19,3,76,88,9,47,-8,16,-12,13,-28,8,-62,65,-4,31,28,103,-1,18,-12,17,20,9,3,1,18,7,22,3,37,-28,20,20,32,-29,7,4,0,19,1,1,1,3,11,2,20,-24,27,4,30,-22,82,-8,27,-24,25,4,9,-12,-18,-18,1,-21,40,16,12,2,9,-7,2,-6,-16,-17,-10,-26,21,-21,15,-1,3,-7,-8,-29,6,-7,37,-18,11,19,26,7,30,-35,29,-15,-11,-28,19,-2,22,-19,25,-62,-6,-26,17,-11,12,-30,54,-43,4,-30,-3,-30,13,-14,3,-19,32,-64,21,-16,23,-51,-1,-41,-29,-15,-16,-26,2,-28,13,-26,41,-52,-3,-35,-8,-16,-35,-30,-31,-8,-5,11,-13,4,-12,-35,-3,-37,-22,-3,-8,-8,10,-3,-4,-20,15,0,19,-13,7,2,-2,-6,5,1,8,-14,13,5,0,-14,2,10,23,-12,1,6,10,-5,10,12,11,0,2,-5,-11,-4,11,-2,2,-7,9,3,0,-3,3,0,-3,-3,-1,-8,1,-2,0,-3,8,-1,3,-7,9,-3,6,8,13,-12,1,12,23,-18,5,8,10,-3,-3,6,18,10,24,0,1,0,7,-1,6,-6,4,-2,-1,-1,1,-1,-3,-3,-1,-3,9,-3,1,7,15,-3,0,8,10,-3,0,8,11,5,1,-10,10,7,18,-9,-2,16,15,-4,-1,7,16,9,7,-6,6,7,7,-7,9,5,4,-6,26,-7,7,18,3,-12,21,18,43,4,1,-1,2,0,18,-12,14,-25,11,-7,-1,-15,23,-38,21,-7,22,22,13,-6,7,-5,-1,-22,6,-4,10,3,11,-9,24,13,17,-27,12,4,11,-8,21,3,10,-21,12,-6,10,14,19,-38,11,-5,21,12,9,-3,29,11,31,5,9,-5,26,7,11,-12,-14,-21,-1,-10,14,-6,-10,-14,8,-13,8,-7,17,6,17,-30,17,1,9,10,14,-8,7,-8,-10,-8,0,-11,13,-8,5,-19,6,-5,8,3,11,-13,4,-12,13,-3,1,-9,16,-4,42,-31,23,17,6,-11,11,2,3,-8,22,9,8,-6,0,-15,21,-9,11,1,34,-25,40,12,23,18,10,-3,23,11,12,-3,11,-16,32,-15,25,0,16,-25,19,4,12,-17,-8,-15,14,-37,14,2,-3,-35,9,-5,22,10,23,-7,8,-20,14,-16,-7,-14,8,-4,7,21,20,-26,21,11,11,19,13,-3,9,-13,23,19,13,3,7,17,53,42,-5,18,3,22,19,51,19,20,57,29,92,31,47,-19,22,-29,960,-231,233,841,-2,-12,10,-13,-9,-18,0,-6,11,-5,-4,-15,8,-8,42,-9,3,-20,19,-17,8,-24,24,-37,-7,-33,23,-13,31,-67,44,-48,958,380,-22,25,-46,24,-22,34,15,39,-12,12,-2,19,28,56,-9,16,-20,40,11,14,57,-1,55,36,18,25,0,17,-30,10,-6,17,19,3,12,-16,15,17,10,-6,4,-17,5,-3,11,10,12,-18,13,7,41,-36,-6,-14,10,-5,5,16,10,-15,-3,11,18,12,-3,-8,4,-4,13,14,11,-8,-1,17,5,1,6,-15,19,24,9,-21,22,39,7,0,1,-19,9,-5,19,13,41,10,18,-16,1,0,5,-5,5,-12,2,12,24,6,-4,8,-1,2,19,-9,0,12,1,11,8,1,18,22,11,-1,5,-8,12,4,1,4,-17,7,-4,17,40,1,-11,16,3,21,10,5,10,-9,11,0,7,3,8,23,32,12,-13,18,22,54,19,0,20,28,22,6,-1,13,10,-2,3,-15,17,18,15,-9,4,9,-12,14,4,8,21,5,12,-28,14,7,10,16,-29,36,-8,26,43,-6,38,7,7,15,-21,9,0,9,21,40,42,28,27,3,10,12,2,15,-8,10,-27,7,17,23,0,7,-11,2,1,7,26,-5,339,-294,8685,-1942,832,1236,-278,7479,27,89,38,14,102,-59,236,101,77,101,123,46,367,55,132,68,124,123,99,134,-24,68,56,41,121,7,21,-149,11,-175,32,-72,229,-7,230,-75,398,-9,146,-12,92,-27,72,3,154,-45,71,-3,15,-71,119,-190,98,-45,25,-34,36,-21,52,-18,0,-52,96,-75,24,-10,1,-19,12,-19,57,-21,29,-2,82,22,33,-38,22,-49,28,-33,115,-23,33,-37,39,30,107,33,29,98,-12,78,38,41,105,55,12,50,26,41,30,33,40,18,47,51,2,37,27,70,26,31,71,52,61,5,29,-12,48,-29,22,-29,58,-46,80,-50,143,-19,137,45,177,110,68,-33,46,-3,49,-13,53,0,55,-11,1,37,-25,73,-12,58,-12,32,-16,14,-9,19,-11,68,-28,37,12,42,-4,18,-16,19,-19,9,-21,-5,-41,17,-35,30,-8,10,1,13,-42,45,-3,20,8,17,-5,14,6,17,-12,10,-3,16,19,33,-2,31,9,8,-3,10,-22,22,-5,18,10,43,16,29,-30,9,-6,11,2,16,20,14,-6,4,7,21,-13,-12,0,-7,-16,-3,-18,-13,-32,2,-1,-16,-27,14,-21,-14,-5,-14,-67,3,-32,27,-21,55,-35,34,-8,15,5,25,-33,24,0,11,8,-1,-3,6,-23,8,-108,78,0,20,-15,-7,-15,14,-53,8,-68,28,-5,-7,-18,1,-2,6,-7,37,14,-3,10,10,11,0,19,20,-28,40,61,140,-10,74,17,12,30,-6,25,14,-77,46,-24,56,-12,13,6,32,-21,-17,-19,-2,-28,27,-14,-4,-25,11,-12,13,-1,18,-32,18,-8,19,25,7,-32,25,1,39,17,4,72,-20,4,8,-48,22,-22,21,-38,12,-3,15,20,21,-4,12,9,8,-7,21,-19,3,-14,-16,-16,2,-17,41,-53,29,-21,-2,-7,20,3,23,-12,19,-27,20,-14,43,22,37,30,11,9,13,23,-7,29,7,35,-6,20,22,5,12,-7,36,4,14,12,10,1,64,-13,24,-29,28,15,1,3,9,34,-6,25,17,9,-15,8,5,7,-4,9,13,9,1,3,15,14,18,-10,25,15,18,4,29,-14,49,4,12,-13,13,2,9,-19,52,-17,-12,-25,9,-6,8,142,79,56,63,8,17,-20,15,-15,-4,-14,-16,-20,0,-16,16,-36,18,-8,12,-19,-12,-5,3,-10,-15,-9,3,1,30,-11,2,-9,15,-17,1,-22,20,-10,1,-17,21,-16,-4,-26,15,-7,12,6,20,-7,10,-60,23,5,-31,-2,-7,-8,1,-15,16,-15,39,-18,2,-22,26,-10,-1,5,25,41,16,13,39,21,0,19,22,3,31,15,36,20,23,4,21,-11,13,4,5,-17,3,-7,13,38,1,-11,8,-8,-3,1,9,-10,-1,0,14,-8,10,7,7,33,-12,5,11,-17,4,-11,18,-40,-13,-15,20,-7,0,-4,22,-50,-7,-7,-9,-10,4,-15,-19,-34,-13,-18,2,-14,-8,0,65,-8,4,5,2,9,43,-10,23,5,26,-25,12,-12,32,15,29,28,2,-2,17,6,10,-14,19,-12,53,-25,2,-15,30,16,-2,16,-17,5,4,1,12,-22,7,-2,11,14,25,30,10,12,28,-2,11,-29,12,-4,22,6,2,1,14,25,8,-2,20,25,2,9,21,6,50,16,42,25,13,29,-3,35,6,8,10,4,-9,18,-2,6,-7,35,6,14,-8,13,4,2,9,12,7,8,-4,-1,-8,11,-2,15,7,20,-6,7,6,16,-4,18,-31,16,-8,9,-18,9,0,28,-42,6,3,11,-6,11,-20,34,-19,27,-32,12,-4,1,-17,24,-10,4,-24,-12,-24,7,-10,-5,-29,25,-23,12,3,4,-20,9,-6,5,3,23,-31,12,-1,4,21,12,3,3,13,36,-36,7,9,10,-3,50,61,2,24,-5,13,31,54,21,47,1,19,12,17,51,42,49,-4,15,36,17,14,0,15,-27,29,-44,8,-18,-6,-10,17,-16,-11,-14,3,-83,69,11,37,23,11,12,23,3,8,-7,4,-22,3,8,11,25,8,-2,34,11,40,35,15,21,71,21,44,26,44,13,5,53,63,13,2,14,-17,19,0,4,16,16,10,7,18,9,1,8,-1,27,-28,30,-1,14,26,7,2,6,18,-14,5,-1,6,-34,2,-20,11,-11,18,-48,19,-111,-49,-27,9,-30,22,-8,10,4,5,-16,18,-80,38,-79,-3,-11,-11,-45,-18,-61,-8,-38,-10,-19,-11,-20,5,-102,-27,-12,7,-51,4,-32,21,-45,120,-21,6,-7,8,-18,-2,-23,39,-35,17,-17,33,-45,41,-6,24,7,15,-22,34,5,10,-5,36,-36,43,1,19,-13,2,-29,26,5,13,22,13,-7,9,11,8,-30,18,-2,14,13,23,-17,18,43,57,7,43,-6,3,-3,14,-21,15,0,19,15,48,-8,34,-14,10,-6,18,-9,6,10,19,4,47,-11,6,9,25,-5,4,9,12,-7,8,8,47,26,30,3,14,-5,8,21,40,-4,14,6,5,-17,13,-5,12,15,6,9,13,24,4,19,17,5,-5,19,2,16,27,22,13,-1,20,-9,6,-5,17,28,47,25,75,1,38,33,25,9,15,-8,29,-8,15,-13,4,-21,47,10,16,-9,28,10,21,-38,47,26,23,-17,12,3,17,11,7,-1,31,-6,12,-27,18,-6,46,-12,33,1,56,30,86,-1,76,26,7,13,34,18,10,39,58,28,16,12,34,11,0,12,9,16,35,43,29,42,-1,22,21,4,43,28,14,-1,10,26,18,18,4,9,19,30,6,11,25,-23,52,-43,41,-25,16,44,49,20,35,1,23,-70,108,-2,63,-13,4,-34,64,-59,8,-50,41,-72,32,-24,50,3,23,29,43,-31,42,-18,11,3,35,14,30,-8,22,37,27,-52,52,21,42,-6,75,-18,15,-31,8,-15,15,9,49,29,15,22,37,0,10,-5,25,-40,61,-21,105,29,21,3,29,12,15,32,25,14,24,24,76,-18,38,-76,114,9,19,0,32,-9,19,-18,19,3,21,-8,17,6,20,-23,54,17,20,15,38,5,15,-8,16,66,65,35,22,14,28,10,58,20,20,8,21,17,3,19,29,11,68,-9,14,53,68,-5,32,19,20,-2,22,-13,28,5,38,18,50,18,16,10,43,53,29,22,28,19,11,2,27,25,16,-1,12,101,60,22,-8,47,21,-6,13,5,12,11,6,30,-20,15,24,29,15,9,18,1,19,19,33,20,9,9,43,45,17,10,11,14,54,39,32,-6,10,3,18,9,19,11,3,7,33,-14,15,15,14,-23,25,-14,36,28,55,-1,13,-16,12,3,9,-6,23,23,32,-6,8,2,34,-8,8,6,10,-6,14,8,7,-10,24,5,8,-22,20,-20,47,-17,4,-7,13,6,26,32,32,0,20,-8,1,-2,11,10,13,-1,29,21,11,-7,11,6,16,-8,9,2,17,-7,7,7,13,-2,24,-9,14,6,23,-15,26,4,13,-13,11,5,9,-10,15,6,5,-5,11,12,18,-4,5,13,5,-7,11,-1,24,19,5,8,23,-13,31,9,8,0,9,-18,11,9,19,-4,22,10,5,1,20,-5,2,-3,20,8,0,4,13,8,4,-1,7,7,2,4,12,-9,34,14,15,-9,4,8,9,-6,5,4,7,-20,13,-4,16,8,9,10,-2,2,20,15,7,2,14,-7,13,11,10,8,27,32,15,-3,29,13,21,3,29,14,-2,22,31,22,10,-3,15,17,2,8,-9,8,2,-1,10,11,7,1,11,62,49,0,10,20,22,11,29,21,7,-1,15,24,7,0,15,17,8,2,7,15,2,11,14,16,-7,13,14,20,1,4,13,8,-4,4,5,5,-7,16,9,0,10,14,20,28,11,-1,15,23,5,9,15,7,3,7,-5,37,19,8,19,-2,14,11,14,-2,12,13,7,3,30,13,13,19,37,27,24,4,14,7,0,-4,17,5,17,25,35,-2,33,24,25,6,28,25,30,3,17,-9269,0,-3130,3991,-10034,-8877,0,-3096,-13,11,-34,-5,-22,-16,-2,-10,-19,-9,0,-15,-12,-7,-2,-23,-23,-13,-5,-14,8,-4,-3,-16,-27,-16,-26,-1,4,-26,-27,-50,3,-11,-9,-9,19,-11,-16,-4,-4,-9,18,-22,-10,-20,-11,1,0,-10,-12,-8,-9,-16,2,-12,-18,0,-1,-13,-7,-8,-16,15,-19,-5,-11,10,-12,-4,4,28,-7,5,-23,-26,-12,22,-14,-14,-23,8,-4,-24,-8,7,-3,19,-11,2,-8,-28,-17,-10,-12,5,-10,20,-3,-25,-8,-13,-7,7,0,24,-27,-23,-31,26,-10,-20,-5,0,-25,8,0,31,-36,2,-26,18,-14,-12,-8,1,-8,27,-37,4,-16,23,-49,-3,-5,2,0,13,-13,-23,-6,-2,-6,7,14,-64,11,-100,38,-33,-39,-86,35,-188,44,-57,53,-51,25,-201,29,-356,59,-51,200,17,81,-41,53,-70,0,-90,-26,-90,-48,-85,-111,-419,7,-56,12,-2,14,-21,19,9,25,-2,4,6,-12,10,4,24,21,-3,8,13,16,3,8,-4,-5,-17,8,-11,18,13,28,-16,9,12,33,3,10,-28,-4,-14,28,-13,2,-19,17,3,5,-19,25,-2,5,-28,23,-1,7,-14,10,-3,17,3,6,7,9,-12,9,5,0,-1680,-63,-33,-211,-81,-28,-126,-17,-271,-30,-319,86,-116,684,-246,160,-139,62,-53,-1,-1,18,-45,-16,-15,-17,-4,-6,-32,-21,-6,1,-15,-25,5,-7,-41,-9,11,-4,-11,-9,3,-15,-6,-5,-10,-16,2,-5,-13,-8,6,-2,17,-24,3,-19,-37,14,-12,-13,-3,-6,8,-27,1,-35,-18,11,-8,7,-32,-20,-7,16,-17,-6,-11,12,-1,-20,-7,-12,3,-2,-8,8,-5,-25,-3,0,-41,12,-17,-7,-7,-23,-3,-13,-8,-8,16,-7,4,-7,-5,-9,17,-15,4,-10,-22,-16,1,1,-7,-8,-4,-5,-11,-7,-4,-11,12,-11,-21,-10,2,-6,-14,-14,4,-19,-31,-8,2,-4,18,-9,-5,9,-9,-7,-8,-15,2,-12,13,-8,-5,-8,-21,-18,2,-5,-15,-24,-5,-6,-8,-7,12,-10,-5,-4,12,-13,-3,-9,-9,7,-4,-7,-1,-9,5,-8,19,-13,0,-9,-9,1,-5,15,4,-14,-14,-8,6,-10,-3,5,7,-11,14,-8,-12,-15,-1,0,12,-7,1,-1,10,-17,-22,-17,4,4,13,-10,-2,-13,-32,-9,-4,5,-10,-5,-6,-9,6,-7,-6,5,-9,-6,-14,18,-9,-6,-24,-66,10,-9,9,-15,2,2,13,-18,-4,-5,-12,-16,14,-9,18,-31,-18,-12,4,8,8,-4,5,-15,-14,-11,2,-21,21,-3,-8,5,-14,-13,-5,2,-10,-27,-1,2,-9,9,0,1,-6,-18,-7,-33,1,-4,-16,14,2,-19,-11,-5,-11,-19,1,-37,29,-9,-4,7,-10,-8,-11,10,-9,-19,-6,-1,24,-6,3,-12,-8,-1,26,-7,-14,-17,7,1,-15,-13,6,8,-20,-10,-9,-22,2,-7,-11,-29,-9,-19,-1,-3,5,5,7,-7,3,-14,-12,-8,6,10,6,-12,10,-5,-6,-11,1,-4,-14,-18,-7,-6,25,-21,-40,-23,10,-4,8,-7,-18,-8,0,2,12,-12,-1,-35,-37,2,-18,-14,-11,-2,-19,-19,9,-4,10,-11,-2,-2,22,-10,3,-20,26,-7,-6,-6,12,5,12,-23,18,-10,-4,-24,8,-5,-15,-10,-3,7,-15,-28,-11,7,-16,-10,5,-7,16,-1,-18,9,-5,-5,-6,-6,5,-1,-14,-16,-5,-17,2,-18,-11,-35,20,-9,1,-18,-12,-27,20,7,12,-13,10,-38,-17,-7,12,-14,6,4,7,13,0,-15,19,35,79,-17,74,-15,7,-84,-36,-56,2,-54,54,-33,-3,-16,-15,-19,-47,-31,-11,-93,18,-94,-29,-28,-5,-18,4,-42,35,-33,52,-3,44,45,51,-3,10,-87,47,-6,28,9,61,-60,-84,-21,-21,-61,-22,-106,-79,-27,-12,-13,-38,-55,-49,-1,-15,9,-17,16,-11,18,-14,24,-2,24,-14,3,-26,-60,-36,-50,42,-37,55,-25,14,-21,1,-12,-9,-30,-69,25,-64,1,-20,-42,-53,-7,-13,4,-21,17,-12,32,-1,13,-6,34,-55,33,-38,25,-46,1,-74,-15,-36,-52,-7,-27,-23,36,-39,-2,-11,-20,-15,-1,-9,16,-31,6,-66,-7,-5,-35,2,-11,-7,-3,-24,-11,-23,-33,-7,-6,-14,1,-54,-14,-29,-29,-11,-18,6,-32,28,-26,-9,-6,-10,1,-39,10,-17,43,-43,1,-39,-86,-93,-57,-28,-27,-30,-1,-12,8,-11,32,-5,43,-18,25,-41,68,-29,30,-18,6,-9,-15,-16,-73,-3,-11,-11,-17,-68,-51,-111,-1,-36,31,-50,-11,-8,-20,12,-9,-5,-5,-57,-9,-35,-2,-17,28,-77,10,-58,-15,-40,-38,-27,-30,-6,-19,-8,-14,-16,-27,-5,-10,5,-4,23,-27,12,-21,19,-34,1,-8,-6,2,-121,14,-143,-10,-63,10,-119,-21,-35,-49,-21,-3,-31,27,-35,20,-8,8,17,114,190,132,178,149,165,164,149,179,132,190,114,201,95,209,75,215,54,219,32,222,11,222,-11,219,-32,215,-54,209,-75,201,-95,190,-114,179,-132,164,-149,149,-165,132,-178,114,-190,95,-201,75,-209,54,-215,33,-219,10,-222,-10,-222,-33,-219,-54,-215,-75,-209,-95,-201,-114,-190,-132,-178,-149,-165,-164,-149,-179,-132,-190,-114,-201,-95,-209,-75,-215,-54,-219,-32,-222,-11,-222,11,-219,32,-215,54,-209,75,-201,95,-190,114,-179,132,-164,149,-149,165,-132,178,-114,190,-95,201,-75,209,-54,215,-33,219,-5,112,-121,-9,-145,263,-253,-134,-386,-30,-68,-298,-357,51,-299,230,-215,176,-204,212,-160,204,-266,234,-354,138,-1,11,27,24,-19,34,8,21,-3,7,-18,2,-14,15,9,12,-54,87,-16,108,-34,15,-15,51,7,21,21,18,-1,6,-1,12,-11,9,-55,16,-15,11,-7,26,14,39,-4,45,-53,89,11,17,120,10,14,9,3,39,9,12,5,32,21,10,28,-3,15,5,7,12,-1,36,18,41,-2,15,19,63,47,21,30,38,-39,38,-31,-17,-13,-15,-9,3,32,143,-1,0,-20,-7,-30,20,-14,-22,-26,-22,-29,20,-18,-5,-17,26,5,28,-39,26,-18,-11,-18,-38,-28,-10,-18,-17,-9,3,-32,-27,-60,31,-24,-10,-47,15,-6,-14,-26,-18,-3,-11,-49,-52,-15,4,-37,26,-19,5,-8,16,-32,20,-9,0,-9,18,-9,-6,-7,10,-14,2,-14,20,-25,2,-1,20,-4,1,1,16,-15,-4,-30,28,-10,4,-22,5,-6,-3,-10,6,-23,-27,-5,2,1,8,-6,0,-31,-28,-61,-39,-11,-13,1,-8,-7,-13,-7,1,-20,-20,4,-15,-11,0,-8,-23,-11,-6,-2,7,-12,3,-9,-9,-10,17,-8,-6,-1,7,-13,7,-24,-11,-13,13,-10,1,-3,9,-9,0,0,-10,-10,12,-14,2,-14,-9,-31,13,-8,-4,-6,9,-36,-3,-29,17,-8,-4,-6,8,-5,-5,-5,7,-302,-266,-370,-183,-261,3,-206,-82,-247,-25,-10,6,-19,28,0,15,1,0,0,2,20,0,1,13,-2,3,-2,1,-8,-6,-14,16,-9,36,6,5,-2,11,17,-5,10,29,9,1,17,18,8,-7,15,2,12,39,-4,8,-28,15,14,5,10,19,-38,15,3,22,-7,6,-8,-6,-11,9,6,11,-2,13,-5,1,-5,-8,-11,15,-10,-3,1,13,-11,-2,5,8,-6,15,3,22,-8,11,13,0,7,9,-3,7,-19,-2,-5,7,-7,-8,6,15,-14,5,7,7,-13,-4,-8,8,13,6,-4,16,16,12,0,13,7,0,-11,17,12,6,-2,17,9,15,7,0,-3,11,5,1,6,-12,-1,22,12,24,-5,10,-17,-1,-13,11,-4,27,35,12,-15,1,-1,17,-18,9,-29,-11,-8,14,9,30,5,3,-4,6,9,5,-1,16,-10,-7,-4,3,13,30,-6,12,3,4,-12,9,17,13,-3,9,13,5,-3,10,7,8,-2,12,6,7,-11,8,-32,2,-1,12,7,5,-14,13,1,12,-19,3,-3,15,-22,1,-54,36,-10,-13,-22,10,0,38,11,28,12,8,6,-8,16,5,11,-9,1,9,7,2,8,-14,8,14,-9,4,5,10,-6,5,10,1,0,10,6,1,-9,15,7,15,-3,7,10,3,-5,27,-8,4,7,7,-4,6,-13,2,-5,12,9,3,0,27,-7,6,-2,16,-12,8,0,14,-10,6,8,4,1,18,10,8,-12,1,8,12,-10,14,-4,-12,-9,1,-4,11,-7,-8,-7,2,-6,10,7,6,-28,-5,-6,-8,-15,4,-21,-9,-14,15,-2,1,-3,-11,-2,0,-1,-5,-12,-1,4,-15,-12,-8,9,0,3,-7,-20,-4,0,-7,10,-5,-19,-26,13,-41,-3,-20,-7,-5,-6,-25,-13,4,7,-12,-12,3,3,-8,-10,-12,7,-11,-15,2,11,-12,-11,-3,2,-17,-10,1,-11,-12,7,-5,-9,-13,-12,14,-9,-4,5,-19,-18,5,11,-21,-15,4,0,-17,-7,1,-1,13,-18,-19,6,-36,-8,-7,9,-8,-7,-11,9,-9,-13,-11,18,-12,-1,-13,-12,1,-18,-14,2,-38,-13,-4,6,-13,-5,-8,-16,4,2,-14,-12,-1,2,-15,-9,-17,-8,7,2,-11,-18,-15,-1,-13,-34,-7,-9,5,-5,-8,8,-12,-24,-34,10,-11,-2,-16,-6,-6,-6,9,-11,-2,-16,-15,-17,-50,7,-4,-3,-12,-10,-9,-19,11,-6,-8,10,-7,-13,-3,9,-10,-4,-7,-3,8,-8,0,5,-8,-11,-2,-13,-18,-6,-22,-8,-4,2,-16,-14,-21,-7,7,-8,-14,4,-10,11,1,5,-7,-10,-20,9,-6,17,0,-1,-11,-13,6,3,-6,39,-31,2,-26,-9,-4,-1,-16,6,-9,-11,-1,4,-8,-6,-13,-5,3,-12,-19,-7,-11,9,-4,-15,-21,-7,3,-9,-14,-7,5,-1,-16,-7,7,-4,-11,9,-9,-13,3,-3,-10,10,-9,-4,-10,-30,23,-7,-17,9,-5,1,-20,-6,-7,-5,8,-14,-8,7,-14,-30,-32,6,-14,48,-22,-8,-35,-15,-10,-20,4,14,-77,22,-19,8,-18,-19,-39,10,-47,10,-3,-10,-40,4,-12,-9,-5,6,-7,-4,-4,7,-23,-4,-3,-6,8,0,-13,-6,-4,-6,9,-12,-7,-6,9,-13,-4,-11,-16,18,-12,-12,-5,1,-9,-14,-11,-1,-8,-32,-7,1,-13,-11,-9,-4,11,-8,-3,1,-10,-13,9,3,-18,-13,-16,-13,0,-19,-19,-4,-23,13,-4,-9,-12,-1,-14,5,-2,4,6,6,-6,25,-6,3,-22,-4,-6,-9,3,2,-15,-12,-27,4,-21,-26,-3,-2,-25,-9,-16,3,-39,-9,5,0,-7,-9,-3,9,-6,-12,-15,13,-33,7,1,-4,-8,5,-7,-9,-1,5,-8,-9,-6,7,-8,-24,-18,7,-32,-7,-4,0,-8,-7,1,4,-4,-6,-7,8,-8,-23,-22,6,-11,-5,-18,-10,6,-7,-9,10,4,-1,-20,-15,-5,-11,-13,0,-10,-11,-8,11,-6,-6,-3,0,-18,-11,0,2,-29,-6,-2,2,-7,-7,1,-5,-18,16,3,-6,-10,7,-5,-23,-21,4,-8,-5,-15,-5,-5,-5,4,-2,-10,-16,2,8,-23,-22,-25,2,-12,16,4,8,-9,-1,-33,-17,-7,-2,-10,10,-10,-16,-8,-1,-19,-34,-37,3,-10,-9,-18,-13,-2,-2,-20,-35,-13,0,-24,-30,-30,5,-26,-7,-12,-23,-24,-10,10,-22,-18,-25,6,-11,-4,1,-22,-18,-6,0,-11,-16,-11,-2,-8,12,1,2,-15,-14,-7,3,-8,-9,-15,5,-5,-4,-9,-8,-2,0,-14,-13,-3,4,-17,-6,7,-6,-3,-5,-18,-17,-15,-1,-8,-34,-11,-12,-23,-3,-21,-9,-7,6,-4,-8,-7,8,1,-1,-4,-29,-28,23,-37,-4,-15,-26,-22,-4,-11,15,-81,-8,-12,-36,-11,-11,-16]]]
216449	n	23.7244,-6.9761,24.1762,-6.5239	[[[237244,-67610,5,-112,33,-219,54,-215,75,-209,95,-201,114,-190,132,-178,149,-165,164,-149,179,-132,190,-114,201,-95,209,-75,215,-54,219,-32,222,-11,222,11,219,32,215,54,209,75,201,95,190,114,179,132,164,149,149,165,132,178,114,190,95,201,75,209,54,215,33,219,10,222,-10,222,-33,219,-54,215,-75,209,-95,201,-114,190,-132,178,-149,165,-164,149,-179,132,-190,114,-201,95,-209,75,-215,54,-219,32,-222,11,-222,-11,-219,-32,-215,-54,-209,-75,-201,-95,-190,-114,-179,-132,-164,-149,-149,-165,-132,-178,-114,-190,-8,-17,26,-10,66,7,42,-7,37,-24,-4,-21,-45,-37,-14,-35,31,-25,154,-7,71,-28,53,-77,-4,-35,-35,-14,-42,7,-45,-21,-26,3,-24,18,-35,4,-124,-64,7,-34,-14,-58,-126,-168,-28,-11,-21,-21,-24,-56,-21,-31,-52,-28,44,-51,40,-9,10,-14,21,-5,56,-35,-48,-39,-24,-34,-7,-67,-24,-31,-14,-53,6,-28,10,-11,-127,-9]]]
2317397	n	17.155,-3.5461,17.605,-3.0939	[[[171550,-33200,11,-222,33,-219,53,-215,75,-209,94,-201,114,-190,131,-178,148,-165,164,-149,177,-132,190,-114,199,-95,208,-75,214,-54,219,-32,220,-11,220,11,219,32,214,54,208,75,199,95,190,114,177,132,164,149,148,165,131,178,114,190,94,201,75,209,53,215,33,219,11,222,-11,222,-33,219,-53,215,-75,209,-94,201,-114,190,-131,178,-148,165,-164,149,-177,132,-190,114,-199,95,-208,75,-214,54,-219,32,-220,11,-220,-11,-219,-32,-214,-54,-208,-75,-199,-95,-190,-114,-177,-132,-164,-149,-148,-165,-131,-178,-114,-190,-94,-201,-75,-209,-53,-215,-33,-219,-11,-222]]]
214614	n	24.7728,-8.9561,25.2272,-8.5039	[[[247728,-87300,11,-222,33,-219,54,-215,75,-209,95,-201,115,-190,133,-178,149,-165,166,-149,179,-132,191,-114,202,-95,209,-75,217,-54,220,-32,223,-11,223,11,220,32,217,54,209,75,202,95,191,114,179,132,166,149,149,165,133,178,115,190,95,201,75,209,54,215,33,219,11,222,-11,222,-33,219,-54,215,-75,209,-95,201,-115,190,-133,178,-149,165,-166,149,-179,132,-191,114,-202,95,-209,75,-217,54,-220,32,-223,11,-223,-11,-220,-32,-217,-54,-209,-75,-202,-95,-191,-114,-179,-132,-166,-149,-149,-165,-133,-178,-115,-190,-95,-201,-75,-209,-54,-215,-33,-219,-11,-222]]]
2315728	n	19.5451,3.0339,19.9949,3.4861	[[[195451,32600,10,-222,33,-219,53,-215,75,-209,94,-201,114,-190,131,-178,148,-165,164,-149,177,-132,190,-114,199,-95,208,-75,214,-54,219,-32,220,-11,220,11,219,32,214,54,208,75,199,95,190,114,177,132,164,149,148,165,131,178,114,190,94,201,75,209,53,215,33,219,10,222,-10,222,-33,219,-53,215,-75,209,-94,201,-114,190,-131,178,-148,165,-164,149,-177,132,-190,114,-199,95,-208,75,-214,54,-219,32,-220,11,-220,-11,-219,-32,-214,-54,-208,-75,-199,-95,-190,-114,-177,-132,-164,-149,-148,-165,-131,-178,-114,-190,-94,-201,-75,-209,-53,-215,-33,-219,-10,-222]]]
207570	n	23.2361,-7.2361,23.6641,-6.7839	[[[232361,-70698,24,-23,-13,-64,9,-69,-8,-9,37,-102,94,-201,115,-190,132,-178,149,-165,165,-149,178,-132,190,-114,201,-95,209,-75,216,-54,219,-32,222,-11,222,11,136,20,1,3,1781,2954,-50,138,-94,201,-115,190,-132,178,-149,165,-165,149,-178,132,-190,114,-201,95,-209,75,-216,54,-219,32,-222,11,-222,-11,-219,-32,-216,-54,-209,-75,-201,-95,-190,-114,-178,-132,-165,-149,-149,-165,-132,-178,-115,-190,-92,-196,47,-2,33,-26,26,8,18,-2,60,-43,29,-6,113,32,53,28,28,3,-24,-48,-60,-36,-30,-48,23,-32,18,2,8,45,9,9,29,-22,7,-19,-20,-66,-31,-11,12,-51,35,-30,7,-72,-41,-37,-50,-20,-13,-12,-4,-17,16,-13,43,-7,10,-8,-2,-33,-12,-5,-15,13,-16,3,-26,-35,1,-28,-28,-30,-5,-39,-11,-16,-10,-5,-36,9,-41,-11,-4,-29,28,-36,2,-18,-10,-17,-22,-6,-4,-34,-26,-48,11,-16,21,25,8,0,32,-21,-2,-18,-27,-13,27,-4,14,-26,-12,-11,-23,-1,-15,-24,14,-9,77,-14,11,-14,5,-16,-22,-31,7,-20,23,-34,-7,-21,11,-21,-1,-19,-7,-15,-8,-2,-16,12,-22,1,-21,-19,-9,-31,9,-26,-10,-8,-9,7,-13,32,-25,11,-78,-36,0,-16,26,-22,2,-13,-22,-25,-27,0,-53,-35,-3,-15,25,0,6,-9,-33,-59,-29,-26]]]
922806	r	26.1732,-12.2866,28.5196,-10.9573	[[[261732,-119049,159,-60,202,-127,203,-95,360,23,206,-98,118,-6,112,47,196,132,103,43,373,61,382,11,238,-73,170,-129,153,-150,184,-138,358,-115,810,-55,376,-77,192,-111,171,-130,173,-79,203,45,152,147,116,171,152,125,256,3,467,-49,425,90,386,218,349,334,196,387,41,819,97,395,153,220,147,138,104,153,17,268,-124,423,-5,190,135,142,86,13,221,-32,99,4,378,122,428,36,286,107,65,10,171,-241,104,-457,44,-489,-20,-337,242,-871,1865,-1129,441,-750,-15,-16,11,-28,-7,-10,-5,-59,9,-123,-3,-53,18,-41,26,-27,8,-41,-20,-13,-4,-59,26,-11,8,-19,2,-52,39,-22,13,-5,9,4,442,-1251,156,-205,537,-429,55,-43,83,-90,-204,467,3,0,34,10,22,26,34,-4,38,-75,28,-19,104,-17,59,-30,11,-14,14,-48,5,-75,-30,-45,-2,-23,46,-40,52,-71,29,-14,14,-15,7,-25,-27,-24,-26,-43,-26,-25,4,-37,51,-20,72,4,13,-6,31,-44,40,-29,36,-42,30,-18,83,-7,39,48,68,17,42,-37,-23,279,25,-10,27,3,42,26,37,4,16,12,45,-7,10,15,22,8,22,22,15,40,27,13,3,19,15,23,23,23,29,18,19,43,5,2,-2,8,17,18,9,1,18,41,33,41,27,11,51,50,7,29,-22,18,-22,60,10,14,-3,24,-11,1,-8,10,-10,-4,-3,8,-29,19,-10,27,-8,3,-4,22,6,12,-6,8,10,7,-13,16,10,10,2,13,18,16,-5,6,18,8,-3,8,-29,20,-8,-12,1,18,-31,18,1,18,-13,-5,-26,31,2,6,-12,2,4,7,-9,11,-13,9,-4,-4,-3,13,-22,-1,1,14,-18,-2,2,21,-11,-1,-32,43,-4,21,-20,14,-11,21,-15,10,11,50,11,-1,6,11,-5,15,-24,24,1,17,-14,12,9,22,-35,14,-7,-6,-7,21,25,11,25,28,12,6,0,22,17,20,18,5,6,18,-4,16,16,1,2,18,12,7,-3,13,11,6,72,-37,43,-1,13,11,-13,17,8,69,12,19,1,23,-5,15,-21,1,38,31,10,15,-3,12,-16,9,8,13,-3,16,9,19,-11,32,23,-7,-12,24,5,11,-14,-9,15,34,-9,14,5,19,-9,-3,-1,7,23,29,2,11,34,24,7,-9,-4,-11,9,3,11,20,-4,12,5,10,-11,6,-9,-2,3,15,17,13,-5,9,4,7,21,6,2,10,-11,8,-14,-10,-7,3,4,8,-5,17,-19,-7,-1,12,11,8,10,30,9,3,12,-26,16,23,6,-3,7,7,11,-13,10,3,65,-29,58,-14,23,23,6,-32,15,5,10,21,29,32,25,16,26,-21,43,72,34,27,14,24,17,11,-14,25,-2,32,-14,12,11,17,-35,36,-11,-3,-34,29,-21,4,4,18,-15,4,-13,16,15,24,46,6,61,34,-6,17,-26,14,21,31,29,68,-24,13,11,13,-7,45,-21,2,7,13,21,-1,6,20,23,3,12,-15,37,18,16,64,18,-9,7,47,25,22,14,4,13,-10,13,0,13,17,26,13,44,37,-1,33,-14,14,6,9,-23,31,10,11,-12,26,26,28,38,24,13,-1,6,8,-10,20,-31,11,3,16,20,-13,18,4,8,-7,25,5,23,-5,-10,13,12,17,7,-28,22,-2,16,23,-15,7,30,7,9,9,15,-2,6,12,-4,12,14,3,8,19,-26,8,7,9,-7,8,-8,-4,-10,26,9,6,-31,22,-14,24,-13,6,-11,18,2,11,-16,0,-14,33,-44,38,-21,7,-14,30,-29,21,-4,16,-79,80,-23,18,-15,0,-8,25,-42,38,-22,31,11,20,25,15,16,22,-3,20,20,-6,23,8,-10,38,-10,11,33,13,2,22,-14,9,57,28,11,-5,1,19,9,-6,8,7,-11,22,-29,15,17,16,-15,7,-3,29,-20,3,-2,15,21,3,-25,38,17,4,-8,17,8,4,18,-7,14,-13,-3,-14,9,2,10,12,-18,24,8,7,15,-1,23,14,18,-3,0,21,14,1,35,-13,-6,22,14,0,-2,22,15,-8,24,13,-12,14,-13,2,1,15,10,6,-20,5,31,8,10,8,0,10,-13,3,3,9,15,-6,14,-24,2,24,14,8,10,-4,54,6,14,-18,1,-24,-7,-28,-19,-12,29,-3,4,-12,16,15,23,-10,10,1,12,13,20,-5,17,9,35,-7,19,3,5,26,14,9,21,-5,1,9,-7,4,27,20,-3,19,38,21,6,14,-9,9,1,35,-23,27,29,32,3,8,-7,18,72,22,27,19,30,5,18,14,86,-13,-1,35,15,0,7,14,20,-4,7,32,50,12,57,49,-33,50,-40,20,-8,31,10,35,-17,18,-43,22,-17,18,-10,41,26,24,-1,49,16,12,24,4,17,-9,62,41,13,19,11,47,9,6,14,0,-2,-17,22,-2,25,31,24,-24,47,-12,7,-12,-13,-17,-3,-21,-12,-4,5,-13,37,12,18,-20,34,-4,3,-15,-15,-42,10,-14,28,17,-6,-29,13,-14,58,-36,38,-1,23,22,30,7,13,18,8,0,4,-33,35,-22,14,-35,-8,-31,5,-8,29,-4,47,-75,12,-3,26,14,6,-5,4,-42,6,-7,20,20,14,27,13,9,51,6,7,35,50,53,45,-78,18,-14,12,-53,16,-12,16,2,27,25,19,40,18,15,-14,29,12,9,13,-4,1,26,36,30,41,21,91,20,63,72,10,0,20,-41,-36,-30,-1,-42,-16,-9,-18,0,-4,-8,43,-38,23,-4,121,84,24,11,42,37,-14,29,-17,13,23,34,-48,71,-4,17,20,15,-19,20,-17,37,11,10,22,4,23,25,60,20,61,52,34,-3,166,48,167,3,236,-9,159,-17,134,-47,110,9,94,-8,129,-67,233,-75,148,-2,86,32,2,145,97,40,196,3,859,60,94,1,119,-114,304,-563,162,-450,211,-398,227,-402,84,-246,80,-47,339,-14,148,50,-29,70,48,41,24,51,20,73,1,32,34,45,-3,18,8,33,14,11,-2,20,-21,68,-11,10,-42,-4,-142,47,-7,12,0,18,24,28,0,38,-21,42,-4,42,-14,2,-5,11,0,32,4,15,29,22,3,20,24,21,15,-5,11,-26,22,-14,14,-2,61,55,28,68,0,141,26,55,-5,36,-19,37,-85,53,-16,50,-32,42,-27,18,-24,6,-68,-4,-23,-17,-23,-43,-56,-59,-29,-4,-22,7,-62,127,-69,44,-20,27,-20,43,1,22,24,73,29,43,1,91,6,24,18,19,26,10,66,68,20,27,6,31,-76,210,-21,36,-161,220,-34,20,-66,12,-8,11,0,23,13,16,72,49,55,51,31,51,12,74,2,50,-12,15,-130,63,-18,31,-6,27,-1,29,13,49,25,47,79,57,10,17,7,81,-15,35,-31,47,-44,108,-45,62,-48,28,-64,19,-33,25,-61,137,-33,39,-71,64,-20,35,-13,41,2,118,-14,70,9,115,-6,48,2,71,33,121,33,65,-1,41,-23,51,76,89,11,35,-1,38,-22,111,8,63,-9,81,8,23,17,20,180,142,61,78,14,37,-14,49,-6,54,20,56,41,66,32,33,20,35,-6,67,-52,119,-16,65,47,85,154,50,101,60,4,11,8,98,-1,63,33,48,16,58,-7,21,-45,55,-40,34,-4,14,-11,93,39,59,10,36,-4,25,-17,19,-9,39,-2,25,8,32,39,65,49,27,76,25,17,20,1,77,18,46,9,83,19,60,16,18,34,11,24,22,55,132,3,19,-6,31,-12,37,-25,42,-3,37,-12,25,-32,37,24,53,2,20,-23,75,1,17,13,32,71,69,79,92,12,25,3,16,-7,61,7,38,-1,87,9,119,-46,166,-129,141,-42,61,-14,35,0,31,17,54,49,65,88,59,10,13,8,52,-7,50,4,26,41,127,-8,68,3,42,101,161,53,115,4,28,-6,100,11,94,-13,66,-18,213,37,69,55,23,-67,14,-55,23,-36,-8,-76,-42,-19,-50,14,-70,-6,-28,-12,-13,-29,9,-26,16,-15,-7,9,-38,23,-35,-3,-17,-22,-12,-33,7,-45,-3,-15,39,21,6,20,16,0,22,-7,19,-21,13,-22,-8,-29,-35,-4,-26,-34,-77,4,-26,-13,0,-14,-29,8,-27,-1,-18,-17,-31,1,-34,-9,-3,-1,9,-39,13,-41,-31,-9,-13,-98,-67,-37,-47,-1,-15,21,-45,-14,-23,-18,8,6,17,-13,27,-19,7,-21,-6,-14,-29,-24,-8,-23,6,6,20,-8,6,-84,-19,-18,-15,-18,3,0,17,12,20,-5,11,-6,4,-8,-4,4,-11,-18,-6,-9,23,8,43,-4,12,-30,8,-70,-35,-39,-51,-38,-7,-8,38,-36,-1,-2,9,8,8,-16,8,5,15,-16,-7,-27,13,-16,-28,15,-7,3,-15,-12,-12,-19,-80,-17,-16,-34,-3,-22,5,-2,20,17,31,-12,21,-30,8,-39,-15,-13,-24,-16,2,-13,-25,-34,-37,-25,-13,-14,-24,-26,-2,-29,33,-11,-7,-21,9,-22,32,-27,-9,107,-171,102,-87,268,-101,35,-169,-354,-604,-216,-199,-291,-300,-154,-404,-76,-260,-98,-30,-104,-5,-167,-17,-111,-89,-164,-177,-226,-783,-43,-13,-12,-17,-44,-8,-36,-26,-34,22,10,12,43,12,-1,11,-17,4,-69,-31,-37,-11,-66,-7,-41,-17,31,32,-11,37,-14,1,22,24,1,12,-32,7,-11,-4,-6,23,-23,7,2,14,-14,-5,-8,10,-10,0,3,5,-7,6,-17,-7,-6,6,-8,-10,-15,3,4,6,-15,8,5,3,0,22,5,-6,7,10,-10,3,8,9,-14,1,4,7,-8,4,4,8,-11,6,-7,-4,5,12,-21,16,5,8,-11,2,5,10,-31,5,1,12,-15,-8,5,11,-14,0,1,10,-5,-2,-9,9,7,13,-19,4,2,21,-8,8,10,52,-4,13,-13,3,12,6,-13,5,1,7,20,1,4,5,-13,26,-11,-8,-1,11,-10,8,11,11,-9,17,5,4,-8,9,7,1,-2,8,-8,-4,2,11,-10,1,-8,10,-19,-1,-3,25,8,3,-6,14,-13,1,9,13,-17,16,-1,21,-8,-2,-6,9,-8,-4,-4,6,-6,-4,-8,12,-17,4,-4,-11,-6,5,-5,-6,-7,2,-2,11,-14,1,6,8,-8,4,-6,-5,-13,11,15,21,0,7,-10,5,2,15,-7,5,12,13,-18,17,-12,28,7,10,-28,319,16,135,-5,3,-254,55,-248,100,-229,69,-128,17,-124,4,-109,-14,-93,-268,24,-41,13,-6,-6,-8,0,-7,6,-1,-4,-8,10,0,-3,-13,14,-11,-15,-9,15,-7,-2,-10,-7,-5,7,-1,-4,-8,6,8,4,-3,-11,-13,10,1,0,-11,-5,1,6,-11,-9,-5,5,-4,6,4,3,-12,-2,-7,-6,5,-14,-13,3,-10,-9,-19,11,-10,-7,-1,0,-13,12,1,-2,-9,9,-4,-1,-16,11,-10,6,5,-4,-9,8,-15,7,-3,7,8,3,-11,10,0,-7,-12,13,-2,-5,-34,6,-10,-4,-7,10,-2,-1,-7,-5,3,-12,-7,5,-6,-4,-18,-10,3,-2,11,-10,1,-13,-15,-45,-16,-7,-13,-66,-5,-30,-22,-97,-35,-8,18,-20,0,-11,19,5,10,-8,15,13,18,-4,12,-10,-1,-2,8,6,20,-10,3,-22,-12,-3,9,-11,4,-3,-6,-36,-7,-9,27,-15,6,-1,16,-66,17,3,18,-18,0,-6,14,-31,-5,-5,-9,-17,-4,-7,15,-22,2,7,10,-11,0,-3,19,-11,-10,-1,9,-17,13,-24,-12,-1,27,-7,-10,-6,9,-10,-5,-5,4,-2,19,7,7,-10,2,-3,9,-10,5,14,3,-12,19,-15,2,-18,16,-8,-1,-15,13,-8,-2,-3,7,-23,4,-6,7,-16,-7,-6,13,-15,3,-2,-7,-19,-7,-2,18,-4,3,-14,-10,-4,17,-10,6,-6,-3,1,-10,-25,-3,-14,-12,-7,4,-6,-8,-1,7,-14,2,5,-8,-17,-3,10,-15,-12,0,0,-12,-14,-6,-6,-11,-8,3,-4,12,-10,0,3,-10,-4,-4,-12,9,2,-9,-7,-9,9,-4,-12,-7,9,-10,-4,-7,-16,0,5,11,-4,5,-12,-7,6,-4,-11,-6,3,-10,8,-1,-6,-11,7,-4,-25,-12,-6,-14,-9,3,7,-17,-10,6,0,-6,-9,1,5,-9,-13,-13,2,-8,-11,8,-7,-9,11,-5,-3,-4,-16,3,4,-12,-10,5,3,-8,-10,-5,5,-8,-4,-3,-6,11,-10,-11,-4,7,-5,-5,-9,5,1,-9,-7,0,-1,-13,-8,-1,3,-6,-5,-7,-9,6,-1,-7,-39,-17,-37,81,-9,2,-26,36,-9,1,0,8,-13,0,-2,10,-7,2,9,25,-20,23,-2,19,-28,8,-18,26,-16,-5,-15,11,-23,-7,-1,8,-13,12,-17,-7,-77,6,-18,10,4,12,-6,10,-25,5,-3,-11,-8,-2,-8,14,-10,-2,-5,20,-10,0,-5,18,-17,-2,-5,-8,-24,-1,-4,2,6,5,-15,12,-22,-2,-14,9,-8,-4,2,11,-20,7,-6,-4,9,-6,-4,-8,-21,0,-4,-6,-9,6,-3,-6,-3,6,-13,-3,1,4,-11,2,-13,-5,1,-6,-11,9,-8,-2,-1,-9,-9,4,5,-9,-8,-7,-23,-8,-9,13,1,11,-20,-17,-31,-1,1,-25,-15,1,3,-5,-15,-14,-1,-13,-10,0,-22,-22,-1,-26,-25,1,5,3,-3,6,-11,1,-4,-9,-12,-6,-6,8,-8,-11,-34,-20,-8,-13,-7,3,-10,-9,-11,3,-13,-12,-4,3,0,-5,-10,6,-18,-17,-12,-1,-8,-11,-5,2,-7,-7,-5,4,-9,-8,-4,9,-10,-2,3,10,-5,4,-9,-13,-5,8,-9,-6,2,9,-13,-3,-1,-9,-17,2,-2,-11,-13,-1,0,-10,-9,4,-5,-11,-9,9,-3,-11,-7,11,-6,-3,-7,-5,2,-11,-20,-5,5,-6,-20,-13,-4,-13,-20,6,-11,-11,-17,6,2,-7,-10,-3,-5,8,-4,-15,-18,5,-14,-9,-30,3,0,9,-15,-10,-6,8,-3,-16,-18,-9,-7,10,-9,-3,0,-8,-15,1,0,11,-24,-6,-5,-5,6,-6,-14,3,-5,-17,-11,-1,4,-11,-24,-2,-16,6,-13,-5,4,-9,-29,-4,-16,-13,-11,10,-16,-3,-5,8,-11,-9,3,4,-6,3,-2,-6,-1,4,-11,-4,-10,-16,-15,-6,-11,4,-13,-8,-22,2,-32,-24,-13,7,-25,-11,7,8,-7,6,-13,-10,-10,1,3,13,-21,32,-26,11,-7,-5,-2,8,-8,-8,-16,13,9,16,-11,16,-11,4,5,10,-8,-3,-3,16,8,3,-6,8,12,3,-6,12,11,0,-5,4,5,20,-6,0,3,9,-14,8,3,10,-19,31,-22,23,-14,-4,-40,34,-9,-5,3,5,-14,10,-16,2,-3,-5,-27,2,-2,7,-22,-3,1,7,-25,1,-12,6,-7,-11,-16,5,-3,-8,-15,16,-12,-12,-25,1,-8,10,9,3,-2,6,-24,-9,-50,8,-6,-5,-33,11,-2,6,-3,-5,-10,11,-14,0,-1,-6,-4,9,-17,-1,-10,10,-1,-15,-8,6,-5,-4,-3,6,-15,-5,-47,15,-6,-6,-3,14,-14,6,-12,-21,-40,-4,-10,7,-48,-4,-93,23,-21,21,-16,29,-7,33,11,48,39,108,-2,20,-33,89,-19,28,-32,-1,-34,-18,-35,9,-129,8,-147,24,-49,-5,-236,53,-155,48,-53,3,-24,-16,-32,-104,-27,-140,-154,-144,-46,0,-115,64,-100,43,-309,-143,-232,-175,-79,-67,-304,-50,-147,-93,-429,-514,-166,-304,-127,-149,-44,-180,-111,-82,-288,-97,-106,-173,-827,1893,-9943,-6471],[273320,-116344,47,76,182,175,160,105,129,227,104,103,26,-51,64,0,26,-7,59,-45,136,0,38,-26,20,39,-46,45,13,65,-13,52,26,64,26,117,114,123,101,53,31,2,23,-25,15,-3,5,7,13,-13,25,-10,65,-19,64,-8,43,-16,43,-35,35,-12,33,14,70,17,9,8,8,-8,5,10,19,-8,28,1,6,-7,11,3,24,-26,-1,-9,24,-11,23,6,15,-8,26,13,13,-1,3,9,23,1,10,17,-8,2,7,3,-15,2,5,7,17,0,-16,8,7,0,11,11,-5,10,-4,-3,-10,8,7,18,-4,12,18,10,2,18,11,3,1,16,10,-1,5,17,15,-2,46,30,11,-2,26,11,2,-7,21,0,-4,8,5,6,12,10,5,-6,17,12,5,16,8,0,-3,25,-9,6,5,10,-10,-1,2,13,-9,-1,8,17,-9,16,10,1,0,22,-3,6,-7,-3,1,10,-7,2,12,9,-11,4,0,7,-15,-5,-5,15,4,9,24,4,5,16,-6,8,17,20,14,5,1,-7,8,19,21,0,-6,14,10,-1,6,11,-11,16,0,22,18,44,11,11,2,19,23,0,4,12,11,-3,7,29,15,3,14,34,20,12,31,-3,17,9,9,-8,31,-6,14,18,20,0,40,-50,34,-5,11,13,17,-5,38,-50,-9,-12,43,-23,16,-1,40,29,28,10,54,-13,31,2,15,7,2,9,11,2,10,-10,13,15,7,-16,12,3,29,-14,2,-9,20,5,29,-9,4,6,23,-13,21,8,7,-4,3,-26,20,4,13,12,7,19,30,-1,10,-7,11,6,21,-39,57,-52,9,-17,44,28,8,-6,14,2,2,-17,12,-20,-6,-12,9,-4,-6,-14,22,-21,-4,-10,13,-9,-2,-9,11,-1,41,-107,53,-61,7,-54,-26,-386,-81,-143,-34,-88,20,-55,51,-76,5,-68,-27,-51,-109,-82,-71,-42,-9,-36,-47,-51,-51,-32,-68,-90,-24,13,-65,-27,-44,-1,2,-41,-91,-346,-147,51,-84,41,-67,45,-39,-24,-28,-45,-62,-167,-74,-48,-10,-45,-6,-103,-15,-45,62,-48,30,-32,49,-74,25,-71,4,-45,-27,-64,-20,-105,8,-95,-32,-25,-26,-55,-42,-35,-5,-39,-37,-32,-114,8,-63,-5,-8,-29,-49,-2,-58,43,-40,20,-21,1,-54,-78,-71,14,-28,-7,-161,-125,-2,-14,13,-38,26,-38,1,-14,-13,-30,-38,7,-20,28,-27,-2,-23,13,-26,-4,-17,8,-12,-4,-58,34,-64,12,-175,6,-153,61,-59,48,18,41,84,108,-35,59,1,84,-73,23,-78,-39,-56,-5,-61,4,-87,77,-549,1257],[274543,-119226,52,-38,0,-1,-52,39],[274595,-119264,32,-24,114,-158,13,-41,9,-56,-2,-23,-1,-9,-12,-22,-5,-5,-148,337,0,1]]]
214974	r	28.8516,-6.2989,29.5409,-5.6011	[[[288516,-59500,7,-228,22,-227,38,-226,51,-222,66,-219,81,-213,94,-208,107,-202,121,-193,133,-186,144,-177,156,-166,167,-156,176,-145,185,-133,194,-121,201,-107,208,-95,213,-80,218,-66,222,-52,225,-37,227,-23,228,-7,228,7,227,23,225,37,222,52,218,66,213,80,208,95,201,107,194,121,185,133,176,145,167,156,156,166,144,177,133,186,115,184,-225,836,-26,397,200,634,448,604,-43,186,-66,219,-81,213,-94,208,-107,202,-121,193,-133,186,-144,177,-156,166,-167,156,-176,145,-185,133,-194,121,-201,107,-208,95,-213,80,-218,66,-222,52,-225,37,-227,23,-228,7,-228,-7,-227,-23,-225,-37,-222,-52,-218,-66,-213,-80,-208,-95,-201,-107,-194,-121,-185,-133,-176,-145,-167,-156,-156,-166,-144,-177,-133,-186,-121,-193,-107,-202,-94,-208,-81,-213,-66,-219,-51,-222,-38,-226,-22,-227,-7,-228]]]
217745	n	22.2453,1.9639,22.6947,2.4161	[[[222453,21900,10,-222,33,-219,53,-215,75,-209,94,-201,113,-190,132,-178,148,-165,163,-149,177,-132,190,-114,199,-95,208,-75,214,-54,218,-32,220,-11,220,11,218,32,214,54,208,75,199,95,190,114,177,132,163,149,148,165,132,178,113,190,94,201,75,209,53,215,33,219,10,222,-10,222,-33,219,-53,215,-75,209,-94,201,-113,190,-132,178,-148,165,-163,149,-177,132,-190,114,-199,95,-208,75,-214,54,-218,32,-220,11,-220,-11,-218,-32,-214,-54,-208,-75,-199,-95,-190,-114,-177,-132,-163,-149,-148,-165,-132,-178,-113,-190,-94,-201,-75,-209,-53,-215,-33,-219,-10,-222]]]
2312888	r	14.0993,-5.9004,15.4186,-4.4292	[[[140993,-46314,2072,-2957,-68,6,-45,-14,-173,-80,-67,-14,-36,13,-114,80,-52,20,-318,25,-80,-1,-98,-5,-75,-15,-148,-53,-67,-32,28,-78,27,-33,33,-15,6,-23,18,-23,9,-41,9,-12,12,-3,20,12,-6,17,52,-11,10,-21,44,20,27,-2,-7,-15,-41,-13,-9,-15,24,-4,8,-13,33,0,10,-14,-5,-52,-22,-24,-5,-28,-12,-6,-34,15,-31,-5,21,-23,52,2,31,36,33,55,28,9,6,-4,-6,-20,44,-2,0,-28,53,-12,-5,-17,-14,-12,-1,-41,6,-2,4,19,8,6,11,-32,20,-18,20,-3,17,5,18,37,10,3,30,-23,-20,-70,-13,-7,-12,25,-11,-17,14,-22,27,-22,12,0,26,20,34,-6,77,5,44,-10,16,-67,38,-17,21,-21,53,8,49,28,65,-25,2,-31,14,-16,10,-50,52,-9,-1,-15,-40,-46,-4,-29,10,-14,21,7,34,28,13,0,14,-41,15,-21,83,-38,11,-2,13,12,19,-4,23,4,22,-32,6,-20,13,5,7,17,56,-1,13,-5,26,-28,-1,-27,27,-25,-8,-17,-13,-3,19,-43,20,-3,31,-24,11,-20,-12,-77,-60,-11,47,-48,35,-21,17,1,-6,24,4,8,21,-8,14,20,14,-2,31,-82,-5,-20,-18,0,-6,-11,-18,-9,-7,-15,-31,-6,9,-7,-10,-31,32,21,11,-14,-1,-10,-7,-15,1,-14,-17,2,3,-11,45,-15,10,19,9,0,25,-10,8,-20,-10,-36,-41,-34,-8,-1,-23,26,-18,-4,-13,-12,-18,-60,-10,-6,1,-25,22,14,12,-7,-8,-50,4,-2,9,3,7,12,-2,18,38,-5,-3,-54,-11,-31,5,-6,23,2,23,-13,23,1,16,12,1,13,14,4,5,-13,-13,-12,18,-23,14,10,5,15,14,-8,-1,-18,-20,3,6,-20,25,-4,20,11,3,-3,-11,-18,17,-27,-27,-10,-30,-23,26,-16,29,-30,11,-5,39,45,11,45,13,-14,36,-68,-9,-12,-32,8,-6,-9,45,-41,8,-22,67,14,10,-20,1,-20,-15,-17,-28,-5,-44,7,-12,-16,-15,9,-9,-6,-3,-9,25,-4,-18,-2,-9,-12,19,-13,-3,-9,-19,11,-15,-1,0,-17,-14,-5,-3,15,-17,-8,-7,6,6,14,-27,-8,-15,-14,43,-9,-16,-20,-15,1,-19,-21,7,-30,-6,-10,51,-49,12,4,8,16,-12,7,4,7,-6,18,21,0,5,-10,0,-66,21,-2,43,12,48,-15,0,-34,-24,-8,2,-18,12,-2,28,31,20,-3,5,18,17,-19,-22,-30,-37,-24,12,3,5,-18,-18,3,-9,-12,1,-17,23,-9,8,-15,10,4,-6,-8,10,-18,11,17,5,-26,8,-9,-1,-9,-14,-4,3,-24,-11,10,-4,-3,0,-35,26,2,-29,-24,16,-12,3,-13,-29,4,-1,-16,15,-5,-10,-32,-19,2,-4,-46,-15,-15,19,-41,-19,-45,-16,3,-23,-11,-6,21,-10,0,-10,-34,15,-10,17,-29,-5,-19,24,2,36,-18,12,31,17,1,-11,-9,-4,-26,-11,-8,0,-17,-22,-16,0,-18,29,-19,12,-2,7,13,15,-14,-2,-20,15,-23,-4,-7,8,-20,-10,-8,-6,8,-12,-1,-2,-14,6,-7,12,7,8,-5,38,5,9,10,-1,11,29,1,1,-7,-9,-6,12,-21,-11,-13,2,12,-6,3,-9,-9,-1,-15,17,-20,-9,-5,10,-2,8,-13,-5,-4,-8,4,-7,-13,20,-13,10,23,26,-2,18,-36,35,-32,6,-15,0,-38,12,-22,2,-29,-19,-19,22,-12,28,0,7,11,10,-20,-65,-49,2,-7,15,4,13,-28,-3,-10,-30,-5,-11,-16,-17,-80,3,-21,36,-43,15,-53,-26,-14,-9,31,-7,6,-26,-41,15,-9,-7,-35,-8,-10,-22,-2,-4,-8,9,-13,28,-10,-5,-19,-18,1,-18,9,-20,-2,-25,12,-22,-12,-13,-16,-42,-6,-14,-11,-8,-20,54,12,-4,-10,4,-14,106,-25,153,-182,18,-147,77,-201,134,-223,73,-140,40,-137,26,-140,55,-144,83,-284,143,-276,124,-288,83,-287,62,-273,66,-155,13,-137,-15,-177,21,-46,-20,-68,11,-39,118,-83,57,-94,85,-53,-150,-206,109,-253,291,-41,162,-161,69,28,134,188,242,174,72,15,87,3,39,-81,-6,-44,71,-18,-15,-1,-6,-13,7,-12,-2,-21,-32,-25,-1,-5,15,-12,-5,-31,-19,-5,29,-39,-4,-12,-14,-11,0,-10,19,0,9,-9,-23,-10,-21,-45,-17,-6,-6,15,-19,-2,-11,15,-17,-25,-20,7,-9,-8,11,-6,0,-16,4,-3,13,12,4,-9,17,-8,-6,-10,14,-37,-7,-8,5,-25,17,-7,4,-13,-25,-2,-3,-14,14,-13,10,12,17,1,-10,-54,-31,-13,2,-11,37,-10,28,-24,22,-35,19,37,6,-2,6,-11,-8,-32,25,-40,-7,-5,-1,-13,3,-4,14,1,10,-26,29,25,29,-15,-9,-10,5,-21,-10,-9,-3,-25,-12,-13,-19,0,-17,-30,8,-5,7,8,11,-13,6,-28,-3,-16,-8,9,0,16,-12,-3,-7,16,0,-14,-23,1,-15,-23,-21,7,-25,-23,-21,1,1,-23,-17,-6,-31,-65,1,-5,20,1,13,-24,28,5,15,-28,11,-8,2,-33,28,-10,25,-44,11,-11,12,-1,19,-27,16,-10,29,2,-2,-15,-17,-5,-6,-12,18,-36,14,9,11,-8,-3,-24,-19,-13,4,-17,17,-12,22,18,3,-15,-9,-10,-1,-19,24,-35,14,-5,12,10,9,-13,-35,-40,-1,-24,-19,-14,0,-29,36,-25,-3,-12,-24,-13,-30,-1,-10,25,-9,-4,0,-42,-14,-21,-30,-7,7,-23,-5,-8,-13,1,-13,15,-43,-12,2,24,-12,-2,-9,-10,2,-29,-15,-26,-26,-13,0,-24,-27,-10,-8,-24,-25,-9,-14,-19,-13,-7,-5,-48,-24,-4,-10,-7,-13,-21,1,-20,-24,-14,15,-40,206,45,632,181,2451,121,2805,-40,415,15,0,1,370,13,1064,-28,85,1,-2251,3275,13,7,35,57,7,27,-9,41,-10,21,5,5,31,-5,11,-8,24,-46,12,16,7,59,43,27,27,1,45,-21,87,27,30,1,10,7,10,21,-2,8,-30,15,-10,20,-25,10,3,20,38,60,7,23,-7,8,-25,5,-13,31,4,9,27,16,67,-30,35,14,15,20,13,80,11,16,53,30,8,12,5,37,-12,18,-16,11,-62,28,-8,23,20,20,95,-5,10,6,10,9,18,52,4,20,-16,21,-63,-7,-14,6,-11,27,10,14,20,12,67,16,33,57,104,46,53,40,32,32,17,5,-1,22,-23,15,-14,0,-53,-37,-32,10,-17,14,-30,64,-47,63,-37,64,-2,21,12,32,50,34,9,13,-1,21,-22,48,-9,45,-21,46,-18,69,-44,31,-38,-4,-37,17,-14,16,-27,67,-176,29,-33,33,-32,69,12,6,17,-22,18,-9,9,3,13,20,2,24,-11,24,-38,13,-43,2,-15,13,-5,23,32,46,10,26,-26,24,-39,21,-12,33,-19,24,0,15,16,22,-19,29,-2,59,-35,11,-38,-1,-13,6,-19,23,11,21,40,31,11,35,-48,-44,-177,-132,-190,-114,-200,-95,-208,-75,-215,-54,-219,-32,-69,-4,-2198,3198,57,122,114,190,132,178,149,165,164,149,177,132,190,114,200,95,208,75,181,45,-22,51,5,15,20,3,-3,17,-33,20,-31,30,-38,14,-23,49,-25,26,21,36,9,35,-5,13,-71,54,-49,17,-12,22,-4,15,5,13,53,12,13,15,-33,39,-1,40,-11,32,-31,20,-35,42,-40,-2,-17,5,-29,38,-19,1,-16,-18,-42,-11,-11,36,3,14,-21,8,-42,33,-4,62,-9,1,-10,-17,-35,17,-16,23,-5,10,12,29,-2,13,-27,18,-11,51,-20,33,3,27,-20,23,-36,89,-96,17,-28,-17,-33,-6,-8,16,-28,27,-2,17,7,17,-20,29,10,23,-3,13,-15,8,-17,22,1,20,-20,18,-29,-35,-16,-7,-13,26,-27,20,-13,39,-23,17,-6,19,-26,6,-19,22,-21,-3,-4,7,-18,3,-51,-20,-37,3,-23,25,-25,-5,-26,31,-22,8,-17,-42,-4,-94,-17,-45,-72,-65,-29,-46,-40,-161,-115,-135,-55,-55,-65,-48,-80,-30,-183,-44,-133,-46,-169,-93,-144,-97,-179,-143,-36,54,-300,-188,-295,-103,-382,-37,-112,41,-312,189,-125,43,-45,26,-82,132,-48,46,-82,7,-214,-10,-45,40,-81,109,-184,6,-196,-52,-6,-3,-22,-2,-73,-43,-5,-8,-12,-7,-175,-185,-58,-13,-84,-35,-79,-57,-123,-20,-175,-31,-42,304,161,777,-38,104,-51,90,-40,95,-7,118,25,94,77,175,17,95,-40,251,-111,159,-148,139,-152,189,-83,382,-75,222,8,79,81,144,159,144,378,157,120,122,111,156,28,31,-1128,543,-137,-85,-525,-377,-499,-410,-471,-443,-441,-472,-191,-234]]]
219057	r	29.27,0.1453,29.8893,0.6303	[[[292700,3713,3375,-1728,1041,-532,137,98,212,175,200,189,187,202,174,213,135,189,165,851,70,215,115,187,310,359,36,218,27,275,9,276,-4,116,-4545,1078,-61,-89,-60,165,4,13,-12,4,-12,-11,-1,18,6,15,-5,5,-23,-2,-12,-17,-14,15,-7,-1,4,-21,-22,-9,0,26,9,16,-10,4,-12,-8,-14,0,-11,-27,-14,4,-24,-7,-17,11,18,-2,1,36,9,24,-6,3,-6,-13,-12,4,-8,-20,-31,22,-14,-9,-8,-18,-22,-3,-3,-17,-23,1,-41,-18,-21,-23,-26,-3,4,10,-5,8,-40,-24,-33,5,-26,-3,-18,-4,1,-16,-50,-3,-12,6,11,16,-1,8,-17,0,-12,15,-14,-8,-13,4,12,22,-85,-13,-14,29,-13,-2,-7,21,-13,13,1,7,-25,7,-27,31,-7,0,-29,-39,-8,11,13,7,-6,9,10,0,-15,4,-5,19,-6,-9,-2,10,-10,-2,3,-4,-30,-4,-14,5,-12,-41,10,-8,5,4,17,-21,-12,-1,-2,-7,7,-13,7,6,6,-8,-9,-25,2,-6,10,0,-5,-13,13,0,4,-22,19,10,-1,-11,-13,-8,2,-5,13,-1,9,-11,9,5,0,-7,-11,-5,18,-27,-4,-15,10,-3,-4,-13,8,-7,9,-41,16,-4,4,-19,27,-30,3,-19,14,0,-2,-13,-9,-7,0,-19,17,-22,3,-15,11,-1,7,-26,-11,-5,1,-13,-14,-5,-5,-14,14,-33,-4,-7,-13,-1,2,-15,15,-8,11,-16,9,-33,22,-12,4,-8,14,-2,12,-26,17,-13,2,-29,10,-15,-6,-17,224,-109,-169,-118,6,-63,-41,-83,-95,-146,1,-104,-843,-1221]]]
2312393	r	12.2105,-6.0519,12.713,-5.3833	[[[122105,-57634,388,-654,173,-220,676,-676,210,-266,37,-27,122,-65,51,-45,34,-74,52,-182,118,-217,77,154,66,44,33,77,165,33,166,-11,99,-55,2,-79,-2,-239,-209,-131,-44,-77,33,-165,143,-10,265,66,804,198,506,275,650,-21,69,28,14,16,27,5,8,9,6,32,-14,33,13,10,18,3,2,6,-29,23,3,19,59,4,-3,18,5,7,53,-11,16,9,17,51,23,19,-5,38,27,23,-3,39,36,38,-25,11,-2,11,26,8,22,-13,42,3,5,8,-36,280,-22,24,-20,8,-5,1,-5,1,-22,-1,-31,-10,-41,-24,-25,-3,-86,-88,-18,-10,-12,38,-18,142,1,62,14,51,-19,17,-28,-9,-11,33,-84,155,34,25,0,16,-34,42,9,50,-9,8,-14,59,-19,41,0,25,-17,34,-41,50,0,125,-75,66,0,42,-25,42,0,58,-34,33,0,59,-16,33,-67,50,0,25,-8,17,8,25,-8,16,8,17,-33,33,0,34,-17,25,-8,66,-25,25,0,59,-17,16,8,25,-16,34,-34,33,0,17,-16,16,8,17,-33,42,0,52,24,14,85,13,21,10,386,74,40,24,39,4,7,9,2,4,4,6,3,11,4,11,-1,5,2,7,-8,33,-189,281,-7,35,2,16,12,46,95,105,13,20,6,7,44,72,12,40,-2,51,-5,13,-26,0,-47,-17,-9,-1,30,75,30,30,16,33,0,67,39,38,-195,1651,-1313,815,-1,-2089,0,-1499,-2438,2,-22,-10,-37,10,-47,-14,-44,-4,-26,-15,-40,1,-20,-8,-47,-30,-28,-29,-11,0,-11,13,-70,-1,-11,-4,-27,-31,-43,23,-42,-12,-25,0,-190,-104]]]
211734	r	19.7739,0.7104,22.0567,3.3812	[[[197739,18889,446,-16,23,-197,38,-175,310,312,212,269,168,138,154,86,78,24,187,18,126,33,331,52,274,-20,243,-85,175,-107,161,-83,137,52,198,59,67,-20,61,-27,119,-6,215,58,207,32,73,33,247,-28,194,62,206,14,143,-20,107,-42,25,-28,201,16,102,54,85,17,181,-24,191,34,423,0,310,120,80,10,396,227,191,57,167,13,227,-69,185,8,362,-54,87,-40,53,-4,486,39,145,-24,290,37,137,6,80,-39,89,43,176,6,138,190,45,7,9,25,448,64,133,6,33,19,128,26,289,-85,162,-107,-136,-30,98,-70,71,-28,272,-73,55,-23,362,-194,-1930,-8903,13082,-3430,-1129,26708,-7293,-1772,-143,-663,-25,6,-8,5,-11,33,-9,12,-8,0,-8,-23,2,-24,-5,-6,-20,1,-7,24,6,46,-16,3,-9,-7,-2,-28,-21,-3,-6,-17,-21,5,-3,18,-23,15,-21,28,1,36,-28,-3,-12,7,4,37,10,19,-25,-3,-14,12,7,17,22,10,2,15,-51,20,-41,-222,-9,-180,2,-174,-8,-93,-85,-191,-16,-54,-2,-339,-27,-358,-7,-208,-25,-341,-6,-182,-9,-58,-22,-8,-133,89,-143,140,-224,194,-428,352,-63,66,-21,74,-12,309,-29,120,-65,76,-505,458,-29,12,-51,8,-80,-15,-54,-30,-81,-75,-58,-35,-41,0,-122,53,-61,92,-94,68,-79,80,-100,229,-58,62,-30,80,-46,43,-165,49,-130,73,-43,9,-88,98,-26,48,-115,91,-40,71,-28,106,-176,166,-12,49,-12,15,-37,11,-41,31,-27,4,-52,-8,-22,-16,-17,-24,-31,-85,-31,-29,-19,-8,-40,7,-13,16,-23,66,-34,2,-17,-31,7,-68,-30,-60,2,-69,-33,-39,-20,-8,-68,3,-57,-24,-24,-26,-54,-91,-59,-50,-21,-63,-1,-93,-62,-111,-10,-64,-36,-40,-8,-19,13,-43,11,-15,34,-19,3,-13,-2,-14,-29,-36,-12,-96,-28,-21,-10,-16,0,-34,32,-30,70,-14,8,-8,2,-34,-11,-12,-49,-22,-8,-21,0,-48,-13,-20,-35,-22,-8,-15,-4,-13,5,-38,-8,-12,-39,-20,-15,-21,-10,-64,18,-38,74,-64,6,-24,-13,-24,-15,-7,-22,-4,-25,5,-28,34,-21,53,-14,11,-17,1,-28,-13,-18,-41,2,-18,9,-16,43,-44,38,-52,42,-95,74,-103,3,-35,-5,-15,-32,-23,-18,-31,8,-35,36,-18,41,-1,14,-14,8,-31,-9,-69,3,-40,30,-29,48,-20,-4,-18,-43,-32,-79,0,-32,-21,-5,-36,5,-22,25,-37,14,-9,7,-46,-38,-59,-3,-21,13,-35,31,-29,7,-16,0,-27,-39,-40,-2,-33,-13,-16,-27,-14,-11,-23,6,-22,45,-7,38,-20,58,-19,81,-4,22,-10,9,-19,3,-14,-7,-33,-73,-48,-25,-27,-29,-66,2,-26,8,-29,31,-42,25,-23,21,-10,65,0,19,-8,8,-18,-1,-25,-17,-60,-18,-24,-66,-27,-14,-22,-3,-33,5,-28,32,-51,27,-11,18,1,64,26,23,2,39,-10,27,-20,12,-48,-6,-27,-31,-54,-6,-55,4,-26,28,-31,62,-26,15,-47,-10,-35,-55,-12,-13,-15,-2,-18,31,-57,63,-52,52,-22,30,-6,47,7,68,-7,28,-20,17,-32,-1,-65,-15,-63,28,-91,11,-82,-4,-38,-46,-67,-6,-47,26,-81,30,-57,10,-31,2,-94,26,-90,52,-44,60,-39,56,-16,31,-33,11,-42,-1,-53,12,-68,15,-46,57,-73,23,-67,3,-28,138,-91,52,-51,34,-54,74,-62,41,-18,34,-23,41,-53,46,-99,31,-47,79,-62,95,-124,41,-88,16,-12,51,-20,21,-27,19,-86,-16,-60,9,-33,62,-108,-12,-57,-33,-59,-86,-102,-55,-143,-49,-58,-31,-78,-52,-41,-13,-19,-8,-33,-54,-110,-72,-75,-27,-20,-45,-12,-28,1,-64,34,-24,0,-226,-187,-62,-104,-32,-101,-3,-45,6,-77,-23,-40,-39,-25,-46,2,-83,63,-17,5,-21,-2,-36,-22,-22,-27,-5,-18,5,-47,31,-78,-2,-20,-31,-38,-31,-12,-44,5,-39,25,-44,48,-23,4,-13,-8,-9,-17,-7,-44,-19,-8,-35,17,-14,-6,-4,-17,11,-37,-25,-31,-27,-15,-38,-10,-26,-3,-52,17,-49,74,-20,60,-6,69,9,35,-22,65,-21,23,-22,-1,-44,-41,-28,-8,-38,3,22,-63,54,-215,32,-219,11,-222,-11,-222,-32,-219,-54,-215,-74,-209,-95,-201,-113,-190,-132,-178,-148,-165,-163,-149,-177,-132,-189,-114,-200,-95,-208,-75,-213,-54,-219,-32,-220,-11,-220,11,-219,32,-213,54,-208,75,-200,95,-189,114,-177,132,-163,149,-148,165,-132,178,-113,190,-95,201,-74,209,-54,215,-32,219,-11,222,11,222,32,216,-5,33,-18,31,-29,18,-33,2,-57,-32,-81,-16,-28,-13,-17,-18,-11,-22,-12,-39,18,-86,-8,-27,-17,-22,-25,-11,-34,-3,-16,5,-49,32,-41,86,-11,11,-27,11,-28,-9,-25,-17,-33,-48,-62,-62,-28,-9,-64,1,-143,-88,-26,-33,-19,-56,-22,-41,-38,-34,-45,-21,-42,-3,-87,-38,-24,-20,-25,-40,-24,-62,-21,-13,-49,-10,-54,25,-69,2,-34,-17,-26,-31,-64,-48,-30,-2,-45,11,-78,5,-83,-5,-46,6,-45,-8,-41,-35,-8,-27,3,-25,8,-21,24,-21,83,-55,11,-50,-1,-105,10,-42,30,-42,1,-11,-10,-18,-17,-7,-44,21,-39,-11,-34,-29,-24,-35,14,-77,41,-42,4,-19,-15,-37,-17,-11,-88,-1,-60,-33,-38,-56,-32,-78,-29,-32,-17,-7,-18,-2,-44,13,-28,35,-16,11,-43,1,-67,-20,-32,-22,-16,-21,-54,-180,17,-158,-48,-78,-23,-18,-84,-16,-19,-21,-5,-32,16,-73,-14,-77,-12,-23,-22,-20,-38,-10,-40,4,-32,15,-44,37,-23,5,-25,-7,-53,-50,-19,-78,-19,-16,-71,-15,-17,-22,-10,-24,-2,-45,-6,-18,-15,-16,-36,-5,-51,4,-58,-25,-40,-28,-20,-31,-8,-31,3,-25,19,-22,32,-22,26,-8,36,-36,10,-33,-34,-64,-102,-51,-19,-24,-19,-48,-5,-56,-11,-33,-100,-130,-4,-21,8,-37,42,-34,25,-42,5,-127,13,-28,9,-47,-6,-17,-30,-13,-59,19,-37,-2,-16,-11,-7,-21,-37,-31,-16,-35,-11,-76,13,-36,19,-21,80,-47,8,-24,-4,-25,-23,-38,-28,-27,-30,-17,-104,-7,-56,-20,-34,-23,-11,-23,-12,-90,8,-55,21,-50,5,-42,-9,-28,-36,-49,-38,-29,-53,-22,-23,-17,-17,-29,-9,-19,1,-34,13,-30,-2,-30,-16,-34,-50,-28,-48,-49,-31,-4,-22,8,-16,14,-17,23,-22,48,-99,49,-37,-10,-47,-93,-31,-18,-24,-6,-74,17,-41,-28,-15,-23,-19,-88,9,-21,-8,-47,-23,-12,-66,-95,-69,-142,-15,-7,-15,7,-27,48,-68,55,-76,9,-65,-4,-42,-10,-47,-38,-12,-24,-10,-61,3,-58,-6,-32]]]
215976	n	20.3648,-4.5561,20.8152,-4.1039	[[[203648,-43300,11,-222,32,-219,54,-215,74,-209,95,-201,113,-190,132,-178,148,-165,164,-149,178,-132,189,-114,200,-95,208,-75,215,-54,218,-32,221,-11,221,11,218,32,215,54,208,75,200,95,189,114,178,132,164,149,148,165,132,178,113,190,95,201,74,209,54,215,32,219,11,222,-11,222,-32,219,-54,215,-74,209,-95,201,-113,190,-132,178,-148,165,-164,149,-178,132,-189,114,-200,95,-208,75,-215,54,-218,32,-221,11,-221,-11,-218,-32,-215,-54,-208,-75,-200,-95,-189,-114,-178,-132,-164,-149,-148,-165,-132,-178,-113,-190,-95,-201,-74,-209,-54,-215,-32,-219,-11,-222]]]
922083	n	22.6712,-11.1025,23.1288,-10.7439	[[[226712,-109700,11,-222,33,-219,55,-215,76,-209,96,-201,111,-184,183,-18,365,63,211,120,216,154,223,110,239,-10,205,-106,376,-246,199,-85,385,-57,447,0,799,135,75,124,96,201,76,209,55,215,33,219,11,222,-11,222,-33,219,-55,215,-76,209,-96,201,-115,190,-134,178,-150,165,-167,149,-180,132,-193,114,-203,95,-211,75,-218,54,-222,32,-224,11,-224,-11,-222,-32,-218,-54,-211,-75,-203,-95,-193,-114,-180,-132,-167,-149,-150,-165,-134,-178,-115,-190,-96,-201,-76,-209,-55,-215,-33,-219,-11,-222]]]
2315419	n	14.8454,-5.3555,15.1991,-4.909	[[[148454,-50356,2198,-3198,69,4,219,32,215,54,208,75,200,95,190,114,177,132,48,44,5,14,-11,30,-26,21,-32,12,-8,16,17,39,26,30,17,58,22,35,3,25,-4,10,-29,21,-30,2,-14,9,-7,45,-7,11,-18,6,-37,-10,26,-30,9,-25,-2,-17,-15,-11,-24,9,-14,9,-7,13,-10,48,-44,18,-4,9,9,30,-2,14,-23,14,-61,7,-11,9,-5,9,7,19,75,23,9,42,0,39,-6,14,-29,41,-28,21,-22,53,-20,5,-25,-30,-10,-3,-23,10,-39,-2,-14,10,-10,-5,-38,-58,-3,-23,-6,-9,-9,0,-14,17,0,48,-6,8,-35,17,-13,-13,-2,-14,14,-47,-10,-9,-10,1,-8,4,-9,31,-22,29,-17,45,-22,26,4,11,73,13,13,8,6,15,-25,15,-33,-1,-40,-22,-28,-2,-13,6,-35,41,-121,10,-34,28,-3,26,10,17,-3,11,-7,1,-47,-14,-17,-83,-17,-10,-21,4,-39,89,9,34,13,19,31,24,2,17,-37,36,-47,22,-12,17,-2,15,18,29,46,38,-3,13,-38,7,-116,-22,-40,-24,-25,10,-20,40,-5,44,-45,49,-3,56,-15,32,-33,50,-35,20,-17,30,-30,22,-4,33,6,27,9,12,15,6,13,-8,-9,-51,25,-18,52,-8,14,6,19,21,-7,52,-37,48,22,58,-7,68,30,67,3,25,10,10,25,4,47,-14,33,44,-8,13,-50,14,-11,11,-17,38,0,39,25,33,51,18,48,32,14,24,11,67,-18,35,-24,14,-36,-5,-41,-20,-45,9,-71,81,-74,-2,-14,15,-3,27,10,18,30,16,63,1,42,-16,28,0,42,20,28,34,5,39,-7,23,-17,22,-65,7,-32,21,1,13,51,57,-5,44,12,18,39,8,45,-10,65,12,67,-3,7,4,3,12,-5,25,-16,15,-72,-4,-18,8,-32,35,-17,-6,-31,-30,-57,-11,-34,13,-20,22,-4,13,-5,59,36,117,10,63,-21,55,-42,25,-19,22,-2,17,76,2,14,6,30,57,0,42,41,10,12,15,5,33,-9,12,-35,-8,-5,7,-6,36,13,24,1,17,-1,10,-22,26,7,47,17,15,6,41,-25,11,-23,32,9,21,45,5,13,10,23,35,-4,10,-19,11,-36,-8,-57,9,-23,18,-8,47,-29,0,-47,-13,-29,47,-75,-6,-50,7,-7,18,5,6,15,-1,1,29,11,43,-11,20,-27,-4,-14,-29,-18,-11,-9,5,-3,19,-9,11,-30,16,-45,3,-77,-14,-36,2,-30,33,-66,-25,-13,2,-20,48,-181,-45,-208,-75,-200,-95,-190,-114,-177,-132,-164,-149,-149,-165,-132,-178,-114,-190,-57,-122]]]
217834	r	24.9828,-9.9958,27.547,-7.9794	[[[249828,-97796,8410,-2162,17232,5556,-8303,6877,8,10,16,6,1,39,-13,13,-23,-10,-13,2,-22,24,9,18,40,27,27,37,-13,32,1,21,29,54,-13,44,-6,63,-35,39,-18,62,-39,58,19,36,-3,39,10,27,18,25,100,18,35,25,7,24,-3,44,7,16,10,12,44,22,22,-4,46,-23,84,-15,21,-12,15,-43,2,-30,26,-40,13,-7,56,12,49,26,20,38,-12,17,-35,0,-62,67,-31,15,-46,7,-46,65,-23,86,2,21,13,24,15,6,28,27,46,66,-28,48,4,19,10,11,114,32,17,-20,18,-52,15,-9,12,2,52,51,3,32,-11,25,-19,15,-14,22,0,55,9,40,-7,33,3,26,-7,61,-24,28,-104,39,-15,17,-11,30,34,42,4,49,-10,20,-43,32,-29,63,7,54,-10,77,67,191,9,92,-67,72,-60,96,-27,25,-41,22,-66,130,-9,8,-106,7,-32,30,-40,95,-109,67,-46,55,-29,14,-88,-18,-27,-31,-13,-27,-32,-16,-85,4,-25,-10,-22,-23,-16,-5,-44,2,-43,-22,-55,-6,-40,-17,-19,1,-11,7,-45,47,-23,5,-63,-4,-91,3,-22,-10,-5,-10,10,-39,-15,-16,-17,-2,-40,-21,-17,11,-42,-7,-74,-62,-31,0,-22,16,-29,5,-9,-7,4,-16,-5,-22,-12,-6,-13,-19,-73,21,-15,27,-91,17,-35,-5,-43,15,-27,16,-2,11,25,37,-1,29,-27,64,4,48,-13,55,-33,-14,-13,-18,-35,19,-46,-9,-3,65,-29,33,-25,73,-52,17,-29,33,-9,21,22,83,-20,48,-79,0,-19,4,-22,21,-46,-2,-21,12,-41,86,2,12,16,7,18,-3,26,-17,17,0,7,7,-1,105,164,150,25,10,47,68,96,93,52,61,22,58,52,63,65,53,25,-16,147,34,16,10,7,29,-8,44,20,50,37,23,16,25,29,22,13,34,9,3,59,-12,42,10,21,-8,94,12,68,23,7,38,-33,12,-8,30,16,89,-32,22,-21,-6,-27,4,-14,34,-19,18,-9,37,14,29,25,103,52,83,-2,26,-42,54,-1,22,6,12,24,17,114,57,99,4,13,7,15,12,25,59,10,9,81,1,39,11,65,60,10,26,62,60,36,23,111,17,2,-50,-20,-38,-7,-32,9,-23,21,-17,-1,-9,21,-23,14,7,20,-19,43,-16,45,-35,32,-5,38,8,0,50,-13,45,47,56,59,-1,20,22,103,75,48,104,76,74,118,0,129,-77,144,-171,21,-70,53,85,204,211,-57,385,293,125,147,181,124,256,-229,81,-180,-11,-405,-38,-23,5,-101,-26,-25,-23,-11,-27,-561,-92,-253,-59,-413,-48,-306,43,-24,48,-13,10,-5,-29,-11,-8,-40,17,-29,-6,-22,27,-26,13,-6,15,0,23,39,57,-3,19,-19,22,-51,27,-17,37,7,24,18,4,11,-5,25,-32,18,-6,18,19,-5,21,-102,43,-56,59,-38,-17,-15,1,-16,20,-40,26,-61,7,-28,-28,-12,-4,-42,10,-33,-51,-61,-13,-17,-20,-27,-13,-36,23,-38,-2,-15,7,-66,67,-39,-8,-29,14,-51,-9,-76,43,-10,-4,-5,-15,-3,-53,-15,-39,-7,-2,-33,12,-62,1,-41,11,-38,-21,-18,12,-11,55,-44,80,-28,26,-27,137,-17,282,-178,255,-88,98,-52,23,-36,36,-59,36,-41,16,-155,-57,-57,-28,-58,-38,-71,-17,-96,-39,-100,61,-119,91,-93,80,-86,89,-15,-2,-34,-82,2,-23,-7,-18,5,-49,-11,-26,-33,-42,-12,-61,21,-11,-8,-42,14,-30,28,-30,-40,-41,-4,-23,-21,-33,-43,-8,-91,-31,-106,-65,-53,-4,-179,-141,-143,-181,-174,-299,-88,-250,-51,-91,-44,15,-14,25,-18,17,-96,4,-61,21,-55,-4,-30,-35,-47,46,-61,6,-37,21,-40,-14,-108,9,-25,-16,-32,-1,-20,18,-1,22,24,9,40,-1,32,13,2,14,-9,24,11,59,-50,28,-7,26,22,19,3,35,-21,21,-41,0,-39,-20,0,-29,20,-52,-14,-9,-51,40,-125,-13,-28,74,-12,13,-17,-17,12,-101,-13,-29,-3,-38,12,-23,23,-9,1,-23,-22,-19,-1,-16,-73,-2,-99,40,-51,-29,-13,12,2,20,15,15,19,1,10,19,-34,61,39,36,-12,36,1,28,-18,21,-38,-2,-47,-41,-9,-39,11,-57,-12,-25,-12,-4,-19,4,-16,24,0,23,17,34,-2,80,-14,18,0,14,11,41,21,15,17,26,1,37,-71,37,-41,-1,-42,11,-21,-9,-30,-36,-53,-39,-35,-2,-19,10,-14,9,-4,13,7,48,-14,108,-57,6,-30,11,-10,11,-24,62,-30,11,-29,-2,-56,45,-25,40,-33,-8,-137,4,-10,22,-1,28,-107,161,-45,12,-24,17,-18,-5,-45,-44,-70,13,-10,22,15,33,1,10,-8,9,-34,-26,-20,4,-12,-11,-72,-108,-29,-32,-61,-1,-48,33,-14,-3,-28,-30,-12,1,-14,15,-8,70,-23,21,-10,25,-20,25,-40,25,-34,-26,-86,-39,-30,-29,-9,-2,-51,40,-16,29,-12,84,-23,21,-14,0,-15,-10,-15,-30,-32,-18,-4,-8,14,-44,19,-22,8,-25,-38,-23,-25,33,-13,-9,-22,-35,-65,-35,-18,-19,-5,-51,47,-16,9,-14,-21,-50,-33,-42,-24,-15,-39,24,-8,-4,-6,-6,4,-33,-16,-30,-8,1,-23,24,-40,27,-24,-1,-8,-6,-3,-35,-5,-8,-71,-25,-34,-28,-2,-29,-16,-29,-18,-18,-35,6,-45,24,-15,-14,-61,-31,-20,-5,-12,-39,6,-47,-41,-32,-23,-41,-27,-27,19,-29,-2,-23,-19,-34,-6,-34,-47,-43,4,-25,17,-30,33,-10,14,-22,0,-33,10,-33,-22,-31,-30,4,-14,-17,11,-18,58,-1,8,-9,2,-19,43,-21,66,-10,55,-17,13,-23,16,13,33,-4,-3,-25,0,-1,-21,-9,-13,-38,4,-8,-336,-610,-25,10,-22,-21,12,-32,9,-5,-489,-890,-31,-4,-22,-23,-25,-14,-7,-47,-7,-10,-50,-29,-48,21,-61,1,-16,-31,-36,-21,-51,-12,-23,0,-31,12,-52,-17,-25,23,-33,-6,-40,-39,-18,-9,28,-22,-1,-9,-38,-29,-25,-11,-29,14,-33,-7,-46,-43,-12,-19,-22,1,-35,15,-76,-14,-23,-16,-22,6,-60,-5,-25,-10,-93,23,-45,-28,-36,-10,-4,-7,5,-18,29,-26,-41,-5,-27,-21,37,-54,16,-4,15,-34,1,-18,-16,-37,3,-17,-26,-57,18,-83,22,-5,21,-17,26,-9,9,-17,29,-29,10,-37,81,-95,-6,-39,-10,-18,18,-29,-47,-53,-3,-25,102,-6,19,5,-6,-31,17,-19,5,-24,-11,-41,-23,-31,31,-19,29,2,4,-21,76,-75,-22,-40,-1,-15,-21,-17,1,-20,-944,-1718,-7,-2,-22,11,5,32,-9,5,-32,-39,-5,-18,-17,0,-20,-12,-15,2,-13,-12,-8,3,-8,-8,-23,-1,-31,-29,-30,3,-28,18,-23,-1,-10,-6,4,-16,-6,-6,-20,-4,-23,8,-8,-15,-12,-1,-6,-20,-15,6,-22,-2,-19,-13,-71,2,-9,-6,-4,24,-7,3,-12,-6,2,-18,-8,3,-11,-14,-20,0,-3,-7,11,-14,-36,-5,-6,-14,-16,10,-22,-7,-30,-60,-32,-12,-33,-32,-15,15,-17,-26,-6,-1,-33,29,-2,-9,-11,-3,-22,13,-8,-10,-8,9,-18,-8,-30,13,-12,-6,-11,5,-8,-8,-10,7,-5,-11,-20,6,-33,-20,-9,3,-44,-39,-27,-39,-13,-2,-44,-32,-21,1,-3,-25,-22,-24,-5,-14,6,-40,20,-10,26,-30,-34,-21,-35,-36,3,-39,5,-6,14,9,17,-5,17,-21,27,-10,23,-26,14,-6,31,-41,7,0,5,-10,2,11,1,-8,20,-2,1,-11,26,-17,8,-28,8,-3,8,-22,-6,-12,29,-48,28,-24,9,7,34,-19,10,-12,-4,-16,10,0,12,-15,10,6,10,-4,20,-31,-2,-17,-8,-1,-8,-22,15,-25,-10,-37,-24,-47,-36,-27,-9,-24,1,-21,-17,-24,0,-213,-19,-95,-4,-69,-19,-114,-5380,-9800]]]
220075	n	27.1648,3.9039,27.6152,4.3561	[[[271648,41300,11,-222,33,-219,53,-215,75,-209,94,-201,114,-190,131,-178,149,-165,164,-149,177,-132,190,-114,199,-95,208,-75,215,-54,218,-32,221,-11,221,11,218,32,215,54,208,75,199,95,190,114,177,132,164,149,149,165,131,178,114,190,94,201,75,209,53,215,33,219,11,222,-11,222,-33,219,-53,215,-75,209,-94,201,-114,190,-131,178,-149,165,-164,149,-177,132,-190,114,-199,95,-208,75,-215,54,-218,32,-221,11,-221,-11,-218,-32,-215,-54,-208,-75,-199,-95,-190,-114,-177,-132,-164,-149,-149,-165,-131,-178,-114,-190,-94,-201,-75,-209,-53,-215,-33,-219,-11,-222]]]
923058	n	26.3713,-11.0882,26.7999,-10.6439	[[[263713,-108700,11,-222,33,-219,55,-215,75,-209,96,-201,116,-190,133,-178,151,-165,166,-149,181,-132,192,-114,203,-95,211,-75,76,-18,2587,3277,-98,161,-133,178,-151,165,-166,149,-181,132,-192,114,-203,95,-211,75,-218,54,-222,32,-224,11,-224,-11,-222,-32,-111,-28,-1709,-1906,-10,-62,-11,-222]]]
218855	n	20.2752,2.1439,20.7248,2.4425	[[[202752,23700,11,-222,32,-219,54,-215,74,-209,95,-201,113,-190,132,-178,148,-165,163,-149,177,-132,189,-114,200,-95,208,-75,213,-54,219,-32,220,-11,220,11,219,32,213,54,208,75,200,95,189,114,177,132,163,149,148,165,132,178,113,190,95,201,74,209,54,215,32,219,11,222,-11,222,-32,219,-54,215,-22,63,-33,3,-78,-9,-28,-23,-11,-28,-8,-85,-27,-52,-22,-18,-20,-9,-75,18,-51,-12,-71,-67,-35,-8,-30,6,-27,20,-25,31,-8,30,5,56,24,56,3,23,1,21,-16,33,-46,20,-29,-1,-46,-21,-41,-32,-56,-13,-71,31,-27,-13,-7,-13,7,-22,23,-35,-5,-21,-22,-17,-41,-5,-81,31,-23,-1,-25,-12,-78,-93,-26,-14,-70,-8,-33,3,-100,-31,-27,-20,-32,-72,-15,-20,-33,-16,-21,0,-23,10,-18,16,-6,17,0,52,38,76,-10,37,-24,16,-22,2,-17,-8,-15,-20,-19,-101,-12,-23,-65,-24,-26,-3,-33,11,-59,107,-25,21,-47,10,-21,-7,-61,-62,-69,-97,-24,-55,-15,-17,-74,-13,-21,4,-22,19,-8,38,0,33,47,84,1,44,-11,21,-28,29,-85,21,-14,16,-10,27,-4,46,-16,12,-21,-3,-24,-20,-27,2,-17,9,-25,-4,-26,-29,-30,-17,-68,-11,-48,18,-122,18,-57,34,-23,3,-24,-16,-39,-97,-34,-23,-24,-3,-41,12,-134,86,-85,20,-39,-1,-30,-7,-39,-30,-29,-52,-24,-25,-36,-6,-22,6,-23,20,-34,73,-17,22,-26,17,-17,4,-27,-7,-47,-1,-68,-25,-30,-23,-22,-34,-5,-29,-45,-46,-28,-20,-39,-6,-71,6,-104,51,-26,1,-52,-20,-56,-12,-39,-20,-37,-32,-35,-92,-17,-12,-30,-7,-23,5,-24,18,-21,39,-8,55,-32,-216,-11,-222]]]
211647	n	23.375,-3.7461,23.825,-3.2939	[[[233750,-35200,11,-222,32,-219,54,-215,74,-209,95,-201,113,-190,132,-178,148,-165,164,-149,177,-132,189,-114,200,-95,208,-75,214,-54,218,-32,221,-11,221,11,218,32,214,54,208,75,200,95,189,114,177,132,164,149,148,165,132,178,113,190,95,201,74,209,54,215,32,219,11,222,-11,222,-32,219,-54,215,-74,209,-95,201,-113,190,-132,178,-148,165,-164,149,-177,132,-189,114,-200,95,-208,75,-214,54,-218,32,-221,11,-221,-11,-218,-32,-214,-54,-208,-75,-200,-95,-189,-114,-177,-132,-164,-149,-148,-165,-132,-178,-113,-190,-95,-201,-74,-209,-54,-215,-32,-219,-11,-222]]]
213666	p	217562
208182	n	26.7733,-8.0561,27.2267,-7.6039	[[[267733,-78300,11,-222,33,-219,54,-215,75,-209,95,-201,114,-190,133,-178,149,-165,165,-149,179,-132,190,-114,201,-95,210,-75,216,-54,220,-32,222,-11,222,11,220,32,216,54,210,75,201,95,190,114,179,132,165,149,149,165,133,178,114,190,95,201,75,209,54,215,33,219,11,222,-11,222,-33,219,-54,215,-75,209,-95,201,-114,190,-133,178,-149,165,-165,149,-179,132,-190,114,-201,95,-210,75,-216,54,-220,32,-222,11,-222,-11,-220,-32,-216,-54,-210,-75,-201,-95,-190,-114,-179,-132,-165,-149,-149,-165,-133,-178,-114,-190,-95,-201,-75,-209,-54,-215,-33,-219,-11,-222]]]
2315579	n	19.3646,-5.1962,19.8154,-4.7439	[[[193646,-49700,11,-222,32,-219,54,-215,74,-209,95,-201,114,-190,131,-178,149,-165,164,-149,178,-132,189,-114,200,-95,209,-75,214,-54,219,-32,221,-11,221,11,219,32,214,54,209,75,200,95,189,114,178,132,164,149,149,165,131,178,114,190,95,201,74,209,54,215,32,219,11,222,-11,222,-32,219,-54,215,-74,209,-95,201,-114,190,-131,178,-149,165,-164,149,-178,132,-189,114,-200,95,-209,75,-214,54,-219,32,-221,11,-221,-11,-219,-32,-214,-54,-209,-75,-200,-95,-189,-114,-178,-132,-164,-149,-149,-165,-131,-178,-114,-190,-95,-201,-74,-209,-54,-215,-32,-219,-11,-222]]]
212360	n	26.7744,-5.6061,27.2256,-5.1539	[[[267744,-53800,11,-222,33,-219,53,-215,75,-209,95,-201,113,-190,132,-178,149,-165,164,-149,178,-132,190,-114,200,-95,208,-75,215,-54,219,-32,221,-11,221,11,219,32,215,54,208,75,200,95,190,114,178,132,164,149,149,165,132,178,113,190,95,201,75,209,53,215,33,219,11,222,-11,222,-33,219,-53,215,-75,209,-95,201,-113,190,-132,178,-149,165,-164,149,-178,132,-190,114,-200,95,-208,75,-215,54,-219,32,-221,11,-221,-11,-219,-32,-215,-54,-208,-75,-200,-95,-190,-114,-178,-132,-164,-149,-149,-165,-132,-178,-113,-190,-95,-201,-75,-209,-53,-215,-33,-219,-11,-222]]]
206047	r	28.9453,-1.4823,29.6881,-0.4495	[[[289453,-10354,24,-27,4,-46,19,-6,10,-18,47,-31,42,-63,18,8,36,-4,15,4,-4,26,12,-17,15,5,-3,-14,31,0,-1,-10,8,4,5,-22,12,1,35,-19,21,3,4,6,2,-7,9,4,9,19,29,-13,18,9,-5,16,15,13,1,13,-7,9,9,2,11,-21,-6,-17,23,-3,9,12,17,-7,-16,-9,-8,-41,13,11,33,-7,6,12,13,-4,10,12,1,-28,-15,-4,-1,-10,19,-2,6,8,15,2,4,8,17,0,-12,-47,-17,-18,14,-14,11,5,28,-12,8,8,2,15,-7,13,10,1,11,-7,3,-14,28,-23,-15,-4,-5,-11,-11,11,-15,-10,17,-24,45,-11,6,-3,-2,-9,-55,7,-11,-18,18,-7,5,3,6,-19,-4,-10,17,-14,7,-19,26,29,4,15,7,2,-2,-38,-15,-21,6,-21,7,-5,39,29,4,13,-7,17,12,-13,22,5,-10,-7,-4,-19,9,-9,-13,0,-11,-13,9,-13,24,-4,19,26,5,-1,2,-18,-11,-11,-36,-14,-22,4,25,-40,10,2,7,-11,24,10,13,16,18,2,2,11,23,14,3,-7,-5,-9,20,-7,2,-26,30,-22,1,-5,-11,7,-20,-16,1,-10,-11,-3,8,-15,-14,7,-9,-5,7,-21,-9,-3,-2,-14,29,-4,2,13,16,6,0,16,16,-18,24,9,10,13,-8,9,28,11,2,-21,-30,-28,5,-23,-11,-18,4,-8,-13,-15,7,-12,-1,-15,13,-10,-22,-3,24,-37,16,0,-6,-10,-9,-3,2,-6,12,5,5,-5,-12,-19,25,-11,9,3,-8,-6,-25,1,-11,-15,25,-9,33,5,15,15,-12,-21,-17,-7,3,-17,23,-4,6,6,11,-9,-7,-1,0,-13,-7,10,-10,-2,-10,-24,23,-22,19,0,-36,-10,-7,-10,8,-6,40,4,-38,-14,-9,2,-1,-31,36,19,-14,-22,4,-17,-18,4,-15,-4,-1,-15,20,-11,-11,-11,15,-16,10,-1,2,-13,14,-8,-8,-1,-41,18,1,-17,-8,-15,-8,-2,1,-6,-14,-2,2,-15,-13,-28,2,-20,-11,-5,6,-22,-23,11,10,-23,-17,-37,9,-8,-2,-11,26,-29,-3,-25,14,-20,-13,-5,2,-12,-6,1,-28,-35,-3,-22,-12,4,-8,-5,2,-11,-14,-9,18,-31,-12,-17,7,-2,2,-10,-17,-40,9,-14,-1,-11,15,-3,4,-12,24,-7,-8,-13,22,-1,2,-8,-6,-5,16,-1,1,7,8,1,9,-10,9,9,11,-6,-7,-21,26,0,-10,-20,10,-1,15,-21,-17,-10,-11,8,2,-17,10,-6,19,11,12,-1,-1,-26,-10,-9,9,-1,23,-28,9,4,-3,12,13,1,4,-10,-13,-93,13,-23,-101,-195,-36,-143,-34,-30,4,-88,44,-65,116,-97,80,-93,257,-108,155,-111,115,-237,71,-43,135,-38,177,-165,10,-6,84,-55,54,-9,310,-97,454,-625,117,-213,135,-16,121,0,171,51,113,25,876,-19,257,-24,332,-152,60,96,10,-2,116,-18,121,166,24,10,29,34,23,55,8,14,15,7,2,19,11,17,51,20,26,3,11,53,-4,12,24,22,4,12,26,0,25,-14,30,-5,26,28,-2,18,7,23,11,9,13,29,27,11,-4,39,24,48,2,4,1,0,1,2,2,1,4,3,22,-1,19,26,24,-2,45,11,27,27,17,1,12,18,39,20,5,17,2,0,4,16,14,11,7,24,26,0,60,58,13,-1,12,-17,8,-1,48,34,68,-15,47,3,9,-3,3,0,5,-2,3,-2,0,-1,2,-1,9,-3,3,-4,6,-3,26,-29,28,-1,5,-3,8,-2,3,2,1,5,1,18,11,30,169,696,-31,56,-20,70,-25,20,-55,244,12,267,11,16,16,-2,8,12,11,0,6,15,11,4,-3,11,8,10,18,-3,9,14,12,63,-7,14,15,18,4,28,-35,37,-4,37,18,21,23,6,3,7,-21,29,-114,59,-5,26,-28,22,-47,28,-14,1,-11,52,-26,18,-21,26,1,10,-23,22,-25,4,-13,12,11,20,-16,24,15,16,33,0,9,15,0,14,25,35,-14,49,-19,23,13,14,0,39,14,11,1,13,25,19,32,52,-22,40,-12,4,0,22,-8,-1,-3,10,-15,8,3,13,-5,18,-7,5,3,8,-7,1,0,18,-13,12,0,20,6,3,-15,44,8,29,-14,13,13,17,0,33,25,23,11,27,-4,6,4,35,-13,9,-12,32,42,56,75,522,-28,81,-45,258,28,219,28,41,9,33,-32,73,20,9,14,16,28,-31,12,-35,46,-4,15,8,1,22,19,34,-14,25,-45,10,-13,8,-17,41,7,47,12,11,-20,27,0,40,-15,15,7,30,-14,48,-11,18,3,25,-27,17,-2,25,21,44,25,22,11,25,10,6,-13,25,0,16,-25,39,-24,23,-33,8,-9,14,0,24,-18,42,6,13,-5,14,9,15,-10,26,23,42,19,-1,3,17,14,9,506,-4,-5,15,-9,0,-5,13,-14,4,-12,40,-15,6,1,11,-14,12,5,15,-9,3,4,24,-20,5,4,12,20,18,-7,6,5,7,-5,19,-17,14,2,10,-8,6,3,14,-9,10,3,9,-7,5,12,5,3,37,-17,22,6,-1,3,12,-16,32,7,7,-6,7,9,24,-4,11,24,35,-4,13,13,13,7,27,-3,6,23,14,13,35,-3,10,16,5,-4,7,8,6,-2,13,16,17,0,14,12,8,-1,9,8,-1,5,7,-1,5,-5,-4,4,7,-9,6,12,4,6,12,1,-7,6,3,-10,18,2,8,-11,6,7,18,-9,8,16,12,1,18,-12,9,-12,-4,14,23,-13,-9,-1,19,-8,0,7,8,12,-6,0,6,-31,9,3,15,-23,12,8,6,-2,9,-7,0,4,9,8,-4,-2,9,-17,7,-1,8,-7,0,-3,11,-11,7,6,7,6,-2,-7,9,2,13,-12,1,2,12,21,-1,2,9,-6,1,-3,9,6,9,-13,3,-4,11,15,-3,4,10,-9,6,9,9,-22,-1,-8,9,2,10,-9,-5,-10,9,-14,-4,-2,10,7,16,-8,4,10,15,-2,16,9,6,4,-11,3,12,10,-1,10,11,-5,8,-9,-6,3,18,-12,9,7,1,-5,12,8,17,-11,13,-6,-7,-2,13,-3,-5,-5,8,-6,-5,2,20,22,1,-8,16,17,10,7,-4,4,7,-7,0,-6,8,14,4,4,7,-7,7,16,6,-15,7,8,13,-10,1,-3,14,9,-3,-1,12,-15,-3,16,25,-13,-1,-4,9,-5,-3,5,11,-5,2,11,2,-3,8,7,3,-8,7,-7,-5,13,16,-8,4,15,22,-16,1,-5,-7,-7,14,11,-1,3,5,-13,12,1,14,11,11,-9,4,21,-1,-11,8,13,26,8,2,-14,13,15,13,-11,13,-10,2,6,11,-12,9,6,8,5,-4,2,10,-21,4,9,8,-4,12,8,-1,2,12,-6,-3,-16,11,15,19,11,-12,3,24,8,10,-8,0,1,10,-16,9,11,9,-6,-4,-5,15,-6,0,6,7,-7,10,-9,6,-16,1,2,13,-9,3,-4,15,15,23,-9,3,-1,6,11,17,-2,7,9,-8,7,5,0,12,8,-1,-10,6,-5,23,3,15,-10,0,-1,7,8,4,-5,3,5,21,-9,-1,1,11,-6,2,5,8,10,-4,-1,7,-12,7,10,5,-2,7,17,-2,4,7,-12,2,8,8,-4,8,4,7,26,-3,18,22,9,0,-12,7,0,11,12,0,-7,6,1,25,9,3,1,-13,12,9,-2,19,6,9,-13,-5,-8,20,9,4,-4,6,7,5,5,23,6,2,-8,14,8,9,5,-3,0,6,10,-5,3,14,7,3,-10,8,0,16,-7,2,3,5,7,-3,0,10,6,2,-18,1,5,10,-15,8,2,7,6,-4,24,12,6,21,6,-9,-4,-6,13,3,2,13,11,6,-4,5,12,23,-4,9,10,4,-7,3,12,3,-2,15,12,3,-6,6,6,10,-4,3,10,5,0,7,7,-1,-3,7,10,3,-2,7,9,1,6,-18,7,16,8,4,-7,5,1,16,6,3,-3,7,9,-1,7,11,2,-7,8,3,-7,3,8,8,-7,4,8,6,-7,8,5,19,-15,0,9,12,-17,14,18,22,-19,9,13,4,10,14,-5,14,9,14,-10,5,2,8,10,3,-3,8,8,-3,14,7,-1,15,19,5,-5,16,12,2,-2,14,11,-1,0,9,8,2,-9,12,5,7,14,-2,-6,10,10,-3,9,10,-10,2,0,10,18,-1,-4,10,12,13,0,14,9,-1,-11,13,-12,2,3,8,-36,35,6,16,-15,12,-2,28,-10,10,14,19,-22,23,4,10,-9,12,-6,3,-3,-6,-7,7,14,19,-4,4,-9,-6,-7,6,7,17,-18,11,6,8,-8,0,6,6,-3,7,-16,7,10,10,-4,9,11,5,16,-15,8,10,9,-2,-3,8,6,16,-10,2,-2,12,0,-8,-8,-2,5,14,-8,-3,-6,9,5,5,8,-7,10,22,-12,8,20,2,-5,8,8,0,-6,8,16,0,-8,4,8,6,7,-5,2,10,-12,4,20,-2,-3,10,24,12,-8,3,9,6,-2,8,10,-12,6,9,9,-1,3,-7,3,9,17,-2,2,18,-8,-1,0,14,-6,0,14,8,-14,9,13,7,-1,7,11,-7,7,5,-6,7,7,2,2,-9,4,5,-8,11,-8,-2,0,10,-11,8,1,-13,-6,1,2,15,-7,8,0,-16,-5,0,-4,15,-9,1,-10,12,-17,-6,8,-15,-20,7,3,23,11,-4,-1,9,-21,-2,4,12,-17,17,4,9,-12,-1,8,11,-21,2,8,8,1,16,-5,4,12,2,-2,9,7,-14,6,4,-10,16,-16,0,2,9,13,-3,-5,11,4,6,-10,0,-5,-7,-4,5,7,11,13,-1,-18,8,11,11,-9,4,2,8,-6,0,-1,6,19,19,-8,4,19,-1,-5,9,6,5,-7,7,13,7,-14,0,8,6,-8,4,5,5,-13,1,14,12,-5,8,11,6,-4,21,7,6,-11,-1,4,13,12,0,-2,8,8,-10,10,19,10,-4,-2,10,9,-10,14,15,-4,7,10,2,4,-8,7,5,1,-7,6,8,3,-10,-11,-14,18,0,-4,-12,5,-5,-8,-7,11,-3,13,5,4,-7,0,12,8,2,6,-5,-3,-9,6,-1,29,19,-10,18,15,-9,13,9,-2,7,-12,0,-1,13,-11,3,16,7,-15,20,5,10,-6,21,6,7,-1,16,-12,0,4,20,17,5,-3,9,14,1,-7,11,11,5,-20,43,-13,2,2,10,9,5,1,34,-7,16,15,25,-10,5,8,16,-8,15,18,9,17,-2,4,12,13,2,-16,11,6,9,9,-3,15,20,-8,9,30,6,0,11,11,-6,6,16,-11,0,3,9,-17,6,6,9,-5,11,-28,24,4,9,32,13,16,17,-13,45,3,12,10,9,17,-3,-5,15,-18,16,11,4,1,20,-30,30,9,13,-5,15,23,9,12,27,5,-4,16,6,14,17,-34,21,14,10,-5,11,4,23,-10,-2,-7,12,18,12,-3,9,8,19,-4,26,-21,-3,-76,-31,-62,-40,-91,-38,-8,-12,-93,-51,-29,-35,-99,-83,-18,-27,-9,-34,-3,-63,14,-30,-9,-34,-81,-78,-19,-55,-12,-16,-63,-44,-10,-13,19,-33,-7,-58,-12,-45,-50,-95,3,-25,16,-36,-4,-33,-151,-218,-6,-49,-43,-60,-90,-78,-37,-66,-27,-23,-73,-123,-35,-29,-5,-14,-46,-47,-37,-29,-58,-17,-138,4,-135,18,-59,16,-17,19,-16,0,-25,-23,-5,-14,36,-10,9,-14,19,0,8,-29,-9,-11,-90,-53,-79,-60,-30,-33,-87,-10,-46,-29,-19,0,-14,7,-6,18,-25,21,6,78,2,-5,5,3,-3,-20,6,13,4,-14,10,-6,15,1,-28,50,-2,13,11,30,-17,37,-65,50,-81,45,-13,14,1,9,-64,38,-21,28,-13,4,1,6,-17,-13,6,-30,-11,-2,-18,22,1,8,33,20,3,9,-6,6,32,4,4,-13,-1,20,-42,19,-41,6,-21,-5,-39,6,-29,-8,-29,-34,4,-10,6,-1,31,33,9,-11,-8,-7,12,-7,19,1,-4,-12,-17,8,-31,-19,-7,-47,10,5,8,21,8,-12,-12,-12,6,-5,-5,-7,-49,-29,-39,-8,-41,3,-28,-16,3,-6,6,7,17,-4,-4,-18,3,-7,5,1,5,-27,19,-26,7,-40,17,-8,-16,-5,-15,17,-26,3,-17,-2,1,-11,-15,-6,-18,20,-17,2,-16,-29,23,-6,2,-13,10,-8,36,-8,16,6,4,-6,-7,-9,-25,10,-16,-6,-9,-10,1,-9,11,-3,-9,-13,-6,13,-22,13,-41,-11,-11,2,7,18,-20,5,-2,14,-6,-11,-20,-6,-8,-13,11,-3,0,-16,7,-1,13,-38,23,-4,5,-17,19,-3,2,-7,26,-13,4,-26,-8,-7,1,-35,-15,-37,-16,-12,-52,0,-2,-25,-22,-24,-14,0,-14,-11,-13,-28,8,-1,-4,-10,-12,-9,-22,-3,-32,-29,-34,2,1,-23,-10,-19,38,-26,10,-18,-6,-12,-8,-2,0,-10,-26,-18,-20,-36,-7,-1,-5,-25,-9,5,-3,40,-20,51,-10,8,-44,10,-7,-5,-3,9,-19,7,9,-8,-8,-22,-34,-8,-52,-62,-7,-73,-43,-58,21,66,18,35,-14,14,-32,-10,-9,49,-24,10,-5,8,-3,50,37,53,22,-1,25,-21,13,10,-7,11,39,-8,25,12,-3,34,-34,72,1,13,11,10,5,22,11,16,-21,27,0,12,-127,-8,-34,-16,-170,63,-70,69,-72,0,58,-176,-84,-88,-188,-127,-157,-117,-526,-76,-80,98,-172,98,-141,167,-92,19,-42,-29,-11,-39,-13,-117,-167,-156,-53,-68,-146,-88,-190,18,5,-15,-28,-10,1,-23,-19,-16,-7,-28,-8,-10,-25,-11,2,-21,-5,-4,-1,8,-7,-8,17,-22,-8,-20,2,-76,-23,-35,7,-24,-25,-15,-19,-46,-48,-68,-5,-51,-25,0,-12,-12,0,-23,-15,-15,-24,5,-30,-12,-7,-16,-21,-7,-15,-13,-26,-41,-8,-2,7,-36,-16,1,-32,19,-3,-28,-27,-27,7,-19,-15,-13,-1,-17,-14,-2,0,-24,10,-25,-15,-30,-16,-15,7,-14,-11,-15,-35,-6,2,-30,-14,-16,-3,-19,9,-27,-6,-10,-31,-16,5,-74,-29,-9,-5,-7,3,-20,-11,-13,-5,-21,-24,-8,7,-35,-6,-31,-25,0,-22,-12,-17,3,-49,-38,4,-19,-8,-32,-26,-9,-10,-22,-8,-44,7,-22,-23,-42,8,-24,-3,-9,-37,3,-20,11,-45,-20,-22,-3,-20,-18,-16,3,-37,-7,-38,-19,-13,-18,-33,28,-29,-1,-53,11,-43,23,-20,-2,-17,8,-20,-36,-29,-34,-71,-28,-33,-1,-30,-34,-19,0,-55,30,-6,-3,-2,-21,-7,-7,-27,10,-18,-2,-19,23,-21,-10,30,-59,136,-74,152,-64,142,-86,175,-35,73,-58,80,-183,85,-109,52,-166,-11,-102,-55,-143,-84,-137,-61,-125,-51,-69,-195,-154,-70,-44,-204,50,-107,-28,-119,-1,-173,-34,-6,-13],[290654,-10900,11,222,32,219,54,215,74,209,94,201,113,190,132,178,148,165,163,149,177,132,189,114,199,95,208,75,214,54,218,32,220,11,220,-11,218,-32,214,-54,208,-75,199,-95,189,-114,177,-132,163,-149,148,-165,132,-178,17,-28,-2177,-3467,-146,21,-214,54,-208,75,-199,95,-189,114,-177,132,-163,149,-148,165,-132,178,-113,190,-94,201,-74,209,-54,215,-32,219,-11,222]]]
209598	n	27.1736,-7.5261,27.6264,-7.0739	[[[271736,-73000,11,-222,32,-219,54,-215,75,-209,95,-201,114,-190,133,-178,149,-165,165,-149,178,-132,191,-114,201,-95,209,-75,215,-54,220,-32,222,-11,222,11,220,32,215,54,209,75,201,95,191,114,178,132,165,149,149,165,133,178,114,190,95,201,75,209,54,215,32,219,11,222,-11,222,-32,219,-54,215,-75,209,-95,201,-114,190,-133,178,-149,165,-165,149,-178,132,-191,114,-201,95,-209,75,-215,54,-220,32,-222,11,-222,-11,-220,-32,-215,-54,-209,-75,-201,-95,-191,-114,-178,-132,-165,-149,-149,-165,-133,-178,-114,-190,-95,-201,-75,-209,-54,-215,-32,-219,-11,-222]]]
220121	n	27.2554,-0.0461,27.7046,0.4061	[[[272554,1800,11,-222,32,-219,54,-215,74,-209,94,-201,114,-190,131,-178,148,-165,163,-149,177,-132,189,-114,200,-95,207,-75,214,-54,218,-32,220,-11,220,11,218,32,214,54,207,75,200,95,189,114,177,132,163,149,148,165,131,178,114,190,94,201,74,209,54,215,32,219,11,222,-11,222,-32,219,-54,215,-74,209,-94,201,-114,190,-131,178,-148,165,-163,149,-177,132,-189,114,-200,95,-207,75,-214,54,-218,32,-220,11,-220,-11,-218,-32,-214,-54,-207,-75,-200,-95,-189,-114,-177,-132,-163,-149,-148,-165,-131,-178,-114,-190,-94,-201,-74,-209,-54,-215,-32,-219,-11,-222]]]
213940	r	25.1036,-5.1239,28.0027,-3.1107	[[[251036,-44300,34,-1028,100,-1024,138,-835,2206,-2813,9269,0,-3,-17,-25,-30,-6,-28,-24,-25,2,-33,-25,-35,-5,-17,4,-17,-7,0,-4,-14,-27,-24,-19,-37,-13,-13,-3,-30,-13,-7,2,-12,-11,-14,2,-14,-8,-19,-37,-19,-7,5,-7,-3,-9,-15,-23,-5,1,-15,-28,-11,-14,-20,0,-10,-16,-9,-5,7,-4,-5,-8,4,-4,-13,-20,-1,-13,-14,-16,7,-11,-14,-15,-2,-2,-7,-17,-8,0,-15,-24,-7,1,-15,-21,-7,-11,-29,-20,-22,0,-10,-62,-49,-1,-11,-11,-7,1,-10,-8,-2,-8,9,-17,-2,3,-15,-22,-10,-22,-31,-14,2,-3,-29,-13,-21,3,-29,-32,-15,-8,-27,-11,-10,7,-13,-2,-14,-15,-7,-2,-20,-10,2,-8,-9,4,-16,20,-13,-4,-7,6,-5,-8,-9,9,-4,-14,-15,9,-34,-4,-12,-7,-2,1,-7,-8,-4,-4,-13,-8,0,3,-20,5,-2,-1,-20,-10,-5,4,-22,-9,-19,18,-11,0,-9,-9,-8,11,-25,3584,1239,3868,0,49,25,67,56,25,54,7,42,-7,36,-139,237,-31,46,-71,78,-24,67,-18,30,-17,-4,-36,65,-68,233,2,10,19,17,12,67,-97,166,7702,2663,3181,4630,-3238,7730,-2376,2645,-12815,-6420,17,279,-25,949,-43,28,-4,-28,13,-11,-1,-8,-42,-8,-12,4,-18,-28,-39,-15,-12,-21,-24,-16,-15,6,13,30,-4,4,-34,-17,-22,18,-9,-3,-4,-19,-19,-3,-19,-15,-10,5,-11,25,-54,27,-34,-4,0,17,-13,3,-15,-5,-22,-23,-6,2,1,32,-61,16,-10,-1,5,-7,-11,-4,3,-21,-19,-25,-26,-1,-36,14,-1,24,-13,-4,-4,-12,11,-21,-6,-5,-26,0,-59,35,-4,-4,9,-16,2,-19,-8,-2,-20,10,-9,-2,4,-26,15,1,7,-6,-4,-6,-17,-8,-12,21,-21,2,-6,-10,10,-49,-14,4,-16,25,-1,13,-15,12,7,23,-16,5,-19,-21,-7,0,-6,-34,-20,12,-1,11,9,3,-16,24,-42,4,-22,21,3,16,-43,28,-2,8,-17,-1,-4,-7,-8,35,29,252,-78,512,-121,542,-122,845,-101,257,-295,52,-176,5,-158,-60,-129,-147,-87,30,-57,83,-49,51,-135,30,-91,80,-89,134,-145,99,-5,-76,4,-58,48,-348,-8,-158,4,-50,38,-107,35,-67,11,-253,14,-53,131,-232,18,-65,11,-70,26,-50,120,-182,56,-112,130,-148,35,-82,56,-61,36,-30,64,-41,112,-108,132,-66,61,-43,39,-35,75,-95,113,-299,12,-104,82,-303,88,-170,36,-137,70,-166,4,-25,0,-36,-22,-89,-94,-200,-10,-38,-6,-90,-88,-212,-15,-53,-9,-58,-3,-160,-2,-11,-9051,-4535,-48,-494,-34,-1028]]]
2316259	n	18.3747,-4.7661,18.8253,-4.3139	[[[183747,-45400,11,-222,32,-219,54,-215,75,-209,94,-201,114,-190,132,-178,148,-165,164,-149,177,-132,190,-114,200,-95,208,-75,214,-54,219,-32,221,-11,221,11,219,32,214,54,208,75,200,95,190,114,177,132,164,149,148,165,132,178,114,190,94,201,75,209,54,215,32,219,11,222,-11,222,-32,219,-54,215,-75,209,-94,201,-114,190,-132,178,-148,165,-164,149,-177,132,-190,114,-200,95,-208,75,-214,54,-219,32,-221,11,-221,-11,-219,-32,-214,-54,-208,-75,-200,-95,-190,-114,-177,-132,-164,-149,-148,-165,-132,-178,-114,-190,-94,-201,-75,-209,-54,-215,-32,-219,-11,-222]]]
207596	n	21.3345,-5.0761,21.7854,-4.6239	[[[213346,-48500,11,-222,32,-219,54,-215,75,-209,94,-201,114,-190,132,-178,148,-165,164,-149,178,-132,190,-114,199,-95,209,-75,214,-54,219,-32,221,-11,221,11,219,32,214,54,209,75,199,95,190,114,178,132,164,149,148,165,132,178,114,190,94,201,75,209,54,215,32,219,11,222,-11,222,-32,219,-54,215,-75,209,-94,201,-114,190,-132,178,-148,165,-164,149,-178,132,-190,114,-199,95,-209,75,-214,54,-219,32,-221,11,-221,-11,-219,-32,-214,-54,-209,-75,-199,-95,-190,-114,-178,-132,-164,-149,-148,-165,-132,-178,-114,-190,-94,-201,-75,-209,-54,-215,-32,-219,-11,-222]]]
215668	n	26.6842,-6.2761,27.1358,-5.8239	[[[266842,-60500,11,-222,32,-219,54,-215,75,-209,94,-201,114,-190,132,-178,149,-165,164,-149,178,-132,190,-114,201,-95,208,-75,215,-54,220,-32,221,-11,221,11,220,32,215,54,208,75,201,95,190,114,178,132,164,149,149,165,132,178,114,190,94,201,75,209,54,215,32,219,11,222,-11,222,-32,219,-54,215,-75,209,-94,201,-114,190,-132,178,-149,165,-164,149,-178,132,-190,114,-201,95,-208,75,-215,54,-220,32,-221,11,-221,-11,-220,-32,-215,-54,-208,-75,-201,-95,-190,-114,-178,-132,-164,-149,-149,-165,-132,-178,-114,-190,-94,-201,-75,-209,-54,-215,-32,-219,-11,-222]]]
209000	n	29.5137,-7.3061,29.9663,-6.8539	[[[295137,-70800,11,-222,32,-219,54,-215,75,-209,95,-201,114,-190,133,-178,149,-165,164,-149,179,-132,190,-114,201,-95,209,-75,216,-54,219,-32,222,-11,222,11,219,32,216,54,209,75,201,95,190,114,179,132,164,149,149,165,133,178,114,190,95,201,75,209,54,215,32,219,11,222,-11,222,-32,219,-54,215,-75,209,-95,201,-114,190,-133,178,-149,165,-164,149,-179,132,-190,114,-201,95,-209,75,-216,54,-219,32,-222,11,-222,-11,-219,-32,-216,-54,-209,-75,-201,-95,-190,-114,-179,-132,-164,-149,-149,-165,-133,-178,-114,-190,-95,-201,-75,-209,-54,-215,-32,-219,-11,-222]]]
217570	n	24.5051,2.5639,24.9548,3.0161	[[[245052,27900,10,-222,33,-219,53,-215,75,-209,94,-201,113,-190,132,-178,148,-165,164,-149,177,-132,189,-114,200,-95,207,-75,214,-54,219,-32,220,-11,220,11,219,32,214,54,207,75,200,95,189,114,177,132,164,149,148,165,132,178,113,190,94,201,75,209,53,215,33,219,10,222,-10,222,-33,219,-53,215,-75,209,-94,201,-113,190,-132,178,-148,165,-164,149,-177,132,-189,114,-200,95,-207,75,-214,54,-219,32,-220,11,-220,-11,-219,-32,-214,-54,-207,-75,-200,-95,-189,-114,-177,-132,-164,-149,-148,-165,-132,-178,-113,-190,-94,-201,-75,-209,-53,-215,-33,-219,-10,-222]]]
214390	r	23.0954,-8.7871,25.6455,-6.9017	[[[230954,-84311,5709,-3212,123,84,3,14,-5,-24,8,-15,-3,-13,-32,13,-14,-16,6,-25,-8,-12,21,-42,38,-53,14,-6,8,-18,-9,-25,47,-37,40,8,17,-6,29,-28,68,-38,96,15,46,-1,48,-19,22,-1,28,-35,25,-21,37,0,35,-16,27,1,9,-14,50,-18,93,19,12,25,20,1,44,30,14,2,8,11,44,16,5,8,68,6,20,13,13,-5,23,19,57,-23,16,-17,24,-3,65,-32,66,-15,30,-28,83,-5,83,75,20,8,62,2,17,10,43,49,31,6,59,60,24,10,50,-19,35,-2,45,-26,37,-9,31,-17,36,0,86,21,53,22,35,-13,15,2,17,10,26,27,12,24,44,49,56,4,32,-7,14,9,28,-3,68,13,28,18,50,-14,15,1,23,-11,-1,-17,-9,-13,4,-35,25,-39,7,-26,-3,-19,35,-18,7,10,20,-9,36,-53,14,1,34,-16,18,7,-11,13,8,6,24,-10,25,5,35,-17,25,22,6,16,6,-6,26,6,23,-6,5,-8,20,1,16,-13,5,5,8,-8,16,20,12,-7,23,4,15,-17,14,-4,33,549,-77,661,-79,219,18,350,65,33,61,60,109,84,215,125,134,157,58,102,130,112,231,253,120,180,199,328,146,97,158,26,434,-1,149,13,127,0,109,-15,95,-65,68,-58,84,-44,246,-227,123,-72,58,-53,147,-52,41,78,142,0,146,43,167,13,-6,8,17,27,2,21,-2,7,-10,2,6,11,-9,-2,-2,11,14,37,-27,-7,-11,47,5,16,-10,0,-28,25,11,6,-5,6,4,12,10,-4,-5,12,12,6,6,-4,11,20,8,1,6,26,13,11,-5,25,11,16,9,-7,27,27,6,26,-11,33,27,23,15,24,-1,44,28,16,-15,29,7,23,31,16,8,13,-5,12,13,13,9,-5,5,16,13,8,-1,15,19,1,20,23,7,-1,3,19,19,5,7,-5,9,17,13,5,10,25,13,12,12,0,5,30,-5,4,7,8,-10,26,13,4,-5,13,15,19,-1,17,13,15,-11,7,9,6,-7,4,2,22,12,1,-14,13,10,5,-4,12,7,3,0,11,-8,4,7,5,-5,3,5,6,-12,28,-2,17,5,6,-17,4,7,10,6,-1,4,11,-9,7,-3,22,6,4,1,16,8,5,-13,25,6,15,6,-10,6,3,2,13,9,-1,-10,9,6,19,-9,22,10,7,-29,53,-13,0,-11,13,-11,-10,-4,4,-2,23,-13,19,14,9,1,10,10,7,0,25,11,6,-4,7,10,0,3,29,11,2,14,26,20,8,-7,10,8,5,-4,16,6,14,17,0,-5,9,6,9,-15,12,7,5,-2,12,17,-4,-9,15,42,26,7,13,16,3,1,25,15,4,-7,15,7,15,-10,5,10,5,-5,23,14,23,-17,17,10,23,-12,6,-3,10,-9,0,0,21,15,10,9,21,8,-5,-4,24,13,3,4,23,11,2,6,17,14,12,4,11,-8,21,7,22,-3,10,9,19,-11,28,-23,6,-6,9,1,17,15,7,-13,47,10,46,10,19,11,8,7,46,10,7,-11,4,-1,11,-9,2,-7,19,15,39,30,52,16,16,8,20,12088,8253,328,2980,-8685,1942,-781,-222,0,-12,-16,7,-2,0,4,-8,-24,-6,-2,-12,-5,12,-5,5,-442,-126,9,-16,-28,-56,2,-19,12,-12,-15,-39,22,-34,46,-24,22,-25,-958,-380,-44,48,-31,67,-23,13,7,33,-24,37,-8,24,-19,17,-3,20,-42,9,-8,8,4,15,-11,5,0,6,9,18,-10,13,2,12,-233,-841,-960,231,-22,29,-47,19,-92,-31,-57,-29,-19,-20,-19,-51,-3,-22,5,-18,-53,-42,-7,-17,-13,-3,-23,-19,-9,13,-13,3,-11,-19,-21,-11,-20,26,-7,-21,-8,4,7,14,-14,16,-8,20,-23,7,-22,-10,-9,5,3,35,-14,-2,-14,37,8,15,-12,17,-19,-4,-16,25,-25,0,-32,15,-11,16,-12,3,-23,-11,-10,3,-23,-18,-40,-12,-34,25,-11,-1,-21,9,0,15,-8,6,-22,-9,-3,8,-11,-2,-6,11,-23,-17,-42,31,-16,4,-1,9,-13,3,-4,12,-11,13,-8,-3,-6,5,-5,19,-13,8,0,11,10,8,-7,8,-14,8,-9,-10,-17,-1,-17,30,-17,-6,-8,7,-8,13,10,14,-14,6,1,10,14,21,-11,12,-26,-7,-9,5,-31,-5,-29,-11,-9,3,-21,-12,-11,5,-19,38,-10,-14,-12,6,-10,21,-21,-3,-11,8,-12,-4,-17,27,-24,-13,-11,9,-10,-3,-6,4,1,22,-7,5,-13,6,-22,-22,-21,7,-23,38,1,15,-11,7,-14,25,-18,12,-46,-3,-21,-18,-3,12,-7,-18,-26,7,-4,6,-9,-5,-7,7,-6,-7,-7,6,-16,-9,1,-7,-15,4,2,-16,-18,9,-10,-7,-1,10,-11,-5,0,-8,-10,3,0,-8,-15,3,-1,-7,-11,3,6,6,-10,10,-32,1,-18,-10,3,-6,-10,3,-5,-8,-23,18,-1,-12,-13,12,-6,-8,-11,3,-1,7,-8,-2,-2,15,5,4,-12,0,-2,7,-11,2,11,4,-2,5,-11,0,-10,-12,-10,5,-1,-6,-23,12,-2,-10,0,14,-13,-5,-8,14,-5,-1,2,6,-7,-2,-19,13,-15,0,4,20,-10,3,8,8,22,3,3,37,12,35,13,-4,5,-11,31,8,35,30,8,16,3,35,-41,52,-13,26,-2,28,16,26,29,15,1,41,-23,51,-21,16,-32,64,-3,19,-13,14,3,30,-4,30,-54,43,-12,30,-17,11,6,26,-25,62,-22,19,-19,2,11,28,-29,15,-30,35,-26,-7,-11,-19,-37,18,-6,7,8,29,-3,7,-15,1,-21,21,10,26,16,17,-2,6,-9,7,-12,-2,-40,-16,-1,21,18,18,-9,12,-25,-4,-27,24,-82,8,-30,22,-27,-4,-20,24,-11,-2,-1,-23,-8,-4,-32,29,-20,-20,-37,28,-43,-11,-20,-9,12,-17,1,-18,-28,-103,4,-31,62,-65,28,-8,12,-13,8,-16,-9,-47,-76,-88,-19,-3,-36,11,-32,1,-49,-10,-86,7,-48,-13,-27,-17,1,-25,21,-37,14,-48,19,-8,39,4,44,17,18,-2,31,-54,26,-102,24,-42,103,-73,-5,-21,-35,-39,-44,-29,-82,-35,-47,-13,-17,-19,3,-29,54,-64,41,-22,33,-6,41,-56,2,-20,-13,-40,9,-46,-7,-24,-25,-26,-8,-76,7,-49,-13,-30,-29,-21,-32,3,-40,37,-45,10,-15,-12,-20,-39,-1,-36,-28,-109,-22,-34,-68,-4,-31,-14,-84,6,-57,-6,-42,24,-57,-17,-48,27,-132,9,-19,-14,-45,-99,-10,-39,-24,-26,-24,-12,-45,-96,4,-44,-30,-56,10,-51,-13,-22,-38,-9,-12,-14,-1,-12,-70,-26,-33,-39,-31,-24,-7,-14,12,-19,-4,-11,-41,-27,-24,-63,0,-20,-29,-42,-2,-22,-45,-121,-32,-37,-14,-26,-17,-21,-36,-7,-25,-16,-6,-67,-92,-31,-21,-15,-26,-42,-19,-4,-20,7,-6,-6,10,-49,16,-28,-4,-17,-46,-68,-23,9,-5,16,-11,10,-17,-3,-53,-50,-93,-20,-19,-24,0,-15,26,-32,17,-53,-20,-44,-5,-26,9,-34,18,-27,6,-64,45,-16,10,-47,30,-23,43,-13,20,-17,45,-80,26,-61,-10,-10,-47,-18,-32,-54,15,-55,-37,-89,-8,-46,17,-41,19,-11,9,-15,-12,-33,-38,-27,-13,-21,28,-37,-1,-8,-22,-21,-2,-18,-72,-48,-26,-67,1,-31,12,-16,17,-9,12,-26,-3,-38,-8,-20,6,-42,7,-7,31,-10,12,-17,44,-10,115,-6,49,10,20,-4,42,-48,11,-32,-3,-15,15,-29,62,-27,17,-14,3,-10,-18,-103,-10,-10,-50,-23,-56,-1,-5,-9,-57,-12,-22,-22,-89,-57,-17,-24,2,-33,8,-15,-29,-25,18,-36,16,-83,-1,-34,-26,-27,-6,-25,-13,-11,-2,-11,24,-58,5,-44,-17,-26,3,-35,-7,-23,-48,-60,-13,-30,-1,-20,-20,-22,11,-55,-1,-33,-38,-14,-21,-15,-2,-7,8,-20,13,-11,0,-10,-25,-13,-7,-10,3,-10,34,-14,14,-15,-2,-15,-64,-42,-12,-32,-33,-32,1,-11,40,-9,12,-26,-6,-12,-38,-21,-22,-28,-15,-36,-30,-31,3,-14,25,-22,-8,-20,0,-41,-6,-18,-9,-12,-30,-12,-42,-5,-39,-29,-18,-23,-46,-14,-30,-30,-7,-23,4,-19,39,-46,5,-15,-5,-34,26,-22,6,-19,3,-26,-10,-31,13,-26,-4,-26,-80,-71,-21,-38,-26,-13,-5,-13,6,-25,23,-11,46,0,31,-34,9,-117,46,-79,3,-17,-24,-57,-4,-38,-17,-25,-2,-34,-42,-25,3,-15,-21,-59,2,-22,14,-17,45,-1,20,-14,4,-21,-18,-30,-8,-31,-14,-10,-56,-6,-20,-38,10,-48,54,-103,0,-34,-10,-35,20,-90,-9,-30,-40,-26,-31,-6,-17,-20,0,-15,7,-15,28,-21,35,1,21,-10,15,-25,-32,-27,-32,-47,-7,-20,2,-21,-18,-30,4,-35,-54,-57,-6,-42,1,-2,2,-5,0,-5,15,-38,20,-25,-14,-24,-1,-26,2,-3,-1,20,1,-22,40,-30,6,-34,15,-32,30,-8,15,-18,-13,-21,-2,-14,1,-2,2,-4,22,-50,27,-33,4,-25,21,-18,56,-70,11,-59,64,-45,10,-112,1,-1,12,-21,2,-10,1,-1,0,-8,2,-3,0,-2,2,-1,7,-10,17,-9,54,-41,18,-37,-13,-18,10,-41,7,-8,11,-22,0,3,5,-18,-37,-33,-1,-10,-28,-44,15,-20,26,-8,3,-11,-11,-34,-25,-7,-25,17,-1,-1,-1,0,2,-7,-2,6,-2,-2,5,-9,-14,-56,9,-20,-8,18,-1,-5,9,-13,1,-3,1,-1,2,-2,4,-5,17,-10,2,-31,10,-18,-34,-56,3,-40,-28,-76,-50,-54,7,-42,31,-27,0,-1,11,-61,3,-3,0,-2,0,-1,24,-17,7,-20,47,-39,-6,-34,-82,-48,-33,-48,-29,-19,-11,-16,-15,-4,-2,-16,-9,1,0,-7,-21,-16,-10,8,-16,-12,-1,-16,-24,-8,-24,2,-13,16,-47,12,-27,31,-35,24,-152,15,-77,-7,-18,40,-18,18,-7,29,-57,30,-88,7,-53,-5,-83,-53,-132,-147,-74,-220,-50,-175,-55,-101,-137,-55,-88,-16,5,144,-174,-77,-157,-8,-136,-64,-115,20,-36,90,23,123,-73,42,-125,-23,-18,112,-69,110,-116,64,-4,-16,-66,-35,2,-32,6,1,5,-8,-22,-13,-1,-20,-5,-3,12,-5,-4,-15,-11,-3,1,-8,-10,-1,-8,-19,-22,-5,-13,-18,-5,1,-8,-11,5,-4,-7,-30,-9,-10,-7,5,2,-5,-10,-2,8,-5,-9,-2,-4,-20,-29,-29,10,-5,-18,-12,4,-11,7,0,4,-15,14,-5,-24,-24,-12,-3,-20,-41,12,-3,-8,-38,12,-41,-9,-23,-15,0,-7,-13,23,-11,-5,-15,4,-8,-9,-10,14,-6,0,-5,-21,-20,-6,-20,-25,-14,-1,-18,-9,-1,-1,2,-3,-7,2,5,-1,0,-1,-6,-2,-4,-1,-4,0,-1,1,-2,-1,-8,14,-25,-8,20,10,-24,-1,2,-2,-12,-1,0,8,-6,-14,-19,13,-20,-28,-11,-9,-13,-53,45,-37,17,1,8,-33,10,-11,19,-24,19,-22,3,-24,-12,-324,49,-1,43,-22,35,-18,19,-67,27,-222,251,-140,-49,-49,34,-23,38,-3,-6,-59,0,-109,-56,-106,-11,-31,-16,-44,-42,-35,-70,-75,-54,-21,-22,-15,-29,-34,-24,-19,-11,-59,-8,-50,-22,-49,-36,-19,-22,-119,-41,-102,-13,-105,98,-161,53,-90,-3,-3526,-4582],[236538,-85330,0,3,1,0,-1,-3],[236678,-80329,3,-1,-3,0,-12,-18,12,19],[236698,-83946,9,-1,2,-10,-3,10,-8,1],[236755,-86476,0,-1,-44,-52,44,53],[236714,-83732,0,1,14,-10,-14,9],[236720,-83889,6,-18,-1,0,-5,18],[236770,-80035,18,29,-18,-30,-5,-36,5,37],[236761,-83528,3,-2,-1,-5,1,6,-3,1],[236828,-81754,12,13,-1,14,1,-15,-12,-12],[236846,-81674,0,-1,-14,2,14,-1],[236837,-80830,1,0,3,-4,-4,4],[236974,-82547,2,22,1,0,-3,-22],[244100,-82332,3,6,1,0,-4,-6],[244110,-82027,17,-11,11,16,-10,-16,-18,11],[244123,-82184,4,-8,1,0,-5,8],[244477,-81552,6,-5,5,-21,-5,20,-6,6],[244502,-80845,5,6,-4,-6,5,-8,-6,8],[244515,-80811,15,-7,-1,0,-14,7],[244538,-80996,20,-2,-3,-5,3,4,-20,3],[244549,-81010,0,1,21,0,-3,-13,2,12,-20,0],[244682,-81199,3,-12,-1,0,-2,12],[244837,-80509,6,-14,0,-21,-1,21,-5,14],[244857,-80219,17,3,1,-4,-1,3,-17,-2],[244945,-79771,5,4,-4,-4,7,-16,-8,16],[244979,-79708,0,1,2,-16,0,1,-2,14],[245078,-79613,22,45,-22,-44,-5,-20,5,19],[245283,-79029,1,0,1,-20,-2,20],[245495,-78683,18,18,10,1,-9,-1,-19,-18],[245645,-78518,22,13,1,5,0,-5,-23,-13],[245808,-71702,5,-14,0,-1,-5,15],[245824,-78352,6,8,17,3,-17,-2,-6,-9],[245918,-74978,6,12,35,-1,-34,1,-7,-12],[245944,-72982,1,0,9,-12,-10,12],[245956,-73253,3,11,-3,-10,0,-1],[245957,-75308,3,-7,0,1,-3,6],[245968,-74894,12,47,0,-1,-12,-46],[245991,-75090,13,-29,26,-18,33,-10,14,1,-15,-1,-32,10,-27,18,-12,29],[246005,-71344,13,26,-7,51,8,-51,-14,-26],[246026,-74384,2,8,-2,-7,11,-12,-11,11],[246087,-75272,0,1,-18,-19,18,18],[246079,-78199,22,13,-21,-13,14,-21,-15,21],[246115,-70574,15,22,39,7,15,13,-14,-13,-40,-7,-14,-22,-6,-95,5,95],[246111,-74076,13,7,0,-1,-13,-6],[246164,-73707,-1,0,-19,5,20,-5],[246123,-73925,6,2,3,-5,-4,5,-5,-2],[246137,-73802,10,22,3,1,-2,-1,-11,-22],[246187,-70735,1,0,0,-3,-1,3],[246213,-78000,24,20,-23,-20,-4,-39,3,39],[246312,-70251,20,15,-19,-15,-4,-38,3,38],[246375,-75653,1,0,2,2,-3,-2],[246388,-77655,2,11,-2,-10,0,-1],[246643,-76288,1,0,14,-4,-15,4],[246691,-77133,1,10,-1,-9,-17,-14,17,13],[246664,-76727,5,6,-4,-6,12,-8,-13,8]]]
209161	r	22.7746,-6.6547,23.6296,-5.5868	[[[227746,-64536,70,-186,178,-393,203,-381,227,-366,251,-350,274,-334,1,-1,1823,138,9,12,-13,4,4,23,19,19,13,0,13,16,-3,18,13,-9,-1,10,8,3,4,-11,11,9,-1,13,32,7,1,8,14,11,-1,9,12,5,-18,12,11,16,13,4,6,-9,12,7,6,-9,6,4,0,13,6,-8,4,3,-7,23,4,4,-6,7,9,5,-4,12,10,40,-10,3,-10,47,19,39,-8,18,-22,19,-14,77,20,-4,15,10,8,35,-48,22,-6,14,30,32,-7,14,14,8,5,-8,6,7,-1,20,-9,5,7,17,30,-23,4,10,-10,9,3,10,13,-3,-9,9,4,11,7,-7,1,16,7,-5,9,14,7,-3,15,21,-9,4,7,11,12,19,5,-3,6,13,-4,8,11,1,-6,9,1,16,9,4,-2,26,-39,31,-3,6,13,-6,1,11,-17,0,-9,6,10,20,-5,7,-11,-1,-4,10,8,14,7,-7,14,21,-2,16,8,4,6,22,13,18,11,2,-5,8,8,0,3,-8,4,7,-9,10,13,3,-10,7,6,8,19,-11,10,9,3,12,-7,4,17,50,16,15,11,2,6,-9,6,6,2,16,-10,11,24,34,-8,12,5,8,9,-5,34,7,1,13,18,15,-2,11,8,-7,9,17,-2,15,12,1,-2,14,16,-4,5,8,-6,13,13,4,-2,38,18,14,12,-1,1,13,-18,12,13,11,-9,9,7,11,-9,8,8,7,-6,36,18,19,1,-13,7,-1,0,17,15,-4,-11,21,18,-5,-5,19,9,4,12,-14,9,13,-7,5,11,12,10,-1,-2,17,11,3,-11,12,15,-2,-7,11,10,12,-3,8,12,-3,-7,12,13,-4,6,25,7,5,3,20,-13,41,19,26,-10,5,0,7,20,4,-3,7,-9,0,12,8,-4,15,12,1,1,5,2,0,3,11,2,-1,14,-15,21,9,15,-4,6,8,28,5,-7,-6,6,-10,7,-2,7,8,4,-11,9,-1,4,12,10,-14,-8,-12,12,-1,-10,-8,-1,-18,-8,-4,10,-6,0,-14,12,-8,2,-16,7,-6,0,-27,-9,-3,5,-12,13,-2,4,-6,-7,-7,8,-4,5,-27,-10,-3,3,-7,-7,-15,9,-15,-6,-1,0,-10,-10,-1,6,-5,-5,-10,9,-4,-8,-14,-8,14,-7,-2,-1,-9,-11,9,-16,-5,-6,8,-12,-8,-11,-28,0,-38,22,-10,10,13,54,-36,22,-1,3,-15,19,-3,-1,-12,14,-13,-7,-5,1,-12,32,-2,11,-8,-6,-7,2,-12,-7,-8,3,-10,-13,-5,3,-9,-17,-13,12,-9,-3,-4,6,-12,-13,-30,4,-3,10,7,1,-16,-9,-5,4,-6,-5,-3,-9,-30,8,-14,29,11,18,-9,1,-17,15,-1,-35,-12,4,-27,13,-11,17,1,5,-10,-12,-24,1,-22,-6,12,-5,-1,3,-11,-7,0,-9,-15,2,-17,-12,-6,11,-17,-7,0,0,-13,-16,-12,4,-16,-13,-6,8,-8,13,4,-7,-7,14,-5,-6,-15,7,8,5,-7,19,2,3,-7,-7,-9,-13,0,8,-11,-3,-22,6,-15,-5,-8,11,2,-1,-13,10,3,11,-15,5,8,5,-1,2,-13,-6,-11,11,-9,8,6,7,-6,-3,-22,38,-15,-10,-19,-14,-5,28,-15,4,-8,-12,-39,-15,-2,-8,7,-17,-18,-9,-1,-10,-29,-17,5,2,-11,-6,-5,9,-36,14,-16,8,6,2,-1,2,-3,-1,-13,-20,0,0,-2,-1,0,0,-15,19,-28,10,-6,247,25,206,82,261,-3,370,183,302,266,5,-7,5,5,6,-8,8,4,29,-17,36,3,6,-9,8,4,31,-13,14,9,14,-2,10,-12,0,10,9,0,3,-9,10,-1,13,-13,24,11,13,-7,1,-7,8,6,10,-17,9,9,12,-3,2,-7,11,6,8,23,11,0,-4,15,20,20,7,-1,7,13,-1,8,11,13,61,39,31,28,6,0,-1,-8,5,-2,23,27,10,-6,6,3,22,-5,10,-4,30,-28,15,4,-1,-16,4,-1,1,-20,25,-2,14,-20,14,-2,7,-10,9,6,9,-18,9,0,32,-20,8,-16,19,-5,37,-26,15,-4,49,52,3,11,26,18,6,14,47,-15,24,10,60,-31,32,27,9,-3,18,17,28,10,18,38,18,11,39,-26,-5,-28,17,-26,18,5,29,-20,26,22,14,22,30,-20,20,7,1,0,-32,-143,9,-3,13,15,31,17,39,-38,-30,-38,-47,-21,-19,-63,2,-15,-18,-41,1,-36,-7,-12,-15,-5,-28,3,-21,-10,-5,-32,-9,-12,-3,-39,-14,-9,-120,-10,-11,-17,53,-89,4,-45,-14,-39,7,-26,15,-11,55,-16,11,-9,1,-12,1249,94,734,772,-181,452,-2427,6040,-1165,2898,-440,17,-300,-91,-403,-152,-393,-178,-380,-203,-246,-153,-2615,-7891]]]
2316770	r	17.9449,-0.2771,18.454,0.1958	[[[179449,0,6,-181,17,-181,30,-178,41,-177,52,-173,63,-170,75,-165,84,-160,96,-154,104,-147,115,-140,123,-133,131,-123,139,-115,147,-106,152,-96,159,-85,164,-75,169,-64,172,-52,175,-42,178,-29,179,-18,180,-6,180,6,179,18,178,29,175,42,172,52,169,64,164,75,159,85,152,96,147,106,139,115,131,123,123,133,115,140,104,147,53,85,-4285,3412,-123,-132,-115,-140,-104,-147,-96,-154,-84,-160,-75,-165,-63,-170,-52,-173,-41,-177,-30,-178,-17,-181,-6,-181]]]
2314523	n	14.2044,-5.7861,14.5939,-5.3364	[[[142044,-55600,10,-222,33,-219,54,-215,74,-209,95,-201,114,-190,132,-178,148,-165,165,-149,177,-132,190,-114,201,-95,208,-75,215,-54,219,-32,221,-11,221,11,219,32,215,54,208,75,201,95,190,114,88,67,-149,149,-291,41,-109,253,150,206,-85,53,-57,94,-118,83,-11,39,20,68,-21,46,15,177,-13,137,-66,155,-62,273,-83,287,-124,288,-143,276,-83,284,-55,144,-26,140,-40,137,-73,140,-134,223,-77,201,-18,147,-7,8,-122,-18,-215,-54,-208,-75,-201,-95,-190,-114,-177,-132,-165,-149,-148,-165,-132,-178,-114,-190,-95,-201,-74,-209,-54,-215,-33,-219,-10,-222]],[[145811,-57275,85,76,43,48,-81,-58,-47,-66]]]
216281	r	28.8805,-2.0108,29.4546,-1.36	[[[288805,-16700,7,-230,23,-229,37,-227,52,-224,66,-221,81,-215,94,-210,108,-203,121,-195,133,-187,145,-178,157,-168,166,-158,177,-146,186,-134,194,-121,202,-109,208,-95,215,-81,218,-67,43,-10,-161,951,-22,366,50,358,188,440,373,597,257,409,92,176,23,-24,-12,-17,-18,-8,19,-8,17,8,21,-2,-2,-8,13,-24,23,-13,-10,-14,15,-25,6,-17,42,-6,18,-15,15,-5,12,-15,27,5,3,11,21,7,-2,233,-9,41,1,0,-4,24,73,41,54,49,40,70,-162,37,0,21,-25,-4,40,59,483,400,101,131,274,565,116,149,157,66,764,31,25,6,22,14,21,22,34,53,95,150,-332,152,-257,24,-876,19,-113,-25,-171,-51,-121,0,-135,16,-117,213,-454,625,-310,97,-54,9,-84,55,-869,89,-101,-54,-194,-121,-186,-134,-177,-146,-166,-158,-157,-168,-145,-178,-133,-187,-121,-195,-108,-203,-94,-210,-81,-215,-66,-221,-52,-224,-37,-227,-23,-229,-7,-230]]]
219414	n	23.3954,1.0139,23.8446,1.4661	[[[233954,12400,11,-222,32,-219,53,-215,75,-209,94,-201,113,-190,132,-178,148,-165,163,-149,177,-132,189,-114,199,-95,208,-75,214,-54,218,-32,220,-11,220,11,218,32,214,54,208,75,199,95,189,114,177,132,163,149,148,165,132,178,113,190,94,201,75,209,53,215,32,219,11,222,-11,222,-32,219,-53,215,-75,209,-94,201,-113,190,-132,178,-148,165,-163,149,-177,132,-189,114,-199,95,-208,75,-214,54,-218,32,-220,11,-220,-11,-218,-32,-214,-54,-208,-75,-199,-95,-189,-114,-177,-132,-163,-149,-148,-165,-132,-178,-113,-190,-94,-201,-75,-209,-53,-215,-32,-219,-11,-222]]]
8329635	n	29.332,0.5495,29.7446,0.9261	[[[293320,8236,1024,-2142,2528,-599,64,71,131,178,114,190,94,201,74,209,54,215,32,219,11,222,-11,222,-32,219,-54,215,-74,209,-94,201,-114,190,-131,178,-148,165,-163,149,-177,132,-189,114,-200,95,-207,75,-214,54,-218,32,-220,11,-220,-11,-218,-32,-214,-54,-207,-75,-200,-95,-189,-114,-177,-132,-163,-149,-148,-165,-131,-178,-13,-20]]]
216404	n	20.7748,4.0538,21.2252,4.4534	[[[207748,42800,11,-222,32,-219,54,-215,74,-209,95,-201,113,-190,132,-178,149,-165,163,-149,178,-132,189,-114,200,-95,208,-75,215,-54,218,-32,221,-11,221,11,218,32,215,54,208,75,200,95,189,114,178,132,163,149,149,165,132,178,113,190,95,201,74,209,54,215,32,219,11,222,-6,131,-12,-6,-125,-9,-79,50,-73,63,-101,32,-200,11,-75,30,-80,165,-121,60,-244,81,-102,125,-192,349,-81,73,-165,31,-961,351,-920,197,-172,-12,-135,-123,-149,-165,-132,-178,-113,-190,-95,-201,-74,-209,-54,-215,-32,-219,-11,-222]]]
214925	n	27.9944,-5.7161,28.4456,-5.2638	[[[279944,-54900,11,-222,32,-219,54,-215,75,-209,94,-201,114,-190,132,-178,149,-165,164,-149,178,-132,189,-114,201,-95,208,-75,215,-54,219,-32,221,-11,221,11,219,32,215,54,208,75,201,95,189,114,178,132,164,149,149,165,132,178,114,190,94,201,75,209,54,215,32,219,11,222,-11,222,-32,219,-54,215,-75,209,-94,201,-114,190,-132,178,-149,165,-164,149,-178,132,-189,114,-201,95,-208,75,-215,54,-219,32,-221,11,-221,-11,-219,-32,-215,-54,-208,-75,-201,-95,-189,-114,-178,-132,-164,-149,-149,-165,-132,-178,-114,-190,-94,-201,-75,-209,-54,-215,-32,-219,-11,-222]]]
2315417	n	18.0653,-2.1561,18.5147,-1.7039	[[[180653,-19300,11,-222,32,-219,54,-215,74,-209,94,-201,114,-190,131,-178,148,-165,163,-149,178,-132,189,-114,199,-95,208,-75,214,-54,218,-32,220,-11,220,11,218,32,214,54,208,75,199,95,189,114,178,132,163,149,148,165,131,178,114,190,94,201,74,209,54,215,32,219,11,222,-11,222,-32,219,-54,215,-74,209,-94,201,-114,190,-131,178,-148,165,-163,149,-178,132,-189,114,-199,95,-208,75,-214,54,-218,32,-220,11,-220,-11,-218,-32,-214,-54,-208,-75,-199,-95,-189,-114,-178,-132,-163,-149,-148,-165,-131,-178,-114,-190,-94,-201,-74,-209,-54,-215,-32,-219,-11,-222]]]
9946557	n	29.9834,-7.8061,30.4366,-7.3539	[[[299834,-75800,11,-222,33,-219,54,-215,75,-209,95,-201,114,-190,133,-178,149,-165,165,-149,178,-132,191,-114,201,-95,209,-75,216,-54,220,-32,222,-11,222,11,220,32,216,54,209,75,201,95,191,114,178,132,165,149,149,165,133,178,114,190,95,201,75,209,54,215,33,219,11,222,-1,18,-218,762,-39,265,-10,21,-114,190,-133,178,-149,165,-165,149,-178,132,-191,114,-201,95,-209,75,-216,54,-220,32,-222,11,-222,-11,-220,-32,-216,-54,-209,-75,-201,-95,-191,-114,-178,-132,-165,-149,-149,-165,-133,-178,-114,-190,-95,-201,-75,-209,-54,-215,-33,-219,-11,-222]]]
2311127	r	12.4614,-5.4648,13.6737,-4.5769	[[[124615,-51007,19,-25,56,-5,16,-12,18,-2,42,-33,2,-8,-30,-37,1,-37,-38,-24,4,-17,17,-10,46,18,12,15,14,-3,23,-28,3,-18,40,-22,-2,-17,15,-9,4,-16,20,-4,1,-10,17,-2,-6,-17,19,-8,-7,-11,8,-45,16,-5,19,23,13,5,-8,-42,9,-5,3,19,12,13,11,-34,9,-7,22,14,13,29,20,15,19,2,19,12,28,-16,0,30,5,9,42,27,49,-29,19,0,22,-109,6,30,20,-6,8,-17,20,13,-1,-15,7,-10,-1,-8,-15,-10,8,-9,-15,-11,5,-6,-6,-22,3,-25,-10,-39,5,-20,17,-11,2,-18,-13,8,3,-21,-8,-6,-3,-74,4,-6,-4,-2,-18,-464,0,-1641,1313,-815,5842,684,1238,748,3047,2833,12,383,-15,475,-47,472,-77,469,-108,463,-137,454,-126,337,-96,-62,-217,-402,-115,-36,-92,-29,-121,55,-197,204,-127,57,-115,-16,-324,-189,101,-87,40,-86,-29,-76,-112,-58,-515,-379,-276,-335,-105,-84,-167,341,50,46,3,7,-10,17,12,14,-13,50,9,37,-3,16,-26,25,-21,41,-38,53,-1,23,8,32,-7,68,26,36,3,26,-17,21,-65,18,-15,12,-28,2,-25,-11,-1,0,-13,31,-95,92,-147,81,-606,217,-34,22,-26,55,-91,114,-81,84,-145,83,-88,71,-200,267,-218,197,-26,118,-52,102,-58,53,-24,77,-43,51,-50,2,-3,3,-16,19,-46,7,-2,33,-41,27,-7,24,2,26,-24,24,-7,23,-21,9,-17,67,-12,19,14,10,-17,31,-93,65,-103,32,-27,16,-5,-7,-55,65,-244,-26,-100,-134,-65,-87,15,-229,53,-34,58,-10,78,-40,19,-36,34,2,6,6,6,3,6,-3,11,-8,-8,-34,7,-24,-14,-9,-6,-17,4,-4,10,6,4,-23,-6,-22,9,-4,-1,-7,4,-4,1,-6,9,-7,1,-2,-1,-4,-13,-9,-4,-24,32,-15,-1,-13,13,-18,17,-6,28,-29,4,-21,-5,-31,21,-45,-5,-23,6,-6,-12,-3,1,-8,-29,0,-21,-21,3,-16,-33,-36,-19,-41,-25,-22,-12,1,-11,4,-17,-1,-13,11,-6,24,-12,-1,1,11,-6,3,-2,-7,-25,-3,-57,6,-9,-6,-4,-26,-13,11,-21,-6,-27,24,-17,0,-12,9,-10,18,-18,4,-30,-6,-52,25,-18,29,-68,41,-35,-29,-7,-21,9,-29,-15,-1,-7,-6,9,-17,-3,-10,-57,-32,7,-33,-19,-4,-13,-23,9,-23,-13,-12,-33,-13,-25,-51,12,-20,-6,-54,-6,-10,-20,-2,1,-15,-38,7,-17,12,-8,21,-22,-7,-31,14,-46,10,-47,35,-13,42,-9,-3,-5,-23,-25,-19,-13,4,-19,23,-20,-7,-8,-15,-53,9,-28,-5,-39,7,-36,-3,-24,-8,-23,-35,-35,-23,-18,-48,-14,-17,-67,31,-12,-30,-9,3,-34,-11,8,-19,-6,-11,-19,-9,-15,1,-27,-21,-44,23,-49,15,0,-21,22,-6,1,-8,-32,-2,-16,-7,-40,-52,-21,-6,-12,-26,-23,-29,19,5,4,-11,-16,-10,-21,-26,-7,10,7,34,-13,8,-6,-18,3,-28,-35,-16,-2,-21,-18,-36,-34,-3,-6,7,1,16,-20,2,-4,22,-25,-28,-14,4,-7,27,-18,13,7,34,-24,4,-21,22,-52,-28,-16,21,-26,12,-14,-1,-33,-19,-7,-19,-11,-8,-23,0,-27,-18,-33,-2,-4,-4,-2,-38,-55,6,-63,-45,-2,-18,27,-10,14,13,19,-14,2,-11,-26,-21,11,-50,-7,-21,-33,16,-14,-26,-30,7,-19,48,-26,-7,-10,5,-8,60,-9,8,-21,-2,-33,19,-25,-20,20,-11,8,-41,-37,-36,-40,-6,-14,-13,2,-19,43,17,21,-19,-3,-14,-32,6,-6,-8,6,-24,-20,-22,-5,-73,-28,18,-18,32,-26,0,-19,8,-8,-12,-11,-44,-33,-31,-29,-3,7,-31,-5,-7,3,-30,27,-15,8,-22,-8,-14,-18,-8,-21,-24,5,-23,-9,-30,3,-31,-35,-3,-18,-61,-32,-31,16,-24,-20,-25,-28,-27,-54,-15,-17,-14,-3,-43,-26,-72,14,-6,29,31,19,7,17,-29,9,-4,13,-19,0,-10,-9,-5,-5,-13,-49,-9,16,-19,16,-7,1,-21,-21,2,-5,12,-16,-8,-20,7,-5,-3,13,-22,-20,-18,-31,6,-27,-6,-30,8,-3,-38,-6,-7,-16,-3,0,-8,-12,-2,7,-74,-19,-33,-18,-5,-25,-23,-6,-16,7,-5,-1,-25,-11,-17,-18,12,-37,5,-17,-12,-5,3,-6,30,-9,4,-34,-30,-17,-8,-6,3,-3,28,-15,9,-11,-4,0,-47,-23,-10,-33,25,-3,47,-19,2,-5,-52,-31,-16,-5,-6,3,-14,-50,-22,-14,-23,0,-9,25,-36,-2,-15,-14,-3,-17,16,-11,-13,-16,-3,-34,-38,-33,-11,-9,-13,-7,0,-5,-13,6,-27,-17,-4,-26,-26,-2,-19,-18,-33,-40,-36,4,-39,-5,-17,27,-56,-21,-60,2,-25,-9,-39,-40,-21,17,-61,-41,-45,-12,-27,-45,1,-35,-10,-4,-5,10,-17,0,-17,-8,-10,-44,2,-14,31,-34,29,-26,-24,-26,2,-17,-14,-25,-4,-13,16,-9,0,-41,-9,-28,-15,-14,-37,-27,-16,-16,1,-44,28,-15,-14,-19,-1,-22,-21,-42,56,-27,8,-9,23,3,23,-5,7,-66,10,-30,21,-44,8,-6,-15,-74,-21,-7,-24,-4,-4,-11,4,-24,-23,-26,3,6,21,-15,10,-20,-3,-22,9,-15,-52,-18,-21,-5,-38,8,-15,16,-5,15,-15,0,-61,12,-45,-9,-22,-19,-16,11,-23,-19,-34,15,-16,-39,-26,-25,-80,-21,-15,5,-31,-6,-1,-18,15,-5,-4,12,-31,-4,-43,-6,-1,-9,13,-9,0,-4,-11,-18,-3,-1,-16,-19,-1,-12,-8,18,-37,-14,-9,1,-15,-10,-8,13,-12,-3,-7,-16,-6,-19,8,7,-35,28,-13,2,-10,-30,-23,-16,-3,-17,13,-27,-6,-22,12,-17,18,-11,-2,-11,13,-9,1,-8,-23,-19,-9,-15,-42,-30,-13,-5,13,22,10,-4,29,10,22,-27,0,-6,-5,4,-42,-27,3,-4,-30,-23,11,-15,-36,-15,5,-5,39,-13,-20,-13,17,-7,-27,-30,-18,7,-15,-5,-5,-20,-8,-7,1,-2,7,-9,-5,2,-13,20,-11,-21,-34,8,-11,-16,-2,5,-19,-8,-4,3,-10,-8,-15,-11,18,-13,5,-3,24,-6,-2,1,-19,-10,5,1,30,-18,37,-17,9,-7,-14,-17,-4,-10,15,-10,-7,6,-27,-26,6,-32,-15,20,-9,0,-16,-14,4,-15,-26,-10,8,-12,0,0,-19,21,3,-20,-17,17,-1,-1,-18,-7,-11,-30,-17,-3,-16,-8,28,-33,-17,10,16,-5,7,-49,-11,-12,4,-6,-17,17,-7,2,-10,-28,-12,-3,-19,-19,10,10,14,-2,50,-15,-21,-28,-8,5,15,-8,17,15,-2,5,6,-11,35,-31,-28,-4,33,-21,-16,-31,-5,-6,10,19,25,-6,7,-21,-17,-28,-1,-4,-18,-15,-5,-11,-14,-17,20,-21,-22,-21,27,-5,1,-1,1,0,-1,-1,0,-6,-32,-10,18,-7,-8,8,-24,-15,-32,12,-6,1,-9,-38,-26,-2,-22,13,-9,0,-7,-21,-19,-21,3,-18,-13,-14,9,-8,-3,4,-13,28,-8,1,-7,-26,-4,-24,15,-41,2,-3,-10,18,-9,-10,-27,-19,-4,-23,10,-23,-29,-4,15,-16,2,0,-27,-12,-12,-37,-7,-9,-13,-33,-6,-36,-16,0,-2,-1,0,1,-9,15,-9,30,1,18,-8,1,-13,-19,-9,-4,-11,6,-14,26,-18,-50,-29,-36,-7,-2,-14,29,-13,2,-10,-41,-28,0,-10]]]
2313084	n	19.3049,-4.2461,19.7482,-3.7939	[[[193049,-40200,11,-222,32,-219,54,-215,74,-209,95,-201,113,-190,132,-178,148,-165,164,-149,177,-132,190,-114,199,-95,208,-75,215,-54,218,-32,221,-11,221,11,218,32,215,54,208,75,199,95,50,30,448,1051,623,1461,-28,108,-74,209,-95,201,-113,190,-132,178,-148,165,-164,149,-177,132,-190,114,-199,95,-208,75,-215,54,-218,32,-221,11,-221,-11,-218,-32,-215,-54,-208,-75,-199,-95,-190,-114,-177,-132,-164,-149,-148,-165,-132,-178,-113,-190,-95,-201,-74,-209,-54,-215,-32,-219,-11,-222]]]
2314935	n	13.4861,-5.8658,13.8857,-5.5339	[[[134861,-56159,521,-1298,159,-87,145,-223,110,-413,63,-419,556,-59,1656,133,609,49,5,11,75,209,54,215,32,219,11,222,-11,222,-32,219,-54,215,-75,209,-94,201,-114,190,-132,178,-149,165,-164,149,-178,132,-190,114,-200,95,-209,75,-215,54,-219,32,-221,11,-221,-11,-219,-32,-215,-54,-209,-75,-200,-95,-190,-114,-178,-132,-164,-149,-143,-158]]]
206847	n	27.7942,-6.1861,28.2458,-5.7339	[[[277942,-59600,11,-222,32,-219,54,-215,75,-209,95,-201,114,-190,132,-178,148,-165,165,-149,178,-132,190,-114,200,-95,209,-75,214,-54,220,-32,221,-11,221,11,220,32,214,54,209,75,200,95,190,114,178,132,165,149,148,165,132,178,114,190,95,201,75,209,54,215,32,219,11,222,-11,222,-32,219,-54,215,-75,209,-95,201,-114,190,-132,178,-148,165,-165,149,-178,132,-190,114,-200,95,-209,75,-214,54,-220,32,-221,11,-221,-11,-220,-32,-214,-54,-209,-75,-200,-95,-190,-114,-178,-132,-165,-149,-148,-165,-132,-178,-114,-190,-95,-201,-75,-209,-54,-215,-32,-219,-11,-222]]]
2311968	n	17.4652,-2.9461,17.9148,-2.4939	[[[174652,-27200,11,-222,32,-219,54,-215,74,-209,94,-201,114,-190,131,-178,148,-165,164,-149,177,-132,189,-114,200,-95,207,-75,214,-54,219,-32,220,-11,220,11,219,32,214,54,207,75,200,95,189,114,177,132,164,149,148,165,131,178,114,190,94,201,74,209,54,215,32,219,11,222,-11,222,-32,219,-54,215,-74,209,-94,201,-114,190,-131,178,-148,165,-164,149,-177,132,-189,114,-200,95,-207,75,-214,54,-219,32,-220,11,-220,-11,-219,-32,-214,-54,-207,-75,-200,-95,-189,-114,-177,-132,-164,-149,-148,-165,-131,-178,-114,-190,-94,-201,-74,-209,-54,-215,-32,-219,-11,-222]]]
203717	n	24.2154,0.5439,24.6646,0.9961	[[[242154,7700,11,-222,32,-219,54,-215,74,-209,94,-201,114,-190,131,-178,148,-165,163,-149,177,-132,189,-114,200,-95,207,-75,214,-54,218,-32,220,-11,220,11,218,32,214,54,207,75,200,95,189,114,177,132,163,149,148,165,131,178,114,190,94,201,74,209,54,215,32,219,11,222,-11,222,-32,219,-54,215,-74,209,-94,201,-114,190,-131,178,-148,165,-163,149,-177,132,-189,114,-200,95,-207,75,-214,54,-218,32,-220,11,-220,-11,-218,-32,-214,-54,-207,-75,-200,-95,-189,-114,-177,-132,-163,-149,-148,-165,-131,-178,-114,-190,-94,-201,-74,-209,-54,-215,-32,-219,-11,-222]]]
220448	r	23.4953,2.4537,24.0647,3.0263	[[[234953,27400,6,-187,18,-187,30,-185,43,-182,54,-179,65,-176,77,-170,88,-166,99,-159,108,-152,118,-145,128,-137,136,-128,144,-119,151,-109,158,-99,165,-88,169,-77,175,-66,178,-55,182,-42,183,-31,186,-18,186,-6,186,6,186,18,183,31,182,42,178,55,175,66,169,77,165,88,158,99,151,109,144,119,136,128,128,137,118,145,108,152,99,159,88,166,77,170,65,176,54,179,43,182,30,185,18,187,6,187,-6,187,-18,187,-30,185,-43,182,-54,179,-65,176,-77,170,-88,166,-99,159,-108,152,-118,145,-128,137,-136,128,-144,119,-151,109,-158,99,-165,88,-169,77,-175,66,-178,55,-182,42,-183,31,-186,18,-186,6,-186,-6,-186,-18,-183,-31,-182,-42,-178,-55,-175,-66,-169,-77,-165,-88,-158,-99,-151,-109,-144,-119,-136,-128,-128,-137,-118,-145,-108,-152,-99,-159,-88,-166,-77,-170,-65,-176,-54,-179,-43,-182,-30,-185,-18,-187,-6,-187]]]
2312249	n	16.6951,-3.2462,17.1449,-2.7939	[[[166951,-30200,11,-222,32,-219,54,-215,74,-209,95,-201,113,-190,132,-178,148,-165,163,-149,178,-132,189,-114,199,-95,208,-75,214,-54,219,-32,220,-11,220,11,219,32,214,54,208,75,199,95,189,114,178,132,163,149,148,165,132,178,113,190,95,201,74,209,54,215,32,219,11,222,-11,222,-32,219,-54,215,-74,209,-95,201,-113,190,-132,178,-148,165,-163,149,-178,132,-189,114,-199,95,-208,75,-214,54,-219,32,-220,11,-220,-11,-219,-32,-214,-54,-208,-75,-199,-95,-189,-114,-178,-132,-163,-149,-148,-165,-132,-178,-113,-190,-95,-201,-74,-209,-54,-215,-32,-219,-11,-222]]]
2313874	n	17.9252,-2.9561,18.3748,-2.5038	[[[179252,-27300,10,-222,33,-219,53,-215,75,-209,94,-201,114,-190,131,-178,148,-165,164,-149,177,-132,189,-114,200,-95,207,-75,214,-54,219,-32,220,-11,220,11,219,32,214,54,207,75,200,95,189,114,177,132,164,149,148,165,131,178,114,190,94,201,75,209,53,215,33,219,10,222,-10,222,-33,219,-53,215,-75,209,-94,201,-114,190,-131,178,-148,165,-164,149,-177,132,-189,114,-200,95,-207,75,-214,54,-219,32,-220,11,-220,-11,-219,-32,-214,-54,-207,-75,-200,-95,-189,-114,-177,-132,-164,-149,-148,-165,-131,-178,-114,-190,-94,-201,-75,-209,-53,-215,-33,-219,-10,-222]]]
2316091	n	19.6418,-4.3861,20.0852,-3.9339	[[[196418,-42148,27,-108,75,-209,94,-201,114,-190,131,-178,149,-165,164,-149,177,-132,190,-114,199,-95,208,-75,215,-54,218,-32,221,-11,221,11,218,32,215,54,208,75,199,95,190,114,177,132,164,149,149,165,131,178,114,190,94,201,75,209,53,215,33,219,11,222,-11,222,-33,219,-53,215,-75,209,-94,201,-114,190,-131,178,-149,165,-164,149,-177,132,-190,114,-199,95,-208,75,-215,54,-218,32,-221,11,-221,-11,-218,-32,-215,-54,-208,-75,-199,-95,-50,-30,-1071,-2512]]]
11905965	n	29.0854,0.3771,29.4344,0.8261	[[[290854,6000,11,-222,32,-219,54,-215,74,-209,94,-201,114,-190,131,-178,148,-165,163,-149,177,-132,189,-114,200,-95,207,-75,214,-54,78,-11,803,1163,-1,104,95,146,41,83,-6,63,169,118,-224,109,6,17,-10,15,-2,29,-17,13,-12,26,-14,2,-4,8,-22,12,-9,33,-11,16,-15,8,-2,15,13,1,4,7,-14,33,5,14,14,5,-1,13,11,5,-7,26,-11,1,-3,15,-17,22,0,19,9,7,2,13,-14,0,-3,19,-27,30,-4,19,-16,4,-9,41,-8,7,4,13,-10,3,4,15,-18,27,11,5,0,7,-9,-5,-9,11,-13,1,-2,5,13,8,1,11,-19,-10,-4,22,-13,0,5,13,-10,0,-2,6,9,25,-6,8,-7,-6,-7,13,2,7,12,1,-17,21,-5,-4,-10,8,12,41,14,-5,30,4,-3,4,10,2,2,-10,6,9,5,-19,15,-4,-10,0,6,-9,-13,-7,8,-11,29,39,7,0,27,-31,25,-7,-1,-7,13,-13,7,-21,13,2,14,-29,85,13,-12,-22,13,-4,14,8,12,-15,17,0,1,-8,-11,-16,12,-6,50,3,-1,16,18,4,26,3,33,-5,40,24,5,-8,-4,-10,26,3,21,23,41,18,23,-1,3,17,22,3,8,18,14,9,31,-22,8,20,12,-4,6,13,6,-3,-9,-24,-1,-36,-18,2,17,-11,24,7,14,-4,11,27,14,0,12,8,10,-4,-9,-16,0,-26,22,9,-4,21,7,1,14,-15,12,17,23,2,5,-5,-6,-15,1,-18,12,11,12,-4,-4,-13,60,-165,61,89,-1031,2156,-213,11,-220,-11,-218,-32,-214,-54,-207,-75,-200,-95,-189,-114,-177,-132,-163,-149,-148,-165,-131,-178,-114,-190,-94,-201,-74,-209,-54,-215,-32,-219,-11,-222]]]
210399	n	23.486,-7.3861,23.9263,-6.9339	[[[234860,-72328,49,-137,95,-201,114,-190,132,-178,150,-165,164,-149,179,-132,190,-114,201,-95,209,-75,215,-54,220,-32,222,-11,222,11,220,32,215,54,209,75,201,95,190,114,179,132,164,149,150,165,132,178,114,190,95,201,75,209,54,215,33,219,10,222,-10,222,-33,219,-54,215,-75,209,-95,201,-114,190,-132,178,-150,165,-164,149,-179,132,-190,114,-201,95,-209,75,-215,54,-220,32,-222,11,-222,-11,-136,-20,-2,-3,-1780,-2955]]]
212760	n	29.0654,-1.3139,29.4785,-0.8639	[[[290654,-10900,11,-222,32,-219,54,-215,74,-209,94,-201,113,-190,132,-178,148,-165,163,-149,177,-132,189,-114,199,-95,208,-75,214,-54,146,-21,2177,3467,-17,28,-132,178,-148,165,-163,149,-177,132,-189,114,-199,95,-208,75,-214,54,-218,32,-220,11,-220,-11,-218,-32,-214,-54,-208,-75,-199,-95,-189,-114,-177,-132,-163,-149,-148,-165,-132,-178,-113,-190,-94,-201,-74,-209,-54,-215,-32,-219,-11,-222]]]
213576	n	28.9454,-0.8123,29.3946,-0.3839	[[[289454,-6100,11,-222,32,-219,54,-215,74,-209,94,-201,114,-190,131,-178,148,-165,163,-149,177,-132,189,-114,60,-29,0,5,31,16,6,10,-9,27,3,19,14,16,-2,30,35,6,11,15,-7,14,16,15,15,30,-10,25,0,24,14,2,1,17,15,13,-7,19,27,27,3,28,32,-19,16,-1,-7,36,8,2,26,41,15,13,21,7,7,16,30,12,24,-5,15,15,0,23,12,12,25,0,5,51,48,68,19,46,25,15,-7,24,23,35,-2,76,8,20,-17,22,7,8,1,-8,5,4,-2,21,25,11,8,10,7,28,19,16,-1,23,28,10,-5,15,190,-18,146,88,53,68,167,156,13,117,11,39,42,29,92,-19,141,-167,172,-98,80,-98,526,76,157,117,188,127,84,88,-58,176,72,0,70,-69,170,-63,34,16,127,8,0,-12,21,-27,-11,-16,-5,-22,-11,-10,-1,-13,34,-72,3,-34,-25,-12,-39,8,7,-11,-13,-10,-25,21,-22,1,-37,-53,3,-50,5,-8,24,-10,9,-49,32,10,14,-14,-18,-35,-21,-66,43,58,7,73,52,62,34,8,8,22,-9,8,19,-7,1,-2,18,51,54,215,32,219,11,222,-11,222,-32,219,-54,215,-74,209,-94,201,-114,190,-131,178,-148,165,-163,149,-177,132,-189,114,-200,95,-207,75,-214,54,-218,32,-220,11,-220,-11,-218,-32,-214,-54,-207,-75,-200,-95,-189,-114,-177,-132,-163,-149,-148,-165,-131,-178,-114,-190,-94,-201,-74,-209,-54,-215,-32,-219,-11,-222]]]
218680	n	20.6554,-0.5061,21.1046,-0.0539	[[[206554,-2800,11,-222,32,-219,54,-215,74,-209,94,-201,114,-190,131,-178,148,-165,163,-149,177,-132,189,-114,200,-95,207,-75,214,-54,218,-32,220,-11,220,11,218,32,214,54,207,75,200,95,189,114,177,132,163,149,148,165,131,178,114,190,94,201,74,209,54,215,32,219,11,222,-11,222,-32,219,-54,215,-74,209,-94,201,-114,190,-131,178,-148,165,-163,149,-177,132,-189,114,-200,95,-207,75,-214,54,-218,32,-220,11,-220,-11,-218,-32,-214,-54,-207,-75,-200,-95,-189,-114,-177,-132,-163,-149,-148,-165,-131,-178,-114,-190,-94,-201,-74,-209,-54,-215,-32,-219,-11,-222]]]
923186	n	26.0915,-10.8461,26.5485,-10.3939	[[[260915,-106200,11,-222,33,-219,54,-215,76,-209,96,-201,115,-190,134,-178,150,-165,166,-149,181,-132,192,-114,203,-95,211,-75,217,-54,222,-32,224,-11,224,11,222,32,111,28,774,863,912,1017,21,23,10,65,11,222,-11,222,-33,219,-54,215,-76,209,-96,201,-115,190,-134,178,-150,165,-166,149,-181,132,-192,114,-203,95,-211,75,-217,54,-222,32,-224,11,-224,-11,-222,-32,-217,-54,-211,-75,-203,-95,-192,-114,-181,-132,-166,-149,-150,-165,-134,-178,-115,-190,-96,-201,-76,-209,-54,-215,-33,-219,-11,-222]]]
210379	n	23.2146,-5.1962,23.6655,-4.7439	[[[232146,-49700,11,-222,32,-219,54,-215,74,-209,95,-201,114,-190,131,-178,149,-165,164,-149,178,-132,189,-114,200,-95,209,-75,214,-54,219,-32,221,-11,221,11,219,32,214,54,209,75,200,95,189,114,178,132,164,149,149,165,131,178,114,190,95,201,74,209,54,215,32,219,11,222,-11,222,-32,219,-54,215,-74,209,-95,201,-114,190,-131,178,-149,165,-164,149,-178,132,-189,114,-200,95,-209,75,-214,54,-219,32,-221,11,-221,-11,-219,-32,-214,-54,-209,-75,-200,-95,-189,-114,-178,-132,-164,-149,-149,-165,-131,-178,-114,-190,-95,-201,-74,-209,-54,-215,-32,-219,-11,-222]]]
