1796236	n	121.1057,30.9581,121.5074,31.5951	[[[1211057,313003,1029,-420,264,-532,0,-514,-170,-298,1054,-1658,844,551,-827,1011,840,294,78,163,-134,169,-290,174,186,324,-525,733,-468,59,213,522,-539,1005,1105,-129,174,195,-282,123,-200,135,-206,138,-587,743,-690,160,173,-1007,-1042,-1941]],[[1214400,312152,674,-235,-224,313,-450,157,0,-235]]]
1814906	n	105.9345,29.1306,106.9673,29.9802	[[[1059345,291795,270,-288,2161,-201,785,506,541,56,936,32,-872,1928,842,979,65,161,1814,-298,3348,-260,432,398,6,9,-318,363,-1135,330,29,34,131,190,108,201,86,209,7,24,15,-5,93,172,31,75,-1150,2704,-1165,-90,-1855,778,-100,-34,-1345,-998,-863,-274,-380,-1062,-2007,-917,58,-931,-240,-398,717,-2088,-1045,-1305]]]
1815286	n	103.6559,30.2885,104.5922,31.2161	[[[1036559,307309,2067,-3523,3529,-901,3582,2639,85,294,75,439,25,443,-25,443,-26,152,-3521,1658,-694,-197,54,78,110,201,87,209,62,215,38,219,2,24,-777,1707,-1128,630,-107,60,-86,19,-254,32,-257,11,-257,-11,-254,-32,-249,-54,-243,-75,-232,-95,-220,-114,-207,-132,-190,-149,-173,-165,-153,-178,-132,-190,-110,-201,-87,-209,-62,-215,-38,-219,-13,-222,13,-222,38,-219,62,-215,87,-209,110,-201,132,-190,153,-178,173,-165,190,-149,207,-132,220,-114,204,-83,-1810,-514]]]
1816670	n	115.7082,39.4639,116.9279,40.4461	[[[1157082,396900,14,-222,42,-219,69,-215,97,-209,122,-201,147,-190,171,-178,192,-165,213,-149,230,-132,245,-114,259,-95,270,-75,278,-54,283,-32,286,-11,286,11,283,32,278,54,270,75,259,95,245,114,153,88,-33,60,129,14,278,54,152,43,152,-43,278,-54,284,-32,286,-11,286,11,284,32,278,54,270,75,48,18,1332,1649,2585,286,2,0,105,11,180,126,193,165,171,178,58,74,-654,2342,841,1764,-66,141,-123,201,-148,190,-172,178,-193,165,-214,149,-231,132,-248,114,-260,95,-271,75,-280,54,-285,32,-288,11,-288,-11,-285,-32,-280,-54,-271,-75,-260,-95,-245,-113,48,143,-25,42,-149,190,-171,178,-194,165,-214,149,-232,132,-248,114,-260,95,-272,75,-280,54,-286,32,-288,11,-288,-11,-286,-32,-280,-54,-272,-75,-260,-95,-248,-114,-232,-132,-214,-149,-194,-165,-171,-178,-149,-190,-123,-201,-98,-209,-70,-215,-42,-219,-14,-222,14,-222,42,-219,70,-215,3,-6,217,-76,-186,-68,-246,-114,-231,-132,-213,-149,-193,-165,-171,-178,-148,-190,-123,-201,-97,-209,-70,-215,-42,-219,-14,-222,14,-222,42,-219,70,-215,1,-2,149,-38,-98,-56,-213,-149,-192,-165,-171,-178,-147,-190,-122,-201,-97,-209,-69,-215,-42,-219,-14,-222]]]
1809858	n	113.0765,22.8128,113.6248,23.4714	[[[1130765,231808,1206,-1124,673,-518,-322,-707,736,-514,18,-4,289,37,934,335,165,-28,215,-95,58,-8,103,61,2,50,-32,64,102,183,126,358,-2,40,-13,266,-211,311,-298,108,-321,32,-206,178,188,137,277,-77,490,-265,149,-6,156,44,122,84,51,114,89,15,368,182,56,46,228,50,2,7,85,1033,-581,833,-116,64,-217,95,-225,75,-233,54,-237,32,-239,11,-239,-11,-237,-32,-233,-54,-84,-28,111,1478,-2601,-689,-352,-2217]],[[1133210,228838,987,-689,99,-21,-37,30,-580,649,-175,90,-184,-22,-110,-37]],[[1133962,228981,59,-152,320,-338,218,-183,173,-54,8,239,68,0,52,-127,205,342,-187,220,-122,79,-426,113,-279,-39,-89,-100]],[[1135058,229516,42,-304,129,-230,228,379,-6,17,-159,108,0,118,-138,88,-96,-176]],[[1135283,230380,5,-272,39,-150,93,-93,120,11,102,93,54,69,416,1003,-291,-56,-257,-144,-200,-210,-81,-251]]]
1795565	n	113.9858,22.5067,114.4582,22.9409	[[[1139858,225329,17,-11,118,-12,193,-80,142,-71,26,-13,1,-1,3,-3,23,-24,6,-8,33,-38,133,1,31,101,88,49,82,12,27,67,71,26,44,43,31,2,41,-25,25,0,50,6,15,-6,22,0,-80,281,0,1233,1869,-999,153,-29,49,24,-18,88,116,80,2,2,1,-1,74,-38,35,63,4,7,6,-5,112,-71,204,69,194,55,155,32,2,0,129,-19,55,-68,101,-31,87,-106,55,-81,-12,-36,-5,-20,36,-87,3,2,75,77,100,125,-1887,3461,-174,50,-433,7,-195,-45,-225,-75,-216,-95,-205,-114,-192,-132,-177,-149,-160,-165,-142,-178,-18,-28,-114,-1136,-32,-27,-554,-1936]]]
1792947	n	116.7104,38.7539,117.5571,39.5861	[[[1167104,391400,14,-222,42,-219,69,-215,96,-209,121,-201,146,-190,170,-178,191,-165,210,-149,228,-132,244,-114,257,-95,267,-75,276,-54,281,-32,284,-11,284,11,281,32,276,54,59,17,0,-312,163,142,68,-148,121,-201,146,-190,169,-178,190,-165,210,-149,228,-132,243,-114,256,-95,267,-75,275,-54,281,-32,283,-11,283,11,281,32,275,54,267,75,256,95,243,114,166,96,-10,47,-1,1,-821,3871,-100,29,-227,44,263,230,59,161,-340,1318,-904,-344,1,5,14,222,-14,222,-42,219,-69,215,-96,209,-122,201,-147,190,-170,178,-191,165,-211,149,-229,132,-245,114,-257,95,-269,75,-276,54,-282,32,-285,11,-285,-11,-282,-32,-205,-41,-1151,-1709,-705,-1046,-47,-69,-65,-34,-98,-85,-170,-178,-146,-190,-121,-201,-96,-209,-69,-215,-42,-219,-14,-222]]]
1791247	n	113.8305,30.1855,114.5991,31.1161	[[[1138305,304345,150,-144,190,-149,206,-132,219,-114,232,-95,241,-75,248,-54,253,-32,256,-11,256,11,253,32,248,54,189,59,-390,-1840,3747,75,374,990,421,1634,221,859,1,2,300,1164,-654,-91,33,190,13,222,-13,212,62,-23,99,63,190,149,158,150,1,15,30,447,152,2222,-15,21,-153,178,-173,165,-190,149,-206,132,-220,114,-233,95,-241,75,-249,54,-254,32,-257,11,-257,-11,-254,-32,-249,-54,-241,-75,-233,-95,-220,-114,-206,-132,-190,-149,-173,-165,-144,-168,-196,-1569,-845,-862,-1072,-236,-1215,-3154]]]
1790630	n	108.3589,33.8295,109.4527,34.537	[[[1083589,340600,13,-222,39,-219,65,-215,90,-209,113,-201,137,-190,159,-178,178,-165,197,-149,214,-132,228,-114,241,-95,250,-75,258,-54,263,-32,266,-11,266,11,263,32,258,54,250,75,241,95,228,114,214,132,197,149,178,165,159,178,137,190,113,201,90,209,65,215,34,191,1960,-2055,427,127,482,190,457,228,429,264,317,240,-1363,2222,131,-16,267,-11,267,11,264,32,259,54,251,75,242,95,229,114,214,132,198,149,179,165,160,178,137,190,27,46,-1357,2372,-3095,154,-78,-72,-160,-178,-137,-190,-10,-19,-303,493,-57,30,-1758,-3531,-2975,519,-17,-10,-197,-149,-178,-165,-159,-178,-137,-190,-113,-201,-90,-209,-65,-215,-39,-219,-13,-222]]]
1808926	n	119.6905,29.8239,120.5707,30.7576	[[[1196905,300500,13,-222,37,-219,62,-215,86,-209,109,-201,131,-190,151,-178,171,-165,189,-149,205,-132,218,-114,230,-95,240,-75,247,-54,252,-32,254,-11,254,11,252,32,30,7,1669,1025,83,120,92,169,46,-84,167,-37,202,-26,412,-12,148,6,252,32,63,14,1160,1525,824,1084,-6,36,-62,215,-86,209,-80,148,34,-4,59,57,152,178,132,190,96,177,49,-41,87,36,178,93,-19,356,-439,24,-392,-26,-86,-5,-266,-59,-295,-635,-157,-244,-7,-11,-96,-152,-103,-151,-166,-87,-178,-2,-189,85,-168,143,-191,152,-20,-1,-191,-10,-244,-75,-147,-254,-51,-87,-302,-182,-210,-171,-214,-12,-105,-6,487,340,440,560,181,92,273,7,11,-3,300,-76,60,-39,200,-128,223,-56,144,49,55,98,43,75,87,308,97,326,88,135,143,221,282,80,206,57,880,16,-120,2190,-3213,510,-31,5,-22,-22,-153,-178,-122,-177,-1,-13,-109,200,-57,82,-3271,928,-201,-82,-220,-114,-205,-132,-190,-149,-172,-165,-152,-178,-132,-190,-109,-201,-86,-209,-63,-215,-37,-219,-13,-222,13,-222,37,-219,63,-215,86,-209,109,-201,132,-190,152,-178,172,-165,190,-149,205,-132,220,-114,231,-95,241,-75,107,-23,-553,-297,517,-316,-167,-36,-240,-75,-230,-95,-218,-114,-205,-132,-189,-149,-171,-165,-151,-178,-131,-190,-109,-201,-86,-209,-62,-215,-37,-219,-13,-222]]]
2037013	n	126.2573,45.3239,127.2687,46.1162	[[[1262573,458900,16,-222,46,-219,77,-215,107,-209,135,-201,163,-190,189,-178,213,-165,20,-13,-835,-292,3577,-2297,2912,3051,1139,1194,-375,586,-961,-336,-31,147,-77,215,-107,209,-135,201,-163,190,-189,178,-213,165,-234,149,-254,132,-272,114,-286,95,-298,75,-308,54,-313,32,-316,11,-316,-11,-313,-32,-308,-54,-17,-5,-1855,-1051,-37,-42,-135,-201,-107,-209,-77,-215,-46,-219,-16,-222]],[[1266428,454852,3,-8,106,-209,135,-201,162,-190,187,-178,211,-165,234,-149,252,-132,270,-114,285,-95,296,-75,305,-54,312,-32,314,-11,314,11,312,32,305,54,296,75,285,95,270,114,252,132,234,149,211,165,187,178,162,190,135,201,106,209,76,215,42,197,-1016,1904,-137,88,-252,132,-270,114,-285,95,-296,75,-305,54,-312,32,-314,11,-307,-11,-2765,-2898]]]
1812545	n	113.4741,22.6156,114.078,23.5261	[[[1134741,227857,62,-165,139,56,-201,109]],[[1134860,228366,93,-227,108,-159,151,-101,74,143,71,-179,89,-155,137,-109,215,-42,148,24,82,65,1,98,-94,124,-58,98,-113,293,-34,62,-263,48,-197,117,-205,242,-205,-342]],[[1134934,227345,151,-401,168,-112,371,-275,259,-285,172,-116,311,379,-9,30,-318,285,-286,137,-21,20,-95,196,-42,147,-127,69,-213,30,-234,-88,-87,-16]],[[1135229,228982,9,-15,212,-167,85,58,1,255,-79,248,-228,-379]],[[1135696,230038,134,174,8,-427,-18,-210,-4,-16,-54,-172,105,149,2,8,123,548,180,257,-121,-335,-25,-137,15,-142,-61,-130,-16,-87,-13,-70,-1,-152,17,-114,51,124,42,185,31,138,30,318,46,132,140,270,75,0,-138,-357,-52,-198,-20,-234,-25,-94,-34,-128,-190,-447,37,-85,20,90,49,81,75,68,-54,-170,-27,-211,33,-192,116,-110,-43,122,-28,136,8,144,63,139,154,-372,110,-189,117,-150,73,-211,-63,-213,-27,-181,188,-118,122,0,66,47,39,59,46,37,125,21,50,-3,864,1308,830,112,943,195,41,-1,1,0,38,-2,160,110,178,149,160,165,143,178,123,190,103,201,24,61,-325,1905,280,616,10,183,-12,222,-35,219,-58,215,-81,209,-103,201,-123,190,-143,178,-161,165,-178,149,-193,132,-205,114,-217,95,-226,75,-233,54,-237,32,-240,11,-240,-11,-237,-32,-233,-54,-226,-75,-217,-95,-205,-114,-193,-132,-178,-149,-161,-165,-143,-178,-123,-190,-103,-201,-81,-209,-58,-215,-35,-219,-12,-222,12,-222,7,-44,374,-537,-85,-1033,-2,-7,12,3,92,20,474,325,292,73,167,-25,256,-123,157,-51,368,-36,67,-19,86,-26,169,-123,-224,84,-68,25,-165,33,-263,-101,-139,44,-127,79,-113,40,-282,-53,-548,-235,-18,-3,-242,-47,-416,-1003]]]
1808722	n	116.8323,31.545,117.7674,32.293	[[[1168323,320998,1253,-5548,5007,0,3091,4901,-210,381,-267,380,-309,357,-349,329,-384,298,-417,264,-445,228,-469,190,-489,149,-14,3,-5057,-1023,-93,-24,-110,-85,-349,-329,-309,-357,-80,-114]]]
1791681	n	118.6071,36.2565,119.6775,37.2137	[[[1186071,367025,908,-760,582,108,334,-175,89,-1057,-647,-679,309,-1037,171,-83,909,-777,1109,775,1402,-327,568,437,880,0,1097,1277,532,-141,1920,467,541,996,-1047,683,-725,1012,149,260,-1391,2752,-136,-6,-273,-32,-267,-54,-259,-75,-249,-95,-207,-100,43,91,-22,71,-93,209,-118,201,-142,190,-165,178,-185,165,-204,149,-222,132,-237,114,-249,95,-260,75,-267,54,-167,19,-1045,-1668,-615,-334,-1251,437,-179,-624,-242,-275,0,-373,-186,-278,-66,-785,44,-37,47,-524,-518,-651]]]
1799962	n	118.3947,31.8039,119.1149,32.4547	[[[1183947,320026,3004,-1531,187,-131,113,-58,235,-95,245,-75,252,-54,257,-32,260,-11,260,11,257,32,252,54,245,75,235,95,223,114,209,132,192,149,175,165,155,178,133,190,111,201,88,209,63,215,38,219,13,222,-13,222,-21,120,-1839,1645,-1824,2260,-3505,-4521]]]
2034937	n	123.0394,41.4345,123.817,42.1661	[[[1230394,416600,14,-222,44,-219,71,-215,100,-209,126,-201,152,-190,175,-178,127,-106,2350,-715,142,5,291,32,287,54,277,75,267,95,253,114,237,132,219,149,198,165,175,178,152,190,72,114,-176,196,148,6,293,32,287,54,278,75,267,95,254,114,237,132,220,149,198,165,41,41,-905,2845,178,1094,-1193,809,-95,34,-279,75,-287,54,-293,32,-296,11,-296,-11,-293,-32,-287,-54,-279,-75,-268,-95,-254,-114,-238,-132,-220,-149,-199,-165,-176,-178,-153,-190,-126,-201,-100,-209,-72,-215,-44,-219,-6,-104,-341,111,-509,-1067,395,-192,-41,-22,-219,-149,-198,-165,-175,-178,-152,-190,-126,-201,-100,-209,-71,-215,-44,-219,-14,-222]]]
1811103	n	112.6469,22.7463,113.4197,23.3861	[[[1126469,231818,642,-1753,62,-64,177,-149,193,-132,206,-114,216,-95,49,-16,134,17,176,22,77,64,6,-39,17,-61,2432,-887,397,-1148,2944,686,-987,689,-84,-28,-204,-37,-91,31,-192,142,-58,32,-232,18,-219,49,0,75,928,-175,-736,514,-761,-325,-452,947,862,603,-1206,1124,166,1047,0,1,-143,178,-161,165,-177,149,-193,132,-206,114,-216,95,-226,75,-232,54,-238,32,-239,11,-239,-11,-238,-32,-232,-54,-226,-75,-216,-95,-206,-114,-193,-132,-177,-149,-161,-165,-143,-178,-123,-190,-103,-201,-80,-209,-59,-215,-35,-219,0,-4]]]
1805753	n	116.4504,36.3934,117.2824,37.1222	[[[1164504,365600,14,-222,40,-219,9,-31,108,-78,1,0,1541,-1116,3274,296,1,0,30,2,103,112,44,59,87,-150,181,-69,2887,504,-895,6252,-303,87,-534,108,-543,65,-549,22,-549,-22,-543,-65,-534,-108,-517,-149,-497,-190,-471,-228,-441,-264,-110,-81,1327,-2276,-91,11,-274,11,-274,-11,-271,-32,-267,-54,-258,-75,-248,-95,-235,-114,-221,-132,-203,-149,-184,-165,-164,-178,-141,-190,-117,-201,-93,-209,-66,-215,-40,-219,-14,-222]]]
1814087	n	121.0862,38.7209,122.0094,39.3132	[[[1210862,389057,42,-66,581,0,39,-128,-123,-120,-256,-162,-32,-178,66,-121,99,-93,71,-91,44,-203,-53,-73,-99,-38,-96,-103,179,-94,90,-160,117,-151,264,-67,190,70,462,477,-191,7,-81,-7,192,229,241,-34,268,-70,571,265,354,20,755,-48,294,-19,139,47,60,119,73,5,405,311,284,49,737,-51,213,133,202,-83,85,102,-12,188,-100,177,-168,119,-176,48,-410,1,-257,96,-51,41,47,86,122,33,246,23,189,51,48,40,8,22,29,86,15,97,-18,67,-67,39,-135,8,351,124,93,13,303,-23,283,-52,0,75,-187,105,46,107,202,33,276,-115,146,-151,244,-341,364,-253,120,-29,114,60,162,118,73,84,5,102,-152,160,-421,181,-63,119,-48,93,291,-25,234,-64,438,-184,-29,119,-74,98,-110,73,-135,45,159,69,129,-31,123,-64,135,-36,163,42,120,91,92,92,75,41,170,-10,30,159,14,222,-14,222,-42,219,-53,165,-2620,1526,-4,-14,-183,-149,-376,-217,-217,-84,-115,-19,-51,73,-49,5,-250,23,-221,-109,142,-111,290,-168,-68,-117,-246,-32,17,-48,26,-111,19,-46,-153,-86,141,-114,232,-76,120,30,73,-181,318,-217,88,-182,-157,-302,-185,-82,-233,-103,-858,-202,-272,-134,-330,-163,-190,-45,-258,-12,-134,8,-89,38,-107,144,-52,54,-78,42,-207,17,-225,-61,-36,-23,100,-209,-51,15,-224,44,-44,-88,21,-106,92,-161,22,-77,-60,-90,-140,-21,-285,9,-350,-177,-224,-41,-149,-51,-88,-4,-87,28,-132,94,-93,20,-507,-70,-109,-39,-217,-228,-100,-149]]]
1790842	n	105.6301,37.5378,106.6469,38.2709	[[[1056301,379900,27,-443,82,-439,136,-431,189,-418,239,-401,287,-380,334,-357,375,-329,415,-298,449,-264,479,-228,506,-190,527,-149,542,-108,553,-65,559,-22,559,22,553,65,542,108,527,149,506,190,479,228,449,264,415,298,375,329,64,68,-2024,1799,47,13,253,95,241,114,224,132,208,149,188,165,167,178,144,190,120,201,94,209,68,215,41,219,14,222,-14,222,-41,219,-68,215,-94,209,-120,201,-144,190,-167,178,-188,165,-152,110,-3666,-1281,-4652,561,-213,-358,-189,-418,-136,-431,-82,-439,-27,-443]]]
1797929	n	120.1306,35.9219,120.7328,36.5481	[[[1201306,360407,745,-1187,217,198,176,113,400,95,144,105,47,74,18,65,-22,70,-77,93,-105,76,-29,-42,-12,-85,-59,-46,-321,-200,-133,-8,5,271,-322,-146,-118,-8,-107,91,-46,151,12,374,-34,159,-144,151,-135,46,-100,-410]],[[1202286,361925,14,-9,140,-5,203,-102,202,-49,143,156,-236,125,-8,140,-458,-256]],[[1202898,364514,275,-2054,11,-38,44,-158,164,-38,93,-92,131,-218,-266,-555,-122,-162,-93,-154,-12,-132,-39,-118,-164,-114,0,-61,171,-5,156,-43,147,-72,141,-92,160,80,522,132,139,65,263,173,117,35,406,-7,220,29,97,83,57,139,136,21,284,-60,231,136,39,-21,33,-36,39,-12,690,275,80,122,-114,187,-19,41,-918,156,153,74,220,132,203,149,184,165,6,6,-7,34,-52,152,-102,115,-56,110,74,132,-133,109,-51,101,41,84,143,54,70,-17,247,-97,136,-22,149,79,-126,188,-189,214,-42,164,276,415,49,37,127,38,11,5,-58,189,-93,209,-117,201,-23,32,-2863,483,-636,-158,-267,-194,-373,-615]]]
1787093	n	120.9776,37.1539,121.8692,37.7023	[[[1209776,375115,82,-129,1,-1,651,-1029,533,-843,223,-107,251,-95,261,-75,270,-54,275,-32,277,-11,277,11,275,32,12,3,-189,-1188,786,935,154,-166,187,-165,205,-149,223,-132,238,-114,250,-95,262,-75,269,-54,274,-32,277,-11,277,11,274,32,269,54,262,75,250,95,238,114,169,101,853,2183,-160,428,-1208,-15,-730,110,-70,20,-76,38,-98,28,-136,-11,-84,-29,-104,-54,-98,-80,-54,-103,469,88,206,-47,212,-185,-245,-21,-600,-126,-213,42,-205,191,-63,42,-64,42,-149,35,-307,33,-146,50,-62,85,-67,230,-172,201,-222,167,-229,128,-200,170,-3,169,170,119,314,20,-157,128,-205,128,-209,100,-5,2,-182,52,66,-66,96,-143,43,-65,-60,-39,-238,-158,-366,-96,-1166,-60,-199,19,-162,55,-133,121,-77,158,11,158,130,116,-184,139,21,127,102,123,61,126,-105,118,-39,11,-75,-29,-239,-114,-223,-132,-206,-149,-186,-165,-166,-178,-142,-190,-119,-201,-94,-209,-67,-215,-41,-219,-7,-107]]]
1886760	n	120.2573,30.9672,120.9132,31.5125	[[[1202573,312600,12,-222,38,-219,63,-215,87,-209,110,-201,133,-190,153,-178,173,-165,191,-149,207,-132,222,-114,233,-95,242,-75,250,-54,255,-32,258,-11,44,2,18,37,82,-77,191,-149,206,-132,221,-114,233,-95,243,-75,250,-54,80,-10,291,14,1439,621,634,1882,-1432,1211,-364,1145,-1938,580,-1070,-831,-1538,-798,-17,-31,-87,-209,-63,-215,-38,-219,-12,-222]]]
11072148	n	121.4154,31.223,121.5445,31.345	[[[1214154,313354,218,-304,178,0,238,-166,112,-13,545,317,-895,209,-57,53,-257,0,-82,-96]],[[1214388,312408,12,-21,450,-157,0,340,-462,-162]]]
1784658	n	113.33,34.4067,114.009,35.0308	[[[1133300,346190,932,-1303,3906,-819,1952,392,-408,4697,-4717,1150,-1665,-993,0,-3124]]]
1799869	n	107.8327,22.4632,108.7235,23.2723	[[[1078327,228200,23,-443,71,-439,116,-431,161,-418,204,-401,197,-304,3147,-1132,769,1433,63,-64,177,-149,192,-132,205,-114,216,-95,225,-75,232,-54,236,-32,239,-11,239,11,236,32,232,54,225,75,216,95,205,114,192,132,177,149,161,165,142,178,123,190,102,201,81,209,58,215,35,219,11,222,-11,222,-35,219,-58,215,-81,209,-102,201,-123,190,-142,178,-161,165,-177,149,-192,132,-205,114,-216,95,-225,75,-232,54,-229,31,1060,1974,-199,137,-410,228,-432,190,-450,149,-464,108,-473,65,-478,22,-478,-22,-473,-65,-464,-108,-450,-149,-432,-190,-410,-228,-384,-264,-355,-298,-321,-329,-285,-357,-246,-380,-204,-401,-161,-418,-116,-431,-71,-439,-23,-443]]]
1804651	n	102.2324,24.5638,103.1745,25.4922	[[[1022324,249200,12,-222,35,-219,25,-90,1161,-1039,555,-1479,119,-99,195,-132,208,-114,114,-49,765,-51,935,-62,3,-1,74,-5,222,73,219,95,208,114,195,132,180,149,163,165,145,178,124,190,104,201,82,209,59,215,36,219,12,222,-12,222,-36,219,-59,215,-8,20,1395,-525,2191,4246,-173,335,-250,380,-290,357,-327,329,-360,298,-391,264,-417,228,-440,190,-458,149,-472,108,-481,65,-486,22,-486,-22,-481,-65,-226,-52,1054,-5894,-657,3672,-4,0,-243,-11,-241,-32,-235,-54,-229,-75,-220,-95,-209,-114,-195,-132,-181,-149,-163,-165,-145,-178,-125,-190,-70,-136,-115,117,-177,-58,-219,-95,-209,-114,-195,-132,-180,-149,-163,-165,-145,-178,-125,-190,-104,-201,-82,-209,-59,-215,-35,-219,-12,-222]]]
1795270	n	113.7404,37.7739,115.0956,38.5761	[[[1137404,380438,936,-2148,52,-38,225,-132,240,-114,252,-95,264,-75,271,-54,277,-32,279,-11,279,11,277,32,271,54,264,75,252,95,240,114,225,132,207,149,188,165,167,178,95,127,13,-103,2139,214,1686,1251,470,98,2123,-848,97,28,253,95,42,20,1458,1816,10,158,-14,222,-41,219,-68,215,-94,209,-120,201,-144,190,-40,43,-172,60,-1,0,-1024,358,-1965,2422,-92,11,-281,11,-281,-11,-278,-32,-272,-54,-265,-75,-254,-95,-241,-114,-226,-132,-208,-149,-189,-165,-167,-178,-145,-190,-120,-201,-94,-209,-69,-215,-41,-219,-14,-222,4,-52,115,-49,-42,-19,-225,-132,-207,-149,-189,-165,-166,-178,-145,-190,-119,-201,-59,-130,-814,465,150,-1210,-124,109,-207,149,-225,132,-240,114,-252,95,-264,75,-271,54,-277,32,-279,11,-279,-11,-277,-32,-271,-54,-264,-75,-252,-95,-240,-114,-225,-132,-207,-149,-188,-165,-167,-178,-143,-190,-120,-201,-94,-209,-68,-215,-1,-3]]]
2038180	n	124.7229,43.5345,125.7694,44.3032	[[[1247229,440091,5163,-4746,1573,1038,1288,850,132,87,-51,67,272,49,288,75,277,95,262,114,246,132,227,149,206,165,182,178,158,190,130,201,104,209,8,25,-2114,2799,-271,50,-303,32,-306,11,-306,-11,-303,-32,-297,-54,-288,-75,-277,-95,-262,-114,-246,-132,-227,-149,-43,-35,-1426,1868,-210,-54,-552,-190,-525,-228,-491,-264,-453,-298,-411,-329,-364,-357,-315,-380,-261,-401,-206,-418,-8,-22]]]
1798524	n	121.485,31.1125,121.7067,31.264	[[[1214850,312230,224,-313,363,-317,1630,-475,-2167,1515,-50,-70,0,-340]]]
1793511	n	111.991,37.5087,113.0499,38.2331	[[[1119910,378700,28,-443,82,-439,135,-431,188,-418,239,-401,287,-380,333,-357,375,-329,413,-298,200,-117,5210,3257,3099,2165,-8280,1822,-229,-135,-413,-298,-375,-329,-333,-357,-287,-380,-239,-401,-188,-418,-135,-431,-82,-439,-28,-443]]]
1785286	n	117.5834,36.5259,118.5805,37.1732	[[[1175834,369412,28,-62,1285,-2873,1695,35,2106,-1253,199,23,267,54,76,22,410,325,1526,285,564,-126,1101,256,449,816,-394,552,659,737,-1855,1008,-216,470,-234,327,0,663,-63,85,-165,178,-185,165,-204,149,-222,132,-236,114,-250,95,-259,75,-268,54,-117,14,-1762,-264,-1,0,-68,-10,-161,-78,-222,-132,-204,-149,-185,-165,-165,-178,-141,-190,-35,-59,49,-76,-161,19,-275,11,-275,-11,-272,-32,-267,-54,-260,-75,-248,-95,-237,-114,-221,-132,-204,-149,-185,-165,-164,-178,-33,-44]]]
1790645	n	117.8975,24.1915,118.3826,24.8736	[[[1178975,247638,473,-2973,513,-195,256,-13,-14,90,-127,110,-81,52,74,96,25,50,45,21,132,3,96,30,76,71,138,179,-141,124,-232,83,-420,59,-39,102,175,188,169,92,-64,-183,182,-74,163,56,74,154,-78,218,74,199,479,-199,111,-130,70,-7,24,137,94,101,88,122,65,137,39,232,39,16,56,0,66,41,30,307,209,-206,62,-154,-38,-146,-95,-183,135,2,159,-32,115,-67,6,-108,-107,-53,-134,22,-100,-31,-5,-217,131,-196,247,-151,228,24,80,323,134,-57,98,40,68,103,42,131,231,-95,103,-13,76,33,267,-80,282,79,27,18,-1379,1389,-3360,1427,-112,-1098]],[[1179568,243909,317,-1994,8,16,71,43,198,57,77,36,144,135,210,253,125,91,129,-55,240,120,178,9,-38,87,-21,88,-10,198,-31,52,-142,98,-32,54,-85,218,-188,74,-188,-20,-86,-64,-70,-92,-132,-77,-83,33,80,239,61,73,57,29,51,46,61,240,6,95,-45,76,-129,61,-106,-66,-301,-114,-326,-39]],[[1180700,244603,34,-76,77,-75,110,-67,219,-79,225,-13,173,78,70,198,31,150,77,66,92,50,79,106,6,90,-70,196,-9,124,-183,-31,-252,45,-258,91,-196,106,-31,-178,-142,-262,-32,-143,27,-139,76,-17,239,118,-32,-142,-96,-52,-118,-21,-96,-51,-20,-72]]]
1787227	n	118.9044,32.0539,119.7707,32.6439	[[[1189044,322800,12,-222,5,-24,215,-267,1839,-1645,67,-60,258,-32,260,-11,260,11,258,32,231,50,851,2376,2081,76,1304,-455,75,152,25,82,69,61,-68,138,-179,210,-117,89,-361,185,280,42,200,-130,160,-174,155,-86,515,74,142,-2,101,-25,-736,3002,-92,47,-236,95,-164,50,-23,-6,-1,0,-2074,-483,-2928,0,576,-905,-44,5,-260,11,-260,-11,-258,-32,-253,-54,-246,-75,-235,-95,-224,-114,-209,-132,-193,-149,-175,-165,-156,-178,-134,-190,-111,-201,-88,-209,-63,-215,-39,-219,-12,-222]],[[1197162,322727,33,-231,2,-1,91,57,193,149,176,165,50,57,-199,8,-346,-204]]]
1797873	n	118.4285,33.1888,119.5478,33.9261	[[[1184285,337596,147,-1679,124,-173,157,-178,178,-165,197,-149,212,-132,228,-114,239,-95,249,-75,257,-54,262,-32,265,-11,265,11,262,32,257,54,196,59,-1113,-2405,112,-86,425,-264,454,-228,61,-24,7759,4367,-518,715,-5514,1523,-228,-493,-37,66,-137,190,-157,178,-178,165,-197,149,-212,132,-228,114,-239,95,-249,75,-257,54,-262,32,-265,11,-265,-11,-262,-32,-257,-54,-249,-75,-122,-49,-1360,-1444]]]
1809461	n	106.2185,26.1278,107.2208,27.0322	[[[1062185,265932,2375,-3973,272,-147,446,-190,464,-149,478,-108,488,-65,492,-22,492,22,488,65,478,108,464,149,446,190,230,124,553,783,1857,3348,-10,176,-72,439,-120,431,-166,418,-211,401,-253,380,-294,357,-331,329,-365,298,-396,264,-422,228,-446,190,-464,149,-478,108,-488,65,-492,22,-492,-22,-488,-65,-478,-108,-464,-149,-446,-190,-422,-228,-396,-264,-365,-298,-331,-329,-294,-357,-253,-380,-211,-401,-166,-418,-120,-431,-72,-439,-17,-311]]]
13308620	n	113.6062,22.4527,114.0551,22.9245	[[[1136062,226164,13,-20,94,-117,111,-69,138,58,33,235,-85,284,-304,-371]],[[1137172,227630,272,-18,137,-78,62,-176,4,-10,82,-624,207,-108,30,-165,26,-141,136,-266,96,-172,54,-72,60,-81,100,-99,361,-253,140,-156,-121,-70,-156,-26,17,-167,65,-166,71,-49,88,-206,194,249,6,82,31,18,19,11,98,-17,107,19,120,15,10,99,1,109,16,67,14,59,84,47,35,96,68,-44,138,0,14,-8,554,1936,32,27,107,1070,-1,3,-102,201,-123,190,-143,178,-160,165,-172,145,-41,1,-943,-195,-830,-112,-864,-1308]]]
1790923	n	120.0086,31.2912,120.5398,31.7455	[[[1200086,315376,1576,-2464,2666,1382,1070,831,-383,1504,-1371,826,-1907,-117,-1651,-1962]]]
1804430	n	103.2844,35.6078,104.3956,36.4797	[[[1032844,360602,4661,-4460,350,-42,545,-22,545,22,539,65,529,108,513,149,337,130,3022,3361,44,244,27,443,-27,443,-36,199,-7555,3555,-64,-19,-493,-190,-468,-228,-438,-264,-404,-298,-366,-329,-325,-357,-280,-380,-233,-401,-184,-418,-132,-431,-80,-439,-27,-441]]]
1810821	n	118.81,25.5179,119.7024,26.4481	[[[1188100,260600,24,-443,72,-439,119,-431,166,-418,200,-382,501,-170,2674,397,-129,-158,-126,-190,-104,-201,-83,-209,-59,-215,-36,-219,-12,-222,12,-222,27,-163,1753,-919,-47,50,174,64,204,-18,133,-92,-34,-153,75,-74,44,49,41,27,120,60,-133,-215,981,-515,97,32,221,95,210,114,197,132,133,110,-27,8,-144,89,-77,-49,-46,-95,-48,-47,-249,80,-114,157,-17,210,39,242,-161,-118,-74,190,-38,308,-68,235,145,-19,59,-17,76,-39,100,76,135,24,167,5,55,156,126,1,289,-162,33,-77,50,-23,73,3,44,26,29,31,27,15,31,60,8,287,26,96,203,208,42,80,-42,44,-68,25,-39,18,24,237,-5,125,-49,54,-200,96,-25,134,-14,77,-12,211,-115,97,78,128,99,-80,158,-327,166,484,70,68,169,20,139,55,112,85,96,107,239,465,34,125,-17,101,-53,74,-203,197,-267,-69,-290,81,-530,267,-121,-46,-352,-11,-149,-85,-24,-68,-18,-190,-32,-84,-68,-76,-468,-290,-23,-14,-311,-139,-323,-85,-308,-10,-169,39,-336,127,-412,63,-82,39,-38,278,-57,113,-199,227,-84,144,-83,325,-55,117,-137,110,-242,-78,-208,121,-205,203,-225,164,0,62,101,-27,166,-72,314,-202,95,-41,398,-69,149,-46,174,-123,280,-273,159,-76,498,-49,165,-59,300,-198,94,-37,221,-47,102,-46,64,-69,102,-171,39,-39,101,5,128,6,147,146,205,358,246,320,191,319,237,282,388,208,-81,206,83,99,134,59,69,83,46,124,120,88,154,59,158,39,-34,101,34,104,-165,81,-86,24,-186,25,-245,11,-245,-11,-243,-32,-238,-54,-230,-75,-221,-94,163,1101,-4440,1085,-224,-121,-394,-264,-363,-298,-330,-329,-292,-357,-252,-380,-210,-401,-166,-418,-119,-431,-72,-439,-24,-443]],[[1192092,260986,86,-396,89,-113,109,-101,92,-110,39,-142,69,-109,157,-44,172,-18,115,-35,100,-50,340,-104,256,-48,95,-46,95,0,144,109,-38,181,-314,182,-644,218,-332,61,-146,55,-143,95,-221,324,-120,91]],[[1195540,260956,113,-151,551,-163,184,63,53,79,-52,102,-119,193,-139,133,-137,69,-245,-86,-209,-239]]]
1529102	n	86.9977,43.3478,88.2223,44.2333	[[[869977,440100,16,-222,44,-219,75,-215,103,-209,131,-201,158,-190,182,-178,206,-165,227,-149,246,-132,263,-114,277,-95,289,-75,297,-54,303,-32,306,-11,202,7,-2460,-2374,348,-341,410,-329,452,-298,491,-264,523,-228,553,-190,575,-149,592,-108,604,-65,610,-22,610,22,604,65,592,108,575,149,553,190,523,228,491,264,452,298,410,329,364,357,314,380,261,401,206,418,148,431,90,439,30,443,-30,443,-90,439,-148,431,-206,418,-261,401,-314,380,-135,133,-3499,-544,-1,0,-2264,-351,-2642,2583,-142,-15,-297,-54,-289,-75,-277,-95,-263,-114,-246,-132,-227,-149,-206,-165,-182,-178,-158,-190,-131,-201,-103,-209,-75,-215,-44,-219,-16,-222]]]
1785453	n	117.1849,34.6248,117.8096,35.3061	[[[1171849,349330,758,-2330,2001,0,1440,-692,337,-59,1030,316,169,123,325,321,187,3268,-366,275,-427,-127,28,153,13,222,-13,222,-39,219,-66,215,-91,209,-115,201,-138,190,-161,178,-181,165,-199,149,-216,132,-139,68,-1029,291,-88,11,-269,11,-269,-11,-266,-32,-262,-54,-253,-75,-244,-95,-56,-28,0,-2840,-1401,-596]]]
6986104	n	113.1193,22.3646,113.6134,22.815	[[[1131193,227188,1223,-1282,-250,-875,153,-240,108,-216,129,-536,171,-263,645,-130,1273,296,828,458,152,404,322,430,45,518,-354,392,-108,241,-367,329,-55,39,-345,246,-100,166,-127,92,-586,225,-175,192,485,-180,135,-100,124,157,115,73,169,68,-62,165,-341,184,-104,87,-99,21,-2944,-686,-60,-275]],[[1131857,223953,706,-143,-290,443,-258,252,-158,-552]],[[1134765,227195,149,-137,171,-114,-151,401,-169,-32,0,-118]],[[1135883,226272,143,-157,108,-67,-79,108,-172,116]]]
1795940	n	116.3788,23,117.0138,23.6213	[[[1163788,232212,1484,-2212,207,60,154,128,-85,173,-63,303,32,203,-181,224,115,357,248,329,316,189,30,130,-16,81,-283,64,-106,-11,-108,-66,-118,-63,-144,-95,-177,158,-4,177,80,11,531,118,186,-21,229,-62,66,-172,-13,-187,-30,-122,14,-123,141,-43,77,-100,98,-10,149,306,95,210,181,151,162,86,96,55,-52,125,-9,22,-139,72,-159,57,-120,99,384,-47,257,-189,97,-103,132,-140,297,-210,159,181,50,56,-105,35,-81,-39,-91,47,-86,324,-29,246,-170,289,-185,45,-30,-147,-177,37,-182,192,-302,-18,-191,-184,-335,17,-204,-44,-150,76,-207,178,-191,204,-100,156,-12,275,-3,62,15,73,85,41,115,-14,103,-69,32,-93,12,-32,110,-108,530,-219,359,-146,230,25,121,29,201,-43,194,-45,142,-19,63,10,203,-8,177,191,757,817,60,236,-183,236,-46,139,53,136,205,222,78,125,22,100,-705,516,-1070,-591,-1699,-356,-505,-1215,-568,-684,-86,-41,-434,-1113]],[[1169365,235324,8,-61,136,-89,75,-10,-219,160]],[[1169430,234301,51,-83,212,-29,231,3,116,6,64,-20,32,200,2,26,-38,-14,-97,26,-64,67,-51,73,-66,39,-146,-64,-145,-110,-101,-120]]]
1799397	n	121.1516,29.4722,121.9471,30.162	[[[1211516,296600,12,-222,37,-219,62,-215,85,-209,109,-201,130,-190,151,-178,171,-165,187,-149,201,-130,1690,32,61,61,141,79,17,115,-87,132,-49,39,0,62,149,10,96,60,75,76,90,59,149,46,117,-3,58,-29,33,-180,25,-152,82,-29,435,422,182,-86,166,21,148,87,120,0,28,5,101,186,85,209,62,215,37,219,12,222,-12,222,-8,49,1006,-447,95,102,581,345,25,19,-622,676,143,45,230,95,218,114,205,132,188,149,171,165,152,178,130,190,109,201,33,80,-179,272,-156,44,-261,92,-234,81,-334,111,-198,115,-291,102,-174,-7,-179,-104,-103,-16,104,181,-255,65,-290,155,-195,178,-151,181,-199,234,-363,516,-324,494,-9,11,-77,-40,-205,-132,-171,-136,-333,-487,-933,-652,-975,-1603,-68,-32,-111,-58,-204,-132,-187,-149,-171,-165,-151,-178,-130,-190,-109,-201,-85,-209,-62,-215,-37,-219,-12,-222]],[[1214840,294763,165,3,44,72,-209,-75]],[[1218274,300042,15,-67,73,-88,112,-66,127,-40,115,-14,181,73,136,178,72,223,-13,209,-71,85,-90,27,-78,50,-35,152,-53,52,-117,43,-118,12,-53,-39,-103,-273,-27,-109,-2,-64,14,-129,-8,-63,-29,-57,-31,-46,-17,-49]],[[1218313,296138,962,-428,96,93,-425,462,-145,-30,-122,38,-139,-114,-195,-3,-32,-18]],[[1219336,299213,67,-92,40,138,28,167,0,9,-62,-58,-73,-164]]]
1912214	n	113.1109,22.9134,113.2644,23.0684	[[[1131109,230081,452,-947,761,325,322,707,-673,518,-862,-603]]]
1798425	n	119.4241,29.2493,120.1307,29.7828	[[[1194241,296529,2733,-3342,1392,-694,2941,2789,-2436,2291,-3581,255,-38,-30,-340,-329,-301,-357,-260,-380,-110,-203]]]
1794903	n	110.2465,32.1978,111.2135,33.1023	[[[1102465,326500,26,-443,77,-439,127,-431,177,-418,223,-401,270,-380,311,-357,352,-329,388,-298,420,-264,449,-228,474,-190,492,-149,508,-108,518,-65,523,-22,523,22,518,65,508,108,492,149,474,190,442,225,1378,6390,-211,242,-352,329,-388,298,-420,264,-449,228,-474,190,-492,149,-508,108,-518,65,-523,22,-523,-22,-518,-65,-508,-108,-492,-149,-474,-190,-449,-228,-420,-264,-388,-298,-352,-329,-311,-357,-270,-380,-223,-401,-177,-418,-127,-431,-77,-439,-26,-443]]]
2036892	n	111.0566,40.3578,112.2434,41.2622	[[[1110566,408100,28,-443,86,-439,141,-431,196,-418,249,-401,300,-380,347,-357,391,-329,431,-298,468,-264,500,-228,526,-190,548,-149,565,-108,576,-65,582,-22,582,22,576,65,565,108,548,149,526,190,500,228,468,264,431,298,391,329,347,357,300,380,249,401,196,418,141,431,86,439,28,443,-28,443,-86,439,-141,431,-196,418,-249,401,-300,380,-347,357,-391,329,-431,298,-468,264,-500,228,-526,190,-548,149,-565,108,-576,65,-582,22,-582,-22,-576,-65,-565,-108,-548,-149,-526,-190,-500,-228,-468,-264,-431,-298,-391,-329,-347,-357,-300,-380,-249,-401,-196,-418,-141,-431,-86,-439,-28,-443]]]
1793346	n	117.6726,39.2036,118.7421,40.0561	[[[1176726,396633,6579,-4597,188,37,539,149,518,190,179,83,-893,2406,94,-19,284,-32,286,-11,286,11,284,32,277,54,270,75,259,95,246,114,230,132,212,149,193,165,170,178,148,190,122,201,97,209,69,215,42,219,14,222,-9,150,1,0,10,150,-14,222,-43,219,-69,215,-97,209,-122,201,-148,190,-170,178,-193,165,-212,149,-209,120,28,26,-6,5,-212,149,-231,132,-246,114,-259,95,-270,75,-278,54,-284,32,-286,11,-286,-11,-284,-32,-181,-36,26,82,-120,84,-230,132,-246,114,-260,95,-270,75,-278,54,-284,32,-287,11,-287,-11,-284,-32,-278,-54,-270,-75,-260,-95,-246,-114,-230,-132,-213,-149,-193,-165,-171,-178,-147,-190,-123,-201,-96,-209,-70,-215,-42,-219,-14,-222,14,-222,42,-219,70,-215,96,-209,123,-201,147,-190,69,-71,-2311,-340]]]
13512505	n	110.5737,37.0678,111.7063,37.9722	[[[1105737,375200,27,-443,82,-439,135,-431,187,-418,238,-401,285,-380,331,-357,374,-329,411,-298,447,-264,476,-228,503,-190,523,-149,539,-108,550,-65,555,-22,555,22,550,65,539,108,523,149,191,72,3246,3494,32,169,27,443,-27,443,-82,439,-135,431,-187,418,-238,401,-285,380,-331,357,-374,329,-411,298,-447,264,-476,228,-503,190,-523,149,-539,108,-550,65,-555,22,-555,-22,-550,-65,-539,-108,-523,-149,-503,-190,-476,-228,-447,-264,-411,-298,-374,-329,-331,-357,-285,-380,-238,-401,-187,-418,-135,-431,-82,-439,-27,-443]]]
2038632	n	122.457,40.6246,123.22,41.3401	[[[1224570,408848,1314,-1093,1814,-1509,93,4,288,32,283,54,274,75,264,95,249,114,234,132,216,149,196,165,174,178,149,190,111,179,-71,35,139,118,174,178,150,190,125,201,78,166,-167,116,247,89,251,114,235,132,216,149,197,165,174,178,128,162,95,-53,0,1223,-3131,2625,-913,-442,-2,-1,-1097,-530,294,-165,-154,-129,-174,-178,-150,-190,-125,-201,-77,-162,173,-121,-245,-88,-250,-114,-234,-132,-217,-149,-195,-165,-174,-178,-150,-190,-110,-178,75,-37,-139,-117,-174,-178,-149,-190,-125,-201,-98,-209,-71,-215,-18,-93]]]
1815456	n	119.5532,31.5376,120.1737,31.9983	[[[1195532,318734,2101,-2814,2453,-544,1651,1962,-1354,2094,-319,71,-277,187,-11,12,-2672,281,-1572,-1249]]]
2037799	n	112.7029,39.6378,113.8771,40.4029	[[[1127029,400900,28,-443,85,-439,140,-431,194,-418,246,-401,296,-380,344,-357,387,-329,426,-298,463,-264,494,-228,521,-190,543,-149,559,-108,570,-65,575,-22,575,22,570,65,559,108,543,149,521,190,494,228,463,264,426,298,387,329,344,357,296,380,246,401,194,418,140,431,85,439,28,443,-28,443,-85,439,-140,431,-194,418,-246,401,-296,380,-344,357,-305,260,-10084,-2819,-20,-310]]]
1815577	n	112.7324,28.0097,113.3271,28.4927	[[[1127324,280742,212,-238,2908,-407,2481,843,346,3987,-5214,-683,-733,-3502]]]
1807681	n	116.635,32.1853,117.3266,32.9234	[[[1166350,325077,1680,-2976,422,-128,508,-108,92,-12,212,54,512,2145,50,-16,254,-54,259,-32,261,-11,261,11,259,32,254,54,246,75,237,95,224,114,211,132,193,149,176,165,156,178,135,190,111,201,89,209,63,215,39,219,12,222,-12,222,-39,219,-63,215,-89,209,-91,163,-605,397,-1650,373,-3434,1236,-933,-438,0,-3719]]]
1809078	n	110.0527,19.7739,110.775,20.1636	[[[1100527,199747,29,-188,49,-186,2164,-1628,131,-6,234,11,232,32,228,54,124,42,7,-29,9,1,232,32,228,54,221,75,212,95,201,114,188,132,174,149,158,165,139,178,121,190,100,201,79,209,57,215,7,45,-48,93,-48,195,-114,-147,-136,40,-148,111,-149,70,0,62,68,0,0,74,-317,33,-257,83,-390,188,-66,-31,-416,335,-65,-90,-15,-84,17,-197,15,-40,39,-199,12,-59,-3,-13,35,-109,41,-88,65,-61,100,-22,23,-48,52,-220,31,-66,0,-75,-68,0,0,-62,24,-34,11,-22,33,-87,-68,0,-44,125,-40,284,-53,144,-220,181,-70,110,84,122,1,2,0,62,-77,122,-101,112,-142,83,-197,31,-81,-38,-171,-142,-46,-38,-147,-61,-195,-2,-159,52,-125,62,-104,30,-135,20,-375,113,-142,66,-73,-116,-122,-314,-78,-116,-148,-109,-467,-171,368,-18,105,18,78,49,155,129,108,40,-127,-99,-142,-224,-128,-93,-73,89,-130,42,-133,11,-81,-5,-155,-40]],[[1105662,200695,58,-120,3,-68,-21,-104,6,-96,81,-43,220,-53,5,-11,1736,0,-3,2,-219,273,-283,164,-136,113,-258,781,-72,103,-72,-86,-187,-380,-119,-87,-359,25,-111,-35,-238,-275,-31,-103]]]
1806776	n	114.0455,22.5738,114.954,23.4377	[[[1140455,232201,325,-1905,0,-1,19,-113,13,-16,161,-165,177,-149,193,-132,206,-114,216,-95,226,-75,120,-27,410,-7,174,-50,62,7,-39,-49,1946,-3569,36,-2,239,11,105,14,95,109,152,110,175,46,143,59,167,271,127,80,-78,114,-92,-9,-108,-61,-143,-38,-248,11,115,-10,-283,19,-70,66,63,106,112,127,67,108,-17,188,104,-65,97,-42,101,-8,188,79,-61,155,-17,148,161,6,231,72,147,96,206,50,77,119,187,72,196,71,117,113,116,-10,96,-8,174,-150,208,59,76,94,73,194,54,53,96,1,79,-50,58,-22,88,-33,97,-50,43,-98,-6,-19,43,19,205,114,193,132,177,149,161,165,142,178,123,190,103,201,80,209,59,215,35,219,12,222,-12,222,-35,219,-59,215,-80,209,-103,201,-123,190,-142,178,-161,165,-177,149,-193,132,-205,114,-216,95,-226,75,-232,54,-237,32,-239,11,-239,-11,-237,-32,-19,-5,890,1502,-2601,762,-535,-1121,-109,92,-193,132,-206,114,-216,95,-226,75,-232,54,-238,32,-239,11,-239,-11,-238,-32,-232,-54,-226,-75,-216,-95,-206,-114,-193,-132,-177,-149,-119,-121,-399,-877]]]
1786657	n	105.7556,38.1428,106.6372,38.7703	[[[1057556,384121,2476,-182,-55,-73,-120,-201,-95,-209,-68,-215,-41,-219,-14,-222,14,-222,41,-219,68,-215,95,-209,120,-201,92,-121,1531,-185,3757,1313,4,59,-14,222,-41,219,-68,215,-47,103,127,-9,-156,109,160,93,209,149,189,165,168,178,145,190,120,201,95,209,68,215,42,219,14,222,-14,222,-42,219,-68,215,-95,209,-120,201,-145,190,-168,178,-189,165,-209,149,-227,132,-241,114,-255,95,-12,3,-1042,68,-675,43,-204,-39,-265,-75,-255,-95,-241,-114,-227,-132,-209,-149,-189,-165,-168,-178,-132,-174,-775,541,-2649,-3002]]]
2038432	n	109.494,40.3439,110.26,40.8861	[[[1094940,406500,14,-222,43,-219,70,-215,98,-209,124,-201,150,-190,173,-178,195,-165,215,-149,233,-132,250,-114,262,-95,274,-75,282,-54,287,-32,290,-11,228,9,-57,-114,38,-33,215,-149,233,-132,249,-114,263,-95,273,-75,281,-54,287,-32,290,-11,290,11,287,32,281,54,273,75,263,95,249,114,233,132,215,149,194,165,57,58,58,660,-1863,2511,-159,909,-133,76,-249,114,-263,95,-274,75,-281,54,-288,32,-290,11,-290,-11,-288,-32,-226,-44,3,-17,-99,4,-290,-11,-287,-32,-282,-54,-274,-75,-262,-95,-250,-114,-233,-132,-215,-149,-195,-165,-173,-178,-150,-190,-124,-201,-98,-209,-70,-215,-43,-219,-14,-222]]]
1803318	n	117.7948,34.6873,118.9139,35.3189	[[[1177948,347690,24,-55,115,-201,138,-190,160,-178,89,-82,10,0,1,0,2523,-111,1634,243,21,3,112,125,138,190,115,201,91,209,65,215,39,219,3,41,376,-363,262,392,6,-13,114,-201,139,-190,160,-178,180,-165,199,-149,216,-132,231,-114,243,-95,253,-75,261,-54,266,-32,268,-11,268,11,266,32,261,54,253,75,243,95,231,114,216,132,199,149,180,165,160,178,139,190,114,201,91,209,65,215,40,219,13,222,-13,222,-17,94,-30,16,-1,0,-3265,1734,-487,1514,-2548,408,-337,-436,-1628,-2105,-1766,-241,-2,0,-17,-2,-48,-24,-216,-132,-199,-149,-180,-165,-160,-178,-138,-190,-35,-61,-104,-1815]]]
1816971	n	114.9058,38.4201,115.9098,39.3222	[[[1149058,389945,6121,-5744,546,64,550,108,292,82,2531,7073,-39,41,-380,329,-419,298,-455,264,-486,228,-511,190,-533,149,-550,108,-560,65,-565,22,-565,-22,-560,-65,-550,-108,-533,-149,-511,-190,-486,-228,-455,-264,-419,-298,-380,-329,-338,-357,-291,-380,-242,-401,-191,-418,-21,-68]]]
1800480	n	121.3251,31.0132,121.7118,31.16	[[[1213251,311143,827,-1011,266,68,2506,0,74,135,86,209,63,215,38,219,7,130,-51,17,-1630,475,-1268,0,-78,-163,-840,-294]]]
11995100	n	106.2817,31.4178,107.2689,32.3151	[[[1062817,318465,1773,-2904,1308,-1195,470,-101,514,-65,518,-22,518,22,514,65,503,108,489,149,469,190,445,228,347,220,477,364,326,307,310,357,266,380,222,401,175,418,126,431,76,439,26,443,-26,443,-76,439,-126,431,-175,418,-222,401,-266,380,-310,357,-348,329,-385,298,-417,264,-445,228,-469,190,-489,149,-503,108,-127,16,-5488,-4686]]]
1791388	n	120.1613,27.6881,121.1655,28.4376	[[[1201613,280000,24,-443,42,-250,1386,-293,1011,-578,2719,-1555,-59,162,-11,72,-272,228,-86,115,-14,175,174,-101,346,-265,170,-139,183,31,184,173,286,396,264,326,115,294,195,142,253,92,161,244,-3,10,-55,193,12,152,-95,165,-70,144,-120,70,-847,196,-121,75,-312,266,-337,120,-147,23,-546,0,-153,27,-70,76,-19,118,1,437,-57,102,-149,128,174,28,80,-201,52,-411,158,-122,149,-23,411,46,455,-33,235,-54,166,-87,151,-128,184,-119,197,-90,188,-42,362,75,242,20,184,-60,230,-110,438,54,157,184,126,203,74,248,11,350,74,175,220,230,220,221,25,14,-2093,2733,-3024,147,-219,-49,-470,-149,-356,-150,-2668,-3079,-18,-67,-74,-439,-24,-443]],[[1210402,279580,45,-60,46,-11,225,64,115,-26,96,-70,104,-15,225,52,134,56,5,88,-122,117,-162,63,-305,-31,-51,7,-55,15,-54,-15,-196,-139,-50,-95]],[[1210960,278279,20,-101,184,0,137,27,83,44,91,-5,125,-59,55,1,-3,57,-56,340,-9,-2,-50,-17,-11,-36,41,-40,-75,-30,-161,14,-191,-31,-180,-162]]]
1785725	n	111.5645,22.5234,112.3814,23.2262	[[[1115645,228315,88,-328,161,-418,205,-401,246,-380,285,-357,321,-329,148,-124,3112,-744,2627,645,976,807,-1297,3174,-2127,1485,-1312,917,-3433,-3947]]]
1788852	n	101.25,36.2476,102.1966,37.1661	[[[1012500,366600,14,-222,40,-219,67,-215,93,-209,117,-201,95,-128,3403,396,-3418,-398,-50,-163,-41,-219,-13,-222,13,-222,41,-219,66,-215,93,-209,117,-201,141,-190,163,-178,184,-165,203,-149,220,-132,235,-114,248,-95,258,-75,266,-54,271,-32,274,-11,274,11,271,32,266,54,258,75,248,95,235,114,220,132,203,149,184,165,163,178,141,190,117,201,45,101,1675,-1560,2066,6351,-2852,-579,64,86,118,201,93,209,67,215,40,219,14,222,-14,222,-40,219,-67,215,-93,209,-118,201,-142,190,-164,178,-185,165,-204,149,-222,132,-236,114,-250,95,-259,75,-268,54,-273,32,-275,11,-275,-11,-273,-32,-268,-54,-259,-75,-250,-95,-236,-114,-222,-132,-204,-149,-185,-165,-164,-178,-142,-190,-118,-201,-93,-209,-67,-215,-40,-219,-14,-222,14,-222,40,-219,67,-215,26,-58,96,-34,-153,-58,-235,-114,-221,-132,-204,-149,-184,-165,-164,-178,-141,-190,-117,-201,-93,-209,-67,-215,-40,-219,-14,-222]]]
1800163	n	115.564,28.3992,116.3603,29.0267	[[[1155640,287000,12,-222,37,-219,61,-215,85,-209,107,-201,129,-190,150,-178,169,-165,186,-149,124,-81,-589,-617,5628,-562,1824,2171,32,194,8,140,-2040,3770,-1575,-1650,-164,131,-202,132,-215,114,-227,95,-237,75,-244,54,-248,32,-251,11,-251,-11,-248,-32,-244,-54,-237,-75,-227,-95,-215,-114,-202,-132,-186,-149,-169,-165,-150,-178,-129,-190,-107,-201,-85,-209,-61,-215,-37,-219,-12,-222]]]
1795855	n	120.3121,29.5952,120.7358,30.2772	[[[1203121,299431,4100,-3479,137,3055,-177,1793,-171,8,-185,41,-292,176,-215,199,-17,126,137,109,222,203,254,313,140,113,-42,421,-25,9,-70,101,-1074,153,-281,-131,-2441,-3210]],[[1206463,301269,183,-173,234,-118,261,-45,27,2,-95,961,-63,-50,-381,-434,-166,-143]]]
1799722	n	120.5895,31.8008,121.3351,32.2876	[[[1205895,321134,261,-365,188,1,1092,-410,672,-134,361,-312,586,-654,54,-83,84,-183,65,-35,156,-34,34,-79,-17,-93,0,-74,-25,-233,100,-194,272,-108,276,64,345,-15,225,-58,242,-117,56,-10,-287,634,65,-3,260,11,257,32,252,54,245,75,236,95,223,114,209,132,192,149,175,165,155,178,134,190,111,201,88,209,63,215,38,219,13,222,-13,222,-34,197,-4015,1464,-32,12,-30,-15,-209,-132,-143,-111,-154,339,-2826,-1742]],[[1206715,319988,1080,-1510,421,-108,-142,368,-276,421,-294,624,-604,199,-185,6]]]
1816917	n	121.1302,31.3,121.7644,31.8561	[[[1211302,316679,624,-728,690,-160,-169,213,-330,272,-673,571,-87,44,-44,-150,-11,-62]],[[1211867,317740,189,-174,189,-189,614,-337,170,-325,116,-159,302,-143,308,-72,291,-204,800,-338,329,-115,238,-146,4,-3,66,1421,-678,710,-52,42,-514,248,-378,161,-240,59,-395,117,-382,77,-187,-76,-222,-114,-208,-132,-192,-149,-168,-159]],[[1212612,314586,539,-1005,-213,-522,468,-59,72,0,676,354,82,96,257,0,57,-53,895,-209,719,224,-702,249,-135,83,-770,474,-77,47,-303,263,-286,124,-174,-195,-1105,129]],[[1213811,318557,245,-105,-102,107,-54,2,-89,-4]],[[1215531,315443,184,-149,40,-7,-224,156]],[[1215845,314414,143,-123,1115,-654,541,76,-20,25,-165,147,-203,142,-343,165,-731,246,-156,4,-114,17,-67,-45]]]
1790437	n	113.0474,22.007,113.6579,22.44	[[[1130474,222100,12,-222,35,-219,58,-215,59,-154,135,183,78,603,255,117,-2,-151,29,-168,59,-155,83,-109,-93,-173,63,-126,-92,-176,-47,-143,83,-334,207,-289,179,-122,208,162,164,55,194,-11,165,-21,166,111,40,64,38,104,9,116,-93,208,44,122,124,213,101,14,47,21,40,49,35,79,90,146,32,89,48,65,103,25,125,-21,253,-122,118,0,338,69,56,12,-104,140,-271,365,-105,135,-255,249,-103,207,-152,206,-467,712,-706,143,-692,-275,-140,-144,-142,-178,-122,-190,-102,-201,-80,-209,-58,-215,-35,-219,-12,-222]],[[1132642,221049,46,-166,103,-136,100,-62,246,79,225,241,178,303,108,271,-176,-15,-117,-75,-75,-31,-49,121,-81,-39,-66,-54,-42,-68,-15,-78,-40,-54,-90,-31,-106,-23,-74,-32,-75,-151]],[[1132727,223776,37,-55,268,-284,484,-354,54,-64,9,-23,23,-64,2,-15,19,-167,22,-72,49,-44,425,-379,71,-167,66,-226,118,-99,218,-183,245,-29,135,165,243,197,65,86,1,0,18,24,-4,6,-65,101,58,33,98,54,143,-27,83,147,265,42,2,15,21,140,-63,101,-65,31,-25,182,-11,159,94,88,93,66,44,97,6,157,22,90,109,197,-288,11,-235,95,-65,150,-52,418,9,24,-828,-458,-1273,-296,-645,130]],[[1133094,220241,141,-122,636,-38,187,-11,-31,74,-11,41,-27,34,-75,56,189,360,23,125,-137,-75,-43,25,-10,6,-37,31,-27,35,-19,40,-13,32,0,27,-13,15,-49,-6,-51,-89,-94,-41,-105,-29,-92,-46,-342,-444]],[[1134649,221081,11,-66,75,-30,5,-104,-38,-105,145,-62,542,107,87,105,-150,28,-55,107,38,68,18,74,-56,56,-82,14,-474,-132,-66,-60]],[[1136104,224133,19,-153,89,-66,102,47,109,41,1,112,109,23,45,101,1,82,-83,66,-147,-6,-115,19,-116,-94,-14,-172]]]
8347664	n	109.197,39.1578,110.3126,39.9906	[[[1091970,396100,28,-443,84,-439,139,-431,193,-418,244,-401,294,-380,341,-357,384,-329,424,-298,460,-264,491,-228,517,-190,539,-149,555,-108,566,-65,571,-22,571,22,566,65,555,108,539,149,517,190,491,228,460,264,424,298,384,329,341,357,294,380,184,303,-2613,1739,-3623,2411,-2231,1485,-98,-46,-460,-264,-424,-298,-384,-329,-341,-357,-294,-380,-244,-401,-193,-418,-139,-431,-84,-439,-28,-443]]]
12359313	n	107.1101,35.2578,108.1932,36.1622	[[[1071101,358394,1079,-4213,309,-279,402,-298,436,-264,465,-228,491,-190,511,-149,527,-108,537,-65,542,-22,542,22,537,65,527,108,511,149,491,190,465,228,436,264,402,298,365,329,323,357,279,380,233,401,182,418,132,431,80,439,27,443,-27,443,-80,439,-132,431,-182,418,-233,401,-279,380,-323,357,-365,329,-402,298,-436,264,-465,228,-491,190,-511,149,-527,108,-537,65,-542,22,-542,-22,-537,-65,-527,-108,-511,-149,-491,-190,-465,-228,-436,-264,-402,-298,-365,-329,-323,-357,-279,-380,-233,-401,-182,-418,-6,-19]]]
1785623	n	120.7336,31.2189,121.1022,31.5555	[[[1207336,314545,364,-1145,1432,-1211,528,150,1362,662,-1827,2554,-1859,-1010]]]
1783621	n	106.4028,27.2378,107.4172,27.9762	[[[1064028,276900,24,-443,73,-439,121,-431,168,-418,212,-401,256,-380,297,-357,334,-329,369,-298,400,-264,427,-228,450,-190,469,-149,482,-108,493,-65,497,-22,497,22,493,65,482,108,469,149,450,190,427,228,400,264,369,298,334,329,297,357,256,380,212,401,168,418,121,431,73,439,24,443,-24,443,-73,439,-121,431,-168,418,-212,401,-256,380,-291,350,-8644,-1208,-137,-341,-121,-431,-73,-439,-24,-443]]]
10859300	n	118.8572,34.2985,119.7551,34.9546	[[[1188572,345800,13,-222,40,-219,65,-215,90,-209,114,-201,138,-190,159,-178,180,-165,199,-149,215,-132,229,-114,242,-95,252,-75,260,-54,265,-32,267,-11,267,11,265,32,260,54,252,75,91,36,212,-669,2582,-93,2103,1494,90,208,129,427,-39,28,-223,99,-236,71,-200,26,-268,-22,-108,22,-43,28,-20,42,-4,49,0,48,-318,122,-93,58,-112,137,-570,335,-751,689,161,135,15,172,-110,171,-210,136,-140,39,-267,12,-138,24,-121,58,-176,153,-113,62,-116,-123,-101,-85,-132,-49,-204,-16,-496,82,-125,-20,-83,-103,-112,-308,-64,-67,-112,63,-35,149,16,162,50,104,-62,68,128,185,-88,249,-44,464,147,753,-64,161,-4,27,-262,41,-966,-462,328,-1032,-33,-1,-265,-32,-260,-54,-252,-75,-242,-95,-229,-114,-215,-132,-199,-149,-180,-165,-159,-178,-138,-190,-114,-201,-90,-209,-65,-215,-40,-219,-13,-222]]]
1802940	n	115.8877,22.9196,116.5272,23.5376	[[[1158877,231478,174,-179,1180,-192,402,125,-68,-176,-58,-213,1714,-1647,241,120,353,263,-121,87,-171,-75,-174,12,-339,132,126,93,211,-24,276,-67,268,52,94,-157,398,-113,147,-138,266,-91,467,84,322,100,362,-80,238,281,34,309,53,16,-1484,2212,434,1113,-3375,2051,-701,-1388,-895,-1771,-374,-739]]]
1810638	n	114.4309,25.3978,115.4291,26.3022	[[[1144309,258500,24,-443,72,-439,119,-431,165,-418,209,-401,252,-380,292,-357,329,-329,363,-298,393,-264,420,-228,443,-190,461,-149,475,-108,485,-65,489,-22,489,22,485,65,475,108,461,149,443,190,420,228,393,264,363,298,329,329,292,357,252,380,209,401,165,418,119,431,72,439,24,443,-24,443,-72,439,-119,431,-165,418,-209,401,-252,380,-292,357,-329,329,-363,298,-393,264,-420,228,-443,190,-461,149,-475,108,-485,65,-489,22,-489,-22,-485,-65,-475,-108,-461,-149,-443,-190,-420,-228,-393,-264,-363,-298,-329,-329,-292,-357,-252,-380,-209,-401,-165,-418,-119,-431,-72,-439,-24,-443]]]
1794035	n	121.0144,30.6864,121.3234,31.1239	[[[1210144,309732,893,-2868,1669,2526,483,124,45,67,-1054,1658,-727,-465,-570,-796,-739,-246]]]
1797121	n	116.044,23.3325,116.5381,23.89	[[[1160440,236772,407,-1396,3375,-2051,86,41,568,684,505,1215,-2289,3635,-2587,-1930,-65,-198]]]
2036502	n	126.0627,43.3977,126.9907,44.2133	[[[1260627,437751,431,-821,4288,-2943,254,-9,62,2,2234,320,87,22,553,190,120,52,1251,5177,-6703,2392,-2577,-4382]]]
1806508	p	1796236
1796134	n	115.1156,34.1012,116.1316,34.7464	[[[1151156,344100,26,-443,78,-439,130,-431,180,-418,229,-401,274,-380,30,-34,2028,-542,7185,1042,-64,2076,-4431,3334,-4340,-414,-89,-81,-319,-357,-274,-380,-229,-401,-180,-418,-130,-431,-78,-439,-26,-443]]]
1800146	n	105.5865,30.5539,106.4957,31.0856	[[[1055865,309480,2645,-3250,366,256,6081,4249,-104,121,-8287,-211,-114,-133,-264,-380,-219,-401,-104,-251]],[[1058876,306486,103,-120,173,-165,190,-149,206,-132,220,-114,232,-95,241,-75,249,-54,254,-32,256,-11,256,11,254,32,249,54,241,75,232,95,220,114,206,132,190,149,173,165,152,178,132,190,110,201,86,209,63,215,37,219,13,222,-13,222,-37,219,-63,215,-86,209,-110,201,-132,190,-152,178,-90,85,-4055,-2833]]]
1799629	n	111.9621,32.7502,112.8997,33.285	[[[1119621,330300,13,-222,39,-219,64,-215,88,-209,113,-201,135,-190,78,-88,792,-222,2136,-597,246,74,238,95,176,89,-39,-432,40,-39,1527,-422,638,390,91,56,3001,1834,-1826,2297,-3034,771,-76,-849,-62,47,-211,132,-225,114,-238,95,-247,75,-255,54,-260,32,-263,11,-263,-11,-260,-32,-255,-54,-247,-75,-238,-95,-225,-114,-211,-132,-195,-149,-177,-165,-156,-178,-135,-190,-113,-201,-88,-209,-64,-215,-39,-219,-13,-222]]]
1806299	n	112.7164,22.3404,113.2416,22.9534	[[[1127164,227700,12,-222,35,-219,58,-215,81,-209,102,-201,123,-190,142,-178,161,-165,177,-149,132,-90,-88,-39,1252,-1705,1123,-714,1383,549,158,552,-123,121,-236,161,-54,89,-17,191,68,689,123,-115,390,-610,250,875,-1223,1282,60,275,-397,1148,-2532,923,-176,-22,-93,-64,-177,-149,-161,-165,-142,-178,-123,-190,-102,-201,-81,-209,-58,-215,-35,-219,-12,-222]]]
1815251	n	120.0383,31.7338,120.4602,32.1785	[[[1200383,319432,1354,-2094,1907,117,576,2257,-38,-15,-770,-134,-1112,-474,-517,-47,-473,81,-922,308,-5,1]],[[1200418,319774,105,-65,378,-159,413,-118,445,-65,478,1,434,119,332,230,613,539,662,273,172,81,152,595,-1192,579,-2992,-2010]]]
1810845	n	115.2945,32.4506,116.2513,33.3478	[[[1152945,328162,8,-44,128,-431,177,-418,224,-401,270,-380,313,-357,352,-329,389,-298,422,-264,450,-228,475,-190,494,-149,509,-108,473,-59,249,148,4635,5399,-2183,3092,-83,33,-494,149,-509,108,-344,43,-5955,-5316]]]
11838258	n	106.7972,40.2878,107.9828,41.1922	[[[1067972,407400,28,-443,86,-439,141,-431,196,-418,249,-401,299,-380,347,-357,390,-329,431,-298,468,-264,499,-228,525,-190,548,-149,564,-108,576,-65,581,-22,581,22,576,65,564,108,548,149,525,190,499,228,468,264,431,298,390,329,347,357,299,380,249,401,196,418,141,431,86,439,28,443,-28,443,-86,439,-141,431,-196,418,-249,401,-299,380,-347,357,-390,329,-431,298,-468,264,-499,228,-525,190,-548,149,-564,108,-576,65,-581,22,-581,-22,-576,-65,-564,-108,-548,-149,-525,-190,-499,-228,-468,-264,-431,-298,-390,-329,-347,-357,-299,-380,-249,-401,-196,-418,-141,-431,-86,-439,-28,-443]]]
1793036	n	116.8918,34.6736,117.325,35.3555	[[[1168918,351496,370,-546,1255,-1359,-450,-903,-51,-750,426,-943,83,-51,1629,-207,427,263,-758,2330,1401,596,0,3596,-45,33,-4287,-2059]]]
1815395	n	116.3092,23.5265,116.815,24.1022	[[[1163092,238900,2289,-3635,1699,356,1070,591,-206,1818,-316,2796,-5,1,-466,108,-476,65,-481,22,-85,-4,-2545,-1389,-478,-729]]]
1797945	n	112.5437,23.4025,113.5205,24.1522	[[[1125437,236444,52,-326,117,-431,162,-418,153,-297,7,-7,5189,-940,2601,689,579,281,817,1143,68,419,23,443,-23,443,-71,439,-117,431,-162,418,-206,401,-247,380,-287,357,-323,329,-357,298,-387,264,-413,228,-435,190,-453,149,-467,108,-476,65,-481,22,-481,-22,-476,-65,-467,-108,-453,-149,-435,-190,-413,-228,-387,-264,-357,-298,-7,-8,-1387,-3746]]]
1793724	n	116.893,35.8987,117.39,36.4688	[[[1168930,360082,2042,-1095,2554,529,374,446,0,4187,-1076,539,-2887,-504,-1007,-4102]]]
7283386	n	120.5015,31.4545,121.0595,31.8478	[[[1205015,316629,383,-1504,1938,-580,1859,1010,895,1095,505,617,-457,163,-331,82,-322,67,-531,54,-635,145,-835,244,-169,117,-9,14,-2291,-1524]],[[1207487,318273,28,-26,563,-150,170,190,-32,83,-421,108,-308,-205]]]
1793743	n	116.5865,33.2844,117.4797,33.8955	[[[1165865,336009,4088,-3165,3298,644,1026,389,9,11,272,380,226,401,13,30,-1068,2807,-20,34,-1186,902,-1388,513,-5270,-2946]]]
1802206	n	116.022,31.2878,116.9576,32.1401	[[[1160220,315911,101,-242,221,-401,267,-380,308,-357,348,-329,384,-298,417,-264,444,-228,469,-190,488,-149,503,-108,512,-65,518,-22,518,22,512,65,503,108,488,149,353,143,2002,2085,-1265,5597,-177,113,-444,228,-31,13,-252,-66,-2284,-1724,-2612,-1972,-1,0,-2290,-1728]]]
1787746	n	119.6415,32.9818,120.7284,33.6268	[[[1196415,332500,13,-222,38,-219,64,-215,89,-209,113,-201,105,-147,3717,-671,22,-4,16,8,212,132,195,149,177,165,157,178,82,115,264,-420,341,445,12,-40,88,-209,113,-201,135,-190,60,-67,2832,-849,1,-1,31,-9,87,18,248,75,238,95,226,114,212,132,195,149,177,165,157,178,135,190,113,201,88,209,64,215,39,219,13,222,-13,222,-39,219,-64,215,-88,209,-2,2,-5,1,-122,64,-151,148,-128,171,-52,129,-10,114,-112,105,-195,149,-212,132,-226,114,-238,95,-248,75,-255,54,-261,32,-263,11,-263,-11,-144,-18,717,939,-1808,308,-510,87,-4119,702,-122,-44,926,-1470,-177,7,-263,-11,-261,-32,-256,-54,-248,-75,-238,-95,-226,-114,-212,-132,-195,-149,-177,-165,-157,-178,-135,-190,-113,-201,-89,-209,-64,-215,-38,-219,-13,-222]]]
1793505	n	119.6875,32.2981,120.4042,32.7307	[[[1196875,326537,807,-3292,138,-33,132,-14,232,-61,175,-108,2080,454,1880,-502,100,30,236,95,225,114,209,132,52,40,20,44,382,840,499,1094,-30,171,-64,215,-88,209,-111,201,-104,146,-2801,979,-1,1,-32,11,-184,-39,-246,-75,-236,-95,-146,-74,-36,287,-2690,-334,-398,-436]]]
2037860	n	124.5381,46.1739,125.626,47.0147	[[[1245381,466008,11,-49,78,-215,108,-209,137,-201,165,-190,109,-102,-80,-5,-118,-172,-107,-209,-78,-215,-47,-219,-16,-222,16,-222,47,-219,78,-215,107,-209,137,-201,164,-190,191,-178,214,-165,237,-149,257,-132,274,-114,289,-95,301,-75,310,-54,316,-32,319,-11,319,11,316,32,310,54,301,75,289,95,274,114,257,132,237,149,99,76,-25,149,12,-6,274,-114,290,-95,301,-75,310,-54,317,-32,319,-11,319,11,317,32,310,54,301,75,290,95,274,114,257,132,237,149,215,165,190,178,165,190,136,201,108,209,78,215,47,219,16,222,-16,222,-47,219,-78,215,-108,209,-136,201,-165,190,-190,178,-215,165,-237,149,-257,132,-274,114,-290,95,-301,75,-310,54,-317,32,-255,9,124,216,-117,73,-257,132,-275,114,-290,95,-301,75,-70,12,1551,2167,-349,145,-579,190,-604,149,-115,20,-1197,-1953,-168,86,-275,114,-290,95,-302,75,-312,54,-317,32,-321,11,-321,-11,-317,-32,-312,-54,-302,-75,-140,-46,-1416,-1888,-1,-1,-410,-546]]]
1791236	n	118.0107,30.9683,118.9557,31.5028	[[[1180107,312570,2543,-2887,6907,3861,-10,175,-2707,450,-4555,758,-607,101,-1571,-2458]]]
1813325	n	106.9348,30.8692,107.9019,31.6622	[[[1069348,312100,26,-443,75,-439,126,-431,173,-418,221,-401,264,-380,307,-357,347,-329,269,-210,4528,474,2420,953,915,4418,-52,75,-307,357,-347,329,-381,298,-414,264,-442,228,-466,190,-486,149,-499,108,-510,65,-515,22,-515,-22,-510,-65,-499,-108,-486,-149,-466,-190,-442,-228,-414,-264,-381,-298,-347,-329,-307,-357,-264,-380,-221,-401,-173,-418,-126,-431,-75,-439,-26,-443]]]
1809498	n	109.8033,24.9237,110.7967,25.7322	[[[1098033,252800,24,-443,71,-439,119,-431,164,-418,208,-401,251,-380,290,-357,328,-329,361,-298,99,-67,7727,2052,78,198,119,431,71,439,24,443,-24,443,-71,439,-119,431,-164,418,-208,401,-251,380,-290,357,-328,329,-361,298,-391,264,-418,228,-441,190,-459,149,-473,108,-482,65,-487,22,-487,-22,-482,-65,-473,-108,-459,-149,-441,-190,-418,-228,-391,-264,-361,-298,-328,-329,-290,-357,-251,-380,-208,-401,-164,-418,-119,-431,-71,-439,-24,-443]]]
1784853	n	112.0357,22.6686,112.735,23.3961	[[[1120357,231700,12,-222,21,-133,2127,-1485,1297,-3174,1672,401,1864,2325,-1459,3984,-822,-861,-12,30,-103,201,-123,190,-143,178,-161,165,-177,149,-193,132,-205,114,-217,95,-226,75,-232,54,-238,32,-239,11,-239,-11,-238,-32,-232,-54,-226,-75,-217,-95,-205,-114,-193,-132,-177,-149,-161,-165,-143,-178,-123,-190,-103,-201,-81,-209,-58,-215,-35,-219,-12,-222]]]
1800627	n	104.3498,31.2228,105.2031,31.9961	[[[1043498,316526,520,-1283,4074,-3015,3939,2970,-66,384,-47,160,-2958,275,108,84,174,165,154,178,134,190,110,201,88,209,63,215,38,219,13,222,-13,222,-38,219,-63,215,-88,209,-110,201,-134,190,-154,178,-174,165,-192,149,-208,132,-223,114,-234,95,-244,75,-252,54,-256,32,-259,11,-259,-11,-256,-32,-252,-54,-244,-75,-234,-95,-223,-114,-208,-132,-192,-149,-174,-165,-154,-178,-134,-190,-110,-201,-88,-209,-63,-215,-38,-219,-13,-222,13,-222,38,-219,63,-215,88,-209,110,-201,134,-190,54,-63,-1560,145]]]
12358576	n	107.8773,30.4477,108.7013,30.9415	[[[1078773,308625,345,-1245,621,-2244,61,-25,242,-75,248,-54,254,-32,256,-11,256,11,254,32,248,54,242,75,231,95,220,114,206,132,190,149,137,131,281,-1255,366,1024,210,-65,249,-54,254,-32,256,-11,256,11,254,32,249,54,241,75,232,95,220,114,206,132,190,149,172,165,153,178,132,190,110,201,86,209,62,215,38,219,12,222,-12,222,-38,219,-62,215,-86,209,-110,201,-132,190,-153,178,-172,165,-104,81,-997,-610,-846,-738,-1113,-259,-766,-322,-468,949,-477,806,-1124,289,-1,0,-75,20,-235,-51,-242,-75,-231,-95,-220,-114,-206,-132,-190,-149,-172,-165,-8,-9]]]
1798449	n	118.5126,25.1112,119.4488,25.8614	[[[1185126,254400,24,-443,5,-31,712,-685,3670,-1763,19,43,166,200,24,105,-115,111,-148,35,-153,-26,-121,-67,-56,-85,-60,163,45,130,-27,85,-271,32,-192,76,108,158,209,137,113,10,107,59,652,186,436,-48,-24,-189,-249,-52,-200,-92,-107,-185,180,-42,475,56,226,-28,115,-83,2,-130,-105,-175,-246,-275,-49,-182,153,-158,15,184,73,145,115,49,145,-104,-52,-64,-92,-210,246,-110,97,-25,-34,35,-26,34,-28,31,-48,35,78,109,102,-24,132,-66,171,-19,161,69,32,81,-65,40,-128,-53,-46,103,-44,68,-49,52,-56,124,-101,98,-24,137,143,172,259,72,114,-140,113,-154,109,-151,173,58,173,34,-298,791,162,-7,-34,109,-117,143,102,102,98,68,217,103,-198,415,-81,0,-29,-161,-93,-126,-99,-43,-47,88,-32,157,-83,130,-207,193,-267,249,-70,135,141,61,25,8,95,28,327,189,102,86,118,75,317,53,142,45,85,70,230,303,80,148,32,306,58,130,328,74,108,94,-115,123,-1955,1024,-96,-31,-221,-95,-209,-114,-196,-132,-95,-78,-412,1094,-733,653,-876,297,-109,-36,-442,-190,-418,-228,-392,-264,-362,-298,-328,-329,-291,-357,-251,-380,-208,-401,-165,-418,-118,-431,-72,-439,-24,-443]],[[1192084,252643,160,7,241,32,237,54,230,75,167,72,-149,189,-56,94,70,0,-51,54,-46,34,-109,48,-41,-116,-86,-10,-109,52,-112,74,-18,-176,-65,-177,-89,-152,-95,-103,-79,-51]],[[1192815,254829,1,-191,41,-91,26,-110,86,-208,57,0,111,70,123,41,90,40,-2,119,-42,175,41,223,89,257,55,286,30,82,-61,89,5,56,-32,66,-116,-20,-104,-101,-31,-41,-79,-84,-28,-19,-25,-34,-13,-57,-222,-548]],[[1193529,255397,36,-128,95,-62,759,-112,60,-36,-3,63,-27,166,-773,406,-116,-187,-31,-110]],[[1194331,254595,25,-126,73,-52,11,42,36,219,12,222,-6,114,-26,-113,-125,-306]]]
2036427	n	120.452,40.8692,121.6683,41.5154	[[[1204520,411000,14,-222,43,-219,71,-215,99,-209,125,-201,150,-190,174,-178,197,-165,216,-149,235,-132,251,-114,166,-59,3245,583,1385,-807,53,-31,116,40,51,28,89,89,106,84,118,74,130,57,204,159,245,84,246,-36,198,-207,137,142,65,-102,90,-74,118,-38,136,4,162,105,75,63,-66,213,244,-27,100,-4,105,50,144,-55,235,9,290,32,284,54,276,75,264,95,251,114,235,132,217,149,197,165,174,178,151,190,125,201,98,209,72,215,43,219,14,222,-14,222,-43,219,-72,215,-98,209,-125,201,-151,190,-174,178,-197,165,-217,149,-235,132,-251,114,-264,95,-276,75,-284,54,-290,32,-292,11,-292,-11,-290,-32,-284,-54,-276,-75,-264,-95,-251,-114,-133,-74,-543,1747,-2040,-754,61,-1650,-232,131,-251,114,-265,95,-275,75,-284,54,-289,32,-292,11,-292,-11,-289,-32,-284,-54,-275,-75,-265,-95,-251,-114,-235,-132,-216,-149,-197,-165,-174,-178,-150,-190,-125,-201,-99,-209,-71,-215,-43,-219,-14,-222]]]
8400694	n	121.0024,28.1547,121.6699,28.9261	[[[1210024,285702,2033,-253,-62,-50,-168,-165,-149,-178,-129,-190,-107,-201,-85,-209,-61,-215,-36,-219,-13,-222,13,-222,36,-219,52,-181,95,258,247,162,-74,177,74,73,151,-27,300,-215,169,-15,337,69,-85,-108,-120,-61,-137,-10,-130,43,-72,-87,-72,-118,337,-258,121,-359,-237,-313,365,-131,135,-176,127,-273,93,-44,121,-16,105,-143,104,-24,248,-32,67,-3,65,73,58,106,27,115,-22,112,-58,-33,-147,-41,49,143,22,125,37,111,97,105,135,64,109,11,92,25,79,99,28,135,-73,42,-101,22,-59,80,34,144,100,64,118,-7,91,-71,62,0,13,85,40,61,65,42,86,29,167,118,269,21,220,-58,195,-51,260,-173,131,-37,-25,-405,74,-35,142,87,54,79,107,201,85,209,61,215,25,152,-14,47,-30,81,38,155,-164,178,-84,231,-146,108,-91,118,6,113,160,112,73,118,-231,119,-397,34,-236,-18,-97,-12,94,115,139,24,85,-7,75,-6,307,26,-84,204,-238,259,-110,204,-80,281,-48,252,-19,38,-136,286,-201,86,-352,238,-245,43,-165,28,-324,-146,-164,140,-374,-40,-692,-169,120,123,161,53,122,85,6,217,-134,154,-451,145,-96,74,-38,105,-91,151,-122,133,-126,57,-216,22,-122,65,-174,261,0,63,98,-34,37,-49,19,-61,52,-62,107,-74,164,-62,110,-22,70,1,64,-23,100,-93,30,-66,73,-214,32,-61,85,-38,225,-18,100,-19,114,-48,46,-35,35,-45,78,-77,140,-111,140,-78,170,-51,597,-46,919,-69,1028,243,158,112,10,60,-27,64,-49,81,35,55,40,36,39,26,27,26,66,78,71,55,85,39,115,27,0,74,-268,0,0,68,109,29,71,43,161,133,-75,81,-59,46,-146,79,-69,-7,-67,-39,-48,10,-21,141,13,49,51,95,11,63,-54,36,-65,-4,-41,73,-7,4,-106,56,-113,-17,-97,-51,-144,66,-164,45,-146,58,-93,110,-82,-19,-59,41,-32,63,-135,18,-251,11,-251,-11,-248,-32,-244,-54,-237,-75,-227,-95,-215,-114,-202,-132,-186,-149,-169,-165,-150,-178,-50,-73,-1153,806,-1344,-3287]],[[1212124,282098,57,-46,201,-132,215,-114,75,-32,30,49,-13,116,-125,209,-258,49,-182,-99]]]
1814870	n	119.8366,29.0559,120.4773,29.5282	[[[1198366,292493,953,-1395,1186,-94,1305,-445,22,16,0,1,2934,2147,7,5,-11,194,-37,219,-61,215,-85,209,-109,201,-129,190,-151,178,-170,165,-187,149,-203,132,-216,114,-229,95,-238,75,-245,54,-184,24,1,1,-1212,339,-2941,-2789]]]
1797353	n	118.1422,24.5172,118.9277,25.2161	[[[1181422,249900,12,-222,36,-219,59,-215,82,-209,104,-201,125,-190,145,-178,163,-165,180,-149,195,-132,209,-114,220,-95,120,-39,-625,-463,1379,-1389,222,146,171,179,-210,478,106,78,111,128,86,68,37,-101,-2,-306,-20,-143,-46,-134,172,-23,296,-147,112,-35,151,-27,699,-391,70,-88,-166,-40,-70,-30,-31,-72,-5,-90,7,-80,24,-109,32,-9,41,35,39,20,256,54,297,174,261,229,149,219,27,220,-104,41,-136,5,-66,110,3,194,21,165,61,149,120,147,124,-104,93,-115,96,-50,133,95,215,296,118,109,148,42,17,45,154,265,-9,110,-35,51,-161,75,-146,-58,-88,-1,-39,94,2,111,-12,84,-41,66,-92,51,-43,-83,-110,-89,-188,-106,-70,-3,-91,6,-78,-3,-34,-34,-24,-67,-54,51,-147,281,1,122,26,118,-7,143,-71,122,-73,52,-335,242,238,-105,283,-69,271,-9,200,78,22,119,-113,118,-146,101,-71,71,35,82,2,3,175,168,61,125,96,-160,54,-64,54,-48,-38,-107,5,-122,40,-76,68,32,19,79,-19,336,119,-92,130,-143,90,-164,2,-153,-45,-24,-174,-55,-60,-58,-37,-120,11,-53,6,-27,41,-32,22,-17,100,-30,202,78,257,66,181,98,-25,174,145,59,106,-30,101,-64,131,-39,118,28,290,104,105,-24,208,-128,108,-24,1,1,81,209,15,53,-86,75,-88,306,105,156,158,15,3,51,-12,222,-35,219,-60,215,-8,21,-204,58,-179,72,-178,158,-110,173,-1,128,87,114,100,24,50,16,-12,14,-163,165,-181,149,-195,132,-208,114,-220,95,-229,75,-236,54,-240,32,-243,11,-243,-11,-240,-32,-236,-54,-229,-75,-220,-95,-10,-5,-8,-58,-142,117,-195,132,-209,114,-220,95,-229,75,-236,54,-240,32,-243,11,-243,-11,-240,-32,-236,-54,-229,-75,-220,-95,-209,-114,-195,-132,-180,-149,-163,-165,-145,-178,-125,-190,-104,-201,-82,-209,-59,-215,-36,-219,-12,-222]]]
1805528	n	119.2127,28.6904,119.9319,29.4461	[[[1192127,292200,12,-222,37,-219,62,-215,85,-209,108,-201,129,-190,151,-178,169,-165,188,-149,202,-132,217,-114,228,-95,238,-75,85,-18,-1072,-1159,389,-1396,189,-123,433,-228,456,-190,58,-18,1706,495,1603,1900,1,1,1238,1467,1,1,279,330,-953,1395,-1392,694,-587,717,-55,44,-202,132,-217,114,-228,95,-238,75,-245,54,-250,32,-252,11,-252,-11,-250,-32,-245,-54,-238,-75,-228,-95,-217,-114,-202,-132,-188,-149,-169,-165,-151,-178,-129,-190,-108,-201,-85,-209,-62,-215,-37,-219,-12,-222]]]
1806602	n	120.9837,29.8239,121.5406,30.3484	[[[1209837,302063,184,-1195,881,-2565,92,-21,252,-32,254,-11,254,11,252,32,247,54,240,75,77,32,273,127,975,1603,933,652,655,958,-338,417,-772,730,-522,321,-642,131,-591,102,-687,-108,-357,-118,-209,-242,-197,-188,-1023,-640,-124,-77,-107,-48]]]
1791121	n	111.1863,28.5778,112.0912,29.3983	[[[1111863,290300,25,-443,74,-439,122,-431,170,-418,216,-401,259,-380,300,-357,339,-329,373,-298,405,-264,432,-228,456,-190,475,-149,489,-108,498,-65,504,-22,504,22,498,65,110,24,305,302,1,1,979,965,1515,3679,-2709,2292,-4175,855,-287,-187,-373,-298,-339,-329,-300,-357,-259,-380,-216,-401,-170,-418,-122,-431,-74,-439,-25,-443]]]
1804879	n	113.9682,34.3478,114.857,35.2091	[[[1139682,349157,408,-4697,2300,-939,174,-21,536,-22,536,22,531,65,521,108,505,149,485,190,461,228,431,264,398,298,360,329,320,357,276,380,229,401,181,418,131,431,79,439,26,443,-26,443,-79,439,-131,431,-181,418,-229,401,-276,380,-320,357,-360,329,-207,154,-3869,738,-3210,-2933]]]
10942359	n	106.6958,33.9178,107.6321,34.8222	[[[1066958,343700,27,-443,78,-439,130,-431,180,-418,228,-401,274,-380,319,-357,358,-329,396,-298,429,-264,458,-228,483,-190,502,-149,518,-108,529,-65,533,-22,533,22,67,8,0,2289,69,-15,264,-32,267,-11,267,11,264,32,259,54,251,75,242,95,229,114,214,132,198,149,179,165,159,178,138,190,114,201,90,209,65,215,39,219,13,222,-13,222,-39,219,-65,215,-90,209,-114,201,-138,190,-159,178,-179,165,-198,149,-214,132,-229,114,-242,95,-251,75,-259,54,-264,32,-267,11,-267,-11,-264,-32,-69,-15,0,2289,-67,8,-533,22,-533,-22,-529,-65,-518,-108,-502,-149,-483,-190,-458,-228,-429,-264,-396,-298,-358,-329,-319,-357,-274,-380,-228,-401,-180,-418,-130,-431,-78,-439,-27,-443]]]
1793771	n	117.9429,33.4439,118.6715,34.0906	[[[1179429,335796,91,-162,136,-190,158,-178,178,-165,196,-149,213,-132,227,-114,239,-95,250,-75,257,-54,262,-32,264,-11,264,11,262,32,257,54,250,75,239,95,227,114,213,132,196,149,178,165,158,178,136,190,113,201,38,89,-146,1672,2430,2581,-4344,729,-214,-41,-773,-541,-33,-760,-968,-676,-27,-43,432,-1660,-1359,-1389]]]
1803300	n	108.9513,23.9478,109.8566,24.7509	[[[1089513,241553,33,-84,164,-318,7184,-1673,333,226,270,225,-1235,1917,80,4,239,32,235,54,228,75,219,95,207,114,195,132,179,149,162,165,145,178,124,190,103,201,82,209,59,215,35,219,12,222,-12,222,-35,219,-59,215,-82,209,-103,201,-124,190,-145,178,-162,165,-179,149,-195,132,-207,114,-219,95,-228,75,-235,54,-239,32,-242,11,-242,-11,-239,-32,-235,-54,-228,-75,-219,-95,-207,-114,-195,-132,-179,-149,-162,-165,-145,-178,-24,-37,-1411,2190,-400,-131,-437,-190,-373,-205,-1891,-5430]]]
1787331	n	120.3644,31.6629,120.7795,32.1205	[[[1203644,317455,1371,-826,2291,1524,-98,166,-37,292,105,-104,109,-139,102,-95,308,205,-1080,1510,-15,0,-657,-74,-865,273,-483,64,-141,-37,-12,-182,16,-207,-236,-73,-102,-40,-576,-2257]],[[1204450,320610,458,215,316,1,431,-59,501,2,-261,365,-1293,71,-152,-595]]]
1788534	n	113.5402,31.8271,114.5604,32.3101	[[[1135402,321291,2401,-2342,6932,-678,65,60,310,357,267,380,223,401,4,10,-107,3622,-5633,-232,-1014,-41,-3147,-129,-78,-186,-126,-431,-77,-439,-20,-352]]]
1797658	p	1797353
1816234	n	115.4131,33.4343,116.2773,34.2054	[[[1154131,341012,954,-1644,1527,-2631,1174,-2024,799,-369,170,21,515,108,500,149,480,190,456,228,426,264,394,298,356,329,316,357,273,380,227,401,75,174,-36,2504,-116,920,-38,67,-1267,1320,-7185,-1042]]]
1797318	n	103.2825,25.0291,104.2775,25.9323	[[[1032825,254800,23,-443,72,-439,119,-431,164,-418,209,-401,144,-218,4532,-2159,200,9,483,65,473,108,460,149,441,190,419,228,392,264,362,298,328,329,291,357,251,380,209,401,164,418,119,431,72,439,23,443,-23,443,-72,439,-119,431,-164,418,-209,401,-251,380,-291,357,-328,329,-362,298,-392,264,-419,228,-441,190,-460,149,-473,108,-483,65,-488,22,-488,-22,-483,-65,-473,-108,-460,-149,-441,-190,-419,-228,-392,-264,-362,-298,-328,-329,-291,-357,-251,-380,-209,-401,-164,-418,-119,-431,-72,-439,-23,-443]]]
1784990	n	109.9082,20.7778,110.6433,21.4541	[[[1099082,212292,23,-435,69,-439,115,-431,159,-418,202,-401,244,-380,281,-357,318,-329,350,-298,380,-264,406,-228,427,-190,445,-149,459,-108,348,-49,-95,127,73,55,52,59,80,158,64,-185,-6,-232,424,-20,147,7,-20,116,-165,359,-172,229,-32,-103,-47,-27,-59,38,-66,92,-68,-69,-60,168,-161,11,-189,-78,-137,-101,-754,-15,-202,-47,0,131,-81,-28,-32,-1,-27,15,-71,14,-16,-28,6,-22,-7,-12,-45,-7,-3,47,-10,12,-22,-1,-40,11,40,78,12,55,-12,57,-40,89,75,0,30,-38,101,-105,-57,145,-175,294,-48,176,17,192,41,188,-3,153,-117,87,0,63,136,-63,211,341,63,137,66,253,49,122,90,109,-7,-152,17,-176,46,-148,86,-70,30,51,475,565,110,67,350,118,185,87,136,168,279,195,108,40,80,58,53,141,30,171,8,148,14,36,29,49,24,68,8,86,-25,56,-92,76,-20,42,-36,106,-85,107,-111,95,-110,71,0,62,35,122,-96,131,-153,108,-133,55,0,68,169,-34,232,-136,145,-35,-62,137,93,-40,37,-28,49,353,-223,390,-136,327,247,131,-3524,-645,-1226,-1551]],[[1102459,209860,207,-134,321,81,350,156,293,95,784,0,163,-46,192,-108,161,-124,67,-93,5,-112,25,-100,53,-71,89,-28,92,40,-5,95,-34,115,-14,98,61,168,169,336,37,145,-19,201,-68,157,-124,90,-193,1,-142,-62,-88,-81,-113,-62,-209,-6,69,0,-147,-11,-120,-27,-89,-59,-55,-108,-95,76,-78,157,-106,320,-185,-149,-287,-63,-552,-3,80,-113,126,-22,141,31,131,46,-83,-112,-170,-45,-197,14,-171,68,-36,-95,12,-67,57,-37,110,-6,0,-68,-123,5,-103,-12,-189,-55,134,-106,61,-127,-35,-113,-160,-70]],[[1103690,214249,320,-379,185,-96,117,201,61,0,-134,-559,4,-129,96,-199,80,56,93,176,141,165,0,-198,35,33,39,29,53,15,83,-9,0,-68,-415,-211,0,-63,122,-20,91,-32,71,-6,57,58,74,0,0,-74,-41,-73,-19,-49,-14,-83,-62,0,-64,100,-97,43,-103,23,-90,39,-61,0,3,-44,-16,-10,-26,1,-30,-9,50,-24,38,-24,27,-37,15,-58,-115,-42,12,-77,64,-102,39,-121,-17,-129,-86,-203,-27,-145,69,0,164,121,156,85,183,51,1072,84,-46,41,-39,49,-30,58,-20,63,418,-170,195,5,68,227,-236,379,-40,104,1,25,-1008,1163,-720,239,-307,102,-228,-41,0,-53,-64,-32,-44,-40,-97,-126]],[[1104177,211785,84,6,173,-12,85,6,-66,-128,42,-95,119,-51,178,-6,-63,136,63,0,44,-83,54,-57,76,-38,105,-26,-12,-168,148,-151,225,-68,220,76,117,183,226,474,175,132,0,74,-230,39,-167,-118,-224,-343,-74,0,26,117,53,84,132,147,-24,18,-165,92,-65,17,-53,3,-57,-12,-58,-25,-222,-131,-113,-38,-137,7,-158,61,76,30,253,15,35,111,-120,23,-256,-35,-96,-36,-78,-77,-105,-72,-166,-20,0,-61]],[[1105475,209177,160,-142,122,-147,135,-53,203,138,150,179,59,106,21,109,-46,119,-100,38,-118,14,-102,49,68,62,-131,-55,-147,-119,-274,-298]]]
2037355	n	123.7265,41.5744,124.5434,42.1706	[[[1237265,419552,1154,-3626,917,-182,5476,1168,162,257,200,418,144,431,87,439,29,443,-29,443,-87,439,-144,431,-200,418,-253,401,-304,380,-216,218,-689,76,-3194,-558,-2584,-452,-2,0,-289,-50,-178,-1094]]]
1801792	n	112.0915,34.2177,112.7526,34.9573	[[[1120915,343220,20,-16,431,-264,460,-228,484,-190,505,-149,520,-108,530,-65,535,-22,535,22,530,65,118,24,1943,3640,-546,2414,-4929,1230,-1136,-6353]]]
1802875	n	113.2925,27.8855,114.1375,28.6122	[[[1132925,280940,1547,-1572,2770,-513,2709,771,1424,2322,-5,95,-73,439,-122,431,-168,418,-214,401,-257,380,-298,357,-336,329,-370,298,-402,264,-428,228,-452,190,-471,149,-485,108,-495,65,-499,22,-499,-22,-495,-65,-485,-108,-471,-149,-402,-169,-677,-682,-346,-3987]]]
1804120	n	109.987,21.3843,110.4596,22.048	[[[1099870,217268,438,-3425,3524,645,63,33,0,-21,228,41,12,123,-1,1,186,1948,276,2893,-648,974,-3817,-1649,-261,-1563]]]
1808963	n	114.2348,36.2876,115.0495,36.7862	[[[1142348,367862,189,-626,494,-1639,2018,-2152,3772,-569,36,26,368,329,327,357,283,380,235,401,185,418,133,431,81,439,26,443,-26,443,-81,439,-133,431,-52,117,-3297,139,-3827,162,-731,31]]]
1786764	n	110.7576,30.3472,111.756,31.1622	[[[1107576,307100,25,-443,75,-439,125,-431,172,-418,220,-401,263,-380,306,-357,344,-329,380,-298,206,-132,5285,1982,2583,2925,-855,1717,-211,202,-380,298,-412,264,-439,228,-464,190,-483,149,-497,108,-507,65,-512,22,-512,-22,-507,-65,-497,-108,-483,-149,-464,-190,-439,-228,-412,-264,-380,-298,-344,-329,-306,-357,-263,-380,-220,-401,-172,-418,-125,-431,-75,-439,-25,-443]]]
1808198	n	114.9201,34.8439,115.8444,35.684	[[[1149201,352400,26,-443,79,-439,131,-431,182,-418,231,-401,277,-380,279,-309,2554,1050,9,-151,40,-219,65,-215,91,-209,115,-201,138,-190,161,-178,181,-165,199,-149,217,-132,231,-114,243,-95,253,-75,262,-54,266,-32,269,-11,269,11,266,32,262,54,253,75,243,95,231,114,217,132,199,149,181,165,161,178,138,190,115,201,91,209,65,215,40,219,13,222,-13,222,-40,219,-65,215,-91,209,-115,201,-138,190,-161,178,-181,165,-199,149,-23,14,461,189,-1444,4036,-139,40,-523,108,-39,5,-337,-195,-6160,-4030,-27,-53,-9,-162]]]
8533133	n	104.3566,26.1378,105.3287,27.0422	[[[1043566,264404,94,-235,210,-401,254,-380,293,-357,331,-329,366,-298,395,-264,423,-228,446,-190,464,-149,478,-108,488,-65,492,-22,492,22,214,28,4281,4986,-61,368,-119,431,-167,418,-210,401,-254,380,-247,301,-3760,1702,-169,7,-492,-22,-488,-65,-88,-20,-3666,-5911]]]
1801180	n	110.6179,21.4394,111.3933,22.1461	[[[1106179,219200,12,-222,35,-219,57,-215,80,-209,16,-31,859,-579,3540,494,59,116,80,209,57,215,35,219,12,222,-12,222,-35,219,-57,215,-80,209,-102,201,-122,190,-142,178,-159,165,-176,149,-191,132,-204,114,-215,95,-223,75,-231,54,-235,32,-237,11,-237,-11,-235,-32,-231,-54,-223,-75,-215,-95,-204,-114,-191,-132,-176,-149,-159,-165,-142,-178,-122,-190,-102,-201,-80,-209,-57,-215,-35,-219,-12,-222]],[[1107238,217725,289,-1668,2605,-1214,7,14,-117,42,-65,177,-98,60,258,76,116,66,43,131,68,-94,411,-179,39,-55,-9,-52,9,-50,90,-48,95,-4,98,31,90,52,71,58,29,-42,33,-33,0,-62,-416,-130,0,-75,315,8,141,-18,96,-58,180,106,230,93,417,136,-127,64,-148,21,-146,-20,-126,-65,-66,67,26,26,40,50,-136,0,0,69,344,107,139,9,64,-116,195,41,234,-73,242,-110,215,-70,-210,-340,-112,-132,-162,-74,144,-53,252,112,518,369,122,138,25,22,111,291,-71,-2,-133,-57,131,145,104,1,108,405,70,439,23,443,-23,443,-70,439,-115,431,-160,418,-84,166,-6243,-872]],[[1110262,214783,187,-88,237,31,-100,105,-164,15,-153,-53,-7,-10]]]
1797551	n	108.3117,21.7228,109.1014,22.407	[[[1083117,220615,688,-663,781,-754,21,71,40,74,55,60,76,47,-101,-340,289,-279,51,27,171,45,-34,46,-22,36,-24,31,-57,30,0,62,164,-41,41,-21,121,99,80,93,48,117,25,163,54,-92,14,-38,73,0,3,32,-4,66,1,32,62,0,5,-163,-69,-77,-88,-41,-51,-60,7,-139,66,-83,100,-21,105,45,-38,15,-30,6,-31,13,-38,33,125,-28,37,-13,44,-26,20,50,26,39,18,44,4,65,281,-215,129,-59,0,-61,-134,-131,-215,-405,-164,-85,-128,-93,-2,-17,265,-256,98,24,-38,-81,254,-246,1,9,-42,117,-100,201,68,0,15,-44,54,-92,68,0,42,107,25,119,9,125,-8,127,69,0,6,-79,62,-194,42,65,68,82,27,58,73,0,-39,-173,-83,-108,-92,-90,-64,-114,-29,-154,63,-14,128,19,178,-55,0,-62,-162,-54,-82,-16,-70,1,109,-105,1268,759,3,2,130,77,-139,43,-93,44,218,30,162,-27,1924,1152,850,1894,64,228,-39,101,-203,401,-245,380,-283,357,-319,329,-352,298,-382,264,-408,228,-429,190,-276,92,-3858,-588,-1103,-2867]]]
1801934	n	113.5724,33.275,114.3652,33.8565	[[[1135724,333319,94,-131,315,-357,88,-81,5424,0,2007,787,-325,2272,-1690,2756,-3649,-943,-1549,-2087,-715,-2216]]]
1790587	n	111.8195,31.8382,112.476,32.3486	[[[1118195,320479,542,-451,1975,-1646,4048,999,-624,2956,-3662,1149,-783,-735,-1496,-2272]]]
1806408	n	111.4763,21.5299,112.4043,22.2385	[[[1114763,218553,21,-396,69,-439,116,-431,160,-418,203,-401,244,-380,240,-303,3,34,92,-61,54,-103,22,-55,191,-198,120,-102,7,-1,100,32,109,78,144,178,246,451,225,196,155,-70,197,-20,398,16,-58,116,-96,76,-122,50,-134,37,268,62,59,253,-71,301,-119,203,-650,356,-175,198,228,-128,203,-58,46,42,321,-135,119,3,181,64,61,-155,129,-12,154,88,128,147,-62,-176,5,-205,68,-117,132,88,112,-43,89,-48,58,-70,14,-111,-68,0,-161,88,-115,-84,-54,-137,20,-72,290,-14,88,14,76,47,115,131,48,27,35,31,0,71,17,71,88,32,774,447,83,105,-252,19,-287,97,-257,141,-166,153,-83,218,-52,303,-17,317,15,260,215,-115,222,-232,176,-254,175,-410,240,102,256,256,156,244,69,0,-39,-217,-244,-279,-59,-159,59,-143,152,-71,190,-23,383,11,872,183,95,87,104,201,83,-165,22,-200,-41,-199,-100,-162,-66,-176,145,-107,197,-68,102,-59,181,-231,413,23,459,153,312,92,93,93,88,59,66,76,48,290,93,163,22,101,-21,176,-1909,1374,-399,-33,4,12,58,215,35,219,3,57,-1413,2221,-66,29,-1173,-937,-2112,-1687,32,-117,80,-209,86,-170,-915,-75,-1570,-637]],[[1118093,215655,131,-35,409,63,78,49,171,157,93,66,122,50,101,14,92,0,525,101,183,92,75,153,0,74,-75,101,-103,38,-268,-2,-69,-12,-49,-53,-57,-10,-67,25,-42,49,-29,48,-32,22,-123,-18,-199,-87,-122,-39,-366,-27,-119,-35,98,-199,-30,-172,-197,-317,-55,-37,-68,-31,-8,-28]]]
1786760	n	119.58,31.139,120.1662,31.592	[[[1195800,311573,288,-183,5463,981,111,541,-1576,2464,-2453,544,-145,-197,0,-1,-776,-1052,-912,-3097]]]
1797798	n	120.8498,30.9732,121.235,31.3003	[[[1208498,310307,1646,-575,739,246,570,796,727,465,170,298,0,514,-264,532,-1029,420,-35,-2,-1362,-662,-528,-150,-634,-1882]]]
1788046	n	113.6252,33.7622,114.356,34.446	[[[1136252,340115,1736,-2493,3649,943,1923,3548,-180,319,-274,380,-317,357,-357,329,-18,13,-2324,949,-1952,-392,-1886,-3953]]]
1783745	n	104.4101,29.0495,105.1047,29.6031	[[[1044101,294186,1083,-1229,1,-1,786,-893,1381,-1568,2866,801,829,1798,-3102,2529,-3668,408,-176,-1845]]]
10630003	n	116.8088,33.8641,117.7323,34.6198	[[[1168088,342556,13,-22,1,-2,1,1,31,-174,65,-215,85,-197,1053,-688,1268,-1561,207,-62,252,-52,157,-78,241,-95,250,-75,259,-54,263,-32,266,-11,266,11,77,9,-2,-2,139,-105,213,-132,229,-114,240,-95,251,-75,258,-54,263,-32,220,-9,1405,1636,226,401,414,198,624,737,-1193,953,44,400,519,570,-538,1429,166,931,1,5,-195,147,-214,132,-35,18,-2178,-1394,-1788,312,-247,-264,-283,-38,-774,-360,-713,-125,-641,-416,-1166,-1357]]]
1799491	n	104.5913,29.3094,105.5534,30.0042	[[[1045913,297800,12,-222,37,-219,62,-215,85,-209,109,-201,131,-190,151,-178,170,-165,189,-149,203,-132,218,-114,230,-95,196,-61,239,-27,3102,-2529,309,156,188,509,11,-15,150,-178,170,-165,188,-149,3,-2,1973,0,1495,2553,-15,55,-1002,1190,0,1,-103,122,-211,47,-250,32,-253,11,-253,-11,-250,-32,-246,-54,-169,-53,513,1389,-232,878,-1982,-1455,-6,99,-37,219,-62,215,-85,209,-109,201,-131,190,-151,178,-170,165,-189,149,-203,132,-218,114,-230,95,-239,75,-246,54,-187,24,-128,-53,-1695,-697,-674,-277,-103,-149,-109,-201,-85,-209,-62,-215,-37,-219,-12,-222]]]
1808316	n	111.8386,28.2154,112.65,29.0661	[[[1118386,285700,24,-443,74,-439,122,-431,169,-418,215,-401,258,-380,299,-357,337,-329,372,-298,77,-50,2959,1401,2698,1277,1,0,509,241,-569,1915,-323,9,124,147,129,190,108,201,84,209,61,215,37,219,13,222,-13,222,-37,219,-61,215,-84,209,-108,201,-129,190,-150,178,-169,165,-187,149,-202,132,-215,114,-228,95,-237,75,-244,54,-249,32,-251,11,-251,-11,-249,-32,-244,-54,-237,-75,-228,-95,-215,-114,-202,-132,-187,-149,-169,-165,-150,-178,-129,-190,-108,-201,-84,-209,-61,-215,-37,-219,-13,-222,13,-222,37,-219,61,-215,84,-209,108,-201,129,-190,35,-41,-2106,54,-979,-965,-8,-49,-24,-443]]]
1805518	n	116.3176,35.1469,116.7746,35.5842	[[[1163176,355312,186,-3310,3331,-533,974,307,79,2156,-1531,1910,-2664,-465,-1,0,-374,-65]]]
1798439	n	121.3406,31.2267,121.4261,31.3	[[[1213406,313000,525,-733,330,230,-27,129,-208,182,-548,192,-72,0]]]
1803834	n	115.656,36.1776,116.346,36.8523	[[[1156560,365416,737,-809,1674,-1839,2193,-992,2296,4153,-519,2409,-309,150,-92,35,-5980,-3107]]]
10942283	n	112.4486,37.2278,113.2511,38.0512	[[[1124486,376522,31,-163,68,-215,93,-209,119,-201,144,-190,166,-178,187,-165,206,-149,224,-132,238,-114,252,-95,262,-75,270,-54,276,-32,278,-11,100,4,0,-2261,100,-4,556,22,551,65,540,108,525,149,503,190,478,228,447,264,413,298,374,329,332,357,286,380,6,10,-1855,5834,-157,-3,-3099,-2165,-2914,-1822]]]
1808956	n	112.5535,35.7503,113.6665,36.6322	[[[1125535,361800,27,-443,80,-439,133,-431,184,-418,233,-401,243,-329,6384,-1836,410,119,494,190,469,228,438,264,405,298,366,329,326,357,281,380,233,401,184,418,133,431,80,439,27,443,-27,443,-41,223,-95,281,-794,1586,-307,336,-366,329,-405,298,-438,264,-469,228,-494,190,-514,149,-529,108,-541,65,-545,22,-545,-22,-541,-65,-529,-108,-514,-149,-494,-190,-469,-228,-438,-264,-405,-298,-366,-329,-326,-357,-281,-380,-233,-401,-184,-418,-133,-431,-80,-439,-27,-443]]]
1792892	n	105.4081,34.1647,106.1567,35.0861	[[[1054081,344329,2618,-2674,1059,-8,185,1938,165,-49,260,-54,265,-32,267,-11,267,11,265,32,260,54,252,75,242,95,229,114,215,132,199,149,179,165,160,178,137,190,115,201,90,209,57,189,-2677,2495,465,1360,8,23,-44,145,-90,209,-115,201,-138,190,-160,178,-181,165,-199,149,-215,132,-231,114,-243,95,-253,75,-260,54,-266,32,-268,11,-268,-11,-266,-32,-260,-54,-253,-75,-243,-95,-231,-114,-215,-132,-199,-149,-181,-165,-160,-178,-11,-15,7,-20,624,-1908,494,-977,-1457,-2607]]]
1787375	n	121.49,31.04,121.9143,31.3731	[[[1214900,312640,2167,-1515,51,-17,0,-1,2025,-707,-373,591,-995,1153,-523,672,-553,315,-383,227,-152,54,-719,-224,-545,-317,0,-231]],[[1217103,313637,102,-60,311,-272,148,-99,136,46,22,166,-80,174,-98,121,-541,-76]],[[1217942,313688,190,-480,102,-184,113,-99,164,14,151,103,113,154,43,170,-20,91,-782,274,-74,-43]]]
1791636	n	108.957,34.1063,109.8347,34.9345	[[[1089570,346600,13,-222,39,-219,65,-215,91,-209,114,-201,138,-190,33,-37,3107,-155,2340,-4089,2837,1321,-1034,6744,-127,50,-504,149,-83,18,-1694,-2071,-83,191,-114,201,-138,190,-159,178,-180,165,-199,149,-215,132,-230,114,-242,95,-252,75,-260,54,-265,32,-268,11,-103,-4,-2593,-2114,-27,-22,-7,-121]]]
1805953	n	120.2298,30.3149,121.1037,31.0307	[[[1202298,306847,1,-3,39,-93,3213,-510,120,-2190,521,10,478,-46,311,-75,290,-182,179,-162,90,-325,38,-52,79,17,241,75,231,95,220,114,205,132,190,149,172,165,36,42,-4,5,11,3,109,128,132,190,94,173,-6,24,29,199,153,300,25,148,13,222,-13,222,-38,219,-48,168,682,-136,-321,404,40,5,249,54,242,75,232,95,220,114,207,132,75,59,0,5,2,48,-893,2868,-1646,575,-1414,-611,-16,-21,-9,11,-291,-14,-1,0,-617,-29,0,-210,-118,61,-232,95,-241,75,-249,54,-254,32,-256,11,-256,-11,-254,-32,-249,-54,-241,-75,-232,-95,-135,-70,-1135,-2577]],[[1205688,303755,20,-364,194,-80,241,-75,248,-54,253,-32,21,-1,-92,214,-56,230,-301,133,-528,29]]]
1784285	n	104.6238,37.0578,105.7562,37.9622	[[[1046238,375100,27,-443,82,-439,135,-431,187,-418,237,-401,286,-380,331,-357,373,-329,412,-298,446,-264,477,-228,502,-190,523,-149,539,-108,550,-65,555,-22,555,22,550,65,539,108,523,149,502,190,477,228,446,264,412,298,373,329,331,357,286,380,237,401,187,418,135,431,82,439,27,443,-27,443,-82,439,-135,431,-187,418,-237,401,-286,380,-331,357,-373,329,-412,298,-446,264,-477,228,-502,190,-523,149,-539,108,-550,65,-555,22,-555,-22,-550,-65,-539,-108,-523,-149,-502,-190,-477,-228,-446,-264,-412,-298,-373,-329,-331,-357,-286,-380,-237,-401,-187,-418,-135,-431,-82,-439,-27,-443]]]
10794003	n	121.6962,40.8208,122.5019,41.2355	[[[1216962,408484,434,7,188,229,108,169,109,190,-24,271,297,250,186,140,419,218,69,-62,-159,-221,-100,-91,-114,-36,-116,-66,25,-143,78,-142,44,-59,32,-541,73,-274,140,-115,5239,1273,574,1009,555,1415,-386,450,-7477,-1493,-194,-2378]]]
1805179	n	115.6017,29.2478,116.4458,29.9517	[[[1156017,294118,327,-316,376,-298,407,-264,435,-228,459,-190,478,-149,492,-108,502,-65,507,-22,507,22,502,65,492,108,478,149,459,190,435,228,407,264,376,298,341,329,302,357,159,231,-2421,4650,-3444,148,-506,-1061,-730,-1530,-1340,-2808]]]
1785294	n	113.8262,35.9056,114.9179,36.3445	[[[1138262,360654,6,-97,47,-257,8605,-1244,2259,3064,-59,193,-184,418,-82,140,-3805,574,-526,-207,-1,-1,-3150,-1238,-733,-288,-2377,-1057]]]
13405906	n	114.1,22.4521,114.5224,22.6858	[[[1141000,225625,80,-281,4,0,45,-44,27,12,12,30,34,9,21,28,31,19,29,0,21,20,40,-2,36,20,60,-16,6,-8,37,6,4,24,32,27,-2,11,-16,-1,-5,8,3,18,17,13,4,29,28,-3,19,7,17,40,31,29,9,-13,108,32,98,-77,131,0,0,8,29,-4,16,9,9,-14,2,0,68,8,21,-10,7,6,12,-10,43,-2,11,7,9,-8,19,-1,91,7,85,41,114,106,199,125,66,50,107,-21,-1869,999,0,-1233]],[[1144837,224807,8,-63,6,-61,60,-37,11,-6,94,-119,142,5,66,75,-387,206]]]
13608002	n	121.3189,30.7537,121.9774,31.02	[[[1213189,309514,578,-808,186,-1169,153,137,458,159,356,144,509,188,882,201,1017,97,780,69,966,39,527,172,173,406,-266,672,-122,194,-2291,-534,-27,160,-63,215,-86,209,-74,135,-2501,0,-266,-68,-844,-551,-45,-67]]]
1816373	n	104.7845,26.8478,105.7955,27.75	[[[1047845,273000,25,-443,73,-439,120,-431,167,-418,212,-401,255,-380,233,-281,3299,-1494,1,-1,501,-227,169,-7,495,22,491,65,481,108,467,149,449,190,425,228,399,264,367,298,333,329,296,357,255,380,212,401,167,418,120,431,73,439,25,443,-25,443,-73,439,-120,431,-167,418,-212,401,-255,380,-296,357,-333,329,-75,61,-2052,1007,-1943,234,-490,-65,-481,-108,-467,-149,-449,-190,-425,-228,-399,-264,-367,-298,-333,-329,-296,-357,-255,-380,-212,-401,-167,-418,-120,-431,-73,-439,-25,-443]]]
1783763	n	112.9753,27.3821,113.4472,28.094	[[[1129753,274060,273,-87,483,-108,334,-44,2757,4215,510,779,362,553,-1547,1572,-2481,-843,-419,-3664,-272,-2373]]]
1797063	p	1791388
1783633	n	116.6215,35.1496,117.3205,35.8204	[[[1166215,355842,1531,-1910,-79,-2156,1251,-280,4287,2059,0,2,-820,709,-1,1,-693,601,-800,3240,-189,56,-194,40,-1802,-1573,-2093,-279,-398,-510]]]
1787858	n	117.4854,28.076,118.4508,28.9022	[[[1174854,286556,1818,-5796,4845,442,2833,2204,60,212,74,439,24,443,-24,443,-74,439,-121,431,-169,418,-215,401,-257,380,-299,357,-337,329,-371,298,-403,264,-430,228,-453,190,-472,149,-486,108,-496,65,-501,22,-501,-22,-496,-65,-486,-108,-472,-149,-453,-190,-430,-228,-403,-264,-371,-298,-337,-329,-299,-357,-257,-380,-41,-76]]]
1807700	n	116.2619,33.6713,117.1086,34.227	[[[1162619,340684,118,-937,2467,-216,-57,-190,-39,-219,-13,-222,13,-222,39,-219,64,-215,90,-209,113,-201,137,-190,158,-178,178,-165,197,-149,213,-132,228,-114,240,-95,250,-75,109,-23,3352,1874,16,91,13,222,-10,169,591,-52,-157,282,-1592,1960,-1548,1011,-5165,-1569,-5,-17]]]
1787957	n	121.4035,31.16,121.5437,31.2152	[[[1214035,311769,134,-169,1268,0,-363,317,-674,235,-365,-383]]]
1800818	n	103.4143,29.7591,104.2837,30.3786	[[[1034143,300653,228,-2230,7139,-832,1152,235,52,62,122,178,-681,4819,-3529,901,-4483,-3133]]]
1791351	p	1791247
1810820	n	116.0287,27.727,116.57,28.2897	[[[1160287,280311,2730,-2811,1224,-230,1070,580,389,2443,-2134,1437,-1,1,-1730,1166,-1548,-2586]]]
1809532	n	109.1016,22.6678,110.0319,23.5214	[[[1091016,231200,24,-443,70,-439,116,-431,162,-418,205,-401,246,-380,286,-357,322,-329,355,-298,385,-264,411,-228,433,-190,451,-149,465,-108,474,-65,479,-22,218,10,608,486,3593,2869,-4164,5171,-4553,-1869,-9,-13,-205,-401,-162,-418,-116,-431,-70,-439,-24,-443]]]
1808370	n	112.2752,26.549,113.1236,27.3239	[[[1122752,270967,1844,-5477,6454,2209,89,319,73,439,24,443,-24,443,-73,439,-120,431,-166,418,-212,401,-254,380,-294,357,-332,329,-366,298,-397,264,-424,228,-447,190,-465,149,-53,12,-1059,-79,-3592,-2017,-206,-176]]]
1785781	n	109.6634,22.2779,110.5935,23.0061	[[[1096634,226300,23,-443,70,-437,7740,-2641,124,268,-1027,1795,175,8,236,32,232,54,225,75,216,95,205,114,191,132,177,149,161,165,142,178,123,190,102,201,81,209,58,215,35,219,12,222,-12,222,-35,219,-58,215,-81,209,-102,201,-123,190,-142,178,-161,165,-177,149,-191,132,-205,114,-216,95,-225,75,-232,54,-236,32,-239,11,-239,-11,-236,-32,-232,-54,-225,-75,-216,-95,-205,-114,-191,-132,-177,-149,-161,-165,-98,-122,-944,1649,-257,-18,-3593,-2869,-69,-431,-23,-443]]]
1805540	n	111.925,30.0639,112.4932,30.6916	[[[1119250,301872,599,279,48,-116,109,-201,132,-190,152,-178,171,-165,189,-149,205,-132,219,-114,231,-95,240,-75,248,-54,252,-32,255,-11,255,11,252,32,248,54,240,75,231,95,219,114,205,132,189,149,172,165,152,178,131,190,109,201,86,209,62,215,37,219,13,222,-13,222,-37,219,-62,215,-86,209,-109,201,-131,190,-89,103,-233,-109,791,369,-2173,2373,-2361,24,-446,-1961,-173,-759,-529,-2324]]]
1788572	n	113.4965,34.9157,114.2892,35.6406	[[[1134965,350307,4717,-1150,3210,2933,-1395,1846,-3895,2470,-141,-6,-533,-65,-523,-108,-508,-149,-205,-80,-727,-5691]]]
1786746	n	113.9951,27.3778,114.5808,28.2822	[[[1139951,279626,3156,-5774,395,-52,498,-22,498,22,391,51,919,8670,-334,106,-483,108,-493,65,-498,22,-498,-22,-493,-65,-483,-108,-470,-149,-450,-190,-32,-17,-1623,-2645]]]
1790353	n	108.156,34.1839,108.933,34.7389	[[[1081560,343400,27,-443,13,-75,5972,-1043,1758,3531,-583,675,-4309,1344,-2,-1,-458,-228,-429,-264,-395,-298,-359,-329,-318,-357,-274,-380,-229,-401,-179,-418,-130,-431,-78,-439,-27,-443]]]
1796556	n	109.0539,18.1693,109.95,18.5201	[[[1090539,183680,377,6,100,-26,96,-47,109,-31,139,30,-68,-137,103,-68,28,-120,16,-145,58,-145,129,-119,105,4,175,115,275,60,1154,-14,1065,-153,227,-93,180,-149,122,-197,73,144,63,-67,38,-142,-7,-78,-169,-27,-80,-66,-67,-87,-130,-87,137,-114,321,209,231,-32,-43,173,92,91,135,80,89,139,54,-99,-3,-58,-30,-50,-21,-72,-21,-3,-46,-17,-48,-33,-21,-46,10,-32,46,0,13,-36,20,-49,47,-34,46,-44,22,-82,-55,-162,-13,-77,68,0,80,82,117,41,136,-4,144,-50,-27,69,-95,157,-14,53,40,48,131,84,27,36,72,65,346,102,136,75,70,-240,64,-119,105,-51,76,31,102,76,90,99,38,95,67,90,30,76,-22,79,-48,13,-167,-15,-59,2,-179,85,-78,4,-158,-20,0,74,264,169,78,23,70,-42,18,-81,44,-68,140,-1,-52,308,234,698,-39,223,129,45,172,36,195,12,188,-31,51,-43,19,-61,37,-58,103,-36,466,252,162,68,171,25,333,-16,13,-2,-31,81,-198,401,-239,380,-146,189,-7651,-101,-67,-88,-239,-380,-198,-401,-157,-418,-35,-133]]]
1795874	n	113.0863,24.4539,113.8699,25.0937	[[[1130863,247806,13,-249,71,-439,78,-286,2532,295,-17,-105,-12,-222,12,-222,36,-219,59,-215,82,-209,103,-201,125,-190,144,-178,163,-165,180,-149,195,-132,208,-114,219,-95,229,-75,235,-54,240,-32,242,-11,242,11,240,32,235,54,229,75,219,95,208,114,195,132,180,149,163,165,144,178,125,190,103,201,82,209,59,215,36,219,12,222,-12,222,-36,219,-59,215,-82,209,-6,12,422,49,-1407,3211,-1681,-819,-2207,-1075,-1,0,-2540,-1237]]]
1802276	n	116.5241,24.6178,117.5159,25.4887	[[[1165241,250700,24,-443,72,-439,118,-431,164,-418,208,-401,250,-380,290,-357,327,-329,360,-298,391,-264,417,-228,440,-190,459,-149,472,-108,481,-65,486,-22,486,22,481,65,259,59,3374,2694,145,369,118,431,72,439,24,443,-24,443,-72,439,-118,431,-164,418,-208,401,-250,380,-290,357,-327,329,-360,298,-391,264,-417,228,-440,190,-24,8,-6052,-1757,-195,-297,-208,-401,-164,-418,-118,-431,-72,-439,-24,-443]]]
1786217	n	111.1085,25.9678,112.11,26.8183	[[[1111085,264200,24,-443,72,-439,120,-431,165,-418,211,-401,253,-380,293,-357,331,-329,364,-298,396,-264,422,-228,445,-190,463,-149,478,-108,486,-65,492,-22,492,22,486,65,478,108,463,149,445,190,422,228,396,264,364,298,331,329,293,357,48,72,-1633,1783,161,7,244,32,239,54,232,75,223,95,211,114,198,132,183,149,165,165,147,178,127,190,105,201,83,209,60,215,36,219,1,22,-2504,2303,-164,151,-78,-4,-244,-32,-239,-54,-232,-75,-223,-95,-211,-114,-198,-132,-183,-149,-165,-165,-147,-178,-127,-190,-105,-201,-83,-209,-42,-151,-1720,1878,-928,-119,-193,-104,-396,-264,-364,-298,-331,-329,-293,-357,-253,-380,-211,-401,-165,-418,-120,-431,-72,-439,-24,-443]]]
1806535	n	119.648,30.6597,120.3739,31.2134	[[[1196480,310100,5,-99,226,-789,21,-74,57,-104,132,-190,154,-178,172,-165,191,-149,206,-132,221,-114,232,-95,242,-75,26,-5,-250,-225,3908,-1109,238,166,1478,3356,-1582,1219,-576,-518,-60,145,-110,201,-132,190,-154,178,-172,165,-191,149,-206,132,-221,114,-99,40,-3119,-560,-42,-40,-154,-178,-132,-190,-110,-201,-86,-209,-63,-215,-38,-219,-12,-222]]]
1812057	n	110.4682,22.0894,111.4275,22.6877	[[[1104682,223158,54,-340,116,-431,142,-370,8033,-1123,1248,3618,-11,70,-116,431,-161,418,-203,401,-245,380,-284,357,-300,308,-6210,-1175,-2063,-2544]]]
1803936	n	102.0605,37.4778,103.1994,38.3771	[[[1020606,379300,27,-443,82,-439,136,-431,188,-418,239,-401,287,-380,333,-357,375,-329,414,-298,449,-264,480,-228,505,-190,526,-149,542,-108,553,-65,558,-22,558,22,553,65,542,108,526,149,505,190,480,228,449,264,414,298,375,329,333,357,287,380,239,401,188,418,136,431,82,439,27,443,-27,443,-82,439,-136,431,-188,418,-239,401,-287,380,-333,357,-375,329,-414,298,-449,264,-480,228,-505,190,-526,149,-542,108,-305,36,-6337,-3418,-54,-171,-82,-439,-27,-443]]]
1786455	n	118.174,35.3138,119.0568,36.0241	[[[1181740,355400,13,-222,40,-219,66,-215,91,-209,116,-201,139,-190,162,-178,181,-165,201,-149,218,-132,232,-114,245,-95,255,-75,263,-54,267,-32,271,-11,271,11,267,32,263,54,255,75,245,95,232,114,218,132,201,149,181,165,11,12,-2,17,124,-75,232,-114,145,-56,2301,0,1113,3305,11,32,-133,147,-182,165,-201,149,-218,132,-232,114,-245,95,-255,75,-106,21,479,335,-604,966,-546,528,-3845,427,-65,-19,-1805,-1445,111,-773,890,-466,-167,-49,-245,-95,-232,-114,-218,-132,-201,-149,-181,-165,-162,-178,-139,-190,-116,-201,-91,-209,-66,-215,-40,-219,-13,-222]]]
1808857	n	106.7282,32.6278,107.5159,33.5323	[[[1067282,327545,325,-699,66,-34,476,-190,495,-149,510,-108,521,-65,525,-22,525,22,521,65,510,108,495,149,476,190,365,185,-776,2401,205,-62,256,-54,260,-32,263,-11,263,11,260,32,256,54,247,75,238,95,226,114,127,79,242,455,-1714,3592,-4,9,-141,6,-263,-11,-260,-32,-256,-54,-247,-75,-238,-95,-226,-114,-212,-132,-195,-149,-176,-165,-39,-44,-784,2424,-204,8,-223,-9,-1919,-5533,-88,-252,-688,-1983]]]
7576887	n	111.2734,23.9886,112.0632,24.8109	[[[1112734,244200,11,-222,36,-219,59,-215,81,-209,104,-201,124,-190,144,-178,163,-165,179,-149,195,-132,207,-114,219,-95,47,-15,2277,3977,-10,7,-207,114,-219,95,-228,75,-235,54,-239,32,-242,11,-242,-11,-239,-32,-235,-54,-228,-75,-219,-95,-207,-114,-195,-132,-179,-149,-163,-165,-144,-178,-124,-190,-104,-201,-81,-209,-59,-215,-36,-219,-11,-222]],[[1113173,240123,202,-111,290,-126,4322,1037,2563,2276,58,358,24,443,-24,443,-25,159,-2150,3162,-408,224,-280,121,-4572,-7986]]]
7602670	n	118.8481,35.6687,119.8,36.2482	[[[1188481,360250,67,-116,140,-190,163,-178,183,-165,173,-127,-27,-15,55,-124,116,-201,140,-190,163,-178,183,-165,202,-149,218,-132,234,-114,246,-95,257,-75,264,-54,270,-32,272,-11,272,11,70,8,-31,-47,44,-77,140,-190,162,-178,183,-165,201,-149,49,-29,2271,-436,244,49,256,75,246,95,233,114,219,132,201,149,183,165,144,159,-27,36,181,21,264,54,695,1411,-1109,1439,-1007,351,-92,435,-297,221,-151,233,-786,595,-1158,-162,-368,223,-1378,-674,-516,232,-2200,-512,-440,-1232,-17,-46]]]
1812101	n	118.2226,37.2339,118.7729,37.6862	[[[1182226,375331,20,-74,1,-1,608,-2215,44,-40,206,-149,223,-132,238,-114,251,-95,262,-75,269,-54,275,-32,277,-11,255,10,888,202,2,1,110,24,79,30,238,114,223,132,206,149,186,165,165,178,143,190,119,201,93,209,68,215,41,219,13,222,-13,222,-41,219,-68,215,-93,209,-119,201,-143,190,-165,178,-186,165,-206,149,-223,132,-238,114,-251,95,-262,75,-269,54,-275,32,-277,11,-277,-11,-275,-32,-269,-54,-262,-75,-251,-95,-238,-114,-223,-132,-206,-149,-186,-165,-165,-178,-143,-190,-119,-201,-60,-134]]]
1801640	n	105.1129,28.6748,105.8025,29.325	[[[1051129,291500,12,-222,37,-219,61,-215,85,-209,108,-201,130,-190,150,-178,170,-165,44,-35,64,10,-60,-111,-41,-102,89,-559,-83,-313,404,-2043,3691,143,62,153,1,5,-50,414,161,561,1504,1175,-300,1101,657,1607,-279,181,-2729,-1027,-926,2158,-52,31,-1967,0,-3,-2,-187,-149,-170,-165,-150,-178,-130,-190,-108,-201,-85,-209,-61,-215,-37,-219,-12,-222]]]
1800779	n	115.8747,24.0657,116.3664,24.5162	[[[1158747,243104,722,-1441,2028,-1006,184,25,234,54,228,75,218,95,208,114,194,132,179,149,163,165,144,178,124,190,103,201,82,209,59,215,35,219,12,222,-12,222,-35,219,-59,215,-82,209,-103,201,-124,190,-144,178,-163,165,-179,149,-194,132,-208,114,-218,95,-228,75,-234,54,-239,32,-242,11,-242,-11,-239,-32,-234,-54,-228,-75,-218,-95,-208,-114,-194,-132,-179,-149,-163,-165,-144,-178,-124,-190,-103,-201,-82,-209,-59,-215,-35,-219,-1,-18]]]
1927639	n	112.8323,29.1539,113.3477,29.6061	[[[1128323,293800,12,-222,37,-219,62,-215,85,-209,108,-201,130,-190,151,-178,170,-165,187,-149,203,-132,217,-114,229,-95,238,-75,245,-54,250,-32,253,-11,253,11,250,32,245,54,238,75,229,95,217,114,203,132,187,149,170,165,151,178,130,190,108,201,85,209,62,215,37,219,12,222,-12,222,-37,219,-62,215,-85,209,-108,201,-130,190,-151,178,-170,165,-187,149,-203,132,-217,114,-229,95,-238,75,-245,54,-250,32,-253,11,-253,-11,-250,-32,-245,-54,-238,-75,-229,-95,-217,-114,-203,-132,-187,-149,-170,-165,-151,-178,-130,-190,-108,-201,-85,-209,-62,-215,-37,-219,-12,-222]]]
1804591	n	117.39,36.0052,117.91,36.4049	[[[1173900,361364,37,-120,92,-209,117,-201,140,-190,163,-178,183,-165,203,-149,166,-100,345,28,3742,812,12,21,0,1761,-3357,1375,-208,-60,-247,-95,-234,-114,-219,-132,-203,-149,-183,-165,-163,-178,-140,-190,-117,-201,-92,-209,-37,-120,0,-1072]]]
1798827	n	113.05,33.5039,113.7579,34.0115	[[[1130500,337300,13,-222,39,-219,64,-215,89,-209,114,-201,136,-190,158,-178,178,-165,196,-149,213,-132,227,-114,240,-95,249,-75,257,-54,262,-32,265,-11,265,11,262,32,257,54,249,75,240,95,227,114,213,132,196,149,178,165,158,178,136,190,55,96,3,-3,46,9,250,75,240,95,227,114,213,132,197,149,178,165,158,178,137,190,113,201,90,209,64,215,27,150,-1327,1906,-3414,-154,-28,-27,-158,-178,-137,-190,-53,-94,-1,1,-45,-9,-249,-75,-240,-95,-227,-114,-213,-132,-196,-149,-178,-165,-158,-178,-136,-190,-114,-201,-89,-209,-64,-215,-39,-219,-13,-222]]]
1816440	n	116.9023,32.7139,117.6276,33.1862	[[[1169023,329600,13,-222,39,-219,64,-215,88,-209,112,-201,39,-54,1339,-482,1650,-373,659,-432,52,-11,260,-32,262,-11,262,11,260,32,255,54,247,75,237,95,226,114,211,132,194,149,177,165,156,178,135,190,112,201,89,209,64,215,38,219,13,222,-13,222,-38,219,-64,215,-89,209,-112,201,-135,190,-156,178,-177,165,-194,149,-211,132,-226,114,-237,95,-247,75,-255,54,-260,32,-262,11,-262,-11,-260,-32,-113,-24,0,-2,-3,2,-238,95,-247,75,-255,54,-260,32,-262,11,-262,-11,-260,-32,-255,-54,-247,-75,-238,-95,-225,-114,-211,-132,-195,-149,-176,-165,-156,-178,-136,-190,-112,-201,-88,-209,-64,-215,-39,-219,-13,-222]]]
1789176	n	116.1626,36.0239,116.9871,36.5062	[[[1161626,362611,2,-33,40,-219,66,-215,92,-209,117,-201,141,-190,163,-178,71,-64,2199,-540,594,-146,98,20,257,75,247,95,104,50,-3,-16,119,-88,220,-132,234,-114,247,-95,258,-75,265,-54,270,-32,273,-11,273,11,270,32,265,54,258,75,247,95,24,12,398,1622,436,1776,-18,18,-184,165,-178,131,-3274,-296,-1541,1116,-3,0,-273,11,-273,-11,-270,-32,-266,-54,-257,-75,-247,-95,-235,-114,-123,-75,-64,-114,-1039,-1880]]]
1796823	n	116.8438,39.7539,117.3631,40.2061	[[[1168438,400160,624,-2234,10,-6,246,-114,260,-95,271,-75,279,-54,285,-32,287,-11,287,11,285,32,279,54,271,75,260,95,246,114,231,132,213,149,194,165,171,178,148,190,123,201,97,209,69,215,43,219,14,222,-14,222,-43,219,-69,215,-97,209,-123,201,-148,190,-171,178,-194,165,-213,149,-231,132,-246,114,-260,95,-271,75,-279,54,-285,32,-287,11,-287,-11,-285,-32,-279,-54,-271,-75,-260,-95,-129,-60,-751,-1574]]]
1809412	n	119.7735,28.6546,120.2865,29.1044	[[[1197735,288800,13,-222,37,-219,61,-215,84,-209,108,-201,129,-190,150,-178,169,-165,187,-149,202,-132,168,-89,1427,-285,81,4,249,32,245,54,236,75,228,95,216,114,202,132,187,149,169,165,150,178,129,190,108,201,84,209,61,215,37,219,13,222,-5,88,-1025,1631,-25,40,-1305,445,-505,40,-200,-26,-245,-54,-236,-75,-228,-95,-52,-27,-1238,-1467,-16,-59,-37,-219,-13,-222]]]
1790492	n	112.6958,27.6239,113.0444,28.0472	[[[1126958,278313,837,-1803,8,-4,225,-95,235,-75,241,-54,247,-32,249,-11,249,11,247,32,241,54,235,75,53,22,419,3664,-2683,375,-172,-92,-104,-68,-22,-85,0,-1,-505,-1913]]]
1803567	n	111.2421,35.8639,111.7979,36.3161	[[[1112421,360900,13,-222,40,-219,67,-215,91,-209,117,-201,140,-190,163,-178,183,-165,202,-149,219,-132,234,-114,246,-95,257,-75,265,-54,270,-32,272,-11,272,11,270,32,265,54,257,75,246,95,234,114,219,132,202,149,183,165,163,178,140,190,117,201,91,209,67,215,40,219,13,222,-13,222,-40,219,-67,215,-91,209,-117,201,-140,190,-163,178,-183,165,-202,149,-126,76,-1222,374,-172,53,-243,10,-272,-11,-270,-32,-265,-54,-257,-75,-246,-95,-234,-114,-219,-132,-202,-149,-183,-165,-163,-178,-140,-190,-117,-201,-91,-209,-67,-215,-40,-219,-13,-222]]]
1784642	n	119.2458,31.9839,119.7154,32.3084	[[[1192458,320656,165,-155,193,-149,209,-132,224,-114,235,-95,246,-75,252,-54,258,-32,260,-11,260,11,258,32,252,54,246,75,235,95,224,114,209,132,193,149,175,165,155,178,134,190,111,201,88,209,63,215,38,219,13,222,-6,109,-26,17,-108,109,-110,18,-188,-145,-118,-129,-145,-127,-176,-58,-217,75,139,80,159,61,132,86,56,152,139,281,-1304,455,-2081,-76,-842,-2352]]]
2036662	n	120.4241,40.4173,121.0922,40.9531	[[[1204241,406200,15,-222,42,-219,71,-215,98,-209,124,-201,149,-190,173,-178,195,-165,215,-149,233,-132,249,-114,91,-33,78,51,11,94,-15,182,71,152,168,92,124,8,258,86,66,70,39,120,92,191,213,153,699,486,186,59,98,80,102,187,78,216,32,169,7,21,50,150,225,91,199,-44,171,18,105,47,277,40,172,20,224,181,330,60,251,40,-104,116,-159,54,-186,30,-198,-20,-165,32,-32,151,76,103,140,88,106,89,-14,104,-39,126,73,113,114,89,91,45,140,18,246,-66,123,-121,80,-170,185,60,-27,150,146,100,-1,165,9,53,-10,69,-2,59,37,24,86,30,-31,39,-1385,807,-3416,-614,-155,-160,-149,-190,-125,-201,-49,-104,141,-91,-197,-90,-233,-132,-215,-149,-195,-165,-173,-178,-149,-190,-124,-201,-98,-209,-71,-215,-42,-219,-15,-222]]]
1805701	n	121.3745,31.1769,121.44,31.2497	[[[1213745,311943,290,-174,365,383,0,235,-12,21,-127,89,-330,-230,-186,-324]]]
1281673	n	98.912,24.8939,99.408,25.3461	[[[989120,251200,12,-222,35,-219,59,-215,82,-209,105,-201,125,-190,145,-178,163,-165,180,-149,196,-132,209,-114,220,-95,229,-75,236,-54,241,-32,243,-11,243,11,241,32,236,54,229,75,220,95,209,114,196,132,180,149,163,165,145,178,125,190,105,201,82,209,59,215,35,219,12,222,-12,222,-35,219,-59,215,-82,209,-105,201,-125,190,-145,178,-163,165,-180,149,-196,132,-209,114,-220,95,-229,75,-236,54,-241,32,-243,11,-243,-11,-241,-32,-236,-54,-229,-75,-220,-95,-209,-114,-196,-132,-180,-149,-163,-165,-145,-178,-125,-190,-105,-201,-82,-209,-59,-215,-35,-219,-12,-222]]]
2038087	n	117.6627,40.7239,118.2573,41.1761	[[[1176627,409500,14,-222,43,-219,71,-215,98,-209,125,-201,150,-190,174,-178,195,-165,217,-149,234,-132,250,-114,264,-95,275,-75,283,-54,289,-32,291,-11,291,11,289,32,283,54,275,75,264,95,250,114,234,132,217,149,195,165,174,178,150,190,125,201,98,209,71,215,43,219,14,222,-14,222,-43,219,-71,215,-98,209,-125,201,-150,190,-174,178,-195,165,-217,149,-234,132,-250,114,-264,95,-275,75,-283,54,-289,32,-291,11,-291,-11,-289,-32,-283,-54,-275,-75,-264,-95,-250,-114,-234,-132,-217,-149,-195,-165,-174,-178,-150,-190,-125,-201,-98,-209,-71,-215,-43,-219,-14,-222]]]
1804609	n	108.9746,23.5239,109.4654,23.9761	[[[1089746,237500,12,-222,36,-219,58,-215,81,-209,103,-201,124,-190,143,-178,162,-165,178,-149,194,-132,206,-114,218,-95,227,-75,233,-54,239,-32,240,-11,240,11,239,32,233,54,227,75,218,95,206,114,194,132,178,149,162,165,143,178,124,190,103,201,81,209,58,215,36,219,12,222,-12,222,-36,219,-58,215,-81,209,-103,201,-124,190,-143,178,-162,165,-178,149,-194,132,-206,114,-218,95,-227,75,-233,54,-239,32,-240,11,-240,-11,-239,-32,-233,-54,-227,-75,-218,-95,-206,-114,-194,-132,-178,-149,-162,-165,-143,-178,-124,-190,-103,-201,-81,-209,-58,-215,-36,-219,-12,-222]]]
1790254	n	113.5814,30.7499,114.1629,31.2288	[[[1135814,311148,1508,-2107,-54,-699,2252,-843,1072,236,845,862,192,1543,-10,25,-110,201,-132,190,-153,178,-173,165,-190,149,-206,132,-221,114,-210,86,-50,-40,-52,125,-110,201,-132,190,-153,178,-173,165,-115,89,-3625,-1140]]]
1800829	n	110.4134,21.2604,111.0109,21.8561	[[[1104134,214665,133,-113,163,-113,720,-239,157,123,26,-164,58,-215,14,-38,753,-869,9,417,189,356,917,379,327,258,64,0,-110,-313,-308,-103,-322,-39,-208,-179,-268,-67,-83,-43,-47,-149,40,-90,61,-91,14,-155,56,115,66,95,91,56,130,1,-147,-113,-81,-226,-37,-511,51,-29,5,-2,4,0,78,252,114,240,137,214,148,175,392,341,242,149,223,63,157,-22,236,-94,225,-31,171,-44,5,-15,74,29,124,94,36,20,239,84,240,162,247,107,270,-79,175,172,5,104,-28,-26,-127,-46,-157,-6,0,74,127,29,89,79,90,162,-2,31,-6,38,-2568,1197,-289,1668,-1226,826,-212,10,-237,-11,-234,-32,-230,-54,-224,-75,-214,-95,-190,-107,-337,-3522]]]
1783683	n	104.3904,29.8958,104.9096,30.3461	[[[1043904,301200,12,-222,38,-219,61,-215,86,-209,109,-201,131,-190,152,-178,171,-165,189,-149,205,-132,218,-114,230,-95,240,-75,247,-54,189,-24,2508,1031,100,145,109,201,86,209,61,215,38,219,12,222,-12,222,-38,219,-61,215,-86,209,-109,201,-131,190,-152,178,-171,165,-189,149,-205,132,-218,114,-230,95,-240,75,-247,54,-253,32,-254,11,-254,-11,-253,-32,-247,-54,-240,-75,-230,-95,-218,-114,-205,-132,-189,-149,-171,-165,-152,-178,-131,-190,-109,-201,-86,-209,-61,-215,-38,-219,-12,-222]]]
1797264	n	118.6133,28.7339,119.1267,29.1861	[[[1186133,289600,13,-222,37,-219,61,-215,85,-209,107,-201,130,-190,150,-178,169,-165,187,-149,202,-132,216,-114,228,-95,237,-75,244,-54,249,-32,252,-11,252,11,249,32,244,54,237,75,228,95,216,114,202,132,187,149,169,165,150,178,130,190,107,201,85,209,61,215,37,219,13,222,-13,222,-37,219,-61,215,-85,209,-107,201,-130,190,-150,178,-169,165,-187,149,-202,132,-216,114,-228,95,-237,75,-244,54,-249,32,-252,11,-252,-11,-249,-32,-244,-54,-237,-75,-228,-95,-216,-114,-202,-132,-187,-149,-169,-165,-150,-178,-130,-190,-107,-201,-85,-209,-61,-215,-37,-219,-13,-222]]]
1798654	n	113.6433,27.3939,114.1035,27.8461	[[[1136433,274896,108,-130,167,-165,184,-149,200,-132,213,-114,225,-95,234,-75,242,-54,246,-32,248,-11,248,11,246,32,242,54,234,75,225,95,213,114,200,132,184,149,167,165,148,178,128,190,107,201,83,209,61,215,36,219,13,222,-13,222,-36,219,-61,215,-83,209,-107,201,-128,190,-148,178,-167,165,-184,149,-200,132,-213,114,-225,95,-234,75,-242,54,-246,32,-248,11,-248,-11,-246,-32,-242,-54,-234,-75,-225,-95,-213,-114,-10,-7,-153,-748,-496,-2429]]]
1886762	n	121.9471,29.7742,122.4097,30.1478	[[[1219471,299435,1,-29,47,-162,85,-209,10,-18,127,-19,183,85,11,106,-67,110,-146,149,-20,20,-37,49,-65,15,-81,-51,-48,-46]],[[1219683,298890,30,-56,131,-190,152,-178,150,-145,136,39,404,155,462,201,216,129,-73,193,-232,32,-192,-76,-191,-98,-114,-22,-745,29,-134,-13]],[[1219719,300677,15,-77,34,-63,149,-156,38,-15,133,-32,34,-15,13,-61,-23,-107,10,-37,-5,-29,-21,-42,9,-40,86,-31,66,1,48,20,42,27,141,54,165,85,121,17,216,-31,452,-141,405,-59,445,-158,164,-88,16,-15,306,-285,158,-61,65,187,9,234,20,104,40,109,62,63,78,24,57,49,8,137,-50,74,-183,101,-41,67,-30,139,-75,47,-201,-12,-134,21,-64,52,-43,67,-66,65,-95,50,-254,80,-102,2,-112,-12,-89,36,-38,151,-50,32,-240,8,-85,25,-149,121,-141,78,-159,38,-729,3,-149,-144,-152,-178,-63,-91,27,-164,-5,-55,-30,-73,-35,-47,-19,-49]],[[1220897,297857,111,-46,223,-69,-10,45,-73,98,-74,11,-94,-27,-83,-12]],[[1222317,298362,10,-84,49,-40,137,-177,141,-81,71,-59,231,-130,128,-28,63,74,-25,115,-75,223,57,71,16,44,-278,138,-130,40,-235,-7,-160,-99]],[[1223206,299372,46,-93,83,-73,204,-100,82,-61,53,-86,18,-123,-37,-73,-63,-65,-21,-81,83,-119,118,-109,76,-37,104,-19,3,94,-14,52,-82,90,-31,78,39,60,56,57,29,72,129,162,16,114,-145,109,80,42,43,43,15,61,4,90,-27,70,-61,2,-117,-41,-298,-25,-127,31,-46,136,-63,-17,-54,-31,-46,-43,-35,-55,-14,-112]]]
2035265	n	123.335,46.9739,124.2914,47.5661	[[[1233350,470984,35,-50,167,-190,193,-178,218,-165,240,-149,261,-132,278,-114,293,-95,306,-75,314,-54,321,-32,324,-11,324,11,321,32,314,54,306,75,293,95,278,114,261,132,240,149,218,165,193,178,53,60,-239,394,91,-16,322,-32,325,-11,325,11,322,32,315,54,306,75,294,95,279,114,261,132,241,149,219,165,194,178,167,190,139,201,109,209,79,215,48,219,16,222,-16,222,-48,219,-79,215,-109,209,-139,201,-167,190,-194,178,-219,165,-241,149,-261,132,-279,114,-294,95,-306,75,-315,54,-322,32,-325,11,-325,-11,-322,-32,-315,-54,-306,-75,-294,-95,-279,-114,-261,-132,-241,-149,-219,-165,-194,-178,-48,-55,242,-399,-93,16,-321,32,-324,11,-324,-11,-321,-32,-314,-54,-306,-75,-280,-91,-646,-1387,-565,-1211,-194,-416]]]
1804586	n	120.3641,36.7618,120.9911,37.1881	[[[1203641,369234,6,-32,1075,-1502,2909,0,196,-82,89,18,260,75,249,95,237,114,206,123,960,1509,75,118,8,130,-13,222,-41,219,-67,215,-93,209,-118,201,-98,131,-3477,884,-229,-87,-237,-114,-221,-132,-205,-149,-185,-165,-164,-178,-142,-190,-4,-7,55,-58,-165,-33,-866,-1534]]]
1813206	n	114.6905,29.8539,115.2095,30.2284	[[[1146905,300800,12,-222,38,-219,61,-215,86,-209,109,-201,131,-190,152,-178,171,-165,189,-149,204,-132,219,-114,230,-95,240,-75,247,-54,252,-32,254,-11,254,11,252,32,247,54,240,75,230,95,219,114,204,132,189,149,171,165,152,178,131,190,109,201,86,209,61,215,38,219,12,211,-3638,1495,-1169,-306,-77,-112,-109,-201,-86,-209,-61,-215,-38,-219,-12,-222]]]
1789065	n	108.7532,32.4539,109.2731,32.9061	[[[1087532,326800,13,-222,38,-219,64,-215,88,-209,112,-201,135,-190,155,-178,176,-165,194,-149,211,-132,224,-114,237,-95,246,-75,254,-54,259,-32,262,-11,262,11,259,32,254,54,246,75,237,95,224,114,211,132,194,149,176,165,155,178,135,190,112,201,66,154,-468,794,-1212,2057,-76,24,-254,54,-259,32,-262,11,-262,-11,-259,-32,-254,-54,-246,-75,-237,-95,-224,-114,-211,-132,-194,-149,-176,-165,-155,-178,-135,-190,-112,-201,-88,-209,-64,-215,-38,-219,-13,-222]]]
1804540	n	116.4294,39.2939,116.9943,39.7264	[[[1164294,395116,9,-138,42,-219,69,-215,96,-209,122,-201,147,-190,171,-178,191,-165,212,-149,230,-132,245,-114,258,-95,269,-75,277,-54,283,-32,285,-11,285,11,283,32,204,40,1971,2927,-53,116,-122,201,-147,190,-171,178,-191,165,-212,149,-230,132,-245,114,-189,70,-2585,-286,-1504,-1862]]]
1280737	n	90.7316,29.4139,91.519,30.1161	[[[907316,296600,12,-222,37,-219,62,-215,85,-209,109,-201,130,-190,151,-178,171,-165,187,-149,204,-132,218,-114,229,-95,85,-27,9,15,177,-93,229,-95,239,-75,246,-54,251,-32,253,-11,253,11,251,32,246,54,73,23,2,-10,28,1,251,32,246,54,239,75,229,95,218,114,203,132,188,149,171,165,151,178,130,190,108,201,86,209,61,215,38,219,12,222,-12,222,-28,166,109,-51,168,69,218,114,204,132,189,149,170,165,152,178,130,190,109,201,86,209,62,215,37,219,12,222,-12,222,-37,219,-62,215,-86,209,-109,201,-130,190,-152,178,-170,165,-189,149,-204,132,-218,114,-230,95,-239,75,-247,54,-251,32,-254,11,-254,-11,-251,-32,-247,-54,-239,-75,-230,-95,-218,-114,-204,-132,-189,-149,-170,-165,-152,-178,-130,-190,-109,-201,-86,-209,-62,-215,-37,-219,-12,-222,7,-139,-121,100,-146,-6,-143,-90,-96,-61,-2008,-1263,-76,-185,-62,-215,-37,-219,-12,-222]]]
1805987	n	113.0078,35.0139,113.515,35.4661	[[[1130078,353400,881,-2923,145,-71,244,-95,254,-75,262,-54,266,-32,270,-11,270,11,266,32,262,54,254,75,244,95,232,114,216,132,200,149,182,165,160,178,139,190,115,201,91,209,66,215,39,219,14,222,-14,222,-39,219,-66,215,-91,209,-115,201,-139,190,-160,178,-182,165,-200,149,-216,132,-232,114,-244,95,-254,75,-262,54,-266,32,-270,11,-270,-11,-266,-32,-262,-54,-254,-75,-244,-95,-224,-110,-802,-884]]]
2038300	n	123.4884,41.0638,124.4189,41.5261	[[[1234884,413649,2258,-2969,265,-30,293,-11,293,11,290,32,285,54,276,75,265,95,252,114,164,92,-1,16,15,-8,252,-114,265,-95,276,-75,285,-54,290,-32,293,-11,293,11,290,32,285,54,276,75,265,95,252,114,235,132,218,149,197,165,175,178,150,190,126,201,99,209,71,215,43,219,14,222,-14,222,-43,219,-71,215,-99,209,-126,201,-150,190,-175,178,-197,165,-218,149,-235,132,-252,114,-265,95,-276,75,-285,54,-290,32,-293,11,-293,-11,-290,-32,-285,-54,-276,-75,-265,-95,-252,-114,-164,-92,1,-16,-15,8,-252,114,-265,95,-276,75,-285,54,-290,32,-293,11,-293,-11,-290,-32,-285,-54,-276,-75,-265,-95,-252,-114,-235,-132,-217,-149,-197,-165,-175,-178,-151,-190,-125,-201,-55,-116]]]
1791748	n	108.1477,30.7351,108.6117,31.0052	[[[1081477,309106,477,-806,468,-949,766,322,1113,259,846,738,970,594,0,1,-110,201,-132,190,-153,178,-109,104,-1790,114,-2346,-946]]]
1799194	n	106.3794,30.2633,106.9006,30.6961	[[[1063794,304700,13,-222,37,-219,20,-67,3137,-1518,451,-41,176,73,220,114,205,132,189,149,172,165,153,178,131,190,109,201,86,209,63,215,37,219,13,222,-13,222,-37,219,-63,215,-86,209,-109,201,-131,190,-153,178,-172,165,-189,149,-205,132,-220,114,-231,95,-241,75,-248,54,-253,32,-255,11,-255,-11,-253,-32,-248,-54,-241,-75,-231,-95,-220,-114,-205,-132,-189,-149,-172,-165,-153,-178,-131,-190,-109,-201,-86,-209,-63,-215,-37,-219,-13,-222]]]
1791673	n	121.7805,37.0339,122.3684,37.5627	[[[1217805,371932,88,-197,118,-201,143,-190,165,-178,186,-165,205,-149,222,-132,238,-114,250,-95,261,-75,269,-54,273,-32,277,-11,277,11,273,32,269,54,261,75,250,95,87,42,1042,2840,228,150,195,128,72,78,143,190,87,148,-719,0,-179,57,-168,270,-164,88,-212,-17,-145,-107,-119,-149,-146,-142,-211,149,-207,235,-115,269,56,172,171,139,-7,183,-124,177,-177,121,-123,-105,-144,-31,-131,38,-87,98,-62,0,47,-182,-103,-73,-177,-33,-182,-59,-92,-104,-218,-309,-134,-65,-34,-85,196,-376,-94,-85,-307,-18,-75,18,-52,69,0,82,45,77,82,52,0,61,-195,46,-846,-11,160,-428,-887,-2272]]]
1785412	n	121.3478,31.2408,121.49,31.3354	[[[1213478,313000,548,-192,208,-182,27,-129,127,-89,462,162,50,70,0,231,-112,13,-238,166,-178,0,-218,304,-676,-354]]]
1817720	n	120.7073,29.7639,121.0885,30.2241	[[[1207073,301896,95,-961,479,31,190,-73,85,-232,-82,56,-120,115,-70,34,-100,3,-316,-72,-53,3,177,-1793,-37,-828,34,-27,204,-132,219,-114,230,-95,239,-75,247,-54,252,-32,254,-11,254,11,252,32,247,54,239,75,230,95,219,114,204,132,188,149,52,50,-864,2517,-184,1195,-235,-105,-60,-38,-307,-61,-307,-161,-396,46,-246,106,-151,283,-544,108,-114,-47,-109,-57,-295,-241]]]
1788508	n	114.515,27.5739,115.1839,28.0361	[[[1145150,276312,139,-92,214,-114,225,-95,235,-75,242,-54,246,-32,249,-11,249,11,246,32,242,54,235,75,221,93,1,14,209,-112,225,-95,235,-75,242,-54,246,-32,249,-11,249,11,246,32,242,54,235,75,225,95,213,114,201,132,184,149,168,165,148,178,128,190,107,201,83,209,61,215,37,219,12,222,-12,222,-37,219,-61,215,-83,209,-107,201,-128,190,-148,178,-168,165,-184,149,-201,132,-213,114,-225,95,-235,75,-242,54,-246,32,-249,11,-249,-11,-246,-32,-242,-54,-235,-75,-221,-93,-1,-14,-209,112,-225,95,-235,75,-242,54,-246,32,-249,11,-249,-11,-246,-32,-242,-54,-235,-75,-175,-74,-403,-3803]]]
1786770	n	104.1541,28.4502,104.834,28.9861	[[[1041541,286300,13,-222,37,-219,61,-215,84,-209,108,-201,129,-190,149,-178,169,-165,186,-149,77,-50,100,41,2834,1146,627,-51,977,465,190,34,1058,1150,-756,2245,-28,84,-176,73,-236,75,-244,54,-249,32,-251,11,-173,-7,-176,-91,-1,-1,-1644,-844,-472,-133,-58,-37,-186,-149,-168,-163,-40,55,-125,-27,-236,-75,-227,-95,-215,-114,-202,-132,-186,-149,-169,-165,-149,-178,-129,-190,-108,-201,-84,-209,-61,-215,-37,-219,-13,-222]]]
1793703	n	120.9195,31.3001,121.2099,31.6761	[[[1209195,315555,1827,-2554,35,2,1042,1941,-173,1007,-675,787,-93,12,-258,11,-258,-11,-256,-32,-250,-54,-46,-14,-895,-1095]]]
1809061	p	8400694
13608000	n	121.1035,30.6405,121.3953,30.9514	[[[1211035,306816,15,-15,191,-149,206,-132,220,-114,2,-1,108,52,252,194,190,99,428,142,688,139,171,103,447,403,-186,1169,-578,808,-483,-124,-1669,-2526,-2,-48]]]
1815059	n	112.7806,25.5738,113.2794,26.0261	[[[1127806,258000,12,-222,36,-219,59,-215,82,-209,105,-201,126,-190,146,-178,164,-165,182,-149,196,-132,210,-114,221,-95,231,-75,237,-54,243,-32,244,-11,244,11,243,32,237,54,231,75,221,95,210,114,196,132,182,149,164,165,146,178,126,190,105,201,82,209,59,215,36,219,12,222,-12,222,-36,219,-59,215,-82,209,-105,201,-126,190,-146,178,-164,165,-182,149,-196,132,-210,114,-221,95,-231,75,-237,54,-243,32,-244,11,-244,-11,-243,-32,-237,-54,-231,-75,-221,-95,-210,-114,-196,-132,-182,-149,-164,-165,-146,-178,-126,-190,-105,-201,-82,-209,-59,-215,-36,-219,-12,-222]]]
2037886	n	124.0367,39.8596,124.6147,40.3561	[[[1240367,400400,14,-222,42,-219,70,-215,97,-209,123,-201,148,-190,171,-178,194,-165,213,-149,96,-55,15,16,472,173,642,483,73,20,66,-2,64,6,75,45,49,66,39,137,49,70,444,379,90,122,27,97,-9,169,-140,57,-114,32,-20,22,-10,23,4,74,45,77,77,108,34,36,70,35,2,18,3,31,102,80,22,37,180,119,43,31,36,44,43,106,48,48,67,31,150,29,31,18,29,46,55,47,4,19,-14,22,53,89,65,54,57,28,68,12,99,1,18,-6,544,395,42,19,106,17,57,32,15,38,16,115,31,52,160,110,403,198,35,31,-170,146,-214,149,-231,132,-247,114,-261,95,-271,75,-280,54,-285,32,-288,11,-288,-11,-285,-32,-198,-39,-1973,-1378,-43,-93,80,-37,-161,-137,-171,-178,-148,-190,-123,-201,-97,-209,-70,-215,-42,-219,-14,-222]]]
1817993	n	116.7893,30.2839,117.3098,30.7361	[[[1167893,305100,13,-222,37,-219,63,-215,86,-209,109,-201,132,-190,152,-178,172,-165,189,-149,206,-132,219,-114,231,-95,241,-75,248,-54,253,-32,256,-11,256,11,253,32,248,54,241,75,231,95,219,114,206,132,189,149,172,165,152,178,132,190,109,201,86,209,63,215,37,219,4,74,-153,306,-747,1497,0,1,-47,94,-203,130,-219,114,-231,95,-241,75,-248,54,-253,32,-256,11,-256,-11,-253,-32,-248,-54,-241,-75,-231,-95,-219,-114,-206,-132,-189,-149,-172,-165,-152,-178,-132,-190,-109,-201,-86,-209,-63,-215,-37,-219,-13,-222]]]
1788927	n	114.2086,36.7669,114.791,37.2861	[[[1142086,370600,13,-222,41,-219,67,-215,93,-209,27,-46,-11,-2,-12,-65,-14,-222,14,-222,40,-219,67,-215,93,-209,118,-201,142,-190,164,-178,151,-135,3827,-162,181,132,185,165,164,178,142,190,118,201,93,209,67,215,40,219,14,222,-14,222,-40,219,-67,215,-93,209,-27,46,20,2,12,65,13,222,-13,222,-41,219,-67,215,-93,209,-118,201,-142,190,-165,178,-185,165,-205,149,-221,132,-237,114,-250,95,-260,75,-268,54,-273,32,-276,11,-276,-11,-273,-32,-268,-54,-260,-75,-250,-95,-237,-114,-221,-132,-205,-149,-185,-165,-165,-178,-142,-190,-118,-201,-93,-209,-67,-215,-41,-219,-13,-222]]]
1784841	n	103.4672,27.0939,103.9729,27.5461	[[[1034672,273200,12,-222,37,-219,60,-215,84,-209,106,-201,127,-190,148,-178,167,-165,183,-149,200,-132,212,-114,225,-95,233,-75,241,-54,245,-32,248,-11,248,11,245,32,241,54,233,75,225,95,212,114,200,132,183,149,167,165,148,178,127,190,106,201,84,209,60,215,37,219,12,222,-12,222,-37,219,-60,215,-84,209,-106,201,-127,190,-148,178,-167,165,-183,149,-200,132,-212,114,-225,95,-233,75,-241,54,-245,32,-248,11,-248,-11,-245,-32,-241,-54,-233,-75,-225,-95,-212,-114,-200,-132,-183,-149,-167,-165,-148,-178,-127,-190,-106,-201,-84,-209,-60,-215,-37,-219,-12,-222]]]
2050970	p	2038432
6929460	n	101.4798,26.3639,101.9611,26.8161	[[[1014798,265001,87,-167,127,-190,147,-178,165,-165,183,-149,198,-132,211,-114,223,-95,232,-75,239,-54,244,-32,246,-11,246,11,244,32,239,54,232,75,223,95,211,114,198,132,183,149,165,165,147,178,127,190,105,201,83,209,60,215,36,219,12,222,-12,222,-36,219,-60,215,-83,209,-105,201,-127,190,-147,178,-165,165,-183,149,-198,132,-211,114,-223,95,-232,75,-239,54,-244,32,-246,11,-246,-11,-244,-32,-239,-54,-232,-75,-223,-95,-211,-114,-198,-132,-183,-149,-165,-165,-147,-178,-5,-7,-209,-2148]]]
1814757	n	118.0343,32.0939,118.5657,32.5461	[[[1180343,323200,12,-222,39,-219,63,-215,88,-209,111,-201,134,-190,156,-178,175,-165,193,-149,210,-132,223,-114,236,-95,246,-75,253,-54,258,-32,260,-11,260,11,258,32,253,54,246,75,236,95,223,114,210,132,193,149,175,165,156,178,134,190,111,201,88,209,63,215,39,219,12,222,-12,222,-39,219,-63,215,-88,209,-111,201,-134,190,-156,178,-175,165,-193,149,-210,132,-223,114,-236,95,-246,75,-253,54,-258,32,-260,11,-260,-11,-258,-32,-253,-54,-246,-75,-236,-95,-223,-114,-210,-132,-193,-149,-175,-165,-156,-178,-134,-190,-111,-201,-88,-209,-63,-215,-39,-219,-12,-222]]]
1788081	n	118.4881,30.7239,119.0119,31.1761	[[[1184881,309500,13,-222,38,-219,62,-215,87,-209,110,-201,132,-190,153,-178,172,-165,191,-149,206,-132,221,-114,232,-95,242,-75,249,-54,254,-32,257,-11,257,11,254,32,249,54,242,75,232,95,221,114,206,132,191,149,172,165,153,178,132,190,110,201,87,209,62,215,38,219,13,222,-13,222,-38,219,-62,215,-87,209,-110,201,-132,190,-153,178,-172,165,-191,149,-206,132,-221,114,-232,95,-242,75,-249,54,-254,32,-257,11,-257,-11,-254,-32,-249,-54,-242,-75,-232,-95,-221,-114,-206,-132,-191,-149,-172,-165,-153,-178,-132,-190,-110,-201,-87,-209,-62,-215,-38,-219,-13,-222]]]
1817968	n	105.6796,26.0239,106.1804,26.4761	[[[1056796,262500,12,-222,36,-219,60,-215,83,-209,105,-201,126,-190,146,-178,165,-165,182,-149,198,-132,211,-114,222,-95,231,-75,238,-54,244,-32,245,-11,245,11,244,32,238,54,231,75,222,95,211,114,198,132,182,149,165,165,146,178,126,190,105,201,83,209,60,215,36,219,12,222,-12,222,-36,219,-60,215,-83,209,-105,201,-126,190,-146,178,-165,165,-182,149,-198,132,-211,114,-222,95,-231,75,-238,54,-244,32,-245,11,-245,-11,-244,-32,-238,-54,-231,-75,-222,-95,-211,-114,-198,-132,-182,-149,-165,-165,-146,-178,-126,-190,-105,-201,-83,-209,-60,-215,-36,-219,-12,-222]]]
1790840	n	111.0451,23.2557,111.5349,23.7061	[[[1110451,234800,12,-222,36,-219,58,-215,81,-209,103,-201,123,-190,143,-178,162,-165,178,-149,193,-132,206,-114,217,-95,226,-75,233,-54,185,-25,2709,1893,21,128,12,222,-12,222,-36,219,-58,215,-81,209,-103,201,-123,190,-143,178,-162,165,-178,149,-193,132,-206,114,-217,95,-226,75,-233,54,-238,32,-240,11,-240,-11,-238,-32,-233,-54,-226,-75,-217,-95,-206,-114,-193,-132,-178,-149,-162,-165,-143,-178,-123,-190,-103,-201,-81,-209,-58,-215,-36,-219,-12,-222]]]
1797595	n	119.2971,39.7778,120.0257,40.2261	[[[1192971,399400,9,-144,1132,-1478,3,2,179,173,374,195,287,-16,352,15,-58,269,-50,167,50,134,107,191,181,83,182,52,311,21,176,46,403,217,284,13,189,9,414,175,248,-19,181,129,185,96,392,133,253,84,365,34,-2,130,35,251,350,203,754,195,-49,105,-123,201,-147,190,-172,178,-193,165,-213,149,-231,132,-247,114,-260,95,-271,75,-279,54,-285,32,-287,11,-287,-11,-285,-32,-279,-54,-271,-75,-260,-95,-247,-114,-231,-132,-28,-20,41,-76,-40,-2,-284,-32,-279,-54,-271,-75,-260,-95,-246,-114,-231,-132,-213,-149,-193,-165,-171,-178,-148,-190,-123,-201,-97,-209,-70,-215,-42,-219,-14,-222]]]
1816920	n	111.2074,27.0139,111.7126,27.4659	[[[1112074,272400,12,-222,37,-219,60,-215,83,-209,106,-201,128,-190,147,-178,167,-165,184,-149,199,-132,212,-114,224,-95,234,-75,240,-54,245,-32,248,-11,248,11,245,32,240,54,234,75,224,95,212,114,199,132,184,149,167,165,147,178,128,190,106,201,83,209,60,215,37,219,12,222,-12,222,-37,219,-60,215,-83,209,-106,201,-128,190,-147,178,-167,165,-184,149,-199,132,-212,114,-224,95,-234,75,-240,54,-245,32,-204,9,-346,-16,-191,-25,-240,-54,-234,-75,-224,-95,-212,-114,-199,-132,-184,-149,-167,-165,-147,-178,-128,-190,-106,-201,-83,-209,-60,-215,-37,-219,-12,-222]]]
2036986	n	129.9584,47.1239,130.6215,47.5761	[[[1299585,473500,16,-222,48,-219,79,-215,110,-209,139,-201,167,-190,194,-178,218,-165,241,-149,261,-132,279,-114,295,-95,306,-75,315,-54,322,-32,325,-11,325,11,322,32,315,54,306,75,295,95,279,114,261,132,241,149,218,165,194,178,167,190,139,201,110,209,79,215,48,219,16,222,-16,222,-48,219,-79,215,-110,209,-139,201,-167,190,-194,178,-218,165,-241,149,-261,132,-279,114,-295,95,-306,75,-315,54,-322,32,-325,11,-325,-11,-322,-32,-315,-54,-306,-75,-295,-95,-279,-114,-261,-132,-241,-149,-218,-165,-194,-178,-167,-190,-139,-201,-110,-209,-79,-215,-48,-219,-16,-222]]]
1784055	n	122.6981,39.4973,123.2691,39.9261	[[[1226981,397000,14,-222,42,-219,70,-215,96,-209,123,-201,147,-190,171,-178,1,-2,46,18,107,23,84,118,604,456,230,-121,733,139,192,-81,283,251,39,129,-187,92,0,74,144,-3,86,52,51,63,34,31,75,-10,130,-48,102,-16,183,17,418,110,81,43,204,-252,459,9,489,140,427,213,32,65,-61,105,-79,60,-58,12,-70,2,-215,52,-86,7,-58,33,-22,104,58,99,130,0,260,-68,164,59,-19,135,-107,153,-106,106,-63,89,21,68,48,34,-101,130,-171,178,-192,165,-212,149,-230,132,-246,114,-259,95,-270,75,-278,54,-283,32,-286,11,-286,-11,-283,-32,-278,-54,-270,-75,-259,-95,-246,-114,-230,-132,-212,-149,-192,-165,-171,-178,-147,-190,-123,-201,-96,-209,-70,-215,-42,-219,-14,-222]],[[1229644,395154,153,-161,260,-20,243,106,101,218,-225,148,-278,50,-218,-84,-36,-257]]]
1801620	n	118.2164,31.4169,118.7739,31.9161	[[[1182164,315600,13,-222,38,-219,63,-215,7,-17,4555,-758,151,175,133,190,111,201,87,209,63,215,38,219,13,222,-13,222,-5,30,18,-3,102,186,88,209,63,215,38,219,12,222,-12,222,-38,219,-63,215,-88,209,-110,201,-134,190,-154,178,-113,107,-76,54,-1139,580,-197,43,-256,32,-259,11,-259,-11,-256,-32,-251,-54,-244,-75,-234,-95,-222,-114,-208,-132,-192,-149,-174,-165,-154,-178,-134,-190,-110,-201,-88,-209,-63,-215,-38,-219,-12,-222,12,-222,6,-30,-12,2,-102,-185,-87,-209,-63,-215,-38,-219,-13,-222]]]
12324556	n	106.0501,38.7596,106.6843,39.4561	[[[1060501,392300,14,-222,41,-219,70,-215,95,-209,122,-201,146,-190,170,-178,70,-61,-75,-17,-31,-166,-12,-191,16,-2,-60,-188,-42,-219,-14,-222,14,-222,42,-219,68,-215,96,-209,121,-201,146,-190,169,-178,190,-165,210,-149,228,-132,243,-114,256,-95,11,-3,1727,-112,207,40,267,75,256,95,243,114,228,132,210,149,190,165,169,178,146,190,121,201,96,209,68,215,42,219,12,192,-11,1,60,188,7,39,-1293,1760,0,1605,-1085,1038,-223,63,-276,54,-282,32,-284,11,-284,-11,-282,-32,-276,-54,-267,-75,-258,-95,-244,-114,-228,-132,-211,-149,-191,-165,-170,-178,-146,-190,-122,-201,-95,-209,-70,-215,-41,-219,-14,-222]]]
1812961	n	104.1232,30.9039,104.7585,31.5139	[[[1041232,311409,813,-1786,91,-71,206,-132,221,-114,233,-95,242,-75,250,-54,255,-32,257,-11,257,11,255,32,250,54,242,75,233,95,221,114,206,132,191,149,173,165,153,178,133,190,110,201,87,209,62,215,38,219,4,78,57,-28,195,124,191,149,174,165,153,178,133,190,110,201,87,209,63,215,7,44,-3428,2536,-163,-50,-9,-4,-5,-25,-502,-2455,-2246,-1196]]]
1787351	n	113.2755,37.6338,113.8392,38.0861	[[[1132755,378600,14,-222,41,-219,68,-215,94,-209,119,-201,144,-190,166,-178,188,-165,206,-149,225,-132,239,-114,252,-95,263,-75,271,-54,276,-32,279,-11,279,11,276,32,271,54,263,75,252,95,239,114,225,132,206,149,188,165,166,178,144,190,119,201,94,209,68,215,2,11,-931,2137,-56,41,-225,132,-239,114,-252,95,-263,75,-271,54,-276,32,-279,11,-279,-11,-276,-32,-271,-54,-263,-75,-252,-95,-239,-114,-225,-132,-206,-149,-188,-165,-166,-178,-144,-190,-119,-201,-94,-209,-68,-215,-41,-219,-14,-222]]]
1783873	n	113.7623,32.7539,114.206,33.2061	[[[1137623,329800,13,-222,38,-219,64,-215,89,-209,112,-201,135,-190,157,-178,176,-165,195,-149,211,-132,225,-114,237,-95,248,-75,255,-54,260,-32,262,-11,262,11,260,32,255,54,248,75,237,95,225,114,211,132,62,48,-321,3600,0,5,-177,89,-237,95,-248,75,-255,54,-260,32,-262,11,-262,-11,-260,-32,-255,-54,-248,-75,-237,-95,-225,-114,-211,-132,-195,-149,-176,-165,-157,-178,-135,-190,-112,-201,-89,-209,-64,-215,-38,-219,-13,-222]]]
2050971	p	2038432
1815463	n	111.4651,34.9839,112.0149,35.4362	[[[1114651,352100,14,-222,39,-219,66,-215,91,-209,115,-201,139,-190,160,-178,181,-165,200,-149,217,-132,231,-114,244,-95,254,-75,262,-54,267,-32,269,-11,269,11,267,32,262,54,254,75,244,95,231,114,217,132,200,149,181,165,160,178,139,190,115,201,91,209,66,215,39,219,14,222,-14,222,-39,219,-66,215,-91,209,-115,201,-139,190,-160,178,-181,165,-200,149,-217,132,-231,114,-244,95,-254,75,-262,54,-267,32,-269,11,-269,-11,-267,-32,-262,-54,-254,-75,-244,-95,-231,-114,-217,-132,-200,-149,-181,-165,-160,-178,-139,-190,-115,-201,-91,-209,-66,-215,-39,-219,-14,-222]]]
1815611	p	1805701
2033196	n	114.5734,40.3838,115.3558,41.0062	[[[1145734,407800,14,-222,43,-219,71,-215,98,-209,124,-201,150,-190,173,-178,196,-165,216,-149,233,-132,250,-114,263,-95,274,-75,104,-19,-184,-143,10,-30,98,-209,124,-201,149,-190,173,-178,195,-165,215,-149,233,-132,249,-114,263,-95,273,-75,282,-54,287,-32,290,-11,290,11,287,32,282,54,273,75,263,95,249,114,233,132,215,149,195,165,173,178,149,190,124,201,98,209,70,215,43,219,14,222,-14,222,-43,219,-70,215,-98,209,-124,201,-149,190,-173,178,-195,165,-215,149,-233,132,-249,114,-263,95,-273,75,-102,19,189,148,-8,25,-98,209,-124,201,-150,190,-173,178,-196,165,-216,149,-233,132,-250,114,-263,95,-274,75,-282,54,-288,32,-291,11,-291,-11,-288,-32,-282,-54,-274,-75,-263,-95,-250,-114,-233,-132,-216,-149,-196,-165,-173,-178,-150,-190,-124,-201,-98,-209,-71,-215,-43,-219,-14,-222]]]
2037346	n	121.3577,41.7941,121.9623,42.2461	[[[1213577,420200,15,-222,43,-219,72,-215,100,-209,127,-201,153,-190,176,-178,199,-165,220,-149,239,-132,254,-114,268,-95,279,-75,288,-54,294,-32,214,-8,1463,316,306,66,231,128,220,149,199,165,176,178,153,190,127,201,100,209,72,215,43,219,15,222,-15,222,-43,219,-72,215,-100,209,-127,201,-153,190,-176,178,-199,165,-220,149,-239,132,-254,114,-268,95,-279,75,-288,54,-294,32,-296,11,-296,-11,-294,-32,-288,-54,-279,-75,-268,-95,-254,-114,-239,-132,-220,-149,-199,-165,-176,-178,-153,-190,-127,-201,-100,-209,-72,-215,-43,-219,-15,-222]]]
1796989	n	112.4471,22.0239,113.0226,22.6061	[[[1124471,223800,12,-222,12,-75,904,-1297,15,-81,0,-3,21,-119,43,-159,80,-209,102,-201,122,-190,142,-178,160,-165,177,-149,191,-132,204,-114,215,-95,225,-75,231,-54,235,-32,238,-11,238,11,235,32,231,54,225,75,215,95,204,114,191,132,177,149,160,165,142,178,122,190,102,201,80,209,58,215,35,219,11,222,-11,222,-35,219,-58,215,-80,209,-102,201,-122,190,-105,131,-362,231,-46,-22,-17,107,-565,770,-551,750,-127,71,-216,95,-224,75,-231,54,-236,32,-238,11,-238,-11,-236,-32,-231,-54,-224,-75,-216,-95,-204,-114,-192,-132,-176,-149,-160,-165,-142,-178,-123,-190,-102,-201,-80,-209,-58,-215,-35,-219,-12,-222]]]
1807234	n	114.8457,30.0762,115.2434,30.406	[[[1148457,302284,3704,-1522,123,96,150,1993,-1647,1209,-2187,-1630,-143,-146]]]
2036113	n	122.9069,40.8939,123.7312,41.4955	[[[1229069,413401,3131,-2625,0,-1014,192,-161,217,-149,235,-132,251,-114,264,-95,276,-75,283,-54,290,-32,292,-11,292,11,290,32,283,54,276,75,264,95,251,114,235,132,217,149,196,165,175,178,150,190,125,201,58,121,-2254,2964,-266,30,-292,11,-249,-9,155,201,-71,113,-151,190,-174,178,-134,112,-2329,709,-140,-5,-290,-32,-284,-54,-276,-75,-266,-95,-251,-114,-124,-70,-847,-1109]]]
1808090	p	1798524
1816269	n	106.3844,23.6639,106.8756,24.1161	[[[1063844,238900,12,-222,35,-219,59,-215,81,-209,103,-201,124,-190,143,-178,162,-165,179,-149,193,-132,207,-114,218,-95,227,-75,234,-54,238,-32,241,-11,241,11,238,32,234,54,227,75,218,95,207,114,193,132,179,149,162,165,143,178,124,190,103,201,81,209,59,215,35,219,12,222,-12,222,-35,219,-59,215,-81,209,-103,201,-124,190,-143,178,-162,165,-179,149,-193,132,-207,114,-218,95,-227,75,-234,54,-238,32,-241,11,-241,-11,-238,-32,-234,-54,-227,-75,-218,-95,-207,-114,-193,-132,-179,-149,-162,-165,-143,-178,-124,-190,-103,-201,-81,-209,-59,-215,-35,-219,-12,-222]]]
1816336	n	117.7374,37.1468,118.2873,37.5961	[[[1177374,373700,14,-222,40,-219,68,-215,93,-209,119,-201,142,-190,166,-178,186,-165,205,-149,223,-132,238,-114,251,-95,261,-75,269,-54,120,-14,1842,276,159,76,223,132,205,149,186,165,166,178,142,190,119,201,62,138,-626,2283,-49,43,-205,149,-223,132,-238,114,-251,95,-261,75,-269,54,-274,32,-277,11,-277,-11,-274,-32,-269,-54,-261,-75,-251,-95,-238,-114,-223,-132,-205,-149,-186,-165,-166,-178,-142,-190,-119,-201,-93,-209,-68,-215,-40,-219,-14,-222]]]
1785738	n	110.7158,34.8015,111.2642,35.2461	[[[1107158,350200,13,-222,39,-219,66,-215,90,-209,116,-201,138,-190,160,-178,181,-165,199,-149,216,-132,231,-114,244,-95,253,-75,104,-21,3423,1993,11,192,-13,222,-39,219,-66,215,-90,209,-116,201,-138,190,-160,178,-181,165,-199,149,-216,132,-231,114,-244,95,-253,75,-261,54,-266,32,-269,11,-269,-11,-266,-32,-261,-54,-253,-75,-244,-95,-231,-114,-216,-132,-199,-149,-181,-165,-160,-178,-138,-190,-116,-201,-90,-209,-66,-215,-39,-219,-13,-222]]]
1812955	n	116.0871,37.2239,116.6529,37.6761	[[[1160871,374500,14,-222,41,-219,67,-215,93,-209,119,-201,143,-190,165,-178,187,-165,205,-149,223,-132,238,-114,251,-95,262,-75,269,-54,275,-32,277,-11,277,11,275,32,269,54,262,75,251,95,238,114,223,132,205,149,187,165,165,178,143,190,119,201,93,209,67,215,41,219,14,222,-14,222,-41,219,-67,215,-93,209,-119,201,-143,190,-165,178,-187,165,-205,149,-223,132,-238,114,-251,95,-262,75,-269,54,-275,32,-277,11,-277,-11,-275,-32,-269,-54,-262,-75,-251,-95,-238,-114,-223,-132,-205,-149,-187,-165,-165,-178,-143,-190,-119,-201,-93,-209,-67,-215,-41,-219,-14,-222]]]
1796669	n	110.9166,34.5539,111.4634,34.9985	[[[1109166,347800,13,-222,39,-219,65,-215,91,-209,115,-201,138,-190,159,-178,181,-165,198,-149,216,-132,230,-114,243,-95,252,-75,261,-54,265,-32,268,-11,268,11,265,32,261,54,252,75,243,95,230,114,216,132,198,149,181,165,159,178,138,190,115,201,91,209,65,215,39,219,13,222,-13,222,-39,219,-65,215,-91,209,-115,201,-138,190,-159,178,-181,165,-198,149,-216,132,-230,114,-243,95,-252,75,-102,21,-3384,-1970,-31,-18,-11,-197]]]
6642286	n	114.5395,30.1954,115.0787,30.6706	[[[1145395,304500,12,-222,38,-219,62,-215,86,-209,110,-201,112,-163,20,8,59,-144,110,-201,131,-190,152,-178,172,-165,189,-149,205,-132,220,-114,126,-52,88,23,1,1,1169,306,143,146,2187,1630,-137,707,0,1228,-108,104,-189,149,-206,132,-219,114,-231,95,-241,75,-195,42,-911,-106,-1311,0,-36,-11,-231,-95,-219,-114,-206,-132,-189,-149,-172,-165,-152,-178,-131,-190,-84,-153,-221,-859,-3,-54]]]
2035715	n	129.0648,44.3239,129.9963,44.9861	[[[1290648,445700,15,-222,45,-219,75,-215,105,-209,132,-201,159,-190,184,-178,208,-165,229,-149,249,-132,265,-114,280,-95,291,-75,300,-54,306,-32,309,-11,309,11,306,32,300,54,102,26,-7,-54,4,-2,280,-95,291,-75,300,-54,306,-32,309,-11,309,11,306,32,300,54,291,75,280,95,265,114,248,132,229,149,208,165,184,178,159,190,132,201,105,209,75,215,45,219,15,222,-15,222,-45,219,-51,145,-162,27,67,53,185,178,159,190,133,201,105,209,75,215,46,219,15,222,-15,222,-46,219,-75,215,-105,209,-133,201,-159,190,-185,178,-209,165,-230,149,-249,132,-266,114,-281,95,-292,75,-301,54,-307,32,-310,11,-310,-11,-307,-32,-301,-54,-292,-75,-281,-95,-266,-114,-249,-132,-230,-149,-209,-165,-185,-178,-159,-190,-133,-201,-79,-158,324,-358,-14,1,-309,11,-309,-11,-306,-32,-300,-54,-291,-75,-280,-95,-265,-114,-249,-132,-229,-149,-208,-165,-184,-178,-159,-190,-132,-201,-105,-209,-75,-215,-45,-219,-15,-222]]]
1804153	n	103.5018,29.3339,104.0128,29.7861	[[[1035018,295600,13,-222,37,-219,61,-215,86,-209,108,-201,130,-190,151,-178,170,-165,188,-149,204,-132,217,-114,229,-95,239,-75,245,-54,251,-32,253,-11,82,4,1761,1954,685,761,-57,198,-86,209,-108,201,-130,190,-151,178,-170,165,-188,149,-204,132,-217,114,-229,95,-239,75,-245,54,-251,32,-253,11,-253,-11,-251,-32,-245,-54,-239,-75,-229,-95,-217,-114,-204,-132,-188,-149,-170,-165,-151,-178,-130,-190,-108,-201,-86,-209,-61,-215,-37,-219,-13,-222]]]
9072919	n	119.0949,35.0679,119.6873,35.7113	[[[1190949,352700,14,-222,39,-219,66,-215,91,-209,115,-201,139,-190,161,-178,181,-165,200,-149,217,-132,231,-114,70,-27,32,3,298,84,340,96,219,25,218,84,126,203,171,880,169,483,141,176,32,61,0,231,20,130,48,80,71,11,338,-11,26,7,355,101,58,70,88,134,292,273,74,103,34,103,22,241,51,101,264,272,39,72,42,188,300,600,73,240,66,119,97,50,113,14,148,37,35,14,-42,26,-232,114,-245,95,-254,75,-262,54,-262,31,15,23,-141,127,-200,149,-52,31,-2257,434,-171,-35,-267,-3348,-1505,-914,-43,-26,-6,-90]]]
1812621	n	120.8796,36.5839,121.4404,37.0062	[[[1208796,367800,14,-222,40,-219,67,-215,93,-209,117,-201,142,-190,164,-178,184,-165,204,-149,221,-132,163,-79,30,-2,90,56,15,73,-32,203,17,72,100,34,203,-176,174,-1,95,64,383,345,297,177,1565,432,193,6,349,-56,169,-3,164,59,-223,46,-16,145,123,153,188,72,236,-12,57,3,8,47,14,222,-14,222,-40,219,-67,215,-93,209,-117,201,-142,190,-164,178,-184,165,-204,149,-221,132,-236,114,-249,95,-259,75,-267,54,-272,32,-275,11,-275,-11,-272,-32,-267,-54,-259,-75,-249,-95,-236,-114,-214,-128,-1023,-1609,-9,-143]]]
1793900	n	105.3093,30.2839,105.8307,30.7361	[[[1053093,305100,13,-222,37,-219,63,-215,86,-209,109,-201,132,-190,152,-178,172,-165,189,-149,206,-132,219,-114,231,-95,241,-75,248,-54,253,-32,256,-11,206,9,2055,1131,38,55,109,201,86,209,63,215,37,219,13,222,-13,222,-37,219,-63,215,-86,209,-109,201,-132,190,-152,178,-172,165,-189,149,-206,132,-219,114,-231,95,-241,75,-248,54,-253,32,-256,11,-256,-11,-253,-32,-248,-54,-241,-75,-231,-95,-219,-114,-206,-132,-189,-149,-172,-165,-152,-178,-132,-190,-109,-201,-86,-209,-63,-215,-37,-219,-13,-222]]]
8307452	p	11072148
9181182	n	114.7534,35.4839,115.3168,35.9861	[[[1147534,357100,11,-178,387,-985,68,-93,162,-178,182,-165,201,-149,218,-132,233,-114,246,-95,255,-75,263,-54,269,-32,271,-11,271,11,269,32,263,54,255,75,246,95,233,114,218,132,201,149,182,165,162,178,139,190,116,201,92,209,66,215,39,219,6,94,-5413,756,-58,-187,-39,-219,-14,-222]],[[1147640,357729,5,-1,5412,-756,57,187,40,219,14,222,-14,222,-40,219,-66,215,-91,209,-116,201,-140,190,-162,178,-182,165,-201,149,-218,132,-233,114,-246,95,-256,75,-263,54,-269,32,-271,11,-271,-11,-269,-32,-263,-54,-256,-75,-246,-95,-233,-114,-218,-132,-201,-149,-182,-165,-162,-178,-140,-190,-116,-201,-91,-209,-66,-215,-40,-219,-6,-93]]]
2036075	n	119.1013,41.0139,119.9394,41.6261	[[[1191013,412400,15,-222,43,-219,71,-215,99,-209,125,-201,151,-190,174,-178,197,-165,217,-149,236,-132,251,-114,265,-95,276,-75,284,-54,290,-32,293,-11,293,11,290,32,284,54,276,75,265,95,251,114,236,132,217,149,197,165,174,178,151,190,125,201,10,21,-182,190,106,4,291,32,285,54,277,75,265,95,252,114,236,132,218,149,197,165,175,178,151,190,126,201,99,209,71,215,44,219,14,222,-14,222,-44,219,-71,215,-99,209,-126,201,-151,190,-175,178,-197,165,-218,149,-236,132,-252,114,-265,95,-277,75,-285,54,-291,32,-293,11,-293,-11,-291,-32,-285,-54,-277,-75,-265,-95,-252,-114,-236,-132,-218,-149,-197,-165,-175,-178,-151,-190,-126,-201,-8,-16,187,-195,-106,-4,-290,-32,-284,-54,-276,-75,-265,-95,-251,-114,-236,-132,-217,-149,-197,-165,-174,-178,-151,-190,-125,-201,-99,-209,-71,-215,-43,-219,-15,-222]]]
1800519	n	117.6929,32.5539,118.2271,33.0062	[[[1176929,327800,13,-222,38,-219,64,-215,88,-209,112,-201,135,-190,156,-178,176,-165,194,-149,211,-132,225,-114,237,-95,247,-75,254,-54,259,-32,262,-11,262,11,259,32,254,54,247,75,237,95,225,114,211,132,194,149,176,165,156,178,135,190,112,201,88,209,64,215,38,219,13,222,-13,222,-38,219,-64,215,-88,209,-112,201,-135,190,-156,178,-176,165,-194,149,-211,132,-225,114,-237,95,-247,75,-254,54,-259,32,-262,11,-262,-11,-259,-32,-254,-54,-247,-75,-237,-95,-225,-114,-211,-132,-194,-149,-176,-165,-156,-178,-135,-190,-112,-201,-88,-209,-64,-215,-38,-219,-13,-222]]]
13608003	n	121.4002,31.4392,121.9532,32.0361	[[[1214002,318509,54,-57,104,-46,642,-296,147,-45,56,-43,74,-93,95,-95,117,-42,225,-55,227,-82,329,-169,479,-162,205,-88,273,-30,64,-13,2051,302,34,116,-160,254,-271,394,3,378,-272,409,-226,231,-33,248,-233,180,-342,248,-371,213,-95,90,-148,72,-171,22,-259,11,-259,-11,-257,-32,-251,-54,-244,-75,-235,-95,-222,-114,-209,-132,-192,-149,-174,-165,-154,-178,-134,-190,-111,-201,-87,-209,-63,-215,-6,-32]],[[1214805,317666,678,-710,-66,-1421,114,-92,224,-156,392,-71,699,-148,256,-117,200,-103,532,-191,339,-190,341,-75,114,32,45,28,192,149,174,165,154,178,133,190,111,201,87,209,8,27,-342,214,-749,294,-1229,224,-580,221,-221,131,-154,103,-205,160,-154,99,-187,121,-359,146,-342,219,-205,163]],[[1217093,317193,397,-77,683,-207,547,-2,428,157,156,203,-16,53,-95,136,-35,41,-2065,-304]]]
1808770	n	114.0134,35.3439,114.7961,35.9847	[[[1140134,357300,13,-222,40,-219,66,-215,91,-209,116,-201,140,-190,161,-178,183,-165,201,-149,218,-132,233,-114,245,-95,256,-75,263,-54,249,-30,-38,-38,78,-179,116,-201,139,-190,162,-178,182,-165,200,-149,218,-132,232,-114,245,-95,256,-75,262,-54,268,-32,271,-11,271,11,268,32,262,54,256,75,245,95,232,114,218,132,200,149,182,165,162,178,139,190,116,201,91,209,66,215,40,219,13,222,-12,192,-376,958,-77,106,-162,178,-182,165,-200,149,-218,132,-232,114,-245,95,-256,75,-108,22,66,38,10,176,-13,222,-40,219,-66,215,-92,209,-116,201,-61,83,-4138,598,-201,-148,-183,-165,-162,-178,-139,-190,-116,-201,-92,-209,-66,-215,-29,-161,13,-3,-8,-11,-116,-201,-91,-209,-66,-215,-40,-219,-13,-222]]]
1805611	n	111.9379,30.8039,112.4546,31.2561	[[[1119379,310300,13,-222,38,-219,62,-215,87,-209,110,-201,132,-190,153,-178,173,-165,190,-149,207,-132,221,-114,232,-95,242,-75,250,-54,254,-32,257,-11,257,11,254,32,250,54,242,75,232,95,221,114,207,132,190,149,173,165,153,178,132,190,110,201,87,209,38,131,-1333,2528,-210,86,-242,75,-250,54,-254,32,-257,11,-257,-11,-254,-32,-250,-54,-242,-75,-232,-95,-221,-114,-207,-132,-190,-149,-173,-165,-153,-178,-132,-190,-110,-201,-87,-209,-62,-215,-38,-219,-13,-222]]]
2034714	n	124.0214,42.9339,124.6879,43.5361	[[[1240214,433100,15,-222,44,-219,74,-215,102,-209,129,-201,156,-190,122,-121,-129,-30,-6,-93,15,-222,44,-219,74,-215,102,-209,129,-201,155,-190,114,-113,568,-303,864,-460,120,-32,293,-54,299,-32,302,-11,302,11,299,32,293,54,284,75,273,95,259,114,243,132,224,149,203,165,180,178,155,190,129,201,102,209,74,215,44,219,15,222,-15,222,-44,219,-74,215,-102,209,-129,201,-155,190,-121,120,95,22,-166,299,-135,243,-697,1256,-78,52,-243,132,-260,114,-274,95,-285,75,-294,54,-299,32,-303,11,-303,-11,-299,-32,-294,-54,-285,-75,-274,-95,-260,-114,-243,-132,-224,-149,-204,-165,-180,-178,-156,-190,-129,-201,-102,-209,-74,-215,-44,-219,-15,-222]]]
2035513	n	121.7516,41.0986,122.347,41.4161	[[[1217516,411900,14,-222,43,-219,71,-215,99,-209,30,-49,5697,1137,-43,218,-71,215,-99,209,-125,201,-151,190,-174,178,-197,165,-217,149,-235,132,-251,114,-265,95,-276,75,-284,54,-289,32,-293,11,-293,-11,-289,-32,-284,-54,-276,-75,-265,-95,-251,-114,-235,-132,-217,-149,-197,-165,-174,-178,-151,-190,-125,-201,-99,-209,-71,-215,-43,-219,-14,-222]]]
1806096	n	119.6575,36.0078,120.3173,36.5537	[[[1196575,364636,116,-1375,101,-71,625,-873,671,-140,63,-837,1111,-1262,2044,329,100,410,-48,17,-190,42,-166,85,-105,156,-33,183,30,177,9,15,149,250,40,146,-39,121,-150,51,-44,31,20,71,50,70,43,32,110,-9,32,-28,10,-52,49,-78,272,-8,137,33,286,69,323,28,-28,-228,50,-7,26,-19,22,-24,25,-16,458,256,-9,162,130,295,199,104,54,-83,55,-199,-275,2054,-2849,-117,-424,1073,-518,66,-1369,-1196,-1163,296]]]
1793879	n	113.096,31.4639,113.7339,31.9361	[[[1130960,317100,13,-222,38,-219,63,-215,87,-209,111,-201,133,-190,154,-178,174,-165,192,-149,208,-132,223,-114,234,-95,244,-75,251,-54,256,-32,247,-10,447,1719,-444,-1708,99,-40,244,-75,251,-54,256,-32,259,-11,259,11,256,32,251,54,244,75,234,95,222,114,208,132,192,149,174,165,155,178,133,190,110,201,88,209,63,215,38,219,12,222,-12,222,-38,219,-63,215,-88,209,-110,201,-133,190,-155,178,-174,165,-192,149,-208,132,-222,114,-234,95,-244,75,-251,54,-256,32,-247,11,-3,-12,-99,40,-244,75,-251,54,-256,32,-259,11,-259,-11,-256,-32,-251,-54,-244,-75,-234,-95,-223,-114,-208,-132,-192,-149,-174,-165,-154,-178,-133,-190,-111,-201,-87,-209,-63,-215,-38,-219,-13,-222]]]
1814934	n	117.2198,30.4339,117.7411,30.8861	[[[1172198,306755,952,-1907,200,-128,219,-114,232,-95,241,-75,249,-54,253,-32,256,-11,256,11,253,32,249,54,241,75,232,95,219,114,206,132,190,149,172,165,153,178,131,190,110,201,86,209,63,215,37,219,13,222,-13,222,-37,219,-63,215,-42,103,-2033,1470,-167,21,-256,11,-256,-11,-253,-32,-249,-54,-241,-75,-232,-95,-219,-114,-206,-132,-190,-149,-172,-165,-153,-178,-131,-190,-110,-201,-86,-209,-63,-215,-37,-219,-4,-67]]]
1787816	n	102.7407,29.7539,103.2593,30.2061	[[[1027407,299800,13,-222,37,-219,62,-215,86,-209,108,-201,131,-190,152,-178,171,-165,188,-149,205,-132,218,-114,230,-95,239,-75,247,-54,252,-32,254,-11,254,11,252,32,247,54,239,75,230,95,218,114,205,132,188,149,171,165,152,178,131,190,108,201,86,209,62,215,37,219,13,222,-13,222,-37,219,-62,215,-86,209,-108,201,-131,190,-152,178,-171,165,-188,149,-205,132,-218,114,-230,95,-239,75,-247,54,-252,32,-254,11,-254,-11,-252,-32,-247,-54,-239,-75,-230,-95,-218,-114,-205,-132,-188,-149,-171,-165,-152,-178,-131,-190,-108,-201,-86,-209,-62,-215,-37,-219,-13,-222]]]
1796663	n	117.3696,26.0239,117.8704,26.4761	[[[1173696,262500,12,-222,36,-219,60,-215,83,-209,105,-201,126,-190,146,-178,165,-165,182,-149,198,-132,211,-114,222,-95,231,-75,238,-54,244,-32,245,-11,245,11,244,32,238,54,231,75,222,95,211,114,198,132,182,149,165,165,146,178,126,190,105,201,83,209,60,215,36,219,12,222,-12,222,-36,219,-60,215,-83,209,-105,201,-126,190,-146,178,-165,165,-182,149,-198,132,-211,114,-222,95,-231,75,-238,54,-244,32,-245,11,-245,-11,-244,-32,-238,-54,-231,-75,-222,-95,-211,-114,-198,-132,-182,-149,-165,-165,-146,-178,-126,-190,-105,-201,-83,-209,-60,-215,-36,-219,-12,-222]]]
2034786	n	130.8024,46.3239,131.7167,46.9561	[[[1308024,467300,15,-222,6,-28,3,0,-6,-28,-15,-222,15,-222,48,-219,78,-215,108,-209,77,-113,-83,-8,-20,-92,-16,-222,16,-222,47,-219,78,-215,108,-209,137,-201,165,-190,191,-178,215,-165,237,-149,258,-132,275,-114,289,-95,302,-75,311,-54,317,-32,320,-11,320,11,317,32,311,54,302,75,289,95,42,17,-17,94,199,-35,317,-32,320,-11,320,11,317,32,311,54,302,75,290,95,275,114,258,132,237,149,216,165,191,178,165,190,137,201,108,209,78,215,47,219,15,222,-15,222,-47,219,-78,215,-108,209,-137,201,-165,190,-191,178,-216,165,-237,149,-258,132,-275,114,-290,95,-302,75,-311,54,-317,32,-320,11,-54,-2,297,360,-119,137,-191,178,-216,165,-238,149,-259,132,-276,114,-290,95,-303,75,-312,54,-318,32,-321,11,-321,-11,-318,-32,-312,-54,-303,-75,-290,-95,-276,-114,-259,-132,-238,-149,-216,-165,-191,-178,-166,-190,-137,-201,-108,-209,-78,-215,-48,-219,-15,-222]]]
1802204	n	114.2359,37.5339,114.9345,38.0331	[[[1142359,377600,14,-222,41,-219,68,-215,94,-209,119,-201,143,-190,166,-178,187,-165,207,-149,224,-132,239,-114,252,-95,262,-75,271,-54,276,-32,278,-11,278,11,276,32,271,54,262,75,252,95,239,114,224,132,207,149,187,165,166,178,143,190,107,181,-71,53,100,38,240,114,224,132,207,149,187,165,167,178,143,190,120,201,94,209,68,215,41,219,13,222,-13,222,-41,219,-60,188,-2258,902,-470,-98,-1686,-1251,-2038,-204,-84,-112,-119,-201,-94,-209,-68,-215,-41,-219,-14,-222]]]
13512502	n	102.9054,23.1339,103.6246,23.5757	[[[1029054,233600,11,-222,36,-219,58,-215,81,-209,103,-201,123,-190,143,-178,161,-165,178,-149,193,-132,206,-114,217,-95,226,-75,233,-54,237,-32,240,-11,240,11,237,32,233,54,226,75,217,95,120,66,1,-22,90,-39,226,-75,233,-54,237,-32,240,-11,240,11,237,32,233,54,226,75,217,95,206,114,193,132,178,149,161,165,143,178,124,190,102,201,81,209,58,215,36,219,11,222,-11,222,-36,219,-58,215,-81,209,-102,201,-124,190,-143,178,-161,165,-178,149,-193,132,-94,52,-134,-23,-2378,-402,-1543,475,-1,1,-240,74,-205,-68,-217,-95,-206,-114,-193,-132,-178,-149,-161,-165,-143,-178,-123,-190,-103,-201,-81,-209,-58,-215,-36,-219,-11,-222]]]
2033370	n	121.9761,40.4139,122.7922,40.8861	[[[1219761,407758,730,-297,180,-110,416,-356,131,-194,152,50,224,165,113,-151,-27,-330,-304,-295,128,-201,261,-173,484,-81,507,-349,184,-206,79,-207,-150,-136,12,-159,-85,-71,-140,-43,-141,-75,-17,-66,12,-89,-4,-37,84,3,288,32,281,54,274,75,6,2,-3,-30,169,-77,262,-95,274,-75,282,-54,287,-32,290,-11,290,11,287,32,282,54,274,75,262,95,249,114,234,132,215,149,195,165,173,178,149,190,124,201,98,209,71,215,19,100,-3119,2595,-93,-4,-287,-32,-282,-54,-274,-75,-6,-3,3,31,-168,77,-263,95,-274,75,-281,54,-288,32,-290,11,-290,-11,-288,-32,-281,-54,-274,-75,-263,-95,-249,-114,-233,-132,-215,-149,-195,-165,-174,-178,-77,-98]]]
1785018	n	117.4132,24.2239,117.9741,24.7361	[[[1174132,245100,12,-222,35,-219,59,-215,82,-209,103,-201,125,-190,144,-178,163,-165,179,-149,195,-132,208,-114,218,-95,229,-75,234,-54,125,-16,54,95,59,-60,179,-149,194,-132,208,-114,219,-95,228,-75,235,-54,239,-32,242,-11,242,11,239,32,235,54,228,75,219,95,208,114,194,132,76,64,-173,1093,-495,-60,-327,114,-833,643,0,69,244,41,854,-184,-162,155,-187,49,-199,15,-204,54,418,91,442,-107,329,-124,-299,1878,-105,46,-228,75,-235,54,-124,16,-54,-94,-58,59,-179,149,-195,132,-208,114,-218,95,-229,75,-234,54,-240,32,-242,11,-242,-11,-240,-32,-234,-54,-229,-75,-218,-95,-208,-114,-195,-132,-179,-149,-163,-165,-144,-178,-125,-190,-103,-201,-82,-209,-59,-215,-35,-219,-12,-222]]]
1812256	n	109.689,39.601,110.2724,40.0461	[[[1096890,398421,3623,-2411,136,26,270,75,259,95,246,114,231,132,213,149,192,165,171,178,148,190,122,201,97,209,70,215,42,219,14,222,-14,222,-42,219,-70,215,-97,209,-122,201,-148,190,-171,178,-192,165,-213,149,-231,132,-246,114,-259,95,-270,75,-279,54,-283,32,-287,11,-287,-11,-283,-32,-279,-54,-270,-75,-259,-95,-246,-114,-231,-132,-213,-149,-192,-165,-171,-178,-148,-190,-122,-201,-97,-209,-70,-215,-42,-219,0,-1]]]
1529195	n	85.8126,44.0739,86.3539,44.5261	[[[858126,441445,55,-44,228,-149,248,-132,264,-114,278,-95,290,-75,299,-54,304,-32,308,-11,308,11,304,32,299,54,290,75,278,95,264,114,248,132,228,149,207,165,183,178,158,190,132,201,104,209,75,215,45,219,15,222,-15,222,-45,219,-75,215,-104,209,-132,201,-158,190,-183,178,-207,165,-228,149,-248,132,-264,114,-278,95,-290,75,-299,54,-304,32,-308,11,-308,-11,-304,-32,-299,-54,-290,-75,-278,-95,-264,-114,-190,-102,-11,-103,-330,-3230]]]
2033675	n	122.5278,41.7639,123.1322,42.2161	[[[1225278,419900,15,-222,44,-219,72,-215,99,-209,127,-201,153,-190,176,-178,199,-165,220,-149,238,-132,255,-114,268,-95,279,-75,288,-54,293,-32,296,-11,296,11,293,32,288,54,279,75,268,95,255,114,238,132,220,149,199,165,176,178,153,190,127,201,99,209,72,215,44,219,15,222,-15,222,-44,219,-72,215,-99,209,-127,201,-153,190,-176,178,-199,165,-220,149,-238,132,-255,114,-268,95,-279,75,-288,54,-293,32,-296,11,-296,-11,-293,-32,-288,-54,-279,-75,-268,-95,-255,-114,-238,-132,-220,-149,-199,-165,-176,-178,-153,-190,-127,-201,-99,-209,-72,-215,-44,-219,-15,-222]]]
1791544	n	110.5617,19.3634,111.0204,19.7761	[[[1105617,195500,11,-222,35,-219,56,-215,79,-209,100,-201,120,-190,140,-178,23,-25,530,-406,-4,16,-10,166,118,73,43,41,92,187,33,51,79,14,182,-23,80,9,127,58,125,82,69,99,-42,108,0,63,120,38,132,102,107,127,44,108,19,220,49,132,144,235,-88,93,-94,258,-92,121,119,114,201,91,213,7,149,-138,-214,-7,-155,-47,-72,-122,33,-233,80,-157,130,-122,159,-51,178,50,112,108,259,331,522,523,115,48,160,22,158,-13,113,-57,-2,5,-100,201,-120,190,-140,178,-157,165,-173,149,-188,132,-201,114,-211,95,-220,75,-227,54,-231,32,-234,11,-234,-11,-231,-32,-227,-54,-220,-75,-211,-95,-201,-114,-188,-132,-173,-149,-157,-165,-140,-178,-120,-190,-100,-201,-79,-209,-56,-215,-35,-219,-11,-222]]]
1814760	n	101.3021,24.8139,101.7979,25.2662	[[[1013021,250400,12,-222,36,-219,59,-215,82,-209,104,-201,125,-190,145,-178,163,-165,180,-149,196,-132,209,-114,219,-95,229,-75,236,-54,241,-32,243,-11,243,11,241,32,236,54,229,75,219,95,209,114,196,132,180,149,163,165,145,178,125,190,104,201,82,209,59,215,36,219,12,222,-12,222,-36,219,-59,215,-82,209,-104,201,-125,190,-145,178,-163,165,-180,149,-196,132,-209,114,-219,95,-229,75,-236,54,-241,32,-243,11,-243,-11,-241,-32,-236,-54,-229,-75,-219,-95,-209,-114,-196,-132,-180,-149,-163,-165,-145,-178,-125,-190,-104,-201,-82,-209,-59,-215,-36,-219,-12,-222]]]
1807689	n	109.7467,27.3807,110.2533,27.7861	[[[1097467,275600,12,-222,36,-219,61,-215,84,-209,106,-201,128,-190,148,-178,167,-165,184,-149,69,-45,3967,1155,56,197,36,219,12,222,-12,222,-36,219,-61,215,-84,209,-106,201,-128,190,-148,178,-167,165,-184,149,-200,132,-213,114,-225,95,-234,75,-241,54,-246,32,-248,11,-248,-11,-246,-32,-241,-54,-234,-75,-225,-95,-213,-114,-200,-132,-184,-149,-167,-165,-148,-178,-128,-190,-106,-201,-84,-209,-61,-215,-36,-219,-12,-222]]]
1794140	n	117.0886,35.4239,117.5281,35.8761	[[[1170886,358129,805,-3261,693,-601,145,-17,271,-11,271,11,268,32,263,54,99,29,1580,2576,-998,1465,-180,88,-245,95,-256,75,-263,54,-268,32,-271,11,-271,-11,-268,-32,-263,-54,-256,-75,-245,-95,-232,-114,-218,-132,-161,-119]]]
8335361	n	112.8123,40.7639,113.4275,41.2562	[[[1128123,410300,14,-222,43,-219,71,-215,99,-209,124,-201,54,-68,5343,1867,36,13,-57,119,-124,201,-151,190,-174,178,-196,165,-216,149,-235,132,-251,114,-264,95,-275,75,-283,54,-289,32,-292,11,-292,-11,-289,-32,-283,-54,-275,-75,-264,-95,-251,-114,-235,-132,-216,-149,-196,-165,-174,-178,-151,-190,-124,-201,-99,-209,-71,-215,-43,-219,-14,-222]],[[1128495,409155,56,-120,125,-201,150,-190,174,-178,196,-165,217,-149,234,-132,250,-114,264,-95,275,-75,284,-54,288,-32,292,-11,292,11,288,32,284,54,275,75,264,95,250,114,234,132,217,149,196,165,174,178,150,190,125,201,98,209,71,215,43,219,14,222,-14,222,-43,219,-71,215,-98,209,-125,201,-53,67,-5376,-1878]]]
2036581	n	129.9819,46.5739,130.6381,47.0261	[[[1299819,468000,16,-222,47,-219,79,-215,108,-209,138,-201,165,-190,192,-178,216,-165,239,-149,258,-132,276,-114,292,-95,303,-75,312,-54,318,-32,322,-11,322,11,318,32,312,54,303,75,292,95,276,114,258,132,239,149,216,165,192,178,165,190,138,201,108,209,79,215,47,219,16,222,-16,222,-47,219,-79,215,-108,209,-138,201,-165,190,-192,178,-216,165,-239,149,-258,132,-276,114,-292,95,-303,75,-312,54,-318,32,-322,11,-322,-11,-318,-32,-312,-54,-303,-75,-292,-95,-276,-114,-258,-132,-239,-149,-216,-165,-192,-178,-165,-190,-138,-201,-108,-209,-79,-215,-47,-219,-16,-222]]]
1529376	n	85.8489,41.5339,86.4511,41.9861	[[[858489,417600,15,-222,43,-219,72,-215,100,-209,126,-201,152,-190,176,-178,198,-165,219,-149,237,-132,254,-114,267,-95,278,-75,287,-54,292,-32,295,-11,295,11,292,32,287,54,278,75,267,95,254,114,237,132,219,149,198,165,176,178,152,190,126,201,100,209,72,215,43,219,15,222,-15,222,-43,219,-72,215,-100,209,-126,201,-152,190,-176,178,-198,165,-219,149,-237,132,-254,114,-267,95,-278,75,-287,54,-292,32,-295,11,-295,-11,-292,-32,-287,-54,-278,-75,-267,-95,-254,-114,-237,-132,-219,-149,-198,-165,-176,-178,-152,-190,-126,-201,-100,-209,-72,-215,-43,-219,-15,-222]]]
1791779	n	110.1428,18.6346,110.5344,19.0258	[[[1101428,188000,11,-222,34,-219,57,-215,78,-209,100,-201,119,-190,139,-178,156,-165,64,-55,86,76,436,260,302,-54,69,0,194,165,528,112,171,133,63,0,74,-63,0,-74,-422,-42,-233,-50,-102,-76,93,-87,442,104,148,-122,125,78,108,103,42,116,-64,113,258,527,186,207,176,-52,62,0,57,96,87,19,119,-4,153,25,-244,830,-66,133,-97,-59,-3,-134,63,-250,28,-264,-17,-83,-80,-98,-120,79,-158,35,-141,5,-58,-13,-32,46,-61,59,-43,73,31,89,65,61,133,80,44,38,25,77,18,191,25,68,49,24,72,9,62,20,27,53,43,32,91,0,91,21,43,86,-10,71,-43,87,-10,81,28,340,59,209,-40,28,-200,114,-210,95,-218,74,-749,95,-174,-8,-230,-32,-226,-54,-219,-75,-210,-95,-200,-114,-187,-132,-173,-149,-156,-165,-139,-178,-119,-190,-100,-201,-78,-209,-57,-215,-34,-219,-11,-222]]]
1788450	n	112.4434,38.1839,113.0166,38.5788	[[[1124434,384100,14,-222,41,-219,68,-215,95,-209,120,-201,145,-190,168,-178,188,-165,209,-149,226,-132,241,-114,254,-95,265,-75,273,-54,278,-32,281,-11,281,11,278,32,273,54,265,75,254,95,241,114,226,132,209,149,188,165,168,178,145,190,120,201,95,209,68,215,41,219,14,222,-14,222,-41,219,-68,215,-95,209,-120,201,-145,190,-143,153,-32,2,-4109,277,-126,-89,-188,-165,-168,-178,-145,-190,-120,-201,-95,-209,-68,-215,-41,-219,-14,-222]]]
1798821	n	119.5003,36.5129,120.3647,37.1011	[[[1195003,367744,725,-1012,1047,-683,401,161,1931,-674,518,-66,757,944,2889,-1285,267,194,-1113,1945,117,82,1105,1852,-6,32,-2920,-360,-121,101,0,1779,-3494,257,291,-958,-89,-879,-878,-767,-297,-60,-981,-343,-149,-260]]]
1806445	n	114.6478,26.8239,115.2323,27.3461	[[[1146478,270500,13,-222,36,-219,60,-215,83,-209,106,-201,127,-190,148,-178,166,-165,183,-149,199,-132,212,-114,224,-95,233,-75,240,-54,245,-32,247,-11,247,11,245,32,240,54,233,75,224,95,212,114,199,132,183,149,166,165,148,178,109,164,-3613,2885,-57,45,-136,-90,-183,-149,-166,-165,-148,-178,-127,-190,-106,-201,-83,-209,-60,-215,-36,-219,-13,-222]],[[1147593,272293,3671,-2932,137,91,183,149,166,165,148,178,127,190,106,201,84,209,60,215,36,219,12,222,-12,222,-36,219,-60,215,-84,209,-106,201,-127,190,-148,178,-166,165,-183,149,-199,132,-213,114,-223,95,-234,75,-240,54,-245,32,-247,11,-247,-11,-245,-32,-240,-54,-234,-75,-223,-95,-213,-114,-199,-132,-183,-149,-166,-165,-148,-178,-109,-163]]]
1529660	n	79.9412,40.9539,80.5784,41.4961	[[[799412,412700,14,-222,43,-219,72,-215,98,-209,126,-201,151,-190,20,-21,-71,-22,8,-42,72,-215,98,-209,125,-201,151,-190,174,-178,197,-165,217,-149,235,-132,251,-114,265,-95,276,-75,284,-54,290,-32,292,-11,292,11,290,32,284,54,276,75,265,95,251,114,235,132,217,149,197,165,174,178,151,190,125,201,98,209,72,215,42,219,15,222,-15,222,-42,219,-72,215,-98,209,-125,201,-151,190,-20,20,78,24,-8,41,-72,215,-98,209,-126,201,-151,190,-174,178,-197,165,-217,149,-236,132,-251,114,-266,95,-276,75,-284,54,-290,32,-293,11,-293,-11,-290,-32,-284,-54,-276,-75,-266,-95,-251,-114,-236,-132,-217,-149,-197,-165,-174,-178,-151,-190,-126,-201,-98,-209,-72,-215,-43,-219,-14,-222]]]
1793424	n	117.4729,38.8008,118.08,39.4761	[[[1174729,391984,831,-3920,101,-28,147,-28,32,108,1248,1694,-32,34,-12,18,-25,91,276,-109,138,-22,320,-11,-17,178,-78,273,-83,189,-33,125,-27,103,-137,105,-112,99,-83,47,-29,184,222,-50,197,80,545,370,628,423,110,74,456,110,425,40,543,37,174,-8,297,-97,35,185,14,222,-14,222,-42,219,-69,215,-96,209,-121,201,-147,190,-169,178,-191,165,-211,149,-229,132,-244,114,-257,95,-268,75,-276,54,-282,32,-284,11,-284,-11,-282,-32,-276,-54,-268,-75,-257,-95,-244,-114,-229,-132,-211,-149,-191,-165,-169,-178,-147,-190,-121,-201,-96,-209,-69,-215,-42,-219,-14,-222,14,-220,165,-71,-42,-15,-243,-114,-165,-96]]]
1796068	n	109.6595,33.6439,110.2005,34.0961	[[[1096595,338700,13,-222,39,-219,65,-215,89,-209,114,-201,136,-190,158,-178,178,-165,197,-149,213,-132,228,-114,240,-95,250,-75,257,-54,263,-32,265,-11,265,11,263,32,257,54,250,75,240,95,228,114,213,132,197,149,178,165,158,178,136,190,114,201,89,209,65,215,39,219,13,222,-13,222,-39,219,-65,215,-89,209,-114,201,-136,190,-158,178,-178,165,-197,149,-213,132,-228,114,-240,95,-250,75,-257,54,-263,32,-265,11,-265,-11,-263,-32,-257,-54,-250,-75,-240,-95,-228,-114,-213,-132,-197,-149,-178,-165,-158,-178,-136,-190,-114,-201,-89,-209,-65,-215,-39,-219,-13,-222]]]
1806488	n	110.2221,19.0142,110.6766,19.4661	[[[1102221,192400,12,-222,34,-219,57,-215,78,-209,100,-201,120,-190,139,-178,157,-165,173,-149,188,-132,200,-114,211,-95,217,-74,752,-95,174,8,231,32,226,54,79,27,106,139,157,155,40,99,28,353,123,492,-68,0,-132,-477,-74,-151,19,327,-19,83,-87,116,-47,-13,-58,-64,-115,-39,-169,39,-97,93,-78,115,-106,101,0,62,113,-27,64,-67,53,-68,79,-30,343,0,47,17,195,113,73,-60,44,-19,87,215,173,232,153,308,111,338,40,320,47,159,246,74,106,130,-68,138,-120,190,-139,178,-32,33,-226,174,-2,2,-459,352,-210,94,-220,75,-226,54,-231,32,-233,11,-233,-11,-231,-32,-226,-54,-220,-75,-211,-95,-200,-114,-188,-132,-173,-149,-157,-165,-139,-178,-120,-190,-100,-201,-78,-209,-57,-215,-34,-219,-12,-222]]]
1816080	n	116.5638,38.0839,117.1362,38.5361	[[[1165638,383100,0,-9,2759,-2248,103,-4,281,11,277,32,273,54,264,75,254,95,241,114,226,132,208,149,188,165,168,178,144,190,120,201,95,209,68,215,41,219,14,222,-14,222,-41,219,-68,215,-95,209,-120,201,-144,190,-168,178,-188,165,-208,149,-226,132,-241,114,-254,95,-264,75,-273,54,-277,32,-281,11,-281,-11,-277,-32,-273,-54,-264,-75,-254,-95,-241,-114,-226,-132,-208,-149,-188,-165,-168,-178,-144,-190,-120,-201,-95,-209,-68,-215,-41,-219,-14,-222]]]
1786060	n	112.4722,38.5511,113.0478,38.9461	[[[1124722,387200,13,-222,42,-219,69,-215,95,-209,120,-201,146,-190,143,-152,4158,-281,127,90,190,165,168,178,146,190,120,201,95,209,69,215,42,219,13,222,-13,222,-42,219,-69,215,-95,209,-120,201,-146,190,-168,178,-190,165,-209,149,-227,132,-242,114,-255,95,-266,75,-274,54,-280,32,-282,11,-282,-11,-280,-32,-274,-54,-266,-75,-255,-95,-242,-114,-227,-132,-209,-149,-190,-165,-168,-178,-146,-190,-120,-201,-95,-209,-69,-215,-42,-219,-13,-222]]]
1816705	n	108.7112,21.4015,109.4283,21.8561	[[[1087112,216501,164,-53,37,-153,22,-168,119,-97,-69,130,74,43,169,3,99,28,54,53,40,68,53,59,91,25,189,-60,186,-99,159,-20,115,179,-96,21,-94,4,-213,-25,175,241,-43,177,-176,140,-236,131,0,63,68,0,0,67,-203,0,34,16,34,5,34,13,33,41,-62,69,59,-18,24,-4,14,-10,33,-37,6,115,-19,35,-55,55,128,47,62,-61,20,-113,1,-115,25,-132,54,-14,68,50,58,58,88,192,-10,231,-99,157,-184,-26,17,78,4,44,11,32,37,44,-183,56,-130,-77,-106,-90,-160,-165,-141,-178,-122,-190,-101,-201,-80,-209,-27,-102,156,-141,68,0,17,87,22,41,92,76,0,-416,-62,0,-51,100,-71,23,-220,-48,0,-75]],[[1088176,218156,232,-40,206,37,-62,-71,-45,-77,-8,-88,53,-105,30,61,113,137,62,0,-87,-268,-56,-74,0,-68,81,-62,62,0,49,74,57,60,75,44,93,27,-56,-143,68,28,125,16,73,24,-17,-39,-58,-91,-306,-34,-103,-40,-57,-41,-26,-9,-19,-17,-41,-64,29,-14,52,-265,-30,-52,-61,-23,-52,-36,0,-93,21,-16,122,-121,60,-11,161,25,59,-14,42,-61,48,-144,142,-288,73,-69,166,-59,144,-26,112,-2,222,28,214,62,346,215,183,70,0,-74,-120,-144,-49,-80,-34,-111,103,86,34,44,66,0,30,-138,79,-52,54,14,44,12,74,96,63,0,61,-112,89,-74,83,4,45,120,69,0,35,-275,2269,-793,47,39,159,165,141,178,122,190,101,201,51,132,-3512,2677,-113,-64,-191,-132,-37,-32,-13,76,-216,72,-230,54,-234,32,-237,11,-237,-11,-234,-32,-230,-54,-224,-75,-36,-16,-363,-217]],[[1090398,214503,103,-131,273,-56,190,-64,423,-236,176,22,-74,62,-43,80,-3,96,51,109,77,-150,149,-60,426,-1,51,317,74,231,117,135,-16,-270,16,-271,62,0,27,47,26,20,35,20,48,44,190,-77,213,63,166,158,53,210,144,-219,86,-47,57,-1,7,44,11,222,-11,218,-2109,737,28,-220,5,-433,-98,-143,-229,-63,-274,-36,-224,-59,-164,-138,-39,-160]]]
1808392	n	115.288,37.3362,115.964,37.9661	[[[1152880,375707,110,-69,1445,-908,2175,-1368,174,49,251,95,239,114,223,132,206,149,187,165,165,178,143,190,119,201,94,209,67,215,41,219,14,222,-2,27,-84,34,155,91,206,149,187,165,166,178,144,190,119,201,94,209,67,215,41,219,14,222,-14,222,-41,219,-67,215,-94,209,-119,201,-144,190,-166,178,-187,165,-206,149,-224,132,-239,114,-252,95,-263,75,-270,54,-276,32,-278,11,-278,-11,-276,-32,-270,-54,-263,-75,-252,-95,-239,-114,-224,-132,-46,-34,-989,-1673,-3,-41,2,-24,93,-38,-152,-90,-206,-149,-187,-165,-165,-178,-143,-190,-119,-201,-94,-209,-67,-215,-41,-219,-1,-15]]]
12446699	n	124.3425,52.1039,125.0775,52.5561	[[[1243425,523300,18,-222,53,-219,87,-215,122,-209,154,-201,185,-190,215,-178,242,-165,268,-149,289,-132,310,-114,326,-95,339,-75,350,-54,357,-32,360,-11,360,11,357,32,350,54,339,75,326,95,310,114,289,132,268,149,242,165,215,178,185,190,154,201,122,209,87,215,53,219,18,222,-18,222,-53,219,-87,215,-122,209,-154,201,-185,190,-215,178,-242,165,-268,149,-289,132,-310,114,-326,95,-339,75,-350,54,-357,32,-360,11,-360,-11,-357,-32,-350,-54,-339,-75,-326,-95,-310,-114,-289,-132,-268,-149,-242,-165,-215,-178,-185,-190,-154,-201,-122,-209,-87,-215,-53,-219,-18,-222]]]
1806466	n	105.5539,32.2139,106.0861,32.6661	[[[1055539,324400,13,-222,38,-219,64,-215,88,-209,111,-201,134,-190,156,-178,175,-165,194,-149,210,-132,224,-114,236,-95,246,-75,253,-54,258,-32,261,-11,261,11,258,32,253,54,246,75,236,95,224,114,210,132,194,149,175,165,156,178,134,190,111,201,88,209,64,215,38,219,13,222,-13,222,-38,219,-64,215,-88,209,-111,201,-134,190,-156,178,-175,165,-194,149,-210,132,-224,114,-236,95,-246,75,-253,54,-258,32,-261,11,-261,-11,-258,-32,-253,-54,-246,-75,-236,-95,-224,-114,-210,-132,-194,-149,-175,-165,-156,-178,-134,-190,-111,-201,-88,-209,-64,-215,-38,-219,-13,-222]]]
1790396	n	114.0641,29.6139,114.5789,30.0661	[[[1140641,298722,363,-931,395,-1013,159,-126,204,-132,218,-114,229,-95,239,-75,247,-54,251,-32,254,-11,254,11,251,32,247,54,239,75,229,95,218,114,204,132,189,149,170,165,152,178,130,190,109,201,86,209,61,215,38,219,12,222,-12,222,-38,219,-61,215,-86,209,-109,201,-130,190,-152,178,-170,165,-189,149,-204,132,-218,114,-229,95,-239,75,-247,54,-251,32,-254,11,-254,-11,-251,-32,-247,-54,-239,-75,-229,-95,-218,-114,-204,-132,-189,-149,-170,-165,-152,-178,-130,-190,-109,-201,-86,-209,-61,-215,-20,-119]]]
2034414	n	125.6291,41.4938,126.3148,42.0062	[[[1256291,417200,15,-222,43,-219,72,-215,99,-209,126,-201,152,-190,176,-178,198,-165,219,-149,237,-132,254,-114,267,-95,278,-75,286,-54,292,-32,295,-11,295,11,292,32,286,54,278,75,267,95,254,114,237,132,219,149,1,2,-71,83,94,25,268,95,253,114,238,132,219,149,198,165,176,178,152,190,126,201,66,136,-1644,2800,-52,18,-278,75,-286,54,-293,32,-295,11,-295,-11,-293,-32,-286,-54,-278,-75,-268,-95,-253,-114,-238,-132,-219,-149,0,-1,72,-84,-93,-25,-267,-95,-254,-114,-237,-132,-219,-149,-198,-165,-176,-178,-152,-190,-126,-201,-99,-209,-72,-215,-43,-219,-15,-222]]]
12492662	n	103.9571,31.1409,104.398,31.5661	[[[1039571,313400,12,-222,38,-219,63,-215,87,-209,110,-201,133,-190,90,-105,1128,-630,2246,1196,502,2455,-112,88,-207,132,-221,114,-234,95,-243,75,-250,54,-255,32,-258,11,-258,-11,-255,-32,-250,-54,-243,-75,-234,-95,-221,-114,-207,-132,-191,-149,-174,-165,-153,-178,-133,-190,-110,-201,-87,-209,-63,-215,-38,-219,-12,-222]]]
1909733	n	106.3166,29.1553,106.7977,29.4968	[[[1063166,293828,872,-1928,744,-347,855,380,1679,359,76,74,151,178,130,190,108,201,85,209,62,215,37,219,12,222,-12,222,-37,219,-62,215,-25,62,-1954,152,-1814,298,-65,-161,-842,-979]]]
1785036	n	100.1613,38.7039,100.7387,39.1561	[[[1001613,389300,14,-222,42,-219,68,-215,96,-209,121,-201,146,-190,168,-178,191,-165,210,-149,227,-132,243,-114,256,-95,267,-75,275,-54,280,-32,283,-11,283,11,280,32,275,54,267,75,256,95,243,114,227,132,210,149,191,165,168,178,146,190,121,201,96,209,68,215,42,219,14,222,-14,222,-42,219,-68,215,-96,209,-121,201,-146,190,-168,178,-191,165,-210,149,-227,132,-243,114,-256,95,-267,75,-275,54,-280,32,-283,11,-283,-11,-280,-32,-275,-54,-267,-75,-256,-95,-243,-114,-227,-132,-210,-149,-191,-165,-168,-178,-146,-190,-121,-201,-96,-209,-68,-215,-42,-219,-14,-222]]]
1280849	n	75.6991,39.2438,76.2809,39.6871	[[[756991,394700,14,-222,42,-219,69,-215,96,-209,122,-201,147,-190,170,-178,192,-165,211,-149,230,-132,245,-114,258,-95,269,-75,276,-54,283,-32,285,-11,285,11,283,32,276,54,269,75,258,95,245,114,230,132,211,149,192,165,170,178,147,190,122,201,96,209,69,215,42,219,14,222,-7,120,-195,108,-1,0,-3277,1813,-235,130,-38,-7,-269,-75,-258,-95,-245,-114,-230,-132,-211,-149,-192,-165,-170,-178,-147,-190,-122,-201,-96,-209,-69,-215,-42,-219,-14,-222]]]
1784130	n	114.2498,33.4039,114.8997,34.0062	[[[1142498,337800,13,-222,39,-219,64,-215,90,-209,113,-201,136,-190,158,-178,178,-165,197,-149,143,-89,7,4,19,-108,64,-215,89,-209,113,-201,136,-190,158,-178,178,-165,196,-149,213,-132,227,-114,239,-95,249,-75,257,-54,262,-32,264,-11,264,11,262,32,257,54,249,75,239,95,27,13,403,563,995,1391,1,27,-13,222,-39,219,-64,215,-89,209,-113,201,-136,190,-158,178,-178,165,-196,149,-142,88,-19,105,-64,215,-90,209,-113,201,-136,190,-158,178,-178,165,-197,149,-213,132,-227,114,-240,95,-250,75,-257,54,-262,32,-265,11,-265,-11,-262,-32,-257,-54,-250,-75,-240,-95,-227,-114,-213,-132,-197,-149,-178,-165,-158,-178,-136,-190,-113,-201,-90,-209,-64,-215,-39,-219,-13,-222]]]
1798760	n	106.414,35.3138,106.966,35.7661	[[[1064140,355400,13,-222,40,-219,66,-215,91,-209,116,-201,139,-190,162,-178,181,-165,201,-149,218,-132,232,-114,245,-95,255,-75,263,-54,267,-32,271,-11,271,11,267,32,263,54,255,75,245,95,232,114,218,132,201,149,181,165,162,178,139,190,116,201,91,209,66,215,40,219,13,222,-13,222,-40,219,-66,215,-91,209,-116,201,-139,190,-162,178,-181,165,-201,149,-218,132,-232,114,-245,95,-255,75,-263,54,-267,32,-271,11,-271,-11,-267,-32,-263,-54,-255,-75,-245,-95,-232,-114,-218,-132,-201,-149,-181,-165,-162,-178,-139,-190,-116,-201,-91,-209,-66,-215,-40,-219,-13,-222]]]
1783988	p	7602670
1802238	n	111.7962,27.5811,112.2437,27.9561	[[[1117962,278758,494,-2843,2147,-104,1697,763,28,70,60,215,37,219,12,222,-12,222,-37,219,-60,215,-84,209,-106,201,-128,190,-149,178,-167,165,-184,149,-200,132,-214,114,-225,95,-234,75,-242,54,-246,32,-249,11,-249,-11,-246,-32,-242,-54,-234,-75,-225,-95,-214,-114,-200,-132,-184,-149,-144,-141]]]
1808747	n	113.8305,36.1999,114.474,36.7562	[[[1138305,365300,14,-222,40,-219,67,-215,92,-209,117,-201,141,-190,164,-178,74,-66,-29,-13,44,-143,92,-209,117,-201,141,-190,163,-178,184,-165,203,-149,220,-132,235,-114,248,-95,215,-62,-2,-5,87,-33,258,-75,182,-37,3150,1238,56,98,93,209,66,215,3,15,-1709,1823,-494,1639,-120,58,-247,95,-259,75,-266,54,-271,32,-274,11,-274,-11,-271,-32,-266,-54,-259,-75,-247,-95,-236,-114,-220,-132,-203,-149,-184,-165,-164,-178,-141,-190,-117,-201,-92,-209,-67,-215,-40,-219,-14,-222]]]
1795928	n	115.1076,22.6681,115.5893,23.0061	[[[1151076,228014,41,8,212,93,177,-19,77,-172,220,-76,-59,221,-15,143,231,107,213,30,142,-48,141,53,104,124,162,260,200,215,116,77,133,15,-65,-220,-12,-131,43,-58,111,-40,-46,-91,-172,-119,-444,-181,-258,-152,6,-171,177,-2,380,36,415,-31,334,-249,108,97,114,96,250,54,112,-165,17,-98,-143,-41,-122,-91,-87,-19,-305,18,-77,-18,-122,-138,97,-157,131,-133,122,-99,208,-45,270,5,170,104,265,4,264,-134,309,-111,141,-84,253,2,33,51,31,60,-37,55,-17,207,184,177,78,118,2,8,4,28,-31,64,-189,22,-15,-102,-102,-227,-317,274,31,252,120,219,104,112,-407,486,-31,6,-270,-18,-106,18,0,75,262,40,4,47,-375,447,-17,-5,-93,-97,-91,-22,-97,28,-88,71,-125,173,178,-62,64,-6,81,22,35,80,-638,760,-41,6,-239,11,-239,-11,-236,-32,-232,-54,-225,-75,-216,-95,-205,-114,-192,-132,-177,-149,-161,-165,-142,-178,-123,-190,-102,-201,-81,-209,-58,-215,-35,-219,0,-8]]]
9931406	n	100.9736,24.0539,101.4664,24.5061	[[[1009736,242800,12,-222,36,-219,58,-215,82,-209,103,-201,125,-190,144,-178,162,-165,179,-149,194,-132,208,-114,218,-95,228,-75,234,-54,240,-32,241,-11,241,11,240,32,234,54,228,75,218,95,208,114,194,132,179,149,162,165,144,178,125,190,103,201,82,209,58,215,36,219,12,222,-12,222,-36,219,-58,215,-82,209,-103,201,-125,190,-144,178,-162,165,-179,149,-194,132,-208,114,-218,95,-228,75,-234,54,-240,32,-241,11,-241,-11,-240,-32,-234,-54,-228,-75,-218,-95,-208,-114,-194,-132,-179,-149,-162,-165,-144,-178,-125,-190,-103,-201,-82,-209,-58,-215,-36,-219,-12,-222]]]
2037643	p	2038432
1789647	n	102.0059,27.6739,102.5141,28.1261	[[[1020059,279000,12,-222,37,-219,60,-215,84,-209,107,-201,128,-190,149,-178,167,-165,185,-149,200,-132,214,-114,226,-95,234,-75,242,-54,247,-32,249,-11,249,11,247,32,242,54,234,75,226,95,214,114,200,132,185,149,167,165,149,178,128,190,107,201,84,209,60,215,37,219,12,222,-12,222,-37,219,-60,215,-84,209,-107,201,-128,190,-149,178,-167,165,-185,149,-200,132,-214,114,-226,95,-234,75,-242,54,-247,32,-249,11,-249,-11,-247,-32,-242,-54,-234,-75,-226,-95,-214,-114,-200,-132,-185,-149,-167,-165,-149,-178,-128,-190,-107,-201,-84,-209,-60,-215,-37,-219,-12,-222]]]
1785462	n	112.4848,31.9039,113.0152,32.3561	[[[1124848,321300,13,-222,38,-219,63,-215,88,-209,111,-201,134,-190,155,-178,175,-165,193,-149,209,-132,223,-114,235,-95,245,-75,253,-54,257,-32,260,-11,260,11,257,32,253,54,245,75,235,95,223,114,209,132,193,149,175,165,155,178,134,190,111,201,88,209,63,215,38,219,13,222,-13,222,-38,219,-63,215,-88,209,-111,201,-134,190,-155,178,-175,165,-193,149,-209,132,-223,114,-235,95,-245,75,-253,54,-257,32,-260,11,-260,-11,-257,-32,-253,-54,-245,-75,-235,-95,-223,-114,-209,-132,-193,-149,-175,-165,-155,-178,-134,-190,-111,-201,-88,-209,-63,-215,-38,-219,-13,-222]]]
13527052	p	1280737
1805741	n	112.5541,35.319,113.1059,35.7261	[[[1125541,355000,14,-222,39,-219,66,-215,91,-209,116,-201,139,-190,162,-178,181,-165,201,-149,103,-62,3425,210,802,884,63,69,63,206,39,219,14,222,-14,222,-39,219,-66,215,-91,209,-116,201,-139,190,-162,178,-181,165,-201,149,-217,132,-233,114,-244,95,-255,75,-263,54,-268,32,-270,11,-270,-11,-268,-32,-263,-54,-255,-75,-244,-95,-233,-114,-217,-132,-201,-149,-181,-165,-162,-178,-139,-190,-116,-201,-91,-209,-66,-215,-39,-219,-14,-222]]]
1808106	n	109.7477,26.8839,110.3528,27.4993	[[[1097477,271100,12,-222,37,-219,60,-215,83,-209,106,-201,127,-190,148,-178,166,-165,183,-149,199,-132,213,-114,224,-95,233,-75,240,-54,245,-32,247,-11,247,11,245,32,240,54,233,75,224,95,213,114,199,132,183,149,166,165,148,178,127,190,106,201,83,209,60,215,37,219,12,222,-12,222,-28,168,-3971,1321,-111,38,-2,-1,-183,-149,-166,-165,-148,-178,-127,-190,-106,-201,-83,-209,-60,-215,-37,-219,-12,-222]],[[1098472,273200,12,-222,28,-167,4089,-1360,3,1,183,149,167,165,148,178,127,190,106,201,84,209,60,215,37,219,12,222,-12,222,-37,219,-60,215,-84,209,-106,201,-127,190,-148,178,-167,165,-183,149,-68,45,-3959,-1153,-56,-199,-37,-219,-12,-222]]]
1787765	n	109.2103,36.3739,109.7697,36.8261	[[[1092103,366000,13,-222,40,-219,67,-215,93,-209,117,-201,141,-190,164,-178,184,-165,203,-149,221,-132,235,-114,248,-95,259,-75,266,-54,272,-32,274,-11,274,11,272,32,266,54,259,75,248,95,235,114,221,132,203,149,184,165,164,178,141,190,117,201,93,209,67,215,40,219,13,222,-13,222,-40,219,-67,215,-93,209,-117,201,-141,190,-164,178,-184,165,-203,149,-221,132,-235,114,-248,95,-259,75,-266,54,-272,32,-274,11,-274,-11,-272,-32,-266,-54,-259,-75,-248,-95,-235,-114,-221,-132,-203,-149,-184,-165,-164,-178,-141,-190,-117,-201,-93,-209,-67,-215,-40,-219,-13,-222]]]
1794794	p	1791681
1805680	n	116.9525,29.0739,117.4675,29.5261	[[[1169525,293000,12,-222,37,-219,62,-215,85,-209,108,-201,130,-190,150,-178,170,-165,187,-149,203,-132,217,-114,229,-95,237,-75,246,-54,250,-32,252,-11,252,11,250,32,246,54,237,75,229,95,217,114,203,132,187,149,170,165,150,178,130,190,108,201,85,209,62,215,37,219,12,222,-12,222,-37,219,-62,215,-85,209,-108,201,-130,190,-150,178,-170,165,-187,149,-203,132,-217,114,-229,95,-237,75,-246,54,-250,32,-252,11,-252,-11,-250,-32,-246,-54,-237,-75,-229,-95,-217,-114,-203,-132,-187,-149,-170,-165,-150,-178,-130,-190,-108,-201,-85,-209,-62,-215,-37,-219,-12,-222]]]
1799846	n	117.9187,26.4139,118.4213,26.8652	[[[1179187,266400,13,-222,36,-219,60,-215,83,-209,105,-201,127,-190,147,-178,165,-165,183,-149,198,-132,212,-114,223,-95,232,-75,239,-54,244,-32,246,-11,246,11,244,32,239,54,232,75,223,95,212,114,198,132,183,149,165,165,147,178,127,190,105,201,83,209,60,215,36,219,13,222,-13,222,-36,219,-60,215,-83,209,-105,201,-127,190,-147,178,-165,165,-183,149,-77,50,-1543,405,-2,1,-183,48,-35,-2,-244,-32,-239,-54,-232,-75,-223,-95,-212,-114,-198,-132,-183,-149,-165,-165,-147,-178,-127,-190,-105,-201,-83,-209,-60,-215,-36,-219,-13,-222]]]
2036109	n	124.8561,42.6539,125.4425,43.1061	[[[1248561,429649,1346,-2822,48,-21,272,-95,283,-75,292,-54,298,-32,300,-11,300,11,298,32,292,54,253,67,1882,2442,-19,96,-73,215,-102,209,-128,201,-155,190,-179,178,-202,165,-223,149,-241,132,-258,114,-272,95,-283,75,-292,54,-298,32,-300,11,-300,-11,-298,-32,-292,-54,-283,-75,-272,-95,-258,-114,-241,-132,-223,-149,-202,-165,-179,-178,-155,-190,-128,-201,-8,-16]]]
1786112	n	114.4347,23.5039,114.9253,23.9561	[[[1144347,237300,12,-222,35,-219,58,-215,82,-209,102,-201,124,-190,144,-178,161,-165,179,-149,193,-132,207,-114,217,-95,227,-75,233,-54,239,-32,240,-11,240,11,239,32,233,54,227,75,217,95,207,114,193,132,179,149,161,165,144,178,124,190,102,201,82,209,58,215,35,219,12,222,-12,222,-35,219,-58,215,-82,209,-102,201,-124,190,-144,178,-161,165,-179,149,-193,132,-207,114,-217,95,-227,75,-233,54,-239,32,-240,11,-240,-11,-239,-32,-233,-54,-227,-75,-217,-95,-207,-114,-193,-132,-179,-149,-161,-165,-144,-178,-124,-190,-102,-201,-82,-209,-58,-215,-35,-219,-12,-222]]]
1792359	n	117.9117,29.3739,118.689,30.0961	[[[1179117,296000,13,-222,37,-219,61,-215,86,-209,108,-201,130,-190,151,-178,171,-165,187,-149,204,-132,217,-114,230,-95,238,-75,246,-54,251,-32,253,-11,253,11,251,32,246,54,238,75,230,95,217,114,204,132,187,149,171,165,151,178,130,190,77,144,62,-55,202,83,218,114,203,132,188,149,171,165,151,178,130,190,109,201,85,209,62,215,35,208,78,-41,194,126,188,149,171,165,151,178,131,190,109,201,85,209,62,215,37,219,13,222,-13,222,-37,219,-62,215,-85,209,-109,201,-131,190,-151,178,-171,165,-188,149,-204,132,-218,114,-230,95,-239,75,-247,54,-251,32,-254,11,-254,-11,-251,-32,-247,-54,-239,-75,-230,-95,-218,-114,-204,-132,-188,-149,-171,-165,-151,-178,-131,-190,-109,-201,-85,-209,-62,-215,-35,-206,-72,38,-193,-125,-188,-149,-171,-165,-151,-178,-130,-190,-77,-142,-60,53,-201,-83,-217,-114,-204,-132,-187,-149,-171,-165,-151,-178,-130,-190,-108,-201,-86,-209,-61,-215,-37,-219,-13,-222]]]
2034439	n	123.5364,42.0696,124.1436,42.5096	[[[1235364,422900,15,-222,43,-219,73,-215,100,-209,128,-201,36,-46,1398,-948,81,-29,281,-75,215,-40,2584,452,8,4,221,149,200,165,177,178,153,190,128,201,100,209,73,215,43,219,15,222,-1,15,-2365,1377,-1381,804,-170,-32,-281,-75,-269,-95,-256,-114,-239,-132,-221,-149,-200,-165,-177,-178,-153,-190,-128,-201,-100,-209,-73,-215,-43,-219,-15,-222]]]
1792260	n	121.6794,39.1741,122.3015,39.8461	[[[1216794,394000,14,-222,16,-83,354,20,-100,242,376,22,853,-128,182,23,321,98,177,22,140,59,97,99,88,20,118,-178,-279,-40,-496,-248,-280,-59,-462,66,-115,2,-147,-61,-116,-102,-222,-247,70,-109,-18,-64,2389,-1391,231,9,282,32,277,54,268,75,258,95,245,114,229,132,211,149,192,165,169,178,147,190,122,201,96,209,69,215,42,219,14,222,-14,222,-42,219,-69,215,-56,123,-52,7,151,158,147,190,123,201,96,209,69,215,42,219,14,222,-14,222,-42,219,-69,215,-96,209,-123,201,-147,190,-170,178,-192,165,-212,149,-230,132,-246,114,-258,95,-270,75,-277,54,-283,32,-286,11,-286,-11,-283,-32,-277,-54,-270,-75,-258,-95,-246,-114,-230,-132,-212,-149,-192,-165,-170,-178,-147,-190,-123,-201,-96,-209,-69,-215,-42,-219,-14,-222,14,-222,42,-219,69,-215,56,-122,67,-9,-149,-157,-147,-190,-122,-201,-96,-209,-69,-215,-42,-219,-14,-222]]]
1784818	n	110.1663,34.6439,110.7137,35.0961	[[[1101663,348700,13,-222,39,-219,66,-215,90,-209,115,-201,25,-35,1032,-860,67,-33,243,-95,252,-75,261,-54,266,-32,268,-11,268,11,266,32,261,54,252,75,243,95,231,114,215,132,200,149,180,165,160,178,138,190,115,201,90,209,66,215,39,219,13,222,-13,222,-39,219,-66,215,-90,209,-115,201,-138,190,-160,178,-180,165,-200,149,-215,132,-231,114,-243,95,-252,75,-261,54,-266,32,-268,11,-268,-11,-266,-32,-261,-54,-252,-75,-243,-95,-231,-114,-215,-132,-200,-149,-180,-165,-160,-178,-138,-190,-115,-201,-90,-209,-66,-215,-39,-219,-13,-222]]]
1803245	n	119.6546,28.2339,120.1654,28.6854	[[[1196546,284600,12,-222,37,-219,61,-215,84,-209,107,-201,129,-190,149,-178,169,-165,185,-149,202,-132,215,-114,226,-95,236,-75,244,-54,248,-32,250,-11,250,11,248,32,244,54,236,75,226,95,215,114,202,132,185,149,169,165,149,178,129,190,107,201,84,209,61,215,37,219,12,222,-12,222,-37,219,-61,215,-84,209,-107,201,-129,190,-149,178,-169,165,-185,149,-202,132,-170,90,-1306,261,-2,1,-111,22,-80,-4,-248,-32,-244,-54,-236,-75,-226,-95,-215,-114,-202,-132,-185,-149,-169,-165,-149,-178,-129,-190,-107,-201,-84,-209,-61,-215,-37,-219,-12,-222]]]
8505006	n	104.0054,23.1351,104.5247,23.5961	[[[1040054,233600,11,-222,36,-219,58,-215,81,-209,103,-201,123,-190,143,-178,161,-165,178,-149,193,-132,206,-114,217,-95,226,-75,233,-54,228,-31,1256,502,1152,380,32,33,143,178,124,190,102,201,81,209,58,215,36,219,11,222,-11,222,-36,219,-58,215,-81,209,-102,201,-124,190,-143,178,-161,165,-178,149,-193,132,-206,114,-217,95,-226,75,-233,54,-237,32,-240,11,-240,-11,-237,-32,-233,-54,-226,-75,-194,-85,-8,17,-98,-32,-217,-95,-206,-114,-193,-132,-178,-149,-161,-165,-143,-178,-123,-190,-103,-201,-81,-209,-58,-215,-36,-219,-11,-222]]]
1816858	n	108.6152,18.8739,108.9077,19.3261	[[[1086152,191016,274,-831,0,-357,34,-53,44,-39,32,-93,27,-203,-25,-230,-66,-178,-138,-263,133,-19,233,-11,233,11,231,32,226,54,219,75,211,95,200,114,188,132,173,149,156,165,139,178,120,190,100,201,78,209,57,215,34,219,12,222,-12,222,-34,219,-57,215,-78,209,-100,201,-120,190,-139,178,-156,165,-173,149,-188,132,-200,114,-211,95,-219,75,-226,54,-231,32,-226,11,-39,-9,-37,-47,15,-62,-20,-46,-129,15,-49,-8,25,-69,21,-39,-83,-47,-94,-86,-47,-113,110,-260,-73,-110,-89,-99,3,-104,122,-51,158,2,138,-32,60,-155,20,-211,41,-108,74,-60,0,-61,-44,19,-159,42,-62,-164,-126,-156,-152,-133,-139,-93]]]
1813171	n	110.2229,28.9039,110.7976,29.5761	[[[1102229,291300,12,-222,37,-219,62,-215,85,-209,108,-201,129,-190,151,-178,169,-165,187,-149,203,-132,216,-114,228,-95,238,-75,244,-54,250,-32,252,-11,252,11,250,32,244,54,238,75,228,95,216,114,203,132,187,149,169,165,151,178,129,190,108,201,85,209,62,215,37,219,12,222,-12,222,-37,219,-62,215,-14,35,-4298,819,-48,9,-87,-85,-151,-178,-129,-190,-108,-201,-85,-209,-62,-215,-37,-219,-12,-222]],[[1102824,293500,12,-222,37,-219,61,-215,14,-34,4355,-830,89,86,150,178,130,190,108,201,86,209,61,215,37,219,12,222,-12,222,-37,219,-61,215,-86,209,-108,201,-130,190,-150,178,-170,165,-187,149,-204,132,-216,114,-229,95,-238,75,-245,54,-250,32,-253,11,-253,-11,-250,-32,-245,-54,-238,-75,-229,-95,-216,-114,-204,-132,-187,-149,-170,-165,-150,-178,-130,-190,-108,-201,-86,-209,-61,-215,-37,-219,-12,-222]]]
1786546	n	112.3252,30.9439,112.8425,31.3961	[[[1123252,312230,1336,-2534,208,-85,242,-75,250,-54,255,-32,257,-11,257,11,255,32,250,54,242,75,233,95,221,114,207,132,191,149,173,165,153,178,133,190,110,201,87,209,62,215,38,219,13,222,-13,222,-38,219,-62,215,-87,209,-110,201,-133,190,-153,178,-173,165,-191,149,-207,132,-221,114,-233,95,-242,75,-250,54,-255,32,-257,11,-257,-11,-255,-32,-250,-54,-242,-75,-233,-95,-221,-114,-207,-132,-191,-149,-173,-165,-153,-178,-133,-190,-110,-201,-87,-209,-36,-126]]]
2038365	n	126.2626,48.0439,126.9374,48.4961	[[[1262626,482700,16,-222,49,-219,80,-215,112,-209,141,-201,171,-190,197,-178,222,-165,246,-149,266,-132,284,-114,299,-95,312,-75,321,-54,327,-32,331,-11,331,11,327,32,321,54,312,75,299,95,284,114,266,132,246,149,222,165,197,178,171,190,141,201,112,209,80,215,49,219,16,222,-16,222,-49,219,-80,215,-112,209,-141,201,-171,190,-197,178,-222,165,-246,149,-266,132,-284,114,-299,95,-312,75,-321,54,-327,32,-331,11,-331,-11,-327,-32,-321,-54,-312,-75,-299,-95,-284,-114,-266,-132,-246,-149,-222,-165,-197,-178,-171,-190,-141,-201,-112,-209,-80,-215,-49,-219,-16,-222]]]
1801582	n	114.7575,30.9555,115.2825,31.4061	[[[1147575,311800,13,-222,37,-219,63,-215,87,-209,21,-38,1388,-688,1210,-600,1,-1,106,-53,211,27,250,54,243,75,232,95,221,114,207,132,191,149,173,165,154,178,132,190,110,201,87,209,63,215,37,219,13,222,-13,222,-37,219,-63,215,-87,209,-110,201,-132,190,-154,178,-173,165,-191,149,-207,132,-221,114,-232,95,-243,75,-250,54,-255,32,-257,11,-257,-11,-255,-32,-250,-54,-243,-75,-232,-95,-221,-114,-207,-132,-191,-149,-173,-165,-154,-178,-132,-190,-110,-201,-87,-209,-63,-215,-37,-219,-13,-222]]]
1794328	n	112.1297,39.0939,112.7103,39.5461	[[[1121297,393200,14,-222,42,-219,69,-215,96,-209,122,-201,146,-190,170,-178,191,-165,211,-149,229,-132,245,-114,257,-95,268,-75,277,-54,281,-32,285,-11,285,11,281,32,277,54,268,75,257,95,245,114,229,132,211,149,191,165,170,178,146,190,122,201,96,209,69,215,42,219,14,222,-14,222,-42,219,-69,215,-96,209,-122,201,-146,190,-170,178,-191,165,-211,149,-229,132,-245,114,-257,95,-268,75,-277,54,-281,32,-285,11,-285,-11,-281,-32,-277,-54,-268,-75,-257,-95,-245,-114,-229,-132,-211,-149,-191,-165,-170,-178,-146,-190,-122,-201,-96,-209,-69,-215,-42,-219,-14,-222]]]
1806097	n	119.2687,26.4339,119.7573,26.8861	[[[1192687,266600,12,-222,36,-219,60,-215,83,-209,106,-201,127,-190,146,-178,166,-165,183,-149,198,-132,211,-114,223,-95,233,-75,239,-54,244,-32,246,-11,246,11,244,32,36,9,-62,158,49,108,83,52,203,39,58,-4,147,-64,51,29,103,85,52,28,60,118,67,40,109,-59,85,-111,63,42,183,149,166,165,146,178,127,190,106,201,51,129,-87,16,-122,35,65,103,-7,68,-70,34,-125,-7,75,0,-293,-27,-134,27,-124,75,-171,-111,-202,-89,-189,-110,-129,-174,-61,0,-75,205,-382,243,-88,210,-43,201,33,62,145,41,92,-21,318,-184,66,238,17,136,-22,110,-100,88,-122,6,-130,-6,-119,49,-42,66,-32,104,-12,120,18,119,55,97,139,77,79,99,-39,116,91,66,131,25,83,-2,158,-101,9,-96,-23,-116,62,-165,194,42,178,-128,166,-187,157,-136,170,-83,118,-21,53,69,-28,132,-72,66,-99,54,-265,243,-58,89,-29,133,12,95,39,137,56,124,66,54,152,-73,-99,98,-183,149,-198,132,-211,114,-182,78,-963,187,-40,2,-246,-11,-244,-32,-239,-54,-233,-75,-223,-95,-211,-114,-198,-132,-183,-149,-166,-165,-146,-178,-127,-190,-106,-201,-83,-209,-60,-215,-36,-219,-12,-222]],[[1197178,267992,83,-127,66,-231,-25,-143,0,-62,128,-58,127,6,-35,88,-106,201,-127,190,-111,136]]]
1279945	n	98.3186,39.5139,98.8121,39.9661	[[[983186,395766,161,-114,230,-132,246,-114,259,-95,270,-75,278,-54,284,-32,286,-11,286,11,284,32,278,54,270,75,259,95,246,114,230,132,212,149,193,165,170,178,148,190,122,201,97,209,69,215,43,219,14,222,-14,222,-43,219,-69,215,-97,209,-122,201,-148,190,-170,178,-193,165,-212,149,-230,132,-246,114,-259,95,-270,75,-278,54,-284,32,-286,11,-286,-11,-38,-4,-1690,-3880]]]
1812749	n	104.3439,35.3439,104.8961,35.7961	[[[1043439,355700,13,-222,40,-219,66,-215,91,-209,116,-201,139,-190,162,-178,182,-165,200,-149,218,-132,232,-114,245,-95,256,-75,262,-54,268,-32,271,-11,271,11,268,32,262,54,256,75,245,95,232,114,218,132,200,149,182,165,162,178,139,190,116,201,91,209,66,215,40,219,13,222,-13,222,-40,219,-66,215,-91,209,-116,201,-139,190,-162,178,-182,165,-200,149,-218,132,-232,114,-245,95,-256,75,-262,54,-268,32,-271,11,-271,-11,-268,-32,-262,-54,-256,-75,-245,-95,-232,-114,-218,-132,-200,-149,-182,-165,-162,-178,-139,-190,-116,-201,-91,-209,-66,-215,-40,-219,-13,-222]]]
7064006	n	108.6762,34.6739,109.2204,35.0937	[[[1086762,349000,13,-222,39,-219,66,-215,90,-209,115,-201,138,-190,160,-178,181,-165,199,-149,216,-132,230,-114,243,-95,253,-75,261,-54,266,-32,268,-11,104,4,2600,2120,-4109,2074,-116,-57,-216,-132,-199,-149,-181,-165,-160,-178,-138,-190,-115,-201,-90,-209,-66,-215,-39,-219,-13,-222]]]
1809152	n	106.0024,35.7839,106.5576,36.2361	[[[1060024,360100,13,-222,40,-219,66,-215,92,-209,117,-201,140,-190,162,-178,183,-165,202,-149,219,-132,233,-114,247,-95,256,-75,264,-54,270,-32,272,-11,272,11,270,32,264,54,256,75,247,95,233,114,219,132,202,149,183,165,162,178,140,190,117,201,92,209,66,215,40,219,13,222,-13,222,-40,219,-66,215,-92,209,-117,201,-140,190,-162,178,-183,165,-202,149,-219,132,-233,114,-247,95,-256,75,-264,54,-270,32,-272,11,-272,-11,-270,-32,-264,-54,-256,-75,-247,-95,-233,-114,-219,-132,-202,-149,-183,-165,-162,-178,-140,-190,-117,-201,-92,-209,-66,-215,-40,-219,-13,-222]]]
2038120	n	120.1598,41.3439,120.7573,41.7961	[[[1201598,415700,15,-222,43,-219,71,-215,100,-209,126,-201,151,-190,176,-178,197,-165,219,-149,236,-132,253,-114,266,-95,278,-75,285,-54,292,-32,294,-11,294,11,292,32,285,54,278,75,266,95,253,114,236,132,219,149,197,165,176,178,151,190,126,201,100,209,71,215,29,146,-263,267,-677,688,-1543,1568,-196,22,-294,11,-294,-11,-292,-32,-285,-54,-278,-75,-266,-95,-253,-114,-236,-132,-219,-149,-197,-165,-176,-178,-151,-190,-126,-201,-100,-209,-71,-215,-43,-219,-15,-222]]]
1281019	n	79.632,36.8838,80.2116,37.4959	[[[796320,369793,193,-141,222,-132,237,-114,250,-95,260,-75,268,-54,154,-18,1643,3825,444,388,-84,188,-118,201,-143,190,-165,178,-185,165,-206,149,-222,132,-238,114,-250,95,-261,75,-268,54,-274,32,-230,9,-763,-2308,737,-858,-1001,-2000]],[[797895,369143,78,-37,249,-95,261,-75,268,-54,273,-32,276,-11,276,11,273,32,268,54,261,75,249,95,238,114,222,132,204,149,186,165,164,178,143,190,118,201,93,209,67,215,41,219,13,222,-13,222,-41,219,-67,215,-93,209,-118,201,-143,190,-164,178,-186,165,-204,149,-222,132,-238,114,-249,95,-261,75,-208,42,-362,-317,-1652,-3846]]]
1801455	n	111.516,30.1939,111.9952,30.6461	[[[1115160,305187,2228,-3243,112,-5,255,11,253,32,248,54,241,75,231,95,219,114,205,132,190,149,94,91,516,2263,-46,110,-109,201,-132,190,-152,178,-171,165,-190,149,-205,132,-219,114,-231,95,-241,75,-248,54,-253,32,-255,11,-255,-11,-253,-32,-248,-54,-241,-75,-231,-95,-219,-114,-205,-132,-190,-149,-171,-165,-152,-178,-132,-190,-43,-79]]]
2036389	n	130.5365,44.9839,131.4391,45.5761	[[[1305365,454202,140,-793,196,-1116,42,-49,187,-178,88,-69,-195,-58,5,-61,16,-78,554,-507,191,-174,1216,-1114,270,-69,303,-54,310,-32,312,-11,312,11,310,32,303,54,295,75,283,95,268,114,19,10,-44,135,141,-15,313,-11,313,11,309,32,304,54,295,75,283,95,269,114,251,132,232,149,210,165,187,178,161,190,134,201,105,209,76,215,46,219,16,222,-16,222,-46,219,-76,215,-105,209,-134,201,-161,190,-187,178,-210,165,-232,149,-251,132,-269,114,-283,95,-169,43,149,156,-142,111,-232,149,-252,132,-269,114,-283,95,-242,61,-1593,0,-764,203,-224,8,-313,-11,-310,-32,-216,-39,-1536,-670,-95,-75,-187,-178,-161,-190,-134,-201,-83,-163]]]
1792621	n	117.5181,30.7239,118.0419,31.1761	[[[1175181,309500,13,-222,38,-219,62,-215,40,-95,2044,-1478,165,-21,257,-11,257,11,254,32,249,54,242,75,232,95,221,114,206,132,191,149,172,165,153,178,132,190,110,201,87,209,62,215,38,219,13,222,-13,222,-38,219,-62,215,-87,209,-110,201,-132,190,-153,178,-172,165,-191,149,-206,132,-221,114,-232,95,-242,75,-249,54,-254,32,-257,11,-257,-11,-254,-32,-249,-54,-242,-75,-232,-95,-221,-114,-206,-132,-191,-149,-172,-165,-153,-178,-132,-190,-110,-201,-87,-209,-62,-215,-38,-219,-13,-222]]]
1808981	n	110.1543,35.2339,110.7057,35.6862	[[[1101543,354600,13,-222,40,-219,66,-215,91,-209,115,-201,139,-190,162,-178,181,-165,201,-149,217,-132,232,-114,245,-95,255,-75,262,-54,268,-32,270,-11,270,11,268,32,262,54,255,75,245,95,232,114,217,132,201,149,181,165,162,178,139,190,115,201,91,209,66,215,40,219,13,222,-13,222,-40,219,-66,215,-91,209,-115,201,-139,190,-162,178,-181,165,-201,149,-217,132,-232,114,-245,95,-255,75,-262,54,-268,32,-270,11,-270,-11,-268,-32,-262,-54,-255,-75,-245,-95,-232,-114,-217,-132,-201,-149,-181,-165,-162,-178,-139,-190,-115,-201,-91,-209,-66,-215,-40,-219,-13,-222]]]
2036106	n	122.4201,41.2839,123.0199,41.7361	[[[1224201,415100,14,-222,44,-219,71,-215,99,-209,126,-201,151,-190,176,-178,197,-165,218,-149,237,-132,252,-114,266,-95,277,-75,286,-54,291,-32,294,-11,294,11,291,32,286,54,85,23,913,442,1111,1456,5,21,14,222,-14,222,-44,219,-71,215,-99,209,-126,201,-151,190,-176,178,-197,165,-218,149,-237,132,-252,114,-266,95,-277,75,-286,54,-291,32,-294,11,-294,-11,-291,-32,-286,-54,-277,-75,-266,-95,-252,-114,-237,-132,-218,-149,-197,-165,-176,-178,-151,-190,-126,-201,-99,-209,-71,-215,-44,-219,-14,-222]]]
1810458	p	1806096
12159964	n	107.1271,22.1831,107.6129,22.6061	[[[1071271,223800,12,-222,35,-219,58,-215,57,-150,1644,-553,1585,-533,228,-77,159,89,192,132,176,149,160,165,142,178,123,190,102,201,80,209,58,215,35,219,12,222,-12,222,-35,219,-58,215,-80,209,-102,201,-123,190,-142,178,-160,165,-176,149,-192,132,-204,114,-216,95,-224,75,-231,54,-236,32,-238,11,-238,-11,-236,-32,-231,-54,-224,-75,-216,-95,-204,-114,-192,-132,-176,-149,-160,-165,-142,-178,-123,-190,-102,-201,-80,-209,-58,-215,-35,-219,-12,-222]]]
1913154	p	1790437
1808212	n	105.8541,29.8496,106.455,30.4061	[[[1058541,299750,2558,0,1143,-1254,863,274,1345,998,100,34,0,1159,-451,339,-846,2759,-53,2,-255,-11,-252,-32,-247,-54,-240,-75,-231,-95,-218,-114,-205,-132,-189,-149,-171,-165,-80,-93,-25,59,-81,18,-252,32,-254,11,-134,-6,-1825,-3505]]]
1787031	p	1783633
1798632	p	1789176
2033574	p	2033196
1814544	p	1785412
7304020	n	109.3458,27.7139,109.8542,28.1597	[[[1093458,279400,12,-222,37,-219,36,-129,966,-1258,79,-52,214,-114,225,-95,235,-75,242,-54,247,-32,249,-11,249,11,247,32,242,54,235,75,225,95,214,114,201,132,185,149,167,165,149,178,128,190,107,201,84,209,60,215,37,219,12,222,-12,222,-37,219,-60,215,-84,209,-107,201,-128,190,-149,178,-167,165,-48,38,-2340,560,-148,-33,-235,-75,-225,-95,-214,-114,-201,-132,-185,-149,-167,-165,-149,-178,-128,-190,-107,-201,-84,-209,-60,-215,-37,-219,-12,-222]]]
8537264	p	6642286
1817990	p	1791681
1805029	p	1808392
1799823	p	13608002
11694038	n	80.5745,43.8239,81.1618,44.2761	[[[805745,439772,68,-137,131,-201,158,-190,183,-178,206,-165,227,-149,246,-132,263,-114,277,-95,289,-75,297,-54,304,-32,306,-11,306,11,304,32,297,54,289,75,277,95,249,108,1196,2687,-31,64,-131,201,-158,190,-183,178,-206,165,-227,149,-246,132,-263,114,-277,95,-289,75,-297,54,-304,32,-306,11,-306,-11,-304,-32,-297,-54,-289,-75,-277,-95,-230,-100,-377,-789,-875,-1833]]]
8067345	n	91.5126,29.0139,92.0274,29.4661	[[[915126,292400,13,-222,37,-219,61,-215,85,-209,108,-201,130,-190,150,-178,170,-165,187,-149,203,-132,217,-114,228,-95,238,-75,245,-54,250,-32,252,-11,252,11,250,32,245,54,238,75,228,95,217,114,203,132,187,149,170,165,150,178,130,190,108,201,85,209,61,215,37,219,13,222,-13,222,-37,219,-61,215,-85,209,-108,201,-130,190,-150,178,-170,165,-187,149,-203,132,-217,114,-228,95,-238,75,-245,54,-250,32,-252,11,-252,-11,-250,-32,-245,-54,-238,-75,-228,-95,-217,-114,-203,-132,-187,-149,-170,-165,-150,-178,-130,-190,-108,-201,-85,-209,-61,-215,-37,-219,-13,-222]]]
1798900	n	116.2909,29.6739,116.8091,30.1261	[[[1162909,299000,13,-222,37,-219,62,-215,86,-209,108,-201,131,-190,151,-178,171,-165,189,-149,204,-132,218,-114,230,-95,239,-75,247,-54,251,-32,254,-11,254,11,251,32,247,54,239,75,230,95,218,114,204,132,189,149,171,165,151,178,131,190,108,201,86,209,62,215,37,219,13,222,-13,222,-37,219,-62,215,-86,209,-108,201,-131,190,-151,178,-171,165,-189,149,-204,132,-218,114,-230,95,-239,75,-247,54,-251,32,-254,11,-254,-11,-251,-32,-247,-54,-239,-75,-230,-95,-218,-114,-204,-132,-189,-149,-171,-165,-151,-178,-131,-190,-108,-201,-86,-209,-62,-215,-37,-219,-13,-222]]]
8054802	n	115.718,43.7139,116.3819,44.1961	[[[1157180,439700,15,-222,45,-219,74,-215,103,-209,131,-201,157,-190,183,-178,206,-165,226,-149,246,-132,53,-23,3812,3552,-151,99,-246,132,-263,114,-277,95,-288,75,-297,54,-303,32,-306,11,-306,-11,-303,-32,-297,-54,-288,-75,-277,-95,-263,-114,-246,-132,-226,-149,-206,-165,-183,-178,-157,-190,-131,-201,-103,-209,-74,-215,-45,-219,-15,-222]],[[1158570,437752,151,-100,246,-132,263,-114,276,-95,289,-75,297,-54,302,-32,306,-11,306,11,302,32,297,54,289,75,276,95,263,114,246,132,226,149,206,165,182,178,158,190,130,201,104,209,74,215,45,219,15,222,-15,222,-45,219,-74,215,-104,209,-130,201,-158,190,-182,178,-206,165,-226,149,-246,132,-52,22,-3811,-3550]]]
12548253	n	119.3563,48.9739,120.1038,49.4362	[[[1193563,492000,17,-222,49,-219,82,-215,114,-209,144,-201,173,-190,201,-178,227,-165,250,-149,271,-132,289,-114,305,-95,317,-75,327,-54,334,-32,337,-11,337,11,334,32,163,27,-8,37,111,4,334,32,327,54,318,75,304,95,290,114,271,132,250,149,226,165,201,178,174,190,144,201,114,209,82,215,49,219,17,222,-17,222,-49,219,-82,215,-114,209,-144,201,-174,190,-201,178,-226,165,-250,149,-271,132,-290,114,-304,95,-318,75,-327,54,-334,32,-337,11,-337,-11,-334,-32,-163,-27,8,-37,-111,-4,-334,-32,-327,-54,-317,-75,-305,-95,-289,-114,-271,-132,-250,-149,-227,-165,-201,-178,-173,-190,-144,-201,-114,-209,-82,-215,-49,-219,-17,-222]]]
2038067	n	118.4772,41.8939,119.262,42.4961	[[[1184772,421200,15,-222,43,-219,73,-215,100,-209,127,-201,153,-190,177,-178,199,-165,220,-149,239,-132,255,-114,268,-95,280,-75,288,-54,294,-32,297,-11,297,11,294,32,288,54,280,75,268,95,255,114,239,132,220,149,171,142,194,861,2009,2014,305,305,-43,218,-73,215,-100,209,-127,201,-154,190,-177,178,-200,165,-221,149,-239,132,-255,114,-270,95,-280,75,-289,54,-295,32,-297,11,-297,-11,-295,-32,-289,-54,-280,-75,-270,-95,-255,-114,-239,-132,-221,-149,-200,-165,-177,-178,-154,-190,-127,-201,-6,-13,207,-174,-76,-14,-280,-75,-268,-95,-255,-114,-239,-132,-220,-149,-199,-165,-177,-178,-153,-190,-127,-201,-100,-209,-73,-215,-43,-219,-15,-222]]]
12277239	p	10630003
2035261	n	130.7827,45.555,131.322,45.9961	[[[1307827,459365,242,-3464,1319,-351,1601,0,243,61,286,95,271,114,253,132,235,149,212,165,188,178,162,190,135,201,107,209,77,215,46,219,16,222,-16,222,-46,219,-77,215,-107,209,-135,201,-162,190,-188,178,-212,165,-235,149,-253,132,-271,114,-286,95,-297,75,-307,54,-312,32,-316,11,-316,-11,-312,-32,-307,-54,-297,-75,-286,-95,-271,-114,-253,-132,-131,-83]]]
1785716	n	117.613,34.0324,118.234,34.6984	[[[1176130,342566,1193,-953,419,205,408,62,978,-118,567,-902,1689,-536,773,541,-964,1684,1147,882,-198,830,-1068,42,-419,351,353,2219,-2523,111,-113,-85,-179,-165,-160,-178,-87,-121,2490,-1739,-2485,1736,-177,-133,-143,-131,1176,-2155,-1171,2147,-36,1,-267,-11,-264,-32,-259,-54,-251,-75,-238,-93,-166,-931,538,-1429,-519,-570,-44,-400]]]
1794479	p	1804586
12358476	n	107.8328,24.4639,108.3272,24.9161	[[[1078328,246900,12,-222,36,-219,59,-215,81,-209,104,-201,125,-190,144,-178,163,-165,180,-149,195,-132,208,-114,219,-95,228,-75,236,-54,240,-32,242,-11,242,11,240,32,236,54,228,75,219,95,208,114,195,132,180,149,163,165,144,178,125,190,104,201,81,209,59,215,36,219,12,222,-12,222,-36,219,-59,215,-81,209,-104,201,-125,190,-144,178,-163,165,-180,149,-195,132,-208,114,-219,95,-228,75,-236,54,-240,32,-242,11,-242,-11,-240,-32,-236,-54,-228,-75,-219,-95,-208,-114,-195,-132,-180,-149,-163,-165,-144,-178,-125,-190,-104,-201,-81,-209,-59,-215,-36,-219,-12,-222]]]
1787824	p	10630003
2033467	n	129.1145,42.5439,129.7329,43.1162	[[[1291145,427768,294,-375,113,-143,1211,-1546,266,-93,283,-75,291,-54,297,-32,300,-11,300,11,297,32,291,54,283,75,271,95,258,114,241,132,222,149,202,165,179,178,154,190,128,201,102,209,23,68,-157,73,173,116,162,132,-56,166,-1147,3402,-236,63,-292,54,-298,32,-300,11,-300,-11,-298,-32,-292,-54,-283,-75,-272,-95,-258,-114,-242,-132,-222,-149,-202,-165,-180,-178,-154,-190,-129,-201,-101,-209,-23,-66,165,-76,-172,-115,-202,-165,-179,-178,-154,-190,-128,-201,-102,-209,-73,-215,-44,-219,-10,-154]]]
1803590	n	99.8443,23.6539,100.3356,24.1061	[[[998444,238800,12,-222,35,-219,59,-215,81,-209,103,-201,124,-190,143,-178,162,-165,179,-149,194,-132,206,-114,218,-95,227,-75,234,-54,238,-32,241,-11,241,11,238,32,234,54,227,75,218,95,206,114,194,132,179,149,162,165,143,178,124,190,103,201,81,209,59,215,35,219,12,222,-12,222,-35,219,-59,215,-81,209,-103,201,-124,190,-143,178,-162,165,-179,149,-194,132,-206,114,-218,95,-227,75,-234,54,-238,32,-241,11,-241,-11,-238,-32,-234,-54,-227,-75,-218,-95,-206,-114,-194,-132,-179,-149,-162,-165,-143,-178,-124,-190,-103,-201,-81,-209,-59,-215,-35,-219,-12,-222]]]
1807566	n	104.662,24.8739,105.158,25.3261	[[[1046620,251000,12,-222,36,-219,59,-215,82,-209,104,-201,125,-190,145,-178,163,-165,181,-149,195,-132,209,-114,220,-95,229,-75,236,-54,241,-32,243,-11,243,11,241,32,236,54,229,75,220,95,209,114,195,132,181,149,163,165,145,178,125,190,104,201,82,209,59,215,36,219,12,222,-12,222,-36,219,-59,215,-82,209,-104,201,-125,190,-145,178,-2,2,-61,42,-896,607,-9,4,-229,75,-236,54,-241,32,-243,11,-243,-11,-241,-32,-236,-54,-229,-75,-220,-95,-209,-114,-195,-132,-181,-149,-163,-165,-145,-178,-125,-190,-104,-201,-82,-209,-59,-215,-36,-219,-12,-222]]]
6958518	p	13308620
2038569	n	122.5089,45.4471,123.1472,45.8461	[[[1225089,456200,16,-222,46,-219,76,-215,106,-209,135,-201,70,-81,4828,-582,204,130,212,165,188,178,162,190,135,201,106,209,76,215,23,106,-2219,2493,-21,6,-306,54,-311,32,-315,11,-315,-11,-311,-32,-306,-54,-297,-75,-285,-95,-270,-114,-253,-132,-233,-149,-212,-165,-188,-178,-162,-190,-135,-201,-106,-209,-76,-215,-46,-219,-16,-222]]]
2036434	p	2036662
1815482	p	1791681
1789262	n	118.1193,34.0382,118.8721,34.6061	[[[1181193,342549,964,-1684,214,41,3124,-524,25,19,179,165,159,178,137,190,114,201,89,209,60,198,-8,7,17,1,264,32,259,54,251,75,242,95,229,114,214,132,198,149,179,165,160,178,137,190,114,201,90,209,65,215,39,219,13,222,-13,222,-39,219,-65,215,-90,209,-114,201,-137,190,-160,178,-179,165,-198,149,-214,132,-229,114,-242,95,-251,75,-259,54,-264,32,-267,11,-267,-11,-264,-32,-259,-54,-251,-75,-209,-82,-209,82,-251,75,-259,54,-264,32,-64,3,-1561,-1792,198,-830,-1147,-882]]]
1787323	n	110.2426,24.5539,110.7374,25.0061	[[[1102426,247800,12,-222,36,-219,59,-215,82,-209,104,-201,124,-190,145,-178,163,-165,180,-149,195,-132,208,-114,219,-95,229,-75,235,-54,241,-32,242,-11,242,11,241,32,235,54,229,75,219,95,208,114,195,132,180,149,163,165,145,178,124,190,104,201,82,209,59,215,36,219,12,222,-12,222,-36,219,-59,215,-82,209,-104,201,-124,190,-145,178,-163,165,-180,149,-195,132,-208,114,-219,95,-229,75,-235,54,-241,32,-242,11,-242,-11,-241,-32,-235,-54,-229,-75,-219,-95,-208,-114,-195,-132,-180,-149,-163,-165,-145,-178,-124,-190,-104,-201,-82,-209,-59,-215,-36,-219,-12,-222]]]
1803364	n	118.1208,36.2794,118.7984,36.7025	[[[1181208,364500,13,-222,13,-68,93,-60,699,-451,2243,112,1111,-635,234,-382,2032,631,-309,1037,647,679,-89,1057,-334,175,-582,-108,-908,760,-531,-111,-449,-816,-1101,-256,-564,126,-1526,-285,-521,-413,-51,-114,-66,-215,-41,-219,-13,-222]]]
1794209	n	100.7264,22.5639,101.2136,22.9545	[[[1007264,227900,12,-222,35,-219,58,-215,80,-209,103,-201,123,-190,142,-178,161,-165,177,-149,192,-132,205,-114,216,-95,225,-75,232,-54,236,-32,239,-11,239,11,236,32,232,54,225,75,216,95,205,114,192,132,177,149,161,165,142,178,123,190,103,201,80,209,58,215,35,219,12,222,-12,222,-35,219,-58,215,-80,209,-8,14,-3791,742,-120,24,-54,-46,-161,-165,-142,-178,-123,-190,-103,-201,-80,-209,-58,-215,-35,-219,-12,-222]]]
1817240	n	103.8904,36.3239,104.4496,36.7761	[[[1038904,365500,14,-222,40,-219,67,-215,92,-209,118,-201,141,-190,163,-178,184,-165,204,-149,220,-132,235,-114,248,-95,258,-75,267,-54,271,-32,274,-11,274,11,271,32,267,54,258,75,248,95,235,114,220,132,204,149,184,165,163,178,141,190,118,201,92,209,67,215,40,219,14,222,-14,222,-40,219,-67,215,-92,209,-118,201,-141,190,-163,178,-184,165,-204,149,-220,132,-235,114,-248,95,-258,75,-267,54,-271,32,-274,11,-274,-11,-271,-32,-267,-54,-258,-75,-248,-95,-235,-114,-220,-132,-204,-149,-184,-165,-163,-178,-141,-190,-118,-201,-92,-209,-67,-215,-40,-219,-14,-222]]]
1810295	p	1801180
1788245	p	1809078
1812990	n	111.8232,32.4539,112.3424,32.8963	[[[1118232,326800,13,-222,38,-219,64,-215,88,-209,112,-201,135,-190,155,-178,176,-165,194,-149,211,-132,224,-114,237,-95,246,-75,254,-54,259,-32,262,-11,154,6,2370,2981,-59,139,-112,201,-135,190,-80,92,-2915,815,-244,-74,-237,-95,-224,-114,-211,-132,-194,-149,-176,-165,-155,-178,-135,-190,-112,-201,-88,-209,-64,-215,-38,-219,-13,-222]]]
1281743	n	75.8881,39.4928,76.4719,39.9362	[[[758881,397100,7,-115,3718,-2057,41,8,270,75,259,95,246,114,230,132,212,149,193,165,170,178,148,190,122,201,97,209,69,215,42,219,14,222,-14,222,-42,219,-69,215,-97,209,-122,201,-148,190,-170,178,-193,165,-212,149,-230,132,-246,114,-259,95,-270,75,-277,54,-284,32,-286,11,-286,-11,-284,-32,-277,-54,-270,-75,-259,-95,-246,-114,-230,-132,-212,-149,-193,-165,-170,-178,-148,-190,-122,-201,-97,-209,-69,-215,-42,-219,-14,-222]]]
1798097	p	1796236
1529046	n	82.9408,43.2039,83.5592,43.6561	[[[829408,434300,14,-222,45,-219,74,-215,102,-209,130,-201,156,-190,181,-178,203,-165,225,-149,244,-132,260,-114,275,-95,285,-75,295,-54,300,-32,303,-11,303,11,300,32,295,54,285,75,275,95,260,114,244,132,225,149,203,165,181,178,156,190,130,201,102,209,74,215,45,219,14,222,-14,222,-45,219,-74,215,-102,209,-130,201,-156,190,-181,178,-203,165,-225,149,-244,132,-260,114,-275,95,-285,75,-295,54,-300,32,-303,11,-303,-11,-300,-32,-295,-54,-285,-75,-275,-95,-260,-114,-244,-132,-225,-149,-203,-165,-181,-178,-156,-190,-130,-201,-102,-209,-74,-215,-45,-219,-14,-222]]]
1811720	n	109.282,30.0739,109.7702,30.6099	[[[1092820,301536,141,-135,189,-149,205,-132,219,-114,231,-95,240,-75,248,-54,252,-32,255,-11,255,11,252,32,248,54,240,75,231,95,219,114,205,132,189,149,172,165,152,178,131,190,109,201,86,209,62,215,38,219,5,103,24,-6,87,160,86,209,62,215,38,219,11,187,-3109,2173,-87,61,-162,-35,-240,-75,-231,-95,-219,-114,-206,-132,-189,-149,-172,-165,-133,-155,256,-1324,-390,-2319]]]
1793419	n	112.5632,32.4639,113.0968,32.9161	[[[1125632,326900,9,-164,492,-1012,144,-296,136,-127,194,-149,210,-132,225,-114,237,-95,246,-75,254,-54,259,-32,262,-11,262,11,259,32,254,54,246,75,237,95,225,114,210,132,194,149,176,165,156,178,134,190,112,201,89,209,63,215,39,219,12,222,-12,222,-39,219,-63,215,-89,209,-112,201,-134,190,-156,178,-176,165,-194,149,-210,132,-225,114,-237,95,-246,75,-254,54,-259,32,-262,11,-262,-11,-94,-12,-2039,-1246,-70,-127,-89,-209,-63,-215,-39,-219,-12,-222]]]
12269572	n	108.1182,21.5551,108.6018,21.9961	[[[1081182,217700,11,-222,35,-219,55,-203,472,-585,295,-366,38,57,0,77,-41,71,-74,55,36,21,52,40,42,13,-5,-104,5,-32,66,51,214,85,-104,-118,-11,-65,149,-130,77,-95,31,-78,3,-68,-8,-66,-48,-119,203,-89,180,-60,5,32,36,57,175,141,69,38,0,74,-49,-4,-156,4,31,101,42,78,56,55,76,33,-29,39,-46,104,211,0,-148,215,-14,299,101,280,198,161,-54,-189,18,-94,483,-246,120,-1,53,122,37,-17,11,0,16,-52,39,67,73,84,29,54,32,-109,-34,-83,-139,-149,137,-12,476,80,0,-68,-115,-24,-114,-40,-67,-60,23,-82,-89,-17,-75,-31,-61,-39,-48,-49,0,-69,60,-47,52,-20,49,14,50,53,62,0,-50,-292,-68,-110,-155,-13,45,123,-142,60,-161,-48,-9,-203,124,-153,179,-29,284,28,41,14,160,71,-75,-3,-30,4,0,68,91,24,41,37,-12,57,-65,86,83,50,67,56,130,173,136,-142,0,-62,-160,46,-73,-81,-17,-117,11,-59,93,18,158,66,71,49,37,32,-5,8,-46,100,90,16,59,34,36,63,26,98,-77,9,-44,18,-37,20,-53,15,0,74,114,-46,126,-13,109,51,61,145,-42,-14,-95,-61,59,160,120,55,82,69,-56,201,-68,0,-108,-148,-29,-57,-7,59,-15,14,-40,-4,-21,-51,-31,-22,-39,-21,-52,-43,20,93,-29,87,9,93,27,37,45,31,45,48,26,89,-130,-65,-71,-124,-79,-289,-28,78,-15,12,7,1,36,46,0,67,-88,12,-99,44,-86,13,0,68,160,0,25,-6,14,6,-27,2,-11,3,-22,28,-2,41,136,0,0,63,-82,68,-101,60,-114,49,-119,34,70,29,54,12,63,-7,93,-34,-2,175,48,106,59,84,31,112,-22,97,-58,114,-88,58,-105,-70,-17,39,-22,27,-19,31,-10,46,105,-6,31,6,-150,109,-139,158,-70,170,86,225,7,294,6,21,-781,754,-205,9,-237,-11,-235,-32,-230,-54,-223,-75,-215,-95,-204,-114,-190,-132,-176,-149,-159,-165,-142,-178,-122,-190,-101,-201,-80,-209,-58,-215,-35,-219,-11,-222]],[[1084607,218871,24,-241,284,-67,-131,101,65,107,117,60,-289,279,-70,-239]],[[1085694,217944,112,-131,171,42,-265,256,-18,-167]],[[1085938,217548,7,-146,51,9,11,67,11,222,-2,52,-41,-87,-37,-117]]]
1804866	n	107.7289,26.3639,108.2311,26.8161	[[[1077289,265900,12,-222,36,-219,60,-215,83,-209,105,-201,127,-190,147,-178,165,-165,183,-149,198,-132,211,-114,223,-95,232,-75,239,-54,244,-32,246,-11,246,11,244,32,239,54,232,75,223,95,211,114,198,132,183,149,165,165,147,178,127,190,105,201,83,209,60,215,36,219,12,222,-12,222,-36,219,-60,215,-83,209,-105,201,-127,190,-147,178,-165,165,-183,149,-198,132,-211,114,-223,95,-232,75,-239,54,-244,32,-246,11,-246,-11,-244,-32,-239,-54,-232,-75,-223,-95,-211,-114,-198,-132,-183,-149,-165,-165,-147,-178,-127,-190,-105,-201,-83,-209,-60,-215,-36,-219,-12,-222]]]
8594670	n	115.364,23.8917,115.9469,24.3761	[[[1153640,240700,12,-222,36,-219,58,-215,82,-209,103,-201,124,-190,144,-178,162,-165,179,-149,51,-35,163,66,1768,715,867,692,458,73,1622,1200,-839,1674,-63,43,-207,114,-218,95,-228,75,-234,54,-239,32,-241,11,-241,-11,-239,-32,-234,-54,-228,-75,-218,-95,-207,-114,-194,-132,-179,-149,-163,-165,-143,-178,-88,-134,-91,87,-34,-15,-208,-114,-193,-132,-179,-149,-162,-165,-144,-178,-124,-190,-103,-201,-82,-209,-58,-215,-36,-219,-12,-222]]]
1803331	n	102.9338,35.3739,103.4862,35.8261	[[[1029338,356000,13,-222,40,-219,66,-215,91,-209,116,-201,139,-190,162,-178,182,-165,201,-149,218,-132,232,-114,245,-95,255,-75,263,-54,268,-32,271,-11,271,11,268,32,263,54,255,75,245,95,232,114,218,132,201,149,182,165,162,178,139,190,116,201,91,209,66,215,40,219,13,222,-13,222,-40,219,-66,215,-91,209,-116,201,-139,190,-162,178,-182,165,-201,149,-218,132,-232,114,-245,95,-255,75,-263,54,-268,32,-271,11,-271,-11,-268,-32,-263,-54,-255,-75,-245,-95,-232,-114,-218,-132,-201,-149,-182,-165,-162,-178,-139,-190,-116,-201,-91,-209,-66,-215,-40,-219,-13,-222]]]
1529114	n	88.8732,42.7239,89.4868,43.1761	[[[888732,429500,15,-222,44,-219,73,-215,101,-209,129,-201,155,-190,179,-178,202,-165,224,-149,241,-132,259,-114,272,-95,283,-75,292,-54,298,-32,301,-11,301,11,298,32,292,54,283,75,272,95,259,114,241,132,224,149,202,165,179,178,155,190,129,201,101,209,73,215,44,219,15,222,-15,222,-44,219,-73,215,-101,209,-129,201,-155,190,-179,178,-202,165,-224,149,-241,132,-259,114,-272,95,-283,75,-292,54,-298,32,-301,11,-301,-11,-298,-32,-292,-54,-283,-75,-272,-95,-259,-114,-241,-132,-224,-149,-202,-165,-179,-178,-155,-190,-129,-201,-101,-209,-73,-215,-44,-219,-15,-222]]]
12492660	n	98.4178,24.2259,98.947,24.8261	[[[984178,245999,2645,-3698,30,-42,110,47,207,114,195,132,179,149,163,165,144,178,124,190,104,201,81,209,59,215,36,219,5,104,-3823,1837,-143,69,-59,-40,-57,-49]],[[984437,246019,3970,-1907,60,40,179,149,163,165,96,118,12,-9,137,169,124,190,104,201,82,209,59,215,35,219,12,222,-12,222,-35,219,-59,215,-82,209,-104,201,-124,190,-145,178,-162,165,-180,149,-195,132,-208,114,-219,95,-228,75,-235,54,-240,32,-242,11,-189,-8,-270,-90,-2,-1,-971,-323,-135,-91,-180,-149,-162,-165,-96,-118,-12,8,-137,-168,-124,-190,-104,-201,-81,-209,-59,-215,-36,-219,-5,-103]]]
1529435	n	81.0284,43.6839,81.6317,44.1361	[[[810285,438306,35,-71,131,-201,157,-190,182,-178,206,-165,226,-149,246,-132,263,-114,276,-95,288,-75,297,-54,302,-32,306,-11,306,11,302,32,297,54,288,75,276,95,263,114,246,132,226,149,206,165,182,178,157,190,131,201,103,209,74,215,45,219,15,222,-15,222,-45,219,-74,215,-103,209,-131,201,-157,190,-182,178,-206,165,-226,149,-246,132,-263,114,-276,95,-288,75,-297,54,-302,32,-306,11,-306,-11,-302,-32,-297,-54,-288,-75,-276,-95,-254,-110,-1192,-2678]]]
1810979	n	107.0871,29.4839,107.6435,30.1261	[[[1070871,296119,130,-153,170,-165,188,-149,204,-132,218,-114,229,-95,239,-75,218,-47,11,23,203,-106,230,-95,238,-75,247,-54,251,-32,253,-11,253,11,251,32,247,54,238,75,230,95,218,114,203,132,188,149,171,165,151,178,130,190,109,201,85,209,61,214,-640,952,521,3155,-177,115,-218,114,-230,95,-239,75,-247,54,-251,32,-254,11,-156,-7,-801,-169,-1022,-1786,20,-276,-758,-832,-1112,-2072]]]
1786640	n	113.3022,30.7261,113.7322,31.1557	[[[1133022,308775,59,-140,110,-201,132,-190,153,-178,172,-165,191,-149,206,-132,221,-114,232,-95,242,-75,249,-54,168,-21,2111,1081,54,699,-1508,2107,-1394,409,-154,-63,-221,-114,-146,-94,-877,-2511]]]
2034312	n	121.7562,45.8539,122.4038,46.3061	[[[1217562,460800,16,-222,47,-219,77,-215,107,-209,136,-201,163,-190,189,-178,214,-165,235,-149,255,-132,273,-114,287,-95,299,-75,308,-54,315,-32,317,-11,317,11,315,32,308,54,299,75,287,95,273,114,255,132,235,149,214,165,189,178,163,190,136,201,107,209,77,215,47,219,16,222,-16,222,-47,219,-77,215,-107,209,-136,201,-163,190,-189,178,-214,165,-235,149,-255,132,-273,114,-287,95,-299,75,-308,54,-315,32,-317,11,-317,-11,-315,-32,-308,-54,-299,-75,-287,-95,-273,-114,-255,-132,-235,-149,-214,-165,-189,-178,-163,-190,-136,-201,-107,-209,-77,-215,-47,-219,-16,-222]]]
2036670	p	2035265
1812521	n	115.3985,22.8001,115.8743,23.1762	[[[1153985,229800,433,-516,6,13,85,22,174,-54,280,-234,93,-53,282,5,138,-29,-7,-82,-103,-129,-36,-123,69,-91,207,-36,44,40,91,184,38,56,61,30,554,91,139,43,133,108,165,198,89,47,383,52,34,-23,-61,-91,-63,-183,-74,0,-87,29,-126,-73,-101,-119,18,-104,193,-85,-66,-186,73,2,1700,1612,-9,35,-81,209,-102,201,-123,190,-143,178,-160,165,-178,149,-192,132,-205,114,-217,95,-225,75,-232,54,-237,32,-239,11,-239,-11,-237,-32,-232,-54,-225,-75,-217,-95,-205,-114,-192,-132,-178,-149,-160,-165,-143,-178,-123,-190,-102,-201,-81,-209,-58,-215,-23,-141]],[[1154571,229102,375,-447,15,148,-131,215,-188,102,-71,-18]],[[1155087,228487,407,-486,68,73,351,401,208,161,-115,-17,-72,-55,-65,-70,-90,-62,-120,-52,-65,-19,-193,1,-97,21,-153,90,-64,14]]]
1806988	n	109.7973,34.3339,110.3427,34.7861	[[[1097973,345600,13,-222,39,-219,65,-215,91,-209,114,-201,138,-190,159,-178,180,-165,198,-149,215,-132,229,-114,242,-95,252,-75,260,-54,265,-32,267,-11,267,11,265,32,260,54,252,75,242,95,229,114,215,132,198,149,180,165,159,178,138,190,114,201,91,209,65,215,39,219,13,222,-13,222,-39,219,-65,215,-91,209,-114,201,-39,54,-23,19,-981,817,-76,38,-242,95,-252,75,-260,54,-265,32,-267,11,-267,-11,-265,-32,-260,-54,-252,-75,-242,-95,-229,-114,-215,-132,-198,-149,-180,-165,-159,-178,-138,-190,-114,-201,-91,-209,-65,-215,-39,-219,-13,-222]]]
1812228	n	120.0471,32.6297,120.5773,33.0682	[[[1200471,328098,7,-39,64,-215,88,-209,112,-201,102,-143,2846,-994,186,39,247,75,237,95,225,114,211,132,194,149,176,165,157,178,135,190,112,201,88,209,64,215,38,219,13,222,-13,222,-38,219,-64,215,-88,209,-112,201,-135,190,-63,72,-2851,854,-85,-18,-247,-75,-237,-95,-225,-114,-211,-132,-194,-149,-176,-165,-100,-114,-463,-1722]]]
1529401	n	84.5691,45.3639,85.4615,45.9161	[[[845691,455900,15,-222,46,-219,77,-215,106,-209,135,-201,162,-190,187,-178,212,-165,233,-149,253,-132,270,-114,285,-95,296,-75,306,-54,311,-32,315,-11,315,11,311,32,306,54,296,75,285,95,270,114,253,132,233,149,126,98,-142,249,247,-9,315,11,312,32,306,54,297,75,286,95,270,114,254,132,233,149,212,165,188,178,162,190,135,201,107,209,76,215,46,219,16,222,-16,222,-46,219,-76,215,-107,209,-135,201,-162,190,-188,178,-212,165,-233,149,-254,132,-270,114,-286,95,-297,75,-306,54,-312,32,-315,11,-315,-11,-312,-32,-306,-54,-297,-75,-286,-95,-270,-114,-254,-132,-233,-149,-124,-96,144,-251,-247,9,-315,-11,-311,-32,-306,-54,-296,-75,-285,-95,-270,-114,-253,-132,-233,-149,-212,-165,-187,-178,-162,-190,-135,-201,-106,-209,-77,-215,-46,-219,-15,-222]]]
2034400	n	121.9598,43.3838,122.5802,43.8361	[[[1219598,436100,15,-222,45,-219,74,-215,102,-209,131,-201,156,-190,181,-178,205,-165,225,-149,245,-132,261,-114,275,-95,287,-75,295,-54,301,-32,304,-11,304,11,301,32,295,54,287,75,275,95,261,114,245,132,225,149,205,165,181,178,156,190,131,201,102,209,74,215,45,219,15,222,-15,222,-45,219,-74,215,-102,209,-131,201,-156,190,-181,178,-205,165,-225,149,-245,132,-261,114,-275,95,-287,75,-295,54,-301,32,-304,11,-304,-11,-301,-32,-295,-54,-287,-75,-275,-95,-261,-114,-245,-132,-225,-149,-205,-165,-181,-178,-156,-190,-131,-201,-102,-209,-74,-215,-45,-219,-15,-222]]]
1799471	n	102.1407,36.2539,102.6993,36.7061	[[[1021407,364800,13,-222,41,-219,66,-215,93,-209,117,-201,141,-190,163,-178,184,-165,203,-149,220,-132,235,-114,248,-95,258,-75,266,-54,271,-32,274,-11,274,11,271,32,266,54,258,75,248,95,235,114,220,132,203,149,184,165,163,178,141,190,117,201,93,209,66,215,41,219,13,222,-13,222,-41,219,-66,215,-93,209,-117,201,-141,190,-163,178,-184,165,-203,149,-220,132,-235,114,-248,95,-258,75,-266,54,-271,32,-274,11,-274,-11,-271,-32,-266,-54,-258,-75,-248,-95,-235,-114,-220,-132,-203,-149,-184,-165,-163,-178,-141,-190,-117,-201,-93,-209,-66,-215,-41,-219,-13,-222]]]
1815669	p	1791681
2036458	p	8335361
1795060	p	6986104
10942183	n	120.3161,32.1439,120.8459,32.5961	[[[1203161,323436,31,-177,64,-215,87,-209,112,-201,134,-190,156,-178,175,-165,193,-149,210,-132,224,-114,235,-95,246,-75,253,-54,258,-32,261,-11,261,11,258,32,216,47,1465,903,11,12,134,190,112,201,87,209,64,215,38,219,13,222,-13,222,-38,219,-64,215,-87,209,-112,201,-134,190,-156,178,-175,165,-193,149,-210,132,-224,114,-235,95,-246,75,-253,54,-258,32,-261,11,-261,-11,-258,-32,-253,-54,-246,-75,-235,-95,-224,-114,-210,-132,-55,-43,-897,-1969]]]
1793899	n	117.4654,33.5739,118.1384,34.188	[[[1174654,338640,45,-105,114,-201,136,-190,109,-123,1,1,53,-178,90,-209,113,-201,137,-190,158,-178,178,-165,197,-149,213,-132,227,-114,240,-95,180,-54,1,1,140,-106,213,-132,227,-114,240,-95,249,-75,258,-54,262,-32,265,-11,265,11,262,32,123,26,75,-16,1363,1393,-432,1660,27,43,968,676,33,760,-1689,536,-567,902,-978,118,-408,-62,-419,-205,-624,-737,-414,-198,-226,-401,-1405,-1637]]]
1800234	n	109.2577,19.2914,109.8183,19.7297	[[[1092577,195819,1919,-2905,96,22,220,75,193,87,2,-27,101,-35,227,-54,231,-32,234,-11,234,11,231,32,227,54,220,75,211,95,201,114,188,132,173,149,157,165,139,178,120,190,100,201,79,209,57,215,34,219,12,222,-12,222,-34,219,-57,215,-79,209,-100,201,-120,190,-139,178,-157,165,-173,149,-26,17,-1681,332,-123,-122,0,-1,-730,-724,-2102,-588,-73,-43]]]
2034655	n	126.6513,46.4239,127.2972,46.8761	[[[1266513,465999,56,-155,108,-209,138,-201,165,-190,191,-178,216,-165,238,-149,257,-132,276,-114,290,-95,302,-75,312,-54,317,-32,321,-11,321,11,317,32,312,54,302,75,290,95,276,114,257,132,238,149,216,165,191,178,165,190,138,201,108,209,78,215,47,219,16,222,-16,222,-47,219,-78,215,-108,209,-138,201,-165,190,-191,178,-216,165,-238,149,-257,132,-276,114,-290,95,-302,75,-312,54,-317,32,-321,11,-321,-11,-317,-32,-312,-54,-302,-75,-290,-95,-276,-114,-159,-82,-947,-1800,-1,-1,-262,-498]]]
1816790	p	1814906
1916862	p	1812545
1529484	n	93.2038,42.6039,93.8162,43.0561	[[[932038,428300,14,-222,45,-219,73,-215,101,-209,128,-201,155,-190,179,-178,202,-165,222,-149,242,-132,257,-114,272,-95,283,-75,292,-54,297,-32,300,-11,300,11,297,32,292,54,283,75,272,95,257,114,242,132,222,149,202,165,179,178,155,190,128,201,101,209,73,215,45,219,14,222,-14,222,-45,219,-73,215,-101,209,-128,201,-155,190,-179,178,-202,165,-222,149,-242,132,-257,114,-272,95,-283,75,-292,54,-297,32,-300,11,-300,-11,-297,-32,-292,-54,-283,-75,-272,-95,-257,-114,-242,-132,-222,-149,-202,-165,-179,-178,-155,-190,-128,-201,-101,-209,-73,-215,-45,-219,-14,-222]]]
1805012	n	112.3155,34.8639,112.794,35.3161	[[[1123155,350900,14,-222,39,-219,66,-215,90,-209,115,-201,139,-190,160,-178,181,-165,200,-149,216,-132,109,-54,1291,-322,125,-5,269,11,266,32,262,54,253,75,244,95,231,114,216,132,200,149,99,90,-7,18,-590,1589,-776,2092,-132,28,-266,32,-269,11,-269,-11,-266,-32,-262,-54,-253,-75,-244,-95,-231,-114,-216,-132,-200,-149,-181,-165,-160,-178,-139,-190,-115,-201,-90,-209,-66,-215,-39,-219,-14,-222]]]
1804386	n	111.2436,32.0439,111.936,32.7661	[[[1112436,325400,13,-222,38,-219,64,-215,88,-209,112,-201,134,-190,156,-178,175,-165,194,-149,210,-132,221,-112,45,15,-28,-67,-63,-215,-38,-219,-13,-222,13,-222,38,-219,63,-215,88,-209,112,-201,134,-190,155,-178,175,-165,193,-149,209,-132,224,-114,236,-95,245,-75,253,-54,258,-32,260,-11,260,11,258,32,253,54,245,75,236,95,224,114,209,132,193,149,175,165,155,178,134,190,112,201,88,209,63,215,38,219,13,222,-9,164,14,-3,96,174,88,209,63,215,39,219,13,222,-13,222,-39,219,-63,215,-88,209,-111,201,-135,190,-155,178,-175,165,-194,149,-209,132,-224,114,-236,95,-15,5,-29,-22,-25,84,-88,209,-112,201,-134,190,-156,178,-175,165,-194,149,-210,132,-224,114,-237,95,-246,75,-253,54,-259,32,-261,11,-261,-11,-259,-32,-253,-54,-246,-75,-237,-95,-224,-114,-210,-132,-194,-149,-175,-165,-156,-178,-134,-190,-112,-201,-88,-209,-64,-215,-38,-219,-13,-222]]]
1809571	p	1816917
1788268	n	112.1414,29.5385,112.6586,29.9461	[[[1121414,297200,13,-222,37,-219,61,-215,86,-209,32,-59,1646,-891,2318,45,34,22,188,149,170,165,151,178,131,190,108,201,86,209,61,215,37,219,13,222,-13,222,-37,219,-61,215,-86,209,-108,201,-131,190,-151,178,-170,165,-188,149,-204,132,-218,114,-229,95,-239,75,-247,54,-251,32,-253,11,-253,-11,-251,-32,-247,-54,-239,-75,-229,-95,-218,-114,-204,-132,-188,-149,-170,-165,-151,-178,-131,-190,-108,-201,-86,-209,-61,-215,-37,-219,-13,-222]]]
1790371	n	113.1797,30.1754,113.7003,30.5961	[[[1131797,303700,13,-222,37,-219,62,-215,86,-209,59,-108,3452,-916,214,-57,126,66,205,132,190,149,171,165,152,178,132,190,109,201,86,209,62,215,37,219,13,222,-13,222,-37,219,-62,215,-32,77,-1629,1342,-119,98,-203,45,-253,32,-255,11,-255,-11,-253,-32,-248,-54,-70,-22,-117,-100,-1,-1,-1353,-1148,-148,-125,-46,-112,-62,-215,-37,-219,-13,-222]]]
1786731	p	1785286
1785974	p	10942283
8521718	n	81.753,44.6639,82.387,45.1162	[[[817530,448900,15,-222,46,-219,76,-215,104,-209,133,-201,160,-190,186,-178,209,-165,230,-149,250,-132,267,-114,281,-95,293,-75,302,-54,307,-32,311,-11,311,11,307,32,302,54,293,75,281,95,267,114,250,132,230,149,209,165,186,178,160,190,133,201,104,209,76,215,46,219,15,222,-15,222,-46,219,-76,215,-104,209,-133,201,-160,190,-186,178,-209,165,-230,149,-250,132,-267,114,-281,95,-293,75,-302,54,-307,32,-311,11,-311,-11,-307,-32,-302,-54,-293,-75,-281,-95,-267,-114,-250,-132,-230,-149,-209,-165,-186,-178,-160,-190,-133,-201,-104,-209,-76,-215,-46,-219,-15,-222]]]
1814093	n	99.9108,25.28,100.5051,25.8869	[[[999108,256900,12,-222,36,-219,59,-215,83,-209,104,-201,126,-190,35,-43,68,24,27,-166,59,-215,57,-144,3,0,-57,-144,-59,-215,-36,-219,-12,-222,12,-222,36,-219,59,-215,83,-209,104,-201,125,-190,146,-178,65,-66,91,37,0,1,3323,1354,139,301,115,61,1140,1809,-1440,1189,-351,913,-66,172,-13,11,-196,132,-163,89,-125,-24,-3087,-589,-82,-100,-126,-190,-104,-201,-83,-209,-59,-215,-36,-219,-12,-222]]]
1790471	n	112.2763,27.5039,112.773,27.8313	[[[1122763,277300,12,-222,37,-219,60,-215,84,-209,47,-88,1209,-1086,117,-50,234,-75,242,-54,246,-32,249,-11,249,11,246,32,242,54,234,75,225,95,214,114,200,132,184,149,167,165,149,178,128,190,106,201,84,209,2,6,-772,1663,-4002,-148,-84,-209,-60,-215,-37,-219,-12,-222]]]
1280957	n	98.0067,39.5839,98.4915,40.0361	[[[980067,397553,35,-109,97,-209,123,-201,147,-190,171,-178,193,-165,212,-149,231,-132,246,-114,259,-95,270,-75,279,-54,283,-32,287,-11,287,11,37,4,1691,3882,-160,112,-231,132,-246,114,-259,95,-270,75,-279,54,-283,32,-287,11,-287,-11,-283,-32,-279,-54,-270,-75,-259,-95,-246,-114,-231,-132,-212,-149,-193,-165,-171,-178,-147,-190,-123,-201,-67,-145,-65,-1267]]]
2036713	n	125.0712,41.0439,125.6688,41.4961	[[[1250712,412700,14,-222,43,-219,72,-215,98,-209,126,-201,151,-190,174,-178,197,-165,217,-149,236,-132,251,-114,266,-95,276,-75,284,-54,290,-32,293,-11,293,11,290,32,284,54,276,75,266,95,251,114,236,132,217,149,197,165,174,178,151,190,126,201,98,209,72,215,43,219,14,222,-14,222,-43,219,-72,215,-98,209,-126,201,-151,190,-174,178,-197,165,-217,149,-236,132,-251,114,-266,95,-276,75,-284,54,-290,32,-293,11,-293,-11,-290,-32,-284,-54,-276,-75,-266,-95,-251,-114,-236,-132,-217,-149,-197,-165,-174,-178,-151,-190,-126,-201,-98,-209,-72,-215,-43,-219,-14,-222]]]
7843638	p	1796236
1805733	n	101.903,38.2739,102.477,38.7261	[[[1019030,385000,14,-222,42,-219,68,-215,95,-209,120,-201,145,-190,168,-178,189,-165,209,-149,226,-132,241,-114,255,-95,265,-75,273,-54,279,-32,281,-11,281,11,279,32,273,54,265,75,255,95,241,114,226,132,209,149,189,165,168,178,145,190,120,201,95,209,68,215,42,219,14,222,-14,222,-42,219,-68,215,-95,209,-120,201,-145,190,-168,178,-189,165,-209,149,-226,132,-241,114,-255,95,-265,75,-273,54,-279,32,-281,11,-281,-11,-279,-32,-273,-54,-265,-75,-255,-95,-241,-114,-226,-132,-209,-149,-189,-165,-168,-178,-145,-190,-120,-201,-95,-209,-68,-215,-42,-219,-14,-222]]]
2035225	p	2037860
1807508	n	116.7944,23.4574,117.2452,23.9061	[[[1167944,238030,206,-1818,705,-516,7,35,-22,135,-48,70,-49,50,-22,83,54,115,232,159,54,70,28,133,76,81,110,18,134,-58,-233,-208,100,-132,231,-138,144,45,203,248,241,43,88,34,51,108,109,26,101,-56,134,-17,106,-27,95,-125,13,-163,-32,-179,76,-156,-31,-147,-21,-97,58,-140,153,37,290,181,223,345,239,95,112,46,333,86,12,106,-32,123,-87,124,167,198,43,81,61,-213,84,-138,0,1,12,222,-12,222,-35,219,-58,215,-81,209,-103,201,-124,190,-143,178,-162,165,-178,149,-194,132,-206,114,-218,95,-226,75,-234,54,-238,32,-240,11,-240,-11,-238,-32,-234,-54,-226,-75,-218,-95,-206,-114,-194,-132,-178,-149,-162,-165,-143,-178,-17,-26]],[[1169360,235355,5,-31,219,-160,126,-18,168,95,51,98,30,46,78,77,56,88,-42,79,-95,6,-97,-30,-74,-12,-41,1,-69,-51,-97,-94,-113,-54,-105,-40]],[[1170416,234574,62,8,234,54,100,33,-97,62,-7,22,-78,32,-139,-44,-48,-96,-27,-71]],[[1171062,234765,94,41,35,19,-102,-2,-27,-58]],[[1172355,236398,5,-155,5,-32,40,148,35,214,-85,-175]]]
1805618	n	112.8909,30.4301,113.361,30.8585	[[[1128909,306014,2685,-1713,164,35,66,21,1632,1384,42,103,62,215,38,219,12,222,-12,222,-38,219,-62,215,-86,209,-110,201,-131,190,-153,178,-172,165,-190,149,-206,132,-72,38,-2388,167,-221,-91,-219,-114,-206,-132,-190,-149,-106,-102,-139,-1983]]]
2036973	n	127.1389,50.1083,127.5906,50.4397	[[[1271389,502400,17,-222,50,-219,84,-215,116,-209,147,-201,146,-156,3544,-95,209,219,104,189,61,181,31,192,8,223,-122,119,-1736,554,-502,226,-239,296,11,120,57,125,82,117,91,91,39,78,9,116,-11,222,-93,111,-239,135,-8,-3,-296,-114,-277,-132,-255,-149,-231,-165,-206,-178,-177,-190,-147,-201,-116,-209,-84,-215,-50,-219,-17,-222]]]
1795196	n	108.8065,34.8863,109.3746,35.3461	[[[1088065,350952,30,-15,4109,-2074,11,3,110,54,216,132,199,149,181,165,161,178,138,190,115,201,81,186,-3,1,8,12,116,201,90,209,66,215,39,219,14,222,-14,222,-39,219,-66,215,-90,209,-116,201,-138,190,-161,178,-181,165,-199,149,-217,132,-231,114,-243,95,-254,75,-261,54,-267,32,-269,11,-269,-11,-267,-32,-261,-54,-254,-75,-243,-95,-231,-114,-217,-132,-199,-149,-181,-165,-161,-178,-138,-190,-116,-201,-80,-186,5,-2,-8,-11,-115,-201,-91,-209,-66,-215,-39,-219,-4,-70]]]
1788618	n	117.4229,35.6677,118.0249,36.0881	[[[1174229,358500,1,-17,52,-76,1,-1,998,-1465,1891,-264,1152,1323,1869,1237,56,37,-30,167,-66,215,-92,209,-108,187,-75,74,-648,639,-190,115,-2,1,-3692,-801,-345,-28,-13,-1,-130,-117,-162,-178,-140,-190,-116,-201,-91,-209,-66,-215,-40,-219,-14,-222]]]
1805833	n	111.6287,36.7939,112.1913,37.2461	[[[1116287,370200,14,-222,40,-219,67,-215,93,-209,118,-201,142,-190,165,-178,185,-165,205,-149,221,-132,237,-114,250,-95,259,-75,268,-54,273,-32,276,-11,276,11,273,32,268,54,259,75,250,95,237,114,221,132,205,149,185,165,165,178,142,190,118,201,93,209,67,215,40,219,14,222,-14,222,-40,219,-67,215,-93,209,-118,201,-142,190,-165,178,-185,165,-205,149,-221,132,-237,114,-250,95,-259,75,-268,54,-273,32,-276,11,-276,-11,-273,-32,-268,-54,-259,-75,-250,-95,-237,-114,-221,-132,-205,-149,-185,-165,-165,-178,-142,-190,-118,-201,-93,-209,-67,-215,-40,-219,-14,-222]]]
1790894	n	115.2911,29.6239,115.8089,30.0681	[[[1152911,298500,12,-222,37,-219,62,-215,86,-209,108,-201,131,-190,151,-178,171,-165,188,-149,204,-132,218,-114,230,-95,239,-75,247,-54,251,-32,254,-11,254,11,251,32,247,54,239,75,230,95,218,114,204,132,188,149,26,25,730,1530,2,44,-12,222,-37,219,-62,215,-86,209,-108,201,-131,190,-151,178,-171,165,-188,149,-204,132,-218,114,-230,95,-239,75,-79,17,-85,-19,-2367,-523,-52,-40,-171,-165,-151,-178,-131,-190,-108,-201,-86,-209,-62,-215,-37,-219,-12,-222]]]
1791249	n	106.5289,39.4951,107.1118,39.9061	[[[1065289,396908,139,-59,1,0,4446,-1898,176,101,212,149,193,165,170,178,147,190,123,201,96,209,70,215,42,219,14,222,-14,222,-42,219,-70,215,-96,209,-123,201,-147,190,-170,178,-193,165,-212,149,-230,132,-245,114,-259,95,-270,75,-278,54,-283,32,-286,11,-286,-11,-283,-32,-278,-54,-270,-75,-259,-95,-245,-114,-230,-132,-212,-149,-193,-165,-170,-178,-147,-190,-123,-201,-96,-209,-70,-215,-42,-219,-7,-114]]]
12358616	p	1795196
1805298	p	1814087
1802656	p	1795565
1786577	n	116.68,28.005,117.465,28.5161	[[[1166800,280712,2575,-240,878,-422,244,32,243,54,235,75,227,95,214,114,201,132,185,149,18,17,27,-68,3,0,250,-11,250,11,248,32,242,54,236,75,226,95,215,114,201,132,185,149,168,165,150,178,128,190,107,201,85,209,60,215,37,219,12,222,-12,222,-37,219,-60,215,-85,209,-107,201,-128,190,-150,178,-168,165,-185,149,-201,132,-215,114,-226,95,-236,75,-242,54,-248,32,-250,11,-250,-11,-248,-32,-242,-54,-236,-75,-226,-95,-215,-114,-201,-132,-185,-149,-17,-16,-27,67,-3,0,-250,11,-250,-11,-247,-32,-243,-54,-235,-75,-227,-95,-29,-15,-3,23,-69,16,-247,32,-250,11,-250,-11,-247,-32,-209,-47,-7,-38,-687,-3521]]]
2033824	p	8054802
1783700	n	105.5702,29.9547,106.0337,30.4061	[[[1055702,301800,13,-222,37,-219,62,-215,86,-209,109,-201,131,-190,152,-178,171,-165,189,-149,205,-132,218,-114,231,-95,240,-75,247,-54,252,-32,61,-3,435,203,1796,3451,-29,33,-171,165,-189,149,-205,132,-218,114,-231,95,-240,75,-247,54,-252,32,-255,11,-206,-9,-2042,-1124,-43,-62,-109,-201,-86,-209,-62,-215,-37,-219,-13,-222]]]
1801909	p	1812961
1813253	n	99.9682,26.6439,100.4707,27.0961	[[[999682,268700,13,-222,36,-219,60,-215,83,-209,106,-201,127,-190,29,-36,1394,-885,179,-41,244,-32,247,-11,247,11,244,32,240,54,232,75,224,95,212,114,198,132,183,149,49,49,678,1737,-2,35,-36,219,-60,215,-83,209,-106,201,-127,190,-147,178,-166,165,-183,149,-198,132,-212,114,-224,95,-232,75,-240,54,-244,32,-247,11,-247,-11,-244,-32,-240,-54,-232,-75,-224,-95,-212,-114,-198,-132,-183,-149,-166,-165,-147,-178,-127,-190,-106,-201,-83,-209,-60,-215,-36,-219,-13,-222]]]
2037078	p	12548253
1814082	p	1811103
1817848	n	105.7988,29.6517,106.2242,29.975	[[[1057988,299036,1357,-2150,510,-369,2007,917,380,1062,-1143,1254,-2558,0,-291,-136,-34,-48,-108,-201,-86,-209,-34,-120]]]
1808931	p	1793424
1809380	n	106.4246,28.8844,106.8429,29.2312	[[[1064246,289118,119,-174,84,-100,3153,84,827,2698,-43,105,-70,68,-187,149,-202,132,-216,114,-228,95,-73,23,-1773,-379,-855,-380,-536,-2435]]]
1785710	n	100.5578,21.7939,101.0422,22.2461	[[[1005578,220200,11,-222,35,-219,58,-215,80,-209,102,-201,122,-190,141,-178,160,-165,176,-149,191,-132,204,-114,215,-95,224,-75,230,-54,236,-32,237,-11,237,11,236,32,230,54,224,75,215,95,204,114,191,132,176,149,160,165,141,178,122,190,102,201,80,209,58,215,35,219,11,222,-11,222,-35,219,-58,215,-80,209,-102,201,-122,190,-141,178,-160,165,-176,149,-191,132,-204,114,-215,95,-224,75,-230,54,-236,32,-237,11,-237,-11,-236,-32,-230,-54,-224,-75,-215,-95,-204,-114,-191,-132,-176,-149,-160,-165,-141,-178,-122,-190,-102,-201,-80,-209,-58,-215,-35,-219,-11,-222]]]
6958503	p	13308620
8544703	n	106.8435,28.9409,107.5343,29.4761	[[[1068435,291623,1145,-716,2396,-1498,8,2,228,95,217,114,202,132,187,149,170,165,150,178,73,107,58,-73,33,4,245,54,238,75,228,95,217,114,203,132,187,149,170,165,150,178,130,190,108,201,85,209,62,215,18,107,-55,260,-232,1112,0,1,-14,68,-102,149,-150,178,-170,165,-187,149,-203,132,-217,114,-228,95,-238,75,-245,54,-250,32,-252,11,-252,-11,-250,-32,-245,-54,-238,-75,-228,-95,-217,-114,-203,-132,-187,-149,-170,-165,-150,-178,-72,-106,-57,72,-33,-4,-244,-54,-238,-75,-228,-95,-217,-114,-202,-132,-187,-149,-170,-165,-150,-178,-130,-190,-108,-201,-85,-209,-61,-215,-37,-219,-6,-99]]]
1816329	p	1814906
1787592	p	1816917
1810437	p	1800146
13512708	n	94.1016,29.4239,94.6184,29.8761	[[[941016,296500,12,-222,38,-219,61,-215,86,-209,108,-201,130,-190,151,-178,171,-165,188,-149,203,-132,218,-114,229,-95,239,-75,246,-54,251,-32,253,-11,253,11,251,32,246,54,239,75,229,95,218,114,203,132,188,149,171,165,151,178,130,190,108,201,86,209,61,215,38,219,12,222,-12,222,-38,219,-61,215,-86,209,-108,201,-130,190,-151,178,-171,165,-188,149,-203,132,-218,114,-229,95,-239,75,-246,54,-251,32,-253,11,-253,-11,-251,-32,-246,-54,-239,-75,-229,-95,-218,-114,-203,-132,-188,-149,-171,-165,-151,-178,-130,-190,-108,-201,-86,-209,-61,-215,-38,-219,-12,-222]]]
1803551	p	1785781
1529569	p	1529102
1811764	n	107.2597,26.0041,107.7704,26.4961	[[[1072597,261900,12,-222,36,-219,60,-215,83,-209,105,-201,126,-190,146,-178,165,-165,182,-149,166,-111,2109,82,908,36,175,142,165,165,146,178,126,190,105,201,83,209,60,215,36,219,12,222,-10,186,15,-1,48,174,36,219,12,222,-12,222,-36,219,-59,215,-83,209,-105,201,-127,190,-146,178,-165,165,-182,149,-198,132,-210,114,-223,95,-231,75,-238,54,-244,32,-245,11,-245,-11,-244,-32,-238,-54,-231,-75,-223,-95,-210,-114,-198,-132,-182,-149,-165,-165,-146,-178,-127,-190,-105,-201,-83,-209,-59,-215,-36,-219,-12,-222,10,-187,-13,2,-48,-174,-36,-219,-12,-222]]]
1804850	n	103.0547,23.5207,103.5453,23.9262	[[[1030547,237000,12,-222,36,-219,58,-215,81,-209,103,-201,124,-190,49,-62,1543,-475,2378,402,108,135,124,190,103,201,81,209,58,215,36,219,12,222,-12,222,-36,219,-58,215,-81,209,-103,201,-124,190,-143,178,-162,165,-178,149,-193,132,-207,114,-217,95,-227,75,-234,54,-238,32,-240,11,-240,-11,-238,-32,-234,-54,-227,-75,-217,-95,-207,-114,-193,-132,-178,-149,-162,-165,-143,-178,-124,-190,-103,-201,-81,-209,-58,-215,-36,-219,-12,-222]]]
1804169	n	111.0463,27.4639,111.8456,27.9661	[[[1110463,277400,12,-222,36,-219,61,-215,84,-209,106,-201,128,-190,149,-178,167,-165,184,-149,200,-132,214,-114,225,-95,234,-75,242,-54,58,-7,31,56,97,-79,200,-132,213,-114,225,-95,235,-75,241,-54,246,-32,204,-9,43,2,308,15,189,24,241,54,235,75,179,76,179,-76,235,-75,241,-54,246,-32,249,-11,249,11,173,23,1434,1242,-494,2843,-9,52,-157,84,-225,95,-235,75,-241,54,-246,32,-249,11,-249,-11,-246,-32,-241,-54,-235,-75,-179,-76,-179,76,-235,75,-241,54,-58,7,-30,-55,-97,78,-200,132,-214,114,-225,95,-234,75,-242,54,-246,32,-249,11,-249,-11,-246,-32,-242,-54,-234,-75,-225,-95,-214,-114,-200,-132,-184,-149,-167,-165,-149,-178,-128,-190,-106,-201,-84,-209,-61,-215,-36,-219,-12,-222]]]
1800657	p	1816670
13512503	n	98.6115,25.5939,99.1095,26.0761	[[[986115,258012,2,-34,36,-219,60,-215,82,-209,105,-201,126,-190,145,-178,165,-165,181,-149,6,-4,149,-56,893,-336,2,-1,276,-104,12,-1,245,-11,245,11,242,32,237,54,231,75,221,95,210,114,197,132,181,149,165,165,145,178,126,190,105,201,82,209,60,215,36,219,12,222,-8,150,8,150,-12,222,-35,219,-60,215,-82,209,-105,201,-126,190,-146,178,-164,165,-182,149,-197,132,-210,114,-221,95,-231,75,-237,54,-242,32,-245,11,-245,-11,-242,-32,-237,-54,-231,-75,-221,-95,-210,-114,-197,-132,-182,-149,-164,-165,-146,-178,-126,-190,-20,-39,202,-277,92,-192,51,-40,123,-42,51,-60,26,-126,-22,-134,-53,-125,-71,-98,-116,-83,-401,-285,-146,-53]]]
1805798	p	1814906
1808950	n	107.9577,30.9106,108.6625,31.3961	[[[1079577,311000,13,-222,38,-219,62,-215,87,-209,110,-201,132,-190,154,-178,172,-165,8,-6,1124,-289,2346,946,-1783,3202,-97,-4,-255,-32,-249,-54,-243,-75,-232,-95,-221,-114,-207,-132,-191,-149,-172,-165,-154,-178,-132,-190,-110,-201,-87,-209,-62,-215,-38,-219,-13,-222]],[[1082060,313219,1763,-3167,1790,-114,27,-2,25,16,191,149,173,165,153,178,133,190,110,201,87,209,62,215,38,219,13,222,-13,222,-38,219,-62,215,-87,209,-110,201,-133,190,-153,178,-173,165,-191,149,-207,132,-221,114,-233,95,-242,75,-250,54,-255,32,-257,11,-257,-11,-255,-32,-250,-54,-242,-75,-233,-95,-221,-114,-207,-132,-191,-149,-84,-80]]]
2037411	n	123.7749,40.2239,124.3651,40.6761	[[[1237749,404500,14,-222,43,-219,70,-215,97,-209,124,-201,149,-190,173,-178,194,-165,215,-149,232,-132,249,-114,262,-95,272,-75,281,-54,287,-32,289,-11,289,11,287,32,193,38,1994,1393,61,131,70,215,43,219,14,222,-14,222,-43,219,-70,215,-97,209,-124,201,-149,190,-173,178,-194,165,-215,149,-232,132,-249,114,-262,95,-272,75,-281,54,-287,32,-289,11,-289,-11,-287,-32,-281,-54,-272,-75,-262,-95,-249,-114,-232,-132,-215,-149,-194,-165,-173,-178,-149,-190,-124,-201,-97,-209,-70,-215,-43,-219,-14,-222]]]
1798972	n	116.6751,34.4814,117.218,35.1261	[[[1166751,350965,731,-2382,-172,-449,17,-102,-76,-179,-492,-496,70,-439,871,-203,0,-1052,481,-129,374,87,144,93,800,-140,497,208,1386,-968,283,38,247,264,268,1621,-1629,207,-83,51,-426,943,51,750,450,903,-1255,1359,-78,114,-62,25,-253,75,-261,54,-266,32,-268,11,-268,-11,-266,-32,-261,-54,-253,-75,-243,-95,-58,-29]]]
1811619	p	6642286
1784712	p	1795270
1786378	n	105.7172,29.1795,106.039,29.5188	[[[1057172,293004,574,-916,279,-181,1320,-112,1045,1305,-717,2088,-2127,-879,-374,-1305]]]
1803842	p	1816705
2038670	n	127.1308,49.7539,127.6187,50.1175	[[[1271308,499800,16,-222,51,-219,83,-215,115,-209,147,-201,176,-190,204,-178,231,-165,253,-149,276,-132,294,-114,310,-95,322,-75,333,-54,339,-32,342,-11,342,11,339,32,333,54,322,75,51,16,-800,172,-306,324,-14,220,49,248,93,227,113,159,18,148,-124,187,-272,320,-77,524,199,379,427,448,-3460,92,-137,-119,-176,-190,-147,-201,-115,-209,-83,-215,-51,-219,-16,-222]]]
1792585	n	119.9572,27.1039,120.4515,27.5561	[[[1199572,273300,12,-222,37,-219,60,-215,83,-209,107,-201,127,-190,148,-178,166,-165,184,-149,200,-132,212,-114,225,-95,233,-75,241,-54,245,-32,248,-11,248,11,228,30,-51,60,-53,76,-35,111,114,3,70,-30,128,-144,60,-25,25,5,233,75,225,95,212,114,200,132,184,149,37,37,-63,57,-163,80,-226,-70,182,291,-7,155,-175,175,-45,-68,-15,-27,-14,-42,-63,0,0,62,-145,-92,-127,-106,-88,115,-276,126,-60,134,-74,41,-172,-58,-299,-160,-29,-46,-12,-66,-35,-61,-95,-25,-100,16,-49,46,-20,74,-2,99,161,172,44,70,-2,68,-25,83,-10,96,37,101,172,-148,62,-121,65,-23,180,149,0,69,-81,36,-49,43,-34,56,-36,76,142,-24,104,-56,103,-35,129,40,-44,46,-11,33,-3,45,-17,80,121,-77,47,-49,44,-78,63,49,204,88,-28,-138,-33,-33,-70,-28,76,-74,39,38,-2,11,10,-14,82,-35,-117,-56,-123,-85,-72,-118,39,-151,111,-71,148,9,154,41,140,21,289,-131,292,-498,0,1,142,171,-4,27,-5,33,30,124,93,-16,19,29,107,201,79,201,-524,1466,-353,989,-134,89,-212,114,-225,95,-233,75,-241,54,-245,32,-248,11,-248,-11,-245,-32,-241,-54,-233,-75,-225,-95,-212,-114,-200,-132,-184,-149,-166,-165,-148,-178,-127,-190,-107,-201,-83,-209,-60,-215,-37,-219,-12,-222]]]
1806696	p	1812545
2037086	p	2038632
2038342	n	120.4819,41.5638,121.0812,42.0161	[[[1204819,418204,2491,-2532,195,-22,295,-11,295,11,293,32,286,54,279,75,267,95,253,114,238,132,219,149,198,165,176,178,152,190,127,201,99,209,72,215,44,219,14,222,-14,222,-44,219,-72,215,-99,209,-127,201,-152,190,-176,178,-198,165,-219,149,-238,132,-253,114,-267,95,-279,75,-286,54,-293,32,-295,11,-295,-11,-293,-32,-286,-54,-279,-75,-267,-95,-253,-114,-238,-132,-219,-149,-198,-165,-176,-178,-152,-190,-127,-201,-99,-209,-72,-215,-27,-137]]]
1529651	n	87.7953,47.6239,88.4647,48.0761	[[[877953,478500,17,-222,48,-219,80,-215,110,-209,141,-201,168,-190,196,-178,221,-165,243,-149,264,-132,281,-114,297,-95,310,-75,318,-54,325,-32,328,-11,328,11,325,32,318,54,310,75,297,95,281,114,264,132,243,149,221,165,196,178,168,190,141,201,110,209,80,215,48,219,17,222,-17,222,-48,219,-80,215,-110,209,-141,201,-168,190,-196,178,-221,165,-243,149,-264,132,-281,114,-297,95,-310,75,-318,54,-325,32,-328,11,-328,-11,-325,-32,-318,-54,-310,-75,-297,-95,-281,-114,-264,-132,-243,-149,-221,-165,-196,-178,-168,-190,-141,-201,-110,-209,-80,-215,-48,-219,-17,-222]]]
1809467	n	107.0798,30.1085,107.6002,30.5517	[[[1070798,303300,13,-222,37,-219,62,-215,30,-73,669,-354,2042,-1083,92,-49,712,151,172,70,219,114,205,132,189,149,171,165,152,178,132,190,109,201,86,209,62,215,37,219,13,222,-13,222,-37,219,-58,202,-2394,1255,-609,319,-246,-53,-241,-75,-231,-95,-219,-114,-205,-132,-189,-149,-171,-165,-152,-178,-132,-190,-109,-201,-86,-209,-62,-215,-37,-219,-13,-222]]]
1804578	n	119.6711,37.0754,120.2084,37.4047	[[[1196711,371383,28,-26,367,-346,3494,-257,1468,1404,16,15,-723,1249,-173,126,-222,132,-237,114,-250,95,-261,75,-268,54,-245,29,-415,-201,-467,-138,-234,-106,-126,-165,172,-218,232,-372,106,-353,-198,-156,-857,-532,-129,-135,-83,-153,-538,-102,-457,-33]]]
8416933	p	1814906
1815477	n	105.4039,29.1061,105.7746,29.5803	[[[1054039,293250,52,-31,926,-2158,2729,1027,-574,916,374,1305,-2012,1494,-1495,-2553]]]
7910932	n	99.4561,27.5939,99.9639,28.0461	[[[994561,278200,12,-222,37,-219,60,-215,84,-209,107,-201,128,-190,148,-178,167,-165,185,-149,200,-132,214,-114,225,-95,235,-75,242,-54,246,-32,249,-11,249,11,246,32,242,54,235,75,225,95,214,114,200,132,185,149,167,165,148,178,128,190,107,201,84,209,60,215,37,219,12,222,-12,222,-37,219,-60,215,-84,209,-107,201,-128,190,-148,178,-167,165,-185,149,-200,132,-214,114,-225,95,-235,75,-242,54,-246,32,-249,11,-249,-11,-246,-32,-242,-54,-235,-75,-225,-95,-214,-114,-200,-132,-185,-149,-167,-165,-148,-178,-128,-190,-107,-201,-84,-209,-60,-215,-37,-219,-12,-222]]]
8417605	p	1808212
1529531	n	94.3861,39.9439,94.9739,40.3961	[[[943861,401700,14,-222,42,-219,71,-215,97,-209,123,-201,148,-190,172,-178,194,-165,214,-149,231,-132,248,-114,260,-95,272,-75,280,-54,285,-32,288,-11,288,11,285,32,280,54,272,75,260,95,248,114,231,132,214,149,194,165,172,178,148,190,123,201,97,209,71,215,42,219,14,222,-14,222,-42,219,-71,215,-97,209,-123,201,-148,190,-172,178,-194,165,-214,149,-231,132,-248,114,-260,95,-272,75,-280,54,-285,32,-288,11,-288,-11,-285,-32,-280,-54,-272,-75,-260,-95,-248,-114,-231,-132,-214,-149,-194,-165,-172,-178,-148,-190,-123,-201,-97,-209,-71,-215,-42,-219,-14,-222]]]
1805704	p	1790437
2038584	n	126.1349,41.7139,126.7773,42.3061	[[[1261349,420135,155,-264,1494,-2543,47,-17,279,-75,287,-54,293,-32,296,-11,296,11,293,32,287,54,279,75,268,95,254,114,238,132,158,108,365,958,845,679,286,3195,4,37,-92,51,-255,114,-268,95,-280,75,-288,54,-293,32,-297,11,-297,-11,-293,-32,-288,-54,-280,-75,-268,-95,-255,-114,-239,-132,-220,-149,-199,-165,-177,-178,-153,-190,-71,-113,185,-167,-121,-22,-279,-75,-268,-95,-254,-114,-238,-132,-220,-149,-199,-165,-176,-178,-153,-190,-126,-201,-62,-130]]]
1784617	p	1799629
2038650	p	2037860
2037222	n	124.5117,43.2739,125.1296,43.7261	[[[1245117,435191,1051,-1894,68,-45,244,-132,261,-114,274,-95,286,-75,295,-54,301,-32,303,-11,303,11,301,32,295,54,286,75,274,95,261,114,244,132,225,149,204,165,181,178,156,190,130,201,103,209,74,215,44,219,15,222,-15,222,-44,219,-74,215,-103,209,-130,201,-156,190,-181,178,-204,165,-225,149,-244,132,-261,114,-274,95,-286,75,-295,54,-301,32,-303,11,-303,-11,-301,-32,-295,-54,-286,-75,-274,-95,-261,-114,-244,-132,-225,-149,-204,-165,-181,-178,-156,-190,-130,-201,-103,-209,-74,-215,-44,-219,-2,-31]]]
12492669	n	104.264,32.1839,104.7961,32.6361	[[[1042640,324100,13,-222,38,-219,63,-215,88,-209,112,-201,134,-190,156,-178,175,-165,193,-149,210,-132,224,-114,236,-95,246,-75,253,-54,258,-32,261,-11,261,11,258,32,253,54,246,75,236,95,224,114,210,132,193,149,175,165,156,178,134,190,112,201,88,209,63,215,38,219,13,222,-13,222,-38,219,-63,215,-88,209,-112,201,-134,190,-156,178,-175,165,-193,149,-210,132,-224,114,-236,95,-246,75,-253,54,-258,32,-261,11,-261,-11,-258,-32,-253,-54,-246,-75,-236,-95,-224,-114,-210,-132,-193,-149,-175,-165,-156,-178,-134,-190,-112,-201,-88,-209,-63,-215,-38,-219,-13,-222]]]
1786067	n	112.6296,30.1939,113.1504,30.6014	[[[1126296,304200,12,-222,38,-219,62,-215,86,-209,109,-201,132,-190,152,-178,171,-165,190,-149,205,-132,219,-114,231,-95,241,-75,248,-54,253,-32,255,-11,255,11,253,32,248,54,241,75,231,95,219,114,205,132,190,149,171,165,152,178,132,190,109,201,86,209,62,215,38,219,12,222,-9,164,-2586,1650,-2575,-1439,-26,-153,-12,-222]]]
1784580	p	1787227
1789137	n	113.2111,29.5939,113.7164,30.0209	[[[1132111,298200,13,-222,37,-219,62,-215,86,-209,108,-201,131,-190,151,-178,171,-165,188,-149,204,-132,218,-114,229,-95,240,-75,246,-54,251,-32,254,-11,254,11,251,32,246,54,240,75,229,95,218,114,168,109,858,2458,-73,178,-108,201,-131,190,-151,178,-171,165,-188,149,-204,132,-218,114,-36,15,-92,-35,-3525,-1327,-52,-19,-54,-187,-37,-219,-13,-222]]]
8416626	n	106.7579,29.6039,107.2741,30.017	[[[1067579,299093,1181,-2777,20,-10,229,-95,240,-75,246,-54,251,-32,254,-11,254,11,46,6,46,-6,254,-11,233,10,1150,2142,758,832,-20,276,-3545,620,-630,251,-127,-82,-618,-709,-198,-228,-24,-58]]]
2036401	n	125.5299,43.9239,126.143,44.3737	[[[1255299,442140,2122,-2809,268,-49,304,-32,307,-11,307,11,304,32,298,54,289,75,277,95,264,114,247,132,227,149,206,165,183,178,158,190,132,201,103,209,75,215,45,219,15,222,-15,222,-45,219,-75,215,-103,209,-132,201,-158,190,-183,178,-206,165,-227,149,-247,132,-264,114,-277,95,-289,75,-298,54,-171,18,-2705,-679,-154,-123,-183,-178,-158,-190,-132,-201,-103,-209,-6,-16]]]
1803791	p	1812545
2037620	p	2034937
1794060	n	119.7482,26.6539,120.2387,27.1061	[[[1197482,268800,12,-222,37,-219,60,-215,70,-177,45,138,114,180,164,129,214,79,265,29,-115,-197,-198,-69,-176,-92,-56,-264,114,57,126,19,126,-20,117,-56,-286,-142,-92,-90,-38,-219,69,-83,166,-165,66,-53,6,2,20,-24,91,-74,198,-132,212,-114,127,-54,-60,120,139,229,222,224,115,265,-119,222,14,110,212,47,686,-69,526,105,122,-36,-21,-113,-456,-570,-15,-37,15,-45,3,-38,-41,-16,-104,20,-55,21,-8,21,-112,-135,-140,-281,-95,-56,20,-44,32,-115,16,-35,164,-7,247,11,244,32,240,54,233,75,76,33,-4,9,-15,139,56,121,108,51,134,8,117,29,51,111,-59,116,-140,23,-164,6,-122,72,-25,156,92,133,127,124,86,127,-173,18,-144,72,-114,78,-88,37,-133,15,-154,43,-139,65,-92,82,7,223,190,165,111,127,-233,105,238,0,99,-20,78,-48,56,-47,42,-21,123,10,72,28,68,43,111,55,-71,189,121,85,215,17,213,-18,323,-118,87,-18,96,18,50,33,45,43,88,42,-74,137,47,47,40,57,-61,152,-1,2,-66,7,-120,-36,-143,-24,-126,21,-383,184,445,-5,229,27,61,23,-1,2,-128,190,-147,178,-166,165,-183,149,-198,132,-212,114,-223,95,-233,75,-240,54,-244,32,-247,11,-247,-11,-244,-32,-240,-54,-190,-62,-1586,-1898,-11,-204]]]
2036920	p	2036389
1792520	p	1816670
1818116	p	1795940
1799389	n	100.796,22.8755,101.2841,23.2662	[[[1007960,230400,11,-222,35,-219,59,-215,80,-209,7,-14,3918,-766,56,46,160,165,143,178,123,190,103,201,80,209,59,215,35,219,11,222,-11,222,-35,219,-59,215,-80,209,-103,201,-123,190,-143,178,-160,165,-178,149,-192,132,-206,114,-216,95,-226,75,-232,54,-237,32,-239,11,-239,-11,-237,-32,-232,-54,-226,-75,-216,-95,-206,-114,-192,-132,-178,-149,-160,-165,-143,-178,-123,-190,-103,-201,-80,-209,-59,-215,-35,-219,-11,-222]]]
1811200	n	116.2275,34.4736,116.77,35.0961	[[[1162275,346083,12,-39,90,-209,115,-201,138,-190,159,-178,180,-165,199,-149,113,-69,733,214,1005,-51,1627,-310,392,892,662,35,0,1052,-871,203,-70,439,492,496,76,179,-17,102,172,449,-730,2376,-52,2,-161,-7,-918,-2139,-3078,269,213,-1134,-362,-1606,-110,-242,-9,-19]]]
1529167	n	82.7711,46.5139,83.2877,46.9651	[[[827712,465554,67,-34,276,-114,291,-95,303,-75,312,-54,318,-32,321,-11,321,11,318,32,312,54,303,75,291,95,276,114,258,132,238,149,216,165,192,178,165,190,138,201,108,209,78,215,47,219,16,222,-16,222,-47,219,-78,215,-108,209,-138,201,-165,190,-192,178,-216,165,-238,149,-258,132,-276,114,-291,95,-303,75,-312,54,-315,32,-6,-63,-63,-162,-1465,-2101,-678,-1770]]]
1784554	n	111.2399,30.0739,111.7338,30.5261	[[[1112399,303000,12,-222,38,-219,62,-215,86,-209,109,-201,131,-190,152,-178,172,-165,189,-149,205,-132,219,-114,231,-95,240,-75,248,-54,252,-32,255,-11,255,11,252,32,248,54,240,75,231,95,219,114,205,132,189,149,172,165,152,178,131,190,44,82,-2226,3240,-112,5,-255,-11,-252,-32,-248,-54,-240,-75,-231,-95,-219,-114,-205,-132,-189,-149,-172,-165,-152,-178,-131,-190,-109,-201,-86,-209,-62,-215,-38,-219,-12,-222]]]
2035644	p	2036427
8416218	p	1810979
1797632	n	108.4232,24.2739,108.9168,24.7261	[[[1084232,245000,12,-222,35,-219,59,-215,82,-209,103,-201,125,-190,144,-178,163,-165,179,-149,195,-132,208,-114,219,-95,228,-75,235,-54,239,-32,242,-11,242,11,239,32,235,54,228,75,219,95,208,114,195,132,179,149,163,165,144,178,125,190,103,201,82,209,59,215,35,219,12,222,-12,222,-35,219,-59,215,-82,209,-103,201,-125,190,-144,178,-163,165,-179,149,-195,132,-208,114,-219,95,-228,75,-235,54,-239,32,-242,11,-242,-11,-239,-32,-235,-54,-228,-75,-219,-95,-208,-114,-195,-132,-179,-149,-163,-165,-144,-178,-125,-190,-103,-201,-82,-209,-59,-215,-35,-219,-12,-222]]]
1788669	p	1796236
2033413	n	128.5464,47.4938,129.2138,47.8483	[[[1285464,477176,14,-198,48,-219,80,-215,110,-209,140,-201,168,-190,196,-178,220,-165,242,-149,263,-132,281,-114,297,-95,308,-75,318,-54,324,-32,327,-11,327,11,324,32,318,54,308,75,297,95,281,114,263,132,242,149,220,165,196,178,168,190,140,201,110,209,80,215,48,219,16,222,-16,222,-48,219,-80,215,-110,209,-140,201,-168,190,-30,27,-6082,-1307]]]
1919014	p	1817720
1809879	n	113.7363,31.3939,114.2637,31.8461	[[[1137363,316200,12,-222,38,-219,63,-215,87,-209,111,-201,133,-190,154,-178,174,-165,192,-149,208,-132,222,-114,234,-95,243,-75,251,-54,256,-32,259,-11,259,11,256,32,251,54,243,75,234,95,222,114,208,132,192,149,174,165,154,178,133,190,111,201,87,209,63,215,38,219,12,222,-12,222,-38,219,-63,215,-87,209,-111,201,-133,190,-154,178,-174,165,-192,149,-208,132,-222,114,-234,95,-243,75,-251,54,-256,32,-259,11,-259,-11,-256,-32,-251,-54,-243,-75,-234,-95,-222,-114,-208,-132,-192,-149,-174,-165,-154,-178,-133,-190,-111,-201,-87,-209,-63,-215,-38,-219,-12,-222]]]
1808872	n	119.3877,26.8639,119.8923,27.3161	[[[1193877,270900,13,-222,36,-219,60,-215,83,-209,106,-201,128,-190,147,-178,166,-165,184,-149,199,-132,212,-114,179,-76,193,-37,620,-121,2,0,155,-31,40,-2,247,11,245,32,240,54,189,61,171,206,1,1,1419,1699,11,197,-13,222,-36,219,-60,215,-83,209,-106,201,-128,190,-147,178,-166,165,-184,149,-199,132,-212,114,-224,95,-233,75,-240,54,-245,32,-247,11,-247,-11,-245,-32,-240,-54,-233,-75,-224,-95,-212,-114,-199,-132,-184,-149,-166,-165,-147,-178,-128,-190,-106,-201,-83,-209,-60,-215,-36,-219,-13,-222]]]
2033168	n	125.6264,45.8239,126.2627,46.2761	[[[1256264,460500,16,-222,46,-219,77,-215,107,-209,136,-201,163,-190,190,-178,213,-165,235,-149,255,-132,273,-114,287,-95,299,-75,308,-54,314,-32,317,-11,317,11,314,32,308,54,299,75,287,95,273,114,255,132,235,149,213,165,190,178,163,190,136,201,107,209,30,84,-409,449,-2108,2315,-28,31,-265,27,-317,11,-317,-11,-314,-32,-308,-54,-299,-75,-287,-95,-273,-114,-255,-132,-235,-149,-213,-165,-190,-178,-163,-190,-136,-201,-107,-209,-77,-215,-46,-219,-16,-222]]]
1529085	n	87.2382,43.975,87.833,44.3861	[[[872382,442579,2893,-2829,2264,351,81,65,183,178,158,190,131,201,104,209,74,215,45,219,15,222,-15,222,-45,219,-74,215,-104,209,-131,201,-158,190,-183,178,-206,165,-228,149,-247,132,-263,114,-278,95,-289,75,-298,54,-304,32,-307,11,-307,-11,-304,-32,-298,-54,-289,-75,-278,-95,-263,-114,-247,-132,-228,-149,-206,-165,-183,-178,-158,-190,-57,-87]]]
1789273	p	1811103
1816265	n	117.5507,36.2674,118.1093,36.6512	[[[1175507,364800,13,-222,41,-219,66,-215,26,-58,3447,-1412,1881,1496,58,189,41,219,13,222,-13,222,-33,177,-2205,1313,-1695,-35,-1633,-1569,-7,-108]]]
1814786	n	111.5375,21.9614,112.0152,22.3961	[[[1115375,221700,12,-222,35,-219,57,-215,81,-209,101,-201,123,-190,141,-178,160,-165,177,-149,191,-132,204,-114,208,-92,3287,2625,-31,117,-81,209,-101,201,-123,190,-141,178,-160,165,-177,149,-191,132,-204,114,-215,95,-224,75,-231,54,-235,32,-238,11,-238,-11,-235,-32,-231,-54,-224,-75,-215,-95,-204,-114,-191,-132,-177,-149,-160,-165,-141,-178,-123,-190,-101,-201,-81,-209,-57,-215,-35,-219,-12,-222]]]
1812728	n	114.7162,38.2959,115.277,38.7461	[[[1147162,385876,2076,-2559,1024,-358,198,23,273,54,265,75,255,95,242,114,226,132,209,149,189,165,168,178,144,190,121,201,95,209,68,215,42,219,13,222,-13,222,-42,219,-68,215,-95,209,-121,201,-144,190,-168,178,-189,165,-209,149,-226,132,-242,114,-255,95,-265,75,-273,54,-279,32,-281,11,-281,-11,-279,-32,-273,-54,-265,-75,-255,-95,-242,-114,-226,-132,-209,-149,-189,-165,-168,-178,-144,-190,-121,-201,-86,-189]]]
1798919	p	1785412
1815302	p	1795940
2035980	p	2037860
2037201	n	121.4897,41.3739,122.0248,41.8258	[[[1214897,416000,14,-222,44,-219,71,-215,99,-209,126,-201,152,-190,176,-178,197,-165,219,-149,237,-132,252,-114,267,-95,277,-75,286,-54,292,-32,294,-11,294,11,292,32,286,54,277,75,267,95,252,114,237,132,219,149,197,165,27,26,-1433,3560,-43,12,-286,54,-292,32,-213,8,-1750,-378,-236,-132,-219,-149,-197,-165,-176,-178,-152,-190,-126,-201,-99,-209,-71,-215,-44,-219,-14,-222]]]
2037534	n	127.9307,43.1439,128.4317,43.5919	[[[1279307,433150,37,-106,102,-209,129,-201,156,-190,181,-178,203,-165,225,-149,244,-132,260,-114,274,-95,285,-75,294,-54,300,-32,303,-11,303,11,300,32,221,41,1193,3887,-57,38,-244,132,-260,114,-274,95,-285,75,-294,54,-10,1,-3586,-2769]]]
2034638	p	2034937
2036876	p	2037860
1786676	n	111.6067,34.5139,112.1533,34.9661	[[[1116067,347400,13,-222,40,-219,65,-215,90,-209,115,-201,138,-190,159,-178,181,-165,198,-149,216,-132,230,-114,242,-95,253,-75,260,-54,265,-32,268,-11,268,11,265,32,260,54,253,75,242,95,230,114,216,132,198,149,181,165,159,178,138,190,115,201,90,209,65,215,40,219,13,222,-13,222,-40,219,-65,215,-90,209,-115,201,-138,190,-159,178,-181,165,-198,149,-216,132,-230,114,-242,95,-253,75,-260,54,-265,32,-268,11,-268,-11,-265,-32,-260,-54,-253,-75,-242,-95,-230,-114,-216,-132,-198,-149,-181,-165,-159,-178,-138,-190,-115,-201,-90,-209,-65,-215,-40,-219,-13,-222]]]
1793092	n	119.1482,30.6839,119.6718,31.1361	[[[1191482,309100,13,-222,38,-219,62,-215,87,-209,110,-201,132,-190,153,-178,172,-165,190,-149,207,-132,220,-114,232,-95,242,-75,249,-54,254,-32,257,-11,257,11,254,32,249,54,242,75,232,95,220,114,207,132,190,149,172,165,153,178,132,190,110,201,87,209,62,215,38,219,13,222,-7,112,-241,841,-62,113,-132,190,-153,178,-172,165,-190,149,-207,132,-220,114,-232,95,-242,75,-249,54,-254,32,-257,11,-257,-11,-254,-32,-249,-54,-242,-75,-232,-95,-220,-114,-207,-132,-190,-149,-172,-165,-153,-178,-132,-190,-110,-201,-87,-209,-62,-215,-38,-219,-13,-222]]]
1788816	n	114.9353,37.7039,115.5047,38.1561	[[[1149353,379300,13,-222,41,-219,68,-215,95,-209,119,-201,144,-190,166,-178,188,-165,207,-149,224,-132,240,-114,252,-95,263,-75,272,-54,276,-32,279,-11,279,11,276,32,272,54,263,75,252,95,240,114,224,132,39,28,1001,1693,1,27,-13,222,-41,219,-68,215,-95,209,-119,201,-144,190,-166,178,-188,165,-207,149,-224,132,-240,114,-252,95,-263,75,-272,54,-276,32,-279,11,-279,-11,-276,-32,-272,-54,-263,-75,-252,-95,-49,-23,-1446,-1801,-10,-170]]]
1793700	p	1796989
2038679	p	2037013
2037075	p	2035715
1786395	n	109.1279,30.7939,109.7533,31.2454	[[[1091279,310200,13,-222,38,-219,62,-215,87,-209,110,-201,132,-190,153,-178,173,-165,191,-149,206,-132,221,-114,232,-95,242,-75,250,-54,254,-32,257,-11,257,11,93,12,93,-12,257,-11,257,11,254,32,250,54,242,75,232,95,221,114,86,55,11,-25,4,0,254,32,250,54,242,75,233,95,221,114,176,114,-347,3523,-2748,-113,-188,38,-519,172,-88,-4,-254,-32,-250,-54,-242,-75,-232,-95,-221,-114,-206,-132,-191,-149,-173,-165,-153,-178,-132,-190,-110,-201,-87,-209,-62,-215,-38,-219,-13,-222]]]
8417607	p	1808212
8408334	n	108.5219,29.3039,109.0381,29.7561	[[[1085219,295300,12,-222,38,-219,61,-215,85,-209,109,-201,130,-190,151,-178,170,-165,188,-149,203,-132,217,-114,229,-95,239,-75,245,-54,251,-32,253,-11,253,11,251,32,245,54,239,75,229,95,217,114,203,132,188,149,170,165,151,178,130,190,109,201,85,209,61,215,38,219,12,222,-12,222,-38,219,-61,215,-85,209,-109,201,-130,190,-151,178,-170,165,-188,149,-203,132,-217,114,-229,95,-239,75,-245,54,-251,32,-253,11,-253,-11,-251,-32,-245,-54,-239,-75,-229,-95,-217,-114,-203,-132,-188,-149,-170,-165,-151,-178,-130,-190,-109,-201,-85,-209,-61,-215,-38,-219,-12,-222]]]
1805844	n	115.0975,33.0339,115.6286,33.4854	[[[1150975,332128,55,-184,89,-209,112,-201,136,-190,157,-178,177,-165,195,-149,212,-132,226,-114,238,-95,248,-75,256,-54,261,-32,263,-11,263,11,261,32,256,54,248,75,238,95,226,114,212,132,195,149,177,165,157,178,136,190,112,201,89,209,64,215,39,219,13,222,-13,222,-39,219,-64,215,-89,209,-112,201,-136,190,-157,178,-177,165,-195,149,-212,132,-226,114,-238,95,-248,75,-256,54,-261,32,-93,4,-7,-3,-1,0,-1030,-340,-1757,-2383]]]
1281105	n	96.7422,32.7739,97.2778,33.2261	[[[967422,330000,13,-222,39,-219,64,-215,88,-209,112,-201,136,-190,156,-178,177,-165,194,-149,211,-132,226,-114,237,-95,248,-75,255,-54,260,-32,262,-11,262,11,260,32,255,54,248,75,237,95,226,114,211,132,194,149,177,165,156,178,136,190,112,201,88,209,64,215,39,219,13,222,-13,222,-39,219,-64,215,-88,209,-112,201,-136,190,-156,178,-177,165,-194,149,-211,132,-226,114,-237,95,-248,75,-255,54,-260,32,-262,11,-262,-11,-260,-32,-255,-54,-248,-75,-237,-95,-226,-114,-211,-132,-194,-149,-177,-165,-156,-178,-136,-190,-112,-201,-88,-209,-64,-215,-39,-219,-13,-222]]]
8406214	n	107.5795,29.6439,107.9801,30.0961	[[[1075795,297610,715,-1062,38,-12,247,-54,251,-32,254,-11,254,11,251,32,247,54,239,75,230,95,218,114,204,132,188,149,171,165,151,178,131,190,109,201,85,209,23,79,-1252,2556,-28,15,-230,95,-239,75,-247,54,-251,32,-254,11,-254,-11,-251,-32,-247,-54,-227,-71,-526,-3183]]]
1794371	n	115.4744,23.7448,116.1458,24.1663	[[[1154744,238800,12,-222,35,-219,33,-121,3995,-620,371,-118,163,-52,6,4,178,149,129,131,64,-90,211,69,218,95,207,114,193,132,179,149,162,165,144,178,124,190,103,201,81,209,59,215,35,219,12,222,-12,222,-35,219,-59,215,-81,209,-72,139,-1730,859,-1622,-1200,-458,-73,-867,-692,-1768,-715,-10,-183]]]
2034996	p	1797595
1785916	p	1816917
2036776	n	126.4331,42.7438,127.0469,43.1961	[[[1264331,429700,15,-222,44,-219,73,-215,101,-209,129,-201,155,-190,179,-178,203,-165,223,-149,242,-132,258,-114,272,-95,284,-75,292,-54,298,-32,301,-11,301,11,298,32,292,54,284,75,272,95,258,114,242,132,223,149,203,165,179,178,155,190,129,201,101,209,73,215,44,219,15,222,-15,222,-44,219,-73,215,-101,209,-129,201,-155,190,-179,178,-203,165,-223,149,-242,132,-258,114,-272,95,-284,75,-292,54,-298,32,-301,11,-301,-11,-298,-32,-292,-54,-284,-75,-272,-95,-258,-114,-242,-132,-223,-149,-203,-165,-179,-178,-155,-190,-129,-201,-101,-209,-73,-215,-44,-219,-15,-222]]]
10020191	n	105.1796,26.0039,105.6804,26.4561	[[[1051796,262300,12,-222,37,-219,59,-215,83,-209,105,-201,126,-190,147,-178,165,-165,182,-149,197,-132,211,-114,222,-95,231,-75,239,-54,243,-32,245,-11,245,11,243,32,239,54,231,75,222,95,211,114,197,132,182,149,165,165,147,178,126,190,105,201,83,209,59,215,37,219,12,222,-12,222,-37,219,-59,215,-83,209,-105,201,-126,190,-147,178,-165,165,-182,149,-197,132,-211,114,-222,95,-231,75,-239,54,-243,32,-245,11,-245,-11,-243,-32,-239,-54,-231,-75,-222,-95,-211,-114,-197,-132,-182,-149,-165,-165,-147,-178,-126,-190,-105,-201,-83,-209,-59,-215,-37,-219,-12,-222]]]
2037335	n	124.5014,44.9039,125.1483,45.4061	[[[1245014,451800,15,-222,46,-219,76,-215,13,-25,6170,862,39,5,-2,36,-46,219,-76,215,-76,150,-674,360,-2033,1086,-266,9,-312,-11,-310,-32,-303,-54,-294,-75,-283,-95,-268,-114,-251,-132,-232,-149,-210,-165,-186,-178,-161,-190,-134,-201,-105,-209,-76,-215,-46,-219,-15,-222]],[[1245130,451114,2,-36,46,-219,76,-215,105,-209,134,-201,160,-190,186,-178,210,-165,232,-149,250,-132,268,-114,283,-95,294,-75,303,-54,309,-32,312,-11,312,11,309,32,303,54,294,75,283,95,268,114,250,132,232,149,210,165,186,178,160,190,134,201,105,209,76,215,46,219,15,222,-15,222,-46,219,-76,215,-12,25,-6204,-867]]]
2034135	n	118.7133,42.7039,119.3267,43.1561	[[[1187133,429300,15,-222,44,-219,73,-215,101,-209,129,-201,155,-190,179,-178,202,-165,223,-149,242,-132,258,-114,272,-95,284,-75,292,-54,297,-32,301,-11,301,11,297,32,292,54,284,75,272,95,258,114,242,132,223,149,202,165,179,178,155,190,129,201,101,209,73,215,44,219,15,222,-15,222,-44,219,-73,215,-101,209,-129,201,-155,190,-179,178,-202,165,-223,149,-242,132,-258,114,-272,95,-284,75,-292,54,-297,32,-301,11,-301,-11,-297,-32,-292,-54,-284,-75,-272,-95,-258,-114,-242,-132,-223,-149,-202,-165,-179,-178,-155,-190,-129,-201,-101,-209,-73,-215,-44,-219,-15,-222]]]
1815427	n	117.6063,31.3739,118.1337,31.8261	[[[1176063,316000,13,-222,38,-219,63,-215,87,-209,111,-201,133,-190,154,-178,174,-165,191,-149,208,-132,222,-114,234,-95,244,-75,251,-54,256,-32,258,-11,258,11,256,32,251,54,244,75,234,95,222,114,208,132,191,149,174,165,154,178,133,190,111,201,87,209,63,215,38,219,13,222,-13,222,-38,219,-63,215,-87,209,-111,201,-133,190,-154,178,-174,165,-191,149,-208,132,-222,114,-234,95,-244,75,-251,54,-256,32,-258,11,-258,-11,-256,-32,-251,-54,-244,-75,-234,-95,-222,-114,-208,-132,-191,-149,-174,-165,-154,-178,-133,-190,-111,-201,-87,-209,-63,-215,-38,-219,-13,-222]]]
12489673	n	107.5969,30.4339,107.9727,30.8861	[[[1075969,308289,1273,-3913,202,-26,256,-11,256,11,253,32,249,54,241,75,232,95,219,114,206,132,190,149,172,165,9,10,-965,3487,-63,26,-241,75,-249,54,-253,32,-256,11,-256,-11,-253,-32,-249,-54,-241,-75,-232,-95,-219,-114,-206,-132,-75,-59]]]
6559683	p	1280737
1805857	n	115.7043,22.746,115.9634,23.0162	[[[1157043,228509,326,8,263,-102,131,-92,88,-66,53,-38,80,-24,64,-44,51,-68,29,-88,19,-134,-11,-98,-71,20,-51,86,-20,78,-44,56,-70,-25,25,-106,50,-172,23,-156,122,-83,160,5,172,234,117,88,286,158,202,-52,296,166,62,15,185,-28,54,83,-848,2031,-1743,-1652]]]
1808612	n	105.6003,28.5839,106.0863,28.9199	[[[1056003,287463,56,-457,110,-162,150,-178,169,-165,186,-149,202,-132,216,-114,227,-95,237,-75,244,-54,249,-32,251,-11,251,11,249,32,244,54,237,75,227,95,216,114,202,132,186,149,169,165,150,178,129,190,108,201,85,209,61,215,37,219,12,222,-9,165,-2552,892,-634,42,-1504,-1175,-161,-561]]]
7845495	p	1797798
1922014	n	117.7762,27.5339,118.2838,27.9861	[[[1177762,277600,12,-222,37,-219,60,-215,84,-209,107,-201,128,-190,148,-178,167,-165,185,-149,200,-132,214,-114,225,-95,234,-75,242,-54,246,-32,249,-11,249,11,246,32,242,54,234,75,225,95,214,114,200,132,185,149,167,165,148,178,128,190,107,201,84,209,60,215,37,219,12,222,-12,222,-37,219,-60,215,-84,209,-107,201,-128,190,-148,178,-167,165,-185,149,-200,132,-214,114,-225,95,-234,75,-242,54,-246,32,-249,11,-249,-11,-246,-32,-242,-54,-234,-75,-225,-95,-214,-114,-200,-132,-185,-149,-167,-165,-148,-178,-128,-190,-107,-201,-84,-209,-60,-215,-37,-219,-12,-222]]]
7303248	p	1805953
2036597	n	123.8177,50.1939,124.4725,50.6461	[[[1238177,503043,92,-99,206,-178,233,-165,256,-149,278,-132,296,-114,313,-95,326,-75,335,-54,343,-32,345,-11,345,11,343,32,335,54,326,75,313,95,296,114,278,132,256,149,233,165,206,178,178,190,147,201,117,209,84,215,51,219,17,222,-17,222,-51,219,-84,215,-117,209,-147,201,-178,190,-206,178,-233,165,-256,149,-278,132,-296,114,-313,95,-326,75,-335,54,-343,32,-345,11,-345,-11,-343,-32,-335,-54,-248,-57,-730,-1360,-1022,-1904]]]
1794806	n	106.555,39.0039,107.0599,39.3994	[[[1065550,391758,1162,-1581,146,-41,276,-54,282,-32,284,-11,284,11,282,32,276,54,267,75,258,95,244,114,228,132,211,149,191,165,170,178,146,190,122,201,95,209,70,215,41,219,14,222,-14,222,-41,219,-70,215,-95,209,-122,201,-146,190,-170,178,-191,165,-134,95,-4066,-631,0,-1605]]]
1810240	p	13512502
12022102	n	78.7674,39.6439,79.3526,40.0961	[[[787674,398700,14,-222,42,-219,70,-215,97,-209,122,-201,148,-190,171,-178,193,-165,213,-149,230,-132,247,-114,259,-95,271,-75,278,-54,284,-32,287,-11,287,11,284,32,278,54,271,75,259,95,247,114,230,132,213,149,193,165,171,178,148,190,122,201,97,209,70,215,42,219,14,222,-14,222,-42,219,-70,215,-97,209,-122,201,-148,190,-171,178,-193,165,-213,149,-230,132,-247,114,-259,95,-271,75,-278,54,-284,32,-287,11,-287,-11,-284,-32,-278,-54,-271,-75,-259,-95,-247,-114,-230,-132,-213,-149,-193,-165,-171,-178,-148,-190,-122,-201,-97,-209,-70,-215,-42,-219,-14,-222]]]
1795055	p	1809858
8419424	p	1786378
1805962	p	10630003
1798473	n	113.6337,29.4939,114.1357,29.9461	[[[1136337,296516,74,-181,108,-201,131,-190,151,-178,170,-165,188,-149,204,-132,218,-114,229,-95,239,-75,247,-54,251,-32,253,-11,253,11,251,32,247,54,239,75,229,95,218,114,204,132,188,149,170,165,151,178,131,190,108,201,86,209,61,215,21,125,-755,1936,-161,128,-204,132,-218,114,-229,95,-239,75,-247,54,-251,32,-253,11,-253,-11,-251,-32,-247,-54,-239,-75,-229,-95,-218,-114,-170,-110,-856,-2454]]]
1791272	n	110.3786,26.5039,110.8814,26.9561	[[[1103786,267300,12,-222,36,-219,60,-215,83,-209,105,-201,127,-190,147,-178,166,-165,183,-149,198,-132,212,-114,223,-95,232,-75,239,-54,245,-32,246,-11,246,11,245,32,239,54,232,75,223,95,212,114,198,132,183,149,166,165,147,178,127,190,105,201,83,209,60,215,36,219,12,222,-12,222,-36,219,-60,215,-83,209,-105,201,-127,190,-147,178,-166,165,-183,149,-198,132,-212,114,-223,95,-232,75,-239,54,-245,32,-246,11,-246,-11,-245,-32,-239,-54,-232,-75,-223,-95,-212,-114,-198,-132,-183,-149,-166,-165,-147,-178,-127,-190,-105,-201,-83,-209,-60,-215,-36,-219,-12,-222]]]
2033225	n	122.4043,47.7839,123.0757,48.2361	[[[1224043,480100,16,-222,49,-219,80,-215,111,-209,140,-201,170,-190,196,-178,221,-165,244,-149,265,-132,283,-114,297,-95,311,-75,319,-54,326,-32,329,-11,329,11,326,32,319,54,311,75,297,95,283,114,265,132,244,149,221,165,196,178,170,190,140,201,111,209,80,215,49,219,16,222,-16,222,-49,219,-80,215,-111,209,-140,201,-170,190,-196,178,-221,165,-244,149,-265,132,-283,114,-297,95,-311,75,-319,54,-326,32,-329,11,-329,-11,-326,-32,-319,-54,-311,-75,-297,-95,-283,-114,-265,-132,-244,-149,-221,-165,-196,-178,-170,-190,-140,-201,-111,-209,-80,-215,-49,-219,-16,-222]]]
1811028	p	1801640
1813344	p	12324556
1801401	p	1804651
1808336	n	115.5852,23.2039,116.0639,23.6344	[[[1155852,234300,12,-222,35,-219,59,-215,81,-209,102,-201,124,-190,143,-178,161,-165,178,-149,193,-132,206,-114,217,-95,227,-75,232,-54,238,-32,240,-11,240,11,238,32,232,54,227,75,14,6,1388,2748,-78,200,-102,201,-124,190,-143,178,-161,165,-178,149,-193,132,-206,114,-115,50,-3347,-1299,-34,-89,-59,-215,-35,-219,-12,-222]]]
2035002	n	127.6812,44.9839,128.3188,45.4362	[[[1276812,452100,16,-222,46,-219,76,-215,105,-209,134,-201,161,-190,186,-178,210,-165,232,-149,251,-132,268,-114,283,-95,295,-75,303,-54,310,-32,312,-11,312,11,310,32,303,54,295,75,283,95,268,114,251,132,232,149,210,165,186,178,161,190,134,201,105,209,76,215,46,219,16,222,-16,222,-46,219,-76,215,-105,209,-134,201,-161,190,-186,178,-210,165,-232,149,-251,132,-268,114,-283,95,-295,75,-303,54,-310,32,-312,11,-312,-11,-310,-32,-303,-54,-295,-75,-283,-95,-268,-114,-251,-132,-232,-149,-210,-165,-186,-178,-161,-190,-134,-201,-105,-209,-76,-215,-46,-219,-16,-222]]]
2034834	n	125.9903,45.1539,126.6297,45.6061	[[[1259903,453800,15,-222,46,-219,76,-215,106,-209,134,-201,162,-190,186,-178,211,-165,233,-149,252,-132,269,-114,283,-95,296,-75,304,-54,311,-32,313,-11,313,11,311,32,304,54,296,75,283,95,269,114,252,132,233,149,211,165,186,178,162,190,134,201,106,209,76,215,46,219,15,222,-15,222,-46,219,-76,215,-106,209,-134,201,-122,143,-1257,807,-217,73,-296,75,-304,54,-311,32,-313,11,-313,-11,-311,-32,-304,-54,-296,-75,-283,-95,-269,-114,-252,-132,-233,-149,-211,-165,-186,-178,-162,-190,-134,-201,-106,-209,-76,-215,-46,-219,-15,-222]]]
1791056	p	1814870
1913126	p	6986104
1805935	n	115.8786,22.813,116.2221,23.1031	[[[1158786,230161,848,-2031,27,42,306,195,151,13,143,71,113,58,105,9,59,34,224,127,111,218,-160,81,-294,245,2,106,449,-263,367,-119,-324,-263,-66,-186,110,-239,179,70,161,62,152,87,261,167,291,321,145,119,64,105,11,6,-1909,1834,-88,-12,-232,-54,-225,-75,-216,-95,-205,-114,-192,-132,-178,-149,-160,-165,-19,-23,-11,-50]]]
1812138	n	107.758,21.4316,108.2055,21.7761	[[[1077580,216581,21,1,178,-22,337,-82,208,-84,75,-95,46,-124,110,-172,122,-111,284,-198,349,-352,132,-34,470,-451,0,-56,-185,-198,-74,-130,-14,-157,68,0,459,388,266,112,374,41,0,74,-196,31,-134,-30,-114,-50,-140,-25,-85,67,-25,141,74,124,210,16,-122,28,-362,251,111,59,148,9,149,-33,249,-159,142,6,59,89,-107,165,122,12,143,-45,130,4,90,160,61,-88,74,-36,40,27,-39,97,69,68,227,-104,184,43,291,233,-11,39,-3,0,0,12,-29,110,-1009,1250,-165,92,-214,95,-223,75,-230,54,-234,32,-237,11,-237,-11,-234,-32,-230,-54,-223,-75,-214,-95,-203,-114,-191,-132,-175,-149,-159,-165,-142,-178,-112,-175]]]
1798655	n	106.6661,21.9384,107.0009,22.3261	[[[1066661,223002,15,-15,5,-32,-1,-21,-18,-27,3,-38,19,-24,17,-6,16,-4,18,15,60,-7,13,-6,29,-35,13,-3,16,8,36,-19,5,-23,-13,-40,-39,-35,-13,-40,61,-81,-10,-57,33,-52,-12,-34,26,-14,10,-15,-1,-23,-17,-31,20,-10,2,-20,22,-33,10,-28,-3,-12,16,-11,24,-3,-3,-30,-31,-6,-6,-11,0,-84,-37,-39,-30,-15,-43,-10,-91,21,0,-10,22,-11,3,-13,-10,-60,-55,-86,-8,-7,-38,-1,34,-52,14,-1,17,-14,0,-30,24,-10,-6,-53,51,-14,38,-45,44,3,7,-18,16,-10,49,5,14,16,28,-3,33,-44,1,-35,-6,-7,-41,11,-44,-24,-11,-75,-11,-17,7,-16,-15,-11,-19,-4,-14,-18,-25,-15,3,-9,31,-24,16,-3,12,-14,-11,-28,10,-10,-1,-14,-21,-63,7,-10,-3,-17,20,-10,10,-13,-3,-53,17,-25,13,-6,2,-16,115,-51,0,-18,33,-38,-18,-21,10,-21,-8,-22,-17,-9,-22,-34,-24,-5,14,-196,-8,-7,-26,0,-22,-61,-32,-32,-8,-21,5,-16,19,-14,-26,-40,3,-25,18,-18,67,-30,2,-54,30,-48,-5,-25,-15,-18,-24,-1,-22,-15,9,-24,-19,-14,-12,-33,-9,-9,-33,-2,-41,-34,-28,-35,-19,-5,-7,-16,-15,2,-21,-38,13,-20,-10,-66,7,-16,-8,-45,3,-18,21,-48,58,-50,3,-11,310,324,64,13,82,-26,-4,18,48,11,37,-6,41,6,94,45,46,-9,6,7,14,-1,39,-5,60,-31,34,-47,38,-9,21,4,24,-52,17,-70,-4,-15,19,-11,10,6,15,29,34,4,13,-29,-7,-28,3,-24,27,-44,46,22,4,-3,-2,-54,7,-10,44,-13,26,-16,21,8,20,-9,23,12,16,-7,31,15,12,-1,10,-14,24,21,52,-8,9,13,-11,20,4,35,18,19,49,5,65,-51,29,21,36,15,45,-17,41,30,15,-24,52,17,18,-23,56,-6,12,11,35,6,36,-19,19,1,26,-15,16,-21,23,5,27,-13,17,4,61,-40,45,5,61,32,29,-2,26,-14,10,-22,0,-23,34,-37,8,-28,-1,-39,-6,-21,-20,-26,15,-21,17,-60,21,-6,29,-43,-1,-33,20,17,160,165,141,178,123,190,101,201,80,209,58,215,32,198,-18,599,-14,85,-58,215,-80,209,-101,201,-123,190,-141,178,-160,165,-176,149,-191,132,-204,114,-215,95,-224,75,-231,54,-235,32,-238,11,-238,-11,-235,-32,-231,-54,-224,-75,-3,-2,2,-3,-10,-82]]]
13527315	p	1790437
1804208	n	112.6093,26.1739,113.1107,26.6261	[[[1126093,264000,12,-222,36,-219,60,-215,83,-209,105,-201,126,-190,147,-178,165,-165,182,-149,198,-132,211,-114,223,-95,231,-75,239,-54,243,-32,246,-11,246,11,243,32,239,54,231,75,223,95,211,114,198,132,182,149,165,165,147,178,126,190,105,201,83,209,60,215,36,219,12,222,-12,222,-36,219,-60,215,-83,209,-105,201,-126,190,-147,178,-165,165,-182,149,-198,132,-211,114,-223,95,-231,75,-239,54,-243,32,-246,11,-246,-11,-243,-32,-239,-54,-231,-75,-223,-95,-211,-114,-198,-132,-182,-149,-165,-165,-147,-178,-126,-190,-105,-201,-83,-209,-60,-215,-36,-219,-12,-222]]]
12450887	p	1814906
1280037	n	76.9534,38.2829,77.5266,38.6461	[[[769534,384200,13,-222,42,-219,68,-215,95,-209,120,-201,145,-190,108,-115,4887,445,36,61,95,209,68,215,42,219,13,222,-13,222,-42,219,-68,215,-95,209,-120,201,-145,190,-167,178,-189,165,-209,149,-225,132,-242,114,-254,95,-265,75,-273,54,-278,32,-281,11,-281,-11,-278,-32,-273,-54,-265,-75,-254,-95,-242,-114,-225,-132,-209,-149,-189,-165,-167,-178,-145,-190,-120,-201,-95,-209,-68,-215,-42,-219,-13,-222]]]
7843633	p	11072148
1793999	p	1816917
1885823	p	1800627
1279891	n	98.2622,24.7739,98.7578,25.2261	[[[982622,250000,12,-222,36,-219,59,-215,82,-209,104,-201,125,-190,145,-178,163,-165,180,-149,195,-132,209,-114,220,-95,229,-75,236,-54,240,-32,243,-11,189,8,1250,415,133,90,180,149,163,165,145,178,125,190,104,201,82,209,59,215,36,219,12,222,-12,222,-36,219,-59,215,-82,209,-104,201,-125,190,-145,178,-163,165,-180,149,-195,132,-209,114,-220,95,-45,14,-275,63,-343,78,-42,6,-243,11,-243,-11,-240,-32,-236,-54,-229,-75,-220,-95,-209,-114,-195,-132,-180,-149,-163,-165,-145,-178,-125,-190,-104,-201,-82,-209,-59,-215,-36,-219,-12,-222]]]
1796376	p	13308620
1790251	n	116.3451,28.0293,116.7487,28.4661	[[[1163451,282400,12,-222,37,-219,61,-215,5,-14,2134,-1437,1100,419,687,3521,-71,47,-214,114,-226,95,-236,75,-243,54,-247,32,-250,11,-250,-11,-247,-32,-243,-54,-236,-75,-226,-95,-214,-114,-201,-132,-186,-149,-168,-165,-149,-178,-128,-190,-107,-201,-84,-209,-61,-215,-37,-219,-12,-222]]]
1805543	n	119.1138,36.1808,119.4832,36.4728	[[[1191138,362040,516,-232,1378,674,368,-223,1158,162,274,1020,-518,1145,-532,141,-1097,-1277,-880,0,-568,-437,-99,-973]]]
1813812	p	1806776
1529641	n	80.9745,40.3138,81.5655,40.7661	[[[809745,405400,14,-222,43,-219,70,-215,98,-209,124,-201,149,-190,173,-178,194,-165,215,-149,233,-132,249,-114,262,-95,273,-75,281,-54,287,-32,290,-11,290,11,287,32,281,54,273,75,262,95,249,114,233,132,215,149,194,165,173,178,149,190,124,201,98,209,70,215,43,219,14,222,-14,222,-43,219,-70,215,-98,209,-124,201,-149,190,-173,178,-194,165,-215,149,-233,132,-249,114,-262,95,-273,75,-281,54,-287,32,-290,11,-290,-11,-287,-32,-281,-54,-273,-75,-262,-95,-249,-114,-233,-132,-215,-149,-194,-165,-173,-178,-149,-190,-124,-201,-98,-209,-70,-215,-43,-219,-14,-222]]]
13527308	p	1790437
1806881	p	1802940
1789703	p	1793036
1809062	p	1795940
1796421	p	1788927
2033242	n	126.2233,44.6039,126.8567,45.0561	[[[1262233,448300,16,-222,45,-219,76,-215,104,-209,133,-201,160,-190,185,-178,209,-165,230,-149,250,-132,266,-114,281,-95,293,-75,301,-54,308,-32,310,-11,310,11,308,32,301,54,293,75,281,95,266,114,250,132,230,149,209,165,185,178,160,190,133,201,104,209,76,215,45,219,16,222,-16,222,-45,219,-76,215,-104,209,-133,201,-160,190,-185,178,-209,165,-230,149,-250,132,-266,114,-281,95,-293,75,-301,54,-308,32,-310,11,-310,-11,-308,-32,-301,-54,-293,-75,-281,-95,-266,-114,-250,-132,-230,-149,-209,-165,-185,-178,-160,-190,-133,-201,-104,-209,-76,-215,-45,-219,-16,-222]]]
1804252	n	113.1019,24.9043,113.5981,25.3561	[[[1131019,251300,12,-222,36,-219,59,-215,82,-209,104,-201,125,-190,145,-178,164,-165,180,-149,196,-132,209,-114,220,-95,229,-75,236,-54,241,-32,147,-7,2207,1075,77,116,104,201,82,209,59,215,36,219,12,222,-12,222,-36,219,-59,215,-82,209,-104,201,-125,190,-145,178,-164,165,-180,149,-196,132,-209,114,-220,95,-229,75,-236,54,-241,32,-243,11,-243,-11,-241,-32,-236,-54,-229,-75,-220,-95,-209,-114,-196,-132,-180,-149,-164,-165,-145,-178,-125,-190,-104,-201,-82,-209,-59,-215,-36,-219,-12,-222]]]
1800130	n	119.9625,36.4397,120.3271,36.6414	[[[1199625,365470,424,-1073,2849,117,373,615,-2889,1285,-757,-944]]]
2036403	p	2038632
2038438	p	2034786
1801799	p	1806776
2036536	n	127.0193,43.4943,127.6008,43.9461	[[[1270193,437200,15,-222,44,-219,74,-215,103,-209,131,-201,156,-190,182,-178,205,-165,226,-149,245,-132,261,-114,276,-95,287,-75,296,-54,301,-32,205,-7,2205,2642,395,472,208,249,-124,150,-182,178,-205,165,-226,149,-245,132,-261,114,-276,95,-287,75,-296,54,-301,32,-305,11,-305,-11,-301,-32,-296,-54,-287,-75,-276,-95,-261,-114,-245,-132,-226,-149,-205,-165,-182,-178,-156,-190,-131,-201,-103,-209,-74,-215,-44,-219,-15,-222]]]
1791325	n	106.419,39.3363,107.0004,39.6849	[[[1064190,395000,14,-222,29,-154,1317,-1261,4162,646,77,126,96,209,70,215,41,219,8,117,-4575,1954,-175,-101,-212,-149,-192,-165,-170,-178,-147,-190,-122,-201,-96,-209,-70,-215,-41,-219,-14,-222]]]
1807112	p	6642286
1784178	p	1785286
1790442	n	100.3911,25.3807,100.7277,25.6363	[[[1003911,254554,1985,-747,1381,2509,-2226,47,-1140,-1809]]]
1802420	n	105.5519,29.4309,105.9913,29.6886	[[[1055519,295858,15,-55,2012,-1494,2127,879,240,398,-58,931,-510,369,-3826,-1028]]]
2035669	n	128.961,46.9039,129.6001,47.3561	[[[1289611,472091,1860,-2888,271,-67,314,-54,320,-32,324,-11,324,11,320,32,314,54,305,75,293,95,278,114,260,132,240,149,218,165,193,178,166,190,139,201,109,209,79,215,47,219,16,222,-16,222,-47,219,-79,215,-109,209,-139,201,-166,190,-193,178,-218,165,-240,149,-260,132,-278,114,-293,95,-305,75,-314,54,-320,32,-324,11,-324,-11,-320,-32,-314,-54,-305,-75,-293,-95,-278,-114,-260,-132,-240,-149,-218,-165,-193,-178,-166,-190,-139,-201,-39,-74]]]
1803782	n	108.5899,30.0739,109.0309,30.5261	[[[1085899,303000,12,-222,38,-219,62,-215,86,-209,109,-201,131,-190,152,-178,172,-165,189,-149,205,-132,219,-114,231,-95,240,-75,248,-54,252,-32,255,-11,255,11,252,32,248,54,240,75,231,95,219,114,205,132,159,126,-224,1138,-501,2536,-89,37,-240,75,-248,54,-252,32,-255,11,-255,-11,-252,-32,-248,-54,-240,-75,-231,-95,-219,-114,-205,-132,-189,-149,-172,-165,-152,-178,-131,-190,-109,-201,-86,-209,-62,-215,-38,-219,-12,-222]]]
13308659	p	13308620
1783903	p	1794035
1784953	n	120.1274,37.1439,120.6503,37.5515	[[[1201274,373700,9,-143,801,-1384,115,-44,1774,-685,127,-5,277,11,274,32,269,54,261,75,251,95,238,114,223,132,13,10,597,2922,-53,72,-166,178,-186,165,-205,149,-114,67,-4227,-844,-63,-106,-93,-209,-68,-215,-40,-219,-14,-222]]]
1787901	n	104.6115,28.2284,104.9575,28.6137	[[[1046115,285638,75,-1046,1129,-2105,388,-203,234,52,236,75,227,95,215,114,201,132,186,149,168,165,150,178,129,190,107,201,15,37,-2293,2465,-190,-34,-977,-465]]]
1800175	n	107.8597,29.7739,108.3693,30.2261	[[[1078597,300582,650,-1327,554,-1132,0,-1,50,-102,27,-14,230,-95,239,-75,247,-54,252,-32,254,-11,254,11,252,32,247,54,239,75,230,95,219,114,204,132,189,149,171,165,151,178,131,190,109,201,86,209,61,215,38,219,12,222,-12,222,-38,219,-61,215,-86,209,-109,201,-131,190,-151,178,-171,165,-189,149,-204,132,-219,114,-230,95,-239,75,-247,54,-252,32,-254,11,-254,-11,-252,-32,-247,-54,-239,-75,-230,-95,-219,-114,-204,-132,-189,-149,-171,-165,-151,-178,-131,-190,-109,-201,-86,-209,-21,-74]]]
1801969	p	1816917
1795860	n	112.2658,27.8165,112.7463,28.1038	[[[1122658,279200,13,-222,36,-219,61,-215,84,-209,90,-170,4016,148,505,1913,-21,40,-129,190,-148,178,-134,132,-3307,272,-136,-90,-185,-149,-168,-165,-148,-178,-129,-190,-106,-201,-84,-209,-61,-215,-36,-219,-13,-222]]]
1790920	n	109.7186,30.8539,110.1422,31.3061	[[[1097186,312357,349,-3536,29,-15,233,-95,242,-75,249,-54,255,-32,257,-11,257,11,255,32,249,54,242,75,233,95,221,114,207,132,190,149,173,165,153,178,133,190,110,201,86,209,63,215,38,219,12,222,-12,222,-38,219,-63,215,-86,209,-110,201,-133,190,-153,178,-173,165,-190,149,-207,132,-221,114,-233,95,-242,75,-249,54,-255,32,-257,11,-257,-11,-255,-32,-185,-40,-917,-621]]]
2034754	p	1816670
2035966	p	2033467
1809408	n	105.5639,27.8139,106.0644,28.2661	[[[1055639,279835,26,-91,84,-209,107,-201,128,-190,149,-178,168,-165,185,-149,200,-132,215,-114,225,-95,235,-75,243,-54,247,-32,249,-11,249,11,247,32,243,54,235,75,225,95,215,114,200,132,185,149,168,165,149,178,128,190,107,201,84,209,61,215,36,219,12,222,-12,222,-36,219,-61,215,-84,209,-107,201,-128,190,-149,178,-168,165,-185,149,-200,132,-215,114,-225,95,-235,75,-243,54,-247,32,-249,11,-249,-11,-247,-32,-243,-54,-235,-75,-193,-81,-70,-139,0,-1,-1076,-2140,-148,-293]]]
1815276	p	1808857
1807301	p	1809858
2033536	n	120.3857,49.0539,121.0743,49.5062	[[[1203857,492800,17,-222,50,-219,82,-215,114,-209,144,-201,174,-190,201,-178,227,-165,250,-149,271,-132,290,-114,306,-95,318,-75,327,-54,335,-32,337,-11,337,11,335,32,327,54,318,75,306,95,290,114,271,132,250,149,227,165,201,178,174,190,144,201,114,209,82,215,50,219,17,222,-17,222,-50,219,-82,215,-114,209,-144,201,-174,190,-201,178,-227,165,-250,149,-271,132,-290,114,-306,95,-318,75,-327,54,-335,32,-337,11,-337,-11,-335,-32,-327,-54,-318,-75,-306,-95,-290,-114,-271,-132,-250,-149,-227,-165,-201,-178,-174,-190,-144,-201,-114,-209,-82,-215,-50,-219,-17,-222]]]
1817441	n	105.9615,28.8339,106.2335,29.1507	[[[1059615,291507,33,-156,1476,-2945,32,-65,44,-2,252,11,249,32,245,54,237,75,152,63,-559,2732,-2161,201]]]
1818020	n	115.4347,23.4955,115.9253,23.8248	[[[1154347,237000,12,-222,36,-219,58,-215,81,-209,103,-201,124,-190,143,-178,162,-165,178,-149,193,-132,207,-114,116,-51,3353,1302,34,87,58,215,36,219,12,222,-12,222,-36,219,-15,59,-371,118,-4063,630,-119,-182,-103,-201,-81,-209,-58,-215,-36,-219,-12,-222]]]
1791536	p	1791673
1800498	n	117.2358,36.4938,117.7147,36.9461	[[[1172358,367944,280,-1956,32,-44,164,-178,185,-165,204,-149,220,-132,236,-114,249,-95,259,-75,266,-54,272,-32,275,-11,275,11,272,32,56,12,1544,1483,-1285,2873,-49,14,-266,54,-272,32,-275,11,-275,-11,-272,-32,-266,-54,-259,-75,-249,-95,-236,-114,-220,-132,-204,-149,-185,-165,-164,-178,-141,-190,-117,-201,-54,-121]]]
1798131	p	1788852
1785545	p	1806602
2033147	n	124.9588,45.4916,125.5916,45.9362	[[[1249588,457660,395,-276,1,0,1935,-1352,1597,-1116,118,20,297,75,285,95,271,114,253,132,234,149,212,165,188,178,162,190,135,201,107,209,76,215,47,219,15,222,-15,222,-47,219,-76,215,-107,209,-135,201,-162,190,-188,178,-212,165,-234,149,-253,132,-271,114,-285,95,-297,75,-307,54,-312,32,-315,11,-315,-11,-312,-32,-307,-54,-297,-75,-285,-95,-271,-114,-253,-132,-234,-149,-212,-165,-188,-178,-162,-190,-135,-201,-107,-209,-34,-96]]]
1791765	n	106.7602,28.7382,107.186,29.1626	[[[1067602,288928,43,-40,2155,-1506,1,0,244,54,237,75,228,95,216,114,202,132,187,149,169,165,150,178,130,190,107,201,85,209,61,215,37,219,6,103,-3431,2145,-827,-2698]]]
1791706	n	109.3783,36.9139,109.9417,37.3662	[[[1093783,371400,13,-222,41,-219,67,-215,93,-209,118,-201,143,-190,164,-178,186,-165,205,-149,222,-132,237,-114,250,-95,260,-75,268,-54,274,-32,276,-11,276,11,274,32,268,54,260,75,250,95,237,114,222,132,205,149,186,165,164,178,143,190,118,201,93,209,67,215,41,219,13,222,-13,222,-41,219,-67,215,-93,209,-118,201,-143,190,-164,178,-186,165,-205,149,-222,132,-237,114,-250,95,-260,75,-268,54,-274,32,-276,11,-276,-11,-274,-32,-268,-54,-260,-75,-250,-95,-237,-114,-222,-132,-205,-149,-186,-165,-164,-178,-143,-190,-118,-201,-93,-209,-67,-215,-41,-219,-13,-222]]]
1798713	p	1806776
2035399	p	2037335
1801615	p	1795874
1814915	p	1816917
2034497	n	122.4606,45.1039,123.0994,45.5028	[[[1224606,453300,15,-222,46,-219,76,-215,106,-209,134,-201,161,-190,187,-178,210,-165,232,-149,252,-132,269,-114,284,-95,295,-75,304,-54,310,-32,313,-11,313,11,310,32,304,54,295,75,284,95,269,114,252,132,232,149,210,165,187,178,161,190,134,201,106,209,76,215,46,219,15,222,-15,222,-46,219,-76,215,-106,209,-134,201,-70,83,-4804,579,-202,-129,-210,-165,-187,-178,-161,-190,-134,-201,-106,-209,-76,-215,-46,-219,-15,-222]]]
1809077	p	1804651
1795857	n	117.2272,27.1139,117.7328,27.5661	[[[1172272,273400,12,-222,36,-219,61,-215,83,-209,106,-201,128,-190,148,-178,166,-165,184,-149,199,-132,213,-114,225,-95,233,-75,241,-54,245,-32,248,-11,248,11,245,32,241,54,233,75,225,95,213,114,199,132,184,149,166,165,148,178,128,190,106,201,83,209,61,215,36,219,12,222,-12,222,-36,219,-61,215,-83,209,-106,201,-128,190,-148,178,-166,165,-184,149,-199,132,-213,114,-225,95,-233,75,-241,54,-245,32,-248,11,-248,-11,-245,-32,-241,-54,-233,-75,-225,-95,-213,-114,-199,-132,-184,-149,-166,-165,-148,-178,-128,-190,-106,-201,-83,-209,-61,-215,-36,-219,-12,-222]]]
1280570	n	97.6142,23.8729,98.0835,24.1435	[[[976142,240000,12,-222,35,-219,59,-215,81,-209,103,-201,124,-190,12,-15,202,58,198,84,514,470,196,124,217,66,146,14,137,37,185,136,403,426,134,82,1935,710,-67,130,-124,190,-144,178,-1,1,-4202,-927,-115,-109,-28,-177,-12,-222]]]
2036337	n	123.7352,42.3104,124.3448,42.6888	[[[1237352,425300,1,-8,3758,-2188,174,32,281,75,271,95,256,114,240,132,222,149,201,165,178,178,154,190,128,201,100,209,73,215,44,219,15,222,-15,222,-44,219,-73,215,-100,209,-19,29,-4965,694,-188,-154,-178,-178,-154,-190,-128,-201,-100,-209,-73,-215,-44,-219,-15,-222]]]
1916012	n	109.2628,18.5539,109.7372,19.0061	[[[1092628,187800,11,-222,35,-219,56,-215,78,-209,100,-201,120,-190,138,-178,157,-165,172,-149,187,-132,200,-114,210,-95,219,-75,226,-54,230,-32,233,-11,233,11,230,32,226,54,219,75,210,95,200,114,187,132,172,149,157,165,138,178,120,190,100,201,78,209,56,215,35,219,11,222,-11,222,-35,219,-56,215,-78,209,-100,201,-120,190,-138,178,-157,165,-172,149,-187,132,-200,114,-210,95,-219,75,-226,54,-230,32,-233,11,-233,-11,-230,-32,-226,-54,-219,-75,-210,-95,-200,-114,-187,-132,-172,-149,-157,-165,-138,-178,-120,-190,-100,-201,-78,-209,-56,-215,-35,-219,-11,-222]]]
1789496	p	1786657
1814928	p	1808926
1811729	n	112.0584,21.9639,112.5425,22.4161	[[[1120584,222069,1416,-2226,72,-32,224,-75,231,-54,235,-32,238,-11,238,11,235,32,121,29,-29,86,10,257,73,291,134,239,193,101,-47,-122,-111,-496,-45,-121,-9,-80,22,-97,3,-5,140,47,215,95,204,114,192,132,176,149,160,165,142,178,122,190,102,201,80,209,58,215,35,219,11,222,-11,222,-3,14,-12,70,-1127,1616,-129,72,-215,95,-224,75,-231,54,-235,32,-238,11,-238,-11,-235,-32,-231,-54,-224,-75,-215,-95,-204,-114,-192,-132,-176,-149,-160,-165,-142,-178,-122,-190,-102,-201,-80,-209,-58,-215,-35,-219,-2,-53]]]
1783940	n	119.9814,29.4944,120.4986,29.9456	[[[1199814,297200,13,-222,37,-219,47,-163,1396,-1314,1209,-338,137,6,251,32,247,54,239,75,229,95,218,114,204,132,188,149,170,165,151,178,131,190,108,201,86,209,61,215,37,219,13,222,-13,222,-37,219,-61,215,-55,133,-1591,1350,-78,25,-247,54,-201,26,-410,12,-146,-6,-251,-32,-33,-8,-1656,-1016,-88,-128,-108,-201,-86,-209,-61,-215,-37,-219,-13,-222]]]
1813425	p	1798972
1803367	n	115.4294,36.6139,115.9906,37.0661	[[[1154294,368400,13,-222,41,-219,67,-215,92,-209,118,-201,142,-190,164,-178,185,-165,204,-149,221,-132,236,-114,249,-95,259,-75,268,-54,272,-32,275,-11,275,11,272,32,268,54,259,75,249,95,236,114,221,132,204,149,185,165,164,178,142,190,118,201,92,209,67,215,41,219,13,222,-13,222,-41,219,-67,215,-92,209,-118,201,-142,190,-164,178,-185,165,-204,149,-221,132,-236,114,-249,95,-259,75,-268,54,-272,32,-275,11,-275,-11,-272,-32,-268,-54,-259,-75,-249,-95,-236,-114,-221,-132,-204,-149,-185,-165,-164,-178,-142,-190,-118,-201,-92,-209,-67,-215,-41,-219,-13,-222]]]
1803352	p	1808747
2037069	n	126.5879,47.2316,127.2486,47.6761	[[[1265879,474500,16,-222,48,-219,79,-215,110,-209,139,-201,168,-190,194,-178,219,-165,241,-149,262,-132,279,-114,295,-95,307,-75,118,-20,4132,2494,-29,131,-79,215,-110,209,-139,201,-168,190,-194,178,-219,165,-241,149,-262,132,-279,114,-295,95,-307,75,-316,54,-322,32,-326,11,-326,-11,-322,-32,-316,-54,-307,-75,-295,-95,-279,-114,-262,-132,-241,-149,-219,-165,-194,-178,-168,-190,-139,-201,-110,-209,-79,-215,-48,-219,-16,-222]]]
1795184	p	1812545
2037685	p	2036389
1806439	n	116.4258,27.3515,116.8933,27.7757	[[[1164258,276803,85,-2505,0,-1,0,-13,99,-118,8,-9,2928,-642,216,91,213,114,200,132,184,149,167,165,148,178,128,190,106,201,84,209,61,215,36,219,12,222,-12,222,-36,219,-61,215,-84,209,-106,201,-128,190,-109,131,-2486,695,-117,33,-150,42,-213,-68,-225,-95,-213,-114,-200,-132,-184,-149,-167,-165,-148,-178,-36,-53]]]
2036671	p	2037013
2037712	n	125.3749,44.3164,126.0051,44.7661	[[[1253749,445400,15,-222,46,-219,75,-215,104,-209,132,-201,159,-190,184,-178,208,-165,229,-149,249,-132,265,-114,279,-95,291,-75,300,-54,174,-18,2007,504,274,68,447,112,149,118,184,178,159,190,132,201,104,209,75,215,46,219,15,222,-15,222,-46,219,-75,215,-104,209,-132,201,-159,190,-184,178,-208,165,-229,149,-249,132,-265,114,-279,95,-291,75,-300,54,-306,32,-309,11,-309,-11,-306,-32,-300,-54,-291,-75,-279,-95,-265,-114,-249,-132,-229,-149,-208,-165,-184,-178,-159,-190,-132,-201,-104,-209,-75,-215,-46,-219,-15,-222]]]
1808916	n	107.95,29.0739,108.4175,29.5261	[[[1079500,291696,109,-130,170,-165,187,-149,203,-132,217,-114,229,-95,237,-75,246,-54,250,-32,252,-11,252,11,250,32,246,54,237,75,229,95,217,114,203,132,187,149,170,165,150,178,130,190,108,201,85,209,62,215,37,219,12,222,-12,222,-37,219,-62,215,-85,209,-108,201,-130,190,-150,178,-170,165,-187,149,-203,132,-217,114,-229,95,-237,75,-246,54,-250,32,-252,11,-252,-11,-250,-32,-246,-54,-237,-75,-229,-95,-217,-114,-203,-132,-187,-149,-77,-75,-1,-19,-78,-1088,-123,-1721]]]
8403612	p	1791748
1787828	n	105.1985,27.9439,105.6863,28.3905	[[[1051985,280987,61,-152,107,-201,129,-190,149,-178,168,-165,185,-149,201,-132,214,-114,226,-95,235,-75,243,-54,247,-32,250,-11,250,11,247,32,243,54,235,75,192,81,1296,2576,-25,88,-84,209,-107,201,-129,190,-149,178,-168,165,-185,149,-201,132,-214,114,-226,95,-235,75,-187,41,-51,-6,-2917,-2912]]]
2035610	n	124.5312,48.2539,125.2088,48.7061	[[[1245312,484800,16,-222,49,-219,81,-215,112,-209,142,-201,171,-190,198,-178,223,-165,247,-149,267,-132,285,-114,301,-95,313,-75,322,-54,329,-32,332,-11,332,11,329,32,322,54,313,75,301,95,285,114,267,132,247,149,223,165,198,178,171,190,142,201,112,209,81,215,49,219,16,222,-16,222,-49,219,-81,215,-112,209,-142,201,-171,190,-198,178,-223,165,-247,149,-267,132,-285,114,-301,95,-313,75,-322,54,-329,32,-332,11,-332,-11,-329,-32,-322,-54,-313,-75,-301,-95,-285,-114,-267,-132,-247,-149,-223,-165,-198,-178,-171,-190,-142,-201,-112,-209,-81,-215,-49,-219,-16,-222]]]
2036595	n	117.4089,49.2239,118.0454,49.5831	[[[1174089,493286,39,-42,202,-178,227,-165,252,-149,272,-132,291,-114,306,-95,319,-75,329,-54,335,-32,339,-11,339,11,335,32,329,54,319,75,306,95,291,114,272,132,252,149,227,165,202,178,175,190,144,201,115,209,82,215,50,219,16,222,-16,222,-50,219,-82,215,-115,209,-144,201,-175,190,-85,75,-480,-158,-260,-146,-109,-61,-200,-334,-329,-36,-40,-6,-50,8,-93,5,-68,17,-122,69,-86,2,-176,-63,-85,-18,-101,17,-1587,564,-1912,-2405]]]
2034440	n	127.7208,46.7539,128.3792,47.2061	[[[1277208,469800,16,-222,48,-219,78,-215,109,-209,138,-201,166,-190,192,-178,217,-165,240,-149,259,-132,277,-114,292,-95,304,-75,314,-54,319,-32,323,-11,323,11,319,32,314,54,304,75,292,95,277,114,259,132,240,149,217,165,192,178,166,190,138,201,109,209,78,215,48,219,16,222,-16,222,-48,219,-78,215,-109,209,-138,201,-166,190,-192,178,-217,165,-240,149,-259,132,-277,114,-292,95,-304,75,-314,54,-319,32,-323,11,-323,-11,-319,-32,-314,-54,-304,-75,-292,-95,-277,-114,-259,-132,-240,-149,-217,-165,-192,-178,-166,-190,-138,-201,-109,-209,-78,-215,-48,-219,-16,-222]]]
1795842	p	1806299
1803886	p	1804651
2035970	n	122.9016,47.1139,123.4953,47.5661	[[[1229016,472423,61,-89,167,-190,194,-178,219,-165,241,-149,261,-132,279,-114,294,-95,306,-75,315,-54,322,-32,325,-11,325,11,322,32,315,54,306,75,276,89,1409,3023,-30,43,-167,190,-194,178,-219,165,-241,149,-261,132,-279,114,-294,95,-306,75,-315,54,-322,32,-325,11,-325,-11,-137,-14,-2522,-3213]]]
1816221	p	1805540
1784820	n	119.5682,32.7139,120.093,33.1288	[[[1195682,329863,1351,-2454,6,-3,237,-95,247,-75,255,-54,260,-32,262,-11,262,11,260,32,255,54,247,75,237,95,226,114,211,132,194,149,177,165,96,110,465,1732,-5,33,-64,215,-89,209,-112,201,-106,150,-3726,672,-15,-8,-211,-132,-194,-149,-177,-165,-156,-178,-135,-190,-112,-201,-89,-209,-57,-193]]]
12324302	p	1785286
1784393	n	108.8107,28.2422,109.2454,28.6176	[[[1088107,285939,2796,-3517,201,84,215,114,201,132,186,149,168,165,150,178,129,190,107,201,84,209,61,215,37,219,12,222,-12,222,-37,219,-61,215,-84,209,-107,201,-129,190,-150,178,-168,165,-96,77,-3503,-237]]]
1798422	p	9181182
1807544	p	1816670
1786778	n	109.4593,30.3801,109.9809,30.8261	[[[1094593,306038,3201,-2237,163,35,241,75,232,95,220,114,205,132,190,149,172,165,152,178,132,190,110,201,86,209,62,215,38,219,12,222,-12,222,-38,219,-62,215,-86,209,-110,201,-132,190,-152,178,-172,165,-190,149,-205,132,-220,114,-232,95,-241,75,-248,54,-253,32,-256,11,-256,-11,-253,-32,-248,-54,-241,-75,-232,-95,-220,-114,-205,-132,-190,-149,-172,-165,-152,-178,-132,-190,-110,-201,-86,-209,-62,-215,-38,-219,-10,-184]]]
8403616	p	1791748
1798490	p	1792260
2035196	n	110.2538,40.3138,110.8055,40.7634	[[[1102538,404277,105,-133,173,-178,194,-165,215,-149,233,-132,249,-114,262,-95,273,-75,281,-54,287,-32,290,-11,290,11,287,32,281,54,273,75,262,95,249,114,233,132,215,149,194,165,173,178,149,190,124,201,98,209,70,215,43,219,14,222,-14,222,-43,219,-70,215,-98,209,-124,201,-149,190,-173,178,-194,165,-215,149,-233,132,-249,114,-262,95,-273,75,-281,54,-145,16,-2932,-2650,-62,-707]]]
2036418	n	126.4861,44.0939,127.0392,44.5393	[[[1264861,443200,15,-222,45,-219,75,-215,104,-209,132,-201,158,-190,184,-178,206,-165,229,-149,247,-132,264,-114,279,-95,290,-75,299,-54,304,-32,308,-11,308,11,304,32,299,54,290,75,279,95,264,114,247,132,229,149,172,137,-3139,3655,-164,-29,-290,-75,-279,-95,-264,-114,-247,-132,-229,-149,-206,-165,-184,-178,-158,-190,-132,-201,-104,-209,-75,-215,-45,-219,-15,-222]]]
1784185	n	102.2935,24.1339,102.7865,24.5761	[[[1022935,243600,12,-222,35,-219,59,-215,81,-209,104,-201,124,-190,144,-178,163,-165,179,-149,194,-132,208,-114,219,-95,227,-75,235,-54,239,-32,242,-11,242,11,239,32,235,54,227,75,219,95,208,114,194,132,179,149,163,165,144,178,124,190,104,201,81,209,59,215,35,219,12,222,-12,222,-35,219,-59,215,-81,209,-104,201,-124,190,-144,178,-163,165,-179,149,-194,132,-208,114,-114,50,-1771,117,-220,-72,-219,-95,-208,-114,-194,-132,-179,-149,-163,-165,-144,-178,-124,-190,-104,-201,-81,-209,-59,-215,-35,-219,-12,-222]]]
1816865	n	115.7962,27.5811,116.3017,27.9961	[[[1157962,277700,12,-222,37,-219,60,-215,84,-209,107,-201,115,-171,1511,-652,3129,1689,-2385,2455,-132,6,-249,-11,-246,-32,-242,-54,-234,-75,-225,-95,-214,-114,-200,-132,-185,-149,-167,-165,-148,-178,-128,-190,-107,-201,-84,-209,-60,-215,-37,-219,-12,-222]]]
1797091	n	101.7441,35.2939,102.2959,35.7461	[[[1017441,355200,13,-222,40,-219,66,-215,91,-209,116,-201,139,-190,161,-178,182,-165,201,-149,217,-132,232,-114,245,-95,255,-75,263,-54,268,-32,270,-11,270,11,268,32,263,54,255,75,245,95,232,114,217,132,201,149,182,165,161,178,139,190,116,201,91,209,66,215,40,219,13,222,-13,222,-40,219,-66,215,-91,209,-116,201,-139,190,-161,178,-182,165,-201,149,-217,132,-232,114,-245,95,-255,75,-263,54,-268,32,-270,11,-270,-11,-268,-32,-263,-54,-255,-75,-245,-95,-232,-114,-217,-132,-201,-149,-182,-165,-161,-178,-139,-190,-116,-201,-91,-209,-66,-215,-40,-219,-13,-222]]]
1810724	n	105.1868,34.5139,105.5538,35.0062	[[[1051868,349772,321,-2357,-256,-1970,79,-39,242,-95,253,-75,260,-54,265,-32,268,-11,268,11,265,32,260,54,253,75,242,95,131,65,819,1465,-494,977,-624,1908,-174,68,-252,75,-261,54,-265,32,-268,11,-268,-11,-265,-32,-261,-54,-252,-75,-243,-95,-43,-22]]]
1529363	n	82.629,41.4938,83.2309,41.9461	[[[826291,417200,15,-222,43,-219,72,-215,99,-209,126,-201,152,-190,176,-178,198,-165,219,-149,237,-132,254,-114,267,-95,278,-75,286,-54,292,-32,295,-11,295,11,292,32,286,54,278,75,267,95,254,114,237,132,219,149,198,165,176,178,152,190,126,201,99,209,72,215,43,219,15,222,-15,222,-43,219,-72,215,-99,209,-126,201,-152,190,-176,178,-198,165,-219,149,-237,132,-254,114,-267,95,-278,75,-286,54,-292,32,-295,11,-295,-11,-292,-32,-286,-54,-278,-75,-267,-95,-254,-114,-237,-132,-219,-149,-198,-165,-176,-178,-152,-190,-126,-201,-99,-209,-72,-215,-43,-219,-15,-222]]]
1805270	n	109.4749,28.1003,109.9851,28.5461	[[[1094749,283200,12,-222,37,-219,61,-215,84,-209,107,-201,129,-190,149,-178,168,-165,44,-35,2210,-529,1,0,140,-34,150,33,235,75,227,95,214,114,201,132,186,149,168,165,149,178,129,190,107,201,84,209,61,215,37,219,12,222,-12,222,-37,219,-61,215,-84,209,-107,201,-129,190,-149,178,-168,165,-186,149,-201,132,-214,114,-227,95,-235,75,-243,54,-248,32,-250,11,-250,-11,-248,-32,-243,-54,-235,-75,-227,-95,-214,-114,-201,-132,-186,-149,-168,-165,-149,-178,-129,-190,-107,-201,-84,-209,-61,-215,-37,-219,-12,-222]]]
6648023	p	1786770
1997228	p	1794371
1807738	p	8594670
1803334	p	1793346
1788492	p	1803364
1787188	p	8416626
1802171	n	101.7007,29.7739,102.2193,30.2261	[[[1017007,300000,12,-222,38,-219,61,-215,86,-209,109,-201,131,-190,151,-178,171,-165,189,-149,204,-132,219,-114,230,-95,239,-75,247,-54,252,-32,254,-11,254,11,252,32,247,54,239,75,230,95,219,114,204,132,189,149,171,165,151,178,131,190,109,201,86,209,61,215,38,219,12,222,-12,222,-38,219,-61,215,-86,209,-109,201,-131,190,-151,178,-171,165,-189,149,-204,132,-219,114,-230,95,-239,75,-247,54,-252,32,-254,11,-254,-11,-252,-32,-247,-54,-239,-75,-230,-95,-219,-114,-204,-132,-189,-149,-171,-165,-151,-178,-131,-190,-109,-201,-86,-209,-61,-215,-38,-219,-12,-222]]]
2034657	n	130.8357,44.2353,131.2072,44.6211	[[[1308357,444000,15,-222,45,-219,75,-215,104,-209,132,-201,158,-190,184,-178,23,-18,2979,-195,-420,1328,-801,2530,-263,-47,-291,-75,-279,-95,-264,-114,-248,-132,-229,-149,-207,-165,-184,-178,-158,-190,-132,-201,-104,-209,-75,-215,-45,-219,-15,-222]]]
11185299	p	1793424
1797959	n	116.2775,26.9839,116.7825,27.418	[[[1162775,272100,12,-222,36,-219,61,-215,83,-209,106,-201,127,-190,148,-178,98,-97,1839,-729,15,-1,248,11,245,32,240,54,233,75,224,95,213,114,199,132,184,149,166,165,148,178,127,190,106,201,83,209,61,215,36,219,12,222,-12,222,-36,219,-61,215,-83,209,-106,201,-127,190,-148,178,-10,10,-1921,422,-871,191,-103,23,-924,-589,-48,-31,-27,-26,-148,-178,-127,-190,-106,-201,-83,-209,-61,-215,-36,-219,-12,-222]]]
12358512	p	12492660
1788207	n	107.4933,32.7639,108.0142,33.2121	[[[1074933,329728,2,-50,39,-219,64,-215,88,-209,113,-201,135,-190,156,-178,177,-165,194,-149,211,-132,226,-114,237,-95,248,-75,255,-54,260,-32,262,-11,262,11,260,32,255,54,248,75,237,95,226,114,211,132,194,149,177,165,156,178,135,190,113,201,68,161,-148,991,-137,919,-1,8,-30,42,-156,178,-177,165,-194,149,-211,132,-226,114,-237,95,-248,75,-255,54,-21,2,-22,-15,-2920,-1951,-226,-426]]]
2034228	n	126.1987,46.6039,126.7993,47.0561	[[[1261987,469460,1548,-3246,9,-3,303,-75,313,-54,318,-32,322,-11,322,11,318,32,313,54,303,75,291,95,277,114,152,78,1217,2315,-52,143,-108,209,-138,201,-166,190,-192,178,-216,165,-239,149,-258,132,-277,114,-291,95,-303,75,-313,54,-318,32,-322,11,-322,-11,-318,-32,-313,-54,-303,-75,-291,-95,-277,-114,-258,-132,-239,-149,-216,-165,-192,-178,-84,-96]]]
2035801	n	125.3978,42.3592,125.9333,42.7325	[[[1253978,424449,6,-14,128,-201,154,-190,178,-178,201,-165,163,-109,4525,885,-1514,2848,-3841,-2876]]]
1812647	p	1795270
1803522	p	1791681
2033766	p	2036662
1797181	n	115.8122,38.4839,116.3878,38.9362	[[[1158122,387100,14,-222,41,-219,69,-215,95,-209,121,-201,145,-190,168,-178,190,-165,209,-149,227,-132,242,-114,256,-95,266,-75,274,-54,279,-32,282,-11,282,11,279,32,274,54,266,75,256,95,242,114,227,132,209,149,190,165,168,178,145,190,121,201,95,209,69,215,41,219,14,222,-14,222,-41,219,-69,215,-95,209,-121,201,-145,190,-168,178,-190,165,-209,149,-227,132,-242,114,-256,95,-266,75,-274,54,-279,32,-282,11,-282,-11,-279,-32,-274,-54,-266,-75,-256,-95,-242,-114,-227,-132,-209,-149,-190,-165,-168,-178,-145,-190,-121,-201,-95,-209,-69,-215,-41,-219,-14,-222]]]
1788638	n	112.8779,30.8415,113.3879,31.2761	[[[1128779,310500,12,-222,38,-219,63,-215,86,-209,110,-201,132,-190,154,-178,172,-165,191,-149,207,-132,72,-36,2362,-166,1,0,34,-3,223,91,220,114,144,92,22,63,857,2454,-57,136,-110,201,-132,190,-154,178,-172,165,-191,149,-207,132,-220,114,-233,95,-242,75,-250,54,-254,32,-257,11,-257,-11,-254,-32,-250,-54,-242,-75,-233,-95,-220,-114,-207,-132,-191,-149,-172,-165,-154,-178,-132,-190,-110,-201,-86,-209,-63,-215,-38,-219,-12,-222]]]
2038080	p	2036389
1803616	n	113.2498,27.4439,113.7068,27.8961	[[[1132498,276350,15,-91,60,-215,84,-209,107,-201,128,-190,148,-178,167,-165,184,-149,200,-132,214,-114,225,-95,234,-75,241,-54,246,-32,249,-11,249,11,246,32,241,54,234,75,225,95,214,114,9,6,650,3179,-108,129,-167,165,-184,149,-200,132,-214,114,-225,95,-234,75,-241,54,-246,32,-249,11,-249,-11,-246,-32,-241,-54,-154,-49,-1612,-2465]]]
1786783	p	1803364
1809849	p	1785716
1805220	n	120.06,36.8874,120.455,37.2158	[[[1200600,368975,121,-101,2920,360,909,1612,-70,120,-142,190,-165,178,-63,57,-1982,765,-60,2,-1468,-1404,0,-1779]]]
1908011	p	1810724
1811542	p	1816670
6644097	n	100.3259,25.6316,100.8194,26.0261	[[[1003260,258465,351,-913,1440,-1189,2226,-47,114,26,73,59,164,165,146,178,126,190,105,201,82,209,59,215,36,219,12,222,-12,222,-36,219,-59,215,-82,209,-105,201,-126,190,-146,178,-164,165,-182,149,-196,132,-210,114,-221,95,-231,75,-237,54,-243,32,-244,11,-244,-11,-243,-32,-237,-54,-231,-75,-221,-95,-210,-114,-196,-132,-182,-149,-164,-165,-146,-178,-126,-190,-105,-201,-82,-209,-53,-191]]]
1807761	p	1791681
1810136	n	109.4768,21.6579,109.8228,22.0261	[[[1094768,216757,24,-159,55,-18,91,-1,266,185,-5,86,-65,-23,-141,-25,-66,-21,0,69,32,0,71,-5,32,5,-29,34,-23,35,-29,35,-54,32,750,614,17,-94,56,-49,83,-12,112,19,0,-62,-129,-78,-137,-124,-71,-127,13,-17,2607,1822,-95,188,-122,190,-141,178,-160,165,-176,149,-190,132,-204,114,-214,95,-224,75,-230,54,-235,32,-237,11,-237,-11,-168,-23,-827,-3470]]]
1799686	n	104.7584,28.7171,105.1978,29.0661	[[[1047584,289532,756,-2245,722,-116,2833,1620,83,313,-98,613,-98,117,-169,165,-187,149,-202,132,-215,114,-228,95,-237,75,-244,54,-249,32,-251,11,-251,-11,-249,-32,-244,-54,-237,-75,-228,-95,-215,-114,-202,-132,-187,-149,-169,-165,-150,-178,-84,-124]]]
1802177	p	1784853
1805408	p	1799722
1811929	n	111.2856,23.0139,111.7744,23.4644	[[[1112856,232400,12,-222,35,-219,58,-215,81,-209,103,-201,123,-190,143,-178,161,-165,177,-149,193,-132,206,-114,217,-95,226,-75,232,-54,237,-32,240,-11,240,11,237,32,232,54,226,75,217,95,206,114,193,132,177,149,161,165,143,178,123,190,103,201,81,209,58,215,35,219,12,222,-12,222,-35,219,-58,215,-81,209,-103,201,-123,190,-143,178,-161,165,-177,149,-193,132,-206,114,-217,95,-226,75,-232,54,-184,25,-2704,-1889,-21,-132,-12,-222]]]
1795632	p	1886762
2038274	n	130.2682,45.5239,130.807,45.9761	[[[1302682,457500,15,-222,46,-219,77,-215,107,-209,135,-201,162,-190,188,-178,212,-165,234,-149,254,-132,271,-114,285,-95,298,-75,306,-54,313,-32,315,-11,315,11,313,32,207,37,1334,582,-238,3405,-143,74,-271,114,-285,95,-298,75,-306,54,-313,32,-315,11,-315,-11,-313,-32,-306,-54,-298,-75,-285,-95,-271,-114,-254,-132,-234,-149,-212,-165,-188,-178,-162,-190,-135,-201,-107,-209,-77,-215,-46,-219,-15,-222]]]
1789998	p	1808926
1789030	p	1792892
2034141	n	126.8428,44.7039,127.4772,45.1561	[[[1268428,449300,15,-222,46,-219,75,-215,105,-209,133,-201,160,-190,186,-178,209,-165,231,-149,250,-132,267,-114,281,-95,293,-75,302,-54,308,-32,311,-11,311,11,308,32,302,54,293,75,281,95,267,114,250,132,231,149,209,165,186,178,160,190,133,201,105,209,75,215,46,219,15,222,-15,222,-46,219,-75,215,-105,209,-133,201,-160,190,-186,178,-209,165,-231,149,-250,132,-267,114,-281,95,-293,75,-302,54,-308,32,-311,11,-311,-11,-308,-32,-302,-54,-293,-75,-281,-95,-267,-114,-250,-132,-231,-149,-209,-165,-186,-178,-160,-190,-133,-201,-105,-209,-75,-215,-46,-219,-15,-222]]]
1811844	p	1806445
1816821	n	105.3817,38.6139,105.9583,39.0661	[[[1053817,388400,14,-222,41,-219,69,-215,95,-209,121,-201,146,-190,168,-178,190,-165,210,-149,227,-132,243,-114,256,-95,266,-75,275,-54,279,-32,283,-11,283,11,279,32,275,54,266,75,256,95,243,114,227,132,210,149,190,165,168,178,146,190,121,201,95,209,69,215,41,219,14,222,-14,222,-41,219,-69,215,-95,209,-121,201,-146,190,-168,178,-190,165,-210,149,-227,132,-243,114,-256,95,-266,75,-275,54,-279,32,-283,11,-283,-11,-279,-32,-275,-54,-266,-75,-256,-95,-243,-114,-227,-132,-210,-149,-190,-165,-168,-178,-146,-190,-121,-201,-95,-209,-69,-215,-41,-219,-14,-222]]]
1789289	p	1797353
1784417	n	108.5036,28.6246,108.9713,29.0761	[[[1085036,288500,12,-222,37,-219,61,-215,85,-209,108,-201,129,-190,150,-178,169,-165,186,-149,203,-132,215,-114,228,-95,237,-75,244,-54,249,-32,89,-4,2275,3532,-131,156,-169,165,-186,149,-203,132,-215,114,-228,95,-237,75,-244,54,-249,32,-251,11,-251,-11,-249,-32,-244,-54,-237,-75,-228,-95,-215,-114,-203,-132,-186,-149,-169,-165,-150,-178,-129,-190,-108,-201,-85,-209,-61,-215,-37,-219,-12,-222]]]
1811594	n	112.7347,33.0339,113.2686,33.4861	[[[1127347,332266,19,-107,64,-215,89,-209,112,-201,136,-190,157,-178,177,-165,195,-149,212,-132,226,-114,238,-95,248,-75,256,-54,261,-32,263,-11,263,11,261,32,256,54,248,75,238,95,226,114,212,132,195,149,177,165,157,178,136,190,112,201,89,209,64,215,39,219,13,222,-13,222,-39,219,-64,215,-89,209,-112,201,-136,190,-157,178,-177,165,-195,149,-212,132,-226,114,-238,95,-248,75,-256,54,-261,32,-263,11,-230,-9,-12,-13,0,-1,-2411,-2572]]]
1813755	p	1791681
1785692	n	100.5896,25.1955,100.8032,25.6378	[[[1005896,253807,1010,-1765,255,-87,871,4256,-180,78,-230,75,-63,14,-282,-62,-1381,-2509]]]
2033135	n	123.1903,43.2839,123.8097,43.7361	[[[1231903,435100,15,-222,45,-219,74,-215,102,-209,130,-201,156,-190,181,-178,204,-165,226,-149,244,-132,260,-114,275,-95,286,-75,295,-54,300,-32,304,-11,304,11,300,32,295,54,286,75,275,95,260,114,244,132,226,149,204,165,181,178,156,190,130,201,102,209,74,215,45,219,15,222,-15,222,-45,219,-74,215,-102,209,-130,201,-156,190,-181,178,-204,165,-226,149,-244,132,-260,114,-275,95,-286,75,-295,54,-300,32,-304,11,-304,-11,-300,-32,-295,-54,-286,-75,-275,-95,-260,-114,-244,-132,-226,-149,-204,-165,-181,-178,-156,-190,-130,-201,-102,-209,-74,-215,-45,-219,-15,-222]]]
2033149	n	124.7595,45.2939,125.3903,45.7384	[[[1247595,455200,15,-222,46,-219,77,-215,69,-137,2731,-1459,267,-9,314,11,311,32,305,54,297,75,284,95,270,114,252,132,233,149,212,165,187,178,162,190,134,201,106,209,36,101,-3919,2739,-114,-20,-297,-75,-284,-95,-270,-114,-252,-132,-233,-149,-212,-165,-187,-178,-162,-190,-134,-201,-106,-209,-77,-215,-46,-219,-15,-222]]]
2037930	n	123.9796,45.2739,124.6204,45.7261	[[[1239796,455000,15,-222,46,-219,77,-215,106,-209,134,-201,162,-190,187,-178,211,-165,233,-149,253,-132,270,-114,284,-95,296,-75,305,-54,311,-32,314,-11,314,11,311,32,305,54,296,75,284,95,270,114,253,132,233,149,211,165,187,178,162,190,134,201,106,209,77,215,46,219,15,222,-15,222,-46,219,-77,215,-106,209,-134,201,-162,190,-187,178,-211,165,-233,149,-253,132,-270,114,-284,95,-296,75,-305,54,-311,32,-314,11,-314,-11,-311,-32,-305,-54,-296,-75,-284,-95,-270,-114,-253,-132,-233,-149,-211,-165,-187,-178,-162,-190,-134,-201,-106,-209,-77,-215,-46,-219,-15,-222]]]
1793315	p	1791681
1805947	p	7602670
2038154	p	1816670
1803841	n	112.1226,24.5539,112.6174,25.0061	[[[1121226,247800,12,-222,36,-219,59,-215,82,-209,104,-201,124,-190,145,-178,163,-165,180,-149,195,-132,208,-114,219,-95,229,-75,235,-54,241,-32,242,-11,242,11,241,32,235,54,229,75,219,95,208,114,195,132,180,149,163,165,145,178,124,190,104,201,82,209,59,215,36,219,12,222,-12,222,-36,219,-59,215,-82,209,-104,201,-124,190,-145,178,-163,165,-180,149,-195,132,-208,114,-219,95,-229,75,-235,54,-241,32,-242,11,-242,-11,-241,-32,-235,-54,-229,-75,-219,-95,-208,-114,-195,-132,-180,-149,-163,-165,-145,-178,-124,-190,-104,-201,-82,-209,-59,-215,-36,-219,-12,-222]]]
12324243	p	1791681
1813828	p	1804386
8403618	p	12358576
1784310	n	103.5363,24.2939,104.0168,24.7461	[[[1035363,245921,1373,-2639,103,-198,144,-48,235,-54,240,-32,242,-11,242,11,240,32,235,54,228,75,219,95,207,114,195,132,179,149,163,165,144,178,125,190,103,201,82,209,59,215,35,219,12,222,-12,222,-35,219,-59,215,-82,209,-103,201,-125,190,-144,178,-163,165,-179,149,-195,132,-207,114,-219,95,-228,75,-235,54,-240,32,-242,11,-242,-11,-240,-32,-235,-54,-228,-75,-219,-95,-207,-114,-195,-132,-179,-149,-163,-165,-144,-178,-125,-190,-103,-201,-57,-144]]]
1806960	p	1800829
1788944	n	104.9813,25.2039,105.4787,25.6561	[[[1049813,254300,12,-222,36,-219,59,-215,83,-209,104,-201,125,-190,141,-172,974,-660,1,-1,230,-75,237,-54,241,-32,244,-11,244,11,241,32,65,15,1494,918,24,29,125,190,104,201,83,209,59,215,36,219,12,222,-12,222,-36,219,-59,215,-83,209,-104,201,-125,190,-146,178,-164,165,-180,149,-196,132,-210,114,-220,95,-230,75,-237,54,-241,32,-244,11,-244,-11,-241,-32,-237,-54,-230,-75,-220,-95,-210,-114,-196,-132,-180,-149,-164,-165,-146,-178,-125,-190,-104,-201,-83,-209,-59,-215,-36,-219,-12,-222]]]
1802476	n	101.9128,24.4439,102.4038,24.8961	[[[1019129,246700,12,-222,35,-219,59,-215,82,-209,103,-201,125,-190,145,-178,162,-165,180,-149,195,-132,208,-114,219,-95,229,-75,235,-54,240,-32,242,-11,242,11,240,32,235,54,229,75,219,95,208,114,195,132,180,149,162,165,145,178,125,190,103,201,82,209,59,215,14,89,-481,1282,-1426,1276,-49,12,-240,32,-242,11,-242,-11,-240,-32,-235,-54,-229,-75,-219,-95,-208,-114,-195,-132,-180,-149,-162,-165,-145,-178,-125,-190,-103,-201,-82,-209,-59,-215,-35,-219,-12,-222]]]
1786855	n	122.1891,36.9339,122.6289,37.3861	[[[1221891,370575,24,-41,142,-190,165,-178,185,-165,205,-149,222,-132,238,-114,250,-95,260,-75,268,-54,274,-32,276,-11,276,11,274,32,268,54,36,11,147,830,-271,-72,-518,103,-248,-31,6,-161,-127,-80,-151,27,-68,152,88,150,373,207,85,87,-29,116,-66,48,-70,26,-41,49,-1,94,54,179,26,194,33,109,63,69,105,-25,14,-66,-14,-349,63,0,120,297,273,152,335,14,308,-122,29,134,-83,79,-57,75,111,122,109,33,437,41,0,69,-154,34,-106,68,-62,110,-20,160,-48,65,-232,229,-66,84,-110,362,6,89,79,-7,371,-239,-35,190,-204,306,66,50,77,29,7,5,-130,62,-250,95,-260,75,-268,54,-274,32,-276,11,-276,-11,-274,-32,-268,-54,-260,-75,-135,-51,-228,-150,-1068,-2913]]]
12324474	p	1791681
1810309	n	119.1729,32.595,119.7015,33.0161	[[[1191729,327900,12,-222,39,-219,64,-215,88,-209,112,-201,135,-190,156,-178,176,-165,194,-149,211,-132,138,-70,1302,0,2074,483,35,33,156,178,135,190,112,201,88,209,59,197,-1333,2422,0,1,-14,26,-9,4,-237,95,-247,75,-254,54,-259,32,-262,11,-262,-11,-259,-32,-254,-54,-247,-75,-237,-95,-225,-114,-211,-132,-194,-149,-176,-165,-156,-178,-135,-190,-112,-201,-88,-209,-64,-215,-39,-219,-12,-222]]]
1785777	n	109.4539,38.0638,110.0261,38.5161	[[[1094539,382900,13,-222,42,-219,68,-215,95,-209,120,-201,144,-190,167,-178,189,-165,208,-149,225,-132,241,-114,254,-95,264,-75,273,-54,278,-32,280,-11,280,11,278,32,273,54,264,75,254,95,241,114,225,132,208,149,189,165,167,178,144,190,120,201,95,209,68,215,42,219,13,222,-13,222,-42,219,-68,215,-95,209,-120,201,-144,190,-167,178,-189,165,-208,149,-225,132,-241,114,-254,95,-264,75,-273,54,-278,32,-280,11,-280,-11,-278,-32,-273,-54,-264,-75,-254,-95,-241,-114,-225,-132,-208,-149,-189,-165,-167,-178,-144,-190,-120,-201,-95,-209,-68,-215,-42,-219,-13,-222]]]
1808879	p	1791681
1792592	n	108.9363,27.4939,109.4437,27.9461	[[[1089363,277200,12,-222,37,-219,60,-215,84,-209,107,-201,128,-190,148,-178,167,-165,185,-149,200,-132,213,-114,225,-95,235,-75,241,-54,246,-32,249,-11,249,11,246,32,241,54,235,75,225,95,213,114,200,132,185,149,167,165,148,178,128,190,107,201,84,209,60,215,37,219,12,222,-12,222,-37,219,-39,139,-955,1244,-85,56,-213,114,-225,95,-235,75,-241,54,-246,32,-249,11,-249,-11,-246,-32,-241,-54,-235,-75,-225,-95,-213,-114,-200,-132,-185,-149,-167,-165,-148,-178,-128,-190,-107,-201,-84,-209,-60,-215,-37,-219,-12,-222]]]
1789462	p	1793879
1811829	n	112.4289,30.4517,112.9047,30.8961	[[[1124289,306700,13,-222,37,-219,62,-215,87,-209,109,-201,132,-190,153,-178,172,-165,190,-149,205,-132,220,-114,232,-95,241,-75,89,-19,103,58,2575,1439,138,1971,-129,149,-172,165,-190,149,-205,132,-220,114,-232,95,-241,75,-249,54,-253,32,-256,11,-256,-11,-253,-32,-249,-54,-241,-75,-232,-95,-220,-114,-205,-132,-190,-149,-172,-165,-153,-178,-132,-190,-109,-201,-87,-209,-62,-215,-37,-219,-13,-222]]]
1801876	n	104.8952,34.5239,105.2189,34.9861	[[[1048952,349464,1295,-4223,53,-2,268,11,265,32,260,54,3,1,0,2,4,0,268,11,265,32,261,54,39,12,256,1967,-321,2354,-235,49,-265,32,-268,11,-268,-11,-265,-32,-261,-54,-2,-1,0,-2,-4,0,-268,-11,-265,-32,-260,-54,-253,-75,-242,-95,-60,-30]]]
1807695	n	114.7609,33.2039,115.2732,33.6322	[[[1147609,334300,13,-222,39,-219,64,-215,89,-209,113,-201,136,-190,157,-178,177,-165,196,-149,212,-132,226,-114,239,-95,249,-75,256,-54,261,-32,264,-11,264,11,261,32,138,30,1769,2399,-3630,1811,-71,-28,-31,-16,-1389,-1941,-2,-37]]]
1817456	n	109.4726,21.607,109.9217,21.8949	[[[1094726,216070,693,162,-14,37,-106,88,-458,154,-32,-23,-83,-418]],[[1094938,216579,126,-2,146,81,-6,106,-266,-185]],[[1095609,216713,85,-48,65,-71,40,-89,15,-103,30,-71,125,29,186,141,-46,-109,3104,723,4,85,-11,222,-35,219,-58,215,-80,209,-101,201,-122,190,-141,178,-160,165,-175,149,-3,1,-2710,-1893,56,-70,-35,-74,-33,-199]]]
1800599	p	11072148
2037375	n	131.6992,47.0239,132.3609,47.4761	[[[1316992,472500,15,-222,48,-219,79,-215,109,-209,139,-201,167,-190,194,-178,218,-165,240,-149,261,-132,278,-114,294,-95,306,-75,315,-54,321,-32,324,-11,324,11,321,32,315,54,306,75,294,95,278,114,261,132,240,149,218,165,194,178,167,190,139,201,109,209,79,215,48,219,15,222,-15,222,-48,219,-79,215,-109,209,-139,201,-167,190,-194,178,-218,165,-240,149,-261,132,-278,114,-294,95,-306,75,-315,54,-321,32,-324,11,-324,-11,-321,-32,-315,-54,-306,-75,-294,-95,-278,-114,-261,-132,-240,-149,-218,-165,-194,-178,-167,-190,-139,-201,-109,-209,-79,-215,-48,-219,-15,-222]]]
1807687	n	111.9343,23.6939,112.4257,24.1461	[[[1119343,239200,10,-186,1296,-1811,211,-92,227,-75,234,-54,238,-32,241,-11,241,11,238,32,234,54,227,75,218,95,207,114,194,132,178,149,162,165,144,178,124,190,103,201,81,209,59,215,35,219,12,222,-12,222,-35,219,-59,215,-81,209,-103,201,-124,190,-144,178,-162,165,-178,149,-194,132,-207,114,-218,95,-227,75,-234,54,-238,32,-241,11,-241,-11,-238,-32,-234,-54,-227,-75,-218,-95,-207,-114,-194,-132,-178,-149,-162,-165,-144,-178,-124,-190,-103,-201,-81,-209,-59,-215,-35,-219,-12,-222]]]
1800544	n	100.3657,25.1908,100.6896,25.4554	[[[1003657,254192,467,-2284,2758,133,14,17,-1000,1749,-1985,747,-115,-61,-139,-301]]]
1802068	n	117.0174,31.0039,117.5426,31.4561	[[[1170174,312300,12,-222,38,-219,63,-215,87,-209,110,-201,132,-190,154,-178,173,-165,191,-149,207,-132,221,-114,233,-95,243,-75,250,-54,255,-32,257,-11,257,11,255,32,250,54,243,75,233,95,221,114,207,132,191,149,173,165,154,178,132,190,110,201,87,209,63,215,38,219,12,222,-12,222,-38,219,-63,215,-87,209,-110,201,-132,190,-154,178,-173,165,-191,149,-207,132,-221,114,-233,95,-243,75,-250,54,-255,32,-257,11,-257,-11,-255,-32,-250,-54,-243,-75,-233,-95,-221,-114,-207,-132,-191,-149,-173,-165,-154,-178,-132,-190,-110,-201,-87,-209,-63,-215,-38,-219,-12,-222]]]
1808744	n	119.9898,33.5479,120.5082,33.9961	[[[1199898,337700,13,-222,39,-219,65,-215,89,-209,113,-201,137,-190,158,-178,178,-165,196,-149,212,-131,2004,-342,25,3,257,54,250,75,240,95,227,114,213,132,196,149,178,165,158,178,21,28,-30,28,53,84,61,38,21,-2,11,14,99,176,-23,162,-10,384,-66,177,-159,118,-183,99,-144,114,12,151,-75,232,-120,213,-124,94,-119,44,-74,95,-13,97,142,85,7,99,-53,194,-229,535,-217,86,-250,75,-257,54,-262,32,-265,11,-265,-11,-262,-32,-257,-54,-250,-75,-240,-95,-227,-114,-172,-107,-949,-1240,-28,-92,-39,-219,-13,-222]]]
8397870	n	109.3069,31.2244,109.8331,31.6261	[[[1093069,314000,13,-222,37,-219,63,-215,87,-209,111,-201,132,-190,154,-178,147,-139,437,-145,188,-38,2748,113,819,555,15,22,111,201,87,209,63,215,37,219,13,222,-13,222,-37,219,-63,215,-87,209,-111,201,-132,190,-154,178,-174,165,-191,149,-207,132,-222,114,-233,95,-243,75,-251,54,-255,32,-258,11,-258,-11,-255,-32,-251,-54,-243,-75,-233,-95,-222,-114,-207,-132,-191,-149,-174,-165,-154,-178,-132,-190,-111,-201,-87,-209,-63,-215,-37,-219,-13,-222]]]
1810668	n	111.717,27.2871,112.0694,27.5915	[[[1117170,274400,12,-222,36,-219,60,-215,84,-209,106,-201,128,-190,148,-178,96,-95,2854,1662,-91,1278,-2147,104,-1237,-1072,-1,-2,-36,-219,-12,-222]]]
8419425	p	1786378
1804162	p	1786217
2034221	n	129.4514,43.1099,130.0686,43.5361	[[[1294514,433100,15,-222,44,-219,74,-215,102,-209,129,-201,156,-190,180,-178,204,-165,224,-149,243,-132,260,-114,21,-7,3152,519,510,83,232,38,106,105,156,190,129,201,102,209,74,215,44,219,15,222,-15,222,-44,219,-74,215,-102,209,-129,201,-156,190,-180,178,-204,165,-224,149,-243,132,-260,114,-274,95,-285,75,-294,54,-299,32,-303,11,-303,-11,-299,-32,-294,-54,-285,-75,-274,-95,-260,-114,-243,-132,-224,-149,-204,-165,-180,-178,-156,-190,-129,-201,-102,-209,-74,-215,-44,-219,-15,-222]]]
1789691	p	1806096
1281189	n	98.3157,31.5939,98.8443,32.0461	[[[983157,318200,13,-222,38,-219,63,-215,87,-209,111,-201,133,-190,155,-178,174,-165,192,-149,209,-132,222,-114,235,-95,244,-75,251,-54,257,-32,259,-11,259,11,257,32,251,54,244,75,235,95,222,114,209,132,192,149,174,165,155,178,133,190,111,201,87,209,63,215,38,219,13,222,-13,222,-38,219,-63,215,-87,209,-111,201,-133,190,-155,178,-174,165,-192,149,-209,132,-222,114,-235,95,-244,75,-251,54,-257,32,-259,11,-259,-11,-257,-32,-251,-54,-244,-75,-235,-95,-222,-114,-209,-132,-192,-149,-174,-165,-155,-178,-133,-190,-111,-201,-87,-209,-63,-215,-38,-219,-13,-222]]]
1803402	p	7602670
8403611	p	1791748
1808133	p	1791681
1817294	p	1786770
1803753	p	1810979
1785566	n	113.1986,33.9961,113.7286,34.3861	[[[1131986,341600,13,-222,39,-219,65,-215,90,-209,113,-201,137,-190,159,-178,179,-165,53,-40,3418,154,1034,2168,-79,182,-113,201,-137,190,-159,178,-179,165,-197,149,-214,132,-229,114,-240,95,-251,75,-259,54,-263,32,-266,11,-266,-11,-263,-32,-259,-54,-251,-75,-240,-95,-229,-114,-214,-132,-197,-149,-179,-165,-159,-178,-137,-190,-113,-201,-90,-209,-65,-215,-39,-219,-13,-222]]]
1784450	n	104.9849,28.0887,105.4817,28.501	[[[1049849,283100,12,-222,37,-219,61,-215,84,-209,107,-201,129,-190,149,-178,168,-165,186,-149,201,-132,215,-114,226,-95,236,-75,224,-49,2933,2928,-52,128,-3288,1067,-1519,-1258,-60,-211,-37,-219,-12,-222]]]
1808977	n	113.509,30.4239,113.952,30.8342	[[[1135090,306500,12,-222,38,-219,62,-215,28,-69,1760,-1449,201,-44,253,-32,256,-11,256,11,253,32,78,17,1233,3200,-2252,843,-1999,-1024,-67,-162,-62,-215,-38,-219,-12,-222]]]
1792795	p	1785716
1797535	p	1809078
1812981	p	1808926
1787925	n	116.0683,26.6139,116.5717,27.0661	[[[1160683,268400,12,-222,36,-219,60,-215,84,-209,105,-201,127,-190,147,-178,166,-165,183,-149,199,-132,212,-114,223,-95,232,-75,240,-54,244,-32,247,-11,247,11,244,32,240,54,232,75,223,95,212,114,199,132,183,149,166,165,147,178,127,190,105,201,84,209,60,215,36,219,12,222,-12,222,-36,219,-60,215,-84,209,-105,201,-127,190,-147,178,-102,101,-1829,725,-15,1,-247,-11,-244,-32,-240,-54,-232,-75,-223,-95,-212,-114,-199,-132,-183,-149,-166,-165,-147,-178,-127,-190,-105,-201,-84,-209,-60,-215,-36,-219,-12,-222]]]
2035746	n	131.5593,45.3239,132.2008,45.7761	[[[1315593,455500,16,-222,46,-219,76,-215,106,-209,135,-201,162,-190,187,-178,211,-165,234,-149,252,-132,270,-114,285,-95,296,-75,266,-47,45,39,351,48,176,-113,13,-21,80,-3,314,11,312,32,305,54,296,75,285,95,270,114,252,132,234,149,211,165,187,178,162,190,135,201,106,209,76,215,46,219,16,222,-16,222,-46,219,-76,215,-106,209,-135,201,-162,190,-187,178,-211,165,-234,149,-252,132,-270,114,-285,95,-296,75,-305,54,-312,32,-314,11,-314,-11,-312,-32,-305,-54,-296,-75,-285,-95,-270,-114,-252,-132,-234,-149,-211,-165,-187,-178,-162,-190,-135,-201,-106,-209,-76,-215,-46,-219,-16,-222]]]
2035601	n	124.8765,48.9439,125.5635,49.3961	[[[1248765,491700,17,-222,49,-219,82,-215,114,-209,144,-201,173,-190,201,-178,226,-165,250,-149,271,-132,289,-114,305,-95,317,-75,327,-54,333,-32,337,-11,337,11,333,32,327,54,317,75,305,95,289,114,271,132,250,149,226,165,201,178,173,190,144,201,114,209,82,215,49,219,17,222,-17,222,-49,219,-82,215,-114,209,-144,201,-173,190,-201,178,-226,165,-250,149,-271,132,-289,114,-305,95,-317,75,-327,54,-333,32,-337,11,-337,-11,-333,-32,-327,-54,-317,-75,-305,-95,-289,-114,-271,-132,-250,-149,-226,-165,-201,-178,-173,-190,-144,-201,-114,-209,-82,-215,-49,-219,-17,-222]]]
1280574	n	99.6668,22.3339,100.1532,22.7861	[[[996668,225600,12,-222,35,-219,58,-215,80,-209,102,-201,123,-190,142,-178,160,-165,177,-149,192,-132,205,-114,215,-95,225,-75,232,-54,236,-32,238,-11,238,11,236,32,232,54,225,75,215,95,205,114,192,132,177,149,160,165,142,178,123,190,102,201,80,209,58,215,35,219,12,222,-12,222,-35,219,-58,215,-80,209,-102,201,-123,190,-142,178,-160,165,-177,149,-192,132,-205,114,-215,95,-225,75,-232,54,-236,32,-238,11,-238,-11,-236,-32,-232,-54,-225,-75,-215,-95,-205,-114,-192,-132,-177,-149,-160,-165,-142,-178,-123,-190,-102,-201,-80,-209,-58,-215,-35,-219,-12,-222]]]
1794825	n	118.5579,34.9532,119.1047,35.375	[[[1185579,351994,234,-728,3265,-1734,20,4,253,75,244,95,231,114,217,132,200,149,181,165,160,178,139,190,115,201,91,209,66,215,39,219,13,222,-13,222,-39,219,-66,215,-91,209,-115,201,-98,134,-55,39,-1,1,-1125,810,-2295,0,-144,-56,-231,-114,-217,-132,-200,-149,-181,-165,-160,-178,-139,-190,-115,-201,-91,-209,-66,-215,-26,-147]]]
1806271	n	120.4174,36.5005,120.81,36.7701	[[[1204174,365481,2823,-476,79,47,204,149,185,165,38,42,-80,151,50,214,103,190,-76,35,-31,34,4,50,33,86,202,4,332,167,6,20,41,219,13,222,-13,222,-41,219,-66,215,-53,120,-296,124,-2909,0,-250,-350,-298,-1869]]]
1784929	p	1793346
1818019	n	105.272,24.8739,105.768,25.3261	[[[1052720,251000,12,-222,36,-219,59,-215,82,-209,104,-201,125,-190,145,-178,163,-165,181,-149,195,-132,209,-114,220,-95,229,-75,236,-54,241,-32,243,-11,243,11,241,32,236,54,229,75,220,95,209,114,195,132,181,149,163,165,145,178,125,190,104,201,82,209,59,215,36,219,12,222,-12,222,-36,219,-59,215,-82,209,-104,201,-125,190,-145,178,-163,165,-181,149,-195,132,-209,114,-220,95,-229,75,-236,54,-241,32,-243,11,-243,-11,-241,-32,-66,-16,-1223,-751,-260,-160,-29,-35,-125,-190,-104,-201,-82,-209,-59,-215,-36,-219,-12,-222]]]
1280281	n	96.9175,30.9039,97.4425,31.3561	[[[969176,311300,13,-222,38,-219,62,-215,87,-209,110,-201,133,-190,153,-178,173,-165,191,-149,206,-132,221,-114,233,-95,242,-75,250,-54,255,-32,257,-11,257,11,255,32,250,54,242,75,233,95,221,114,206,132,191,149,173,165,153,178,133,190,110,201,87,209,62,215,38,219,13,222,-13,222,-38,219,-62,215,-87,209,-110,201,-133,190,-153,178,-173,165,-191,149,-206,132,-221,114,-233,95,-242,75,-250,54,-255,32,-257,11,-257,-11,-255,-32,-250,-54,-242,-75,-233,-95,-221,-114,-206,-132,-191,-149,-173,-165,-153,-178,-133,-190,-110,-201,-87,-209,-62,-215,-38,-219,-13,-222]]]
1800088	n	111.5547,23.5039,112.0453,23.9561	[[[1115547,237300,12,-222,35,-219,58,-215,82,-209,102,-201,124,-190,144,-178,161,-165,179,-149,193,-132,207,-114,217,-95,227,-75,233,-54,239,-32,240,-11,240,11,239,32,233,54,227,75,217,95,207,114,193,132,179,149,161,165,144,178,124,190,102,201,82,209,58,215,35,219,12,222,-10,190,-442,618,-850,1188,-212,93,-227,75,-233,54,-239,32,-240,11,-240,-11,-239,-32,-233,-54,-227,-75,-217,-95,-207,-114,-193,-132,-179,-149,-161,-165,-144,-178,-124,-190,-102,-201,-82,-209,-58,-215,-35,-219,-12,-222]]]
8403614	p	1791748
11778484	n	104.651,33.1739,105.189,33.6261	[[[1046510,334000,13,-222,39,-219,64,-215,89,-209,113,-201,135,-190,158,-178,177,-165,195,-149,212,-132,227,-114,239,-95,248,-75,256,-54,261,-32,264,-11,264,11,261,32,256,54,248,75,239,95,227,114,212,132,195,149,177,165,158,178,135,190,113,201,89,209,64,215,39,219,13,222,-13,222,-39,219,-64,215,-89,209,-113,201,-135,190,-158,178,-177,165,-195,149,-212,132,-227,114,-239,95,-248,75,-256,54,-261,32,-264,11,-264,-11,-261,-32,-256,-54,-248,-75,-239,-95,-227,-114,-212,-132,-195,-149,-177,-165,-158,-178,-135,-190,-113,-201,-89,-209,-64,-215,-39,-219,-13,-222]]]
2036933	n	128.6952,42.3138,129.3044,42.7661	[[[1286952,425400,15,-222,44,-219,72,-215,101,-209,128,-201,154,-190,178,-178,201,-165,221,-149,241,-132,256,-114,271,-95,281,-75,290,-54,296,-32,299,-11,299,11,296,32,290,54,281,75,271,95,256,114,241,132,221,149,201,165,178,178,154,190,128,201,101,209,72,215,44,219,11,167,-1605,2048,-2,1,-271,95,-281,75,-290,54,-296,32,-299,11,-299,-11,-296,-32,-290,-54,-281,-75,-271,-95,-256,-114,-241,-132,-221,-149,-201,-165,-178,-178,-154,-190,-128,-201,-101,-209,-72,-215,-44,-219,-15,-222]]]
1800107	p	1785286
1809263	p	10942359
1812988	n	120.5303,37.5839,121.0202,37.9906	[[[1205303,377576,724,-1359,233,-111,252,-95,263,-75,270,-54,276,-32,279,-11,279,11,276,32,270,54,263,75,252,95,239,114,224,132,207,149,187,165,167,178,143,190,95,160,-41,63,-46,102,-61,84,-108,34,-192,37,-185,95,-160,131,-121,147,120,178,-150,128,-264,78,-217,26,-117,-22,-196,-94,-97,-21,-151,13,-367,124,-469,43,-331,-130,-306,-190,-390,-133,-417,-68,-291,-175,-83,-30,-259,-38]],[[1206019,379693,75,-143,61,-67,29,-13,45,18,28,99,1,139,-68,85,-122,-12,-49,-106]],[[1206882,379853,27,-39,41,-67,55,-48,87,-41,113,-18,68,54,-72,115,-160,88,-139,9,-20,-53]],[[1207224,379191,39,-103,107,-42,96,-67,80,-12,42,108,-15,152,-89,160,-139,90,-74,0,-47,-286]]]
1797333	p	1783633
1280757	n	97.4376,39.6039,98.0133,40.0561	[[[974376,398300,14,-222,42,-219,70,-215,96,-209,123,-201,147,-190,171,-178,193,-165,213,-149,230,-132,246,-114,260,-95,270,-75,278,-54,284,-32,287,-11,287,11,284,32,278,54,270,75,260,95,246,114,230,132,213,149,193,165,171,178,147,190,123,201,66,143,65,1271,-35,107,-96,209,-123,201,-147,190,-171,178,-193,165,-213,149,-230,132,-246,114,-260,95,-270,75,-278,54,-284,32,-287,11,-287,-11,-284,-32,-278,-54,-270,-75,-260,-95,-246,-114,-230,-132,-213,-149,-193,-165,-171,-178,-147,-190,-123,-201,-96,-209,-70,-215,-42,-219,-14,-222]]]
1893595	p	1800234
1800629	n	106.4217,32.9339,106.9126,33.3861	[[[1064217,331600,13,-222,39,-219,64,-215,89,-209,112,-201,135,-190,157,-178,177,-165,195,-149,212,-132,225,-114,238,-95,248,-75,256,-54,260,-32,263,-11,263,11,260,32,256,54,248,75,43,17,1156,3333,-152,173,-177,165,-195,149,-212,132,-225,114,-238,95,-248,75,-256,54,-260,32,-263,11,-263,-11,-260,-32,-256,-54,-248,-75,-238,-95,-225,-114,-212,-132,-195,-149,-177,-165,-157,-178,-135,-190,-112,-201,-89,-209,-64,-215,-39,-219,-13,-222]]]
1813088	p	1787746
1803822	p	1798821
1805334	n	120.3683,27.2219,120.682,27.5517	[[[1203683,274966,879,-2459,132,-87,213,-114,205,-87,9,17,89,60,50,92,-33,150,-27,79,-22,13,37,53,45,44,56,40,31,29,47,23,46,41,19,80,-6,145,9,70,31,55,-18,66,-133,56,-170,40,-123,16,0,62,225,48,122,154,53,200,10,181,137,-12,630,-217,127,-7,41,47,95,158,-95,81,-32,77,15,83,88,202,40,16,55,2,96,54,125,148,39,151,-51,130,-149,86,-99,2,-187,39,-149,91,-47,132,-80,204,-8,17,-2239,-260,-49,-92,-79,-199]]]
12324303	n	118.5146,36.6914,118.6589,36.8237	[[[1185146,367466,394,-552,531,111,518,651,-47,524,-44,37,-693,-34,-659,-737]]]
1813032	p	1814906
1790392	p	1787227
1786515	p	1791681
2036081	p	2034786
1799574	n	111.5658,31.5539,112.0712,32.0062	[[[1115658,317800,13,-222,38,-219,63,-215,87,-209,111,-201,133,-190,155,-178,174,-165,192,-149,208,-132,223,-114,234,-95,244,-75,252,-54,256,-32,259,-11,259,11,256,32,252,54,244,75,234,95,223,114,208,132,145,113,591,2217,-1975,1646,-178,22,-259,11,-259,-11,-256,-32,-252,-54,-244,-75,-234,-95,-223,-114,-208,-132,-192,-149,-174,-165,-155,-178,-133,-190,-111,-201,-87,-209,-63,-215,-38,-219,-13,-222]]]
1787837	n	109.9305,20.248,110.4095,20.5561	[[[1099305,203300,12,-222,34,-219,57,-215,33,-87,3,4,65,161,149,88,265,55,-8,-15,37,-22,58,-20,50,-5,58,34,98,133,55,38,108,9,110,-15,87,-38,35,-62,26,-72,61,-52,78,-32,81,-12,74,-28,165,-176,179,-50,603,50,34,32,14,71,40,70,114,31,292,16,84,-16,108,-40,92,-53,147,-111,137,99,257,68,246,95,112,181,66,76,146,3,233,-44,68,44,14,14,1,12,12,222,-12,222,-34,219,-57,215,-79,209,-101,201,-121,190,-140,178,-158,165,-174,149,-188,132,-202,114,-212,95,-222,75,-228,54,-232,32,-235,11,-235,-11,-232,-32,-228,-54,-222,-75,-212,-95,-202,-114,-188,-132,-174,-149,-158,-165,-94,-119,85,-83,258,-190,57,-158,-94,-172,-137,-162,-70,-129,-30,-206,-75,31,-168,281,-123,130,-39,29,-11,-30,-57,-215,-34,-219,-12,-222]]]
1529088	p	1529660
1799348	n	116.6167,35.6352,117.0552,35.9861	[[[1166167,359362,446,-3010,2093,279,1846,1612,-4,13,-91,209,-116,201,-140,190,-162,178,-182,165,-201,149,-218,132,-233,114,-246,95,-256,75,-263,54,-269,32,-271,11,-271,-11,-269,-32,-263,-54,-256,-75,-246,-95,-233,-114,-195,-118]]]
1805379	n	111.6117,29.3839,112.1275,29.8361	[[[1116117,296100,12,-222,38,-219,61,-215,86,-209,108,-201,130,-190,151,-178,170,-165,188,-149,204,-132,217,-114,229,-95,239,-75,246,-54,251,-32,253,-11,214,9,2361,2392,-4,82,-38,219,-61,215,-86,209,-108,201,-130,190,-151,178,-170,165,-188,149,-204,132,-217,114,-229,95,-239,75,-246,54,-251,32,-253,11,-253,-11,-251,-32,-246,-54,-239,-75,-229,-95,-217,-114,-204,-132,-188,-149,-170,-165,-151,-178,-130,-190,-108,-201,-86,-209,-61,-215,-38,-219,-12,-222]]]
1817884	n	115.587,27.2039,116.0839,27.6551	[[[1155870,274300,12,-222,36,-219,61,-215,83,-209,107,-201,127,-190,148,-178,167,-165,184,-149,199,-132,213,-114,225,-95,234,-75,240,-54,246,-32,248,-11,248,11,246,32,240,54,234,75,225,95,213,114,199,132,184,149,167,165,148,178,127,190,107,201,83,209,18,63,-951,2104,-1715,740,-21,-1,-246,-32,-240,-54,-234,-75,-225,-95,-213,-114,-199,-132,-184,-149,-167,-165,-148,-178,-127,-190,-107,-201,-83,-209,-61,-215,-36,-219,-12,-222]]]
1813033	n	108.8796,26.0039,109.3804,26.4561	[[[1088796,262300,12,-222,37,-219,59,-215,83,-209,105,-201,126,-190,147,-178,165,-165,182,-149,197,-132,211,-114,222,-95,231,-75,239,-54,243,-32,245,-11,245,11,243,32,239,54,231,75,222,95,211,114,197,132,182,149,165,165,147,178,126,190,105,201,83,209,59,215,37,219,12,222,-12,222,-37,219,-59,215,-83,209,-105,201,-126,190,-147,178,-165,165,-182,149,-197,132,-211,114,-222,95,-231,75,-239,54,-243,32,-245,11,-245,-11,-243,-32,-239,-54,-231,-75,-222,-95,-211,-114,-197,-132,-182,-149,-165,-165,-147,-178,-126,-190,-105,-201,-83,-209,-59,-215,-37,-219,-12,-222]]]
1815585	p	1805753
12277235	p	1814093
1789118	p	1785286
1798182	p	1791681
1800065	n	115.1075,37.1239,115.6713,37.5638	[[[1151075,373500,14,-222,40,-219,68,-215,93,-209,119,-201,142,-190,165,-178,186,-165,206,-149,222,-132,238,-114,251,-95,261,-75,269,-54,274,-32,277,-11,277,11,274,32,269,54,261,75,251,95,238,114,222,132,206,149,186,165,165,178,142,190,119,201,93,209,68,215,40,219,2,19,-3723,2341,-171,-49,-251,-95,-238,-114,-222,-132,-206,-149,-186,-165,-165,-178,-142,-190,-119,-201,-93,-209,-68,-215,-40,-219,-14,-222]]]
1801722	p	1814087
1549817	p	1798972
1794947	p	1811103
1808103	n	106.0345,32.0039,106.5655,32.4561	[[[1060345,322300,13,-222,38,-219,63,-215,88,-209,112,-201,134,-190,155,-178,175,-165,193,-149,209,-132,224,-114,235,-95,245,-75,253,-54,258,-32,260,-11,260,11,258,32,253,54,245,75,235,95,224,114,209,132,193,149,175,165,155,178,134,190,112,201,88,209,63,215,38,219,13,222,-13,222,-38,219,-63,215,-88,209,-112,201,-134,190,-155,178,-175,165,-193,149,-209,132,-224,114,-235,95,-245,75,-253,54,-258,32,-260,11,-260,-11,-258,-32,-253,-54,-245,-75,-235,-95,-224,-114,-209,-132,-193,-149,-175,-165,-155,-178,-134,-190,-112,-201,-88,-209,-63,-215,-38,-219,-13,-222]]]
1786042	p	1802204
1793364	p	1806408
1785964	p	1909733
1815617	n	104.7282,28.3578,105.1477,28.7287	[[[1047282,286137,2381,-2559,36,4,73,17,1705,1411,-16,484,-2399,1677,-722,116,-1058,-1150]]]
1788269	n	116.5395,27.6943,117.0341,28.0712	[[[1165395,278376,57,-141,107,-201,128,-190,107,-129,2764,-772,215,68,225,95,214,114,200,132,185,149,168,165,148,178,128,190,107,201,84,209,61,215,36,219,12,222,-12,222,-36,219,-61,215,-84,209,-97,182,-676,325,-2575,240,-1100,-419,-305,-1917]]]
1811440	n	117.695,35.0406,118.2441,35.4861	[[[1176950,352600,13,-222,39,-219,66,-215,91,-209,115,-201,139,-190,161,-178,181,-165,200,-149,217,-132,231,-114,244,-95,255,-75,145,-30,1766,241,1628,2105,-4,70,-39,219,-66,215,-91,209,-115,201,-139,190,-161,178,-181,165,-200,149,-217,132,-231,114,-244,95,-255,75,-261,54,-267,32,-270,11,-65,-3,-279,-17,-193,-23,-171,-36,-2032,-2012,-10,-170]]]
1795941	p	1785453
1804935	n	104.2552,27.9439,104.7648,28.3103	[[[1042552,281700,13,-222,36,-219,61,-215,84,-209,107,-201,129,-190,149,-178,168,-165,185,-149,201,-132,214,-114,226,-95,235,-75,243,-54,247,-32,250,-11,250,11,247,32,243,54,235,75,226,95,214,114,201,132,185,149,168,165,149,178,129,190,107,201,84,209,61,215,36,219,13,222,-13,222,-36,219,-61,215,-9,21,-210,110,-3811,605,-404,11,-122,-147,-129,-190,-107,-201,-84,-209,-61,-215,-36,-219,-13,-222]]]
1549667	p	1785716
1280328	n	97.6928,24.4838,98.1872,24.9361	[[[976928,247100,12,-222,35,-219,59,-215,82,-209,104,-201,124,-190,145,-178,163,-165,180,-149,195,-132,208,-114,219,-95,228,-75,236,-54,240,-32,242,-11,242,11,240,32,236,54,228,75,219,95,208,114,195,132,180,149,163,165,145,178,124,190,104,201,82,209,59,215,35,219,12,222,-12,222,-35,219,-59,215,-82,209,-104,201,-124,190,-145,178,-163,165,-180,149,-195,132,-208,114,-219,95,-228,75,-236,54,-240,32,-242,11,-242,-11,-240,-32,-236,-54,-228,-75,-219,-95,-208,-114,-195,-132,-180,-149,-22,-22,100,-130,-78,-200,-167,-82,-202,-2,-63,-97,-104,-201,-82,-209,-59,-215,-35,-219,-12,-222]]]
1792516	n	106.5653,27.9139,107.0747,28.3661	[[[1065653,281400,12,-222,37,-219,61,-215,84,-209,107,-201,128,-190,149,-178,168,-165,185,-149,201,-132,214,-114,226,-95,236,-75,242,-54,247,-32,250,-11,250,11,247,32,242,54,236,75,226,95,214,114,201,132,185,149,168,165,149,178,128,190,107,201,84,209,61,215,37,219,12,222,-12,222,-37,219,-61,215,-84,209,-107,201,-128,190,-149,178,-168,165,-185,149,-201,132,-214,114,-226,95,-236,75,-242,54,-247,32,-250,11,-250,-11,-247,-32,-242,-54,-236,-75,-226,-95,-214,-114,-201,-132,-185,-149,-168,-165,-149,-178,-128,-190,-107,-201,-84,-209,-61,-215,-37,-219,-12,-222]]]
1816890	n	119.0415,33.0039,119.5785,33.4561	[[[1190415,332300,13,-222,39,-219,64,-215,89,-209,112,-201,136,-190,157,-178,177,-165,195,-149,211,-132,226,-114,239,-95,248,-75,255,-54,261,-32,263,-11,263,11,261,32,255,54,248,75,239,95,226,114,211,132,195,149,177,165,157,178,136,190,112,201,89,209,64,215,39,219,13,222,-13,222,-39,219,-64,215,-89,209,-112,201,-136,190,-157,178,-177,165,-195,149,-211,132,-226,114,-239,95,-248,75,-255,54,-261,32,-263,11,-263,-11,-261,-32,-255,-54,-53,-16,-1206,-679,-37,-35,-157,-178,-136,-190,-112,-201,-89,-209,-64,-215,-39,-219,-13,-222]]]
2037823	p	2033370
2035511	n	125.7532,42.7897,126.3668,43.1333	[[[1257532,429400,15,-222,44,-219,73,-215,102,-209,129,-201,123,-152,94,-7,3711,-278,1652,722,61,125,73,215,44,219,15,222,-15,222,-44,219,-73,215,-102,209,-129,201,-154,190,-180,178,-202,165,-223,149,-242,132,-120,53,-3810,-380,-145,-119,-180,-178,-154,-190,-129,-201,-102,-209,-73,-215,-44,-219,-15,-222]]]
1789649	p	1816705
12324301	p	1803364
1811794	n	107.2805,25.6039,107.7795,26.0159	[[[1072805,258300,12,-222,36,-219,59,-215,83,-209,105,-201,125,-190,146,-178,165,-165,181,-149,197,-132,210,-114,221,-95,231,-75,237,-54,242,-32,245,-11,245,11,242,32,237,54,231,75,221,95,210,114,197,132,181,149,165,165,146,178,125,190,105,201,83,209,59,215,36,219,12,222,-12,222,-36,219,-59,215,-83,209,-105,201,-125,190,-146,178,-165,165,-181,149,-165,111,-3008,-117,-174,-143,-165,-165,-146,-178,-125,-190,-105,-201,-83,-209,-59,-215,-36,-219,-12,-222]]]
1279715	n	88.6226,29.0239,89.1374,29.4761	[[[886226,292500,12,-222,37,-219,62,-215,85,-209,108,-201,130,-190,150,-178,170,-165,187,-149,203,-132,217,-114,228,-95,238,-75,245,-54,250,-32,252,-11,252,11,250,32,245,54,238,75,228,95,217,114,203,132,187,149,170,165,150,178,130,190,108,201,85,209,62,215,37,219,12,222,-12,222,-37,219,-62,215,-85,209,-108,201,-130,190,-150,178,-170,165,-187,149,-203,132,-217,114,-228,95,-238,75,-245,54,-250,32,-252,11,-252,-11,-250,-32,-245,-54,-238,-75,-228,-95,-217,-114,-203,-132,-187,-149,-170,-165,-150,-178,-130,-190,-108,-201,-85,-209,-62,-215,-37,-219,-12,-222]]]
1549774	p	1811200
1793533	n	119.7447,31.9702,120.2753,32.3483	[[[1197447,321700,13,-222,38,-219,63,-215,88,-209,111,-201,134,-190,155,-178,175,-165,193,-149,203,-128,1156,-122,-164,204,-227,274,-313,274,-402,317,-114,99,-707,273,-124,125,-81,169,-6,188,248,361,-100,61,-235,12,-65,12,-26,-149,-13,-222]],[[1197534,322265,359,-150,300,-77,-94,-147,-111,-104,-78,-132,10,-232,-7,-54,-30,-33,-12,-40,49,-78,32,-12,97,-3,103,-51,283,-71,152,-66,316,-261,116,-20,-5,91,-207,427,-57,300,-421,969,-186,235,-280,156,-103,-146,-111,-201,-88,-209,-27,-91]],[[1198359,323029,62,-38,201,-179,121,-161,132,-512,130,-157,216,192,-9,-209,-102,-384,-25,-192,37,-152,92,-152,706,-926,280,-251,218,-134,2294,1542,28,162,13,222,-13,222,-38,219,-63,215,-88,209,-111,201,-134,190,-32,37,-1835,490,-2080,-454]]]
1793385	p	1793346
1795579	n	115.3916,36.0516,115.8971,36.4661	[[[1153916,362400,13,-222,40,-219,66,-215,93,-209,116,-201,141,-190,163,-178,183,-165,203,-149,219,-132,9,-4,3809,2252,-1674,1839,-54,11,-270,32,-273,11,-273,-11,-270,-32,-265,-54,-258,-75,-247,-95,-234,-114,-219,-132,-203,-149,-183,-165,-163,-178,-141,-190,-116,-201,-93,-209,-66,-215,-40,-219,-13,-222]]]
1797438	n	120.5897,37.1018,121.1117,37.5361	[[[1205897,371918,9,-12,3493,-888,232,88,238,114,222,132,206,149,186,165,165,178,142,190,119,201,93,209,67,215,41,219,7,117,-1258,1990,-228,109,-250,95,-261,75,-269,54,-274,32,-277,11,-277,-11,-274,-32,-269,-54,-261,-75,-250,-95,-238,-114,-222,-132,-15,-11,-597,-2919]]]
1790885	n	115.9852,31.7639,116.5148,32.1823	[[[1159852,319900,13,-222,38,-219,63,-215,88,-209,111,-201,133,-190,155,-178,175,-165,192,-149,209,-132,223,-114,235,-95,244,-75,252,-54,257,-32,260,-11,11,0,2612,1972,12,67,13,222,-13,222,-38,219,-63,215,-88,209,-111,201,-133,190,-155,178,-175,165,-101,78,-3149,245,-9,1,-84,-43,-209,-132,-192,-149,-175,-165,-155,-178,-133,-190,-111,-201,-88,-209,-63,-215,-38,-219,-13,-222]]]
1788402	n	114.0556,24.896,114.548,25.3461	[[[1140556,251573,2764,-2613,164,22,236,54,229,75,220,95,209,114,196,132,180,149,163,165,145,178,125,190,105,201,82,209,59,215,35,219,12,222,-12,222,-35,219,-59,215,-82,209,-105,201,-125,190,-145,178,-163,165,-180,149,-196,132,-209,114,-220,95,-229,75,-236,54,-241,32,-243,11,-243,-11,-241,-32,-236,-54,-229,-75,-220,-95,-209,-114,-196,-132,-180,-149,-163,-165,-145,-178,-125,-190,-105,-201,-82,-209,-59,-215,-11,-68]]]
1815847	n	119.4558,36.1372,119.7417,36.3441	[[[1194558,362421,786,-595,151,-233,297,-221,1625,945,-625,873,-101,71,-544,-127,-1315,307,-274,-1020]]]
1788452	n	114.5809,30.66,115.0616,31.0944	[[[1145809,307466,16,-22,152,-178,173,-165,190,-149,206,-132,221,-114,232,-95,36,-11,1315,0,873,102,10,4,221,114,206,132,190,149,173,165,152,178,132,190,110,201,87,209,62,215,38,219,12,222,-12,222,-38,219,-62,215,-87,209,-23,44,-2695,1335,-209,-26,-250,-54,-241,-75,-232,-95,-221,-114,-206,-132,-190,-149,-158,-151,-183,-2682]]]
1794971	p	12324556
2034340	n	129.6098,42.7512,130.1325,43.1701	[[[1296098,431087,1175,-3488,236,-63,134,-24,92,158,160,255,55,140,40,302,352,708,73,103,52,104,9,231,41,106,114,71,302,25,137,46,-93,26,-76,41,-60,57,-43,75,109,34,185,90,115,19,134,-19,75,-48,301,-299,96,-70,144,-48,125,-13,391,13,470,150,225,41,157,571,-89,184,-129,201,-155,190,-179,178,-203,165,-223,149,-242,132,-258,114,-19,7,-3730,-614]]]
8420195	p	1814906
1808517	p	1794371
12324246	n	118.4757,35.9945,118.8938,36.3425	[[[1184757,360865,91,-99,184,-165,202,-149,219,-132,235,-114,247,-95,176,-51,1035,-115,127,5,270,32,265,54,257,75,247,95,186,90,440,1232,-212,1037,-909,777,-171,83,-2032,-631,-837,-1884,-20,-45]]]
2033301	n	128.5053,47.7216,129.1745,48.0761	[[[1285053,478500,17,-222,48,-219,80,-215,110,-209,141,-201,168,-190,31,-28,4648,999,1449,311,-15,196,-48,219,-80,215,-110,209,-141,201,-168,190,-196,178,-221,165,-243,149,-264,132,-281,114,-297,95,-310,75,-318,54,-325,32,-328,11,-328,-11,-325,-32,-318,-54,-310,-75,-297,-95,-281,-114,-264,-132,-243,-149,-221,-165,-196,-178,-168,-190,-141,-201,-110,-209,-80,-215,-48,-219,-17,-222]]]
1798634	n	117.3672,35.2739,117.9031,35.6941	[[[1173672,354318,79,-183,116,-201,139,-190,162,-178,181,-165,201,-149,217,-132,130,-64,1047,-296,86,-10,270,-11,270,11,268,32,169,35,2024,2004,-1859,1856,-1891,264,-1580,-2576,-29,-47]]]
12110889	n	107.5056,29.0939,107.9701,29.5461	[[[1075056,293538,303,-1448,99,-146,151,-178,170,-165,187,-149,203,-132,217,-114,228,-95,238,-75,245,-54,251,-32,252,-11,252,11,251,32,245,54,238,75,228,95,217,114,203,132,187,149,77,75,203,2829,-110,129,-170,165,-187,149,-203,132,-217,114,-228,95,-238,75,-245,54,-251,32,-252,11,-252,-11,-251,-32,-245,-54,-238,-75,-228,-95,-217,-114,-203,-132,-187,-149,-170,-165,-151,-178,-130,-190,-108,-201,-85,-209,-61,-215,-18,-103]]]
1803374	p	1808926
1805175	p	13308620
1807090	p	1811200
2036066	n	129.9507,45.0539,130.5734,45.5062	[[[1299508,452800,16,-222,46,-219,76,-215,105,-209,134,-201,161,-190,187,-178,210,-165,232,-149,252,-132,268,-114,284,-95,295,-75,303,-54,310,-32,313,-11,313,11,12,1,168,82,1681,816,3,1,663,321,109,164,85,169,-334,1897,-46,55,-187,178,-210,165,-232,149,-252,132,-268,114,-284,95,-295,75,-303,54,-310,32,-313,11,-313,-11,-310,-32,-303,-54,-295,-75,-284,-95,-268,-114,-252,-132,-232,-149,-210,-165,-187,-178,-161,-190,-134,-201,-105,-209,-76,-215,-46,-219,-16,-222]]]
1807339	n	115.7702,29.9639,116.2898,30.4161	[[[1157702,301900,12,-222,38,-219,62,-215,86,-209,109,-201,131,-190,152,-178,171,-165,189,-149,205,-132,218,-114,231,-95,240,-75,247,-54,252,-32,255,-11,255,11,252,32,247,54,240,75,231,95,218,114,205,132,189,149,171,165,152,178,131,190,109,201,86,209,62,215,38,219,12,222,-12,222,-38,219,-62,215,-86,209,-109,201,-131,190,-152,178,-171,165,-189,149,-205,132,-218,114,-231,95,-240,75,-247,54,-252,32,-255,11,-255,-11,-252,-32,-247,-54,-240,-75,-231,-95,-218,-114,-205,-132,-189,-149,-171,-165,-152,-178,-131,-190,-109,-201,-86,-209,-62,-215,-38,-219,-12,-222]]]
1898494	p	1886760
1805267	n	115.1843,33.5039,115.6612,33.9561	[[[1151843,338656,2116,-3615,41,-2,265,11,262,32,257,54,249,75,240,95,227,114,213,132,196,149,178,165,158,178,136,190,114,201,89,209,28,93,-1527,2631,-52,21,-249,75,-257,54,-262,32,-265,11,-265,-11,-262,-32,-257,-54,-249,-75,-240,-95,-227,-114,-213,-132,-196,-149,-178,-165,-70,-78]]]
2034761	n	126.7107,44.1907,127.2644,44.6361	[[[1267107,445564,3140,-3657,166,29,290,75,279,95,265,114,247,132,229,149,207,165,184,178,159,190,131,201,104,209,75,215,46,219,15,222,-15,222,-46,219,-75,215,-104,209,-131,201,-159,190,-184,178,-207,165,-229,149,-247,132,-265,114,-279,95,-290,75,-300,54,-305,32,-308,11,-308,-11,-305,-32,-300,-54,-290,-75,-279,-95,-265,-114,-247,-132,-229,-149,-170,-135]]]
12324287	p	1806096
1813927	p	10630003
2036653	n	130.1003,42.6439,130.6664,43.0961	[[[1301003,429210,401,-139,534,11,452,-60,175,-353,-143,-849,8,-386,46,-81,151,-267,544,-412,77,-171,84,-54,268,-10,300,11,298,32,292,54,283,75,271,95,72,32,-77,40,-296,12,-362,-37,-343,23,-241,191,275,387,838,454,955,365,626,116,120,-4,38,193,15,222,-15,222,-44,219,-73,215,-101,209,-129,201,-154,190,-179,178,-202,165,-223,149,-242,132,-258,114,-271,95,-283,75,-292,54,-298,32,-300,11,-300,-11,-298,-32,-292,-54,-283,-75,-271,-95,-258,-114,-242,-132,-223,-149,-168,-138,-97,-351,47,8,121,-91,-31,-132,-80,-162,-109,-142,-109,-65,-4,-16]]]
1914927	n	109.1633,19.75,109.409,19.9217	[[[1091633,197903,34,-403,440,0,249,124,254,163,122,149,83,-34,77,-23,82,-10,100,0,-54,-78,1070,841,-132,63,-270,198,-309,6,-166,21,-71,78,-28,197,-77,22,-237,-188,-95,-28,-89,7,-65,-25,-24,-124,-10,-112,-30,-59,-131,-100,-61,-34,-46,1,-54,-8,-83,-64,-38,-47,-65,-110,-34,-48,-107,-78,-113,-60,-87,-85,-35,-152]],[[1092868,197671,104,82,-15,-7,-89,-14,0,-61]]]
1803948	p	1816670
1784939	p	1785716
1813658	p	1799397
1783554	n	109.0218,19.2239,109.4414,19.5819	[[[1090218,194500,12,-222,34,-219,57,-215,79,-209,100,-201,120,-190,139,-178,157,-165,173,-149,188,-132,200,-114,212,-95,220,-75,226,-54,232,-32,233,-11,233,11,232,32,226,54,220,75,212,95,200,114,188,132,173,149,130,136,-1837,2782,-2057,-222,-20,-31,-100,-201,-79,-209,-57,-215,-34,-219,-12,-222]]]
1787437	p	1792947
1797471	p	1793899
1797793	n	115.065,30.2851,115.5205,30.6761	[[[1150650,304767,137,-707,1647,-1209,2762,1492,9,157,-12,222,-38,219,-62,215,-86,209,-110,201,-131,190,-152,178,-172,165,-189,149,-206,132,-219,114,-231,95,-241,75,-248,54,-253,32,-255,11,-255,-11,-253,-32,-248,-54,-241,-75,-231,-95,-219,-114,-206,-132,-189,-149,-108,-104,0,-1228]]]
1794782	p	1811200
1803266	p	1790630
12258245	n	79.3177,37.1936,79.7354,37.5261	[[[793177,373000,13,-222,41,-219,67,-215,94,-209,118,-199,3074,715,770,2332,-23,11,-251,95,-260,75,-269,54,-274,32,-277,11,-277,-11,-274,-32,-269,-54,-260,-75,-251,-95,-237,-114,-223,-132,-205,-149,-186,-165,-165,-178,-143,-190,-118,-201,-94,-209,-67,-215,-41,-219,-13,-222]]]
12324299	n	119.4314,36.3134,119.6691,36.5053	[[[1194314,364586,518,-1145,1315,-307,544,127,-116,1375,-341,417,-1920,-467]]]
1792087	n	119.7285,35.6614,120.2051,36.0407	[[[1197285,357694,110,-150,162,-178,183,-165,202,-149,218,-132,233,-114,246,-95,256,-75,111,-22,10,101,67,94,225,186,48,55,-44,58,-310,255,80,86,173,119,123,43,119,-73,203,-214,329,-46,169,320,190,830,135,198,449,382,100,32,286,1,61,38,36,59,174,195,56,51,205,69,7,-138,-102,-114,-90,-126,48,-175,99,138,199,182,-745,1187,-2044,-329,-1262,-931,-715,-1453]]]
2038118	n	125.7819,42.4339,126.1823,42.8175	[[[1257819,427325,1514,-2848,78,-40,3,-1,290,-54,297,-32,299,-11,299,11,297,32,54,11,873,3504,-3711,278,-173,-141,-102,-102,-18,-607]]]
1788869	p	1804169
2037334	n	124.1257,47.5739,124.7943,48.0261	[[[1241257,478000,16,-222,48,-219,80,-215,110,-209,140,-201,169,-190,196,-178,220,-165,243,-149,264,-132,281,-114,297,-95,308,-75,319,-54,324,-32,328,-11,328,11,324,32,319,54,308,75,297,95,281,114,264,132,243,149,220,165,196,178,169,190,140,201,110,209,80,215,48,219,16,222,-16,222,-48,219,-80,215,-110,209,-140,201,-169,190,-196,178,-220,165,-243,149,-264,132,-281,114,-297,95,-308,75,-319,54,-324,32,-328,11,-328,-11,-324,-32,-319,-54,-308,-75,-297,-95,-281,-114,-264,-132,-243,-149,-220,-165,-196,-178,-169,-190,-140,-201,-110,-209,-80,-215,-48,-219,-16,-222]]]
6958502	p	13308620
1806840	p	13608003
1816751	p	1792892
1787601	n	115.5125,35.8838,116.058,36.2768	[[[1155125,360493,15,-49,92,-209,116,-201,141,-190,162,-178,183,-165,203,-149,219,-132,234,-114,246,-95,257,-75,265,-54,270,-32,272,-11,272,11,270,32,265,54,257,75,246,95,234,114,219,132,203,149,183,165,162,178,141,190,116,201,92,209,66,215,40,219,14,222,-14,222,-40,219,-66,215,-92,209,-116,201,-26,34,-1255,568,-3846,-2275]]]
1802651	n	105.4517,29.5858,105.9345,29.9261	[[[1054517,297048,1002,-1190,3826,1028,-1424,2255,-70,23,-247,54,-251,32,-253,11,-253,-11,-251,-32,-247,-54,-238,-75,-230,-95,-217,-114,-204,-132,-188,-149,-171,-165,-151,-178,-130,-190,-109,-201,-85,-209,-62,-215,-37,-219,-10,-174]]]
1795919	n	115.8065,34.5739,116.2756,35.0261	[[[1158065,348000,13,-222,40,-219,65,-215,90,-209,115,-201,138,-190,160,-178,180,-165,199,-149,216,-132,230,-114,242,-95,253,-75,260,-54,266,-32,268,-11,268,11,266,32,260,54,253,75,242,95,195,96,110,242,362,1606,-213,1134,-428,897,-26,13,-242,95,-253,75,-260,54,-266,32,-268,11,-268,-11,-266,-32,-260,-54,-253,-75,-242,-95,-230,-114,-216,-132,-199,-149,-180,-165,-160,-178,-138,-190,-115,-201,-90,-209,-65,-215,-40,-219,-13,-222]]]
1785022	p	1798972
1799897	n	117.91,35.9639,118.4023,36.415	[[[1179100,360913,25,-44,753,-743,176,-106,234,-114,247,-95,257,-75,265,-54,270,-32,273,-11,273,11,270,32,265,54,257,75,247,95,234,114,219,132,203,149,183,165,163,178,109,148,-1997,2907,-699,451,-270,-32,-190,-39,-1767,-1405,0,-1761]]]
1806880	p	1792359
1786043	n	120.2542,36.735,120.4722,36.9202	[[[1202542,367350,1930,0,250,350,-1075,1502,-1105,-1852]]]
1793889	p	1807700
1549743	n	116.9499,34.4328,117.1382,34.5782	[[[1169499,345574,396,-1245,713,125,774,360,-1386,968,-497,-208]]]
1809610	p	1804386
1790379	p	1792947
1785655	n	112.4408,33.2239,112.9758,33.6761	[[[1124408,334500,13,-222,39,-219,64,-215,89,-209,113,-201,136,-190,157,-178,178,-165,195,-149,213,-132,226,-114,239,-95,249,-75,256,-54,261,-32,264,-11,230,9,2428,2590,-18,103,-64,215,-89,209,-113,201,-136,190,-157,178,-178,165,-195,149,-213,132,-226,114,-239,95,-249,75,-256,54,-261,32,-264,11,-264,-11,-261,-32,-256,-54,-249,-75,-239,-95,-226,-114,-213,-132,-195,-149,-178,-165,-157,-178,-136,-190,-113,-201,-89,-209,-64,-215,-39,-219,-13,-222]]]
1788406	p	1786577
1804442	p	1805528
2037252	n	121.1648,50.5539,121.8752,51.0062	[[[1211648,507800,17,-222,51,-219,85,-215,118,-209,149,-201,179,-190,207,-178,235,-165,258,-149,280,-132,299,-114,315,-95,328,-75,338,-54,345,-32,348,-11,348,11,345,32,338,54,328,75,315,95,299,114,280,132,258,149,235,165,207,178,179,190,149,201,118,209,85,215,51,219,17,222,-17,222,-51,219,-85,215,-118,209,-149,201,-179,190,-207,178,-235,165,-258,149,-280,132,-299,114,-315,95,-328,75,-338,54,-345,32,-348,11,-348,-11,-345,-32,-338,-54,-328,-75,-315,-95,-299,-114,-280,-132,-258,-149,-235,-165,-207,-178,-179,-190,-149,-201,-118,-209,-85,-215,-51,-219,-17,-222]]]
1801983	n	103.7776,29.1639,104.2878,29.6161	[[[1037776,293447,57,-203,86,-209,108,-201,130,-190,151,-178,169,-165,188,-149,203,-132,217,-114,229,-95,238,-75,245,-54,250,-32,253,-11,253,11,250,32,245,54,238,75,148,61,1166,1011,81,152,86,209,61,215,37,219,13,222,-13,222,-37,219,-61,215,-86,209,-108,201,-130,190,-151,178,-169,165,-188,149,-203,132,-217,114,-229,95,-238,75,-245,54,-250,32,-253,11,-82,-4,-2442,-2710]]]
12324304	n	118.35,36.8203,118.675,37.0779	[[[1183500,370008,234,-327,216,-470,1855,-1008,693,34,66,785,186,278,0,373,-3166,1106,-21,-23,-63,-85,0,-663]]]
1804979	n	120.9243,32.1304,121.4193,32.5298	[[[1209243,323200,12,-222,34,-195,4057,-1479,30,16,210,132,193,149,170,160,-269,513,-71,42,58,74,105,26,245,31,141,39,35,17,-16,50,-17,136,-149,832,-117,328,-353,299,-824,329,-566,250,-236,60,-177,89,-165,80,-371,118,-125,-94,-69,0,-21,231,-73,87,-31,-9,-236,-95,-223,-114,-210,-132,-193,-149,-175,-165,-156,-178,-134,-190,-111,-201,-88,-209,-63,-215,-39,-219,-12,-222]]]
7290013	n	113.8223,24.7239,114.3141,25.174	[[[1138223,249500,12,-222,36,-219,59,-215,82,-209,104,-201,125,-190,144,-178,164,-165,180,-149,195,-132,208,-114,220,-95,229,-75,236,-54,240,-32,243,-11,243,11,240,32,236,54,229,75,220,95,208,114,195,132,180,149,164,165,144,178,125,190,104,201,82,209,59,215,12,70,-2585,2444,0,1,-176,166,-163,-22,-236,-54,-229,-75,-220,-95,-208,-114,-195,-132,-180,-149,-164,-165,-144,-178,-125,-190,-104,-201,-82,-209,-59,-215,-36,-219,-12,-222]]]
1812597	p	1788618
1812427	n	119.5591,33.7739,120.1009,34.2261	[[[1195591,340000,13,-222,39,-219,65,-215,89,-209,114,-201,137,-190,158,-178,179,-165,196,-149,214,-132,228,-114,240,-95,251,-75,258,-54,262,-32,266,-11,266,11,262,32,258,54,251,75,240,95,228,114,164,101,9,12,949,1240,7,9,23,77,39,219,13,222,-13,222,-39,219,-65,215,-89,209,-114,201,-137,190,-158,178,-179,165,-196,149,-214,132,-228,114,-240,95,-251,75,-258,54,-262,32,-266,11,-266,-11,-262,-32,-258,-54,-251,-75,-240,-95,-228,-114,-214,-132,-196,-149,-179,-165,-158,-178,-137,-190,-114,-201,-89,-209,-65,-215,-39,-219,-13,-222]]]
1807553	n	114.7748,31.9139,115.3052,32.3662	[[[1147748,321400,13,-222,38,-219,63,-215,88,-209,111,-201,134,-190,155,-178,175,-165,192,-149,209,-132,224,-114,235,-95,245,-75,253,-54,257,-32,260,-11,260,11,257,32,253,54,245,75,235,95,224,114,209,132,192,149,175,165,155,178,134,190,111,201,88,209,63,215,38,219,13,222,-13,222,-38,219,-63,215,-88,209,-111,201,-134,190,-155,178,-175,165,-192,149,-209,132,-224,114,-235,95,-245,75,-253,54,-257,32,-260,11,-260,-11,-257,-32,-253,-54,-245,-75,-235,-95,-224,-114,-209,-132,-192,-149,-175,-165,-155,-178,-134,-190,-111,-201,-88,-209,-63,-215,-38,-219,-13,-222]]]
1529099	n	84.3655,44.2039,84.9076,44.6561	[[[843655,444300,15,-222,46,-219,75,-215,104,-209,131,-201,159,-190,184,-178,207,-165,229,-149,248,-132,265,-114,279,-95,290,-75,299,-54,306,-32,308,-11,41,1,2235,3818,-52,41,-229,149,-248,132,-265,114,-279,95,-290,75,-299,54,-306,32,-308,11,-308,-11,-306,-32,-299,-54,-290,-75,-279,-95,-265,-114,-248,-132,-229,-149,-207,-165,-184,-178,-159,-190,-131,-201,-104,-209,-75,-215,-46,-219,-15,-222]]]
2036226	n	125.9665,46.0339,126.6048,46.4861	[[[1259665,463181,2553,-2804,264,-27,318,-11,318,11,316,32,309,54,6,2,1897,1075,19,21,136,201,107,209,78,215,47,219,15,222,-15,222,-47,219,-78,215,-107,209,-136,201,-164,190,-190,178,-214,165,-236,149,-256,132,-274,114,-288,95,-300,75,-309,54,-316,32,-318,11,-318,-11,-316,-32,-309,-54,-300,-75,-288,-95,-274,-114,-256,-132,-236,-149,-214,-165,-190,-178,-164,-190,-136,-201,-107,-209,-27,-75]]]
1800430	n	103.1934,24.1739,103.6736,24.6248	[[[1031934,244000,12,-222,35,-219,59,-215,82,-209,103,-201,125,-190,144,-178,162,-165,180,-149,194,-132,208,-114,218,-95,228,-75,235,-54,239,-32,242,-11,242,11,239,32,235,54,228,75,218,95,208,114,194,132,180,149,162,165,144,178,125,190,103,201,58,147,-1475,2834,-145,48,-235,54,-223,30,-1437,-263,-191,-105,-194,-132,-180,-149,-162,-165,-144,-178,-125,-190,-103,-201,-82,-209,-59,-215,-35,-219,-12,-222]]]
1806188	n	119.6234,36.434,119.9107,36.621	[[[1196234,365053,341,-417,1163,-296,1369,1196,-1931,674,-401,-161,-541,-996]]]
2037391	n	112.8549,40.2228,113.4451,40.6661	[[[1128549,404400,14,-222,43,-219,70,-215,98,-209,124,-201,149,-190,172,-178,195,-165,214,-149,233,-132,248,-114,262,-95,272,-75,46,-8,3259,911,5,5,149,190,124,201,98,209,70,215,43,219,14,222,-14,222,-43,219,-70,215,-98,209,-124,201,-149,190,-172,178,-195,165,-214,149,-233,132,-248,114,-262,95,-272,75,-281,54,-287,32,-289,11,-289,-11,-287,-32,-281,-54,-272,-75,-262,-95,-248,-114,-233,-132,-214,-149,-195,-165,-172,-178,-149,-190,-124,-201,-98,-209,-70,-215,-43,-219,-14,-222]]]
1788462	n	111.4206,36.2739,111.9794,36.7261	[[[1114206,365000,14,-222,40,-219,67,-215,92,-209,117,-201,141,-190,163,-178,185,-165,203,-149,118,-71,1410,-432,244,-10,274,11,271,32,266,54,258,75,248,95,235,114,220,132,203,149,185,165,163,178,141,190,117,201,92,209,67,215,40,219,14,222,-14,222,-40,219,-67,215,-92,209,-117,201,-141,190,-163,178,-185,165,-203,149,-220,132,-235,114,-248,95,-258,75,-266,54,-271,32,-274,11,-274,-11,-271,-32,-266,-54,-258,-75,-248,-95,-235,-114,-220,-132,-203,-149,-185,-165,-163,-178,-141,-190,-117,-201,-92,-209,-67,-215,-40,-219,-14,-222]]]
1802788	n	119.2168,31.2039,119.6712,31.4979	[[[1192168,314300,13,-222,38,-219,62,-215,87,-209,111,-201,133,-190,153,-178,174,-165,191,-149,208,-132,221,-114,234,-95,243,-75,251,-54,255,-32,258,-11,258,11,255,32,251,54,243,75,205,83,700,2376,-4421,309,-10,-23,-62,-215,-38,-219,-13,-222]]]
1920772	n	116.0327,35.693,116.5825,36.1284	[[[1160327,359100,14,-222,40,-219,66,-215,91,-209,117,-201,140,-190,162,-178,182,-165,202,-149,219,-132,233,-114,246,-95,256,-75,32,-6,3445,2540,53,39,-6,32,-66,215,-91,209,-117,201,-140,190,-162,178,-75,68,-2776,681,-97,-19,-256,-75,-246,-95,-233,-114,-219,-132,-202,-149,-182,-165,-162,-178,-140,-190,-117,-201,-91,-209,-66,-215,-40,-219,-14,-222]]]
1816176	p	1791247
2033602	n	122.9756,40.0638,123.5644,40.5161	[[[1229756,402900,14,-222,42,-219,71,-215,97,-209,123,-201,149,-190,172,-178,194,-165,214,-149,232,-132,248,-114,261,-95,272,-75,281,-54,285,-32,289,-11,289,11,285,32,281,54,272,75,261,95,248,114,232,132,214,149,194,165,172,178,149,190,123,201,97,209,71,215,42,219,14,222,-14,222,-42,219,-71,215,-97,209,-123,201,-149,190,-172,178,-194,165,-214,149,-232,132,-248,114,-261,95,-272,75,-281,54,-285,32,-289,11,-289,-11,-285,-32,-281,-54,-272,-75,-261,-95,-248,-114,-232,-132,-214,-149,-194,-165,-172,-178,-149,-190,-123,-201,-97,-209,-71,-215,-42,-219,-14,-222]]]
1801926	p	1909733
1794103	n	107.7375,21.9339,108.2225,22.3861	[[[1077375,221600,12,-222,35,-219,58,-215,80,-209,101,-201,123,-190,142,-178,159,-165,177,-149,191,-132,204,-114,215,-95,224,-75,231,-54,235,-32,238,-11,238,11,235,32,231,54,224,75,215,95,204,114,191,132,177,149,159,165,142,178,123,190,101,201,80,209,58,215,35,219,12,222,-12,222,-35,219,-58,215,-80,209,-101,201,-123,190,-142,178,-159,165,-177,149,-191,132,-204,114,-215,95,-224,75,-231,54,-235,32,-238,11,-238,-11,-235,-32,-231,-54,-224,-75,-215,-95,-204,-114,-191,-132,-177,-149,-159,-165,-142,-178,-123,-190,-101,-201,-80,-209,-58,-215,-35,-219,-12,-222]]]
1529377	n	80.333,43.9739,80.7159,44.4261	[[[803330,444171,400,-1469,2,-392,-272,-721,-71,-374,62,-184,147,-138,325,-238,115,-166,62,-170,24,-183,3,-203,0,-1,95,-192,285,10,304,32,298,54,290,75,278,95,226,98,1256,2631,-65,130,-131,201,-158,190,-183,178,-207,165,-228,149,-247,132,-263,114,-278,95,-290,75,-298,54,-304,32,-307,11,-307,-11,-304,-32,-259,-47]]]
2038139	n	123.784,42.6211,124.396,43.0062	[[[1237840,427800,15,-222,44,-219,73,-215,101,-209,17,-27,4986,-697,189,155,179,178,154,190,129,201,101,209,73,215,44,219,15,222,-15,222,-44,219,-73,215,-101,209,-129,201,-154,190,-130,130,-1392,742,-134,36,-291,54,-297,32,-300,11,-300,-11,-297,-32,-291,-54,-283,-75,-271,-95,-258,-114,-241,-132,-223,-149,-201,-165,-179,-178,-154,-190,-129,-201,-101,-209,-73,-215,-44,-219,-15,-222]]]
1807035	p	1811200
1818016	n	113.4173,31.1148,113.9427,31.4861	[[[1134173,312600,12,-222,38,-219,63,-215,87,-209,107,-195,1334,-392,3583,1127,18,103,12,222,-12,222,-38,219,-63,215,-87,209,-110,201,-133,190,-153,178,-173,165,-191,149,-207,132,-222,114,-233,95,-242,75,-250,54,-255,32,-258,11,-258,-11,-255,-32,-250,-54,-242,-75,-233,-95,-222,-114,-207,-132,-191,-149,-173,-165,-153,-178,-133,-190,-110,-201,-87,-209,-63,-215,-38,-219,-12,-222]]]
2033403	n	129.2348,46.0939,129.8852,46.5461	[[[1292348,463200,16,-222,47,-219,77,-215,108,-209,136,-201,164,-190,190,-178,215,-165,236,-149,256,-132,274,-114,289,-95,300,-75,310,-54,315,-32,319,-11,319,11,315,32,310,54,300,75,289,95,274,114,256,132,236,149,215,165,190,178,164,190,136,201,108,209,77,215,47,219,16,222,-16,222,-47,219,-77,215,-108,209,-136,201,-164,190,-190,178,-215,165,-236,149,-256,132,-274,114,-289,95,-300,75,-310,54,-315,32,-319,11,-319,-11,-315,-32,-310,-54,-300,-75,-289,-95,-274,-114,-256,-132,-236,-149,-215,-165,-190,-178,-164,-190,-136,-201,-108,-209,-77,-215,-47,-219,-16,-222]]]
1803397	p	1808950
1809486	n	109.8253,23.1639,110.31,23.6161	[[[1098253,233900,12,-222,35,-219,59,-215,80,-209,103,-201,124,-190,143,-178,161,-165,178,-149,193,-132,206,-114,217,-95,226,-75,233,-54,237,-32,240,-11,240,11,237,32,233,54,226,75,217,95,206,114,193,132,178,149,161,165,143,178,124,190,103,201,80,209,59,213,-1602,2388,0,1,-157,234,-164,38,-237,32,-240,11,-240,-11,-237,-32,-233,-54,-226,-75,-217,-95,-206,-114,-193,-132,-178,-149,-161,-165,-143,-178,-124,-190,-103,-201,-80,-209,-59,-215,-35,-219,-12,-222]]]
2036283	n	124.4836,40.5039,125.0764,40.9561	[[[1244836,407300,15,-222,42,-219,71,-215,98,-209,124,-201,150,-190,173,-178,195,-165,216,-149,234,-132,249,-114,263,-95,274,-75,282,-54,288,-32,290,-11,290,11,288,32,282,54,274,75,263,95,249,114,234,132,216,149,195,165,173,178,150,190,124,201,98,209,71,215,42,219,15,222,-15,222,-42,219,-71,215,-98,209,-124,201,-150,190,-173,178,-195,165,-216,149,-234,132,-249,114,-263,95,-274,75,-282,54,-288,32,-290,11,-290,-11,-288,-32,-282,-54,-274,-75,-263,-95,-249,-114,-234,-132,-216,-149,-195,-165,-173,-178,-150,-190,-124,-201,-98,-209,-71,-215,-42,-219,-15,-222]]]
13308625	p	1795565
1798548	n	116.4133,28.7639,116.9267,29.2161	[[[1164133,289900,12,-222,37,-219,61,-215,85,-209,108,-201,129,-190,150,-178,170,-165,186,-149,203,-132,216,-114,227,-95,238,-75,244,-54,249,-32,252,-11,252,11,249,32,244,54,238,75,227,95,216,114,203,132,186,149,170,165,150,178,129,190,108,201,85,209,61,215,37,219,12,222,-12,222,-37,219,-61,215,-85,209,-108,201,-129,190,-150,178,-170,165,-186,149,-203,132,-216,114,-227,95,-238,75,-244,54,-249,32,-252,11,-252,-11,-249,-32,-244,-54,-238,-75,-227,-95,-216,-114,-203,-132,-186,-149,-170,-165,-150,-178,-129,-190,-108,-201,-85,-209,-61,-215,-37,-219,-12,-222]]]
1786357	n	112.0603,27.2283,112.4231,27.6651	[[[1120603,275811,91,-1278,1453,-2175,50,-75,238,53,233,75,225,95,213,114,199,132,184,149,167,165,148,178,128,190,106,201,84,209,60,215,37,219,12,222,-12,222,-37,219,-60,215,-84,209,-52,98,-1195,1074,-123,52,-195,62,-1870,-840]]]
2037240	p	2036113
1805757	p	1797929
2038541	n	125.7469,47.3838,126.4131,47.8361	[[[1257469,476100,16,-222,48,-219,79,-215,110,-209,140,-201,168,-190,195,-178,220,-165,242,-149,224,-113,1193,-349,46,-8,323,-32,327,-11,327,11,323,32,317,54,308,75,295,95,281,114,262,132,242,149,220,165,195,178,168,190,140,201,110,209,79,215,48,219,16,222,-16,222,-48,219,-79,215,-110,209,-140,201,-168,190,-195,178,-220,165,-242,149,-262,132,-281,114,-295,95,-308,75,-317,54,-323,32,-327,11,-327,-11,-323,-32,-317,-54,-308,-75,-295,-95,-281,-114,-262,-132,-242,-149,-220,-165,-195,-178,-168,-190,-140,-201,-110,-209,-79,-215,-48,-219,-16,-222]]]
1806218	p	1793505
2034918	n	110.0564,40.4983,110.5715,40.9362	[[[1100564,408487,173,-992,1863,-2511,3115,2816,-78,165,-124,201,-150,190,-173,178,-195,165,-215,149,-234,132,-249,114,-263,95,-274,75,-282,54,-288,32,-290,11,-290,-11,-288,-32,-282,-54,-274,-75,-263,-95,-249,-114,-234,-132,-215,-149,-195,-165,-46,-47]]]
1810846	p	1808926
1789799	p	1805953
1795986	n	109.4785,21.4584,109.9615,21.7133	[[[1094785,216000,11,-222,35,-219,58,-215,79,-209,102,-201,56,-88,182,70,97,115,28,51,137,134,39,51,14,102,-14,314,41,44,61,35,17,55,-296,379,-13,36,-630,-148,-4,-84]],[[1095844,216331,9,-23,92,34,24,18,-125,-29]],[[1096030,216206,20,-46,59,-45,26,-103,-7,-114,-48,-79,0,-68,78,-44,65,-29,66,-10,71,15,-107,171,119,162,216,133,182,85,10,-81,-12,-52,-31,-37,-35,-34,15,-64,17,-145,36,-70,-88,-155,-83,-315,-102,-76,589,-372,329,-93,180,191,62,0,0,-74,75,0,0,74,-129,185,-125,336,3,294,0,3,251,70,0,-68,-81,-117,50,-118,132,-52,172,82,-14,-560,36,-253,115,-149,69,0,26,66,32,55,83,96,0,56,-75,0,0,74,137,137,176,-240,280,-13,310,79,137,19,13,21,102,201,79,209,58,215,35,219,11,222,-11,222,-35,219,-58,215,-79,209,-102,201,-43,67,-74,-18,-3104,-723,-79,-186]]]
1799100	p	1801876
1800764	n	116.3014,33.0439,116.8386,33.4961	[[[1163014,332700,13,-222,39,-219,64,-215,88,-209,113,-201,136,-190,157,-178,177,-165,195,-149,212,-132,226,-114,238,-95,248,-75,256,-54,261,-32,263,-11,263,11,261,32,256,54,248,75,238,95,226,114,212,132,195,149,177,165,157,178,136,190,113,201,88,209,64,215,39,219,13,222,-13,222,-39,219,-64,215,-88,209,-113,201,-136,190,-157,178,-177,165,-195,149,-212,132,-226,114,-238,95,-248,75,-256,54,-261,32,-263,11,-263,-11,-261,-32,-256,-54,-248,-75,-238,-95,-226,-114,-212,-132,-195,-149,-177,-165,-157,-178,-136,-190,-113,-201,-88,-209,-64,-215,-39,-219,-13,-222]]]
1788887	n	119.3743,36.8004,119.7397,37.1419	[[[1193743,370793,1409,-2789,981,343,297,60,878,767,89,879,-291,958,-367,346,-24,7,-73,14,-35,-2,-972,42,-249,-42,-141,15,-63,-8,-97,-19,-260,-75,-81,-31,3,-5,-222,-64,-249,-95,-236,-114,-222,-132,-75,-55]]]
1909053	n	105.8302,28.8237,106.1124,29.1351	[[[1058302,289157,2633,-920,80,64,109,105,-1476,2945,-1346,-2194]]]
12358513	n	98.2889,24.1741,98.6823,24.6041	[[[982889,244783,2358,-3042,195,9,239,32,235,54,228,75,218,95,208,114,194,132,59,49,-2676,3740,-109,-47,-208,-114,-194,-132,-180,-149,-162,-165,-144,-178,-125,-190,-103,-201,-33,-82]]]
1815188	n	105.4599,33.5239,106.0001,33.9761	[[[1054599,337500,13,-222,39,-219,64,-215,90,-209,113,-201,136,-190,158,-178,178,-165,197,-149,212,-132,228,-114,239,-95,250,-75,257,-54,262,-32,265,-11,265,11,262,32,257,54,250,75,239,95,228,114,212,132,197,149,178,165,158,178,136,190,113,201,90,209,64,215,39,219,13,222,-13,222,-39,219,-64,215,-90,209,-113,201,-136,190,-158,178,-178,165,-197,149,-212,132,-228,114,-239,95,-250,75,-257,54,-262,32,-265,11,-265,-11,-262,-32,-257,-54,-250,-75,-239,-95,-228,-114,-212,-132,-197,-149,-178,-165,-158,-178,-136,-190,-113,-201,-90,-209,-64,-215,-39,-219,-13,-222]]]
1529528	n	84.6726,44.1139,85.214,44.5661	[[[846726,441844,54,-43,228,-149,247,-132,265,-114,278,-95,290,-75,299,-54,305,-32,308,-11,308,11,305,32,299,54,290,75,278,95,265,114,247,132,228,149,207,165,184,178,158,190,132,201,104,209,75,215,45,219,15,222,-15,222,-45,219,-75,215,-104,209,-132,201,-158,190,-184,178,-207,165,-228,149,-247,132,-265,114,-278,95,-290,75,-299,54,-305,32,-308,11,-39,-1,-2120,-3620,-115,-196]]]
1788061	p	1815477
1805884	p	1786455
2036069	n	126.6187,41.6301,127.2113,41.9397	[[[1266187,417532,30,-88,99,-209,127,-201,152,-190,148,-150,58,25,321,223,158,71,-138,86,-146,65,-125,76,-76,120,171,52,159,0,148,-43,142,-77,299,-247,172,-86,77,90,126,249,559,175,127,263,96,113,214,113,213,48,98,-73,11,-219,54,-56,125,6,226,-35,184,-113,336,-204,95,10,41,-134,215,-256,83,-128,-170,14,-106,-45,-35,-97,39,-146,96,-101,150,-76,180,-56,91,51,220,149,198,165,176,178,152,190,127,201,99,209,72,215,44,219,14,222,-14,222,-44,219,-72,215,-99,209,-127,201,-91,114,-4183,117,-845,-679,-451,-1186]]]
1793230	p	1810821
2033934	p	2038300
1805505	n	109.7723,19.5139,110.2486,19.9632	[[[1097723,197228,2,-50,35,-219,57,-215,79,-209,100,-201,120,-190,140,-178,157,-165,173,-149,188,-132,201,-114,212,-95,220,-75,228,-54,231,-32,234,-11,234,11,231,32,228,54,220,75,212,95,201,114,188,132,173,149,157,165,140,178,120,190,100,201,79,209,57,215,35,219,11,222,-11,222,-35,219,-50,189,-247,185,-1538,1158,-1,1,-342,258,-125,-57,10,-166,-135,-81,-90,-74,140,-88,0,-63,-161,-43,-163,29,-138,89,-85,131,241,14,-32,159,-105,132,-100,-24,-1796,-2362]]]
1785699	p	1808212
1791007	n	104.6168,34.4938,105.0248,34.9461	[[[1046168,347200,13,-222,39,-219,65,-215,91,-209,114,-201,138,-190,160,-178,180,-165,199,-149,215,-132,230,-114,242,-95,253,-75,260,-54,265,-32,268,-11,268,11,265,32,260,54,253,75,242,95,60,30,-1295,4223,-53,2,-268,-11,-265,-32,-260,-54,-253,-75,-242,-95,-230,-114,-215,-132,-199,-149,-180,-165,-160,-178,-138,-190,-114,-201,-91,-209,-65,-215,-39,-219,-13,-222]]]
2036959	n	121.8751,41.4639,122.4107,41.9161	[[[1218751,418310,64,-158,1371,-3404,41,-12,286,-54,292,-32,295,-11,295,11,292,32,286,54,278,75,267,95,253,114,237,132,219,149,198,165,176,178,151,190,126,201,100,209,72,215,43,219,14,222,-14,222,-43,219,-72,215,-100,209,-126,201,-151,190,-176,178,-198,165,-219,149,-237,132,-253,114,-267,95,-278,75,-286,54,-292,32,-295,11,-295,-11,-292,-32,-286,-54,-278,-75,-267,-95,-253,-114,-237,-132,-219,-149,-198,-165,-24,-24]]]
1798946	p	1808747
1791484	n	104.2646,28.2487,104.7319,28.5689	[[[1042646,284400,12,-222,37,-219,61,-215,84,-209,108,-201,128,-190,35,-41,397,-11,3811,-605,-1129,2105,-75,1046,-627,51,-2834,-1146,-8,-143]]]
1795166	p	1785018
1799384	n	121.1625,29.0639,121.6775,29.4766	[[[1211625,292900,12,-222,38,-219,61,-215,85,-209,108,-201,130,-190,151,-178,169,-165,187,-149,203,-132,217,-114,229,-95,238,-75,245,-54,250,-32,252,-11,252,11,250,32,245,54,238,75,229,95,217,114,184,120,-528,11,-319,-107,-951,21,137,132,129,74,132,40,149,27,0,68,-204,0,21,33,4,9,8,7,41,19,-349,137,113,104,116,7,250,-111,51,154,97,149,90,58,42,-119,66,-93,125,29,82,104,-68,128,0,68,120,102,136,191,59,201,-105,127,0,68,246,-64,123,5,115,59,-71,75,-52,105,11,84,112,9,97,-52,47,-84,178,-641,83,-214,141,-176,34,222,-94,535,60,205,-41,169,156,51,142,-66,-88,-188,-42,-136,-24,-503,27,-152,77,-140,83,154,85,209,61,215,38,219,12,222,-12,222,-38,219,-61,215,-85,209,-108,201,-130,190,-151,178,-169,165,-187,149,-142,92,-95,-109,-59,-130,-50,-115,-108,-144,-67,-72,-116,-100,-108,-87,-116,-49,-124,-29,-60,124,-22,49,9,49,34,23,162,72,145,154,20,144,-219,40,83,199,4,7,-165,-3,-43,-15,-62,-259,-84,-280,-225,-55,1,244,-149,281,73,75,-1670,-32,-115,-74,-187,-149,-169,-165,-151,-178,-130,-190,-108,-201,-85,-209,-61,-215,-38,-219,-12,-222]]]
2038198	p	2035715
1800521	n	113.7838,32.2828,114.3162,32.6862	[[[1137838,324600,13,-222,39,-219,63,-215,88,-209,112,-201,134,-190,156,-178,175,-165,193,-149,39,-24,3494,144,38,29,175,165,156,178,134,190,112,201,88,209,63,215,39,219,13,222,-13,222,-39,219,-63,215,-88,209,-112,201,-134,190,-156,178,-175,165,-193,149,-210,132,-224,114,-236,95,-246,75,-254,54,-258,32,-261,11,-261,-11,-258,-32,-254,-54,-246,-75,-236,-95,-224,-114,-210,-132,-193,-149,-175,-165,-156,-178,-134,-190,-112,-201,-88,-209,-63,-215,-39,-219,-13,-222]]]
1793286	n	116.3177,34.2039,116.7729,34.5097	[[[1163177,344300,13,-222,40,-219,64,-215,91,-209,114,-201,137,-190,159,-178,180,-165,198,-149,214,-132,230,-114,241,-95,252,-75,259,-54,264,-32,267,-11,267,11,264,32,259,54,252,75,241,95,230,114,214,132,102,77,-1,3,-185,672,-897,1432,-1627,310,-1005,51,-742,-217,-42,-139,-40,-219,-13,-222]]]
1787873	n	109.1067,32.5939,109.6272,33.0461	[[[1091067,328914,1682,-2855,75,-23,255,-54,259,-32,262,-11,262,11,259,32,255,54,247,75,237,95,225,114,210,132,195,149,176,165,156,178,135,190,112,201,88,209,64,215,38,219,13,222,-13,222,-38,219,-64,215,-88,209,-112,201,-135,190,-156,178,-176,165,-195,149,-210,132,-225,114,-237,95,-247,75,-255,54,-259,32,-262,11,-262,-11,-259,-32,-255,-54,-247,-75,-237,-95,-225,-114,-210,-132,-195,-149,-176,-165,-156,-178,-135,-190,-112,-201,-64,-151]]]
1787587	p	1786657
2037658	n	125.2283,42.4599,125.7837,42.8961	[[[1252283,426365,21,-106,73,-215,101,-209,128,-201,154,-190,179,-178,201,-165,222,-149,241,-132,257,-114,271,-95,47,-12,3641,2726,18,633,-176,176,-201,165,-222,149,-241,132,-257,114,-271,95,-282,75,-291,54,-297,32,-299,11,-299,-11,-297,-32,-291,-54,-257,-69,-1873,-2430]]]
1806422	n	104.9062,28.5494,105.2299,28.8791	[[[1049062,287171,2399,-1677,838,1254,-404,2043,-2833,-1620]]]
2033128	n	122.8818,45.6239,123.5224,46.0761	[[[1228818,458847,435,-489,1797,-2018,14,-4,307,-54,313,-32,316,-11,316,11,313,32,307,54,298,75,286,95,271,114,254,132,235,149,212,165,189,178,162,190,136,201,106,209,77,215,47,219,15,222,-15,222,-47,219,-77,215,-106,209,-136,201,-162,190,-189,178,-212,165,-235,149,-254,132,-271,114,-286,95,-298,75,-307,54,-313,32,-316,11,-316,-11,-313,-32,-307,-54,-298,-75,-286,-95,-271,-114,-254,-132,-235,-149,-212,-165,-189,-178,-162,-190,-136,-201,-106,-209,-77,-215,-20,-94]]]
8416931	p	1814906
2036579	n	125.8918,40.9379,126.3876,41.3561	[[[1258918,411300,15,-222,43,-219,71,-215,98,-209,125,-201,151,-190,174,-178,197,-165,217,-149,235,-132,88,-41,123,68,182,214,-7,1,19,13,9,11,62,120,-17,54,-77,45,1,57,70,36,118,13,22,14,97,37,93,26,-10,47,-67,146,4,60,67,29,101,-41,136,99,23,42,26,112,-185,108,-29,32,9,39,65,116,39,18,152,-19,53,2,63,45,365,163,3,5,19,14,-10,42,11,17,108,34,38,24,101,24,65,1,59,28,37,51,23,75,52,48,68,32,69,20,133,18,124,32,58,34,47,56,59,103,-1,7,-46,52,-28,59,28,25,130,1,89,155,0,45,20,60,68,124,45,38,71,38,61,23,107,24,51,20,60,63,-3,126,57,135,5,55,11,20,44,44,70,46,120,70,14,16,-85,58,-235,132,-250,114,-265,95,-275,75,-284,54,-290,32,-292,11,-292,-11,-290,-32,-284,-54,-275,-75,-265,-95,-250,-114,-235,-132,-217,-149,-197,-165,-174,-178,-151,-190,-125,-201,-98,-209,-71,-215,-43,-219,-15,-222]]]
2034691	n	127.1771,41.9639,127.7831,42.4161	[[[1271771,421938,86,-258,1,-2,289,-868,133,-166,177,-178,200,-165,220,-149,239,-132,255,-114,269,-95,280,-75,289,-54,294,-32,297,-11,297,11,294,32,289,54,280,75,269,95,255,114,239,132,220,149,200,165,177,178,153,190,127,201,101,209,72,215,43,219,15,222,-15,222,-43,219,-72,215,-101,209,-127,201,-153,190,-177,178,-200,165,-220,149,-239,132,-255,114,-269,95,-280,75,-289,54,-294,32,-297,11,-297,-11,-294,-32,-289,-54,-280,-75,-269,-95,-255,-114,-239,-132,-220,-149,-200,-165,-177,-178,-153,-190,-127,-201,-101,-209,-72,-215,-43,-219,-13,-184]]]
1801850	p	1803300
1802136	n	105.8912,33.1039,106.4288,33.5561	[[[1058912,333300,13,-222,39,-219,64,-215,89,-209,113,-201,135,-190,157,-178,177,-165,196,-149,212,-132,226,-114,238,-95,249,-75,256,-54,261,-32,263,-11,263,11,261,32,256,54,249,75,238,95,226,114,212,132,196,149,177,165,157,178,135,190,113,201,89,209,64,215,39,219,13,222,-13,222,-39,219,-64,215,-89,209,-113,201,-135,190,-157,178,-177,165,-196,149,-212,132,-226,114,-238,95,-249,75,-256,54,-261,32,-263,11,-263,-11,-261,-32,-256,-54,-249,-75,-238,-95,-226,-114,-212,-132,-196,-149,-177,-165,-157,-178,-135,-190,-113,-201,-89,-209,-64,-215,-39,-219,-13,-222]]]
1791464	p	8400694
8307082	p	1800480
1797120	p	1810821
1816026	n	115.2285,30.0119,115.6899,30.4391	[[[1152285,300871,6,-5,171,-165,189,-149,205,-132,219,-114,230,-95,240,-75,81,-17,2462,543,50,39,171,165,152,178,131,190,109,201,86,209,62,215,38,219,12,222,-12,222,-38,219,-62,215,-86,209,-109,201,-131,190,-152,178,-171,165,-189,149,-205,132,-219,114,-230,95,-9,2,-2852,-1540,-149,-1980]]]
1810472	p	1785286
1788461	n	109.265,19.5862,109.5482,19.873	[[[1092650,195862,2102,588,730,724,-8,148,-29,188,-675,896,-46,-65,-74,0,-23,152,-74,156,-117,81,-161,-76,-149,-40,-36,18,-1070,-841,-15,-23,-33,-15,-104,-82,0,-14,74,0,0,-62,-195,-23,69,-129,166,-175,92,-157,-69,0,-173,137,-105,46,-77,13,0,-1445]]]
2035453	n	119.0079,41.8138,119.5924,42.2661	[[[1190079,419592,27,-57,127,-201,153,-190,176,-178,200,-165,220,-149,238,-132,255,-114,268,-95,279,-75,288,-54,294,-32,296,-11,296,11,294,32,288,54,279,75,268,95,255,114,238,132,220,149,200,165,176,178,153,190,127,201,100,209,72,215,43,219,15,222,-15,222,-43,219,-72,215,-100,209,-127,201,-153,190,-176,178,-200,165,-220,149,-238,132,-255,114,-268,95,-279,75,-288,54,-294,32,-296,11,-296,-11,-289,-32,-2009,-2014,-227,-1012]]]
1792936	p	1791681
1801734	p	1788852
12279164	p	1811200
1811305	n	113.0705,29.879,113.5895,30.2745	[[[1130705,300800,12,-222,38,-219,61,-215,86,-209,109,-201,131,-190,152,-178,171,-165,189,-149,204,-132,219,-114,37,-16,3678,1384,53,185,38,219,12,222,-12,222,-38,219,-61,215,-86,209,-61,111,-3654,969,-125,-65,-204,-132,-189,-149,-171,-165,-152,-178,-131,-190,-109,-201,-86,-209,-61,-215,-38,-219,-12,-222]]]
13308594	p	13308620
2036033	n	125.4465,42.0539,126.0535,42.4477	[[[1254465,422800,14,-222,44,-219,72,-215,101,-209,127,-201,153,-190,178,-178,200,-165,220,-149,240,-132,255,-114,269,-95,281,-75,289,-54,294,-32,298,-11,298,11,294,32,289,54,281,75,269,95,255,114,240,132,220,149,200,165,178,178,153,190,127,201,101,209,72,215,44,219,14,222,-14,222,-44,219,-72,215,-101,209,-127,201,-153,190,-133,134,-558,287,-4688,-917,-50,-104,-72,-215,-44,-219,-14,-222]]]
1808863	n	108.2474,32.6639,108.7674,33.1162	[[[1082474,328165,55,-130,112,-201,135,-190,157,-178,176,-165,194,-149,211,-132,225,-114,238,-95,247,-75,254,-54,260,-32,262,-11,262,11,260,32,254,54,247,75,238,95,225,114,211,132,194,149,176,165,157,178,135,190,112,201,88,209,64,215,39,219,12,222,-12,222,-39,219,-64,215,-88,209,-112,201,-135,190,-157,178,-176,165,-194,149,-211,132,-225,114,-238,95,-247,75,-254,54,-260,32,-262,11,-54,-2,-17,-21,-1602,-1941,-853,-1032]]]
1789427	p	1784130
1811970	p	1788852
12324473	p	1785286
2034599	n	123.0844,46.1639,123.7356,46.6162	[[[1230844,463900,16,-222,47,-219,77,-215,108,-209,137,-201,164,-190,190,-178,215,-165,236,-149,257,-132,274,-114,289,-95,301,-75,310,-54,316,-32,319,-11,319,11,316,32,310,54,301,75,289,95,274,114,257,132,236,149,215,165,190,178,164,190,137,201,108,209,77,215,47,219,16,222,-16,222,-47,219,-77,215,-108,209,-137,201,-164,190,-190,178,-215,165,-236,149,-257,132,-274,114,-289,95,-301,75,-310,54,-316,32,-319,11,-319,-11,-316,-32,-310,-54,-301,-75,-289,-95,-274,-114,-257,-132,-236,-149,-215,-165,-190,-178,-164,-190,-137,-201,-108,-209,-77,-215,-47,-219,-16,-222]]]
1803257	n	106.1776,28.8539,106.4782,29.19	[[[1061776,291306,559,-2732,4,-23,9,-1,252,-11,252,11,249,32,245,54,237,75,228,95,217,114,202,132,1,1,551,2500,-744,347,-936,-32,-541,-56,-785,-506]]]
1815184	p	1786455
2035182	p	2038584
12277246	p	10630003
1280541	p	1281019
1793685	p	1808212
1804451	p	1804169
1797417	p	1786217
11530931	p	1789262
8418585	p	1802651
2036685	n	126.093,42.3939,126.5652,42.8433	[[[1260930,424309,231,-103,271,-95,282,-75,291,-54,296,-32,299,-11,299,11,296,32,291,54,282,75,271,95,257,114,240,132,222,149,201,165,179,178,154,190,128,201,100,209,73,215,44,219,15,222,-15,222,-44,219,-73,215,-100,209,-128,201,-154,190,-179,178,-201,165,-222,149,-240,132,-257,114,-271,95,-282,75,-291,54,-144,15,-1228,-536,-893,-3588]]]
1816620	p	1791681
1801797	p	1797353
2038482	n	130.2028,44.6939,130.8372,45.1461	[[[1302028,449200,16,-222,45,-219,76,-215,105,-209,133,-201,160,-190,185,-178,209,-165,231,-149,250,-132,267,-114,281,-95,293,-75,302,-54,308,-32,311,-11,311,11,308,32,302,54,293,75,281,95,267,114,250,132,231,149,209,165,185,178,160,190,133,201,105,209,76,215,45,219,16,222,-16,222,-20,96,-1938,1775,-277,71,-302,54,-308,32,-311,11,-311,-11,-15,-1,-2487,-1208,-117,-176,-105,-209,-76,-215,-45,-219,-16,-222]]]
1797543	p	1808316
2036753	n	130.2253,46.0139,130.8747,46.4661	[[[1302253,462400,16,-222,46,-219,78,-215,107,-209,136,-201,164,-190,190,-178,214,-165,236,-149,256,-132,273,-114,288,-95,300,-75,310,-54,315,-32,318,-11,318,11,315,32,310,54,300,75,288,95,273,114,256,132,236,149,214,165,190,178,164,190,136,201,107,209,78,215,46,219,16,222,-16,222,-46,219,-78,215,-107,209,-136,201,-164,190,-190,178,-214,165,-236,149,-256,132,-273,114,-288,95,-300,75,-310,54,-315,32,-318,11,-318,-11,-315,-32,-310,-54,-300,-75,-288,-95,-273,-114,-256,-132,-236,-149,-214,-165,-190,-178,-164,-190,-136,-201,-107,-209,-78,-215,-46,-219,-16,-222]]]
1790100	p	1799962
1810677	n	106.4038,28.6224,106.9661,28.8928	[[[1064038,287600,13,-222,36,-219,62,-215,84,-209,21,-40,2190,96,2840,-567,75,110,107,201,85,209,61,215,37,219,12,222,-4,81,-2012,1407,-43,40,-3140,-84,-121,-178,-108,-201,-84,-209,-62,-215,-36,-219,-13,-222]]]
1786969	p	1793899
8417598	p	1808212
1800675	n	117.7172,35.4839,118.2066,35.9237	[[[1177172,356677,1827,-1823,30,-4,271,-11,64,3,284,17,192,23,263,54,255,75,246,95,233,114,218,132,201,149,182,165,162,178,139,190,116,201,92,209,66,215,39,219,14,222,-14,222,-39,219,-66,215,-92,209,-116,201,-139,190,-162,178,-182,165,-201,149,-218,132,-233,114,-246,95,-165,48,-1869,-1237,-1152,-1323]]]
1280951	n	98.4013,25.2039,98.8987,25.6561	[[[984013,254300,12,-222,36,-219,59,-215,83,-209,104,-201,125,-190,146,-178,164,-165,180,-149,196,-132,210,-114,220,-95,40,-13,629,-143,39,-5,244,-11,244,11,241,32,237,54,230,75,220,95,210,114,196,132,180,149,164,165,146,178,125,190,104,201,83,209,59,215,36,219,12,222,-12,222,-36,219,-59,215,-83,209,-104,201,-125,190,-146,178,-164,165,-180,149,-13,8,-1308,492,-13,2,-244,11,-244,-11,-241,-32,-237,-54,-230,-75,-220,-95,-210,-114,-196,-132,-180,-149,-164,-165,-146,-178,-125,-190,-104,-201,-83,-209,-59,-215,-36,-219,-12,-222]]]
1790601	p	1798827
1816813	p	1785716
1796186	p	1791681
1803728	p	1806096
2037820	n	128.3084,43.0839,128.8147,43.5361	[[[1283084,431391,58,-39,243,-132,260,-114,274,-95,285,-75,294,-54,299,-32,303,-11,303,11,299,32,294,54,285,75,52,18,1814,2414,-20,98,-74,215,-102,209,-129,201,-156,190,-180,178,-204,165,-224,149,-243,132,-260,114,-274,95,-285,75,-294,54,-299,32,-303,11,-303,-11,-299,-32,-221,-41,-309,-1007,-884,-2879]]]
1807467	p	7602670
1810920	p	1787093
1817858	p	7576887
2033423	p	2036075
1807645	p	1816440
1813892	n	114.9102,33.451,115.3956,33.8662	[[[1149102,336400,5,-80,3625,-1809,1030,340,123,115,71,80,-2115,3613,-41,2,-264,-11,-262,-32,-257,-54,-249,-75,-240,-95,-227,-114,-212,-132,-196,-149,-178,-165,-158,-178,-136,-190,-113,-201,-89,-209,-65,-215,-39,-219,-13,-222]]]
1816406	p	1803318
1793747	p	1785716
2034226	n	126.7483,41.9281,127.2223,42.2861	[[[1267483,419397,4169,-116,63,63,153,190,127,201,100,209,72,215,43,219,13,200,-365,1100,-143,178,-177,178,-199,165,-220,149,-238,132,-255,114,-268,95,-280,75,-288,54,-294,32,-296,11,-296,-11,-294,-32,-288,-54,-280,-75,-268,-95,-5,-2,-286,-3195]]]
1802880	p	10630003
1815971	p	1785716
1280694	p	12492660
1811260	p	1793346
1804645	n	120.3164,27.525,120.6802,27.8436	[[[1203164,276700,12,-222,37,-219,60,-215,84,-209,107,-201,128,-190,148,-178,15,-16,56,7,2239,260,-84,186,103,112,114,122,173,150,309,167,91,343,-25,-1,-55,85,23,91,103,92,-7,17,-2719,1555,-169,-137,-167,-165,-148,-178,-128,-190,-107,-201,-84,-209,-60,-215,-37,-219,-12,-222]]]
1792834	p	1798821
1803560	n	109.477,19.6925,109.9279,20.0106	[[[1094770,198406,675,-896,160,-213,1887,-372,1787,2350,-2,47,-34,219,-57,215,-54,142,-179,-46,-120,-4,-29,-172,-100,-142,-157,-120,-192,-105,29,124,2,151,-35,149,-71,115,-121,64,-42,-94,-11,-163,-30,-141,-439,230,-261,37,-120,-206,-75,0,41,86,34,57,0,69,-57,66,85,126,-28,87,-66,40,-61,-5,-83,-35,-179,13,-186,-10,-160,-47,-95,-99,-64,0,-99,57,-146,-1,-160,-47,-143,-84,-544,-334,-11,-110,50,-103,65,-56,34,27,38,61,77,-58,52,-102,-30,-70,-291,16,-98,-67,46,-227,91,-70,524,-135,0,-63,-199,17,-167,-37,-121,-11,-60,94,-156,-70,-174,-48,-145,-60,-25,-36]]]
1795241	n	109.0916,21.5756,109.4809,21.9753	[[[1090916,218434,3513,-2678,115,64,51,36,131,214,83,418,-6,36,-156,52,0,69,145,-47,-24,159,-2574,2996,-134,-59,-204,-114,-190,-132,-176,-149,-159,-165,-142,-178,-122,-190,-101,-201,-50,-131]]]
1811378	n	115.9888,27.3239,116.4343,27.75	[[[1159888,275811,1018,-2251,100,-54,225,-95,234,-75,241,-54,246,-32,248,-11,248,11,246,32,241,54,175,56,1032,658,16,16,148,178,37,54,-86,2517,-99,119,-167,165,-184,149,-200,132,-27,14,-563,106,-3129,-1689]]]
1798973	p	1785716
1797158	p	1798821
1815656	n	118.8681,39.4839,119.4112,39.9362	[[[1188681,397100,14,-222,42,-219,69,-215,97,-209,122,-201,148,-190,170,-178,193,-165,212,-149,230,-132,246,-114,259,-95,270,-75,277,-54,284,-32,286,-11,286,11,284,32,277,54,122,34,51,381,194,399,-113,56,-77,-31,-197,-316,-134,-99,19,95,29,89,39,83,50,80,-103,-45,-237,-160,-4,194,146,151,222,98,222,35,134,-13,39,-13,174,224,118,234,255,744,103,162,59,40,121,125,180,113,253,182,-938,1224,-198,92,-259,95,-270,75,-277,54,-284,32,-286,11,-286,-11,-284,-32,-277,-54,-270,-75,-259,-95,-246,-114,-230,-132,-212,-149,-193,-165,-170,-178,-148,-190,-122,-201,-97,-209,-69,-215,-42,-219,-14,-222]]]
1804874	p	8505006
1785698	p	1790254
1787266	n	107.3445,33.0154,107.8084,33.4461	[[[1073445,333746,1714,-3592,2920,1951,5,95,-12,222,-39,219,-64,215,-89,209,-112,201,-136,190,-157,178,-177,165,-195,149,-212,132,-226,114,-238,95,-248,75,-255,54,-261,32,-263,11,-263,-11,-261,-32,-255,-54,-248,-75,-238,-95,-226,-114,-212,-132,-195,-149,-57,-53]]]
2035325	n	125.7625,46.4739,126.3711,46.9261	[[[1257625,467000,16,-222,47,-219,78,-215,109,-209,137,-201,165,-190,192,-178,216,-165,238,-149,258,-132,275,-114,291,-95,302,-75,312,-54,318,-32,321,-11,321,11,318,32,312,54,302,75,291,95,275,114,258,132,238,149,216,165,192,178,88,101,-1546,3240,-12,4,-302,75,-312,54,-318,32,-321,11,-321,-11,-318,-32,-312,-54,-302,-75,-291,-95,-275,-114,-258,-132,-238,-149,-216,-165,-192,-178,-165,-190,-137,-201,-109,-209,-78,-215,-47,-219,-16,-222]]]
7328899	p	1786577
1787646	p	1792947
1784553	p	1806535
1802020	p	1798972
1817701	n	106.9992,21.8839,107.4824,22.3068	[[[1069992,221346,17,-589,0,-2,0,-12,14,-84,57,-215,80,-209,102,-201,122,-190,142,-178,160,-165,176,-149,191,-132,204,-114,215,-95,224,-75,231,-54,235,-32,238,-11,238,11,235,32,231,54,224,75,215,95,204,114,191,132,176,149,160,165,142,178,122,190,102,201,80,209,57,215,35,219,12,222,-12,222,-35,219,-57,215,-58,152,-3450,1160,-159,-88,-191,-132,-176,-149,-160,-165,-142,-178,-122,-190,-102,-201,-80,-209,-57,-215,-31,-195]]]
1809677	n	104.133,28.8744,104.647,29.3261	[[[1041330,291000,12,-222,37,-219,61,-215,85,-209,108,-201,130,-190,150,-178,170,-165,186,-149,203,-132,216,-114,228,-95,238,-75,245,-54,249,-32,136,-6,622,174,1644,844,117,172,108,201,85,209,61,215,37,219,12,222,-12,222,-37,219,-47,164,-1189,1351,-73,38,-228,95,-238,75,-245,54,-249,32,-252,11,-252,-11,-249,-32,-245,-54,-238,-75,-153,-64,-162,-141,-1,-1,-988,-857,-87,-161,-85,-209,-61,-215,-37,-219,-12,-222]]]
1818004	n	104.206,22.7839,104.694,23.2323	[[[1042060,230100,12,-222,35,-219,58,-215,81,-209,102,-201,123,-190,143,-178,161,-165,177,-149,192,-132,206,-114,216,-95,226,-75,232,-54,237,-32,239,-11,239,11,237,32,23,6,334,256,179,184,23,32,89,-16,3,-46,-15,-54,35,-44,58,-37,17,-17,134,74,192,132,177,149,161,165,143,178,123,190,102,201,81,209,58,215,35,219,12,222,-12,222,-35,219,-58,215,-81,209,-102,201,-123,190,-143,178,-161,165,-177,149,-192,132,-206,114,-216,95,-226,75,-232,54,-43,5,-1426,-470,-938,-375,-98,-122,-123,-190,-102,-201,-81,-209,-58,-215,-35,-219,-12,-222]]]
1799908	n	105.797,31.1239,106.323,31.5052	[[[1057970,313500,13,-222,38,-219,63,-215,86,-209,111,-201,132,-190,154,-178,174,-165,191,-149,207,-132,221,-114,234,-95,243,-75,250,-54,255,-32,258,-11,258,11,255,32,250,54,243,75,234,95,221,114,207,132,191,149,174,165,154,178,132,190,111,201,86,209,63,215,38,219,13,222,-13,222,-38,219,-63,215,-86,209,-111,201,-132,190,-154,178,-125,118,-4483,-1096,-4,-15,-38,-219,-13,-222]]]
1786145	p	1814906
1789693	p	1803318
1815779	p	7602670
9123882	p	1803364
1816256	n	116.2847,37.8439,116.8553,38.2961	[[[1162847,380700,14,-222,41,-219,68,-215,94,-209,120,-201,144,-190,167,-178,188,-165,207,-149,225,-132,240,-114,253,-95,264,-75,271,-54,277,-32,280,-11,280,11,277,32,271,54,264,75,253,95,240,114,225,132,207,149,188,165,167,178,144,190,120,201,94,209,68,215,41,219,14,222,-1,17,-155,126,-2595,2114,-102,4,-280,-11,-277,-32,-271,-54,-264,-75,-253,-95,-240,-114,-225,-132,-207,-149,-188,-165,-167,-178,-144,-190,-120,-201,-94,-209,-68,-215,-41,-219,-14,-222]]]
1280703	p	13512503
2038446	n	131.8648,46.1039,132.5152,46.5561	[[[1318648,463300,15,-222,47,-219,78,-215,107,-209,137,-201,164,-190,190,-178,214,-165,237,-149,256,-132,274,-114,288,-95,301,-75,309,-54,316,-32,319,-11,319,11,316,32,309,54,301,75,288,95,274,114,256,132,237,149,214,165,190,178,164,190,137,201,107,209,78,215,47,219,15,222,-15,222,-47,219,-78,215,-107,209,-137,201,-164,190,-190,178,-214,165,-237,149,-256,132,-274,114,-288,95,-301,75,-309,54,-316,32,-319,11,-319,-11,-316,-32,-309,-54,-301,-75,-288,-95,-274,-114,-256,-132,-237,-149,-214,-165,-190,-178,-164,-190,-137,-201,-107,-209,-78,-215,-47,-219,-15,-222]]]
1549819	p	1811200
12324298	p	1815847
1549756	n	116.7543,34.2567,116.9895,34.5714	[[[1167543,343304,185,-672,240,-50,129,-15,1157,1346,641,416,-396,1245,-800,140,-144,-93,-374,-87,-638,-2230]]]
1797715	n	111.7884,27.1539,112.2147,27.4533	[[[1117884,272896,86,-162,127,-190,148,-178,167,-165,184,-149,199,-132,213,-114,224,-95,234,-75,241,-54,245,-32,248,-11,248,11,245,32,241,54,234,75,224,95,213,114,199,132,184,149,159,157,-1453,2175,-2810,-1637]]]
1815678	n	109.2273,21.6757,109.5578,22.0561	[[[1092273,219662,2495,-2905,810,3400,-34,23,-204,114,-214,95,-224,75,-230,54,-235,32,-237,11,-237,-11,-235,-32,-230,-54,-224,-75,-214,-95,-204,-114,-191,-132,-176,-149,-159,-165,-57,-72]]]
12358566	n	100.0334,25.0866,100.4124,25.4192	[[[1000334,252838,29,-179,60,-215,82,-209,104,-201,125,-190,146,-178,163,-165,181,-149,196,-132,209,-114,220,-95,230,-75,236,-54,124,-16,1685,1042,-467,2284,-3323,-1354]]]
2036338	n	122.7634,44.5839,123.3966,45.0361	[[[1227634,448100,16,-222,45,-219,76,-215,104,-209,133,-201,160,-190,185,-178,209,-165,230,-149,249,-132,267,-114,281,-95,292,-75,301,-54,308,-32,310,-11,310,11,308,32,301,54,292,75,281,95,267,114,249,132,230,149,209,165,185,178,160,190,133,201,104,209,76,215,45,219,16,222,-16,222,-45,219,-76,215,-104,209,-133,201,-160,190,-185,178,-209,165,-230,149,-249,132,-267,114,-281,95,-292,75,-301,54,-308,32,-310,11,-310,-11,-308,-32,-301,-54,-292,-75,-281,-95,-267,-114,-249,-132,-230,-149,-209,-165,-185,-178,-160,-190,-133,-201,-104,-209,-76,-215,-45,-219,-16,-222]]]
1785212	n	105.9359,34.819,106.4841,35.2161	[[[1059359,349900,13,-222,39,-219,66,-215,12,-29,4401,-1025,148,111,181,165,160,178,139,190,115,201,90,209,66,215,39,219,13,222,-13,222,-39,219,-66,215,-90,209,-115,201,-139,190,-160,178,-181,165,-199,149,-216,132,-231,114,-243,95,-253,75,-261,54,-266,32,-269,11,-269,-11,-266,-32,-261,-54,-253,-75,-243,-95,-231,-114,-216,-132,-199,-149,-181,-165,-160,-178,-139,-190,-115,-201,-90,-209,-66,-215,-39,-219,-13,-222]]]
1798733	n	110.1498,23.3139,110.635,23.7662	[[[1101498,235845,1761,-2625,163,-38,238,-32,240,-11,240,11,238,32,233,54,226,75,218,95,206,114,193,132,178,149,162,165,143,178,123,190,103,201,81,209,59,215,35,219,12,222,-12,222,-35,219,-59,215,-81,209,-103,201,-123,190,-143,178,-162,165,-178,149,-193,132,-206,114,-218,95,-226,75,-233,54,-238,32,-240,11,-240,-11,-238,-32,-233,-54,-226,-75,-218,-95,-206,-114,-193,-132,-178,-149,-162,-165,-143,-178,-123,-190,-103,-201,-81,-209,-58,-211]]]
1281368	n	90.4608,29.7339,90.9793,30.1861	[[[904608,299600,12,-222,38,-219,61,-215,86,-209,109,-201,131,-190,151,-178,171,-165,189,-149,204,-132,218,-114,230,-95,240,-75,246,-54,252,-32,254,-11,150,6,2257,1420,74,179,61,215,38,219,12,222,-12,222,-38,219,-61,215,-86,209,-109,201,-131,190,-151,178,-171,165,-189,149,-204,132,-218,114,-230,95,-240,75,-246,54,-252,32,-254,11,-254,-11,-252,-32,-246,-54,-240,-75,-230,-95,-218,-114,-204,-132,-189,-149,-171,-165,-151,-178,-131,-190,-109,-201,-86,-209,-61,-215,-38,-219,-12,-222]]]
1813016	n	112.7577,34.2239,113.3023,34.6138	[[[1127577,344500,13,-222,39,-219,65,-215,90,-209,114,-201,138,-190,159,-178,179,-165,198,-149,215,-132,229,-114,242,-95,251,-75,260,-54,264,-32,267,-11,267,11,264,32,260,54,251,75,242,95,229,114,215,132,198,149,179,165,159,178,138,190,114,201,90,209,65,215,39,219,13,222,-13,222,-39,219,-65,215,-90,209,-114,201,-138,190,-159,178,-179,165,-53,39,-3159,-142,-790,-35,-29,-27,-159,-178,-138,-190,-114,-201,-90,-209,-65,-215,-39,-219,-13,-222]]]
1785980	n	116.2102,34.8815,116.6545,35.1561	[[[1162102,350009,441,-925,3078,-269,924,2153,-107,80,-216,132,-231,114,-243,95,-253,75,-261,54,-266,32,-268,11,-268,-11,-266,-32,-261,-54,-253,-75,-243,-95,-231,-114,-216,-132,-199,-149,-180,-165,-161,-178,-138,-190,-115,-201,-67,-156]]]
1794465	p	1794371
2034791	n	125.3503,43.2939,125.9675,43.7461	[[[1253503,435200,15,-222,44,-219,74,-215,103,-209,130,-201,156,-190,181,-178,204,-165,225,-149,244,-132,261,-114,275,-95,286,-75,295,-54,300,-32,304,-11,304,11,300,32,171,32,626,666,1323,1406,1,1,350,371,-37,183,-74,215,-103,209,-130,201,-156,190,-181,178,-204,165,-225,149,-244,132,-261,114,-275,95,-286,75,-295,54,-300,32,-304,11,-304,-11,-300,-32,-295,-54,-286,-75,-162,-56,-1288,-850,-96,-117,-130,-201,-103,-209,-74,-215,-44,-219,-15,-222]]]
2035593	n	122.5575,47.2839,123.1889,47.7361	[[[1225575,475100,16,-222,48,-219,79,-215,110,-209,140,-201,168,-190,194,-178,219,-165,242,-149,262,-132,280,-114,295,-95,307,-75,316,-54,323,-32,326,-11,326,11,136,14,2527,3220,-57,82,-168,190,-194,178,-219,165,-242,149,-262,132,-280,114,-295,95,-307,75,-316,54,-323,32,-326,11,-326,-11,-323,-32,-316,-54,-307,-75,-295,-95,-280,-114,-262,-132,-242,-149,-219,-165,-194,-178,-168,-190,-140,-201,-110,-209,-79,-215,-48,-219,-16,-222]]]
2038283	n	127.1406,45.5139,127.7818,45.9375	[[[1271406,457659,1027,-1927,126,-80,253,-132,271,-114,286,-95,297,-75,306,-54,313,-32,315,-11,315,11,313,32,306,54,297,75,286,95,271,114,253,132,234,149,212,165,189,178,162,190,135,201,106,209,77,215,46,219,16,222,-16,222,-46,219,-77,215,-106,209,-135,201,-162,190,-189,178,-212,165,-234,149,-253,132,-226,95,-4101,-590,-137,-129,-162,-190,-135,-201,-106,-209,-77,-215,-38,-182]]]
1784647	p	1799397
2036619	p	2034937
1785222	p	10630003
1806651	n	116.0242,32.1576,116.5558,32.5004	[[[1160242,323500,12,-222,39,-219,63,-215,88,-209,112,-201,134,-190,155,-178,175,-165,102,-79,3169,-246,86,44,209,132,194,149,175,165,155,178,134,190,112,201,88,209,63,215,39,219,12,222,-12,222,-39,219,-63,215,-88,209,-112,201,-134,190,-155,178,-74,70,-4156,-208,-35,-40,-134,-190,-112,-201,-88,-209,-63,-215,-39,-219,-12,-222]]]
1898359	p	1886760
1811184	p	1814093
1800101	n	110.5763,22.6239,111.0637,23.0424	[[[1105763,228500,12,-222,35,-219,58,-215,80,-209,103,-201,123,-190,142,-178,161,-165,177,-149,192,-132,205,-114,216,-95,226,-75,232,-54,236,-32,239,-11,239,11,236,32,232,54,226,75,216,95,205,114,192,132,177,149,161,165,142,178,123,190,103,201,80,209,58,215,35,219,12,222,-12,222,-35,219,-58,215,-80,209,-103,201,-123,190,-142,178,-161,165,-177,149,-186,128,-2634,48,-80,-44,-192,-132,-177,-149,-161,-165,-142,-178,-123,-190,-103,-201,-80,-209,-58,-215,-35,-219,-12,-222]]]
1802659	p	1811720
1793139	p	9072919
1786587	n	116.0033,32.4796,116.5367,32.8561	[[[1160033,326300,13,-222,39,-219,63,-215,88,-209,112,-201,135,-190,156,-178,74,-70,3848,192,320,16,1,0,35,40,135,190,112,201,88,209,63,215,39,219,13,222,-13,222,-39,219,-63,215,-88,209,-112,201,-135,190,-156,178,-175,165,-194,149,-210,132,-225,114,-237,95,-246,75,-254,54,-259,32,-261,11,-261,-11,-259,-32,-254,-54,-246,-75,-237,-95,-225,-114,-210,-132,-194,-149,-175,-165,-156,-178,-135,-190,-112,-201,-88,-209,-63,-215,-39,-219,-13,-222]]]
1790434	p	7602670
1798480	p	1799869
1788522	n	112.1079,32.3039,112.6264,32.7562	[[[1121079,324576,60,-141,112,-201,134,-190,156,-178,175,-165,194,-149,210,-132,224,-114,237,-95,246,-75,253,-54,259,-32,261,-11,261,11,259,32,253,54,246,75,237,95,224,114,210,132,194,149,175,165,156,178,134,190,112,201,88,209,64,215,38,219,13,222,-11,177,-627,1289,-142,133,-194,149,-210,132,-224,114,-237,95,-246,75,-253,54,-259,32,-261,11,-154,-6,-22,-28,0,-1,-2345,-2950]]]
2036055	p	2034714
2038665	n	123.3664,50.3439,124.0227,50.7961	[[[1233664,505700,17,-222,51,-219,84,-215,117,-209,149,-201,178,-190,207,-178,233,-165,257,-149,279,-132,297,-114,314,-95,327,-75,336,-54,343,-32,347,-11,347,11,343,32,336,54,245,56,1756,3271,-87,93,-207,178,-233,165,-257,149,-279,132,-297,114,-314,95,-327,75,-336,54,-343,32,-347,11,-347,-11,-343,-32,-336,-54,-327,-75,-314,-95,-297,-114,-279,-132,-257,-149,-233,-165,-207,-178,-178,-190,-149,-201,-117,-209,-84,-215,-51,-219,-17,-222]]]
1790413	n	120.4743,28.6339,120.9864,29.0861	[[[1204743,288477,5,-99,37,-219,61,-215,85,-209,108,-201,129,-190,150,-178,169,-165,186,-149,202,-132,216,-114,228,-95,237,-75,244,-54,249,-32,251,-11,251,11,249,32,244,54,237,75,228,95,216,114,202,132,186,149,169,165,150,178,129,190,108,201,85,209,61,215,37,219,12,222,-12,222,-37,219,-61,215,-85,209,-108,201,-129,190,-150,178,-169,165,-186,149,-202,132,-216,114,-228,95,-237,75,-244,54,-249,32,-251,11,-215,-9,-123,-125,-2219,-2250]]]
1806248	n	115.5252,27.9639,116.0348,28.4161	[[[1155252,281900,12,-222,37,-219,61,-215,84,-209,107,-201,128,-190,149,-178,168,-165,186,-149,200,-132,215,-114,226,-95,235,-75,243,-54,247,-32,250,-11,250,11,247,32,243,54,235,75,226,95,215,114,200,132,186,149,168,165,149,178,128,190,107,201,84,209,61,215,37,219,12,222,-12,222,-37,219,-61,215,-84,209,-107,201,-128,190,-149,178,-168,165,-186,149,-200,132,-215,114,-226,95,-235,75,-243,54,-247,32,-250,11,-250,-11,-247,-32,-243,-54,-235,-75,-226,-95,-215,-114,-200,-132,-186,-149,-168,-165,-149,-178,-128,-190,-107,-201,-84,-209,-61,-215,-37,-219,-12,-222]]]
2037611	n	130.8074,43.8539,131.2645,44.254	[[[1308074,440800,15,-222,45,-219,74,-215,104,-209,131,-201,158,-190,182,-178,206,-165,228,-149,246,-132,263,-114,278,-95,289,-75,297,-54,304,-32,306,-11,306,11,304,32,119,22,244,481,11,174,-105,336,-12,153,62,184,2,137,47,92,175,150,163,105,99,45,30,81,-573,1811,-2866,187,-217,-141,-206,-165,-182,-178,-158,-190,-131,-201,-104,-209,-74,-215,-45,-219,-15,-222]]]
8417599	p	1808212
1805563	p	1795270
2033866	n	124.4142,42.5139,125.0036,42.9661	[[[1244142,427400,15,-222,44,-219,73,-215,101,-209,128,-201,155,-190,178,-178,202,-165,222,-149,241,-132,258,-114,271,-95,282,-75,291,-54,297,-32,300,-11,300,11,297,32,291,54,282,75,271,95,258,114,241,132,222,149,202,165,178,178,155,190,128,201,11,22,-129,270,-1214,2544,-52,23,-271,95,-282,75,-291,54,-297,32,-300,11,-300,-11,-297,-32,-291,-54,-282,-75,-271,-95,-258,-114,-241,-132,-222,-149,-202,-165,-178,-178,-155,-190,-128,-201,-101,-209,-73,-215,-44,-219,-15,-222]]]
1813451	p	1807681
1800006	p	9072919
1786759	n	112.0132,31.4739,112.524,31.9093	[[[1120132,316205,29,-70,111,-201,133,-190,155,-178,174,-165,191,-149,209,-132,222,-114,234,-95,244,-75,251,-54,256,-32,259,-11,259,11,256,32,251,54,244,75,234,95,222,114,209,132,191,149,174,165,155,178,133,190,111,201,87,209,63,215,38,219,13,222,-13,222,-38,219,-63,215,-87,209,-111,201,-133,190,-155,178,-174,165,-191,149,-209,132,-222,114,-234,95,-15,4,-2883,-711,-580,-2177]]]
1789546	p	1814906
1787144	p	1791636
2034615	p	12446699
2037494	p	2034414
1792916	p	1815286
1788206	n	112.656,34.9348,113.0965,35.3401	[[[1126560,353110,1373,-3701,131,-27,267,-32,56,-2,1972,516,183,137,181,165,161,178,81,112,-887,2944,-3431,-211,-87,-79]]]
1786910	p	1785716
2035707	p	2038067
1812792	p	1814906
1816924	n	105.7265,31.3947,106.2535,31.7761	[[[1057265,315500,12,-222,38,-219,63,-215,87,-209,111,-201,133,-190,154,-178,125,-119,4493,1099,4,13,38,219,12,222,-12,222,-38,219,-63,215,-87,209,-111,201,-133,190,-154,178,-174,165,-191,149,-208,132,-222,114,-234,95,-243,75,-251,54,-256,32,-258,11,-258,-11,-256,-32,-251,-54,-243,-75,-234,-95,-222,-114,-208,-132,-191,-149,-174,-165,-154,-178,-133,-190,-111,-201,-87,-209,-63,-215,-38,-219,-12,-222]]]
1804106	n	116.5007,25.4939,116.9993,25.9461	[[[1165007,257200,12,-222,36,-219,60,-215,82,-209,105,-201,125,-190,146,-178,164,-165,182,-149,196,-132,210,-114,221,-95,230,-75,238,-54,242,-32,244,-11,244,11,242,32,238,54,230,75,221,95,210,114,196,132,182,149,164,165,146,178,125,190,105,201,82,209,60,215,36,219,12,222,-12,222,-36,219,-60,215,-82,209,-105,201,-125,190,-146,178,-164,165,-182,149,-196,132,-210,114,-221,95,-230,75,-238,54,-242,32,-244,11,-244,-11,-242,-32,-238,-54,-230,-75,-221,-95,-210,-114,-196,-132,-182,-149,-164,-165,-146,-178,-125,-190,-105,-201,-82,-209,-60,-215,-36,-219,-12,-222]]]
1803998	p	1814906
1802550	n	120.1379,37.4684,120.6089,37.7576	[[[1201379,374840,122,-88,115,-68,4243,847,62,104,93,209,68,215,7,40,-786,1477,-669,-99,-203,-95,-321,-261,-196,-54,-54,-22,-175,-98,-566,-84,-919,0,-43,-22,72,-47,125,-46,122,-22,310,-2,152,-21,126,-51,161,-328,-249,-345,-1100,-861,-497,-278]]]
12324508	n	118.3556,36.9673,118.7171,37.2562	[[[1183556,370789,3194,-1116,242,275,179,624,-469,1963,-126,15,-276,11,-257,-10,-980,-223,-89,-34,-237,-114,-222,-132,-204,-149,-186,-165,-164,-178,-142,-190,-118,-201,-93,-209,-52,-167]]]
1813851	p	1801620
1811140	p	12358576
1791161	p	1803364
1791347	p	1792359
1785572	p	1790630
1797038	n	114.1739,32.7739,114.6178,33.2261	[[[1141739,331700,322,-3605,177,-89,237,-95,248,-75,255,-54,260,-32,262,-11,262,11,260,32,255,54,248,75,237,95,226,114,211,132,194,149,177,165,156,178,136,190,112,201,88,209,64,215,39,219,13,222,-13,222,-39,219,-64,215,-88,209,-112,201,-136,190,-156,178,-177,165,-194,149,-211,132,-226,114,-237,95,-248,75,-255,54,-260,32,-262,11,-262,-11,-260,-32,-255,-54,-248,-75,-237,-95,-226,-114,-211,-132,-62,-48]]]
12324486	p	1791681
1793089	p	1785453
1529239	n	85.306,44.1039,85.8474,44.5561	[[[853060,443300,16,-222,45,-219,75,-215,103,-209,132,-201,159,-190,183,-178,207,-165,228,-149,248,-132,264,-114,279,-95,290,-75,299,-54,304,-32,308,-11,308,11,304,32,299,54,290,75,279,95,264,114,189,101,341,3335,-54,43,-228,149,-248,132,-264,114,-279,95,-290,75,-299,54,-304,32,-308,11,-308,-11,-304,-32,-299,-54,-290,-75,-279,-95,-264,-114,-248,-132,-228,-149,-207,-165,-183,-178,-159,-190,-132,-201,-103,-209,-75,-215,-45,-219,-16,-222]]]
1786382	n	100.5507,26.4239,101.0289,26.8495	[[[1005507,265580,77,-146,127,-190,147,-178,165,-165,183,-149,198,-132,212,-114,222,-95,233,-75,239,-54,244,-32,246,-11,246,11,244,32,239,54,233,75,222,95,212,114,198,132,183,149,165,165,147,178,127,190,105,201,84,209,1,5,83,944,-25,148,-59,215,-84,209,-105,201,-127,190,-147,178,-165,165,-183,149,-198,132,-212,114,-1,1,-1916,-1607,-1560,-1308]]]
12450879	p	1798821
1783920	p	1797798
1790848	p	1805953
1806327	p	1798449
7931312	n	99.9776,34.2438,100.5224,34.6961	[[[999776,344700,13,-222,39,-219,65,-215,90,-209,115,-201,137,-190,159,-178,180,-165,198,-149,215,-132,229,-114,242,-95,251,-75,260,-54,264,-32,267,-11,267,11,264,32,260,54,251,75,242,95,229,114,215,132,198,149,180,165,159,178,137,190,115,201,90,209,65,215,39,219,13,222,-13,222,-39,219,-65,215,-90,209,-115,201,-137,190,-159,178,-180,165,-198,149,-215,132,-229,114,-242,95,-251,75,-260,54,-264,32,-267,11,-267,-11,-264,-32,-260,-54,-251,-75,-242,-95,-229,-114,-215,-132,-198,-149,-180,-165,-159,-178,-137,-190,-115,-201,-90,-209,-65,-215,-39,-219,-13,-222]]]
1799832	n	118.2758,27.6939,118.7842,28.1461	[[[1182758,279200,13,-222,36,-219,61,-215,84,-209,106,-201,129,-190,148,-178,168,-165,185,-149,200,-132,214,-114,225,-95,235,-75,242,-54,247,-32,249,-11,249,11,247,32,242,54,235,75,225,95,214,114,200,132,185,149,168,165,148,178,129,190,106,201,84,209,61,215,36,219,13,222,-13,222,-36,219,-61,215,-84,209,-106,201,-129,190,-148,178,-168,165,-185,149,-200,132,-214,114,-225,95,-235,75,-242,54,-247,32,-249,11,-249,-11,-247,-32,-242,-54,-235,-75,-225,-95,-214,-114,-200,-132,-185,-149,-168,-165,-148,-178,-129,-190,-106,-201,-84,-209,-61,-215,-36,-219,-13,-222]]]
1817543	n	109.0123,19.5588,109.265,19.75	[[[1090123,195992,93,-148,140,-178,74,-78,2147,231,73,43,0,1445,-60,9,-150,-17,-255,-69,-73,18,-63,-62,9,-202,-137,-199,-356,-289,-229,-62,-10,-12,-37,-20,-105,-90,-150,-49,-245,-136,-118,-40,-512,-74,-36,-21]],[[1091633,197248,69,0,46,56,65,56,162,98,126,39,6,3,-440,0,5,-73,-39,-179]]]
8516975	n	108.959,30.1139,109.321,30.5661	[[[1089590,305023,726,-3676,88,-36,241,-75,247,-54,253,-32,255,-11,255,11,253,32,247,54,241,75,231,95,187,98,396,2351,-263,1359,-101,66,-219,114,-231,95,-241,75,-247,54,-253,32,-255,11,-255,-11,-253,-32,-247,-54,-241,-75,-231,-95,-219,-114,-205,-132,-159,-125]]]
1791428	n	116.228,35.5377,116.6613,35.947	[[[1162280,356895,7,-36,66,-215,91,-209,116,-201,140,-190,161,-178,183,-165,201,-149,218,-132,88,-43,2664,465,398,510,-444,2994,-110,43,-256,75,-31,6,-3492,-2575]]]
2035758	n	125.5696,46.9539,126.2304,47.4061	[[[1255696,471800,16,-222,47,-219,79,-215,109,-209,139,-201,167,-190,193,-178,218,-165,240,-149,260,-132,278,-114,294,-95,305,-75,314,-54,321,-32,324,-11,324,11,321,32,314,54,305,75,294,95,278,114,260,132,240,149,218,165,193,178,167,190,139,201,109,209,79,215,47,219,16,222,-16,222,-47,219,-79,215,-109,209,-139,201,-167,190,-193,178,-218,165,-240,149,-243,123,-749,219,-257,75,-143,42,-59,11,-321,32,-324,11,-324,-11,-321,-32,-314,-54,-305,-75,-294,-95,-278,-114,-260,-132,-240,-149,-218,-165,-193,-178,-167,-190,-139,-201,-109,-209,-79,-215,-47,-219,-16,-222]]]
12324248	n	118.8726,36.1528,119.1237,36.3341	[[[1188726,362565,212,-1037,2200,512,99,973,-1402,327,-1109,-775]]]
2037311	n	123.1649,47.6939,123.8351,48.1461	[[[1231649,479200,16,-222,48,-219,80,-215,111,-209,141,-201,169,-190,196,-178,220,-165,244,-149,264,-132,282,-114,298,-95,309,-75,319,-54,326,-32,328,-11,328,11,326,32,319,54,309,75,298,95,282,114,264,132,244,149,220,165,196,178,169,190,141,201,111,209,80,215,48,219,16,222,-16,222,-48,219,-80,215,-111,209,-141,201,-169,190,-196,178,-220,165,-244,149,-264,132,-282,114,-298,95,-309,75,-319,54,-326,32,-328,11,-328,-11,-326,-32,-319,-54,-309,-75,-298,-95,-282,-114,-264,-132,-244,-149,-220,-165,-196,-178,-169,-190,-141,-201,-111,-209,-80,-215,-48,-219,-16,-222]]]
13609088	p	1791247
1806167	n	118.0679,26.8148,118.5721,27.2661	[[[1180679,270400,12,-222,36,-219,60,-215,84,-209,105,-201,128,-190,147,-178,166,-165,183,-149,74,-49,1737,-455,36,2,245,32,240,54,233,75,224,95,212,114,199,132,183,149,166,165,147,178,128,190,105,201,84,209,60,215,36,219,12,222,-12,222,-36,219,-60,215,-84,209,-105,201,-128,190,-147,178,-166,165,-183,149,-199,132,-212,114,-224,95,-233,75,-240,54,-245,32,-247,11,-247,-11,-245,-32,-240,-54,-233,-75,-224,-95,-212,-114,-199,-132,-183,-149,-166,-165,-147,-178,-128,-190,-105,-201,-84,-209,-60,-215,-36,-219,-12,-222]]]
1549691	p	10630003
2037370	p	2034786
1808181	n	102.6359,34.7639,103.1841,35.2161	[[[1026359,349900,13,-222,39,-219,66,-215,90,-209,115,-201,139,-190,160,-178,181,-165,199,-149,216,-132,231,-114,243,-95,253,-75,261,-54,266,-32,269,-11,269,11,266,32,261,54,253,75,243,95,231,114,216,132,199,149,181,165,160,178,139,190,115,201,90,209,66,215,39,219,13,222,-13,222,-39,219,-66,215,-90,209,-115,201,-139,190,-160,178,-181,165,-199,149,-216,132,-231,114,-243,95,-253,75,-261,54,-266,32,-269,11,-269,-11,-266,-32,-261,-54,-253,-75,-243,-95,-231,-114,-216,-132,-199,-149,-181,-165,-160,-178,-139,-190,-115,-201,-90,-209,-66,-215,-39,-219,-13,-222]]]
1809003	p	10859300
1802640	p	1798972
1786720	p	1808770
2036241	p	2037886
1789945	p	1811764
2035754	n	128.6061,42.8739,129.2176,43.3261	[[[1286061,430668,22,-109,74,-215,101,-209,129,-201,156,-190,179,-178,203,-165,224,-149,242,-132,259,-114,273,-95,284,-75,293,-54,299,-32,301,-11,301,11,299,32,293,54,284,75,273,95,259,114,242,132,224,149,203,165,179,178,156,190,129,201,101,209,74,215,44,219,15,222,-15,222,-44,219,-74,215,-101,209,-129,201,-156,190,-179,178,-203,165,-224,149,-242,132,-259,114,-273,95,-284,75,-293,54,-299,32,-301,11,-301,-11,-299,-32,-293,-54,-284,-75,-57,-20,-99,-132,-1434,-1908,-1,-1,-271,-360]]]
1793774	p	1785286
6963006	p	1801640
1795029	p	7602670
2036519	p	2036389
1811114	p	1788508
1814919	p	1799491
2033739	p	2038180
1816868	n	101.9555,31.6739,102.4845,32.1261	[[[1019555,319000,12,-222,39,-219,63,-215,87,-209,111,-201,134,-190,154,-178,174,-165,193,-149,208,-132,223,-114,235,-95,244,-75,252,-54,257,-32,259,-11,259,11,257,32,252,54,244,75,235,95,223,114,208,132,193,149,174,165,154,178,134,190,111,201,87,209,63,215,39,219,12,222,-12,222,-39,219,-63,215,-87,209,-111,201,-134,190,-154,178,-174,165,-193,149,-208,132,-223,114,-235,95,-244,75,-252,54,-257,32,-259,11,-259,-11,-257,-32,-252,-54,-244,-75,-235,-95,-223,-114,-208,-132,-193,-149,-174,-165,-154,-178,-134,-190,-111,-201,-87,-209,-63,-215,-39,-219,-12,-222]]]
1792692	n	104.8278,30.8639,105.3522,31.3161	[[[1048278,310900,12,-222,38,-219,62,-215,87,-209,110,-201,132,-190,154,-178,173,-165,190,-149,207,-132,221,-114,232,-95,243,-75,249,-54,255,-32,257,-11,257,11,255,32,249,54,243,75,232,95,221,114,207,132,190,149,173,165,154,178,132,190,110,201,87,209,62,215,38,219,12,222,-12,222,-38,219,-62,215,-87,209,-110,201,-132,190,-154,178,-173,165,-190,149,-207,132,-221,114,-232,95,-243,75,-249,54,-255,32,-257,11,-257,-11,-255,-32,-249,-54,-243,-75,-232,-95,-221,-114,-207,-132,-190,-149,-173,-165,-154,-178,-132,-190,-110,-201,-87,-209,-62,-215,-38,-219,-12,-222]]]
1795470	p	7602670
1802811	n	104.8985,33.9639,105.4415,34.4161	[[[1048985,341900,13,-222,39,-219,65,-215,90,-209,114,-201,137,-190,158,-178,179,-165,198,-149,214,-132,228,-114,241,-95,251,-75,258,-54,264,-32,266,-11,266,11,264,32,258,54,251,75,241,95,228,114,214,132,198,149,179,165,158,178,137,190,114,201,90,209,65,215,39,219,13,222,-13,222,-39,219,-65,215,-90,209,-114,201,-137,190,-158,178,-179,165,-198,149,-214,132,-228,114,-241,95,-251,75,-258,54,-264,32,-266,11,-266,-11,-264,-32,-258,-54,-251,-75,-241,-95,-228,-114,-214,-132,-198,-149,-179,-165,-158,-178,-137,-190,-114,-201,-90,-209,-65,-215,-39,-219,-13,-222]]]
1798082	n	111.8596,26.5446,112.3615,26.9961	[[[1118596,267903,2672,-2457,79,4,244,32,239,54,233,75,223,95,211,114,199,132,183,149,165,165,147,178,127,190,106,201,83,209,60,215,36,219,12,222,-12,222,-36,219,-60,215,-83,209,-106,201,-127,190,-147,178,-165,165,-183,149,-199,132,-211,114,-223,95,-233,75,-239,54,-244,32,-247,11,-247,-11,-244,-32,-239,-54,-233,-75,-223,-95,-211,-114,-199,-132,-183,-149,-165,-165,-147,-178,-127,-190,-106,-201,-83,-209,-60,-215,-36,-219,-1,-19]]]
2038185	n	127.9071,41.3781,128.303,41.6461	[[[1279071,414667,371,42,300,-206,103,37,82,71,87,98,110,-108,7,-178,-16,-180,37,-110,86,-18,99,23,169,69,-37,-219,65,-39,24,2,102,-26,20,-24,-4,-16,99,2,11,18,25,20,16,3,80,-21,49,33,-12,9,3,14,14,6,25,-9,53,36,143,-62,-143,-143,161,-10,1,2,33,17,48,-4,39,12,54,-14,33,11,66,7,65,30,20,20,4,17,48,68,7,44,33,32,105,46,72,44,27,5,52,-5,969,1334,154,387,-197,217,-19,179,-100,163,-130,25,-290,32,-294,11,-294,-11,-290,-32,-285,-54,-277,-75,-266,-95,-252,-114,-236,-132,-218,-149,-197,-165,-175,-178,-151,-190,-126,-201,-99,-209,-63,-189]]]
1783802	n	105.7368,28.9157,105.9648,29.1907	[[[1057368,290300,300,-1101,634,-42,1346,2194,-33,156,-270,288,-1320,112,-657,-1607]]]
1812754	p	1808198
1812168	p	1810677
1804892	n	115.7945,35.1639,116.3297,35.6162	[[[1157945,353900,13,-222,40,-219,66,-215,91,-209,115,-201,139,-190,162,-178,181,-165,200,-149,218,-132,231,-114,245,-95,254,-75,263,-54,267,-32,270,-11,270,11,267,32,263,54,254,75,245,95,231,114,218,132,200,149,181,165,162,178,139,190,115,201,52,120,-35,614,-60,1070,-72,127,-139,190,-162,178,-181,165,-200,149,-218,132,-231,114,-245,95,-254,75,-263,54,-267,32,-270,11,-270,-11,-267,-32,-263,-54,-254,-75,-245,-95,-231,-114,-218,-132,-200,-149,-181,-165,-162,-178,-139,-190,-115,-201,-91,-209,-66,-215,-40,-219,-13,-222]]]
12324233	p	1549756
1529522	n	83.3036,46.3039,83.9564,46.7562	[[[833036,465300,15,-222,47,-219,78,-215,108,-209,137,-201,165,-190,191,-178,215,-165,237,-149,257,-132,275,-114,290,-95,301,-75,311,-54,317,-32,320,-11,320,11,317,32,311,54,301,75,290,95,275,114,257,132,237,149,215,165,191,178,165,190,137,201,108,209,78,215,47,219,15,222,-15,222,-47,219,-78,215,-108,209,-137,201,-165,190,-191,178,-215,165,-237,149,-257,132,-275,114,-290,95,-301,75,-311,54,-317,32,-320,11,-320,-11,-317,-32,-311,-54,-301,-75,-290,-95,-275,-114,-257,-132,-237,-149,-215,-165,-191,-178,-165,-190,-137,-201,-108,-209,-78,-215,-47,-219,-15,-222]]]
1802408	n	108.7488,28.5939,109.2162,28.9854	[[[1087488,286323,132,-157,169,-165,36,-29,282,-33,3481,236,142,169,129,190,108,201,84,209,62,215,36,219,13,222,-13,222,-36,219,-62,215,-84,209,-108,201,-129,190,-150,178,-169,165,-186,149,-202,132,-215,114,-228,95,-236,75,-244,54,-249,32,-89,4,-2274,-3531]]]
1817952	n	111.903,29.1839,112.3289,29.6356	[[[1119030,293965,4,-87,38,-219,61,-215,85,-209,108,-201,130,-190,151,-178,170,-165,188,-149,203,-132,217,-114,228,-95,239,-75,245,-54,250,-32,253,-11,253,11,250,32,196,44,990,3459,-1795,971,-108,-4,-2356,-2387]]]
1801243	p	10630003
1807308	p	1791247
2034995	n	128.2584,45.4839,128.9016,45.9362	[[[1282584,457100,15,-222,47,-219,76,-215,107,-209,135,-201,162,-190,188,-178,212,-165,234,-149,253,-132,271,-114,285,-95,297,-75,307,-54,312,-32,315,-11,315,11,312,32,307,54,297,75,285,95,271,114,253,132,234,149,212,165,188,178,162,190,135,201,107,209,76,215,47,219,15,222,-15,222,-47,219,-76,215,-107,209,-135,201,-162,190,-188,178,-212,165,-234,149,-253,132,-271,114,-285,95,-297,75,-307,54,-312,32,-315,11,-315,-11,-312,-32,-307,-54,-297,-75,-285,-95,-271,-114,-253,-132,-234,-149,-212,-165,-188,-178,-162,-190,-135,-201,-107,-209,-76,-215,-47,-219,-15,-222]]]
2033449	n	125.7035,43.0967,126.3185,43.5161	[[[1257035,432652,39,-193,74,-215,102,-209,129,-201,156,-190,180,-178,203,-165,225,-149,243,-132,121,-53,1736,173,2097,209,145,117,180,178,156,190,129,201,102,209,74,215,44,219,15,222,-15,222,-44,219,-74,215,-102,209,-129,201,-156,190,-180,178,-203,165,-225,149,-243,132,-260,114,-273,95,-285,75,-294,54,-300,32,-302,11,-302,-11,-300,-32,-174,-32,-2289,-2434]]]
1809483	p	1793771
1784253	p	1797873
2036237	n	128.541,46.7239,129.1783,47.1761	[[[1285410,469500,16,-222,47,-219,79,-215,109,-209,138,-201,166,-190,192,-178,217,-165,239,-149,259,-132,277,-114,292,-95,304,-75,313,-54,320,-32,322,-11,322,11,320,32,313,54,304,75,292,95,277,114,259,132,239,149,217,165,192,178,166,190,138,201,44,83,-1197,1859,-657,1019,-274,68,-313,54,-320,32,-322,11,-322,-11,-320,-32,-313,-54,-304,-75,-292,-95,-277,-114,-259,-132,-239,-149,-217,-165,-192,-178,-166,-190,-138,-201,-109,-209,-79,-215,-47,-219,-16,-222]]]
8992399	p	1281019
2034651	n	126.7826,47.0039,127.4407,47.4484	[[[1267826,471998,30,-139,79,-215,110,-209,138,-201,167,-190,193,-178,218,-165,241,-149,261,-132,278,-114,293,-95,306,-75,315,-54,321,-32,324,-11,324,11,321,32,315,54,306,75,293,95,278,114,261,132,241,149,218,165,193,178,167,190,138,201,110,209,79,215,47,219,16,222,-16,222,-47,219,-79,215,-110,209,-138,201,-167,190,-193,178,-218,165,-241,149,-261,132,-278,114,-293,95,-306,75,-115,19,-1650,-996,-1941,-1171,-1,0,-527,-318]]]
1790451	n	112.624,28.4539,113.136,28.9061	[[[1126240,286800,12,-222,37,-219,61,-215,85,-209,107,-201,130,-190,149,-178,169,-165,186,-149,202,-132,215,-114,227,-95,237,-75,244,-54,248,-32,251,-11,251,11,248,32,244,54,237,75,227,95,215,114,202,132,186,149,169,165,149,178,130,190,107,201,85,209,61,215,37,219,12,222,-12,222,-37,219,-61,215,-85,209,-107,201,-130,190,-149,178,-169,165,-186,149,-202,132,-215,114,-227,95,-237,75,-244,54,-248,32,-251,11,-251,-11,-248,-32,-244,-54,-237,-75,-227,-95,-215,-114,-202,-132,-186,-149,-169,-165,-149,-178,-130,-190,-107,-201,-85,-209,-61,-215,-37,-219,-12,-222]]]
12324512	n	118.6697,37.0135,119.0109,37.2861	[[[1186697,372557,474,-1985,1251,-437,615,334,1072,1713,-19,17,-205,149,-221,132,-237,114,-250,95,-260,75,-268,54,-273,32,-276,11,-276,-11,-273,-32,-268,-54,-260,-75,-250,-95,-76,-37]]]
2038529	n	127.2996,43.3539,127.805,43.8057	[[[1272996,434698,126,-154,182,-178,204,-165,225,-149,245,-132,261,-114,275,-95,286,-75,295,-54,301,-32,304,-11,304,11,301,32,295,54,286,75,275,95,261,114,245,132,186,123,197,3097,-158,127,-225,149,-245,132,-261,114,-275,95,-286,75,-295,54,-301,32,-204,7,-2804,-3359]]]
1799383	p	1787093
1549804	p	1798972
1805515	n	110.5856,23.0376,111.0744,23.4561	[[[1105856,232300,12,-222,35,-219,58,-215,81,-209,103,-201,123,-190,143,-178,161,-165,178,-149,186,-128,2642,-48,80,44,192,132,178,149,161,165,143,178,123,190,103,201,81,209,58,215,35,219,12,222,-12,222,-35,219,-58,215,-81,209,-103,201,-123,190,-143,178,-161,165,-178,149,-192,132,-206,114,-217,95,-226,75,-232,54,-237,32,-240,11,-240,-11,-237,-32,-232,-54,-226,-75,-217,-95,-206,-114,-192,-132,-178,-149,-161,-165,-143,-178,-123,-190,-103,-201,-81,-209,-58,-215,-35,-219,-12,-222]]]
1816028	n	103.9783,26.6239,104.4817,27.0761	[[[1039783,268500,12,-222,36,-219,60,-215,83,-209,106,-201,127,-190,147,-178,166,-165,183,-149,199,-132,211,-114,224,-95,232,-75,240,-54,244,-32,247,-11,247,11,244,32,240,54,232,75,224,95,211,114,199,132,183,149,166,165,147,178,127,190,106,201,83,209,60,215,36,219,12,222,-12,222,-36,219,-60,215,-83,209,-106,201,-127,190,-147,178,-166,165,-183,149,-199,132,-211,114,-224,95,-232,75,-240,54,-244,32,-247,11,-247,-11,-244,-32,-240,-54,-232,-75,-224,-95,-211,-114,-199,-132,-183,-149,-166,-165,-147,-178,-127,-190,-106,-201,-83,-209,-60,-215,-36,-219,-12,-222]]]
1797915	p	1791484
1813775	p	1808770
1786867	n	109.6974,21.9739,110.1826,22.4262	[[[1096974,222000,12,-222,35,-219,58,-215,80,-209,102,-201,122,-190,142,-178,160,-165,176,-149,191,-132,205,-114,215,-95,224,-75,231,-54,235,-32,238,-11,238,11,235,32,231,54,224,75,215,95,205,114,191,132,176,149,160,165,142,178,122,190,102,201,80,209,58,215,35,219,12,222,-12,222,-35,219,-58,215,-80,209,-102,201,-122,190,-142,178,-160,165,-176,149,-191,132,-205,114,-215,95,-224,75,-231,54,-235,32,-238,11,-238,-11,-235,-32,-231,-54,-224,-75,-215,-95,-205,-114,-191,-132,-176,-149,-160,-165,-142,-178,-122,-190,-102,-201,-80,-209,-58,-215,-35,-219,-12,-222]]]
2035635	p	2038632
1815667	p	1800163
1806591	n	119.2265,31.467,119.7488,31.7561	[[[1192265,315300,13,-222,17,-99,4417,-309,776,1052,-4,19,-63,215,-87,209,-110,201,-133,190,-154,178,-174,165,-192,149,-207,132,-222,114,-234,95,-243,75,-251,54,-256,32,-258,11,-258,-11,-256,-32,-251,-54,-243,-75,-234,-95,-222,-114,-207,-132,-192,-149,-174,-165,-154,-178,-133,-190,-110,-201,-87,-209,-63,-215,-38,-219,-13,-222]]]
12358569	n	100.4095,26.5505,100.8894,26.9761	[[[1004095,267319,2,-41,36,-219,60,-215,84,-209,105,-201,127,-190,147,-178,166,-165,183,-149,198,-132,211,-114,3,-1,3477,2916,-76,145,-127,190,-147,178,-166,165,-183,149,-198,132,-211,114,-224,95,-232,75,-239,54,-244,32,-247,11,-247,-11,-244,-32,-239,-54,-232,-75,-224,-95,-211,-114,-198,-132,-183,-149,-52,-52,-675,-1728]]]
1794126	n	118.2026,36.0839,118.5614,36.3812	[[[1182026,363699,1962,-2856,112,-4,273,11,271,32,133,28,837,1884,-234,382,-1111,635,-2243,-112]]]
1279553	n	99.6999,25.907,100.1713,26.3288	[[[996999,261100,12,-222,36,-219,60,-215,82,-209,105,-201,126,-190,147,-178,165,-165,181,-149,198,-132,210,-114,83,-36,84,78,0,1,3225,3004,-7,13,-126,190,-147,178,-165,165,-181,149,-198,132,-210,114,-222,95,-231,75,-106,24,-1498,-73,-79,-26,-222,-95,-210,-114,-198,-132,-181,-149,-165,-165,-147,-178,-126,-190,-105,-201,-82,-209,-60,-215,-36,-219,-12,-222]]]
8399042	p	1786395
1810553	n	118.919,33.7939,119.461,34.2461	[[[1189190,340200,14,-222,39,-219,64,-215,90,-209,113,-201,137,-190,159,-178,178,-165,197,-149,214,-132,228,-114,240,-95,250,-75,258,-54,263,-32,266,-11,266,11,263,32,258,54,250,75,240,95,228,114,214,132,197,149,178,165,159,178,137,190,113,201,90,209,64,215,39,219,14,222,-14,222,-39,219,-64,215,-90,209,-113,201,-137,190,-159,178,-178,165,-197,149,-214,132,-228,114,-240,95,-250,75,-258,54,-263,32,-266,11,-266,-11,-263,-32,-258,-54,-250,-75,-240,-95,-228,-114,-214,-132,-197,-149,-178,-165,-159,-178,-137,-190,-113,-201,-90,-209,-64,-215,-39,-219,-14,-222]]]
2037913	p	2036427
1802426	n	106.3261,30.0961,106.7001,30.4239	[[[1063261,304034,838,-2734,451,-339,2451,1713,-3235,1565,-160,-50,-231,-95,-114,-60]]]
1549660	p	10630003
1789897	n	112.7366,34.5961,113.2834,34.9852	[[[1127366,347600,14,-222,39,-219,65,-215,90,-209,115,-201,138,-190,160,-178,180,-165,54,-40,3963,178,29,27,160,178,138,190,115,201,90,209,65,215,39,219,14,222,-14,222,-39,219,-65,215,-90,209,-115,201,-138,190,-160,178,-180,165,-199,149,-215,132,-230,114,-243,95,-252,75,-261,54,-265,32,-54,2,-179,-47,-1781,-466,-187,-140,-180,-165,-160,-178,-138,-190,-115,-201,-90,-209,-65,-215,-39,-219,-14,-222]]]
1797575	p	1787746
1810235	n	106.8606,29.9299,107.3697,30.2634	[[[1068606,300400,12,-222,7,-39,551,-220,3545,-620,976,1706,-14,51,-32,78,-2830,1500,-127,-16,-247,-54,-240,-75,-230,-95,-218,-114,-205,-132,-188,-149,-171,-165,-152,-178,-131,-190,-109,-201,-86,-209,-61,-215,-38,-219,-12,-222]]]
1921372	p	1814087
2038158	n	123.6664,44.0439,124.2936,44.4961	[[[1236664,442700,15,-222,45,-219,75,-215,103,-209,132,-201,158,-190,184,-178,206,-165,228,-149,248,-132,264,-114,278,-95,290,-75,298,-54,305,-32,307,-11,307,11,305,32,298,54,290,75,278,95,264,114,248,132,228,149,206,165,184,178,158,190,132,201,103,209,75,215,45,219,15,222,-15,222,-45,219,-75,215,-103,209,-132,201,-158,190,-184,178,-206,165,-228,149,-248,132,-264,114,-278,95,-290,75,-298,54,-305,32,-307,11,-307,-11,-305,-32,-298,-54,-290,-75,-278,-95,-264,-114,-248,-132,-228,-149,-206,-165,-184,-178,-158,-190,-132,-201,-103,-209,-75,-215,-45,-219,-15,-222]]]
1280759	n	99.2813,25.2338,99.7787,25.6861	[[[992813,254600,12,-222,35,-219,60,-215,82,-209,104,-201,126,-190,145,-178,164,-165,181,-149,196,-132,209,-114,221,-95,230,-75,237,-54,241,-32,244,-11,244,11,241,32,237,54,230,75,221,95,209,114,196,132,181,149,164,165,145,178,126,190,104,201,82,209,60,215,35,219,12,222,-12,222,-35,219,-60,215,-82,209,-104,201,-126,190,-145,178,-164,165,-181,149,-196,132,-209,114,-221,95,-230,75,-237,54,-241,32,-244,11,-244,-11,-241,-32,-237,-54,-230,-75,-221,-95,-209,-114,-196,-132,-181,-149,-164,-165,-145,-178,-126,-190,-104,-201,-82,-209,-60,-215,-35,-219,-12,-222]]]
12358614	p	1786395
1786272	n	105.889,34.5249,106.4033,34.921	[[[1058890,347728,2660,-2479,18,1,265,32,260,54,253,75,242,95,231,114,215,132,199,149,180,165,160,178,138,190,114,201,91,209,65,215,39,219,13,222,-13,222,-39,219,-65,215,-14,31,-4388,1022,-147,-110,-12,-11,-465,-1360]]]
1803365	n	103.1996,30.1939,103.7204,30.6461	[[[1031996,304200,12,-222,38,-219,62,-215,86,-209,109,-201,132,-190,152,-178,171,-165,190,-149,205,-132,219,-114,231,-95,241,-75,248,-54,253,-32,255,-11,255,11,253,32,248,54,241,75,231,95,219,114,205,132,190,149,171,165,152,178,132,190,109,201,86,209,62,215,38,219,12,222,-12,222,-38,219,-62,215,-86,209,-109,201,-132,190,-152,178,-171,165,-190,149,-205,132,-219,114,-231,95,-241,75,-248,54,-253,32,-255,11,-255,-11,-253,-32,-248,-54,-241,-75,-231,-95,-219,-114,-205,-132,-190,-149,-171,-165,-152,-178,-132,-190,-109,-201,-86,-209,-62,-215,-38,-219,-12,-222]]]
1797972	n	117.4611,29.6139,117.9789,30.0661	[[[1174611,298400,12,-222,38,-219,61,-215,86,-209,109,-201,130,-190,152,-178,170,-165,189,-149,204,-132,218,-114,229,-95,239,-75,247,-54,251,-32,254,-11,254,11,251,32,247,54,239,75,229,95,218,114,204,132,189,149,170,165,152,178,130,190,109,201,86,209,61,215,38,219,12,222,-12,222,-38,219,-61,215,-86,209,-109,201,-130,190,-152,178,-170,165,-189,149,-204,132,-218,114,-229,95,-239,75,-247,54,-251,32,-254,11,-254,-11,-251,-32,-247,-54,-239,-75,-229,-95,-218,-114,-204,-132,-189,-149,-170,-165,-152,-178,-130,-190,-109,-201,-86,-209,-61,-215,-38,-219,-12,-222]]]
1549362	p	1793899
1818051	p	1808106
2033667	n	129.1825,48.0638,129.8575,48.5161	[[[1291825,482900,16,-222,49,-219,80,-215,112,-209,141,-201,171,-190,197,-178,222,-165,246,-149,266,-132,284,-114,299,-95,312,-75,322,-54,327,-32,331,-11,331,11,327,32,322,54,312,75,299,95,284,114,266,132,246,149,222,165,197,178,171,190,141,201,112,209,80,215,49,219,16,222,-16,222,-49,219,-80,215,-112,209,-141,201,-171,190,-197,178,-222,165,-246,149,-266,132,-284,114,-299,95,-312,75,-322,54,-327,32,-331,11,-331,-11,-327,-32,-322,-54,-312,-75,-299,-95,-284,-114,-266,-132,-246,-149,-222,-165,-197,-178,-171,-190,-141,-201,-112,-209,-80,-215,-49,-219,-16,-222]]]
2034600	n	124.1116,46.6338,124.7629,47.0861	[[[1241116,468600,15,-222,48,-219,78,-215,109,-209,137,-201,166,-190,192,-178,217,-165,238,-149,259,-132,277,-114,291,-95,304,-75,312,-54,319,-32,322,-11,322,11,319,32,312,54,304,75,135,44,1837,2451,-8,35,-78,215,-109,209,-137,201,-166,190,-192,178,-217,165,-238,149,-259,132,-277,114,-291,95,-304,75,-312,54,-319,32,-322,11,-322,-11,-319,-32,-312,-54,-304,-75,-291,-95,-277,-114,-259,-132,-238,-149,-217,-165,-192,-178,-166,-190,-137,-201,-109,-209,-78,-215,-48,-219,-15,-222]]]
1799352	n	112.305,28.0762,112.7911,28.4832	[[[1123050,282600,13,-222,36,-219,61,-215,84,-209,107,-201,129,-190,149,-178,134,-131,3317,-273,137,90,156,125,538,2571,-62,118,-129,190,-149,178,-168,165,-186,149,-200,132,-215,114,-226,95,-236,75,-243,54,-107,14,-2698,-1277,-48,-90,-84,-209,-61,-215,-36,-219,-13,-222]]]
1818165	p	1789262
2038421	n	127.0662,45.8823,127.7138,46.3061	[[[1270662,460800,16,-222,47,-219,77,-215,107,-209,136,-201,163,-190,189,-178,214,-165,235,-149,255,-132,230,-96,4127,594,134,126,163,190,136,201,107,209,77,215,47,219,16,222,-16,222,-47,219,-77,215,-107,209,-136,201,-163,190,-189,178,-214,165,-235,149,-255,132,-273,114,-287,95,-299,75,-308,54,-315,32,-317,11,-317,-11,-315,-32,-308,-54,-299,-75,-287,-95,-273,-114,-255,-132,-235,-149,-214,-165,-189,-178,-163,-190,-136,-201,-107,-209,-77,-215,-47,-219,-16,-222]]]
1803793	n	119.6891,35.9147,119.9262,36.134	[[[1196891,360586,1109,-1439,1262,931,-1111,1262,-1260,-754]]]
1798778	n	107.2891,30.3883,107.723,30.8361	[[[1072891,306100,12,-222,38,-219,57,-198,3012,-1578,247,53,242,75,231,95,220,114,205,132,75,59,-1261,3878,-11,35,-202,26,-256,11,-256,-11,-253,-32,-248,-54,-242,-75,-231,-95,-220,-114,-205,-132,-190,-149,-172,-165,-153,-178,-131,-190,-110,-201,-86,-209,-62,-215,-38,-219,-12,-222]]]
6825277	n	103.0826,24.5951,103.5774,25.0461	[[[1030826,248200,12,-222,35,-219,59,-215,82,-209,104,-201,125,-190,144,-178,163,-165,180,-149,195,-132,209,-114,219,-95,229,-75,235,-54,224,-30,180,33,1265,232,189,103,195,132,180,149,163,165,144,178,125,190,104,201,82,209,59,215,35,219,12,222,-12,222,-35,219,-59,215,-82,209,-104,201,-125,190,-144,178,-163,165,-180,149,-195,132,-209,114,-219,95,-229,75,-235,54,-240,32,-243,11,-243,-11,-240,-32,-235,-54,-229,-75,-219,-95,-209,-114,-195,-132,-180,-149,-163,-165,-144,-178,-125,-190,-104,-201,-82,-209,-59,-215,-35,-219,-12,-222]]]
12277994	n	117.1912,34.4804,117.5888,34.7	[[[1171912,345116,1788,-312,2188,1401,-69,160,-42,73,-1169,562,-2001,0,-427,-263,-268,-1621]]]
2036734	n	127.785,43.3381,128.32,43.7861	[[[1277850,434129,159,-128,225,-149,244,-132,261,-114,275,-95,286,-75,295,-54,11,-1,3287,2538,307,237,-34,100,-103,209,-130,201,-156,190,-181,178,-205,165,-225,149,-244,132,-261,114,-275,95,-286,75,-295,54,-301,32,-304,11,-304,-11,-301,-32,-295,-54,-286,-75,-275,-95,-261,-114,-244,-132,-187,-124,-82,-1296,-112,-1753,-3,-46]]]
2035836	n	117.0835,49.3739,117.6001,49.6626	[[[1170835,496000,17,-222,50,-219,82,-215,115,-209,145,-201,175,-190,202,-178,229,-165,252,-149,273,-132,292,-114,307,-95,320,-75,330,-54,336,-32,340,-11,152,5,1549,1947,-1272,452,-2200,82,-1556,401,-71,-185,-50,-219,-17,-222]]]
1806900	n	105.1461,28.3901,105.6258,28.6891	[[[1051461,285494,16,-484,3418,-1109,11,5,215,114,202,132,186,149,168,165,150,178,129,190,107,201,85,209,60,215,37,219,13,222,-13,222,-37,219,-60,215,-85,209,-67,126,-3697,-143,-838,-1254]]]
1549696	p	10630003
1803940	n	116.6646,34.3304,116.8181,34.5663	[[[1166646,344736,897,-1432,638,2230,-481,129,-662,-35,-392,-892]]]
1792052	p	1793899
1799552	n	112.2313,29.1339,112.6677,29.543	[[[1122313,291973,152,-121,203,-132,217,-114,229,-95,238,-75,245,-54,250,-32,253,-11,253,11,250,32,245,54,238,75,229,95,217,114,203,132,187,149,170,165,150,178,130,190,109,201,85,209,61,215,37,219,13,222,-13,222,-37,219,-61,215,-85,209,-109,201,-130,190,-150,178,-170,165,-187,149,-127,82,-2319,-45,-976,-3412]]]
1785711	p	1801640
1801895	p	1796236
1811583	p	10630003
12358567	p	1814093
1789699	n	100.7168,25.1739,101.0786,25.6261	[[[1007168,251989,181,-78,229,-75,237,-54,241,-32,244,-11,244,11,241,32,237,54,229,75,221,95,209,114,196,132,181,149,164,165,145,178,126,190,104,201,82,209,59,215,36,219,12,222,-12,222,-36,219,-59,215,-82,209,-104,201,-126,190,-145,178,-164,165,-181,149,-196,132,-209,114,-221,95,-229,75,-237,54,-241,32,-244,11,-244,-11,-17,-2,-7,-37,-804,-3932,-60,-290]]]
1800524	p	1798821
1803549	p	1793771
1280948	n	99.1892,26.2139,99.6908,26.6661	[[[991892,264400,12,-222,36,-219,60,-215,83,-209,105,-201,127,-190,146,-178,165,-165,183,-149,198,-132,211,-114,222,-95,232,-75,239,-54,243,-32,246,-11,246,11,243,32,239,54,232,75,222,95,211,114,198,132,183,149,165,165,146,178,127,190,105,201,83,209,60,215,36,219,12,222,-9,168,-24,79,-177,594,-1,3,-40,137,-45,85,-127,190,-146,178,-165,165,-183,149,-198,132,-211,114,-222,95,-232,75,-239,54,-243,32,-246,11,-246,-11,-243,-32,-239,-54,-232,-75,-222,-95,-211,-114,-198,-132,-183,-149,-165,-165,-146,-178,-127,-190,-105,-201,-83,-209,-60,-215,-36,-219,-12,-222]]]
8406649	n	108.6447,28.1739,109.0869,28.5978	[[[1086447,284000,12,-222,37,-219,61,-215,84,-209,107,-201,129,-190,149,-178,169,-165,185,-149,202,-132,215,-114,226,-95,236,-75,243,-54,248,-32,250,-11,250,11,248,32,243,54,236,75,226,95,215,114,202,132,185,149,64,63,-2762,3475,-340,39,-185,-98,-202,-132,-185,-149,-169,-165,-149,-178,-129,-190,-107,-201,-84,-209,-61,-215,-37,-219,-12,-222]]]
1280945	n	99.669,26.3212,100.1711,26.7661	[[[996690,265400,8,-159,248,-830,40,-77,127,-190,147,-178,165,-165,182,-149,198,-132,212,-114,222,-95,232,-75,107,-24,41,3,3,0,1461,72,78,24,222,95,212,114,198,132,182,149,165,165,147,178,127,190,105,201,83,209,60,215,36,219,12,222,-12,222,-36,219,-60,215,-83,209,-105,201,-127,190,-36,44,-197,125,-918,583,-1,1,-264,168,-181,41,-244,32,-246,11,-246,-11,-244,-32,-239,-54,-232,-75,-222,-95,-212,-114,-198,-132,-182,-149,-165,-165,-147,-178,-127,-190,-105,-201,-83,-209,-60,-215,-36,-219,-12,-222]]]
12324261	p	1788887
1795026	n	107.9857,32.8138,108.4929,33.2661	[[[1079857,331106,287,-1922,28,-40,157,-178,177,-165,194,-149,212,-132,225,-114,238,-95,247,-75,255,-54,260,-32,263,-11,54,2,2475,2997,-54,127,-112,201,-135,190,-157,178,-177,165,-194,149,-212,132,-225,114,-238,95,-247,75,-255,54,-260,32,-263,11,-263,-11,-260,-32,-255,-54,-247,-75,-238,-95,-225,-114,-212,-132,-194,-149,-177,-165,-157,-178,-135,-190,-112,-201,-68,-159]]]
1787297	p	1798972
1279485	n	97.6297,24.0508,98.0462,24.4161	[[[976297,240508,4105,906,13,45,35,219,12,222,-10,181,-140,588,-37,96,-104,201,-124,190,-144,178,-162,165,-179,149,-194,132,-207,114,-219,95,-227,75,-235,54,-239,32,-241,11,-241,-11,-239,-32,-235,-54,-227,-75,-219,-95,-111,-61,82,-55,73,-101,13,-212,-153,-57,-207,-21,-154,-106,63,-257,739,-247,57,-362,-56,-75,-73,-55,-65,-68,-31,-108,30,-117,141,-177,44,-102,-30,-239,-124,-221,-780,-745]]]
12358568	n	99.8488,25.8231,100.3199,26.2229	[[[998488,259149,8,-15,126,-190,146,-178,165,-165,182,-149,197,-132,164,-89,3221,614,81,99,126,190,105,201,82,209,60,215,36,219,12,222,-12,222,-36,219,-60,215,-82,209,-105,201,-126,190,-146,178,-165,165,-182,149,-197,132,-210,114,-83,35,-3307,-3080]]]
1549810	p	1811200
1549622	p	10630003
12324550	p	1790842
1793102	p	1793899
1816560	p	1795270
1785805	p	1813171
1549428	p	1789262
12324487	p	12324304
1912383	n	120.2425,36.5323,120.4472,36.735	[[[1202425,367268,1113,-1945,636,158,298,1869,-1930,0,-117,-82]]]
1813299	n	100.6074,27.0339,101.1126,27.4861	[[[1006074,272600,12,-222,36,-219,60,-215,84,-209,106,-201,127,-190,148,-178,167,-165,183,-149,199,-132,213,-114,224,-95,234,-75,240,-54,245,-32,248,-11,248,11,245,32,240,54,234,75,224,95,213,114,199,132,183,149,167,165,148,178,127,190,106,201,84,209,60,215,36,219,12,222,-12,222,-36,219,-60,215,-84,209,-106,201,-127,190,-148,178,-167,165,-183,149,-199,132,-213,114,-224,95,-234,75,-240,54,-245,32,-248,11,-248,-11,-245,-32,-240,-54,-234,-75,-224,-95,-213,-114,-199,-132,-183,-149,-167,-165,-148,-178,-127,-190,-106,-201,-84,-209,-60,-215,-36,-219,-12,-222]]]
1798462	n	119.5792,36.0586,119.8151,36.2317	[[[1195792,361372,92,-435,1007,-351,1260,754,-63,837,-671,140,-1625,-945]]]
7735165	p	1808926
2047837	n	117.9756,40.0638,118.5644,40.5161	[[[1179756,402900,14,-222,42,-219,71,-215,97,-209,123,-201,149,-190,172,-178,194,-165,214,-149,232,-132,248,-114,261,-95,272,-75,281,-54,285,-32,289,-11,289,11,285,32,281,54,272,75,261,95,248,114,232,132,214,149,194,165,172,178,149,190,123,201,97,209,71,215,42,219,14,222,-14,222,-42,219,-71,215,-97,209,-123,201,-149,190,-172,178,-194,165,-214,149,-232,132,-248,114,-261,95,-272,75,-281,54,-285,32,-289,11,-289,-11,-285,-32,-281,-54,-272,-75,-261,-95,-248,-114,-232,-132,-214,-149,-194,-165,-172,-178,-149,-190,-123,-201,-97,-209,-71,-215,-42,-219,-14,-222]]]
1912420	p	1798821
12277245	p	10630003
1796506	n	118.9444,35.2816,119.277,35.7261	[[[1189444,353750,1125,-810,75,-29,255,-75,99,-20,1505,914,267,3353,-14,6,-255,75,-263,54,-268,32,-270,11,-270,-11,-268,-32,-263,-54,-255,-75,-87,-34,-1113,-3305]]]
12450873	n	79.3491,36.9839,79.7321,37.2651	[[[793491,371931,3,-53,40,-219,68,-215,93,-209,118,-201,142,-190,165,-178,186,-165,205,-149,222,-132,238,-114,250,-95,260,-75,269,-54,274,-32,276,-11,44,2,977,1952,-737,858,-3093,-720]]]
12324507	p	1791681
1549693	p	10630003
1549360	p	1793899
1817958	n	120.1832,28.8339,120.6962,29.2818	[[[1201832,290576,3,-57,1126,-1791,12,-8,216,-114,228,-95,237,-75,245,-54,249,-32,252,-11,215,9,2347,2379,-5,95,-37,219,-61,215,-85,209,-108,201,-130,190,-150,178,-169,165,-187,149,-203,132,-216,114,-228,95,-237,75,-245,54,-5,0,-3064,-2242]]]
12279163	p	1811200
1811758	p	8416626
1784272	n	101.0211,26.3939,101.5003,26.8461	[[[1010212,265908,24,-149,60,-215,83,-209,106,-201,126,-190,147,-178,166,-165,182,-149,198,-132,212,-114,223,-95,232,-75,239,-54,244,-32,246,-11,246,11,244,32,239,54,232,75,223,95,212,114,198,132,182,149,166,165,147,178,4,6,209,2150,-87,166,-126,190,-147,178,-166,165,-182,149,-198,132,-212,114,-223,95,-232,75,-239,54,-244,32,-246,11,-246,-11,-244,-32,-239,-54,-232,-75,-223,-95,-212,-114,-198,-132,-182,-149,-166,-165,-147,-178,-126,-190,-106,-201,-83,-209,-2,-9,-39,-448,-43,-491]]]
1791638	p	1798972
1797505	p	1798972
13527318	p	1790437
1279501	n	76.9843,37.9639,77.5557,38.327	[[[769843,381900,13,-222,42,-219,68,-215,94,-209,120,-201,144,-190,167,-178,189,-165,207,-149,226,-132,240,-114,254,-95,264,-75,272,-54,277,-32,280,-11,280,11,277,32,272,54,264,75,254,95,240,114,226,132,207,149,189,165,167,178,144,190,120,201,94,209,68,215,42,219,13,222,-13,222,-42,219,-68,215,-94,209,-120,201,-144,190,-107,114,-4872,-444,-37,-61,-94,-209,-68,-215,-42,-219,-13,-222]]]
1802949	p	10630003
1279471	n	98.0336,24.0995,98.511,24.4959	[[[980336,242700,10,-172,144,-607,34,-86,103,-201,125,-190,144,-178,162,-165,80,-66,677,152,377,-13,741,-173,374,-6,166,54,314,175,169,57,394,22,366,-23,132,164,125,190,103,201,33,84,-124,160,-2096,2704,-136,176,-194,-9,-240,-32,-234,-54,-228,-75,-218,-95,-208,-114,-194,-132,-179,-149,-162,-165,-144,-178,-125,-190,-103,-201,-81,-209,-59,-215,-36,-219,-12,-222]]]
1796797	n	106.455,29.9024,106.8495,30.2674	[[[1064550,299802,1855,-778,1165,90,738,847,76,183,61,215,38,219,12,222,-12,222,-38,219,-61,215,-86,209,-109,201,-131,190,-152,178,-171,165,-189,149,-138,89,-407,37,-2451,-1713,0,-1159]]]
12450880	p	1798821
1799037	p	1799491
1549538	n	118.0655,34.4261,118.3716,34.7116	[[[1180655,344654,419,-351,1068,-42,1574,1807,-112,198,-138,190,-159,178,-180,165,-198,149,-215,132,-72,36,-1634,-243,-353,-2219]]]
1898013	p	1793899
8549394	n	106.4142,28.3739,106.9258,28.6791	[[[1064142,286000,12,-222,37,-219,61,-215,85,-209,107,-201,129,-190,150,-178,168,-165,186,-149,202,-132,215,-114,227,-95,236,-75,244,-54,248,-32,251,-11,251,11,248,32,244,54,236,75,227,95,215,114,202,132,186,149,168,165,150,178,129,190,107,201,85,209,61,215,37,219,12,222,-12,222,-2,9,-2800,560,-2176,-96,-16,-39,-61,-215,-37,-219,-12,-222]]]
1794478	p	8544703
1809646	p	1805543
1529626	p	1529401
1795993	p	10630003
13527051	p	1280737
1799362	n	105.9827,32.6039,106.5173,33.0561	[[[1059827,328300,13,-222,39,-219,63,-215,89,-209,112,-201,135,-190,156,-178,176,-165,194,-149,211,-132,225,-114,237,-95,247,-75,255,-54,259,-32,262,-11,262,11,259,32,255,54,247,75,237,95,225,114,211,132,194,149,176,165,156,178,135,190,112,201,89,209,63,215,39,219,13,222,-13,222,-39,219,-63,215,-89,209,-112,201,-135,190,-156,178,-176,165,-194,149,-211,132,-225,114,-237,95,-247,75,-255,54,-259,32,-262,11,-262,-11,-259,-32,-255,-54,-247,-75,-237,-95,-225,-114,-211,-132,-194,-149,-176,-165,-156,-178,-135,-190,-112,-201,-89,-209,-63,-215,-39,-219,-13,-222]]]
12450881	p	1806096
1799986	n	100.2621,24.8238,100.758,25.2042	[[[1002621,250500,12,-222,36,-219,59,-215,82,-209,104,-201,125,-190,145,-178,163,-165,180,-149,196,-132,208,-114,220,-95,229,-75,236,-54,241,-32,243,-11,243,11,241,32,236,54,229,75,220,95,208,114,196,132,180,149,163,165,145,178,125,190,104,201,82,209,59,215,36,219,12,222,-12,222,-36,219,-59,215,-82,209,-104,201,-125,190,-145,178,-105,106,-5,2,-2782,-134,-1433,-887,-22,-80,-36,-219,-12,-222]]]
1818086	p	1801640
1784595	p	1810979
