2950159	r	12.779,52.0431,14.0871,52.9805	[[[127790,520911,5,-2,335,-110,346,-97,356,-82,364,-68,370,-53,376,-38,378,-23,380,-7,380,7,378,23,376,38,370,53,364,68,356,82,346,97,335,110,323,123,309,136,294,149,278,159,235,155,808,-906,193,27,471,88,460,106,448,124,434,142,418,159,400,176,85,43,2110,5606,-30,41,-232,265,-259,256,-287,245,-312,233,-336,220,-359,206,-380,191,-400,176,-418,159,-434,142,-448,124,-460,106,-471,88,-479,68,-485,49,-489,30,-492,10,-492,-10,-489,-30,-485,-49,-479,-68,-471,-88,-460,-106,-448,-124,-434,-142,-418,-159,-400,-176,-380,-191,-239,-137,891,-1001,-230,-23,-370,-53,-364,-68,-356,-82,-67,-19,-619,-6368]]]
2911298	r	8.1045,53.0846,10.5034,54.0277	[[[81045,540251,1065,-444,798,-307,1385,-567,1045,-80,398,-407,1,-1,10,-11,13,16,-153,601,-150,250,-1513,976,-2899,-26]],[[92850,534294,3465,-3448,5658,3139,4,0,237,-30,121,-2,60,16,36,21,100,146,71,49,51,17,212,50,157,69,58,12,-2,14,100,6,14,24,-47,20,108,101,-87,23,-43,1,-26,-91,-13,-6,-71,0,-20,10,-51,47,48,25,-13,10,-39,9,8,-1,1577,875,1,0,510,283,-653,567,-1613,2631,-6587,-70,-93,-68,-183,-152,-166,-159,-148,-165,-130,-171,-111,-175,-91,-180,-71,-182,-52,-185,-28,-170,114,-38,100,-54,39,-174,30,-273,117,-319,142,-96,187,-125,721,-279,366,-87,438,-30,-15,-45,6,-19,-52,-89,349,-30,94,-3,-15,-78,-89,12,-674,89,-594,244,-124,36,-239,17,-185,50,-153,83,-290,254,-181,159,59,-150,4,-9,-2345,0,-68,-109,0,-1847]]]
2867714	r	11.0454,47.7727,12.0968,48.4688	[[[110454,480361,64,-143,126,-225,148,-219,169,-212,189,-205,208,-195,228,-186,244,-176,262,-164,277,-153,291,-140,304,-127,316,-113,326,-100,335,-84,343,-70,348,-55,354,-39,356,-24,188,-4,1409,1097,1094,852,2935,2284,-4551,2728,-2412,-227,-3551,-4100]]]
2886242	r	6.3682,50.4745,7.6296,51.1626	[[[63683,509808,410,-430,1443,-536,54,-64,-58,-16,-2,-25,36,9,24,-37,-4,-13,27,-8,-39,-9,-43,-22,71,-70,-17,-6,12,-12,-93,-32,1,-9,-10,-4,19,-19,98,35,20,-21,33,18,53,-69,105,18,12,1,587,-698,37,-439,640,0,28,-15,2,-17,47,7,97,-25,88,0,108,-17,12,10,64,-24,7,5,97,-40,17,-13,-5,-14,119,-36,49,77,55,66,40,36,1240,0,1534,-2605,2246,1127,3148,992,61,127,64,175,46,177,28,178,5,100,-2390,1347,-177,135,-350,1524,-1468,184,-356,45,-107,-12,-429,-47,-146,41,-102,29,-43,37,-1,47,18,19,-79,-10,-9,5,-216,185,-177,152,-8,0,-42,-12,-89,-50,-90,-10,-1,-8,-13,2,-38,-27,-20,52,-14,0,-14,9,48,81,-39,108,-30,6,-35,-1,-17,9,-15,-2,-37,-11,-8,5,-558,-74,7,-14,-29,-4,1,-6,-36,-9,2,-48,-62,-14,-42,-19,-15,9,-80,-30,-14,48,-32,-1,-17,18,-27,-18,-56,-10,-3,-10,-36,10,-60,4,6,15,-22,14,-39,-22,-42,-2,-29,2,2,5,-45,14,-7,-7,28,-22,-36,-20,-60,61,-19,58,19,57,36,55,3,4,34,52,-8,33,-32,26,-69,18,-51,-2,-38,-10,-21,-12,-2,1,-57,-37,-97,-99,-27,-14,-45,-18,-24,-4,-47,-2,-53,13,-22,9,-14,12,10,-10,-49,-22,-30,25,-95,6,-13,8,-20,-13,-20,10,-57,-12,-26,-15,18,-10,-67,-42,100,-74,-103,-57,-17,11,-46,-24,-9,8,-242,-79,-55,-3,7,9,-99,-11,-5,17,-27,-3,-19,-10,3,-2,-57,-43,-42,20,-30,-46,-16,-83,4,-31,66,12,-4,-36,21,4,39,-379,-191,-192,-523,-96,-3,-9,3,-23,-19,-13,-15,-7,-120,0,-139,-35,-105,14,-110,-20,-31,-21,-19,-2,3,14,-2135,-390]]]
2925533	r	8.4552,49.9484,8.9127,50.2271	[[[84552,501329,6,-32,240,-191,-2,1,-10,-7,-8,3,-19,-16,51,-34,-82,-55,13,-6,-6,-7,64,-28,-14,-5,12,-16,82,-53,-9,-21,9,-3,-4,-10,14,-5,62,15,-3,-15,40,-24,31,-7,-12,-47,7,-12,57,-24,-13,-11,28,-14,23,-27,69,-29,-6,-7,32,-24,53,26,13,19,-3,32,-29,35,-14,39,275,-218,34,-62,-89,-23,-246,-98,18,-28,-50,-12,29,-49,-32,-8,37,-63,115,5,173,40,102,5,40,8,71,-12,61,-100,49,21,109,2,-3,102,2,-61,313,-248,374,-18,2264,-468,257,322,-1231,2276,-128,-58,-660,-143,2,4,-55,33,73,31,13,-5,44,18,14,28,97,36,-3,4,14,6,-3,17,13,10,-10,45,43,5,-10,27,10,16,-29,3,-8,17,-70,22,-7,14,-15,1,-14,12,-15,27,-28,-9,-9,15,-27,-7,-4,20,-31,0,18,-49,-93,-51,-12,9,-54,-18,-11,6,-12,-10,-14,8,-46,-27,-14,13,-36,-28,-94,48,-13,-11,-21,9,-45,-49,-50,-38,-13,13,-41,-31,-34,4,-51,-37,-23,-8,22,-15,-11,-6,-60,12,-27,-41,-27,-22,6,-7,-106,-59,-45,-40,-43,-17,-87,-19,6,-18,38,-29,-53,-25,-23,-22,-55,16,-48,-59,-42,9,13,-63,-1340,-290]]]
2934246	r	6.5612,51.1168,7.005,51.3718	[[[65612,511838,15,-146,520,-187,1,5,-11,1,96,-2,36,28,112,-59,-35,-22,60,-39,79,-34,9,-11,44,-21,40,28,-2,9,-20,5,4,17,36,11,28,36,1,-19,8,-5,45,-120,34,-3,22,19,34,-13,38,28,20,-11,29,22,101,-30,140,0,20,-52,-4,-28,3,-4,27,-35,7,-21,5,-17,99,11,-7,-9,55,3,242,79,9,-8,46,24,17,-11,103,57,-100,74,67,42,-18,10,26,15,57,12,20,-10,20,13,13,-8,95,-6,30,-25,49,22,-10,10,14,-12,22,-9,53,-13,47,2,24,4,45,18,27,14,97,99,57,37,2,-1,12,7,9,5,38,10,51,2,69,-18,32,-26,2,-8,6,-25,-2,-4,-32,-48,-3,-4,-36,-55,-19,-57,19,-58,60,-61,36,20,-28,22,7,7,45,-14,-2,-5,29,-2,42,2,39,22,22,-14,-6,-15,60,-4,36,-10,3,10,56,10,27,18,17,-18,32,1,14,-48,80,30,15,-9,42,19,62,14,-2,48,36,9,-1,6,29,4,-7,14,558,74,-44,28,-16,-4,-32,17,-38,-14,-40,-39,-17,23,-39,-3,-27,9,-38,0,44,104,33,-4,9,33,11,9,-14,27,58,28,171,-10,25,16,18,37,0,1,-5,25,14,-4,13,11,34,3,10,12,72,18,13,14,23,7,10,-2,0,694,-14,13,-249,64,-164,309,2,1,59,52,121,21,13,10,13,41,-22,19,-71,-14,-6,14,-17,-6,8,-21,-70,-12,-11,16,-12,-1,-8,-21,-9,-2,-23,10,-19,-9,-273,513,-5,-5,-5,16,-28,-12,-18,19,44,17,1,9,-14,2,-45,10,-6,-2,-3,0,3,9,-13,4,18,2,23,22,-120,40,-88,64,-25,-3,-12,-11,-8,22,-34,-11,-9,31,-17,-7,-34,16,-86,-71,-30,-10,-23,3,-6,10,-28,-1,-9,-5,-20,1,0,1,-4,0,-497,45,-32,-9,3,-2,74,-5,38,-94,-22,-2,42,-56,-75,-22,-20,29,-29,3,-28,-16,1,-25,-47,-18,-31,2,-14,29,-122,17,3,-44,-21,-1,-12,-27,19,-4,-9,-13,-22,1,-35,17,-39,-12,5,-12,-12,-1,-50,11,-39,20,-57,16,-70,10,-53,17,-15,-10,-2,10,-37,22,-19,2,-32,-15,-58,-55,-132,-47,-63,-55,-17,7,-26,-25,-83,33,-63,-83,-26,-21,3,-2,-29,-22,-85,-27,-11,-2,-96,1,4,-6,-163,-87,-100,-33,-78,-1,-11,0,-51,13,-5,-8,-19,-1,-9,12,-43,-4,-25,-12,-41,5,-15,-198,-199,-28,-141,-5,-8,-5,9,-55,8,0,0,-7,19,1,-17,-27,22,-10,36,-69,7,-40,17,2,11,-32,81,3,61,15,29,-75,27,-30,77,2,22,-27,-70,-11,-1,-2,6,-16,-9,0,-30,-170,-544,-467],[67928,511528,4,26,-3,-29,-1,3],[67934,511510,11,-27,-4,4,-7,23],[67934,511568,0,2,6,12,-6,-14]]]
2825297	r	8.9646,48.5855,9.4892,48.8664	[[[89646,488473,1118,-886,10,-27,-23,-13,-16,9,-61,5,16,3,-13,3,-25,-13,-23,-28,-6,-25,13,-21,53,6,-16,-13,-17,5,-71,-9,-58,12,-61,-6,-68,-40,-12,-22,30,-7,41,7,26,-8,33,0,32,-24,-8,-7,25,-43,101,11,10,-18,-3,-18,-38,-16,-7,-16,85,-21,156,-101,188,-45,131,-24,48,-2,151,13,352,-280,208,-576,2415,-383,530,1837,-1904,168,-35,27,-41,-20,-25,11,27,30,-13,9,-16,-13,-23,2,-17,-8,-72,1,-15,6,-25,-11,14,19,-14,29,-39,-16,-39,-2,-1,-10,-24,11,13,12,-20,6,3,9,-36,3,-4,0,-43,47,9,2,-7,14,8,2,0,20,-11,-1,-10,62,36,7,0,13,-5,10,-10,-2,-8,23,11,2,-5,15,-10,-3,-9,28,-29,-8,-5,10,-10,-3,-10,23,-15,-3,-8,18,-21,-2,0,30,-20,4,-10,36,17,13,12,27,28,3,-67,19,3,11,-12,1,17,14,-30,33,49,26,20,26,-32,0,-26,-9,-15,16,-31,14,3,9,-11,-1,8,38,-40,9,8,23,-20,11,19,57,-135,25,2,-7,-15,1,-4,-26,-10,6,-20,-12,-63,-13,7,-17,-5,-22,4,-12,11,-4,-25,-14,26,-16,-54,-15,-54,0,-1,-6,-29,5,-39,-35,-32,16,-7,-6,-28,10,-6,-9,-23,7,-5,-8,-31,9,-6,-21,-18,5,-30,10,-16,32,-40,-13,-57,22,-7,9,19,20,-29,10,-35,0,-13,37,-69,-8,-57,20,-1,-56,-71,13,1,-46,33,-2,18,-10,6,-22,36,-48,-28,-11,-48,0,-17,9,-3,-7,18,-23,-1708,57]]]
2928810	r	6.8326,51.2502,7.1696,51.6448	[[[68326,515800,15,-19,19,3,11,-5,10,-18,28,0,14,-4,9,-1,5,-3,5,-2,1,-1,4,-3,-1,-8,38,-22,-2,-8,11,3,18,-8,8,4,50,-28,12,4,16,-8,54,3,33,-6,-11,-34,-76,-64,74,-42,21,-11,87,-85,17,-59,21,6,35,-19,1,-91,88,-40,0,-77,72,-32,-12,-12,34,-16,47,-37,-4,-35,57,-7,130,21,20,-16,-9,-24,13,-4,10,7,5,-11,-18,-11,-5,-3,-89,-12,25,-51,-76,-19,-119,-11,6,-25,-28,-1,-16,-48,-17,3,-23,-52,24,-27,13,-8,6,1,11,-12,1,0,0,-1,46,-17,17,4,68,-31,42,-43,0,-2,-2,-76,-18,-46,79,0,85,10,64,-9,51,-31,5,0,89,-152,-13,-3,25,-17,9,-16,-2,-52,-55,-30,-51,-58,12,-28,-14,-23,11,-96,-58,-25,10,-12,37,-13,20,-21,-23,-34,-57,-18,-36,-2,-7,4,-58,-23,15,-20,-22,-13,-6,8,-65,-11,-42,-24,-20,-4,-11,9,-15,-7,-11,-13,65,-32,-26,-31,-17,9,-57,-37,10,-5,-22,-7,79,-59,120,-40,-23,-22,-18,-2,13,-4,-3,-9,3,0,6,2,45,-9,0,-1,14,-2,-1,-9,-44,-17,18,-19,28,12,5,-16,5,5,273,-513,19,9,23,-10,9,2,8,21,12,1,11,-16,70,12,-8,21,17,6,6,-14,71,14,22,-19,-13,-41,-13,-10,-121,-21,-59,-52,-2,-1,164,-309,249,-64,802,437,-26,22,31,-26,81,1,4,10,15,2,17,-11,1,-1,23,34,3,4,13,11,35,28,11,4,7,2,13,5,16,6,58,10,30,20,31,-29,0,-14,10,-4,16,7,13,-4,97,52,26,-9,71,4,110,33,68,8,4,0,56,24,0,1,-4,1,0,3,-2,4,7,13,23,22,-38,31,-2,22,5,4,1,1,1,9,-2,3,3,3,1,9,-2,4,-24,18,-57,14,-23,30,-13,3,-6,25,-17,3,-23,-12,-17,1,-5,13,17,21,-18,13,-13,-3,-10,11,8,18,-7,7,37,13,9,10,-13,7,4,14,24,26,16,3,-4,10,-18,-8,-14,5,-23,14,2,12,96,73,8,40,17,12,-61,67,-17,-1,13,29,-42,4,-5,7,17,5,-3,8,-37,3,-22,-24,-10,-2,3,10,-15,-4,-10,6,-11,-13,-3,18,-7,-4,-8,18,9,10,-12,6,-37,-19,-36,28,-2,12,-29,-12,-11,3,-10,-19,-9,-3,-6,5,-6,-4,-2,0,0,1,-6,2,2,4,-8,15,-38,-1,10,-8,-17,7,2,4,2,3,-1,15,-12,14,3,15,2,1,0,1,29,15,-12,14,-10,-4,9,7,-6,11,11,22,-3,18,-61,63,4,33,-10,18,-36,10,69,22,18,-10,39,12,9,-4,2,13,49,21,6,-13,-2,9,28,11,-10,13,32,14,47,51,-6,16,14,3,-14,22,14,8,-93,47,-65,9,-25,0,-2,4,38,4,-2,24,100,54,-4,10,16,17,-30,6,9,7,-36,16,8,15,-76,84,-30,4,-24,-5,-31,51,-33,-6,-13,30,40,16,16,15,2,65,-54,34,-47,48,-19,6,-1,0,-40,20,-77,-4,-9,10,-46,8,-11,-2,-7,-9,-90,-3,-1,8,-12,16,-17,-2,-1,5,2,38,20,9,-6,7,17,16,-4,8,-67,43,-62,-9,-22,24,-11,-5,-8,32,-14,17,-12,-1,3,21,-23,-2,-17,26,0,41,-87,-7,-18,26,-29,8,-47,-4,9,19,-81,8,-29,21,-25,-10,-42,84,-25,27,10,32,-45,3,1,20,24,5,18,22,-11,21,43,8,5,12,11,-1,-2,7,39,6,-1,8,25,0,73,29,-1,1,1,1,-15,25,-17,12,-2,3,-2,1,-3,2,-65,7,-4,10,-13,-2,1,30,-3,63,-34,-1,-11,17,-7,-4,-15,16,40,14,-31,23,18,12,-39,44,36,7,-3,18,33,18,-52,15,-1,9,38,0,-9,29,-32,-1,18,7,-5,17,-6,5,-3,7,-27,18,-29,5,-98,38,-41,7,-7,59,30,6,15,30,-16,25,4,14,-12,16,-14,3,2,23,16,8,4,63,11,0,8,15,-38,21,-65,1,-3,15,-45,-2,8,25,-22,6,-17,19,-90,5,-4,-7,-12,2,-5,56,-21,12,-36,-8,-55,24,-27,-11,-23,0,-6,6,-38,-16,-16,10,-14,-4,-6,6,14,4,-18,13,-35,8,5,10,-94,54,-321,-99,-320,-39,-14,-20,20,-37,33,-31,-84,-66,9,-19,-78,-14,9,-19,-42,-2,7,-19,-14,-1,-1,0,-12,0,13,-23,103,-51,34,-34,0,-10,-4,-1,-27,-9,-6,-19,-15,-3,-9,-34,-17,-1,-48,-26,-18,0,-21,-19,-38,-8,-29,-21,-24,3,-18,-16,-1,0,-29,2,-8,-6,8,-3,-28,-3],[71155,513782,8,4,-5,-9,-3,5],[71163,513759,6,4,-4,-5,-2,1]]]
2935517	r	7.2427,51.3852,7.675,51.6768	[[[72427,515733,6,-12,-5,-2,3,-20,19,6,4,-9,23,0,5,-35,15,-2,0,-11,45,0,100,38,19,-19,-15,-12,3,-16,-15,-12,-7,-25,23,11,14,-14,50,-4,5,5,8,-8,-15,-15,24,-11,3,-10,87,4,6,-30,15,3,12,-38,-5,-37,53,1,2,-18,14,4,6,-7,-7,-13,23,1,19,-9,-10,-66,-23,-10,17,-27,9,-14,40,9,24,-35,11,2,9,-22,44,10,22,-27,22,4,2,-8,13,3,3,-19,0,-2,-4,-1,-2,-1,-23,-5,-5,-1,-5,-1,-39,-28,-17,-1,-17,-20,-11,-80,19,-17,-3,-17,95,-1,17,16,21,2,21,-60,-5,-9,-26,-8,4,-10,-9,-9,16,-25,51,6,10,-56,1,7,14,2,2,-7,16,0,6,10,8,-1,16,31,18,0,-10,34,35,0,1,-8,34,3,28,-7,-7,-21,32,-1,-3,-14,11,-2,-12,-28,-6,1,-13,-19,-3,-7,22,-27,50,8,4,-4,0,-2,4,-8,1,-1,4,-8,25,3,0,13,17,5,0,2,1,-1,6,1,10,-24,14,4,18,-16,13,2,20,-4,1,-5,100,27,14,-25,-11,2,-6,-20,6,-20,60,16,22,-1,10,9,63,-44,23,-3,-12,-69,3,-9,26,-4,1,-6,-21,-27,37,-17,-2,-17,12,0,0,-15,48,-1,18,5,46,-32,33,-1,5,-12,26,-8,6,-16,22,-11,7,-29,11,-14,6,-6,19,-5,2,-43,34,-33,14,-54,63,22,80,17,59,-10,89,15,74,2,0,-66,51,-25,-2,-12,-13,-18,2,-56,13,-18,46,3,62,6,105,2,66,-22,72,25,61,3,45,-7,-52,-37,86,-11,39,-33,27,-12,88,-18,4,7,39,-10,2,-9,13,-2,-38,-49,4,-37,-8,-10,25,-4,74,6,106,33,59,-10,86,1,52,-18,1,-10,47,10,-8,-20,10,5,26,-6,17,-19,35,-18,24,-4,2,-1,10,-37,-9,36,74,27,28,31,28,-10,83,-12,-27,-20,-3,-13,47,-16,26,-36,39,49,52,25,-11,13,2,15,70,59,6,14,16,10,14,8,2,6,9,21,-34,13,-21,29,-39,19,-26,30,3,11,-43,13,15,17,127,30,-12,23,-33,21,-12,33,27,4,3,6,-24,18,-13,-3,-22,32,24,16,4,19,-11,16,-36,-9,-17,27,-30,4,-25,28,79,40,67,0,69,14,26,14,6,46,19,18,140,7,-1,35,25,15,95,4,81,14,15,4,0,6,-783,372,-2,18,223,96,140,20,-22,27,57,15,-16,31,35,12,-23,43,-12,0,-35,75,-3,9,18,6,-1,9,-38,-3,6,14,41,27,-12,23,3,17,-33,7,-32,19,-60,-20,-121,-18,-15,16,15,8,-15,10,-8,-6,-27,34,40,3,-6,19,-29,8,5,47,23,31,4,4,-4,26,-58,-7,4,-25,-15,-4,-53,-1,-33,10,30,28,-32,14,1,22,23,13,33,5,9,22,-9,2,-1,14,-35,19,-24,35,-81,-20,-7,25,-41,-6,-75,10,4,17,-66,-9,-7,19,-109,-17,-202,-59,8,5,-68,-11,5,-5,-236,10,-7,17,17,54,-21,1,-39,60,-72,2,-125,-32,-19,14,-51,-36,-16,1,-16,16,-23,-30,-16,1,-40,-27,-38,11,-37,-24,-29,11,-14,-14,-16,2,-5,-23,-186,44,-96,11,31,23,24,29,-6,5,27,12,-18,18,23,9,-34,30,8,4,-44,20,-42,-20,-2,-2,-543,790,-588,-513,-2,5,-24,-9,-14,12,-122,-49,0,-7,55,0,14,-75,16,1,-129,-45,-10,-27,2,-5,49,-6,1,-27,30,4,19,-8,-6,-9,18,0,5,-22,13,6,5,-20,10,2,6,-10,-3,-13,14,-2,-21,-4,-110,-81,-166,-50,-63,13,-35,-6,-41,-46,1,-2,-7,-9,-93,-33]]]
2935022	r	13.1881,50.7022,14.3234,51.4193	[[[131881,511696,2951,-4511,335,-97,280,-66,119,45,453,55,899,-4,192,25,381,89,216,14,459,-32,179,23,290,114,61,2,58,12,68,62,5,53,-24,70,-12,85,42,97,92,72,25,1,60,1,97,-18,126,12,102,48,153,124,108,49,195,27,366,-30,192,8,1559,453,122,72,183,175,108,68,281,37,31,36,157,220,135,226,82,172,-79,50,9,105,85,37,16,20,-200,51,-338,28,-117,49,112,102,141,287,239,154,319,32,35,-7,5,107,-12,242,-38,240,-62,238,-86,236,-111,231,-135,226,-157,220,-180,213,-202,206,-222,196,-242,187,-261,176,-279,165,-295,154,-311,140,-324,128,-337,114,-347,100,-358,85,-365,70,-372,55,-376,39,-380,24,-382,8,-382,-8,-380,-24,-376,-39,-372,-55,-365,-70,-358,-85,-347,-100,-337,-114,-324,-128,-311,-140,-295,-154,-279,-165,-261,-176,-242,-187,-222,-196,-202,-206,-180,-213,-157,-220,-129,-217]]]
2944388	r	8.34,52.686,9.6379,53.7304	[[[83400,533647,1892,-677,917,36,512,-1216,-9,0,-8,-18,-41,-1,-10,-6,5,-8,-30,25,-7,-8,-31,0,-14,48,-39,10,-6,12,-8,-2,7,19,25,2,-5,8,-29,14,-31,3,-13,-9,-57,18,4,3,-48,17,12,13,-22,10,11,10,-34,11,-22,-7,-42,29,-18,-12,-44,0,5,-18,-135,-21,4,-46,-50,-15,1,-4,-44,-2,-23,-10,1,-6,-27,0,-22,-10,-12,28,-8,0,20,9,-22,5,-17,18,-1,-7,-47,3,3,9,-18,3,-20,-7,8,23,-11,8,30,27,18,3,-37,23,3,17,62,22,13,15,34,15,16,1,52,53,-8,22,-196,43,-67,-64,-60,29,-122,-59,-73,52,-31,1,-29,23,-36,-8,-12,7,-57,6,-42,60,-27,-3,-3,15,-24,-2,4,35,-23,-3,-14,24,-55,-9,-50,1,-21,12,-150,-23,1,15,-10,2,-11,-7,-61,-11,11,-29,48,-37,35,-27,50,-77,36,-22,-6,-4,11,-9,7,3,8,-6,47,-57,61,-31,30,11,75,-56,110,-55,58,-10,181,-48,248,-77,289,-30,43,-10,41,-25,35,-38,32,-176,40,-70,41,-44,108,-67,59,-54,-14,-35,11,-17,26,-7,33,20,-34,-63,6,-29,6,1,157,-65,-18,-27,-9,-6,-21,-26,-5,-17,8,-21,10,-14,76,-52,124,-3,5,-1,4,0,100,-21,11,-4,18,-4,31,-14,-24,1,1,-7,30,-11,20,-26,-4,-11,27,-2,15,-62,-1,-7,1,-5,-6,-26,-13,-88,-17,-47,28,-64,54,-38,158,-84,24,-2,1462,-3476,2132,107,3747,1777,1706,1866,-64,236,-3465,3448,-2515,-488,98,94,165,185,144,191,123,195,102,201,80,204,57,206,34,209,11,209,-11,209,-34,209,-57,206,-80,204,-51,101,-5891,875,-103,-152,-61,-148,-22,-168,32,-167,141,-227,71,-191,88,-149,31,-40,-278,-43,109,-63,47,-55,156,-139,296,-305,44,-111,-5,-70,-31,-42,-60,-34,47,-38,-168,-58,-211,-91,-46,-28,-84,-74,-92,-160,0,-26,49,-5,-7,-267,105,-625,-29,-247,-135,184,-59,247,-11,561,61,291,162,216,220,159,239,123,0,74,-387,112,-853,100,-404,123,-122,98,-122,137,-148,123,-85,23,0,-2505]]]
2861650	r	10.5435,49.0872,11.6343,49.6177	[[[105435,494800,10,-191,28,-190,48,-189,66,-186,85,-183,103,-179,120,-174,138,-168,155,-163,170,-155,185,-148,200,-139,213,-131,226,-121,237,-111,249,-101,257,-90,266,-79,13,-3,-508,-604,25,-12,308,-125,319,-112,331,-98,339,-83,347,-69,354,-54,358,-39,360,-23,363,-8,363,8,335,21,1771,351,302,106,308,125,295,139,281,150,264,163,248,173,230,183,212,193,191,202,171,209,150,217,128,222,105,227,82,231,59,234,36,237,12,237,-12,237,-36,237,-59,234,-82,231,-105,227,-128,222,-70,101,-473,187,-4493,-890,-361,26,-1,5,-14,5,-3,-8,-180,13,-11,30,-20,-9,-20,2,1,14,-35,2,-14,13,-49,0,-4,-20,-14,-1,-40,21,-38,6,-17,-5,-3,16,-38,0,-8,4,-55,4,-70,1,0,-29,14,-5,-18,-6,21,-6,-69,19,1,5,-42,17,-34,2,-10,11,-35,-59,-14,-4,-8,-15,-101,2,0,-10,-74,6,-2,-5,-109,31,-81,-13,-3,36,22,0,-5,15,-3707,267,-50,-108,-66,-186,-48,-189,-28,-190,-10,-191],[109929,495360,4,-5,-1,0,-3,5]]]
2910831	r	9.1541,52.1819,10.125,52.747	[[[91541,525672,68,-142,1097,-2308,2513,-747,1209,-656,4822,1910,-200,112,-4848,3629,-134,-20,-322,-60,-148,-34,832,-2308,-812,2252,-279,-17,-327,-33,-323,-46,-317,-59,-310,-72,-302,-84,-293,-96,-281,-107,-269,-119,-257,-129,-242,-139,-226,-148,-210,-158,-194,-165,-175,-173,-72,-83]]]
2879139	r	11.9626,51.0407,12.9308,51.6267	[[[119626,511755,5400,-1348,440,34,3316,1472,99,137,129,216,107,221,83,225,60,228,36,229,12,231,-12,231,-36,229,-60,228,-83,225,-107,221,-129,216,-151,210,-173,203,-194,196,-214,188,-233,178,-251,169,-267,158,-284,146,-153,69,-3554,-338,-3781,-4174]]]
2934691	r	6.1644,51.3334,6.8658,51.6625	[[[61644,515303,290,-210,3832,-1104,-7,8,69,-75,127,12,3,-1,85,10,1,0,-2,26,48,1,1,0,1,0,66,-4,9,-18,35,7,154,-20,6,-27,-1,1,9,-43,1,-8,74,10,17,-24,-1,-12,15,-8,19,1,14,1,26,1,3,10,30,-1,37,43,88,-11,-1,6,36,20,12,-8,-6,-11,17,-14,-19,7,-22,-78,-28,-46,7,-4,65,22,42,7,-31,-44,-25,-6,11,-20,-121,-37,-64,-38,-22,-43,2,-19,10,-30,11,-14,14,-12,43,-23,334,-83,10,-3,11,-3,15,-5,68,-22,83,-33,26,25,17,-7,63,55,132,47,58,55,32,15,19,-2,37,-22,2,-10,15,10,53,-17,70,-10,57,-16,39,-20,50,-11,12,1,-5,12,39,12,35,-17,22,-1,9,13,-19,4,12,27,21,1,-3,44,122,-17,14,-29,31,-2,47,18,-1,25,28,16,29,-3,20,-29,75,22,-42,56,22,2,-38,94,-74,5,-3,2,32,9,0,780,-99,78,0,7,-8,5,47,33,-10,12,19,32,73,51,-136,57,46,31,-5,5,10,7,1,13,-35,40,61,15,4,17,66,2,-10,28,11,29,-6,32,14,4,-34,75,7,2,-15,23,-61,0,2,10,-30,5,-22,13,4,9,-143,56,-63,3,-8,20,-41,19,4,15,-43,23,-26,-12,2,14,44,20,4,18,-9,10,6,10,16,1,10,12,-11,7,13,6,-18,31,23,13,-22,12,12,33,-15,46,44,42,82,43,17,22,101,10,-9,25,152,47,0,1,-71,88,19,1,72,28,40,5,50,25,28,3,-8,3,8,6,29,-2,1,0,18,16,24,-3,29,21,38,8,21,19,18,0,48,26,17,1,9,34,15,3,6,19,27,9,4,1,0,10,-34,34,-103,51,-13,23,12,0,-622,543,-2402,-1039,-3742,-67,-27,-45,-83,-171],[65700,514124,0,1,42,-5,-42,4],[65802,514246,20,5,7,8,-7,-9,-20,-4],[65843,514235,24,5,11,3,-11,-4,-24,-4],[65886,514305,6,6,2,3,-1,-3,-7,-6],[66012,515229,3,-4,44,4,-44,-5,-3,5],[66354,514998,0,1,30,-12,-30,11],[66356,513942,0,1,8,-43,-8,42],[66406,515101,1,0,4,-10,-5,10],[66431,514166,1,0,17,-13,-18,13],[66435,514165,79,-58,1,-1,-80,59]]]
2911285	p	2911298
2947416	r	7.1022,51.4106,7.3492,51.5314	[[[71022,514809,18,-7,47,-48,54,-34,-2,-65,-16,-15,-40,-16,13,-30,33,6,31,-51,24,5,30,-4,76,-84,-8,-15,36,-16,-9,-7,30,-6,-16,-17,4,-10,-100,-54,2,-24,-38,-4,2,-4,22,1,3,0,14,0,51,-10,93,-47,69,-24,5,-5,13,-5,18,-22,15,-12,5,0,3,-8,46,-39,48,9,59,21,13,-33,66,15,37,20,-7,11,23,13,30,4,29,-4,7,-9,24,2,32,-8,80,9,70,-8,150,-60,46,-3,31,-11,93,14,87,-9,38,9,19,15,54,67,7,13,7,5,2,2,3,1,9,5,25,5,40,12,41,12,43,50,-7,0,2,5,7,17,8,19,2,1,40,22,42,9,84,58,-3,28,-19,23,10,4,-26,24,-8,0,-13,18,1,0,46,13,13,14,24,5,25,-3,15,-10,23,5,45,-18,27,2,70,27,31,-4,54,5,13,-12,18,9,9,-6,7,6,24,-2,66,12,34,-8,72,90,-6,73,-17,23,22,6,-27,43,4,4,-2,5,16,12,2,2,-1,0,-7,3,2,6,1,2,-4,4,-50,-8,-22,26,0,1,3,7,-1,-1,8,21,12,-2,12,28,-11,2,3,14,-32,1,7,21,-28,7,-34,-3,-1,8,-35,0,10,-34,-18,0,-16,-31,-8,1,-6,-10,-16,0,-2,7,-14,-2,-1,-7,-10,56,-51,-6,-16,25,9,9,-4,10,26,8,5,9,-21,60,-21,-2,-17,-16,-95,1,3,17,-19,17,11,80,17,20,17,1,39,28,39,9,-3,21,-13,-3,-2,8,-22,-4,-22,27,-44,-10,-9,22,-11,-2,-24,35,-40,-9,-9,14,-40,-16,-23,-33,-30,0,-3,-15,-24,-5,-43,4,-42,-7,-73,15,-65,3,-40,13,-17,-20,7,-53,-32,0,3,20,-28,23,-15,-7,-5,-20,-69,-4,-29,-8,12,-8,-14,-15,-3,2,-3,-3,-4,6,-26,10,-14,-16,-24,-3,-6,7,-21,-11,-10,15,-13,-2,-11,8,-25,-7,0,8,-17,-2,-12,15,-129,-29,2,38,-23,-4,-16,5,-50,-19,7,-12,-7,-5,-65,-13,-7,-73,-25,-9,-22,2,4,-15,-39,-2,-110,-28,-10,1,-8,1,-25,3,-3,2,-1,0,-54,37,-4,-25,-16,8,-52,-11,-13,-29,-4,-10,-21,16,12,4,-2,3,-9,8,-47,-5,-3,8,-16,-6,-15,11,-25,-6,-8,6,-13,-10,13,-63,-8,-2,1,-72,-193,-36,-132,-44,-31,-24]]]
2805753	r	7.0036,51.1657,7.3525,51.3261	[[[70036,512502,14,-13,95,-29,9,11,-13,-17,9,-8,65,-20,0,8,6,2,17,-5,40,-12,52,-26,-4,-14,26,-2,34,-24,-22,-12,15,-7,-9,-14,37,-44,64,39,46,10,1,-16,-17,0,-51,-22,4,-23,-18,-11,-21,0,5,-8,-15,-7,12,-27,-59,-5,26,-4,6,-16,-44,-14,17,-20,53,-15,7,-17,50,-29,53,15,51,-4,25,39,56,32,111,8,56,21,22,-4,72,6,2,-2,3,0,27,-26,72,-13,0,-1,18,-15,8,-2,21,-23,7,-6,-1,-1,1,-1,-22,-29,-17,-23,11,-10,28,-21,-1,-4,3,-3,-13,-67,73,-82,-1,-33,119,-16,-3,-22,-37,-28,1,-11,16,-11,50,-11,38,-45,12,-35,26,-6,8,17,7,15,8,5,58,36,1,-1,3,2,32,-18,6,16,26,7,12,12,-17,13,-9,66,-23,24,-16,-1,3,18,-38,21,-5,9,-3,2,2,1,-1,1,2,0,5,4,47,4,17,12,-2,14,53,-11,-3,20,37,39,-6,5,8,10,-16,11,2,10,57,5,3,10,23,12,-14,37,0,1,0,1,29,26,69,24,36,7,62,-14,37,12,45,5,10,-4,47,17,5,-29,62,-16,1,9,45,19,7,18,56,21,36,32,50,2,68,31,42,2,1,13,13,7,73,-41,12,8,30,-18,10,10,44,-2,40,-31,21,-1,0,-12,29,2,-2,-41,-36,-11,31,-18,31,6,36,-8,-21,-10,10,-11,63,9,-2,-14,49,2,10,22,34,-22,37,12,18,-9,30,10,2,-2,1,0,15,-24,47,-20,16,3,19,21,4,18,13,6,-3,7,-8,-2,1,23,-22,18,-5,18,12,8,-37,25,2,8,39,-4,10,10,-7,19,-19,-1,-6,8,25,5,10,7,-5,7,107,52,14,28,14,4,-36,16,1,-5,-20,-2,-3,33,-15,26,-33,27,-26,7,-17,11,540,107,-461,584,-1019,115,26,-29,-21,-9,0,-19,-41,-17,-36,-10,-11,3,-15,-13,-112,-27,-55,-38,-51,-1,-13,5,-2,0,-8,4,-4,15,-1,0,-1,0,-13,2,-15,2,0,-1,-56,-24,-4,0,-68,-8,-110,-33,-71,-4,-26,9,-97,-52,-13,4,-16,-7,-10,4,0,14,-31,29,-30,-20,-58,-10,-13,-5,-16,-6,-7,-2,-11,-4,-39,-32,-6,-5,-3,-2,-3,-4,-23,-34,-1,1,-17,11,-15,-2,-4,-10,-81,-1,-5,4,-802,-437]]]
2949186	r	8.2137,51.8825,8.6947,52.2153	[[[82137,520895,2202,-1091,-15,-3,4,-14,-25,-4,0,-5,-45,-16,12,-16,-53,-9,-56,2,-61,-11,-17,5,-22,-36,-65,-4,-24,11,-2,24,-30,-2,-6,17,-123,7,2,-16,-35,-6,9,-27,20,-5,35,-25,59,13,5,-13,16,1,0,-20,-32,1,1,-6,24,-25,18,4,4,-13,-30,-4,6,-10,37,6,13,-30,77,18,5,-8,24,4,4,12,8,-12,27,-1,34,6,-12,11,12,4,18,-4,-9,-15,46,9,12,-19,-7,-13,10,-23,13,-3,11,-28,45,-55,-16,0,7,-12,60,16,32,-9,51,13,35,2,8,9,163,15,49,12,21,-8,17,-34,14,-2,-1,-9,-23,-3,-1,-12,32,3,-6,6,102,10,9,-15,11,5,3,-4,21,12,2,-19,22,-8,6,5,15,-16,-6,-14,32,-3,-7,-15,19,-19,-11,-7,42,-25,-22,-21,49,-62,28,-15,2,-8,5,-4,15,-73,59,51,209,65,9,-14,26,-5,25,-22,32,10,30,20,14,-7,-7,-7,21,-47,-17,-3,0,8,-23,3,-17,-5,29,-41,36,8,-9,15,98,14,741,-367,631,946,-411,571,16,3,13,19,41,30,-7,7,11,46,-2,5,26,86,-32,18,5,20,-64,13,-1,3,-25,3,-4,-13,-33,-3,-6,19,-40,4,0,9,-38,-4,-43,14,-57,-6,3,24,-28,-2,-20,17,-40,15,-41,4,-5,18,22,20,-1,26,31,20,-18,17,-120,0,-2,58,-25,3,-5,12,34,37,-72,6,18,-4,-149,-52,-9,-16,-22,2,-6,-27,-37,-38,-64,4,-5,-7,-28,6,-14,23,8,11,-45,60,0,38,-23,25,2,10,15,-6,49,16,-9,17,39,26,-25,13,-3,10,-26,1,-2,6,23,2,-18,19,29,7,-17,26,-4,-5,-13,10,-32,-8,-42,28,-8,-10,-4,2,-14,-10,-21,-43,-1828,1127,-1587,-1258],[84359,519795,6,-3,-4,0,-2,3]]]
2946447	p	2886242
8354626	p	2911298
2867543	r	7.1762,51.7894,8.0191,52.1294	[[[71762,519411,1743,-1244,2345,-273,275,3,233,63,3786,1951,47,277,-1521,817,-2920,289,-2697,-634,-1291,-1249]]]
2873891	r	8.3794,49.4103,8.7571,49.6518	[[[83794,495489,54,-43,37,1,14,13,1,0,12,-6,29,27,57,-18,-3,-6,64,-3,5,-17,43,4,73,-8,31,-21,16,6,2,0,3,-6,125,-285,72,-199,31,-38,104,-81,2,-2,4,-3,63,-81,7,-24,-6,-23,-37,-32,-105,-27,-44,-22,-30,-42,6,-44,8,-9,31,-30,19,-8,51,-18,60,-8,37,-3,39,1,38,1,117,5,94,-4,75,-11,55,-27,29,-35,5,-44,-76,-128,-32,-79,56,4,2,-8,87,29,41,21,35,3,31,21,25,-7,0,-1,-10,-61,36,8,14,-18,47,21,94,-9,4,6,-30,39,0,1,32,7,11,-17,14,-1,0,16,18,-14,21,23,162,5,-6,-11,76,-11,0,6,-2,5,0,67,66,26,32,4,16,14,-17,7,47,44,-24,84,-19,0,-1,15,-16,0,-5,17,-32,6,121,142,-11,2,1682,1833,-471,88,-2325,-723,-30,12,-1,13,17,24,-31,7,-85,44,-171,10,-71,-11,-1,-29,-19,-26,-86,8,-72,-10,13,-42,-5,-42,-79,-113,-8,-41,-352,-110]]]
2911288	p	2911298
2954172	r	10.4456,48.028,11.399,48.7117	[[[104456,482134,115,-144,177,-190,195,-182,212,-173,229,-164,244,-153,259,-142,272,-130,284,-118,295,-106,305,-92,313,-79,320,-65,326,-51,330,-36,334,-22,334,-7,334,7,334,22,330,36,326,51,194,40,2148,2480,1324,1528,-12,31,-4677,2409,-452,233,-183,-4,-334,-22,-330,-36,-326,-51,-320,-65,-313,-79,-166,-50,-277,-266,-2003,-1920,-141,-2490]]]
2809346	r	7.7308,49.9634,8.4558,50.3919	[[[77308,500397,37,-146,77,-213,98,-208,114,-196,4374,631,2,6,15,-4,19,3,1,6,-48,9,2,17,-73,13,-34,13,9,25,134,-10,149,-24,175,-13,100,-34,200,-126,58,-38,167,-157,17,-14,8,-4,20,14,41,-1,49,14,135,59,44,3,104,-12,27,53,-8,1,-7,104,36,3,-3,14,-22,2,36,43,-29,19,-9,16,51,18,-9,11,153,60,13,-22,81,18,78,37,-46,16,170,65,-73,53,-9,-9,-11,5,-42,-17,-19,-1,-5,10,-42,-5,3,7,-16,20,31,11,-28,13,6,4,-9,12,-16,7,18,14,-14,14,107,76,14,-9,39,11,12,-19,7,18,79,82,7,30,705,502,-6,32,-2050,2205,-1693,385,-3501,-3522]]]
2911287	p	2911298
2892794	r	7.8968,48.8524,8.7693,49.1716	[[[78968,490350,170,12,181,-14,1585,-556,983,-135,116,-71,-4,-3,-206,-156,-146,-183,2840,-720,3206,2932,-235,67,-5034,193,-3390,-1027,-38,-154,-28,-185]]]
2921466	r	6.9875,51.4808,7.1446,51.6316	[[[69875,516228,1,-7,65,-1,38,-21,-8,-15,-11,0,-4,-63,-16,-8,-2,-23,14,-3,12,-16,-4,-14,16,-25,-15,-30,-30,-6,7,-59,41,-7,98,-38,29,-5,27,-18,3,-7,6,-5,5,-17,-18,-7,32,1,9,-29,-38,0,1,-9,52,-15,-33,-18,3,-18,-36,-7,39,-44,-18,-12,31,-23,-40,-14,15,-16,7,4,11,-17,34,1,3,-63,-1,-30,13,2,4,-10,65,-7,3,-2,2,-1,2,-3,17,-12,15,-25,-1,-1,1,-1,-73,-29,-25,0,1,-8,-39,-6,2,-7,-11,1,-5,-12,-43,-8,11,-21,-18,-22,-24,-5,-1,-20,45,-3,-10,-32,25,-27,42,-84,25,10,29,-21,81,-8,-9,-19,47,4,29,-8,18,-26,87,7,0,-41,17,-26,23,2,-3,-21,12,1,14,-17,8,-32,11,5,22,-24,62,9,67,-43,4,-8,-17,-16,6,-7,-20,-9,-2,-38,1,-5,17,2,12,-16,1,-8,90,3,7,9,11,2,46,-8,9,-10,77,4,40,-20,33,25,132,44,193,36,-1,72,8,2,-13,63,13,10,8,-6,25,6,-22,-4,-22,29,67,50,-58,34,6,37,-12,35,-107,162,30,6,-7,16,-57,44,13,32,-6,19,52,-3,0,6,35,3,6,0,-4,1,5,2,19,-2,17,1,13,-4,42,-5,9,5,7,-1,2,0,-54,113,-25,68,7,16,-9,15,-48,10,-48,25,-1,1,8,7,-12,4,19,0,-34,51,-26,23,-24,8,-10,-8,-5,7,-14,-1,-12,23,-19,2,-25,21,-65,34,-14,0,-1,-10,-41,-5,-19,1,-1,8,-61,-8,-13,-20,-141,-28,-12,20,-1,42,3,14,12,2,-1,46,17,50,-26,11,-6,-6,-11,35,-60,55,-34,1,-13,-1,-3,1,-9,1,-33,9,1,8,-34,18,-32,-3,-50,11,-16,53,-57,-9,-64,2,-1,72,-112,4,-25,-57,-24,-4,-1,9,-23,3,-7,-14,-21,2,-5,-4,-23,9,-187,-32,-25,0]]]
2911293	p	2911298
3247449	r	5.8525,50.6621,6.2181,51.0786	[[[58525,510428,57,-235,154,-287,10,-252,137,17,259,81,135,25,139,-12,262,-55,359,27,21,-52,-61,-84,-39,-83,15,-144,26,-80,76,-53,236,-94,326,-72,-19,-40,-53,-54,-19,-66,85,-206,-3,-80,-57,-96,-3,34,-17,5,-29,-17,-14,-1,-7,-12,-50,-18,-11,1,-19,-13,-85,-8,-59,-28,-16,-4,-5,5,-34,-13,-33,-1,-11,-27,-85,-31,-88,-101,9,-86,22,-92,-40,-90,-83,45,-64,23,-36,-17,-11,-29,-15,-11,-8,4,-21,-27,-10,-43,44,-18,10,-12,47,-2,10,-11,10,1,-29,-17,-152,24,42,-128,76,-84,100,-44,65,-61,-22,-130,-16,-18,-7,-18,1,-19,15,-18,166,-55,5,-97,-37,-105,40,-84,132,-9,396,69,166,-10,192,-122,365,-354,42,250,28,-21,-15,-19,23,-41,-4,-12,15,-2,21,-15,12,-22,79,-29,-5,-6,17,-16,49,-14,-4,-13,-10,-2,43,-76,164,13,58,13,60,-11,-27,63,12,2,12,20,8,58,14,19,-17,6,-14,-7,3,9,25,-3,30,41,96,77,13,41,31,18,22,-15,33,17,-71,61,-1,13,-61,50,13,4,-20,18,8,5,-17,8,15,20,-12,0,-10,19,19,8,-9,2,15,11,-5,12,-7,13,-27,0,-3,15,-15,-1,-13,18,21,6,-28,33,7,18,-72,37,22,8,-29,13,32,28,-14,8,30,21,-22,13,16,14,5,21,-25,24,32,13,-9,9,16,7,-5,4,47,22,40,39,-88,90,9,36,-49,-11,-7,11,-14,2,-16,12,-4,8,11,7,-16,7,5,10,-54,11,4,7,-7,-2,-38,23,-35,56,48,16,-27,24,55,44,91,16,-6,72,1,1,-2,35,-157,-22,-25,14,-2,22,-15,0,-5,-17,-29,-18,-73,-6,31,182,-1278,2406,-443,154,-80,-39,-134,-98,-192,-254,-123,-86,-184,-12,-134,77,-119,97,-138,50,-280,-93]]]
2869894	r	5.9909,51.0171,6.5627,51.2479	[[[59909,510786,443,-154,2533,-461,1284,713,15,-23,50,-3,34,14,47,2,3,-9,126,22,-37,76,-35,19,2,16,0,-1,299,166,1,0,56,-23,3,-14,20,-11,22,7,9,14,-29,73,386,214,8,-27,89,9,-6,11,36,12,-18,14,23,17,20,-10,14,11,59,5,-66,35,15,11,-8,4,320,177,-15,146,-705,439,1,3,19,-11,12,11,38,0,98,-11,17,-60,15,-14,29,13,41,7,45,42,-50,21,28,26,-152,18,-3,26,-219,25,-44,-13,-204,119,-68,-38,-76,-92,-32,8,-19,-8,-4,-27,-75,-37,-7,-17,9,-6,-19,-15,-113,-47,-58,-12,-396,-11,-70,43,-38,71,-132,-13,4,-8,-20,-5,1,-12,-68,-5,0,-12,-34,3,0,8,-58,-1,-1,-81,-1,0,-1,-53,9,-37,-13,-2,3,-13,-67,-26,5,-4,-34,-17,-4,-13,-41,-24,-18,-59,-13,-12,16,-37,-3155,-1042,-81,-40]]]
2891122	r	9.5466,54.1055,10.713,54.6577	[[[95466,543200,3,-42,8844,-2103,2639,1301,69,176,63,221,37,223,9,153,-228,33,-891,492,-1577,410,-606,284,-220,63,-424,22,-115,-22,-93,-54,-51,-55,-67,-54,-137,-47,-377,-24,-100,-39,-73,-84,-132,-331,-204,-269,-11,8,-21,0,-3,12,-58,-17,-224,176,21,57,376,211,-21,15,-6,15,3,17,22,19,57,134,-53,161,-79,122,1,110,200,116,-605,308,-187,40,-2414,-337,-432,132,0,68,419,27,433,83,403,131,322,175,126,106,96,115,69,142,50,177,57,414,-6,198,-51,139,25,49,-182,-17,-372,-51,-365,-65,-62,-14,-3544,-2061,-43,-68,-111,-214,-86,-219,-63,-221,-37,-223,-13,-224]]]
2911296	p	2911298
2940132	r	12.5466,50.4831,13.4687,51.1969	[[[125466,510441,2663,-4221,586,-930,285,-452,300,-6,367,8,365,23,54,5,10,59,83,37,84,12,82,-11,78,-37,68,-13,261,39,352,67,344,83,334,96,221,75,320,545,195,-11,162,-72,166,-47,210,68,107,202,56,64,375,169,60,42,6,36,28,12,101,-23,177,158,194,198,173,206,152,213,129,218,73,153,-2697,4123,-208,71,-334,96,-344,83,-352,67,-357,53,-363,38,-365,23,-367,8,-367,-8,-51,-3,-100,-44,-3316,-1472]]]
2945024	r	10.1567,52.1868,10.8354,52.5021	[[[101567,523695,129,-246,2642,-1142,0,-13,11,3,11,-39,-20,2,-42,-43,82,-156,32,1,3,-7,-31,-1,13,-22,281,8,13,-23,77,12,97,42,-3,-7,51,-59,8,2,-6,-20,16,0,18,-51,30,5,16,-23,15,3,44,-53,11,2,31,6,3,-8,33,11,-3,9,29,8,-2,7,34,8,-16,6,15,13,24,1,4,-10,33,8,20,-25,27,14,37,7,53,-8,0,33,70,95,46,-15,24,34,92,-34,60,-5,26,-1,-3,11,45,4,29,9,-11,19,-8,0,5,32,-39,9,4,28,-11,15,22,4,10,13,-10,15,2,28,14,14,10,9,49,-28,81,24,32,-1,8,-9,48,7,21,-38,-7,-16,2358,85,-4183,2763,-2604,-1326]]]
2874545	r	11.0878,51.7949,12.1667,52.4651	[[[110878,521300,11,-219,35,-218,58,-217,81,-213,103,-210,125,-205,146,-200,167,-194,188,-186,206,-178,225,-170,243,-160,259,-149,274,-140,289,-127,301,-116,313,-103,323,-91,332,-77,340,-64,345,-50,350,-35,353,-22,355,-7,355,7,353,22,207,21,4452,3772,-6,23,-1454,1828,-73,48,-259,149,-274,140,-289,127,-301,116,-313,103,-323,91,-332,77,-340,64,-345,50,-350,35,-353,22,-355,7,-355,-7,-353,-22,-350,-35,-345,-50,-340,-64,-332,-77,-323,-91,-313,-103,-301,-116,-141,-62,-2262,-2628,-2,-2,-5,-94]]]
2884509	r	6.1933,51.2859,6.7062,51.5094	[[[61934,515093,49,-229,2646,-1864,303,0,66,-57,15,-31,-10,-13,140,15,26,-37,-8,-10,19,16,76,7,-2,-6,82,5,212,-12,1,6,11,1,35,-11,207,-13,-1,9,49,-3,4,-3,31,-4,115,4,199,28,15,198,41,-5,25,12,43,4,9,-12,19,1,5,8,51,-13,2,0,8,0,1,0,78,1,100,33,163,87,-4,6,96,-1,11,2,85,27,29,22,-3,2,26,21,63,83,-104,33,-334,83,-43,23,-14,12,-11,14,-10,30,-2,19,22,43,64,38,121,37,-11,20,25,6,31,44,-42,-7,-65,-22,-7,4,28,46,22,78,19,-7,-17,14,6,11,-12,8,-36,-20,1,-6,-88,11,-37,-43,-30,1,-3,-10,-59,-3,-15,8,1,12,-17,24,-74,-10,-10,51,1,-1,-6,27,-154,20,-35,-7,-9,18,-68,4,-48,-1,2,-26,-86,-10,-3,1,-20,-2,-10,-1,-97,-9,-62,67,-3832,1104]]]
2911522	r	11.4831,51.1719,12.3407,51.7624	[[[114831,514800,11,-204,32,-203,53,-201,74,-198,94,-195,115,-191,134,-186,153,-180,172,-173,189,-166,206,-157,223,-149,237,-139,150,-78,526,-147,7,-2,1043,-293,749,-211,77,-8,550,36,3781,4174,-5701,1695,-104,-30,-286,-96,-276,-108,-265,-118,-251,-130,-237,-139,-223,-149,-206,-157,-189,-166,-172,-173,-153,-180,-134,-186,-115,-191,-94,-195,-74,-198,-53,-201,-32,-203,-11,-204]]]
2925177	r	7.523,47.6427,8.2351,48.1758	[[[75230,477188,41,-22,283,-137,294,-123,306,-110,316,-97,325,-82,332,-68,338,-53,343,-38,345,-23,347,-8,347,8,345,23,343,38,338,53,332,68,325,82,316,97,306,110,294,123,283,137,268,148,253,160,101,73,-967,4088,-5269,123,-47,-88,-20,-144,-51,-79,-68,-60,-72,-90,-68,-152,-63,-195,31,-413,432,-510,22,-313,-95,-120,-267,-190,-53,-133,12,-163,-19,-45,-6,-11,-57,-89,-40,-49,-66,-43,-30,-44,-11,-42,5,-25,8,-25,-2,-45,52,-186,-22,-112,-135,-50,-56,-48,-143,-324,-27,-138,124,-351,-5,-163,-59,-66,-89,-64]]]
2864072	p	2874545
2874225	r	7.7946,49.7688,8.381,50.0353	[[[77946,499679,4,-85,31,-205,52,-203,72,-200,93,-197,112,-193,131,-188,150,-181,168,-175,185,-167,202,-160,54,-37,4590,415,20,27,-394,2184,-51,-20,9,-11,-51,-18,9,-16,29,-19,-36,-43,22,-2,3,-14,-36,-3,7,-104,8,-1,-27,-53,-104,12,-44,-3,-135,-59,-49,-14,-41,1,-20,-14,-8,4,-17,14,-167,157,-58,38,-200,126,-100,34,-175,13,-149,24,-134,10,-9,-25,34,-13,73,-13,-2,-17,48,-9,-1,-6,-19,-3,-15,4,-2,-6,-4062,-586]]]
2860410	r	6.7774,51.4471,6.9304,51.58	[[[67774,515230,26,12,43,-23,-4,-15,41,-19,8,-20,63,-3,143,-56,-4,-9,22,-13,30,-5,-2,-10,61,0,15,-23,-7,-2,34,-75,-14,-4,6,-32,-11,-29,10,-28,-66,-2,-4,-17,-61,-15,35,-40,-1,-13,-10,-7,5,-5,-46,-31,136,-57,-73,-51,-19,-32,10,-12,-47,-33,8,-5,0,-7,99,-78,214,34,14,1,0,1,744,118,0,2,-42,43,-68,31,-17,-4,-46,17,0,1,-1,0,-11,12,-6,-1,-13,8,-24,27,23,52,17,-3,16,48,28,1,-6,25,119,11,76,19,-25,51,89,12,23,14,-5,11,-10,-7,-13,4,9,24,-20,16,-130,-21,-57,7,4,35,-47,37,-34,16,12,12,-72,32,0,77,-88,40,-1,91,-35,19,-21,-6,-17,59,-87,85,-21,11,-74,42,76,64,11,34,-33,6,-54,-3,-16,8,-12,-4,-50,28,-8,-4,-18,8,-11,-3,2,8,-38,22,-4,12,-33,10,-28,0,-10,18,-11,5,-19,-3,-15,19,-50,-25,-40,-5,-72,-28,-19,-1,71,-88,0,-1,-152,-47,9,-25,-101,-10,-17,-22,-82,-43,-44,-42,15,-46,-12,-33,22,-12,-23,-13,18,-31,-13,-6,11,-7,-10,-12,-16,-1,-6,-10,9,-10,-4,-18,-44,-20,-2,-14]]]
2929670	r	10.4847,50.628,11.185,51.332	[[[104847,509800,12,-230,35,-229,60,-228,82,-224,106,-220,128,-216,150,-210,171,-203,192,-196,211,-187,231,-178,248,-168,266,-157,280,-147,296,-134,308,-121,321,-109,331,-95,340,-81,348,-67,354,-52,358,-38,362,-22,363,-8,363,8,362,22,358,38,354,52,13,2,0,6796,-13,2,-354,52,-358,38,-362,22,-363,8,-363,-8,-362,-22,-358,-38,-354,-52,-348,-67,-340,-81,-331,-95,-321,-109,-308,-121,-296,-134,-280,-147,-266,-157,-248,-168,-231,-178,-211,-187,-192,-196,-171,-203,-150,-210,-128,-216,-106,-220,-82,-224,-60,-228,-35,-229,-12,-230]]]
2875601	r	10.2768,53.5071,11.2436,54.2638	[[[102768,538881,1613,-2631,653,-567,3423,-612,3979,4730,-37,34,-355,57,-71,70,-65,141,-70,57,-87,20,-1216,-95,-532,-169,-191,-24,-165,-38,-293,-181,-128,-59,-49,-6,-117,4,-39,2,-94,16,-68,44,-23,57,0,1,8,35,-8,32,-7,9,-3,43,-71,103,-99,24,-387,-24,-272,52,-193,94,-145,144,-133,195,0,62,103,67,385,354,40,27,79,30,90,-5,71,-46,67,-28,85,45,78,-2,404,82,175,67,402,303,1161,444,44,87,18,11,-125,53,-370,137,-385,122,-397,107,-408,91,-418,75,-425,59,-430,42,-248,15,-570,-282,-2639,-1301,-1545,-2174]]]
2912621	r	7.3064,51.2241,7.5989,51.4297	[[[73064,513146,461,-584,520,-321,1133,513,-5,-3,13,-10,-12,-16,4,-20,32,-4,-21,-33,5,-19,22,8,20,-3,17,14,23,0,5,24,17,9,10,-7,23,11,29,-2,12,-19,46,16,11,-16,25,8,36,0,-5,37,21,32,30,1,53,30,18,-2,1,5,47,7,5,34,24,34,-4,18,10,15,11,6,23,-7,12,13,-17,7,43,6,26,11,15,10,1,13,23,-6,-5,13,11,45,-8,23,16,17,16,8,1,0,120,54,-60,276,12,1,3,44,35,10,21,18,-16,10,-20,33,-20,1,3,13,-52,84,-5,28,-8,-2,-12,98,-18,46,65,73,-5,9,-23,7,-10,37,-2,1,-24,4,-35,18,-17,19,-26,6,-10,-5,8,20,-47,-10,-1,10,-52,18,-86,-1,-59,10,-106,-33,-74,-6,-25,4,8,10,-4,37,38,49,-13,2,-2,9,-39,10,-4,-7,-88,18,-27,12,-39,33,-86,11,52,37,-45,7,-61,-3,-72,-25,-66,22,-105,-2,-62,-6,-46,-3,-13,18,-2,56,13,18,2,12,-51,25,-1426,-848,-110,-303]]]
2844588	r	11.5191,53.6936,12.7624,54.4333	[[[115191,540302,68,0,0,-74,-50,-30,5099,-3207,216,-21,437,-25,439,-9,439,9,437,25,434,42,427,59,421,76,411,91,400,107,387,122,373,137,357,151,340,165,320,177,301,190,278,200,256,211,232,220,207,229,182,236,22,36,-1529,2589,-229,388,-1,2,-638,1081,-271,-76,-169,-84,-21,-41,-10,-127,-32,-49,-41,-19,-110,-20,-59,-24,-251,-143,-95,-86,-65,-118,205,-106,118,-34,156,4,-214,-79,-244,37,-436,178,113,79,-22,88,-83,107,-70,136,165,22,125,87,49,119,-66,119,68,69,71,-37,59,-15,143,-17,-55,158,65,152,135,116,163,46,362,-20,82,-24,-270,456,-274,-278,-65,-97,-601,-509,-361,-410,-148,-101,-379,-187,-754,-241,-131,-23,-140,-53,-238,-235,-203,-107,-339,-262,-36,-44,-24,3,11,17,-37,37,-26,7,-33,-2,-32,24,-18,-1,-13,70,-375,-142,-263,-33,-125,17,-133,-33,-1,-10,11,-5,-1872,-237,-835,87,-391,-33,-318,-130,-248,-263,-37,-27,-41,-34,-32,-51,0,-51,75,-36,-7,-49,-44,-75,-51,-63,-66,-44,-81,-17,-134,-56,-178,-266,-203,-88,-86,0,-255,62,0,-62]],[[115285,540751,54,-181,57,0,131,161,463,249,169,141,-140,-79,-680,-193,-53,-74,-1,-24]]]
2892518	r	8.9904,50.9994,9.9789,51.639	[[[89904,513200,11,-210,33,-209,54,-207,76,-204,97,-201,117,-196,138,-191,157,-185,176,-178,194,-171,212,-162,228,-153,243,-144,258,-133,271,-122,283,-111,294,-99,304,-86,312,-74,319,-61,325,-48,329,-34,332,-21,333,-6,333,6,332,21,329,34,325,48,319,61,312,74,304,86,294,99,283,111,271,122,258,133,243,144,228,153,212,162,194,171,176,178,157,185,138,191,81,136,-149,121,-1,0,-4995,4053,0,1,-131,106,-178,-11,-329,-34,-325,-48,-319,-61,-312,-74,-304,-86,-294,-99,-283,-111,-57,-26,-1725,-1281,-95,-132,-117,-196,-97,-201,-76,-204,-54,-207,-33,-209,-11,-210]]]
2852458	p	2950159
2842647	r	6.5399,49.1032,7.521,49.5709	[[[65399,493857,344,-239,34,-60,-43,-81,-178,-5,-55,-92,63,-116,168,-133,665,-419,15,-43,-20,-101,11,-40,54,-28,138,-32,43,-29,78,-186,32,-42,12,-22,19,-78,27,-36,44,3,135,58,40,0,63,-158,-50,-127,-28,-122,128,-140,118,-33,445,-3,390,-95,127,20,172,150,-38,166,-75,162,58,139,100,16,417,-63,292,19,110,-11,625,-232,216,-7,-5,-353,115,-274,220,-114,307,127,16,51,-32,52,-8,55,91,59,54,-5,383,-182,157,-54,157,-35,862,-5,269,-83,63,-6,59,40,105,141,63,50,89,20,205,17,75,24,51,55,72,145,47,50,166,62,40,8,195,38,194,-11,43,-111,432,-19,181,-44,66,-144,-74,-32,-25,-23,-18,-33,141,-96,146,-155,89,155,100,217,24,68,-2730,3915,-51,18,-314,93,-323,80,-329,66,-336,51,-132,14,-5230,-1446,-43,-40,-182,-192,-141,-174]]]
2911240	r	7.6125,51.5469,8.0834,51.796	[[[76125,517897,1020,-1213,-8,0,-24,28,-37,-1,-62,-32,-20,13,-16,-12,5,-21,-10,-15,-14,-4,-11,14,-19,3,-4,-25,-25,-15,-17,2,-3,18,-10,6,-45,-5,-31,-9,4,-25,-20,-6,-12,24,-9,3,-5,-36,17,-2,34,-43,7,5,5,-25,6,2,17,-26,13,-73,-2,-80,39,-140,-2,-20,8,-3,4,-54,7,4,28,16,42,-5,24,-24,60,7,11,-13,56,20,23,1,6,-7,38,18,0,19,24,19,0,38,13,18,12,3,7,-25,25,5,0,13,-16,17,25,15,21,-26,34,7,4,-8,50,16,2,-5,41,1,-4,-5,28,1,14,-10,44,2,158,-188,515,-189,1,-4,7,1,21,-8,1,-8,7,2,-4,-24,27,-19,-10,-4,3,-23,28,8,1,-2,85,16,0,3,751,-276,883,-58,811,278,32,661,-924,320,51,-3,13,18,-29,28,-44,20,-21,-6,0,15,-11,5,4,25,-45,15,-20,1,-8,23,-23,-2,3,13,-27,9,14,8,-28,5,-4,12,-21,-1,-5,9,-19,2,-29,-6,-14,13,-30,3,-58,30,-37,0,-12,9,-26,4,-31,27,-21,-3,-19,11,-37,-2,-1,1,-1,0,-7,8,27,11,-5,8,-44,-9,-11,17,-24,-13,-15,0,-15,7,-7,14,-22,-12,-24,5,-6,15,-48,-6,-47,8,8,-20,-68,2,-17,-18,-21,23,-55,-7,-13,9,-42,-9,-21,-18,3,18,-16,5,0,87,9,2,-11,42,-8,-2,-3,9,-18,-4,-2,12,-19,1,-6,14,-26,-2,-18,55,-58,41,-87,-53,-45,-6,-5,21,-145,11,-90,28,5,9,-9,14,-23,18,6,75,-18,25,-51,0,-27,-8,0,-12,-31,-35,-72,7,-1,-23,-43,-3,-9,-4,3,-6,-1724,598,-233,-63]]]
2867838	n	6.82,51.3617,6.9546,51.4625	[[[68200,513691,497,-45,4,0,0,-1,20,-1,9,5,28,1,6,-10,23,-3,30,10,86,71,34,-16,17,7,9,-31,34,11,8,-22,12,11,25,3,88,-64,-79,59,22,7,-10,5,57,37,17,-9,26,31,-65,32,11,13,15,7,11,-9,20,4,42,24,65,11,6,-8,22,13,-15,20,58,23,7,-4,36,2,57,18,23,34,-20,21,-37,13,-10,12,58,25,-11,96,14,23,-12,28,51,58,55,30,2,52,-9,16,-25,17,13,3,-89,152,-5,0,-51,31,-64,9,-85,-10,-79,0,18,46,2,76,-744,-118,0,-1,-14,-1,-214,-34,0,-780]]]
2905891	r	7.1236,51.5031,7.2964,51.5745	[[[71236,515469,57,-44,7,-16,-30,-6,107,-162,12,-35,-6,-37,58,-34,-67,-50,22,-29,22,4,15,-11,16,6,3,-8,46,7,25,-23,13,29,52,11,16,-8,4,25,58,-39,43,-5,110,28,39,2,-4,15,22,-2,25,9,7,73,65,13,7,5,-7,12,50,19,16,-5,23,4,-2,-38,129,29,12,-15,17,2,0,-8,25,7,11,-8,13,2,10,-15,21,11,6,-7,24,3,14,16,26,-10,4,-6,3,3,3,-2,14,15,-12,8,29,8,69,4,5,20,15,7,28,-23,-3,-20,32,0,-7,53,17,20,40,-13,65,-3,73,-15,42,7,43,-4,24,5,3,15,30,0,23,33,40,16,-17,27,23,10,10,66,-19,9,-23,-1,7,13,-6,7,-14,-4,-2,18,-53,-1,5,37,-12,38,-15,-3,-6,30,-87,-4,-3,10,-24,11,15,15,-8,8,-5,-5,-50,4,-14,14,-23,-11,7,25,15,12,-3,16,15,12,-19,19,-100,-38,-45,0,0,11,-15,2,-5,35,-23,0,-4,9,-19,-6,-3,20,5,2,-6,12,31,12,-90,-29,-4,-2,-5,-2,-86,-59,-14,-7,-105,-27,4,-11,-63,-16,-24,2,-8,8,-102,-35,-164,-40,-21,20,23,-22,-21,2,-25,-15,-26,5,-29,-6,-19,12,2,-7,-17,-2,-2,-6,-21,1,-14,-9,-23,1,-4,8,-87,1,-76,14,-9,-5,-31,1,-24,8,-78,-5,0,-6,-52,3,6,-19,-13,-32]]]
2910685	p	2911298
2938913	r	8.379,49.643,9.0423,49.997	[[[83790,498103,3310,-1585,471,-88,2636,91,55,38,161,128,-1553,2797,-2264,468,-374,18,-2422,-1840,-20,-27]]]
2856883	r	7.867,52.0188,8.474,52.5779	[[[78670,521005,1521,-817,1946,707,1587,1258,1016,1665,-29,494,0,1,-2,44,-54,53,-190,164,-208,156,-223,147,-239,138,-253,128,-266,117,-277,106,-289,95,-298,83,-306,71,-313,59,-318,46,-323,32,-325,20,-327,7,-327,-7,-325,-20,-323,-32,-318,-46,-193,-36,-344,-4633]]]
2864695	p	2950159
2831580	r	6.9511,51.0797,7.1739,51.2489	[[[69511,511470,38,0,27,-9,39,3,17,-23,40,39,38,14,32,-17,16,4,52,-33,49,15,20,-11,35,1,30,-6,39,-108,-48,-81,14,-9,14,0,20,-52,38,27,13,-2,1,8,90,10,89,50,42,12,27,1,-19,-1,393,-337,9,-5,79,10,-18,-19,1,-47,43,-37,248,-70,536,59,-66,290,76,53,167,43,-15,10,22,30,-20,-1,-22,-17,-14,25,-25,-7,-31,11,24,8,8,17,-12,-8,-49,23,37,30,55,22,0,6,12,-2,-26,18,-2,41,-22,9,-51,-10,5,16,25,4,-7,18,19,16,-3,21,16,14,-1,1,-2,0,-18,16,-6,1,-17,-5,-17,7,1,-17,-49,-28,-4,-33,-18,-2,-20,-18,-27,-10,-2,-24,-18,5,2,-6,-4,3,-1,-1,-8,11,-12,-7,-13,6,6,6,-9,6,-29,3,3,25,-47,16,10,16,-3,-4,2,3,-3,35,9,24,-51,16,1,1,18,18,52,26,3,9,1,8,-26,10,15,-5,-1,3,-13,6,-26,6,-12,35,-38,45,-50,11,-16,11,-1,11,37,28,3,22,-120,15,2,34,-73,82,0,1,13,66,-3,3,1,4,-29,21,-10,10,17,23,22,29,-1,1,1,1,-7,6,-21,23,-8,2,-1,0,-17,15,0,1,-72,13,-27,26,-3,0,-2,2,-72,-7,-22,5,-56,-21,-111,-8,-56,-32,-25,-39,-51,4,-53,-15,-50,29,-7,17,-53,15,-17,20,44,14,-6,16,-26,4,59,5,-12,27,15,7,-5,8,21,0,18,11,-4,23,51,22,17,0,-1,16,-46,-10,-64,-39,-37,44,9,14,-15,7,22,12,-34,24,-26,2,4,14,-52,26,-40,12,-17,5,-6,-2,0,-8,-65,20,-9,8,4,6,-95,29,0,-694,-10,2,-23,-7,-13,-14,-72,-18,-10,-12,-34,-3,-13,-11,-14,4,5,-25,0,-1,-18,-37,-25,-16,-171,10,-58,-28,14,-27,-11,-9,-9,-33,-33,4,-44,-104],[70321,511943,1,1,0,-1,-1,0],[70328,511942,5,-1,41,24,-41,-25,-5,2],[70580,511247,4,1,-3,-1,-1,0],[70747,511332,27,-53,0,-1,-27,54],[70867,511355,82,-20,-81,20,-1,0],[70967,511384,27,-1,31,-14,28,0,32,10,14,-3,10,-10,5,-28,-4,28,-11,10,-14,3,-32,-10,-28,0,-31,14,-27,1,1,-44,-1,0,0,44],[71185,511299,1,0,-5,-29,4,29],[71442,511153,6,-4,0,-1,-6,5]]]
2875376	r	8.1987,49.3954,8.5481,49.549	[[[81987,495060,1050,-992,2298,-114,146,198,-18,14,0,-16,-14,1,-11,17,-32,-7,30,-40,-4,-6,-94,9,-47,-21,-14,18,-36,-8,10,62,-25,7,-31,-21,-35,-3,-41,-21,-87,-29,-2,8,-56,-4,32,79,76,128,-5,44,-29,35,-55,27,-75,11,-94,4,-116,-5,-78,-2,-37,3,-60,8,-51,18,-19,8,-31,30,-8,9,-6,44,30,42,44,22,105,27,37,32,6,23,-7,24,-63,81,-4,3,-2,2,-104,81,-31,38,-72,199,-128,291,-18,-6,-31,21,-73,8,-43,-4,-5,17,-64,3,3,6,-57,18,-29,-27,-12,6,-15,-13,-37,-1,-54,43,-1807,-429]]]
2878234	p	2886242
2857458	r	7.7112,52.8388,8.5292,53.3647	[[[77112,531400,11,-197,32,-196,53,-195,74,-192,95,-188,115,-185,134,-179,154,-174,173,-168,190,-160,207,-152,223,-144,238,-135,252,-125,266,-115,277,-104,288,-93,297,-81,306,-70,312,-57,318,-45,322,-32,325,-19,326,-6,326,6,325,19,82,8,9,18,2033,3760,-48,37,-11,29,61,11,11,7,10,-2,-1,-15,16,3,379,701,-1892,677,-5454,-580,-166,-161,-154,-174,-134,-179,-115,-185,-95,-188,-74,-192,-53,-195,-32,-196,-11,-197]]]
2884161	p	2950159
2864118	p	2934246
2849483	r	11.6525,48.763,12.5475,49.3154	[[[116525,490200,5,-97,2295,-2473,4923,239,202,110,214,132,200,141,186,149,171,158,154,164,138,170,121,176,103,181,85,185,67,189,48,190,28,193,10,193,-10,193,-28,193,-48,190,-67,189,-85,185,-103,181,-121,176,-138,170,-154,164,-171,158,-186,149,-200,141,-214,132,-226,123,-238,113,-249,102,-258,91,-267,80,-274,68,-280,56,-285,44,-289,31,-291,19,-293,6,-293,-6,-291,-19,-289,-31,-285,-44,-280,-56,-274,-68,-267,-80,-258,-91,-249,-102,-238,-113,-226,-123,-214,-132,-200,-141,-186,-149,-171,-158,-154,-164,-138,-170,-121,-176,-103,-181,-85,-185,-67,-189,-48,-190,-28,-193,-10,-193]]]
2852217	p	2950159
2907911	r	8.5335,49.1456,9.1527,49.6504	[[[85335,493954,2123,-2431,235,-67,195,1,3639,2831,0,11,-30,197,-49,197,-69,193,-88,190,-107,186,-125,181,-143,176,-161,169,-176,161,-193,154,-207,145,-222,136,-224,120,-2162,-74,-1682,-1833,11,-2,-121,-142,32,-6,5,-17,16,0,1,-15,19,0,24,-84,-47,-44,17,-7,-16,-14,-32,-4,-66,-26,0,-67,2,-5,0,-6,-76,11,6,11,-162,-5,-21,-23,-146,-198]]]
2855745	r	8.5225,51.3927,9.2747,51.8681	[[[85225,517822,1207,-3825,44,-7,339,-35,342,-21,343,-7,343,7,342,21,339,35,334,49,329,62,321,75,313,89,303,101,7,3,2291,1702,47,77,99,205,78,209,56,211,34,213,11,214,-5,97,-320,69,-6084,1315,-1113,-859]]]
2805615	r	9.4793,49.4831,10.4217,50.0635	[[[94793,497671,26,-172,50,-198,71,-195,89,-192,109,-188,128,-183,145,-177,163,-171,180,-163,196,-155,212,-147,225,-137,239,-128,251,-117,262,-106,273,-94,281,-83,289,-71,296,-58,301,-46,305,-32,307,-20,309,-7,309,7,307,20,305,32,301,46,296,58,289,71,281,83,273,94,262,106,251,117,239,128,225,137,212,147,196,155,180,163,163,171,145,177,128,183,109,188,89,192,71,195,50,198,30,200,6,115,-411,169,-3315,1364,-3128,1288,-224,-77,-262,-106,-251,-117,-239,-128,-116,-70,-158,-264,-1283,-2141,-1,-1,-36,-60]]]
2923544	p	2861650
2940187	p	2950159
2806654	r	10.4171,52.1363,11.331,52.7584	[[[104171,525021,4183,-2763,1901,-695,546,-200,61,23,23,10,2262,2628,163,190,-11,207,-35,221,-59,218,-82,216,-104,212,-127,207,-149,202,-170,195,-191,188,-210,180,-229,171,-246,162,-263,151,-279,141,-293,129,-306,117,-318,104,-329,91,-338,78,-345,65,-351,50,-356,36,-359,22,-360,7,-360,-7,-359,-22,-356,-36,-351,-50,-345,-65,-168,-38,-1690,-2345]]]
2836788	p	2950159
2849647	r	7.1349,51.5527,7.3603,51.8136	[[[71349,516342,78,-17,1,0,129,-63,19,4,6,-43,55,-93,-1,-11,-42,0,18,-29,-4,-30,12,-15,20,-8,-6,-1,16,-23,21,4,17,-23,35,-17,-40,-26,-22,-111,19,0,9,-55,65,-192,22,-46,21,-20,164,40,102,35,8,-8,24,-2,63,16,-4,11,105,27,14,7,86,59,5,2,4,2,90,29,57,20,52,58,35,6,63,-13,166,50,110,81,21,4,-14,2,3,13,-6,10,-10,-2,-5,20,-13,-6,-5,22,-18,0,6,9,-19,8,-30,-4,-1,27,-49,6,-2,5,10,27,129,45,-16,-1,-14,75,-55,0,0,7,122,49,14,-12,24,9,2,-5,588,513,-105,1368,-1564,-1364,-6,-12,4,-12,47,5,77,-20,-40,-22,-11,17,-33,-11,-17,15,-15,-4,17,-20,31,-11,-11,-14,20,-9,7,-15,-17,4,-13,-14,5,-47,-37,-18,17,-9,-33,-34,-12,0,44,-34,-10,-6,-54,13,-2,-9,-26,2,-23,-26,-7,5,-25,-12,-13,12,-21,-14,-37,34,-59,-24,-114,-19,-8,-31,-49,0,-3,5,-44,-5,-10,-12,11,-28,-52,-10,-4,4,-17,-17,-31,-16,-11,-11]]]
2918632	r	9.4644,51.223,10.4214,51.8377	[[[94644,516283,4995,-4053,302,19,318,33,313,45,307,59,301,71,293,83,284,95,273,106,261,117,249,128,234,138,220,147,204,156,187,163,170,171,152,178,133,183,113,189,93,192,73,197,53,198,31,201,11,201,-11,201,-31,201,-53,198,-73,197,-93,192,-113,189,-133,183,-152,178,-170,171,-187,163,-204,156,-220,147,-234,138,-249,128,-261,117,-273,106,-284,95,-293,83,-301,71,-307,59,-313,45,-318,33,-320,20,-321,6,-321,-6,-320,-20,-318,-33,-313,-45,-307,-59,-301,-71,-293,-83,-284,-95,-273,-106,-261,-117,-249,-128,-234,-138,-220,-147,-204,-156,-187,-163,-170,-171,-152,-178,-133,-183,-113,-189,-3,-6]]]
2907669	r	8.7888,49.0079,9.759,49.4946	[[[87888,491457,1414,-1121,5190,-257,1441,184,1656,1120,1,17,-12,232,-34,231,-58,230,-80,226,-102,222,-124,218,-146,211,-166,205,-186,197,-206,189,-224,180,-241,169,-257,159,-273,147,-287,136,-299,122,-311,110,-321,96,-330,82,-338,67,-343,53,-348,38,-351,22,-180,4,-846,-658,-3639,-2831]]]
2895992	r	10.9147,48.4461,11.8825,49.1053	[[[109147,487700,11,-219,33,-219,53,-216,57,-162,4677,-2409,27,-14,2412,227,262,320,0,1,2146,2621,-2295,2473,-718,774,-304,61,-322,50,-327,36,-329,22,-330,7,-330,-7,-329,-22,-327,-36,-322,-50,-316,-63,-310,-78,-301,-90,-291,-103,-281,-116,-269,-128,-255,-139,-242,-150,-226,-160,-210,-170,-192,-178,-175,-187,-156,-193,-136,-200,-116,-205,-96,-210,-76,-214,-53,-216,-33,-219,-11,-219]]]
2820256	r	9.541,48.1406,10.1579,48.5811	[[[95410,482570,28,-41,153,-192,172,-185,190,-177,206,-168,223,-159,237,-149,171,-93,2500,1981,1,-1,-7,-8,3,-28,17,-31,-26,-43,-27,-20,-98,-20,-30,2,-9,-3,-2,-25,-13,5,-31,-21,94,-48,34,-9,14,-15,58,5,25,-8,56,7,54,17,-14,-33,94,6,16,7,8,-5,6,8,-9,5,20,9,5,-8,11,5,11,-11,-17,-11,21,7,15,-20,23,5,16,-40,24,4,18,6,-15,25,-21,0,-1,17,20,-12,9,18,-32,8,-18,13,-3,14,48,0,10,31,31,23,33,-14,21,0,-2,6,21,10,2,17,20,12,22,6,33,-14,16,22,68,22,-38,64,-8,-2,-16,11,-16,-10,-17,10,-23,-6,-6,7,-25,-6,7,-8,-20,-13,-20,18,6,1,-1,23,3,7,18,2,-11,14,30,-1,86,33,-24,30,-26,5,22,4,-1,18,75,27,-5,9,19,1,2,-12,28,8,26,-19,-2,21,-21,19,-4,9,-5,6,2,3,-1,3,25,38,31,19,-2,23,-32,4,-36,-7,-4,51,-46,20,-25,-6,-29,-19,13,-47,-2,0,-5,-2,-24,-8,-5,1,-3,-1,-8,2,-16,3,-14,6,-6,1,-2,2,-1,1,-48,44,-30,49,0,5,-1,8,0,1,33,25,-13,18,4,10,28,6,40,29,70,32,37,55,12,9,10,8,6,5,28,8,45,12,78,31,2,2,26,10,60,36,26,33,-4,82,8,22,6,4,163,94,3,2,71,23,13,-11,1150,911,-2689,609,-2927,-1315,-553,-1925]]]
2945756	p	2928810
7290243	p	2911298
2853969	r	8.4487,48.6118,8.9489,49.1457	[[[84487,488524,1584,-2406,3418,2408,-187,1810,-1414,1121,-195,-1,-3206,-2932]]]
2857807	p	2925533
2944368	p	2944388
2924573	p	2950159
2848273	r	7.131,51.0627,7.4221,51.2562	[[[71310,511581,51,-16,-9,-24,4,-34,-10,-16,47,-16,-3,-25,29,-3,9,-6,-6,-6,13,-6,12,8,4,-6,4,-6,1,1,4,-3,-2,6,18,-5,2,25,0,-1,27,10,20,18,18,2,4,33,49,28,-1,17,17,-7,17,5,6,-1,18,-16,2,0,1,-1,-16,-14,3,-21,-19,-16,7,-18,-25,-4,-5,-16,51,10,22,-9,2,-41,26,-18,-12,2,0,-6,-55,-22,-37,-30,49,-23,12,8,-8,-17,-24,-8,31,-11,25,7,14,-25,22,17,20,1,-22,-30,16,-10,-34,-9,-134,-34,-76,-53,66,-290,1824,-229,842,846,-176,768,-520,321,-540,-107,17,-11,26,-7,33,-27,15,-26,3,-33,20,2,-1,5,36,-16,-14,-4,-14,-28,-107,-52,5,-7,-10,-7,-25,-5,6,-8,19,1,7,-19,-10,-10,-39,4,-2,-8,37,-25,-12,-8,5,-18,22,-18,-1,-23,8,2,3,-7,-13,-6,-4,-18,-19,-21,-16,-3,-47,20,-15,24,-33,-8,-18,9,-37,-12,-34,22,-10,-22,-49,-2,2,14,-63,-9,-10,11,21,10,-36,8,-31,-6,-31,18,36,11,2,41,-29,-2,0,12,-21,1,-40,31,-44,2,-10,-10,-30,18,-12,-8,-73,41,-13,-7,-1,-13,-42,-2,-68,-31,-50,-2,-36,-32,-56,-21,-7,-18,-45,-19,-1,-9,-62,16,-5,29,-47,-17,-10,4,-45,-5,-37,-12,-62,14,-36,-7,-69,-24,-29,-27,0,-1,14,-37,-23,-12,-3,-10,-57,-5,-2,-10,16,-11,-8,-10,6,-5,-37,-39,3,-20,-53,11,2,-14,-17,-12,-47,-4,-5,-4,-2,0,1,-1,-2,-1,3,-2,5,-9,38,-21,-3,-18,16,1,23,-24,9,-66,17,-13,-12,-12,-26,-7,-1,-5,-5,-11,-32,18,-3,-2,-1,1,-58,-36,27,16,-35,-21,-7,-15,-8,-17,13,-6,1,-3,11,-5,-1,-8,-3,-9,-52,-26,-19,-19]]]
2862375	p	2886242
2852566	p	2886242
2847736	r	8.9751,48.1706,9.5963,48.6238	[[[89752,482083,131,-47,286,-86,293,-74,299,-61,305,-47,309,-34,312,-21,313,-6,313,6,312,21,309,34,305,47,299,61,293,74,286,86,276,98,266,111,254,122,243,132,228,143,58,41,521,1812,-1601,1360,-2415,383,-118,-40,-367,-727,-13,0,6,-15,-1657,-3283,-1,0,-45,-90]]]
2873074	p	2950159
8593863	p	2886242
2886946	r	7.1727,50.0474,8.0505,50.5833	[[[71727,501980,157,-161,179,-161,196,-153,210,-145,225,-135,239,-126,250,-115,262,-105,272,-93,280,-82,289,-69,295,-58,300,-45,304,-32,307,-20,308,-6,308,6,307,20,304,32,300,45,295,58,289,69,14,5,2503,2517,385,388,-5,84,-30,197,-50,195,-70,193,-90,190,-108,185,-127,180,-146,175,-163,168,-179,161,-196,153,-210,145,-225,135,-108,58,-7071,-3853]]]
2832495	r	7.6317,50.5688,8.4408,51.1321	[[[76317,507609,207,-610,2336,-1132,351,-115,33,-5,316,-34,319,-19,279,-6,222,135,3443,2089,585,2482,-133,136,-187,165,-203,158,-220,148,-234,140,-42,22,-3333,158,-998,-454,-2741,-3258]]]
2950349	p	2886242
2842150	r	10.1696,51.7772,10.5078,52.3449	[[[101696,523449,279,-5082,1957,-591,168,-3,405,8,245,15,0,2667,13,-4,40,3,-11,19,3,40,69,2,17,99,-47,-9,-42,-16,-42,-6,0,630,-356,24,6,17,-63,1,9,29,-28,1,65,103,41,4,2,-7,369,294,51,2,-2,32,79,4,8,25,71,7,-15,21,35,2,9,10,-43,7,-1,14,22,6,-2,9,31,6,-3,6,43,0,-13,32,-11,-2,-44,53,-15,-3,-16,23,-30,-5,-18,51,-16,0,6,20,-8,-2,-51,59,3,7,-97,-42,-77,-12,-13,23,-281,-8,-13,22,31,1,-3,7,-32,-1,-82,156,42,43,20,-2,-11,39,-11,-3,0,13,-2642,1142]]]
2895044	r	11.3247,50.6253,11.9012,51.2346	[[[113247,506761,252,-100,277,-94,286,-82,295,-70,300,-58,306,-45,310,-33,313,-19,314,-7,314,7,313,19,310,33,225,33,680,345,1270,4929,-189,98,-255,116,-132,52,-1229,346,-64,12,-306,45,-310,33,-313,19,-257,6,-13,-27,-2690,-5544,-7,-14]]]
2921232	r	11.7742,50.6689,12.5026,51.1755	[[[117742,506690,4088,256,3196,3461,-5400,1348,-550,-36,-39,-2,-25,-98,-1270,-4929]]]
2870221	p	2934691
2904789	r	9.6428,51.8489,10.1945,52.3729	[[[96428,521819,625,-2921,11,-4,281,-93,291,-81,298,-70,305,-57,311,-45,314,-32,317,-19,319,-7,319,7,317,19,314,32,311,45,305,57,298,70,291,81,281,93,9,3,-249,4552,-129,246,-317,34,-4822,-1910]]]
2929567	r	10.5446,49.5286,11.4746,49.7886	[[[105446,495900,10,-199,4,-24,177,-13,3707,-267,5,-15,-22,0,3,-36,81,13,109,-31,2,5,74,-6,0,10,101,-2,8,15,14,4,35,59,10,-11,34,-2,42,-17,-1,-5,69,-19,-21,6,18,6,-14,5,0,29,70,-1,55,-4,8,-4,38,0,3,-16,17,5,38,-6,40,-21,14,1,4,20,49,0,14,-13,35,-2,-1,-14,20,-2,20,9,11,-30,180,-13,3,8,14,-5,1,-5,361,-26,3861,765,-2,48,-30,197,-50,197,-60,169,-1951,1224,-6940,-976,-20,-34,-88,-190,-69,-193,-50,-197,-30,-197,-10,-199]]]
6545310	p	2950159
2808473	p	2950159
2821164	r	6.1996,49.4318,7.1468,50.0896	[[[61996,499230,231,-359,156,-102,339,-98,146,-61,47,-54,41,-70,60,-103,10,-34,81,-4,149,59,88,-2,170,-69,287,-177,170,-70,174,-31,480,0,308,-59,39,-2,54,-37,-3,2,-22,-14,-1,-84,-15,-7,-47,-218,-1,-70,27,-45,-4,-39,-97,-55,-8,-89,23,-82,48,-72,71,-62,-87,22,-46,-15,-35,-48,69,-51,19,-22,-735,-309,-155,-141,18,-33,64,-29,61,-38,9,-67,-27,-45,-75,-72,-101,-135,-261,-209,-151,-154,-56,-110,0,-317,-20,-96,-64,-319,160,-75,282,-113,292,-102,303,-89,310,-76,317,-63,323,-49,327,-35,225,-14,4374,1210,84,65,193,176,175,183,156,190,137,197,117,202,96,206,76,210,54,213,32,214,11,216,-11,216,-32,214,-54,213,-76,210,-96,206,-117,202,-137,197,-156,190,-175,183,-193,176,-211,166,-226,158,-242,147,-257,137,-269,126,-282,113,-292,102,-303,89,-310,76,-317,63,-323,49,-327,35,-331,21,-331,7,-331,-7,-331,-21,-327,-35,-323,-49,-317,-63,-310,-76,-303,-89,-292,-102,-282,-113,-269,-126,-257,-137,-242,-147,-226,-158,-211,-166,-193,-176,-175,-183,-15,-18]]]
2803560	r	12.183,50.4268,12.8715,51.0437	[[[121830,506946,4440,-2678,222,43,303,73,296,85,285,98,276,109,263,120,251,131,236,141,222,151,91,71,-3245,5144,-51,3,-393,-30,-3196,-3461]]]
2894003	r	7.2863,49.1201,8.0513,49.7598	[[[72863,494839,2174,-3118,221,-90,281,-99,292,-86,299,-74,306,-61,311,-47,315,-35,319,-20,319,-7,165,4,2648,4313,-1609,1979,-251,38,-315,35,-319,20,-319,7,-319,-7,-319,-20,-315,-35,-311,-47,-306,-61,-299,-74,-292,-86,-281,-99,-272,-110,-260,-122,-247,-133,-233,-143,-219,-152,-202,-162,-187,-170,-168,-178,-151,-185,-132,-190,-113,-196,-92,-200,-73,-204,-46,-185]]]
2834282	r	10.8956,53.3163,11.9354,53.9419	[[[108956,535664,69,-176,100,-196,121,-192,142,-187,162,-181,182,-175,200,-166,218,-159,235,-150,251,-140,266,-130,279,-120,292,-108,303,-97,313,-85,322,-72,329,-60,335,-46,339,-34,342,-20,344,-7,344,7,342,20,339,34,335,46,329,60,322,72,313,85,303,97,292,108,279,120,266,130,251,140,235,150,218,159,200,166,182,175,162,181,142,187,121,192,100,196,78,200,56,203,34,204,11,205,-11,205,-34,204,-56,203,-78,200,-100,196,-121,192,-142,187,-162,181,-182,175,-200,166,-218,159,-235,150,-251,140,-266,130,-279,120,-292,108,-303,97,-313,85,-322,72,-329,60,-335,46,-339,34,-62,3,-33,-85,-101,-161,-13,-105,-114,0,-76,29,-383,286,-5,32,-417,0,-18,10,-150,-9,-339,-34,-335,-46,-329,-60,-322,-72,-208,-57,-682,-811,-2243,-2666]]]
2913366	r	8.0144,51.7822,8.6339,52.0895	[[[80144,519911,1476,-1910,3605,-179,1113,859,-22,144,-741,367,-98,-14,9,-15,-36,-8,-29,41,17,5,23,-3,0,-8,17,3,-21,47,7,7,-14,7,-30,-20,-32,-10,-25,22,-26,5,-9,14,-209,-65,-59,-51,-15,73,-5,4,-2,8,-28,15,-49,62,22,21,-42,25,11,7,-19,19,7,15,-32,3,6,14,-15,16,-6,-5,-22,8,-2,19,-21,-12,-3,4,-11,-5,-9,15,-102,-10,6,-6,-32,-3,1,12,23,3,1,9,-14,2,-17,34,-21,8,-49,-12,-163,-15,-8,-9,-35,-2,-51,-13,-32,9,-60,-16,-7,12,16,0,-45,55,-11,28,-13,3,-10,23,7,13,-12,19,-46,-9,9,15,-18,4,-12,-4,12,-11,-34,-6,-27,1,-8,12,-4,-12,-24,-4,-5,8,-77,-18,-13,30,-37,-6,-6,10,30,4,-4,13,-18,-4,-24,25,-1,6,32,-1,0,20,-16,-1,-5,13,-59,-13,-35,25,-20,5,-9,27,35,6,-2,16,123,-7,6,-17,30,2,2,-24,24,-11,65,4,22,36,17,-5,61,11,56,-2,53,9,-12,16,45,16,0,5,25,4,-4,14,15,3,-2202,1091,-1946,-707,-47,-277]]]
2920789	p	2950159
2934486	r	6.368,50.5503,6.6459,50.9378	[[[63680,507576,603,-2073,2176,1847,-37,439,-587,698,-12,-1,-105,-18,-53,69,-33,-18,-20,21,-98,-35,-19,19,10,4,-1,9,93,32,-12,12,17,6,-71,70,43,22,39,9,-27,8,4,13,-24,37,-36,-9,2,25,58,16,-54,64,-1443,536,-236,-1028,-1,0,1,-3,-177,-771]]]
2850872	p	2911298
2928751	p	2825297
2820860	r	8.5905,48.2173,9.1829,48.6198	[[[85905,485200,10,-200,29,-200,49,-198,68,-195,88,-192,106,-188,124,-182,141,-177,159,-170,175,-163,81,-66,1930,-931,158,-40,288,-58,293,-45,194,-22,1657,3283,-6,15,13,0,367,727,-5818,-385,-21,-28,-46,-185,-29,-200,-10,-200]]]
2895669	r	7.5841,51.261,7.89,51.4737	[[[75841,513776,18,-46,12,-98,8,2,5,-28,52,-84,-3,-13,20,-1,20,-33,16,-10,-21,-18,-35,-10,-3,-44,-12,-1,60,-276,2922,-506,0,697,-1545,817,3,21,-28,19,-1,19,-29,8,7,27,30,15,-13,35,-23,-10,-30,43,12,2,-33,69,18,12,-62,1,-21,8,-6,16,-12,0,-4,7,-29,0,-52,-14,-38,0,-8,8,10,4,-79,19,17,20,-12,7,-52,12,-4,11,37,14,-5,8,10,2,-14,11,60,36,-8,38,7,6,-13,31,-26,13,-15,0,0,20,46,2,-38,73,-149,-46,-73,-15,-81,-14,-95,-4,-25,-15,1,-35,-140,-7,-19,-18,-6,-46,-26,-14,-69,-14,-1,0,-66,0,-79,-40,25,-28,30,-4,17,-27,36,9,11,-16,-4,-19,-24,-16,22,-32,13,3,24,-18,-3,-6,-27,-4,12,-33,33,-21,12,-23,-127,-30,-15,-17,43,-13,-3,-11,26,-30,39,-19,21,-29,34,-13,-9,-21,-2,-6,-14,-8,-16,-10,-3,-8,-3,-6,-70,-59,-2,-15,11,-13,-52,-25,-39,-49,-26,36,-47,16,3,13,27,20,-83,12,-28,10,-28,-31,-74,-27,9,-36,23,-7,5,-9,-65,-73]]]
2807363	r	7.2461,51.3449,7.46,51.4843	[[[72461,513949,21,-2,14,-11,-10,-19,8,-20,30,9,6,-7,13,1,4,-7,-20,-7,18,-34,20,5,6,-5,0,-1,1,-1,-12,-17,42,17,19,1,36,-32,6,-51,33,-39,63,-27,91,10,33,12,50,67,16,-3,4,-12,19,-7,202,-320,1426,848,0,66,-74,-2,-89,-15,-59,10,-80,-17,-63,-22,-14,54,-34,33,-2,43,-19,5,-6,6,-11,14,-7,29,-22,11,-6,16,-26,8,-5,12,-33,1,-46,32,-18,-5,-48,1,0,15,-12,0,2,17,-37,17,21,27,-1,6,-26,4,-3,9,12,69,-23,3,-63,44,-10,-9,-22,1,-60,-16,-6,20,6,20,11,-2,-14,25,-100,-27,-1,5,-20,4,-13,-2,-18,16,-14,-4,-10,24,-6,-1,-1,1,0,-2,-17,-5,0,-13,-25,-3,-4,8,-2,-2,-16,-12,2,-5,-4,-4,27,-43,-22,-6,17,-23,6,-73,-72,-90,-34,8,-66,-12,-24,2,-7,-6,-9,6,-18,-9,-13,12,-54,-5,-31,4,-70,-27,-27,-2,-45,18,-23,-5,-15,10,-25,3,-24,-5,-13,-14,-46,-13,-1,0,13,-18,8,0,26,-24,-10,-4,19,-23,3,-28,-84,-58,-42,-9,-40,-22,-2,-1,-8,-19,-7,-17,-2,-5,7,0,-43,-50,-41,-12,2,-4,-67,-13,-8,-5,-6,-4,0,1,-7,-5,-19,-37,-38,-40,29,-40,8,0,-64,-36,16,-8,3,-31,-27,-13,-26,1,6,-44,-2,-14,-11,-4]]]
2850174	p	2934246
2873263	r	7.0227,51.6149,7.3505,51.9411	[[[70227,516697,133,-201,24,6,31,-5,28,-54,-2,-5,-56,-14,-37,2,8,-37,21,-16,-12,-1,9,-20,-27,-14,17,-27,-36,10,1,-81,64,-2,57,9,16,-53,50,-11,32,3,34,-18,-1,-8,33,-9,9,-1,3,-1,13,1,34,-1,-4,4,-1,1,-2,2,6,32,27,49,44,-16,108,33,8,-14,100,30,12,-16,84,33,19,-39,88,24,6,-15,37,1,14,8,-2,20,20,-12,-6,11,16,0,4,12,35,2,51,24,10,19,2,0,11,11,31,16,17,17,4,-4,52,10,-11,28,10,12,44,5,3,-5,49,0,8,31,114,19,59,24,37,-34,21,14,13,-12,25,12,7,-5,23,26,26,-2,2,9,54,-13,10,6,-44,34,12,0,33,34,-17,9,37,18,-5,47,13,14,17,-4,-7,15,-20,9,11,14,-31,11,-17,20,15,4,17,-15,33,11,11,-17,40,22,-77,20,-47,-5,-4,12,6,12,1564,1364,7,31,-1743,1244,-1435,-72,-77,-80,0,-1363,8,0,1,-17,52,-14,-15,-20,5,-8,38,-9,30,10,48,-21,135,-35,14,8,39,-1,-4,-20,153,5,23,-31,68,-28,17,-42,20,-22,-40,-66,-33,-32,-13,-138,6,-42,51,-25,19,-29,-122,-5,-20,-23,17,-6,7,4,13,-19,36,-22,-14,-1,-10,-41,-38,3,12,-30,-2,-28,24,-2,11,-6,-5,-8,-72,-41,-19,4,-21,-17,-70,12,10,-45,-75,-16,11,-21,-72,-13,23,-35,31,-13,10,2,7,-10,-1,-1,-10,-2,-3,-10,-6,-6,2,-6,0,-1,1,-1,2,-4,7,-1,9,-5,0,-3,22,-10,-41,-19,-37,0,-51,-26,-31,-32,-1,-21,-35,-30,-34,-15,-32,-28,-50,-8,-28,-16]]]
2875107	r	7.3498,51.5781,7.5923,51.8167	[[[73498,518136,105,-1368,543,-790,2,2,42,20,44,-20,-8,-4,34,-30,-23,-9,18,-18,-27,-12,6,-5,-24,-29,-31,-23,96,-11,186,-44,5,23,16,-2,14,14,29,-11,37,24,38,-11,40,27,16,-1,23,30,16,-16,16,-1,51,36,19,-14,125,32,72,-2,39,-60,21,-1,-17,-54,7,-17,236,-10,-5,5,68,11,-8,-5,202,59,109,17,7,-19,66,9,-4,-17,75,-10,41,6,7,-25,81,20,4,65,16,53,-72,2,-1,1,0,1,-5,0,-9,1,-3,2,-17,15,-1,46,0,3,-7,2,-5,2,-8,3,-115,-5,-66,11,-8,45,2,3,22,24,10,-2,6,14,12,-1,12,34,22,10,-26,33,111,33,-69,61,-25,8,36,35,29,5,39,20,1,18,31,-1,8,23,13,-1,10,-9,0,1508,-2345,273,-7,-31]]]
2920512	r	8.5249,50.3903,9.1839,50.7324	[[[85249,507324,725,-1628,1,1,85,17,39,-19,65,3,0,-15,25,-36,-12,-1,-22,-30,-21,-4,-13,4,-4,-25,-22,-11,-13,-19,-41,-21,11,-8,-42,-32,-21,1,-30,-12,-41,0,-34,-11,34,-29,-51,-11,2,-22,-25,-4,-4,7,-53,-14,-12,9,-8,-3,-17,16,-10,-1,-8,12,-55,-27,-15,11,-36,-19,-2,-29,-67,-20,22,-21,21,-3,134,7,42,-29,41,8,33,-6,55,-32,54,-15,20,19,183,-13,1,3,527,-1185,2790,-184,1635,324,58,59,155,187,137,192,116,198,96,202,75,205,8,30,79,789,-1,22,-23,149,-6566,1064]]]
2911007	n	8.7896,49.9806,9.2465,50.3558	[[[87896,502082,1231,-2276,3338,2117,-13,33,-115,209,-147,201,-177,190,-205,178,-231,165,-255,149,-276,132,-295,114,-310,95,-324,75,-334,54,-340,32,-263,8,-1284,-1476]]]
2817724	p	2928810
2875392	r	8.9301,48.8416,9.4492,49.0336	[[[89302,490336,187,-1810,157,-53,1708,-57,-18,23,3,7,17,-9,48,0,28,11,-36,48,-6,22,-18,10,-33,2,-1,46,71,-13,1,56,57,-20,69,8,13,-37,35,0,29,-10,-19,-20,7,-9,57,-22,40,13,16,-32,30,-10,18,-5,6,21,31,-9,5,8,23,-7,6,9,28,-10,7,6,32,-16,39,35,29,-5,1,6,54,0,54,15,-26,16,25,14,-11,4,-4,12,5,22,-7,17,63,13,20,12,10,-6,4,26,15,-1,-2,7,135,-25,-19,-57,20,-11,-8,-23,40,-9,-8,-38,11,1,-3,-9,2155,1586,-5190,257]]]
2878018	p	2950159
2926271	r	8.9587,54.5106,9.9212,54.8792	[[[89587,547900,10,-183,31,-182,52,-180,71,-178,91,-175,111,-171,130,-167,149,-161,166,-155,184,-149,199,-141,216,-134,230,-125,243,-116,256,-106,268,-97,277,-86,287,-75,295,-65,301,-53,307,-41,311,-30,313,-18,315,-6,315,6,313,18,311,30,307,41,301,53,295,65,287,75,277,86,268,97,256,106,243,116,230,125,216,134,199,141,184,149,166,155,149,161,130,167,111,171,91,175,71,178,52,180,31,182,9,173,-61,22,-237,-9,40,-208,-455,-102,-262,-26,-115,94,-104,173,-237,98,-260,64,-175,77,-416,107,-614,19,-484,104,-33,360,-130,-61,-125,-131,-244,-56,-190,-137,-186,-54,-99,146,-195,-53,-29,16,-107,-5,-119,-48,100,-25,-260,-28,-13,5,-20,-12,-23,1,-9,-9,-21,-1,-8,31,-14,-9,-16,0,-10,-12,-37,6,27,-30,44,-11,9,-12,-22,-13,3,-12,-14,-4,-5,-21,10,0,-39,-32,-14,-24,9,16,-202,110,-180,-24,-110,-57,-143,-22,-97,-59,-150,-16,-729,2,-177,41,-73,119,-30,139,-46,101,-167,86,-2109,288,-88,-169,-71,-178,-52,-180,-31,-182,-10,-183]]]
2813472	p	2950159
2939811	r	13.7893,51.4231,14.7439,52.0886	[[[137893,517600,12,-220,34,-220,58,-217,80,-215,103,-211,125,-206,146,-201,167,-195,186,-187,206,-179,225,-171,242,-160,258,-151,274,-140,287,-128,301,-117,312,-104,322,-91,331,-77,339,-64,344,-51,349,-35,352,-22,354,-7,354,7,352,22,349,35,344,51,339,64,331,77,322,91,312,104,301,117,287,128,274,140,258,151,53,35,-76,49,-32,106,-22,72,81,194,195,192,117,200,-16,264,-98,253,-130,173,-485,252,-226,164,-103,254,-39,264,-139,115,-181,78,-164,156,-30,212,131,173,574,362,184,153,154,180,85,196,35,610,54,97,3,4,-183,107,-145,74,-4599,679,-220,-32,-339,-64,-331,-77,-322,-91,-312,-104,-301,-117,-287,-128,-274,-140,-258,-151,-242,-160,-225,-171,-206,-179,-186,-187,-167,-195,-146,-201,-125,-206,-103,-211,-80,-215,-58,-217,-34,-220,-12,-220]]]
2808720	r	7.5819,53.3043,8.34,53.7963	[[[75819,536033,1381,-2706,81,-52,251,-140,187,-92,227,24,5454,580,0,2505,-106,29,-418,-12,-169,-40,-134,-85,-84,-141,-72,-340,-85,-164,-20,-147,210,-21,393,63,290,-202,-54,-343,-223,-344,-211,-210,-122,-72,-108,-39,-122,-17,-168,-3,-144,43,-105,94,-81,94,-81,42,-72,29,-190,132,-118,38,-167,4,-114,-29,-127,-37,-136,87,-92,126,-182,333,84,32,82,-25,47,-6,93,0,87,9,192,48,112,23,7,-4,-2,5,70,16,91,13,79,2,24,10,-11,5,10,6,9,-5,-2,8,34,25,11,0,-11,2,15,12,38,10,-19,-4,-2,5,24,30,8,60,44,52,7,20,2,36,-27,8,9,29,-25,20,12,70,-113,105,-36,6,8,2,-94,91,-37,66,134,37,-10,13,25,6,-61,161,-261,-35,-36,45,-21,69,-48,59,-228,221,-276,-89,-97,74,-280,363,65,280,0,75,-800,138,-3000,-249,-182,-23,-50,-55,-142,-188,-121,-193,-100,-197,-78,-200,-22,-81]],[[77126,537626,69,-27,287,10,280,71,224,84,142,0,0,67,-613,25,-234,-131,-155,-99]],[[78545,537846,193,-82,15,120,179,6,421,-59,108,9,95,-11,-266,96,-149,29,-165,9,-209,-14,-178,-40,-44,-63]],[[81201,537143,106,42,60,-5,56,-24,86,-13,49,21,159,92,100,24,143,0,-212,90,-224,22,-197,-52,-126,-129,0,-68]]]
2906809	p	2950159
2848756	p	2950159
2871039	r	8.4711,52.1145,9.2706,52.5951	[[[84711,524312,29,-494,3304,-1849,2448,-824,2214,2077,-1097,2308,-32,12,-286,94,-295,82,-304,71,-310,58,-316,45,-319,32,-323,20,-324,7,-324,-7,-323,-20,-319,-32,-316,-45,-310,-58,-304,-71,-295,-82,-286,-94,-275,-106,-264,-116,-250,-126,-237,-137,-221,-146,-206,-154,-189,-162,-171,-170,-99,-113]]]
2862026	p	2911298
2817220	r	8.1384,47.7138,9.0092,48.4092	[[[81384,481635,965,-4077,255,-91,309,-95,318,-80,325,-67,331,-52,313,-35,73,27,106,67,76,200,46,73,135,134,79,32,112,-2,538,72,151,52,-93,157,159,62,249,-10,185,-56,16,-73,9,-129,35,-121,98,-50,124,55,52,218,91,64,129,-29,96,-98,79,-116,74,-80,42,-6,196,135,1,1,2841,1942,16,37,77,222,56,226,33,227,11,229,-11,229,-33,227,-56,226,-77,222,-98,219,-117,209,-18,12,-817,394,-1930,931,-1694,817,-1,0,-276,6,-1227,-640,-696,-363,-1657,-1454]]]
2885679	r	8.6995,47.6262,9.33,48.0004	[[[86995,477582,38,5,98,-13,67,-101,-27,-38,-134,-135,-25,-49,4,0,9,-11,-7,-12,41,-9,-47,1,35,-67,79,-66,25,-76,20,-65,528,5,-82,62,90,196,269,-9,326,-128,122,-78,137,-87,-184,-29,1,-70,141,-95,8,-5,290,-147,245,-43,392,25,364,79,159,116,189,51,1051,-80,40,-26,-9,24,3,0,0,-3,11,-6,3,8,3,-1,-6,33,11,-59,25,-10,37,-1,22,-11,35,47,89,0,8,-13,90,10,-47,-31,46,-12,29,-35,90,-63,6,-10,52,8,5,-18,13,9,45,11,-6,19,8,26,-18,4,-5,21,-9,2,-2,20,7,15,28,-5,51,3,97,-104,375,1,90,-14,298,-47,568,-239,0,3585,-201,41,-320,51,-324,36,-327,22,-328,7,-328,-7,-327,-22,-324,-36,-320,-51,-315,-64,-73,-19,-214,-146,-2841,-1942,-12,-23,-51,-112],[91779,476635,2,5,7,-8,-9,3]]]
2806142	r	7.8782,49.506,8.7101,49.8103	[[[78782,497649,122,-151,1609,-1979,1474,-459,1807,429,352,110,8,41,79,113,5,42,-13,42,72,10,86,-8,19,26,1,29,71,11,171,-10,85,-44,31,-7,-17,-24,1,-13,30,-12,2325,723,-3310,1585,-4590,-415,-418,-38,0,-1]]]
2870310	p	2950159
2864475	r	9.4608,53.8806,10.4313,54.2961	[[[94608,540700,11,-201,34,-199,55,-198,77,-196,99,-192,119,-188,141,-183,160,-177,179,-170,198,-163,38,-27,462,5,6587,70,1545,2174,-8017,1906,-167,-92,-232,-147,-216,-155,-198,-163,-179,-170,-160,-177,-141,-183,-119,-188,-99,-192,-77,-196,-55,-198,-34,-199,-11,-201]]]
2935530	r	6.7898,51.6081,7.0882,51.9259	[[[67898,516625,623,-543,14,1,-7,19,42,2,-9,19,78,14,-9,19,84,66,-33,31,-20,37,14,20,320,39,321,99,94,-54,-5,-10,35,-8,18,-13,-14,-4,6,-6,14,4,16,-10,38,16,6,-6,23,0,27,11,55,-24,36,8,21,-12,5,-56,12,-2,4,7,90,-5,17,-19,22,-6,-8,-25,45,2,3,-15,-1,7,25,0,187,32,23,-9,5,4,21,-2,7,14,23,-3,1,-9,8,2,16,2,25,57,112,-4,0,9,36,-10,-17,27,27,14,-9,20,12,1,-21,16,-8,37,37,-2,56,14,2,5,-28,54,-31,5,-24,-6,-133,201,28,16,50,8,32,28,34,15,35,30,1,21,31,32,51,26,37,0,41,19,-22,10,0,3,-9,5,-7,1,-2,4,-1,1,0,1,-2,6,6,6,3,10,10,2,1,1,-7,10,-10,-2,-31,13,-23,35,72,13,-11,21,75,16,-10,45,70,-12,21,17,19,-4,72,41,5,8,-11,6,-24,2,2,28,-12,30,38,-3,10,41,14,1,-36,22,-13,19,-7,-4,-17,6,20,23,122,5,-19,29,-51,25,-6,42,13,138,33,32,40,66,-20,22,-17,42,-68,28,-23,31,-153,-5,4,20,-39,1,-14,-8,-135,35,-48,21,-30,-10,-38,9,-5,8,15,20,-52,14,-1,17,-8,0,0,1363,-2283,-1709,-69,-925]]]
2875457	r	7.4045,51.0867,8.0056,51.3116	[[[74045,512241,176,-768,4837,-606,998,454,-1156,1289,-2922,506,-120,-54,-1,0,-16,-8,-16,-17,8,-23,-11,-45,5,-13,-23,6,-1,-13,-15,-10,-26,-11,-43,-6,17,-7,-12,-13,-23,7,-11,-6,-10,-15,4,-18,-24,-34,-5,-34,-47,-7,-1,-5,-18,2,-53,-30,-30,-1,-21,-32,5,-37,-36,0,-25,-8,-11,16,-46,-16,-12,19,-29,2,-23,-11,-10,7,-17,-9,-5,-24,-23,0,-17,-14,-20,3,-22,-8,-5,19,21,33,-32,4,-4,20,12,16,-13,10,5,3,-1133,-513]]]
2873759	n	8.4146,50.6517,9.1255,51.0361	[[[84146,508100,17,-222,28,-117,1058,-437,4985,-807,213,149,208,178,179,190,150,201,117,209,85,215,51,219,17,222,-17,222,-51,219,-85,215,-117,209,-150,201,-179,190,-208,178,-234,165,-258,149,-280,132,-300,114,-315,95,-328,75,-339,54,-345,32,-348,11,-348,-11,-345,-32,-339,-54,-328,-75,-315,-95,-300,-114,-280,-132,-258,-149,-234,-165,-208,-178,-179,-190,-150,-201,-117,-209,-85,-215,-51,-219,-17,-222]]]
2847631	p	2934691
2940231	p	2935517
2947022	p	2867714
2847645	r	7.2045,52.066,7.5861,52.4345	[[[72045,523056,1008,-2396,2697,634,0,968,9,1,91,26,11,15,-29,78,-21,131,-15,20,-38,-9,-8,4,0,1817,-2931,-532,-774,-757]]]
2817311	r	5.999,51.0826,6.4645,51.4865	[[[59990,510826,3155,1042,-16,37,13,12,18,59,41,24,4,13,34,17,-5,4,67,26,-3,13,13,2,-9,37,1,53,1,0,1,81,58,1,0,-8,34,-3,0,12,68,5,-1,12,20,5,-4,8,132,13,38,-71,70,-43,396,11,58,12,113,47,19,15,-9,6,7,17,75,37,4,27,19,8,32,-8,76,92,68,38,-239,141,-1,0,-208,112,250,84,-5,8,25,-2,52,18,55,31,-3,4,19,5,4,-8,33,12,6,-6,78,26,-15,96,-2646,1864,22,-98,48,-182,-36,-198,-76,-212,-14,-184,151,-113,-58,-88,-31,-219,-53,-125,-100,-88,-254,-111,-104,-64,-513,-594,-211,-161,-102,-111,-86,-199,-29,-223,71,-185,235,-82,498,215,230,-49,-80,-30,-228,-117,210,-123,-149,-125,-570,-194,-764,-378]]]
2938323	r	8.2842,52.7562,8.8379,53.3006	[[[82842,528439,25,-17,232,-131,245,-122,259,-112,270,-102,280,-90,289,-80,297,-67,304,-56,310,-44,313,-31,316,-19,318,-6,318,6,316,19,313,31,310,44,304,56,297,67,221,61,-1047,2490,-24,2,-158,84,-54,38,-28,64,17,47,13,88,6,26,-1,5,1,7,-15,62,-27,2,4,11,-20,26,-30,11,-1,7,24,-1,-31,14,-18,4,-11,4,-100,21,-4,0,-5,1,-124,3,-76,52,-10,14,-8,21,5,17,21,26,9,6,18,27,-157,65,-6,-1,-6,29,34,63,-33,-20,-26,7,-11,17,14,35,-59,54,-108,67,-41,44,-40,70,-32,176,-35,38,-41,25,-43,10,-289,30,-248,77,-181,48,-58,10,-110,55,-75,56,-30,-11,-61,31,-47,57,-8,6,-7,-3,-11,9,6,4,-36,22,-50,77,-35,27,-2033,-3760]],[[84913,532269,134,20,21,-12,50,-1,55,9,14,-24,23,3,-4,-35,24,2,3,-15,27,3,42,-60,57,-6,12,-7,36,8,29,-23,31,-1,73,-52,122,59,60,-29,67,64,196,-43,8,-22,-52,-53,-16,-1,-34,-15,-13,-15,-62,-22,-3,-17,37,-23,-18,-3,-30,-27,11,-8,-8,-23,20,7,18,-3,-3,-9,47,-3,1,7,17,-18,22,-5,-20,-9,8,0,12,-28,22,10,27,0,-1,6,23,10,44,2,-1,4,50,15,-4,46,135,21,-5,18,44,0,18,12,42,-29,22,7,34,-11,-11,-10,22,-10,-12,-13,48,-17,-4,-3,57,-18,13,9,31,-3,29,-14,5,-8,-25,-2,-7,-19,8,2,6,-12,39,-10,14,-48,31,0,7,8,30,-25,-5,8,10,6,41,1,8,18,9,0,-512,1216,-917,-36,-379,-701],[86121,531962,13,12,33,-16,-12,-12,-34,16]]]
2920236	p	2928810
2955471	r	7.864,51.1106,8.6894,51.5747	[[[78640,514587,1,-9,12,-3,-1,-17,49,-18,28,-26,31,-9,5,-22,37,-21,-12,-22,40,-53,-24,-10,8,-17,40,15,7,-12,-24,-25,-7,-47,24,-14,24,5,5,-11,21,-5,0,-16,19,-25,-3,-51,28,-8,8,-14,3,-10,-38,-27,-10,-18,5,-25,-13,-10,22,-13,-25,-25,33,-36,-8,-17,41,-16,-67,-44,4,-13,19,2,12,-18,36,-19,-9,-11,21,-14,2,-23,41,-14,6,-23,30,-12,15,-36,16,0,6,8,-14,13,12,5,16,-28,-212,-421,0,-697,1156,-1289,3333,-158,1187,-57,1488,714,51,52,189,222,166,230,141,236,117,242,91,246,66,249,9,60,-346,270,-5746,2120,-811,-278,-400,-793,-52,-15,-46,23,-48,12,-16,14,-78,20,-41,3,-49,-11,-57,21,-47,53,23,27,-13,6,-5,23,-15,7,-15,-6,10,17,-8,-2,-54,33,-3,11,-28,1,9,-27,-43,-8,-18,4,8,-13,-22,-3,5,-15,-10,-7,-101,-10,6,-26,-27,-28,-52,4,-7,-25,-31,-20,15,-14,-3,-7,35,-14,1,-18,-18,0,2,-22,-66,0,3,-47,-18,-5,-6,9,-39,-33,-32,-1]]]
2821029	p	2886242
2813635	p	2947416
2947421	r	6.1075,51.755,7.0327,52.07	[[[61075,518400,11,-208,33,-208,55,-206,76,-203,12,-25,6705,0,2283,1709,77,80,-3178,1361,-35,-27,-120,-37,-105,-5,-90,-26,-69,-104,20,-153,159,-69,220,-40,653,-226,258,-169,52,-49,25,-67,-10,-122,-50,-31,-77,-8,-82,-56,-228,-256,-232,-172,-271,-90,-5,0,-130,71,1,33,-35,-6,-21,8,-24,60,-26,-12,-31,3,-54,11,5,12,-7,3,-92,-17,-127,-47,-244,-67,-35,-35,-65,-1,-24,10,-210,-46,-185,-32,-163,-58,-67,-39,-18,-3,-2,-9,-51,-10,-4,12,-26,7,-3,21,-40,-9,12,-22,-54,15,-43,-37,-106,-39,6,-10,-4,6,-9,-2,-61,-29,-44,-4,-26,4,-39,-26,-84,-33,-20,5,10,-34,-11,-14,-39,-18,-96,-25,-48,-19,-56,-4,-33,-12,-14,-17,50,-7,9,-4,-155,-43,-204,0,-640,117,81,-225,-41,-100,-375,-65,-30,156,-163,58,-383,37,-45,34,-111,123,-71,43,-83,6,-312,-43,-338,87,-322,161,-322,94,-122,-40,-29,-111,-9,-58,317,-206,134,-131,-161,24,-235,38,-85,14,-5,-97]]]
2937936	r	8.6316,51.7366,9.3037,52.0991	[[[86316,518825,22,-144,6084,-1315,7,4,206,156,189,164,171,171,42,49,-2539,3081,-3551,-1220,-631,-946]]]
2951825	r	11.2045,49.6557,12.0342,50.2443	[[[112046,501156,5,-28,1,-1,601,-3241,1951,-1224,1,0,19,-4,290,-44,293,-31,296,-19,297,-7,297,7,296,19,293,31,290,44,284,56,278,67,271,80,262,91,253,101,241,113,230,122,217,131,203,141,189,149,173,156,157,164,140,170,122,175,105,180,86,184,68,188,48,190,29,192,10,192,-10,192,-29,192,-48,190,-68,188,-86,184,-105,180,-122,175,-140,170,-157,164,-173,156,-189,149,-203,141,-217,131,-230,122,-241,113,-253,101,-262,91,-271,80,-278,67,-284,56,-290,44,-293,31,-296,19,-297,7,-297,-7,-296,-19,-293,-31,-290,-44,-284,-56,-278,-67,-271,-80,-262,-91,-253,-101,-241,-113,-230,-122,-217,-131,-203,-141,-189,-149,-150,-135]]]
2829109	p	2950159
2881485	r	11.6679,48.2005,12.6542,48.7911	[[[116679,485009,21,-139,53,-213,73,-210,2,-5,3994,-2394,133,-15,322,-21,323,-7,323,7,322,21,319,35,315,49,310,63,302,76,295,89,285,101,275,114,263,126,250,137,236,147,221,157,205,167,188,175,171,183,153,191,133,196,114,202,94,206,73,210,53,213,32,214,10,216,-10,216,-32,214,-53,213,-73,210,-94,206,-114,202,-133,196,-153,191,-171,183,-188,175,-205,167,-221,157,-236,147,-244,134,-867,-42,-4923,-239,-2146,-2621]]]
2875115	r	9.9266,52.9587,10.8935,53.54	[[[99266,532483,9,-173,31,-190,52,-188,72,-186,92,-182,111,-179,131,-173,149,-168,167,-162,184,-155,201,-147,216,-139,231,-131,245,-121,257,-111,268,-100,280,-90,288,-79,296,-67,303,-55,308,-44,312,-31,315,-18,316,-7,316,7,315,18,312,31,308,44,303,55,296,67,288,79,280,90,268,100,257,111,245,121,231,131,216,139,201,147,184,155,167,162,149,168,131,173,111,179,92,182,72,186,52,188,31,190,10,190,-10,190,-31,190,-52,188,-72,186,-92,182,-111,179,-131,173,-149,168,-167,162,-184,155,-201,147,-216,139,-231,131,-245,121,-257,111,-268,100,-280,90,-288,79,-296,67,-303,55,-308,44,-312,31,-208,12,-1577,-875,31,-8,13,-10,-48,-25,51,-47,20,-10,71,0,13,6,26,91,43,-1,87,-23,-108,-101,47,-20,-14,-24,-100,-6,2,-14,-58,-12,-157,-69,-212,-50,-51,-17,-71,-49,-100,-146,-36,-21,-60,-16,-121,2,-237,30,-4,0,-2707,-1502]]]
2948917	p	2911298
2940213	r	9.5897,52.3695,10.5902,52.955	[[[95897,527697,304,-227,1,0,4848,-3629,200,-112,317,-34,2604,1326,1690,2345,41,55,-38,61,-148,200,-169,193,-189,186,-209,179,-228,169,-245,160,-262,150,-277,139,-292,128,-304,116,-186,60,-1631,339,-209,21,-356,21,-359,7,-359,-7,-356,-21,-354,-36,-350,-50,-343,-63,-336,-78,-326,-90,-317,-103,-304,-116,-292,-128,-277,-139,-262,-150,-245,-160,-228,-169,-209,-179,-189,-186,-156,-178]]]
2952984	r	10.4713,49.693,11.2653,50.1907	[[[104713,498157,43,-91,103,-178,121,-174,138,-167,155,-162,171,-154,186,-147,201,-139,23,-15,6799,956,-601,3241,-97,58,-226,121,-239,111,-249,100,-259,90,-267,78,-274,67,-281,56,-286,43,-289,31,-292,18,-293,7,-293,-7,-292,-18,-289,-31,-286,-43,-281,-56,-274,-67,-267,-78,-259,-90,-226,-91,-209,-376,-1487,-2671,-124,-222]]]
2955272	r	8.887,49.6811,9.6113,50.252	[[[88870,499484,1427,-2569,8,-2,294,-44,298,-32,301,-19,302,-7,302,7,301,19,298,32,294,44,289,57,283,69,275,80,266,93,257,103,245,114,234,124,220,134,66,45,1283,2141,-6,122,-30,195,-49,193,-69,191,-87,187,-107,183,-125,178,-142,172,-159,166,-176,159,-192,152,-207,142,-220,134,-234,124,-245,114,-257,103,-266,93,-135,39,-4280,-2714,-257,-322]]]
2866135	r	12.662,53.2024,13.858,53.865	[[[126620,535600,13,-234,38,-233,64,-231,89,-228,114,-223,137,-219,162,-214,184,-206,207,-199,228,-190,248,-181,268,-171,285,-160,303,-148,318,-136,332,-124,345,-110,357,-97,366,-82,374,-68,381,-53,386,-38,390,-23,391,-8,391,8,390,23,386,38,381,53,374,68,366,82,357,97,345,110,332,124,318,136,303,148,285,160,268,171,248,181,228,190,207,199,184,206,162,214,137,219,114,223,89,228,64,231,38,233,13,234,-13,234,-38,233,-64,231,-89,228,-114,223,-137,219,-162,214,-184,206,-207,199,-228,190,-80,58,-3178,332,-4008,420,-2,1,-593,62,-205,-77,-318,-136,-303,-148,-285,-160,-268,-171,-248,-181,-228,-190,-207,-199,-184,-206,-162,-214,-137,-219,-114,-223,-89,-228,-64,-231,-38,-233,-13,-234]]]
2937959	r	11.7015,51.5929,12.8112,52.1777	[[[117015,517829,691,-205,5701,-1695,3533,337,12,9,214,185,194,194,173,202,152,208,129,214,107,218,83,223,60,225,36,228,12,228,-12,228,-36,228,-60,225,-83,223,-107,218,-129,214,-152,208,-173,202,-194,194,-214,185,-233,177,-88,59,-4957,1016,-7,-6,-4452,-3772,-200,-170]]]
2876865	r	8.0802,51.3802,8.6449,51.8001	[[[80802,515747,5273,-1945,80,27,294,114,-17,54,-1207,3825,-3605,179,-786,-1593,-32,-661]]]
2885656	p	2950159
2959927	r	9.8316,48.7382,10.6194,49.1907	[[[98316,491459,1419,-4077,1869,278,10,-67,23,-37,72,-20,7,-17,-12,-24,8,-7,43,-6,0,48,7,19,1,18,37,82,-4,119,145,13,7,-15,52,6,78,38,38,7,32,15,63,-1,34,-24,17,-34,-6,-15,1,-1,3933,585,3,58,-11,229,-34,229,-57,226,-78,224,-101,219,-122,215,-143,209,-163,203,-183,195,-202,186,-219,178,-237,167,-253,157,-268,146,-281,133,-294,121,-306,109,-315,94,-325,81,-331,67,-337,52,-342,37,-345,23,-346,7,-346,-7,-345,-23,-342,-37,-337,-52,-331,-67,-325,-81,-315,-94,-243,-87]]]
2936871	p	2934691
2863840	r	6.9806,50.1854,7.886,50.6999	[[[69806,503700,7,-23,74,-204,94,-200,115,-196,135,-191,153,-184,173,-178,190,-170,206,-161,223,-153,238,-143,82,-43,231,126,7133,3887,-2336,1132,-3580,-1127,-2246,-1127,-892,-1045]]]
2820087	r	7.5965,51.4686,7.9108,51.6055	[[[75965,515076,2,-18,783,-372,1230,439,1,-1,224,14,53,15,2,-5,20,5,1,-4,25,0,35,19,13,15,-9,8,23,12,-3,28,29,41,714,255,-751,276,0,-3,-85,-16,-1,2,-28,-8,-3,23,10,4,-27,19,4,24,-7,-2,-1,8,-21,8,-7,-1,-1,4,-515,189,-1612,-399,-23,-31,-5,-47,29,-8,6,-19,-40,-3,27,-34,8,6,15,-10,-15,-8,15,-16,121,18,60,20,32,-19,33,-7,-3,-17,12,-23,-41,-27,-6,-14,38,3,1,-9,-18,-6,3,-9,35,-75,12,0,23,-43,-35,-12,16,-31,-57,-15,22,-27,-140,-20,-223,-96]]]
2853292	r	11.6687,50.1982,12.6023,50.6946	[[[116688,505000,10,-197,30,-197,50,-195,70,-192,90,-189,108,-185,128,-180,145,-174,163,-168,180,-160,195,-153,211,-144,225,-135,238,-125,251,-115,262,-104,272,-93,281,-82,288,-70,295,-57,301,-45,304,-32,307,-19,308,-7,170,4,-177,124,-494,198,-103,119,125,121,103,44,67,46,19,128,-37,143,-81,89,-231,154,252,-12,480,-23,192,-87,59,-93,-3,-171,39,-78,112,-63,146,-29,287,-5,71,-25,34,-36,-6,-46,-44,-57,-16,-1,-13,-3,-13,-6,-13,-7,-27,-19,-9,-21,10,-22,26,-23,175,-113,43,-38,42,-65,8,-28,27,4,295,57,181,44,45,79,197,162,27,159,82,78,111,50,114,77,310,361,107,68,273,98,21,7,119,69,36,13,90,-2,40,14,22,37,-6,39,-14,33,-2,21,27,45,21,51,35,49,74,42,277,152,403,76,327,15,30,51,90,189,70,192,1,5,-4193,2530,-4088,-256,-471,-239,-97,-116,-128,-180,-108,-185,-90,-189,-70,-192,-50,-195,-30,-197,-10,-197]]]
2855598	p	2950159
2905560	r	7.0666,51.55,7.1799,51.6342	[[[70666,516156,67,-62,11,-35,6,6,26,-11,-17,-50,1,-46,-12,-2,-3,-14,1,-42,12,-20,141,28,13,20,61,8,1,-8,19,-1,41,5,1,10,14,0,65,-34,25,-21,19,-2,12,-23,14,1,5,-7,10,8,24,-8,26,-23,34,-51,-19,0,12,-4,-8,-7,1,-1,48,-25,48,-10,9,-15,-7,-16,25,-68,54,-113,-2,0,69,-13,87,-1,4,-8,23,-1,14,9,21,-1,2,6,17,2,-2,7,19,-12,29,6,26,-5,25,15,21,-2,-23,22,-22,46,-65,192,-9,55,-19,0,22,111,40,26,-35,17,-17,23,-21,-4,-16,23,6,1,-20,8,-12,15,4,30,-18,29,42,0,1,11,-55,93,-6,43,-19,-4,-129,63,-1,0,-80,17,-10,-19,-51,-24,-35,-2,-4,-12,-16,0,6,-11,-20,12,2,-20,-14,-8,-37,-1,-6,15,-88,-24,-19,39,-84,-33,-12,16,-100,-30,-8,14,-108,-33,-44,16,-27,-49,-6,-32]]]
2906121	r	8.3724,52.0578,8.8044,52.3818	[[[83724,522153,1828,-1127,21,43,14,10,4,-2,8,10,42,-28,32,8,13,-10,4,5,17,-26,-29,-7,18,-19,-23,-2,2,-6,26,-1,3,-10,25,-13,-39,-26,9,-17,-49,-16,-15,6,-2,-10,23,-25,0,-38,45,-60,-8,-11,14,-23,28,-6,5,7,64,-4,37,38,6,27,22,-2,9,16,149,52,-18,4,72,-6,-34,-37,5,-12,25,-3,2,-58,120,0,18,-17,-31,-20,1,-26,-22,-20,5,-18,41,-4,40,-15,20,-17,28,2,-3,-24,57,6,43,-14,38,4,0,-9,40,-4,6,-19,33,3,4,13,25,-3,-10,42,11,3,2,11,-6,1,-2,7,22,3,29,41,-4,10,18,30,45,26,18,17,12,8,1,4,2,1,6,31,-18,43,116,10,77,19,31,20,62,7,0,13,50,8,13,-10,26,3,4,-12,17,2,10,-8,-7,-15,93,-4,28,39,96,77,-50,55,126,33,-14,21,-56,-5,9,23,26,23,53,31,-11,42,76,6,-36,23,3,39,47,22,31,6,-11,12,67,9,2,20,-19,21,5,6,-15,-3,-4,16,30,12,3,22,-16,-4,-7,24,-17,-2,538,498,-3304,1849,-1016,-1665]]]
2917540	r	6.2885,50.9808,6.7149,51.1692	[[[62885,510171,798,-363,2135,390,-3,-14,19,2,31,21,110,20,105,-14,139,35,120,0,15,7,19,13,-3,23,3,9,523,96,191,192,-39,379,-21,-4,4,36,-66,-12,-4,30,0,1,16,83,30,46,42,-20,57,43,-3,2,19,10,27,3,-1,2,-36,58,4,28,-20,52,-140,0,-101,30,-29,-22,-20,11,-38,-28,-34,13,-22,-19,-34,3,-45,120,-8,5,-1,19,-28,-36,-36,-11,-4,-17,20,-5,2,-9,-40,-28,-44,21,-9,11,-79,34,-60,39,35,22,-112,59,-36,-28,-96,2,11,-1,-1,-5,-520,187,-320,-177,8,-4,-15,-11,66,-35,-59,-5,-14,-11,-20,10,-23,-17,18,-14,-36,-12,6,-11,-89,-9,-8,27,-386,-214,29,-73,-9,-14,-22,-7,-20,11,-3,14,-56,23,-1,0,-299,-166,-2,-15,35,-19,37,-76,-126,-22,-3,9,-47,-2,-34,-14,-50,3,-15,23,-1284,-713]]]
2812482	r	11.185,50.6775,11.5944,51.2826	[[[111850,506919,215,-41,304,-45,308,-33,311,-19,266,-6,2690,5544,-257,101,-276,94,-284,81,-293,70,-299,57,-304,45,-308,33,-311,19,-312,7,-312,-7,-311,-19,-308,-33,-304,-45,-215,-41,0,-5762]]]
2891524	p	2886242
2923822	r	9.1983,50.2419,10.1617,50.8581	[[[91983,505500,11,-202,31,-200,51,-199,72,-196,91,-193,111,-189,130,-184,149,-178,166,-171,184,-164,200,-156,215,-147,230,-138,244,-128,256,-117,268,-106,278,-95,287,-84,295,-71,301,-58,307,-46,311,-33,314,-20,315,-6,315,6,314,20,311,33,307,46,301,58,295,71,145,42,1306,559,112,67,215,147,200,156,184,164,166,171,149,178,130,184,111,189,91,193,72,196,51,199,31,200,11,202,-11,202,-31,200,-51,199,-72,196,-91,193,-111,189,-130,184,-149,178,-166,171,-184,164,-200,156,-215,147,-230,138,-244,128,-256,117,-268,106,-278,95,-287,84,-295,71,-301,58,-307,46,-311,33,-314,20,-315,6,-315,-6,-314,-20,-311,-33,-307,-46,-301,-58,-295,-71,-287,-84,-278,-95,-268,-106,-256,-117,-244,-128,-230,-138,-215,-147,-200,-156,-184,-164,-166,-171,-149,-178,-130,-184,-111,-189,-91,-193,-72,-196,-51,-199,-31,-200,-11,-202]]]
2935825	p	2886242
2950438	p	2886242
2922586	p	2910831
2823538	p	2950159
2810678	r	6.0903,51.5512,6.7967,51.755	[[[60903,516700,11,-216,3,-19,75,-20,-55,-106,11,-71,57,-213,78,-211,64,-130,234,-202,373,7,3742,67,2402,1039,69,925,-6886,0,-76,-205,-57,-213,-34,-216,-11,-216]]]
2891621	r	9.8828,47.4397,10.7387,48.0203	[[[98828,477525,267,-1256,45,-80,115,-173,133,-167,148,-162,163,-154,178,-147,192,-139,205,-130,216,-120,228,-111,239,-100,247,-90,256,-78,262,-67,268,-55,274,-43,276,-31,280,-19,280,-6,280,6,280,19,276,31,274,43,268,55,40,10,-1,41,-41,124,-54,88,-85,65,-141,51,101,399,13,93,-66,112,-87,110,-15,86,150,40,168,21,76,20,35,-19,45,-93,-13,-39,-48,-48,-38,-64,18,-86,53,-46,81,-39,156,-48,426,-44,118,14,127,69,203,191,138,66,242,-2,405,-104,17,14,163,154,148,162,133,167,115,173,99,178,82,182,63,185,46,187,28,189,9,190,-9,190,-28,189,-46,187,-63,185,-82,182,-99,178,-115,173,-133,167,-148,162,-163,154,-178,147,-192,139,-205,130,-216,120,-228,111,-239,100,-247,90,-256,78,-262,67,-268,55,-274,43,-276,31,-280,19,-280,6,-280,-6,-280,-19,-276,-31,-274,-43,-268,-55,-262,-67,-256,-78,-247,-90,-239,-100,-228,-111,-216,-120,-205,-130,-192,-139,-178,-147,-163,-154,-148,-162,-133,-167,-115,-173,-99,-178,-82,-182,-63,-185,-46,-187,-22,-154]]]
2831948	r	8.6011,48.5813,9.1947,48.8526	[[[86011,485813,5818,385,118,40,-208,576,-352,280,-151,-13,-48,2,-131,24,-188,45,-156,101,-85,21,7,16,38,16,3,18,-10,18,-101,-11,-25,43,8,7,-32,24,-33,0,-26,8,-41,-7,-30,7,12,22,68,40,61,6,58,-12,71,9,17,-5,16,13,-53,-6,-13,21,6,25,23,28,25,13,13,-3,-16,-3,61,-5,16,-9,23,13,-10,27,-1118,886,-157,53,-3418,-2408,-60,-305]]]
2835482	r	9.5648,48.6485,9.9735,49.1347	[[[95648,488452,1466,-871,4,8,2,46,24,-10,11,9,-17,18,8,37,12,-1,-15,17,-1,19,23,-1,28,-16,24,2,57,-12,23,-12,34,2,8,42,6,8,8,-1,-1,10,17,16,11,1,21,-20,32,4,-22,-20,28,2,36,-31,-4,-17,20,-14,30,-41,0,-21,-27,-15,-1,-18,14,-6,-17,-9,32,-38,-111,-5,0,-12,-9,1,-23,-20,-2,-36,-20,-10,1601,-952,777,897,-1377,3956,-28,2,-330,7,-330,-7,-160,-11,-1577,-1066,-285,-1811]]]
2844988	r	11.6925,47.604,12.5475,48.1488	[[[116925,478600,9,-189,28,-188,45,-186,64,-184,81,-181,98,-177,116,-172,132,-167,147,-160,163,-154,178,-146,191,-138,204,-129,217,-120,227,-110,237,-100,66,-23,231,31,2297,-67,80,11,285,247,36,64,11,94,-17,267,-28,55,-50,23,-82,55,-73,65,-32,56,-20,81,158,44,241,135,87,37,145,43,25,3,-31,-45,-26,-107,-35,-79,-64,-60,-33,-70,55,-110,99,-60,109,11,223,79,218,21,578,-83,169,19,393,101,164,-21,47,-58,91,-187,35,25,178,146,163,154,147,160,132,167,116,172,98,177,81,181,64,184,45,186,28,188,9,189,-9,189,-28,188,-45,186,-64,184,-81,181,-98,177,-116,172,-132,167,-147,160,-163,154,-178,146,-191,138,-204,129,-217,120,-227,110,-237,100,-247,89,-255,78,-262,67,-268,54,-272,43,-276,31,-278,19,-280,6,-280,-6,-278,-19,-276,-31,-95,-15,-3332,-2593,-5,-35,-9,-189]]]
2945358	r	11.9262,52.0553,12.8443,52.808	[[[119262,524809,945,-1187,1454,-1828,13,-17,4957,-1016,1016,-208,111,25,32,333,619,6368,34,352,-148,49,-377,105,-387,89,-395,74,-403,58,-408,41,-412,25,-413,8,-413,-8,-412,-25,-408,-41,-403,-58,-395,-74,-387,-89,-377,-105,-365,-120,-351,-134,-336,-148,-320,-161,-301,-173,-283,-186,-262,-196,-241,-206,-219,-216,-195,-224,-170,-231,-146,-238,-120,-243,-94,-247,-40,-148]]]
2842884	r	8.3416,49.813,8.6232,50.1297	[[[83416,500314,394,-2184,2422,1840,-313,248,1,-41,-109,-2,-49,-21,-61,100,-71,12,-40,-8,-102,-5,-173,-40,-115,-5,-37,63,32,8,-29,49,50,12,-18,28,246,98,89,23,-34,62,-275,218,14,-39,29,-35,3,-32,-13,-19,-53,-26,-32,24,6,7,-69,29,-23,27,-28,14,13,11,-57,24,-7,12,12,47,-31,7,-40,24,3,15,-62,-15,-14,5,4,10,-9,3,9,21,-82,53,-12,16,14,5,-64,28,6,7,-13,6,82,55,-51,34,19,16,8,-3,10,7,2,-1,-240,191,-705,-502,-7,-30,-79,-82,-7,-18,-12,19,-39,-11,-14,9,-107,-76,14,-14,-18,-14,16,-7,9,-12,-6,-4,28,-13,-31,-11,16,-20,-3,-7,42,5,5,-10,19,1,42,17,11,-5,9,9,73,-53,-170,-65,46,-16,-78,-37,-81,-18,-13,22,-102,-40]]]
2885657	p	2950159
2857798	r	7.7505,48.3089,8.4133,48.6881	[[[77505,484439,5536,-1350,696,363,44,64,107,190,88,194,68,197,50,199,29,202,10,202,-9,192,-5019,1989,-146,-116,-153,-88,-165,-35,-117,-55,-256,-265,76,15,17,-2,-31,-86,-30,-55,-256,-272,-2,-5,-24,-93,0,-84,27,-85,13,-90,-1,-66,-14,-71,92,-165,0,-68,-81,-42,-7,-27,-43,-62,-57,-48,-211,-85,-23,-40,-21,-190,-50,-97,-66,-65,-69,-95,-2,-5]]]
2881085	p	2886242
2826287	r	12.5719,54.0242,13.5693,54.606	[[[125720,543100,11,-195,33,-194,54,-193,48,-122,317,-536,61,-80,157,-172,175,-166,194,-158,211,-151,227,-143,243,-133,257,-124,270,-114,282,-103,293,-92,303,-81,311,-68,183,-33,3573,2059,-35,42,-256,82,-348,49,-523,174,-214,-12,49,37,30,8,137,-15,19,23,-5,17,-70,41,0,19,-32,0,-3,2,-10,12,6,10,-30,-24,-275,0,-35,29,-21,29,3,55,91,195,-51,48,-8,49,-59,37,-129,19,-55,72,-52,177,-103,-13,-159,-5,-18,67,189,198,-119,67,-433,131,-118,97,-76,127,5,120,127,72,-254,44,-397,-87,-397,-150,-256,-148,-89,-99,-104,-162,-85,-81,-112,-58,-101,-17,-192,7,-101,-14,-36,-11,-38,19,-170,128,-63,63,-48,72,-28,78,-88,-73,-97,-47,-108,-3,-117,61,-111,-77,-112,31,-102,88,-90,95,-34,-79,-46,-67,-125,-127,24,125,59,114,101,79,150,23,0,74,-127,8,-122,-10,-118,-27,-104,-45,20,-34,27,-76,22,-33,-546,-182,-298,-46,-88,47,-23,-58,-54,-193,-33,-194,-11,-195]],[[125895,543876,52,-17,-3,43,15,13,27,0,36,6,-82,7,-16,3,-29,-55]],[[126033,544126,51,-62,61,133,97,32,259,-28,203,0,57,25,107,90,78,21,264,-21,427,-94,1071,-54,255,33,249,134,-128,111,-288,42,-230,-77,-375,106,-1858,0,-89,-97,-137,-178,-74,-116]],[[130614,544685,68,0,14,212,19,100,35,97,61,78,141,72,74,55,96,208,9,194,58,163,245,117,0,-204,63,0,0,137,40,-3,28,-20,6,-11,1,111,-61,58,-113,11,-138,-4,-164,-25,-73,-70,-67,-253,-314,-657,-28,-230,0,-136]],[[131155,543381,620,-279,0,-63,-152,38,-134,-29,-61,-68,69,-77,100,7,306,88,145,-26,-56,-128,109,-86,177,-50,146,-16,64,-29,92,-59,99,-39,90,28,73,35,105,13,200,-11,-28,34,-40,28,61,52,66,40,146,51,-103,-153,-54,-118,-80,-53,103,-39,368,212,10,71,220,67,13,2,402,231,58,54,347,180,1057,609,-83,161,-117,183,-137,178,-157,172,-175,166,-149,122,-319,-5,-249,52,-198,167,64,152,-118,136,-24,18,-139,67,-256,108,-5,-3,0,-68,87,-15,96,-45,84,-15,-60,-110,-90,-63,-115,-25,-144,6,92,145,50,47,-44,47,-48,23,-55,6,-63,-1,87,56,40,48,-208,76,-53,16,-133,-80,-144,-116,83,-156,-38,-114,-76,-37,-43,71,-53,131,-118,52,-116,27,-54,60,-166,22,-765,-66,-230,-65,90,1,65,-23,37,-52,12,-87,22,-77,47,-23,46,-8,22,-32,79,-45,179,12,295,68,9,-71,-18,-32,-31,-17,-34,-24,78,-88,122,-48,277,-62,-62,-46,-61,-20,-13,-2,0,-68,-205,-22,-302,-94,-270,-39,-75,-53,-173,-209,444,69,102,-26,63,-54,75,-49,136,-7,0,-63,-46,-104,49,-98,119,-67,157,-10,-297,-119,-139,-15,-116,66,-69,-68,-305,117,-254,-67,-197,-177,-137,-215]],[[132498,545765,35,-119,200,-37,181,79,137,87,-4,1,-303,81,-195,43,-51,-135]]]
2911271	r	9.0492,51.8,9.7054,52.3222	[[[90492,521145,6,-154,2442,-2963,27,-3,316,-19,317,-6,317,6,316,19,313,32,310,45,303,57,297,69,290,81,280,93,269,103,258,115,246,124,231,135,24,15,-1,4,-625,2921,-1209,656,-2513,747,-2214,-2077]]]
2924585	r	9.33,47.5219,9.924,47.9776	[[[93300,476262,2175,-917,24,-10,42,-8,585,-108,559,6,-45,33,154,-23,246,79,145,153,124,182,218,172,144,52,150,11,142,-34,117,-87,33,-118,-20,-122,38,-105,204,-72,80,4,123,54,51,9,301,-75,199,-10,38,57,108,194,5,10,-145,680,-267,1256,-191,894,-121,115,-194,160,-210,152,-224,142,-237,132,-249,121,-260,110,-270,98,-280,85,-286,74,-294,60,-298,47,-303,34,-305,20,-306,7,-306,-7,-305,-20,-303,-34,-298,-47,-288,-59,0,-3347]]]
2919054	r	9.4362,48.4495,9.8958,48.8452	[[[94362,485855,1601,-1360,2927,1315,68,675,-1601,952,20,10,2,36,23,20,9,-1,0,12,111,5,-32,38,17,9,-14,6,1,18,27,15,0,21,-30,41,-20,14,4,17,-36,31,-28,-2,22,20,-32,-4,-21,20,-11,-1,-17,-16,1,-10,-8,1,-6,-8,-8,-42,-34,-2,-23,12,-57,12,-24,-2,-28,16,-23,1,1,-19,15,-17,-12,1,-8,-37,17,-18,-11,-9,-24,10,-2,-46,-4,-8,-1466,871,-756,-760,-530,-1837]]]
2918987	r	14.4542,50.8435,15.0221,51.4847	[[[144542,511600,11,-221,35,-221,57,-218,79,-216,102,-211,124,-208,144,-201,63,-74,266,-43,123,-60,121,-93,76,-79,31,-98,-18,-150,-21,-33,137,-105,239,-161,18,-10,42,11,121,-2,54,-113,-9,-20,30,-18,271,-140,285,-129,298,-117,309,-104,320,-92,166,-39,88,149,1,187,142,147,355,250,504,759,378,603,11,3,7,26,7,11,63,-5,54,-5,11,7,-7,13,15,9,34,51,33,17,-13,17,15,20,-33,1,-5,16,10,9,33,7,12,17,19,2,7,14,19,1,19,13,-14,14,5,17,-17,11,9,19,-18,6,16,14,-11,18,36,0,-4,25,28,0,14,11,-2,14,-19,9,9,17,-25,9,9,13,27,2,-10,20,14,15,-2,13,-21,30,-34,16,-4,14,30,8,-12,17,16,7,11,21,-18,24,7,15,20,6,16,-15,39,2,77,44,11,18,-31,11,5,49,16,28,-14,53,-46,46,-3,13,16,9,24,-4,19,7,45,59,-27,43,-39,32,-12,50,119,53,-3,18,-29,19,-3,10,33,31,3,28,33,19,4,21,-41,86,9,10,45,9,7,13,29,12,7,12,-2,16,-14,8,-48,3,7,22,-11,31,53,37,3,24,-9,7,-22,0,-3,23,68,9,6,14,-12,13,19,30,-33,2,-20,12,-24,6,119,146,-42,28,-36,31,52,290,-146,196,-226,167,-185,204,-28,69,-44,179,0,10,-60,423,-37,264,85,125,-103,138,-185,121,-156,77,-227,67,-469,87,-8,3,-228,-43,-328,-78,-320,-92,-309,-104,-298,-117,-285,-129,-271,-140,-256,-152,-239,-161,-223,-171,-204,-180,-185,-188,-166,-196,-144,-201,-124,-208,-102,-211,-79,-216,-57,-218,-35,-221,-11,-221],[149583,510784,1,35,22,5,1,-9,10,8,55,-7,5,6,-28,11,2,0,47,-15,11,-11,15,14,42,16,-32,-12,10,-3,0,-12,12,4,-2,-17,-28,-10,-40,5,-17,9,-3,-6,-12,4,-6,13,-6,-13,-43,-7,-16,-8]]]
2826595	r	6.1367,50.4543,6.4283,50.8226	[[[61367,506659,244,-237,-133,-54,116,-144,206,-69,691,-11,22,-60,-70,-89,-114,-87,0,-37,-223,-84,-315,-167,-184,-184,166,-134,-78,-77,13,-45,81,-22,117,-6,-80,-86,81,-48,85,-114,80,-41,99,-3,338,67,12,8,10,6,25,5,22,-5,23,-14,153,-47,433,-63,182,-7,-112,-70,-24,-80,29,-90,14,-27,10,1,322,48,248,48,427,863,-603,2073,-27,8,3,2,-12,1,-9,3,-24,18,-28,-1,-18,5,-11,9,35,67,-32,-9,-32,12,13,45,-25,14,13,12,-9,24,28,15,14,43,-10,28,-20,17,-8,-17,-25,-17,-25,-10,-31,0,-14,-51,-28,-4,-16,7,-18,-3,-19,-15,-1,-17,-21,-12,-60,12,-9,8,-3,-9,-29,-12,3,-34,0,5,-107,34,-19,32,-14,8,2,19,41,26,-12,17,-54,5,-19,12,-20,-7,-5,5,-87,-38,-21,14,-29,-17,-24,17,-3,-9,-63,4,-18,-10,-15,7,-41,-35,-56,3,-58,-24,-40,33,-8,-5,-45,38,-21,45,-112,-49,-7,9,26,31,-11,14,-22,-6,-21,3,-27,29,14,8,-27,18,30,18,-35,38,-130,-61,-35,-9,-42,-1,2,11,-18,15,23,61,23,-4,5,15,21,-4,7,5,-2,10,-65,11,-16,-43,-92,14,4,17,-48,10,-18,-3,-3,-1,-6,-7,-2,28,2,-35,-1,-1,6,-72,-91,-16,-55,-44,27,-24,-48,-16,35,-56,38,-23,7,2,-4,-7,54,-11,-5,-10,16,-7,-11,-7,4,-8,16,-12,14,-2,7,-11,49,11,-9,-36,88,-90,-40,-39,-47,-22,5,-4,-16,-7,9,-9,-32,-13,25,-24,-5,-21,-16,-14,22,-13,-30,-21,14,-8,-32,-28,29,-13,-22,-8,72,-37,-7,-18,28,-33,-21,-6,13,-18,15,1,3,-15,27,0,7,-13,5,-12,-15,-11,9,-2,-19,-8,10,-19,12,0,-15,-20,17,-8,-8,-5,20,-18,-13,-4,61,-50,1,-13,71,-61,-33,-17,-22,15,-31,-18,-13,-41,-96,-77,-30,-41,-25,3,-3,-9,14,7,17,-6,-14,-19,-8,-58,-12,-20,-12,-2,27,-63,-60,11,-58,-13,-164,-13,-43,76,10,2,4,13,-49,14,-17,16,5,6,-79,29,-12,22,-21,15,-15,2,4,12,-23,41,15,19,-28,21,-42,-250]],[[61599,508044,73,6,29,18,5,17,15,0,2,-22,25,-14,157,22,71,20,32,15,-378,120,-31,-182]]]
2925535	r	13.9772,52.0143,14.7614,52.6936	[[[139772,523500,13,-230,36,-230,62,-227,85,-225,108,-220,132,-216,155,-210,177,-203,198,-196,218,-187,238,-178,256,-169,55,-31,5215,-771,433,-64,108,121,42,95,19,92,32,89,76,85,184,142,-650,300,-100,143,61,260,107,182,38,143,-144,139,0,62,195,158,3,205,-155,176,-280,75,-284,41,-339,107,-224,154,59,182,-209,291,-164,300,2,24,-15,48,-25,35,-37,36,-55,391,518,279,242,235,165,234,-46,107,-186,104,77,232,280,359,-311,156,-57,40,-581,397,-598,144,-287,240,-190,54,-105,61,-63,75,-238,-34,-359,-67,-351,-81,-341,-95,-331,-109,-318,-121,-305,-135,-289,-146,-274,-157,-256,-169,-238,-178,-218,-187,-198,-196,-177,-203,-155,-210,-132,-216,-108,-220,-85,-225,-62,-227,-36,-230,-13,-230]]]
8334622	p	2950159
2953504	r	7.9105,48.4665,8.6072,48.9244	[[[79105,486881,5019,-1989,573,-227,196,70,277,114,187,89,633,847,21,28,60,305,-1584,2406,-2840,720,-166,-207,-454,-824,-124,-138,-61,-34,-366,-131,-88,-2,-22,-25,-47,-30,-46,-53,-22,-94,-21,-55,-57,-33,-77,-17,-281,-3,-114,-25,-52,-90,-13,-190,-44,-79,-108,-95,-132,-86,-119,-51,-128,-101]]]
2909230	r	7.1081,51.3101,7.3174,51.4253	[[[71081,514065,36,-10,10,-18,-4,-33,61,-63,3,-18,-11,-22,6,-11,-9,-7,10,4,12,-14,-29,-15,0,-1,-2,-1,-3,-15,12,-14,1,-15,-2,-3,-2,-4,17,-7,-10,8,38,1,8,-15,-2,-4,6,-2,0,-1,2,0,6,4,6,-5,9,3,10,19,11,-3,29,12,2,-12,36,-28,37,19,12,-6,-9,-10,8,-18,7,4,3,-18,11,13,10,-6,15,4,-3,-10,10,2,22,24,37,-3,3,-8,-17,-5,5,-7,42,-4,-13,-29,17,1,61,-67,-17,-12,-8,-40,-96,-73,-2,-12,23,-14,14,-5,18,8,4,-10,-16,-3,-24,-26,-4,-14,13,-7,-9,-10,-37,-13,7,-7,-8,-18,10,-11,13,3,18,-13,-17,-21,5,-13,17,-1,23,12,17,-3,6,-25,13,-3,23,-30,57,-14,27,-20,-8,-53,40,-30,-25,-23,-5,-20,34,-5,4,-15,23,-9,51,1,55,38,112,27,15,13,11,-3,36,10,41,17,0,19,21,9,-27,29,1,0,1019,-115,110,303,-202,320,-19,7,-4,12,-16,3,-50,-67,-33,-12,-91,-10,-63,27,-33,39,-6,51,-36,32,-19,-1,-42,-17,12,17,-1,1,0,1,-6,5,-20,-5,-18,34,20,7,-4,7,-13,-1,-6,7,-30,-9,-8,20,10,19,-14,11,-21,2,11,4,2,14,-6,44,26,-1,27,13,-3,31,-16,8,64,36,-8,0,-29,40,38,40,12,24,-54,-67,-19,-15,-38,-9,-87,9,-93,-14,-31,11,-46,3,-150,60,-70,8,-80,-9,-32,8,-24,-2,-7,9,-29,4,-30,-4,-23,-13,7,-11,-37,-20,-66,-15,-13,33,-59,-21,-48,-9,-46,39,-3,8,-5,0,-15,12,-18,22,-13,5,-5,5,-69,24,-14,-8,14,-22,-14,-3,6,-16,-47,-51,-32,-14,10,-13,-28,-11,2,-9,-6,13,-49,-21,-2,-13,-9,4,-39,-12,-18,10,-69,-22],[71177,513806,-2,1,1,0,1,-1]]]
2904795	p	2934246
2807748	p	2911298
2841648	p	2886242
2928963	r	6.0352,50.7575,6.4093,51.0632	[[[60352,510632,1278,-2406,378,-120,-32,-15,-71,-20,2,-28,6,7,3,1,18,3,48,-10,-4,-17,92,-14,16,43,65,-11,2,-10,-7,-5,-21,4,-5,-15,-23,4,-23,-61,18,-15,-2,-11,42,1,35,9,130,61,35,-38,-30,-18,27,-18,-14,-8,27,-29,21,-3,22,6,11,-14,-26,-31,7,-9,112,49,21,-45,45,-38,8,5,40,-33,58,24,56,-3,41,35,15,-7,18,10,63,-4,3,9,24,-17,29,17,21,-14,87,38,5,-5,20,7,19,-12,54,-5,12,-17,-41,-26,-2,-19,14,-8,19,-32,106,-33,-2,28,29,12,3,9,9,-8,60,-12,21,12,1,17,19,15,18,3,16,-7,28,4,14,51,31,0,25,10,25,17,8,17,20,-17,10,-28,-14,-43,-28,-15,9,-24,-13,-12,25,-14,-13,-45,32,-12,32,9,-35,-67,11,-9,18,-5,28,1,24,-18,9,-3,12,-1,-3,-2,27,-8,177,771,-1,3,1,0,236,1028,-410,430,-798,363,-2533,461]]]
2924599	p	2950159
2959223	r	7.6358,51.6408,8.1621,51.9912	[[[76358,517960,1724,-598,-3,6,9,4,43,3,1,23,72,-7,31,35,0,12,27,8,51,0,18,-25,-6,-75,23,-18,9,-14,-5,-9,90,-28,145,-11,5,-21,45,6,87,53,58,-41,18,-55,26,2,6,-14,19,-1,2,-12,18,4,3,-9,8,2,11,-42,-9,-2,0,-87,16,-5,-3,-18,21,18,42,9,13,-9,55,7,21,-23,17,18,68,-2,-8,20,47,-8,48,6,6,-15,24,-5,22,12,7,-14,15,-7,15,0,24,13,11,-17,44,9,5,-8,-27,-11,7,-8,1,0,1,-1,37,2,19,-11,21,3,31,-27,26,-4,12,-9,37,0,58,-30,30,-3,14,-13,29,6,19,-2,5,-9,21,1,4,-12,28,-5,-14,-8,27,-9,-3,-13,23,2,8,-23,20,-1,45,-15,-4,-25,11,-5,0,-15,21,6,44,-20,29,-28,-13,-18,-51,3,924,-320,786,1593,-1476,1910,-3786,-1951]]]
2953358	r	8.6532,51.9771,9.0498,52.1969	[[[86532,520634,11,-45,64,-13,-5,-20,32,-18,-26,-86,2,-5,-11,-46,7,-7,-41,-30,-13,-19,-16,-3,411,-571,3551,1220,-6,154,-2448,824,-538,-498,17,2,7,-24,16,4,-3,-22,-30,-12,4,-16,15,3,-5,-6,19,-21,-2,-20,-67,-9,11,-12,-31,-6,-47,-22,-3,-39,36,-23,-76,-6,11,-42,-53,-31,-26,-23,-9,-23,55,5,1,0,14,-21,-2,-1,-124,-32,50,-55,-96,-77,-28,-39,-93,4,7,15,-10,8,-17,-2,-4,12,-26,-3,-13,10,-50,-8,0,-13,-62,-7,-31,-20,-77,-19,-116,-10,18,-43,-6,-31,-2,-1,-1,-4,-12,-8,-18,-17,-45,-26,-18,-30,4,-10,-29,-41,-22,-3,2,-7,6,-1,-2,-11,-11,-3]]]
2928396	r	6.3682,50.3052,7.0698,50.735	[[[63682,504290,38,-29,249,-170,265,-159,282,-147,295,-135,309,-123,321,-109,332,-96,340,-82,348,-67,354,-53,359,-38,362,-22,364,-8,364,8,362,22,359,38,354,53,21,4,446,523,892,1045,-1534,2605,-1240,0,-40,-36,-55,-66,-49,-77,-119,36,5,14,-17,13,-97,40,-7,-5,-64,24,-12,-10,-108,17,-88,0,-97,25,-47,-7,-2,17,-28,15,-640,0,-2176,-1847,-427,-863,-174,-350]]]
2872504	p	2934246
2806914	r	10.4318,51.86,11.0255,52.2258	[[[104318,521293,28,-1,-9,-29,63,-1,-6,-17,356,-24,0,-630,42,6,42,16,47,9,-17,-99,-69,-2,-3,-40,11,-19,-40,-3,-13,4,0,-1835,16,-2,316,-19,318,-7,318,7,316,19,313,32,310,45,304,57,298,69,289,81,280,92,270,104,259,114,245,125,232,134,217,143,202,152,185,160,168,166,150,173,131,179,112,184,92,188,72,191,52,193,31,196,9,159,-1901,695,-2358,-85,7,16,-21,38,-48,-7,-8,9,-32,1,-81,-24,-49,28,-24,-23,-2,-28,10,-15,-10,-13,-22,-4,11,-15,-4,-28,39,-9,-5,-32,8,0,11,-19,-29,-9,-45,-4,3,-11,-26,1,-60,5,-92,34,-24,-34,-46,15,-70,-95,0,-33,-53,8,-37,-7,-27,-14,-20,25,-33,-8,-4,10,-24,-1,-15,-13,16,-6,-34,-8,2,-7,-29,-8,3,-9,-33,-11,-3,8,-31,-6,13,-32,-43,0,3,-6,-31,-6,2,-9,-22,-6,1,-14,43,-7,-9,-10,-35,-2,15,-21,-71,-7,-8,-25,-79,-4,2,-32,-51,-2,-369,-294,-2,7,-41,-4,-65,-103]]]
2897216	p	2886242
2805059	p	2950159
2834498	r	9.7989,49.7983,10.6324,50.3223	[[[97989,500500,6,-125,5811,-2392,6,2,251,73,243,84,234,94,224,104,73,39,1487,2671,-56,155,-80,170,-97,167,-114,162,-130,157,-145,152,-161,144,-175,138,-188,130,-201,122,-213,113,-224,104,-234,94,-243,84,-251,73,-258,63,-264,52,-268,40,-272,29,-275,18,-275,6,-275,-6,-275,-18,-272,-29,-268,-40,-264,-52,-258,-63,-251,-73,-243,-84,-234,-94,-224,-104,-213,-113,-201,-122,-188,-130,-175,-138,-161,-144,-145,-152,-130,-157,-114,-162,-97,-167,-80,-170,-62,-174,-45,-176,-27,-177,-9,-178]]]
2864054	r	7.7723,49.0545,8.3173,49.552	[[[77723,490973,164,-100,269,-146,284,-133,120,-49,474,144,3390,1027,336,1289,104,25,191,19,-12,37,91,-5,37,4,2,25,-26,3,-80,36,-34,1,-42,13,-63,-14,-92,21,-34,-3,235,900,0,1,-1050,992,-1474,459,-2790,-4546]]]
2851746	p	2886242
2913761	r	7.3379,50.7609,7.9058,51.1473	[[[73379,510627,350,-1524,177,-135,2390,-1347,21,-12,2741,3258,-4837,606,-421,-423,-421,-423]]]
2808747	p	2911298
2815330	r	9.2337,48.7692,9.5933,49.0263	[[[92337,488493,31,-14,15,-16,26,9,32,0,-20,-26,-49,-26,30,-33,-17,-14,12,-1,-3,-11,67,-19,-28,-3,-12,-27,-17,-13,10,-36,20,-4,0,-30,21,2,8,-18,15,3,10,-23,10,3,5,-10,29,8,9,-28,10,3,5,-15,-11,-2,8,-23,10,2,5,-10,0,-13,-36,-7,10,-62,11,1,0,-20,-8,-2,7,-14,-9,-2,43,-47,4,0,36,-3,-3,-9,20,-6,-13,-12,24,-11,1,10,39,2,39,16,14,-29,-14,-19,25,11,15,-6,72,-1,17,8,23,-2,16,13,13,-9,-27,-30,25,-11,41,20,35,-27,1904,-168,756,760,285,1811,-1441,-184,-2155,-1586]]]
2861934	r	6.6717,52.3056,7.2819,52.6592	[[[66717,525417,123,-157,35,-179,15,-176,61,-149,197,-140,264,-79,791,-69,517,-121,282,-28,263,11,250,45,93,53,62,68,63,18,609,-606,140,-257,-84,-365,-54,-76,1701,-154,774,757,-2428,2779,-24,-118,-182,-214,-357,68,-151,39,-493,-45,-530,98,-949,-10,-335,-63,-179,-79,-173,-77,84,-104,-20,-90,-45,-83,3,-83,70,-65,328,-169,-555,-171,-166,-9]]]
2873606	p	2950159
2917788	r	12.8732,53.7933,13.9537,54.3985	[[[128732,539886,19,-38,128,-201,150,-195,171,-189,191,-181,211,-175,231,-165,245,-155,6254,-654,120,31,319,101,308,114,295,124,281,136,264,147,222,139,44,55,109,53,104,74,211,175,191,181,171,189,5,6,-40,13,-56,5,-64,14,-61,22,-54,26,-32,9,-143,-9,-40,18,4,39,13,45,-12,36,-29,46,-31,74,-45,67,-68,29,-283,71,-59,26,-105,102,-290,219,-120,54,271,99,123,176,82,193,144,147,0,68,-793,392,-305,92,0,62,100,16,64,31,18,44,-46,53,-285,-57,-511,-205,-296,-80,-1234,-143,0,-68,82,-45,114,-114,82,-46,0,-68,-235,2,-185,72,-147,119,-127,148,-145,229,-55,50,-90,15,-66,-33,-73,-24,-118,42,79,42,48,46,59,89,8,-4,38,-4,34,-12,4,-36,32,-16,0,-13,-7,-15,-31,-9,35,9,16,34,57,22,22,13,2,23,-35,29,-36,10,-60,33,-89,33,-69,6,2,-6,43,-7,19,-12,-1,-42,-162,37,-373,-112,-250,-1,118,72,109,45,16,-2,-1,8,32,14,-9,4,42,13,21,-8,32,20,42,-13,32,3,1,6,60,-25,9,10,-35,32,-26,6,-90,-7,-94,-34,-256,133,-295,356,-3573,-2059,-618,-356]],[[133218,542472,252,-97,317,-66,285,-27,158,45,21,105,-74,229,-68,18,-478,-49,17,-10,27,-1,21,-13,-2,-50,-137,-69,29,197,-368,-212]],[[133829,542824,232,28,116,153,54,50,-402,-231]],[[134636,543289,182,94,179,66,996,69,113,-38,77,-66,85,-23,135,92,98,41,140,9,268,-15,0,-69,-188,-46,-551,-227,197,79,232,43,520,21,-83,-114,-154,-72,-371,-94,0,-67,122,-33,162,1,153,34,103,65,68,0,41,-106,-41,-67,-93,-31,-117,0,218,-45,105,-6,30,63,0,158,40,163,99,130,130,95,31,13,-188,91,-295,124,-308,114,-319,101,-331,88,-277,61,-151,-87,-456,-263,-601,-346]],[[137529,541531,124,-112,409,-253,88,-153,-57,-262,-272,-330,-80,-193,201,-47,141,82,147,116,320,84,86,37,75,-13,52,-123,-28,-64,-79,-59,-75,-83,-21,-135,349,79,61,21,29,74,73,78,91,61,85,28,0,75,-89,125,102,76,200,26,65,-9,5,29,6,100,-53,12,-659,226,-265,160,-119,129,-204,327,-87,97,-188,46,-186,-43,-154,-95,-93,-114]],[[139019,539698,76,-85,26,34,128,201,50,97,-254,9,-26,-256]]]
2939658	r	8.5025,53.6321,9.3132,54.2241	[[[85025,537304,5891,-875,724,-108,225,163,234,194,212,202,189,210,166,217,141,223,116,228,92,232,65,235,27,164,-54,57,-219,170,-87,35,-340,-9,-164,17,-136,61,-171,-73,-791,4,-795,-115,-187,-131,-401,19,-726,-107,-429,-7,-782,115,-379,117,-268,134,-26,24,-13,1,-54,36,-59,49,-19,3,-11,-5,-150,101,-12,3,-1,-24,2,53,37,2,-133,-6,-12,3,-208,9,-227,-31,-221,-79,-195,-111,-143,-127,-4,-5,31,-122,-13,-16,-10,11,-1,1,-53,53,-121,-189,-6,-12,-46,-72,13,-5,-227,-514,-271,-403]],[[88128,541805,29,-49,176,-225,274,-279,67,0,180,118,326,93,349,38,244,-44,0,-62,-28,-114,136,-102,186,-98,116,-102,3,-155,-56,-214,-81,-198,-77,-110,-218,-61,-215,42,-393,156,-240,39,-188,-9,-385,-105,827,-990,335,-245,351,-159,232,-45,105,102,117,44,254,-42,380,-104,1271,-17,373,-52,378,-137,173,-89,3,70,-13,238,-39,237,-65,235,-92,232,-116,228,-141,223,-166,217,-189,210,-212,202,-234,194,-254,184,-275,174,-293,163,-310,151,-326,139,-341,126,-354,112,-365,98,-376,84,-384,69,-182,25,-42,-63,-153,-173,-82,-200]]]
2809889	r	8.0366,50.3534,8.669,50.7913	[[[80366,505600,11,-198,30,-197,50,-196,71,-193,90,-189,109,-186,128,-180,146,-175,163,-168,120,-107,1218,-277,4188,553,-527,1185,-1,-3,-183,13,-20,-19,-54,15,-55,32,-33,6,-41,-8,-42,29,-134,-7,-21,3,-22,21,67,20,2,29,36,19,15,-11,55,27,8,-12,10,1,17,-16,8,3,12,-9,53,14,4,-7,25,4,-2,22,51,11,-34,29,34,11,41,0,30,12,21,-1,42,32,-11,8,41,21,13,19,22,11,4,25,13,-4,21,4,22,30,12,1,-25,36,0,15,-65,-3,-39,19,-85,-17,-1,-1,-725,1628,-1426,588,-3443,-2089,-3,-25,-11,-198]]]
2871983	n	7.675,51.3307,7.9991,51.5527	[[[76750,514680,58,11,149,46,38,-73,-46,-2,0,-20,15,0,26,-13,13,-31,-7,-6,8,-38,-60,-36,14,-11,-10,-2,5,-8,-37,-14,4,-11,52,-12,12,-7,-17,-20,79,-19,-10,-4,8,-8,38,0,52,14,29,0,4,-7,12,0,6,-16,21,-8,62,-1,-18,-12,33,-69,-12,-2,30,-43,23,10,13,-35,-30,-15,-7,-27,29,-8,1,-19,28,-19,-3,-21,1545,-817,212,421,-16,28,-12,-5,14,-13,-6,-8,-16,0,-15,36,-30,12,-6,23,-41,14,-2,23,-21,14,9,11,-36,19,-12,18,-19,-2,-4,13,67,44,-41,16,8,17,-33,36,25,25,-22,13,13,10,-5,25,10,18,38,27,-3,10,-8,14,-28,8,3,51,-19,25,0,16,-21,5,-5,11,-24,-5,-24,14,7,47,24,25,-7,12,-40,-15,-8,17,24,10,-40,53,12,22,-37,21,-5,22,-31,9,-28,26,-49,18,1,17,-12,3,-1,9,32,1,39,33,6,-9,18,5,-3,47,66,0,-2,22,18,0,-1,18,-35,14,3,7,-15,14,31,20,7,25,52,-4,27,28,-6,26,101,10,10,7,-5,15,22,3,-8,13,18,-4,43,8,-9,27,28,-1,3,-11,54,-33,8,2,-10,-17,15,6,15,-7,5,-23,13,-6,-23,-27,47,-53,57,-21,49,11,41,-3,78,-20,16,-14,48,-12,46,-23,52,15,400,793,-883,58,-714,-255,-29,-41,3,-28,-23,-12,9,-8,-13,-15,-35,-19,-25,0,-1,4,-20,-5,-2,5,-53,-15,-224,-14,-1,1,-1230,-439,0,-6]]]
2950344	r	7.5606,51.5648,7.7675,51.7898	[[[75606,516079,8,-45,66,-11,115,5,20,-7,1,-49,20,-17,88,-4,-74,3,0,-1,1,-1,72,-2,-16,-53,-4,-65,24,-35,35,-19,1,-14,9,-2,-9,-22,-33,-5,-23,-13,-1,-22,32,-14,-30,-28,33,-10,53,1,15,4,-4,25,58,7,4,-26,-4,-4,1612,399,-158,188,-44,-2,-14,10,-28,-1,4,5,-41,-1,-2,5,-50,-16,-4,8,-34,-7,-21,26,-25,-15,16,-17,0,-13,-25,-5,-7,25,-12,-3,-13,-18,0,-38,-24,-19,0,-19,-38,-18,-6,7,-23,-1,-56,-20,-11,13,-60,-7,-24,24,-42,5,-28,-16,-7,-4,-4,54,-8,3,2,20,-39,140,2,80,-13,73,-17,26,-6,-2,-5,25,-7,-5,-34,43,-17,2,5,36,9,-3,12,-24,20,6,-4,25,31,9,45,5,10,-6,3,-18,17,-2,25,15,4,25,19,-3,11,-14,14,4,10,15,-5,21,16,12,20,-13,62,32,37,1,24,-28,8,0,-1020,1213,-275,-3,0,-1508,-10,9,-13,1,-8,-23,-31,1,-1,-18,-39,-20,-29,-5,-36,-35,25,-8,69,-61,-111,-33,26,-33,-22,-10,-12,-34,-12,1,-6,-14,-10,2,-24,-27]]]
2925259	p	2886242
2878044	p	2950159
2953436	r	8.2502,50.1329,8.948,50.4088	[[[82502,503534,2050,-2205,1340,290,-13,63,42,-9,48,59,55,-16,23,22,53,25,-38,29,-6,18,87,19,43,17,45,40,106,59,-6,7,27,22,27,41,60,-12,11,6,-22,15,23,8,51,37,34,-4,41,31,13,-13,50,38,45,49,21,-9,13,11,94,-48,36,28,14,-13,46,27,14,-8,12,10,11,-6,54,18,12,-9,93,51,-18,49,31,0,4,-20,27,7,9,-15,28,9,15,-27,14,-12,15,-1,7,-14,70,-22,8,-17,29,-3,-10,-16,10,-27,-43,-5,10,-45,-13,-10,3,-17,-14,-6,3,-4,-97,-36,-14,-28,-44,-18,-13,5,-73,-31,55,-33,-2,-4,660,143,128,58,1584,1821,-2790,184,-4188,-553]]]
2808559	r	6.413,51.1838,6.626,51.3	[[[64130,512732,209,-112,443,-260,44,13,219,-25,3,-26,152,-18,-28,-26,50,-21,-45,-42,-41,-7,-29,-13,-15,14,-17,60,-98,11,-38,0,-12,-11,-19,11,-1,-3,705,-439,544,467,30,170,9,0,-6,16,1,2,70,11,-22,27,-77,-2,-27,30,-29,75,-61,-15,-81,-3,-11,32,-17,-2,-7,40,-36,69,-22,10,17,27,-19,-1,0,7,-8,0,-9,55,8,5,26,1,-31,4,-4,3,-49,3,1,-9,-207,13,-35,11,-11,-1,-1,-6,-212,12,-82,-5,2,6,-76,-7,-19,-16,8,10,-26,37,-140,-15,10,13,-15,31,-66,57,-303,0,15,-96,-78,-26,-6,6,-33,-12,-4,8,-19,-5,3,-4,-55,-31,-52,-18,-25,2,5,-8,-250,-84]]]
2930596	r	6.7323,53.0167,7.7364,53.7233	[[[67323,535757,23,-5,130,-92,89,-31,-70,95,-73,60,-45,19,-54,-46]],[[67625,535991,131,34,225,19,-99,116,-204,-131,-53,-38]],[[69147,536755,1708,115,-385,72,-979,-76,-332,-106,-12,-5]],[[69996,533548,31,10,147,-151,44,-24,57,-19,72,-2,107,28,3,8,13,-6,3,8,5,-3,23,7,17,-16,18,-2,-7,-11,64,-30,1113,8,1,-5,41,1,3,-5,57,-2,28,7,577,-33,96,-11,-10,-55,138,6,144,-18,-98,-1,-136,-42,-252,-229,75,-111,-34,-119,-90,-107,-88,-73,-114,-73,-98,-33,29,-284,10,-160,-31,-156,-68,-172,-142,-220,-25,-81,8,-119,38,-64,48,-52,38,-88,93,-716,-8,-168,164,-3,385,8,383,22,379,38,375,53,368,67,361,81,350,95,340,109,327,123,312,134,298,147,281,158,93,60,1012,1743,-164,322,-1381,2706,-269,526,-182,78,-327,123,-150,48,-89,12,-31,26,-70,23,-266,72,-1385,-93,-789,-183,-371,-230,-196,-80,-363,-242,-322,-134,-141,-110,21,-132,130,-80,292,-87,89,-72,18,-126,-73,-98,-95,-30,-54,-81,-402,53,-197,1,-83,-91,-44,-149,-193,-303,-44,-169,3,-741,63,-119,-27,13,-68,53,-37,66,-22,12,-147,-177,2,-22,24,-29,-28,-13],[73008,533225,15,16,9,86,393,-87,240,-212,-188,46,-345,131,-124,20]],[[71331,537081,405,-67,1221,96,248,59,-337,34,-383,22,-385,8,-352,-7,-417,-145]]]
2863941	r	9.6967,48.0748,10.4597,48.5201	[[[96967,481546,25,-15,238,-131,251,-120,262,-109,272,-98,281,-85,289,-72,295,-60,300,-47,305,-34,307,-20,308,-7,308,7,307,20,305,34,300,47,295,60,289,72,281,85,272,98,262,109,251,120,238,131,225,141,211,150,196,159,179,168,163,175,146,182,127,188,36,64,106,1866,-3018,577,-1150,-911,-13,11,-71,-23,-3,-2,-54,-32,-115,-66,-8,-22,4,-82,-26,-33,-60,-36,-26,-10,-2,-2,-78,-31,-73,-20,-6,-5,-10,-8,-12,-9,-37,-55,-70,-32,-40,-29,-28,-6,-4,-10,13,-18,-33,-25,1,-2,0,-7,0,-5,30,-49,48,-44,1,-1,2,-2,6,-1,14,-6,16,-3,8,-2,3,1,5,-1,24,8,5,2,2,0,-13,47,29,19,25,6,46,-20,4,-51,36,7,32,-4,2,-23,-31,-19,-25,-38,1,-3,-2,-3,5,-6,4,-9,21,-19,2,-21,-26,19,-28,-8,-2,12,-19,-1,5,-9,-75,-27,1,-18,-22,-4,26,-5,24,-30,-86,-33,-30,1,11,-14,-18,-2,-3,-7,1,-23,-6,-1,20,-18,20,13,-7,8,25,6,6,-7,23,6,17,-10,16,10,16,-11,8,2,38,-64,-68,-22,-16,-22,-33,14,-22,-6,-20,-12,-2,-17,-21,-10,2,-6,-21,0,-33,14,-31,-23,-10,-31,-48,0,3,-14,18,-13,32,-8,-9,-18,-20,12,1,-17,21,0,15,-25,-18,-6,-24,-4,-16,40,-23,-5,-15,20,-21,-7,17,11,-11,11,-11,-5,-5,8,-20,-9,9,-5,-6,-8,-8,5,-16,-7,-94,-6,14,33,-54,-17,-56,-7,-25,8,-58,-5,-14,15,-34,9,-94,48,31,21,13,-5,2,25,9,3,30,-2,98,20,27,20,26,43,-17,31,-3,28,7,8,-1,1,-2323,-1841]]]
2877088	n	7.0393,52.3813,7.6991,52.7461	[[[70393,526590,2426,-2777,2931,532,1234,775,7,80,-18,222,-53,219,-88,215,-122,209,-155,201,-186,190,-216,178,-243,165,-269,149,-291,132,-310,114,-328,95,-341,75,-351,54,-358,32,-362,11,-362,-11,-358,-32,-351,-54,-341,-75,-328,-95,-310,-114,-291,-132,-269,-149,-243,-165,-54,-44]]]
2929671	p	2886242
2866110	p	2917540
2881885	r	7.6115,48.1635,8.3041,48.4439	[[[76115,481758,5269,-123,1657,1454,-5536,1350,-48,-109,-74,-264,-11,-131,32,-121,65,-127,51,-134,-13,-139,-137,-147,-184,-67,-161,-88,-70,-210,-20,-203,-63,-170,-106,-145,-632,-592,-19,-34]]]
2896817	n	7.575,52.1004,7.8948,52.5061	[[[75750,521294,2920,-289,278,3745,-118,44,-325,95,-339,75,-350,54,-356,32,-360,11,-220,-7,-1130,-709,0,-1817,8,-4,38,9,15,-20,21,-131,29,-78,-11,-15,-91,-26,-9,-1,0,-968]]]
2855328	r	12.9528,48.2969,13.8169,48.8879	[[[129528,485700,10,-208,31,-207,51,-205,71,-203,90,-199,110,-195,129,-189,148,-183,164,-177,182,-169,198,-161,214,-152,228,-142,241,-132,254,-121,213,-88,880,102,336,125,978,570,139,156,57,212,20,51,45,52,45,69,20,104,-18,282,18,93,48,92,134,190,28,97,-22,88,-93,96,-40,181,-30,44,-3,17,54,23,42,26,57,-32,2,-25,29,-20,32,-7,16,-15,22,-2,25,1,71,22,-6,14,16,14,-19,35,44,23,60,-32,13,15,26,-2,26,13,21,33,-19,13,2,10,41,-3,45,12,36,19,25,32,5,20,-18,0,-1,15,-17,2,-17,15,11,21,179,16,1037,-192,174,-63,163,-80,153,-156,409,-123,22,-15,89,267,85,114,34,-5,208,22,79,23,83,54,47,47,172,247,62,131,31,144,7,168,-53,323,26,120,134,84,-125,40,-50,30,-106,139,-52,-12,23,95,257,359,-30,28,-198,161,-214,152,-228,142,-241,132,-254,121,-265,110,-276,98,-284,86,-292,73,-299,61,-304,47,-308,34,-311,20,-312,7,-312,-7,-311,-20,-308,-34,-304,-47,-299,-61,-292,-73,-284,-86,-276,-98,-265,-110,-254,-121,-241,-132,-228,-142,-214,-152,-198,-161,-182,-169,-164,-177,-148,-183,-129,-189,-110,-195,-90,-199,-71,-203,-51,-205,-31,-207,-10,-208]]]
2917138	r	6.7149,51.9339,7.3053,52.321	[[[67149,520700,3178,-1361,1435,72,1291,1249,-1008,2396,-1701,154,-147,-210,-72,-151,-6,-183,88,-213,59,-67,25,-28,-28,-52,-110,-41,-22,8,-13,-4,-6,7,-77,10,-65,-15,-51,1,-66,-19,1,-18,-43,-28,-14,-25,-2,-40,-32,-40,-1,-3,-51,-36,-234,-235,-200,-109,-429,-116,-194,-125,-221,-278,-126,-71,-591,-41,-57,-4,-160,-55,-170,-109,-53,-57,-81,-127,-46,-36]]]
2881062	p	2910831
2834265	p	2935517
2830582	r	8.2424,49.1522,8.7458,49.4067	[[[82424,491716,5034,-193,-2123,2431,-515,25,-1783,88,-235,-900,34,3,92,-21,63,14,42,-13,34,-1,80,-36,26,-3,-2,-25,-37,-4,-91,5,12,-37,-191,-19,-104,-25,-336,-1289]]]
8334624	p	2950159
2907851	r	9.889,48.4624,10.6616,48.8324	[[[98890,485810,2689,-609,3018,-577,2003,1920,5,34,11,222,-11,222,-33,222,-54,219,-76,217,-98,213,-118,208,-138,203,-16,20,-3815,-567,-1,1,6,15,-17,34,-34,24,-63,1,-32,-15,-38,-7,-78,-38,-52,-6,-7,15,-145,-13,4,-119,-37,-82,-1,-18,-7,-19,0,-48,-43,6,-8,7,12,24,-7,17,-72,20,-23,37,-10,67,-1869,-278,-777,-897,-68,-675]]]
7290255	p	2950159
