3117735	r	-4.263,40.0451,-3.3782,40.8621	[[[-42630,404100,9,-192,24,-191,41,-190,39,-128,73,5,-2,-16,-8,-188,8,-188,24,-188,40,-186,56,-184,71,-180,87,-177,101,-172,116,-166,130,-160,143,-153,149,-140,1057,-206,1646,-649,1938,2090,658,164,5,-7,-3,-33,80,13,1,6,26,8,92,19,-57,-12,666,-484,701,978,12,2,1,16,407,569,517,62,-319,700,-36,20,-60,-16,-42,15,-21,-26,-20,-9,-1,0,-35,23,-42,4,-43,-24,-66,-70,-7,4,91,91,21,21,50,40,-21,27,0,24,24,7,-6,12,26,7,6,29,31,5,-34,74,3,32,-24,57,8,31,19,2,-13,174,-1,13,-56,-20,-314,689,504,1018,-375,1507,-18,7,-235,81,-242,70,-248,57,-251,45,-255,32,-258,20,-258,6,-258,-6,-258,-20,-255,-32,-251,-45,-18,-4,-83,-263,-547,-1731,-71,-193,-2748,-1527,-335,-163,-1276,-417,-1,0,-227,-74,-2,-46],[-41124,404637,1375,-137,-938,93,-437,44],[-39305,404472,14,-12,8,-7,-22,19],[-38546,403329,4,-8,-1,-1,-3,9],[-38542,403321,7,5,-7,-6,0,1],[-38352,403962,13,-5,4,-2,-17,7],[-38335,403955,16,-31,-1,1,-15,30],[-38319,403924,5,-7,-3,4,-2,3],[-38315,403918,1,-1,86,-112,-87,113],[-38181,403277,7,-12,8,-14,-15,26],[-38166,403251,39,-127,4,-86,-4,85,-39,128],[-38097,403043,0,1,9,0,-9,-1],[-37899,405990,49,15,-45,-14,-4,-1],[-37779,402951,34,-24,5,-1,-6,1,-33,24],[-36966,405900,46,68,-37,-55,-9,-13],[-35972,403120,125,10,-38,-3,-87,-7],[-35847,403130,31,3,26,2,-57,-5],[-35790,403135,14,6,8,3,-22,-9],[-35768,403144,6,2,-2,-1,-4,-1],[-35616,405107,73,6,-68,-6,-5,0],[-35552,405032,1,54,0,-14,-1,-40],[-35534,405022,0,3,2,-28,-2,25],[-35506,404979,7,-2,57,-20,-64,22],[-35297,404610,8,25,-7,-23,-1,-2],[-35197,404097,5,-25,9,-50,-14,75],[-35197,404097,2,0,33,-2,-35,2]]]
3128760	r	1.6854,41.2364,2.354,41.789	[[[16854,414845,923,-615,780,-1866,81,17,203,94,672,132,458,34,53,1,-2,3,175,14,54,11,201,43,4,-4,3,-7,25,1,238,61,23,0,0,6,3,-4,325,109,69,28,78,43,81,25,61,4,17,-44,-1,21,-15,25,23,17,40,-30,26,-10,37,-4,41,10,20,18,-24,-16,-12,16,-29,-7,-35,6,-23,16,25,25,-10,5,9,5,-10,-4,-13,6,-5,13,9,5,8,-6,109,110,-20,11,35,43,-10,5,79,55,71,75,8,-2,-18,-76,32,-93,-27,94,22,95,198,209,328,434,53,70,104,138,269,276,294,167,573,183,-290,367,0,34,-1650,1129,-267,411,-275,1113,-3756,-2811,-448,-234],[21706,413343,3,3,-1,-5,-2,2]]]
2509954	r	-0.8143,39.217,-0.2461,39.7547	[[[-8143,395775,3853,-1153,60,-107,-14,-1,-30,8,-46,-9,37,-47,-6,-12,22,-16,26,-49,35,-37,64,5,423,-761,-4,-5,-29,-11,-31,3,-5,-9,-39,-17,0,-12,-22,-12,-12,1,7,-5,-12,-9,5,-45,-13,5,4,-46,-18,1,7,-22,-8,-4,9,-6,-37,-4,11,-3,-6,-10,-12,-6,-11,4,-17,-20,22,-5,-3,-8,-43,8,-10,-21,29,-12,0,-14,-22,1,7,-28,13,1,17,-57,25,2,7,-9,1,-41,11,-33,51,19,4,8,31,-9,49,-44,-31,-11,28,-13,14,-22,12,-4,69,3,29,-23,9,12,16,-8,6,12,21,4,15,11,15,36,56,-6,29,45,550,-988,464,111,-299,507,33,-3,-4,6,-20,1,-140,237,-159,320,-4,9,-153,523,-57,359,17,-6,12,4,-8,3,-3,-5,-19,7,-2,16,-2,11,24,-7,-3,-10,8,4,83,-28,-19,-17,-52,17,55,-23,48,27,33,63,-3,19,-40,32,0,7,-7,-7,17,-13,-23,-32,-129,41,-4,56,1,2,83,-27,16,26,-3,20,-7,4,5,7,17,-1,-4,-20,11,20,-15,4,2,5,-12,-5,1,7,-65,22,-6,33,43,-13,8,16,-57,22,9,10,14,-2,12,11,-37,16,29,27,91,-122,22,40,23,0,1,6,15,-3,3,-10,-9,4,-39,-69,10,-8,-9,-2,24,3,15,28,39,-5,-1,-87,-8,-2,31,-2,-2,-18,8,8,1,101,34,0,35,67,-37,-63,-30,-1,-1,45,-77,16,-2,19,-12,5,11,21,75,-24,-4,-10,6,11,-76,24,6,21,51,27,88,-22,-123,40,-1,7,-7,0,0,-29,-28,-11,-13,12,10,-14,-36,-14,-20,30,33,1,-70,5,-30,-9,-33,-31,5,13,-7,-16,-17,9,-1,1,-1,21,3,0,4,-7,4,14,-8,-6,-3,1,-1,18,38,0,1,-6,3,5,6,-8,-5,-4,31,11,35,0,7,7,11,0,0,-8,1,12,41,-2,-1,-12,21,0,-20,16,-70,3,-30,100,-8,111,-45,1,-19,6,63,314,107,178,156,177,50,-29,4,5,-24,10,3,11,18,13,12,-7,-12,9,16,18,20,-6,-14,9,21,20,-34,15,41,46,-458,143,-3133,1772,-91,-44,-206,-115,-196,-125,-185,-134,-173,-144,-161,-152,-148,-160,-134,-167,-119,-174,-105,-179,-89,-185,-73,-188,-2,-4]]]
3104324	r	-1.5524,41.1543,-0.2083,42.146	[[[-15524,416600,15,-331,43,-329,72,-327,100,-322,127,-317,155,-309,182,-302,207,-292,233,-281,256,-269,279,-255,301,-242,321,-226,340,-210,358,-193,373,-175,388,-156,401,-136,412,-117,421,-96,428,-75,434,-54,438,-32,440,-11,440,11,438,32,434,54,428,75,421,96,412,117,401,136,388,156,373,175,358,193,340,210,321,226,301,242,279,255,256,269,233,281,207,292,182,302,155,309,127,317,100,322,72,327,43,329,8,171,-4153,2434,-2204,1292,-2207,1294,-314,-71,-412,-117,-401,-136,-388,-156,-373,-175,-358,-193,-340,-210,-321,-226,-301,-242,-279,-255,-256,-269,-233,-281,-207,-292,-182,-302,-155,-309,-127,-317,-100,-322,-72,-327,-43,-329,-15,-331]]]
2510911	r	-6.4046,37.2092,-5.7425,37.7277	[[[-64046,373800,9,-227,28,-227,46,-224,65,-222,82,-218,101,-213,117,-207,113,-170,3162,947,-4,-37,26,7,18,12,1,0,13,8,67,74,19,20,14,8,119,54,19,18,36,-10,305,-63,42,65,6,37,55,56,15,61,20,18,95,131,41,53,3,9,10,12,17,49,-19,21,-77,12,1,6,51,21,123,19,72,32,118,21,29,23,45,-4,143,89,32,12,393,8,53,-10,83,17,146,16,-2,77,-50,-1,-25,-10,-81,-4,-52,-12,-103,24,-25,20,-66,4,-68,23,-56,45,-40,80,-4,4,1340,2607,-102,50,-251,108,-259,93,-266,81,-272,66,-277,51,-281,37,-283,23,-284,7,-284,-7,-283,-23,-281,-37,-277,-51,-272,-66,-266,-81,-259,-93,-251,-108,-242,-120,-231,-132,-220,-145,-207,-155,-195,-166,-180,-176,-166,-185,-150,-193,-134,-201,-117,-207,-101,-213,-82,-218,-65,-222,-46,-224,-28,-227,-9,-227]]]
2514256	r	-4.8147,36.5837,-4.2487,37.1267	[[[-48147,369725,2097,-2302,107,-80,488,-1023,-7,-10,-42,-38,-86,-36,-25,-26,39,1,33,16,30,-20,18,3,8,-8,14,-1,0,-14,22,-12,3,-16,32,-36,31,1,23,-15,16,-39,53,2,20,-8,10,-14,41,-7,12,-11,110,-36,5,-2,92,143,15,19,15,8,0,14,19,27,0,1,1,0,86,121,115,136,144,155,11,6,13,-7,23,23,17,1,0,11,54,82,36,75,20,15,23,-5,-30,14,53,105,60,88,32,14,11,-14,-14,19,20,24,16,-9,1,39,5,1,2,-42,-6,-30,-15,-14,94,-3,-19,3,10,65,-11,5,-17,-3,20,6,-25,6,-4,11,16,5,7,-13,-5,12,37,8,0,7,-57,-11,-3,8,35,31,21,-4,-8,25,47,12,6,-6,-24,-40,21,-41,-20,-25,17,-28,-14,-56,7,-1,12,70,20,34,-12,-15,-10,4,8,23,-11,22,30,36,38,29,27,6,24,-11,1,11,12,11,46,15,30,-2,6,-4,-5,-10,11,15,32,0,19,-10,37,1,20,-10,25,4,9,-7,0,7,9,0,3,-6,13,-1,3,8,21,-12,-4,7,10,2,1,-5,5,5,6,-7,-5,-3,14,-3,4,4,4,-8,39,-8,16,9,7,-3,-2,-7,8,0,2,9,15,-2,-1,-8,26,-4,10,7,7,-10,20,5,2,-10,12,7,47,-9,19,-9,3,-10,2,7,17,-4,-6,-9,7,1,42,-13,36,1,12,-6,5,7,15,-3,24,8,21,-4,16,-14,38,11,21,-5,58,3,-13,45,9,13,671,-43,-300,959,23,27,24,51,0,33,11,-14,23,-2,16,8,15,-1,5,-7,36,8,15,12,-2,35,16,30,-1,19,-17,23,-31,-4,-6,32,6,24,-7,15,-40,-17,3,-15,-22,-22,-76,-13,-39,21,11,31,-12,14,-28,12,-17,0,-2,25,-6,1,-23,74,17,22,-5,12,18,8,-15,16,16,2,17,22,-6,5,-9,-3,-30,14,-30,-3,-4,1,-831,2656,-96,7,-330,9,-330,-9,-328,-26,-325,-43,-321,-60,-316,-78,-308,-93,-300,-110,-291,-126,-280,-140,-268,-155,-255,-169,-241,-182,-225,-194,-159,-156]],[[-45259,365908,34,-70,78,106,-4,8,-16,1,-40,-16,-7,-17,-44,-11,-1,-1]]]
2513416	r	-1.412,37.7159,-0.8509,38.1179	[[[-14120,378268,879,-938,1631,376,0,-1,41,-12,36,-70,82,-52,5,-24,27,-31,73,31,65,13,13,73,83,46,73,17,25,28,19,6,1,12,59,-5,17,41,32,30,57,-36,38,-15,16,11,21,-25,23,-11,95,10,-27,76,-26,44,31,11,47,46,1576,363,6,154,46,17,46,27,60,20,83,-10,41,17,59,42,35,45,72,46,30,11,5,-5,83,1,33,87,-11,45,-12,12,0,12,18,12,-14,17,-44,20,-430,379,-210,211,-12,23,-118,224,-128,142,-6,-2,-106,140,-11,19,9,12,-30,51,6,6,-9,4,9,19,-19,2,-2,-5,-28,50,-45,-18,-103,-26,-33,-18,-68,-20,-5,-9,-58,109,-53,70,23,21,-4,6,-24,13,-97,86,-22,6,40,56,-35,42,1,11,30,8,19,-14,10,2,14,13,13,30,10,4,38,-7,19,24,-3,2,-20,7,-28,21,-28,4,-15,14,-24,32,-285,-151,-413,471,-78,-63,0,6,-19,20,-10,32,-31,31,-4,15,-21,13,-19,40,-39,30,-29,14,14,21,-6,19,37,23,-6,22,-59,7,-25,-3,-26,13,-30,-7,-19,4,-5,-10,-14,-3,-18,4,-17,12,-88,23,-46,-206,6,-19,-24,-27,17,-25,-7,-19,4,-32,-11,-13,9,-14,-2,-7,0,-1,-1,-1,0,-2,-2,-1,-4,-6,-46,-25,-40,-3,-15,-21,-59,-2,-11,-19,10,-6,6,-43,15,-21,-4,-12,-28,3,-12,-16,-16,9,-23,-4,-15,-22,16,-51,20,-3,11,-22,-20,-5,-15,7,-11,-4,-5,-8,10,-14,-3,-11,-22,-6,-30,1,-13,-26,2,-12,-18,-14,-8,-21,-19,-6,0,-14,-15,-28,-10,-4,-2,-12,-34,10,-11,-9,10,-3,4,-31,-18,-9,12,-17,-10,-6,7,-10,12,2,-1,-14,13,-6,-13,-31,10,-22,-3,-16,-23,-20,-1,-14,-17,-3,-34,-29,-11,1,-5,10,-18,-7,-13,8,-22,-21,-37,3,4,-11,-10,-7,-15,-40,-20,-12,-9,-30,-15,0,-43,-21,-1,0,-1,0,-58,13,-35,-3,-18,5,-6,5,2,16,1,1,8,13,29,43,-14,20,-19,-7,-11,-5,-46,3,-26,-8,-48,-21,-18,-29,-77,-24,-27,-26,-30,-5,-12,-18,11,-10,21,-3,-17,-22,-40,23,-121,19,-75,-20,-18,3,-20,-10,-51,7,-14,16,-33,6,-66,-4,-24,-10,-36,2,-75,29,-46,9,-32,0,-58,26,-39,7,-85,66,7,21,51,59,55,36,44,6,-59,48,-161,-67,-157,-47,-17,-91,-90,-136,11,-60,-5,-220,26,-45,1,-29,-22,-10,-32,-33,-30,28,-15,-1,-11,-15,-15,-7,-6,-34,-22,-23,-31,8,-18,-1,-22,-25,-44,14,-11,-45,32,-59,55,-26,42,-35,23,-46,18,-1,7,-8,59,-5,1,20,28,24,-2,8,10,8,-13,18,12,33,43,6,59,-2,34,8,7,-4,44,25,23,5,9,-7,11,1,1,-8,11,-1,26,-27,9,5,22,-7,-1,-9,11,0,1,-9,19,-11,49,-3,15,-6,43,8,13,-10,5,5,26,-10,3,-7,7,3,21,-21,18,1,21,-10,14,3,13,-10,25,-5,41,-46,22,-14,-1202,-960],[-12734,379824,28,20,11,-5,27,22,10,20,95,39,74,-31,7,-18,31,-22,90,-49,145,43,75,5,-353,-282,-97,109,-67,89,-25,0,-25,39,-26,21],[-10929,380822,17,22,22,2,-37,-29,-2,5]],[[-10966,377405,30,-43,78,-162,13,-41,161,11,72,23,53,30,59,-10,-133,387,-94,-47,-131,-85,-45,-18,-63,-45]]]
2512989	r	2.5638,39.1161,3.4744,39.9688	[[[25638,395910,15,-46,9,-6,62,-3,33,-17,4,-9,-21,-13,-14,-30,7,-11,29,-2,48,-14,35,-22,77,-26,37,-33,-38,-14,-77,-46,-49,-48,69,-48,7,-5,16,-7,11,-5,1,-1,3,0,31,-2,8,-4,39,-22,-6,-7,-17,-2,14,-17,-10,-3,11,-11,137,59,1,-1,43,-6,7,-15,26,-13,4,-11,133,2,72,52,-3,25,-7,-18,7,2,-1,-8,-44,-30,-18,12,-29,-15,-3,-14,-42,1,-5,25,-7,-2,3,4,-23,8,-24,3,3,9,42,-3,35,28,52,-1,34,22,-25,-13,-71,4,4,19,-13,-21,-15,6,7,11,27,12,5,-1,1,-10,0,13,13,6,1,-8,0,8,36,16,5,1,2,-4,27,11,160,40,48,-2,92,-35,7,-8,6,1,-11,7,11,6,-7,3,4,5,22,-5,4,-8,-15,5,1,-6,-7,0,14,-12,-6,-4,29,14,6,-13,22,-13,-4,8,10,1,-5,-6,107,-43,13,2,-8,-13,5,7,18,-5,29,-31,-2,-12,-19,-1,31,-5,8,-12,22,-5,-13,6,9,4,-10,3,10,4,3,-11,-3,12,11,1,20,-21,-16,-20,36,-2,9,-17,5,4,9,-11,30,-12,29,-35,22,-2,-13,-15,11,-1,9,-12,13,-2,-7,6,3,7,13,0,-1,-15,29,-18,-16,15,6,13,18,-7,2,-8,-12,-6,15,6,-3,14,23,3,91,-49,105,-87,72,-72,47,-73,2,-25,29,3,8,-15,-154,-243,-29,-162,146,-73,105,-546,249,-243,389,-123,871,-49,98,10,158,47,118,11,88,-23,157,-97,97,-24,72,-38,32,-93,22,-110,45,-93,60,-40,157,-55,63,-36,274,-316,41,-39,92,27,91,51,42,32,77,100,384,256,916,442,316,263,162,414,39,-28,98,-47,93,557,315,481,421,392,406,289,-73,157,32,155,112,119,168,47,133,60,107,139,136,279,-61,125,30,63,62,39,38,52,-17,81,-33,75,-9,82,59,104,-346,23,-567,259,-286,65,-142,-54,-304,-239,-174,-54,-686,0,-291,53,-322,141,-261,197,-117,223,15,208,73,76,316,64,163,55,57,30,59,52,34,75,-9,74,12,67,100,56,0,62,-766,-166,-355,48,22,323,74,0,112,-47,120,79,134,114,147,59,129,24,351,128,106,59,-129,54,-29,-12,-53,-42,-136,137,-1038,-327,-554,-109,-562,-42,-308,-65,-602,-310,-295,-109,-94,-14,-210,14,-36,-20,-64,-90,-35,-20,-149,-29,-116,-71,-115,-91,-143,-89,-295,-115,-73,-16,-67,-43,-203,-180,-44,-22,-32,-49,-241,-190,-44,-9,-115,18,-46,-9,-23,-32,-72,-124,-42,-48,-311,-259,-66,-42,0,-805,-87,-45,2,-14,27,-14,-15,-18,-19,-5,-21,7,-1,-13,11,-17,-1,-20,18,-15,16,-2,6,-21,13,-7,36,-14,15,3,0,-114,69,-14,42,26,-34,-49,-28,-4,-74,-61,-44,1,-40,-41,-53,-30],[26281,395570,3,1,0,-1,-3,0]],[[29136,391520,28,-54,-21,-24,6,-49,14,-11,39,8,32,-61,-2,0,-4,-3,5,-2,2,3,9,-18,-3,-1,-16,1,-1,-5,-24,0,-5,-14,15,-9,22,-4,-1,9,18,12,60,-116,313,-21,201,231,31,270,-48,194,-128,-44,15,14,-7,14,12,6,-7,4,26,5,13,11,-13,20,-29,7,16,0,-3,9,-40,3,-45,-8,-14,-18,4,-18,-8,-2,13,-13,-19,-14,-25,8,-10,-4,-2,-15,35,-32,2,-6,-188,-64,-182,-135,-1,2,-22,5,-28,25,2,-25,-7,-8,23,-17,0,-7,-53,-39]]]
2515270	r	-15.7062,28.0244,-15.3949,28.1814	[[[-157062,281674,61,-145,20,-199,-22,-96,1485,-784,824,0,0,-1,15,-28,12,0,27,-23,19,-2,2,-16,20,-24,40,9,45,-35,5,-25,-21,-22,-31,-1,-6,-7,2,-24,14,-7,25,8,6,-5,8,7,17,-4,23,9,4,14,24,3,12,33,20,5,21,21,17,-4,31,19,29,-3,21,5,35,24,48,12,1,0,1,0,38,-14,5,-39,22,-27,35,2,38,-20,48,-6,37,17,14,-3,22,15,-106,60,-12,22,-24,22,7,7,-8,-7,-9,8,7,11,-7,6,13,0,-12,7,-18,-15,-24,16,138,0,-35,113,-23,118,-24,68,-32,200,8,60,-28,66,-11,70,-4,142,32,0,1,-6,2,86,-36,29,4,30,2,3,31,-22,0,34,-16,14,47,83,15,6,-8,-173,6,2,-3,-44,29,-22,1,-131,2,132,-28,21,3,147,32,26,1,56,35,14,1,39,1,3,14,-3,3,-112,0,118,-5,34,-13,1,-53,127,-40,19,-24,-4,-2,4,-5,-6,-12,-2,-4,4,0,-4,-20,-4,-6,6,-21,-3,-2,19,-11,6,-9,-7,-16,3,-23,-38,-139,-23,6,-53,-13,-3,-12,-17,5,-6,-12,-3,-7,-29,4,-8,-9,-8,29,-2,11,-15,14,-5,19,-181,-3,-3,-4,-9,-228,-65,-626,133,-757,0,-538,164,-145,-34,-91,48,-100,23,-107,6,-111,-8]]]
2521978	r	-0.6565,38.1621,-0.3665,38.5371	[[[-6565,383811,101,-234,13,-74,46,-55,135,-21,34,2,107,-56,11,-27,109,-99,142,-106,69,-57,4,-10,37,-24,13,2,0,-9,55,-29,180,15,59,28,33,-4,61,-91,10,-6,-1,-18,6,5,38,-53,46,-88,0,-14,14,-2,18,-44,32,1,51,-369,30,-67,10,-48,-1,-17,-22,9,-16,0,-8,11,-3,32,-42,65,-37,39,-52,25,-109,23,-40,20,-60,-5,-28,-12,-33,5,-14,-3,313,-515,99,19,115,117,-148,915,11,49,4,10,1,10,16,73,8,15,10,47,16,18,-6,4,28,56,25,16,9,-4,-22,16,3,5,39,-28,8,1,-18,11,6,9,-7,3,15,12,15,-13,2,-25,-9,-10,33,-32,-8,14,11,-3,-16,19,24,40,31,-11,-3,-37,7,2,0,-42,-19,-2,29,-1,1,-19,8,105,17,11,-36,29,3,5,29,-1,24,-17,34,25,-13,14,16,6,12,-9,-2,12,7,2,57,-3,-78,-59,-29,-31,117,88,0,2,34,-2,31,123,7,2,22,19,14,-1,-4,-6,12,4,7,15,28,23,32,8,25,15,9,-4,2,8,11,-2,0,7,32,9,-3,4,7,-4,4,9,7,-2,-1,9,10,-2,-1,6,44,22,23,1,25,-11,-2,-7,17,2,-18,-6,25,6,28,-12,5,-11,-14,-4,12,-3,9,-24,-8,-7,21,2,26,-9,33,3,7,-15,36,1,10,-4,12,6,12,-9,32,-3,18,8,5,-10,15,-3,18,6,3,-6,72,8,-16,10,2,7,-46,29,-5,11,0,115,11,133,-11,5,31,151,109,149,287,253,-863,-431,-16,2,-81,-15,-35,15,-9,-1,-73,54,55,42,-9,33,13,11,-13,12,-61,-33,1,-13,7,-1,-10,-15,-41,-22,2,-10,-9,-2,1,-7,-39,18,-17,-32,-24,23,-27,-20,-16,5,-19,-41,33,-19,-28,-68,7,-17,-41,-58,-68,-5,-110,12,-21,22,-33,19,-100,31,-60,35,-78,27,1,5,-40,29,-32,5,-6,31,9,45,-52,49,-6,22,15,17,35,17,52,126,-16,15,4,20,-5,5,-84,30,1,24,-15,29,4,16,-16,21,-8,30,-19,14,-11,24,-28,20,-11,24,-21,19,-37,25,-55,18,-25,-4,-33,7,-54,33,1,19,-8,-4,-20,11,6,16,-17,13,-13,28,-197,22,51,-30,11,-28,23,-10,80,-67,28,-10,2,-9,11,-3,20,-23,8,-21,-45,-68,-5,-34,-57,-28,-62,-90,-5,-12,6,-19,-18,-10,-7,-14,11,-27,14,-12,-7,-11,29,-22,10,-42,86,-84,70,-44,53,-25,33,-4,32,-23,-6,-11,-13,-3,-183,11,-27,-10,-23,2,-44,-11,-48,-1,-75,19,-52,7,-116,-32,-35,-41,-43,-30,-8,-27,-114,-37,-2,-18]],[[-5321,384732,22,-18,-2,-19,14,-6,11,-55,306,-119,29,6,57,32,7,-2,160,67,120,-62,119,-43,6,-8,12,-4,10,5,-1,-7,22,-7,10,7,12,-2,11,15,51,6,32,50,-113,59,-3,25,14,3,-26,24,5,62,-18,7,-55,48,-10,46,9,26,19,14,11,31,25,15,15,20,-25,7,-9,13,-10,1,-40,-28,-110,-16,-65,-41,-106,-50,-141,-50,-49,-5,-33,-23,-30,-3,-78,50,-40,-12,-22,3,-43,-11,-5,-25,-26,-18,-49,-8]],[[-4851,381668,26,-17,40,5,25,-28,21,-4,4,7,10,0,17,-10,39,13,22,-5,-6,10,-68,26,-54,-4,-13,16,8,-13,-30,10,-41,-6]],[[-3953,385278,40,-37,6,-17,65,-69,10,53,81,89,-3,29,-25,38,-4,7,-27,-4,3,-15,-81,15,-57,-40,3,-15,-11,-34]]]
3128026	r	-3.1709,42.9873,-2.543,43.436	[[[-31709,430538,23,-16,191,-115,200,-105,210,-96,218,-85,224,-75,231,-64,236,-52,240,-41,131,-16,3937,1437,49,67,102,165,87,169,72,174,56,176,40,178,24,180,8,181,-8,181,-24,180,-40,178,-56,176,-72,174,-87,169,-102,165,-111,152,-139,44,-312,41,-112,35,-119,24,-118,-16,-48,-41,-10,-56,3,-60,-8,-48,-77,-184,-40,-39,-39,211,-116,251,-87,108,-159,115,-1504,-810,-45,-27,-614,-643,-27,15,-33,-31,-67,-9,-96,44,-17,2,8,-16,-10,-45,0,-6,-1,-1,-1,-4,-49,-34,-5,-13,9,-16,-10,-31,39,-65,-25,-23,-1,-10,47,-38,7,-13,-35,-43,-1,-28,-35,-22,-16,1,-22,23,-5,0,-1889,-1979]]]
2519240	r	-5.4771,37.3282,-4.23,38.4518	[[[-54771,378900,15,-367,46,-366,22,-110,3269,-3807,314,-271,278,-118,421,-151,433,-130,443,-107,451,-83,456,-60,461,-36,462,-12,462,12,461,36,456,60,451,83,443,107,433,130,421,151,408,174,393,194,158,89,368,1800,906,4432,40,195,-387,1309,-4988,2463,-25,1,-462,-12,-461,-36,-456,-60,-451,-83,-443,-107,-433,-130,-421,-151,-408,-174,-393,-194,-376,-214,-358,-233,-338,-251,-316,-269,-294,-284,-269,-299,-245,-312,-218,-324,-191,-335,-163,-344,-134,-352,-105,-358,-75,-363,-46,-366,-15,-367]]]
3106672	r	-5.2808,41.2233,-4.1394,41.9959	[[[-52808,417732,895,-3678,107,-113,241,-220,260,-209,277,-195,294,-182,308,-166,323,-151,335,-135,346,-118,356,-100,363,-83,370,-65,375,-47,378,-28,380,-9,380,9,378,28,375,47,370,65,321,73,559,283,2,1,941,476,1088,550,192,176,222,233,200,242,179,252,157,261,134,267,110,274,86,278,62,282,38,284,12,286,-5,108,-1255,429,-1,0,-6687,2287,-1563,535,-123,-76,-277,-195,-260,-209,-241,-220,-222,-233,-200,-242,-179,-252,-157,-261,-134,-267,-110,-272]]]
3105976	r	-8.9182,41.8889,-8.2581,42.3509	[[[-89182,422509,11,-13,-6,-10,11,-4,1,-9,8,1,0,-8,-6,0,11,-4,-1,-11,12,0,40,-19,0,-6,-9,0,1,-11,10,-10,9,2,-1,-7,12,-2,-2,-10,16,-10,1,-11,-11,-10,5,-20,-19,-4,4,-12,-6,-3,9,-9,-2,-16,12,-11,2,-20,15,-13,-40,-19,11,-9,-4,-37,-27,4,1,-10,-14,1,-4,-8,-3,7,-10,1,-6,-13,3,-6,-10,-1,7,-4,-13,-3,1,-7,-6,2,0,-19,4,5,6,-10,16,-1,6,-6,4,5,4,-5,21,2,22,13,16,-5,11,17,12,2,18,15,23,1,3,11,13,4,-11,1,-13,20,-8,50,17,20,37,3,13,6,-15,5,-7,13,-8,-3,-26,25,15,36,-4,18,-12,2,3,5,-14,10,-4,12,11,18,-7,12,-41,21,-3,11,-45,26,-13,20,-10,-3,-8,8,4,-8,-6,3,-12,-10,-25,12]],[[-89127,421957,13,2,8,-11,14,-4,-5,-4,17,-2,11,-22,27,4,12,19,12,4,21,-10,7,13,35,-9,30,-30,28,4,5,12,-30,37,4,4,-19,2,-27,27,-69,12,-28,20,-13,14,-1,28,-13,7,-17,-7,-3,-12,-11,8,-8,-5,0,-18,9,0,-6,-10,10,-1,-9,-4,19,-13,-4,-16,6,1,8,-14,-11,-21,-12,2,-10,-7]],[[-88986,421018,199,-1947,-26,-138,166,-44,159,106,160,145,168,72,206,45,183,115,151,154,112,164,112,61,226,87,257,58,205,102,76,101,106,215,87,101,134,75,36,20,175,27,366,7,184,57,344,176,188,54,1545,186,167,67,257,174,89,43,76,13,171,6,126,38,-210,982,-3426,820,0,-58,-35,-83,-65,-51,-203,-105,-179,-54,-304,-212,-12,6,-14,-5,-11,-23,-23,-10,-2,1,-5,-3,-3,-1,-6,23,5,-24,-122,-38,-312,-179,-5,5,-113,-36,-7,-9,19,-21,-74,-42,-8,4,12,12,-34,-16,-11,-15,-23,-5,-12,-22,-12,-2,5,-2,-6,-19,-8,2,10,-5,3,4,2,-2,-136,-130,-46,-28,-106,-42,-41,-73,-18,5,-40,-35,21,-29,-4,-14,15,-4,-10,-38,-9,-10,0,-6,-16,-26,-260,-102,-50,-35,42,-64,191,-68,46,-79,-74,-92,-185,-39,-396,-6,-109,-69,-31,-173],[-87544,422326,17,7,-16,-9,-1,2]],[[-88675,422564,192,46,525,-28,108,19,111,89,541,186,202,36,248,78,140,178,44,75,-1109,266,-47,-82,-49,-25,-360,62,-144,-23,-34,-25,22,-44,20,-82,-7,-323,-58,-76,-140,157,-63,0,-1,-137,-102,-221,-39,-126]]]
3121424	r	-5.8213,43.2428,-5.1835,43.6381	[[[-58213,435048,7,-25,11,-15,14,-3,19,-37,-19,-54,67,-13,0,-43,15,-7,39,5,22,-9,-2,-24,21,-8,2,-15,43,-3,31,-21,-1,-10,70,-42,-1,-21,17,-4,-1,-7,20,-14,-3,-9,22,-12,16,-20,76,-7,17,-4,114,-68,8,-8,10,-3,9,-5,5,-26,49,-13,46,-21,3431,-2054,113,51,256,134,244,146,230,157,215,168,200,177,183,187,167,195,148,203,130,210,111,215,92,220,71,224,44,194,-284,75,-721,351,-159,42,-420,29,-149,-20,-54,-52,-29,-67,-73,-65,-102,-38,-211,-53,-102,-46,-69,69,172,120,129,159,-32,139,-303,59,-1901,-58,8,9,-24,11,-29,-3,-5,5,-28,-6,0,-18,-35,-1,-519,61,-32,48,-16,34,62,17,-63,-15,-4,10,-8,-2,-56,83,-11,6,132,33,15,-31,10,3,-28,49,16,15,6,-3,-4,10,-187,-46,-5,-5,-20,11,-33,-90,-8,-7,2,-10,-2,-6,-32,4,5,8,-58,-1,-11,-21,-169,190,-549,475,-17,11,-77,-1190,-19,-6,-18,-18,-114,-37,-15,1,-28,-32,-30,-1,-28,8,-13,-14,-1,-13,-30,-31],[-56821,435680,2,0,0,-3,-2,3]]]
6544100	p	3128760
3104499	n	-2.9763,42.6239,-2.3637,43.0761	[[[-29763,428500,15,-222,44,-219,73,-215,101,-209,128,-201,155,-190,179,-178,202,-165,223,-149,241,-132,258,-114,272,-95,283,-75,291,-54,298,-32,300,-11,63,2,2250,780,55,45,179,178,155,190,128,201,101,209,73,215,44,219,15,222,-15,222,-44,219,-73,215,-101,209,-128,201,-155,190,-179,178,-202,165,-223,149,-241,132,-258,114,-272,95,-283,75,-291,54,-298,32,-300,11,-300,-11,-298,-32,-291,-54,-179,-48,-568,-207,-66,-29,-241,-132,-223,-149,-202,-165,-179,-178,-155,-190,-128,-201,-101,-209,-73,-215,-44,-219,-15,-222]]]
3120619	p	3128760
6544489	p	3117735
6544493	p	3117735
3119841	r	-8.7991,43.0884,-8.0703,43.4058	[[[-87991,433225,23,-103,60,-188,77,-186,93,-181,109,-177,125,-170,140,-165,154,-158,168,-149,130,-102,4158,-762,54,12,248,68,241,80,234,92,225,102,215,113,205,123,193,132,181,142,168,149,87,89,-1350,1249,-49,-103,-71,151,-102,98,-231,168,-65,108,-27,82,-151,140,-67,17,-290,135,-201,26,-92,-130,26,-237,-35,-91,-128,-113,-221,144,-35,38,48,-17,-50,19,-53,57,-36,132,-31,-6,-9,10,-35,2,-21,25,-6,-5,-22,15,5,-10,-17,2,25,-19,-10,1,5,-8,-40,13,2,-7,-53,6,6,-7,-10,2,-1,-13,31,-22,-21,2,-17,11,-14,-1,10,-12,-12,-7,1,-9,4,-6,5,4,1,-4,-189,-37,-44,21,-13,12,-46,3,-12,-12,-12,2,-26,-25,-6,7,-15,-11,-12,-27,11,-3,2,-14,-8,-5,-21,5,-39,-29,-19,6,-15,-7,1,15,-24,-10,-6,-18,17,7,9,-11,-22,-53,13,-2,0,-1,-177,-32,-101,-54,-82,-77,-32,-88,-85,-63,-524,-183,-341,110,-375,-83,-354,-147,-277,-78,-186,22,-388,93,-180,22,-171,53,-135,101]]]
3112737	p	3117735
3121969	p	3117735
6544105	p	3128760
2518559	r	-0.9654,38.1174,-0.5102,38.3837	[[[-9654,383160,84,-187,63,-119,1989,-1680,1084,46,18,64,26,2,11,48,44,110,68,98,-24,-1,54,83,142,156,181,116,226,46,359,-20,75,14,-313,515,14,3,33,-5,28,12,60,5,40,-20,109,-23,52,-25,37,-39,42,-65,3,-32,8,-11,16,0,22,-9,1,17,-10,48,-30,67,-51,369,-32,-1,-18,44,-14,2,0,14,-46,88,-38,53,-6,-5,1,18,-10,6,-61,91,-33,4,-59,-28,-180,-15,-55,29,0,9,-13,-2,-37,24,-4,10,-69,57,-142,106,-109,99,-11,27,-107,56,-34,-2,-135,21,-46,55,-4,18,-434,316,-2765,-677]]]
2517117	r	-4.0056,36.9418,-3.2144,37.5051	[[[-40056,371900,9,-208,25,-206,42,-205,59,-202,75,-199,73,-155,1826,-1306,5046,618,90,100,137,177,122,183,107,189,91,194,75,199,59,202,42,205,25,206,9,208,-9,208,-25,206,-42,205,-59,202,-75,199,-91,194,-107,189,-122,183,-137,177,-151,168,-164,161,-177,151,-189,142,-200,132,-210,121,-220,110,-228,98,-236,85,-242,73,-248,61,-252,47,-256,34,-66,5,-2581,-480,-67,-33,-210,-121,-200,-132,-189,-142,-177,-151,-164,-161,-151,-168,-137,-177,-122,-183,-107,-189,-91,-194,-75,-199,-59,-202,-42,-205,-25,-206,-9,-208]]]
3124964	p	3117735
8285534	p	3117735
3114711	r	-6.3289,43.0016,-5.3836,43.4766	[[[-63289,433419,3,-53,31,-234,52,-231,73,-229,93,-224,113,-220,132,-213,151,-207,169,-199,187,-191,203,-181,219,-172,234,-160,248,-149,260,-136,273,-124,282,-111,292,-97,300,-82,307,-68,312,-54,316,-38,319,-23,320,-7,320,7,319,23,316,38,312,54,307,68,300,82,292,97,282,111,273,124,260,136,248,149,234,160,219,172,203,181,187,191,169,199,151,207,132,213,40,78,-203,122,-3431,2054,-46,21,-49,13,-5,26,-9,5,-10,3,-8,8,-114,68,-17,4,-76,7,-16,20,-22,12,3,9,-20,14,1,7,-17,4,1,21,-70,42,-4101,-1034,-1244,-313]]]
3108286	p	3128760
3129028	p	3128760
2520058	r	-1.354,37.5321,-0.6883,37.8282	[[[-13539,375496,6,3,296,121,339,-36,281,-7,40,93,150,122,137,-31,36,-12,-7,-14,21,-3,1,8,6,2,236,-76,211,-27,52,-88,17,-31,-32,-10,13,-7,-2,-17,8,-2,22,-40,10,-7,18,3,6,-12,14,-7,52,-3,59,-13,-3,8,2,1,21,-4,-9,-5,5,-5,16,-2,12,2,0,6,133,-26,174,-32,2,-8,6,5,6,0,126,-24,-19,31,8,2,0,6,-20,11,-80,123,-31,96,3,6,14,3,-8,3,-1,3,15,26,33,13,3,12,11,-3,7,8,2,12,16,1,19,21,13,-9,2,8,11,0,5,-7,35,-2,7,-6,28,16,22,0,5,-6,39,35,5,30,41,15,11,-3,14,14,22,-6,14,18,9,0,7,25,7,0,27,-2,4,5,55,6,-1,-6,13,4,8,-11,-5,-5,25,-8,22,4,49,-5,12,24,1,1,53,-1,8,-8,8,5,25,-1,27,-24,32,0,14,-6,39,7,65,-5,14,-6,-1,-13,22,-5,14,-14,13,0,15,-21,17,12,12,-4,15,4,11,-6,-3,-10,7,12,19,-1,6,8,24,4,7,32,-9,20,4,13,57,-2,314,-48,8,-5,9,2,6,-2,20,-9,3,0,10,-4,-2,-4,-7,-1,6,-7,12,-1,8,7,74,-29,-1,0,14,-12,9,3,52,-20,5,-5,3,2,5,-2,-21,-9,0,5,-19,-15,-2,5,-56,-30,-58,59,-11,-5,-27,3,0,-7,35,5,7,-7,-1,-6,-11,-1,14,-51,-66,-11,-58,58,-5,-3,77,-73,44,9,6,-14,77,-1,69,-13,16,10,69,8,12,0,2,-8,8,7,51,-6,24,4,13,-20,12,4,43,-21,6,3,75,-18,11,23,31,26,53,2,30,8,3,8,10,0,-3,10,7,0,3,10,23,11,46,15,32,2,20,10,35,2,56,22,45,8,4,20,6,0,-14,22,11,6,-5,11,48,8,5,-9,25,-7,-2,16,347,0,46,20,34,-15,33,-3,1,-9,17,2,9,-11,24,2,36,27,19,2,14,33,24,7,3,12,22,6,6,9,5,-4,15,6,1,6,13,0,8,11,24,-3,8,-8,24,0,9,13,21,3,11,-5,10,9,18,-9,12,11,10,0,6,34,14,11,15,-1,7,6,-4,5,7,5,24,7,4,-1,21,7,27,-14,25,17,1,7,17,-4,2,9,17,7,28,-1,8,-10,27,13,140,5,32,17,9,1,3,-2,91,0,44,21,5,0,4,3,34,16,19,16,8,-2,9,8,10,-7,25,7,12,18,19,-5,-6,23,13,18,-4,10,11,7,1,0,1,1,108,67,37,109,9,7,-9,8,-7,12,3,2,15,-21,16,0,-1,-9,12,-1,6,8,12,-5,0,-7,8,7,17,-6,5,13,10,-4,1,13,9,-5,2,9,10,-4,15,8,-2,6,-15,1,15,22,-21,8,-14,-19,-14,2,0,-7,-7,3,-9,-7,-9,3,-16,-12,-24,3,-20,12,-24,22,-37,64,-42,19,-32,49,-22,50,-30,-21,-3,-21,12,-22,-26,12,-2,6,15,1,1,14,-22,-4,-13,-2,14,-2,4,-10,-2,-1,-37,17,-84,-121,-155,15,-4,10,-14,-5,-39,4,-41,16,4,8,-9,7,7,-7,-3,-8,-3,1,-6,11,-6,-5,-4,0,-44,17,0,12,-13,5,12,-5,-8,-2,-6,8,-1,-10,-3,0,-49,18,-6,10,-6,-5,-31,12,-42,22,1,0,-4,2,-277,144,-99,98,-328,471,-35,187,83,136,222,53,132,87,44,95,-1028,486,-1576,-363,-47,-46,-31,-11,26,-44,27,-76,-95,-10,-23,11,-21,25,-16,-11,-38,15,-57,36,-32,-30,-17,-41,-59,5,-1,-12,-19,-6,-25,-28,-73,-17,-83,-46,-13,-73,-65,-13,-73,-31,-27,31,-5,24,-82,52,-36,70,-41,12,0,1,-1631,-376,-298,-1834],[-10966,377405,63,45,45,18,131,85,94,47,133,-387,-59,10,-53,-30,-72,-23,-161,-11,-13,41,-78,162,-30,43]],[[-7513,377528,10,-68,-9,-327,43,-295,169,-154,-29,-1,-13,-5,14,-3,1,-8,-18,-8,-2,-24,41,-8,7,-9,-10,-8,25,1,42,-21,13,-49,-16,-27,19,2,4,11,51,28,-9,-3,-10,9,-27,62,1,10,20,6,-27,9,-16,-4,-27,42,-11,0,-124,339,-18,230,79,191,-173,82]]]
2516326	r	-6.3061,36.5162,-5.4558,36.9855	[[[-63061,367216,44,-37,11,-7,185,-38,34,-33,48,-16,15,-4,135,-10,34,-10,20,-21,37,-18,105,-85,2,-93,20,-12,85,-96,11,3,66,-42,122,-53,28,-24,-9,-9,5,-6,24,5,20,-16,-22,-18,19,-10,33,-4,7,10,25,-5,-6,-10,23,11,43,-27,-10,-16,11,-8,16,-9,6,8,31,-8,-13,-23,62,-31,47,-35,27,-11,112,-16,12,11,22,-13,8,-6,10,-8,26,-21,44,-52,24,-47,1,-3,38,-32,27,-70,-19,-8,18,-95,-14,8,-19,-5,-11,-31,-48,16,-17,-21,-25,-14,0,-7,208,-58,147,-162,11,-39,86,-39,30,-25,40,-18,41,14,23,-13,7,2,17,-21,11,-4,13,2,7,12,15,2,21,17,51,-27,103,8,19,-13,-1,-15,48,-29,25,-8,34,17,30,-8,4,14,17,-1,24,11,4,7,4,6,13,0,19,-13,29,17,12,0,22,-18,12,0,2,-10,33,-13,0,-14,38,-20,19,-24,45,-10,9,-10,17,-4,-2,-12,63,28,39,57,119,-20,9,-14,16,-15,32,-33,62,-32,-18,-20,-28,-3,-55,-23,21,-33,-7,-101,30,-3,54,-33,85,-35,1,-30,55,24,230,48,329,31,205,67,470,-9,41,6,48,23,122,7,70,13,145,59,51,7,75,32,97,14,43,-12,39,0,213,51,55,4,399,0,225,-53,91,-14,158,-40,141,-63,146,-113,274,-105,15,51,2,40,-19,51,-24,37,10,28,-23,47,16,30,50,37,45,22,56,4,116,-19,37,-15,23,0,29,9,16,-9,15,1,45,-52,41,-8,110,-23,80,-8,31,-13,13,-15,24,-85,67,26,23,-5,59,25,46,38,48,68,107,52,90,138,35,91,27,0,99,36,39,31,-12,9,47,30,16,28,47,37,4,13,21,-1,36,133,-9,44,12,35,-14,39,25,29,-1,28,-19,1,-26,14,-39,4,-20,45,-85,52,-27,26,-30,5,-81,34,-25,66,-14,5,-30,-3,-3,0,-68,64,-63,21,-32,37,-60,9,-47,25,-27,-4,-25,5,-30,-8,-11,8,10,15,-5,26,-42,25,-32,29,-35,-44,3,-8,-39,-14,-4,-8,-108,-12,-26,6,-26,-15,-12,-17,11,-10,1,-18,-37,-29,-1,-18,-34,-41,1,-34,-47,-4,-30,4,-30,-6,-58,10,-26,-17,-30,-5,-33,-15,-39,-29,6,-26,-15,-7,-26,-38,-7,-25,-25,-20,2,-11,20,-18,-45,11,-76,-14,-21,0,627,1429,-5107,2201,-977,-1364,-148,-62,-96,-51,-78,-17,-52,-39,6,-16,-37,-12,1,-2,-121,-38,-35,-42,-3,-1,-1,0,-39,-14,-21,6,-33,-43,-18,-38,-19,-13,-26,-64,-4,-35,-17,-18,-2,-24,9,-3,-14,-15,-6,-27,-41,-24,-12,-17,-106,-5,-167,35,11,-90,-119,-144,-7,-29,-10,-6,-12,16,-8,-3,-93,-147,13,-49,-4,-32,-64,-65,-2,-3,-1,-18,-36,-53,0,-36,-16,-37],[-58696,365525,8,25,789,0,-22,-25,-42,-12,-10,-14,-2,18,-15,8,-68,6,-48,-18,-55,12,-75,-14,-29,11,-32,-10,-46,-1,-36,3,-55,20,-49,-25,-62,-6,-52,1,-35,17,-64,4],[-56786,365550,115,0,-15,-26,-88,0,-12,26]]]
3111199	p	3128760
2511174	r	-16.3458,28.4098,-16.1177,28.5891	[[[-163458,284295,19,-20,39,-15,17,-17,1,-18,9,-5,7,-24,9,-8,13,3,27,-8,15,-17,17,-2,12,14,59,0,9,28,7,0,25,-17,1,-8,33,-13,25,-35,21,-10,21,-25,15,13,7,18,43,14,12,12,5,9,-2,-9,31,23,274,255,94,81,24,-8,29,-1,2,27,19,14,-6,4,26,3,9,-8,-5,12,31,72,-3,3,1,3,4,-1,9,18,20,-5,-17,9,0,5,11,17,11,3,6,-21,-29,-64,-8,2,7,-4,-24,-35,6,-2,51,103,-5,36,68,95,-67,-86,93,152,13,6,25,-14,-9,9,31,33,73,3,-1,-16,-55,-39,-31,-9,32,7,70,49,-1,12,11,14,26,18,15,-14,-8,17,112,58,8,-12,-90,-48,-5,5,4,-8,60,30,93,7,10,13,-5,21,13,7,20,30,20,10,17,-2,-9,11,24,27,53,19,18,-9,-10,-11,26,22,10,-1,0,17,41,36,6,-3,46,28,24,5,20,12,27,3,8,11,36,17,24,-3,23,9,51,-18,33,-2,-8,4,9,7,-7,11,7,4,-2,9,20,6,11,14,16,2,-13,19,11,21,22,21,39,17,28,1,3,-12,24,-17,15,0,-1,10,7,-3,-18,25,-12,-1,8,5,-20,5,-2,6,29,69,-5,3,17,53,9,7,36,13,14,23,-12,2,7,3,-6,4,8,0,3,11,-14,29,1,7,-10,-2,-3,2,43,129,-168,81,2,2,8,-2,-4,6,12,-3,4,7,-21,-1,-19,6,-2,7,7,4,-19,0,-32,13,-11,-2,-3,7,-23,0,-6,8,-22,-4,-13,17,-17,7,-21,-5,-56,22,-33,-23,-34,-3,-36,-25,-30,9,-7,10,-23,-39,-59,-12,1,-12,-16,-15,-48,-23,-6,4,-32,-10,-10,-20,-19,-10,-28,7,-8,-3,-1,6,-17,-10,-10,5,-11,-3,0,6,-16,-15,-27,-2,10,-4,-2,-5,-23,-17,-18,6,-53,-12,-34,-1,-47,-14,-12,-11,-107,13,-7,9,-62,22,-26,19,-17,0,4,-4,-16,-8,-21,-1,-33,10,-27,-16,-10,8,-4,-9,-14,-5,-45,41,-25,-5,-7,10,-23,-1,-51,41,-13,0,0,-11,13,-6,-9,-6,8,-4,-9,1,2,-6,-16,-11,-3,-10,8,-13,-9,-16,11,0,-2,-9,9,-1,5,-13,-10,-13,10,-6,-13,-3,1,-23,7,7,16,-11,-19,-17,8,-10,12,-1,-4,-10,15,-6,-9,-5,9,-5,-4,-13,15,-2,-7,-24,-14,-1,9,-30,-7,-5,29,-43,-24,-101,-37,-4,-47,-20,-10,-26,3,-16,-50,-86,3,-9,-16,-25,12,-68,28,-7,-1,-4,41,-21,4,-6,-107,-446,-16,-12,-33,-185,-1,-15,-20,-83,-12,-1,-28,39,1,16,-14,9,-2,30,18,24,-9,20,-53,18,-34,-4,-33,25,-27,7,-48,2,-13,7,-21,-3,-5,-6,-27,-1,-45,48,-2,-76,-55,-78,-18,-8,-10,-13,-38,-66,-15,-14,-15,1]]]
3114472	r	-2.0047,42.5507,-1.2753,43.0893	[[[-20047,428200,8,-176,23,-176,39,-173,54,-172,70,-169,84,-165,98,-160,113,-156,126,-149,139,-144,151,-136,163,-128,174,-121,185,-112,194,-102,202,-93,211,-83,217,-73,224,-62,228,-51,233,-40,235,-29,237,-17,239,-6,239,6,237,17,235,29,233,40,228,51,224,62,217,73,211,83,202,93,194,102,185,112,174,121,163,128,151,136,139,144,126,149,113,156,98,160,84,165,70,169,54,172,39,173,23,176,8,176,-8,176,-23,176,-39,173,-54,172,-70,169,-84,165,-98,160,-113,156,-126,149,-139,144,-151,136,-163,128,-174,121,-153,93,-202,39,-221,94,-182,150,0,1,-34,13,-217,73,-224,62,-228,51,-233,40,-235,29,-237,17,-239,6,-239,-6,-8,0,-1146,-198,-3,-1,-217,-73,-211,-83,-202,-93,-194,-102,-185,-112,-174,-121,-163,-128,-151,-136,-139,-144,-126,-149,-113,-156,-98,-160,-84,-165,-70,-169,-54,-172,-39,-173,-23,-176,-8,-176]]]
3116025	p	3117735
2521886	r	-2.8167,36.7276,-1.8411,37.5522	[[[-28167,374444,847,-2956,518,-1809,1064,-1275,3,2,-7,15,44,5,26,-22,-8,-9,7,-15,-8,-8,19,-7,9,4,103,-127,25,-42,329,46,16,-3,18,8,15,2,15,-5,26,4,30,-8,51,3,64,32,31,4,18,-1,4,4,94,13,64,-11,46,-34,20,16,40,-13,-41,17,-1,1,263,-92,45,-10,49,-33,21,-25,22,-7,36,5,14,32,25,20,39,13,34,2,33,21,9,12,294,125,185,30,226,-25,208,-64,355,-178,267,-227,244,-273,152,-125,93,-104,-12,29,0,9,48,-39,375,-95,194,23,200,65,156,97,103,191,94,31,111,23,91,47,53,83,52,188,38,77,164,142,157,95,117,120,103,412,139,135,351,194,124,100,61,23,224,13,77,25,49,52,16,89,-18,87,-37,76,-28,89,9,123,211,279,298,611,54,278,87,197,-7809,4280,-1581,-357,-366,-720]]]
3130616	r	-3.4664,40.2928,-2.9944,40.6795	[[[-34664,405778,314,-689,56,20,1,-13,13,-174,-19,-2,-8,-31,24,-57,-3,-32,34,-74,-31,-5,-6,-29,-26,-7,6,-12,-24,-7,0,-24,21,-27,-50,-40,-21,-21,-91,-91,7,-4,66,70,43,24,42,-4,35,-23,21,9,21,26,42,-15,60,16,36,-20,319,-700,3435,-914,131,140,141,173,126,180,5,9,-4216,3365,-504,-1017]]]
3121960	p	3117735
3118594	p	3117735
3121437	p	3117735
3110044	r	-2.4427,42.9732,-1.8158,43.3535	[[[-24427,433100,10,-222,29,-220,50,-219,68,-216,88,-213,107,-207,125,-202,143,-196,159,-188,177,-181,192,-171,207,-162,221,-152,234,-140,246,-130,257,-117,267,-104,276,-92,284,-78,289,-64,295,-51,299,-36,95,-7,2151,894,-767,2909,-332,-109,68,-40,87,-72,55,-30,-140,-74,-79,49,-48,65,-3,15,0,15,7,1,-10,3,-17,-2,-119,70,-148,5,-114,-39,-228,-108,-246,-65,-3,0,-9,-3,-6,-2,-15,10,-26,-20,-2,-1,-14,4,-10,-6,-27,9,-62,-21,-22,-19,-65,1,-3,-19,-21,-9,-58,-15,-29,-5,-41,3,-5,-10,-14,-4,-21,10,-19,-3,-6,-7,-27,0,-10,-4,-10,-19,-56,-6,-13,3,-43,-7,-1,-3,-34,-4,-125,-31,-289,-167,-70,22,-30,46,-22,47,-48,22,-67,-11,-48,-23,-33,-23,-26,-11,-123,31,-90,71,-69,71,-59,32,-116,-8,-332,-68,-436,-37,-424,33,-403,89,-732,253,-11,-88,-10,-222]]]
2519752	r	-0.8981,39.9253,0.5451,40.7947	[[[-8981,404578,5208,-3118,2173,-1301,18,-50,-13,-61,14,-34,62,-25,43,-33,55,-26,69,-65,14,24,120,-52,159,-17,128,-62,99,-59,136,-107,70,-28,27,-4,513,-307,57,67,101,165,5,-1,-4,2,4,7,64,-14,16,29,43,-9,37,67,-38,-63,-44,11,-1,6,-2,-6,-55,12,3,5,33,-6,16,44,-7,3,6,16,-11,2,43,71,44,15,-43,-13,10,16,4,-2,5,7,-5,2,7,11,16,-4,23,24,44,-45,-19,-68,-8,-1,35,-5,-13,-40,9,-2,36,132,-46,38,7,24,-30,27,-4,1,153,251,257,290,508,244,275,225,608,927,594,383,341,370,133,107,269,169,116,105,697,1034,258,201,65,257,136,166,172,143,179,192,161,302,277,516,-3451,2049,-465,83,-673,86,-680,52,-682,17,-682,-17,-680,-52,-673,-86,-665,-119,-653,-153,-639,-186,-622,-217,-602,-248,-580,-278,-555,-307,-527,-334,-499,-360,-466,-384,-433,-407,-205,-221]]]
6544104	p	3128760
3127461	r	-4.1465,42.0077,-3.2535,42.6723	[[[-41465,423400,9,-217,29,-217,48,-214,66,-212,85,-208,103,-204,120,-198,138,-191,154,-185,171,-177,185,-168,200,-159,213,-148,226,-138,237,-127,248,-115,258,-102,266,-90,274,-76,279,-64,285,-49,288,-35,291,-22,292,-7,292,7,291,22,288,35,285,49,279,64,274,76,266,90,258,102,248,115,237,127,226,138,213,148,200,159,185,168,171,177,154,185,138,191,120,198,103,204,85,208,66,212,48,214,29,217,9,217,-9,217,-29,217,-48,214,-66,212,-85,208,-103,204,-120,198,-138,191,-154,185,-171,177,-185,168,-200,159,-213,148,-226,138,-237,127,-248,115,-258,102,-266,90,-274,76,-279,64,-285,49,-288,35,-291,22,-292,7,-292,-7,-291,-22,-288,-35,-285,-49,-279,-64,-274,-76,-266,-90,-258,-102,-248,-115,-237,-127,-226,-138,-213,-148,-200,-159,-185,-168,-171,-177,-154,-185,-138,-191,-120,-198,-103,-204,-85,-208,-66,-212,-48,-214,-29,-217,-9,-217]]]
3109718	r	-3.9719,43.185,-3.4203,43.5184	[[[-39719,434602,2298,-2752,94,11,252,43,248,55,243,67,236,78,229,89,220,100,211,111,200,120,189,129,177,139,165,146,151,154,137,161,122,167,107,172,91,178,75,181,59,184,12,50,-19,-4,-140,9,-108,118,-141,-183,-93,43,-114,112,-199,28,159,68,80,55,34,57,44,54,94,-20,94,-45,42,-26,81,15,63,-12,40,14,14,88,-11,61,-32,52,-51,36,-688,87,-93,40,-109,84,-135,74,-172,7,19,172,-250,14,-767,-176,-110,-41,-99,-72,-114,-52,-295,-15,-110,-35,75,-75,-44,-12,-14,0,-17,-50,-68,33,-58,14,-140,15,0,-62,66,-48,59,-93,23,-91,-43,-40,-91,22,-94,98,-88,22,-39,-28,-133,-138,-70,-51,-147,-53,-90,-12,-111,3,-2,45,15,10,27,-1,35,8,-55,23,-34,21,20,-1,32,25,121,-6,-1,29,9,3,-10,2,-1,14,-120,7,2,15,31,15,95,-7,5,32,-94,6,-16,31,59,17,5,-11,-30,-7,10,-19,66,-2,20,35,32,35,74,50,37,4,57,-4,-45,5,14,8,35,-3,8,-2,0,-9,17,0,72,19,56,34,25,1,19,10,23,1,39,-19,29,12,-8,0,6,7,-6,9,-12,12,-11,0,-3,12,-45,1,-21,-17,-19,-2,-10,8,3,6,-10,-3,-8,15,-14,-2,-18,8,-24,20,140,46,-114,55,22,9,-18,-1,0,6,-13,3,-19,-3,-32,16,17,13,-14,-2,7,13,-9,-2,13,19,-53,-11,2,5,-17,0,-11,11,-20,-5,-7,3,0,-4,1,9,-9,-1,-4,2,-147,21,0,1,-1,0,-149,21,-301,-46,-291,-132,-50,45,-29,12,-125,-57,-164,34,-174,-55,-318,-169]]]
2522258	r	-2.6129,38.4007,-1.1079,39.5699	[[[-26129,389900,16,-385,49,-384,80,-380,112,-376,143,-369,173,-361,204,-351,232,-340,260,-327,9,-10,1400,-1219,268,-172,400,-225,419,-203,434,-182,449,-159,461,-136,471,-112,480,-87,486,-63,491,-38,492,-13,396,11,3433,1421,3685,4628,7,20,-8,197,-49,384,-80,380,-112,376,-143,369,-107,222,-192,355,-78,135,-232,340,-260,327,-287,314,-312,298,-337,281,-360,264,-381,244,-400,225,-419,203,-434,182,-449,159,-461,136,-471,112,-480,87,-156,21,-5266,-789,-230,-111,-400,-225,-381,-244,-360,-264,-337,-281,-312,-298,-287,-314,-260,-327,-232,-340,-204,-351,-173,-361,-143,-369,-112,-376,-80,-380,-49,-384,-16,-385]]]
3130564	p	3117735
6544103	p	3128760
6252065	p	3128760
3120635	p	3117735
6544488	p	3117735
2514169	r	-5.1958,36.456,-4.7306,36.8762	[[[-51957,367788,1694,-2929,63,56,53,16,16,-24,-4,-49,41,-66,6,-77,8,-12,-12,-38,3,-18,31,-17,9,-30,-52,-9,-11,7,22,-38,148,11,707,398,113,71,75,20,31,2,17,2,93,-3,5,-4,2,4,16,-1,-1,-7,-32,-5,39,0,2,12,72,-3,554,-56,117,-18,565,-126,116,-9,18,-9,23,2,11,-9,-2,20,-9,2,6,5,13,-26,-15,-6,9,0,7,5,0,16,70,17,-54,64,15,33,-17,19,11,19,26,20,-6,22,-19,12,2,18,52,63,4,22,-18,30,-30,25,-21,0,-31,10,-18,11,-5,14,-10,5,-15,-2,-21,11,-21,28,-29,-2,-25,11,-18,149,-60,113,-44,6,-40,54,-27,16,-1,16,10,20,-31,56,-7,36,9,39,-1581,2959,-138,-11,-286,-38,-282,-53,-277,-68,-271,-83,-264,-97,-255,-110,-246,-124,-236,-136,-224,-149,-138,-105]]]
3108118	p	3117735
3118150	r	-2.8691,42.1588,-2.0309,42.7557	[[[-28691,424700,9,-204,27,-202,44,-201,63,-199,79,-194,97,-191,113,-186,129,-179,145,-173,160,-166,174,-157,187,-149,201,-139,212,-129,223,-119,232,-107,242,-96,250,-85,257,-71,262,-59,267,-47,271,-33,273,-20,274,-6,274,6,273,20,271,33,267,47,262,59,257,71,250,85,242,96,232,107,223,119,212,129,201,139,187,149,174,157,160,166,145,173,129,179,113,186,97,191,79,194,63,199,44,201,27,202,9,204,-9,204,-27,202,-44,201,-63,199,-79,194,-97,191,-113,186,-129,179,-145,173,-160,166,-174,157,-187,149,-201,139,-212,129,-223,119,-232,107,-242,96,-194,66,-5674,-1967,-34,-84,-63,-199,-44,-201,-27,-202,-9,-204]]]
2511401	n	-16.5647,28.2624,-16.2682,28.5721	[[[-165647,284152,2,-8,85,-209,107,-201,129,-190,149,-178,168,-165,186,-149,202,-132,215,-114,226,-95,236,-75,58,-12,16,26,68,233,90,88,97,73,32,102,-25,100,-55,168,3,211,103,187,139,101,177,62,229,167,-40,-13,-7,-18,-15,-13,-21,25,-21,10,-25,35,-33,13,-1,8,-25,17,-7,0,-9,-28,-59,0,-12,-14,-17,2,-15,17,-27,8,-13,-3,-9,8,-7,24,-9,5,-1,18,-17,17,-39,15,-19,20,15,-1,15,14,38,66,10,13,18,8,55,78,2,76,45,-48,27,1,5,6,21,3,13,-7,48,-2,27,-7,33,-25,34,4,53,-18,9,-20,-18,-24,2,-30,14,-9,-1,-16,28,-39,12,1,20,83,1,15,33,185,16,12,107,446,-4,6,-41,21,1,4,-28,7,-12,68,16,25,-3,9,50,86,-3,16,10,26,47,20,37,4,24,101,-29,43,7,5,-9,30,14,1,7,24,-15,2,4,13,-9,5,9,5,-15,6,4,10,-12,1,-8,10,19,17,-16,11,-7,-7,-1,23,13,3,-8,4,-268,7,-162,55,-63,-186,-184,-69,-223,-36,-178,-88,-82,-54,-189,-90,-37,-61,-23,-145,-61,-86,-195,-154,-470,-369,-202,-142,-211,-20,-107,-42,-256,-26,-2,-1]]]
2521420	r	-7.3592,38.2368,-6.5596,39.4972	[[[-73592,384464,137,-54,284,-164,1057,-1071,43,-58,64,-133,44,-62,68,-57,171,-100,52,-44,88,-178,283,-51,530,-69,534,-41,537,-14,537,14,534,41,530,69,523,95,514,122,503,149,489,173,147,62,-484,4558,57,9,38,-8,132,5,41,-41,60,-11,88,-35,21,-13,24,-27,12,13,-3,26,9,12,-15,56,6,34,105,-11,71,30,69,40,66,55,30,117,-7,6,-51,25,-12,4,1,1,-13,6,10,21,-5,12,-14,0,-15,-11,-26,1,-44,24,-56,4,-14,36,-22,6,-16,-11,-17,0,-16,16,-25,-4,-11,6,-4,19,-38,-19,-16,3,-20,20,-2,31,-9,5,-34,-19,-33,14,-28,-2,-23,52,-60,20,-22,-10,-9,8,-7,27,-15,14,-26,4,-8,22,-41,4,-15,22,-39,-4,-11,8,-51,11,-15,17,-78,734,98,-4,20,127,77,-48,9,20,-17,94,22,152,-6,2,-11,76,3,28,-21,37,2,24,21,49,-31,20,-71,92,-72,57,13,59,-37,41,-16,68,20,14,6,29,21,17,2,34,-9,18,11,11,2,24,-37,72,10,35,13,13,-10,48,19,3,21,39,27,4,22,16,14,24,31,32,11,41,17,15,0,29,6,10,1,6,-337,48,-86,810,994,-116,-5,45,28,28,0,65,22,89,-17,129,30,33,-135,-3,-112,19,-136,34,-164,20,-87,2,-97,17,-282,88,-90,15,-74,16,-164,58,-91,13,-152,34,-50,-2,-9,2,-56,25,-64,18,-26,-2,-36,-32,-45,-21,-62,-1,-73,61,-95,62,-35,84,-33,11,-18,17,-38,73,-12,8,0,35,10,28,-40,48,0,83,81,82,48,30,-4118,2466,-340,-81,-503,-149,-331,-117,37,-51,-1,-213,-53,-228,-78,-145,-52,-141,5,-221,47,-213,19,-29,40,2,24,7,48,-30,29,18,26,-12,83,-63,75,-18,15,-27,29,-14,-1,-16,65,-25,76,-71,13,-22,37,-19,-13,-52,32,-32,92,-54,40,-28,6,-13,74,-42,40,-35,44,-19,18,-18,30,-2,11,-16,-40,-50,-125,-199,22,-77,38,-35,3,-78,-30,-25,-6,-43,2,-17,51,-80,-15,-96,-57,-69,-23,2,54,-60,248,-108,277,-56,235,-86,123,-191,-21,-101,-110,-195,14,-84,103,-81,147,-59,152,-20,121,36,239,113,264,24,261,-57,230,-123,161,-121,8,-10,132,-169,63,-196,-69,-171,114,-71,16,-90,-55,-102,-98,-100,-335,-509,-224,-243,-215,-140,138,-196,-51,-156,10,-117,-11,-2,-38,6,-42,-38,-32,-1,-60,-67,-18,-42,-1,-1,-122,-98,-162,-62,-461,-79,-96,-64,-56,-95,-135,-125,-167,-109,-151,-46,-144,-93,-445,-286,-18,-38,-85,-133,-34,-72,-68,-341,-21,-228,5,-102,16,-79,49,-63,66,-30,59,-35,31,-77,-55,-139,-418,-475,-181,-504,-98,-118,115,-131,-11,-116,-96,-111,-144,-119],[-66621,389671,12,-5,31,-3,18,-14,25,-6,47,22,19,-49,31,-42,39,-134,21,-32,-44,-11,-26,-73,13,-12,-68,-53,28,-25,-42,-57,67,-7,-18,-36,-13,-15,-40,-7,-34,26,-8,-14,-58,547]]]
6544494	p	3117735
6544487	p	3117735
6544102	p	3128760
6544491	p	3117735
6544492	p	3117735
3111108	r	-6.0435,40.6785,-5.2765,41.2534	[[[-60435,409700,9,-191,24,-189,41,-189,57,-185,73,-183,88,-178,104,-174,118,-168,133,-162,146,-155,159,-148,172,-139,183,-131,194,-121,204,-111,213,-100,221,-90,229,-79,234,-67,241,-56,244,-43,247,-31,250,-19,251,-6,251,6,250,19,247,31,244,43,241,56,234,67,229,79,221,90,213,100,204,111,194,121,183,131,172,139,159,148,146,155,133,162,118,168,104,174,88,178,73,183,57,185,41,189,24,189,9,191,-9,191,-24,189,-41,189,-57,185,-73,183,-88,178,-104,174,-118,168,-133,162,-146,155,-159,148,-172,139,-183,131,-194,121,-204,111,-213,100,-221,90,-229,79,-234,67,-241,56,-102,18,-2712,-271,-95,-39,-213,-100,-204,-111,-194,-121,-183,-131,-172,-139,-159,-148,-146,-155,-133,-162,-118,-168,-104,-174,-88,-178,-73,-183,-57,-185,-41,-189,-24,-189,-9,-191]]]
2516548	r	-7.4418,37.0354,-6.4332,37.6806	[[[-74418,373529,44,-456,98,-328,-66,-152,48,-226,150,-439,159,-73,171,-56,185,18,198,145,152,54,2423,49,-134,54,-283,28,263,96,393,-104,323,-84,811,-318,46,-77,54,5,48,-29,196,-90,213,-87,131,-45,245,-112,69,-41,67,-55,46,-54,46,-73,-42,73,-33,40,1,31,-38,34,-39,2,-48,30,-10,31,-208,94,-42,-5,-112,51,-95,58,-7,28,-10,4,9,-10,-38,23,35,17,-97,90,-146,107,-62,59,-83,137,-24,58,-8,39,66,47,65,73,170,153,68,80,90,74,76,38,80,68,21,24,-15,11,15,22,79,68,32,10,-316,-380,-120,-82,-68,-125,67,-261,180,-224,196,-79,203,-76,412,-274,171,-60,232,-49,266,-114,1143,-660,1014,731,862,621,56,193,42,203,-451,2376,-21,38,-158,237,-177,228,-196,218,-212,208,-230,196,-244,184,-260,170,-272,157,-285,141,-296,127,-305,111,-314,95,-321,78,-326,61,-331,43,-334,27,-335,9,-335,-9,-334,-27,-331,-43,-326,-61,-321,-78,-314,-95,-305,-111,-296,-127,-285,-141,-272,-157,-260,-170,-244,-184,-230,-196,-212,-208,-196,-218,-177,-228,-158,-237,-138,-245,-118,-251,-98,-257,-68,-234],[-68535,372945,8,7,-6,-9,-2,2]]]
3110876	p	3128760
3108288	r	1.1467,41.0587,1.4889,41.4379	[[[11467,410703,24,-7,238,-109,107,39,51,57,38,77,109,148,55,-38,53,1,-44,2,18,14,8,-5,-65,61,20,26,82,-67,35,23,-41,31,-29,36,23,15,10,-5,17,7,-5,4,13,10,3,-5,6,6,-5,3,32,27,93,15,-68,-15,-12,-9,-29,-55,23,-29,53,35,-21,57,19,5,7,-5,16,-43,74,28,-11,23,8,5,42,-13,12,16,-33,6,15,0,-8,6,1,3,10,1,9,-2,-8,2,49,9,28,-5,-13,-30,-27,6,3,9,-9,-15,7,-18,-113,-43,-33,-44,-13,6,-40,-53,-16,-2,23,-11,-7,-23,-40,-26,-19,9,15,21,-30,-35,19,-8,-61,-46,129,87,58,75,139,54,23,52,17,20,13,-9,4,9,-9,3,15,17,13,-8,-26,-28,13,6,19,24,-11,11,9,8,118,19,3,-5,2,6,36,6,4,-2,4,3,173,29,419,118,5,-1,58,5,5,-8,19,2,30,-25,23,-6,-6,12,35,18,20,3,8,-10,29,0,13,11,31,-2,38,11,9,11,83,11,33,13,19,57,-51,12,1188,337,-863,2478,-158,46,-267,61,-271,48,-108,14,-1426,-2987,13,-26,39,-13,65,-38,-22,-33,-44,3,-79,19,-11,7,-27,-57,16,-58,-38,-9,-14,-8,-6,-14,36,-22,37,-37,3,-21,-113,2,-184,-384]]]
6544490	p	3117735
3118514	r	0.033,41.1824,1.207,42.0618	[[[330,416200,12,-289,38,-288,62,-285,88,-282,111,-276,136,-271,158,-263,181,-255,203,-246,224,-235,243,-223,263,-211,280,-198,297,-183,313,-169,326,-152,339,-137,350,-119,359,-102,368,-84,374,-65,340,-43,2792,1781,4,3,796,507,3078,1963,5,122,-12,289,-38,288,-62,285,-88,282,-111,276,-136,271,-158,263,-181,255,-203,246,-224,235,-243,223,-263,211,-280,198,-297,183,-313,169,-326,152,-339,137,-350,119,-359,102,-368,84,-374,65,-379,47,-382,29,-384,9,-384,-9,-382,-29,-379,-47,-374,-65,-368,-84,-359,-102,-350,-119,-339,-137,-326,-152,-313,-169,-297,-183,-280,-198,-263,-211,-243,-223,-224,-235,-203,-246,-181,-255,-158,-263,-136,-271,-111,-276,-88,-282,-62,-285,-38,-288,-12,-289]]]
3125239	p	3117735
3117164	r	2.325,41.4836,2.7689,41.7976	[[[23250,415203,290,-367,173,56,577,297,117,94,14,-2,-8,7,8,6,26,-16,-16,14,8,7,9,-9,-4,10,10,-6,-10,8,24,18,20,-22,-24,-18,-9,5,7,-6,-16,-12,-10,3,10,-7,47,35,-14,27,5,8,34,23,27,9,1,5,1973,683,1170,372,-1,1,-96,160,-109,155,-123,149,-136,143,-148,136,-159,128,-15,10,-961,510,-179,61,-218,62,-159,36,-2135,-2739,0,-34]]]
3104748	p	3117735
6544495	p	3117735
3118532	r	-5.9483,42.3196,-5.1917,42.8804	[[[-59483,426000,8,-183,24,-183,41,-181,56,-179,72,-175,87,-172,102,-167,117,-162,131,-156,144,-149,157,-142,169,-133,181,-126,191,-116,201,-107,211,-97,218,-86,225,-76,232,-65,237,-53,241,-42,244,-30,247,-18,247,-6,247,6,247,18,244,30,241,42,237,53,232,65,225,76,218,86,211,97,201,107,191,116,181,126,169,133,157,142,144,149,131,156,117,162,102,167,87,172,72,175,56,179,41,181,24,183,8,183,-8,183,-24,183,-41,181,-56,179,-72,175,-87,172,-102,167,-117,162,-131,156,-144,149,-157,142,-169,133,-181,126,-191,116,-201,107,-211,97,-218,86,-225,76,-232,65,-237,53,-241,42,-244,30,-247,18,-247,6,-247,-6,-247,-18,-244,-30,-241,-42,-237,-53,-232,-65,-225,-76,-218,-86,-211,-97,-201,-107,-191,-116,-181,-126,-169,-133,-157,-142,-144,-149,-131,-156,-117,-162,-102,-167,-87,-172,-72,-175,-56,-179,-41,-181,-24,-183,-8,-183]]]
2510542	r	-15.5518,27.8577,-15.3583,28.045	[[[-155518,280450,510,-763,39,-35,-10,-7,-25,-8,-39,5,-29,-13,-16,-28,-15,-1,-7,-7,-65,4,-83,-66,-61,22,19,-25,12,-6,7,6,17,-14,44,-2,25,5,7,-12,28,0,70,19,80,-26,41,6,23,-18,136,2,7,14,1031,-925,12,99,-67,179,-89,143,97,214,73,87,60,26,67,-29,2,-13,3,10,20,-3,11,23,-12,16,9,15,-23,24,-27,17,0,30,-131,160,26,180,60,138,7,7,2,14,9,21,27,162,-40,61,-159,85,-28,21,2,4,-15,15,4,11,-6,4,-21,-8,-17,12,-80,125,-8,23,-138,0,24,-16,18,15,12,-7,-13,0,7,-6,-7,-11,9,-8,8,7,-7,-7,24,-22,12,-22,106,-60,-22,-15,-14,3,-37,-17,-48,6,-38,20,-35,-2,-22,27,-5,39,-38,14,-1,0,-1,0,-48,-12,-35,-24,-21,-5,-29,3,-31,-19,-17,4,-21,-21,-20,-5,-12,-33,-24,-3,-4,-14,-23,-9,-17,4,-8,-7,-6,5,-25,-8,-14,7,-2,24,6,7,31,1,21,22,-5,25,-45,35,-40,-9,-20,24,-2,16,-19,2,-27,23,-12,0,-15,28,0,1,-824,0],[-153680,279895,3,7,0,-3,-3,-4]]]
2518794	r	-6.4024,37.0085,-5.8832,37.3621	[[[-64024,371931,46,-157,57,-150,2989,-1539,699,651,-65,9,-51,42,-29,-1,20,114,-21,64,-46,91,3,29,13,15,118,66,21,26,4,36,-13,21,-33,24,-72,17,-48,4,-48,20,-8,17,97,85,14,39,-18,47,55,36,99,18,278,84,44,-115,53,-83,73,-89,106,-107,773,719,-7,10,-119,61,-42,52,1,56,-3,-9,-32,-7,-104,-1,-6,-23,19,76,26,23,64,26,24,30,15,5,21,-3,13,-3,2,1,2,0,26,26,17,87,41,126,0,20,-22,42,34,41,18,7,-21,25,11,37,65,51,39,48,-113,80,-21,49,-42,28,-8,21,-44,36,1,6,-67,11,-36,15,-29,59,4,10,29,3,78,113,42,87,-5,8,-4,3,-34,43,-76,62,-66,68,-44,69,-119,82,-17,-49,-10,-12,-3,-9,-41,-53,-95,-131,-20,-18,-15,-61,-55,-56,-6,-37,-42,-65,-305,63,-36,10,-19,-18,-119,-54,-14,-8,-19,-20,-67,-74,-13,-8,-8,-6,-11,-6,-10,-3,-16,-4,4,37,-3162,-947,-539,-161]]]
3121245	p	3128760
2522013	r	-5.8365,36.0065,-5.4198,36.4248	[[[-58365,361300,2,-48,35,-28,215,-256,152,-113,424,-99,198,-99,208,-57,237,71,177,-111,420,-192,179,-303,308,75,144,76,999,291,20,-4,36,21,93,30,4,1,2,1,57,18,69,54,68,68,2,10,6,1,21,22,-4,16,9,12,27,13,-3,22,6,10,-13,4,-1,25,-32,15,-1,0,-15,43,-56,98,-8,50,20,23,19,2,26,-10,4,8,-11,33,-30,3,-24,28,25,62,-6,-13,-7,0,-14,-1,13,20,16,13,124,0,2,-6,-5,129,-73,5,1,103,18,41,-20,-41,-4,-106,-13,-50,-60,-6,-9,19,7,3,18,14,-11,-6,-7,7,10,8,-11,-7,-6,7,11,7,-12,-6,-7,8,34,21,6,134,-51,5,-11,-12,0,-74,-5,86,44,127,92,85,33,98,56,-2,-1561,2336,-77,116,-143,-44,-231,-85,-223,-97,-214,-109,-206,-119,-195,-131,-185,-141,-173,-150,-160,-159,-148,-167,-133,-174,-120,-182,-104,-187,-89,-193,-73,-197,-58,-200,-41,-203,-25,-204,-8,-206],[-54352,361222,5,-4,-2,-2,-3,6]]]
3109981	p	3128760
3107784	p	3117735
2520600	r	-6.3961,36.444,-6.2238,36.6415	[[[-63961,366415,14,-46,149,-126,181,-37,6,-1,-350,210]],[[-63173,365269,31,11,3,-6,44,11,63,-9,18,-16,171,-115,18,-43,133,-204,30,-67,107,-187,63,-157,19,1,55,-48,49,37,15,-2,47,11,4,6,-11,20,17,12,3,50,-10,2,52,64,-12,22,-11,3,-1,-30,-21,-9,-78,6,-55,15,-15,-4,-17,13,-9,-4,-18,12,-44,12,-34,42,-99,179,7,3,29,-44,94,101,-5,6,51,84,-85,91,-188,139,-2,1,-18,13,1,5,16,-1,-12,4,12,9,19,-10,0,6,19,-4,-26,8,6,14,15,3,50,-11,-43,93,-35,-11,-11,11,18,-74,-42,-32,-21,15,6,5,-9,7,-6,-5,-11,8,8,5,16,0,9,7,-19,23,-30,-23,-30,22,26,24,-10,8,12,10,10,-7,-10,-9,13,10,-10,8,5,4,5,4,13,-5,-8,6,7,8,25,-3,-29,-20,41,24,-30,4,26,19,-3,5,-29,-23,-44,-4,-41,-36,8,-10,-7,-6,-64,12,-14,-6,-2,2,-57,-16,-6,-10,-44,-17,15,-14,0,-2,3,-1,22,-21,0,-2,-10,-15,-23,1,-29,-9,-51,12,0,-21]],[[-62325,365262,26,-49,61,65,-38,-3,-43,11,-6,-24]]]
6544099	p	3117735
3130583	p	3117735
3114256	p	3117735
2516395	r	-4.3246,37.4014,-3.2193,38.0709	[[[-43246,376118,74,-156,154,-271,176,-262,197,-252,218,-242,236,-229,256,-217,272,-204,289,-188,145,-83,2998,557,2581,480,2786,517,82,123,154,271,132,278,108,285,85,289,61,293,36,296,13,297,-9,212,-1473,413,-1,0,-2976,835,-5521,1549,-18,-15,-149,-144,-906,-4432]],[[-36363,379366,24,-36,37,-21,18,-21,37,-13,-5,-22,-30,-51,6,-25,17,-16,-2,-18,13,-16,-5,-48,70,57,21,28,47,20,-67,67,31,93,-10,37,-3,125,-82,-12,-29,11,-1,15,-34,21,-28,-115,-25,-60]]]
6615440	p	3104324
3114965	r	-8.2791,42.0063,-7.4116,42.6737	[[[-82791,422340,46,-211,2,-6,121,-199,138,-193,155,-185,42,-43,63,33,90,-96,91,-152,-2,-22,74,-66,200,-160,214,-149,227,-139,239,-127,249,-115,259,-103,267,-90,275,-77,280,-63,286,-50,290,-36,292,-21,293,-7,293,7,292,21,290,36,286,50,280,63,275,77,267,90,259,103,249,115,239,127,227,139,214,149,200,160,187,168,171,178,155,185,138,193,121,199,103,204,86,209,66,213,48,215,29,218,9,218,-9,218,-29,218,-48,215,-66,213,-86,209,-103,204,-121,199,-138,193,-155,185,-171,178,-187,168,-200,160,-214,149,-227,139,-239,127,-249,115,-259,103,-267,90,-275,77,-280,63,-286,50,-290,36,-292,21,-293,7,-293,-7,-292,-21,-290,-36,-286,-50,-280,-63,-275,-77,-267,-90,-259,-103,-249,-115,-239,-127,-227,-139,-214,-149,-200,-160,-187,-168,-47,-49,-34,-178,-509,-2642,-43,-223]]]
3116156	p	3117735
3111933	r	0.7164,40.9326,1.3117,41.4583	[[[7164,411600,9,-195,25,-194,42,-193,59,-190,74,-187,91,-183,106,-177,122,-173,136,-165,150,-159,163,-151,176,-142,188,-134,50,-31,220,222,1129,849,270,121,383,131,420,60,440,8,50,-14,184,384,113,-2,-3,21,-37,37,-36,22,6,14,14,8,38,9,-16,58,27,57,11,-7,79,-19,44,-3,22,33,-65,38,-39,13,-13,26,1321,2768,-49,23,-227,92,-235,81,-241,69,-246,56,-251,45,-254,32,-257,19,-257,6,-257,-6,-257,-19,-254,-32,-251,-45,-246,-56,-241,-69,-235,-81,-227,-92,-145,-68,-796,-507,-50,-41,-163,-151,-150,-159,-136,-165,-122,-173,-106,-177,-91,-183,-74,-187,-59,-190,-42,-193,-25,-194,-9,-195],[11779,411356,1,2,1,-1,-2,-1]]]
6544106	p	3128760
2513076	r	-1.1441,37.8883,-0.7069,38.3493	[[[-11441,383493,638,-2577,413,-471,285,151,24,-32,15,-14,28,-4,28,-21,20,-7,3,-2,-19,-24,-38,7,-10,-4,-13,-30,-14,-13,-10,-2,-19,14,-30,-8,-1,-11,35,-42,-40,-56,22,-6,97,-86,24,-13,4,-6,-23,-21,53,-70,58,-109,5,9,68,20,33,18,103,26,45,18,28,-50,2,5,19,-2,-9,-19,9,-4,-6,-6,30,-51,-9,-12,11,-19,106,-140,6,2,128,-142,118,-224,12,-23,210,-211,69,-60,271,384,12,-2,-5,-52,23,-52,20,-17,-10,-4,3,-20,29,-12,2,-8,45,-9,18,-14,33,0,22,-20,-5,-9,17,-7,-20,-12,4,-14,25,-2,16,-19,35,-8,43,-31,60,-1,52,-27,8,-17,14,-2,3,-11,17,-11,101,-32,7,-8,-6,-23,16,-4,47,41,48,14,135,-32,-8,-13,5,-5,42,-6,7,-6,-23,-41,2,-42,39,-12,16,-28,21,-7,30,-3,18,-11,59,0,64,-49,46,-22,14,-2,21,104,25,4,-17,1,13,12,10,-3,-2,-14,8,8,6,29,10,14,15,7,0,13,23,33,18,3,18,-9,11,4,37,36,21,-3,-2,9,15,5,15,-1,13,-19,-2,10,7,-1,6,-11,-13,-5,17,4,26,-9,23,10,-2,29,-11,17,3,28,-7,20,6,5,-11,0,8,12,-6,5,9,26,-4,13,16,10,-8,11,13,16,-6,14,12,6,-3,9,8,4,6,32,27,21,22,5,21,21,37,-2,-1,14,-37,7,0,13,-27,12,-37,17,-98,67,-18,5,1,6,-35,13,-6,10,-253,144,-2,1,-67,-153,14,-11,-11,2,-19,-22,6,-11,-12,-27,4,-14,-23,-11,-17,-39,-140,-74,-227,-40,-104,54,-6,-6,-266,148,30,224,-9,59,12,20,5,35,52,55,1,9,-13,10,16,3,3,10,-15,20,0,4,171,243,93,10,-28,82,614,869,-1989,1680,-63,119,-84,187,-61,136,-30,-19,-28,-6,-23,-30,-97,-34,27,-77,-1575,363]]]
3109453	r	-3.3787,43.0433,-2.886,43.3523	[[[-33787,432343,31,-100,76,-183,92,-179,108,-175,123,-168,138,-163,152,-155,166,-148,179,-140,190,-131,202,-121,212,-112,222,-101,87,-34,100,105,1889,1979,5,0,22,-23,16,-1,35,22,1,28,35,43,-7,13,-47,38,1,10,25,23,-39,65,10,31,-9,16,5,13,49,34,1,4,1,1,0,6,10,45,-8,16,17,-2,96,-44,67,9,33,31,27,-15,614,643,-1222,-293,0,-21,-16,11,-13,-21,-40,13,-2,1,-3634,-870]]]
3121456	r	2.4594,41.7027,3.2005,42.2573	[[[24595,419800,8,-181,23,-181,40,-179,55,-177,70,-173,86,-170,100,-165,114,-161,58,-69,311,-272,481,-255,1244,-660,156,-36,236,-41,239,-29,242,-18,242,-6,242,6,242,18,239,29,236,41,84,20,166,202,894,526,288,122,95,275,382,210,334,-22,134,141,87,144,86,170,70,173,55,177,40,179,23,181,8,181,-8,181,-23,181,-40,179,-55,177,-70,173,-86,170,-100,165,-114,161,-46,54,-77,35,-161,129,-47,139,-92,84,-166,133,-177,124,-187,115,-197,106,-206,96,-214,85,-221,75,-227,64,-232,53,-236,41,-239,29,-242,18,-242,6,-242,-6,-242,-18,-239,-29,-236,-41,-232,-53,-227,-64,-221,-75,-214,-85,-206,-96,-197,-106,-187,-115,-177,-124,-166,-133,-154,-140,-141,-147,-128,-154,-114,-161,-100,-165,-86,-170,-70,-173,-55,-177,-40,-179,-23,-181,-8,-181]]]
3109642	r	-9.0588,42.6085,-8.0412,43.1909	[[[-90588,428800,11,-245,33,-245,54,-242,36,-115,172,26,508,-56,264,28,229,74,155,141,42,229,207,-84,28,-161,-64,-157,-70,-70,-239,-42,-152,-103,-257,-265,-289,-122,-25,-21,-118,-32,-77,-70,-1,-1,78,-127,77,-107,1040,-124,1,0,1506,-181,67,156,63,0,-58,-164,4485,-537,1,-1,812,-97,733,561,66,69,176,208,157,217,138,224,117,229,97,235,75,240,54,242,33,245,11,245,-1,27,-248,1127,-21,53,-117,229,-138,224,-76,105,-1741,319,-4158,762,-1437,263,-248,-131,-258,-156,-243,-168,-227,-179,-212,-190,-193,-200,-176,-208,-157,-217,-138,-224,-117,-229,-97,-235,-75,-240,-54,-242,-33,-245,-11,-245]]]
3117814	r	-8.0554,42.6453,-7.0646,43.3747	[[[-80554,430100,10,-239,32,-237,53,-236,73,-232,94,-228,115,-224,134,-217,152,-211,172,-202,188,-194,206,-185,222,-174,236,-163,251,-152,192,-101,2369,-635,131,-10,324,-7,324,7,323,24,320,39,315,54,311,69,303,84,295,99,286,112,276,126,263,139,251,152,236,163,222,174,206,185,188,194,172,202,152,211,134,217,115,224,94,228,73,232,53,236,32,237,10,239,-10,239,-32,237,-53,236,-73,232,-94,228,-115,224,-134,217,-152,211,-172,202,-188,194,-206,185,-222,174,-236,163,-251,152,-263,139,-276,126,-286,112,-295,99,-303,84,-311,69,-315,54,-320,39,-323,24,-324,7,-324,-7,-323,-24,-320,-39,-315,-54,-311,-69,-303,-84,-295,-99,-147,-58,-2185,-1864,-226,-316,-37,-89,-73,-232,-53,-236,-32,-237,-10,-239]]]
2520611	r	-7.21,39.1552,-5.529,40.1335	[[[-72100,395033,102,-61,4118,-2466,-48,-30,-81,-82,0,-83,40,-48,-10,-28,0,-35,12,-8,38,-73,18,-17,33,-11,35,-84,95,-62,73,-61,62,1,45,21,36,32,26,2,64,-18,56,-25,9,-2,50,2,152,-34,91,-13,164,-58,74,-16,24,-4,12,0,111,127,1,1,504,15,46,-28,89,-7,68,-26,51,-10,139,-46,9,-8,-41,-36,-11,-43,62,-7,41,-27,3,-40,-10,-30,5,-23,168,-5,188,-26,26,75,2,118,-4,23,-41,48,28,-13,41,0,65,-30,60,-7,70,-18,43,-22,37,1,26,-7,83,-25,15,-13,25,-4,91,16,116,38,50,-4,76,12,0,-1,34,6,92,-12,65,24,83,-20,74,-50,79,-30,129,-13,52,22,121,-22,55,-16,34,3,23,3,24,-5,58,39,100,106,54,28,27,1,57,34,143,29,33,-3,18,-13,29,-7,-7,31,4,40,-17,7,-2,15,25,70,3,5,7225,231,33,56,194,400,159,410,125,416,90,422,54,426,18,427,-18,427,-54,426,-90,422,-51,170,-1014,1947,-190,239,-321,347,-349,331,-376,312,-402,292,-425,272,-448,249,-467,226,-485,201,-502,177,-515,150,-526,124,-536,98,-543,69,-548,42,-550,14,-550,-14,-548,-42,-543,-69,-536,-98,-526,-124,-515,-150,-502,-177,-485,-201,-467,-226,-448,-249,-121,-78,-28,-36,-47,-106,18,-109,-39,-89,-58,-247,-31,-39,-97,-57,-29,-45,1,-57,35,-100,-2,-50,-17,-89,-7,-167,-35,-97,-251,-290,-95,-44,-229,-74,-78,-50,-73,-136,14,-107,43,-92,16,-84,-38,-95,-119,-164,-46,-94,-3,-93,29,-68,11,-73,-115,-215,-147,-47,-618,-60,-742,-71,-105,-271,-125,-416,-90,-422,-54,-426,-8,-194]]]
3118848	p	3117735
2511388	r	-6.263,36.389,-5.9978,36.563	[[[-62630,364856,59,-92,45,-89,37,-11,18,-12,9,4,17,-13,15,4,55,-15,78,-6,21,9,1,30,11,-3,12,-22,-52,-64,10,-2,-3,-50,-17,-12,11,-20,-4,-6,-47,-11,-15,2,-49,-37,18,-13,141,-262,8,5,34,-62,39,-100,7,-82,28,-22,34,-14,1,37,11,33,43,89,-72,113,-3,87,9,32,89,130,50,3,80,-54,46,-8,13,5,3,48,14,26,36,18,47,13,9,9,-12,21,-66,41,-51,60,-2,1,-2,3,66,3,47,-17,35,-24,16,-1,19,14,2,49,20,34,122,21,60,16,40,29,9,-1,-2,-22,11,-13,40,23,16,-7,1387,830,-16,15,-9,14,-119,20,-39,-57,-63,-28,2,12,-17,4,-9,10,-45,10,-19,24,-38,20,0,14,-33,13,-2,10,-12,0,-22,18,-12,0,-29,-17,-15,10,-21,-3,-4,-7,-24,-11,-17,1,-4,-14,-30,8,-34,-17,-25,8,-12,7,-1491,-243,-5,-11,-23,-34,-38,-26,-35,-3,-61,-65,55,-104,176,-20,203,53,71,-7,-214,-197,-105,-130,-17,6,1,-19,-62,-45,-124,-23,-152,139,-69,91,-94,-101]]]
2511716	r	-2.7262,36.682,-2.5519,36.9679	[[[-27262,366844,79,-24,145,17,-45,8,-28,-2,-44,12,-49,-14,-42,6,-16,-3]],[[-27125,367843,8,-51,77,-233,80,-112,188,-120,127,-95,33,-141,22,-30,18,-82,-159,-35,-94,-49,-83,-9,-55,-38,-8,-3,127,15,255,88,50,41,17,6,49,29,109,93,44,43,148,124,32,69,21,36,18,49,46,102,25,35,-21,-29,-1,1,13,27,72,157,87,167,35,44,81,88,54,48,24,32,16,6,25,26,26,-2,3,4,-14,9,11,8,29,-4,8,4,4,-6,-45,-25,85,45,13,18,6,-4,-31,53,-103,127,-9,-4,-19,7,8,8,-7,15,8,9,-26,22,-44,-5,7,-15,-3,-2,-1064,1275,-323,-1836]]]
3121070	r	-3.4814,40.2796,-2.6397,41.0276	[[[-34814,409424,279,-1121,375,-1507,0,-1,4216,-3365,795,-634,150,61,290,138,276,151,263,165,249,178,233,190,216,201,198,211,180,221,160,230,141,237,120,243,99,249,77,253,55,257,34,259,11,260,-11,260,-34,259,-55,257,-77,253,-99,249,-120,243,-141,237,-160,230,-180,221,-198,211,-216,201,-233,190,-249,178,-263,165,-276,151,-290,138,-300,122,-310,108,-319,91,-325,76,-332,59,-336,42,-339,26,-340,8,-340,-8,-339,-26,-336,-42,-332,-59,-325,-76,-319,-91,-310,-108,-300,-122,-290,-138,-276,-151,-47,-30]]]
2514891	r	-2.3811,37.1383,-1.3241,38.1922	[[[-23811,376700,15,-355,43,-353,73,-351,101,-346,129,-340,157,-332,184,-324,211,-313,235,-302,200,-222,3624,-1986,76,-19,400,-74,59,281,177,407,255,281,587,472,295,340,132,206,56,174,93,89,181,-20,69,79,43,118,229,113,510,176,147,23,93,28,198,137,89,45,68,-5,54,-34,59,-15,85,54,11,66,106,329,23,43,19,-18,41,-16,11,10,-6,25,27,41,29,-2,18,5,5,5,-22,11,1,5,17,-1,-5,9,10,4,-1,15,15,13,23,5,-4,9,13,1,18,24,15,7,17,-4,36,21,5,11,34,0,13,11,0,1,111,19,166,84,3,-2,39,11,62,-6,21,5,-6,25,34,40,19,36,-18,11,292,229,153,82,298,1834,-879,938,-3600,2779,-1132,874,-337,-81,-417,-125,-406,-147,-393,-167,-379,-188,-362,-207,-345,-225,-325,-243,-305,-259,-283,-275,-259,-288,-235,-302,-211,-313,-184,-324,-157,-332,-129,-340,-101,-346,-73,-351,-43,-353,-15,-355]]]
2510693	r	-5.3527,39.5567,-4.3741,40.3376	[[[-53527,399600,12,-264,33,-262,56,-261,77,-257,100,-252,120,-248,141,-240,162,-233,180,-224,199,-214,217,-204,234,-193,250,-180,264,-168,278,-154,291,-139,301,-124,312,-109,320,-93,327,-77,333,-60,338,-43,340,-26,342,-8,342,8,340,26,338,43,333,60,327,77,320,93,312,109,301,124,291,139,278,154,264,168,96,69,57,278,579,2807,381,1847,-33,48,-180,224,-199,214,-217,204,-234,193,-250,180,-264,168,-42,23,-4970,553,-170,-50,-312,-109,-301,-124,-291,-139,-278,-154,-264,-168,-250,-180,-234,-193,-217,-204,-199,-214,-180,-224,-162,-233,-141,-240,-120,-248,-100,-252,-77,-257,-56,-261,-33,-262,-12,-264]]]
6949575	p	2515270
2518207	r	-6.397,36.5275,-6.0646,36.7189	[[[-63970,366445,9,-30,350,-210,631,-34,1,-2,29,-26,45,-14,14,-7,-4,-8,5,5,16,-9,24,-38,-18,-10,24,11,55,-48,66,-106,29,-81,12,-6,6,-21,17,-13,26,8,20,-3,11,-14,62,-18,-26,10,10,8,-9,2,-12,22,51,1,-11,-25,-11,4,-3,-6,16,-5,31,11,-9,0,9,19,12,-3,-9,-12,10,9,3,6,-14,4,3,17,32,14,57,-43,-83,-82,85,81,17,-14,-11,-11,14,9,23,-18,-27,-27,28,27,15,-11,89,-191,-23,-110,-14,-44,-4,-37,-36,-85,61,-16,73,6,38,26,23,34,5,11,1491,243,-36,22,1,15,-19,13,-103,-8,-51,27,-21,-17,-15,-2,-7,-12,-13,-2,-11,4,-17,21,-7,-2,-23,13,-41,-14,-40,18,-30,25,-86,39,-11,39,-147,162,-208,58,0,7,25,14,17,21,48,-16,11,31,19,5,14,-8,-18,95,19,8,-27,70,-38,32,-25,50,-44,52,-44,35,-22,13,-12,-11,-112,16,-27,11,-47,35,-62,31,13,23,-31,8,-6,-8,-16,9,-11,8,10,16,-43,27,-23,-11,6,10,-25,5,-7,-10,-33,4,-19,10,22,18,-20,16,-24,-5,-5,6,9,9,-28,24,-122,53,-66,42,-11,-3,-85,96,-20,12,-2,93,-105,85,-37,18,-20,21,-34,10,-139,10,-59,20,-34,33,-184,37,-29,18,-123,-56,-4,-4,9,-14,-78,-88,49,-35,33,-37,5,-17,-8,-87,41,-36,24,-34,0,-1,-884,-335]]]
3124569	p	3128760
2510409	r	-4.4702,39.4734,-3.6059,40.1648	[[[-44701,396915,15,-25,154,-223,173,-215,190,-205,208,-196,224,-185,239,-172,253,-161,266,-147,278,-134,289,-119,298,-105,306,-89,313,-73,319,-58,323,-41,326,-25,327,-8,327,8,326,25,323,41,319,58,313,73,306,89,298,105,289,119,278,134,266,147,253,161,239,172,224,185,208,196,172,185,-1777,2627,-54,-60,-113,-89,-61,-36,22,-28,-106,12,-33,27,-70,38,-46,50,-56,30,-96,23,-83,5,-5,-1,-23,-1,-46,-3,-3,0,-7,2,-73,21,1,31,-14,8,-22,1,5,13,-25,17,19,19,44,23,7,16,-85,97,15,22,30,6,27,16,21,31,35,15,60,22,17,-5,21,12,75,11,67,20,12,-7,11,-37,-3,-71,21,-10,33,2,21,12,5,16,-7,58,5,20,45,65,11,2,51,-10,21,35,19,19,-596,881,-84,52,-1646,649,-1057,206,-1748,341,-221,-141,-239,-172,-63,-52,-901,-4367]]]
2513947	r	-2.9702,35.2656,-2.9129,35.3298	[[[-29702,352887,50,-2,4,-15,-29,-11,-6,-39,21,-5,3,-10,46,-37,71,-41,37,-71,47,2,69,17,95,44,2,1,163,49,-3,3,-88,108,-15,24,-6,21,-11,8,-1,0,-225,365,-191,-159,10,-89,-12,-23,-27,-89,-4,-51]]]
2518494	r	-3.1819,36.6801,-2.6572,37.1544	[[[-31819,370039,183,-2584,69,-10,802,53,888,-127,544,146,193,-14,90,-51,-19,-20,75,-37,176,-156,223,-239,0,-10,9,4,12,-6,9,8,16,-1,58,-42,43,4,19,23,26,11,67,47,171,25,111,-27,69,-34,-4,-10,8,12,15,-3,17,-23,1,-8,-7,-1,15,-13,-1,8,25,22,4,-3,-14,-23,27,25,10,0,-39,-37,18,17,-4,-13,12,14,27,0,-23,-4,-4,-7,8,-4,-10,3,8,-5,-10,4,8,-6,-10,3,8,-5,-10,3,8,-5,-11,0,2,-6,-60,19,-4,11,-5,-4,5,-7,58,-22,36,8,6,-16,1,10,13,0,25,-20,-1,-8,8,4,27,-25,-8,-15,10,10,10,-7,-8,8,10,9,20,-3,71,-65,63,-17,31,-6,35,3,3,0,72,8,69,24,73,6,56,-4,49,9,42,-6,49,14,44,-12,28,2,45,-8,33,-6,35,14,-1,0,8,3,55,38,83,9,94,49,159,35,-18,82,-22,30,-33,141,-127,95,-188,120,-80,112,-77,233,-8,51,323,1836,-518,1809,-174,24,-302,24,-304,8,-304,-8,-302,-24,-300,-40,-296,-56,-290,-71,-285,-86,-276,-101,-268,-116,-258,-129,-247,-143,-235,-155,-222,-168,-207,-179,-193,-189,-36,-40]]]
2519513	r	-6.2129,36.1577,-5.6977,36.555	[[[-62129,364249,3,-87,72,-113,-43,-89,-4,-12,1,-2,-8,-19,-1,-37,19,-31,11,0,38,-44,50,-37,31,-17,52,-15,45,-27,28,-25,83,-158,67,-183,25,-166,65,-144,548,-236,225,-300,197,-335,257,-277,532,-125,446,68,218,3,193,-102,205,-162,1795,2556,2,67,-9,234,-28,234,-48,231,-65,229,-84,224,-92,198,-210,0,-55,-4,-213,-51,-39,0,-43,12,-97,-14,-75,-32,-51,-7,-145,-59,-70,-13,-122,-7,-48,-23,-41,-6,-470,9,-205,-67,-329,-31,-230,-48,-55,-24,-1,30,-85,35,-54,33,-30,3,7,101,-21,33,55,23,28,3,18,20,-62,32,-32,33,-1387,-830,-16,7,-40,-23,-11,13,2,22,-9,1,-40,-29,-60,-16,-122,-21,-20,-34,-2,-49,-19,-14,-16,1,-35,24,-47,17,-66,-3,2,-3,2,-1,51,-60,66,-41,12,-21,-9,-9,-47,-13,-36,-18,-14,-26,-3,-48,-13,-5,-46,8,-80,54,-50,-3,-89,-130,-9,-32]],[[-58696,365525,64,-4,35,-17,52,-1,62,6,49,25,55,-20,36,-3,46,1,32,10,29,-11,75,14,55,-12,48,18,68,-6,15,-8,2,-18,10,14,42,12,22,25,-789,0,-8,-25]]]
6362987	r	-5.3989,35.8474,-5.2783,35.9262	[[[-53989,359245,92,-225,113,-203,155,-179,222,-164,51,150,410,263,4,-1,26,6,15,14,19,-3,15,7,-1,7,14,3,1,11,10,3,3,9,7,-2,4,9,15,-10,8,3,6,10,-5,7,22,18,-10,11,6,17,-27,-6,-23,9,-8,13,6,10,-20,4,-3,5,31,76,-262,-109,-181,34,-167,105,-221,101,-190,14,-137,-17]]]
3113209	r	-9.031,42.2373,-8.2239,42.6909	[[[-90309,425696,23,-81,22,-184,149,-124,144,127,79,55,84,23,80,227,29,53,359,76,118,69,-142,127,330,191,139,51,-53,-105,143,-83,117,57,218,231,-100,85,24,125,151,208,133,-83,102,-156,122,-126,188,-53,177,46,134,117,99,155,1,4,-1506,181,-96,-52,-219,-133,-207,-145,-194,-154,-181,-163,-165,-171,-150,-179,-134,-186,-18,-30]],[[-89426,424693,71,-39,346,-44,129,-54,78,-106,45,-190,82,-113,239,-110,326,-30,316,22,218,43,140,60,248,148,220,100,23,16,32,10,88,8,100,-30,81,-4,91,34,-72,-145,-144,-105,-329,-160,-171,-117,-377,-330,-27,-48,1109,-266,65,113,151,108,83,19,38,-8,10,-67,0,-248,3292,-787,132,136,45,54,509,2642,-53,131,-100,198,-117,192,-134,186,-150,179,-89,92,-4485,537,-21,-59,-367,-614,-129,-125,-132,-29,-122,-79,-92,-119,-35,-149,13,-172,123,-346,-122,-79,-1,-108,27,-117,-40,-105,-105,-30,-146,19,-139,42,-88,43,131,63,4,94,-82,84,-123,32,-147,-27,-207,-63,-183,-85,-76,-98]]]
3130380	n	-3.0212,43.3213,-2.9671,43.355	[[[-30212,433273,59,-60,47,12,-73,46,-8,-4,-17,19,-1,1,3,-7,-10,-7]],[[-30205,433545,5,-19,0,-1,8,-5,-4,-3,3,-6,42,-27,-1,8,26,-13,-1,-33,-18,-33,9,-17,27,-15,4,-26,-7,-9,30,-62,0,-45,9,7,36,67,36,42,26,60,13,13,55,7,179,-39,37,-3,14,0,5,18,1,36,-23,26,-48,-28,-22,-4,-27,11,-108,15,-33,-7,-30,33,-20,23,3,10,-12,24,-209,0,-1,-2,-4,-3]]]
2510253	r	-0.9108,37.7446,-0.6434,38.122	[[[-9108,378282,1028,-486,200,432,273,-267,46,100,-45,398,-1,12,21,162,235,466,-11,-10,-11,-4,-18,9,-18,-3,-23,-33,0,-13,-15,-7,-10,-14,-6,-29,-8,-8,2,14,-10,3,-13,-12,17,-1,-25,-4,-21,-104,-14,2,-46,22,-64,49,-59,0,-18,11,-30,3,-21,7,-16,28,-39,12,-2,42,23,41,-7,6,-42,6,-5,5,8,13,-135,32,-48,-14,-47,-41,-16,4,6,23,-7,8,-101,32,-17,11,-3,11,-14,2,-8,17,-52,27,-60,1,-43,31,-35,8,-16,19,-25,2,-4,14,20,12,-17,7,5,9,-22,20,-33,0,-18,14,-45,9,-2,8,-29,12,-3,20,10,4,-20,17,-23,52,5,52,-12,2,-271,-384,361,-319,44,-20,14,-17,-18,-12,0,-12,12,-12,11,-45,-33,-87,-83,-1,-5,5,-30,-11,-72,-46,-35,-45,-59,-42,-41,-17,-83,10,-60,-20,-46,-27,-46,-17,-6,-154]],[[-8450,379521,266,-148,6,6,104,-54,227,40,140,74,17,39,23,11,-4,14,12,27,-6,11,19,22,11,-2,-14,11,67,153,2,-1,253,-144,6,-10,35,-13,-1,-6,18,-5,98,-67,37,-17,27,-12,0,-13,37,-7,1,-14,18,-7,-3,54,7,2,7,43,-7,15,12,7,-1,37,32,67,78,65,41,-32,6,5,-28,22,6,5,-15,8,6,6,13,-7,-12,8,10,8,22,6,1,1,10,3,0,-1,-11,-6,6,-3,16,13,-1,0,25,8,0,-4,-18,-2,28,2,-9,0,0,4,13,4,1,-4,2,5,3,1,16,-21,-13,-8,-11,11,-13,-13,12,3,-4,-9,10,8,13,-10,-11,-9,3,-10,-8,-6,-17,14,10,8,-11,-8,-5,4,-5,4,10,9,-16,-7,33,-28,-55,-38,70,42,22,52,24,11,7,-8,5,10,21,-1,7,12,22,8,16,-1,1,-10,20,3,20,26,-2,14,6,2,8,8,10,4,5,-3,-4,8,10,13,20,7,12,-10,14,1,-12,13,6,9,18,3,-9,1,-4,8,15,15,-8,6,1,1,9,5,-3,1,1,0,1,10,2,1,-2,1,1,11,4,1,3,9,-5,5,1,10,4,2,10,36,48,22,-4,15,9,25,-13,19,-12,-2,-26,36,14,197,9,4,-9,2,30,441,30,422,16,60,-1084,-46,-614,-869,28,-82,-93,-10,-171,-243,0,-4,15,-20,-3,-10,-16,-3,13,-10,-1,-9,-52,-55,-5,-35,-12,-20,9,-59,-30,-224]],[[-7545,377744,32,-216,173,-82,13,31,-48,59,-61,104,-34,42,-12,23,0,27,-12,17,-51,-5]]]
3110834	p	3128760
3112989	p	3117735
6544101	p	3128760
3124408	p	3117735
3121007	r	-3.374,43.3198,-2.7311,43.4525	[[[-33740,433600,2,-50,2510,0,-87,8,-194,44,-260,60,-231,193,-105,43,-130,18,-455,125,-613,62,-345,89,-22,-72,-39,-172,-24,-174,-7,-174]],[[-31107,433550,471,0,-259,119,-212,-119]],[[-30396,433732,24,-9,-1,-13,49,-46,79,-47,9,-16,17,-6,12,-45,1392,0,1504,810,-38,28,-209,115,-128,22,-174,-46,-210,-62,-472,-34,-511,16,-248,-20,-166,-71,0,-62,68,0,0,-75,-160,-33,-435,-194,-116,-103,-133,-32,-27,-26,-28,1,-13,7,1,-14,-18,1,7,-8,-3,-5,-9,3,0,-13,-10,2,6,-5,-10,5,7,-6,-19,1,3,-7,-18,-13,-22,0]],[[-30183,433287,16,-11,-12,-5,73,-46,-47,-12,2,-1,40,-13,19,32,10,8,0,45,-30,62,-35,-52,-9,4,2,6,-5,-6,11,-4,-17,-14,-17,7,20,16,-8,1,-13,-17]]]
2513882	r	-4.9329,36.4865,-4.5922,36.9422	[[[-49329,368742,1570,-2939,-9,-39,7,-36,31,-56,-10,-20,1,-16,27,-16,40,-54,44,-6,60,-113,64,13,11,-20,8,-54,21,-19,13,-25,18,-11,-4,-13,57,-39,26,-67,30,-25,18,-30,-4,-22,-52,-63,-2,-18,19,-12,6,-22,-30,-28,-7,-11,17,-19,-15,-33,54,-64,121,1,46,12,36,-4,72,30,49,-9,19,8,30,-1,12,10,21,4,35,44,70,47,-2,0,31,20,25,10,62,3,64,25,-5,-2,14,5,2,0,51,-2,27,-11,69,18,29,-9,57,6,32,34,4,17,34,35,21,34,-72,68,0,29,68,82,-6,53,-20,17,11,21,-2,20,31,43,12,64,41,11,-7,12,26,14,-7,8,5,18,-5,16,35,26,11,34,46,56,29,23,-3,11,29,1,-9,37,29,9,17,19,-2,14,7,-17,34,-6,40,3,-10,26,23,24,3,31,18,21,-8,26,-38,42,18,44,-20,28,1,26,-19,5,-27,-8,-13,2,-22,24,0,1256,-1821,1999,-245,-74,-267,-98,-259,-112,-249,-125,-238,-138,-200,-133]]]
3110718	p	3128760
3129135	r	-6.2938,43.3732,-5.784,43.663	[[[-62938,435500,8,-178,24,-178,40,-176,55,-174,71,-171,86,-167,101,-162,116,-158,129,-151,142,-146,121,-107,4101,1034,1,10,-31,21,-43,3,-2,15,-21,8,2,24,-22,9,-39,-5,-15,7,0,43,-67,13,19,54,-19,37,-14,3,-11,15,-7,25,30,31,1,13,13,14,28,-8,30,1,28,32,15,-1,114,37,18,18,19,6,77,1190,-198,124,-325,117,-159,8,-68,-94,-45,-122,-117,-46,-322,0,21,-30,27,-73,20,-33,-125,-103,43,-80,66,-74,-52,-91,-87,0,24,15,-19,5,-10,35,12,21,-24,0,-36,-14,-5,-31,-92,19,0,7,-12,3,-37,-3,11,-4,-43,6,-6,-9,87,-12,12,-38,-936,0,-157,-53,-150,-85,-150,-49,-157,57,-155,-62,-776,62,-130,32,-318,173,-136,-16,-75,-50,-61,-52,-239,-45,-184,-63,-7,-55,-8,-178]]]
3114531	r	-4.9909,41.7137,-4.0491,42.3623	[[[-49909,420100,10,-230,30,-230,8,-38,7206,-2465,71,34,251,134,238,146,225,158,211,168,195,178,180,188,162,196,146,203,127,210,108,216,90,220,70,225,50,227,30,230,10,230,-10,230,-30,230,-50,227,-70,225,-72,177,-636,946,-105,110,-195,178,-211,168,-225,158,-238,146,-251,134,-261,122,-272,109,-281,95,-288,81,-295,67,-300,52,-304,38,-307,22,-308,8,-308,-8,-307,-22,-304,-38,-300,-52,-295,-67,-288,-81,-281,-95,-272,-109,-261,-122,-251,-134,-238,-146,-225,-158,-211,-168,-195,-178,-180,-188,-162,-196,-146,-203,-127,-210,-108,-216,-90,-220,-70,-225,-50,-227,-30,-230,-10,-230]]]
2521582	r	-16.9153,27.9971,-16.4044,28.3941	[[[-169153,283534,87,-182,332,-300,122,-233,140,-194,32,-94,69,-441,103,-133,163,-138,151,-166,67,-215,81,-159,390,-341,137,-152,20,-71,5,-55,-13,-1,-33,14,-33,-6,7,-10,-2,-18,-39,-42,3,-22,-9,-11,1,-14,14,-15,10,2,14,-10,-1,-8,11,11,23,-11,-13,-11,32,11,15,-11,-7,11,22,5,29,-18,-13,8,8,-22,-3,1,3,-2,17,-46,79,-62,38,-14,-7,-10,3,-11,12,-4,-7,-15,9,-16,21,-7,-4,-5,16,-24,-6,-40,-13,-38,9,-39,-10,-7,-6,-19,4,-27,13,-23,13,-5,-8,-1,9,-15,27,-15,2,-8,18,-1,1,-10,45,-15,-1,-8,16,-3,-1,-6,11,3,1,-2,15,-2,-1,-7,20,4,15,-3,20,-8,15,2,80,-13,189,66,88,30,16,-23,19,-8,19,3,16,14,13,-2,20,12,-2,26,-6,6,0,5,47,17,547,186,339,-63,95,125,148,211,647,579,158,173,133,169,-3,180,88,437,148,244,-2791,1583,-37,-13,-324,-95,-220,-98,-285,-72,-124,-3,-117,31,-236,145,-196,75,-545,-224,-71,-40,-62,-40,-101,-73]]]
2510279	r	-0.9079,39.1106,-0.2925,39.5918	[[[-9079,394400,9,-223,28,-221,47,-220,65,-217,83,-213,101,-209,119,-203,135,-196,151,-190,167,-181,182,-172,196,-163,209,-152,221,-141,233,-130,243,-118,253,-105,261,-92,268,-78,275,-65,28,-5,473,175,2407,889,-550,988,-29,-45,-56,6,-15,-36,-15,-11,-21,-4,-6,-12,-16,8,-9,-12,-29,23,-69,-3,-12,4,-14,22,-28,13,31,11,-49,44,-31,9,-4,-8,-51,-19,-11,33,-1,41,-7,9,-25,-2,-17,57,-13,-1,-7,28,22,-1,0,14,-29,12,10,21,43,-8,3,8,-22,5,17,20,11,-4,12,6,6,10,-11,3,37,4,-9,6,8,4,-7,22,18,-1,-4,46,13,-5,-5,45,12,9,-7,5,12,-1,22,12,0,12,39,17,5,9,31,-3,29,11,4,5,-423,761,-64,-5,-35,37,-26,49,-22,16,6,12,-37,47,46,9,30,-8,14,1,-60,107,-3853,1153,-476,143,-8,-12,-119,-203,-101,-209,-83,-213,-65,-217,-47,-220,-28,-221,-9,-223]]]
3117533	r	1.4435,41.4844,2.1426,42.0128	[[[14435,417300,9,-185,24,-184,40,-183,56,-180,71,-177,87,-173,102,-169,116,-163,130,-157,143,-151,157,-143,168,-135,180,-127,190,-117,201,-108,68,-32,677,-71,448,234,3756,2811,368,865,-96,116,-143,151,-157,143,-168,135,-180,127,-190,117,-201,108,-209,98,-217,87,-224,76,-231,65,-236,54,-240,42,-243,30,-245,18,-246,6,-246,-6,-245,-18,-243,-30,-240,-42,-236,-54,-231,-65,-224,-76,-217,-87,-209,-98,-201,-108,-190,-117,-180,-127,-168,-135,-157,-143,-143,-151,-130,-157,-116,-163,-102,-169,-87,-173,-71,-177,-56,-180,-40,-183,-24,-184,-9,-185]]]
3110040	p	3117735
3106868	r	-3.8826,40.0399,-3.4908,40.2705	[[[-38826,400451,84,-52,2794,836,15,39,11,5,39,-8,46,4,14,12,21,13,21,-2,-8,-15,881,264,-512,668,-666,484,-35,-7,-26,-9,-1,-5,-81,-14,4,34,-5,7,-658,-164,-1938,-2090]]]
2519402	r	-4.4183,38.6958,-3.4417,39.3722	[[[-44183,389900,2,-70,7994,-2872,107,69,233,171,219,182,202,194,186,203,169,212,151,221,132,228,112,234,93,239,73,243,52,247,31,249,10,250,-10,250,-31,249,-52,247,-73,243,-93,239,-112,234,-132,228,-151,221,-169,212,-186,203,-202,194,-219,182,-233,171,-247,159,-260,145,-271,132,-282,118,-291,104,-299,88,-306,72,-311,57,-316,41,-318,24,-319,8,-319,-8,-318,-24,-316,-41,-311,-57,-306,-72,-299,-88,-291,-104,-282,-118,-271,-132,-260,-145,-247,-159,-233,-171,-219,-182,-202,-194,-186,-203,-169,-212,-151,-221,-132,-228,-112,-234,-93,-239,-73,-243,-52,-247,-31,-249,-10,-250]]]
2509769	r	-4.3584,36.7124,-3.7947,37.1327	[[[-43584,370643,641,-2049,4,-1,30,3,30,-14,9,3,6,-5,-17,-22,-16,-2,15,-16,-18,-8,5,-12,-17,-22,23,-74,6,-1,2,-25,17,0,28,-12,12,-14,-11,-31,39,-21,76,13,22,22,-3,15,40,17,7,-15,-6,-24,6,-32,31,4,17,-23,1,-19,-16,-30,2,-35,-15,-12,-36,-8,-5,7,-15,1,-16,-8,-23,2,-11,14,0,-33,-24,-51,-23,-27,300,-959,160,-10,-1,-1,12,0,69,-4,195,21,120,8,62,-7,91,4,52,12,24,15,84,19,46,5,65,2,78,15,74,9,227,19,80,31,36,7,63,63,150,89,200,38,2,-1,0,1,31,6,154,-34,-2,-6,20,1,67,-17,11,0,707,-156,716,166,509,86,267,-73,171,1972,-1826,1306,-816,584,-125,10,-286,8,-286,-8,-285,-23,-282,-37,-279,-53,-274,-67,-268,-81,-260,-95,-253,-109,-243,-122,-154,-89]]]
2517367	r	-0.5846,38.7521,0.1741,39.2281	[[[-5846,390019,3885,-2498,3224,225,161,11,4,4,155,170,141,177,17,25,-201,177,-430,189,-479,109,-457,35,-272,54,-212,131,-376,306,-373,231,-148,146,-296,405,35,29,-21,-16,-29,27,-12,-4,-9,13,9,3,-11,-1,-7,11,106,-25,-109,28,-29,40,-260,402,-260,364,-167,331,-98,363,-57,182,143,89,124,66,-123,175,-109,161,-74,127,-464,-111,-2407,-889,-117,-172,-110,-190,-94,-195,-77,-200,-61,-203,-43,-205,-12,-97]]]
3111294	p	3128760
2511150	n	-15.7094,27.7344,-15.3772,27.9687	[[[-157094,277814,237,-181,117,-44,29,25,11,27,-4,26,35,29,6,31,-8,33,5,24,-37,40,22,41,-10,18,-22,11,-13,32,22,56,19,22,-9,27,3,20,16,25,4,26,23,22,10,25,1,52,-12,12,-445,-399]],[[-155810,277356,30,-12,120,50,263,262,48,8,115,53,704,195,99,82,-31,-5,-117,-7,-3,4,-47,-17,1,-21,-11,-1,10,5,-2,15,-10,2,-97,-33,-57,2,-80,-10,-80,-31,-37,-33,-25,-7,-17,-23,-49,-28,-32,-2,-22,14,-32,0,-101,-49,-23,-16,-5,-14,-21,-7,-24,-32,-20,-3,-20,7,-26,-14,-22,-26,-67,10,-16,-14,4,-10,-15,7,-48,-18,-16,-19,-1,8,-14,-1,-13,-22,1,6,-8,2,-14,-11,-1,-12,-12,-3,-16,-33,-14,-52,-8,-102,-8,-19,-80,-22,-33,-3]],[[-155557,279194,21,-15,-6,-10,8,-7,8,-29,20,-16,-12,-13,-9,-33,10,-12,11,7,6,-9,-24,-31,-1,-16,17,-24,-5,-13,-11,0,9,-4,-1,-15,12,-13,15,-5,14,3,50,-30,10,-32,18,-6,14,-15,18,1,12,-13,-6,-34,21,1,7,-10,-3,-11,30,-13,-18,-31,-44,-9,-30,-20,18,-15,9,3,19,-9,-2,-18,9,-10,7,-35,9,-5,1,-11,19,-6,22,-38,-4,-9,9,-15,-16,-12,0,-7,27,-20,35,0,31,13,49,-10,32,-35,114,-43,98,23,29,12,27,-10,70,44,13,1,48,-25,34,-36,22,-14,165,-186,110,-85,52,-32,20,-21,250,277,123,76,169,64,6,54,-1031,925,-7,-14,-136,-2,-23,18,-41,-6,-80,26,-70,-19,-28,0,-7,12,-3,-1,-213,-191,-4,-12,-30,-21,-14,-18,-10,-1,-88,-79]],[[-155072,279629,29,13,39,-5,25,8,10,7,-39,35,-64,-58]]]
2517595	r	-4.7568,36.519,-4.5898,36.5896	[[[-47568,365447,18,-149,25,-11,29,2,21,-28,21,-11,15,2,10,-5,5,-14,18,-11,31,-10,21,0,-26,67,-57,39,4,13,-18,11,-13,25,-21,19,-8,54,-11,20,-64,-13]],[[-46366,365258,72,-68,24,52,120,64,237,376,-14,6,29,22,-18,14,-7,15,-26,14,5,27,-25,59,11,21,18,11,-16,5,-40,-3,-34,6,-7,17,2,-14,-17,-19,-29,-9,9,-37,-29,-1,3,-11,-29,-23,-46,-56,-11,-34,-35,-26,5,-16,-5,-18,7,-8,-26,-14,7,-12,-41,-11,-12,-64,-31,-43,2,-20,-11,-21,20,-17,6,-53,-68,-82,0,-29]]]
2521088	r	-0.3675,38.4698,0.1834,38.7746	[[[-3675,385341,376,-643,5,2,954,317,319,179,251,76,118,22,3,-10,9,-47,31,8,4,13,-15,12,6,11,22,23,263,47,0,-5,-10,-2,-3,4,-3,-8,22,4,10,-5,-1,-9,30,18,37,5,139,-15,31,-14,-13,-37,23,2,-2,-14,11,0,1,-7,17,12,3,-13,45,-12,16,-20,18,13,7,18,39,13,49,50,54,25,15,18,33,2,28,37,35,13,21,19,9,17,-6,6,74,61,64,143,-15,138,3,145,118,164,142,90,140,37,298,3,184,27,132,48,138,26,202,-38,-75,142,99,158,107,66,116,50,133,102,71,27,193,8,39,36,20,26,117,210,142,105,66,28,-15,16,-164,157,-175,148,-188,138,-29,19,-3224,-225,-1714,-2180]]]
2522165	r	-5.9482,37.1868,-5.2905,37.7674	[[[-59482,373654,77,-12,19,-21,113,-75,2,-4,4,-3,44,-69,72,-67,-2,-3,28,-24,44,-36,34,-43,4,-3,5,-8,-42,-87,-78,-113,-29,-3,-4,-10,29,-59,36,-15,67,-11,-1,-6,44,-36,8,-21,42,-28,21,-49,113,-80,-39,-48,-65,-51,-11,-37,21,-25,-18,-7,-34,-41,22,-42,0,-20,-41,-126,-17,-87,-26,-26,-2,0,-2,-1,-13,3,-21,3,-15,-5,-24,-30,-64,-26,-26,-23,-13,-53,104,1,32,7,3,9,24,-19,-3,-29,36,-2,49,43,35,8,45,23,20,2,13,16,40,8,56,34,240,23,44,20,22,29,-2,21,12,25,-25,22,3,18,-10,10,58,46,24,-13,-8,-17,13,-13,7,-47,10,0,13,31,20,1,8,-2,2,-18,7,1,-5,-13,63,17,34,-37,15,11,83,-1,54,35,49,0,13,11,48,16,53,31,8,15,32,8,15,27,36,25,4,30,92,-44,24,1,11,8,9,-4,14,4,9,-6,12,6,8,-6,12,2,5,8,23,-4,16,-31,-20,-55,65,-100,158,49,34,1,124,-89,22,-28,3,-25,-56,-120,-15,-60,52,-46,91,-55,47,-3,55,-21,62,-11,46,-31,79,15,221,-22,97,7,31,-11,-36,111,-22,30,-5,36,-28,74,2,26,14,11,-7,14,21,131,25,49,9,83,17,41,-80,45,-69,72,-74,43,-90,18,-56,19,-63,53,-127,32,-93,50,-84,73,21,-18,4315,1033,-10,84,-59,286,-82,282,-105,277,-128,272,-149,264,-171,255,-191,246,-211,236,-230,224,-247,211,-264,198,-280,184,-295,169,-307,153,-319,136,-330,120,-339,102,-334,81,-469,-913,-1340,-2607,4,-4,40,-80,56,-45,68,-23,66,-4,25,-20,103,-24,52,12,81,4,25,10,50,1,2,-77,-146,-16,-83,-17,-53,10,-393,-8,-32,-12,-143,-89,-45,4,-29,-23,-118,-21,-72,-32,-123,-19,-51,-21,-1,-6]]]
11550025	p	3117735
3113236	r	-7.1573,42.1366,-6.0721,42.9634	[[[-71573,425500,11,-270,36,-270,60,-266,82,-264,106,-259,129,-253,150,-246,172,-239,193,-230,212,-219,232,-210,249,-197,266,-185,282,-172,297,-157,309,-143,322,-127,332,-112,341,-95,349,-79,356,-61,360,-44,362,-27,365,-9,365,9,362,27,360,44,356,61,349,79,341,95,332,112,322,127,309,143,297,157,282,172,266,185,249,197,232,210,212,219,193,230,172,239,150,246,129,253,0,1,-252,3112,-27,44,-172,239,-193,230,-212,219,-232,210,-249,197,-266,185,-282,172,-297,157,-309,143,-322,127,-332,112,-341,95,-349,79,-356,61,-360,44,-362,27,-365,9,-365,-9,-362,-27,-360,-44,-356,-61,-349,-79,-341,-95,-332,-112,-322,-127,-309,-143,-297,-157,-282,-172,-266,-185,-249,-197,-232,-210,-212,-219,-193,-230,-172,-239,-150,-246,-129,-253,-106,-259,-82,-264,-60,-266,-36,-270,-11,-270]]]
3107112	p	3117735
3117667	p	3117735
2511306	r	-6.6306,36.6445,-6.0656,37.139	[[[-66306,370354,1310,-757,285,-241,225,-314,324,-664,282,-296,356,4,53,104,22,-31,14,-34,12,-88,-26,-45,7,-11,-14,-31,-133,-92,-374,-107,-182,-75,-188,-164,-46,-179,64,-187,139,-186,106,-193,100,-322,884,335,0,1,-24,34,-41,36,8,87,-5,17,-33,37,-49,35,78,88,-9,14,4,4,123,56,17,-10,-44,37,16,37,0,36,36,53,1,18,2,3,64,65,4,32,-13,49,93,147,8,3,12,-16,10,6,7,29,119,144,-11,90,167,-35,106,5,12,17,41,24,6,27,14,15,-9,3,2,24,17,18,4,35,26,64,19,13,18,38,33,43,21,-6,39,14,1,0,3,1,35,42,121,38,-1,2,37,12,-6,16,52,39,78,17,96,51,148,62,977,1364,-276,230,-2534,1304,-34,1,-291,-7,-290,-23,-288,-39,-283,-53,-279,-68,-273,-83,-88,-32,-1014,-731],[-63524,368803,77,210,188,114,423,132,186,-130,253,5,257,83,192,104,-285,-298,-811,49,-67,-47,-199,-37,-88,-36,-55,-61,-57,-238,-14,150]]]
2520425	n	-3.2659,37.9938,-2.6941,38.4461	[[[-32659,382200,14,-222,41,-219,69,-215,94,-209,120,-201,144,-190,167,-178,189,-165,208,-149,225,-132,240,-114,254,-95,264,-75,272,-54,278,-32,280,-11,280,11,278,32,272,54,264,75,254,95,240,114,225,132,208,149,189,165,167,178,144,190,120,201,94,209,69,215,41,219,14,222,-14,222,-41,219,-69,215,-94,209,-120,201,-144,190,-167,178,-189,165,-208,149,-225,132,-240,114,-254,95,-264,75,-272,54,-278,32,-280,11,-280,-11,-278,-32,-272,-54,-264,-75,-254,-95,-240,-114,-225,-132,-208,-149,-189,-165,-167,-178,-144,-190,-120,-201,-94,-209,-69,-215,-41,-219,-14,-222]]]
2517816	r	-5.5843,36.3007,-5.0049,36.7804	[[[-55843,364539,452,-208,2876,-1324,68,114,168,364,8,94,205,294,3,-12,43,58,19,12,17,2,27,37,18,8,94,112,83,58,34,14,14,0,10,-10,24,11,25,2,10,-5,1,-8,-6,0,19,-18,52,-6,-19,6,-5,8,7,7,6,-4,13,14,20,4,6,-9,-12,-19,18,16,8,0,54,59,35,22,238,24,123,34,422,212,1,-1,67,-1,53,24,29,-2,15,9,410,29,-22,38,11,-7,52,9,-9,30,-31,17,-3,18,12,38,-8,12,-6,77,-41,66,4,49,-16,24,-53,-16,-63,-56,-1694,2929,-9,16,-102,-8,-281,-37,-278,-53,-272,-67,-267,-81,-259,-95,-252,-109,-242,-122,-231,-134,-220,-147,-208,-157,-195,-169,-181,-178,-1,-2,30,3,14,-5,25,-66,81,-34,30,-5,27,-26,85,-52,20,-45,39,-4,26,-14,19,-1,1,-28,-25,-29,14,-39,-12,-35,9,-44,-36,-133,-21,1,-4,-13,-47,-37,-16,-28,-47,-30,12,-9,-39,-31,-99,-36,-27,0,-35,-91,-90,-138,-107,-52,-48,-68,-46,-38,-59,-25,-23,5,-67,-26,-24,85,-13,15,-31,13,-80,8,-110,23,-76,-203,-65,-225,-46,-228,-27,-221]]]
3123493	r	-8.3478,43.1739,-7.7712,43.7392	[[[-83478,434640,1,-10,18,-1,-5,-4,11,-8,16,4,17,-7,18,5,-9,-35,18,1,25,13,66,-66,18,17,-19,-7,-41,44,153,76,-16,14,11,17,24,14,10,-1,9,-20,25,7,0,-16,39,7,17,-6,22,-25,39,10,14,-6,1,-32,20,-16,95,15,18,22,26,3,25,-9,4,36,26,10,37,-5,18,4,53,-9,33,22,5,6,-10,-2,5,8,22,13,6,12,25,2,-26,-1,-1,7,22,3,-22,-2,-2,9,15,2,-15,-1,-2,8,9,-2,17,18,-10,6,6,2,-8,2,7,7,-6,3,6,12,10,3,-3,15,11,6,-10,45,8,10,36,15,25,-7,46,-20,8,-5,-23,-15,-58,-9,-10,-15,7,-30,-4,-9,-18,-17,81,10,6,-25,20,8,27,-12,-31,18,6,9,13,2,4,-9,10,2,7,-18,8,-1,21,-24,15,7,-14,1,-20,25,38,15,-4,7,-10,-4,-3,5,21,8,2,0,0,1,3,-4,-12,-5,5,-7,18,7,-6,8,3,2,6,1,6,-7,22,10,17,2,18,-25,-64,-23,-15,11,44,-59,5,2,-24,32,51,21,16,-21,13,5,16,-4,-10,-16,22,-8,33,50,51,-7,31,65,18,2,-15,6,33,-13,-7,-11,11,8,12,-11,-14,-35,-27,1,40,-5,14,-7,6,4,52,-1,-1,6,14,8,-3,26,12,6,1,-6,10,7,30,-7,0,-11,28,20,-22,25,10,10,64,-3,-34,7,-41,-2,-9,7,4,-3,206,67,49,-7,16,-74,-45,-66,-73,-47,-68,-18,-1009,-95,-187,-109,165,-49,239,-189,177,-42,338,19,182,-17,197,-70,-186,-95,-108,-71,-48,-90,-6,-154,73,-306,4,-154,-27,-58,1616,-1496,165,55,265,103,255,116,244,128,232,139,219,150,205,160,191,170,175,178,158,186,142,194,124,199,106,206,87,210,68,213,49,217,29,218,10,219,-10,219,-29,219,-49,216,-68,214,-87,209,-106,206,-124,199,-142,194,-158,186,-55,56,-44,-36,-502,20,0,68,47,13,27,15,63,47,76,-48,32,-11,103,59,-60,75,3,41,-56,49,-205,160,-219,150,-120,72,-134,-91,-283,-123,-298,-61,-335,4,-148,-27,-62,-85,-37,-116,-48,-108,28,-106,193,-114,-46,-23,-48,-32,-42,-19,0,-63,31,-5,105,5,-116,-39,-111,7,-84,58,-37,111,-1455,-810,-288,-110,-237,26,-66,-22,-168,21,5,13,-68,10,0,-5,-25,-5,4,-8,-36,-10,-3,-13,-14,0,-15,-38,-11,0,-3,-13,-11,0,26,-41,-3,-13,28,-8,48,19,17,-6,-16,-9,2,-9,26,-13,2,-13,-21,-5,0,-7,12,-8,2,-24,13,-2,0,-5,38,-2,7,4,75,-77,40,-25,1,11,-2,-26,-32,-57,-66,-43,-47,0,-5,27,-13,8,-47,-10,0,-15,-24,-1,-1,-6,-7,8,-18,2,-8,-7,-2,8,-9,-3,-3,-10,11,-6,-7,0,-3,-16,-14,3,4,-14,-24,-24,-2,-10,7,-3,-7,0,2,-10,-7,-3,6,-10,-9,-18,-28,-6,7,-11,26,1,7,-15,-6,-10,-6,4,-14,-4,-4,-18,28,0,-3,-10,15,4,-1,-10,21,-1,14,-19,8,2,-29,-166,-6,-1,4,-7,-26,-52,8,1,-46,-8,-7,-14,-18,-4,-10,-25,-9,1,8,-9,-31,-6,-8,6,-13,-24,-23,-6,-10,-33,6,0,-4,-3,22,-26,-47,-9,1,-16,-16,2],[-82544,434832,40,4,1,-5,-6,-2,-27,-16,-2,-2,2,-8,-8,29]],[[-82749,433879,151,-140,-10,31,-64,89,-77,20]]]
11549989	p	3117735
3106054	p	3117735
3125897	p	3128760
3105935	p	3128760
2511619	r	-0.7076,39.5631,-0.1358,39.9566	[[[-7076,397893,614,-347,1,0,3133,-1772,458,-143,55,63,66,124,53,169,122,175,119,130,15,9,65,62,57,22,14,4,24,-20,1,-20,123,-57,37,41,-1,36,8,11,-16,-8,-17,-21,-97,49,17,22,-12,1,5,12,19,6,8,14,71,-29,11,2,-10,39,-7,2,4,7,-58,28,36,48,64,-28,-8,-13,-8,11,24,-89,30,-9,1,-84,-7,-2,7,-2,2,-31,0,124,-29,9,-6,30,28,17,0,36,111,-50,-144,69,12,97,8,12,9,3,3,-5,-6,14,29,57,-19,3,36,88,4,45,9,-2,21,112,22,67,81,189,-8,2,534,686,-4238,1658,-137,-87,-219,-159,-206,-170,-191,-180,-175,-190,-159,-198,-142,-206,-124,-212,-106,-218,-21,-53]]]
3105184	r	1.417,41.1732,1.8557,41.492	[[[14170,413799,719,-2067,503,142,852,48,572,131,12,-26,4,-10,6,13,10,-5,16,4,-6,6,11,5,6,-8,13,9,-3,8,12,1,1,-5,11,3,-6,3,6,6,18,-3,8,2,-5,3,5,5,18,-2,0,8,30,10,91,-5,18,13,25,0,-6,5,6,7,17,5,10,-5,-5,6,16,6,23,-4,7,-6,-7,-4,21,4,-9,0,12,12,59,1,20,-8,-4,-12,15,-15,-2,4,27,16,-5,11,0,-5,-17,-4,-4,13,20,0,-3,9,-20,-6,-6,14,26,12,-23,-5,-3,10,50,5,5,-11,-9,-2,9,1,0,-8,8,2,-8,19,21,4,9,-25,-26,-6,25,1,6,-16,-32,-7,-3,-20,-44,-23,4,-5,38,20,11,21,36,9,-12,33,6,-5,-2,6,45,34,29,9,33,2,11,-10,24,8,-25,24,707,162,342,-11,17,4,-780,1866,-923,615,-677,71,-38,4,-53,-12,-231,-66,-225,-77,-218,-88,-210,-99,-201,-109,-191,-119,-180,-128,-169,-136,-157,-145,-134,-142]]]
2510281	p	2514256
8285535	p	3117735
11549984	p	3117735
2515812	r	-5.5759,36.1528,-5.2515,36.4332	[[[-55759,364132,1561,-2336,137,-4,236,-69,159,-91,30,-80,-13,0,-25,20,0,13,-1,-14,24,-20,15,-1,1,-2,117,0,65,2,65,-22,0,1,2,-1,10,0,26,261,2,3,18,8,-19,-2,2,21,5,0,10,-8,-4,-5,6,3,10,-8,3,-11,-1,12,-20,16,27,90,37,103,308,463,113,134,-42,90,-11,76,165,51,82,46,73,54,49,46,22,36,-2876,1324,-192,-97,-176,-102]]]
2513759	r	-1.772,37.8268,-1.0803,38.4808	[[[-17720,381047,3600,-2779,1202,960,-22,14,-41,46,-25,5,-13,10,-14,-3,-21,10,-18,-1,-21,21,-7,-3,-3,7,-26,10,-5,-5,-13,10,-43,-8,-15,6,-49,3,-19,11,-1,9,-11,0,1,9,-22,7,-9,-5,-26,27,-11,1,-1,8,-11,-1,-9,7,-23,-5,-44,-25,-7,4,-34,-8,-59,2,-43,-6,-12,-33,13,-18,-10,-8,2,-8,-28,-24,-1,-20,-59,5,-7,8,-18,1,-23,46,-42,35,-55,26,-32,59,11,45,44,-14,22,25,18,1,31,-8,22,23,6,34,15,7,11,15,15,1,30,-28,32,33,22,10,-1,29,-26,45,5,220,-11,60,90,136,17,91,157,47,161,67,59,-48,-44,-6,-55,-36,-51,-59,-7,-21,85,-66,39,-7,58,-26,32,0,46,-9,75,-29,36,-2,24,10,66,4,33,-6,14,-16,51,-7,20,10,18,-3,75,20,121,-19,40,-23,17,22,-21,3,-11,10,12,18,30,5,27,26,77,24,18,29,48,21,26,8,46,-3,11,5,19,7,14,-20,-29,-43,-8,-13,-1,-1,-2,-16,6,-5,18,-5,35,3,58,-13,1,0,1,0,43,21,15,0,9,30,20,12,15,40,10,7,-4,11,37,-3,22,21,13,-8,18,7,5,-10,11,-1,34,29,17,3,1,14,23,20,3,16,-10,22,13,31,-13,6,1,14,-12,-2,-7,10,10,6,-12,17,18,9,-4,31,-10,3,11,9,34,-10,2,12,10,4,15,28,0,14,19,6,8,21,18,14,-2,12,13,26,30,-1,22,6,3,11,-10,14,5,8,11,4,15,-7,20,5,-11,22,-20,3,-16,51,15,22,23,4,16,-9,12,16,28,-3,4,12,-15,21,-6,43,-10,6,11,19,59,2,15,21,40,3,46,25,4,6,2,1,0,2,1,1,0,1,2,7,-9,14,11,13,-4,32,7,19,-17,25,24,27,-6,19,46,206,88,-23,17,-12,18,-4,14,3,5,10,19,-4,30,7,26,-13,25,3,59,-7,6,-22,-37,-23,6,-19,-14,-21,29,-14,39,-30,19,-40,21,-13,4,-15,31,-31,10,-32,19,-20,0,-6,78,63,-638,2577,-2249,1315,-231,-56,-347,-103,-337,-122,-327,-138,-315,-155,-301,-171,-287,-187,-270,-201,-253,-214,-236,-227,-215,-239,-196,-250,-175,-259,-153,-268,-130,-275,-108,-281,-84,-286,-61,-290,-4,-39]],[[-12734,379824,26,-21,25,-39,25,0,67,-89,97,-109,353,282,-75,-5,-145,-43,-90,49,-31,22,-7,18,-74,31,-95,-39,-10,-20,-27,-22,-11,5,-28,-20]]]
2512862	p	2509954
3123329	p	3128760
3124794	r	-4.3551,40.4219,-3.7423,40.8523	[[[-43551,405734,46,-152,69,-173,83,-170,98,-165,112,-160,126,-154,138,-148,151,-140,162,-133,166,-119,1276,417,335,163,2748,1527,71,193,547,1731,-11,10,-173,124,-184,115,-40,22,-5565,-1250,-40,-81,-13,-33,-102,-1424]]]
11549981	p	3117735
2567529	p	2511619
3120304	r	-1.8925,43.0626,-1.4132,43.3951	[[[-18925,433535,767,-2909,365,63,1146,198,1125,194,34,18,200,120,189,130,177,138,165,147,151,154,137,162,122,167,107,173,91,178,17,39,-190,143,-120,1,-111,-29,-111,-14,-417,160,-311,68,-198,5,-150,-67,-79,-170,-57,-88,-109,-46,-126,-12,-108,12,-122,41,-49,46,-73,171,-17,87,28,61,2,48,-99,51,-190,67,-91,7,-203,-63,-215,-21,-48,-17,-35,66,-24,85,-11,9,-36,4,1,10,23,14,-38,29,44,67,-15,22,12,47,-41,15,-73,-6,-29,15,-11,24,15,13,-16,47,-39,27,-51,6,-36,-16,-67,-1,-42,21,-12,35,-55,6,-69,46,-21,-7,-14,-24,-35,-9,-1,40,8,211,23,116,-172,91,-361,-142,-375,-249,-76,-25],[-17487,432932,37,4,14,14,26,-10,6,13,32,1,0,-9,21,-2,17,7,2,-7,21,0,-55,-20,-108,-13,-13,22]]]
3104342	r	-6.2835,41.2013,-5.2158,41.9129	[[[-62835,414906,3,-69,34,-263,57,-260,79,-257,102,-252,123,-247,144,-240,165,-232,185,-224,203,-215,222,-203,239,-193,256,-180,93,-58,5220,521,2587,258,66,70,185,224,165,232,144,240,123,247,102,252,79,257,57,260,34,263,10,223,-149,611,-217,892,-39,79,-144,240,-165,232,-185,224,-203,215,-222,203,-239,193,-256,180,-270,167,-284,154,-297,139,-308,124,-319,109,-327,93,-335,77,-340,59,-345,43,-348,26,-350,9,-350,-9,-348,-26,-345,-43,-340,-59,-335,-77,-327,-93,-319,-109,-308,-124,-297,-139,-284,-154,-270,-167,-256,-180,-239,-193,-222,-203,-203,-215,-185,-224,-165,-232,-144,-240,-123,-247,-74,-183,333,-263,140,-148,102,-98,-477,-528,-259,-205,-40,-64]]]
2522098	r	-0.8995,38.5341,-0.1961,39.0353	[[[-8995,388247,3020,-2630,2087,-250,6,-1,74,-9,-2,10,27,4,4,-7,8,-11,96,-12,1714,2180,-3885,2498,-518,333,-89,-26,-273,-97,-265,-111,-254,-125,-244,-137,-232,-150,-219,-161,-205,-171,-190,-183,-174,-191,-159,-200,-141,-208,-124,-214,-62,-131]]]
2521570	r	-13.86,28.8396,-13.4178,29.2396	[[[-138600,288991,31,-115,60,-176,46,-107,342,-2,206,-56,106,-139,63,0,174,307,211,262,268,182,349,68,160,11,229,46,157,12,122,42,79,94,97,94,65,14,1,-3,8,5,23,5,38,-8,3,17,22,5,-8,2,29,-8,2,-9,4,10,21,-4,33,5,24,14,40,4,-5,12,10,7,4,1,35,-8,3,-8,24,6,12,-4,60,32,14,-12,23,-4,6,10,13,4,17,29,29,-13,-28,15,18,21,7,4,12,-7,12,18,23,11,3,-5,4,9,31,15,-15,-54,-21,-34,23,34,14,55,162,78,285,220,164,244,10,83,-16,176,6,83,33,76,85,132,19,71,-21,181,-51,145,-33,135,37,153,199,116,73,134,39,163,98,202,-122,102,-179,59,-199,54,-198,40,-79,-93,-77,-169,-108,-334,-121,-245,-111,-120,-140,-41,-512,1,-159,-19,-185,-55,-197,-109,-337,-251,-187,-49,-225,-13,-192,-41,-162,-66,-141,-91,-176,-168,-336,-477,-30,-132,-40,-493,-38,-164,-105,-165,-66,-59],[-135425,289620,43,21,-21,-34,5,-3,-4,-5,-21,12,-2,9]],[[-135412,292294,241,-31,156,102,-70,10,-207,18,-91,3,-29,-28,0,-74]]]
3121145	r	2.1058,41.5237,2.5452,41.8846	[[[21058,417890,275,-1113,267,-411,1650,-1129,2135,2739,67,86,-146,103,-185,114,-194,104,-203,95,-210,85,-218,74,-223,64,-229,52,-232,41,-236,29,-237,17,-239,6,-239,-6,-237,-17,-236,-29,-232,-41,-229,-52,-223,-64,-149,-51,-297,-696]]]
2513477	r	-3.8118,36.6941,-3.1636,37.006	[[[-38118,367447,84,-22,721,-184,515,47,141,106,333,19,313,13,147,-160,324,-126,5,-4,1,2,36,-14,137,60,83,11,51,-18,82,-55,4,3,-80,54,-43,18,51,6,-4,-5,-9,3,14,-6,5,9,17,2,52,-24,-12,-20,20,28,4,-2,45,-28,305,-199,119,-1,-1,-4,7,-8,28,11,8,0,59,0,35,-11,14,8,124,-8,93,8,95,-15,16,14,27,0,364,184,205,120,139,110,148,80,1017,99,643,-93,-124,1747,-83,108,-154,173,-167,165,-181,155,-193,146,-168,111,-195,-23,-5046,-618,-171,-1972]]]
3121663	p	3127461
6618856	p	3128026
2513917	r	-6.6822,38.3877,-5.6605,39.2185	[[[-66822,391772,66,-11,282,-88,97,-17,87,-2,164,-20,136,-34,112,-19,135,3,-5,23,10,30,-3,40,-41,27,-62,7,11,43,41,36,-9,8,-139,46,-51,10,-68,26,-89,7,-46,28,-505,-16,-111,-127,-12,0]],[[-66795,391311,86,-810,337,-48,-1,-6,-6,-10,0,-29,-17,-15,-11,-41,-31,-32,-14,-24,-22,-16,-27,-4,-21,-39,-19,-3,10,-48,-13,-13,-10,-35,37,-72,-2,-24,-11,-11,9,-18,-2,-34,-21,-17,-6,-29,-20,-14,16,-68,37,-41,-13,-59,72,-57,71,-92,31,-20,-21,-49,-2,-24,21,-37,-3,-28,11,-76,6,-2,-22,-152,17,-94,-9,-20,-77,48,-20,-127,-98,4,78,-734,15,-17,51,-11,11,-8,39,4,15,-22,41,-4,8,-22,26,-4,15,-14,7,-27,9,-8,22,10,60,-20,23,-52,28,2,33,-14,34,19,9,-5,2,-31,20,-20,16,-3,38,19,4,-19,11,-6,25,4,16,-16,17,0,16,11,22,-6,14,-36,56,-4,44,-24,26,-1,15,11,14,0,5,-12,-10,-21,13,-6,-1,-1,12,-4,51,-25,7,-6,-30,-117,-66,-55,-69,-40,-71,-30,-105,11,-6,-34,15,-56,-9,-12,3,-26,-12,-13,-24,27,-21,13,-88,35,-60,11,-41,41,-132,-5,-38,8,-57,-9,356,-3350,51,-19,416,-122,425,-101,433,-80,439,-56,443,-34,444,-12,444,12,443,34,439,56,433,80,425,101,416,122,405,144,393,164,377,184,362,203,343,221,325,238,304,254,282,270,259,283,235,296,210,307,183,317,157,326,129,333,101,340,72,343,44,347,14,348,-14,348,-44,347,-72,343,-101,340,-129,333,-157,326,-183,317,-210,307,-235,296,-26,28,-5412,-173,-3,-5,-25,-70,2,-15,17,-7,-4,-40,7,-31,-29,7,-18,13,-33,3,-143,-29,-57,-34,-27,-1,-54,-28,-100,-106,-58,-39,-24,5,-23,-3,-34,-3,-55,16,-121,22,-52,-22,-129,13,-79,30,-74,50,-83,20,-65,-24,-92,12,-34,-6,0,1,-76,-12,-50,4,-116,-38,-91,-16,-25,4,-15,13,-83,25,-26,7,-37,-1,-43,22,-70,18,-60,7,-65,30,-41,0,-28,13,41,-48,4,-23,-2,-118,-26,-75,-188,26,-168,5,-30,-33,17,-129,-22,-89,0,-65,-28,-28,5,-45,-994,116]],[[-66621,389671,58,-547,8,14,34,-26,40,7,13,15,18,36,-67,7,42,57,-28,25,68,53,-13,12,26,73,44,11,-21,32,-39,134,-31,42,-19,49,-47,-22,-25,6,-18,14,-31,3,-12,5]]]
2521139	r	-4.6051,36.5682,-4.5077,36.7423	[[[-46050,366167,22,-24,13,-2,27,8,19,-5,-1,-26,20,-28,-18,-44,38,-42,8,-26,-18,-21,-3,-31,-23,-24,10,-26,16,-5,-18,-11,-11,-21,25,-59,-5,-27,26,-14,7,-15,18,-14,-29,-22,14,-6,19,30,45,25,70,8,5,5,376,41,10,-6,-4,6,144,16,23,31,-34,70,1,1,44,11,7,17,40,16,16,-1,5,-10,2,8,20,-13,3,9,-4,-4,-9,5,8,9,14,-6,-17,12,-9,-9,-12,12,15,13,15,-2,-7,-11,20,-10,-12,10,7,7,23,-6,-33,-36,-16,-1,14,-3,47,50,-21,7,-2,13,-110,36,-12,11,-41,7,-10,14,-20,8,-53,-2,-16,39,-23,15,-31,-1,-32,36,-3,16,-22,12,0,14,-14,1,-8,8,-18,-3,-30,20,-33,-16,-39,-1,25,26,86,36,42,38,7,10,-488,1023,-107,80,0,-1256]]]
3109402	p	3128760
11549784	p	3128760
3129136	r	-5.2424,40.2791,-4.3442,41.0742	[[[-52424,406600,12,-271,35,-270,58,-267,80,-264,103,-259,125,-254,147,-247,167,-239,187,-230,207,-221,225,-209,243,-198,259,-185,117,-74,329,-36,4970,-553,288,-32,271,94,313,128,217,103,129,189,252,494,139,1935,102,1424,7,104,-2879,3447,-324,24,-355,9,-355,-9,-353,-26,-350,-44,-346,-62,-339,-79,-333,-95,-323,-112,-313,-128,-301,-143,-289,-158,-274,-172,-259,-185,-243,-198,-171,-159,-1139,-2111,-24,-190,-12,-271]]]
2515045	r	-4.0642,37.8325,-3.247,38.4261	[[[-40642,380900,9,-220,27,-219,43,-203,6887,-1933,73,48,202,150,190,161,176,170,162,179,147,186,130,194,115,201,11,22,-1279,3886,-69,45,-225,128,-236,116,-245,104,-253,90,-260,78,-265,64,-270,50,-274,35,-277,22,-277,7,-277,-7,-277,-22,-274,-35,-270,-50,-265,-64,-260,-78,-253,-90,-245,-104,-236,-116,-225,-128,-215,-140,-202,-150,-190,-161,-176,-170,-162,-179,-147,-186,-130,-194,-115,-201,-98,-206,-80,-210,-63,-214,-46,-217,-27,-219,-9,-220],[-36363,379366,25,60,28,115,34,-21,1,-15,29,-11,82,12,3,-125,10,-37,-31,-93,67,-67,-47,-20,-21,-28,-70,-57,5,48,-13,16,2,18,-17,16,-6,25,30,51,5,22,-37,13,-18,21,-37,21,-24,36]]]
11549820	p	3128760
2511032	n	-0.6889,38.3521,-0.3299,38.5617	[[[-6889,383837,434,-316,-9,56,-101,234,2,18,114,37,8,27,43,30,35,41,116,32,52,-7,75,-19,48,1,44,11,23,-2,27,10,183,-11,13,3,6,11,-32,23,-33,4,-53,25,-70,44,-86,84,-10,42,-29,22,7,11,-14,12,-11,27,7,14,18,10,-6,19,5,12,62,90,57,28,5,34,45,68,-8,21,-20,23,-11,3,-2,9,-28,10,-80,67,-23,10,-11,28,-51,30,197,-22,13,-28,17,-13,-6,-16,20,-11,8,4,-1,-19,54,-33,33,-7,25,4,55,-18,37,-25,21,-19,11,-24,28,-20,11,-24,19,-14,8,-30,16,-21,-4,-16,15,-29,-1,-24,84,-30,5,-5,-4,-20,16,-15,-52,-126,-35,-17,-15,-17,6,-22,52,-49,-9,-45,6,-31,32,-5,40,-29,-1,-5,78,-27,60,-35,100,-31,33,-19,21,-22,110,-12,68,5,41,58,-7,17,28,68,-33,19,19,41,16,-5,27,20,24,-23,17,32,39,-18,-1,7,9,2,-2,10,41,22,10,15,-7,1,-1,13,61,33,13,-12,-13,-11,9,-33,-55,-42,73,-54,9,1,35,-15,81,15,16,-2,863,431,78,69,79,40,62,116,147,82,-376,643,-96,12,17,-27,3,-29,-81,-89,-10,-53,-65,69,-6,17,-40,37,11,34,-3,15,57,40,-2087,250,-914,-1780],[-5321,384732,49,8,26,18,5,25,43,11,22,-3,40,12,78,-50,30,3,33,23,49,5,141,50,106,50,65,41,110,16,40,28,10,-1,9,-13,25,-7,-15,-20,-25,-15,-11,-31,-19,-14,-9,-26,10,-46,55,-48,18,-7,-5,-62,26,-24,-14,-3,3,-25,113,-59,-32,-50,-51,-6,-11,-15,-12,2,-10,-7,-22,7,1,7,-10,-5,-12,4,-6,8,-119,43,-120,62,-160,-67,-7,2,-57,-32,-29,-6,-306,119,-11,55,-14,6,2,19,-22,18]]]
3107775	r	-4.4319,43.0704,-3.742,43.4602	[[[-44319,433500,8,-183,25,-182,41,-180,56,-179,73,-175,88,-171,103,-167,118,-161,132,-155,145,-149,159,-141,171,-134,182,-125,193,-116,203,-107,213,-96,220,-86,228,-76,233,-64,240,-54,243,-41,247,-30,248,-18,250,-6,250,6,248,18,247,30,243,41,240,54,233,64,228,76,220,86,213,96,203,107,193,116,182,125,171,134,159,141,50,51,-1,1,-2298,2752,-27,-14,0,-63,92,-57,44,-17,-62,-9,-48,0,-45,-13,-49,-46,-243,125,-71,17,-81,-21,-17,-47,-8,-48,-58,-26,-448,0,-237,-27,-633,-144,-276,-158,-1242,-96,-466,39,-94,-35,-105,-126,-63,0,-193,134,-204,41,-33,-146,-25,-182,-8,-183]]]
2518505	r	-1.1613,38.313,-0.5975,38.7702	[[[-11613,384800,8,-191,24,-191,39,-189,56,-186,70,-184,86,-179,100,-174,50,-73,1314,-303,-27,77,97,34,23,30,28,6,30,19,61,-136,2765,677,914,1780,-2395,2085,-15,-1,-239,-31,-237,-43,-232,-56,-228,-67,-221,-80,-214,-90,-207,-101,-197,-111,-188,-122,-177,-131,-166,-140,-155,-148,-141,-155,-128,-163,-115,-169,-100,-174,-86,-179,-70,-184,-56,-186,-39,-189,-24,-191,-8,-191]]]
3124132	r	-2.8596,39.444,-1.2058,40.7821	[[[-28596,399307,142,-3109,205,-193,414,-340,441,-319,468,-295,491,-272,514,-246,226,-93,3142,470,5266,789,3104,464,215,202,353,379,319,396,243,350,412,731,93,190,175,446,138,454,98,460,60,463,19,466,-19,466,-60,463,-98,460,-138,454,-175,446,-213,436,-250,424,-285,411,-319,396,-353,379,-383,360,-414,340,-441,319,-468,295,-491,272,-514,246,-533,219,-551,193,-566,164,-579,135,-589,106,-597,76,-602,46,-604,15,-604,-15,-602,-46,-85,-11,-5212,-5739,-793,-2703]]]
3129857	r	-3.8759,39.5629,-2.9958,40.1547	[[[-38759,399274,85,-97,-7,-16,-44,-23,-19,-19,25,-17,-5,-13,22,-1,14,-8,-1,-31,80,-23,77,5,83,-5,96,-23,56,-30,46,-50,70,-38,33,-27,106,-12,-22,28,61,36,113,89,54,60,1777,-2627,543,-803,310,23,392,50,388,70,381,89,372,108,363,126,351,145,338,162,323,179,308,194,290,210,272,224,253,237,231,249,210,261,188,271,164,279,140,287,116,294,90,298,65,303,13,102,-4950,1757,-881,-264,8,15,-21,2,-21,-13,-14,-12,-46,-4,-39,8,-11,-5,-15,-39,-2794,-836,596,-881,-19,-19,-21,-35,-51,10,-11,-2,-45,-65,-5,-20,7,-58,-5,-16,-21,-12,-33,-2,-21,10,3,71,-11,37,-12,7,-67,-20,-75,-11,-21,-12,-17,5,-60,-22,-35,-15,-21,-31,-27,-16,-30,-6,-15,-22]]]
3120514	r	-0.8746,41.7932,0.0546,42.4868	[[[-8746,421400,10,-227,30,-226,49,-224,69,-221,89,-217,59,-119,3766,-2207,270,-20,304,-7,304,7,302,22,300,37,296,52,291,66,285,80,277,93,268,107,258,120,247,132,235,144,222,155,208,166,193,176,177,184,161,193,143,200,125,207,107,212,89,217,69,221,49,224,30,226,10,227,-10,227,-30,226,-49,224,-69,221,-89,217,-107,212,-125,207,-143,200,-161,193,-177,184,-193,176,-208,166,-222,155,-235,144,-247,132,-258,120,-268,107,-277,93,-285,80,-291,66,-296,52,-300,37,-302,22,-304,7,-304,-7,-302,-22,-300,-37,-296,-52,-291,-66,-285,-80,-277,-93,-268,-107,-258,-120,-247,-132,-235,-144,-222,-155,-208,-166,-193,-176,-177,-184,-161,-193,-143,-200,-125,-207,-107,-212,-89,-217,-69,-221,-49,-224,-30,-226,-10,-227]]]
2511440	r	-15.8218,27.7346,-15.4274,28.1234	[[[-158218,279683,17,-154,40,-114,-51,-197,61,-205,291,-571,40,-58,92,-64,209,-106,40,-69,82,-102,303,-229,445,399,12,-12,-1,-52,-10,-25,-23,-22,-4,-26,-16,-25,-3,-20,9,-27,-19,-22,-22,-56,13,-32,22,-11,10,-18,-22,-41,37,-40,-5,-24,8,-33,-6,-31,-35,-29,4,-26,-11,-27,-46,-40,-39,-16,30,-23,16,-23,3,-20,58,-12,-1,6,-40,10,7,8,11,-2,-9,19,19,23,102,24,86,-23,44,-35,34,2,22,-11,14,7,25,-7,7,-18,22,3,19,-23,41,-13,18,9,57,-4,-4,8,-3,-5,-36,4,0,8,34,3,3,-6,1,19,20,3,88,-49,46,-48,72,-46,76,16,77,-7,60,4,80,22,8,19,8,102,14,52,16,33,12,3,1,12,14,11,8,-2,-1,-6,13,22,14,1,1,-8,16,19,48,18,15,-7,-4,10,16,14,67,-10,22,26,26,14,20,-7,20,3,24,32,21,7,5,14,23,16,101,49,32,0,22,-14,32,2,49,28,17,23,25,7,37,33,80,31,80,10,57,-2,97,33,10,-2,2,-15,-10,-5,11,1,-1,21,47,17,3,-4,117,7,74,14,35,13,14,-14,-13,17,11,6,14,-21,-13,-10,4,-2,12,11,-13,24,39,11,24,18,-66,71,-52,32,-110,85,-165,186,-22,14,-34,36,-48,25,-13,-1,-70,-44,-27,10,-29,-12,-98,-23,-114,43,-32,35,-49,10,-31,-13,-35,0,-27,20,0,7,16,12,-9,15,4,9,-22,38,-19,6,-1,11,-9,5,-7,35,-9,10,2,18,-19,9,-9,-3,-18,15,30,20,44,9,18,31,-30,13,3,11,-7,10,-21,-1,6,34,-12,13,-18,-1,-14,15,-18,6,-10,32,-50,30,-14,-3,-15,5,-12,13,1,15,-9,4,11,0,5,13,-17,24,1,16,24,31,-6,9,-11,-7,-10,12,9,33,12,13,-20,16,-8,29,-8,7,6,10,-21,15,88,79,10,1,14,18,30,21,4,12,213,191,-22,-4,-44,2,-17,14,-7,-6,-12,6,-19,25,61,-22,83,66,62,-3,41,35,64,58,-510,763,-1485,784,-18,-83,-116,-92,53,-240,-168,-250,-246,-209,-179,-120,-393,-190,-91,-90,-45,-119,-12,-158]]]
3106601	p	3117735
3127958	p	3117735
2510073	r	-6.0933,36.7654,-5.1379,37.411	[[[-60932,370085,276,-230,5107,-2201,2852,1415,612,487,44,66,174,307,148,316,122,322,95,328,68,333,42,335,13,337,-13,337,-42,335,-68,333,-95,328,-122,322,-148,316,-136,239,-902,-216,-4315,-1033,63,-55,93,-50,127,-32,63,-53,56,-19,90,-18,74,-43,69,-72,80,-45,-17,-41,-9,-83,-25,-49,-21,-131,7,-14,-14,-11,-2,-26,28,-74,5,-36,22,-30,36,-111,-31,11,-97,-7,-221,22,-79,-15,-3,2,-43,29,-62,11,-55,21,-47,3,-91,55,-52,46,15,60,55,119,1,1,-2,9,0,6,-1,10,-22,28,-124,89,-34,-1,-158,-49,-65,100,20,55,-16,31,-23,4,-5,-8,-5,-1,-2,-1,-5,0,-8,6,-12,-6,-9,6,-14,-4,-9,4,-11,-8,-24,-1,-92,44,-4,-30,-36,-25,-15,-27,-32,-8,-8,-15,-53,-31,-48,-16,-13,-11,-49,0,-54,-35,-83,1,-15,-11,-34,37,-63,-17,5,13,-7,-1,-2,18,-8,2,-20,-1,-13,-31,-10,0,-7,47,-13,13,8,17,-24,13,-58,-46,10,-10,-3,-18,25,-22,-12,-25,2,-21,-22,-29,-13,-6,-31,-14,-91,-9,-3,-2,-17,0,-41,-4,-28,-6,-60,-2,-56,-34,-40,-8,-13,-16,-20,-2,-45,-23,-35,-8,-49,-43,-36,2,3,29,-24,19,-1,-56,42,-52,119,-61,7,-10,-773,-719,-106,107,-73,89,-53,83,-44,115,-278,-84,-99,-18,-55,-36,18,-47,-14,-39,-97,-85,8,-17,48,-20,48,-4,72,-17,33,-24,13,-21,-4,-36,-21,-26,-118,-66,-13,-15,-3,-29,46,-91,21,-64,-20,-114,29,1,51,-42,65,-9,-699,-651]]]
3116553	p	3128760
11550020	p	3117735
2512177	r	-4.6074,38.2992,-3.6127,38.988	[[[-46073,386900,10,-256,32,-254,53,-252,74,-250,95,-244,114,-240,135,-233,153,-225,172,-217,189,-208,207,-198,222,-187,238,-174,251,-163,265,-149,276,-135,287,-120,297,-106,304,-90,312,-74,317,-58,321,-42,324,-25,325,-8,325,8,127,10,3694,1732,161,204,153,225,135,233,114,240,95,244,74,250,53,252,32,254,10,256,-1,37,-59,21,-7994,2872,-136,49,-62,-41,-238,-174,-222,-187,-207,-198,-189,-208,-172,-217,-153,-225,-135,-233,-114,-240,-95,-244,-74,-250,-53,-252,-32,-254,-10,-256]]]
2520493	r	2.3508,39.4567,2.598,39.7196	[[[23508,395765,48,-178,181,-115,84,-180,98,-55,64,13,277,124,19,-37,-33,-50,6,-10,-33,-31,12,-15,28,18,5,18,16,11,19,2,8,-10,1,8,3,0,1,-1,70,-25,76,37,70,73,5,-10,-11,-4,21,-4,9,7,24,-12,9,-10,-6,-6,14,-8,-9,-6,16,-1,-3,-7,9,1,19,-19,3,-25,21,1,14,-12,2,-23,19,-1,-16,-12,0,-22,32,4,4,-5,1,5,22,3,1,-9,12,-2,23,4,13,-6,3,1,18,-14,0,-2,-3,-12,-40,-19,-10,2,-20,-12,2,-3,-4,-2,-1,-2,-53,14,-13,-12,-31,-3,-31,-22,5,-24,-7,1,-29,-27,12,-5,6,8,9,0,19,-6,6,-17,-21,-28,6,-3,-4,-8,31,3,17,-10,5,-14,22,-9,6,-11,-19,-2,10,-3,-9,-6,11,-8,1,-19,10,-6,42,24,-2,6,8,4,31,-8,26,-35,-2,-19,-17,-14,10,-9,-13,-11,1,-8,11,-17,4,-39,35,-6,7,-6,-14,2,14,-6,-13,-33,-47,-66,96,64,48,3,10,-11,12,-16,24,3,27,-12,-2,-6,23,-6,7,-13,-4,-15,9,-9,-10,-25,13,-1,-2,-6,48,11,8,-10,12,0,-6,-7,14,-3,11,-20,28,5,0,5,8,-6,38,1,0,-7,19,0,-3,-5,25,7,8,-5,-4,-11,14,8,-5,5,16,27,-51,19,21,-1,10,10,0,44,17,40,-24,-3,-9,5,8,16,-1,1,17,14,4,-2,13,0,0,-10,12,4,7,24,-5,9,20,17,8,0,9,6,7,13,143,117,108,270,134,115,13,2,9,-13,6,12,25,4,11,-8,8,26,16,-19,9,6,10,-5,-6,-3,17,3,12,9,14,-7,4,9,11,-3,21,8,15,-1,17,-25,6,5,-14,12,0,20,15,13,-2,11,13,0,8,9,-3,13,8,-2,15,11,-4,9,27,24,-11,12,10,3,-14,17,17,2,6,7,-47,26,-34,2,-28,13,-76,53,49,48,77,46,38,14,-37,33,-77,26,-35,22,-48,14,-29,2,-7,11,14,30,21,13,-4,9,-33,17,-62,3,-9,6,-15,46,53,30,40,41,44,-1,74,61,28,4,34,49,-42,-26,-69,14,0,114,-15,-3,-36,14,-13,7,-6,21,-16,2,-18,15,1,20,-11,17,1,13,21,-7,19,5,15,18,-27,14,-2,14,87,45,0,805,-103,-65,-173,-44,-200,-23,-148,-63,-493,-407,-178,-91,-211,-36,-717,-348,-60,-152,-9,-202]]]
3109256	r	-4.6478,40.7262,-3.5638,41.375	[[[-46477,410896,156,-187,2879,-3447,46,10,5565,1250,531,119,1662,1250,-21,164,-60,274,-83,271,-106,266,-129,260,-151,254,-172,245,-193,236,-213,226,-232,215,-250,203,-267,190,-283,177,-297,162,-311,146,-322,132,-333,114,-343,98,-350,81,-356,63,-361,45,-363,28,-366,9,-366,-9,-363,-28,-361,-45,-356,-63,-350,-81,-343,-98,-333,-114,-57,-24,-1086,-549,-70,-44,-267,-190,-250,-203,-232,-215,-213,-226,-193,-236,-172,-245,-151,-254,-114,-230]]]
6690794	p	3128760
3129636	n	-3.542,40.0939,-3.1455,40.3842	[[[-35420,402215,512,-668,1713,-608,183,67,248,114,232,132,214,149,194,165,172,178,149,190,123,201,98,209,70,215,42,219,15,222,-15,222,-1,5,-2311,615,-517,-62,-407,-569,-1,-16,-12,-2,-701,-978]]]
11549985	p	3117735
11549783	p	3128760
2509509	r	-0.485,39.7908,-0.0086,40.146	[[[-4850,399400,6,-128,3486,-1364,445,571,626,539,201,235,-513,307,-27,4,-70,28,-136,107,-99,59,-128,62,-159,17,-120,52,-14,-24,-69,65,-55,26,-43,33,-62,25,-14,34,13,61,-18,50,-2173,1301,-121,-101,-160,-150,-147,-158,-133,-165,-119,-172,-104,-177,-88,-182,-73,-186,-58,-189,-41,-192,-24,-194,-9,-194]]]
11550013	p	3117735
