1642911	r	106.6856,-6.3745,106.9739,-6.0751	[[[1066856,-61158,9,-191,-2,-91,7,-34,4,-2,7,-123,20,0,-13,-55,5,-16,-10,-12,-1,-43,41,-12,-3,-9,20,-13,18,7,52,-13,27,-21,62,-23,145,-40,-2,-9,-15,1,-14,-13,-32,-8,-12,-20,-10,-5,-9,3,-2,-19,29,-7,63,19,8,-33,-17,-49,0,-12,14,-10,2,-10,-7,-24,3,-31,-6,0,-2,-45,-35,0,-2,-21,-15,-36,-1,-63,89,-3,104,6,3,-15,17,0,11,-9,-2,-15,26,3,1,-2,3,0,0,-12,11,-3,-5,-14,16,-3,-2,-10,-8,-5,2,-15,-7,-26,25,1,20,-44,-14,-26,-2,-12,-2,-29,14,-24,-3,0,2,-3,38,1,8,-17,13,0,4,-82,-17,2,-11,-9,-1,-11,21,-6,28,7,1,-7,1,-1,-41,-22,5,-14,-3,-16,8,-10,-26,-28,5,-5,1,-26,54,3,1,-33,29,-7,24,3,-22,-85,29,-5,1,-18,31,-2,10,-27,7,1,8,15,5,-5,4,-16,-10,3,-10,-5,7,-12,-11,-17,8,-7,22,2,-4,-19,10,2,8,-22,16,-17,-21,-5,4,-13,19,1,-2,-17,11,15,1,-1,0,1,7,-4,5,-2,1,-1,-5,-8,-2,-3,6,-10,-18,-7,13,-18,-17,-11,20,-9,-8,-7,0,-10,18,3,4,-34,24,-5,4,-4,4,-1,-2,-1,3,-3,25,8,4,-7,64,0,11,20,23,-12,29,6,90,3,44,3,0,-2,1,0,-4,-20,-11,-9,4,-11,-8,-7,1,-14,-9,-4,8,-8,-13,-6,3,-11,-14,0,-8,-15,0,-18,-7,-6,1,-22,-22,-17,5,-18,-24,0,-7,-33,0,-16,15,-27,-7,-8,0,-12,-20,-18,-7,-16,-13,4,-31,-23,7,-18,5,3,4,-9,-15,-17,15,-21,-10,-8,2,-17,-7,-11,12,-20,-7,-31,8,-12,44,-6,1,5,67,10,56,-7,1,12,31,30,0,8,8,-2,15,32,30,-4,1,4,17,-6,7,12,22,-6,70,2,10,2,2,12,18,-5,4,0,18,6,-4,26,38,3,-17,44,16,9,2,25,-4,2,-9,0,-20,-16,-13,7,34,34,11,-11,15,0,-3,12,-12,0,-2,7,12,20,0,20,-7,12,37,-7,5,-16,48,4,3,-7,-13,-2,27,-14,-3,-9,16,-18,34,-3,-1,-9,9,-12,-6,-22,25,-15,-15,-57,30,-5,3,9,13,-9,0,-16,17,11,10,-15,-10,-9,5,-6,47,33,1,11,11,-5,14,12,4,-1,2,1,1,-1,2,0,-1,-3,4,-6,5,-1,3,-12,7,1,12,-12,-23,-17,3,-10,-9,-12,35,-16,40,6,-9,-20,3,-10,15,-6,10,1,4,9,15,-1,11,-7,2,-14,11,1,0,-9,-17,-25,2,-13,-9,-20,47,-2,18,51,5,-11,62,-30,29,22,23,-8,-6,-29,29,-14,10,67,32,66,28,-25,39,-18,6,23,13,3,-16,13,9,10,-12,4,2,9,-9,5,12,5,-1,7,13,12,12,-1,-16,17,16,18,-10,15,16,11,-18,16,12,10,-12,14,12,2,1,24,21,2,-8,11,9,14,-14,18,14,6,-4,15,5,6,-2,16,16,36,-9,37,-18,4,8,8,0,12,24,10,2,13,-11,17,6,19,-4,10,13,8,-1,20,7,13,-8,18,-17,8,11,21,-6,13,2,10,6,-1,3,25,0,16,-13,15,6,5,-5,13,-12,-7,-1,17,-13,-7,-2,13,-29,13,-14,-18,-15,6,-1,18,-7,7,13,12,-22,3,1,13,7,-1,7,12,-4,5,-4,-9,-6,5,5,20,-14,-9,6,31,-7,3,2,10,-7,4,-3,27,-6,7,10,15,-4,21,8,31,-3,13,9,17,-3,6,-11,-7,-3,9,-22,3,-7,15,-12,-1,14,14,0,13,-7,-1,2,12,-5,4,4,27,5,1,-12,13,15,22,43,18,-4,26,20,3,14,-10,17,-1,0,-7,26,7,5,25,14,0,1,14,7,9,5,0,2,-24,11,-15,32,9,4,-5,4,5,26,-3,4,6,13,-2,14,6,34,-2,0,5,58,-3,8,10,24,3,3,73,12,6,-17,12,0,47,-9,0,-1,9,27,9,9,23,9,79,16,47,28,31,32,-4,3,7,25,6,16,56,36,3,34,49,-4,11,5,4,-6,5,8,19,-8,20,9,25,21,2,17,-9,-3,32,37,65,-4,45,-11,17,1,82,-6,3,-7,52,-22,30,2,17,16,20,-3,69,10,-1,-3,21,11,28,-4,15,-6,1,3,38,9,-2,1,12,-19,43,-2,100,-5,7,4,36,-12,-1,-4,246,5,11,10,0,6,45,-9,-2,-4,13,7,41,-25,62,-3,23,-1298,-201,-445,-14,-412,82,-142,120,-27,88,-84,-132,-40,-33,-17,2,-17,-12,-6,9,-13,-2,-32,-24,9,-12,-8,-6,-33,-7,-31,8,-35,-4,-2,5,-41,0,-27,-7,-28,10,-28,-2,-44,-13,11,-30,6,-2,-6,-67,7,-16,20,-4,2,18,26,6,-1,-27,24,-4,5,-11,-9,-21,-14,1,-73,-19,-16,-11]]]
1625822	r	112.4895,-7.6618,113.1478,-6.8654	[[[1124895,-72932,505,-334,0,-3285,226,-67,816,90,701,909,472,313,0,817,19,36,66,126,63,42,312,212,86,202,1,402,2,22,26,12,58,0,22,7,24,67,26,34,13,48,17,32,10,15,36,22,9,20,9,1,-4,5,16,17,6,26,10,9,5,49,6,1,-6,5,-4,33,19,41,-9,13,7,9,6,114,-16,49,-18,26,4,8,-6,16,-18,22,-20,2,0,8,11,1,2,12,-25,47,-10,1,-6,11,-14,47,-16,22,-39,15,-48,34,3,10,-13,18,-7,6,-10,-5,7,8,-3,9,-8,1,0,8,-16,15,-34,19,-11,-2,-12,4,-57,109,-107,157,-135,134,-98,37,1,2,-12,2,-38,14,-54,40,-46,0,-17,-12,-6,6,-8,-16,-23,-14,-32,-3,-28,14,7,41,-3,-7,-11,8,-83,-9,3,-16,39,9,11,-61,-37,-9,-5,26,7,3,-3,16,-18,-4,8,-42,-15,-7,-10,19,15,5,-10,50,-6,-1,-1,7,-135,-24,7,-17,72,13,5,-16,-16,-4,3,-8,13,1,6,-17,-4,-9,5,-29,-28,-5,6,-15,-18,-6,-31,66,-11,-6,26,-61,-14,-3,-55,111,-13,-6,-7,6,-11,-12,9,-6,-4,-8,22,-48,-36,-16,-24,4,-9,-4,0,-14,14,-1,6,-10,0,-27,-16,-38,-41,-12,9,-27,8,-4,-18,-10,-3,-14,-30,9,-7,15,-20,8,-78,-32,-77,-7,-24,-16,-48,23,-2,19,-21,3,-2,7,-31,-17,-40,16,-50,52,-40,71,-16,3,10,40,13,8,-5,15,16,5,25,30,35,15,60,25,8,-12,-51,-55,-11,8,-28,-27,2,-19,16,-10,9,9,-9,11,63,63,-11,-22,7,-2,18,17,79,-78,41,42,-94,95,-3,3,46,169,-91,204,-163,169,-168,71,-88,67,-102,153,-85,173,-35,118,71,88,161,69,81,22,239,66,-84,170,-141,-16,-146,-58,-107,41,-85,78,-223,338,-44,97,39,243,159,396,12,214,-27,90,-49,104,-63,91,-71,56,-147,51,-56,-14,-3,-74,6,-131,-57,-206,-143,-97,-100,0,233,-896,-22,-172,-56,-237,41,-23,-42,-59,-13,3,-8,-10,-21,-87,-1,-10,-1,0,-543,-2265],[1126038,-71926,263,-27,-42,-15,-16,-17,17,-2,-4,-24,-14,4,-13,-11,-36,-3,-14,-14,-7,-30,-10,-9,-15,-2,-1,2,5,49,-3,10,-18,9,-26,-10,-66,90]],[[1126724,-70739,26,-22,7,12,21,-15,40,-58,3,-5,6,6,-4,-13,14,-10,-8,-11,12,4,-2,-12,12,-23,16,-8,-12,-2,1,-21,11,-12,-8,-18,2,-9,28,-17,32,3,9,7,-2,13,73,6,9,14,6,0,1,-10,25,-10,-7,-12,23,-27,-12,-109,-21,-91,-56,-159,8,-11,-17,-20,-40,-87,-6,-74,9,-18,35,-16,76,-85,33,-19,121,-39,-13,-24,9,14,7,-4,-5,-12,6,-2,5,11,5,-2,-4,-11,27,-10,3,11,13,4,25,30,16,7,102,-9,78,10,4,-20,-1,19,27,4,27,-9,6,10,11,1,2,-19,-10,-3,21,2,-10,1,-2,19,11,6,30,4,36,24,27,6,29,29,22,0,63,31,1,-8,8,11,131,-4,13,-7,2,-12,14,24,257,-19,725,-163,2,-2,38,-8,-1,1,8,-2,1,-2,16,-1,3,-1,2,-8,8,6,1,0,10,-9,34,-4,7,1,59,-13,52,-34,46,12,10,-2,193,-67,151,-37,117,-40,47,-1,14,-10,34,5,-3,-9,155,-18,41,-23,12,-12,8,-27,12,-8,33,-5,63,33,54,8,42,-28,56,-18,129,-15,14,-11,13,4,16,-7,3,9,43,105,27,-12,38,3,34,23,18,51,35,-13,9,2,9,38,-9,10,2,12,-28,23,-41,2,-61,33,16,57,43,6,8,17,16,14,-3,11,-14,14,0,25,20,13,8,49,13,4,50,-10,31,4,32,14,56,110,12,5,19,0,39,-16,55,-38,31,-11,18,-2,17,-1,12,3,11,6,1,4,-6,23,-31,30,17,32,-2,59,-5,15,-17,12,13,42,-18,20,13,11,4,19,21,28,62,9,14,10,38,83,-1,16,-18,42,16,34,29,-4,21,-58,23,-14,0,-10,9,4,-3,22,-10,0,-4,6,-2,48,10,12,-17,7,-2,9,7,15,25,-3,-11,52,13,10,-19,0,-1,1,-11,9,8,15,-17,8,-9,60,-9,8,3,24,-5,5,-4,24,0,2,-11,0,-1,4,-2,1,-7,24,4,23,7,7,1,3,0,-2,2,2,-1,-10,32,-21,6,-1,3,3,7,-5,8,14,19,-19,4,-16,14,15,20,7,-4,129,-32,56,-46,17,15,68,-16,23,-8,22,-4,8,0,2,-1,2,3,0,2,3,18,-4,32,-22,0,1,2,43,-5,24,-16,17,22,45,-10,24,-2,24,23,-1,16,-13,54,-13,34,-22,20,14,36,-3,-1,31,12,26,-18,26,8,36,54,41,33,54,-2,37,-13,0,-14,9,10,6,2,16,-18,19,21,42,0,12,54,22,2,16,-7,9,7,18,-15,27,-2,15,30,47,-4,10,-50,23,-23,-5,-58,45,-21,-8,-52,-45,-41,-6,-12,-24,-46,15,-13,-29,-18,1,-13,-19,-34,2,-25,13,-17,2,-12,11,20,13,7,28,12,14,-5,17,8,7,0,26,13,14,-7,11,-11,-4,-10,6,1,11,-5,3,6,19,-15,4,-12,29,-15,19,-2,41,7,19,45,20,7,29,-39,-3,-15,26,-12,8,-18,-12,-28,21,-20,36,27,30,-2,27,5,17,26,18,-3,32,11,15,54,-17,43,-38,17,-1,27,11,13,38,7,54,0,23,-11,31,-2,64,22,58,3,45,21,3,57,-14,9,15,-6,10,8,29,-5,23,-12,19,-16,6,1,32,-21,5,-10,21,0,1,-28,-2,4,-31,-16,-13,-19,-2,-35,10,-11,-5,-28,11,-2,27,10,14,-229,7,4,24,-5,31,-1,-11,-1,-9,6,-13,-14,-10,-13,-1,-15,5,-10,13,8,3,9,20,-8,-14,-16,-12,-8,12,-7,-2,-16,13,-14,-10,-18,11,-29,0,-76,16,-52,-14,-24,-14,-28,-3,6,23,-56,-6,-3,1,-12,19,-60,15,-121,-11,21,0,1,-11,-10,-10,-30,-7,-16,6,-8,10,16,13,-29,-21,-140,18,3,-9,-6,-3,-19,-1,-3,7,-20,-4,-1,-28,-38,-22,-1,39,-90,-10,-47,-27,-29,3,-25,12,-117,-36,-18,6,6,8,-25,6,-15,-5,-12,7,-5,-11,-8,-9,-16,-3,-87,20,-108,-28,-25,11,-27,-21,-16,-3,-52,-1,-15,8,-20,2,-13,-12,-89,-2,-84,-12,-29,12,-2,-12,-19,-7,-13,-2,-7,14,9,16,-54,-12,-65,13,-113,-7,10,-54,-4,-2,-38,-5,-14,9,-20,26,13,14,-11,6,-12,-5,-24,7,-40,-1,-23,-12,-30,-3,-5,-12,-17,4,-65,-26,-12,-19,-16,-4,7,-78,-55,-20,5,-45,-14,-13,-48,0,-33,40,-9,41,-14,6,-13,0,-23,-11,-6,-19,-31,-13,-12,-26,31,-23,21,-27,7,-30,-14,-68,20,-17,-2,-6,-7,4,-10,-10,-35,-15,-63,-62,-9,-27,5,-3,35,45,24,19,3,-5,-35,-69,-11,-45,-23,-15,8,-12,-13,-7,-18,-35,-7,-2,2,-5,-9,-9,-7,4,3,-11,-46,-35,-32,-49,-80,-80,-27,-11,-5,-9,-17,8,-5,-15,23,-27,0,-12,-8,-8,-9,2,-28,-34,-2,-12,-8,-2,-8,-22,-21,-22,-17,-8,-26,-32,-14,-1,-5,-11,-4,3,-34,-43,-36,-31,-5,4,-140,-79,-7,-10,4,-6,-21,-7,-36,-33,-42,-27,-23,-1,-12,-12,-10,2,-34,-38,-24,-42,-16,-20,-2,-1,-205,-43,-127,-9,-20,-18,-10,8,-16,4,-1,6,-26,-2,-12,10,-32,10,-9,14,-26,-25,-9,0,-11,15,-14,-9,-2,-16,-16,-17,-3,-49,-7,-7,-4,-21,-11,-2,-3,-6,5,-6,-10,6,-3,-15,-7,-1,-2,-20,-15,-1,-1,-6,22,-2,0,-5,-14,1,0,-6,16,-4,-1,-14,-16,-2,-10,-32,8,0,-2,-24,-20,-26,-3,-144]]]
1649378	r	106.8979,-6.4853,107.5253,-5.9143	[[[1068979,-63964,3,-7,5,-6,11,-8,4,1,6,4,24,-1,2,8,20,0,2,9,20,-6,4,9,15,-10,11,8,29,-1,11,13,50,-8,16,-11,4,23,13,4,-20,13,13,28,-4,13,15,-10,0,12,13,25,8,-1,-1,-17,6,-3,7,28,9,-10,19,2,13,10,11,19,25,2,8,13,7,-9,9,4,10,19,-14,3,-9,16,26,0,-6,9,8,7,7,19,-9,11,27,25,-12,2,-8,-9,-1,15,16,1,19,14,2,19,11,-1,1,-18,20,8,-4,21,-11,-1,9,11,-4,11,16,9,-1,13,12,18,-11,-1,-15,13,-9,-6,2,15,6,4,25,-5,-7,-13,24,9,-11,3,-2,8,21,23,1,12,11,7,13,-7,5,4,-3,10,-20,10,0,8,19,17,8,-20,9,4,2,17,-6,8,-13,-5,-19,45,45,-3,1,13,-17,5,-1,27,20,-1,6,11,15,-6,-2,20,26,22,7,-4,11,7,1,-10,4,2,-2,20,8,8,-10,6,-10,-12,-2,22,9,9,13,-5,-4,15,12,1,4,6,-12,19,-8,-14,-8,20,6,6,24,-10,10,20,-31,-3,3,25,-17,11,18,14,3,19,12,1,1,10,-25,16,-3,9,13,7,-11,9,4,7,7,-2,9,-3,1,1,167,-33,-35,-30,9,-26,-6,-24,6,-19,-3,-56,-18,-3,-2,13,-6,4,-10,-3,-9,-15,0,-11,21,-2,9,-20,-13,-7,-14,-27,0,-15,29,7,1,-16,-43,-19,-24,14,-25,-2,-4,-5,19,-8,4,-21,15,-13,26,-3,-5,-12,-25,-12,4,-4,70,-37,-1,-20,31,-16,1,-6,17,-4,-9,-29,-17,-12,6,-22,66,7,12,-5,-5,-6,9,-1,2,10,28,3,6,16,14,13,10,-3,25,16,14,-14,17,0,15,17,-9,10,-4,21,21,19,1,-6,30,-10,-6,-12,12,-1,-4,-11,19,-6,-6,-18,5,-5,11,17,9,-1,17,14,20,-1,48,36,-1,37,-18,9,4,18,-5,5,3,11,-7,3,13,13,-34,20,16,-1,8,16,-29,16,15,19,12,31,7,3,6,38,8,7,21,-7,1,10,14,12,81,-19,16,41,291,-58,1058,-1535,66,3,19,3,2,15,-9,12,-17,3,0,12,41,16,27,-8,25,16,3,32,-24,13,13,6,28,-4,2,22,-13,28,11,9,29,3,2,-16,-21,-19,5,-10,16,0,32,16,5,63,19,5,90,381,-29,3,-15,20,12,11,28,-1,10,-5,15,61,-7,24,12,-2,83,351,-12,-6,-27,9,-10,17,-19,14,9,24,-6,31,16,20,36,16,4,14,-7,17,-25,11,1,9,11,4,28,-6,16,-22,13,4,9,13,-1,18,-18,19,-3,12,2,26,15,22,4,26,11,1,21,-7,37,158,-25,7,0,20,-13,11,-33,0,1,20,7,9,35,22,-12,31,4,13,20,7,36,-8,8,10,-4,12,-16,10,-32,-4,-13,5,-10,26,9,18,18,7,12,-7,6,-28,11,-4,10,5,11,36,-6,26,25,2,8,8,-7,8,-28,5,-5,19,6,7,33,7,20,23,1,-1,150,631,-1354,2016,-34,-5,-95,-24,19,154,-22,-26,-9,-2,-12,7,-2,28,12,25,22,24,8,5,-13,47,-31,2,-6,12,1,53,-10,20,-21,15,-53,20,1,19,26,24,10,16,1,17,-13,23,-23,13,6,20,18,19,-18,4,-6,15,29,-2,12,10,-5,18,-8,4,4,9,-3,14,-21,6,17,7,-152,587,-278,56,-231,-98,43,-346,-210,-295,-56,-153,61,-104,99,-151,-11,-115,-53,-127,-35,-192,-116,-61,-52,-9,-208,-32,3,-23,25,-62,-7,-41,4,-13,9,2,-6,-45,-10,0,-5,-11,4,-246,12,1,-4,-36,5,-7,2,-100,19,-43,-1,-12,-9,2,-3,-38,6,-1,4,-15,-11,-28,3,-21,-10,1,3,-69,-16,-20,-2,-17,22,-30,7,-52,6,-3,-1,-82,11,-17,4,-45,-37,-65,3,-32,-17,9,-21,-2,-9,-25,8,-20,-8,-19,6,-5,-5,-4,4,-11,-34,-49,-36,-3,-16,-56,-25,-6,-3,-7,-32,4,-28,-31,-16,-47,-9,-79,-9,-23,-27,-9,1,-9,9,0,0,-47,17,-12,-12,-6,-3,-73,-24,-3,-8,-10,-58,3,0,-5,-34,2,-14,-6,-13,2,-4,-6,-26,3,-4,-5,-4,5,-32,-9,-11,15,-2,24,-5,0,-7,-9,-1,-14,-14,0,-5,-25,-26,-7,0,7,-17,1,-14,10,-20,-3,4,-26,-43,-18,-15,-22,12,-13,-5,-1,-4,-27,5,-4,-2,-12,7,1,0,-13,-14,-14,12,1,7,-15,22,-3,3,-9,11,7,3,-6,-9,-17,3,-13,-8,-31,4,-21,-10,-15,6,-7,3,-27,7,-4,-2,-10,7,-3,-6,-31,14,9,-5,-20,6,-5,4,9,4,-5,-7,-12,-7,1,-1,-13,22,-3,-13,-12,7,-7,1,-18,15,-6,14,18,29,-13,2,-13,13,7,1,-17,12,7,5,-13,-6,-5,13,-15,0,-16,-3,-25,-6,1,-2,-10,6,-13,-11,-21,17,-8,8,-18,-7,-13,1,-20,-13,-8,4,-10,-6,-19,11,-17,-2,-13,-24,-10,0,-12,-8,-8,18,-4,9,-37,-16,-36,2,-16,-5,-6,4,-15,-14,-6,14,-18,-9,-14,8,-11,-21,-2,-1,-24,-12,-2,12,-14,-12,-10,18,-16,-16,-11,10,-15,-16,-18,16,-17,-12,1,-13,-12,1,-7,-12,-5,9,-5,-2,-9,12,-4,-9,-10,16,-13,-13,-3,-6,-23,-3,-10,-6,-2,-3,-4,-26,-8,-2,-23,-23,-9,7,-18,-7,-8,6,-9,-7,-12,1,-16,-14,-2,-27,-27,12,-44,-9,-13,2,-13,-13,-11,11,-7,1,-22,3,-3,-2,-2,0,-3,-6,-5,-9,-11,-15,-8,-19,-4,-10,4,1,-11,-5,-3,-2,-5]],[[1071127,-60337,6,-51,15,-8,44,1,10,-52,15,-23,11,-3,27,13,22,-10,-33,-41,5,-16,17,-18,20,0,21,14,21,4,28,32,7,-3,9,-36,-4,-21,-10,-2,-19,11,-13,-4,-22,-67,30,-18,14,3,15,13,25,47,18,1,-2,-66,30,-70,46,-17,45,-1,38,43,10,9,15,1,22,-10,52,-44,56,-32,14,-13,15,-31,21,-14,17,3,45,49,22,2,32,-29,-2,-25,-14,-38,18,-37,135,-44,78,-54,104,-48,33,-4,67,13,71,-17,61,35,30,-2,15,-18,2,-80,-6,-42,8,-10,33,0,102,49,29,0,42,-34,15,-150,27,-8,47,35,30,-8,5,-16,-19,-29,0,-14,9,-8,26,-6,11,-15,-27,-68,-3,-30,8,-12,27,-13,15,4,26,62,19,12,18,-4,-2,-21,-31,-62,-1,-59,-25,-12,-51,-4,-20,-21,-8,-19,9,-38,-1,-64,71,-52,4,-17,-10,-50,13,-17,37,-22,14,-30,-4,-42,-16,-37,2,-24,12,-8,38,3,7,-4,4,-16,-26,-36,-12,-87,-18,-15,-19,-6,-41,14,-54,7,-58,-1,-16,-10,-2,-17,11,-28,30,-21,46,-5,27,-16,3,-9,-11,-25,-42,-23,-36,-28,-19,4,-25,18,-13,-6,20,-34,2511,356,26,177,5,106,-32,20,-97,46,-16,6,-41,19,-35,14,-53,14,-56,26,-23,18,0,-8,-10,7,-4,-10,-8,2,-69,47,-28,24,-78,37,-17,27,-1,1,-228,383,-29,36,-1,0,-7,9,-18,24,-19,13,-12,26,-30,38,-19,1,-45,67,-21,40,-125,157,-335,547,-161,206,-20,20,-59,50,-51,57,-18,14,-281,114,-288,55,-238,-22,-179,-66,-31,3,-48,-26,-105,-35,-28,-1,-40,-23,-180,-29,-16,-5,-57,-9,-73,-29,-81,-23,-19,-12,-215,-13,-37,10,-4,-3,-164,-149,-149,-165,-127,-171]]]
1650357	r	107.281,-7.2748,108.2199,-6.5789	[[[1072810,-70130,2577,-1355,1099,-1091,4,-4,67,16,41,15,0,2,45,-33,190,-114,115,-54,272,195,-10,4,-13,41,-52,9,-14,-3,-21,11,-25,40,5,16,-28,56,13,28,8,42,-12,20,0,15,22,7,12,29,53,35,5,16,21,5,31,21,24,34,14,8,-9,24,-18,20,-2,28,-18,14,12,22,-7,27,21,26,5,23,31,33,24,42,25,9,11,23,13,7,16,44,3,34,26,22,19,27,40,9,15,-9,32,-1,14,8,90,108,26,4,25,18,25,-15,20,1,20,-27,26,38,25,4,15,15,35,-28,31,-42,39,-4,12,7,5,19,66,57,16,44,55,42,35,17,14,37,19,5,9,25,-6,36,11,33,-2,26,-8,6,1,17,-7,8,1,29,-25,35,-1,15,4,18,9,6,0,9,18,25,-9,60,4,43,9,18,63,1,21,21,68,11,7,6,0,20,31,-3,7,13,30,11,29,46,-1,32,-15,21,0,48,-9,33,11,39,10,0,15,13,25,-4,50,32,14,-3,28,53,26,-3,14,-10,25,-6,21,15,45,3,24,25,25,4,5,-9,10,-2,21,7,38,32,87,18,30,-4,52,13,7,-22,13,-10,27,-5,6,-17,17,32,26,-20,63,14,37,-7,27,6,102,2,21,12,10,-1,-18,18,8,5,7,19,32,25,16,3,14,14,21,-1,7,9,21,-9,-6,12,-33,26,10,43,-9,5,-29,4,-24,10,-5,-3,-12,8,-13,-3,-3,-8,-20,13,-8,-12,-10,-4,-23,9,-20,-19,-11,-6,-14,1,-6,-6,-14,11,-10,-9,-1,6,-22,1,0,127,-9,26,-20,24,-15,72,32,22,-11,26,10,2,-2,19,-15,29,3,19,-2,22,-8,69,-16,30,-13,-1,-8,7,-15,-4,-9,6,0,10,-19,8,-2,10,-12,11,-27,2,-34,-7,-15,5,2,9,22,14,30,37,16,11,16,-9,2,13,19,22,-5,10,26,11,20,-4,22,29,49,8,49,-8,12,24,7,69,-6,27,9,14,-9,7,-1,9,-27,4,1,1,-2,44,13,25,11,-14,24,-1,12,-12,8,0,4,-11,12,-2,30,12,10,-15,-5,-7,5,-14,10,-2,6,-14,10,0,5,-15,13,-6,34,9,42,-13,41,31,30,-48,17,-5,48,-1,47,-19,26,4,27,14,29,-6,11,6,18,-42,79,-65,16,-29,28,-18,16,-21,18,-6,21,-22,42,-17,5,-5,-2,-8,23,8,31,-6,9,5,24,-13,-2,-8,10,-2,18,8,12,-2,1,12,11,8,26,-6,6,-8,23,5,9,11,13,-5,21,11,17,1,7,-10,14,6,25,-26,26,13,3,-18,30,-19,-11,-20,19,-13,13,14,20,-19,-8,-8,6,-12,16,-6,32,7,7,-8,10,4,-5,-16,11,-15,12,5,16,-13,10,2,9,-11,16,11,15,-4,19,30,23,-17,6,7,23,-7,18,-16,40,17,20,-7,37,2,8,4,3,25,31,24,18,25,123,-1,-4,-43,12,-58,13,-21,63,3,7,-17,21,-10,0,-15,17,-21,-9,-18,33,-39,21,-36,-3,-12,9,-37,92,-66,30,-46,32,-26,72,-38,35,-1,32,-35,24,10,1,8,54,1,-10,2,12,18,9,9,5,6,23,19,21,19,12,26,7,42,49,26,21,22,6,35,-5,13,12,10,-1,12,19,11,28,60,32,38,17,7,20,28,8,23,-8,11,1,13,11,9,9,28,10,7,3,25,-8,8,0,9,6,1,-5,14,12,18,-2,11,7,8,13,2,-8,16,14,11,0,9,-14,11,13,48,-2,17,13,-1,44,49,22,13,12,31,4,26,0,3,1,1,0,1,29,23,11,-3,40,13,24,46,18,-1,8,11,14,3,10,-5,17,5,4,-5,21,13,2,15,13,3,7,15,-3,19,39,6,-9,24,7,12,42,28,32,1,13,22,21,-4,4,31,29,9,-11,25,-5,4,-15,-3,-3,6,5,56,-42,9,-1,11,-16,21,4,13,24,23,-10,14,1,16,25,57,-8,4,-36,-43,-15,-5,-3,6,2,10,12,9,-4,36,8,2,-2,19,22,44,9,55,-12,12,-17,-4,-39,-35,-21,-9,-1,21,-38,6,-24,17,-20,-10,-4,18,-31,20,-6,47,13,25,13,6,10,33,19,16,1,25,-28,19,-14,51,-11,1,-14,-22,-22,0,-7,29,-30,32,7,8,22,5,-3,56,-18,-2,-12,-18,-15,-2,-45,28,-5,28,28,15,-3,13,-12,9,1,11,9,3,4,11,-10,17,-35,28,4,19,20,11,-8,26,-40,24,-55,-13,-28,8,7,-34,-19,-6,-54,88,-4,73,25,55,-25,56,-20,32,-17,12,-18,40,11,30,10,8,90,-22,17,35,-18,56,21,28,19,-13,9,1,-2,32,-9,33,-51,71,7,20,-8,50,1,3,-1,5,12,38,-2,3,-46,29,-38,-33,-19,-4,-49,27,-4,8,2,24,-2,16,3,3,0,4,3,3,2,2,34,22,-11,42,5,35,59,39,14,64,45,48,-21,44,-15,3,-15,34,-9,-2,2,-14,-13,-7,-13,27,-8,0,6,-20,-8,2,-4,9,-9,-19,-6,0,2,14,-17,15,4,17,-29,-5,4,12,10,6,-19,3,-5,9,-6,-4,2,-12,-17,0,0,12,15,7,-16,16,1,19,-21,16,-11,-14,-24,14,-20,19,-2,13,-14,-8,-14,15,-9,-11,3,-8,-10,-6,-2,23,-18,-4,-5,4,13,14,-21,-4,-8,6,-13,-13,-24,28,-5,-16,-15,-7,2,-8,-11,-1,-9,11,15,15,-13,9,-9,-6,-2,-10,-18,6,-15,-21,3,9,-12,14,10,28,-17,-8,-14,7,-8,-3,-12,34,-18,-1,2,43,-30,15,-1,11,15,10,-8,6,-18,-3,9,27,-11,-1,-17,11,-26,-16,-6,5,-20,29,-23,17,-28,43,-2,13,-15,-2,2,13,-10,10,-4,28,-40,-12,7,24,-13,-6,-11,7,-15,-10,-9,28,-28,3,-12,-7,-2,35,-11,3,-18,-14,-26,29,-27,12,-19,-7,-8,-16,-5,7,5,17,-12,0,-5,8,2,28,-5,9,5,7,25,1,3,9,-28,1,-8,3,-3,10,-2,-17,-26,-9,-15,16,-3,17,-14,22,-14,-28,-27,26,-21,-1,-1,22,7,4,-2,12,5,8,-10,14,-11,-2,-10,11,10,12,1,27,-8,11,-10,2,-5,28,-8,6,-18,1,-3,-3,-4,-4,-16,3,-5,1,-3,-2,-1,-1,-16,-10,0,14,-2,-19,-2,-10,-15,3,-34,-12,-9,7,-13,-1,-4,1,-22,36,-12,1,-5,-24,31,-40,-16,-16,22,-23,-26,-47,25,-26,-18,-9,-23,10,-19,-16,-3,-16,16,-18,-21,-10,14,-19,-1,-5,-14,-10,-92,7,-85,35,-41,26,-61,17,-44,2,-55,20,-23,13,-64,56,-60,35,-27,37,-71,4,-35,10,-35,20,-14,22,-19,6,0,13,-12,-2,-11,14,-14,4,-8,25,-19,6,-25,-2,-70,18,-13,12,2,16,-18,6,3,16,-12,29,-10,7,12,13,-7,7,-56,-9,-15,24,-18,5,-11,27,-39,24,-33,51,-25,12,-10,17,-84,58,-42,17,-189,47,-30,-3,-51,35,-58,9,-56,18,-40,22,-42,5,-26,-22,-40,2,-2,-39,-9,-16,33,-31,6,-15,12,-5,-8,-29,16,-15,22,-54,0,-2,-31,-24,-21,-42,1,-8,0,-1,0,-6,21,-24,-4,-21,8,-32,-12,-18,-1,-17,42,-58,-11,-34,-32,-10,-20,-63,-13,-14,0,-35,13,-19,-4,-22,20,-50,-3,-35,-45,0,0,-35,-33,-4,-19,-19,-31,-54,6,-10,-8,-13,15,-6,4,-13,-29,-10,6,-15,20,-13,-26,-6,3,-18,-34,-14,5,-44,-9,-18,-13,-4,-38,8,4,-23,-12,-21,32,-17,18,-2,5,-25,20,3,-3,-15,29,-5,13,-35,-3,-12,-13,-10,9,-16,-17,-2,1,-15,-12,-7,2,-17,-10,-8,4,-7,18,-6,-9,-8,2,-15,-8,-17,-13,-7,3,-9,-15,-9,16,-13,-20,-12,21,-12,4,-35,-9,-9,5,-16,6,-3,7,10,11,-19,-18,-9,11,-11,-10,-43,7,-11,-11,-23,6,-19,-10,-13,12,1,-16,-21,2,-6,13,4,11,-9,10,-22,-12,-9,5,-16,-12,-16,1,-22,-8,-11,11,3,19,-15,13,-39,-8,-14,13,-14,1,-18,-28,-27,0,-22,12,-35,-19,-4,-4,-52,7,-13,-1,-11,-40,-18,-13,-42,-41,-22,-42,-2,-20,-39,-35,-35,2,-25,-18,-60,-83,-65,-62,-34,-15,2,-25,36,-28,23,-55,-1,-69,-18,-14,4,-19,27,-5,2,-3,3,-4,0,-11,5,-35,-3,-24,-30,-22,-10,-32,-4,-26,-32,-13,2,-21,-10,-17,3,-58,-23,-19,5,-25,-9,-58,-2,-26,12,-56,-16,-31,27,-42,7,-5,29,5,29,-24,31,-20,15,-38,5,-66,24,-38,47,-65,-1,-20,-19,-35,-3,-76,-31,-47,38,-8,28,-42,29,-9,28,-54,53,3,29,-12,15,-18,-9,-68,31,-78,14,-39,-6,-15,9,-41,-5,-26,-14,-136,2,-21,9,-3,16,-47,42,4,3,-10,15,-11,6,5,5,-27,5,-6,7,9,2,-7,15,7,2,2,11,-79,11,-99,-22,-9,34,3,17,9,24,26,18,-2,16,8,13,-11,61,-13,37,6,33,-24,47,-62,29,-99,17,-62,-29,-35,-47,-32,-17,-5,-32,-22,-39,-3,-45,-13,-22,-10,-3,-4,-9,-24,-6,-7,-13,2,-77,15,-11,1,-23,-7,-19,1,-18,-13,-14,-1,-27,-6,-13,-27,8,-39,-22,-52,17,-20,28,-27,18,1,8,-9,9,-38,27,-52,5,-18,17,-11,2,42,-208,535,-709,-11,-5,4,-35,-28,-25,-24,0,-20,-13,-14,-21,-39,-25,1,-17,-11,-2,11,-10,-11,-12,2,-11,-10,-5,3,-16,-15,-27,4,-11,-2,-6,-8,0,-10,-17,-5,-32,7,-40,12,-6,26,-40,-139,27,-37,-3,-2,-8,-19,-4,126,-207,-7,-10,-7,3,-10,-11,-12,-3,-3,-13,5,-5,-10,-16,-1,-12,10,-14,-7,-18,3,-42,-20,-16,-3,-13,0,-12,24,-12,-10,-32,-53,23,20,37,-15,1,-7,9,-7,-2,3,-23,-5,-13,-69,40,-14,-17,-32,10,-8,-4,-8,37,-682,-203,-92,12,-1694,-443,-25,-6,-144,-259]]]
1214520	r	98.1757,3.2466,99.1776,3.9266	[[[981757,36000,7,-200,19,-199,33,-197,45,-195,58,-192,70,-187,82,-182,94,-177,105,-169,116,-163,126,-155,137,-146,145,-137,154,-126,152,-110,1979,40,1321,-328,1243,-463,396,-148,102,-100,626,518,3009,2489,-703,325,-57,37,-52,57,-25,16,-12,1,-5,4,-7,13,-15,9,-161,155,-215,127,-255,78,-176,59,-314,225,-204,134,-84,14,-525,87,-1000,440,-721,658,-34,30,38,32,3,-4,7,4,2,17,-13,16,-13,6,-50,-47,-79,72,-109,301,6,414,-237,392,-366,121,0,-248,-89,9,-211,7,-165,-5,-28,-183,-129,49,-191,58,-193,45,-197,33,-198,20,-199,6,-199,-6,-198,-20,-197,-33,-193,-45,-191,-58,-186,-71,-182,-82,-175,-94,-169,-106,-162,-117,-154,-126,-145,-137,-137,-146,-126,-155,-116,-163,-105,-169,-94,-177,-82,-182,-70,-187,-58,-192,-45,-195,-33,-197,-19,-199,-7,-200],[988073,34005,42,-11,-28,-55,-14,66]]]
1645524	r	106.5535,-6.6463,107.165,-6.3122	[[[1065535,-64480,2129,-488,58,-123,105,-57,11,-3,46,3,9,-36,546,-295,809,-724,963,-260,800,625,-113,90,136,100,164,149,149,165,132,178,114,190,57,120,-1053,1528,-291,58,-16,-41,-81,19,-14,-12,-1,-10,-21,7,-8,-7,-6,-38,-7,-3,-12,-31,-15,-19,29,-16,-8,-16,-16,1,34,-20,-13,-13,7,-3,-3,-11,5,-5,-4,-18,18,-9,1,-37,-48,-36,-20,1,-17,-14,-9,1,-11,-17,-5,5,6,18,-19,6,4,11,-12,1,6,12,-30,10,-1,6,-21,-19,4,-21,9,-10,-15,-17,-17,0,-14,14,-25,-16,-10,3,-14,-13,-6,-16,-28,-3,-2,-10,-9,1,5,6,-12,5,-66,-7,-6,22,17,12,9,29,-17,4,-1,6,-31,16,1,20,-70,37,-4,4,25,12,5,12,-26,3,-15,13,-4,21,-19,8,4,5,25,2,24,-14,43,19,-1,16,-29,-7,0,15,14,27,13,7,-9,20,-21,2,0,11,9,15,10,3,6,-4,2,-13,18,3,3,56,-6,19,6,24,-9,26,35,30,-167,33,-1,-1,-9,3,-7,2,-4,-7,11,-9,-13,-7,3,-9,25,-16,-1,-10,-12,-1,-3,-19,-18,-14,17,-11,-3,-25,31,3,-10,-20,-24,10,-6,-6,8,-20,8,14,12,-19,-4,-6,-12,-1,4,-15,-13,5,-9,-9,2,-22,10,12,10,-6,-8,-8,2,-20,-4,-2,-1,10,-11,-7,-7,4,-26,-22,2,-20,-15,6,-6,-11,-20,1,1,-27,17,-5,-1,-13,-45,3,19,-45,13,5,6,-8,-2,-17,-9,-4,-8,20,-19,-17,0,-8,20,-10,3,-10,-5,-4,-13,7,-11,-7,-1,-12,-21,-23,2,-8,11,-3,-24,-9,7,13,-25,5,-6,-4,-2,-15,9,6,15,-13,11,1,-12,-18,1,-13,-16,-9,4,-11,-9,-11,11,1,4,-21,-20,-8,-1,18,-11,1,-2,-19,-19,-14,-16,-1,1,-15,8,9,12,-2,-27,-25,9,-11,-7,-19,-8,-7,6,-9,-26,0,9,-16,14,-3,-10,-19,-9,-4,-7,9,-8,-13,-25,-2,-11,-19,-13,-10,-19,-2,-9,10,-7,-28,-6,3,1,17,-8,1,-13,-25,0,-12,-15,10,4,-13,-13,-28,20,-13,-13,-4,-4,-23,-16,11,-50,8,-11,-13,-29,1,-11,-8,-15,10,-4,-9,-20,6,-2,-9,-20,0,-2,-8,-24,1,-6,-4,-4,-1,-11,8,-5,6,-3,7,2,5,5,3,-1,11,10,-4,19,4,15,8,9,11,6,5,0,3,2,2,-3,3,-1,22,-11,7,13,11,-2,13,9,13,-12,44,27,27,14,2,-1,16,7,12,-6,9,7,8,-7,18,23,9,2,23,26,8,3,4,6,2,3,10,-39,18,-28,25,-32,-66,-10,-67,-29,14,6,29,-23,8,-29,-22,-62,30,-5,11,-18,-51,-47,2,9,20,-2,13,17,25,0,9,-11,-1,-2,14,-11,7,-15,1,-4,-9,-10,-1,-15,6,-3,10,9,20,-40,-6,-35,16,9,12,-3,10,23,17,-12,12,-7,-1,-3,12,-5,1,-4,6,1,3,-2,0,-1,1,-2,-1,-4,1,-14,-12,-11,5,-1,-11,-47,-33,-5,6,10,9,-10,15,-17,-11,0,16,-13,9,-3,-9,-30,5,15,57,-25,15,6,22,-9,12,1,9,-34,3,-16,18,3,9,-27,14,13,2,-3,7,-48,-4,-5,16,-37,7,7,-12,0,-20,-12,-20,2,-7,12,0,3,-12,-15,0,-11,11,-34,-34,13,-7,20,16,9,0,4,-2,-2,-25,-16,-9,17,-44,-38,-3,4,-26,-18,-6,-4,0,-18,5,-2,-12,-10,-2,-70,-2,-22,6,-7,-12,-17,6,-1,-4,-30,4,-15,-32,-8,2,0,-8,-31,-30,-1,-12,-56,7,-67,-10,-1,-5,-44,6,-8,12,7,31,-12,20,7,11,-2,17,10,8,-15,21,15,17,-4,9,-5,-3,-7,18,31,23,13,-4,7,16,20,18,0,12,7,8,-15,27,0,16,7,33,24,0,-5,18,22,17,-1,22,7,6,0,18,8,15,14,0,-3,11,13,6,-8,8,9,4,-1,14,8,7,-4,11,11,9,4,20,-1,0,0,2,-44,-3,-14,-1,-1,0,-104,-8,-23,12,-11,-20,-64,0,-4,7,-25,-8,-12,-4,-1,-1,7,-6,-6,-21,4,-15,-15,-18,12,-9,0,-28,-19,0,-1,0,7,-6,-1,-20,-15,-18,5,-13,-12,-5,7,-10,-3,-15,7,-4,-20,0,5,-18,-26,-4,13,-7,-7,-4,0,-23,6,-12,-10,-12,20,-8,-5,-5,4,-6,-13,-6,8,-17,-2,-21,-16,2,-3,-24,-13,7,-5,-4,1,-12,10,-13,0,-26,-13,-17,-2,-17,4,-4,-7,-9,-227,11,-6,10,-11,0,-3,-10,-166,9,-65,-5,1,-16,-8,-1,-9,12,-7,-10,-9,3,2,30,-427,-3,-249,-32,10,9,28,9,-252,-19,-761,-857]]]
1625084	r	106.2611,-6.4955,106.7486,-5.9429	[[[1062611,-62147,1072,-602,673,-1446,222,-760,957,475,761,857,127,1008,49,39,-9,14,-25,94,6,44,-78,54,28,56,-6,10,23,7,24,-4,22,11,56,-4,5,-6,28,6,5,-2,-2,-9,47,-11,2,6,27,-9,3,10,61,-6,99,10,30,-5,6,20,11,-13,14,-6,39,0,11,8,32,6,3,-8,2,0,7,2,-1,-2,1,-1,-8,-10,-19,-2,-9,-18,-3,3,-6,-5,0,9,-18,-14,8,-16,-20,-17,4,-3,-7,-9,10,-9,17,7,0,-15,15,-39,10,4,54,-7,-12,-71,23,-2,12,-18,36,-15,24,-25,12,40,39,9,1,15,3,-4,26,-1,82,7,33,-3,22,7,1,-5,25,-2,6,-13,7,1,2,18,119,4,47,5,3,0,-14,24,0,20,2,11,2,10,2,7,12,19,-20,44,-25,-1,7,26,-2,15,8,5,2,10,-16,3,5,14,-11,3,0,12,-30,-1,2,15,-11,9,-17,0,-3,15,-104,-6,-89,3,1,63,15,36,2,21,35,0,2,45,6,0,-3,31,7,24,-2,10,-14,10,0,12,17,49,-8,33,-63,-19,-29,7,2,19,9,-3,10,5,12,20,32,8,14,13,15,-1,2,9,-145,40,-62,23,-27,21,-52,13,-18,-7,-20,13,3,9,-41,12,1,43,10,12,-5,16,13,55,-20,0,-7,123,-4,2,-7,34,2,91,-9,191,16,11,73,19,14,-1,9,21,-5,11,-24,4,1,27,-26,-6,-2,-18,-20,4,-7,16,6,67,-6,2,-11,30,44,13,28,2,28,-10,27,7,41,0,2,-5,35,4,31,-8,33,7,8,6,-9,12,32,24,13,2,6,-9,17,12,17,-2,40,33,84,132,-27,85,-14,77,-20,114,-81,166,-151,107,-204,77,-225,45,-113,2,-21,27,-3,8,8,8,-9,13,16,12,-7,7,-4,-3,-10,10,-18,-10,4,-12,-13,-9,-54,19,-28,25,-36,7,-24,-10,-29,-23,-5,-18,18,-17,5,-32,-552,7,-261,4,-216,-60,-156,-123,-167,-100,-200,3,-53,1,-607,301,-245,40,-239,69,-622,484,-258,21,-119,-2718],[1067106,-62512,-9,12,9,-11,0,-1]]]
1633070	r	104.3211,-3.3512,105.1789,-2.4894	[[[1043211,-29200,9,-282,28,-281,45,-278,25,-108,3210,-3249,135,-32,277,-46,279,-27,281,-9,281,9,279,27,277,46,273,64,269,82,262,100,256,116,247,133,239,149,228,165,217,179,205,193,192,206,178,218,163,229,148,240,133,249,116,257,98,264,82,270,64,275,45,278,28,281,9,282,-9,282,-28,281,-45,278,-64,275,-82,270,-98,264,-116,257,-133,249,-148,240,-163,229,-178,218,-192,206,-205,193,-217,179,-228,165,-239,149,-247,133,-256,116,-262,100,-269,82,-273,64,-277,46,-279,27,-90,3,-5,-53,-183,-656,-188,-305,-287,-187,-692,-328,-337,-215,-148,-139,-62,-158,-45,-210,-116,-239,-156,-211,-161,-131,21,100,22,53,20,-17,-14,397,127,345,208,284,333,298,300,214,110,44,172,30,199,68,178,88,105,82,39,162,0,463,90,218,-2,0,-279,-27,-277,-46,-273,-64,-269,-82,-262,-100,-256,-116,-247,-133,-239,-149,-228,-165,-217,-179,-205,-193,-192,-206,-178,-218,-163,-229,-148,-240,-133,-249,-116,-257,-98,-264,-82,-270,-64,-275,-45,-278,-28,-281,-9,-282]]]
1627896	r	110.185,-7.2089,110.678,-6.8134	[[[1101850,-71641,27,-179,1,0,3247,-269,1230,515,8,174,-11,222,-32,219,-42,168,339,-22,163,810,-812,1782,-140,87,-113,-228,-445,-590,-408,-427,-93,-58,-58,29,-43,52,-32,74,-94,-49,-75,-26,-19,-17,-21,-4,-10,-14,14,-3,-18,-65,-20,-2,-11,42,-9,-2,-16,-14,-6,-34,-10,1,28,-27,-6,-17,-23,29,-17,56,-38,-11,-7,23,-11,-2,-4,9,1,53,-31,1,-1,-115,21,-23,12,-13,-4,-7,-59,38,-7,-2,2,-29,50,-32,-8,-13,-18,9,-11,19,-9,-1,-7,13,-6,-4,2,87,-27,0,1,-30,-73,-12,-15,-8,-3,-15,-20,6,-28,-2,-6,42,-72,-1,-57,-39,15,-22,-34,-8,-7,2,-8,24,0,10,15,4,-7,12,-42,-10,-33,12,-102,-10,-78,-65,-67,1,-64,-9,-30,-56,-60,17,-56,115,-66,27,-51,32,-115,49,-40,-6,-10,-14,-17,1,-4,-3,-99,72,-342,102,-101,46,-79,-1371,-558,-1106]]]
1622786	r	119.0911,-5.5891,120.05,-4.5885	[[[1190911,-50316,12,-22,39,0,19,24,-21,12,-28,1,-21,-15]],[[1193273,-50476,2,-33,10,-6,18,1,8,53,-17,5,-15,-9,-6,-11]],[[1193528,-53556,76,-408,197,-376,346,-484,101,-188,76,-91,51,-114,-42,-105,-73,-96,-39,-94,27,-221,85,-145,26,-13,57,14,173,52,18,7,-54,80,188,130,287,50,99,-15,109,68,147,106,140,115,132,124,124,132,115,141,105,147,96,154,85,160,75,165,63,170,53,174,41,176,29,179,18,181,6,167,-2725,955,-44,-509,-90,-307,-25,-153,-18,-12,-7,3,-19,-16,29,-67,-38,-236]],[[1193740,-52259,6051,-2120,70,129,167,371,143,381,118,389,92,396,66,402,40,404,13,407,-13,407,-20,202,-3000,4394,-781,456,-891,155,-377,-643,-30,-138,-136,-313,-61,-55,-170,-101,-50,-43,-59,-362,340,-1290,-54,-336,-366,-696,-133,-339,-42,-354,-9,-29,-16,15,15,-16,-47,-149,-94,-127,-8,3,-14,-7,3,-14,4,-3,-31,-42,-87,-63,-45,-24,-98,48,-66,28,-4,-3,-14,-95,95,-13,50,43,9,-5,4,5,21,-9,-155,-82,-30,-22,-1,0,-7,-5,-4,9,1,-10,-26,0,-10,-14,-3,-17,-5,-4,-48,-83,-43,-157,-5,-4,3,-1,-2,-7,-14,7,-10,-13,-5,-24,5,-19,-7,0,-31,-31,13,-16,12,2,-10,-20,7,-16,-24,-14,-7,4,-8,-4,-14,16,-20,-24,15,-31,-18,-11,4,-28,-7,-5,5,-1,-1,-24,-6,-17,-11,1,-1,-31,14,0,1,-6,1,-27,-74,-175,-6,-25,-4,-7,-9,-1,11,-2,-38,-163,-13,-144]]]
8581443	r	106.6296,-6.3623,106.7801,-6.229	[[[1066296,-63623,252,19,-28,-9,-10,-9,249,32,427,3,-2,-30,9,-3,7,10,9,-12,8,1,-1,16,65,5,166,-9,3,10,11,0,6,-10,227,-11,7,9,-4,4,2,17,13,17,0,26,-10,13,-1,12,5,4,13,-7,3,24,16,-2,2,21,-8,17,13,6,-4,6,5,5,-20,8,10,12,-6,12,0,23,7,4,-13,7,26,4,-5,18,20,0,-7,4,3,15,-7,10,12,5,-5,13,15,18,1,20,-7,6,1,0,19,0,0,28,-12,9,15,18,-4,15,6,21,-7,6,1,1,12,4,-3,3,2,1,-4,1,-4,4,-24,5,-4,34,-18,-3,0,10,8,7,-20,9,17,11,-13,18,18,7,-6,10,2,3,5,8,-1,1,-5,2,-7,4,0,-1,-1,1,-11,-15,2,17,-19,-1,-4,13,21,5,-16,17,-8,22,-10,-2,4,19,-22,-2,-8,7,11,17,-7,12,10,5,10,-3,-4,16,-5,5,-8,-15,-7,-1,-10,27,-31,2,-1,18,-29,5,22,85,-24,-3,-29,7,-1,33,-54,-3,-1,26,-5,5,26,28,-8,10,3,16,-5,14,41,22,-1,1,-1,7,-28,-7,-21,6,1,11,11,9,17,-2,-4,82,-13,0,-8,17,-38,-1,-2,3,-47,-5,-119,-4,-2,-18,-7,-1,-6,13,-25,2,-1,5,-22,-7,-33,3,-82,-7,-26,1,-3,4,-1,-15,-39,-9,-12,-40,-24,25,-36,15,-12,18,-23,2,12,71,-54,7,-10,-4,-15,39,0,15,-17,-7,-10,9,7,9,-4,3,20,17,-8,16,18,14,0,-9,6,5,3,-3,9,18,19,2,8,10,-1,1,1,2,-7,-2,-2,0,-3,8,-32,-6,-11,-8,-39,0,-14,6,-11,13,-6,-20,-30,5,-99,-10,-61,6,-3,-10,-27,9,-2,-6,-47,11,2,9,-5,2,-28,-6,-5,6,-56,4,-22,-11,-24,4,-23,-7,6,-10,-28,-56,78,-54,-6,-44,25,-94,9,-14,-49,-39,-127,-1008]]]
6295587	r	103.3148,0.6199,104.2978,1.1895	[[[1033148,10616,260,-421,169,-150,227,53,272,-149,160,-47,134,12,52,39,26,50,0,59,-17,66,-25,44,-63,70,-24,42,-7,50,5,48,-3,45,-30,45,-57,25,-130,15,-57,36,-62,94,-47,119,-59,237,10,119,32,108,-16,78,-131,30,-102,-21,-186,-94,-58,-21,-83,-83,-103,-186,-79,-196,-8,-116]],[[1033387,8049,18,-209,51,-206,382,-552,99,-94,94,-206,126,-208,186,-101,252,108,208,271,297,577,-32,125,-48,80,-130,136,-185,309,-108,125,-321,112,-101,149,-75,181,-91,155,-154,88,-156,-28,-125,-136,-70,-333,-92,-218,-25,-125]],[[1034071,9114,33,-67,112,-80,65,-67,49,-93,117,-71,136,-39,107,-1,103,93,2,147,-68,152,-105,101,-87,17,-464,-92]],[[1034212,8732,46,-188,145,-102,356,-120,146,-109,329,-435,10,207,-12,94,-45,105,-60,84,-72,72,-82,62,-88,52,-577,223,-96,55]],[[1034692,6374,28,-144,170,-31,89,71,82,138,118,268,34,111,5,111,-44,86,-110,35,-69,-64,-136,-281,-69,-64,-51,-75,-47,-161]],[[1036665,8236,223,-319,63,-178,58,-82,125,-33,115,41,24,134,-92,182,-155,161,-349,255,-12,-161]],[[1037262,8732,43,-256,158,-249,176,-178,374,-207,198,-153,56,-32,56,-3,54,41,18,189,-84,280,-140,253,-153,110,-242,274,-98,42,-175,46,-69,48,-172,-205]],[[1038186,8801,237,-294,37,-82,57,-71,358,-174,75,-78,164,-295,100,-79,115,-25,85,54,7,156,-179,312,-260,308,-349,236,-447,93,0,-61]],[[1038389,10030,8,-131,67,-124,102,-91,548,-305,102,-33,112,-6,135,16,125,42,60,57,3,2,4,4,11,11,5,89,1,23,1,10,0,7,-6,15,-3,6,-50,126,-13,18,-81,113,-99,82,-54,16,-8,2,-30,9,-39,12,-17,5,-156,46,-19,6,-8,2,-4,2,-14,8,-144,75,-8,11,-85,113,-34,47,-40,-122,-5,-16,-19,-58,1,-83,-172,108,-10,-2,-56,-8,-53,-7,-58,-97]],[[1039026,10905,41,-188,115,-204,323,-372,53,-42,0,-1,8,-1,100,-16,21,2,93,11,53,6,42,4,5,1,53,-4,28,-3,24,-14,332,-190,106,-31,69,-21,119,30,89,23,18,4,46,6,49,-7,66,-8,44,9,7,26,3,11,-17,120,7,42,6,11,49,82,17,48,11,31,39,63,54,29,29,15,-61,78,-25,62,0,61,18,72,172,-154,79,-8,51,175,20,67,1,5,6,19,0,1,106,365,22,75,2,77,5,128,-61,205,-35,60,-46,55,-105,93,-25,12,-2,1,-93,46,-25,5,-100,18,-126,-17,-120,-61,80,-107,50,-126,0,-129,-15,-30,-1,-3,-45,-89,-69,59,-78,67,-116,141,-46,54,-132,160,-105,65,-40,-31,-4,-4,-15,-11,-58,-44,-81,-342,-150,-114,-54,6,-31,3,-205,75,-35,-3,-25,-2,-53,-4,-49,-24,-64,-32,0,-1,-1,-2,-12,-40,33,-62,48,-211,40,-100,9,-87,-72,-63,-108,10,-23,26,-121,139,-97,37,-23,-18,-92,-75]],[[1040923,8801,10,-5,57,-27,82,-39,111,-24,158,-33,135,-83,84,-126,51,-276,64,-139,89,-64,111,8,143,63,4,4,5,0,368,165,56,39,2,23,-5,16,-17,17,27,12,23,21,21,7,22,-1,13,20,16,-3,9,13,7,-1,6,9,19,35,0,3,4,5,9,16,1,2,1,8,4,1,3,6,-2,10,8,1,5,26,8,6,-6,12,9,24,6,2,2,30,-27,41,-34,21,-4,12,-21,6,-34,-13,-37,-3,-4,-7,-18,-3,-26,-19,-37,-1,-32,-13,-8,15,20,24,0,20,11,21,-4,10,-35,27,-2,10,-6,-1,6,16,-9,2,-4,10,-20,0,-15,-5,-1,-5,-26,6,1,14,-19,3,-2,9,-10,4,1,10,-4,-3,-6,8,-19,-13,-20,-1,-57,15,-47,0,-4,-4,-1,0,-2,4,-38,0,-34,-4,-7,4,-7,0,-16,-18,-17,-3,-25,-28,-24,3,-34,-21,-34,-49,-28,-6,-9,13,13,13,10,28,-1,38,-17,12,-13,-1,-11,-14,-16,-4,-12,-13,-27,4,-1,-6,-10,2,-21,-40,-41,-40,-9,6,3,9,-11,17,17,58,-17,10,-3,23,14,12,16,35,1,14,9,3,4,16,-7,10,-15,22,-8,12,-35,101,-4,7,-50,82,-18,19,-242,258,-38,40,-15,10,-136,91,-135,-37,-51,-158,54,-383,-61,-126,-10,-21]],[[1041882,7645,35,-185,139,-199,89,-49,20,-3,10,12,3,22,10,5,7,-26,13,-9,0,-1,-2,-6,7,-3,148,-18,193,-136,17,-5,-2,30,-59,47,12,12,2,14,-10,40,-17,15,-14,23,1,15,7,4,12,-10,1,-23,35,-1,-1,-16,12,-9,1,-48,12,-21,12,-10,30,-5,4,-25,0,-1,-8,-39,7,-2,2,-1,66,27,34,-30,34,4,12,6,0,4,-8,12,5,15,35,25,37,-2,16,-12,10,0,26,19,27,-15,21,5,26,-9,26,0,-48,90,-3,0,-61,34,-17,24,2,16,-5,4,-5,38,-26,-2,-21,17,-40,5,-5,-13,-13,1,-26,25,-12,21,6,15,-11,-1,-24,26,-2,14,10,17,-4,9,-27,-1,-16,31,-1,15,-9,17,5,12,-23,55,0,26,-26,86,5,35,28,44,26,-9,22,13,21,3,-32,49,0,11,9,12,27,3,2,11,11,4,-5,36,5,11,17,1,4,13,15,-3,29,8,0,2,-25,50,-16,-4,-18,6,-30,-10,-38,6,-17,-21,-1,1,0,-1,-11,32,5,21,-66,-9,-44,-31,-49,-82,-110,-1,-80,22,-8,-2,-34,-26,-49,-11,-7,3,-1,8,32,45,-3,1,-15,-4,-12,9,-10,0,-17,-9,-9,-5,1,-1,-3,-17,11,-40,-5,-10,-30,49,-1,4,-141,-80,-76,-155]],[[1042158,7082,62,-122,278,-288,105,-238,61,-104,110,-68,86,208,-4,3,-3,12,5,6,-5,16,7,24,-155,219,-109,77,6,-28,20,-26,-11,-10,-8,7,-21,2,-18,34,-20,3,-33,20,-18,22,-5,17,-24,3,-13,8,-9,15,-13,-8,-10,3,-69,84,-8,17,-184,92]],[[1042319,10933,9,-177,96,-197,-10,-204,12,-50,491,911,-353,-127,-245,-156]]]
1642548	r	110.1809,-7.0003,110.9772,-5.7253	[[[1101809,-58170,10,-9,-2,-7,14,-11,23,8,6,-9,29,-1,45,27,20,-1,19,15,-15,5,-14,16,-16,34,-18,9,-17,-1,-23,-18,-18,-5,-9,-21,-29,-19,-5,-12]],[[1102317,-57380,42,-30,-9,-23,33,-40,43,-75,25,-26,5,-16,-3,-36,23,5,40,45,24,5,14,18,-1,9,-18,5,-22,29,-10,32,6,8,-12,20,6,6,-11,4,-8,21,4,48,18,3,20,14,-5,21,7,6,-6,1,-8,30,5,13,-21,29,-13,-21,5,-16,-9,-14,-16,-6,-29,2,-25,16,-6,-13,9,-28,-5,-15,-39,-5,-53,-26]],[[1103424,-57997,6,-4,2,7,3,-6,3,7,29,7,8,22,-5,19,-18,9,-1,-11,-23,-16,-4,-24,7,-8,-7,-2]],[[1103532,-58799,24,0,24,39,7,28,-7,7,-27,-16,-11,-23,-10,-35]],[[1104037,-57333,42,-124,19,0,30,43,6,30,-5,24,-30,49,-18,-26,-44,4]],[[1104054,-58950,4,-19,50,34,8,18,5,30,-9,21,5,7,-8,8,-12,-4,-10,-29,-27,-34,-6,-32]],[[1104106,-58401,15,-19,19,-2,31,-12,41,-44,4,-35,50,-102,37,-122,24,-23,-3,-31,-5,-2,6,-2,-5,-10,-2,6,-4,-19,20,13,4,-5,12,9,11,-2,37,-21,-6,-10,6,7,5,-3,-4,-13,11,11,50,-28,26,-35,5,11,-7,15,6,16,5,0,-1,10,-19,39,3,15,-16,24,37,21,75,94,46,22,22,-8,0,13,13,-4,-8,26,8,20,27,32,25,8,17,-2,9,-16,12,-4,6,4,-4,13,9,8,20,-4,-3,20,-34,29,-3,9,11,43,7,3,15,-10,1,5,-26,17,-13,30,1,14,-14,8,-9,23,-11,6,-17,33,14,5,17,-12,76,-18,32,-12,29,-21,7,5,-5,18,-26,28,-3,12,15,35,-6,34,43,17,13,-6,17,4,32,33,11,2,3,9,-10,9,-3,14,-26,18,-18,2,-19,20,0,13,17,30,-22,49,-6,4,-22,-8,-22,25,0,8,-15,10,-23,-6,-29,43,-1,23,13,54,60,65,18,69,25,22,0,5,-35,10,-34,-24,-39,-38,-26,-61,-34,-33,-20,-48,-36,-51,-40,-28,-20,-26,-27,-4,-13,-9,-33,-45,-7,-30,10,-14,-10,-18,2,-9,-7,-1,24,-20,23,1,23,22,15,39,-12,13,14,1,9,13,10,31,-3,26,10,7,6,-3,5,-32,-7,-37,-13,-26,13,-17,17,-10,14,2,16,20,1,19,14,12,11,31,2,-21,17,-11,-36,-41,3,-9,19,-18,32,-5,38,9,12,32,-9,49,-39,64,-14,10,2,9,13,2,40,-43,10,-33,15,-14,4,-15,-5,-19,4,-17,-14,-38,-17,-30,-23,-20,-62,-14,-48,-26,-31,-3,-57,-54,-76,-24,-18,-17,-20,-5,-28,7,-14,-7,-10,7,-23,0,-34,-13,-49,-3,-60,-29,-54,6,-31,-8,-21,-12]],[[1104224,-58878,37,9,8,-8,2,-26,9,-21,31,-3,18,-34,8,-1,5,41,-8,21,-34,33,-5,39,-18,-1,-16,15,-5,-11,10,-24,-42,-29]],[[1105097,-57804,4,-28,14,-15,18,-7,13,7,-2,16,-21,26,-20,7,-6,-6]],[[1105798,-58598,1,-14,52,-54,13,10,-7,40,-5,-2,-28,21,-13,4,-13,-5]],[[1105828,-68134,140,-87,812,-1782,1217,333,7,-18,18,-11,10,-18,1,-70,6,-9,11,-1,32,16,20,23,-3,49,5,33,-32,73,1,48,-38,1,13,10,-4,14,4,6,-4,0,4,26,53,-23,4,11,-10,13,-2,38,23,9,7,34,-11,4,2,12,33,-4,-2,7,23,14,67,-22,-6,-38,7,-1,-1,-10,11,-3,2,0,11,-2,14,0,3,3,36,1,2,10,8,-1,4,20,70,-3,-21,57,66,13,40,43,-1,23,-24,52,-5,38,4,18,39,68,62,85,-28,30,1,25,17,-8,12,7,16,-6,10,7,32,-1,16,17,15,40,91,-23,67,4,22,11,-2,49,-18,73,-15,33,-14,90,3,10,26,11,125,-12,258,0,16,5,4,1,-5,16,6,-15,163,116,100,53,148,56,90,72,60,37,-30,106,1,187,-27,6,-11,8,-1,43,8,57,-33,106,-10,16,-9,0,-11,11,-7,27,13,39,-13,15,0,29,-13,55,11,22,-4,6,19,32,-7,8,-42,11,-53,1,-36,-11,-67,1,-16,20,-8,26,-1,28,17,56,-3,28,-28,48,-29,3,-63,-30,-61,-7,28,27,-5,8,-31,12,-5,17,5,65,-6,8,5,1,3,15,-6,8,7,9,-5,16,10,7,2,29,13,13,14,-1,12,-24,1,-19,8,-11,12,-3,-5,-13,5,-12,20,13,0,10,12,-2,1,10,-14,4,9,12,-6,12,12,6,4,14,-8,12,10,5,-3,9,23,22,0,10,-3,1,-17,8,-6,9,-9,-2,-9,19,6,9,-5,15,11,24,-6,18,9,8,-4,12,-4,4,-3,3,-6,-11,-6,4,-23,35,-8,-1,1,-12,-8,-5,-12,23,-4,42,-12,2,-11,17,9,27,-16,8,2,7,-7,7,2,16,-7,17,6,11,-19,21,-3,21,-9,1,-20,23,-17,5,-9,15,-18,8,-36,75,-25,33,-13,26,-4,71,-17,47,-62,33,-10,20,-21,-18,-17,-5,-4,7,42,38,25,34,-8,9,-30,-3,2,8,8,12,53,24,-6,40,1,5,13,44,15,13,7,4,2,3,6,5,3,6,0,2,9,14,0,2,2,76,11,23,27,22,2,27,-22,81,5,58,18,84,-26,51,12,38,-6,9,-5,44,-13,19,3,36,8,16,-2,28,11,5,6,11,-2,29,13,18,-2,20,11,5,6,21,43,16,-6,21,1,25,-27,34,-7,16,3,19,-32,11,-2,15,-25,12,20,25,-17,16,24,26,-11,62,16,-9,18,71,-8,5,1,57,9,6,12,32,49,-10,98,11,35,32,2,12,14,3,4,37,22,39,15,-1,5,-10,17,0,5,-10,15,6,2,-18,9,15,16,2,9,24,14,0,12,10,9,-3,1,23,15,18,21,6,13,20,0,16,-12,3,44,30,-3,10,-8,-10,-8,6,9,27,21,2,8,-6,20,5,6,11,27,12,2,24,8,-1,-3,-11,28,-5,5,12,-5,20,19,8,-9,20,31,9,10,14,-5,12,-22,13,14,37,-2,27,15,8,-19,11,10,10,-9,6,18,19,-10,13,41,29,-4,20,-15,6,-14,-6,2,19,-17,-4,-5,7,19,8,5,12,-10,7,-13,0,4,19,17,3,23,46,-13,53,1,77,-61,2,-110,-12,-112,7,-78,20,-70,-5,-71,56,-46,-15,-13,5,0,12,-10,8,-8,-15,-24,-8,-88,-4,-46,10,-20,-11,-148,-37,-96,16,-17,-9,-54,0,-51,20,-47,4,-28,-14,-36,-6,-42,7,-13,-8,-25,1,-34,12,1,-10,-13,-3,-8,12,-8,-2,4,-13,-16,6,-130,-122,-79,-49,-46,-14,-16,1,-11,8,-23,-16,-15,-4,-25,6,-25,-5,-32,13,-7,-7,-30,-2,-69,15,-98,-69,-38,-9,-49,-37,-57,-24,-38,-26,-64,-3,-12,4,-5,-6,-4,4,-45,-13,-23,14,-29,-3,-13,-9,-27,5,-23,-30,-24,7,-64,-25,-63,-51,-9,-22,-30,-29,-12,-78,12,-14,-2,-12,-29,-47,-32,-27,-16,-1,-13,12,-19,-5,-27,-46,-14,-5,-31,-37,-6,-18,-12,-5,3,-4,-20,1,-22,-16,-1,-34,18,-34,0,-13,-68,-13,-3,2,-43,9,-37,-1,-45,-22,9,-11,-18,-3,14,-30,-2,-2,-13,-2,-30,10,-3,11,-24,-12,-8,2,4,8,-8,-10,-2,-13,11,-5,12,-49,26,-23,10,5,42,-19,9,8,17,-7,6,3,47,-95,-24,-87,-23,-33,-28,-18,-30,-5,-15,5,-15,24,-30,8,-4,-11,8,-71,-15,-20,-25,-21,-19,-8,-23,2,-11,12,-6,-2,-2,-33,-15,-26,-8,-34,-26,-9,-42,12,-23,-33,1,-10,10,0,6,-13,3,6,15,-12,3,8,17,-4,16,-16,-5,-9,33,-25,7,5,14,-30,33,-18,21,-52,-25,-62,-46,-47,-31,-11,-33,0,-17,18,-15,7,-13,-18,1,-23,34,-30,-1,-18,5,14,61,-16,12,-15,7,-31,-7,-2,-5,-21,4,-30,-4,-35,-22,-50,-62,-74,-45,-2,-17,10,-15,-14,4,-51,-10,-72,24,-28,4,-44,7,-10,23,-12,12,-40,14,0,9,-20,2,-13,-24,-80,-31,-88,-80,-130,5,-4,-5,-15,-55,-93,-56,-73,-2,-11,-64,-65,4,-8,-5,-18,-19,-23,1,-11,-22,-22,-27,-13,2,-11,-16,-4,-57,-51,-85,-51,45,-20,26,24,40,-2,13,40,32,3,19,35,42,6,33,38,21,8,8,16,-3,14,-27,16,-4,9,59,-28,98,-13,-510,-1032]],[[1105985,-58635,1,-16,19,-18,18,12,10,17,8,1,-3,12,11,23,3,41,19,36,13,53,-12,44,-10,12,-11,2,-19,25,-10,-15,-9,-43,-1,-59,-11,-9,9,-12,-13,-11,19,-14,-4,-5,-11,2,-2,-13,7,-19,-9,-2,-6,-14,4,-3,-9,-10,-1,-17]],[[1106249,-65749,5,-9,44,-23,14,5,-14,36,-39,5,-10,-14]]]
1631761	r	101.0269,0.1041,101.8531,0.8715	[[[1010269,5200,8,-272,27,-271,44,-268,61,-265,79,-261,95,-255,112,-248,127,-240,143,-231,157,-221,172,-210,185,-199,197,-186,209,-173,220,-158,229,-144,239,-128,246,-113,253,-96,259,-79,263,-61,267,-45,269,-26,270,-9,270,9,269,26,267,45,263,61,259,79,253,96,246,113,239,128,229,144,220,158,209,173,197,186,185,199,172,210,157,221,143,231,127,240,112,248,95,255,79,261,61,265,44,268,27,271,8,272,-8,272,-27,271,-44,268,-61,265,-79,261,-95,255,-112,248,-127,240,-143,231,-157,221,-172,210,-185,199,-197,186,-209,173,-220,158,-90,57,-5882,-1622,-28,-53,-112,-248,-95,-255,-79,-261,-61,-265,-44,-268,-27,-271,-8,-272]]]
1624917	r	104.9111,-5.7744,105.6089,-5.2226	[[[1049111,-54300,7,-229,23,-227,37,-226,52,-223,66,-219,80,-214,95,-209,107,-202,121,-194,133,-186,145,-177,156,-167,166,-156,177,-146,185,-133,194,-121,202,-108,208,-94,213,-81,219,-66,222,-52,87,-14,16,7,131,147,-131,54,-242,32,-199,75,-33,161,207,112,264,88,144,88,-26,50,-70,61,-75,80,-34,110,0,276,-60,230,-96,204,-2,164,222,116,168,-59,118,-15,54,43,26,31,91,276,-8,38,99,202,-99,357,13,-3,21,-11,32,9,-16,36,9,9,-14,40,7,20,-17,1,-2,17,2,12,29,2,-9,17,10,29,12,5,-4,12,9,8,9,-2,4,13,17,-5,35,25,36,-19,6,8,10,-18,-4,11,8,3,5,40,15,17,-32,11,-8,-11,-5,8,15,10,12,-10,19,7,-4,7,9,4,15,26,54,13,38,1,10,-2,-15,-2,4,-14,23,1,2,17,5,3,271,-189,54,-75,-3,-5,3,4,10,-14,-15,-8,5,-17,-8,-13,13,-8,6,8,18,-6,21,-32,-8,-6,4,-6,20,-1,10,-23,8,-2,2,-16,-28,-1,-2,-5,11,-10,12,1,1,-10,10,0,-3,-33,-12,-4,7,-17,-3,-28,12,-35,16,-17,18,-7,11,10,6,-3,2,-13,0,7,9,-9,17,2,1,5,16,-6,29,-43,16,-6,19,-23,6,3,3,-4,-6,-8,8,6,4,-4,-6,-7,5,-9,15,0,15,-24,14,3,290,-408,222,-236,515,-422,339,-354,103,-56,68,-26,66,-57,23,-15,127,137,145,177,133,186,121,194,107,202,95,209,80,214,66,219,52,223,37,226,23,227,7,229,-7,229,-23,227,-37,226,-52,223,-66,219,-1,2,-6110,948,-94,-131,-121,-194,-107,-202,-95,-209,-80,-214,-66,-219,-52,-223,-37,-226,-23,-227,-7,-229]]]
1648473	r	106.4021,-6.9695,107.0211,-6.448	[[[1064021,-66265,7,-32,58,-192,71,-189,83,-183,95,-178,11,-17,949,-321,309,107,-22,-89,-33,-219,-3,-71,1881,-2046,1576,1676,643,335,-1,5,-2,17,15,30,3,53,21,35,49,28,19,24,21,7,11,14,45,4,23,20,16,45,-4,62,11,19,11,42,-19,76,18,16,21,39,0,42,10,19,5,32,25,5,43,24,22,49,-10,21,-1,22,13,13,7,23,21,13,-21,42,-19,7,-63,72,0,32,-15,43,4,11,14,-3,26,14,19,-8,34,14,34,-11,17,1,20,21,21,3,30,-20,71,204,-963,260,-809,724,-546,295,-9,36,-46,-3,-11,3,-105,57,-58,123,-2129,488,-957,-475,-557,-1310]]]
1633419	n	100.257,-1.1698,100.5678,-0.7239	[[[1002570,-7698,444,-465,265,-425,161,-500,90,-683,269,-533,111,-112,219,24,35,-86,13,-84,-13,-84,-35,-87,-101,47,-109,15,-109,-15,-97,-47,120,-235,16,-71,-18,-75,-43,-38,-46,-24,-29,-34,-33,-127,-19,-168,40,-104,148,57,166,-146,137,34,208,75,199,95,189,114,177,132,163,149,148,165,132,178,113,190,94,201,74,209,29,117,-1269,2604,-49,24,-208,75,-214,54,-218,32,-220,11,-220,-11,-79,-12,-631,-436]]]
1636722	r	112.326,-8.3561,112.9136,-7.6528	[[[1123260,-79477,507,-788,-146,-1935,78,-166,115,-190,132,-178,150,-165,165,-149,179,-132,191,-114,201,-95,209,-75,216,-54,221,-32,222,-11,222,11,221,32,216,54,209,75,201,95,191,114,179,132,165,149,150,165,132,178,115,190,95,201,75,209,54,215,33,219,9,191,725,-288,109,153,104,166,93,173,81,179,47,124,-4,4,-64,4,-21,65,-27,31,-2,21,7,121,40,32,36,42,-3,12,-567,250,64,86,115,190,95,201,75,209,54,215,5,36,-1,1,66,139,75,209,54,215,13,84,-1047,1204,-1647,925,-816,-90,-226,67,-1192,-296,1,0,10,-4,21,-49,-1,-25,21,-13,6,-22,37,-32,4,-35,10,-3,6,-28,8,-7,-5,-9,4,-14,-6,-30,3,-25,21,-24,-7,-11,11,-21,-1,-15,10,-9,-4,-20,13,-18,-2,-9,17,-14,-3,-39,47,-32,19,-36,7,-1,22,-27,4,-20,-19,-10,21,-63,2,-21,-17,-58,9,-17,0,-41,32,-24,-9,-32,13,-8,2,-16,43,-62,-34,0,-51,24,-40,-2,-23,18,-32,62,-19,19,-10,-18,-45,-27,-27,4,-55,42,-29,-4,-33,-14,-16,-31,-20,3,-57,-29,-51,-13,-39,-4,-19,5,-26,27,-54,6,-31,38,-37,9,-550,-1801]]]
1629001	r	116.7455,-0.8061,117.6015,-0.0445	[[[1167455,-2872,1921,-1271,-64,-58,-148,-165,-131,-178,-114,-190,-94,-201,-74,-209,-54,-215,-32,-219,-11,-222,11,-222,32,-219,54,-215,74,-209,94,-201,114,-190,131,-178,148,-165,163,-149,177,-132,189,-114,200,-95,207,-75,214,-54,218,-32,220,-11,220,11,218,32,214,54,207,75,200,95,189,114,177,132,163,149,148,165,131,178,114,190,94,201,40,114,1937,-1282,133,163,172,242,152,246,-202,54,-209,32,-113,31,-56,69,30,68,139,32,277,-43,118,-6,120,49,-114,151,63,89,137,73,119,102,41,181,-107,72,-181,31,-168,58,0,68,58,41,69,23,309,16,46,22,22,40,128,183,10,38,33,203,12,291,-95,104,-350,83,36,123,124,54,310,78,-6,170,-29,296,-13,83,-7,-3,-1211,-864,-335,-162,0,74,108,161,102,218,41,226,-80,184,-10,119,100,154,216,242,49,147,31,224,-17,165,-95,-21,-113,56,-168,221,-157,263,-82,181,10,205,-218,115,-1912,1010,-1,1,-1632,862,-256,-60,-283,-87,-276,-105,-270,-123,-261,-140,-251,-157,-240,-174,-229,-188,-215,-204,-203,-217,-187,-230,-172,-242,-157,-253,-131,-247]]]
1624647	r	107.9886,-7.68,108.6381,-7.083	[[[1079886,-75929,3,-3,177,-145,187,-133,194,-121,203,-108,209,-95,214,-80,220,-67,223,-52,226,-37,229,-23,229,-7,229,7,229,23,192,32,0,632,87,-20,186,-31,188,-18,189,-6,189,6,188,18,186,31,184,43,181,55,176,66,172,78,167,89,160,99,154,110,146,120,137,129,129,137,120,146,110,153,100,160,89,167,78,171,66,177,55,180,43,184,31,186,18,188,2,60,-12,7,-37,-16,-98,-25,-17,0,-32,14,-11,-16,20,-30,-10,-11,-11,-2,-20,10,7,26,-12,27,-26,5,-58,-24,-62,-42,-18,-1,-44,33,-13,-9,-7,1,0,31,-20,8,-19,-6,-18,-36,-28,-11,1,24,-37,69,-11,8,-33,-2,2,50,-44,24,-33,0,-46,-30,-26,1,-11,6,-4,80,12,34,-8,22,3,7,34,14,6,13,-41,50,38,4,4,22,19,25,-56,70,-6,23,2,53,-26,21,-15,25,69,71,25,9,17,15,16,58,13,16,-8,18,1,18,19,11,-2,19,-21,29,32,35,7,32,15,15,23,2,9,-20,11,-5,29,18,3,10,-15,13,-1,10,35,76,20,6,-8,19,-14,9,-26,3,-6,12,7,31,33,44,-5,26,4,27,-17,17,12,12,16,40,-6,8,-29,6,-4,9,-2963,1092,-291,215,-1303,26,-17,-64,-3,-27,-3,-7,-4,-1,-11,-44,2,-9,39,-33,1,-6,-35,-127,-12,14,-9,26,-19,13,-1299,-4834]]]
1627549	r	105.0999,-7.0162,106.4493,-5.7488	[[[1050999,-66136,2,-29,17,-39,22,-8,-6,38,15,31,-15,13,8,7,14,1,21,21,43,-4,5,4,45,-26,3,-26,-5,-22,17,-8,16,-127,120,41,434,438,22,-73,-4,-6,-15,-57,-10,-14,1,-15,76,-66,1,-4,-6,-32,7,-11,32,-21,6,2,35,-51,46,-21,6,-11,-30,-93,-16,-103,-81,-96,-47,-27,-47,-17,-13,-13,-11,-28,-5,-29,4,-18,28,-34,6,-20,59,-32,33,-79,24,16,-9,17,12,28,62,-49,118,55,185,240,175,53,161,158,78,358,18,391,-9,165,8,5,9,13,14,54,-5,42,-15,22,-48,18,-15,-17,-38,-7,-35,-17,-3,-19,-99,-10,-84,-34,-9,-16,-4,0,-27,25,-84,10,-36,-29,-14,-2,-24,-27,-7,-37,4,-6,-94,-52,-1,-1,-43,10,-18,28,-75,2,-9,12,-28,5,-5,13,-14,-5,-1,-26,-33,-29,-92,-50,-37,-8,-7,-13,-9,2,-18,-10,-13,-15,1,-25,-14,-12,-5,-17,-21,-17,-22,0,-8,-32,-40,-20,-8,-14,-103,-43,-59,-50,-16,-1,-7,-28,-45,-43,-23,6,-1,-29,-18,-19,-26,-10,-7,12,-8,0,-6,-32,-70,-76,-26,-48,-32,-18,-68,-68,-7,-15]],[[1052096,-67622,7,-20,19,20,18,-1,40,-19,13,-12,-25,-67,54,-64,98,-65,-2,-16,6,-30,18,-16,26,-9,6,-29,13,-14,6,-21,2,-11,-34,-30,22,-11,1,-41,13,-38,-10,-26,-10,-12,-18,-3,-4,-14,23,2,12,-5,18,-28,19,-11,15,-34,-20,-29,-14,-5,-4,-25,-16,-6,12,-2,0,-8,5,0,-3,-28,-25,-11,8,-5,23,6,-4,-27,6,-9,8,1,-4,-6,8,1,5,13,6,-14,11,7,19,-11,28,16,8,20,13,-1,30,-33,9,-1,10,-20,60,-22,4,-19,6,-1,2,7,9,5,105,-40,90,25,75,59,52,77,47,192,97,37,453,-25,419,-166,51,-26,58,-60,24,-39,-15,-15,-7,-41,22,-44,23,-15,33,-5,32,-29,96,42,91,67,34,35,124,-19,6,-9,53,-36,11,-19,19,-3,13,-11,23,-32,36,-24,21,-6,26,-46,34,-18,36,2,17,-10,20,-19,19,10,11,-1,40,21,10,14,36,19,32,-3,342,-108,12,9,12,-7,6,-21,102,66,108,89,47,19,56,8,31,-2,90,25,120,3,25,24,21,-4,26,11,4,9,17,7,0,4,391,49,9,0,57,6,75,-8,20,-14,12,8,22,2,58,33,6,6,266,33,134,4,74,-10,131,-21,273,-53,181,-51,5,-6,17,6,165,42,307,67,314,9,191,34,13,-21,5,0,90,-109,138,45,34,137,174,55,206,30,200,34,191,-1,263,-38,1028,2859,167,-124,190,-114,200,-95,209,-75,215,-54,220,-32,221,-11,221,11,220,32,215,54,209,75,200,95,190,114,179,132,164,149,149,165,132,178,114,190,0,1,-137,470,-673,1446,-1072,602,119,2718,-165,13,-250,-254,-220,-313,-335,-156,-150,39,-18,5,-305,192,-108,43,-63,108,-45,643,-219,254,-325,45,-130,-49,0,1,-1,35,15,31,-1,35,-3,-24,-12,-11,-13,-45,-33,24,19,-19,-10,-14,-52,4,7,-3,0,-8,-20,-12,-7,16,36,41,-40,-40,8,-17,-10,-8,9,-17,-11,-3,-14,11,2,-9,-15,9,-37,-23,-7,-25,-7,-2,-1,-1,-4,24,-36,-33,15,-18,0,-1,-15,6,-3,-9,4,7,11,-6,-1,-2,-6,2,-4,-5,6,-2,-63,-67,-14,-2,-10,-12,3,-8,-37,-40,-2,0,-31,-32,1,-3,-41,-43,-13,-45,-1,-1,-16,15,-25,-21,21,-23,8,0,2,-8,-7,-21,-6,-9,3,-2,-165,-543,-105,-94,-98,-58,-691,-719,-207,-395,-276,-820,-32,-163,-40,-203,-10,-143,-29,16,-27,-6,3,-9,-5,-4,5,-6,-9,2,13,-9,4,-51,15,-57,12,-15,-12,-9,6,-25,-14,-41,2,-25,6,-9,14,-6,-2,-33,-16,-13,-8,-21,-9,3,-3,-5,4,-4,-8,-25,2,-36,3,-12,7,-4,-6,-40,10,-29,12,-7,-30,-463,-19,-79,-2,-25,11,-27,-3,-24,-10,-12,-13,-44,6,-10,-11,2,11,-6,-16,2,-13,-9,4,-36,-6,-55,4,-15,19,-4,9,-16,-1,-20,5,-5,0,-5,-5,-13,-35,-33,-2,-16,6,-9,31,-2,-7,-122,-19,-14,-7,-13,8,-14,15,8,-1,-22,24,-293,-15,-55,6,-8,5,0,-1,-4,-3,-1,-16,-11,-34,-81,-25,-92,-72,-157,1,-14,-6,0,-57,-99,-47,-67,1,-23,-26,1,-23,-22,-99,-136,-22,-11,-79,-68,-4,-11,-4,-2,-17,-7,-6,5,-75,-33,-94,-17,-4,-10,-1,9,-56,12,-10,8,-105,-16,-20,44,3,-17,-6,-14,23,-42,-28,-29,-65,-38,-60,-14,-49,-3,-1,4,-22,0,-36,15,4,3,-7,30,-34,1,-2,1,-9,10,-2,6,-4,1,-43,48,-169,93,-38,312,5,10,-1,17,-8,7,-2,20,-39,3,-20,17,-33,14,-27,-1,0,-24,-97,7,-123,-90,-249,-502,21,-202,-23,-19,-26,-42,-2,-24,9,-46,-12,-42,11,-49,17,-19,-3,13,12,14,7,-5,-5,-18,-5,3,-2,-5,26,-19,13,-47,17,-4,5,-54,-21,-75,-26,-28,-29,-14,7,-19,-8,-93,8,-41,-34,-65,-78,-132,-104,-133,-36,-24,-25,-2,-27,-14,-29,-27,-24,-2,-25,-18,-85,10,-25,-12,-11,-28,10,-28,60,3,8,-13,-15,-33,-7,-52,-27,-32,1,-17,11,3,-1,8,6,0,1,-8,-10,-3,8,-13,-8,-16,-35,-21,-34,13,-11,12,-13,-3,-14,-40,7,-22,-39,-57,-21,-15,-6,-28,-40,-9,-18,-21,6,-4,-24,-14,-50,6,-2,-28,-10,-16,-85,-74,-36,-23,-44,-57,-64,-40,-54,-11,-46,-28,-16,-18,3,-71,11,-19,27,-16,12,-19,3,-136,-21,-26,-42,-33,-9,-17,-9,-1,-21,-50,3,-28,27,-20,-5,-10,4,-19,-17,-41,-27,-38,4,-43,-12,-34,-40,-54,-52,-42,-57,-32,-36,-7,-16,-14,4,-29,12,-17,-100,-37,-176,71,-129,147,-53,157,4,17,-8,12,-12,-2,-21,36,2,7,-8,3,-10,16,1,21,-14,0,-40,66,3,2,-16,20,-32,54,42,-11,17,10,-28,45,-24,9,-18,-8,-5,-19,-71,117,-12,101,4,104,-26,124,-68,110,-116,136,-10,8,-10,29,-30,5,-77,65,-2,5,-2,50,-22,68,7,17,-1,24,-47,78,-14,-2,-11,-20,-27,-26,-5,-19,-22,-21,-59,-15,-10,3,-43,-23,-67,-21,-42,-2,-28,-32,-24,-2,-36,-23,-31,-5,-22,-17,-17,-25,-6,-46,5,-18,42,-43,2,-24,-11,-13,1,-27,-10,-14,6,-15,32,-25,-5,-18,-54,-34,-23,-41,-12,-42,-17,-18,-20,6,-17,-2,-21,-16,-7,-13,-62,-43,-33,-15,-46,-8,-28,-30,-55,-43,-19,-8,-61,-69,-35,-17,-33,-61,-63,-55,-6,-36,-19,-23,-22,-69,-16,-16,-44,-13,-78,26,-23,3,-18,-7,-20,2,-106,21,-46,22,-49,41,-7,22,-15,11,-107,27,4,-17,-15,-4,8,-26,-7,-5,-4,-15,22,-26,7,-32,-5,-21,-21,-3,-13,-17]],[[1052471,-67310,19,-83,-13,-89,29,-30,26,-11,53,15,13,23,32,25,12,1,33,64,3,25,-42,78,-19,5,-78,1,-60,29,-8,-4,0,-49]],[[1054284,-67532,13,-9,6,-18,13,-13,26,-2,11,8,0,11,-44,36,-8,22,-15,1,4,-21,-6,-15]],[[1055200,-70068,6,-20,5,0,-2,-6,31,-32,23,-7,62,-7,0,-5,196,-17,111,1,58,29,13,34,-5,28,-9,13,-36,13,0,8,-6,-3,0,5,-10,3,-5,13,-23,13,-6,10,-46,14,-23,18,-42,13,-69,-5,-26,-11,-8,4,0,-5,-72,-21,3,-5,-29,-14,-46,4,0,-5,-29,-3,-5,-16,-5,0,3,-7,-5,0,-4,-34]],[[1057189,-64894,27,-29,17,-11,17,1,9,-3,-4,23,-65,32,-1,-13]],[[1057197,-58647,2,-224,98,-96,39,64,308,341,182,277,110,329,72,468,-60,-56,-162,-173,-150,-183,-137,-192,-125,-201,-112,-208,-65,-146]],[[1057659,-69690,1,-21,17,-19,15,-8,29,0,451,171,30,27,2,31,-22,9,-28,-2,-11,3,-2,11,-13,1,-18,-16,-85,-20,-36,-16,-88,-54,-67,-7,0,-5,-15,0,0,-5,-13,-1,-36,-22,-3,7,-46,-7,-13,-16,-39,-10,-6,-13,1,-18,-5,0]],[[1058046,-63950,3,-17,15,-17,30,-8,19,32,-13,10,-4,13,-18,6,-32,-19]]]
1650527	r	116.3491,-1.6355,117.153,-0.983	[[[1163491,-12871,4,-146,31,-316,52,-312,71,-309,92,-304,111,-297,130,-288,148,-280,167,-270,183,-257,200,-245,215,-232,230,-217,14,-11,39,11,224,117,173,165,70,228,-33,197,-76,123,-90,109,-75,149,21,444,284,347,421,259,1093,434,208,29,226,90,50,210,-44,458,36,108,125,138,98,194,20,54,0,52,-31,45,-46,18,-41,12,-17,24,-413,130,19,60,114,121,45,94,37,51,-5,62,-77,133,-274,298,-3729,-1480]],[[1167288,-11018,10,-32,22,-9,1,-20,6,-5,19,8,11,-19,5,9,23,8,52,10,29,11,42,-14,6,-11,-3,-7,-34,14,-21,1,-11,-6,13,-61,29,-11,45,1,35,-48,7,-22,29,-14,2,-3,-22,-8,230,-271,4,-19,-4,-30,6,-16,-12,-19,6,1,9,-22,8,2,30,-37,0,-35,15,-29,-4,-13,7,-10,-12,-25,7,-15,-19,-54,3,-41,-21,-64,2,-30,15,-15,7,-34,15,-13,-40,-90,46,-13,39,-1,12,-9,1,-14,33,7,5,-17,11,20,10,2,-2,14,11,22,12,10,13,24,7,30,3,5,16,23,14,10,-8,7,13,18,10,2,28,-13,14,30,16,-3,9,-20,36,-4,7,-11,-18,-6,-1,-7,-10,1,0,-9,-7,7,-29,-10,-8,-24,3,-45,-15,-10,12,-1,-5,-10,10,4,22,-3,7,-13,-6,-7,2,-26,8,-4,28,8,5,-25,-6,-9,-3,6,-8,2,-41,-3,-5,-7,-24,-4,3,-9,-14,-2,-7,-13,14,-5,-14,-4,2,-8,11,1,-12,-6,1,-7,14,3,-3,-8,10,2,-9,-5,8,-3,-3,-6,13,1,-3,-16,-16,-4,1,-5,15,5,-12,-5,10,-5,-9,-3,2,-5,16,1,-17,-7,7,-25,20,-16,-5,-14,4,-2,17,21,-13,-17,6,-4,8,8,-15,-24,23,26,6,-20,14,-2,0,-9,-5,1,-12,-9,-5,-23,3,-98,-9,-8,-3,-23,6,-1,-4,-18,14,-16,-10,-3,9,-3,-1,-8,-29,-34,-10,-37,-36,-29,-7,4,-20,-23,-3,-14,7,10,-4,-13,5,-13,32,-24,8,-19,-7,-4,6,-12,8,1,2,-15,120,23,5,-8,15,3,-1,8,70,14,56,1,3,-18,29,0,1,9,19,3,-1,9,116,32,86,-21,48,8,59,-3,74,27,11,-26,20,-5,217,91,16,24,-5,18,75,6,110,52,104,58,-2,4,64,42,64,51,94,22,257,102,244,133,159,135,59,187,33,248,63,216,260,160,878,1246,-380,142,-2114,-840,2,22,-20,15,-30,11,-24,-16,-23,15,-6,17,-52,18,-24,-5,-12,-13,-15,1,-12,27,-17,13,-68,-10,-13,7,-57,-19,-39,6,-22,-6,-17,13,-17,28,-32,12,-31,-5,-36,13,-8,42,-10,12,-47,-11,-14,5,-1,22,-22,51,11,29,14,-2,8,6,-2,18,8,22,-15,27,0,15,25,11,14,70,85,51,-11,11,-52,13,-35,-5,-40,-21,-15,0,-47,-28,-9,-17,-15,0,-15,-10,-13,10,-21,-12,-9,-16,2,-7,-28,-12,-6,-20,-10,-8,-10,-21,-36,-27,-3,-24,-19,-17,8,-24,-9,-20,-69,-16,-5,-6,1,-23,-11,-4,-8,-24,-16,-6,-10,-14,-16,9,-18,-4,-49,20,-22,-6,-35,27,-18,6,-2,23,-8,5,-11,-4,-10,-16,-21,-9,-21,-21,-25,-8,-6,-13,4,-36,-25,-23,-10,-48,-20,-16,-8,-30,-31,-32,-4,-32,-37,2,-7,-17,-9,-4,-43,11,-18,-10,-30,10,-27,2,-12,10,-49,-7,-6,-16,-9,-8,-32,-117,-27,-45,-24,-15,-9,-46,-23,-54]]]
1630789	r	109.092,-0.328,109.6259,0.268	[[[1090920,-2067,33,-46,123,-151,132,-142,141,-133,150,-124,157,-114,165,-103,170,-91,177,-81,181,-69,185,-56,189,-44,191,-32,193,-19,193,-7,193,7,193,19,191,32,189,44,185,56,181,69,177,81,170,91,165,103,157,114,150,124,141,133,132,142,123,151,113,158,102,166,91,172,80,177,69,183,56,186,44,190,31,192,19,194,7,195,-7,195,-19,194,-31,192,-44,190,-56,186,-69,183,-80,177,-91,172,-102,166,-113,158,-123,151,-132,142,-141,133,-150,124,-157,114,-165,103,-170,91,-177,81,-181,69,-185,56,-189,44,-191,32,-193,19,-193,7,-193,-7,-193,-19,-191,-32,-189,-44,-185,-56,-181,-69,-177,-81,-170,-91,-165,-103,-157,-114,-150,-124,-57,-54,376,-762,101,-47,598,-503,438,-298,127,-109,-17,-50,-940,119,-254,107,-111,-3,-45,-138,9,-294,30,-144,193,-318,72,-267,37,-551,-21,-400,21,-114,80,-122,202,-207,60,-156,-63,0,-168,144,-257,108,-293,67,-280,22,-267,-36]]]
1626801	r	113.611,-7.993,114.4672,-7.6042	[[[1136110,-79496,7,-16,30,-19,58,9,18,-2,2,-12,-13,-15,-54,-17,-3,-10,11,-9,48,-12,24,-16,31,18,26,34,23,8,13,25,31,20,9,14,33,14,38,5,13,11,29,11,31,38,40,12,26,19,23,1,13,69,0,30,-8,22,20,48,40,14,40,-1,24,14,6,15,34,15,3,15,18,18,54,23,26,33,17,39,43,13,10,13,14,-5,41,16,33,69,32,29,7,42,65,21,22,21,20,-1,8,9,24,1,15,13,-10,25,-6,42,29,25,4,38,28,53,6,30,-15,34,29,59,10,27,5,17,1,16,-3,10,3,20,-1071,-709,28,-67,-7,-64,-8,-19,-15,-12,-34,-8,-24,-41,-5,-32,16,-24,1,-19,-36,-29,-8,-23,-32,-43,-1,-12]],[[1137871,-78020,6,-9,57,1,24,-25,30,-12,11,-13,14,-83,28,-5,50,35,70,-2,29,18,24,5,31,0,19,-14,30,-8,65,5,10,4,42,43,20,46,43,37,21,41,37,12,113,11,42,-33,36,-9,12,5,10,18,12,1,0,33,6,7,19,-2,24,-30,6,1,2,-21,15,-8,11,4,25,-12,31,11,29,-17,42,2,10,-17,19,-1,-3,-16,34,-7,13,-12,3,15,10,5,7,15,-12,13,8,18,-1,14,19,13,95,18,13,37,41,-2,27,-12,37,-4,11,-21,20,5,10,-12,40,17,-8,16,18,40,-12,25,12,10,-14,26,-7,36,21,-2,31,11,22,26,30,15,47,62,45,-31,5,3,39,-35,4,5,21,-4,1,-11,8,-10,29,8,18,-20,161,-43,17,-15,19,2,-2,-9,30,9,12,22,54,30,30,30,2,14,11,5,36,68,11,64,6,2,7,-29,22,-22,25,-7,29,16,48,8,105,0,2,16,10,7,23,-6,18,-14,51,4,37,11,54,-1,8,-4,3,-18,29,16,39,3,44,-7,17,30,39,-14,10,-9,3,-16,27,-13,8,-14,-1,-17,6,-1,4,-22,14,-9,1,-17,26,0,21,-10,-1,-29,-14,-36,-10,-6,-14,-29,-6,-25,8,-5,21,-50,16,-7,12,-61,20,-5,43,-33,15,-34,1,-27,9,-6,-5,-71,-7,-4,-3,-16,11,-12,-4,-18,12,-9,2,-21,-10,-15,2,-17,13,-9,-3,-11,12,-19,8,-21,-5,-4,23,-47,16,-52,-6,-4,3,-7,-12,-1,7,-25,-16,-9,5,-31,-9,-34,11,-32,-5,-22,5,-11,-2,-9,-9,-3,-9,-29,4,-13,12,-10,-12,-24,10,-20,-1,-21,7,-14,-12,-14,-2,-15,11,-11,-4,-17,10,-26,-3,-9,22,-10,7,-23,18,-23,2,-17,21,-13,13,-22,5,-67,41,-51,7,-17,36,-36,-6,-6,10,-17,0,-36,8,-24,-6,-32,20,-33,5,-64,-5,-18,19,-34,-14,-18,1,-7,-9,-5,10,-26,-9,-5,27,-57,4,-13,-7,-6,10,-11,2,-33,19,-33,18,-14,0,-14,7,-2,19,-31,3,-43,10,-18,-7,-23,27,-20,12,-21,-16,-21,-4,-54,20,-33,-3,-62,40,36,4,11,30,25,18,4,17,23,27,17,18,4,23,16,17,2,30,20,32,5,18,11,82,26,30,26,71,5,12,5,111,-20,27,4,28,-4,35,-13,45,-31,45,4,28,-17,53,-7,73,-41,24,-32,29,-16,9,40,33,35,3,31,12,15,6,24,23,18,46,90,31,12,25,57,29,40,4,26,22,40,11,45,43,53,50,29,30,26,15,28,78,62,0,47,20,15,29,7,22,33,-1,28,45,58,3,36,20,17,33,13,17,25,18,7,13,21,15,-2,13,6,16,19,10,1,8,8,24,0,19,10,13,-6,16,0,2,-2,4,-8,21,-17,23,-6,-5,-12,29,-13,37,-40,57,-20,2,-20,64,-27,6,-22,22,-15,0,-14,17,5,50,-12,10,17,7,-14,20,-2,11,-14,1,-25,36,6,8,-15,16,-1,12,-13,46,1,12,8,44,-17,35,-37,73,-5,8,-16,8,4,43,-11,25,-21,29,-6,29,-20,13,-5,5,4,17,-11,62,1,23,-17,22,-43,28,-15,27,-30,48,-12,14,-15,15,5,-9,12,3,10,9,-8,15,19,32,5,5,13,49,-18,-37,106,8,49,20,38,47,36,82,36,10,13,18,50,30,32,37,23,156,66,18,14,7,22,5,26,-8,23,2,23,-22,46,3,66,-16,46,-18,5,-1,-9,-14,22,23,33,22,12,24,1,5,27,-11,17,-13,6,-3,18,-11,6,-20,0,2,17,-13,8,3,11,15,1,4,11,10,5,-1,10,21,23,2,26,11,25,16,16,10,-4,3,7,-4,9,-10,-3,-12,8,-8,15,2,26,12,4,-5,42,-41,63,-10,33,-19,12,3,35,-18,-1,-15,14,-12,25,8,7,-27,44,6,-18,-20,-9,-12,-17,-12,8,-2,18,10,13,-5,17,-16,12,-14,-3,-23,22,37,24,-5,6,-37,20,-1,3,-2,-1,-11,6,-22,24,-20,3,0,-4,-296,162,-11,19,-20,14,-10,0,-141,120,-78,39,-21,2,-14,16,-3,-5,11,-10,-43,3,0,13,7,-6,10,7,-3,11,-16,-9,-20,14,-34,4,-29,13,-17,-5,25,-40,-128,-6,-24,3,-24,-4,0,-2,-13,0,-130,11,-93,29,-151,96,-365,352,-150,51,-124,-16,-7,10,-32,24,-31,10,-37,-9,-95,-77,-261,-69,-35,35,-34,15,-15,-3,-4,-16,-23,-17,-28,-12,-20,-2,-24,10,-13,-4,-16,6,-16,-32,7,15,-56,1,-318,126,-234,203,-397,498,-259,153,-49,67,-27,23,-30,15,-58,8,-17,-12,-108,-97,-21,-21,-43,-9,-376,-317,-58,-14,-36,-39,-14,-38,-220,-185,-1,8,-15,11,-42,-16,-17,-28,-12,-7,1,-6,-66,-27,-211,-22,-233,31,-165,50,-149,10,-24,-13,4,-63,46,-710,-702,-464]],[[1137996,-77201,16,-14,-12,-11,0,-2,39,10,127,112,206,245,8,4,-59,-21,-12,-8,-43,-69,-61,-11,-36,-27,-4,-26,-56,-97,-45,-57,-33,-30,-19,-11,-10,15,-6,-2]]]
1645528	r	114.8353,-8.8519,115.7142,-8.1576	[[[1148353,-84239,917,-436,261,-176,695,-638,355,-218,186,-144,80,-153,54,-144,12,-13,121,-136,284,-223,80,-34,89,-27,74,-39,163,-345,45,-69,94,-189,-44,-241,-112,-223,-115,-135,-443,-212,-207,-151,8,-152,185,-117,210,-54,229,-10,235,13,142,34,181,72,158,96,65,105,25,476,-56,182,-180,-78,91,-162,45,-42,-74,-68,-153,195,-22,225,45,90,3,0,-17,-80,56,-7,-12,21,14,-2,17,72,-10,6,2,8,8,-1,13,20,24,15,16,21,-18,17,-33,7,-30,-101,-26,4,-1,11,29,59,4,-4,1,-14,8,9,9,38,43,17,29,-5,36,17,12,-13,14,-2,5,8,-28,22,73,29,222,62,39,40,59,39,10,33,41,42,220,404,318,350,70,46,344,223,612,220,82,-1,-5,1,3,11,12,0,0,-8,1,13,9,4,123,23,57,58,454,164,172,140,70,231,107,48,711,54,107,87,244,262,186,107,322,260,102,104,133,439,-231,308,-386,259,-333,297,-541,672,-298,270,-328,220,-359,150,-851,-624,-24,-153,-137,51,-40,12,-1841,-822,-420,44,-2848,-754,-8,-12,-57,-120,-87,-285]],[[1154271,-86833,7,-22,7,2,-1,-12,8,-2,-13,-20,20,-7,-7,-18,11,2,12,-13,18,13,14,-19,26,-17,11,8,51,-6,73,6,49,53,46,21,1,14,13,8,1,8,35,12,22,24,23,12,22,33,12,31,-19,40,-33,23,-145,28,-29,-2,-24,-37,-12,-88,-15,-35,-29,-3,-5,-7,-10,4,-22,-13,-22,-2,-6,5,2,9,-11,5,-12,-23,-16,-13,-9,13,-11,-5,-12,3,-21,-13]],[[1154369,-87076,2,-9,14,-1,2,8,7,-6,-7,-17,19,9,-3,-28,12,7,8,-13,21,5,1,30,20,-11,17,13,11,32,17,-4,67,60,25,15,56,114,-32,-3,-19,-15,-12,10,-18,-29,-74,-41,-14,-26,-75,-31,-15,-16,-12,-39,-5,-4,-5,4,-8,-14]],[[1154468,-87335,9,-6,50,3,-3,-28,26,4,5,-9,-8,-27,-19,-13,14,0,11,-12,-14,3,-8,-14,-11,-2,-11,-14,8,-4,-4,-14,9,-2,-9,-13,28,-3,11,4,10,-6,30,16,10,-9,22,10,18,-5,10,12,12,0,11,-10,1,-10,53,-22,-3,-18,-15,-3,-2,-10,12,-1,25,19,8,0,9,-13,-4,-15,33,-5,12,-24,12,-4,-5,-5,8,-4,-7,-8,8,-12,18,7,23,-5,4,-65,-16,-6,2,-12,21,3,15,-16,5,11,10,0,31,-23,1,-16,10,16,25,9,9,-19,-5,-7,11,-2,7,6,12,-24,21,-13,36,6,11,-6,36,1,13,-25,12,4,19,-22,4,3,22,-12,11,-13,28,-17,22,-37,2,-23,-6,-10,39,-16,8,-13,6,-49,21,0,42,21,27,-13,15,0,-4,-18,4,-5,16,18,63,-10,41,-24,-5,-15,4,-7,20,12,17,-1,11,-14,22,9,29,-21,11,-17,23,3,24,-15,19,-38,37,-6,19,12,31,-3,20,-12,12,-26,22,-18,30,-5,13,-8,34,12,-9,17,24,-1,26,17,-15,23,16,0,21,13,26,33,21,2,7,-7,12,11,25,2,15,-6,-18,33,16,18,-25,42,12,36,14,-1,-13,39,17,20,16,-2,-6,11,11,5,7,38,24,2,27,17,4,37,12,-9,6,18,12,-9,-4,19,9,10,11,5,8,-11,8,18,-5,8,68,9,-21,13,22,13,-12,14,8,3,-9,29,-41,57,3,4,16,-10,4,31,-10,16,-13,5,4,20,-17,20,1,7,-12,3,3,14,-17,10,3,5,-21,18,-5,10,-14,48,-180,209,-85,230,-161,237,-230,58,-150,-75,-175,35,-61,-50,-78,25,-93,5,-40,-15,-20,-33,-10,4,12,-10,-21,-62,-16,4,-31,-9,-31,-19,0,-8,-39,-31,-15,-18,-4,-19,-44,-54,-3,-5,13,-6,-5,-17,-18,5,-23,-20,-9,-18,10,-14,-23,2,-16,-14,5,-10,-16,0,-26,-29,-1,-16,13,-8,5,-24,-29,-10,-14,4,15,-18,-3,-4,-34,14,10,-20,-7,-3,-14,12,-15,-11,3,-8,-12,0,3,-15,-17,4,-1,-12,10,-9,-13,-2,2,-22,9,-12,13,-7,13,3,7,-10,-11,-15,-16,2,-10,-15,-9,-1,-3,-14]]]
1650213	r	114.2849,-3.6269,114.8111,-3.0131	[[[1142849,-33125,47,61,345,584,407,365,-52,-230,-88,-145,-271,-309,-218,-659,-89,-98,-59,-23,2,-22,32,-198,46,-195,58,-193,49,-131,621,-268,445,-267,391,-134,253,-20,115,123,117,1057,117,151,129,76,-23,-34,60,-33,10,2,-3,-22,26,4,18,-4,7,-10,38,5,20,-10,5,-12,28,-3,18,-19,-211,-1022,-16,-435,146,-441,507,-634,24,-1,57,2,796,1645,-1,4,425,892,7,-3,128,265,799,2378,-52,56,-146,137,-154,128,-163,117,-169,106,-176,95,-182,82,-187,71,-192,58,-194,46,-197,33,-199,19,-200,7,-200,-7,-199,-19,-197,-33,-194,-46,-192,-58,-187,-71,-182,-82,-176,-95,-169,-106,-163,-117,-154,-128,-146,-137,-137,-146,-126,-156,-117,-163,-105,-170,-95,-178,-82,-183,-70,-187,-58,-193,-46,-195,-32,-198,-20,-200,-4,-126]]]
1642858	r	103.2731,-1.9491,103.9669,-1.3001	[[[1032731,-16000,7,-228,23,-228,37,-225,51,-223,66,-218,80,-214,94,-208,107,-202,120,-194,132,-185,144,-177,155,-167,166,-156,175,-145,185,-133,193,-120,200,-108,206,-94,213,-81,217,-66,221,-52,224,-37,226,-23,227,-7,227,7,226,23,224,37,221,52,217,66,213,81,206,94,200,108,193,120,185,133,175,145,166,156,155,167,144,177,132,185,120,194,107,202,94,208,80,214,66,218,51,223,37,225,23,228,7,228,-7,228,-23,228,-37,225,-51,223,-66,218,-80,214,-94,208,-107,202,-120,194,-132,185,-144,177,-155,167,-166,156,-175,145,-185,133,-153,96,-3842,-197,-44,-32,-175,-145,-166,-156,-155,-167,-144,-177,-132,-185,-120,-194,-107,-202,-94,-208,-80,-214,-66,-218,-51,-223,-37,-225,-23,-228,-7,-228]]]
1646448	r	107.2956,-6.9865,107.5899,-6.7004	[[[1072956,-69839,23,-26,1694,443,92,-12,682,203,8,-37,8,4,32,-10,14,17,69,-40,5,13,-3,23,7,2,7,-9,15,-1,-20,-37,53,-23,10,32,-24,12,0,12,3,13,20,16,-3,42,7,18,-10,14,1,12,10,16,-5,5,3,13,12,3,10,11,7,-3,7,10,-126,207,19,4,2,8,37,3,139,-27,-26,40,-12,6,-7,40,5,32,10,17,8,0,2,6,-4,11,15,27,-3,16,10,5,-2,11,11,12,-11,10,11,2,-1,17,39,25,14,21,20,13,24,0,28,25,-4,35,11,5,-535,709,-42,208,-7,2,-8,23,-32,30,-31,-10,-59,-3,-59,29,-15,18,-7,24,-12,7,-2,15,-10,9,-29,52,2,6,-15,2,2,11,-18,17,-6,17,-51,3,-20,13,-34,-8,-12,10,-26,-6,1,8,-20,12,8,12,-23,8,8,11,-11,10,-6,-3,-39,19,2,14,-19,3,1,11,-10,3,-13,23,-4,29,-36,-4,-14,28,-32,7,-10,30,-11,7,-3,18,-23,1,-19,24,1,9,-19,17,-18,4,-23,22,1,10,-6,11,-19,6,-25,-2,-1,-9,-13,0,-8,7,-69,-8,-5,-12,-6,11,-35,-4,-1,0,-1047,-111,-1,-2,-60,-82,-35,-20,-70,-24,-28,-6,-42,-698,13,-5,23,-23,31,-10,3,-30,14,-24,-5,-25,38,-31,7,-35,-14,-32,-21,-19,2,-26,10,-11,40,-5,15,-8,7,-46,-7,-24,5,-35,-8,-36,26,-28,3,-26,22,-27,-7,-20,-20,1,-8,-9,2,-21,17,-10,29,12,5,-6,-4,-19,12,-21,11,2,18,26,18,4,11,-10,4,-24,13,-10,30,25,10,48,16,14,9,-10,-15,-35,49,10,18,-10,8,-32,-33,-44,23,-36,2,-15,-20,-16,-4,-29,-28,-6,-5,-23,-24,-16,3,-20,15,-18,-15,-23,3,-15,-8,-31,-30,-11,-49,-1,-22,-16,-18,11,-24,3,-35,-8,-26,-28,-15,-7,-46,-52,6,-35,-34,-39,-34,-12,-17,-25,-29,-4,-22,-15,-13,5,-46,-748]]]
1625812	r	110.3779,-7.8352,111.339,-7.1391	[[[1103779,-75124,8,-9,21,-4,14,2,13,11,36,-2,18,-14,59,2,96,-23,67,-31,53,-38,20,-6,47,-33,37,-17,27,-31,34,-9,70,-37,24,-18,80,-497,126,-158,-30,191,-8,152,-26,61,-11,87,-13,20,-54,47,-25,65,33,19,2,1,42,12,3,-1,8,-3,54,-37,29,-12,23,-10,21,-15,6,-16,14,-6,7,-13,0,-1,40,-21,9,-16,24,-20,1,-1,0,-24,10,-8,9,-26,27,-23,17,-26,7,-24,37,-44,3,-41,24,-30,-4,-15,23,0,3,-19,28,1,-2,-14,10,3,24,-30,6,8,7,-2,7,-17,26,1,3,-7,25,-8,16,-27,-4,-36,69,-56,23,12,57,-25,6,-25,-62,10,-33,-13,9,-56,41,-47,23,-13,13,-37,11,3,56,-39,8,-16,10,-1,10,-23,6,0,-3,-7,9,-1,39,-30,16,-25,13,5,-61,64,17,14,51,-17,44,28,-7,1,1,23,-8,7,8,4,-9,8,5,8,-18,39,80,74,-16,17,-29,11,-11,17,14,6,15,33,28,-24,13,33,21,-5,0,12,13,-1,27,18,-5,4,22,21,16,-13,56,84,11,-6,6,12,23,-11,27,43,40,-9,3,4,40,-32,41,16,19,-5,17,24,10,-9,31,-6,35,-26,8,28,18,23,-6,14,14,69,-27,3,9,41,16,14,4,-13,9,2,20,-18,7,2,17,-14,36,-12,20,-17,46,-7,82,-29,-1,-6,12,-5,20,0,8,-7,11,5,15,-11,11,1,3,-7,14,0,76,-34,23,5,31,-12,18,3,6,-11,10,8,12,-7,19,2,8,-7,7,6,4,-8,7,9,4,-9,8,2,2,-9,27,6,1,4,61,6,38,13,9,-11,22,5,13,-18,13,9,51,-24,21,9,13,-2,46,20,22,0,34,-9,9,-21,18,-1,-2,-10,18,-20,20,10,14,-13,25,3,39,-26,28,-1,9,6,58,-19,27,25,19,-14,33,-8,34,9,28,-37,15,11,32,0,27,9,9,-3,15,-20,18,12,20,-31,-4,-9,19,-9,-48,-60,35,-14,-11,-25,10,-6,-8,-20,16,-13,40,17,6,-11,55,-18,13,16,33,-26,34,1,23,-30,3,-7,-5,-1,-3,-22,19,-9,-48,-93,60,-34,7,-2,6,8,9,-3,0,-8,9,-4,35,70,9,2,6,-20,14,-6,19,6,8,-27,25,-7,33,-35,16,5,63,-23,17,20,16,1,9,-7,0,-13,-9,-9,-39,-13,-35,-22,5,-6,19,0,6,-10,-3,-16,-20,-4,-3,-8,24,-20,3,-17,-6,-10,-16,-2,-11,16,-19,6,-32,-10,3,-15,37,-15,1,-37,-25,0,-21,16,-43,-7,-21,-16,-11,-22,20,-13,-6,-40,12,-29,-27,-13,-10,-12,17,-8,17,-26,16,-8,-11,-14,-12,1,-27,36,-5,5,-4,-8,10,-25,-4,-12,-20,-12,-59,-3,-4,-5,22,-12,1,-16,-9,-16,-15,7,-11,-8,2,-11,23,-3,-3,-11,-15,7,3,-11,43,1,19,-22,-9,-10,-19,1,-28,-25,14,-24,-26,-13,15,-17,-2,-11,-9,-1,-2,-8,12,-13,-2,-14,12,-8,-6,-21,30,-21,-11,-15,-9,2,2,15,-13,-9,13,-25,-2,-13,-8,0,-10,12,-14,-11,-2,11,-8,4,-12,-12,-13,-31,5,-7,19,-3,-15,-13,2,-15,-8,-14,-16,1,-5,-26,-22,5,4,-16,-10,-15,8,-9,-4,-17,-20,6,12,-10,1,-18,-27,-13,-4,-11,-16,5,-3,-7,12,-14,-17,-2,-14,-18,-16,7,8,-17,-14,-11,19,-15,-25,-1,-15,-25,-2,-14,515,-869,34,2,220,32,216,54,91,33,93,13,216,54,187,67,1304,1387,19,54,28,110,51,-60,1895,418,27,67,663,1644,358,890,-263,531,-18,5,-7,-11,-14,12,-5,17,6,11,-25,18,0,-15,-13,-13,0,16,-7,-11,-11,10,8,14,-8,7,-7,-13,-12,2,-9,-12,-5,10,-11,-7,-19,15,-2,-9,-10,-7,-1,15,-20,0,13,10,-13,7,-5,9,5,10,-8,12,-14,5,-7,13,-20,0,6,6,-8,16,-18,3,13,10,-12,1,-7,9,-6,-7,-11,10,-12,-2,0,-5,-14,8,-11,-19,0,15,-16,11,-19,-3,3,-8,-21,-7,-6,6,-4,-4,-21,3,-14,-5,-11,6,-18,-4,-12,19,-12,-3,-17,9,-24,0,-14,-12,-7,7,-12,-6,-32,6,-10,33,-10,-7,-18,10,-15,-5,-12,6,1,-19,-5,-5,-10,9,-31,-1,-18,27,-9,5,1,35,-21,18,5,14,-17,8,-3,14,-14,6,-12,25,-10,10,-20,3,-1,7,-12,0,-3,7,-7,-11,-9,2,-19,26,1,11,-8,-2,3,6,-19,17,2,6,-14,3,-7,33,9,17,-15,17,-6,25,-10,2,-2,10,-17,14,-13,0,6,5,-5,2,2,7,-28,7,-3,6,-17,-5,-2,5,64,6,79,28,72,-1,35,30,-13,102,28,40,5,46,13,16,2,21,-326,282,-2840,-829,-3,13,-23,23,-14,-21,2,-26,-208,-61,-4,10,12,8,-10,6,8,21,-38,4,-19,17,-27,0,-32,11,-49,-15,-55,0,-18,-9,0,-22,-26,11,-21,21,-26,10,15,39,-19,31,-18,9,-16,-3,-28,-25,-57,-31,-20,16,-52,-2,-17,-8,-39,17,-72,60,-70,19,11,63,-38,63,-2,55,12,37,-7,5,-2,19,17,31,41,35,2,13,36,50,8,27,22,16,29,4,-3,27,17,15,19,5,-1,-7,56,-24,15,6,12,14,35,-3,5,14,-11,41,-48,35,-36,53,-14,-13,-21,0,-4,19,-8,5,-21,1,-40,18,-52,6,-12,-6,-25,-32,-15,4,-6,-9,-12,-66,-21,-35,-31,-24,-91,-40,-12,-27,-20,-19,-8,-54,-144,-117,-28,-12,-20,-19,-33,-7,-17,3,-30,-14,-27,2,-22,10,-39,-6,-23,5,-29,-2,21,52,30,38,-10,12,2,21,-8,18,11,20,-11,16,4,5,15,-1,8,26,15,-1,32,17,-13,8,6,8,-3,12,14,36,21,23,13,70,-5,26,20,46,18,25,7,28,-39,47,-22,1,-8,-22,-23,3,14,48,-73,-2,-7,21,-13,9,-10,-13,-10,8,-22,-11,-5,-16,-12,-8,-23,10,-6,41,13,25,12,4,43,-9,15,9,15,20,-53,31,5,-16,-17,-4,-25,9,-26,50,-15,3,0,8,-50,20,-35,5,-23,21,-17,4,-4,28,9,18,-14,23,8,8,-5,7,7,13,34,15,8,20,-3,12,22,11,-18,46,-25,37,-33,14,-8,-19,-26,-3,-45,-24,-13,-31,-53,-60,-5,-12,4,-32,-41,-78,-79,-71,-27,-36,-49,-32,-41,-62,-20,-7,-47,5,-20,-14,-32,-5,-20,-22,2,-7,-12,-16,18,-16,-3,-11,10,-15,-3,-24,17,-8,-9,-10,14,-25,-8,-27,17,-4,1,-7,10,-2,11,-12,19,8,17,-11,24,2,20,-9,3,-9,-1,-1,-8,-4,-5,-19,17,-1,5,-29,-3,-12,-10,-1,3,-7,-22,-7,-29,-22,-8,5,-11,-14,-3,-20,-10,-1,-12,-14,-9,3,-6,-25,7,-4,-14,-22,15,-4,0,-11,-16,-33,4,-13,-13,-22,4,-29,-24,0,0,-8,-71,-4,-38,15,-33,24,-21,1,-2,9,-14,7,4,13,-4,5,-16,4,-11,19,-26,9,4,14,17,8,-10,3,0,10,-16,8,-15,18,-18,-3,-9,16,-6,-4,1,-12,-8,4,-12,-6,-4,7,-6,-12,-12,5,-13,-10,-36,14,-10,15,-18,-3,-18,7,-14,22,-15,5,-10,14,-167,-4,-6,-52,-16,-42,-11,-7,-1,-45,11,-34,12,-11,-2,-30,10,-1,-2,-19,8,-10,-4,-6,10,-24,14,-12,-3,-7,44,-43,3,-44,8,-25,8,-5,6,-28,-7,-14,-47,-4,-48,-35,-11,-16,-17,16,-15,-2,-8,9,14,-51,-3,-33,25,-19,-7,-68,-33,5,-29,-12,40,-30,-86,-12,-85,4,-37,-18,11,-24,-3,-26,19,-31,-7,-5,-4,-23,-9,-13,-11,-5,2,-7,-14,-18,0,-84,38,-71,12,-10,41,2,17,-12,0,-11,-8,-6,-14,-47,60,-29,5,7,28,-4,61,18,70,45,22,2,13,-11,20,0,27,18,23,6,19,-2,6,-47,5,-7,28,-12,-24,-17,-13,0,0,-8,-29,-38,-3,-49,13,1,-16,-61,8,-9,-20,4,-9,-15,-12,-6,4,-39,-9,-30,4,-22,-51,-47,-19,-34,30,-32,-15,-7,-18,-28,-1,-25,-38,-35,39,-20,-920,-502,-59,12,-18,-11,-29,-6,-26,-20,-36,-17,-7,7,-16,-7,-13,51,-28,52,11,10,-22,59,12,17,10,-3,10,5,3,18,13,7,1,7,-20,12,-40,3,-32,29,9,6,2,16,21,3,-7,7,-11,2,2,12,-34,-9,-21,-32,-66,7,-29,16,-37,-2,-74,20,-1,50,-58,-23,-4,-8,-5,12,-12,-1,-101,-37,-54,-41,-14,-18,-22,-86,-27,-34,-37,-27,-27,-47,-1,-36,-14,-13,-30,-63,-2,-50,-43,-42,-41,-102,10,-46,-22,-85,-59,-74,-1,-1,-132,-118,-29,4,-22,-13,-6,-11,-15,6,-11,13,-3,-6,-18,1,-13,-13,-8,2,-1,7,-16,0,-17,-11,-23,8,-5,-23,-16,4,-43,-65,-50,-13,-15,-22,-17,0,-32,-28],[1112129,-72473,-9,0,9,3,0,-3],[1107815,-75454,43,-21,14,-7,-57,28],[1107930,-72780,4,-48,-3,18,-1,30]]]
2057087	r	123.3143,-10.4481,123.9628,-9.8245	[[[1233143,-103134,75,-256,166,15,163,151,75,155,48,57,105,-96,99,-138,27,-62,135,-36,98,18,34,80,-61,143,138,113,-59,260,-223,452,144,68,109,-149,135,-69,115,31,51,153,75,98,358,164,111,114,-15,155,-308,84,-80,131,-83,105,-193,-20,-210,-84,-134,-79,-144,-176,-196,-417,-138,-177,-237,-200,-123,-132,-48,-161,-9,-295]],[[1233821,-104367,131,-107,11,-7,0,6,-98,145,-44,-37]],[[1234686,-103562,34,-87,96,-12,113,53,93,76,132,177,211,35,229,-18,151,-39,276,-237,153,-49,223,112,192,58,198,-73,203,-108,201,-44,380,114,211,21,92,-100,119,-64,270,108,1065,690,70,12,43,113,67,219,52,223,38,226,23,227,7,229,-7,229,-23,227,-38,226,-52,223,-67,219,-81,214,-96,208,-109,202,-122,194,-134,186,-146,177,-158,167,-169,157,-178,145,-188,133,-196,121,-204,108,-210,94,-216,81,-221,66,-225,52,-159,26,9,-27,-1,-236,-33,-205,-102,-181,-211,-169,-368,-225,-85,-152,-76,-699,12,-205,107,-160,175,-39,328,243,220,70,239,-20,215,-57,203,-85,197,-112,189,-246,-162,-228,-706,-387,-16,11,-12,33,6,2,-15,19,3,11,-11,38,-27,-51,-24,-25,-19,-10,-35,7,-39,-13,-26,-28,-29,-56,-55,-42,-37,-6,-15,5,-2,19,-6,3,-64,-6,-63,26,-16,20,-11,-2,-18,8,-43,-16,-49,-35,-7,2,-50,-27,-46,-14,-91,-50,-16,-1,-1,7,-10,6,-22,-12,-7,13,17,5,-5,4,-22,-12,8,-19,-19,-11,-23,0,-22,-11,-7,6,-11,-2,-61,-47,-14,0,-36,-33,-9,-1,1,-11,-12,-21,-33,-26,-64,-20,-12,6,-3,13,-18,16,-40,11,-20,-2,-27,-6,-38,-26,-40,-11,-17,1,-27,-12,-40,-37,-30,-83,1,-18,-11,-3,-1,-8,7,-3,2,-19,-6,-2,1,-61,5,-18,14,1,3,-10,-11,-3,0,-6,13,3,1,-5,-146,-121,-159,-176,-70,-145,25,-370,-16,-197,-77,-220,-133,-212,-38,-111]]]
1646511	p	1627549
1636544	r	124.4949,1.0209,125.0301,1.7441	[[[1244949,11923,122,-150,204,-219,218,-205,231,-191,242,-175,254,-158,263,-142,272,-124,279,-106,286,-87,290,-68,295,-49,297,-29,298,-10,298,10,297,29,183,30,1023,7106,-49,56,-205,-31,-208,-94,-110,-86,-19,-98,19,-349,-43,-45,-187,88,-43,-43,-91,-127,-996,-767,-75,-110,-21,14,-20,30,-18,3,-20,-24,-8,24,-14,-18,-15,10,2,-11,-29,-5,-3,-11,-23,3,-7,-19,-39,-27,-2,-14,-30,-21,25,-23,2,-11,-6,-2,18,-13,-15,-23,3,-18,11,-11,-7,-2,1,-17,10,-12,9,-36,28,-24,5,-19,28,2,17,-10,26,-40,7,-5,6,4,6,-10,-6,-16,6,-10,13,-3,22,-30,2,-1,40,-108,137,-184,-27,-94,-15,2,-4,-4,12,0,-6,-21,20,-4,2,-10,-16,0,-4,-11,0,13,-6,1,-5,-15,-13,-6,-5,-18,-5,4,-5,-10,-7,-43,-3,7,-14,-23,-7,4,3,8,-7,-12,-13,3,-9,-5,22,-33,10,-32,-8,-27,10,-16,-6,2,-28,-27,2,-16,-12,-19,9,-9,-13,1,-19,-21,-2,-8,-108,-46,-75,-10,-5,0,-8,-1,-17,10,-24,-3,-57,8,-37,-11,-19,8,-17,-1,-17,11,-42,-5,-1,-47,-97,-13,-176,-100,-242,-295,-151,-99,-256,-44,-713,157,-107,-64,-79,-106,-534,-403,-86,-174,-68,-279,14,-259,170,-113,394,15,157,-55,95,-165,-10,-193,-82,-227,-130,-189,-147,-80,-122,41,-62,91,-47,95,-76,52,-118,-11,-70,-60,-62,-75,-92,-58,-193,-31]],[[1246816,16327,9,-22,-1,-12,0,-42,11,-11,2,-21,10,5,32,-29,18,-2,23,-14,62,-12,12,13,41,14,68,38,57,49,-9,120,-8,19,-14,11,-67,39,-5,9,-31,4,-2,9,-113,-21,-67,-51,-3,-24,-19,-31,-6,-38]],[[1247358,16213,7,-21,-5,-13,19,-17,37,8,61,31,18,-14,34,2,21,15,44,-2,11,5,33,-1,16,-9,43,-60,16,-72,-6,-6,20,-38,0,-12,71,-55,13,-2,8,9,-11,93,2,38,8,12,-7,7,8,15,-4,20,-44,104,-16,26,-16,10,-20,-1,-42,-17,-101,5,-59,20,-52,35,-23,7,-52,-28,-26,-49,1,-25,-7,-20]],[[1247993,16307,12,-26,30,-11,15,12,5,16,-9,30,-36,42,-8,-7,8,-24,-16,-19,-1,-13]]]
1635882	r	115.871,-8.8696,116.3593,-8.3055	[[[1158710,-87295,71,-114,111,-154,121,-146,130,-139,139,-129,147,-120,155,-111,162,-100,167,-89,174,-78,178,-67,182,-55,78,-18,68,30,93,28,92,-23,60,-70,-4,-22,176,-18,190,-6,190,6,190,19,187,31,186,43,182,55,178,67,174,78,167,89,162,100,91,65,686,3987,-85,119,-121,146,-130,139,-139,129,-147,120,-155,111,-162,100,-167,89,-174,78,-178,67,-11,3,-315,-317,-129,-97,-296,-161,-156,-114,-56,-76,-66,-172,-49,-62,-78,-31,-288,23,-191,-84,-221,-304,107,-554,244,-209,87,-507,-7,-86,13,-86,-16,-493,-74,-346,-30,-408,312,-131,-39,-102,-103,-60,-116,-168,-82,101,-43,104,-27,50,-93,4,-75,-48,-59,-58,-46,-34,-94,14,-112,39,-96,4,-100,53,-148,-103,-138,-63,-126,-12,-233,12,-262,-11,-48,90,-30,130,-51,80,-84,-47]]]
2082600	r	140.0783,-3.1754,141,-2.3209	[[[1400783,-25300,14,-422,41,-420,68,-417,96,-411,122,-405,147,-395,174,-385,198,-372,221,-359,245,-343,266,-327,287,-308,307,-289,325,-267,341,-247,356,-223,371,-199,382,-174,393,-149,402,-122,409,-96,414,-69,418,-41,420,-14,420,14,418,41,414,69,409,96,402,122,393,149,72,33,5,1205,6,1870,12,-11,11,-38,16,-8,43,3,29,12,19,-12,24,-70,36,-19,15,-51,30,-15,26,-28,0,2348,-90,-3,-155,-33,-10,1,0,74,-4,0,-91,-3,-429,-74,-925,0,-3,0,-198,20,-55,20,-42,32,-15,-2,-18,27,-30,15,-10,-2,-7,10,-25,5,-18,-4,10,-6,3,-18,-18,-30,-20,-7,-17,2,2,-7,-12,-18,15,-12,-40,-15,-5,-15,7,2,8,-15,20,8,10,12,17,0,18,-20,-3,-10,5,3,10,-14,-6,-57,-13,-33,-11,-2,-99,32,-185,142,-54,31,-90,-48,-20,-107,-3,-49,-4,2,-47,27,-103,76,-148,163,18,-38,-13,-22,12,-11,-8,-7,5,-12,40,-9,19,-15,32,-10,3,-10,-6,9,-6,-4,11,-15,6,10,13,-14,5,-28,12,-12,34,-5,51,-50,5,-41,38,-49,-16,-17,-21,-41,-77,-5,-72,51,-21,-1,-34,23,-73,81,16,2,-13,12,-19,3,-57,87,142,170,10,0,-12,-10,3,-8,13,2,13,-13,5,19,11,3,-8,15,-15,14,213,253,48,141,23,129,16,-5,12,-10,7,13,9,1,-6,14,10,8,-38,36,26,143,-22,176,-138,76,-1232,521,-1069,37,-175,35,-947,351,-114,18,-132,-96,50,-71,110,-75,46,-100,-49,-116,-83,-76,-103,-11,-106,68,-181,-127,-210,87,-230,159,-629,257,-152,33,-380,547,-34,81,-8,76,-23,63,-77,45,-54,-15,-15,-149,-61,-39,-237,144,-91,37,-120,-399,-96,-411,-68,-417,-41,-420,-14,-422]]]
1649150	r	101.991,-4.1352,102.6794,-3.3888	[[[1019910,-34994,747,-511,1565,-923,122,-166,61,-191,22,-361,24,-134,57,-97,69,-91,36,-76,-8,-12,-13,2,-20,44,-14,4,19,-54,29,-22,10,-23,-9,-1,-5,13,-5,-3,22,-91,1,-23,-3,-16,-5,-75,-25,-39,-12,-7,-29,-3,-17,8,-5,16,-51,-46,0,-62,19,-26,51,-44,40,-47,40,-31,67,-71,81,-108,139,-150,7,-38,84,-172,26,-105,5,-97,-10,-53,-15,-35,-76,-88,-30,-13,-15,6,1,11,-33,-19,-29,-5,-20,29,-17,7,16,-11,48,-66,12,18,30,21,13,3,4,-6,2,13,66,28,5,2,-105,-172,-26,-94,-21,9,-22,34,-47,33,-19,32,21,30,26,8,11,15,17,4,-27,52,-36,48,-40,-99,-24,-20,-11,-6,-8,3,-2,-6,5,-2,-20,-29,8,-34,28,-64,23,-22,69,-118,5,-18,-8,-52,11,-42,-2,-16,-18,-31,4,-33,17,-40,21,-32,53,-35,65,-76,67,-63,5,54,121,-152,269,-198,268,-152,1407,-1087,123,89,207,171,196,184,183,196,170,208,156,219,141,229,127,237,110,245,95,252,77,258,61,262,44,265,26,268,9,269,-9,269,-26,268,-44,265,-61,262,-77,258,-95,252,-19,42,-1667,1915,-49,31,-236,126,-244,111,-251,95,-256,78,-261,61,-265,44,-266,27,-268,8,-268,-8,-266,-27,-265,-44,-261,-61,-256,-78,-251,-95,-244,-111,-236,-126,-227,-143,-218,-156,-207,-171,-91,-86]]]
1633034	r	119.422,-1.4102,120.3668,-0.4098	[[[1194220,-11260,24,-52,153,-289,171,-278,190,-266,206,-253,222,-239,238,-224,251,-207,264,-191,277,-173,286,-154,296,-135,305,-116,311,-95,317,-74,320,-53,324,-32,325,-11,325,11,324,32,320,53,317,74,311,95,305,116,296,135,286,154,277,173,264,191,251,207,238,224,222,239,206,253,190,266,171,278,153,289,135,298,114,306,95,313,73,319,53,323,32,326,10,300,-189,-148,-224,-112,-228,64,-471,330,-117,117,-1547,2303,-161,434,-158,967,-94,235,-22,107,24,102,94,204,9,52,-287,109,-311,95,-317,74,-320,53,-324,32,-325,11,-325,-11,-324,-32,-320,-53,-104,-25,-49,-480,38,-208,138,-319,29,-125,42,-340,95,-380,238,-463,35,-121,48,-96,203,-233,-7,-44,37,-15,18,-18,48,-103,12,-107,-1,-42,-7,-24,-12,-8,3,-6,-6,-4,13,-36,-4,-38,8,-11,-6,-170,21,-81,11,-17,0,-36,20,-98,5,-12,15,-9,3,-20,30,-18,24,-35,-10,-200,-36,-206,-158,-404,-176,129,-5,11,-17,70,-9,8,-16,45,-9,6,-3,17,-49,27,-3,12,-25,16,-16,21,9,15,-17,18,12,8,-16,-1,6,19,-7,3,6,3,-16,46,2,34,-7,16,6,23,0,50,-14,61,4,11,-9,22,-23,19,-15,34,-22,-25,-22,-49,-94,293,-364,746,-51,250,-153,378,-15,71,-91,-54,-207,-275,-113,-120,-224,-104,-108,-70,-46,-100,34,-59,239,-248,-476,-415,-312,-130,-42,-41,-119,-239,-136,-101,-73,-42,-289,-163,-122,-104,-71,-163,-95,-420,-78,-136,-110,-137,-74,-175,-83,-574,-141,-368,-69,-387,-95,-167,-144,-112,-72,-17]]]
1621177	r	110.0118,-8.0814,110.5488,-7.4465	[[[1100118,-78782,224,-65,2532,-1304,317,-36,93,-25,190,-176,49,-29,244,-245,37,-70,90,-17,86,2,26,1,84,-10,19,-3,100,-55,764,2022,515,413,-115,409,-9,3,6,11,-4,14,-3,2,-13,-8,1,-20,-42,-13,2,19,-13,12,6,11,-11,34,-22,7,-4,16,-15,0,-19,46,-11,8,-43,5,-55,34,-12,19,-3,16,10,36,-47,28,-79,4,-75,17,1,249,-233,1046,-2,201,-54,135,-1,2,-126,158,-80,497,-24,18,-70,37,-34,9,-27,31,-37,17,-47,33,-20,6,-53,38,-67,31,-96,23,-59,-2,-18,14,-36,2,-13,-11,-14,-2,-21,4,-8,9,32,28,17,0,15,22,50,13,43,65,16,-4,5,23,23,-8,17,11,16,0,1,-7,8,-2,13,13,18,-1,3,6,11,-13,15,-6,6,11,22,13,29,-4,132,118,1,1,-479,380,-413,-261,-2039,-2024,-1052,-251,0,-1,-41,-172,-28,-174,-18,-176,-6,-176,6,-176,18,-176,28,-174,41,-172,0,-2,-100,0,-36,-155,-30,-180,-5,-47]]]
1626381	r	106.7427,-7.5058,107.4848,-6.5544	[[[1067427,-69695,404,-2180,118,-63,182,-82,187,-70,192,-58,194,-46,197,-32,199,-20,200,-6,200,6,199,20,123,20,4,-18,-8,-29,8,-32,-18,-11,-2,-33,-12,-35,6,-48,-19,-5,-25,10,-11,-4,-10,-40,-14,-15,-17,-4,-16,16,-18,-1,0,-12,14,-15,-2,-7,-15,-18,-33,2,13,-33,-28,-25,-16,-40,20,-34,25,-20,52,-6,-5,-21,8,-17,-3,-12,28,-26,-5,-55,33,-36,4,-17,-7,-17,-11,-6,7,-33,-19,1,1,-47,-16,-50,-17,-22,-5,-34,-17,-34,-4,-33,-19,-7,-28,-29,-10,-24,-43,1,-24,-27,-11,-4,-35,-2,-34,29,-62,7,-7,-14,-41,-20,-19,-32,-3,-43,17,-41,-12,-13,-65,11,-14,60,-45,23,-24,28,-42,-11,-11,-27,-26,-26,-12,-43,6,-22,-15,-33,-13,-14,0,-20,18,-36,-4,-42,-60,-19,3,72,-5,14,-41,15,-38,-3,-19,-10,-5,-12,23,-30,-3,-10,-49,-11,-53,-47,-12,1,-26,18,-41,-20,-9,-23,9,-34,0,-37,-14,-11,-27,-4,-16,12,-8,62,-17,14,-24,-16,-30,-45,-21,-17,-15,-3,-39,17,-1,12,29,19,23,26,-6,16,-16,5,-19,-5,-34,-22,-25,-38,-19,7,-23,31,-17,5,-24,-21,-69,13,-37,-8,-20,-19,-14,-44,-17,-11,-6,0,-31,29,-34,-99,-114,-116,-31,-41,-61,-16,-35,-19,4,-37,-9,-15,-11,-6,-55,10,-57,-5,-30,-16,-27,-35,-11,-43,18,-48,30,-45,26,-6,39,65,12,8,9,-1,4,-7,42,-149,6,-77,-8,-47,450,32,422,-11,547,-48,244,-32,195,-15,29,4,32,-5,27,7,67,-17,138,-21,92,-6,160,5,180,-18,106,-17,176,-10,549,-104,121,-30,19,0,116,-26,263,-74,48,-5,161,-37,22,-10,48,-3,26,9,42,-27,176,-47,58,-10,92,-2,295,-41,93,2,32,-12,86,3,242,-16,109,-26,138,-18,83,4,27,10,6,-5,82,5,71,-5,49,-13,37,20,16,2,24,37,8,-7,58,-5,21,-34,17,-2,14,-22,16,-10,118,-16,58,-21,18,33,1,76,-38,45,-10,21,4,77,19,39,-19,34,11,41,-27,61,0,10,0,1,1,3,2,2,4,8,26,21,-2,26,25,24,2,24,20,16,0,18,-17,37,29,4,4,23,-30,9,-5,8,45,53,-8,26,0,2,0,2,13,31,2,33,4,10,1,4,2,4,6,13,5,5,6,10,15,9,4,3,4,1,31,18,15,0,32,23,72,15,20,34,17,15,28,10,21,-1,40,22,78,27,9,13,14,0,6,28,0,49,-12,58,5,59,18,43,14,10,-8,36,8,24,32,36,-2,29,18,1,26,67,0,2,3,8,2,40,-17,40,-43,17,-33,34,-5,6,-2,3,-1,1,-1,3,-3,39,-14,14,-1,2,-1,1,0,33,-9,18,-19,5,-40,39,-3,27,-14,26,-2,30,-34,69,4,18,-17,12,-7,44,-13,20,14,41,-38,62,5,19,15,8,16,35,37,32,15,4,-12,23,20,5,-3,32,26,3,18,18,24,55,13,14,-1,18,22,4,-2,31,20,16,4,37,10,13,-1,2,-1,2,-6,4,-9,-2,-45,28,-31,33,-28,-9,-54,-1,-38,-8,-39,36,-33,11,-45,29,-24,3,-17,-15,4,-15,-15,-34,-15,-16,1,-13,-103,-18,2,-6,-13,-10,-27,-5,-13,-12,-21,1,0,13,-13,6,-22,31,-17,-1,-28,17,-19,1,-38,30,-35,3,-42,-14,-38,34,-48,-7,-17,-29,-20,-20,-19,4,-4,-11,-9,-2,-23,18,-5,54,-23,46,-137,7,-38,12,-20,13,-20,-6,-13,12,-24,3,-23,53,8,22,-2,26,16,17,8,23,26,13,-9,26,-38,13,-21,51,-24,3,-9,26,-35,38,-63,9,-14,-11,-16,-26,-15,-5,-11,4,-14,21,-33,26,-16,26,-31,15,-20,72,-13,9,-55,-19,-43,3,-26,-17,-5,-5,9,-99,-45,4,-24,8,-7,-7,-5,-39,-28,-15,-40,-42,-25,-8,-23,5,-1,39,-44,33,-39,-11,-27,25,-33,-2,-21,7,-2,-6,-21,15,-11,-8,-13,10,-2,11,-45,15,-39,-7,-22,11,-33,-10,-4,15,18,20,4,21,11,6,-7,19,13,10,7,-3,17,17,-5,22,14,6,-4,13,6,13,6,-1,4,17,28,5,-6,8,8,11,-4,19,15,13,10,-6,77,95,11,-15,-10,-45,12,-20,-4,-4,10,3,-8,-19,15,7,6,13,-7,-25,12,-8,15,23,29,12,26,27,69,20,19,21,22,3,29,46,20,-3,22,-31,11,25,10,3,11,13,7,29,-12,8,-2,12,-12,14,9,8,2,25,-7,17,21,20,-5,10,11,6,2,24,12,21,20,14,4,40,-8,13,16,22,-3,19,12,10,-4,35,11,16,13,3,7,9,0,9,-18,3,-16,11,1,6,14,28,8,3,9,41,8,4,3,14,21,20,33,11,1,50,-18,18,0,21,-33,42,-8,19,-38,16,5,35,-39,15,-1,30,-24,20,-18,6,-27,-14,-15,27,-20,4,-31,-29,-18,-8,-26,17,-33,1,-17,32,7,12,-4,11,-12,0,9,11,-13,5,-5,11,-16,-1,-55,23,-1,12,-29,9,-16,15,-4,14,-11,-1,-12,24,-15,6,-1,16,-9,-3,0,6,10,6,-7,6,1,13,-20,8,-1,10,-11,-5,-3,6,-9,-6,-6,7,-10,-2,0,13,8,10,-26,-3,3,9,-17,1,15,20,-4,24,-11,-5,-21,11,3,10,-24,34,-4,-12,-18,4,-10,-14,-26,6,-8,-5,-1,13,-32,4,3,7,-15,3,-9,10,-7,-4,-16,4,-8,-13,-17,-8,-12,3,468,355,144,259,48,780,13,-5,22,15,29,4,17,25,34,12,34,39,-6,35,46,52,15,7,26,28,35,8,24,-3,18,-11,22,16,49,1,30,11,8,31,-3,15,15,23,-15,18,-3,20,24,16,5,23,28,6,4,29,20,16,-2,15,-23,36,33,44,-8,32,-18,10,-49,-10,15,35,-9,10,-16,-14,-10,-48,-30,-25,-13,10,-4,24,-11,10,-18,-4,-18,-26,-11,-2,-12,21,4,19,-5,6,-29,-12,-17,10,-2,21,8,9,20,-1,7,20,-22,27,-3,26,-26,28,8,36,-5,35,7,24,-7,46,-15,8,-40,5,-10,11,-2,26,21,19,14,32,-7,35,-38,31,5,25,-14,24,-3,30,-31,10,-23,23,-13,5,41,697,-90,-19,-3,23,-22,42,-53,77,-15,22,-6,10,-31,25,-35,17,-22,2,-31,-11,-43,13,-47,-8,-15,13,-3,24,-39,19,-16,26,-44,18,-33,-2,-50,37,2,11,38,49,16,5,-9,24,-16,6,-1,17,24,43,-4,15,12,62,16,21,-5,27,13,38,-12,14,0,23,24,9,-1,15,14,-4,-4,17,26,17,-2,45,16,14,6,-4,1,24,16,5,-17,7,-26,-10,-5,13,10,41,-8,37,-10,4,-1,12,-29,18,-5,10,4,8,-9,11,-17,-8,-34,14,2,9,-24,11,-2,9,-31,19,-41,41,-32,16,-23,22,-17,36,-3,14,-15,38,-1,1,-30,21,-35,10,-14,17,-18,-53,9,-36,16,-26,-15,-17,-1,-12,-545,625,-706,-294,-800,-625,-71,-204,-30,20,-21,-3,-20,-21,-17,-1,-34,11,-34,-14,-19,8,-26,-14,-14,3,-4,-11,15,-43,0,-32,63,-72,19,-7,21,-42,-21,-13,-7,-23,-13,-13,1,-22,10,-21,-22,-49,-43,-24,-25,-5,-5,-32,-10,-19,0,-42,-21,-39,-18,-16,19,-76,-11,-42,-11,-19,4,-62,-16,-45,-23,-20,-45,-4,-11,-14,-21,-7,-19,-24,-49,-28,-21,-35,-3,-53,-15,-30,2,-17,1,-5,-643,-335,-1576,-1676],[1072220,-70577,15,11,5,-4,-6,-13,-11,7,-3,-1],[1072321,-70501,8,6,-6,-7,-2,1],[1072330,-70494,10,8,3,-13,-13,5]]]
1647003	p	1645524
1640344	r	122.1622,-4.3393,122.8632,-3.6865	[[[1221622,-39800,8,-235,23,-234,38,-232,53,-229,68,-225,83,-220,96,-214,110,-208,124,-199,137,-192,148,-181,160,-172,171,-161,181,-149,190,-137,199,-124,207,-111,213,-97,219,-83,224,-68,228,-53,231,-39,233,-23,234,-7,234,7,233,23,231,39,228,53,224,68,219,83,213,97,207,111,199,124,190,137,181,149,171,161,160,172,148,181,137,192,124,199,110,208,96,214,83,220,44,146,-182,232,-376,170,-322,-76,141,-257,528,-548,-257,-85,-382,3,-392,77,-279,140,3,-82,-12,-86,-24,-70,-35,-34,-161,41,-131,157,-86,202,-32,179,22,424,-17,191,-74,165,-143,129,-193,87,-43,9,-14,36,-40,10,-1,18,-19,2,-1,15,-2,-14,-10,0,-5,8,-25,-3,-28,9,-14,-18,-8,-26,-10,2,-79,7,-13,5,-3,-4,-4,0,-15,10,-2,-8,-367,29,-12,55,74,35,29,-6,33,-21,67,-7,-2,-8,9,2,-2,-6,24,7,-2,-10,9,-1,1,-7,9,3,-1,-8,2,7,15,-1,15,9,21,-1,21,-15,-7,0,24,-7,-7,2,9,6,7,-9,10,-1,10,36,6,2,14,-19,-4,-3,25,-15,2,-22,12,-9,37,-1,3,-11,15,-4,37,66,18,16,6,-5,32,4,10,12,-1,12,7,5,-5,38,-5,1,21,10,67,-1,15,7,1,-6,29,41,8,-7,25,9,-4,7,11,26,-10,41,8,28,57,125,64,58,80,49,210,66,18,103,-57,115,-69,78,-91,44,-104,14,-682,6,-200,42,-191,133,-586,791,-176,400,-120,152,-217,63,-432,-44,-213,14,-202,98,-114,137,-84,161,-13,17,-117,-84,-181,-149,-171,-161,-160,-172,-148,-181,-137,-192,-124,-199,-110,-208,-96,-214,-83,-220,-68,-225,-53,-229,-38,-232,-23,-234,-8,-235]]]
1645133	r	100.5487,1.1614,102.3693,2.2995	[[[1005487,15643,16503,-4029,20,203,-37,179,-100,177,-142,136,-164,54,-95,115,-2,253,63,384,-100,462,-251,288,-967,514,-2429,2064,-294,172,-223,57,-19,42,-110,324,-622,-235,-725,-198,-580,240,-409,160,-561,151,-289,243,-178,334,-108,358,90,312,-179,236,-108,230,-14,193,221,1526,-3082,2155,-14,-16,4,77,-83,111,-1424,80,-220,-12,-447,-175,-284,-310,-128,-409,32,-471,203,-458,620,-797,203,-458,100,-458,83,-219,129,-183,113,-217,-22,-215,-42,-194,54,-165,-242,95,-172,220,-104,293,-34,320,-59,228,-138,310,-167,272,-149,118,-85,53,-195,234,-237,88,-927,648,-1477,-5490]],[[1013938,19306,33,-212,251,-364,81,-227,104,-454,194,-394,306,-287,399,-186,467,-89,202,7,278,44,241,78,104,113,65,114,488,333,141,209,32,188,-36,453,71,245,319,379,78,224,-53,371,-123,262,-368,468,-140,207,-255,302,-324,195,-342,-114,-487,-492,-159,-98,-195,-16,-352,123,-175,36,-374,-75,-228,-205,-123,-305,-120,-833]],[[1020044,15857,221,-380,305,-370,386,-355,389,-195,1507,-224,195,-98,99,-22,157,-80,87,-112,71,236,139,601,93,564,-1,1,-202,123,-109,39,-98,8,-304,-8,-603,118,-625,55,-227,53,-162,84,-161,112,-477,225,-187,41,-459,-119,-34,-297]],[[1022010,12978,31,-170,85,-228,103,-200,190,-161,32,-180,-13,-198,86,139,289,545,254,562,216,579,18,60,-80,89,-312,230,-380,93,-217,-6,-137,-40,-69,-109,-21,-211,61,-416,-19,-102,-92,-189,-25,-87]]]
1651531	r	127.8986,-3.7943,128.547,-3.3467	[[[1278986,-35239,274,-296,32,108,134,210,13,60,-67,102,-13,85,44,186,126,345,93,182,134,207,59,200,61,89,63,24,203,23,80,28,93,109,44,110,-14,-5,-226,-103,-219,-118,-212,-132,-202,-145,-192,-159,-60,-56,-203,-582,-45,-472]],[[1279124,-37031,110,-229,34,-208,66,-166,207,-98,319,16,197,148,160,204,210,184,128,47,234,48,5,-11,21,-11,42,-48,-15,-72,31,11,34,26,15,20,71,29,18,45,23,28,-9,13,28,56,-4,17,10,12,1,17,-4,13,13,-9,14,17,41,22,6,13,5,4,67,27,5,-1,23,1,25,21,4,2,193,79,133,101,53,-5,30,7,16,16,31,12,23,11,7,-19,-1,-4,27,11,-23,-5,-9,17,41,8,33,-3,38,-18,40,4,14,8,51,10,8,10,52,12,-1,7,-26,6,0,8,14,15,-13,5,-24,40,-25,23,-5,45,10,16,83,33,181,-98,-48,-55,-2,0,-63,-36,-25,-29,-24,-8,-17,-15,-11,4,-29,-12,-8,-9,0,-15,-13,6,-22,-47,-58,-48,-9,-35,-361,-241,-199,-392,-50,-71,-231,-144,-66,-94,66,7,-28,-38,-30,-27,-10,-25,-32,-32,-24,-13,-19,-53,5,-13,27,-17,11,0,-3,6,8,2,10,-2,-8,-4,9,1,125,77,52,17,37,38,53,11,52,28,80,25,110,29,27,-6,20,7,3,11,11,-4,7,40,-15,42,5,18,37,87,39,26,37,-6,52,4,9,-10,10,0,16,22,20,1,27,13,7,13,22,2,30,15,30,-23,7,-14,24,19,28,5,7,-11,-4,-10,13,-29,-2,-11,34,-3,20,18,52,-3,4,7,26,8,1,15,28,-13,33,6,32,29,8,-6,-4,-14,32,-13,28,14,15,-10,26,-2,13,13,40,10,4,16,22,-4,17,14,13,1,11,-11,13,15,12,-4,-9,38,8,16,49,-2,7,-5,0,6,7,-4,38,17,-2,21,36,24,25,-1,16,11,56,16,-8,35,12,26,18,86,8,11,26,1,16,10,1,14,-21,26,0,12,16,28,31,32,33,19,71,16,38,20,55,7,18,-18,32,24,22,106,-1,43,-27,96,-29,59,-60,78,-68,63,-81,59,-81,38,-6,23,-16,-1,-23,49,-19,17,-23,1,-8,11,6,59,12,28,24,31,37,12,13,-7,53,-2,-11,18,-20,-1,-8,9,17,-2,139,-60,200,-122,66,-14,253,82,22,156,-83,199,-55,215,77,161,135,120,48,126,-186,176,-437,73,-454,-175,-830,-625,-114,-39,-848,49,-148,-11,-132,-43,-504,-315,-232,-198,-445,-536,-40,-92]],[[1283764,-33732,228,-369,170,-159,335,-173,145,-112,100,-40,-84,103,-170,182,-182,171,-192,159,-202,145,-148,93]],[[1283875,-36269,54,-159,388,158,174,39,415,45,384,142,169,31,11,6,-71,234,-87,234,-103,228,-11,20,-71,30,-354,63,-159,77,-343,-106,-106,-86,-63,-119,-33,-136,-9,-134,-46,-162,-85,-202,-54,-203]]]
1646170	r	108.3235,-7.0188,108.8652,-6.4686	[[[1083235,-66195,1,-11,108,-21,83,0,21,-8,14,-28,-18,-90,6,-19,23,-16,-30,-82,0,-33,-9,-46,-35,-51,3,-57,-7,-25,5,-46,-5,-13,190,-71,2,-18,2,-11,16,-18,6,-30,15,-3,0,-9,15,-9,1,-23,14,2,23,-54,-7,-9,17,-29,-8,-15,-30,0,3,-29,-18,-31,-36,-8,-17,-30,8,-14,17,1,13,-49,10,-18,8,-2,-10,-12,13,-10,15,20,11,0,17,-15,6,-23,-1,-44,14,-17,-18,-47,-87,-57,-13,-35,2,-48,62,-88,20,9,13,-11,3,7,36,-12,4,7,9,0,11,-5,0,-8,25,-13,18,0,38,-27,18,-5,21,15,8,-20,16,-18,66,-48,34,-13,18,-41,0,-12,-10,-16,-17,-36,29,-3,20,17,-7,-18,3,-13,17,-20,11,-3,5,-1,16,0,1,14,11,1,-11,12,4,8,2,-1,13,-12,4,6,-8,7,14,-4,-8,-20,4,-3,35,1,31,12,26,27,-1,15,13,-21,110,-24,179,24,-2,10,6,2,9,-17,10,0,9,8,12,-4,0,-41,12,-48,23,-31,-14,-30,63,4,10,9,20,5,8,-7,33,-4,-8,24,22,55,3,31,39,-19,-6,-29,5,-44,35,-25,13,4,8,22,19,13,-4,22,24,14,-1,17,14,0,4,7,25,-11,7,-18,34,3,19,9,9,-10,23,0,3,-17,26,-3,17,3,55,-7,17,6,5,16,25,9,6,-57,-13,-35,7,-49,-1,-65,-23,-37,-25,3,-26,-77,27,-14,18,-24,17,-7,7,-12,-32,-120,15,-38,1,-36,-22,-40,12,-11,6,-34,16,-13,11,3,7,-6,8,5,39,-20,67,20,-17,-79,2,-45,4,-6,11,-4,8,8,16,-10,-10,19,5,3,15,-15,12,9,42,-7,5,20,25,-1,5,-14,-2,-36,-12,-16,-19,-51,83,-3,47,-13,22,5,23,-12,22,5,12,-7,-1,-31,28,2,24,-9,13,14,23,-15,7,-27,21,-15,33,-11,19,5,9,-8,12,2,33,-13,0,-25,25,1,-3,-32,7,1,14,19,56,-26,28,12,21,-15,15,17,4,-20,14,9,11,-2,12,-14,22,-11,-1,-20,21,3,3,14,8,5,6,-2,-1,-13,17,-5,5,12,21,7,12,18,0,25,36,10,-6,-10,0,-31,139,-58,47,-12,8,-8,66,-29,53,10,2,12,25,1,14,13,-6,8,10,14,15,9,34,0,14,12,1,14,13,-5,10,6,-9,-26,14,-24,25,-25,18,-36,44,-29,7,-14,-39,-78,-95,-66,4,-21,32,-30,70,-37,31,-2,-9,26,12,30,10,0,4,-23,13,-2,17,22,-13,4,-2,16,12,4,10,-3,9,15,11,2,12,-13,3,8,8,-1,0,7,21,19,-30,5,-1,11,34,16,-3,11,13,-1,6,6,8,-9,12,3,11,20,14,-10,-2,-17,14,-9,-3,-6,-18,0,-19,-12,16,-10,1,-18,15,-5,-7,7,2,6,15,-6,8,4,35,-9,36,-22,13,3,21,-7,20,-16,19,-1,13,8,33,-9,24,-16,42,-45,34,-15,0,-96,10,-11,17,-4,17,-29,25,-16,32,-33,-15,-73,2,-50,-18,-68,4,-37,-5,-36,-45,-36,-4,-16,91,-39,40,-39,37,-19,12,-21,11,-2,21,10,33,49,7,1,4,16,-13,50,1,35,20,22,1,10,18,1,12,11,12,-11,7,7,12,-2,8,13,9,-19,12,14,18,-1,9,18,17,-7,13,10,16,-24,-4,-16,63,-27,37,-36,17,3,25,14,41,-12,23,-25,2,-29,25,-12,2,-8,-18,-26,-1,-12,17,-3,13,-16,-2,-8,9,7,4,-9,11,5,14,-31,11,-4,14,-18,-16,-23,11,-30,0,-12,98,89,149,165,133,178,114,190,95,201,58,163,104,906,-1,18,-33,219,-7,31,-24,4,-154,45,-83,100,-428,-232,-434,-11,-171,64,-264,98,-422,287,-576,56,-40,118,-269,803,-252,1315,-98,512,-7,4,-1,0,-18,-90,3,-106,21,-100,-99,-15,-40,1,-45,-36,-19,-9,-1,-56,-52,5,-39,-16,-33,-52,-38,-1,-18,-30,-1,-50,-68,-6,-34,-29,8,-103,-13,-2,-32,-33,-13,3,-10,22,-12,3,-11,-9,-6,-17,-42,-4,-20,13,-22,-32,2,-32,-34,-1,-4,-14,5,-16,-20,-2,-8,-20,-30,7,-17,-5,-26,13,-19,-19,-9,-23,-32,-5,-26,16,-19,1,-28,26,-5,45,-31,-4,13,172,17,-3,6,14,2,127,-12,34,-32,39,-51,43,-22,8,-53,10,-97,-32,-29,-10,-92,-57,-44,-55,-25,-3,-65,14,-34,-20,-23,-20,-18,-55,-10,-13,-30,-7,-39,6,-28,-9,-39,-25,-28,-33,-18,-35,-73,9,-85,-179,-20,-15,-56,-73,-136,-126,-26,-43,-6,-44,27,-51,-7,0,-12,-25,-6,5,-11,-7,4,-4,-9,-3,-4,-17,-7,0,2,-16,-8,-13,5,-11,-12,-23,-7,-2]],[[1085048,-64705,3,0,7,-9,80,-36,110,-36,7,-1,-175,101,-32,-19]]]
1631766	r	109.4267,-7.1961,109.8738,-6.8029	[[[1094267,-71110,167,-79,209,-75,216,-54,70,-10,1,2,-1,4,3,24,-25,9,20,11,-18,54,3,20,27,28,19,42,-15,39,15,2,9,17,21,-1,33,42,22,3,3,32,-24,53,-27,22,-1,59,-36,38,13,85,-10,65,-3,9,-29,16,-17,44,-6,2,-26,52,2,17,27,45,-15,31,-42,12,-5,35,20,16,0,21,-11,67,-22,15,42,67,58,41,6,33,-11,21,16,24,17,-1,12,10,2,21,-9,12,21,68,-8,35,-28,63,23,30,-19,20,0,11,30,17,-5,31,8,43,-14,49,9,58,23,22,17,1,55,48,-2,12,35,38,20,53,63,-16,11,16,6,38,15,-2,42,24,39,2,2,25,-6,8,31,-14,10,5,-3,35,7,20,13,1,8,10,29,13,60,5,7,14,32,25,5,-25,27,-4,6,27,-9,23,9,10,24,4,26,-26,11,17,22,10,-5,24,13,-1,-3,11,10,7,-8,12,3,28,-19,17,16,17,-2,8,7,8,1,-6,6,2,-4,11,6,0,9,14,-7,12,3,28,-17,32,11,13,16,-4,5,6,-3,28,18,6,1,12,-19,7,-3,7,30,7,6,7,-22,17,16,10,-4,27,-21,-6,-1,11,32,31,33,0,16,-11,22,6,9,14,-8,9,6,13,-8,13,7,3,19,-9,36,17,-1,9,-25,12,21,17,22,4,-5,22,24,14,-4,12,-19,0,9,29,14,-4,4,4,-2,5,-18,6,0,13,11,5,7,-13,16,-10,9,11,-3,9,-20,8,2,16,16,3,4,8,-46,-7,-1,10,27,11,3,10,-32,-11,17,28,-18,12,6,32,17,-11,14,10,18,1,16,26,11,-5,13,-27,-5,38,-5,8,2,10,-2,13,-599,87,-375,322,-95,-87,-44,-31,-165,-177,-374,-2786]],[[1094930,-71326,135,-122,178,-132,190,-114,201,-95,209,-75,216,-54,219,-32,222,-11,222,11,219,32,216,54,209,75,201,95,190,114,178,132,165,149,149,165,132,178,114,190,95,201,10,27,0,742,138,686,-1482,479,-270,39,6,12,-7,-11,-48,6,-3,3,2,21,-3,-21,1,-2,-9,1,-2,17,-5,-16,-203,29,-60,27,-10,-16,-653,94,0,-2,-9,-6,-16,5,-10,-17,-21,15,-15,2,3,-18,13,-23,-8,-15,94,-650,-1093,-2169]]]
1633118	r	113.1905,-3.1092,114.6855,-1.2769	[[[1131905,-16342,4901,-14750,8600,5154,1449,9103,-296,416,-385,472,-415,445,-443,418,-469,387,-494,356,-515,322,-536,288,-552,252,-568,215,-581,178,-591,138,-599,100,-604,60,-607,19,-607,-19,-604,-60,-599,-100,-591,-138,-581,-178,-568,-215,-552,-252,-536,-288,-515,-322,-494,-356,-469,-387,-443,-418,-415,-445,-321,-395]]]
1214189	p	1214520
1641134	r	107.0847,-6.5908,107.6439,-5.939	[[[1070847,-60022,53,-20,21,-15,10,-20,-1,-53,6,-12,61,-2,19,-18,-3,-11,-41,-23,-22,-24,-12,-25,2,-28,12,-7,9,2,22,27,10,2,59,-38,62,-1,9,-17,4,-32,127,171,149,165,164,149,4,3,-78,22,-89,41,-60,36,-110,96,-103,106,-91,115,-52,43,-4,-45,-21,-72,1,-44,-22,-2,-6,-21,2,-10,12,1,8,-6,13,-28,-12,-10,-5,-14,-13,5,-11,-12,-16,-30,-18,-6,6,-29,10,-10,-9,-19,-18,-15,16,-7,-22,-20,-22,-9,31,-8,-11,-21,21,-9,2,-6,-22,-17,-29,2,6,-15,18,-4,-18,-19,-6,-20,23,-13,13,-23,-1,-17,-10,-16,-26,-24,-1,-19]],[[1071643,-65016,8,-17,-5,-34,7,-21,-6,-21,7,-7,22,3,2,-32,-14,-16,21,-11,0,-24,12,-25,-4,-7,19,-4,13,-36,14,-6,13,-21,2,-23,-9,-9,20,-3,-6,-34,3,-18,19,-21,-7,-29,9,-18,-5,-13,11,-15,-8,-15,6,-10,0,-17,26,-12,2,-13,28,-11,11,-21,-3,-15,9,-16,16,-9,20,1,10,-35,-2,-24,8,-14,-4,-28,15,-24,8,-42,120,-87,84,-35,26,-3,44,1,17,36,21,19,60,38,92,-25,30,11,58,36,35,50,-4,36,42,80,31,38,63,37,1,34,13,19,9,36,9,6,44,97,52,7,62,54,20,80,-1,21,-15,40,11,42,-10,10,17,20,-7,37,35,5,-4,12,6,15,23,17,20,7,58,34,2,0,4,2,13,1,12,24,36,22,138,32,16,14,56,16,6,3,2,0,5,1,27,-13,49,3,43,-27,65,8,14,14,23,4,41,-25,94,-74,27,-13,50,1,34,14,15,-15,16,-7,120,-30,-6,39,2,46,-17,12,-39,11,-18,14,-6,53,-12,27,-1,3,-63,41,-16,19,1,31,9,24,46,5,60,-12,31,3,125,31,54,1,284,61,16,13,-3,53,27,50,27,19,47,16,70,3,11,27,23,28,14,13,20,2,6,26,-11,26,29,31,3,22,69,-16,26,-14,29,-27,50,7,17,18,2,32,30,18,19,22,20,7,24,21,2,2,8,19,5,13,3,13,3,2,2,3,27,18,21,23,17,-4,12,23,2,1,26,2,2,-9,25,-14,27,-30,45,-9,82,-38,93,-1,10,3,12,32,25,-3,9,37,13,19,-6,6,6,40,24,9,2,7,-7,31,9,41,-9,42,-18,30,6,20,23,18,21,3,4,6,-7,12,5,6,14,9,10,-5,33,22,16,60,-11,14,1,12,10,22,39,31,-3,24,16,8,7,-24,27,6,1,22,13,5,-5,15,4,17,14,-7,13,7,0,38,15,2,5,12,14,7,-8,16,-17,5,-4,7,12,9,2,16,24,16,3,15,17,10,20,24,-8,20,10,13,-4,6,-12,-18,-8,-1,-3,28,23,2,6,12,-3,9,21,6,-5,13,-12,-3,-3,-9,-5,4,16,24,16,0,9,12,20,6,-9,11,13,3,25,48,3,66,9,13,-5,7,23,6,6,10,-17,27,-14,5,3,11,13,10,-11,5,-15,-4,16,38,-2,25,21,3,26,16,14,39,-4,9,-13,6,2,35,-11,12,-16,1,0,18,-33,64,4,17,-7,15,8,25,-4,13,11,15,-19,37,38,16,8,28,-5,20,12,4,6,11,-18,11,-17,26,17,0,6,15,26,23,68,16,21,-11,9,7,5,3,11,-15,27,-6,-3,18,14,8,13,22,-8,23,16,31,-5,37,30,9,14,17,29,4,14,-4,18,30,19,-3,10,32,20,7,7,16,56,55,9,-1,16,-23,76,15,31,22,22,35,46,35,-124,125,-43,66,-17,41,-18,18,-3,31,-12,-19,-4,21,-72,11,-21,-3,-92,7,-107,-20,-79,-6,-56,4,-69,16,-98,37,-105,22,-34,24,-14,-7,-17,10,-19,-8,-59,8,-47,25,-17,-2,-25,9,-34,20,-5,-106,-26,-177,-2511,-356,-264,-38,-150,-631,-1,1,-20,-23,-33,-7,-6,-7,5,-19,28,-5,7,-8,-8,-8,-25,-2,6,-26,-11,-36,-10,-5,-11,4,-6,28,-12,7,-18,-7,-9,-18,10,-26,13,-5,32,4,16,-10,4,-12,-8,-10,-36,8,-20,-7,-4,-13,12,-31,-35,-22,-7,-9,-1,-20,33,0,13,-11,0,-20,25,-7,-37,-158,-21,7,-11,-1,-4,-26,-15,-22,-2,-26,3,-12,18,-19,1,-18,-9,-13,-13,-4,-16,22,-28,6,-11,-4,-1,-9,25,-11,7,-17,-4,-14,-36,-16,-16,-20,6,-31,-9,-24,19,-14,10,-17,27,-9,12,6,-83,-351,-12,2,7,-24,-15,-61,-10,5,-28,1,-12,-11,15,-20,29,-3,-90,-381,-19,-5,-5,-63,-32,-16,-16,0,-5,10,21,19,-2,16,-29,-3,-11,-9,13,-28,-2,-22,-28,4,-13,-6,24,-13,-3,-32,-25,-16,-27,8,-41,-16,0,-12,17,-3,9,-12,-2,-26,3,-50,-46,-15,-3,-14,8,-16,-1,-13,-35,-6,-6,-28,-17,-16],[1072114,-63757,4,10,8,2,-10,-41,-2,29]],[[1072918,-59569,288,-55,281,-114,-36,28,-43,24,-363,115,-77,7,-50,-5]],[[1073635,-59879,161,-206,335,-547,125,-157,-10,16,-12,38,-95,174,-45,110,-78,127,-58,69,-39,60,-149,176,-135,140]],[[1074428,-61007,29,-36,228,-383,2,15,-77,117,-119,233,-23,62,-40,-8]]]
1640660	r	111.7716,-7.9798,112.381,-7.6561	[[[1117716,-78553,1384,-659,1477,-586,905,481,1778,-160,550,1801,-10,3,-49,36,-18,-3,-6,7,-33,4,-11,14,-14,0,-17,9,-7,-5,-17,7,-15,-8,-34,47,-17,8,-4,12,-39,25,-33,34,-58,1,-14,14,-18,3,-35,24,-5,26,-18,6,-13,-5,-16,9,-25,-6,-33,21,5,6,-9,9,-11,-1,-6,-10,-17,11,-25,0,-17,11,-6,14,-19,6,-1,11,-13,-1,-3,7,-7,-5,3,11,-15,1,2,9,-9,8,-19,-4,3,8,-25,11,-13,-2,-7,17,-10,-5,0,6,-12,1,-4,8,-2,-17,-21,9,1,8,-18,-10,-3,8,-10,0,1,-6,-8,-4,-1,5,-19,5,8,5,-8,6,-12,-5,-4,7,-23,-9,-23,7,-9,-7,-40,9,-31,-1,-124,31,-8,-5,20,-33,-12,-18,-98,1,-49,19,-18,12,-7,17,-91,91,-9,38,-55,23,-9,9,17,50,-41,9,-22,11,-35,34,-34,51,-65,24,-5,14,18,46,-6,7,15,29,2,35,-23,8,-10,20,-47,37,-14,38,-25,13,10,34,-18,7,-7,18,-182,25,-1004,-524,-121,40,-13,-9,-66,-63,-17,-33,-14,-55,-40,-31,-56,-4,-40,-23,-43,17,-59,4,-70,-22,-38,11,-9,-4,-66,-168,9,-75,-3,-98,8,-23,-5,-4,-13,-7,-33,5,-72,27,-37,25,-35,44,-6,25,6,10,-12,24,-1,27,-30,16,11,12,-6,37,-7,6,7,11,-8,11,5,13,-8,46,-43,9,-2,12,-25,12,-24,20,-29,74,-31,52,6,20,8,3,-13,34,2,34,-978,-554,-13,-37,-18,-22,-18,-14,-37,-12,-11,-18,-51,-33,-39,-35,-38,-17,-29,-27,-53,-71,-18,-2,-61,-48,-34,-17,-37,-33,-11,-29,-42,-29,-86,-90,-55,-17,-56,-2,-10,-28,10,-35,-7,-34,-27,-28,-30,-6,-31,-25,-27,-55,-18,-21,-53,-3,-23,15,-64,15,-3,9,-4,-33,-29,-12,-16,-19,-18,-30,-12,-43,-12,-20,-25,-15,-10,-14,-15,-41]]]
1642588	r	113.2642,-8.5584,114.0433,-7.95	[[[1132642,-84872,1,-16,11,-8,35,3,15,-7,-10,-44,-9,-7,6,-21,100,-32,7,17,5,-1,3,-12,8,7,7,-7,-5,15,8,5,30,-3,2,-10,9,6,7,-4,-4,-21,-7,-6,4,-7,12,17,5,-22,1,10,19,2,5,-7,-7,-33,12,16,17,1,7,-12,19,-8,-8,-11,13,-6,16,28,-6,13,8,5,6,-5,-3,5,16,7,12,-5,1,-17,9,8,8,-7,0,13,18,-14,-3,-21,-17,3,6,-24,52,-10,4,39,17,19,-4,20,18,9,7,-17,-8,-24,-10,-1,-8,-51,31,13,2,19,35,4,82,34,29,-9,33,6,45,18,12,11,6,-3,-2,-9,6,-1,18,6,3,12,21,1,5,-16,11,6,25,-7,19,-14,13,11,14,-29,14,4,-4,22,17,7,2,-5,13,2,12,10,14,-2,39,22,1,7,10,-3,-1,-11,21,-21,11,9,-3,16,4,-4,20,18,8,-25,21,14,32,1,2,4,-12,6,10,6,8,-2,4,17,6,1,3,-27,16,16,36,5,-3,13,8,-1,6,-10,16,7,8,-9,13,5,3,12,9,-14,23,8,7,-6,8,19,8,1,13,-14,15,19,15,-6,34,-24,27,11,-8,21,11,-12,10,16,15,-11,-28,47,16,-9,-5,6,12,5,-1,-19,17,0,14,-19,1,9,4,-6,25,19,2,8,-15,16,-2,12,13,7,4,17,0,2,0,77,6,12,14,2,-1,10,1,1,4,2,-4,10,-1,2,12,6,26,-25,41,52,-38,18,-7,-21,-19,-4,-11,3,2,6,-9,10,-12,14,-44,-49,-22,-1,-1,14,23,13,4,33,-34,-10,4,44,-11,3,0,23,-16,26,-18,-3,-18,27,-31,-10,-21,17,-27,4,9,-35,-98,-1,-25,9,-12,-21,-49,5,-30,26,-12,22,6,28,-16,4,-15,-28,-60,-1,-62,43,-37,-36,-3,-25,-40,-6,-4,-19,-18,-6,-20,13,-5,31,-47,9,-29,42,-47,-2,-12,-38,-27,-5,-79,4,-68,30,-34,-7,-15,2,-2,7,-9,-5,-8,17,-10,-7,-11,8,8,9,-7,4,2,7,-37,17,-28,0,-2,-1,-33,-12,-5,-18,26,2,3,-14,1,0,5,-23,-13,-1,-3,-21,-17,-31,1,-16,-31,-34,-45,-22,-30,-1,-57,-1,-35,-29,-23,-9,-3,-6,11,-23,-20,-30,-8,-59,-21,-18,-2,-11,10,-13,-14,-37]],[[1133037,-83069,23,-14,27,-5,17,-22,86,-48,99,-67,310,-277,131,-188,95,-216,52,-97,34,-4,22,7,94,71,76,43,94,53,54,25,46,12,82,14,30,1,-1,-1,3,1,84,2,100,-15,130,-39,7,-4,23,-45,-2,-16,2,-41,13,-26,-16,-16,31,-17,14,-17,2,-16,-17,-9,10,-7,-3,-9,11,-16,4,-37,18,-25,19,-7,18,-15,23,-1,5,11,63,16,14,-13,16,-2,8,-29,24,0,6,-8,32,-12,-1,-38,29,8,-3,7,12,17,15,-20,19,6,26,-37,25,3,30,-12,13,-10,4,-18,27,0,15,-6,4,-10,13,-1,0,11,3,0,128,-12,60,9,22,-6,5,-26,35,-34,6,10,-4,25,7,30,16,13,158,23,56,-23,43,-38,5,-20,-16,-7,-3,-9,10,3,2,-7,-15,-16,19,-2,20,-24,-13,-19,8,-18,42,15,-8,21,17,5,10,-7,-3,-9,4,2,3,7,11,-13,63,-49,291,-58,-15,-19,15,7,11,-14,22,-8,35,9,7,-13,13,4,57,-24,20,-30,6,-23,-5,-20,-16,-22,-14,5,-24,-15,-4,-29,10,-15,3,-20,70,-18,36,-33,3,-17,-6,-10,13,-15,0,-16,-13,-9,-6,-16,-22,-1,-11,-10,22,-24,-3,-20,105,8,32,-15,4,-28,47,11,38,-11,10,7,4,30,7,5,15,-11,137,-17,14,-10,-9,-12,1,-24,-5,-7,9,-15,-3,-8,28,-10,14,11,8,21,25,9,7,8,-8,9,7,13,-6,7,7,19,26,10,5,7,4,1,86,12,132,-87,3,-13,-26,-24,-3,-27,-9,-15,6,-10,21,-6,0,-15,-6,-8,-21,0,-39,-21,7,-51,-24,-16,-6,-11,14,-16,-5,-26,8,-12,38,11,8,20,-8,4,6,7,-2,4,11,5,8,26,11,2,-1,8,7,1,-5,3,7,5,-8,-61,42,-36,178,-7,90,9,39,31,55,92,2,1,1,0,5,4,128,72,171,51,154,19,44,-38,-8,-5,-24,2,-17,-24,0,-18,26,-2,5,-34,13,2,6,-7,-1,-27,-12,-15,-27,4,-20,-15,-5,-16,17,-5,14,18,6,-9,-7,-21,6,-2,-3,-7,7,3,2,-5,-11,-19,10,0,-4,-17,5,6,5,-3,-7,-21,11,2,-14,-32,10,-3,6,-18,21,-4,8,7,24,1,10,-9,7,-20,-34,-14,-3,-8,18,-14,3,-17,-10,-8,-17,-1,-4,-18,6,-11,-15,-6,-5,-15,-18,5,-12,-5,-7,-24,2,-31,-9,-2,-2,-12,6,-1,6,12,7,-4,-6,-18,6,-6,25,-3,5,10,8,0,7,-10,-10,-14,10,6,25,-13,19,42,-11,28,8,10,-9,20,7,29,41,7,16,33,26,0,1,-13,10,3,4,12,-8,10,3,32,22,57,-1,32,7,6,39,4,24,-5,27,-21,2,-9,-10,-13,2,-13,5,-3,5,5,11,-18,-3,-18,-15,0,-11,-36,-17,-8,15,-26,-5,-15,20,-21,-7,-16,-20,-16,19,-10,9,-19,66,76,35,132,16,29,40,37,21,65,4,41,-81,65,-42,55,-6,13,-4,78,27,193,34,128,0,78,29,103,21,115,14,28,37,33,69,37,98,68,26,1,44,-12,27,18,36,41,20,13,18,-10,21,-25,61,-105,7,-27,-20,-51,2,-26,62,-57,31,-17,17,-2,111,78,92,75,16,12,26,30,16,47,11,86,99,74,-22,15,-8,28,-57,37,-26,8,-6,17,-24,24,-26,-1,-14,12,-37,14,-6,17,-10,3,12,27,23,16,-7,9,12,24,-5,15,-28,1,-6,31,-22,21,-2,11,10,16,-10,28,11,9,-24,24,2,16,-16,10,14,1,11,11,-22,36,-10,6,-21,-1,10,27,-11,24,-43,-19,1,21,-26,10,15,6,-2,16,31,30,1,17,63,34,20,21,21,2,2,29,9,21,21,17,1,0,-1,1,-14,41,16,14,10,22,-20,11,-14,25,-11,3,-3,54,-32,23,12,13,14,53,19,22,-3,23,14,31,32,13,10,66,16,24,18,4,8,18,-5,62,15,36,-2,24,22,29,-13,13,10,13,-29,20,-1,16,9,26,-6,24,51,62,48,45,74,16,52,-7,26,3,48,48,24,63,2,25,-16,42,27,35,2,14,-12,15,-16,7,-22,34,-31,68,-20,9,-1,2,-3,4,0,1,-1,2,2,2,81,75,17,43,32,49,101,21,101,48,4,18,52,43,36,73,16,9,22,28,3,33,23,14,3,15,51,50,58,80,49,49,41,20,77,-9,11,3,2,0,20,4,41,31,13,21,0,1,2,13,0,10,-4,4,-35,9,-20,20,-28,-2,22,41,-13,17,2,14,20,-6,9,18,-8,6,-38,-3,-44,51,-15,131,1,69,-61,24,-30,54,-50,26,-17,36,-13,12,-19,51,-44,36,-40,20,-48,-4,-27,8,-12,15,-10,-3,-14,10,-5,-5,-20,1,-1,1,-86,49,-68,60,-12,8,-12,2,-5,-1,-14,-8,-1,0,-1,-1,-47,-1,-39,10,-33,23,-3,8,-16,2,-25,33,3,7,-7,9,-26,20,-93,25,-10,33,-5,-2,-22,19,-15,0,-29,17,-9,15,-8,-3,-2,22,-11,5,-8,-4,-16,10,-17,26,-10,0,-6,10,-23,12,-9,14,-11,-3,-43,6,-12,16,-19,8,-18,-3,-14,11,0,9,-32,4,0,13,-10,6,-11,-7,-17,-1,-17,11,-23,-2,-9,23,-10,-6,-8,10,-12,-5,-14,14,-18,0,-4,9,-21,12,-46,-3,-12,9,-8,-11,-2,-5,3,-47,36,-27,5,-12,-1,-15,-40,-88,-5,-10,-92,13,-10,-31,-5,-2,-2,-4,-4,1,-3,-1,-5,4,-8,3,-58,52,-56,77,-6,1,-31,-50,-17,4,-22,22,-20,5,20,-65,52,-7,14,-23,-5,-13,12,-45,0,-59,-32,-7,-37,4,-37,-18,-40,2,-6,7,-21,-6,-21,10,-16,-9,-13,5,-25,-15,-57,26,-4,-6,-6,5,-17,-8,-47,7,-20,-12,-10,6,-1,-9,-11,9,-29,-24,2,-13,-10,5,-14,-9,-6,-34,5,-5,-13,-8,-4,-16,-13,-6,-7,6,-15,-12,-22,25,-10,-6,-16,3,10,33,-2,16,-37,42,-10,-1,-9,-15,-49,-27,-9,-11,-49,7,-5,45,-19,26,-22,8,-38,38,-13,8,-17,-1,-27,-55,-48,-27,-21,-64,-28,-45,-22,17,-21,42,-23,6,-10,-7,-2,-17,17,-64,-16,-29,-1,-22,-3,-2,-3,-1,-2,-1,-23,11,3,29,-10,4,4,9,-13,26,-5,30,10,34,-17,19,-10,1,-25,23,-13,2,5,19,-8,2,-3,26,-35,25,-13,21,1,16,-10,23,-25,36,-15,3,-13,15,5,10,-15,12,-8,24,-33,14,-10,-7,-17,12,-10,18,-44,39,-26,38,-20,10,-64,-6,-62,5,-20,9,-48,-14,-36,3,2,16,-10,30,-40,53,-13,39,-23,12,-18,35,-50,63,-9,30,-3,49,-16,36,19,64,0,4,-60,-10,-22,9,-16,-11,-45,-3,-21,-10,-21,-24,-21,-6,-12,1,-8,-1,-17,4,-32,4,-16,-13,-33,-12,-50,3,-60,-6,-8,-13,0,-18,-633,290,-868,0,-61,-724,-45,-5,-38,17,-41,-35,-50,11,-54,-11,-35,3,-5,9,7,31,-31,38,-12,-5,-9,-31,-9,-8,-49,-3,-15,14,7,39,-74,48,-101,0,-17,9,-49,-29,-29,45,-28,15,-31,33,-32,11,-9,8,-2,20,-43,27,-27,-68,-7,-31,1,-46,-9,-18,-42,-2,-42,-38,10,-10,-10,-3,2,-15,-31,-11,-5,-14,-9,12,-21,-6,-5,9,-2,-21,-20,8,-7,-12,3,-11,-10,3,-15,-11,1,-15,-6,-5,-52,1,-2,-18,-11,-15,-16,-14,-15,-25,-16,-3,8,-8,1,-19,-12,-31,-1,-22,-21,-15,-1,-29,-13,-12,8,-21,-18,-9,-14,-30,25,-58,-12,-1,1,-28,20,-10,-3,-12,20,-10,-10,-10,12,-4,0,-26,34,-18,-6,-7,4,-29,9,4,2,-5,-10,-10,0,-17,28,-13,3,-11,17,6,6,-13,-10,-17,32,-2,18,-18,0,-7,-11,-4,7,-15,-11,-23,-22,-11,7,-12,-5,-16,14,-19,-11,-17,6,-27,-14,6,-7,-4,15,-11,3,-28,14,-4,8,-26,24,-32,-22,-39,-11,7,-15,-12,-12,-31,6,-11,10,7,7,-9,10,2,19,-9,-1,-19,27,-57,39,-26,18,-4,6,-50,-18,-15,1,-17,-19,-25,-5,-50,34,-26,32,6,5,-94,-17,-22,-2,-17,-14,3,-5,-18,-12,-2,4,-16,-22,3,-2,-20,-41,4,0,-17,-24,-2,9,-16,-6,-44,23,-55,-7,-54,-46,-42,-27,-1,-48,-76,-18,-12,-3,-17,-9,-5,3,-32,-34,-17,-11,-18,-43,-6,-21,5,-7,12,-29,-1,-19,-2,-33,-19,-29,-44,9,-13,-1,-15,-23,-18,-13,-1,3,-18,-12,-21,-42,-21,-7,-18,-18,-15,-25,6,-1,-13,-45,-15,-3,-32,-10,-16,20,-10,19,-36,-6,-53,3,-49,41,-98,7,-36,-4,-37,-27,-126,-45,-131,-39,-93,-39,-41,-10,-22]]]
1624494	r	108.8548,-7.2061,109.2922,-6.7887	[[[1088548,-69205,1,-17,32,-219,54,-215,75,-209,95,-201,114,-190,132,-178,149,-165,131,-118,2,2,72,-151,114,-190,132,-178,149,-165,165,-149,178,-132,190,-114,201,-95,209,-75,216,-54,219,-32,222,-11,197,10,383,78,13,42,-4,22,-14,14,-6,31,4,28,-7,8,9,36,-3,11,8,79,-8,10,-11,-5,-18,7,-36,42,-12,36,-7,4,6,28,-6,3,-3,11,28,35,3,21,18,9,10,31,-17,-5,3,21,-10,31,-43,20,-6,30,-15,2,3,11,25,14,9,15,7,-7,8,13,29,3,14,9,2,13,18,-5,13,6,38,-10,61,22,63,-6,20,42,13,3,-3,16,19,5,2,26,-6,8,14,5,12,43,-4,5,22,39,6,29,-5,17,10,9,-6,6,5,20,15,9,1,13,7,2,-6,18,14,10,-10,12,11,2,1,6,-12,8,16,1,4,9,-12,15,30,-6,-20,21,21,3,14,22,0,15,-12,13,25,-6,-7,21,20,4,-6,19,15,1,-4,10,9,10,-1,12,7,3,-4,10,16,7,-5,10,26,5,16,11,15,-13,22,-6,-6,20,20,-4,16,15,18,-5,-1,38,26,12,13,37,45,11,19,15,15,0,27,27,23,-6,6,10,19,-3,15,15,20,2,3,20,27,16,-6,23,17,43,-4,17,11,39,-14,15,-2,13,32,49,41,11,0,6,5,44,-12,15,2,13,16,1,36,25,-13,43,23,32,0,11,-5,19,-20,13,-3,11,26,24,-3,27,17,-5,21,11,1,15,-13,41,7,10,-250,1301,-355,40,-542,60,-230,-7,21,35,52,60,8,29,-28,2,-34,-23,-26,-8,-95,-4,-65,13,-3,20,4,-28,-5,-9,-32,-11,-21,4,-160,103,-234,71,-148,115,-238,185,-120,59,-207,69,-195,-5,-86,-162,-20,-225,-73,-138,-145,-66,-241,-11,-218,47,-111,98,-83,127,-84,80,-55,52,-135,41,-11,2,-41,-88,-58,-162,-104,-908]]]
1650217	r	114.5926,-3.8437,115.1849,-3.1839	[[[1145926,-36331,38,-48,147,-460,-34,-852,91,-66,223,-139,232,-125,240,-109,246,-93,251,-76,256,-60,260,-44,261,-25,263,-9,263,9,261,25,260,44,256,60,251,76,246,93,240,109,232,125,223,139,213,154,204,168,192,180,179,193,167,204,153,215,109,177,-1477,977,99,133,113,190,95,201,74,209,54,215,32,219,11,222,-11,222,-32,219,-54,215,-74,209,-95,201,-113,190,-132,178,-148,165,-164,149,-177,132,-189,114,-200,95,-208,75,-214,54,-218,32,-221,11,-221,-11,-218,-32,-214,-54,-138,-50,-497,-1478,-128,-265,-7,3,-425,-892,1,-4,-796,-1645,-31,-64]]]
1646494	p	1645524
1215355	p	1214520
1214204	r	98.757,2.6443,99.3506,3.2039	[[[987570,29356,17,-168,33,-204,47,-201,60,-198,72,-193,85,-188,97,-183,108,-175,120,-168,130,-160,141,-150,150,-142,158,-131,168,-120,174,-109,181,-97,187,-86,193,-73,196,-60,200,-46,203,-34,205,-20,205,-7,205,7,205,20,203,34,200,46,196,60,193,73,187,86,181,97,174,109,168,120,158,131,150,142,141,150,130,160,120,168,108,175,87,163,-100,2721,-4697,1134,-79,-65,-150,-142,-141,-150,-130,-160,-120,-168,-54,-88,-465,-1910]]]
1215502	r	95.0574,5.2384,95.631,5.8416	[[[950574,56675,33,-113,340,274,274,-143,102,108,10,112,-63,108,-118,94,69,-68,-198,155,-77,75,-34,-41,-115,-160,-104,-168,-92,-174,-27,-59]],[[951091,56220,25,-101,107,-51,115,-6,115,-20,110,-94,70,76,81,48,91,20,106,-7,-137,199,-224,283,-132,74,-60,-178,-59,-63,-117,-83,-91,-97]],[[951973,55464,63,-127,215,-283,-12,-158,129,-156,87,-135,-136,-97,178,-258,39,-134,-19,-160,-64,-165,-114,-198,-20,-147,-97,-182,-169,-188,-63,-147,224,-60,105,-46,76,-115,45,-148,6,-50,75,-23,192,-45,194,-32,196,-20,197,-6,197,6,196,20,194,32,192,45,188,57,185,70,179,81,174,93,167,104,160,115,152,125,144,135,135,144,125,153,115,160,104,168,92,174,82,180,69,185,57,188,45,193,32,194,19,197,7,197,-7,197,-19,197,-32,194,-45,193,-19,62,-72,24,-354,46,-425,-92,-124,-129,-101,-62,-85,21,-84,72,-172,113,-274,260,-178,51,-190,-51,-437,-283,-103,-44,-137,-16,-99,-32,-195,-141,-109,-60,-166,-132,-85,-44,-101,0,-93,31,-99,15,-117,-46,-149,59,-112,-72,-154,-267]],[[952617,58336,42,-125,71,-140,136,-127,161,-87,176,-50,181,-15,120,44,49,116,2,324,132,-93,39,-47,34,-65,68,0,0,297,-135,22,-196,20,-197,6,-197,-6,-196,-20,-194,-32,-96,-22]]]
1632228	p	1625084
1646559	r	108.5559,-7.7846,109.3955,-7.1387	[[[1085559,-72882,15,-25,26,-21,-2,-53,6,-23,56,-70,-19,-25,-4,-22,-38,-4,41,-50,-6,-13,-34,-14,-3,-7,8,-22,-12,-34,4,-80,11,-6,26,-1,46,30,33,0,44,-24,-2,-50,33,2,11,-8,37,-69,-1,-24,28,11,18,36,19,6,20,-8,0,-31,7,-1,13,9,44,-33,18,1,62,42,58,24,26,-5,12,-27,-7,-26,20,-10,11,2,10,11,-20,30,11,16,32,-14,17,0,98,25,37,16,41,-22,44,-13,11,31,-3,42,13,13,36,-45,18,4,31,21,45,-22,13,-9,30,-54,-10,-9,-36,-1,-8,-12,5,-15,21,-14,52,-9,16,-26,19,-13,53,1,12,-30,-7,-37,5,-20,17,-20,45,-15,-1,-24,-46,-35,-6,-13,40,-11,33,-20,-9,-66,18,-35,31,-32,-2,-8,-25,-13,-1,-27,7,-16,7,-8,20,-2,46,13,25,-6,42,-100,-3,-17,-15,-19,4,-15,63,-33,28,-50,31,-31,23,-5,34,4,12,-15,6,-21,29,-2,10,-8,-3,-18,-19,-23,6,-49,-10,-45,-75,-114,-8,-34,41,-79,10,-13,-1333,-2184,413,8,134,-18,76,-51,52,-233,209,-43,51,17,18,87,-64,194,86,86,100,99,122,67,100,-1,80,-46,71,-57,64,-26,257,-142,272,193,41,33,9,0,25,12,20,21,10,-2,7,-8,18,-57,-3,-17,-18,-21,-48,-31,0,-35,25,-38,1,-21,-10,-23,-17,-11,-30,1,-19,-7,-92,-88,65,-59,21,25,17,9,19,5,22,-5,16,-15,-20,-122,-3,0,-16,-39,-24,-12,-18,-18,0,-10,17,-9,4,-25,-19,-19,6,-14,-26,-7,-10,-16,31,-8,15,-17,33,30,27,6,12,-14,14,-34,-10,-17,18,-13,54,7,36,47,13,8,57,-14,65,9,71,-21,32,5,3,6,33,-12,18,17,17,2,37,-22,20,-3,5,-12,14,13,36,-12,44,-30,35,8,-4,13,-18,9,7,5,20,-6,47,1,21,-8,37,-30,8,9,92,-9,37,-17,15,-13,1,-8,6,6,2,-8,18,4,17,-10,27,0,14,-16,22,7,11,-8,58,-6,24,-10,8,-15,25,5,6,17,26,3,29,-12,41,-3,8,-5,1,-10,13,-3,13,10,19,-14,16,5,17,-15,42,-6,28,-23,33,-3,29,7,9,-11,56,-13,17,-10,5,13,12,4,19,-11,13,4,6,-13,15,-3,15,0,-3,7,5,5,16,1,9,-10,22,-8,2,-12,14,5,18,-6,1,15,12,-5,7,7,7,-17,8,7,32,-27,7,2,12,21,26,-9,-5,-19,6,-10,69,-36,10,9,25,-18,56,-18,27,0,6,-9,9,6,102,-27,62,-3,9,-9,39,-1,31,9,-4,11,35,-6,9,-11,8,8,7,-1,10,-3,3,-2,1,1,82,-25,5,1,10,-25,12,-13,11,4,10,-7,10,7,11,-9,4,9,13,-1,12,21,12,2,-10,2,-12,19,3,19,32,7,5,16,16,2,-19,39,0,23,-8,0,3,12,-41,73,-5,5,-9,-6,-10,5,-12,-10,-6,3,-25,-9,-1,-3,-132,-6,-27,26,-7,77,-3,88,7,48,10,38,25,50,-5,2,93,94,106,143,88,56,298,87,36,-8,17,14,-11,3,-1,-8,-6,1,-1,8,59,17,0,-1,1,1,5,2,1,-5,7,-1,3,9,49,14,991,-93,567,-57,-42,43,27,-3,354,-30,220,-30,248,-42,333,-77,139,-41,32,-16,55,-43,20,-1,17,46,-36,0,-22,13,-10,40,16,61,0,34,16,44,9,17,37,18,3,21,-6,16,-73,73,-14,1,-7,-24,-9,-10,-49,40,4,9,75,53,-7,67,-38,84,3,17,-5,40,-44,35,-5,-15,-58,16,-27,36,-24,3,-51,27,-7,10,7,38,-32,48,-50,-15,-31,7,-51,-15,-13,21,-5,23,-15,-3,-133,60,-55,4,-135,29,-113,17,-68,30,-75,2,-34,12,-25,-4,-37,15,-115,15,-2,11,9,25,9,84,39,100,2,40,-8,17,-94,3,-49,14,-92,54,-258,182,-67,38,-64,25,-30,28,-65,18,-235,38,-37,-7,17,-123,-14,-63,-20,-33,-76,-25,-209,-12,-16,16,-67,11,-73,-12,-1999,1409,3,2,34,10,48,46,-6,44,-12,30,31,28,13,31,46,49,-3,17,-34,50,31,76,2,54,-30,16,-2,12,43,43,22,10,30,2,44,36,23,65,1,27,13,6,14,26,-49,30,5,19,13,21,18,6,0,10,15,5,-5,10,22,-3,17,18,18,-1,26,26,-6,44,10,16,-8,6,8,9,-13,19,9,3,4,-7,7,18,13,10,24,65,-2,39,-20,-2,-29,-18,-41,30,-27,4,-23,-11,-30,24,22,6,2,25,-8,18,-25,2,24,58,-10,30,-12,3,-59,-24,-35,21,-9,0,-34,-28,-19,-6,-53,11,-33,36,-38,21,-11,18,0,33,-18,24,-45,18,-16,72,14,26,-10,21,-35,28,-24,8,-21,-2,-23,8,-11,-2,-53,15,-21,14,-20,18,14,40,-2,24,-55,11,-7,-10,-23,5,-4,16,-17,12,-51,-8,-46,15,-53,-8,-17,6,-13,20,-22,16,-3,11,6,11,-7,24,-17,6,-8,12,-32,12,-25,56,4,7,-16,7,3,15,9,-3,5,10,29,12,-1,34,26,8,33,-2,16,33,-20,-3,-26,23,-27,6,-23,-6,-43,30,-26,-1,-45,15,-39,-1,-29,23,-26,-2,-21,13,-8,13,-20,-4,-13,-19,-30,-6,-16,26,-11,-4,-35,12,-2,28,10,17,16,7,-4,21,5,38,-9,13,-8,40,-24,24,-4,16,-26,-3,-1,12,-34,64,-21,-16,-60,-4,-33,-46,-62,-28,-27,-1,-10,33,-67,16,-21,27,-22,6,-5,11,-15,6,-15,24,3,18,-12,9,-107,-11,-21,4,-9,9,5,10,-25,2,-28,22,-28,-5,-25,49,-2,31,-9,-16,7,-6,-10,-46,-38,-31,-14,-6,-34,7,-53,24,-28,-3,-24,10,-60,4,-13,11,-11,23,9,77,-7,15,-30,24,-27,61,-53,29,-19,23,-3,16,-23,19,-13,0,-25,-28,-21,-3,-18,5,-42,64,5,40,-16,42,-30,-2,-14,-5,-15,3,-60,-4,-23,-11,-10,-20,-17,-9,-12,-1,-25,9,-53,-9,-45,20,-40,-9,-76,60,-21,42,-31,31,-17,4,-49,-3,-43,35,-66,-31,-14,3,-19,18,-62,-16,-17,-30,-2,-2,-1,-3,-11,-10,-11,-12,-2,-1,-5,-6,-23,-10,-18,-11,-8,-1,-5,-2,-51,-9,-28,11,-27,-10,-32,10,-28,-5,-2,-1,-29,-46,-54,-22,-10,-13,3,-15,-7,-24,-12,-15,-22,-9,-38,-2,-44,8,-9,-3,-14,-7,-24,-33,-32,-25,0,-12,6,-18,28,-62,-57,-56,-5,-29,13,-23,-33,-6,-2,-13,58,-15,8,-34,20,-29,67,-53,13,-1,-14,26,5,5,43,-22,14,-30,7,2,5,19,11,-3,9,-44,-16,-18,0,-12,9,-24,3,-9,29,-6,6,-8,-16,-40,-12,-12,17,-17,-4,-27,5,-26,-33,-44,-7,-31,6,-12,26,-3,14,-9,8,-19,-20,-6,-35,-76,1,-10,15,-13,-3,-10,-29,-18,-11,5,-9,20,-23,-2,-15,-15,-7,-32,-32,-35,21,-29,2,-19,-19,-11,-1,-18,8,-18,-13,-16,-16,-58,-17,-15,-25,-9,-69,-71]]]
1624725	r	117.2267,2.9721,117.896,3.6751	[[[1172267,33100,8,-239,24,-238,38,-235,54,-233,69,-229,30,-78,3454,-1678,64,80,84,70,104,29,98,75,49,100,-42,106,-69,95,-23,70,-37,64,-114,75,-421,85,-437,-34,-383,28,-266,269,-10,170,37,151,-39,109,-230,42,-410,-2,-196,20,-176,56,-712,403,-115,112,-22,102,-34,98,3,75,91,30,78,-15,302,-116,219,-196,110,-16,148,138,36,106,33,409,32,94,82,79,91,68,68,63,118,194,89,106,99,48,101,33,75,87,46,122,18,133,0,276,-18,87,-44,9,-64,-14,-80,17,-227,85,-306,41,-294,-21,-195,-105,-135,251,-75,83,-138,76,-209,51,-56,-106,-98,-218,-84,-223,-69,-229,-54,-233,-38,-235,-24,-238,-8,-239]],[[1172793,34988,83,-13,855,0,827,-332,410,-87,205,214,-2,93,-32,90,-77,68,-241,49,-203,89,-101,21,-164,66,-271,315,-145,103,-576,46,-30,-28,-162,-175,-151,-184,-138,-195,-87,-140]],[[1174139,33048,31,-161,169,-97,64,10,131,93,85,34,103,9,314,-9,98,-19,81,-27,60,27,28,149,-25,117,-70,71,-172,91,-165,79,-187,38,-185,-14,-165,-75,-125,-140,-70,-176]],[[1174240,36346,69,1,201,-54,434,-210,154,-9,145,180,-9,248,-70,172,-204,-47,-228,-70,-222,-84,-217,-98,-53,-29]],[[1175147,33884,2,-79,45,-152,24,-27,17,-6,-2,-7,48,-60,12,-2,-5,-5,24,-18,58,-97,20,-97,27,-74,139,-83,11,2,-1,-6,119,-99,24,-10,-4,-4,27,-24,-7,-5,19,-5,11,-12,-8,-7,8,6,19,-14,10,8,8,-7,-8,-13,6,-7,18,14,-13,-16,6,1,2,-17,29,6,-28,-11,5,-5,21,8,-20,-12,4,-4,21,12,3,-6,-20,-12,3,-4,18,11,6,-5,-12,-9,-2,-10,33,22,9,-11,-23,-17,-4,2,-3,-9,7,-4,18,14,5,-4,-5,-4,-6,-4,4,-5,23,7,-19,-14,17,-17,9,4,-9,-10,21,13,4,-15,8,6,3,-4,-7,-7,5,-5,4,5,25,-13,-15,-15,10,-10,-12,-12,-9,7,24,-24,-13,16,12,12,12,-13,19,10,17,-22,12,-1,8,7,28,-23,11,-1,11,0,7,14,25,-1,9,11,10,2,6,-23,-7,-8,10,-14,12,-80,22,-49,-2,-6,-29,-14,30,12,43,-95,30,-33,20,-5,8,-9,-2,-15,8,-4,4,-19,38,-24,77,-26,89,4,11,5,13,28,27,20,24,48,20,14,-1,12,32,26,74,163,-19,577,119,271,47,211,19,221,-22,159,-101,115,-146,65,-165,30,-152,12,-61,1,-11,13,-26,14,-55,13,-128,16,-212,-38,-147,-9,-48,12,-29,26,-35,-1,-30,-10,-36,-27,-64,-77,-10,-17,-3,-22,-31,-22,-11,-17,-12,-1,-7,-17,-39,-21,-4,-19,-9,4,-45,-18,16,-36,-15,-4,-12,-34,-6,-4,-5,-57,-18,-59,-13,-82]],[[1175208,33463,3,-27,49,-12,6,37,-8,28,-24,1,-18,-9,-8,-18]],[[1175418,36718,48,-78,218,-89,193,-42,410,-188,219,-42,979,90,15,8,-210,96,-222,84,-228,70,-231,54,-235,39,-236,23,-238,8,-238,-8,-236,-23,-8,-2]],[[1176402,29947,466,-226,-113,137,-199,116,-154,-27]],[[1177776,35584,79,-199,334,-269,73,-175,513,-342,138,-43,47,128,-5,179,-16,112,-67,214,-11,23,-79,111,-151,184,-162,175,-174,163,-47,39,-211,27,-188,-91,-73,-236]]]
1626916	r	108.8555,0.4768,109.4103,1.0509	[[[1088555,8322,5,-206,266,-341,71,-238,-47,-205,-75,-94,-15,-91,412,-536,101,-203,39,-246,0,-412,-30,-113,-139,-223,-43,-108,31,-263,158,-243,230,-23,281,-9,281,9,281,28,278,46,274,65,269,82,264,100,256,117,249,133,239,150,229,165,217,180,206,194,192,207,179,219,164,230,149,241,133,250,116,258,99,266,82,271,64,276,46,280,27,282,9,283,-9,283,-7,70,-1495,1056,-78,-3,-2873,-110,156,-424,-15,2,1,-114,5,-16,-7,-101,-52,-229,-53,-162,-139,-288,-45,-68,-136,-173,-33,-31,-63,-32,-194,-28,-102,-40,-18,3,-7,13,-8,-2,-3,-19,-10,-8,3,-9,-151,-115,-144,-138,-71,-95]]]
1214369	r	98.9404,1.0483,99.5996,1.7117	[[[989404,13800,7,-217,21,-216,36,-214,48,-212,63,-207,76,-203,89,-198,102,-192,114,-184,125,-176,137,-168,148,-159,157,-148,167,-138,175,-126,183,-115,190,-102,197,-90,202,-76,206,-63,210,-49,213,-36,214,-21,216,-7,216,7,214,21,213,36,210,49,206,63,202,76,197,90,190,102,183,115,175,126,167,138,157,148,148,159,137,168,125,176,114,184,102,192,89,198,76,203,63,207,48,212,36,214,21,216,7,217,-7,217,-21,216,-36,214,-48,212,-63,207,-76,203,-89,198,-102,192,-114,184,-125,176,-137,168,-148,159,-157,148,-167,138,-175,126,-183,115,-190,102,-197,90,-202,76,-206,63,-210,49,-213,36,-214,21,-216,7,-216,-7,-214,-21,-213,-36,-210,-49,-206,-63,-202,-76,-197,-90,-190,-102,-15,-10,-1537,-2077,-32,-139,-36,-214,-21,-216,-7,-217]]]
1630634	r	112.9792,-7.94,113.4678,-7.6754	[[[1129792,-79350,41,-50,2108,0,2,17,29,30,8,38,8,8,6,-2,7,17,21,-2,16,22,23,3,9,51,-9,20,14,20,2,17,17,2,10,10,4,23,12,16,-5,19,-8,0,3,14,-22,3,4,22,-9,6,5,11,-5,8,3,10,-14,17,3,20,19,1,44,-15,187,-30,52,-19,94,-25,2,-9,10,-3,23,16,37,-9,23,4,10,20,3,45,38,13,8,31,23,-31,14,-5,12,-17,6,-19,-5,-86,6,-60,26,-24,39,-93,11,-3,57,14,122,3,28,8,32,-3,87,11,133,-12,36,-10,30,-33,4,-36,30,-44,1251,0,44,54,67,93,-84,1996,-25,-6,-211,-29,-221,-71,-359,-180,-353,-235,-194,-78,-238,-29,-140,68,-243,315,-198,95,-43,0,1,2,9,6,-2,7,-43,0,-26,7,-39,-3,-17,8,-15,19,-5,26,3,7,19,-13,2,5,25,-10,9,24,-25,12,15,35,-24,-51,-19,8,21,51,-11,-2,4,9,-4,1,-12,-27,-33,14,5,38,-2,-12,-8,0,-3,-26,-16,3,-10,-95,-5,0,13,142,-23,-2,-2,-52,-26,-1,-3,-56,23,-5,-13,-9,-9,-21,-18,-13,-25,-2,-36,-19,-38,-4,-64,-1,-43,9,-17,-12,-17,-37,-211,88,-327,81,-212,147,-353,345,-42,32,-809,-2264,-119,-332]]]
1623502	r	119.9967,0.2754,121.801,1.3741	[[[1199967,5036,76,-122,374,-526,407,-499,439,-472,469,-442,268,-221,145,165,585,862,417,451,254,187,107,101,110,136,135,121,163,51,173,29,772,385,166,47,1768,17,191,-64,316,-307,206,-107,92,-2,172,55,116,16,91,-32,47,-71,28,-70,39,-32,303,-51,76,-24,46,-59,49,-149,40,-65,158,-99,159,-12,629,86,317,151,179,17,149,-67,276,-231,158,-49,359,-66,88,-3,113,43,58,62,101,168,148,149,139,82,159,35,205,7,203,43,401,165,253,3,105,-42,233,-139,106,-30,118,22,192,93,357,53,163,46,135,-7,168,-132,105,61,112,43,132,25,166,7,127,40,49,103,22,133,38,134,96,136,76,10,87,-47,121,-31,178,1,132,22,90,61,52,127,98,-103,57,-101,64,-88,122,-62,90,9,75,14,171,276,303,570,265,589,226,605,186,618,146,629,104,638,63,643,21,646,-14,430,-1687,-210,-441,-2,-401,107,-181,107,-479,377,-97,161,-26,93,-179,211,-49,118,-10,76,5,65,-15,89,-40,99,-82,139,-14,70,51,23,244,74,80,42,40,97,5,133,-25,130,-54,87,-127,60,-97,-30,-192,-173,-234,-149,-174,-57,-445,1,-196,-29,-527,-243,-821,418,-241,314,-249,118,-534,173,-192,-48,-939,191,-86,-12,-86,20,-38,19,-42,10,-9,-28,-24,-24,-32,-29,-42,-23,-6,-34,-24,-26,-62,-26,-11,-16,2,-6,39,-4,9,15,44,8,-12,-30,2,-7,-30,-33,-6,3,-8,-2,7,-10,-42,-47,-8,5,-11,16,8,49,-18,4,-20,-32,-5,-34,-27,-7,-4,-13,-19,-1,-21,-25,10,-15,9,-4,-25,-9,-24,129,15,144,22,-2,20,15,8,-1,12,-31,7,1,-7,65,-33,77,-14,15,1,11,-6,-6,-10,12,-29,12,-24,0,0,-23,-36,-35,-46,10,-19,-4,24,-24,12,-43,-2,-19,-90,-77,3,-11,-24,-23,-100,-49,-99,-6,-216,32,-95,-26,-44,-55,-27,24,-14,28,-11,-2,-12,-17,-12,-1,-48,1,-89,18,-2,-63,16,-16,-3,-33,14,-19,-6,-35,11,-21,4,-67,10,-11,39,-8,25,-14,5,-9,8,-3,-2,-45,12,-63,-8,-19,4,-5,-16,9,-7,-7,3,-7,-25,-17,-31,5,-10,11,-5,-6,-2,-101,-10,-19,-22,-21,2,-12,10,-2,4,-28,12,-8,15,-28,23,-4,5,10,28,5,17,-18,9,-28,-11,-66,4,-2,-8,-8,-81,-277,-10,-1,9,-1,-2,-32,14,-17,42,-29,16,-50,16,-7,18,-19,35,12,20,-15,-8,-77,-61,-218,-29,-22,-17,-22,-2,0,-50,-48,-82,-55,-28,-26,-20,-5,-33,37,-8,18,-42,11,9,-26,0,-61,-17,-107,3,-20,17,-3,6,-32,-26,-48,-20,-97,-18,-48,-33,-64,-28,-23,-11,-35,48,-10,16,-29,22,1,42,-12,35,-69,37,-37,10,-3,2,-9,-10,-12,14,-19,-3,-69,22,-55,-9,-28,10,-8,-33,-36,7,-64,-22,-80,18,-22,25,-4,-4,-5,13,10,-84,-136,-88,-57,-207,-60,-88,-53,-66,-101,-59,-168,0,9,-4,4,-27,-13,1,-4,19,5,7,-10,-13,-37,-3,-5,-10,6,-9,-9,8,-14,-47,-73,-112,-29,-118,67,-37,29,7,22,-4,24,-15,21,12,1,5,-7,12,8,8,-10,-6,-10,2,-25,15,42,11,4,-18,-51,12,-15,22,14,5,-11,7,0,-10,30,15,8,-1,-16,6,1,3,-12,11,-1,-2,-17,26,-7,-5,22,-15,22,23,-14,12,-21,13,-8,29,12,-14,10,3,7,-17,6,-5,23,-12,13,22,-6,7,-13,12,-3,-15,34,25,-27,9,-2,5,-12,8,2,4,31,20,-34,8,9,-4,19,4,14,10,-17,12,-4,13,16,2,32,9,12,-41,-12,-6,17,-18,19,-34,17,-74,-2,-52,-9,-10,-12,-73,-29,-54,-44,24,-20,-24,19,-94,37,-68,-42,-211,-231,-166,-262,-14,7,-20,-11,-16,-2,-2,-16,-9,-3,1,-8,-9,-8,-33,6,-4,-19,5,-19,-8,-4,4,-11,-8,-8,5,-14,8,0,-2,-43,5,-1,-93,-147,-38,-2,2,-25,7,-18,-60,-94,-62,-173,-7,-5,-8,-13,0,-21,-2,-6,-29,-1,-12,-8,-25,-46,7,-54,12,-19,-30,-83,29,-55,-1,-33,8,5,-2,-5,-7,-12,-22,-3,-45,-63,1,-12,-10,-8,7,-18,30,-16,2,-8,-9,-4,0,-6,28,-10,-24,-5,-9,-13,17,-64,19,-7,24,15,16,22,4,-12,-231,-269,-166,-155,-117,-14,-154,159,-134,95,-161,45,-237,12,-51,-37,-59,-71,-72,-42,-162,83,-314,67,-192,99,-157,122,-118,148,-3,5,2,4,-6,41,10,47,-4,21,8,8,-2,19,-25,36,-12,6,-25,-5,-14,-11,-3,-7,-5,13,-56,0,-154,-108,-61,168,-1,201,2,0,-2,2,0,56,1,1,-1,44,-1,96,9,43,-4,44,38,264,5,10,16,15,1,25,-14,6,9,60,29,0,9,29,-21,1,-13,-10,-1,1,3,19,-12,45,11,20,30,5,12,-8,23,-2,13,41,7,5,-10,8,-22,1,-39,-23,-13,3,-7,27,14,9,28,39,-25,-17,-12,9,8,10,45,14,13,-7,-26,-11,36,7,6,12,-4,20,-45,2,-10,7,-59,-13,-12,9,-10,-9,-211,127,-411,-19,-220,-253,-30,-114,-49,14,-3,6,-10,-29,30,-110,-32,-123,-7,-63,-32,-52,-28,-9,13,-164,-8,-38,-20,-46,-12,-10,-6,3,-10,-69,-13,-17,6,-55,20,-5,29,-38,2,-15,-50,-440,-84,-166,-198,-173,-208,-136,-656,-297,-104,-29,-131,-11,-251,-63,-95,-11,-171,-85,-115,-206,-67,-249,-27,-217,48,-391,108,-400,48,-381,-130,-337,-197,-115,-158,-12],[1208012,10517,0,7,5,2,-5,-9]],[[1202316,9740,1,-61,6,-4,15,10,14,-8,9,31,20,33,29,25,17,6,22,-3,3,34,21,11,18,26,15,6,-9,9,-39,13,-11,-12,-33,-7,1,-20,-13,-25,-39,-17,-27,-38,-20,-9]],[[1203664,10289,23,-112,53,-75,36,-15,38,-5,21,-2,22,-11,52,21,21,52,8,49,17,15,10,-1,-2,28,-17,-11,-6,7,0,19,16,10,-13,50,12,18,18,-3,6,11,0,20,18,21,43,74,25,161,-41,162,-100,89,-148,-62,-60,-119,-39,-188,3,-56,-1,-21,4,-35,-19,-91]],[[1205985,10543,10,6,6,16,16,17,3,23,-8,6,2,8,11,1,7,-10,4,15,14,5,-2,8,17,26,9,-24,38,-19,0,-9,10,-3,17,-30,7,-27,-8,-26,5,-13,13,-1,8,10,-2,15,27,8,4,-27,22,-2,13,-15,-4,-5,27,-27,17,22,45,2,16,7,15,-4,6,4,35,-24,11,1,19,-22,2,-18,26,-7,12,-30,1,-19,-22,-18,2,-29,18,-11,5,6,34,-5,26,4,17,-20,7,-27,14,-12,14,-39,9,-1,8,10,46,-20,18,-39,-12,-20,20,-8,9,15,11,-6,8,4,53,-36,10,0,-10,35,-24,4,-20,12,-26,23,-16,27,-9,46,24,75,-17,54,-14,8,-33,0,-8,5,-35,-16,-5,9,0,-9,-27,-1,-56,14,-26,26,3,8,-5,3,6,8,-13,21,-31,18,-19,25,-52,22,-52,44,-1,38,-36,7,-20,10,-4,12,-75,24,-36,-7,-12,13,-20,-5,-25,-16,-7,3,-25,-17,-10,1,-13,-13,-4,-19,6,-12,-19,-53,0,-13]],[[1206076,10725,245,-40,351,-254,162,15,-147,164,-88,66,-107,49,-100,51,-109,12,-108,-20,-99,-43]],[[1206680,10716,5,-10,11,-4,1,-19,26,31,14,9,8,15,6,33,-21,7,-21,-13,-19,-2,0,-11,13,-11,-2,-6,-14,-1,-7,-18]],[[1207709,10420,9,-12,15,-3,7,5,5,19,26,6,-6,27,-23,32,-22,-20,-2,-33,-9,-21]],[[1208812,13602,10,-18,42,-7,29,27,35,84,-24,40,-30,12,-23,-4,-29,-37,-10,-97]]]
1637158	r	102.4742,-3.6778,103.2458,-2.9022	[[[1024742,-32900,9,-254,24,-252,41,-250,58,-248,73,-242,89,-238,104,-231,119,-224,133,-215,147,-206,161,-197,172,-185,184,-173,196,-161,205,-148,214,-134,223,-120,230,-104,236,-90,242,-73,245,-58,249,-41,252,-25,252,-9,252,9,252,25,249,41,245,58,242,73,236,90,230,104,223,120,214,134,205,148,196,161,184,173,172,185,161,197,147,206,133,215,119,224,104,231,89,238,73,242,58,248,41,250,24,252,9,254,-9,254,-24,252,-41,250,-58,248,-73,242,-89,238,-104,231,-119,224,-133,215,-147,206,-161,197,-172,185,-184,173,-196,161,-205,148,-214,134,-223,120,-230,104,-236,90,-242,73,-245,58,-249,41,-252,25,-252,9,-252,-9,-252,-25,-249,-41,-245,-58,-242,-73,-236,-90,-230,-104,-223,-120,-214,-134,-205,-148,-196,-161,-184,-173,-172,-185,-161,-197,-147,-206,-133,-215,-119,-224,-104,-231,-89,-238,-73,-242,-58,-248,-41,-250,-24,-252,-9,-254]]]
1630328	n	109.0035,-7.6337,109.6296,-7.1612	[[[1090035,-74200,11,-222,33,-219,54,-215,68,-190,1032,-728,73,12,67,-11,16,-16,209,12,76,25,20,33,14,63,-17,123,37,7,235,-38,65,-18,30,-28,64,-25,67,-38,258,-182,92,-54,49,-14,94,-3,8,-17,-2,-40,-39,-100,-9,-84,-9,-25,2,-11,115,-15,37,-15,25,4,34,-12,75,-2,68,-30,113,-17,135,-29,55,-4,32,-14,823,1198,2151,1456,-60,1070,-1028,705,1,-10,13,-7,6,-18,21,-5,14,-42,-21,-37,-16,1,-9,-17,-12,-6,7,-29,-13,-3,-2,-16,20,-21,-5,-47,14,-27,23,-15,43,-9,14,-9,-3,-35,20,-47,-37,-28,-90,-26,-76,7,-53,-42,-23,17,-20,39,-20,19,-25,11,-61,88,-21,5,-38,-12,-24,-1,-36,10,-73,76,-32,45,-66,52,-10,24,-44,55,-6,19,7,43,22,20,4,12,-12,29,6,11,26,16,-6,25,-29,29,-1,9,-36,23,0,12,-17,20,1,31,-9,2,-9,14,-22,-3,-66,44,-47,-26,21,-19,-46,-45,7,-10,-1,-26,19,-5,2,-8,-40,-32,3,-13,-7,-11,-13,-11,-15,-1,-21,-21,-4,-26,-40,5,0,-13,-56,-48,-18,-36,-40,-13,-7,-14,-35,-20,-34,-5,-31,25,-23,-5,-31,18,-60,-7,-9,50,-88,25,-49,-19,-14,-28,-17,-12,-36,3,-130,-51,-15,1,-34,-24,-25,-10,-12,2,-19,-16,-21,-4,-6,-9,-17,-2,-80,-42,-63,-20,-37,10,-37,0,-35,-16,-42,-5,-59,5,-39,-15,-45,3,-33,-9,-16,6,-23,-19,-11,2,-20,-9,-25,-22,-37,-2,-37,8,-25,-24,-26,-5,-20,7,-36,-11,-32,2,-33,-19,-42,-4,-22,-18,-67,-8,-121,-52,-35,-41,-74,-20,7,-4,3,-23,-3,-10,-16,-35,-10,-9,-15,-1,-22,-13,-117,5,-44,9,-2,6,15,7,11,21,-9,11,24,46,35,31,32,1,-45,44,-40,17,-13,24,-37,22,0,80,-10,36,-25,44,6,78,9,31,-375,-77,-172,-61,-201,-95,-190,-114,-179,-132,-164,-149,-150,-165,-132,-178,-114,-190,-95,-201,-75,-209,-54,-215,-33,-219,-11,-222]]]
1624863	r	104.165,0.6763,104.7992,1.2254	[[[1041650,8794,3,-23,17,-10,-17,-58,11,-17,-3,-9,9,-6,41,40,21,40,10,-2,1,6,27,-4,12,13,16,4,11,14,13,1,18,-12,0,-38,-10,-28,-13,-13,9,-13,28,7,34,48,34,21,24,-3,25,28,17,3,16,18,-142,0,-9,-23,-6,-5,-14,3,-30,28,4,8,-86,23,-27,39,-4,-16,-9,-3,-1,-14,-16,-35,-14,-12]],[[1042144,8801,57,-15,20,1,19,13,6,-8,4,3,-1,-10,10,-4,2,-9,19,-3,-1,-14,26,-6,1,5,15,5,20,0,4,-10,9,-2,-6,-16,6,1,2,-10,35,-27,4,-10,-11,-21,0,-20,-20,-24,8,-15,32,13,37,1,26,19,18,3,4,7,37,3,34,13,21,-6,4,-12,34,-21,-41,61,-163,84,-154,31,-117,0]],[[1042158,7082,184,-92,8,-17,69,-84,10,-3,13,8,9,-15,13,-8,24,-3,5,-17,18,-22,33,-20,20,-3,18,-34,21,-2,8,-7,11,10,-20,26,-6,28,-181,127,-257,128]],[[1042160,7858,1,-8,7,-3,49,11,34,26,8,2,-66,18,-33,-46]],[[1042426,10305,30,-132,254,-137,105,-15,339,15,118,32,134,141,89,32,219,15,148,43,437,237,88,33,138,13,53,-32,100,-141,52,-31,122,-41,-55,-84,-114,-73,-56,-7,-53,-154,6,-82,47,-106,-155,-37,-13,2,-4,26,2,-26,-20,-10,-44,-10,35,5,-46,-7,-18,-13,-61,19,-37,-27,-33,-1,-18,19,-19,-7,-19,1,-16,19,-16,-7,-7,-20,4,-31,-23,-74,-16,-15,-12,1,3,-7,34,5,14,-7,14,-25,-14,-31,13,-9,14,9,20,-7,11,-13,-2,-14,8,-15,11,-4,13,10,33,2,-16,-1,43,-42,30,-11,23,-42,24,2,4,-7,16,-1,-3,8,18,6,21,-4,14,-5,-5,4,21,-15,12,-27,32,-21,46,-3,19,25,32,-1,10,-10,34,1,9,-12,20,5,33,-2,12,9,-5,11,5,4,30,-2,2,-12,-11,-36,8,-6,25,5,42,-34,18,-49,-15,-8,-16,6,-13,-5,-13,-50,-10,1,-2,10,-9,4,12,12,6,27,-14,13,2,6,-12,6,-4,-5,-18,12,-18,2,-8,-14,-1,-25,-9,-2,-10,21,1,22,-19,15,-11,-2,-3,-11,6,-11,-8,-18,-42,-22,-18,4,-2,-7,-26,0,1,18,10,3,-11,2,-7,10,6,29,-23,3,8,-6,-5,-12,-48,12,-10,-10,-8,17,7,13,-16,6,4,7,-6,3,-7,-9,1,8,-27,2,-16,-35,-11,-6,-6,4,-6,-6,-17,-38,4,-17,-5,-10,8,-12,-3,-33,4,1,3,29,9,15,12,-52,-6,-6,12,-8,-6,-11,-7,5,-8,-7,4,-47,-18,2,1,28,-5,-28,6,-7,19,0,2,-11,-8,-10,16,-30,26,5,5,-5,-1,-17,7,-1,12,22,2,-6,10,6,5,-10,19,-4,6,-11,-3,-7,6,3,8,-17,-5,-7,3,-11,-9,-3,1,-11,25,-2,6,7,-7,-4,-3,4,16,17,8,-1,5,-19,0,23,22,11,19,-19,-6,-9,12,-15,22,5,31,-22,11,4,49,-8,101,-130,17,-45,69,-13,5,-14,-26,-71,-45,-8,-34,-19,1,-19,-9,-14,-9,-74,-5,-14,-11,-7,0,-12,30,-35,2,11,12,2,19,-12,16,-2,16,20,21,10,13,-1,7,-18,-4,21,8,1,12,-14,39,-10,18,-25,10,-52,6,4,-9,-14,13,6,2,-20,14,0,1,23,48,5,30,-7,7,10,52,25,-19,9,4,5,20,-4,10,6,-5,8,4,11,-14,-2,-4,9,537,-189,328,55,132,481,4,133,29,98,72,60,134,20,129,42,88,95,29,93,-39,43,-29,62,-8,292,-68,200,44,121,159,216,-111,498,-18,160,-74,86,-478,215,-112,181,-13,175,56,367,-56,211,-112,55,-77,-52,40,-111,-339,-188,-299,-108,-321,-12,-405,96,-230,127,-129,20,-58,-110,-46,-129,-109,-22,-221,52,-150,-21,-40,-59,-5,-87,-43,-105,-102,-158,-57,-58,-114,-64,-135,-49,-491,-911],[1044896,8764,8,-1,39,-17,-40,17,-7,1],[1045194,9584,13,20,-12,-20,1,-6,-2,6],[1045196,9600,0,1,4,1,-4,-2],[1045407,8791,5,-6,-4,-11,3,11,-4,6]],[[1042431,8320,18,-17,4,-16,-2,-23,52,36,65,88,-6,1,-9,-13,-16,3,-13,-20,-22,1,-21,-7,-23,-21,-27,-12]],[[1042483,7225,14,-23,17,-15,10,-40,-2,-14,-12,-12,59,-46,0,-1,2,-30,38,-11,-8,3,8,39,0,1,-4,25,-30,5,-12,10,-12,21,-1,48,-12,9,1,16,-35,1,-1,23,-12,10,-7,-4,-1,-15]],[[1042575,7663,27,-86,-1,-26,23,-55,-5,-12,9,-17,1,-15,16,-31,27,1,4,-9,-10,-17,2,-14,24,-26,11,1,-6,-15,12,-20,26,-26,13,-1,5,13,40,-5,21,-17,26,2,5,-38,5,-4,-2,-16,17,-24,61,-34,3,0,-70,132,-61,167,-22,172,-2,236,-40,78,25,-50,0,-2,-29,-8,-15,3,-4,-13,-17,-1,-5,-11,5,-36,-11,-4,-2,-11,-27,-3,-9,-12,0,-11,32,-49,-21,-3,-22,-13,-26,9,-28,-44,-5,-35]],[[1042603,7966,12,-32,17,21,38,-6,30,10,18,-6,16,4,-4,8,-93,26,-28,-4,-6,-21]],[[1042610,7033,38,-11,96,12,-34,-4,-34,30,-66,-27]],[[1042748,7056,8,-12,0,-4,84,42,1,0,-16,12,-37,2,-35,-25,-5,-15]],[[1043364,9547,11,-30,11,-10,78,16,-85,31,-15,-7]],[[1044018,9573,11,-7,-2,-11,17,-8,47,28,10,26,-7,3,-19,-11,-36,7,-21,-27]],[[1044087,9266,37,-8,11,12,15,-2,51,-23,11,7,36,0,18,17,1,15,-47,1,-16,30,-15,2,-87,-18,-12,-9,-3,-24]],[[1044167,8761,7,-7,6,4,28,-9,7,4,33,-20,42,-65,15,-1,25,12,0,12,14,2,0,9,25,5,19,-4,7,-14,14,1,10,-10,30,-10,10,3,14,20,75,-38,22,-38,34,-28,17,-5,42,7,-6,8,5,-1,-1,34,24,41,18,3,14,-5,24,11,5,-12,10,-2,95,38,-20,24,-23,4,-33,19,-47,10,-38,19,-26,37,-40,4,-13,-18,-21,42,-50,38,-2,-10,-30,-14,-10,9,3,-8,-11,-10,-8,3,13,-14,-13,-3,-13,-17,-33,18,-52,-12,-26,-25,-14,5,-66,-24,-17,-3,-9,6,-32,-13,-36,2,-8,-7,-9,-7]],[[1045112,7503,298,163,130,41,180,1,299,-64,116,15,70,112,11,103,-160,65,-410,43,-223,-23,-188,-75,-116,-146,-7,-235]],[[1046255,8107,49,-41,124,2,87,32,51,39,48,62,19,90,-5,51,-34,117,-108,120,-94,-99,-38,-194,-52,-122,-47,-57]],[[1047207,7379,108,-154,78,-62,97,63,52,147,-132,116,-161,8,-42,-118]],[[1047912,10241,80,-66,-34,112,-46,-46]]]
1632654	r	105.7998,-2.4421,106.2854,-1.9802	[[[1057998,-21300,7,-204,19,-203,34,-202,46,-199,59,-195,71,-191,84,-186,96,-180,107,-174,118,-166,129,-158,138,-149,149,-139,157,-130,165,-119,172,-108,179,-96,185,-84,190,-72,194,-60,198,-46,200,-33,202,-20,203,-7,203,7,202,20,200,33,198,46,194,60,190,72,185,84,179,96,172,108,31,22,-212,360,-635,1731,-381,1712,-1,153,-3245,115,-62,-118,-84,-186,-71,-191,-59,-195,-46,-199,-34,-202,-19,-203,-7,-204]]]
1649824	p	1636722
1648637	r	124.9328,1.0524,125.3013,1.831	[[[1249328,10625,97,-52,106,-49,12,11,323,395,471,824,625,1741,192,357,289,361,303,175,1,0,13,8,23,-1,23,5,3,5,45,-9,32,2,2,-6,53,-10,16,1,0,14,-23,1,2,12,32,9,13,-32,33,4,2,16,-28,0,-8,19,6,-12,7,6,9,-11,-9,15,21,10,13,-4,-4,6,6,7,5,-11,6,6,-10,8,28,-2,3,10,5,-5,29,18,0,11,-13,3,-4,17,33,23,12,27,5,-4,-4,4,5,10,64,28,12,2,5,10,5,4,10,-2,15,13,21,-7,34,26,-1,11,18,18,22,-2,19,34,-9,23,148,131,-55,229,9,0,-4,7,15,-16,-2,6,11,-5,-19,18,3,-9,-9,14,-9,3,23,-5,4,-10,4,5,8,-3,-2,8,9,-5,-3,9,-14,3,-11,20,4,30,-32,4,-5,7,-19,80,-39,31,1,10,-31,29,-20,2,-10,9,-9,17,-10,7,-7,-3,-38,31,0,2,-14,-2,13,1,-58,48,-11,15,-6,-1,-7,6,-45,28,-14,12,-16,25,-16,-4,-2,8,-7,-2,-23,20,-14,-4,-137,83,-200,243,-25,425,146,401,-46,108,-277,38,-659,-76,-200,1,-190,61,-78,114,-5,415,-43,50,-973,-6760]],[[1251223,18070,16,-180,58,-166,24,-140,51,-104,75,-62,47,4,26,55,21,88,229,223,-4,140,-44,64,-65,30,-117,85,-95,116,-92,87,-59,-26,-34,-130,-37,-84]],[[1251670,14039,16,-36,8,12,6,45,19,-3,-3,-12,4,-5,0,-7,4,3,21,-20,-2,1,-7,-6,-7,5,-12,-3,-16,-35,-11,-2,4,-36,17,15,21,-8,14,-13,9,-25,-15,-20,-13,0,10,-15,11,2,3,-5,0,18,27,40,0,18,-6,10,-15,-1,-18,15,8,17,12,-15,13,14,2,0,7,-8,-2,-10,14,-3,4,-23,11,2,-1,8,46,-46,307,20,324,103,187,108,68,314,32,79,147,122,33,75,13,300,49,284,0,205,-62,0,-19,-43,-5,24,-13,-17,-29,-1,-23,-32,-6,-10,3,-30,-8,-1,-2,-16,-17,-11,-35,-69,6,-22,-10,2,-12,-9,0,-40,19,-39,-17,-13,-3,-24,-61,-23,-19,-44,-21,-7,18,-11,-1,-25,-12,-8,0,-10,-16,-23,-35,-6,-16,-12,8,-15,16,0,3,-26,-9,-9,-7,6,-9,-4,5,-10,-8,-17,-49,-47,7,-10,-10,-31,-15,-20,-10,0,0,-7,-13,-7,-22,-3,10,-10,0,-26,-14,-19,6,-7,-13,-20,-37,-11,-5,-10,-20,-13,-7,-27,-17,-16,-34,-17,13,-3,9,-13,15,28,15,0,6,12,15,-22,-14,0,-2,-14,16,-2,12,-9,-23,0,-9,-23,0,-15,10,-6,6,3,10,-14,-4,-11,-15,5,-6,14,-14,-12,-4,-19,-24,0,-5,13,-5,-2,19,-26,37,-17,-1,-15,-9,-7,-20,5,10,-15,-10,-12,0,-3,-16,-7,-4,20,-7,-6,-9,5,-3,-10,-17,-9,-46,-2,3,-11,21,-7,7,-5,-57,-26,-15,15,-24,-13,-20,0,-15,-9,-4,6,-8,-5,7,-1,3,-15,-22,-12,-12,12,-3,17,-13,4,-2,9,-13,-22,13,-15,-6,-12,-22,-3,-16,15,-11,-11,5,-11,-4,-8,-33,4,-3,-7,-25,19,-40,-23,-17,7,-1,-16,-11,-2,-5,8,-17,-17,-25,1,-4,-13,-26,-8,-12,2,-4,17,16,3,7,9,-7,3,-3,11,-21,-3,-7,-8,7,-7,-3,-18,-20,-18,-5,-14,6,-23,-19,-8,-6,-14,9,-1,-75,-53,-18,-62,-9,-6,-14,-19,-22,-7,-12,-14,-2,-8],[1252776,15128,16,25,-14,-31,-2,6]]]
1639850	p	1645528
1626542	r	130.8895,-1.2533,131.6308,-0.7317	[[[1308895,-8903,5,-141,23,-243,40,-241,55,-238,71,-234,85,-229,100,-222,115,-215,128,-208,141,-198,154,-189,166,-179,177,-167,188,-155,127,-92,255,1078,-7,459,-32,104,-93,163,-19,43,41,108,147,156,-13,74,-222,346,-89,98,-90,77,-40,18,-42,-10,-463,-37,-195,-52,-160,-94,-51,0,-48,64,-59,143,-161,174,-210,43,-24,-4]],[[1309000,-7914,48,11,120,46,78,50,-74,23,-112,18,-19,9,-23,-77,-18,-80]],[[1311286,-12288,122,-47,232,-71,237,-55,239,-40,241,-24,243,-8,243,8,241,24,239,40,237,55,232,71,227,86,221,101,214,115,206,129,197,142,188,155,177,167,166,179,154,189,141,198,128,208,115,215,100,222,85,229,71,234,55,238,40,241,23,243,8,244,-8,244,-23,243,-40,241,-55,238,-71,234,-26,71,-183,-36,-113,-45,-76,-82,-178,-76,-206,-58,-161,-27,-2,110,68,123,214,251,-106,34,-163,18,-150,-16,-66,-70,-80,-65,-379,-33,-124,-39,-112,-55,-280,-68,-113,-163,-140,-53,-136,-16,-25,77,-22,-1,-5,-7,4,-5,-14,-8,-21,1,-4,-9,-25,0,-7,-4,7,-6,-9,-11,-34,4,-24,-4,-1,-7,-24,6,-13,-8,-28,1,-10,-13,-44,-1,-9,-6,3,-10,-12,-7,-5,-11,11,-10,0,-4,-115,-34,-19,-1,-35,-15,-34,-10,-2,1,-12,-4,-3,-2,-90,-27,-4,0,-3,-2,-76,-23,-67,-3,-15,-16,-26,-3,-46,-24,-78,-13,-75,-26,-22,-14,-27,-8,-3,0,-6,-2,-100,-30,-1,-5,-54,23,-56,9,-71,-54,30,-42,0,-26,36,-20,5,9,34,-3,13,-13,-7,-7,24,-1,6,-11,-2,-12,-12,-41,-3,-1,2,-5,-20,-70,102,-180,-5,-17,-15,0,4,-44,-23,-61,20,-4,-10,-5,37,-7,19,-2,1,9,40,-1,3,-10,2,5,33,-11,4,-13,7,6,11,-11,-3,-16,7,12,327,-336,-213,-119,-67,-24,80,-201,-51,-385,46,-158,-139,-106,-34,-133,36,-351,-31,-176,-147,-253,-33,-117,-46,-88,-294,-366,-135,-445,-70,-100,-264,-73,-267,-43]],[[1311848,-8976,12,1,12,-13,41,2,33,11,20,21,20,8,24,-10,28,4,25,23,5,25,22,10,10,16,1,48,-60,2,-67,-22,-88,-78,-37,-42,-1,-6]],[[1312069,-8380,11,-11,8,9,34,-7,63,-30,25,-2,6,6,-25,22,-17,11,-34,37,-12,-18,-16,1,-14,8,-14,-18,-11,1,-4,-9]],[[1312275,-9059,23,-17,-2,-34,13,-16,13,6,7,15,-2,23,-28,38,-12,2,-12,-17]],[[1312312,-8887,11,0,17,-17,34,5,33,22,4,15,-8,14,-16,7,-18,-1,-36,-19,-21,-26]],[[1312498,-9338,2,-50,5,-7,24,4,14,-12,2,15,-12,0,-3,10,-9,-1,3,5,20,4,28,-3,8,-8,9,3,-1,20,26,28,-1,8,-21,17,-8,-2,0,-8,-45,9,1,-22,33,-20,-24,-5,-21,5,-11,-6,-5,14,-14,2]]]
1646034	p	1645524
1632033	r	112.6442,-7.9107,113.072,-7.5306	[[[1126442,-76528,1647,-925,1439,-1654,108,18,175,41,100,30,809,2264,-160,124,-189,80,-208,27,-258,3,-185,44,-243,104,3,5,19,8,25,32,-1,106,-19,11,-46,52,-5,-3,-5,-61,-14,-14,-59,-18,-5,-21,6,-19,-26,-23,-1,0,-2,6,-9,-1,-619,267,-270,116,-834,617,0,6,-472,-313,-701,-909]]]
1637510	p	1629001
1624041	r	126.1273,-0.5048,127.838,2.2423	[[[1261273,9769,41,-36,51,-12,28,-57,29,-39,28,-7,62,-48,67,-4,41,16,-5,32,-23,4,-28,20,-62,7,-2,-8,20,-10,-11,-11,-45,27,1,6,19,5,4,9,-32,45,-3,14,-9,7,22,10,28,-20,28,-3,14,-25,24,57,-16,22,-20,-3,-20,10,-23,2,-65,25,-11,15,-24,9,-13,-11,-31,3,-50,-4,-11,-23,-3,-24]],[[1261441,9844,5,-4,-2,8,22,7,13,-4,11,7,19,0,1,11,-18,14,-6,8,-17,0,-27,-35,-1,-12]],[[1263472,13233,36,-48,83,-24,218,-327,45,29,18,58,12,-6,22,-28,19,-44,-1,-22,5,-11,10,-5,5,7,2,36,31,54,-2,59,10,19,0,18,11,15,4,37,-6,44,9,34,-9,32,3,13,11,12,27,10,14,16,38,19,4,10,11,-3,9,6,11,16,31,18,12,27,0,28,-21,29,-39,27,-75,17,-40,-13,-49,50,-48,17,-16,34,6,7,-14,7,-5,-5,-14,6,1,5,-18,4,-28,-3,-53,-35,-56,9,-79,-41,-93,-88,-52,-126]],[[1271023,-4378,116,-42,60,-42,63,-105,10,-33,571,2039,-95,6,-127,-53,-83,-49,-256,-104,-71,-20,-107,-96,39,-225,83,-271,22,-227,-30,-35,-48,-22,-44,-37,-21,-81,0,-272,-82,-227,0,-104]],[[1271086,-5011,61,-37,47,167,-68,-38,-40,-92]],[[1272825,8149,32,-127,76,-195,101,-178,94,-78,18,0,2,-1,4,1,21,-1,68,-25,6,5,84,1,39,-21,30,16,54,16,51,30,63,13,57,0,25,-16,1,-10,13,-3,25,4,19,10,2,16,24,6,-6,8,5,1,-1,4,12,12,11,-1,1,8,17,14,17,52,9,3,3,11,60,38,10,30,4,-3,-4,-13,16,34,-6,4,4,38,12,10,13,31,-1,4,-15,-2,-5,10,6,1,1,-8,18,7,-7,33,-23,45,1,12,-8,2,-6,39,9,24,5,75,17,33,-2,33,-6,5,9,14,-12,25,-5,43,-17,24,-8,24,-30,17,-25,29,-33,26,-43,15,-26,23,-28,1,-12,17,-23,8,-11,16,-101,51,-59,38,-72,65,-4,-9,-7,7,-24,-15,-35,19,-14,-16,-8,41,-29,-1,-9,10,-6,-7,-16,-1,-9,-12,-14,0,0,-17,-18,-8,0,-12,-10,18,-10,0,-2,-15,7,-17,-142,-55,-161,-183,-63,-220]],[[1273028,8976,26,-13,17,-58,48,-45,25,-36,37,-11,57,20,54,47,9,26,14,14,-7,21,4,21,-7,9,-10,45,-29,28,-54,35,-40,7,-10,13,8,9,-10,23,-19,1,-6,-23,-8,-5,-21,-20,6,-17,-8,-23,-21,-16,-28,-3,-6,-21,-15,-6,-6,-22]],[[1273371,3488,8,-148,32,-194,16,-46,172,617,-12,-4,-154,-99,-62,-126]],[[1273587,6658,49,-175,97,-148,54,-105,100,-42,222,135,230,199,68,82,56,68,28,178,-2,46,-6,170,-35,208,-53,155,-35,43,-46,37,-58,33,-71,29,-64,-54,-83,-13,-93,22,-96,45,-92,-583,-170,-330]],[[1273819,4541,17,-67,26,-30,26,-50,59,-20,25,-33,19,-10,81,-3,74,11,51,-8,20,3,65,33,7,28,24,13,-2,13,23,8,-5,29,7,6,49,3,13,14,-4,38,-23,13,1,19,-25,15,-1,10,9,13,-5,14,-97,116,-39,15,-17,18,-5,30,-11,12,-27,9,-111,2,-69,-30,-4,-10,-17,8,-11,-4,-11,-16,-65,-50,-2,-11,-5,-30,-29,-67,-11,-54]],[[1273986,10650,55,-222,122,-24,158,64,174,45,58,31,76,62,85,50,91,-6,115,-101,7,-100,-37,-103,-12,-105,7,-58,-7,-184,22,-39,94,5,22,-35,20,-58,89,-183,22,-100,-59,-185,-103,-176,-39,-178,104,-148,28,-40,298,-105,399,-64,341,-116,129,-255,-62,-187,-136,-275,-166,-248,-327,-213,-80,-245,-49,-482,-130,-613,-26,-453,14,-89,61,-100,81,-70,80,-53,57,-56,33,-99,5,0,220,11,218,32,214,54,207,75,200,95,189,114,177,132,163,149,148,165,131,178,114,190,94,201,74,209,54,215,32,219,11,222,-11,222,-32,219,-54,215,-26,76,-37,22,-95,3,-88,-9,-84,32,-68,79,-97,195,-47,73,-153,110,-353,153,-150,110,-97,124,-99,165,-79,185,-31,177,4,13,-211,54,-218,32,-220,11,-220,-11,-126,-19,3126,11172,-683,-716,-231,-356,-566,-478,-126,-178,-228,-418,-249,-303,-488,-836,-111,-363,-102,-147,-39,-83,36,-36,122,-41,34,-95,-18,-113,-33,-93,-55,-37,-91,-26,-88,-55,-39,-125,12,-74,30,-76,95,-154,-310,-434,-58,-247,126,-250,88,-312,-144,-372,-386,-582,-244,-662,-286,-367,-289,-475,-73,-208,16,-197,98,-139,107,-117,51,-131,16,-222,-19,-81,-70,-145,-75,-107,-65,-78,-47,-86,-12,-138]],[[1277501,22423,76,-209,236,-125,239,34,63,123,-459,140,-155,37]]]
1650234	n	107.251,-7.3098,107.6486,-7.0198	[[[1072510,-71998,4,-15,33,10,22,-11,39,7,45,-15,2,-11,13,-10,11,8,21,-15,2,6,21,-7,33,2,27,-25,39,11,44,-33,1,-39,23,-5,25,8,40,42,28,15,5,39,7,7,24,-8,45,-4,-9,99,5,5,26,17,43,-3,55,19,13,-9,20,-72,31,-15,16,-26,33,-26,14,-21,11,-4,15,5,16,26,14,11,63,-9,35,-38,9,-26,24,-3,21,-51,38,-13,9,-26,-26,-13,-8,-23,-16,-17,2,-26,-8,-22,23,-53,24,-3,13,-12,20,6,20,-13,38,-12,137,-7,23,-46,5,-54,23,-18,9,2,4,11,19,-4,20,20,17,29,48,7,38,-34,42,14,35,-3,38,-30,19,-1,28,-17,17,1,22,-31,13,-6,0,-13,21,-1,13,12,27,5,13,10,-2,6,103,18,-1,13,15,16,15,34,-4,15,17,15,24,-3,45,-29,33,-11,39,-36,38,8,54,1,28,9,31,-33,45,-28,9,2,6,-4,-5,12,37,22,12,0,18,-6,80,-61,16,-4,28,46,19,8,28,32,29,4,41,-18,-2,-27,17,8,9,18,27,1,28,-18,31,-8,3,-14,14,-14,46,10,33,61,18,-5,25,7,1,8,11,8,67,-21,14,-17,12,-36,32,-21,37,20,28,39,21,10,25,-9,45,-29,0,-26,18,-4,28,-31,33,4,38,-26,10,-20,-2,-20,30,-7,9,-17,-3,-24,42,-52,24,-10,7,-12,19,-2,9,-15,26,-11,19,11,40,-27,26,3,25,-34,4,-39,16,-29,1,-32,-18,-19,-4,-17,24,-32,8,-46,30,-15,17,2,26,-7,35,9,24,16,26,4,11,9,8,20,15,7,5,15,16,3,16,25,34,-27,8,0,72,152,75,209,20,80,-1099,1091,-2449,1287,-74,-54,-165,-149,-123,-136,3,-20,-15,-20,17,-1,-3,-9,26,3,-8,-10,0,-13,10,2,6,-7,9,6,3,-6,11,5,1,-10,20,-8,-1,-13,7,-6,-10,-6,0,-6,9,3,1,-16,15,-6,12,-24,11,1,4,-14,16,-15,29,-9,1,-12,55,-23,16,1,5,-11,13,-5,-9,-11,12,0,4,-11,-7,-12,17,-32,33,-1,26,-17,18,8,31,29,20,-4,15,-27,27,14,18,-6,24,-20,1,-30,39,-15,-5,-35,38,-16,8,-19,33,-42,0,-21,18,-18,-1,-50,-33,-11,-21,-20,-3,-14,-8,-4,-9,-41,-8,-3,-14,-28,-1,-6,16,-11,18,-3,0,-9,-7,-9,-13,-3,-11,-16,4,-35,-12,-10,3,-19,-16,-22,8,-13,-4,-40,-20,-14,-12,-21,-2,-24,-11,-6,5,-10,-21,-20,7,-17,-2,-25,-9,-8,12,-14,2,-12,12,-8,-7,-29,-11,-13,-10,-3,-11,-25,-22,31,-20,3,-29,-46,-22,-3,-19,-21,-69,-20,-26,-27,-29,-12,-15,-23,-12,8,7,25,-6,-13,-15,-7,8,19,-10,-3,4,4,-12,20,10,45,-11,15,-77,-95,-10,6,-15,-13,4,-19,-8,-11,6,-8,-28,-5,-4,-17,-6,1,-6,-13,4,-13,-14,-6,5,-22,-17,-17,-7,3,-13,-10,7,-19,-11,-6,-4,-21,-18,-20]]]
1646194	p	1625084
1647383	p	1648473
1643837	r	122.7695,0.3214,123.3505,0.8325	[[[1227695,5400,6,-191,19,-191,26,-159,561,64,1472,-95,546,86,101,45,14,-1,15,-25,-4,-19,21,-10,7,10,-4,5,19,25,-2,44,48,22,89,102,-1,-20,5,-10,-5,-28,29,-28,2,-13,23,-19,21,-32,-4,9,7,4,12,-11,0,-12,20,-18,43,-13,6,-36,68,-18,15,-58,-3,-12,24,13,18,28,32,11,21,20,364,-393,292,-462,18,-46,41,-37,190,8,42,-36,247,-375,63,-72,52,-29,79,-138,38,-44,73,-24,68,-7,125,118,130,140,121,148,110,155,101,163,89,169,79,174,67,179,55,183,43,186,31,189,19,191,6,191,-6,191,-19,191,-31,189,-43,186,-55,183,-67,179,-79,174,-89,169,-101,163,-110,155,-121,148,-130,140,-139,131,-147,121,-154,112,-162,101,-167,90,-173,79,-178,67,-182,56,-185,43,-188,32,-189,18,-190,7,-190,-7,-189,-18,-188,-32,-185,-43,-182,-56,-178,-67,-173,-79,-167,-90,-162,-101,-154,-112,-147,-121,-139,-131,-130,-140,-121,-148,-110,-155,-101,-163,-89,-169,-79,-174,-67,-179,-55,-183,-43,-186,-31,-189,-19,-191,-6,-191]]]
1636930	r	111.2366,-7.8071,111.7199,-7.369	[[[1112366,-76225,482,-766,3266,-810,8,4,23,-4,7,7,5,-8,38,0,51,35,26,-4,13,16,53,5,15,12,8,-11,17,4,0,12,16,4,22,21,111,-22,51,57,36,4,77,-21,88,-54,7,-24,-4,-11,-18,-17,-13,-30,9,-18,59,-27,8,-11,28,-15,51,-17,26,-64,21,-32,246,-61,-210,3963,-2887,418,-157,-71,-163,-88,-158,-97,-151,-108,-143,-118,-136,-127,-127,-135,-35,-43,-663,-1644,-3,-104]]]
1629710	p	1649378
1214658	r	96.7975,4.8266,97.5025,5.2802	[[[967975,51800,8,-231,23,-230,37,-228,53,-226,66,-221,82,-216,95,-211,109,-204,121,-196,135,-188,146,-179,158,-169,168,-158,178,-147,188,-134,196,-123,203,-109,210,-95,216,-81,221,-68,224,-52,228,-38,229,-22,231,-8,231,8,229,22,228,38,224,52,221,68,216,81,210,95,203,109,196,123,188,134,178,147,168,158,158,169,146,179,135,188,121,196,109,204,95,211,82,216,66,221,53,226,37,228,23,230,8,231,-8,231,-23,230,-37,228,-5,23,-2268,-961,-418,-89,-314,104,-192,47,-100,124,-167,251,-199,77,-115,56,-13,12,-4,17,18,13,-3,6,-19,0,-73,35,-11,-31,8,-6,-6,-12,-105,71,1,3,24,5,40,-23,-3,12,12,20,-9,6,-145,32,-148,101,-441,131,-568,221,-505,-39,-157,-68,-128,-6,-458,145,-202,36,-189,-89,-52,-224,-37,-228,-23,-230,-8,-231]]]
1626103	p	1650357
1629131	r	110.1741,-7.4845,110.7058,-7.1439	[[[1101741,-72493,1840,-1566,212,-406,479,-380,59,74,22,85,-10,46,41,102,43,42,2,50,30,63,14,13,1,36,27,47,37,27,27,34,22,86,14,18,54,41,101,37,12,1,5,-12,4,8,58,23,1,-50,74,-20,37,2,29,-16,66,-7,21,32,34,9,-2,-12,11,-2,7,-7,-21,-3,-2,-16,-9,-6,32,-29,40,-3,20,-12,-1,-7,-13,-7,-3,-18,-10,-5,-10,3,-12,-17,22,-59,-11,-10,28,-52,13,-51,16,7,7,-7,36,17,26,20,29,6,18,11,59,-12,920,502,-39,20,38,35,1,25,18,28,15,7,-30,32,19,34,51,47,-4,22,9,30,-4,39,12,6,9,15,20,-4,-8,9,16,61,-13,-1,3,49,29,38,0,8,13,0,24,17,-28,12,-5,7,-6,47,-19,2,-23,-6,-27,-18,-20,0,-13,11,-22,-2,-70,-45,-61,-18,-28,4,-5,-7,-60,29,14,47,8,6,0,11,-17,12,-41,-2,-12,10,-38,71,0,84,14,18,-2,7,11,5,9,13,4,23,7,5,-19,31,3,26,-11,24,37,18,85,-4,86,12,-40,30,29,12,33,-5,7,68,-25,19,3,33,-14,51,8,-9,15,2,17,-16,11,16,48,35,47,4,7,14,-6,28,-8,5,-8,25,-3,44,-44,43,3,7,-14,12,-10,24,4,6,-8,10,2,19,-10,1,2,30,-12,11,-11,34,1,45,11,7,16,42,6,52,167,4,10,-14,15,-5,14,-22,18,-7,18,3,10,-15,36,-14,13,10,12,-5,6,12,4,-7,12,6,8,-4,-1,12,6,4,9,-16,18,3,15,-18,16,-8,0,-10,10,-3,-17,-8,-4,-14,26,-9,11,-19,16,-4,4,-5,-4,-13,14,-7,2,-9,21,-1,33,-24,38,-15,71,4,0,8,24,0,-4,29,13,22,-4,13,16,33,0,11,-15,4,14,22,-7,4,6,25,9,-3,12,14,10,1,3,20,11,14,8,-5,29,22,22,7,-3,7,10,1,3,12,-5,29,-17,1,5,19,8,4,-7,12,-15,7,-24,-2,-17,11,-19,-8,-11,12,-10,2,-1,7,-17,4,8,27,-14,25,9,10,-17,8,3,24,-10,15,3,11,-18,16,12,16,-2,7,20,22,-243,433,-1554,-650,-3247,269,-44,-124,-54,-215,-33,-219,-6,-115]]]
1628453	p	1645524
1648186	r	117.1143,-0.2356,117.6271,0.4982	[[[1171143,1300,8,-241,23,-240,39,-237,55,-235,69,-230,84,-226,99,-219,113,-213,126,-204,140,-196,152,-187,163,-175,5,-5,1912,-1010,192,-32,53,-6,188,301,55,198,34,412,42,157,154,366,42,65,58,54,124,107,56,105,123,171,17,41,34,56,-12,128,-57,226,-65,128,-51,66,48,0,20,39,-22,12,-10,17,-8,-8,-18,5,-9,25,24,36,2,10,-9,2,9,4,-2,6,-108,-30,-8,12,6,25,-19,5,-23,-28,-1,-20,-1,-2,-73,27,3,9,-19,-3,-2,1,-4,8,7,12,5,4,-2,1,18,31,18,-2,-6,19,15,15,1,17,11,20,23,5,19,15,30,-1,45,-13,34,17,6,14,-3,17,6,37,-31,53,-43,-9,-75,-33,-23,3,6,9,-13,-10,-4,-17,-9,1,5,10,-4,9,-14,1,-29,-32,-14,17,13,24,-9,19,-29,-5,-5,-7,4,-21,-40,-32,-1,-11,-50,22,-10,34,26,21,-5,14,-33,9,2,38,5,21,33,4,7,6,-6,17,6,36,-8,4,-23,-8,4,49,2,23,9,1,8,-9,-22,44,-13,69,0,19,11,-8,8,-7,0,-58,33,-75,34,9,13,-2,-2,12,10,13,16,-11,21,12,1,8,15,8,7,-2,0,10,-51,-23,-29,26,27,17,8,-4,-9,10,9,12,-14,11,-23,-7,-10,7,-26,-14,-25,21,-1,6,5,-4,11,14,24,56,-25,32,9,5,40,-25,17,3,6,-5,4,7,19,1,6,-19,51,-17,4,24,-6,4,6,9,10,1,17,-12,3,-20,18,-12,17,2,0,18,10,12,-24,11,-12,16,-21,11,-9,-6,0,-18,-21,-3,-8,22,9,8,-55,-15,-4,-4,7,-4,-1,-6,-38,-5,5,15,-3,16,-40,32,-8,19,16,3,5,9,2,-12,29,-10,11,-30,19,-3,11,27,22,-3,1,10,-17,7,-18,21,-4,21,5,1,23,-18,29,0,-2,25,9,6,5,-42,14,-11,44,-3,17,9,31,-2,27,-10,-7,-17,5,-5,33,19,18,27,7,25,21,21,1,13,17,8,25,40,37,23,-5,39,-11,17,-21,16,-5,33,-22,12,7,8,-11,7,1,6,20,13,-13,13,0,2,-2,1,-67,68,10,5,7,17,-33,50,3,27,13,-5,-11,13,-18,-6,-29,-25,-37,-14,-31,-39,-22,0,8,16,9,49,-10,14,-35,-8,-10,-21,5,-31,-4,-18,-2,0,-4,6,0,-5,-17,0,-2,1,7,13,-3,57,-7,15,-8,3,-22,-13,-9,-24,-18,-5,-11,62,12,-15,23,15,-8,12,17,12,-5,9,5,1,3,-10,12,8,6,-7,-4,9,17,15,8,-1,8,38,-48,19,4,35,-6,7,5,7,-10,22,22,-29,26,-15,4,7,-6,18,-13,8,8,12,17,-7,-2,-13,14,-32,12,-8,69,1,43,19,-13,35,-22,4,-23,-9,-11,8,-10,20,-31,-14,-5,28,-8,8,-1,21,-9,9,1,20,-7,1,0,2,4,6,21,-10,13,6,27,-3,28,-22,9,2,3,8,-3,14,-8,4,-6,31,-29,24,7,7,11,-2,10,22,8,8,0,-32,20,-2,9,-13,43,-20,25,3,9,7,-7,15,10,16,46,25,26,-4,-18,52,-18,-10,-66,24,-18,-4,79,77,92,139,34,164,-31,209,-39,80,-35,42,-16,50,29,107,364,585,158,396,160,180,99,52,123,49,116,67,78,105,-9,96,-107,252,-8,29,-172,65,-229,70,-233,55,-236,39,-238,24,-239,8,-239,-8,-238,-24,-236,-39,-233,-55,-229,-70,-224,-84,-218,-100,-211,-113,-204,-128,-194,-140,-185,-153,-175,-165,-163,-175,-152,-187,-140,-196,-126,-204,-113,-213,-99,-219,-84,-226,-69,-230,-55,-235,-39,-237,-23,-240,-8,-241],[1174804,1650,20,11,8,-18,-23,-17,-5,24]],[[1174875,648,35,-6,17,10,61,88,-13,-1,-37,-24,-16,-12,-25,-1,-13,-17,-9,-37]],[[1175117,652,44,-32,34,-6,39,15,0,17,-12,16,-34,9,-9,-4,-3,7,-30,5,-20,-11,-9,-16]],[[1175417,841,16,-27,15,-3,8,5,15,-8,15,2,24,11,6,11,14,8,0,17,-10,9,-51,-1,-9,-7,-21,-1,-22,-16]],[[1175569,895,2,-13,11,-4,6,-14,30,8,10,-8,19,11,4,30,-15,19,-22,2,-45,-31]]]
1963770	p	1646448
1645895	p	1625084
1213547	r	99.6949,2.6859,99.9979,3.1912	[[[996950,27064,142,-54,177,-54,180,-42,182,-31,184,-18,185,-6,185,6,184,18,182,31,180,42,177,54,173,65,169,77,163,88,157,98,133,96,4,20,83,141,96,125,73,136,20,135,-77,1154,-107,340,-222,146,-268,123,-192,247,-213,182,-321,-68,-50,358,-189,251,-524,484,-309,597,-131,85,-155,22,-271,-4848]]]
1638868	n	119.7176,-8.7261,120.1171,-8.3835	[[[1197176,-86468,118,-131,165,-149,24,-17,-10,44,108,110,305,196,29,173,-239,71,-298,0,-148,-41,-31,-213,-23,-43]],[[1198037,-85968,16,-1129,188,-67,216,-54,220,-32,223,-11,223,11,220,32,216,54,210,75,201,95,192,114,179,132,165,149,149,165,133,178,115,190,95,201,75,209,54,215,33,219,11,222,-11,222,-33,219,-54,215,-75,209,-72,152,-45,7,-38,102,-78,25,-73,-11,-59,-24,-42,-23,-31,-11,-68,20,-74,38,-83,25,-87,-14,-26,-39,-44,-137,-27,-29,-53,-193,-71,-140,-121,-83,-65,83,-68,24,-68,-13,-66,-20,-296,-162,-51,-12,-98,-42,-214,164,-308,319,5,-349,60,-245,-26,-218,-505,-525,-128,-234,-41,-268]]]
1633037	r	119.819,-3.3731,120.5101,-2.6069	[[[1198190,-29900,8,-251,24,-249,41,-247,56,-245,73,-239,88,-235,103,-228,117,-222,132,-212,145,-204,158,-194,171,-183,182,-171,192,-159,203,-146,212,-133,220,-118,227,-103,233,-89,239,-72,243,-57,246,-41,248,-25,249,-8,249,8,248,25,246,41,243,57,239,72,233,89,227,103,220,118,149,93,-14,53,-19,104,71,127,124,166,42,114,-176,-33,-78,85,-65,137,-45,139,-15,87,-48,55,-293,187,-470,169,-215,110,-210,205,100,125,44,42,67,31,-100,195,-140,523,-136,108,-78,37,-56,94,-32,122,-10,126,-38,136,-174,177,-55,127,15,4,11,-1,7,6,16,4,7,-4,6,7,16,5,3,-8,15,10,6,-14,12,-2,75,25,28,-17,16,1,28,37,-13,12,33,8,213,139,393,335,2179,1353,-78,109,-158,194,-171,183,-182,171,-192,159,-203,146,-212,133,-220,118,-227,103,-233,89,-239,72,-243,57,-246,41,-248,25,-249,8,-249,-8,-248,-25,-246,-41,-243,-57,-239,-72,-233,-89,-227,-103,-220,-118,-212,-133,-203,-146,-192,-159,-182,-171,-171,-183,-158,-194,-145,-204,-132,-212,-117,-222,-103,-228,-88,-235,-73,-239,-56,-245,-41,-247,-24,-249,-8,-251]]]
1631648	r	109.1856,-7.2486,109.5992,-6.7733	[[[1091856,-71371,15,-2,6,-30,43,-20,10,-31,-3,-21,17,5,-10,-31,-18,-9,-3,-21,-28,-35,3,-11,6,-3,-6,-28,7,-4,12,-36,36,-42,18,-7,11,5,8,-10,-8,-79,3,-11,-9,-36,7,-8,-4,-28,6,-31,14,-14,4,-22,-22,-73,-6,-78,25,-44,10,-36,0,-80,37,-22,13,-24,40,-17,45,-44,-32,-1,-35,-31,-24,-46,9,-11,-11,-21,-15,-7,2,-6,44,-9,117,-5,22,13,15,1,10,9,16,35,3,10,-3,23,-7,4,74,20,35,41,121,52,67,8,22,18,42,4,33,19,32,-2,36,11,20,-7,26,5,25,24,37,-8,37,2,25,22,20,9,11,-2,23,19,16,-6,33,9,45,-3,39,15,59,-5,42,5,35,16,37,0,37,-10,63,20,80,42,17,2,6,9,21,4,19,16,12,-2,25,10,34,24,15,-1,130,51,36,-3,17,12,14,28,49,19,88,-25,9,-50,60,7,31,-18,23,5,31,-25,34,5,35,20,7,14,40,13,18,36,56,48,0,13,40,-5,4,26,21,21,15,1,13,11,7,11,-3,13,40,32,-2,8,-19,5,1,26,-7,10,46,45,-21,19,47,26,66,-44,22,3,9,-14,9,-2,-1,-31,17,-20,0,-12,36,-23,1,-9,29,-29,6,-25,-26,-16,-6,-11,12,-29,-4,-12,-22,-20,-7,-43,6,-19,44,-55,10,-24,66,-52,32,-45,73,-76,36,-10,24,1,38,12,21,-5,61,-88,25,-11,20,-19,20,-39,23,-17,53,42,76,-7,90,26,37,28,-20,47,3,35,-14,9,-43,9,-23,15,-14,27,5,47,-20,21,2,16,13,3,-7,29,12,6,9,17,16,-1,21,37,-14,42,-21,5,-6,18,-13,7,-4,32,-23,-3,-4,9,10,27,-21,-2,8,25,-19,22,-15,6,-4,26,-19,36,-4,22,-21,21,-21,1,-16,11,-4,10,6,19,-14,100,-20,29,-9,45,-41,70,2,27,-13,22,-29,19,-4,18,-1,-2,-70,10,-216,54,-209,75,-167,79,374,2786,165,177,-126,-91,0,-6,-157,-94,-106,-55,-7,-10,-210,-83,-47,-11,-32,2,6,-18,-19,-8,-256,-79,-138,-23,-38,2,-7,15,5,-12,-9,-2,-3,5,2,-5,-10,-4,-7,14,1,-12,-8,-3,-143,9,-85,-9,12,-3,-2,-36,13,-50,-4,-21,12,-13,-777,86,250,-1301,-7,-10,13,-41,-1,-15,-21,-11,-17,5,3,-27,-26,-24,3,-11,20,-13,5,-19,0,-11,-23,-32,13,-43,-36,-25,-16,-1,-2,-13,12,-15,-5,-50,-41,-11,-32,-49,2,-13,14,-15,-11,-39,4,-17,-17,-43,6,-23,-27,-16,-3,-20,-20,-2,-15,-15,-19,3,-6,-10,-23,6,-27,-27,-15,0,-19,-15,-45,-11,-13,-37,-26,-12,1,-38,-18,5,-16,-15,-20,4,6,-20,-22,6,-15,13,-16,-11,-26,-5,5,-10,-16,-7,4,-10,-7,-3,1,-12,-9,-10,4,-10,-15,-1,6,-19,-20,-4,7,-21,-25,6,12,-13,0,-15,-14,-22,-21,-3,20,-21,-30,6,12,-15,-4,-9,-16,-1,12,-8,-1,-6,-11,-2,10,-12,-14,-10,6,-18,-7,-2,-1,-13,-15,-9,-5,-20,6,-6,-10,-9,5,-17,-6,-29,-22,-39,4,-5,-12,-43,-14,-5,6,-8,-2,-26,-19,-5,3,-16,-13,-3,-20,-42,-63,6,-61,-22,-38,10,-13,-6,-18,5,-2,-13,-14,-9,-29,-3,-8,-13,-7,7,-9,-15,-25,-14,-3,-11]],[[1094945,-68029,375,-322,599,-87,2,-13,15,-2,21,-15,10,17,16,-5,9,6,-5,19,-19,-1,-9,23,-42,-4,-156,42,-104,54,-68,56,-151,154,-24,15,-7,24,-54,67,-75,118,-9,21,1,29,-11,10,-13,42,-4,39,-10,9,-7,-1,-32,-40,8,-48,-3,-30,-25,-37,-37,-13,-35,3,-11,12,-2,23,19,8,-11,2,0,8,-40,-31,13,-7,-13,-30,-53,-63,-58,-52]]]
1214724	r	97.6136,4.1121,98.2825,4.8269	[[[976136,44700,7,-234,23,-233,38,-231,53,-228,68,-224,82,-219,96,-213,110,-207,123,-199,136,-190,148,-181,160,-171,170,-160,180,-148,190,-137,198,-123,206,-111,212,-96,218,-83,223,-68,228,-53,230,-38,232,-23,233,-8,233,8,232,23,230,38,228,53,223,68,218,83,212,96,206,111,198,123,190,137,180,148,170,160,160,171,148,181,136,190,9,16,3,151,2,47,147,723,-39,506,-30,99,-73,69,-141,111,-136,133,-216,281,-133,132,-38,-39,-67,-49,-31,-48,-63,0,-97,204,-164,175,-215,121,-247,46,-78,-12,-117,-46,-44,-4,-61,29,-34,49,-20,14,-22,45,-103,59,-5,9,-4,-4,-34,19,-73,-16,-44,-105,-2,7,-15,22,-21,9,-22,-13,-48,67,-126,13,-294,-67,-43,73,43,164,103,275,17,260,-18,102,-233,445,-83,278,-122,833,-71,185,-109,189,-217,-22,-230,-38,-228,-53,-223,-68,-218,-83,-212,-96,-206,-111,-198,-123,-190,-137,-180,-148,-170,-160,-160,-171,-148,-181,-136,-190,-123,-199,-110,-207,-96,-213,-82,-219,-68,-224,-53,-228,-38,-231,-23,-233,-7,-234]],[[980559,45588,16,-8,18,-26,25,4,27,21,-29,32,-55,17,3,-25,-5,-15]]]
1638063	p	1650357
1626899	p	1636722
1635283	r	105.0144,-5.308,105.6056,-4.8975	[[[1050144,-51100,6,-194,19,-193,31,-191,44,-189,56,-186,69,-182,39,-86,4891,-759,24,25,122,150,113,158,102,165,92,171,79,176,69,182,56,186,44,189,31,191,19,193,6,194,-6,194,-19,193,-31,191,-44,189,-56,186,-69,182,-79,176,-92,171,-102,165,-113,158,-122,150,-132,141,-31,29,-5011,-1946,-5,-179]]]
1630341	r	107.1717,-6.7746,107.5997,-6.4082	[[[1071717,-65544,545,-625,1,12,15,17,-16,26,-9,36,18,53,14,-17,35,-10,30,-21,1,-1,15,-38,3,-14,17,-36,23,-22,32,-16,41,-41,31,-19,2,-9,24,-11,-2,-9,34,-14,17,8,9,-11,-4,-8,5,-10,29,-18,1,-12,10,-4,8,-37,-10,-41,5,-13,26,10,17,-7,-16,-5,-1,-24,-6,4,-16,-14,2,-45,-26,-17,4,-17,-14,4,1,-15,-24,-9,0,-23,12,-14,-13,-38,5,-27,-16,-21,-12,-62,4,-15,-24,-43,1,-17,16,-6,9,-24,-16,-5,-38,-49,-2,-11,50,-37,33,2,44,-18,16,-26,39,-19,3,-24,15,-13,47,8,43,-13,31,11,22,-2,35,-17,31,-25,74,-109,22,-42,3,-23,91,20,28,6,70,24,35,20,60,82,1,2,1047,111,1,0,35,4,6,-11,5,12,69,8,8,-7,13,0,1,9,25,2,19,-6,6,-11,-1,-10,23,-22,18,-4,19,-17,-1,-9,19,-24,23,-1,3,-18,11,-7,10,-30,32,-7,14,-28,36,4,4,-29,13,-23,10,-3,-1,-11,19,-3,-2,-14,39,-19,6,3,11,-10,-8,-11,23,-8,-8,-12,20,-12,-1,-8,26,6,12,-10,34,8,20,-13,51,-3,6,-17,18,-17,-2,-11,15,-2,-2,-6,29,-52,10,-9,2,-15,12,-7,7,-24,15,-18,59,-29,59,3,31,10,32,-30,8,-23,18,-4,18,-17,52,-5,38,-27,9,-9,-1,-8,27,-18,20,-28,52,-17,39,22,27,-8,6,13,1,27,13,14,-1,18,7,19,-1,23,-15,11,-2,77,7,13,24,6,4,9,10,3,13,22,3,45,22,39,5,32,32,17,35,47,62,29,99,-17,-15,25,26,-6,-11,29,-1,24,6,15,-31,-2,2,14,-24,19,-7,14,5,35,22,28,30,0,9,24,-1,11,-18,19,-15,40,1,27,8,13,-14,24,12,3,-3,15,-12,21,-19,10,0,24,23,32,3,11,-8,8,29,11,9,13,-2,7,16,5,0,9,7,6,1,28,-8,13,18,19,-7,26,10,11,-4,12,5,14,16,7,-6,32,7,11,-9,10,2,42,-20,16,-18,-2,-1,12,-22,-1,1,24,-41,16,-4,26,-15,9,9,10,-17,4,-6,11,-17,0,-1,9,-16,18,7,10,-29,16,-2,11,0,5,14,20,-11,18,27,35,10,32,-5,10,15,13,-1,22,14,13,-28,22,3,51,20,35,23,22,8,24,18,8,2,16,-8,5,-33,-4,-3,30,-15,-4,-24,15,3,21,28,-1,3,23,-21,-6,-15,16,-11,1,2,8,17,-4,2,8,-19,30,-20,18,-7,24,-10,-2,-12,-14,-15,5,0,-12,-11,-3,-5,4,7,21,-3,9,-18,3,-9,17,-13,-2,-13,6,-7,19,17,4,8,16,-18,16,-20,2,-4,22,-16,-4,-10,6,12,11,4,28,-9,-4,1,-8,-21,-23,-6,7,6,12,-9,9,-17,-2,-16,9,-4,-16,-12,-3,-6,15,-18,1,5,14,-12,14,17,26,10,-17,24,17,3,24,-24,4,12,16,0,11,29,-3,7,4,-4,12,-18,10,-3,37,24,8,17,22,-2,19,-33,38,-13,3,-17,-8,-10,19,4,7,15,-1,20,15,-1,25,-15,20,6,16,18,13,18,4,21,21,-16,35,-24,-1,-11,10,-3,14,18,13,0,6,-13,-3,-20,9,-15,9,-6,13,31,9,29,19,-16,45,25,5,0,36,-11,13,11,18,-10,10,-4,18,5,16,20,17,-18,38,2,9,-15,16,40,0,20,33,-28,17,-11,-6,4,-27,-31,16,-4,41,-5,4,8,6,16,38,-13,23,-23,17,-12,-7,-37,9,-9,34,-18,-2,-9,9,-14,-12,-17,12,4,34,-17,17,-3,25,13,16,0,13,-23,-1,14,40,-19,3,-10,12,1,11,26,30,-19,43,-28,15,-22,-4,-6,-10,-8,1,-6,15,-19,5,8,14,-16,5,-15,-3,-25,45,-13,-2,-3,6,-6,42,9,23,-2,45,30,16,-10,44,7,16,-86,1,-82,38,-45,9,-27,30,-25,14,-2,9,-28,-3,-12,-23,-17,4,-21,-23,-27,-18,-21,-51,-26,-22,-20,-7,-19,-22,-30,-18,-2,-32,-17,-18,-50,-7,-29,27,-26,14,-69,16,-3,-22,-29,-31,11,-26,-6,-26,-20,-2,-14,-13,-23,-28,-11,-27,-70,-3,-47,-16,-27,-19,-27,-50,3,-53,-16,-13,-284,-61,-54,-1,-125,-31,-31,-3,-60,12,-46,-5,-9,-24,-1,-31,16,-19,63,-41,13,-30,6,-53,18,-14,39,-11,17,-12,-2,-46,6,-39,-120,30,-16,7,-15,15,-34,-14,-50,-1,-27,13,-94,74,-41,25,-23,-4,-14,-14,-65,-8,-43,27,-49,-3,-27,13,-5,-1,-2,0,-6,-3,-56,-16,-16,-14,-138,-32,-36,-22,-12,-24,-13,-1,-4,-2,-2,0,-58,-34,-20,-7,-23,-17,-6,-15,4,-12,-35,-5,7,-37,-17,-20,10,-10,-11,-42,15,-40,1,-21,-20,-80,-62,-54,-52,-7,-44,-97,-9,-6,-9,-36,-13,-19,-1,-34,-63,-37,-31,-38,-42,-80,4,-36,-35,-50,-58,-36,-30,-11,-92,25,-60,-38,-21,-19,-17,-36,-44,-1,-26,3,-84,35,-120,87,-8,42,-15,24,4,28,-8,14,2,24,-10,35,-20,-1,-16,9,-9,16,3,15,-11,21,-28,11,-2,13,-26,12,0,17,-6,10,8,15,-11,15,5,13,-9,18,7,29,-10,11,-54,-152]]]
1990589	p	1625084
1647142	p	1626381
1632937	p	8581443
1985663	p	1625084
1622636	p	1627896
1630997	p	1646170
1628884	n	112.7252,-2.7561,113.1748,-2.3039	[[[1127252,-25300,11,-222,32,-219,54,-215,74,-209,94,-201,114,-190,131,-178,148,-165,164,-149,177,-132,189,-114,200,-95,207,-75,214,-54,219,-32,220,-11,220,11,219,32,214,54,207,75,200,95,189,114,177,132,164,149,148,165,131,178,114,190,94,201,74,209,54,215,32,219,11,222,-11,222,-32,219,-54,215,-74,209,-94,201,-114,190,-131,178,-148,165,-164,149,-177,132,-189,114,-200,95,-207,75,-214,54,-219,32,-220,11,-220,-11,-219,-32,-214,-54,-207,-75,-200,-95,-189,-114,-177,-132,-164,-149,-148,-165,-131,-178,-114,-190,-94,-201,-74,-209,-54,-215,-32,-219,-11,-222]]]
1648759	r	118.5239,-8.8438,119.0753,-8.1929	[[[1185239,-82618,1619,-5425,282,43,433,-20,201,-96,402,-319,5,-3,143,33,248,75,242,91,236,106,228,122,21,12,-30,33,-197,69,-815,132,-791,2,-104,16,-96,49,-147,150,-99,67,258,149,186,153,187,70,263,-99,219,106,438,-116,238,78,76,107,34,98,65,51,171,-38,81,-63,224,-321,259,-206,196,-39,6,1,176,165,177,188,164,199,151,209,137,219,27,51,-230,62,-108,159,-32,221,1,248,-79,351,151,388,55,385,-294,510,-144,475,-29,286,-61,222,-100,122,-158,70,-228,64,-416,68,-489,0,-465,-68,-349,-137,-239,-171,-167,-171,-5,7,-1,25,-43,0,-36,-32,-16,-31,16,-23,-18,-19,21,-36,-32,-67,-8,-7,-21,-28,-43,-31,3,-17,-6,-16,-32,-41,-25,-44,-3,-20,-47,-26,-12,-21,-37,-11,-6,-7,-8,-26,21,-39,18,-16,33,-7,23,-13,-8,-20,-24,7,-4,-12,11,-22,37,-23,-1,-11,-15,-5,-54,19,-13,-1,-19,-24,-29,-2,-10,-24,13,-33,20,-8,2,-20,29,-3,6,-17,29,-6,-5,-22,-16,-10,11,1,25,16,30,-13,12,-12,2,-14,-20,-18,10,-17,-6,-17,5,-8,14,-3,29,22,13,-5,20,-14,8,-21,30,-62,-13,-25,-34,-5,-10,-13,-2,-16,14,-43,-4,-9,-39,14,17,29,-9,4,-10,-32,-16,7,-5,-8,32,-16,15,-16,8,0,0,-16,-34,2,-4,7,-24,-3,1,-9,-10,-9,11,-25,-10,-19,-14,-4,16,2,-11,-5,19,-3,30,-27,8,-17,34,-3,-44,-73,-8,-19,-26,8,2,19,-20,-5,6,-10,-15,-24,20,-36,-3,-18,-12,-10,8,-18,-61,-143,-23,-75,-55,-101,-134,-189,-158,-138,-130,52,22,156,250,695,32,443,44,248,67,166,-321,655,-162,170,-81,25,-329,44,-48,28,-53,44,-62,40,-79,19,-413,0,-114,25,-57,45]],[[1190205,-81929,23,-414,287,-271,204,-6,-130,209,-151,209,-164,199,-69,74]]]
1650227	p	1650357
1649541	r	122.2752,-5.6925,123.0013,-5.1013	[[[1222752,-53276,10,-184,109,-169,-75,-68,106,-111,103,-62,128,-26,506,-2,133,49,55,118,9,315,36,109,80,95,150,93,114,0,120,-31,174,0,0,-62,-361,-181,-77,-139,91,-234,157,-161,182,-66,184,29,165,132,137,340,4,99,-23,210,19,108,127,208,93,-50,80,-147,78,-86,62,-238,-19,-492,26,-408,202,11,125,134,83,52,36,-49,34,-67,69,6,71,71,32,125,19,200,54,244,85,136,115,-129,100,91,-3,-6,3,-8,12,-7,32,37,10,-3,-13,-28,-14,-88,-38,-54,-27,-21,-21,-30,-65,-139,-37,-64,-37,-51,-11,-8,-10,-20,-14,0,-7,-11,3,-5,-17,-14,-9,-20,-11,-58,12,-9,17,6,64,-25,-9,-19,9,15,10,-6,21,15,19,-3,38,11,14,-6,50,-67,2,-16,-8,-2,0,-6,10,-2,22,-42,13,-7,5,-9,-16,10,-11,-9,11,-14,-5,-4,-5,4,5,-6,22,8,8,-4,1,-54,5,-25,-47,-67,-216,-189,-13,7,-41,-4,-15,12,-13,-5,-33,23,-28,-1,-24,13,-10,-2,-12,16,-4,-1,4,-37,-5,-3,-9,22,-41,-8,-8,6,-31,-11,3,5,-14,-6,7,-9,-14,-2,-22,-36,-4,7,4,4,-6,-3,6,-10,-17,-40,-21,-27,-87,-49,-52,-59,-19,3,-75,-45,-15,-41,-1,-60,-17,-43,-32,-43,7,-21,-18,-4,2,-5,17,7,6,-4,11,-39,-16,4,-3,-5,17,0,1,-6,-26,-62,-6,-1,6,-8,-1,-20,-5,-2,8,-12,98,-38,27,-26,23,-51,18,-79,68,22,2,1,580,-1263,159,-163,227,-3,139,130,314,381,133,8,40,-100,-28,-242,22,-102,76,-81,39,40,31,96,127,177,15,67,32,-6,125,-122,28,-85,16,-246,24,-52,232,46,141,117,213,391,479,659,214,438,-78,281,-87,-6,-254,-110,-103,-27,-50,55,18,122,134,375,167,141,847,501,178,40,59,-22,-20,120,-60,260,-77,256,-94,250,-110,243,-126,235,-141,227,-155,217,-107,131,-1563,301,-14,-93,117,-132,-87,-158,58,-12,452,185,55,-37,6,-183,-115,-205,-237,-92,-268,-48,-205,-71,-112,-132,-169,-367,-134,-183,-31,-9,-15,12,-21,-13,-28,1,-32,26,4,72,-21,44,-18,-37,3,-32,-23,-38,-42,-30,-47,-13,-43,-1,-41,-9,-5,-6,7,20,31,260,-21,231,-40,116,-47,57,-185,106,-227,97,-83,74,242,56,75,61,46,97,15,127,-54,41,-119,-10,-121,7,-54,96,31,210,91,189,-2070,397,-100,-53,-226,-141,-217,-156,-206,-169,-67,-63,-47,-600,-44,-231,-86,-213,-256,-439,-63,-198],[1226484,-53424,11,31,-5,-27,-6,-4]],[[1226226,-54320,2,-53,26,13,22,3,27,49,5,38,-5,60,7,32,-17,-14,-20,-2,-19,-12,-13,-22,-4,-29,-7,-5,4,-8,-8,-50]]]
1648580	r	112.0187,-8.3435,112.3767,-7.9317	[[[1120187,-83030,61,-19,1842,-188,181,-61,60,-41,45,-46,68,-35,134,-14,267,107,108,29,206,8,25,-4,38,24,146,104,138,113,54,50,207,2738,-507,788,-1778,160,-905,-481,-390,-3232]]]
1632353	r	119.4672,-4.3507,119.9073,-3.6693	[[[1194672,-37288,185,-253,117,-398,225,-324,462,-1136,191,-304,25,-386,57,-176,62,223,8,172,67,112,235,39,123,-45,-1,-1,-27,-40,-9,-4,-10,11,-9,-2,-11,-11,-2,-11,-12,-3,-9,-10,8,-29,-12,-30,2,-10,-7,1,-3,-15,7,-5,-12,-43,-26,-51,-49,-26,-24,22,-9,0,3,-38,-18,-96,5,-19,31,-48,-29,-43,-22,-120,15,-104,-21,-17,-10,-19,0,-5,30,-11,6,-17,5,0,2,-13,-5,-94,-3,-3,2,-3,-33,-97,-90,-164,-19,-115,24,-30,48,-53,49,-80,84,-420,-35,-208,-188,-391,-44,-195,33,-92,141,-135,31,-115,10,-103,42,-176,10,-100,-33,-360,65,-2,222,7,221,22,219,37,216,50,212,65,131,49,1552,5136,-82,115,-141,172,-151,163,-162,152,-172,142,-180,130,-189,117,-196,106,-202,92,-208,78,-212,65,-216,50,-219,37,-221,22,-222,7,-222,-7,-221,-22,-67,-11,-1118,-555]]]
1213614	p	1214520
1214191	p	1214520
1621884	n	120.1047,-4.7661,120.45,-4.3139	[[[1201047,-45400,11,-222,32,-219,54,-215,75,-209,94,-201,114,-190,132,-178,148,-165,164,-149,177,-132,190,-114,200,-95,208,-75,214,-54,219,-32,221,-11,221,11,219,32,214,54,75,27,130,648,33,81,193,157,81,84,34,101,-59,200,-299,337,-121,184,-50,173,-40,255,-3,254,59,171,39,171,-108,192,-244,285,-51,374,239,577,4,79,-126,32,-219,32,-221,11,-221,-11,-219,-32,-214,-54,-208,-75,-200,-95,-190,-114,-177,-132,-164,-149,-148,-165,-132,-178,-114,-190,-94,-201,-75,-209,-54,-215,-32,-219,-11,-222]]]
1651112	p	1646170
13680164	n	116.4854,-1.1784,116.9346,-0.7439	[[[1164854,-9700,11,-222,32,-219,54,-215,74,-209,94,-201,113,-190,132,-178,148,-165,163,-149,177,-132,189,-114,188,-90,991,393,-25,28,-42,115,51,538,85,270,143,192,136,11,-103,-473,2,0,12,-10,27,-2,30,-10,18,10,43,-11,9,4,7,17,37,-2,4,32,31,32,8,30,20,16,10,48,25,23,-4,36,6,13,25,8,21,21,21,9,10,16,11,4,8,-5,2,-23,18,-6,35,-27,22,6,49,-20,18,4,16,-9,10,14,16,6,8,24,11,4,-1,23,5,6,69,16,9,20,-8,24,19,17,3,24,36,27,10,21,10,8,6,20,28,12,-2,7,9,16,21,12,13,-10,15,10,15,0,9,17,47,28,15,0,40,21,35,5,52,-13,11,-11,-85,-51,-14,-70,-25,-11,0,-15,15,-27,-8,-22,2,-18,-8,-6,-14,2,-11,-29,22,-51,1,-22,14,-5,47,11,10,-12,8,-42,36,-13,31,5,32,-12,17,-28,17,-13,22,6,39,-6,57,19,13,-7,68,10,17,-13,12,-27,15,-1,12,13,24,5,52,-18,6,-17,23,-15,24,16,30,-11,20,-15,-2,-22,111,45,28,60,74,209,54,215,32,219,11,222,-11,222,-32,219,-54,215,-74,209,-94,201,-113,190,-132,178,-148,165,-163,149,-177,132,-189,114,-199,95,-208,75,-214,54,-218,32,-220,11,-220,-11,-218,-32,-214,-54,-208,-75,-199,-95,-189,-114,-177,-132,-163,-149,-148,-165,-132,-178,-113,-190,-94,-201,-74,-209,-54,-215,-32,-219,-11,-222]],[[1167504,-11152,79,-94,22,8,-2,3,-29,14,-7,22,-35,48,-28,-1]]]
1623834	n	136.4547,-4.8361,136.9053,-4.3839	[[[1364547,-46100,11,-222,32,-219,54,-215,74,-209,95,-201,114,-190,131,-178,66,-73,255,-129,886,-492,357,-124,178,-9,221,11,219,32,214,54,208,75,200,95,190,114,177,132,164,149,149,165,131,178,114,190,95,201,74,209,54,215,32,219,11,222,-11,222,-32,219,-54,215,-74,209,-95,201,-114,190,-131,178,-149,165,-164,149,-177,132,-190,114,-200,95,-208,75,-214,54,-219,32,-221,11,-221,-11,-219,-32,-214,-54,-208,-75,-200,-95,-190,-114,-177,-132,-164,-149,-149,-165,-131,-178,-114,-190,-95,-201,-74,-209,-54,-215,-32,-219,-11,-222]]]
1214882	n	99.3951,2.7538,99.7216,3.2061	[[[993951,29800,11,-222,32,-219,54,-215,74,-209,95,-201,113,-190,132,-178,148,-165,163,-149,178,-132,189,-114,199,-95,208,-75,214,-54,219,-32,220,-11,220,11,219,32,214,54,131,48,141,2516,90,1615,-154,74,-208,75,-214,54,-219,32,-220,11,-220,-11,-219,-32,-214,-54,-208,-75,-199,-95,-189,-114,-178,-132,-163,-149,-148,-165,-132,-178,-113,-190,-95,-201,-74,-209,-54,-215,-32,-219,-11,-222]]]
1635111	r	112.3328,-7.6847,112.54,-7.2932	[[[1123328,-74536,89,-61,23,5,44,36,22,9,76,-29,106,11,75,-19,49,-5,68,3,66,12,86,-5,2,-37,-5,-12,9,-20,-5,-21,-40,20,-34,-20,-28,-1,-26,-29,-5,-105,-29,1,-27,17,-55,-38,-18,-4,2,-29,-56,-33,-2,-27,35,0,6,-24,16,9,3,-5,5,-42,5,0,-3,-40,-68,-46,-3,-61,-12,-2,0,-8,9,-43,23,-14,9,-62,-52,9,-9,-48,19,-5,-8,-53,7,-2,-10,-42,19,-6,-22,-36,-31,5,-5,-8,-5,-46,11,-2,-16,-37,30,-11,-2,-26,22,0,8,-32,-20,-18,4,-4,15,3,35,-15,23,-2,1,-9,-17,0,-17,-23,-13,1,-6,-49,34,-8,-2,-28,34,-16,-11,-76,-48,-1,44,-56,26,-4,42,-55,12,-3,0,-19,25,-62,28,-42,76,-67,78,-81,-5,-12,15,-59,-11,-35,3,-21,27,-53,32,-41,7,-21,2,-44,-5,-18,17,-50,-13,-52,14,-19,-9,-25,-1,-31,8,-16,-4,-10,40,-67,44,-41,8,-3,1192,296,0,3285,-505,334,-837,-23,19,-10,41,9,-5,-53,-10,-29,-92,-102,-11,4,-14,-6,-8,10,-28,-9,0,10,-15,7,-31,-20,-19,-44,-17,-14,-51,-7,-89,4,-31,-18,-14,-24,-19,-16,-47,-7,-32,6,-1,-24,-11,2,8,-18,-5,-8,15,-4,-3,-19,-17,-6,-7,-19,-15,1,-5,-8,-23,-4,-14,-26,-30,-2,0,-29,-20,-22,-2,-7,-15,-4,8,-14,-36,-8,21,-6,0,-27,14,-19,-77,-78,-13,-40,-5,-49,19,-103,54,-99,16,-13,0,-18,14,-15,9,1,5,-12,1,-8,-10,-1,9,-10,2,-18,-13,-99,14,-4,-3,-59,24,-48,-27,6,-4,-9,-11,-5,-15,2,-23,-68,2,-7,18,-6,-5,-17,19,-10,-9,-42,41,-5,-17,-46,-54,8,-23,-50,-11,-7,-30,6,-16,-78]]]
1631905	r	100.4175,-0.4993,100.9151,0.067	[[[1004176,-287,1114,-3195,1661,-1511,87,20,178,55,175,66,170,78,165,88,158,99,152,110,144,119,136,128,128,137,118,146,109,152,98,160,88,165,77,172,66,175,54,180,42,183,31,185,18,187,6,188,-6,188,-18,187,-31,185,-42,183,-54,180,-66,175,-77,172,-88,165,-98,160,-109,152,-118,146,-128,137,-136,128,-144,119,-152,110,-158,99,-165,88,-170,78,-175,66,-178,55,-182,42,-184,31,-186,18,-186,6,-186,-6,-186,-18,-184,-31,-182,-42,-178,-55,-175,-66,-170,-78,-165,-88,-158,-99,-152,-110,-144,-119,-136,-128,-108,-117]]]
1649881	p	1642548
1630333	n	110.6937,-7.2804,111.1463,-6.9605	[[[1106937,-70900,11,-222,32,-219,54,-215,75,-209,2,-5,20,13,27,36,79,71,41,78,-4,32,5,12,53,60,13,31,45,24,26,3,8,19,33,-14,25,-37,18,-46,-22,-11,3,-12,-8,-20,-34,-15,-7,-13,5,-7,-8,-8,14,-23,-9,-18,4,-28,17,-4,23,-21,35,-5,50,-20,0,-8,15,-3,26,-50,25,-9,17,4,-5,16,53,-31,-15,-20,-15,-9,-43,9,-12,-4,-13,-25,6,-41,23,-10,12,8,5,16,22,11,10,-8,10,13,13,-9,7,-21,73,2,-14,-48,23,-3,8,22,22,-1,39,-47,-7,-28,-18,-25,-20,-46,5,-26,-13,-70,-21,-23,-14,-36,3,-12,-6,-8,13,-8,-32,-17,-15,1,-8,-26,-15,1,-4,-5,11,-16,-11,-20,8,-18,-2,-21,10,-12,-30,-38,-21,-52,29,2,23,-5,39,6,22,-10,27,-2,30,14,17,-3,33,7,20,19,28,12,144,117,8,54,20,19,12,27,91,40,31,24,21,35,12,66,6,9,15,-4,25,32,12,6,52,-6,40,-18,21,-1,8,-5,4,-19,21,0,14,13,36,-53,48,-35,11,-41,-5,-14,-35,3,-12,-14,-15,-6,-56,24,1,7,-19,-5,-17,-15,3,-27,-29,-4,-22,-16,-8,-27,-36,-50,-2,-13,-41,-35,-17,-31,2,-19,7,-5,-12,-37,2,-55,38,-63,-11,-63,70,-19,72,-60,39,-17,17,8,52,2,20,-16,57,31,28,25,16,3,18,-9,19,-31,-15,-39,26,-10,21,-21,26,-11,0,22,18,9,55,0,49,15,32,-11,27,0,19,-17,38,-4,-8,-21,10,-6,-12,-8,4,-10,208,61,-2,26,14,21,23,-23,3,-13,1795,524,39,52,114,190,95,201,75,209,54,215,32,219,11,222,-11,222,-32,219,-54,215,-75,209,-95,201,-32,52,-26,-8,-25,10,-11,60,-320,115,-27,-8,-54,-76,-117,2,-82,18,-87,-37,-87,-17,-39,3,-42,28,-90,6,-73,-12,-79,9,-51,-13,-77,-1,-25,-8,-48,10,-20,28,-22,-1,-15,8,-23,3,-22,19,-8,-7,3,-30,-37,22,-18,1,-4,-35,-16,-11,-33,8,-59,-9,-19,5,-21,28,-10,-14,20,-18,-28,-11,-6,-9,2,-24,-13,-1,-43,14,-15,0,-2,-6,-10,11,-25,8,-16,-20,-19,2,-31,27,-38,-8,-18,28,-32,-3,-1,22,-14,1,-16,13,-17,0,3,26,8,6,-18,12,-11,-11,-5,-34,-17,3,-15,-26,-8,-31,-30,-43,-13,-84,-48,-41,-23,3,-59,23,-52,9,-10,29,-14,18,12,110,-108,-38,-24,-27,-23,-3,-15,7,-13,-2,-23,-44,-47,-23,-47,-53,-39,-109,-10,-8,-27,7,-7,8,6,18,-9,8,-11,40,-8,8,-32,-11,-15,-21,-35,10,-16,13,-8,-2,-8,-29,-32,-15,-31,-52,-12,-8,-27,6,-14,28,-25,23,-16,-4,-7,-6,-17,-59,-10,-7,-39,36,-18,36,2,19,-10,21,-13,2,-29,25,-9,69,7,32,-6,9,-1,70,-10,18,-18,11,-7,18,-822,-225,-66,-140,-75,-209,-54,-215,-32,-219,-11,-222]]]
1627253	p	1625822
1621613	p	1646170
1626444	r	107.5262,-6.8143,107.9207,-6.1826	[[[1075262,-64333,5,-36,3,-6,13,2,25,-45,15,3,16,-5,-8,-14,19,-5,6,-15,8,-1,6,10,3,1,2,0,17,3,10,-5,5,0,5,-5,8,-5,8,-16,5,-7,1,-8,5,-12,-3,-4,1,-5,-18,-15,-4,-4,-3,-13,10,-12,19,-3,-14,-40,23,1,0,-13,-13,-16,3,-25,17,-17,-3,-30,2,-6,12,-8,3,-1,2,2,2,6,7,2,2,1,2,0,7,-9,18,2,9,-34,37,-9,12,7,23,-17,13,-23,-16,-38,-8,-6,5,-4,4,-41,31,-16,-4,27,11,6,21,-9,6,-7,1,-1,0,-2,-20,-31,-40,0,15,-16,-2,-9,18,-38,-20,-17,-5,-16,4,-18,10,-10,-11,-18,11,-13,0,-36,-25,-5,16,-45,-29,-19,-31,-9,6,-13,15,-9,20,-9,13,3,0,-6,-18,-13,3,-14,11,-10,24,1,16,-35,-21,-21,-18,-4,-18,-13,-6,-16,15,-20,1,-25,-20,-15,-15,1,-4,-7,10,-19,17,8,13,-3,33,-38,2,-19,-17,-22,-24,-8,3,-37,18,-10,4,-12,-7,-4,-29,3,0,-11,-12,-16,24,-4,-3,-24,-24,-17,-10,17,-17,-26,12,-14,-5,-14,18,-1,6,-15,12,3,4,16,16,-9,17,2,9,-9,-6,-12,6,-7,21,23,-1,8,9,4,-4,-28,-12,-11,10,-6,16,4,4,-22,20,-2,18,-16,-8,-16,-17,-4,7,-19,13,-6,13,2,9,-17,18,-3,3,-9,-7,-21,5,-4,11,3,0,12,15,-5,12,14,10,2,7,-24,20,-18,19,-30,-2,-8,-17,4,-2,-8,11,-1,15,-16,21,6,-3,-23,-28,1,-3,-21,24,-15,15,4,3,-30,33,4,8,-5,-2,-16,-18,-8,-8,-24,-23,-22,-20,-35,-3,-51,28,-22,-14,-13,1,-22,-15,-13,5,-10,-10,-32,-27,-35,11,-18,-14,-20,0,-5,2,-11,29,-16,-7,-10,16,-18,1,-9,17,0,6,-11,17,-4,-9,-10,15,-9,4,-25,2,-1,20,-8,4,0,2,-2,13,-6,0,-1,1,0,-1,-7,0,-15,21,0,1,-12,18,2,20,-16,-2,-42,9,-10,-7,-11,6,-32,-16,-7,-5,-14,4,-12,-10,-11,7,-26,-18,-19,8,-13,-1,-28,-7,-6,0,-9,-16,-5,2,-7,-9,-13,-29,-11,8,-8,-3,-11,-23,-32,0,-24,19,-10,12,-21,3,-15,-12,-3,14,-24,-8,-13,-1,-27,15,-40,18,-19,1,-11,-9,-24,-30,0,-22,-28,-5,-35,7,-14,24,-19,-2,-14,31,2,-6,-15,1,-24,11,-29,-26,6,15,-25,62,-29,24,-47,-6,-33,13,-37,11,-61,-8,-13,2,-16,-26,-18,-9,-24,-3,-17,9,-34,99,22,79,-11,-2,-11,-7,-2,7,-15,-9,-2,6,-7,27,-5,-5,-5,11,-6,10,-15,-4,-3,47,-42,3,-16,21,-9,136,-2,26,14,41,5,15,-9,39,6,78,-14,68,-31,18,9,12,-15,-3,-29,54,-53,9,-28,42,-29,8,-28,47,-38,76,31,35,3,20,19,65,1,38,-47,66,-24,38,-5,20,-15,24,-31,-5,-29,5,-29,42,-7,31,-27,56,16,26,-12,58,2,25,9,19,-5,58,23,17,-3,21,10,13,-2,26,32,32,4,22,10,24,30,35,3,11,-5,4,0,3,-3,5,-2,19,-27,14,-4,69,18,55,1,28,-23,25,-36,15,-2,62,34,83,65,18,60,-2,25,35,35,20,39,42,2,41,22,13,42,40,18,1,11,-7,13,4,52,19,4,-12,35,0,22,28,27,-1,18,-13,14,8,14,-13,39,-19,15,-11,-3,8,11,-1,22,12,16,-5,16,12,9,-10,22,-11,9,-13,-4,-2,6,16,21,-12,-1,10,13,-6,19,11,23,-7,11,10,43,-11,11,18,9,-11,19,-7,-10,-6,3,-5,16,9,9,-4,35,-21,12,20,12,-16,13,15,9,-3,9,13,7,8,17,-2,15,9,8,-18,6,-4,7,10,8,-2,17,12,7,-1,15,17,2,-9,16,13,10,3,12,-13,35,-29,5,3,15,-20,-3,-5,25,-18,2,-32,17,12,21,-4,23,38,-8,13,4,9,18,-5,44,34,14,-3,18,26,6,-20,13,-6,15,29,10,-4,13,-15,6,8,13,-6,10,31,54,19,19,33,4,0,35,45,0,0,2,3,33,-20,50,4,22,-13,19,0,35,13,14,20,63,32,10,11,34,-42,58,1,17,12,18,-8,32,4,21,-21,24,0,6,-1,2,0,7,21,42,31,24,0,2,-22,54,-16,15,8,29,-12,5,-6,15,-33,31,9,16,2,39,40,-2,24,21,2,1,0,3,1,3,1,2,-8,10,-33,22,-7,25,1,2,1,2,2,4,3,1,71,15,44,29,41,-9,35,19,40,-2,20,12,21,-3,16,49,33,10,16,43,13,2,50,-16,14,5,1,28,22,11,18,21,-5,12,-19,-1,-15,8,0,30,1,1,12,7,9,-13,9,-2,53,20,18,13,2,8,30,13,35,33,15,45,-29,15,-1,26,53,16,26,26,6,10,3,60,34,35,-1,18,-22,21,24,22,-32,48,-15,40,-18,3,-8,-5,-10,-44,-15,-12,-40,-4,-10,4,-3,11,9,35,21,19,7,21,-3,10,-14,5,1,7,95,6,22,9,13,24,0,12,-40,-18,-13,-12,-5,7,3,11,-11,20,11,0,6,-9,7,5,5,16,25,11,-1,19,-11,3,-41,-28,-18,2,-4,5,15,34,-12,18,-10,4,0,-19,-9,-15,-22,26,-23,-10,-21,5,-11,14,-21,-7,-23,-21,-9,-1,-14,46,32,33,-17,17,-2,9,17,23,-2,9,-15,4,-17,-12,-8,3,-4,16,16,28,-13,50,-8,5,-25,-5,-13,31,-30,-1,-8,13,7,23,46,32,-26,11,-5,11,4,14,12,2,28,-10,13,4,-9,18,-27,10,-5,11,1,4,-2339,400,-611,1517,-9,-7,-21,11,-68,-16,-26,-23,-6,-15,-17,0,17,-26,18,-11,-6,-11,-12,-4,5,-20,-8,-28,-38,-16,19,-37,-11,-15,4,-13,-8,-25,7,-15,-4,-17,33,-64,0,-18,16,-1,11,-12,-2,-35,13,-6,4,-9,-14,-39,-26,-16,-21,-3,2,-25,-16,-38,15,4,11,-5,-13,-10,-3,-11,14,-5,17,-27,-6,-10,-23,-6,5,-7,-9,-13,-3,-66,-25,-48,-13,-3,9,-11,-20,-6,-9,-12,-16,0,-16,-24,5,-4,3,9,12,3,5,-13,-21,-6,3,-9,-6,-12,-23,-2,3,-28,8,1,12,18,4,-6,-10,-13,8,-20,-20,-24,-17,-10,-3,-15,-24,-16,-2,-16,-12,-9,4,-7,17,-5,8,-16,-14,-7,-5,-12,-15,-2,0,-38,-13,-7,-14,7,-4,-17,5,-15,-13,-5,-1,-22,-27,-6,-7,24,-16,-8,3,-24,-39,-31,-10,-22,-1,-12,11,-14,-16,-60,-33,-22,-10,5,-14,-9,-5,-6,7,-12,-4,-6,-21,-3,-23,-18,-6,-20,18,-30,9,-42,-9,-41,7,-31,0,-4,-1,-1,-1,-2,-24,-9,-6,-40,6,-6,-13,-19,-9,-37,-25,3,-12,-32,-10,-3,-7,0,-6,-14,9,-46,-30,-16,2,-45,-8,-29]],[[1076667,-62317,115,-63,215,110,16,-9,-3,2,-13,24,-30,21,-8,12,-73,-54,-95,-49,-78,-4,-46,10]],[[1078013,-62009,4,-5,31,0,3,-64,38,-35,14,1,29,89,-12,67,-13,-23,-6,0,-9,15,-19,-16,-12,5,-10,-4,-2,-22,-18,7,3,-9,-21,-6]],[[1078835,-61853,23,-18,-2,-4,87,-195,11,6,10,-3,1,10,-16,20,0,53,6,21,17,20,-2,22,14,34,82,38,3,23,-85,-12,-111,11,-22,-7,-1,-14,-15,-5]]]
1630058	p	1627549
1215102	r	97.1754,0.8502,97.9319,1.5455	[[[971754,13327,6,-8,98,-241,58,-100,106,-95,105,-40,102,-24,102,-46,75,-49,66,-54,45,-78,19,-123,32,-119,145,-128,73,-225,93,-89,109,-75,95,-84,40,-80,95,-261,498,-810,161,-410,23,-425,-12,-242,66,-72,397,40,223,-9,219,-46,126,-104,-56,-188,881,-533,104,-99,252,-8,286,9,284,29,282,47,279,65,274,83,267,102,261,119,252,135,243,152,232,168,221,182,209,197,129,139,-34,32,-63,82,-177,397,-141,142,-176,43,-200,25,-165,50,-69,121,-30,142,-74,136,-167,234,-101,107,-157,111,-192,88,-446,88,-160,111,-31,22,-771,949,-118,414,-126,176,-522,507,-64,92,-54,231,-28,37,-11,15,-73,37,-237,242,-17,38,-37,133,-15,34,-46,9,-113,-17,-104,23,-127,-11,-56,28,-27,49,-10,107,-137,196,-75,43,-93,-51,-159,-52,-171,96,-247,269,-143,-77,-37,-99,30,-277,-41,-135,-96,-125,-437,-379,-196,-125,-219,-70,-301,-29,-144,16,-35,-116,-65,-280,-46,-284,-14,-147]]]
1649593	n	103.9448,-4.3561,104.3952,-3.9039	[[[1039448,-41300,11,-222,33,-219,53,-215,75,-209,94,-201,114,-190,131,-178,149,-165,164,-149,177,-132,190,-114,199,-95,208,-75,215,-54,218,-32,221,-11,221,11,218,32,215,54,208,75,199,95,190,114,177,132,164,149,149,165,131,178,114,190,94,201,75,209,53,215,33,219,11,222,-11,222,-33,219,-53,215,-75,209,-94,201,-114,190,-131,178,-149,165,-164,149,-177,132,-190,114,-199,95,-208,75,-215,54,-218,32,-221,11,-221,-11,-218,-32,-215,-54,-208,-75,-199,-95,-190,-114,-90,-67,-905,-1702,-6,-111]]]
1651887	p	1624494
1626932	r	115.0237,-8.3112,115.4018,-8.0551	[[[1150237,-81620,16,-2,4,-15,8,0,2,-33,20,-23,26,-9,10,21,-7,12,46,29,11,-7,19,5,8,-17,5,2,392,-583,0,1,38,30,14,4,11,-29,9,-4,62,1,42,-11,34,-100,6,-46,-7,-70,25,-46,16,-6,19,-18,-4,-25,12,-55,-5,-11,7,-7,-4,-10,10,-18,1,-6,270,-402,420,-44,2042,912,9,7,35,92,59,195,47,198,33,201,20,202,-639,267,-691,143,-168,100,-158,115,-207,85,-224,44,-202,-3,-370,-174,-177,-172,3,4,-11,7,5,12,-12,6,0,18,12,24,-11,18,-29,-38,-195,-156,-44,-19,0,-6,-5,4,-3,-6,-44,-13,-30,-18,-13,-18,-34,-17,-17,-26,-5,-23,-37,-31,-62,-35,-15,-18,-14,-34,-37,-41,-3,-13,-24,-26,-45,-32,-10,-13,0,-24,-12,-18,-34,-24,-45,-11,-45,-40,-89,-39,-14,-20,-12,-37,-14,-17],[1150615,-81407,38,31,10,-6,30,22,-6,11,47,48,12,-14,11,3,-125,-120,-6,-5,-4,5,-7,25]]]
1636308	r	133.0905,-1.836,134.9982,-0.5314	[[[1330905,-8600,20,-638,62,-636,104,-630,144,-622,184,-611,224,-598,261,-582,299,-563,335,-542,370,-520,403,-493,433,-466,463,-437,491,-405,515,-372,539,-338,560,-301,578,-263,593,-225,608,-186,618,-145,625,-104,632,-62,634,-21,633,21,-198,962,-143,407,-21,142,32,110,61,86,89,57,119,21,88,31,130,142,153,97,529,549,86,132,56,163,91,673,0,404,86,200,429,661,-146,199,-636,1177,-109,97,-89,34,3,2,10,20,-148,62,-54,36,-16,12,-70,59,-151,146,-139,174,-153,330,-84,115,-58,105,-29,214,-46,93,-125,171,-67,139,0,11,-14,20,-338,708,86,65,142,31,77,159,15,249,64,124,142,49,45,5,-36,-31,-2,-35,36,-40,23,-13,34,-47,30,-56,22,-63,1,-23,27,-14,6,-8,12,16,19,-6,11,22,2,29,-12,44,-32,13,-11,12,-7,33,13,27,-20,101,-18,27,-17,11,-35,7,537,60,197,71,9,120,-83,58,-289,113,-96,80,-162,187,-83,75,-114,51,-227,51,-103,72,-615,619,-177,101,-4,-2,-3,12,-41,22,-12,-2,-31,-36,-9,-37,-8,-1,-3,38,-19,53,-31,-22,-18,31,-22,-14,-12,17,-50,40,-58,-3,-18,-22,-3,4,-23,-10,-11,-17,-9,-35,3,-12,-17,-42,-9,-5,-4,-17,-10,-5,2,-17,-71,1,0,1,-22,11,-20,64,-54,37,-48,-4,-55,-19,-22,-15,1,-28,-20,-10,-65,11,-16,10,-1,30,-14,15,-146,61,-29,8,-49,-6,-71,-44,-4,-32,17,-13,-1,-19,-31,-33,-69,-20,-30,-2,-11,2,-10,18,-10,-5,-14,-36,-118,-3,-20,-7,-38,-17,-54,-41,-134,123,-64,44,-155,47,-163,13,-137,-36,0,1,-46,29,-19,-1,-23,-18,-41,-13,-10,-10,-31,4,-12,18,-30,7,-47,-2,-49,-26,1,-16,29,-5,22,-26,19,11,15,-6,17,-26,6,-14,-21,-81,-54,-72,-25,-17,-42,-28,-119,5,-47,23,-118,36,-443,77,-175,5,-117,-21,-2,1,-72,36,-123,80,-72,-10,-37,-40,-140,60,-10,35,-11,7,-6,-12,0,-24,-16,-7,-15,8,-5,26,-26,14,-23,-2,-6,-19,-12,10,-23,-18,23,-60,19,-4,5,-39,-13,-29,-42,-36,-80,-33,-15,-2,-1626,200,-125,55,-435,273,-96,116,-110,248,-261,255,-1341,965,-73,6,-56,-149,-184,-611,-144,-622,-104,-630,-62,-636,-20,-638]],[[1341693,-18294,173,17,241,40,93,111,163,132,85,33,52,346,-18,176,-123,54,-91,-57,-575,-852]],[[1348001,-10278,127,-221,223,-216,165,-372,119,-123,149,-98,137,-39,337,-8,168,15,141,55,347,456,-2,337,18,159,52,147,-197,-90,-166,-430,-183,-89,-156,75,41,143,184,224,9,110,43,154,10,82,-21,100,-90,155,-20,83,-61,93,-139,76,-458,139,-150,-15,-137,-68,-153,-122,-40,-40,-39,-52,-58,-112,-16,-188,-21,-49,-163,-271]]]
1644409	r	107.4203,-7.7451,108.1364,-6.9458	[[[1074203,-74631,27,-61,-11,-41,19,-34,-19,-39,-4,-77,10,-21,38,-45,-1,-76,-18,-33,185,-10,77,-25,53,-25,28,-22,88,-22,62,-25,33,-27,4,-9,-6,-39,12,-19,29,-22,-15,-36,14,-39,34,-11,12,19,29,2,59,25,20,-4,6,-20,7,-1,1,8,11,11,44,-15,46,-33,31,-2,43,-13,19,7,1,-12,22,-14,19,16,44,-44,19,-9,20,9,-3,-10,14,-5,17,-32,43,-10,5,-13,26,14,13,-5,15,-20,16,20,12,-9,35,-5,15,8,0,-7,15,-11,242,-104,40,-14,154,-29,98,-46,56,-79,22,-13,41,-2,30,-37,23,-15,16,-21,-8,-51,26,-30,42,-15,6,-8,20,-3,28,14,10,-7,-3,-26,183,-83,2,-1,96,-78,138,-206,82,-215,-4,-4,7,-2,0,-2,18,-6,10,-11,11,-46,38,-8,28,2,62,8,4,3,108,-38,644,-85,202,-47,149,-64,142,-92,21,-287,343,-159,352,54,2,-1,1,2,53,8,439,-10,394,1469,1299,4834,19,-13,9,-26,12,-14,35,127,-1,6,-39,33,-2,9,11,44,4,1,3,7,3,27,17,64,-72,54,33,39,18,40,16,7,26,-22,23,42,23,14,5,20,23,9,13,23,-23,59,19,37,-12,14,-21,3,-8,27,-56,13,17,19,-2,15,-23,32,7,13,-35,1,-72,38,-32,26,-30,46,-92,66,-9,37,3,12,-21,36,-33,39,9,18,-17,21,0,15,-21,10,-7,17,-63,-3,-13,21,-12,58,4,43,-123,1,-18,-25,-31,-24,-3,-25,-8,-4,-37,-2,-20,7,-40,-17,-18,16,-23,7,-6,-7,-23,17,-19,-30,-15,4,-16,-11,-9,11,-10,-2,-16,13,-12,-5,-11,15,5,16,-10,-4,-7,8,-32,-7,-16,6,-6,12,8,8,-20,19,-13,-14,-19,13,11,20,-30,19,-3,18,-26,-13,-25,26,-14,-6,-7,10,-17,-1,-21,-11,-13,5,-9,-11,-23,-5,-6,8,-26,6,-11,-8,-1,-12,-12,2,-18,-8,-10,2,2,8,-24,13,-9,-5,-31,6,-23,-8,2,8,-5,5,-42,17,-21,22,-18,6,-16,21,-28,18,-16,29,-79,65,-18,42,-11,-6,-29,6,-27,-14,-26,-4,-47,19,-48,1,-17,5,-30,48,-41,-31,-42,13,-34,-9,-13,6,-5,15,-10,0,-6,14,-10,2,-5,14,5,7,-10,15,-30,-12,-12,2,-4,11,-8,0,-12,12,-24,1,-11,14,-13,-25,2,-44,-1,-1,27,-4,1,-9,9,-7,-9,-14,6,-27,-7,-69,-12,-24,-49,8,-49,-8,-22,-29,-20,4,-26,-11,5,-10,-19,-22,-2,-13,-16,9,-16,-11,-30,-37,-22,-14,-2,-9,15,-5,34,7,27,-2,12,-11,2,-10,19,-8,0,-10,9,-6,15,4,8,-7,13,1,16,-30,8,-69,2,-22,-3,-19,15,-29,2,-19,-10,-2,11,-26,-32,-22,15,-72,20,-24,9,-26,0,-127,22,-1,1,-6,10,9,14,-11,6,6,14,-1,11,6,20,19,23,-9,10,4,8,12,20,-13,3,8,13,3,12,-8,5,3,24,-10,29,-4,9,-5,-10,-43,33,-26,6,-12,-21,9,-7,-9,-21,1,-14,-14,-16,-3,-32,-25,-7,-19,-8,-5,18,-18,-10,1,-21,-12,-102,-2,-27,-6,-37,7,-63,-14,-26,20,-17,-32,-6,17,-27,5,-13,10,-7,22,-52,-13,-30,4,-87,-18,-38,-32,-21,-7,-10,2,-5,9,-25,-4,-24,-25,-45,-3,-21,-15,-25,6,-14,10,-26,3,-28,-53,-14,3,-50,-32,-25,4,-15,-13,-10,0,-11,-39,9,-33,0,-48,15,-21,1,-32,-29,-46,-30,-11,-7,-13,-31,3,0,-20,-7,-6,-68,-11,-21,-21,-63,-1,-9,-18,-4,-43,9,-60,-18,-25,0,-9,-9,-6,-4,-18,1,-15,25,-35,-1,-29,7,-8,-1,-17,8,-6,2,-26,-11,-33,6,-36,-9,-25,-19,-5,-14,-37,-35,-17,-55,-42,-16,-44,-66,-57,-5,-19,-12,-7,-39,4,-31,42,-35,28,-15,-15,-25,-4,-26,-38,-20,27,-20,-1,-25,15,-25,-18,-26,-4,-90,-108,-14,-8,-32,1,-15,9,-40,-9,-19,-27,-26,-22,-3,-34,-16,-44,-13,-7,-11,-23,-25,-9,-24,-42,-31,-33,-5,-23,-21,-26,7,-27,-12,-22,18,-14,2,-28,18,-20,9,-24,-14,-8,-24,-34,-31,-21,-21,-5,-5,-16,-53,-35,-12,-29,-22,-7,0,-15,12,-20,-8,-42,-13,-28,28,-56,-5,-16,25,-40,21,-11,14,3,52,-9,13,-41,10,-4,-541,-388,-7,-70,-7,1,-25,28,3,7,18,2,-7,8,1,20,-14,8,-21,2,-19,31,-24,6,-7,-10,-17,0,-15,-20,-16,-8,1,-5,-29,1,-31,-14,-51,-40,-5,-17,-36,4,-30,-11,-30,1,-34,27,-16,-25,-16,-3,-5,-15,-15,-7,-8,-20,-11,-9,-26,-4,-24,-16,-35,-9,-26,7,-17,-2,-30,15,-8,46,-24,32,4,17,18,19,-1,32,-16,29,-4,39,-25,34,-26,-3,-40,27,-19,-11,-26,11,-9,15,-19,2,-7,12,-24,10,-42,52,3,24,-9,17,-30,7,2,20,-10,20,-38,26,-33,-4,-28,31,-18,4,0,26,-45,29,-25,9,-21,-10,-28,-39,-37,-20,-32,21,-12,36,-14,17,-67,21,-11,-8,-1,-8,-25,-7,-18,5,-33,-61,-46,-10,-14,14,-3,14,-31,8,-28,18,-27,-1,-9,-18,-17,-8,2,27,-41,18,-29,-4,-28,-32,-19,-8,-28,-46,-16,4,-80,61,-18,6,-12,0,-37,-22,8,-17,-11,-12,-4,-37,-20,-16,2,-31,-22,-4,1,-18,-13,-14,-25,-59,-17,-14,-26,-3,3,-32,-20,-5,12,-23,-15,-4,-37,-32,-16,-35,-15,-8,-5,-19,38,-62,-14,-41,13,-20,7,-44,17,-12,-4,-18,34,-69,2,-30,14,-26,3,-27,40,-39,19,-5,10,-19,1,-35,14,-14,5,-43,40,-43,43,-16,17,-41,-2,-40,-8,-28,-21,-49,-18,-1,2,-29,-32,-36,-8,-24,8,-36,-14,-10,-18,-43,-5,-59,12,-58,0,-66,-6,-11,-14,0,-9,-13,-38,-17,-40,-10,-40,-22,-21,1,-28,-10,-17,-15,-20,-34,-72,-15,-32,-23,-15,0,-19,-16,-16,-3,-30,-27,-13,-31,-2,-33,-13,-31,8,-30,-45,-53,5,-8,30,-9,-4,-23,-29,-4,17,-37,0,-18,-20,-16,-2,-24,-25,-24,2,-26,-32,-31,-1,-14]]]
1636022	p	1650217
1632276	p	1645524
1636884	r	110.0135,-7.6881,110.3793,-7.2212	[[[1100135,-75863,72,-202,95,-201,115,-190,132,-178,149,-165,91,-82,552,131,2039,2024,413,261,-212,406,-2171,1847,-155,-46,-543,-1569,-1,-9,31,-21,-15,-47,-50,-72,-50,-107,0,-53,-25,-55,-7,-27,4,-39,-9,-5,3,-10,-6,-10,7,-34,7,-5,-10,-12,5,-7,-54,-3,-11,-11,30,-70,5,-85,9,-22,13,-15,27,-11,26,-20,9,-18,-19,-18,0,-17,-7,-13,-30,-23,2,-36,-30,-18,-14,-21,-2,-18,-14,-18,1,-23,-18,-25,7,-16,12,-78,-43,-73,-9,-37,20,-27,-5,-18,-20,-7,-11,-16,3,-15,16,-4,3,-11,-10,-11,-14,-3,9,-26,-6,-3,1,-10,-9,-1,-3,-15,-15,-5,6,-16,-2,-15,-8,-2,-1,-7,8,-7,-13,-27,15,-12,-13,-14,5,-8,8,-10,7,-1,-9,-12,10,-13,-14,-3,-17,15,-25,1,-15,12,-23,18,-20,-7,-64,15,1,-22,20,-21,21,-20,-5,-20,16,-20,9,-27,-16,-34,0,-34,-8,-8,7,-23,-9,-11,-9,7,-23,-5,-9,-23,-18,0,-18,-12,-16,-29,-31,-15,-2,-9,-22,-14,-11,-22,-14,-8,23,-13,2,-21,-8,-29,10,-6,-14,-16,-11,-36,10,-20,-11,-21,24,-3,4,-31,-37,-3]]]
1646698	p	1641134
1639900	r	110.4462,-7.8477,110.8062,-7.5381	[[[1104462,-75413,25,-65,54,-47,13,-20,11,-87,26,-61,8,-152,31,-193,54,-135,2,-201,233,-1046,-1,-249,75,-17,79,-4,47,-28,-10,-36,3,-16,12,-19,55,-34,43,-5,11,-8,19,-46,15,0,4,-16,22,-7,11,-34,-6,-11,13,-12,-2,-19,42,13,-1,20,13,8,3,-2,4,-14,-6,-11,9,-3,115,-409,2574,-98,-589,994,2,14,15,25,25,1,-19,15,14,11,-8,17,16,-7,14,18,17,2,-12,14,3,7,16,-5,4,11,27,13,-1,18,-12,10,20,-6,4,17,-8,9,10,15,-4,16,22,-5,5,26,16,-1,8,14,-2,15,15,13,-19,3,-5,7,13,31,12,12,8,-4,2,-11,14,11,10,-12,8,0,2,13,-13,25,13,9,-2,-15,9,-2,11,15,-30,21,6,21,-12,8,2,14,-12,13,2,8,9,1,2,11,-15,17,26,13,-14,24,28,25,19,-1,9,10,-19,22,-43,-1,-3,11,15,-7,3,11,-23,3,-2,11,11,8,15,-7,9,16,-1,16,-22,12,4,5,59,3,20,12,4,12,-10,25,4,8,5,-5,27,-36,12,-1,11,14,-16,8,-17,26,-17,8,10,12,27,13,-12,29,6,40,-20,13,11,22,21,16,43,7,21,-16,25,0,-1,37,-37,15,-3,15,32,10,19,-6,11,-16,16,2,6,10,-3,17,-24,20,3,8,20,4,3,16,-6,10,-19,0,-5,6,35,22,39,13,9,9,0,13,-9,7,-16,-1,-17,-20,-63,23,-16,-5,-33,35,-25,7,-8,27,-19,-6,-14,6,-6,20,-9,-2,-35,-70,-9,4,0,8,-9,3,-6,-8,-7,2,-60,34,48,93,-19,9,3,22,5,1,-3,7,-23,30,-34,-1,-33,26,-13,-16,-55,18,-6,11,-40,-17,-16,13,8,20,-10,6,11,25,-35,14,48,60,-19,9,4,9,-20,31,-18,-12,-15,20,-9,3,-27,-9,-32,0,-15,-11,-28,37,-34,-9,-33,8,-19,14,-27,-25,-58,19,-9,-6,-28,1,-39,26,-25,-3,-14,13,-20,-10,-18,20,2,10,-18,1,-9,21,-34,9,-22,0,-46,-20,-13,2,-21,-9,-51,24,-13,-9,-13,18,-22,-5,-9,11,-38,-13,-61,-6,-1,-4,-27,-6,-2,9,-8,-2,-4,9,-7,-9,-4,8,-7,-6,-8,7,-19,-2,-12,7,-10,-8,-6,11,-18,-3,-31,12,-23,-5,-76,34,-14,0,-3,7,-11,-1,-15,11,-11,-5,-8,7,-20,0,-12,5,1,6,-82,29,-46,7,-20,17,-36,12,-17,14,-7,-2,-20,18,-9,-2,-4,13,-16,-14,-9,-41,27,-3,-14,-69,6,-14,-18,-23,-8,-28,-35,26,-31,6,-10,9,-17,-24,-19,5,-41,-16,-40,32,-3,-4,-40,9,-27,-43,-23,11,-6,-12,-11,6,-56,-84,-16,13,-22,-21,5,-4,-27,-18,-13,1,0,-12,-21,5,-13,-33,-28,24,-15,-33,-14,-6,11,-17,29,-11,16,-17,-80,-74,18,-39,-5,-8,9,-8,-8,-4,8,-7,-1,-23,7,-1,-44,-28,-51,17,-17,-14,61,-64,-13,-5,-16,25,-39,30,-9,1,3,7,-6,0,-10,23,-10,1,-8,16,-56,39,-11,-3,-13,37,-23,13,-41,47,-9,56,33,13,62,-10,-6,25,-57,25,-23,-12,-69,56,4,36,-16,27,-25,8,-3,7,-26,-1,-7,17,-7,2,-6,-8,-24,30,-10,-3,2,14,-28,-1,-3,19,-23,0,4,15,-24,30,-3,41,-37,44,-7,24,-17,26,-27,23,-9,26,-10,8,0,24,-25,21,-9,16,-40,21,-7,14,-14,6,-6,16,-21,15,-52,22,-54,37,-11,4,-42,-12,-35,-20]]]
1642414	r	111.9713,-7.7791,112.4558,-7.3438	[[[1119713,-74050,422,-2796,602,-199,14,9,12,21,1,29,-13,55,14,66,-6,77,27,39,31,11,15,16,3,12,-14,32,22,37,6,49,6,11,42,16,20,70,62,36,3,62,33,45,-10,50,19,71,0,38,15,38,-13,42,3,20,13,19,42,25,10,15,3,23,-9,32,1,17,14,30,13,-6,17,-23,5,-24,33,-39,-2,-14,8,3,34,-30,17,-5,3,7,36,-11,6,7,26,-12,0,-6,34,-16,9,7,28,-18,21,-3,5,18,88,-14,13,9,17,0,60,-22,4,16,26,-10,30,-2,28,-16,51,-50,0,-33,19,-16,34,-15,10,-23,13,-6,14,-29,59,-253,182,-25,7,-18,18,-7,-10,-34,25,-13,14,-38,47,-37,10,-20,23,-8,-2,-35,-15,-29,6,-7,-18,-46,5,-14,65,-24,34,-51,35,-34,22,-11,41,-9,-17,-50,9,-9,55,-23,9,-38,91,-91,7,-17,18,-12,49,-19,98,-1,12,18,-20,33,8,5,124,-31,31,1,40,-9,9,7,23,-7,23,9,4,-7,12,5,8,-6,-8,-5,19,-5,1,-5,8,4,-1,6,10,0,3,-8,18,10,-1,-8,21,-9,2,17,4,-8,12,-1,0,-6,10,5,7,-17,13,2,25,-11,-3,-8,19,4,9,-8,-2,-9,15,-1,-3,-11,7,5,3,-7,13,1,1,-11,19,-6,6,-14,17,-11,25,0,17,-11,6,10,11,1,9,-9,-5,-6,33,-21,25,6,16,-9,13,5,18,-6,5,-26,35,-24,18,-3,14,-14,58,-1,33,-34,39,-25,4,-12,17,-8,34,-47,15,8,17,-7,7,5,17,-9,14,0,11,-14,33,-4,6,-7,18,3,49,-36,47,-12,31,-38,54,-6,26,-27,19,-5,39,4,51,13,57,29,20,-3,16,31,33,14,29,4,55,-42,27,-4,45,27,10,18,19,-19,32,-62,23,-18,40,2,51,-24,34,0,-43,62,-2,16,-13,8,9,32,-32,24,0,41,-9,17,17,58,-2,21,-21,63,19,10,-4,20,-22,27,-7,1,-19,36,-47,32,3,39,-17,14,2,9,-13,18,4,20,-10,9,1,15,-11,21,7,11,-21,24,-3,25,6,30,-4,14,5,9,-8,7,-6,28,-10,3,-4,35,-37,32,-6,22,-21,13,1,25,-21,49,-11,4,-8,3,-44,41,-40,67,4,10,-8,16,1,31,9,25,-14,19,13,52,-17,50,5,18,-2,44,-7,21,-32,41,-27,53,-3,21,11,35,-15,59,5,12,-78,81,-76,67,-28,42,-25,62,0,19,-12,3,-42,55,-26,4,-44,56,48,1,11,76,-34,16,2,28,-34,8,6,49,13,-1,17,23,17,0,-1,9,-23,2,-35,15,-15,-3,-4,4,20,18,-8,32,-22,0,2,26,-30,11,16,37,-11,2,5,46,5,8,31,-5,22,36,-19,6,10,42,-7,2,8,53,-19,5,9,48,52,-9,-9,62,-23,14,-9,43,0,8,12,2,3,61,68,46,3,40,-5,0,-5,42,-3,5,-16,-9,-6,24,-35,0,2,27,56,33,-2,29,18,4,55,38,27,-17,29,-1,5,105,26,29,28,1,34,20,40,-20,5,21,-9,20,5,12,-2,37,-86,5,-66,-12,-68,-3,-49,5,-75,19,-106,-11,-76,29,-22,-9,-44,-36,-23,-5,-89,61,16,78,30,-6,11,7,23,50,54,-8,17,46,-41,5,9,42,-19,10,5,17,-18,6,-2,7,23,68,15,-2,11,5,4,9,27,-6,-24,48,3,59,-14,4,13,99,-2,18,-9,10,10,1,-1,8,-5,12,-9,-1,-14,15,0,18,-16,13,-54,99,-19,103,5,49,13,40,77,78,-14,19,0,27,-21,6,36,8,-8,14,15,4,2,7,-27,5,-27,-8,-2,-6,-46,2,5,-13,23,4,-4,-8,7,-4,-15,-3,13,-11,-12,-1,6,-13,-4,2,-17,10,-2,-2,-16,-10,-13,8,-25,-20,-2,1,-11,10,5,30,-12,-3,8,21,39,1,15,-12,7,11,-19,21,-42,-2,-40,-9,-81,-47,-83,-19,-56,-32,-104,-27,-33,-16,-53,3,-37,15,-54,2,-28,-8,-78,-42,-49,-2,-64,-12,-29,2,-20,13,-18,22,-45,17,-20,28,-124,48,-55,-7,-10,10,-25,1,-28,11,-25,-6,-1,7,-13,2,-10,-12,-10,2,-13,-11,-24,-2,-24,8,-4,-17,-27,-16,-14,12,-11,-10,-50,3,-25,-6,-38,16,-20,-23,-24,-3,-5,-9,-26,-10,-66,-12,-28,4,-34,-24,-23,-7,1,-12,-8,-5,-120,-51,-87,0,-50,-9,-41,-31,-105,-24,-24,-15,-23,-24,-25,-9,-17,-14,-15,1,-4,-8,-10,-1,-6,-15,-34,8,-8,-8,2,-18,-41,6,-9,-14,-44,-1,-36,17,-21,-6,-5,15,-16,7,-10,-10,-19,2,-4,-21,-43,19,-8,-2,-10,-14,-45,1,-1,-37,-19,-15,-6,-18,-15,-1,-18,-49,3,-7,-6,-4,1,2,-20,1,-28,13,-76,-6,-51,20,-29,-5,-9,8,-6,-5,-12,4,0,-22,13,-10,3,-26,-23,1,-49,-19,-34,7,-19,-11,-37,20,-19,-4,-16,19,0,12,-25,3,-15,12,-11,-7,-7,-24,-22,-12,2,-77,-7,-22,-8,0,-20,24,-44,17,-74,17,-64,6,-79,-16,-68,-24,-20,10,-36,-4,-12,21,-29,-8,-30,5],[1120693,-73974,0,2,30,-23,-30,21],[1120795,-74735,16,3,-15,-4,-1,1],[1121104,-75929,3,6,27,30,-30,-36],[1121234,-74548,5,17,9,7,-14,-24],[1121251,-74521,1,0,24,-11,-25,11],[1121272,-74547,0,1,8,-5,-1,-3,-7,7],[1121282,-74580,29,-7,-27,4,-2,3],[1121340,-74604,0,13,4,-15,-4,2],[1121345,-74607,22,7,-20,-8,-2,1],[1121406,-74602,7,-11,14,12,8,-14,69,-5,5,-1,13,-39,14,13,-6,9,16,5,2,-15,21,-9,-9,-20,19,-8,5,-8,-4,-11,12,-4,-6,-3,-5,1,-10,-9,27,-22,-13,-9,7,-15,-16,2,12,-9,19,2,-2,-16,-12,-2,10,-8,21,-1,-5,16,3,8,21,-12,0,-28,7,-15,-11,-16,21,-10,-17,-44,24,2,11,13,11,-7,8,-17,-36,-29,-77,-18,-51,-26,-11,-13,5,-130,-121,521]]]
1632197	p	1650357
7334948	p	1645528
1637090	r	112.895,-8.472,113.4768,-7.896	[[[1128950,-84011,77,-29,341,227,505,578,257,134,46,9,12,10,137,32,47,30,172,40,112,7,5,3,-1,27,28,16,13,3,293,35,114,-25,139,2,67,19,115,12,38,24,180,25,481,2,99,-7,176,-21,232,-50,138,-44,264,-117,10,22,39,41,39,93,45,131,27,126,4,37,-7,36,-41,98,-3,49,6,53,-19,36,-20,10,10,16,3,32,45,15,1,13,25,-6,18,15,7,18,42,21,12,21,-3,18,13,1,23,18,1,15,-9,13,29,44,33,19,19,2,29,1,7,-12,21,-5,43,6,11,18,34,17,-3,32,9,5,3,17,18,12,48,76,27,1,46,42,7,54,-23,55,6,44,-9,16,24,2,0,17,41,-4,2,20,22,-3,-4,16,12,2,5,18,14,-3,2,17,17,22,-5,94,-32,-6,-34,26,5,50,19,25,-1,17,18,15,-6,50,-18,4,-39,26,-27,57,1,19,-19,9,-10,-2,-7,9,-10,-7,-6,11,12,31,15,12,11,-7,22,39,-24,32,-8,26,-14,4,-3,28,-15,11,7,4,14,-6,-6,27,11,17,-14,19,5,16,-7,12,22,11,11,23,-7,15,11,4,0,7,-18,18,-32,2,10,17,-6,13,-17,-6,-3,11,-28,13,0,17,10,10,-2,5,-9,-4,-4,29,6,7,-34,18,0,26,-12,4,10,10,-20,10,3,12,-20,10,-1,28,12,1,-25,58,14,30,18,9,-8,21,13,12,1,29,21,15,1,22,12,31,-1,19,-8,8,16,3,15,25,16,14,11,15,2,18,52,-1,6,5,-1,15,15,11,10,-3,-3,11,7,12,20,-8,2,21,5,-9,21,6,9,-12,5,14,31,11,-2,15,10,3,-10,10,42,38,42,2,9,18,-1,46,7,31,27,68,43,-27,2,-20,9,-8,32,-11,31,-33,28,-15,29,-45,49,29,17,-9,101,0,74,-48,-7,-39,15,-14,49,3,9,8,9,31,12,5,31,-38,-7,-31,5,-9,35,-3,54,11,50,-11,41,35,38,-17,45,5,61,724,-84,100,-1368,0,-30,44,-4,36,-30,33,-36,10,-133,12,-87,-11,-32,3,-28,-8,-122,-3,-57,-14,-11,3,-39,93,-26,24,-6,60,5,86,-6,19,-12,17,-14,5,-23,31,-8,-31,-38,-13,-3,-45,-10,-20,-23,-4,-37,9,-23,-16,-10,3,-2,9,-94,25,-52,19,-187,30,-44,15,-19,-1,-3,-20,14,-17,-3,-10,5,-8,-5,-11,9,-6,-4,-22,22,-3,-3,-14,8,0,5,-19,-12,-16,-4,-23,-10,-10,-17,-2,-2,-17,-14,-20,9,-20,-9,-51,-23,-3,-16,-22,-21,2,-7,-17,-6,2,-8,-8,-8,-38,-29,-30,-2,-17,-2163,0,-89,-156,-132,-301,-27,-9,-54,2,-44,15,-10,15,-43,-70,-5,-63,-11,-36,-23,-6,-36,29,-25,12,-9,-3,-11,-32,3,-27,82,-101,6,-24,-3,-33,-67,-52,-34,-57,-19,-21,-51,-12,-90,-91,-3,-36,8,-47,-36,-42,-40,-32,-7,-121,2,-21,27,-31,21,-65,64,-4,42,-39,7,-1,-221,-861,0,-2290]],[[1132804,-84636,30,1,45,22,31,34,-1,16,17,31,3,21,13,1,-5,23,-117,-85,-16,-64]],[[1132891,-84328,27,-69,27,-48,2,1,28,0,37,-17,-2,-7,7,-4,-8,-9,11,-8,10,7,8,-17,9,5,2,-7,15,-2,34,7,68,-30,79,-4,27,5,12,38,47,2,29,-42,47,-9,5,-31,20,-13,18,6,4,19,40,6,3,25,37,36,62,-43,60,1,15,28,16,-4,-6,-28,12,-22,30,-26,49,-5,12,21,25,-9,98,1,-9,35,27,-4,21,-17,31,10,18,-27,18,3,16,-26,0,-23,11,-3,-4,-44,34,10,-4,-33,-23,-13,1,-14,22,1,44,49,12,-14,-1,15,-60,137,-109,62,-553,30,-508,112]],[[1134103,-83886,33,-16,159,62,113,58,1,1,-30,-1,-82,-14,-46,-12,-54,-25,-94,-53]]]
1643078	r	107.8507,-6.664,108.5438,-6.2196	[[[1078507,-65724,7,-25,33,-22,8,-10,-2,-8,42,-5,40,-22,56,-18,58,-9,51,-35,30,3,189,-47,42,-17,84,-58,10,-17,25,-12,33,-51,39,-24,11,-27,18,-5,15,-24,56,9,7,-7,-12,-13,10,-7,12,-29,-3,-16,18,-6,-2,-16,13,-12,70,-18,25,2,19,-6,8,-25,14,-4,11,-14,12,2,0,-13,19,-6,14,-22,35,-20,35,-10,71,-4,27,-37,60,-35,64,-56,23,-13,55,-20,44,-2,61,-17,41,-26,85,-35,92,-7,14,10,1,5,-14,19,21,10,-16,18,3,16,19,16,23,-10,18,9,-25,26,26,47,-22,23,16,16,-31,40,5,24,12,-1,22,-36,4,-1,13,1,9,-7,34,12,15,-3,2,10,2,19,-9,5,37,35,-18,27,17,0,19,-25,6,8,-5,28,-4,6,-14,-2,-1,3,0,3,19,9,17,-4,11,12,0,23,-16,11,1,4,28,-3,19,11,13,15,13,-13,19,-1,4,14,-18,9,4,14,13,-12,11,0,7,21,24,14,15,-8,6,26,20,-18,12,17,-3,19,31,-12,-2,24,9,7,-4,16,-19,0,-4,9,5,23,11,10,-6,18,23,5,4,7,-7,5,-20,-5,-7,8,5,8,20,-3,1,10,-18,0,-1,7,30,1,14,26,-21,18,12,26,-5,15,7,11,-20,3,-6,10,20,5,14,-13,2,10,-7,15,8,9,-2,20,21,11,-28,9,2,9,15,6,-22,5,6,8,-6,11,17,10,-14,7,-2,8,14,3,31,-20,8,7,-7,14,30,14,17,-9,10,21,6,-12,15,5,3,11,24,12,1,19,14,9,18,-3,0,20,7,15,13,4,1,14,16,-10,9,12,14,3,-10,-18,4,-7,7,14,14,12,2,-12,6,-2,23,12,5,9,7,-2,-24,52,-75,209,-54,215,-32,219,-11,222,11,222,32,219,54,215,70,196,3258,-231,10,-1,-268,329,-41,62,-44,87,-9,-7,-9,14,-14,-2,-12,15,5,16,-20,-9,-12,14,0,4,-3,0,-21,25,-22,45,-7,0,-61,174,-42,150,-11,94,7,14,26,5,1,13,-43,188,-25,80,-5,43,-42,262,-115,-23,-1,15,-35,-14,-4,-9,-58,-11,-68,-110,-114,67,47,7,-59,0,-87,52,-611,17,-75,19,-259,74,-50,28,-62,59,-33,44,-11,27,-37,25,-70,-49,-35,-13,-129,13,-11,-8,-13,-26,-39,-20,7,-14,50,-4,83,-25,39,-2,38,-11,46,-39,-28,-9,-18,-25,7,-10,23,-4,78,19,41,-57,10,-50,-4,-43,8,-36,-8,-4,3,-21,14,-20,-27,-106,-24,-30,-32,1,-15,-12,-28,-44,-18,-54,-26,-24,-72,-35,-50,-37,-20,-21,-8,0,-13,-14,-145,-85,-49,-33,-46,-9,-98,-42,-7,-23,-10,-5,-1,-11,-79,-21,-162,-8,-196,0,-25,10,1,1,-18,14,9,16,-27,19,-98,8,-38,16,-101,35,-1,-12,-22,9,-42,4,-88,28,-41,4,-129,47,-9,6,0,12,-24,1,-83,42,-10,17,-37,29,-20,5,-57,35,-41,50,-44,14,-11,-4,-61,47,-46,14,-98,61,-76,38,-53,11,-75,59,-32,11,-14,14,-1,9,-13,9,-11,-2,-11,17,-18,3,-2,-19,-10,-4,-56,8,-59,35,-30,-1,-24,8,-62,27,-31,21,2,-28,20,-20,-8,-13,2,-15,-20,-30,-21,-3,-25,-18,-2,-34,18,-15,3,-11,-23,4,-25,-18,5,-7,31,-2,-10,-21,14,-17,8,2,1,27,13,3,-1,-14,20,-12,11,-30,24,-3,-4,-23,20,0,4,-4,-16,-23,-23,-13,2,-11,29,-12,-1,-14,-17,-5,1,-20,3,-7,18,-6,-14,-14,5,-9,-4,-12,-19,-12,16,-40,0,-45,-15,-25,0,-30,-6,-10,14,-14,-3,-31,9,-11,1,-15,-11,-6,6,-8,-1,-16,-5,-7,-23,22,-26,4,-22,-28,7,-4,18,7,15,-2,24,-14,12,-16,-6,-8,3,-16,-10,-4,3,-46,-15,-10,-1,-28,9,-9,-7,-4,4,-5,-9,-11,-17,-67,-17,-23,13,-18,-4,-12,25,-2,4,-5,22,-72,10,-15,-213,-246,-75,-128,18,-26,33,-11,7,-49,-15,-10,-19,25,-38,5,-18,-6,16,-18,-20,-34,6,-41,-6,-11,-15,6,-18,-9,-3,-11,11,-9,46,11,0,-16,11,-24,1,-27,23,-5,9,-11,-41,-54,-23,-45,0,-17,16,-24,-20,-23,-8,-26,5,-11,27,-10,9,-18,-13,-4,-28,10,-12,-2,-4,-14,5,-11,26,-11,-46,-32,-7,-23,8,-13,30,1,13,-31,25,5,8,-5,13,-50,-16,-28,4,-16,8,-3,17,12,15,-4,2,-9,-17,-23,2,-9,17,-17,-32,-33,14,-46,9,1,23,21,21,7,11,-14,21,-5,23,10,22,-26,9,15,0,19,10,-4,12,-18,-15,-34,4,-5,18,-2,41,28,11,-3,1,-19,-25,-11,-5,-16,-7,-5,-6,9,-11,0,11,-20,-3,-11,5,-7,13,12,40,18,0,-12,-13,-24,-22,-9,-95,-6,-1,-7,14,-5,3,-10,-7,-21,-21,-19,-9,-35,3,-11,10,-4,40,4,15,12,10,44,8,5,18,-3,15,-40,32,-48,-24,-22,22,-21,1,-18,-34,-35,-3,-60,-6,-10,-26,-26,-53,-16,1,-26,29,-15,-15,-45,-35,-33,-30,-13,-2,-8,-18,-13,-53,-20,-9,2,-9,13,-13,-8,0,-30,15,-8,19,1,5,-12,-18,-21,-22,-11,-1,-28,-14,-5,-50,16,-13,-2,-16,-43,-33,-10,-16,-49,-21,3,-20,-12,-40,2,-35,-19,-41,9,-44,-29,-74,-16,-4,-8]],[[1082727,-66086,5,-34,2,-9,18,-36,56,-40,18,2,10,-4,10,0,51,-21,13,1,15,15,11,21,3,7,1,34,-47,0,-18,-3,-10,3,-11,14,-2,23,9,20,11,7,8,-1,6,2,45,-7,12,-38,17,-10,14,0,2,-13,10,3,-3,-12,8,-10,13,9,17,-41,17,19,5,-10,8,0,-5,-7,5,-6,-10,-10,3,-14,11,0,-2,-7,32,0,2,1,9,5,10,12,6,9,30,124,13,10,42,-52,19,-64,3,-5,11,-6,6,-1,-1,11,7,2,12,23,-5,11,8,13,-2,16,7,0,4,17,9,3,-4,4,11,7,6,-5,12,25,7,0,-27,51,6,44,26,43,136,126,56,73,20,15,85,179,73,-9,18,35,28,33,39,25,28,9,39,-6,30,7,10,13,18,55,23,20,-1186,-693,-2,-27]],[[1083949,-65346,65,-14,25,3,44,55,92,57,29,10,97,32,53,-10,22,-8,51,-43,32,-39,12,-34,-2,-127,-6,-14,-17,3,-13,-172,31,4,5,-45,28,-26,19,-1,26,-16,32,5,9,23,19,19,26,-13,17,5,30,-7,8,20,20,2,-5,16,4,14,34,1,-2,32,22,32,20,-13,42,4,6,17,11,9,12,-3,10,-22,13,-3,32,33,13,2,-8,103,34,29,68,6,1,50,18,30,38,1,33,52,39,16,52,-5,1,56,19,9,45,36,40,-1,99,15,-21,100,-3,106,18,90,12,0,11,11,27,0,-60,36,-130,32,-110,36,-80,36,-7,9,-3,0,-1099,-641]],[[1084326,-64142,228,-279,162,-84,-12,9,-36,42,-63,53,-9,13,0,19,-7,-8,-15,1,-23,20,-18,1,-27,23,-91,99,-22,12,-58,84,-9,-5]]]
1639500	r	123.9779,0.4057,124.6414,1.0737	[[[1239779,7400,7,-219,22,-217,35,-216,49,-213,63,-210,77,-204,90,-200,102,-192,115,-186,126,-178,138,-169,149,-160,158,-149,168,-139,177,-128,185,-115,191,-103,198,-91,204,-77,208,-63,211,-50,215,-35,216,-22,217,-7,204,7,189,164,240,54,193,68,220,131,244,83,268,-77,171,342,119,134,194,70,0,68,-144,84,36,155,407,537,43,43,79,10,216,-14,46,38,-3,184,-28,72,-73,86,-28,93,40,102,61,91,85,188,361,312,121,169,6,67,-2,148,33,119,16,21,0,13,-22,217,-35,216,-49,213,-63,210,-77,204,-90,200,-102,192,-115,186,-126,178,-138,169,-149,160,-158,149,-168,139,-177,128,-185,115,-191,103,-198,91,-204,77,-208,63,-211,50,-215,35,-216,22,-12,0,-7,-31,-148,-328,-246,-204,-668,-186,-328,-156,-241,-262,-137,-109,-327,-69,-1003,-366,-78,-146,-90,-200,-77,-204,-63,-210,-49,-213,-35,-216,-22,-217,-7,-219]]]
1647866	r	100.0941,-0.6861,100.6347,-0.0322	[[[1000941,-3100,6,-182,17,-179,1095,-876,1339,-2409,50,-18,214,-54,218,-32,220,-11,220,11,218,32,157,40,1279,934,107,178,94,201,74,209,54,215,32,219,11,222,-8,164,-1048,954,-1086,3112,-144,24,-180,18,-180,6,-180,-6,-180,-18,-178,-30,-176,-41,-173,-53,-169,-64,-164,-75,-160,-85,-153,-96,-147,-106,-139,-116,-132,-124,-123,-132,-115,-141,-105,-148,-95,-154,-86,-160,-74,-166,-64,-170,-52,-174,-41,-177,-30,-179,-17,-181,-6,-182]]]
1627610	p	1625084
1650077	r	113.8372,-8.7804,114.6053,-7.7953	[[[1138372,-85534,15,-12,17,5,3,-11,10,10,18,4,1,-12,5,-1,16,16,27,4,7,9,14,3,16,21,12,2,4,-26,16,-7,3,-11,6,-1,5,-44,13,-13,4,11,11,-9,9,6,5,-12,11,4,21,-17,26,7,22,16,3,-7,11,6,0,16,12,11,23,-10,13,3,209,-96,35,-26,7,-18,-5,-22,13,-10,-2,-7,18,-10,12,7,9,-19,23,11,9,-23,12,-6,54,20,14,-1,16,-10,9,5,-12,17,10,4,-6,8,4,11,57,4,6,9,-2,7,13,13,-11,19,16,3,-23,39,9,11,11,0,-12,14,11,16,30,-8,12,3,29,-54,13,-7,14,2,19,13,1,6,-16,13,3,11,-10,8,5,11,18,17,24,6,29,3,1,-5,2,5,27,-8,81,-44,52,-36,6,-33,16,-2,5,-12,7,5,20,-27,27,-48,17,-63,-8,-79,-16,-33,-49,-24,-31,-6,-23,23,-34,18,-13,-28,-22,-1,-15,-14,26,-47,69,-50,3,-16,-7,-31,13,2,4,-12,11,4,13,-25,23,6,8,-4,11,21,30,13,12,-3,-2,8,33,54,38,-2,21,-18,33,8,8,21,19,6,2,9,19,-16,22,4,3,11,-8,25,10,9,-8,11,16,13,8,-7,15,1,12,-11,-7,-22,6,-3,3,-16,17,-6,-2,-24,19,1,-1,14,-10,13,17,28,6,-1,-12,39,12,18,-17,26,9,12,27,10,17,14,40,10,56,2,37,-7,102,-45,37,-46,2,-43,8,-9,16,-60,4,-51,-17,-48,18,-23,-7,-28,7,-17,-5,-30,19,-9,-6,-20,33,-12,21,4,10,-8,1,-9,5,9,13,-1,7,-9,5,5,6,-3,7,-16,16,6,26,-10,4,-10,-9,-33,3,-38,22,-11,24,9,4,14,-22,43,3,7,-9,4,0,10,15,11,19,-4,11,13,21,-3,7,-16,5,6,5,-8,0,11,-11,9,7,3,-7,18,17,6,0,9,5,-3,1,25,-5,7,9,28,23,2,14,-8,-2,8,9,-1,3,12,13,5,45,2,4,-10,14,9,37,0,48,-16,30,-25,0,-9,23,22,4,33,-9,31,10,12,3,-8,18,4,0,10,-12,5,5,16,22,15,51,7,276,-35,164,-28,204,-58,126,-47,69,-33,5,-12,39,-22,11,-16,52,9,27,-7,9,5,6,-8,94,-7,47,-21,13,-18,39,-5,17,6,56,-3,32,65,5,22,15,11,-7,31,5,15,-24,11,-191,114,-179,132,-113,102,-1,-1,-24,-3,-222,-11,-222,11,-221,32,-216,54,-210,75,-201,95,-191,114,-179,132,-165,149,-150,165,-132,178,-115,190,-95,201,-75,209,-23,90,-92,-75,-111,-78,-17,2,-31,17,-62,57,-2,26,20,51,-7,27,-61,105,-21,25,-18,10,-20,-13,-36,-41,-27,-18,-44,12,-26,-1,-98,-68,-69,-37,-37,-33,-14,-28,-21,-115,-29,-103,0,-78,-34,-128,-27,-193,4,-78,6,-13,42,-55,81,-65,-4,-41,-21,-65,-40,-37,-16,-29,-35,-132,-66,-76]],[[1139090,-83469,26,-10,-1,-21,43,19,11,-24,-10,-27,21,1,10,-6,22,-36,-11,-11,-14,-1,16,-10,-2,-16,24,-24,-11,-9,10,-28,-10,-16,2,-11,15,-14,-1,13,11,222,30,202,-21,-17,-9,-21,-2,-29,-21,-2,-20,-21,-63,-34,-1,-17,-31,-30,2,-16,-15,-6]],[[1139203,-83082,32,-23,3,-54,11,-3,14,-25,20,-11,-10,-22,-16,-14,14,-41,3,16,54,215,75,209,95,201,115,190,132,178,150,165,165,149,179,132,191,114,201,95,210,75,216,54,221,32,222,11,2,0,1172,-1745,912,-136,119,-18,192,980,5,7,3,35,143,732,420,1441,5,477,-18,70,-29,72,-23,86,1,113,42,118,128,182,28,75,5,32,-146,-61,-37,-23,-30,-32,-18,-50,-10,-13,-82,-36,-47,-36,-20,-38,-8,-49,37,-106,-49,18,-5,-13,-32,-5,-15,-19,-9,8,-3,-10,9,-12,-14,-5,-1,0,-14,15,-48,12,-27,30,-28,15,-22,43,-23,17,-62,-1,-17,11,-5,-4,-13,5,-29,20,-29,6,-25,21,-43,11,-8,-4,-8,16,-73,5,-35,37,-44,17,-12,-8,-46,-1,-12,13,-16,1,-8,15,-36,-6,-1,25,-11,14,-20,2,-7,14,-10,-17,-50,12,-17,-5,0,14,-22,15,-6,22,-64,27,-2,20,-57,20,-37,40,-29,13,5,12,-23,6,-21,17,-4,8,-2,2,-16,0,-13,6,-19,-10,-24,0,-8,-8,-10,-1,-16,-19,-13,-6,-15,2,-13,-21,-18,-7,-17,-25,-33,-13,-20,-17,-3,-36,-45,-58,1,-28,-22,-33,-29,-7,-20,-15,0,-47,-78,-62,-15,-28,-30,-26,-50,-29,-43,-53,-11,-45,-22,-40,-4,-26,-29,-40,-25,-57,-30,-12,-1,0,-1,-3,-45,-87,-23,-18,-6,-24,-12,-15,-3,-31,-33,-35,0,-2,-6,-25,-3,-13,1,-31,78,-67,31,-44,11,-37,19,-15,-6,-62,11,-16,19,5,-7,-26,-15,-10,0,-14,-9,-13,2,-11,-15,-42,-5,-62,31,-59,39,-20,19,-23,20,-6,18,-21,3,-15,-23,-39,2,-52,-17,-17,-34,-17,-31,-51,-30,-29,-32,-18,-12,-25,-54,-17,-24,-18,-14,13,-22,-11,2,-56,-11,-10,4,-9,-16,-18,3,-37,-13,-34,8,-26,-10,-10,-8,-31,-15,-27,-68,-21,-121,-20,-31,-29,-44,-63,-21,-62,-12,-19,-79,6,-4,23,-14,18,-5,23,13,20,-24,25,-4,21,-24,-8,-62,11,-27,15,-35,-4,-46,5,-18,8,0,12,-50,24,-37,-5,-16,-12,-27,-6,-33,4,-32,-41,-31,-27,-22,-9,-33,-3,-68,-35,-31,-5,-31,20,-11,-1,-87,-21,-32,5,-57,-16,-35,-19,-3,-11,-40,-17,-14,-17,-11,-30,-28,-12,-10,-1,-20,19,-72,11,-38,20,-42,-5,-44,-60,-1,-1,-1,-1,-5,-5,-24,-23,-10,-7,-6,-5,-5,-2,-3,-2,-3,0,-3,-1,-55,0,-8,-5,-5,-7,0,-1,-13,-21,-33,-27,-5,-2,-3,-2,-20,-4,-9,-3,-4,0,-77,9,-41,-20,-49,-49,-58,-80,-51,-50,-3,-15,-23,-14,-3,-33,-22,-28,-16,-9,-36,-73,-52,-43,-4,-18,-101,-48,-101,-21,-32,-49,-17,-43,-81,-75,-1,-5,3,-4,21,-11,31,-68,22,-34,16,-7,12,-15,-2,-14,-27,-35,16,-42,-2,-25,-24,-63,-48,-48,-26,-3,-52,7,-74,-16,-48,-45,-51,-62,6,-24,-9,-26,1,-16,29,-20,-10,-13,13,-13,-22,-29,2,-24,-15,-36,5,-62,-8,-18,-18,-4,-16,-24,-10,-66,-32,-13,-14,-31,3,-23,-19,-22,-14,-53,-12,-13]],[[1142824,-86114,237,-72,99,-40,150,-84,207,-166,117,-136,63,-94,32,-68,4,-60,17,-29,-4,-44,28,-82,-9,-63,-10,-10,-31,-102,-16,-26,-81,-67,-86,-41,-17,4,-13,-3,-28,-30,-45,-9,-18,-27,0,-26,24,-35,104,-38,72,-12,28,-18,47,-14,15,13,77,-5,29,6,100,-32,31,7,67,-12,8,9,40,-3,32,15,77,16,75,-19,16,4,24,-12,48,-3,24,6,108,-14,256,-72,59,-4,64,-49,63,-24,38,-32,29,-16,73,-28,267,-49,64,1,95,19,56,25,162,34,63,23,33,24,102,52,-2,25,25,28,41,66,11,64,-5,17,2,21,26,69,44,76,6,17,7,19,8,57,-15,48,-58,68,-6,49,-17,29,-53,70,-11,27,-18,4,-53,80,-63,65,-57,120,-68,33,-17,16,-15,-16,-70,5,-52,-24,-50,-1,-63,30,-53,1,-76,47,-26,-5,-69,20,-30,28,-21,41,-25,30,-10,45,-93,12,-55,31,-28,24,-32,57,-21,18,-19,37,-81,2,-75,-74,-5,-42,-32,-35,-18,-44,-25,-15,-38,-4,-6,-10,-9,19,-12,-13,-21,4,-53,34,-41,51,-4,22,-19,-11,-201,-95,-210,-75,-216,-54,-29,-4,-218,197,-470,206,-202,5]],[[1143796,-85215,93,-68,122,111,27,173,-10,9,-17,-3,-11,6,-9,30,-21,12,-7,84,12,61,-1,72,20,95,-7,11,8,2,1,9,-6,7,1,14,-16,8,5,7,-5,11,-52,63,-31,24,-35,10,-21,0,-9,-17,3,-82,15,-18,12,-32,-3,-20,13,-47,3,-77,12,-52,-3,-21,-13,-14,1,-21,-20,-52,9,-134,-13,-27,-4,-40,-36,-62,2,-11,-9,-21]],[[1144428,-77977,23,-22,14,3,16,-12,5,-17,-10,-13,2,-18,12,-8,12,17,20,9,-6,18,27,-44,-8,-7,12,-25,15,-14,18,1,-3,-35,19,-12,10,-33,41,-63,5,-42,-12,-4,-2,-26,8,-15,12,-8,10,3,3,-6,2,40,-71,213,-137,144,-37,-24]],[[1144479,-81218,205,-967,349,-501,714,1418,-37,-27,-157,-44,-156,59,-123,145,-96,138,-131,93,-232,9,-291,-56,-45,-267]],[[1144573,-78629,14,-22,1,9,18,-5,16,-46,-3,-66,9,-18,37,250,6,171,-2,-4,-10,4,-16,-16,-11,-25,-2,-26,-21,-23,1,-10,-10,-5,-4,-11,-15,-1,-3,-11,13,-8,-2,-17,20,0,11,-6,3,-18,13,-6,11,-17,-5,-27,-24,-1,-22,-12,-23,-33]]]
1213500	r	98.8767,3.0948,99.4451,3.5473	[[[988767,32984,6,-58,30,-185,43,-183,54,-179,66,-176,77,-171,45,-84,4140,-1000,108,78,144,119,136,129,128,136,118,145,109,153,98,159,88,165,77,171,66,176,54,179,43,183,30,185,18,187,6,187,-6,187,-18,187,-11,66,-83,89,-124,86,-369,74,-158,90,-982,767,-902,617,-22,10,-3009,-2489]]]
1640581	p	1631766
2082539	r	137.637,-9.1273,141.0194,-5.8728	[[[1376370,-83894,12,-365,31,0,5,-18,-4,-13,45,-95,16,-21,66,-59,79,-36,80,-64,20,-8,70,-9,43,2,30,15,9,13,-35,65,21,102,10,20,68,87,43,46,62,41,198,93,202,57,237,51,882,149,46,22,40,40,102,-2,2,-11,32,-14,44,-10,172,-17,367,1,103,-13,340,6,88,13,45,14,16,-16,66,-11,774,-16,104,24,125,-3,0,-2,59,-5,91,-2,54,5,550,-11,454,-70,384,-147,11,-21,3,-68,21,-32,63,-31,115,-19,163,-8,115,3,189,24,393,92,393,139,134,54,146,72,70,24,397,300,98,90,53,75,26,88,-4,39,74,88,89,59,18,0,43,22,137,47,53,50,455,324,104,58,172,107,46,71,124,117,193,230,25,62,50,236,38,91,4,5,168,103,160,27,-8,-12,9,-24,27,-18,40,-34,56,-17,48,29,4,28,-36,48,-66,9,206,11,53,-9,65,-2,48,10,27,12,36,2,13,4,-46,-28,42,7,40,33,203,67,35,28,8,2,151,7,55,11,36,20,21,26,72,169,13,42,-10,29,-4,59,87,107,185,132,210,47,411,-5,117,-11,27,8,10,30,3,41,-6,42,-17,43,-27,22,-49,13,-70,47,-25,34,-25,76,-32,180,5,26,36,94,66,112,11,32,7,45,-3,73,9,117,-2,34,-37,141,-37,89,-29,105,-14,131,8,90,57,120,90,97,125,95,155,86,216,52,249,81,47,28,46,40,41,47,23,43,20,58,11,89,-4,91,-18,113,-46,191,-26,155,9,156,37,132,84,197,208,262,89,132,10,142,-9,166,6,47,29,113,61,154,58,87,85,101,55,53,142,99,55,49,26,41,35,89,-68,52,-31,11,-148,10,-104,14,-65,32,-144,17,-92,27,-82,-7,-405,48,-351,113,-120,75,-22,29,-137,104,-56,61,-126,202,-64,126,-105,269,-51,100,-50,74,-40,47,-190,186,-133,107,-23,17,-228,282,-874,146,-962,-51,-644,-123,-274,-95,-1341,-184,-486,-166,-15,-3,-14,9,-8,-17,-246,-76,-9,0,-12,12,-11,-14,-29,-16,-39,-7,-87,-37,-37,-7,-97,-43,-27,-6,-7,-12,-18,-8,-146,-49,-15,2,2,-7,-207,-71,-117,-77,-120,-53,-159,-109,-97,-44,-64,-48,-34,-11,-59,-47,-28,-8,-82,-64,-41,-16,-28,-27,-26,-12,-71,-57,-30,-8,-92,-77,-55,-38,-21,-3,-14,-27,-38,-32,-16,-4,-7,-12,-47,-33,-19,-5,-31,-44,-57,-31,-14,-21,-1,-1,-188,-124,-605,-502,-214,-276,-215,-417,-75,-198,-19,-34,-29,-105,-14,-132,-2,-4,-83,-68,-54,-34,-22,-35,-4,-20,-59,-5,-10,-12,-20,-6,-3,-14,-23,-9,-34,-34,-13,-5,-84,-95,-17,-11,-4,-12,-11,-4,-11,-24,-109,-122,-115,-191,-85,-124,-39,-96,-74,-101,-39,-84,-26,-90,-11,-10,-32,-1,-11,-6,-13,-40,-23,-4,-22,-33,-2,-20,18,-18,3,-20,-29,-6,-16,-13,-50,-85,0,-29,23,-40,-30,-5,-73,-80,-22,-45,25,-11,3,-32,-42,-6,-15,-29,5,-33,-25,-10,-20,-19,-54,-87,-8,-26,4,-22,13,-16,38,-12,2,-7,-19,-9,-47,10,-8,-4,-22,-51,-20,-18,-8,-20,-3,-52,-13,-6,-18,-40,-42,-49,-36,-58,-5,-39,41,-36,1,-9,-13,-9,-53,4,-13,-6,-20,-91,15,-28,-35,-13,-20,-33,-39,-83,5,-38,-37,-46,-40,-122,0,-64,20,-71,16,-26,33,-26,-25,-157,-71,-68,-8,3,-3,-7,-19,-1,-5,-10,-24,-3,-4,-11,-15,1,1,-21,-27,-12,-40,-42,-4,-10,-38,-27,-12,8,-12,-6,-12,-27,-122,-84,-62,-131,-29,-139,-15,-9,-72,-83,-6,-47,-16,-9,3,-10,-20,4,3,-9,-10,-2,0,-18,-17,-16,-16,-46,-23,-22,-21,-51,-20,-9,6,-27,-12,-13,-28,-7,-15,-14,-5,-13,7,-12,-32,-30,-42,-97,-25,-26,-22,-62,-29,-55,-23,-27,-2,-25,-26,-9,-1,-42,-31,-16,7,-34,-37,-45,-17,-71,-19,-19,1,-42,-9,-8,6,-10,-13,-39,-1,-20,-34,-21,10,-22,-3,-13,-22,-44,-15,-12,4,-30,-36,-84,-5,-61,-12,-13,7,-8,-10,-32,4,-24,-15,-14,7,-18,-13,-10,0,-23,-10,-12,-11,-89,-16,-20,2,-12,-32,-66,-9,-91,-18,-41,-41,-199,-13,-23,3,-22,-11,-25,6,-7,-15,-7,11,-16,-15,-22,-17,-120,-10,-8,4,-10,-212,-581]],[[1385480,-83471,104,-195,240,-64,475,17,242,-49,459,-184,1941,-108,157,93,11,213,-7,24,5,8,18,68,2,103,-15,135,36,232,5,130,-6,59,-8,13,-104,81,-15,5,-41,-24,-41,-8,-45,5,-94,28,-69,37,-76,62,-79,50,-82,70,-32,35,-26,64,-8,130,14,98,9,200,16,66,1,46,-43,195,-18,59,-28,55,-98,137,-61,123,-73,82,-117,-67,-53,-22,-189,-28,-84,-23,-176,-106,-72,-23,-174,-19,-134,-36,-74,-11,-126,2,-98,21,-64,-15,-26,-180,-8,-4,-79,-140,-25,-208,-75,-172,-92,-85,-64,-54,-52,-35,-170,-94,-190,-147,-149,-82,4,-21,-5,-4,0,8,-59,1,-60,-13,-63,-29,-36,-27,-55,-80,-32,-82,-14,-56,-12,-16,-18,-99,0,-1,0,-2,-25,-142]],[[1385615,-69186,105,-239,742,-572,1016,-985,56,-84,86,-73,528,-166,277,-151,156,-40,672,-34,208,-42,202,-75,531,-297,182,-174,230,-7,429,63,437,0,122,30,79,77,141,200,247,250,158,65,181,-71,0,-74,-254,-84,-151,-218,-113,-263,-131,-211,-99,67,-149,32,-149,60,-90,11,-33,-2,-347,-63,-100,-13,-61,-23,-173,-107,-55,-5,-91,9,-95,13,-157,54,-72,4,-83,17,-146,54,-207,116,-180,116,-71,59,-108,104,-121,76,-117,20,-100,-4,-327,-42,-190,4,-612,-64,-318,-14,-216,36,-477,125,-62,-235,-4,-6,-66,-16,-11,-121,6,-8,-1,-3,9,-51,43,-55,59,-40,32,-9,52,-42,17,-6,32,-23,87,-35,85,-21,71,-4,68,-36,82,-53,136,-65,60,-17,8,-10,156,-77,288,-191,41,-64,168,-80,14,-4,229,-152,249,-215,206,-249,394,-664,94,-215,94,-482,114,-85,24,-52,56,-74,52,-39,55,-8,182,37,177,26,218,12,44,-2,346,-171,219,-274,-38,-368,-84,-93,-115,-78,-99,-88,-45,-115,-67,-339,-31,-71,-106,-152,-273,-639,-49,-814,-83,-298,-277,-192,-389,-94,-120,-92,-44,-192,0,-41,-18,-42,8,-41,10,-21,0,-706,-3,-11,-55,-118,-17,-56,-2,-48,16,-34,7,-9,2,-84,144,-88,41,-82,10,-99,-41,-90,-138,-87,-195,7,-55,-7,-42,9,-54,1,-126,-39,-146,-85,-44,-49,-36,-58,-38,-146,3,-58,17,-78,24,-65,21,-28,25,-135,102,-226,235,-348,379,-734,67,-28,106,-5,30,-76,24,-8,149,85,127,29,96,9,19,8,35,36,-11,36,-5,58,2,19,27,36,-3,6,5,-5,58,53,-4,9,8,-7,47,29,11,5,2,23,-10,23,-5,38,1,29,6,13,-5,45,9,9,-1,10,-17,28,4,16,12,1,6,11,11,-2,1,35,12,24,-2,22,13,-4,-17,24,-14,-4,-43,-40,-144,-50,-73,-37,-15,-82,-24,-54,-27,-37,-6,-3,3,14,21,26,21,39,17,99,86,47,136,43,31,25,18,31,-1,19,-71,63,769,638,54,28,18,22,-2,7,161,134,94,26,224,85,124,40,198,59,122,28,250,83,2,8,35,4,164,54,131,14,26,12,73,-40,-21,-27,-5,-29,9,-41,35,-80,-2,-37,67,-66,11,-27,1,-28,32,-37,54,-44,20,-30,-4,-64,63,-68,102,-69,29,-29,11,-29,57,-66,38,-23,48,0,123,-16,2,-1,101,-49,11,-23,0,-29,39,-35,10,-21,11,-9,48,-22,110,-30,58,-23,29,-19,106,14,180,11,91,-2,100,10,159,23,247,23,11,2,62,6,70,16,73,7,74,15,55,24,525,119,316,127,528,308,311,105,1383,145,1636,18,151,43,94,-200,-9,-79,3,-44,37,-115,80,-159,101,-157,95,-119,5,-9,438,-539,2197,-1625,150,-219,348,-367,526,-210,95,-23,42,-176,104,-138,682,-554,66,-91,546,-514,90,-133,127,-371,207,-255,192,-259,46,-73,71,-73,74,-129,27,-83,38,-53,58,-146,112,-110,38,-59,42,-48,42,-18,53,-70,417,-407,188,-155,96,-55,29,-20,1029,-1059,28,-41,155,-189,151,-138,66,-44,118,-122,92,-43,181,-214,32,-14,70,-104,142,-46,213,-15,230,-67,350,-115,72,-34,22,3,21,-9,-1,-21,10,-7,115,-69,46,-13,15,-14,15,2,0,22347,-174,24,-21,-9,-16,-20,-7,-22,7,-43,-14,-24,-41,-16,-53,-1,-27,6,-44,21,-32,34,0,8,-4,-1,-22,61,-16,13,-23,3,-48,-14,-54,-37,-13,-16,-3,-6,-156,82,-4,36,67,66,54,114,2,50,-12,43,-29,23,-28,-21,-30,-112,-38,-38,-18,157,-237,-64,-77,134,-7,101,11,11,34,68,58,44,12,28,-6,52,-16,41,-28,44,-33,30,-46,18,-45,-6,-49,-25,-144,105,-82,87,0,1,40,39,10,32,-17,83,5,32,15,18,89,6,28,9,30,24,61,84,-3,25,-8,8,-63,19,-18,13,-26,87,-18,32,-61,49,-48,18,-63,8,-48,14,-6,2,-63,56,-71,102,23,31,8,88,-21,74,0,1,49,107,25,-6,65,14,30,20,20,30,3,25,-15,30,-81,50,-1,3,20,77,62,22,28,22,23,29,-15,17,-73,4,1,4,-6,128,38,17,34,22,34,38,13,28,0,41,-15,22,-40,26,-59,4,-120,-16,-1,1,55,95,85,27,13,8,50,17,119,26,-3,-12,5,-30,23,-6,22,9,44,56,78,54,24,24,50,82,16,98,-10,33,-16,20,-29,8,-30,-4,-27,-6,-46,-35,-29,63,86,33,83,7,52,29,4,9,95,-54,39,-14,37,-1,29,14,17,23,2,31,-21,19,-98,9,-31,11,-6,29,12,26,39,36,29,38,2,39,-10,66,-30,68,-38,55,-6,23,66,61,153,22,67,88,11,70,47,8,44,26,4,27,-16,14,-65,13,4,24,-45,150,-158,-5,4,122,-32,88,-68,52,-107,12,88,47,97,25,106,5,112,-9,-26,129,54,76,76,70,39,104,-24,59,-97,83,-22,59,11,36,48,21,50,201,92,114,40,15,0,4623,-22762,-7498,83,-71,1201,-763,-659,358,-200,52,-403,196,-204,3,-116,-267,20,-231,105,-196,171,-137,453,-120,226,-164,540,-495,155,-84,188,-55,670,-58,426,-99,335,-170,689,-655,468,-228,72,-80,106,-34,234,-16,237,-52,118,-137,-103,15,-415,-15,-139,13,-86,34,-144,90,-210,59,-97,45,-41,66,-308,240,-201,96,-284,427,-197,97,-99,18,-194,89,-89,30,-143,3,-334,-72,-857,-68,-146,-55,-271,-263,-166,-91,-240,-6,-412,166,-205,45,-415,-6,-152,-42,-160,-95,-199,-277]],[[1386170,-67481,61,-192,158,-201,113,-99,107,-42,120,-87,91,-376,131,-84,115,-29,97,-56,120,-31,183,47,221,137,128,104,59,95,-43,153,-241,225,-56,134,-66,101,-156,51,-361,18,-159,32,-137,78,-242,197,-143,105,-85,-90,-15,-190]],[[1386438,-82292,5,-31,15,-30,52,10,68,97,-7,41,-63,-33,-55,-35,-15,-19]],[[1388472,-82598,8,-27,52,-46,101,-65,184,-134,110,-25,19,1,66,90,-85,111,-21,5,-62,-29,-55,-14,-31,2,-79,41,-63,10,-29,12,-36,36,-26,37,-45,19,-8,-24]],[[1388482,-82425,5,-129,48,-22,55,-65,40,-25,63,-14,79,-35,46,13,93,43,-46,112,3,160,-75,52,-67,72,-43,59,-167,150,-27,-26,5,-76,-10,-46,7,-134,-9,-89]],[[1389152,-78976,25,3,62,34,65,26,59,35,53,45,-38,8,-51,-12,-66,-32,-53,-37,-31,-31,-25,-39]],[[1389194,-83421,8,-47,41,-110,101,-23,107,-68,26,-7,30,-24,31,-8,31,0,66,17,19,14,15,22,-3,11,-24,12,-25,26,-51,100,-111,61,-122,127,-62,48,-16,-7,-34,-37,-22,-37,-4,-21,-1,-49]],[[1389311,-83194,3,-29,148,-153,53,-35,30,-12,59,-1,48,72,-3,12,-14,7,-81,7,-76,26,-51,36,-96,98,-20,-28]],[[1389357,-83121,11,-28,51,-57,5,-3,9,13,-6,-14,8,-11,16,-13,2,15,9,-1,-8,0,-1,-15,11,-10,46,-27,4,8,3,-10,76,-20,38,39,-25,15,27,-14,12,5,49,68,17,12,0,8,22,17,9,1,16,18,58,89,-4,7,5,-4,21,38,9,2,8,30,18,25,-27,42,0,9,-11,7,-39,1,-13,-15,7,-3,-8,0,-6,-11,-19,-10,-68,-7,5,-19,-9,19,-23,-2,-76,-26,-2,5,-12,-3,1,-4,-4,4,-44,-10,-72,-47,2,-4,-4,3,-70,-35,-23,-22,-1,-55],[1389695,-82947,28,-23,14,0,14,-13,7,4,9,-8,-8,7,-8,-4,-13,13,-14,0,-26,17,-3,7]],[[1389783,-82779,5,-51,15,-41,23,-6,41,16,34,87,35,63,-3,24,-19,39,-55,-33,-50,-45,-22,-28,-4,-25]]]
1626560	p	1650357
1632998	n	107.5952,-6.443,107.9255,-6.1872	[[[1075952,-62513,611,-1517,2339,-400,7,22,20,23,-16,24,0,17,23,45,41,54,-9,11,-23,5,-1,27,-11,24,0,16,-46,-11,-11,9,3,11,18,9,15,-6,6,11,-6,41,20,34,-16,18,18,6,38,-5,19,-25,15,10,-7,49,-33,11,-18,26,75,128,213,246,-10,15,-22,72,-4,5,-25,2,4,12,-13,18,17,23,17,67,9,11,-4,5,7,4,-9,9,1,28,15,10,-3,46,10,4,-3,16,6,8,-12,16,-24,14,-15,2,-18,-7,-7,4,22,28,26,-4,23,-22,5,7,1,16,-6,8,11,6,-1,15,-9,11,3,31,-14,14,6,10,0,30,15,25,0,45,-16,40,19,12,4,12,-5,9,14,14,-18,6,-3,7,-1,20,17,5,1,14,-29,12,-2,11,23,13,16,23,-4,4,-20,0,4,23,-24,3,-11,30,-20,12,1,14,-13,-3,-1,-27,-8,-2,-14,17,10,21,-31,2,-5,7,25,18,23,-4,-3,11,-18,15,1,32,0,1,1,1,16,12,6,4,1,1,2,1,7,1,15,5,19,27,-2,15,8,13,-20,20,-5,30,-37,10,-12,-5,-27,6,-57,36,-13,18,9,19,-18,-26,-16,5,-44,47,-30,72,-26,42,-19,12,-20,-8,-7,4,14,31,-5,47,5,84,-5,18,12,10,17,-11,27,13,-87,195,-12,-26,-43,-31,-31,-12,-72,-67,-21,-12,-37,-41,-26,2,-31,-52,-18,-7,-16,5,-32,59,-23,2,-9,69,0,2,-7,23,3,10,-4,31,-75,24,-50,-1,-19,6,-43,1,-103,17,-28,-25,-33,-7,1,-38,-7,-13,12,-67,-29,-89,-14,-1,6,-5,35,-72,12,-4,-15,-56,-14,5,-6,22,-17,-12,-70,52,-11,-6,-46,14,2,9,-47,24,4,8,-11,-14,-62,44,-23,1,-7,18,-3,-4,-36,18,10,4,-30,-7,44,-17,6,-12,12,0,22,-41,-52,-39,-15,-5,-26,16,-22,6,-4,17,-13,1,-15,-16,-20,1,-11,3,-5,19,-63,-27,-1,-1,3,-33,-20,2,-8,-18,-27,-18,-5,-13,-15,-3,-12,-17,-27,-5,-30,-29,-19,0,-13,-15,-26,14,-26,-16,-6,-13,-23,3,-14,-11,-3,-10,-21,-7,-12,7,-81,-17,-78,15,-56,28,-65,46,-16,9,-215,-110,-115,63,-18,4,-72,29,-29,19,-68,65,-41,54,-46,-35,-22,-35,-31,-22,-76,-15,-16,23,-9,1,-56,-55,-7,-16,-20,-7,-10,-32,-19,3,-18,-30,-14,4,-29,-4,-14,-17,-30,-9,5,-37,-16,-31,8,-23,-13,-22,-14,-8,3,-18,-27,6,-11,15,-5,-3]]]
1638284	p	1636722
1639094	r	108.2559,-7.2163,108.8005,-6.7805	[[[1082559,-70856,291,-215,2964,-1092,-9,24,0,12,16,18,-9,44,-11,3,-5,-19,-7,-2,-14,30,-43,22,-5,-5,14,-26,-13,1,-67,53,-20,29,-8,34,-58,15,2,13,33,6,-13,23,5,29,57,56,-28,62,-6,18,0,12,32,25,24,33,14,7,9,3,44,-8,38,2,22,9,12,15,7,24,-3,15,10,13,54,22,29,46,2,1,28,5,32,-10,27,10,28,-11,51,9,5,2,8,1,18,11,23,10,5,6,2,1,11,12,11,10,1,3,2,2,17,30,62,16,19,-18,14,-3,66,31,43,-35,49,3,17,-4,31,-31,21,-42,76,-60,40,9,45,-20,53,9,25,-9,12,1,17,9,10,20,23,11,60,4,15,-3,14,5,30,2,16,-42,-5,-40,42,-64,18,-5,21,3,25,28,13,0,23,-19,3,-16,19,-23,53,-29,27,-61,30,-24,7,-15,-9,-77,11,-23,13,-11,60,-4,24,-10,28,3,53,-24,34,-7,14,6,38,31,10,46,-7,6,9,16,2,-31,25,-49,28,5,28,-22,25,-2,-5,-10,9,-9,21,-4,107,11,12,-9,-3,-18,15,-24,15,-6,5,-11,22,-6,21,-27,67,-16,10,-33,27,1,62,28,12,17,-755,922,10,13,71,14,36,-11,33,2,22,4,24,19,24,9,18,-5,33,-26,35,-4,8,8,28,0,8,8,27,-5,39,4,43,18,53,146,24,27,-42,52,5,41,-5,17,19,19,4,26,16,34,36,24,8,24,-4,11,19,2,-12,50,18,33,-14,6,12,6,9,27,-18,29,-14,7,-26,80,-33,20,-4,30,-5,3,14,11,-22,18,0,24,7,11,29,12,-5,4,0,21,10,20,-1,0,10,20,18,4,3,-1,18,-8,38,2,20,5,13,12,4,14,-11,16,1,43,-11,30,16,23,-14,18,-11,4,-14,31,-11,-5,-4,9,-9,-7,2,8,-13,16,-17,3,1,12,18,26,-2,8,-25,12,-2,29,-23,25,-41,12,-25,-14,-17,-3,-37,36,-63,27,4,16,-16,24,-13,-10,-17,7,-9,-18,-18,1,-12,-14,-9,19,-8,-13,-12,2,-7,-7,-12,11,-12,-11,-18,-1,-1,-10,-20,-22,-1,-35,13,-50,-4,-16,-7,-1,-33,-49,-21,-10,-11,2,-12,21,-37,19,-40,39,-91,39,4,16,45,36,5,36,-4,37,18,68,-2,50,15,73,-32,33,-25,16,-17,29,-17,4,-10,11,0,96,-34,15,-42,45,-24,16,-33,9,-13,-8,-19,1,-20,16,-21,7,-13,-3,-36,22,-35,9,-8,-4,-15,6,-2,-6,7,-7,-15,5,-1,18,-16,10,19,12,18,0,3,6,-14,9,2,17,-14,10,-11,-20,-12,-3,-8,9,-6,-6,-13,1,3,-11,-34,-16,1,-11,30,-5,-21,-19,0,-7,-8,1,-3,-8,-12,13,-11,-2,-9,-15,-10,3,-12,-4,2,-16,13,-4,-17,-22,-13,2,-4,23,-10,0,-12,-30,9,-26,-31,2,-70,37,-32,30,-4,21,95,66,39,78,-7,14,-44,29,-18,36,-25,25,-14,24,9,26,-10,-6,-13,5,-1,-14,-14,-12,-34,0,-15,-9,-10,-14,6,-8,-14,-13,-25,-1,-2,-12,-53,-10,-66,29,-8,8,-47,12,-139,58,0,31,6,10,-36,-10,0,-25,-12,-18,-21,-7,-5,-12,-17,5,1,13,-6,2,-8,-5,-3,-14,-21,-3,1,20,-22,11,-12,14,-11,2,-14,-9,-4,20,-15,-17,-21,15,-28,-12,-56,26,-14,-19,-7,-1,3,32,-25,-1,0,25,-33,13,-12,-2,-9,8,-19,-5,-33,11,-21,15,-7,27,-23,15,-13,-14,-24,9,-28,-2,1,31,-12,7,-22,-5,-23,12,-22,-5,-47,13,-83,3,19,51,12,16,2,36,-5,14,-25,1,-5,-20,-42,7,-12,-9,-15,15,-5,-3,10,-19,-16,10,-8,-8,-11,4,-4,6,-2,45,17,79,-67,-20,-39,20,-8,-5,-7,6,-11,-3,-16,13,-6,34,-12,11,22,40,-1,36,-15,38,32,120,-7,12,-17,7,-18,24,-27,14,26,77,25,-3,23,37,1,65,-7,49,13,35,-6,57,-25,-9,-5,-16,-17,-6,-55,7,-17,-3,-26,3,-3,17,-23,0,-9,10,-19,-9,-34,-3,-7,18,-25,11,-4,-7,-14,0,1,-17,-24,-14,4,-22,-19,-13,-8,-22,-13,-4,-35,25,-5,44,6,29,-39,19,-3,-31,-22,-55,8,-24,-33,4,-8,7,-20,-5,-10,-9,-63,-4,14,30,-23,31,-12,48,0,41,-12,4,-9,-8,-10,0,-9,17,-6,-2,2,-10,-179,-24,-110,24,-13,21,1,-15,-26,-27,-31,-12,-35,-1,-4,3,8,20,-14,4,8,-7,-4,-6,-15,13,-4,-8,11,-12,-11,-1,-1,-14,-16,0,-5,1,-11,3,-17,20,-3,13,7,18,-20,-17,-29,3,17,36,-52,-52,-8,-22,-14,-5,4,-8,1,-3,36,-7,30,-62,1,-20,-6,-8,4,-5,-13,-2,6,-17,-5,-9,16,-30,-14,-4,4,-29,-16,-30,12,-14,7,-28,12,-76,-16,-22,4,-18,-15,-50,15,-54,-8,-10,7,-36,15,-38,-4,-50,-23,-33,-3,-21,24,-33,7,-59,19,-10,16,-17,12,4,4,25,9,-20,2,-56,9,-37,0,-154,-13,-58,-22,-50,-4,-78,-14,-30,0,-61,-8,-34,9,-22,-14,-100,-15,-3,-45,-47,-61,-37,-33,-79,-4,-59,-3,-7,1,-16,0,-8,2,-10,20,-23,9,-34,-6,-55,-16,-40,-17,-157,-14,-62,2,-72,7,-46,25,-26,35,-59,-2,-24,7,-14,32,-40,-7,-33,12,-10,-36,-23,-5,-4,-3,-2,-5,-6,-55,-50,-2,-7,-2,-3,1,-6,-1,-2,1,-4,22,-2,45,7,6,-5,-16,-34,12,-42,-10,-13,19,-16,20,-40,-25,-38,7,-22,-13,-8,-24,-45,-19,-19,-1,-33,-18,16,-16,0,0,17,-23,24,7,13,-7,5,-13,-9,3,13,-13,-8,4,24,-3,4,-7,-4,-2,12,-47,14,-6,15,-10,-1,-3,8,-19,-5,-16,3,-2,10,-15,3,-15,30,-15,14,-33,11,-8,8,-21,3,-13,-8,-31,0,-20,-16,-42,-87,-5,-45,-23,-28,-48,44,-130,61,-29,-4,-40,24,-31,9,-13,-1,-95,-57,-28,22,-27,3,-27,14,-171,-40,-56,-25,-55,-2,-115,-204]]]
1646492	p	1650357
1639362	p	1625084
1647149	p	1624647
1631733	n	106.3237,-7.2161,106.7613,-6.7639	[[[1063237,-69900,4,-77,89,-30,215,-20,244,29,227,67,30,18,193,281,278,81,298,-120,293,33,263,-192,49,-338,-15,-378,-265,-250,-396,-485,-178,-167,164,-218,-57,-98,-173,-27,-174,2,-37,-18,144,-87,201,-95,209,-75,216,-54,219,-32,222,-11,222,11,219,32,216,54,209,75,201,95,190,114,178,132,165,149,149,165,132,178,114,190,95,201,23,63,-186,1007,-1889,2054,-38,2,-222,-11,-219,-32,-216,-54,-209,-75,-201,-95,-190,-114,-178,-132,-165,-149,-149,-165,-132,-178,-114,-190,-95,-201,-75,-209,-54,-215,-33,-219,-11,-222]]]
1632694	n	111.4052,-2.9061,111.8548,-2.4539	[[[1114052,-26800,11,-222,32,-219,54,-215,74,-209,94,-201,114,-190,131,-178,148,-165,164,-149,177,-132,189,-114,200,-95,207,-75,214,-54,219,-32,220,-11,220,11,197,29,8,75,50,66,56,50,27,42,40,46,89,61,93,85,51,112,-4,133,-70,454,51,151,127,156,159,128,147,77,-13,-178,-153,-271,-39,-200,32,-93,70,-48,72,-29,31,-35,0,-446,8,5,177,132,164,149,148,165,131,178,114,190,94,201,74,209,54,215,32,219,11,222,-11,222,-32,219,-54,215,-74,209,-94,201,-114,190,-131,178,-148,165,-164,149,-177,132,-189,114,-200,95,-207,75,-214,54,-219,32,-220,11,-220,-11,-219,-32,-214,-54,-207,-75,-200,-95,-189,-114,-177,-132,-164,-149,-148,-165,-131,-178,-114,-190,-94,-201,-74,-209,-54,-215,-32,-219,-11,-222]]]
1631992	r	110.8032,-7.0036,111.3163,-6.4105	[[[1108032,-69828,9,-69,29,-25,13,-2,10,-21,-2,-19,18,-36,39,-36,10,7,17,59,7,6,16,4,25,-23,14,-28,27,-6,12,8,31,52,32,15,8,29,8,2,16,-13,35,-10,15,21,32,11,8,-8,11,-40,9,-8,-6,-18,7,-8,27,-7,10,8,39,109,47,53,47,23,23,44,13,2,15,-7,23,3,24,27,108,38,-12,-110,14,-18,10,-29,52,-9,59,-23,23,-3,48,41,13,84,30,43,8,31,15,26,17,-3,5,34,11,11,18,-12,-8,-6,-3,-26,17,0,16,-13,14,-1,1,-22,32,3,18,-28,38,8,31,-27,19,-2,16,20,25,-8,10,-11,2,6,15,0,43,-14,13,1,-2,24,6,9,28,11,-20,18,10,14,21,-28,19,-5,59,9,33,-8,16,11,4,35,18,-1,37,-22,-3,30,8,7,22,-19,23,-3,15,-8,22,1,20,-28,48,-10,25,8,77,1,51,13,79,-9,73,12,90,-6,42,-28,39,-3,87,17,87,37,82,-18,117,-2,54,76,27,8,320,-115,-3,20,-34,79,17,32,5,41,12,12,-5,42,16,15,-4,30,12,9,-4,8,17,29,-7,60,7,28,-5,21,7,30,-3,29,14,26,10,50,10,10,39,19,10,27,43,-23,28,-42,41,-36,11,2,11,-8,34,2,39,44,8,23,-4,12,14,21,-5,30,-30,44,15,23,22,-22,59,-26,25,-34,1,-8,169,42,73,5,28,36,24,13,14,19,36,-2,0,21,15,-5,3,-10,15,-3,81,2,13,12,16,31,-6,26,2,22,14,28,11,64,16,28,38,23,-5,28,30,8,8,20,8,-2,-3,-8,26,-2,2,-13,4,2,10,-15,52,16,-1,28,16,16,4,36,-9,19,6,27,-13,27,18,12,-13,33,15,12,-14,24,21,20,7,-2,8,-16,8,-5,11,6,5,-14,23,-10,6,-13,-1,-30,24,-26,59,-10,9,-12,12,-3,2,-21,26,-10,20,3,27,13,19,21,29,7,10,17,21,15,3,13,31,0,27,-16,-6,14,14,0,-21,29,10,4,-3,15,9,8,-4,7,6,5,-2,7,-13,10,5,11,-11,7,-1,8,-17,-7,-4,43,-20,10,-5,-10,-14,27,4,8,28,13,12,-7,18,0,18,16,-4,10,5,-7,9,0,3,-8,11,5,-1,8,10,-7,3,10,6,-5,15,17,10,0,-4,23,7,0,0,6,-20,-2,-8,20,10,6,-6,18,-30,-5,3,16,-14,6,0,23,-9,1,-7,21,-17,8,-6,17,9,9,-17,7,-4,13,571,1027,-781,87,3,10,-10,2,-9,20,-6,-15,-11,4,-4,22,8,18,-17,38,6,40,-67,11,-124,47,-55,45,-34,39,-76,36,-57,47,-47,-17,-20,17,0,8,-33,17,-118,10,-90,20,-114,42,-58,31,-179,163,-93,115,-141,212,-20,40,-192,551,-170,345,-61,395,-75,132,-52,44,-6,40,-6,4,-5,20,-2,57,-21,17,-1,7,14,15,3,41,-4,8,35,25,0,19,-225,63,-205,41,-150,39,-143,22,-1,-77,13,-53,-23,-46,-17,-3,-4,-19,13,0,10,-7,-5,-12,-19,-8,5,-7,17,4,-2,-19,14,6,15,-6,4,-20,-41,-29,10,-13,-18,-19,9,-6,-10,-10,19,-11,-15,-8,2,-27,-14,-37,22,-13,5,-12,-10,-14,-31,-9,9,-20,-19,-8,5,-20,-5,-12,-28,5,3,11,-8,1,-2,-24,-27,-12,-6,-11,-20,-5,-8,6,-21,-2,-9,-27,8,-6,8,10,3,-10,-44,-30,12,-3,0,-16,-13,-20,-21,-6,-15,-18,-1,-23,-9,3,-12,-10,-14,0,-9,-24,-16,-2,-9,-15,-2,18,-15,-6,-5,10,-17,0,-5,10,-15,1,-22,-39,-4,-37,-14,-3,-2,-12,-35,-32,-98,-11,-49,10,-12,-32,-9,-6,-1,-57,8,-5,-18,-71,-16,9,11,-62,-24,-26,17,-16,-20,-25,25,-12,2,-15,32,-11,-3,-19,7,-16,27,-34,-1,-25,6,-21,-43,-16,-6,-21,-11,-5,2,-20,-13,-18,2,-29,-6,-11,-11,-5,2,-28,-8,-16,-3,-36,13,-19,5,-44,6,-9,-12,-38,26,-51,-1,-5,-17,-79,-5,-58,21,-75,1,-6,0,-7,-2,-20,-27,-22,-11,-23,-2,-76,0,-2,0,-1,-9,-13,0,-2,-3,-6,-6,-5,-2,-3,-7,-4,-15,-13,-13,-44,-1,-5,6,-40,-53,-24,-8,-12,-2,-8,30,3,8,-9,-25,-34,-42,-38,4,-7,17,5,21,18,10,-20,62,-33,17,-47,4,-71,13,-26,25,-33,36,-75,18,-8,9,-15,17,-5,20,-23,9,-1,3,-21,19,-20,0,-1,-6,-11,7,-17,-2,-16,7,-7,-2,-7,16,-8,-9,-27,11,-17,12,-2,4,-42,12,-23,8,5,-1,12,8,1,23,-35,6,-4,6,11,1,0,2,-3,4,-4,4,-10,0,-1,0,-1,-9,-8,6,-18,-11,-24,5,-15,-6,-9,9,-19,9,2,6,-9,17,-8,3,-1,0,-7,0,-2,0,-1,-23,-22,3,-9,-10,-5,8,-12,0,-1,-3,-10,-1,-3,-12,-6,6,-12,-8,-11,-1,-1,14,-4,-1,-10,-12,2,0,-10,-20,-13,-5,12,5,13,-12,3,-8,11,-1,19,-12,24,-14,1,-13,-13,-2,-29,-10,-7,5,-16,-7,-9,6,-8,-3,-15,-5,-1,6,-8,-5,-65,5,-17,31,-12,5,-8,-28,-27,61,7,63,30,29,-3,28,-48,3,-28,-17,-56,1,-28,8,-26,16,-20,67,-1,36,11,53,-1,42,-11,7,-8,-19,-32,4,-6,-11,-22,13,-55,0,-29,13,-15,-13,-39,7,-27,11,-11,9,0,10,-16,33,-106,-8,-57,1,-43,11,-8,27,-6,-1,-187,30,-106,-60,-37,-90,-72,-148,-56,-100,-53,-163,-116,-6,15,5,-16,-4,-1,-16,-5,-258,0,-125,12,-26,-11,-3,-10,14,-90,15,-33,18,-73,2,-49,-22,-11,-67,-4,-91,23,-15,-40,-16,-17,-32,1,-10,-7,-16,6,-12,-7,-17,8,-1,-25,28,-30,-62,-85,-39,-68,-4,-18,5,-38,24,-52,1,-23,-40,-43,-66,-13,21,-57,-70,3,-4,-20,-8,1,-2,-10,-36,-1,-3,-3,-14,0,-11,2,-2,0,-11,3,1,10,-7,1,6,38,-67,22,-23,-14,2,-7,-33,4,-2,-12,11,-4,-7,-34,-23,-9,2,-38,10,-13,-4,-11,-53,23,-4,-26,4,0,-4,-6,4,-14,-13,-10,38,-1,-1,-48,32,-73,-5,-33,5,-40,-2,-3,0,-6,-20,-23,-32,-16,-11,1,-7,-32]],[[1111237,-69769,367,-132,48,87,-1,0,-10,-4,-8,7,-22,3,-63,-28,-76,29,-41,-8,-30,4,-74,38,-30,-3,-60,7]]]
1646678	p	1649378
1632358	p	1640660
1651226	p	1646170
6713355	r	97.3901,2.1538,98.2049,3.2378	[[[973902,29613,148,-180,171,-149,196,-63,222,-25,207,-66,507,-247,421,-124,154,-22,99,-75,62,-176,352,-1797,170,-1416,-29,-1157,54,-195,128,-162,297,-298,383,-650,129,-94,113,13,175,50,87,-2,86,-58,65,-83,78,-48,117,53,214,-130,161,-37,142,28,523,195,225,19,277,-273,1060,-485,630,-390,38,-31,108,58,320,200,57,41,-1005,4767,6,40,-13,124,3,56,-33,70,-31,34,-163,770,139,50,129,15,88,87,-103,46,-15,12,-68,279,11,43,-283,-46,-127,600,0,1,-522,2475,-796,1096,-90,9,-376,13,-376,-13,-374,-37,-371,-61,-366,-86,-360,-110,-351,-133,-343,-156,-331,-178,-320,-200,-305,-220,-291,-240,-274,-259,-257,-276,-239,-292,-219,-307,-121,-197]]]
1645518	p	1621177
1631393	r	103.8002,-3.8012,104.6598,-2.9981	[[[1038002,-34300,7,-199,515,-981,2764,-2259,3206,-273,194,121,228,164,218,180,205,193,192,206,179,219,164,229,148,240,133,250,116,257,99,265,81,270,64,275,46,279,28,282,9,282,-9,282,-28,282,-46,279,-22,94,-3175,3214,-55,56,-125,29,-277,46,-280,28,-281,9,-281,-9,-280,-28,-277,-46,-274,-64,-269,-82,-264,-100,-256,-116,-248,-133,-239,-150,-228,-164,-218,-180,-205,-193,-192,-206,-179,-219,-164,-229,-148,-240,-133,-250,-116,-257,-99,-265,-81,-270,-64,-275,-46,-279,-28,-282,-9,-282]]]
1624877	n	107.439,-2.9561,107.8648,-2.5529	[[[1074390,-28308,27,-58,114,-190,131,-178,148,-165,35,-31,104,166,98,217,-70,96,-39,73,14,143,-108,30,-262,-40,-192,-63]],[[1075471,-29167,59,-113,97,3,247,110,179,29,57,-41,-26,-357,96,-14,220,-11,220,11,219,32,214,54,207,75,200,95,189,114,177,132,164,149,148,165,131,178,114,190,94,201,75,209,53,215,33,219,10,222,-10,222,-33,219,-53,215,-75,209,-94,201,-114,190,-131,178,-148,165,-155,141,-105,-43,-164,-3,-288,74,-164,3,-411,-86,-157,-234,-159,-1001,39,-635,-59,-101,-136,-120,-160,-103,-129,-54,115,-255,39,-319,-62,-273,-194,-115,-134,-33,-126,-82,-89,-110,-20,-117]]]
1214073	n	99.6053,1.8739,100.0547,2.3261	[[[996053,21000,11,-222,32,-219,53,-215,75,-209,94,-201,113,-190,132,-178,148,-165,163,-149,177,-132,190,-114,199,-95,208,-75,214,-54,218,-32,220,-11,220,11,218,32,214,54,208,75,199,95,190,114,177,132,163,149,148,165,132,178,113,190,94,201,75,209,53,215,32,219,11,222,-11,222,-32,219,-53,215,-75,209,-94,201,-113,190,-132,178,-148,165,-163,149,-177,132,-190,114,-199,95,-208,75,-214,54,-218,32,-220,11,-220,-11,-218,-32,-214,-54,-208,-75,-199,-95,-190,-114,-177,-132,-163,-149,-148,-165,-132,-178,-113,-190,-94,-201,-75,-209,-53,-215,-32,-219,-11,-222]]]
1215412	p	1214520
1625929	r	100.9449,-2.5079,101.8351,-1.6121	[[[1009449,-20600,9,-293,29,-292,47,-289,66,-285,85,-281,103,-274,120,-267,137,-258,154,-249,170,-238,184,-227,199,-214,213,-200,225,-186,237,-171,247,-155,257,-138,266,-121,272,-103,279,-85,284,-67,287,-47,290,-29,291,-10,291,10,290,29,287,47,284,67,279,85,272,103,266,121,257,138,247,155,237,171,225,186,213,200,199,214,184,227,170,238,154,249,137,258,120,267,103,274,85,281,66,285,47,289,29,292,9,293,-9,293,-29,292,-47,289,-66,285,-85,281,-103,274,-120,267,-137,258,-154,249,-170,238,-184,227,-199,214,-213,200,-225,186,-237,171,-247,155,-257,138,-266,121,-272,103,-279,85,-284,67,-287,47,-290,29,-291,10,-291,-10,-290,-29,-287,-47,-284,-67,-279,-85,-272,-103,-266,-121,-257,-138,-247,-155,-237,-171,-225,-186,-213,-200,-199,-214,-184,-227,-170,-238,-154,-249,-137,-258,-120,-267,-103,-274,-85,-281,-66,-285,-47,-289,-29,-292,-9,-293]]]
1625958	n	105.8953,-1.9917,106.1795,-1.6421	[[[1058953,-18500,11,-222,32,-219,54,-215,74,-209,94,-201,114,-190,60,-81,2233,-80,-1,284,124,651,47,99,-49,92,-533,598,14,81,38,112,5,99,-91,43,-121,23,-74,65,-39,98,-11,121,-23,94,-54,54,-68,42,-59,55,-37,72,-56,181,-44,88,-64,50,-92,54,-82,78,-36,124,0,238,-178,-85,-189,-114,-177,-132,-164,-149,-148,-165,-131,-178,-114,-190,-94,-201,-74,-209,-54,-215,-32,-219,-11,-222]]]
1643761	p	1625812
1634266	r	114.5033,-8.7248,114.8478,-8.1106	[[[1145033,-82686,438,-628,-4,-11,-31,19,-5,10,-24,-7,-6,9,-12,3,-13,-12,-11,-2,-3,-9,-19,1,-3,-11,13,-9,-22,-5,-6,-7,-13,18,-11,-11,-43,5,-34,-5,70,-52,52,-15,46,-22,66,-51,4,-7,-7,-35,14,-34,70,-49,29,-41,-4,-17,91,-59,54,-71,26,-25,-38,-29,-11,-18,43,40,21,-26,-11,-10,19,-15,0,-9,-33,-5,-20,18,-30,-15,16,6,64,-32,49,-36,10,-29,26,-18,36,-20,95,-20,39,15,9,-3,15,10,56,4,51,23,54,11,47,28,-6,12,0,2,154,-54,1169,9,407,-77,387,-185,125,410,-1140,2331,-424,148,-183,40,-391,38,-214,54,-152,112,-227,-162,-714,-1418]],[[1145358,-86450,30,-123,42,-21,50,1,52,24,70,-5,15,16,17,-16,68,-33,57,-120,63,-65,53,-80,18,-4,11,-27,53,-70,17,-29,6,-49,58,-68,15,-48,-8,-57,-7,-19,162,-5,54,2,3,85,-101,160,-122,119,-60,125,-83,115,-531,191,-2,1]]]
1626100	p	1650357
1634614	n	135.2755,-3.5861,135.725,-3.1802	[[[1352755,-33686,6,-136,33,-219,53,-215,75,-209,94,-201,113,-190,132,-178,148,-165,164,-149,177,-132,190,-114,199,-95,208,-75,214,-54,218,-32,221,-11,221,11,218,32,214,54,208,75,199,95,190,114,177,132,164,149,148,165,132,178,113,190,94,201,75,209,53,215,33,219,11,222,-11,222,-33,219,-53,215,-75,209,-94,201,-113,190,-132,178,-148,165,-164,149,-67,50,-344,-238,-279,-373,-32,-74,39,-94,-11,-120,-42,-116,-54,-80,-420,-458,-163,-126,-165,-86,-184,-64,-674,-87,-408,-144,-215,-35,-188,32,-259,145,-205,34,-1,0]]]
1645154	p	1624494
1626183	p	1646170
1621395	r	109.6236,-7.7635,110.1255,-7.1109	[[[1096236,-72613,60,-1070,1085,-1680,13,-66,-3,-9,-19,-3,42,-46,8,-24,-13,-23,-3,-21,1,-29,13,-24,-7,-33,4,-44,-6,-20,1,-37,51,-20,34,-31,-4,-9,5,-17,5,-3,5,21,15,-20,1,-24,19,-27,19,-72,38,-55,22,-9,23,-24,54,-1,25,-19,50,6,14,-9,15,-1,32,-43,26,-15,1,6,986,-1527,412,389,704,1441,0,-16,-11,-52,17,-10,3,-15,23,-7,31,13,43,8,9,14,14,4,79,6,-4,31,-24,3,11,21,-10,20,11,36,14,16,-10,6,8,29,-2,21,-23,13,14,8,11,22,22,14,2,9,31,15,16,29,18,12,18,0,9,23,23,5,9,-7,9,11,-7,23,8,8,0,34,16,34,-9,27,-16,20,5,20,-21,20,-20,21,-1,22,64,-15,20,7,23,-18,15,-12,25,-1,17,-15,14,3,-10,13,9,12,-7,1,-8,10,-5,8,13,14,-15,12,13,27,-8,7,1,7,8,2,2,15,-6,16,15,5,3,15,9,1,-1,10,6,3,-9,26,14,3,10,11,-3,11,-16,4,-3,15,11,16,20,7,5,18,-20,27,9,37,43,73,-12,78,-7,16,18,25,-1,23,14,18,2,18,14,21,30,18,-2,36,30,23,7,13,0,17,19,18,-9,18,-26,20,-27,11,-13,15,-9,22,-5,85,-30,70,11,11,54,3,-5,7,10,12,-7,5,-7,34,6,10,-3,10,9,5,-4,39,7,27,25,55,0,53,50,107,50,72,15,47,-31,21,1,9,543,1569,-2655,1149,-2364,-1504]]]
1633056	p	1646170
1627957	n	116.3097,-8.8761,116.685,-8.4239	[[[1163097,-87040,29,-116,75,-209,96,-201,114,-190,133,-178,150,-165,165,-149,179,-132,95,-57,98,73,325,27,163,-57,-116,-252,-2,-4,40,-14,216,-54,220,-32,223,-11,223,11,220,32,102,26,44,60,-171,44,-119,100,-127,34,-64,94,-116,-64,-92,-171,-109,15,-30,104,22,147,-79,302,190,241,359,336,263,472,179,314,195,315,88,201,410,410,122,175,40,713,-109,98,-179,132,-191,114,-202,95,-210,75,-216,54,-220,32,-223,11,-223,-11,-220,-32,-216,-54,-210,-75,-202,-95,-191,-114,-179,-132,-165,-149,-150,-165,-133,-178,-7,-12,-307,-1784]]]
1632978	r	113.3397,-7.254,113.6499,-6.8824	[[[1133397,-68889,30,-4,42,7,25,-13,68,-2,58,15,14,0,2,-8,9,10,109,2,15,-4,4,-10,22,-3,4,12,50,18,2,-4,22,4,45,-15,36,-4,117,21,12,-14,18,2,31,-8,21,15,9,-5,5,10,10,-4,3,5,80,-16,40,-1,5,-7,9,10,46,4,42,-1,67,-16,21,3,41,-22,34,7,52,-13,12,3,111,-28,38,-1,54,-21,-2,-39,-3,-8,-49,-41,-5,-17,-5,-4,-7,-4,0,-1,-1,0,10,-21,-11,-31,0,-39,11,-15,8,-57,-43,-35,-7,-24,-11,-12,-14,-3,-24,26,-21,-61,-47,-2,-6,-19,7,-19,-22,-40,7,-12,-8,-10,6,-16,-19,-20,-45,-22,-53,-5,-32,-41,-47,-14,-33,-29,-10,-19,1,-27,-20,-45,-29,-22,-11,-18,8,-10,-12,-13,4,-7,-4,-41,-44,-15,-21,-31,-20,-44,2,-20,-8,-9,12,-14,-18,-13,8,-23,12,5,15,-18,-5,-37,-16,3,8,-16,-14,-13,-9,0,3,-24,30,-15,-7,-4,-5,-24,-16,-1,-3,-15,-21,-1,-8,-38,-21,-7,4,-7,-10,5,0,-11,-14,-4,10,-6,-6,-4,-8,2,-10,14,-48,-49,-39,20,-2,-23,-26,-52,-14,-8,-14,17,-23,-18,-6,-28,-18,-15,2,-11,24,-9,3,-12,18,-19,-2,-10,-17,-19,-1,-25,-15,-29,27,-78,-8,-26,-23,-28,13,-9,4,-75,-14,-20,1,-19,-24,-21,-60,-22,-27,-22,-4,-12,7,-14,3,-43,-18,-19,-17,-39,-30,-26,-95,-30,-34,-23,-4,-10,5,-28,-10,-28,13,-7,9,-17,19,6,14,-14,11,3,6,-18,-2,-11,-15,-5,0,-13,-17,-27,13,-41,-19,-19,7,-48,-23,-33,22,-32,-2,-9,10,-6,-3,-17,5,-3,-18,-7,-21,-39,-48,-20,-12,-28,-9,-50,2,-4,-1,-3,6,-6,69,15,12,-10,21,-1,47,21,71,17,-2,-213,-7,-26,0,-7,29,-17,0,-29,-16,-31,-11,-7,-23,-68,-23,-23,-4,-10,-2,-3,0,-4,-3,-6,2,-14,-1,-22,3,-6,1,-3,2,-1,3,-5,18,-2,5,-1,1,-5,0,-52,6,-23,0,-8,2,-2,1,-6,13,-10,6,3,3,19,23,38,0,21,-12,31,4,16,-6,27,1,31,4,6,17,9,8,2,23,-4,14,-44,1,-12,4,-3,0,-2,6,-5,12,-12,18,-12,27,0,12,-4,10,-4,5,-11,5,-26,0,-1,-12,-7,-7,-20,-4,3,-2,3,0,-1,-1,0,1,-28,-10,-3,0,-2,-3,-34,9,-3,-8,-11,7,-10,-8,-29,-45,0,-25,8,-6,-6,-13,7,-36,-1,-13,6,0,-5,-8,1,1,4,-7,-3,-1,4,-29,-4,-70,7,-5,-8,0,9,-11,0,-9,-14,4,15,-2,-4,-6,4,-5,-20,-18,0,0,20,-13,0,-1,-9,-13,5,9,-68,614,-37,485,45,20,-2,1,1,9,-4,2,-2,27,-13,18,-3,163,-61,119,-95,10,-13,-29,8,-56,-24,60,-68,-18,-33,60,-9,33,6,155,111,10,6,43,16,151,63,3,6,26,-10,4,8,-23,18,29,58,42,72,10,30,26,24,9,28,-4,27,-1,2,44,127,12,31,0,2,37,96,9,16,4,2,3,12,53,105,55,149,106,146,167,97,352,-19,38,40,-10,1,-30,-27,-28,9,-41,49,-41,5,-12,-11,-24,4,-42,-4,-65,-15,-36,4,-22,-7,-37,4,-31,-10,-2,7,-53,-25,4,70,38,39,9,40,38,59,7,22,21,17,44,7,31,-4,13,72,-11,8,9,13,-1,48,-20,10,-12,26,-3,26,-43,25,-6,32,-62,39,-14,58,-52,-7,-6,59,-67,10,12,31,29,21,8,24,19,16,15,39,32,37,-2,26,-16,11,-37,-5,-17,38,-26,-13,-56,1,-22,-15,-42,-7,-19,17,3,39,-23,23,12,51,13,27,4,57,7,7,45,4,31,27,43,3,6,48,61,1,21,-10,48,-10,23,4,15,13,-7,19,-33,14,1,16,-12,10,13,24,-2,11,16,0,-6,19,3,9,8,1,-16,27,12,-2,-3,9,12,0,14,37,-11,43,6,66,-12,12,1,9,-9,-5,8,13,-22,39,7,7,31,5,17,24,-3,21,14,4,11,-7,41,19,57,10,18,46,-11,51,8,47,57,83,-10,50,50,-4,7,35,18,40,-6,12,11,8,1,11,34,10,6,19,18,-3,-2,12,20,7,10,28,13,16,-8,33,-10,-10,-6,11,-31,-7,-10,4,-10,-3,-4,-13,-5,16,-8,-2,-19,14,-15,-6,-17,14,36,135,-4,44,-10,33,17,30,-1,22,-49,-5,-27,-10,-84,-7,-45,9,-81,4,-17,-2,-18,-11,-28,12,-154,0,-18,-6,-339,-39,-10,-1,-1,-1,-16,-2,-3,2,-87,0,-98,-13,-11,4,-9,-7,-36,5,-19,-14,-10,8,-24,2,-9,-4,-745,128,-1059,-65]]]
1632823	p	1627549
1213855	r	98.529,1.475,99.0433,2.005	[[[985290,16602,16,-54,61,-162,68,-152,164,2,212,32,180,52,-84,199,-197,212,-158,89,-147,-86,-94,-120,-21,-12]],[[985683,18974,79,-93,820,-1242,325,-276,204,-105,91,77,13,56,52,103,4,71,-22,3,-98,72,-24,-1,-16,152,39,59,121,69,330,-278,97,-109,1,-4,-7,-6,5,-20,-11,-9,-1,-31,5,-12,7,3,7,-12,18,-1,15,-15,3,-17,11,-12,14,-4,10,-26,10,-7,-3,-11,15,8,-7,-7,14,3,9,-20,-7,-7,22,-25,2,-3,15,-178,-8,-129,44,-76,178,-25,132,-66,45,-156,-10,-363,-37,-107,-207,-206,-96,-127,-222,-374,-130,-134,-60,129,-20,76,-50,78,-67,60,-66,23,-158,-26,-17,-55,106,-187,56,-218,44,-92,68,-37,93,-18,102,-44,82,-57,34,-52,21,-183,98,-3,172,6,172,17,170,28,168,39,164,51,162,61,157,71,152,82,146,92,140,101,133,110,126,118,118,127,109,134,101,141,91,147,81,153,71,158,61,162,50,166,39,169,28,171,17,173,5,173,-5,173,-17,173,-28,171,-39,169,-50,166,-61,162,-71,158,-81,153,-91,147,-101,141,-109,134,-118,127,-126,118,-133,110,-140,101,-146,92,-152,82,-157,71,-162,61,-164,51,-168,39,-170,28,-172,17,-172,6,-172,-6,-172,-17,-170,-28,-168,-39,-164,-51,-162,-61,-157,-71,-152,-82,-146,-92,-140,-101,-133,-110,-126,-118,-118,-127,-109,-134,-28,-39]],[[987452,17523,35,-46,-8,-12,19,-17,-1,23,8,18,-20,31,9,21,-5,15,9,17,-16,14,-17,-4,-6,-8,6,-24,-10,-11,-3,-17]],[[987596,17129,6,-50,21,-23,6,7,34,-5,21,10,-1,31,-12,20,17,21,-4,16,-26,6,-20,-4,0,-13,-7,-7,-24,-11,-11,2]]]
1632334	r	99.9018,-0.7698,100.355,-0.297	[[[999018,-3682,85,-70,91,-228,110,-114,709,-469,336,-317,557,-692,39,-70,-15,-13,-24,1,-7,8,-8,-10,78,-162,95,-138,10,-23,-9,-6,8,0,10,-16,60,-124,16,-50,-1,-26,-5,-14,-18,-12,18,-54,56,-68,66,-112,106,-86,225,-234,134,-121,91,-97,6,9,16,5,13,-13,6,1,-1,27,2,2,697,-730,980,678,-1491,2683,-1095,876,-613,491,-10,-2,-208,-64,-203,-77,-198,-90,-192,-103,-184,-115,-177,-128,-161,-133]]]
1639215	p	1642548
1647298	p	1648473
1623197	r	131.9595,-5.9968,133.1887,-5.2873	[[[1319595,-53730,61,-158,95,13,56,78,45,18,68,5,83,42,7,17,153,407,-77,180,-99,3,-15,1,-21,-11,-86,-41,-26,-16,-65,-41,-150,-202,-29,-295]],[[1323071,-55212,6,-48,11,-97,62,-111,16,-29,8,-13,142,-173,27,-46,57,-8,135,48,84,51,14,9,36,38,45,50,62,99,12,38,19,63,-42,-13,-9,-3,-144,-46,-150,44,-32,26,-29,23,-215,174,-115,-76]],[[1326198,-56030,25,-136,53,-90,65,-78,68,-99,10,-52,-10,-194,29,-76,66,-20,71,1,39,-14,10,-55,-4,-67,-16,-62,-24,-46,-30,-70,64,-23,88,-4,49,-7,83,-369,53,-109,-142,0,-29,-234,35,-523,-24,-7,-47,-1,-46,-21,-20,-68,10,-67,24,-31,22,-23,12,-50,-4,-256,19,-119,54,-109,0,68,109,-180,59,-67,73,-25,95,38,55,91,23,114,-5,103,76,-136,71,-239,108,-162,191,88,150,177,118,180,97,201,83,233,69,429,-13,225,-90,97,-161,77,-66,187,-29,225,-51,201,-76,0,-13,-40,-48,-97,-4,92,-118,364,-17,181,-32,83,-69,51,-73,0,-152,-36,-82,10,-123,75,18,81,71,105,34,147,-54,194,-97,-26,-125,-129,-139,-106,-45,31,-371,174]],[[1327432,-56303,87,-230,66,-174,52,-81,16,-6,75,-28,77,18,44,79,0,149,30,-91,34,-64,7,-14,59,-59,12,-8,63,-38,21,51,53,86,-83,146,-52,152,-26,158,7,166,140,423,5,13,-3,35,-6,64,-41,18,-17,8,-78,-10,-18,-7,-58,-26,-49,-42,45,86,19,85,-15,86,-26,45,-23,40,-196,-180,-145,-282,-76,-309,0,-259]],[[1328405,-59850,18,-118,145,74,927,1151,73,118,17,182,-76,312,-15,189,81,328,179,327,218,287,199,212,100,161,64,83,135,58,138,93,83,22,105,53,264,262,73,100,256,744,265,1411,67,104,122,77,44,175,-5,197,-39,145,-117,138,-165,82,-182,10,-166,-73,-112,-164,-58,-397,-76,-156,-208,-317,-372,-1156,-157,-349,-44,-177,-37,-409,-108,-400,-75,-44,-163,69,-162,39,-352,-573,23,-169,-23,-622,-54,-96,-234,-272,-596,-1711]]]
1650232	r	114.7338,-8.3829,115.1353,-8.1498	[[[1147338,-81498,1140,-2331,2875,761,-270,402,-1,6,-10,18,4,10,-7,7,5,11,-12,55,4,25,-19,18,-16,6,-25,46,7,70,-6,46,-34,100,-42,11,-62,-1,-9,4,-11,29,-14,-4,-38,-30,0,-1,-392,583,-5,-2,-8,17,-19,-5,-11,7,-46,-29,7,-12,-10,-21,-26,9,-10,11,-10,11,0,1,-2,33,-8,0,-5,15,-15,2,-22,-19,-48,-16,-72,-2,-20,-22,-24,-54,-26,-17,-37,-15,-55,-2,-56,-31,-33,-6,-915,1,-353,-128,-1238,433]]]
1646893	p	1648473
2010985	p	1625812
1639925	p	1646170
1635815	n	121.9829,-8.778,122.4371,-8.4425	[[[1219829,-86200,11,-222,32,-219,54,-215,75,-209,96,-201,114,-190,133,-178,132,-146,302,242,367,214,484,54,642,-102,257,-125,125,16,218,74,168,17,976,-23,88,147,96,201,75,209,54,215,32,219,11,222,-6,132,-1481,-271,-303,26,-284,144,-886,752,-156,64,-130,27,-204,129,-110,50,-100,6,-220,-24,-95,18,-140,149,-15,93,-30,-39,-114,-190,-96,-201,-75,-209,-54,-215,-22,-150,5,-5,-5,-18,7,-25,-13,-20,3,-12,-8,-8,-4,-81,9,-21,-10,-1,-5,-100]],[[1223439,-84484,83,-318,246,-215,205,94,-117,157,-150,165,-165,149,-37,27,-65,-59]]]
1621399	r	110.4209,-8.1931,110.852,-7.8379	[[[1104209,-80814,558,-305,196,-55,249,-28,279,-74,536,-239,0,67,367,-180,213,-71,208,-27,98,-33,143,-141,97,-31,3,0,104,55,140,87,134,95,128,105,120,112,113,120,104,127,97,134,87,140,77,145,68,149,59,154,47,158,38,160,27,162,16,164,5,164,-5,164,-16,164,-27,162,-38,160,-47,158,-59,154,-68,149,-9,19,-189,93,-2574,98,-515,-413,-764,-2022]]]
1644932	r	120.8891,-8.9441,122.0258,-8.2888	[[[1208891,-88400,16,-502,8,-82,150,-154,164,-124,92,-7,264,9,54,-36,310,-109,532,-36,188,36,618,319,366,135,456,31,876,-264,421,3,342,341,14,196,-61,220,-31,225,112,209,178,49,242,-39,365,-122,433,-63,409,16,402,-27,407,-192,91,-158,30,-137,1,4,-9,-40,-40,-73,-18,-96,-21,-38,-3,-24,17,-53,13,-10,44,-5,10,-14,-7,-5,10,1,-2,-9,20,12,42,-42,46,-4,15,7,3,-5,134,75,149,355,158,122,91,-90,166,-110,183,-95,146,-40,111,-13,100,-23,106,-4,133,40,410,260,147,72,2,0,1,1,265,130,284,79,5,-7,7,3,0,-10,13,2,7,-8,9,8,14,-4,11,7,19,-12,0,6,28,12,10,-10,14,9,17,1,43,-13,23,19,59,12,31,21,78,12,38,28,56,28,29,-5,46,31,28,-1,18,15,9,-1,28,34,45,-2,4,-9,17,-5,3,6,9,-10,0,11,6,-4,1,8,13,-2,15,24,147,44,8,29,-56,74,18,37,-8,31,14,72,-8,22,1,29,10,14,30,12,-9,32,19,33,-17,17,-3,20,-17,26,8,26,-9,11,8,28,-2,11,-34,20,-28,-4,-52,12,-23,-43,-22,-20,-101,-1,-32,-13,-17,1,-9,10,-33,3,-21,18,-40,19,-13,49,-28,9,-9,31,-87,105,-18,54,-43,53,-50,124,8,24,22,-3,24,7,38,24,10,56,26,29,19,52,17,15,21,33,96,1,28,17,5,12,-17,12,-8,34,-23,21,-8,15,14,16,2,22,39,17,-12,20,-5,28,20,68,50,-5,28,13,30,6,13,13,21,8,4,8,-40,88,-10,6,-3,13,6,12,-11,26,12,14,-1,7,7,3,-9,16,13,3,15,27,13,0,-6,13,26,47,8,1,-3,9,6,-3,9,7,-2,11,14,-3,10,21,-19,35,-24,3,-30,-9,-18,6,-36,63,9,2,11,18,162,11,-23,51,9,14,1,30,16,15,-3,12,13,20,-7,25,5,18,-22,18,-29,47,-2,29,7,15,-12,34,51,11,34,87,-1,6,-24,5,-15,18,-33,17,-20,65,-18,21,-3,33,13,10,0,14,24,31,61,20,16,26,19,9,8,20,0,27,22,14,50,88,7,53,9,-2,-3,10,11,3,-9,33,35,17,17,-7,17,5,-7,41,10,14,18,10,23,-2,9,9,4,32,-23,41,-10,58,3,21,-10,9,52,4,7,17,-11,9,-26,-11,-30,13,18,1,46,50,0,32,17,9,5,33,16,2,4,16,11,4,-11,15,-29,15,-12,18,-24,8,-13,26,8,10,9,0,9,-4,12,-21,46,-12,-10,22,4,24,-35,15,-2,14,8,12,23,-6,18,12,14,-5,18,6,-25,55,9,12,14,-8,13,9,-6,9,2,16,8,11,14,1,5,17,-11,22,6,9,-13,19,-34,-26,-46,4,-16,22,-17,-1,-5,-9,-15,4,-9,-12,-17,3,-7,-14,4,-17,-5,-19,-32,-22,-50,-13,-32,17,-12,-8,-8,-29,-32,-6,-20,25,-26,11,-13,25,-14,3,-6,-10,7,-14,-9,-10,-3,-19,-28,-18,-13,6,3,7,-9,-5,-7,-10,9,8,-1,-7,-18,-21,-35,-8,-8,10,-11,-12,-21,-6,-32,-36,-1,-32,-25,-48,-19,-8,-4,-16,-11,-11,-31,-7,-11,4,-23,45,35,26,21,34,-32,22,-5,18,-41,-11,-16,23,8,11,8,-2,28,16,4,18,11,-1,3,11,17,11,6,16,8,-3,14,23,11,1,-3,8,-27,18,4,10,3,-8,0,16,-17,-13,4,-12,-13,-16,1,-9,-35,-24,-9,-1,-5,-10,-29,-21,-30,-3,-2,-18,-10,-9,6,-7,-4,-7,-22,-12,37,1,7,-13,-1,-16,-7,-13,-35,-28,10,-10,-8,-24,-69,-70,-21,-6,-10,-18,5,-1,0,-14,-9,-23,-45,-27,0,-9,-48,-48,-94,-52,-57,12,-19,11,-42,-16,-13,-7,0,-8,-11,-3,-16,2,-21,21,-11,-12,-17,6,-37,-26,-42,-8,-17,5,-15,22,-62,-26,-35,-3,-26,20,-71,28,-78,4,-41,31,-10,22,-35,15,-18,40,3,9,-5,0,-40,-30,-18,-23,-4,-2,-48,119,-185,-161,-72,-30,-109,1,-56,21,-59,32,-117,27,-214,-41,-142,-52,-12,2,-12,10,-19,-4,-31,5,-56,-4,-23,-29,-50,-14,-21,2,-7,-17,-18,-7,-35,-1,-40,-40,-22,-11,-14,1,-6,-11,-2,3,0,-8,-31,-7,-11,-10,-37,0,-22,-9,-98,-4,-136,126,-6,39,-14,18,-28,-13,-171,158,0,2,-5,3,-34,31,-4,8,-4,-1,-15,14,-132,53,-159,-85,-11,-32,-10,7,-5,-7,2,-38,-13,-41,7,38,-3,27,-1,-46,-4,-20,-31,-92,0,-104,0,-143,5,-19,-11,-15,6,-20,1,-37,-16,-49,9,-25,-4,-30,-179,42,-58,-9,-6,22,-48,44,-14,1,-10,-6,-2,-14,-27,-34,-19,-12,-13,-28,2,-16,19,-14,-7,-24,-1,-70,8,-14,31,-25,27,-7,13,-25,9,-4,4,-60,-89,-30,-120,-71,-7,-1,-1,-4,-248,-147,-56,-54,-130,-55,-78,3,-34,83,-25,110,-64,64,-184,68,-201,26,-139,-53,-123,-73,-158,-36,-284,107,-433,469,-208,106,-259,372,-114,100,-86,30,-193,34,-97,5,-117,27,-64,61,-50,72,-75,50,-109,9,-247,-17,-91,42,-91,73,-98,29,-223,0,-187,21,-531,185,-199,114,-143,-199,-267,-426,-237,-443,-209,-457,-177,-470,-147,-480,-114,-489,-82,-495,-50,-499,-16,-502],[1216649,-84958,10,4,7,-31,-5,4,-2,6,-8,3,-2,14]],[[1215069,-88929,22,-20,-2,-21,10,-7,4,-17,17,-11,4,-20,22,-18,15,-27,22,9,17,-8,23,7,18,32,9,5,5,-4,3,8,8,-1,5,7,11,-6,2,16,9,5,-2,17,8,3,-2,13,27,27,17,47,9,10,-7,13,9,21,-3,9,-17,11,-14,28,-17,7,-16,72,10,39,27,22,15,32,-6,18,-11,1,-9,17,-3,23,-9,13,-16,2,-21,47,-24,5,-48,-36,-5,-32,9,-29,-10,-11,-10,-7,5,-7,10,7,22,-17,2,-42,20,-35,-7,-33,-17,-26,-38,-28,-16,-4,-4,17,6,3,-13,3,-28,-16,-22,-24,-25,-109]],[[1216761,-83093,178,-350,151,-104,225,39,129,164,9,227,-112,186,-238,43,-116,-34,-70,-56,-64,-60,-92,-55]]]
1648451	r	111.735,-7.3867,112.1513,-6.8849	[[[1117350,-73867,2320,100,1112,565,3,4,-9,11,5,27,-16,13,10,7,-4,7,26,-1,10,12,3,22,13,8,-6,4,8,1,3,19,13,11,8,-5,-4,-12,13,-4,25,12,4,14,9,3,4,9,-5,6,-18,-2,-5,10,28,42,-9,22,6,5,-13,11,-1,17,-11,2,4,25,-25,10,5,15,13,-13,11,21,12,-4,-3,17,-6,-4,-19,12,-2,13,29,14,24,2,-1,8,-16,7,16,2,-9,25,16,10,-8,24,18,9,1,7,-12,7,25,28,-23,25,-46,-3,-7,13,9,6,-9,6,6,9,-6,13,-17,0,-9,27,10,22,-11,21,15,-1,4,9,9,2,-5,8,14,0,2,5,-16,23,-14,-3,-10,13,13,5,2,17,14,6,-2,20,-13,5,17,3,-8,10,11,17,-4,5,5,19,18,-5,0,10,-8,1,-3,7,4,28,-5,7,9,6,0,33,-20,6,10,6,14,-3,5,23,10,-1,9,9,-6,7,20,8,-9,10,2,7,19,-27,0,-12,21,-14,17,6,28,22,84,32,5,13,-6,4,2,18,17,16,17,2,11,31,-3,9,39,5,9,7,1,7,-18,11,7,7,-5,25,16,0,24,13,-19,13,15,0,-4,18,9,-2,-11,17,9,6,-8,17,17,13,-2,14,10,9,-3,15,10,6,-4,13,-6,-3,-2,6,7,10,17,0,-5,13,4,15,-7,5,4,13,10,5,12,19,12,-9,24,6,12,47,11,10,7,27,10,-5,26,109,10,4,2,9,22,9,-15,7,10,21,1,19,17,6,76,-12,24,4,-2,37,-3,2,0,1,-3768,2693,-34,-13,-170,-77,-165,-88,-21,-13,0,-4827]]]
1650298	p	1625822
2005237	p	1621177
1650319	p	1632033
1626887	r	111.1247,-0.3079,111.8753,0.4479	[[[1111247,700,8,-247,24,-246,40,-244,56,-241,71,-237,86,-231,102,-225,116,-218,129,-210,143,-201,156,-192,168,-180,179,-169,190,-157,200,-144,208,-131,217,-116,224,-102,230,-87,235,-72,239,-56,242,-40,245,-25,245,-8,245,8,245,25,242,40,239,56,235,72,230,87,224,102,217,116,208,131,200,144,190,157,179,169,168,180,156,192,143,201,129,210,116,218,102,225,86,231,71,237,56,241,40,244,24,246,8,247,-8,247,-24,246,-40,244,-56,241,-71,237,-86,231,-102,225,-116,218,-129,210,-143,201,-156,192,-168,180,-179,169,-190,157,-200,144,-208,131,-217,116,-224,102,-230,87,-235,72,-239,56,-242,40,-245,25,-245,8,-245,-8,-245,-25,-242,-40,-239,-56,-235,-72,-230,-87,-224,-102,-217,-116,-208,-131,-200,-144,-190,-157,-179,-169,-168,-180,-156,-192,-143,-201,-129,-210,-116,-218,-102,-225,-86,-231,-71,-237,-56,-241,-40,-244,-24,-246,-8,-247]]]
1626099	r	113.5792,-7.2362,116.2699,-5.0429	[[[1135792,-70335,23,-23,-3,-39,19,-17,42,7,22,15,56,-1,26,13,17,-38,37,5,16,-11,2,-26,-32,-37,-15,-39,-19,-16,-8,-24,-29,-21,-12,-31,67,-10,6,-59,52,7,14,-58,62,-39,6,-32,43,-25,3,-26,12,-26,20,-10,1,-48,-9,-13,11,-8,-13,-72,-31,4,-44,-7,-21,-17,-7,-22,-38,-59,-9,-40,-38,-39,-4,-70,53,25,2,-7,31,10,37,-4,22,7,36,-4,65,15,42,4,24,-4,12,11,41,-5,41,-49,28,-9,30,27,10,-1,33,-5,17,6,5,12,31,20,8,17,22,22,-2,4,36,34,38,17,26,2,4,5,-5,8,27,21,16,7,5,-11,115,-14,195,-10,705,-117,360,-43,10,-8,0,-16,20,-11,111,-5,41,12,90,-10,146,-5,25,-7,35,11,12,-8,114,5,7,-11,-2,10,154,3,35,9,8,12,-11,12,5,54,17,22,-16,8,-2,3,28,11,-4,111,-87,99,-156,43,178,302,46,47,85,71,84,51,219,-15,35,-38,59,-31,-2,-8,27,3,41,48,6,30,-11,22,82,21,31,29,13,-14,17,-4,16,39,30,19,30,61,118,112,700,93,456,285,157,7,7,-6,49,9,68,3,-12,28,3,2,8,18,-37,46,-14,28,-72,174,-23,45,-3,6,-1,1,-24,47,-55,60,-52,40,-138,71,-200,80,-303,140,-45,40,-184,120,-197,91,-219,74,-443,57,-34,-5,-125,20,-10,-5,-53,-2,-2,-7,-2,6,-15,-1,-78,-22,-22,-3,-17,9,-20,-1,-106,-24,-36,-28,-27,-6,-14,8,-296,-52,-36,-8,-413,-56,-1210,31,-794,-92,118,0,28,-12,18,11,17,2,81,-4,45,-9,84,7,27,10,49,5,1,-22,-17,-30,10,-33,4,-44,-36,-135,17,-14,15,6,19,-14,8,2,5,-16,4,13,10,3,10,-4,31,7,6,-11,10,10,8,-33,-13,-16,-10,-28,-20,-7,2,-12,-18,3,-6,-19,-34,-10,-1,-11,-11,-8,6,-12,-18,-40,-7,-35,-50,4,10,-50,-57,-83,-8,-47,11,-51,-18,-46,-57,-10,-41,-19,-11,7,-14,-4,3,-21,-17,-24,-31,-5,-7,-7,22,-39,-8,-13,9,5,-1,-9,12,-12,-6,-66,11,-43,-14,-37,-12,0,3,-9,-12,2,16,-27,-8,-1,-3,-9,6,-19,-16,0,2,-11,-13,-24,12,-10,-1,-16,33,-14,7,-19,-15,-13,-23,-4,-48,10,-21,10,-61,-1,-6,-48,-43,-3,-31,-27,-45,-4,-7,-7,-4,-57,-13,-27,-12,-51]],[[1137494,-72187,61,10,40,-7,98,-65,35,-32,38,-10,34,3,19,-6,28,-11,73,-49,26,-8,22,11,-5,27,14,24,55,46,79,36,12,10,0,8,-25,41,-26,4,-33,15,-19,-4,-18,8,-35,-12,-4,-12,-34,-3,-23,6,-11,9,1,7,-23,7,-4,11,-25,10,-19,-1,2,6,-21,8,-36,2,-15,6,-12,-10,-5,8,-22,-7,1,8,-14,1,-13,-9,-49,6,-91,37,-21,-51,-10,-6,-25,-53,0,-19]],[[1138809,-72022,15,-36,45,-61,37,-2,120,31,8,-1,9,-12,30,1,111,42,31,24,59,6,50,-23,33,-34,11,-21,2,-17,-6,-10,49,-52,13,-22,9,-40,30,-42,33,-14,28,-4,5,-10,12,-4,17,16,-19,28,-2,32,-56,38,-44,8,-44,56,0,38,16,71,-7,3,-3,38,-28,49,-8,-2,-40,46,-31,46,-8,39,5,16,-30,56,-40,1,-10,-14,-62,-29,-12,-13,-46,-18,-36,6,-34,-22,-49,-7,-9,-12,-81,-44,-48,-38,-25,-63,0,-24]],[[1139363,-70686,3,-61,39,-55,18,-45,1,-29,-12,-12,3,-9,36,18,33,0,97,-51,19,-29,44,-16,54,0,16,-22,51,-7,5,-14,45,-12,10,-18,16,-2,9,-9,67,-6,69,6,90,-3,45,12,58,-15,13,-10,52,-2,225,-55,44,8,41,-3,6,7,55,5,33,12,-11,24,11,31,-5,27,-32,53,-13,11,-60,173,-46,39,-86,13,-19,-6,-72,19,-50,-1,-59,16,-47,-2,-18,8,-39,-14,-33,6,-128,-18,-138,-3,-43,5,-89,26,-76,37,-16,16,3,8,-14,-2,-24,22,-14,24,-1,23,-17,15,-40,-13,-12,-9,5,-10,-4,-6,-13,-2,-48,-33,-13,-12,-1,-11,-23,-37]],[[1141614,-69988,8,-12,34,-19,60,-11,63,-21,37,17,18,32,4,24,-7,17,8,62,18,52,-3,10,9,10,-4,10,7,-2,5,20,-5,79,-42,47,-48,24,-22,2,-45,-20,-19,-25,-19,-44,-23,-101,-4,-56,-28,-63,-2,-32]],[[1142698,-70808,18,-109,-2,-8,1,-29,45,-148,36,-50,1,0,51,-110,80,-170,62,-25,54,-67,29,-21,22,-30,32,-21,80,-37,60,-15,1,-13,15,13,69,-24,14,1,77,-44,78,-18,39,-25,31,-8,46,-28,59,-7,121,1,15,-15,29,9,6,-12,9,2,45,22,47,35,16,2,3,11,13,-1,62,51,11,43,-7,-1,-86,47,-31,61,20,231,-138,181,-84,145,-3,27,-14,46,-24,47,-18,21,-39,29,-71,127,-149,134,-206,58,-275,-47,-250,-261]],[[1143932,-55646,13,-34,30,-34,22,0,32,18,32,3,66,-22,19,-22,14,3,10,-5,28,-41,10,-78,15,-43,42,16,20,14,67,-1,30,27,92,56,10,24,-12,20,-7,2,0,20,41,10,-11,13,2,11,21,4,-5,17,33,16,-18,12,-21,29,4,21,10,12,-5,3,2,34,15,12,-9,5,-5,12,6,27,-7,15,-55,-4,-13,-20,-22,1,-10,8,-7,-10,-15,-1,-4,47,-16,-4,-1,-11,-10,-8,-21,4,-21,-5,-11,15,4,-12,-9,-33,-15,-19,-14,13,1,17,-6,-3,-3,10,-18,-17,-14,5,1,20,-19,22,-22,-17,-8,-19,10,-23,-4,-6,-19,8,9,13,-9,4,4,7,-7,-2,-2,5,-8,-6,-3,15,-9,3,-14,21,-7,0,3,40,20,38,-7,25,-15,27,-19,-10,-16,5,-7,-5,-17,-18,0,-15,-7,3,-18,-10,-2,-14,-36,2,-7,-10,-17,2,-11,-11,-12,-1,0,-12,-14,-7,1,-25,19,-22,3,-37,-25,-116,-15,-23]],[[1144165,-54395,13,-57,35,-38,9,-23,65,-44,-8,-28,3,-14,-9,4,0,-7,-18,7,-7,19,-1,-17,8,-11,37,-10,17,27,18,9,-8,4,-23,-7,8,24,15,5,20,27,3,18,-10,48,-54,91,-53,33,-3,9,12,9,-9,13,-20,16,-23,-3,-2,-7,24,7,9,-13,-9,-7,-21,3,-4,-5,1,-7,9,-1,-13,-19,0,-24,-11,-31]],[[1144280,-69724,31,-77,10,-3,20,46,11,67,-16,25,-9,38,-11,-8,-27,-45,-9,-43]],[[1144750,-71458,1,-25,65,-93,50,-19,96,6,33,11,7,-5,110,-10,215,8,420,-42,1,-1,-20,-18,27,-16,11,14,10,0,5,8,68,1,1,1,285,-29,-22,-17,-25,-5,-24,-22,10,-3,3,-7,28,-5,24,14,48,13,-1,28,12,-1,43,39,14,154,-27,106,-72,52,-99,15,-109,1,-125,21,-222,93,-90,22,-91,-17,-364,-158,-54,-35,-21,-42,-2,1,21,41,13,11,-17,2,-19,-11,-6,9,-25,-11,-60,-12,-39,1,-26,8,-51,-29,-10,-47]],[[1144852,-69996,43,3,14,5,33,39,11,34,-2,18,-32,40,-17,-57,-25,-46,-25,-36]],[[1145880,-50652,25,-15,-11,-4,8,-26,7,-5,-11,-2,13,-14,21,1,5,-21,-11,-124,-30,-37,1,-10,16,-11,6,-12,31,-10,-2,-6,13,-11,33,2,7,10,10,0,21,-23,13,-3,4,37,-10,27,19,47,1,20,15,29,20,20,5,28,9,1,2,12,9,2,5,12,-11,8,7,92,-4,25,-7,3,4,7,-3,14,-18,17,-8,-4,-3,12,4,24,25,57,0,32,-15,22,-27,-6,-74,-45,-39,-57,-14,-8,-9,-18,-16,-9,-5,-11,-24,-17,-7,-16,11,-22,-11,-14]],[[1146437,-70804,6,-32,15,-19,30,-7,18,37,3,40,-23,37,-26,16,-14,-18,-6,-21,-3,-33]],[[1146562,-71661,5,-40,5,-1,101,16,67,19,38,18,14,-14,12,2,13,13,16,5,9,-11,14,15,-9,2,-9,18,-47,28,-29,8,-79,-4,-100,-42,-16,-15,-5,-17]],[[1146761,-70973,2,-7,17,-6,63,-6,18,7,17,23,-3,19,-10,15,-19,8,-52,-29,-26,-28,-7,4]],[[1147678,-71296,1,-14,10,-17,27,-4,-7,-6,35,-11,8,6,-1,6,-1,8,-16,24,10,9,-2,7,-14,-12,-8,15,-10,-3,8,-4,-3,-4,-7,8,-10,0,8,-10,-10,7,-5,-7,4,8,-6,1,-11,-7]],[[1147728,-71276,6,-12,3,7,11,-4,-1,-21,-10,-1,15,-21,-1,-8,19,2,29,36,35,88,10,9,-13,7,-16,12,-2,24,-17,10,1,-6,-4,1,-25,-34,-7,-21,-23,-21,-3,-24,5,-7,-9,-4,7,-6,-4,-10,-2,8,-4,-4]],[[1151924,-70890,10,-32,14,-6,16,2,25,20,23,34,-6,25,-30,23,-17,-6,-23,-25,-12,-35]],[[1152036,-69043,6,-14,40,-32,7,-98,28,-51,16,-13,-29,-51,-8,-25,1,-24,46,-46,46,23,24,27,23,4,13,-8,12,10,-15,19,12,4,11,-11,32,4,-1,-14,16,-9,12,-46,14,9,13,-1,4,38,-5,7,9,8,14,-8,24,30,-1,6,-15,3,1,15,-11,2,5,18,14,-6,15,15,8,-6,0,-21,26,4,2,-24,13,0,11,11,0,-14,24,-8,-4,-13,-23,9,-6,-10,3,-9,11,-3,-4,-16,14,-3,-4,-36,20,-9,7,-16,7,3,6,18,-13,25,24,6,6,11,19,-6,0,-35,28,-5,9,8,-6,23,27,24,19,0,8,8,30,-3,8,17,13,-15,21,11,6,-11,-16,-24,9,-19,-14,-25,28,5,33,-8,12,-26,-2,-27,-9,-14,-10,6,-9,-5,-5,-21,-26,-33,-21,-3,-3,13,-12,1,-25,-26,-17,13,-9,-21,16,-54,12,4,7,-6,-6,-15,10,-17,-15,-2,-8,-10,1,-19,-23,-35,-3,-22,21,2,12,10,15,-6,17,3,18,-24,9,10,10,-3,2,-9,14,-6,3,-11,-10,-37,-8,-9,-14,-4,-30,9,6,-24,-44,6,-6,-5,14,-15,-4,-18,15,-29,5,-45,9,4,44,-1,23,-6,23,-16,-25,26,25,29,10,3,22,-21,8,4,11,-5,5,-15,-7,-19,-15,4,-7,-14,-8,-3,4,-22,53,-65,32,-14,6,-22,47,-31,14,-2,-37,29,-4,13,-16,15,-2,20,11,26,26,0,10,-9,11,10,12,-1,-9,8,-2,13,8,39,6,3,-15,19,-2,15,-16,15,-15,39,4,35,-5,14,-9,5,2,-8,-11,-6,-20,5,-2,8,-14,5,1,18,12,-5,8,7,-4,13,-26,16,5,25,-17,5,-12,17,15,-1,8,29,-5,11,9,7,11,-8,34,1,6,6,16,-7,10,11,5,-5,6,2,-2,10,6,-2,5,7,19,-25,15,4,20,-7,10,7,6,16,-17,13,9,13,-3,17,-5,14,-27,17,3,12,-12,12,-4,34,27,22,0,15,16,27,13,5,14,-5,2,16,5,2,9,-4,4,-20,23,-17,-5,-19,26,-3,6,-15,18,-3,-1,16,16,14,21,6,11,-3,14,-49,43,-16,-1,-9,17,-15,-1,-7,46,-7,-3,-36,8,-11,-8,-12,22,-20,4,-16,-9,-14,-13,-57,-10,-10,13,-13,-13,-8,-2,-9,-12,3,-5,15,-21,20,13,9,-5,16,-23,-4,-11,32,-37,9,0,20,-8,0,-4,-7,13,-20,44,-36,16,-58,60,-45,16,-46,-8,-19,9,-20,20,-17,43,-8,84,26,41,-20,26,-4,19,5,49,30,43,5,46,-15,141,-19,40,13,60,34,124,16,5,9,-3,17,-15,24,-3,18,-33,26,-23,9,-14,-7,-17,1,-20,-18,-20,2,-27,-9,-19,21,-40,12,-6,11,-50,38,9,8,27,-11,16,0,20,-22,54,-16,32,18,15,48,-12,33,-17,9,3,8,-8,14,-21,12,-23,2,4,16,17,14,-11,7,-4,14,-28,15,-11,16,-26,4,-22,13,-2,19,-48,-12,-8,-8,-5,11,8,15,-16,-11,-19,5,-14,-8,-3,-13,-14,1,-12,-21,-14,1,-8,10,3,13,-27,8,2,14,24,3,2,19,10,-5,19,24,-13,17,-22,2,-9,11,-23,-4,-9,5,9,25,-14,3,-40,-12,-8,25,-13,13,25,3,5,8,-26,8,-38,-15,-9,0,-4,8,-16,-2,-6,-11,4,-20,-23,-41,2,-12,-16,-13,-30,-6,22,28,-6,42,3,38,-28,11,-17,-3,-31,46,6,-4,8,12,50,-19,13,3,-32,19,-15,16,2,7,13,-2,8,6,-9,20,-13,10,4,15,-15,6,3,10,14,3,-10,10,41,-17,-12,39,8,-5,9,5,24,-17,8,2,16,-24,19,-7,10,7,8,-3,29,-28,29,5,5,16,-34,36,7,6,20,-8,9,3,7,19,-7,14,13,-3,11,-19,17,-7,-5,-31,13,-27,7,-4,13,4,50,-18,16,-7,18,-24,8,5,-17,26,-29,18,11,21,-3,10,15,-24,22,3,-7,9,10,23,-9,11,-2,16,2,7,13,0,3,9,-7,10,-18,5,-28,24,-1,22,26,-5,11,24,-7,12,-1,6,7,1,-3,6,8,-2,44,16,-12,46,19,-12,26,13,12,-5,7,8,-4,-57,7,-28,12,-14,-14,-30,9,-9,-1,-12,17,-1,5,-10,-14,-42,12,-23,-2,-15,9,4,4,14,-9,16,6,4,-4,8,4,16,9,6,8,-6,6,4,0,23,-9,6,0,34,22,-3,7,10,8,-4,8,34,18,25,43,-16,4,-23,28,12,5,-27,-22,-16,-6,-19,4,-14,29,-5,-10,-21,14,-13,-28,-13,5,-14,10,-1,-4,-24,14,-1,6,-27,18,26,-5,0,2,4,50,2,6,-10,3,4,6,-31,-6,-6,5,-15,-5,-11,7,-21,-9,-9,20,-5,8,-29,-10,-12,6,-14,15,-3,17,-17,3,-13,9,7,25,-4,2,-6,10,10,-21,11,-3,9,-16,5,-2,23,-30,34,83,-33,19,-1,5,9,-17,5,2,14,-24,14,9,-2,10,14,-7,16,-11,6,7,-1,15,12,23,-42,10,1,9,-10,6,10,9,-1,-1,22,-8,8,2,40,-16,12,13,9,1,8,-23,37,7,12,-1,17,39,-30,10,0,14,19,18,-14,9,7,1,10,10,-36,19,-6,21,6,9,10,32,-11,11,17,13,-8,4,-20,21,-11,-1,-13,10,-8,10,45,-28,26,-1,7,6,5,15,-3,7,9,-15,37,37,10,19,-21,25,6,23,-13,-7,-71,21,8,48,-17,-71,-63,-11,-26,3,-7,24,14,6,17,8,2,11,-5,-3,-19,10,-7,-10,-10,2,-12,25,16,25,3,10,11,24,-4,22,24,9,-7,8,2,1,24,8,-5,10,3,11,26,12,8,30,-12,16,-14,-19,-1,-19,-49,17,0,20,-16,14,2,8,-14,18,-4,18,21,1,31,-7,15,8,-2,8,-21,13,3,1,-69,12,-7,26,17,14,-8,-9,-28,43,-20,-4,-23,-19,-11,2,-12,25,-30,49,-20,6,5,-9,15,75,31,31,3,20,-11,15,8,34,3,15,-14,80,-45,1,-14,15,-4,23,-30,9,2,3,-13,31,-20,-3,-4,49,-22,22,-21,6,3,13,-18,34,-10,22,15,30,69,0,7,-9,2,3,10,-11,7,6,34,31,-5,26,30,25,2,18,10,7,13,-5,16,6,10,35,7,2,5,13,-12,16,9,8,14,-7,24,11,14,-11,0,-7,8,10,27,7,3,4,-7,15,15,21,-1,4,12,-8,20,-61,45,-24,10,-20,21,-7,15,-3,65,-28,60,-27,36,-36,23,-64,-4,-54,14,-72,56,-32,39,-143,112,-27,1,-106,49,-50,10,-106,45,-34,22,-65,21,-41,25,-78,27,-142,74,-84,30,-49,7,-50,22,-16,15,-88,31,-114,29,-93,37,-98,19,-73,0,-73,-9,-71,7,-41,12,-49,2,-59,-13,-71,7,-29,12,-48,7,-29,-10,-31,-1,-13,8,-113,-18,-15,2,-9,9,-29,-12,-28,11,-50,2,-13,12,-94,-6,-22,5,-5,9,-66,10,-81,3,-51,-12,-14,4,-37,-5,-39,6,-1,27,9,2,-68,8,-64,-8,-25,6,-57,-7,-18,6,-40,-19,-63,-49,-24,-1,-9,4,-1,8,-2,-13,-50,-37,2,-10,-15,-19,10,-24,18,22,21,0,5,20,11,-5,37,14,64,-43,56,-23,1,-11,15,-4,10,-14,13,-39,3,-35,-8,-10,17,-31,-1,-34,-91,-115,6,-19,-14,-16,-19,-61,-21,-25,-19,6,-22,-21,-38,-7,-92,13,-57,0,-11,-21,-23,-16,-25,4,-8,-53,-38,-38,6,-11,-4,-24,-26,-15]],[[1152164,-68431,4,-25,43,21,-10,36,-13,9,-24,-41]],[[1152445,-69706,8,-4,22,-56,23,-2,60,-53,52,-28,9,2,5,10,-5,0,-2,29,-20,19,0,26,14,6,-11,5,7,9,-5,10,-83,13,-16,-9,-58,23]],[[1154089,-69791,4,-18,17,-14,9,-21,11,-9,14,-1,15,5,5,17,12,14,-9,19,1,17,-17,16,-9,23,39,84,-10,52,-22,8,-10,-7,-25,-43,10,-94,-31,-33,-4,-15]],[[1154256,-69849,26,-56,-4,-23,26,-36,32,-24,35,-17,97,-18,-5,-5,10,-10,50,0,20,-2,5,-7,9,6,27,-5,12,5,22,-12,12,2,-3,9,11,-3,0,-11,29,-15,96,12,-20,20,-14,3,-17,38,-14,7,-4,13,-15,4,-49,90,34,75,-1,28,11,14,-31,40,-22,7,-9,-14,38,-28,-2,-9,-10,-7,-16,3,-23,-12,-24,-28,-19,20,-4,28,-7,1,-2,-5,-16,5,-9,11,-25,-9,0,-14,19,-20,3,-13,-4,0,7,-5,3,-10,-6,-5,-23,17,-30,7,-8,-4,-7,8,-12,-4,-28,7,4,-8,-11,-3,-7,8,-34,10,-34,-5,-24,11,-29,-40,-15,-6,-1,-16]],[[1154301,-69376,14,-13,-3,-17,12,-14,4,-49,12,-7,7,4,-5,4,4,4,-4,17,-13,24,2,7,13,4,22,-46,9,-1,-8,15,0,30,-10,5,-2,9,9,16,-1,23,18,4,1,9,-14,0,-19,16,19,10,2,22,8,9,15,6,-5,-13,8,-10,11,16,1,36,-9,16,2,8,-46,27,-9,-4,-8,-22,-19,9,-9,-11,2,-6,30,-11,-6,-30,21,-20,-23,-14,3,-23,-13,-3,9,-11,-7,-10,-9,3,-1,-14,-15,-4]],[[1154859,-69437,2,-8,17,-15,18,-3,-5,-18,11,-16,43,-6,42,-29,-5,19,-22,21,-18,39,-13,19,-28,-10,-30,25,-12,-18]],[[1155044,-70143,122,-32,35,-33,3,-18,23,-20,11,-32,13,-7,7,-13,28,-21,2,-22,19,14,31,-7,6,48,14,37,29,29,16,-8,2,-19,-11,-4,6,-8,13,9,11,-8,-8,-8,0,-13,56,23,11,-7,1,8,15,13,8,23,43,47,1,30,-5,15,-11,9,-104,17,-5,12,-16,2,-18,17,-16,0,-12,15,-4,33,12,10,-2,15,18,19,2,19,-7,11,23,11,-1,35,15,-8,5,-70,16,-13,13,12,-11,47,14,21,-4,39,7,28,-14,30,-11,-1,-11,-3,-21,-27,-21,-15,0,-20,-62,-4,-36,-22,2,-39,-11,-21,-83,-13,-15,-23,2,-20,-19,-31,-42,-18,-39,-68,-11,8,-24,-10]],[[1155087,-69487,4,-10,29,-15,6,-8,18,15,3,12,15,-5,19,-28,20,10,4,13,19,-1,-3,18,-30,19,-29,5,-24,-12,-21,3,-21,-1,-9,-15]],[[1155180,-69601,13,-6,16,4,19,11,4,16,18,3,-1,6,-3,29,-17,8,-9,-11,10,-6,-14,-11,-10,-22,-17,-6,-9,-15]],[[1155653,-69600,3,-21,34,-40,26,-61,2,-23,8,-9,98,12,39,-5,59,-44,-7,-56,-14,-15,2,-7,51,-35,46,-7,57,-24,28,-23,13,-21,43,-21,32,-4,24,-25,22,26,65,-22,30,5,48,24,22,32,24,14,72,0,8,-12,13,6,40,-9,70,-34,12,-16,22,7,24,-4,100,-104,58,-27,8,26,-4,34,-14,26,-9,43,-22,16,-29,34,-10,-1,-19,21,-55,39,-32,43,-24,12,7,10,-81,33,-14,20,-12,36,-46,26,-15,25,-10,-1,-42,23,-46,12,-62,41,-23,12,-14,1,-14,14,-85,38,-50,34,-23,6,-25,19,-27,7,-120,64,-8,11,-35,20,-17,-1,-26,-20,1,-10,28,-30,-2,-9,-14,-7,-35,8,-29,-5,-42,24,-12,-3,21,-100,16,-8,19,-23,38,-21,2,-7,-31,-16,2,-35,-6,-9,-13,0,-32,36,-25,9,-12,52,-12,3,-12,-23,-18,0,-8,-6]],[[1155956,-70402,3,-7,11,2,37,-24,17,-50,27,0,24,6,4,11,-10,-5,0,5,27,10,-29,4,-19,19,27,-6,29,36,-15,5,1,8,-27,-12,-17,22,-36,6,-5,6,-24,-21,-17,4,-8,-19]],[[1156156,-70552,34,-57,68,-20,12,7,39,19,31,28,1,46,13,63,-4,2,-3,-16,-12,-8,1,-41,-25,4,-3,12,3,15,13,-6,4,18,-8,6,9,14,6,0,3,-12,6,2,0,24,11,25,-6,29,-2,-9,-13,2,-4,-13,-10,10,2,6,-17,-1,-8,-15,-44,-30,-44,-3,-3,-23,-17,1,-14,-41,-18,-25,-1,-13]],[[1156482,-70551,11,-25,0,-23,11,-14,27,-22,33,-12,90,-14,56,10,40,33,-25,10,-3,15,-28,10,-6,18,-29,-1,-20,14,-40,73,-21,8,1,7,23,8,10,14,12,-4,1,-11,4,3,-5,27,-12,20,-23,3,-20,-15,-73,-25,-12,-18,6,-74,-8,-15]],[[1156841,-70631,8,-27,54,-52,56,-22,90,-7,15,2,4,9,23,4,25,30,-3,11,6,10,2,37,-8,19,-10,17,-26,14,-42,3,-82,-9,-84,34,-11,-16,-17,-57]],[[1157039,-70081,4,-17,12,-11,33,16,29,43,-25,41,-15,4,-22,-12,-16,-45,0,-19]],[[1157414,-71530,4,-20,27,-52,45,-64,87,-70,136,-66,220,-61,216,-97,58,-31,60,-61,23,-11,80,-3,164,24,130,9,52,9,49,-3,79,23,90,79,45,125,11,49,-1,7,-31,14,-7,34,4,36,-13,20,-43,-63,-54,-14,-24,2,-9,16,-2,31,-28,9,-59,-16,-47,-25,-30,5,-33,19,-29,6,-62,-13,-54,12,-7,-5,8,-12,-5,-16,-34,-6,-6,6,13,15,-2,10,-35,-8,-6,32,-20,15,-16,-27,-22,-3,-10,7,-9,26,4,60,-22,41,-22,4,-49,-7,-42,16,-54,-37,-41,-13,-34,3,-32,22,-12,60,-92,52,-20,2,-14,-9,-59,-116,-29,-16,-26,-5,-72,-2,-39,34,-75,14,-31,12,-15,19,-1,30,36,23,-27,13,-10,-4,-6,-18,-51,-44,-35,-12,4,5,-5,2,-23,-12,-5,8,-4,-18]],[[1157514,-71007,39,-33,18,51,23,29,16,-4,18,10,-1,-10,-11,-7,-22,2,10,-7,33,8,14,14,13,36,-2,22,-18,29,-36,18,-32,-10,-14,-13,-22,-86,-24,-36,-2,-13]],[[1157783,-69617,7,-11,21,-1,34,-12,45,7,27,19,24,34,20,51,5,56,-4,16,-10,7,-3,36,-4,-7,-24,4,-29,32,6,18,-14,0,-8,-37,-45,-125,-48,-87]],[[1158108,-70358,1,-20,26,-9,35,53,-4,10,-28,2,-11,-5,-19,-31]],[[1158675,-69515,18,-59,-9,-33,56,-5,20,4,28,20,32,45,18,44,-44,70,-43,45,-12,-13,-26,-72,-38,-46]],[[1158917,-71105,10,0,5,17,10,-7,5,15,3,-4,10,10,17,-6,5,16,11,4,-8,-16,6,-36,3,5,-5,20,11,-2,-7,20,17,13,19,-50,-6,-2,6,-8,-4,-12,-7,1,-4,21,-7,-4,10,-29,2,-33,-21,-86,7,7,1,-11,-10,-53,4,-13,-24,-51,24,20,1,-110,-5,-9,-14,16,-10,-5,3,-19,5,-2,-5,-40,-9,-24,2,-14,-5,-6,8,-1,13,19,6,-2,-3,-17,-8,-2,3,-17,-18,-68,9,-19,3,-34,13,-12,6,11,4,109,15,135,2,189,15,128,16,70,21,46,-2,12,-47,-24,-67,-17,-21,-15,-14,-24]],[[1159006,-69557,8,-28,11,-21,20,-14,35,-6,67,7,95,30,38,-6,9,-7,57,-16,10,10,-7,29,-24,22,-64,28,-18,16,-40,-1,-77,22,-79,-9,-38,-26,-3,-30]],[[1162346,-69425,4,-25,38,-28,101,-21,38,2,70,22,47,22,36,42,-1,23,10,2,1,-6,9,-1,-58,63,-89,45,-27,-1,6,-7,28,-4,9,-8,-3,-3,-22,6,-114,-60,-12,-5,-23,2,-31,-14,-8,-7,-9,-39]]]
1636125	p	1650357
1644605	p	1622786
1651103	n	124.6629,-9.3361,125.1174,-8.962	[[[1246629,-91165,7,-157,33,-219,54,-215,76,-209,95,-201,115,-190,133,-178,150,-165,165,-149,179,-132,192,-114,202,-95,210,-75,216,-54,221,-32,223,-11,223,11,221,32,216,54,210,75,78,36,-120,106,-68,113,-58,174,-61,345,38,296,166,200,327,58,205,-2,68,-19,69,-50,120,-135,63,-38,142,-8,87,58,89,88,106,57,56,154,54,215,33,219,10,222,-10,222,-33,219,-54,215,-76,209,-95,201,-90,148,-51,-22,-35,-57,-44,-194,-33,-73,-135,-118,-474,-206,-255,-164,-130,-53,-180,-12,-149,40,-117,90,-83,127,-51,153,13,172,133,340,-30,243,-2,-1,-222,-124,-272,-199,-296,-67,-153,-70,-362,-109,-215,-239,-92,-50,-665,-199,-36,-17,-44,-53,-104,-245,-20,-82,-32,-56,-51,-34]]]
1634680	p	1621177
1640585	n	111.6308,-8.3061,112.0577,-7.8554	[[[1116308,-80776,3,-100,17,-175,29,-173,40,-171,51,-168,62,-165,73,-160,83,-155,93,-149,103,-143,112,-136,120,-129,129,-120,136,-111,144,-103,150,-92,64,-35,5,44,-12,202,104,201,106,49,95,-24,98,-55,111,-44,114,-19,261,19,149,-51,239,-226,113,-37,0,46,100,-5,157,8,5,4,250,166,95,5,141,-88,10,2,210,75,157,74,352,2917,-1477,586,-1383,658,-3,-6,17,-40,37,-19,8,-11,-4,-12,12,1,2,-10,-6,-1,-6,-20,-13,-2,2,-4,-30,-43,-16,-3,8,-16,-12,-12,-3,-16,8,-4,-1,-18,-21,1,-1,-8,12,-8,-15,-12,19,-11,1,-39,-17,1,-26,-23,-21,-3,-7,-13,-29,1,1,-12,0,-1,-17,-2,6,-14,-15,-15,-25,17,-1,-30,13,4,4,-8,-17,-22,12,1,8,-12,23,-6,3,-6,-3,-7,-25,-4,-2,-14,11,-7,-2,-18,-16,-1,-5,-17,-12,-5,-7,5,4,9,-6,14,-15,20,15,8,-12,10,13,9,-11,8,13,13,2,13,-12,6,-9,-7,-9,2,-18,64,-67,24,-22,-2,-39,-28,-26,-8,-22,-26,-35,3,-65,-7,-52,2,-34,-10,-59,-129,-772,-1686],[1118897,-80507,6,15,9,-3,-9,2,-6,-14],[1118948,-80980,6,-2,43,-1,-44,1,-5,2],[1119017,-80943,0,1,11,-1,-11,0]]]
1627459	p	8581443
1644178	n	113.923,-8.5961,114.2674,-8.1439	[[[1139230,-83700,1,-13,7,-7,6,-31,28,-1,5,-15,-12,-24,7,-9,-23,-16,-12,-27,10,-3,6,-17,37,-14,14,-12,26,1,24,-24,6,-17,26,-8,57,-37,8,-28,22,-15,-99,-74,-11,-86,-16,-47,-26,-30,-16,-12,23,-90,75,-209,95,-201,115,-190,132,-178,150,-165,165,-149,179,-132,191,-114,201,-95,210,-75,216,-54,221,-32,222,-11,222,11,24,3,928,2763,-1172,1745,-2,0,-222,-11,-221,-32,-216,-54,-210,-75,-201,-95,-191,-114,-179,-132,-165,-149,-150,-165,-132,-178,-115,-190,-95,-201,-75,-209,-54,-215,-2,-15,0,-2,-1,-1,-30,-201,-11,-222]]]
1644349	p	1625822
1630798	r	111.2732,-8.3292,111.7857,-7.6991	[[[1112732,-79270,14,-45,-13,-59,186,-27,96,-3227,100,14,515,0,94,-30,117,-85,63,-22,95,8,176,52,76,3,170,-73,14,-87,-18,-120,70,-161,668,-163,1984,4331,34,10,52,-2,65,7,35,-3,21,26,27,8,39,28,22,2,67,-24,18,-64,9,-2,9,7,12,-6,-2,-13,-13,-13,11,-8,-13,-9,12,-10,-15,-8,15,-20,6,-14,-4,-9,7,-5,12,5,5,17,16,1,2,18,-11,7,2,14,24,4,4,7,-3,6,-24,6,-7,12,-12,-1,17,22,-4,8,-13,-4,1,30,25,-17,15,15,-6,14,17,2,-1,13,29,-1,7,13,21,3,26,23,17,-1,-1,38,-19,12,14,12,-11,8,1,8,21,-1,1,18,-8,4,3,16,12,12,-8,16,16,3,30,43,-2,4,13,2,6,20,6,1,-2,10,-12,-1,4,12,-8,11,-37,19,-17,40,2,7,15,41,10,14,25,15,12,20,12,43,18,30,16,19,29,12,4,33,-9,28,-54,63,-6,16,-21,17,-17,-11,-21,10,-7,-18,-15,-3,-19,-17,-17,9,-7,-4,0,2,-1,-1,-1,5,-12,26,1,8,-6,20,-41,35,-5,16,-15,15,-19,44,-5,28,-38,28,-27,-25,-18,-4,-149,26,-61,-45,-31,-57,-7,-5,-30,49,-246,61,-21,32,-26,64,-51,17,-28,15,-8,11,-59,27,-9,18,13,30,18,17,4,11,-7,24,-88,54,-77,21,-36,-4,-51,-57,-111,22,-22,-21,-16,-4,0,-12,-17,-4,-8,11,-15,-12,-53,-5,-13,-16,-26,4,-51,-35,-38,0,-5,8,-7,-7,-23,4,-8,-4,-3266,810,58,-1949,-6,-5,-12,-51,-9,-11,-3,-32,6,-17,-6,-9,-24,-21,-34,-45,-23,-50,-36,-29,-25,-32,-2,-28]]]
1964032	p	1626381
1623180	r	111.774,-7.1542,112.2223,-6.7794	[[[1117740,-68849,3768,-2693,8,12,1,35,10,15,11,2,13,24,13,2,12,31,12,2,13,21,0,3,13,37,5,71,10,4,2,16,-16,17,5,53,36,12,2,14,-9,5,1,12,-10,4,-1,21,-11,11,-65,-33,-22,7,-6,20,10,23,48,-3,31,26,13,28,6,55,19,17,41,3,50,-20,30,17,53,86,-4,9,-21,16,-65,17,15,44,27,43,30,16,27,-11,5,-17,-17,-50,9,-12,53,8,43,20,42,26,176,287,3,46,8,20,44,35,12,22,-47,16,-106,19,-23,18,-2,15,-12,10,8,36,56,35,16,27,33,103,-15,36,-12,11,4,14,-7,17,22,12,3,8,-12,18,-31,9,5,15,-6,13,3,44,9,41,-11,59,-8,5,-2,38,8,15,-29,26,-11,36,2,27,-17,63,-1,75,-21,69,10,88,3,137,-18,0,-14,10,-1,9,-9,1,-11,47,-41,6,-44,26,-8,-5,-5,6,-16,0,-8,-20,-7,2,-11,-13,-11,8,7,11,-2,10,-30,-11,-6,11,12,14,-15,23,-3,19,-285,-37,-437,-7,-229,48,-53,40,9,0,1,34,17,27,-37,17,-47,2,-7,-7,-9,1,-39,15,-9,11,14,50,-20,-42,-561,726,-337,338,-177,54,-220,-55,-322,-166,-220,-72,-161,9,-167,39,-422,44,-140,37,-46,-122,-54,-179,-43,-182,-30,-185,-19,-187,-1,-36]]]
1640765	p	1625822
1641184	p	1646170
1624668	p	1624494
1622846	p	1645528
1636806	r	118.7573,-3.574,119.1533,-2.6867	[[[1187573,-27758,28,-210,109,-425,7,-228,413,179,213,32,261,-74,120,-63,82,-63,49,-86,22,-129,-19,-274,-33,-139,-8,-8,-2,3,-17,2,-8,17,-12,-9,-1,14,-21,-14,-7,-84,-109,-113,-71,-298,-2,-54,-22,-41,-35,-24,-4,-26,-14,2,-4,-5,-1,-104,-6,-22,8,-21,-11,-21,2,-17,-5,-8,16,-25,38,-10,20,-15,2,-7,-13,-304,-27,-70,-26,-20,-11,-32,5,-9,-9,-4,-23,-52,17,-5,-1,-5,-6,-7,-16,5,-4,-21,-24,-33,0,-8,13,-13,-1,-2,-64,-31,-136,22,-233,97,-78,16,-65,-43,-171,-197,-36,-67,22,-117,92,-196,22,-98,42,-123,100,-72,115,-50,84,-60,52,-93,63,-215,111,-666,181,-357,-22,-168,-6,-15,2,10,-6,2,-1,-7,-29,-11,-39,-115,-2,-68,5,-11,-29,-142,24,-202,67,-223,99,-207,200,-300,1,-36,12,-37,-7,-58,-11,-28,3,-64,-11,-72,2,-20,12,-15,2,-14,51,-31,16,-19,1,-19,-8,-12,-14,4,9,-11,14,0,9,12,7,0,10,-5,0,-18,2,15,16,5,30,-11,15,-15,11,-32,-1,-20,-32,-62,9,-10,20,-60,15,-26,33,-35,12,-57,35,-46,12,-44,7,0,27,-31,21,-43,49,-140,100,-193,120,-79,107,50,100,185,7,-1,35,30,5,20,14,7,6,-8,19,7,19,-3,29,-27,34,-10,-11,8,31,-15,30,-43,1,-16,-7,-15,38,-26,0,-8,36,-4,80,-26,15,6,25,-3,4,5,-17,44,56,-14,-33,202,43,60,-17,9,-13,33,-14,15,-12,34,272,147,724,46,183,54,232,176,124,27,-1179,3938,13,11,10,-1,23,-26,113,-82,-2,-21,42,-12,20,-34,0,-15,15,-31,16,-17,3,-31,22,-26,31,-12,15,19,39,25,34,-12,-32,34,-7,16,-15,0,-14,-17,-11,4,-10,87,8,121,-32,34,0,82,-30,57,24,45,-60,134,28,77,163,80,25,32,37,103,-1,27,-20,63,-48,74,-58,129,-13,71,9,32,-9,22,-17,16,-34,13,-78,5,-74,18,-130,67,-36,29,-20,41,-59,6,-62,29,-63,17,-25,15,-10,10,-14,39,-9,50,-41,70,-42,46,2,29,-6,15,-37,28,-35,4,-12,-6,0,1,-721,2405,-16,-1,-554,-54,-549,-92,-262,-61,0,-273,-32,-105,-142,-201,-31,-104]]]
1643776	p	1625822
1627357	p	1621177
1214965	r	98.1669,2.8075,98.8091,3.3505	[[[981669,31000,7,-212,20,-212,27,-164,453,-231,1609,-821,2517,-1285,27,12,187,100,179,112,172,124,163,135,155,145,144,155,134,165,40,55,67,278,521,2142,-22,136,-48,207,-61,203,-75,199,-87,194,-100,187,-55,90,-1243,463,-1321,328,-1979,-40,-310,-6,-20,-17,-155,-145,-144,-155,-134,-165,-124,-172,-111,-181,-100,-187,-87,-194,-75,-199,-61,-203,-48,-207,-35,-210,-20,-212,-7,-212]]]
1626649	r	100.4248,-1.1457,101.0034,-0.5004	[[[1004248,-7104,2117,-4344,10,-1,225,-8,225,8,223,22,222,37,219,51,215,66,210,80,205,93,198,107,191,119,182,132,174,143,164,155,154,165,142,175,131,184,119,192,105,199,93,206,79,212,66,216,51,221,36,223,22,225,8,226,-8,226,-22,225,-36,223,-51,221,-66,216,-79,212,-93,206,-105,199,-119,192,-131,184,-142,175,-154,165,-164,155,-174,143,-182,132,-191,119,-4,3,-1278,-66,-1822,-1330,-518,-378,-447,-326]]]
1636816	r	108.0422,-7.0856,108.4077,-6.5407	[[[1080422,-66372,9,-5,0,-14,20,13,21,-4,7,7,18,-1,8,-6,5,-28,10,-2,8,-11,-1,-27,-10,-12,10,-11,11,2,10,-14,-5,-8,2,-12,-7,-4,1,-22,21,1,27,-26,14,28,14,-22,3,-17,15,-16,26,9,2,17,3,-10,8,-3,28,-1,-3,-9,-25,-1,-5,-7,5,-9,-2,-28,5,-8,12,0,-5,-17,5,-7,8,16,19,7,27,-12,26,-29,18,14,11,-3,2,-35,12,7,28,-3,9,-28,15,10,11,-7,13,6,-7,-24,40,12,4,-28,10,-10,-2,-13,15,2,2,-13,28,-43,23,-17,20,-29,6,-5,26,16,17,-11,11,1,-9,-27,18,3,8,-6,-15,-10,1,-11,30,-15,-2,-43,18,1,12,-34,8,3,14,-7,17,8,-10,-28,12,-14,-3,-9,15,21,18,-6,2,10,9,6,13,-9,-15,-15,9,-11,11,1,-2,8,15,7,5,16,24,-28,13,13,8,-6,21,4,-13,-14,5,-4,18,4,2,-23,10,6,-3,8,9,11,14,-15,14,8,2,-13,20,-19,24,-14,11,14,21,-16,-1,-19,16,-16,-15,-7,0,-12,17,0,-2,12,6,4,5,-9,19,-3,-10,-6,-4,-12,29,5,-4,-17,17,-15,-2,-14,6,0,9,19,4,-9,8,-2,-6,20,8,0,13,-27,13,7,-2,14,9,2,15,-34,15,-3,21,-44,-45,-48,-14,-64,-59,-39,-5,-35,11,-42,-34,-22,-2,-2,-3,-3,0,-4,-3,-3,2,-16,-2,-24,4,-8,49,-27,19,4,38,33,46,-29,2,-3,-12,-38,1,-5,-1,-3,8,-50,-7,-20,51,-71,9,-33,2,-32,-9,-1,-19,13,-21,-28,18,-56,-17,-35,-90,22,-10,-8,-11,-30,18,-40,17,-12,20,-32,25,-56,-25,-55,4,-73,54,-88,19,6,-7,34,28,-8,55,13,40,-24,8,-26,-20,-11,-4,-19,35,-28,10,-17,-4,-11,-9,-3,-1,-11,12,-9,3,-13,-28,-15,5,-28,45,-28,15,2,12,18,18,2,3,-56,-22,-5,-7,-8,30,-32,7,-29,22,0,14,22,11,-1,14,-51,28,-19,-1,-25,-19,-16,-10,-33,-13,-6,-13,-25,6,-47,31,-20,4,-18,20,10,24,-17,38,-6,1,-21,21,9,39,35,17,4,12,-12,-9,-55,-22,-44,2,-19,-8,-2,4,-36,-12,-9,-2,-10,3,-6,15,5,36,43,8,-4,-25,-57,-1,-16,10,-14,-24,-23,-4,-13,16,-21,1,-11,42,-9,-5,-56,3,-6,15,3,5,-4,11,-25,-29,-9,-4,-31,-21,4,-13,-22,-32,-1,-42,-28,-7,-12,9,-24,-39,-6,3,-19,-7,-15,-13,-3,-2,-15,-21,-13,-4,5,-17,-5,-10,5,-14,-3,-8,-11,-18,1,-24,-46,-40,-13,-11,3,-29,-23,0,-1,-1,-1,0,-3,-4,-26,-12,-31,-22,-13,-44,-49,-13,1,2,-17,-13,-48,14,-11,0,-9,-14,-11,8,-16,-13,-2,-7,-8,2,-11,-12,-18,5,-14,-6,-1,0,-9,8,-8,-3,-25,-10,-7,-9,-28,-11,-9,-1,-13,8,-11,-8,-23,-20,-28,-17,-7,-32,-38,-28,-60,-19,-11,1,-12,-12,-10,5,-13,-6,-35,-21,-22,-49,-26,-7,-42,-12,-26,-21,-19,-23,-19,-5,-6,-9,-9,-12,-18,10,-2,-54,-1,-1,-8,-24,-10,-32,35,-7,-13,23,-32,2,-15,-17,-19,56,-13,8,-27,21,-3,12,-14,-19,-37,23,-59,-13,-23,-23,-9,-5,-20,-23,-14,-23,-42,-26,22,-16,-7,-18,-40,-33,-39,72,-54,1303,-26,115,204,55,2,56,25,171,40,27,-14,27,-3,28,-22,95,57,13,1,31,-9,40,-24,29,4,130,-61,48,-44,23,28,5,45,42,87,20,16,31,0,13,8,21,-3,8,-8,33,-11,15,-14,15,-30,15,-3,2,-10,16,-3,19,5,3,-8,10,1,6,-15,47,-14,2,-12,7,4,3,-4,-4,-24,13,8,-3,-13,13,9,7,-5,-7,-13,23,-24,0,-17,16,0,18,-16,1,33,19,19,24,45,13,8,-7,22,25,38,-20,40,-19,16,10,13,-12,42,16,34,-6,5,-45,-7,-22,2,-1,4,1,2,-1,6,2,3,2,7,55,50,5,6,3,2,5,4,36,23,-12,10,7,33,-32,40,-7,14,2,24,-35,59,-25,26,-7,46,-2,72,14,62,17,157,16,40,6,55,-9,34,-20,23,-2,10,0,8,-1,16,3,7,4,59,33,79,61,37,45,47,15,3,14,100,-9,22,8,34,0,61,14,30,4,78,22,50,13,58,0,154,-9,37,-2,56,-9,20,-4,-25,-12,-4,-16,17,-19,10,-7,59,-24,33,3,21,23,33,4,50,-15,38,-7,36,8,10,-15,54,15,50,-4,18,16,22,-12,76,-7,28,-12,14,16,30,-4,29,14,4,-16,30,5,9,-6,17,13,2,-4,5,6,8,-1,20,-30,62,-36,7,-1,3,-4,1,0,7,14,5,8,22,52,52,10,16,0,12,-18,41,-34,13,-66,48,-16,18,-8,20,-21,-15,-18,5,-38,27,-18,0,-25,13,0,8,-11,5,-9,0,-4,-7,-36,12,-3,-7,-13,11,-20,-9,-62,88,-2,48,13,35,87,57,18,47,-14,17,1,44,-6,23,-17,15,-11,0,-15,-20,-13,10,10,12,-8,2,-10,18,-13,49,-17,-1,-8,14,17,30,36,8,18,31,-3,29,30,0,8,15,-17,29,7,9,-23,54,-14,-2,-1,23,-15,9,0,9,-15,3,-6,30,-16,18,-2,11,-2,18,-190,71,5,13,-5,46,7,25,-3,57,35,51,9,46,0,33,30,82,-23,16,-6,19,18,90,-14,28,-21,8,-83,0,-121,23,-4,5,-1,1,-5,7,-16,61,-42,52,-13,-10,-27,-119,-3,-5,-6,-9,-6,-9,-4,-3,-5,-3,-5,-3,-33,0,2,7,-11,-1,-3,15,10,10,-5,6,5,7,-8,0,-5,10,-17,-19,-1,-1,-16,42,-13,-9,-8,10,3,12,-10,-3,-2,13,-14,0,-17,10,-12,38,-45,7,-6,-2,-19,-6,-9,-20,2,-23,11,-14,10,-3,18,3,24,3,23,-3,3,-26,-15,-33,-3,-3,-15,-15,-13,-1,-51,21,-10,0,-28,2,-56,40,-15,27,-3,9,-2,9,-6,24,4,55,17,58,7,3,-8,8,6,14,-7,11,18,32,-21,6,-2,8,-6,-3,-5,7,-23,0,-69,23,-118,2,-19,16,-398,124,-17,-12,-11,10,-15,-16,3,-12,-30,-33,-7,-23,-25,-33,-8,-36,-14,-27,-2,-21,-18,-11,-51,-66,-6,-17,-1,-20,7,-2,-10,-32,-20,-15,-29,-8,-11,9,-35,4,-27,22,-18,1,-22,13,-76,-35,-13,-43,-36,3,-27,10,-97,62,-6,12,6,8,-3,9,-17,9,-7,18,3,18,-5,1,11,22,-12,18,9,18,-11,9,4,19,-15,23,16,23,-3,18,5,15,8,2,-4,20,12,9,0,9,-19,-3,-2,13,-23,4,11,11,-4,10,-19,0,14,18,-4,8,-14,6,8,23,-4,37,-139,-5,-6,6,-3,14,7,27,9,16,29,19,4,26,-41,58,-3,47,-28,-1,-11,14,-15,-3,-4,7,13,15,-5,6,-12,-18,-10,15,-11,-4,6,-10,-20,-5,2,-12,14,-1,3,-6,-9,-8,-12,8,1,-13,-9,4,0,-12,11,-8,1,-11,-9,-5,2,-14,-21,4,0,-9,10,-9,-5,-12,-17,3,-10,-10,-2,18,-6,2,-35,-26,-26,-9,13,-14,-15,-8,13,-10,-27,-34,-19,6,-5,-9,-23,-12,-6,2,-2,12,-14,-12,-7,-14,-4,7,10,18,-14,-3,-9,-12,-16,10,-1,-14,-13,-4,-7,-15,0,-20,-18,3,-14,-9,-1,-19,-24,-12,-3,-11,-15,-5,-6,12,-10,-21,-17,9,-30,-14,7,-14,-8,-7,-31,20,-14,-3,2,-8,14,-7,-17,-10,6,-11,-6,-8,22,-5,-15,-6,-2,-9,28,-9,-21,-11,2,-20,-8,-9,7,-15,-2,-10,-14,13,-20,-5,6,-10,20,-3,-7,-11,5,-15,-12,-26,21,-18,-14,-26,-30,-1,1,-7,18,0,-1,-10,-20,3,-5,-8,7,-8,20,5,7,-5,-4,-7,-23,-5,6,-18,-11,-10,-5,-23,4,-9,19,0,4,-16,-9,-7,2,-24,-31,12,3,-19,-12,-17,-20,18,-6,-26,-15,8,-24,-14,-7,-21,-11,0,-13,12,-4,-14,18,-9,-4,-14,-19,1,-13,13,-13,-15,-19,-11,-28,3,-1,-4,16,-11,0,-23,-11,-12,-17,4,-19,-11,0,-1,15,-1,4,-6,5,-28,-6,-8,-19,25,-17,0,18,-27,1,-2,-38,-33]]]
1642726	n	108.084,-6.6135,108.5048,-6.3848	[[[1080840,-64700,11,-222,32,-219,54,-215,75,-209,24,-52,12,-4,27,34,-13,10,15,8,-13,14,1,1,25,8,35,26,6,-2,2,-18,10,10,17,-1,3,6,1,4,-9,9,0,9,16,-3,4,0,-1,13,9,5,-1,7,0,2,-11,10,-1,11,1,0,0,1,5,-2,3,-1,0,12,2,-1,0,2,4,-5,5,-3,4,2,3,3,2,2,0,2,-2,3,-14,2,-3,9,1,1,0,2,20,5,-6,10,3,2,8,2,1,-1,2,0,4,-9,3,-5,8,17,3,0,1,1,1,-1,1,0,1,-2,2,-3,-1,-2,-12,-13,4,-7,15,3,11,-14,28,1,3,-47,41,-58,-4,-26,-29,-19,-9,-16,-6,-28,2,-11,1,-3,5,-4,139,4,4,-37,-8,-23,14,-6,4,-8,-14,-18,19,0,4,-10,-11,-11,23,-4,2,-13,19,3,0,-9,-12,-9,4,-20,-8,-2,-5,-15,3,-18,-16,-23,15,-23,-4,-19,11,-9,-9,-18,12,-18,-11,-22,5,-1,-3,-18,7,-18,17,-9,3,-9,-6,-8,6,-12,97,-62,27,-10,36,-3,13,43,76,35,22,-13,18,-1,27,-22,35,-4,11,-9,29,8,20,15,10,32,-7,2,1,20,6,17,51,66,18,11,2,21,14,27,8,36,25,33,7,23,30,33,-3,12,15,16,11,-10,17,12,398,-124,19,-16,118,-2,69,-23,21,1,1,-1,1,0,5,-7,4,4,1,-1,1,0,2,-8,21,-6,-18,-32,7,-11,-6,-14,8,-8,-7,-3,-17,-65,-1,-7,0,-4,1186,693,26,22,8,-2,1099,641,-35,10,-29,26,-44,18,-22,0,-98,62,-104,84,-162,84,-228,279,-1,-1,-12,5,-48,59,-3258,231,-70,-196,-54,-215,-32,-219,-11,-222]]]
1626498	p	1625812
1633308	r	102.7784,-4.5037,103.5903,-3.6121	[[[1027784,-40300,10,-310,30,-308,50,-306,70,-302,90,-297,109,-290,127,-282,145,-273,163,-264,180,-252,196,-239,211,-226,225,-212,239,-197,251,-180,262,-164,272,-146,281,-128,289,-109,295,-90,301,-71,304,-50,308,-31,308,-10,308,10,308,31,304,50,301,71,295,90,289,109,281,128,272,146,262,164,251,180,239,197,225,212,68,73,-428,2647,-4009,4808,-2845,-1488,-43,-59,-163,-264,-145,-273,-127,-282,-109,-290,-90,-297,-70,-302,-50,-306,-30,-308,-10,-310]]]
1630238	n	122.4946,-5.0576,122.9454,-4.6146	[[[1224946,-48400,11,-222,32,-219,54,-215,75,-209,94,-201,114,-190,132,-178,148,-165,164,-149,178,-132,190,-114,200,-95,208,-75,50,-12,18,22,635,657,100,150,41,129,45,90,104,-11,115,-40,77,-3,55,87,20,104,-6,225,-14,116,-45,172,-10,82,-28,53,-146,186,-29,114,-1,711,-172,1295,-83,156,-161,126,-50,9,-82,-4,-219,-32,-86,-22,-104,-39,-558,-321,-576,-431,-110,-149,-114,-190,-94,-201,-75,-209,-54,-215,-32,-219,-11,-222]],[[1227527,-50339,139,27,132,62,114,37,93,-52,40,-171,-28,-69,45,16,200,95,190,114,178,132,164,149,148,165,132,178,114,190,94,201,75,209,54,215,32,219,11,222,-11,222,-32,219,-54,215,-75,209,-94,201,-114,190,-132,178,-148,165,-164,149,-148,110,68,-1636,-44,-133,-104,-35,-113,-13,-79,-62,-5,-101,45,-107,57,-103,39,-99,13,-213,-24,-247,-61,-232,-95,-164,-560,-467,-92,-185]]]
1635342	p	1636884
1648266	r	113.5636,-8.1339,114.2488,-7.7565	[[[1135636,-79500,633,-290,0,18,8,13,60,6,50,-3,33,12,16,13,32,-4,17,-4,8,1,12,-1,21,6,21,24,21,10,45,3,16,11,22,-9,60,10,0,-4,-19,-64,16,-36,3,-49,9,-30,50,-63,18,-35,23,-12,13,-39,40,-53,10,-30,-2,-16,36,-3,48,14,20,-9,62,-5,64,6,20,-10,26,-38,44,-39,10,-18,17,-12,10,7,33,-14,8,-24,15,-12,-5,-10,13,-15,15,-3,25,-36,10,-23,-1,-16,13,-21,35,-25,3,-26,8,-2,-5,-19,13,-2,25,-23,10,-1,17,-19,-10,-34,5,-30,13,-26,-4,-9,10,-4,-3,-29,23,-11,8,4,1,22,16,29,-17,64,2,17,10,7,23,-6,21,-42,22,-17,28,45,21,64,48,27,27,55,17,1,13,-8,38,-38,22,-8,19,-26,5,-45,49,-7,9,11,49,27,9,15,10,1,37,-42,2,-16,-10,-33,16,-3,10,6,22,-25,15,12,7,-6,13,6,4,16,13,8,-5,5,6,34,14,9,10,-5,-2,13,29,24,11,-9,1,9,10,-6,20,12,47,-7,17,8,6,-5,4,6,57,-26,25,15,13,-5,16,9,21,-10,21,6,6,-7,40,-2,37,18,37,-4,32,7,0,59,-12,45,5,13,-14,23,-52,7,-20,65,20,-5,22,-22,17,-4,31,50,6,-1,56,-77,58,-52,8,-3,5,-4,3,1,4,-1,2,4,5,2,10,31,92,-13,5,10,40,88,1,15,-5,12,-36,27,-3,47,2,5,8,11,12,-9,46,3,21,-12,4,-9,18,0,14,-14,12,5,8,-10,10,6,9,-23,23,2,17,-11,17,1,11,7,10,-6,0,-13,32,-4,0,-9,14,-11,18,3,19,-8,12,-16,43,-6,11,3,9,-14,23,-12,6,-10,10,0,17,-26,16,-10,8,4,11,-5,2,-22,8,3,9,-15,29,-17,15,0,22,-19,5,2,10,-33,93,-25,26,-20,7,-9,-3,-7,25,-33,16,-2,3,-8,33,-23,39,-10,47,1,1,1,1,0,14,8,5,1,12,-2,12,-8,68,-60,86,-49,1,-1,20,-1,5,5,14,-10,10,3,12,-15,27,-8,48,4,40,-20,44,-36,19,-51,13,-12,17,-36,50,-26,30,-54,61,-24,-1,-69,15,-131,44,-51,38,3,8,-6,-9,-18,-20,6,-2,-14,13,-17,-22,-41,28,3,20,-21,39,-9,0,-22,12,8,54,-1,14,5,45,40,46,62,42,5,38,-20,72,-11,20,-19,10,1,28,12,11,30,14,17,40,17,3,11,35,19,57,16,32,-5,87,21,11,1,31,-20,31,5,68,35,33,3,22,9,31,27,32,41,33,-4,27,6,16,12,37,5,50,-24,0,-12,18,-8,46,-5,35,4,27,-15,62,-11,24,8,4,-21,24,-25,-13,-20,5,-23,14,-18,4,-23,79,-6,12,19,21,62,44,63,31,29,121,20,68,21,15,27,8,31,10,10,-8,26,13,34,-3,37,16,18,-4,9,11,10,-2,56,22,11,14,-13,24,18,54,17,12,25,32,18,30,29,31,51,34,17,17,17,-2,52,23,39,-3,15,-18,21,-20,6,-19,23,-39,20,-31,59,5,62,15,42,-2,11,9,13,0,14,15,10,7,26,-19,-5,-11,16,6,62,-19,15,-11,37,-31,44,-78,67,-1,31,-29,16,-24,32,-73,41,-53,7,-28,17,-45,-4,-45,31,-35,13,-28,4,-27,-4,-111,20,-12,-5,-71,-5,-30,-26,-82,-26,-18,-11,-32,-5,-30,-20,-17,-2,-23,-16,-18,-4,-27,-17,-17,-23,-18,-4,-30,-25,-4,-11,-40,-36,3,62,-20,33,4,54,16,21,-12,21,-27,20,7,23,-10,18,-3,43,-19,31,-7,2,0,14,-18,14,-19,33,-2,33,-10,11,7,6,-4,13,-27,57,9,5,-10,26,9,5,-1,7,14,18,-19,34,5,18,-5,64,-20,33,6,32,-8,24,0,36,-10,17,6,6,-36,36,-7,17,-41,51,-5,67,-13,22,-21,13,-2,17,-18,23,-7,23,-22,10,3,9,-10,26,4,17,-11,11,2,15,12,14,-7,14,1,21,-10,20,12,24,-12,10,-4,13,9,29,9,3,2,9,-5,11,5,22,-11,32,9,34,-5,31,16,9,-7,25,12,1,-3,7,6,4,-16,52,-23,47,5,4,-8,21,-12,19,3,11,-13,9,-2,17,10,15,-2,21,-12,9,4,18,-11,12,3,16,7,4,5,71,-9,6,-1,27,-15,34,-43,33,-20,5,-12,61,-16,7,-21,50,-8,5,6,25,14,29,10,6,14,36,1,29,-21,10,-26,0,-1,17,-14,9,-4,22,-6,1,1,17,-8,14,-27,13,-3,16,-10,9,-39,14,-17,-30,-44,7,-39,-3,-29,-16,-3,18,-8,4,-54,1,-37,-11,-51,-4,-18,14,-23,6,-10,-7,-2,-16,-105,0,-48,-8,-29,-16,-25,7,-22,22,-7,29,-6,-2,-11,-64,-36,-68,-11,-5,-2,-14,-30,-30,-54,-30,-12,-22,-30,-9,2,9,-19,-2,-17,15,-161,43,-18,20,-29,-8,-8,10,-1,11,-21,4,-4,-5,-39,35,-5,-3,-45,31,-47,-62,-30,-15,-22,-26,-31,-11,-21,2,7,-36,14,-26,-12,-10,12,-25,-18,-40,8,-16,-40,-17,-10,12,-20,-5,-11,21,-37,4,-27,12,-41,2,-13,-37,-95,-18,-19,-13,1,-14,-8,-18,12,-13,-7,-15,-10,-5,-3,-15,-13,12,-34,7,3,16,-19,1,-10,17,-42,-2,-29,17,-31,-11,-25,12,-11,-4,-15,8,-2,21,-6,-1,-24,30,-19,2,-6,-7,0,-33,-12,-1,-10,-18,-12,-5,-36,9,-42,33,-113,-11,-37,-12,-21,-41,-43,-37,-20,-46,-42,-43,-10,-4,-65,-5,-30,8,-19,14,-31,0,-24,-5,-29,-18,-70,2,-50,-35,-28,5,-14,83,-11,13,-30,12,-24,25,-57,-1,-20,30,-26,9,-17,-13,-24,17,-36,14,-41,5,-30,18,-5,-25,-16,-10,-17,10,-25,-2,-38,19,-41,0,-8,-7,-11,7,-48,-6,-20,12,8,20,-3,10,-13,7,-6,17,-46,6,-9,-19,6,-19,-4,-17,12,-51,-5,-48,-20,-17,-8,-22,-31,-12,2,-59,-23,-44,23,-118,-15,-20,4,-29,-18,-21,-5,-27,3,-10,-1,-16,-5,-17,-10,-27,-29,-59,15,-34,-6,-30,-28,-53,-4,-38,-29,-25,6,-42,10,-25,-15,-13,-24,-1,-8,-9,-20,1,-22,-21,-65,-21,-7,-42,-32,-29,-33,-69,-41,-16,-14,5,-10,-13,-43,-13,-17,-39,-26,-33,-54,-23,-18,-18,-3,-15,-34,-15,-6,-15,-24,-14,-40,1,-40,-14,-20,-48,8,-22,0,-30,-13,-69,-23,-1,-26,-19,-40,-12,-31,-38,-29,-11,-13,-11,-38,-5,-33,-14,-9,-14,-31,-20,-13,-25,-23,-8,-26,-34,-31,-18,-24,16,-48,12,-11,9,3,10,54,17,13,15,-2,12,-18,2,-58,-9,-30,19,-7,16,1,12,32,43,8,23,36,29,-1,19,-16,24,5,32,24,41,34,8,15,12,8,19,7,64,-28,67,-599,-397]]]
1634131	r	111.6989,-7.8365,112.1697,-7.3767	[[[1116989,-74108,210,-3963,30,-49,7,5,31,57,61,45,149,-26,18,4,27,25,38,-28,5,-28,19,-44,15,-15,5,-16,41,-35,6,-20,-1,-8,12,-26,1,-5,1,1,0,-2,7,4,17,-9,19,17,15,3,7,18,21,-10,17,11,21,-17,6,-16,54,-63,12,-37,64,-15,23,-15,53,3,18,21,27,55,31,25,30,6,27,28,7,34,-10,35,10,28,56,2,55,17,86,90,42,29,11,29,37,33,34,17,61,48,18,2,53,71,29,27,38,17,39,35,51,33,11,18,37,12,18,14,18,22,13,37,978,554,-2,-34,13,-34,-8,-3,-6,-20,31,-52,29,-74,24,-20,25,-12,2,-12,43,-9,8,-46,-5,-13,8,-11,-7,-11,7,-6,6,-37,-11,-12,30,-16,1,-27,12,-24,-6,-10,6,-25,35,-44,37,-25,72,-27,33,-5,13,7,5,4,-8,23,3,98,-9,75,66,168,9,4,38,-11,70,22,59,-4,43,-17,40,23,56,4,40,31,14,55,17,33,66,63,13,9,-602,199,-422,2796,-43,283,-2320,-100,-361,-241]],[[1121406,-74602,121,-521,-5,130,11,13,51,26,77,18,36,29,-8,17,-11,7,-11,-13,-24,-2,17,44,-21,10,11,16,-7,15,0,28,-21,12,-3,-8,5,-16,-21,1,-10,8,12,2,2,16,-19,-2,-12,9,16,-2,-7,15,13,9,-27,22,10,9,5,-1,6,3,-12,4,4,11,-5,8,-19,8,9,20,-21,9,-2,15,-16,-5,6,-9,-14,-13,-13,39,-5,1,-69,5,-8,14,-14,-12,-7,11]]]
1624827	n	117.1351,2.6139,117.5849,3.0661	[[[1171351,28400,11,-222,33,-219,53,-215,75,-209,94,-201,113,-190,132,-178,148,-165,164,-149,177,-132,189,-114,200,-95,207,-75,214,-54,219,-32,220,-11,220,11,219,32,214,54,207,75,200,95,189,114,177,132,164,149,148,165,132,178,113,190,94,201,75,209,53,215,33,219,11,222,-11,222,-33,219,-53,215,-59,166,-19,4,-236,-5,0,68,217,24,-72,153,-113,190,-132,178,-148,165,-164,149,-177,132,-189,114,-200,95,-207,75,-214,54,-219,32,-220,11,-220,-11,-219,-32,-214,-54,-207,-75,-200,-95,-189,-114,-177,-132,-164,-149,-148,-165,-132,-178,-113,-190,-94,-201,-75,-209,-53,-215,-33,-219,-11,-222]]]
1635660	p	1621177
1633811	r	115.5501,3.4068,117.9348,4.4078	[[[1155501,39301,23,-73,10,-6,128,-28,-15,-8,-63,6,120,-134,44,-29,37,-42,7,-8,26,-100,18,-32,17,13,34,0,12,18,20,7,16,21,20,-1,3,-2,5,0,8,-9,3,-28,-2,-49,9,-13,20,-9,25,-34,38,-5,32,19,74,-16,1,-3,4,-2,3,-17,18,-48,-8,-60,1,-50,-20,-34,-1,-48,-7,-18,28,-62,-1,-7,2,-6,-8,-34,-18,-25,-9,-52,-15,-51,-16,-24,-2,-25,-35,-29,-6,-13,4,-35,-22,-44,-23,-92,-73,-72,-13,-48,-17,-32,-24,-18,-12,-59,26,-12,10,-40,-9,-22,-32,-32,-16,-33,-2,-12,16,-40,-43,-19,-14,-26,-26,-21,-17,-25,2,-38,20,-68,7,-80,-40,-41,-20,-45,8,-23,33,-25,3,-34,24,-48,19,-10,3,-7,-15,-18,6,-67,-6,-21,-34,-29,-44,-53,-15,-34,-5,-28,6,-61,43,-81,-7,-11,-33,-14,1,-49,-12,-47,-2,-58,26,-46,27,-15,22,-31,22,-55,-12,-28,-43,-32,21,-55,-33,-49,-4,-62,5,-15,20,-10,10,-13,13,-99,94,-101,-4,-52,6,-30,36,-21,100,5,18,-9,-2,-74,31,-66,17,-70,25,-41,16,-67,-10,-34,10,-39,-3,-34,-40,-99,13,-53,-9,-31,2,-27,40,-80,24,-14,9,-16,19,-15,0,-40,-20,-21,1,-9,32,-87,21,-30,8,-49,32,-8,17,-16,5,-27,-6,-58,12,-18,45,-28,-3,-62,26,-14,9,-17,39,-7,24,-15,24,-37,43,-35,10,-32,55,4,47,-29,48,-3,34,-21,46,-47,3,-12,56,-40,8,-12,1,-20,21,-13,7,-35,21,-28,-5,-32,12,-14,22,-7,11,9,36,-8,17,-15,22,5,9,43,-8,20,24,19,11,44,22,17,-1,18,15,14,5,22,31,11,12,20,7,15,5,51,16,28,21,2,24,25,48,36,71,2,9,17,31,-5,47,17,98,2,24,-4,18,-15,9,-23,38,-5,40,19,11,37,20,24,8,52,60,84,19,-3,38,-20,22,9,22,-21,51,-14,98,59,20,-28,37,-13,12,28,25,7,19,14,-11,13,-8,28,3,41,-11,26,-3,104,15,36,27,12,20,-3,18,13,11,36,21,3,9,-17,23,-13,13,3,34,-11,53,-50,44,-10,24,24,53,13,20,-14,55,11,25,-30,2,-69,7,-10,33,-17,11,-23,-12,-25,4,-25,13,-25,10,-6,45,-1,45,-50,5,-16,18,-2,24,-13,70,-22,56,55,19,53,14,12,35,56,13,33,47,71,24,136,9,9,49,5,71,-15,44,0,31,-15,12,5,66,125,3,40,18,40,25,1,41,34,35,42,75,-41,41,-14,29,-29,48,-7,40,8,82,147,-6,30,7,15,1,93,11,37,2,62,-5,27,10,31,-33,30,-30,17,-34,5,-44,31,-4,22,9,34,-32,50,-19,83,-17,35,-6,30,14,124,-9,28,2,30,12,21,-19,45,-26,41,-40,26,-17,21,-81,52,-46,61,9,78,-15,44,-51,109,-12,21,-15,10,-21,81,-33,23,-35,41,-12,5,-4,19,-17,111,32,35,16,36,11,62,28,34,6,35,12,18,7,75,27,62,-16,33,19,27,17,74,-4,62,48,70,69,6,52,24,2,78,13,26,31,22,4,11,-4,15,-14,16,1,59,-23,98,-33,-4,-73,6,-48,48,-29,17,-30,43,-8,57,5,58,-9,57,5,18,22,15,17,62,-7,34,-84,29,-24,5,-19,-3,-38,14,-10,34,12,47,7367,-528,0,-8,16,-38,-3,-43,25,-26,15,-31,35,-17,19,-3,29,6,57,-37,11,-20,6,-51,13,-15,11,-29,27,-27,4,-35,29,-60,18,-14,45,-7,8,-7,-21,-29,-65,-50,-5,-26,50,-30,57,-108,52,-53,32,-60,40,-113,31,-19,145,-23,48,16,51,-29,13,-46,60,-40,8,-49,113,-16,284,131,220,-64,198,-25,144,25,97,60,194,101,148,51,202,178,212,42,101,81,216,110,41,-27,36,-35,170,-112,245,19,498,0,171,17,255,85,73,19,449,67,75,1,163,-13,29,7,20,-2,49,-24,34,0,34,-11,43,2,89,34,28,25,402,-28,2,-44,105,-157,33,-22,42,3,28,22,43,8,202,-91,38,-31,65,-33,102,11,97,20,108,-32,109,-53,90,-6,99,19,92,5,52,-8,98,-34,75,-7,61,11,47,-13,30,-18,12,-16,14,-46,33,-40,194,-35,86,-25,42,-39,42,11,24,18,28,71,76,45,215,66,85,59,84,72,-6,34,-34,8,-33,20,0,24,9,44,39,-3,-48,295,16,23,129,87,28,-8,6,-80,34,-8,15,-186,32,-109,17,-30,3170,-228,20,115,-114,84,-60,12,-18,-50,51,143,-8,139,23,154,-12,65,-22,32,8,30,17,17,25,6,59,-14,42,7,39,15,20,28,9,44,-5,26,-17,28,132,9,67,133,-87,151,-151,138,-217,148,-198,106,-208,73,-38,5,-78,-11,-73,-21,-4,4,-50,3,-32,13,-46,-3,-74,19,-42,-6,-33,-16,-50,-48,-20,-34,-231,143,-80,35,-21,-4,28,114,34,84,-2,28,-7,20,36,25,8,125,-108,109,-170,78,-336,69,-141,100,-935,922,-99,46,-87,-33,-19,25,-4,51,-21,55,-28,31,-49,34,-219,126,-157,46,-13,7,-47,11,-147,44,-52,7,-79,0,8,165,9,35,115,195,224,-106,251,-106,53,-19,17,-1,59,26,14,-6,22,-32,35,-22,160,-74,24,-7,25,6,20,14,26,34,76,156,55,92,46,65,63,70,36,23,159,54,204,117,27,32,19,44,23,1,-7,7,-33,37,-52,40,-74,25,-67,4,-61,-9,-33,-11,-114,-88,-89,34,-16,-1,-10,4,-4,-5,-246,-17,-162,7,-10,2,-8,5,-8,-3,-49,8,-1,8,-14,11,-26,-13,-226,35,-17,5,-12,6,-12,1,-27,7,3,9,-9,26,-13,16,-22,6,-1,18,-32,22,-15,24,-18,1,-3,-12,-10,-1,-38,29,-12,49,12,28,-16,38,-15,12,-1,16,-9,8,-63,20,-49,57,-5,11,1,24,-19,24,9,19,26,0,11,15,5,14,-8,38,-21,20,-22,11,-46,9,-60,36,-25,-1,-15,19,-3,21,28,53,-55,60,-83,32,-13,16,-11,3,-91,-1,-48,36,-18,33,-44,38,-24,29,-21,70,15,34,-10,25,-9,6,-69,5,-29,17,-100,19,-33,-3,-58,14,-58,40,-57,14,-32,36,-21,-7,-20,37,-19,6,-16,-6,-9,-17,-21,-12,-46,-6,-24,37,-9,58,-48,23,-19,0,-31,-13,-24,2,-32,36,-42,22,-10,41,-31,50,3,52,-11,40,-100,86,-25,49,-19,19,-7,26,-27,21,-21,32,-52,30,-35,9,-63,44,-11,62,-22,19,-35,1,-24,-20,-44,-19,-40,-5,-38,7,-33,-18,-9,-31,-20,-23,-64,-40,0,-29,-8,-11,-25,-8,-92,17,-47,-12,-76,-19,-160,-146,-23,-12,-39,5,-34,18,-15,29,-3,11,19,35,-7,3,-20,-12,-17,-1,-10,24,-23,13,-7,33,-52,10,-15,-3,-32,-21,-40,1,-13,-6,14,-37,-9,-23,-11,-12,-23,-1,-43,17,-28,-3,-40,-26,-81,-18,-21,-35,-23,-21,-38,-3,-49,-16,-73,19,-49,6,-35,-14,-62,1,-43,12,-86,10,-69,22,-27,29,-12,5,-58,-3,-105,47,-23,1,-122,-52,-33,-55,-10,-57,-194,-3,7,49,-6,88,-20,24,-41,0,-73,-28,-46,-8,-51,0,-95,23,-33,-39,-52,-30,-25,22,-35,66,-57,34,-9,30,7,20,-111,40,-30,-31,-43,44,-45,-7,-32,23,-24,-7,-60,52,-33,-12,-76,33,-38,-1,-50,-16,-44,-53,-26,-49,-87,-80,-85,-17,-16,-41,-237,-45,-14,8,-25,-5,1,-10,-204,-38,-41,27,-47,100,-24,30,-31,15,-49,5,-88,-116,-75,-22,-40,45,-33,92,-3,57,-47,63,-64,40,-17,72,-70,43,-56,45,-46,54,-31,-19,-12,-31,-15,-18,-54,-15,-5,-79,5,-53,-30,-54,-18,-17,-3,-4,-64,45,-177,23,-317,-269,-22,-7,-108,123,-37,-27,-51,-20,-39,-36,-30,-11,-4,-15,15,-36,-6,-11,-45,17,-32,22,-29,-40,-25,-2,-45,12,-187,73,-12,-7,-3,24,41,74,6,31,-14,38,-26,19,-10,22,2,68,-5,29,-14,28,-41,21,-29,-3,-44,-19,-18,-30,-35,-12,-89,19,-17,21,-8,51,-23,21,-5,31,-44,67,-15,39,-29,32,-36,72,-11,1,-32,-11,-18,-81,8,-64,-18,-26,-69,-43,-63,6,-17,-51,-27,-11,-107,157,-111,14,-68,-126,-211,-210,-78,-144,5,-102,19,-28,-32,11,-7,-32,-25,-15,10,-38,4,-65,-31,-37,-29,-7,8,-25,-103,-27,-113,45,-107,5,-125,-129,1,15,-7,21,-2,86,8,59,-12,32,-53,33,-12,35,-28,7,-71,-2,-30,45,-42,31,-89,120,-5,67,-49,42,-27,6,-40,-18,-33,-7,-19,-23,-30,19,-22,49,0,70,-29,45,-38,12,-40,21,-17,-13,-45,16,-12,32,-66,48,-45,22,-43,0,-67,-24,-20,-24,-52,5,-47,-10,-45,0,-46,-25,-4,-36,-6,-14,-48,48,-256,-50,-264,-135,-64,82,-9,67,-16,-17,-24,-2,-72,25,-169,32,-55,-20,-49,-5,-53,-29,-24,1,-11,6,-9,23,-11,7,-33,-4,-37,11,-78,6,-50,-9,-29,6,-20,17,-25,68,-15,12,-23,5,-15,-43,-20,-28,-31,-112,-5,-45,-172,9,-103,18,-107,59,-83,-217,-76,-121,-105,-86,-182,-110,-348,-346,-74,40,-35,87,22,163,-31,52,16,25,-6,17,-78,37,-56,14,-47,6,-60,-8,-25,8,-27,34,0,12,18,28,-4,39,-11,16,-133,17,-15,21,-28,15,-16,-3,-25,-16,-22,10,-33,5,-10,4,-5,23,-12,21,-18,7,-130,-46,-11,4,-20,43,-14,11,-14,2,-58,-12,-25,-27,-57,12,-27,-25,-22,-10,-26,7,-21,-4,-25,4,-21,28,-29,16,-21,26,-23,59,-21,5,-39,41,7,63,-24,38,-39,91,-13,13,-46,4,-16,23,-78,-32,-26,13,-35,-19,-58,7,-38,-8,-21,-43,-37,-46,-2,-11,0,-61,-28,-35,16,-10,5,-25,-10,-24,-8,12,-45,159,-88,82,-120,-16,-131,-131,-98,-318,7,-331,-44,-299,-381,-324,-7,-21,-24,0,-67,41,-35,-3,-13,-13,4,-34,-13,-66,-22,-38,-27,-29,-10,-58,-20,-41,-88,49,-69,86,-77,32,-428,-394,-70,-93,-68,-65,-201,-56,-90,-95,-78,-231,-58,-174,-112,-884,-126,-433,-192,-389,-93,-111,-309,-168],[1177273,37562,207,-81,160,-60,-298,100,-69,41]],[[1175352,41124,22,-92,84,-15,89,-40,30,19,53,48,113,129,66,90,78,152,-68,32,-79,-1,-174,-44,-75,-34,-29,-35,-77,-126,-30,-61,-3,-22]],[[1175889,40824,17,-94,54,-211,-6,-26,3,-29,47,-168,11,-163,7,-20,107,-95,45,-55,66,-58,72,-41,72,-53,82,-25,64,-29,106,-76,31,-12,48,-5,36,8,93,58,125,50,282,74,9,15,-13,92,40,138,25,51,99,106,121,262,-32,285,-88,80,-425,230,-8,10,0,9,-14,7,-27,32,-29,44,-93,98,-80,93,-25,18,-10,10,-26,18,-9,2,-55,38,-26,-15,-16,3,-45,-10,-20,-13,-53,-18,-102,-50,-58,-36,-14,-16,-12,-29,-15,-9,-32,-41,-44,-41,-96,-152,-84,-116,-81,-82,-24,-43]],[[1176826,41666,35,-22,19,-34,134,-83,66,-57,103,-110,32,-56,38,-45,55,-52,74,-43,96,-88,34,-6,1,-9,40,-14,94,-83,14,-23,70,-41,49,-38,73,-28,143,-91,35,1,95,-56,96,-99,58,-32,106,-155,87,-22,17,-16,122,-71,17,13,35,11,32,6,30,-7,145,3,143,48,334,232,-158,382,11,51,9,-2,-9,14,15,42,9,59,18,44,12,82,-6,14,2,17,-10,10,2,14,-25,58,-52,61,-28,48,-48,39,-11,15,-9,20,-7,0,-12,16,-29,69,-23,7,10,7,-2183,0]]]
1626312	p	1630328
2005057	p	1621177
1622167	r	138.6678,-4.3834,139.2322,-3.8166	[[[1386678,-41000,6,-185,18,-185,30,-183,42,-180,54,-178,65,-174,76,-168,87,-164,97,-157,108,-151,117,-144,126,-135,135,-127,143,-117,150,-108,157,-98,163,-88,168,-76,173,-66,177,-53,179,-43,183,-30,183,-18,185,-6,185,6,183,18,183,30,179,43,177,53,173,66,168,76,163,88,157,98,150,108,143,117,135,127,126,135,117,144,108,151,97,157,87,164,76,168,65,174,54,178,42,180,30,183,18,185,6,185,-6,185,-18,185,-30,183,-42,180,-54,178,-65,174,-76,168,-87,164,-97,157,-108,151,-117,144,-126,135,-135,127,-143,117,-150,108,-157,98,-163,88,-168,76,-173,66,-177,53,-179,43,-183,30,-183,18,-185,6,-185,-6,-183,-18,-183,-30,-179,-43,-177,-53,-173,-66,-168,-76,-163,-88,-157,-98,-150,-108,-143,-117,-135,-127,-126,-135,-117,-144,-108,-151,-97,-157,-87,-164,-76,-168,-65,-174,-54,-178,-42,-180,-30,-183,-18,-185,-6,-185]]]
1638775	r	103.1518,-4.0929,103.8524,-3.3637	[[[1031518,-36183,3957,-4746,834,1491,4,17,13,14,1,1,2197,3926,-478,910,-63,52,-226,162,-235,148,-245,131,-253,115,-260,98,-266,81,-270,64,-274,45,-276,27,-278,10,-278,-10,-276,-27,-274,-45,-270,-64,-266,-81,-260,-98,-253,-115,-245,-131,-235,-148,-226,-162,-215,-177,-202,-191,-92,-98,-587,-792,-127,-239,-76,-168]]]
1630935	n	119.1221,-3.585,119.565,-3.2039	[[[1191221,-33750,312,-1044,47,10,180,-30,161,-55,169,-29,207,45,157,91,385,303,78,119,59,61,142,15,351,-42,260,-120,301,-189,294,-135,244,40,89,-62,202,-63,81,-49,36,-69,144,-523,20,-155,-50,-146,-55,-73,104,116,132,178,113,190,95,201,74,209,54,215,32,219,11,222,-11,222,-32,219,-54,215,-74,209,-95,201,-113,190,-132,178,-148,165,-164,149,-177,132,-189,114,-200,95,-208,75,-214,54,-218,32,-221,11,-221,-11,-218,-32,-214,-54,-208,-75,-200,-95,-189,-114,-177,-132,-164,-149,-148,-165,-132,-178,-113,-190,-95,-201,-74,-209,-26,-106]]]
1623080	p	1640585
1651555	p	1629131
1214488	n	95.9571,3.9949,96.3552,4.3661	[[[959571,42848,529,-591,208,-82,189,-32,155,-93,486,-578,114,-108,49,20,52,33,118,8,126,-12,80,-29,76,-57,156,-67,69,-47,41,-61,56,-147,39,-66,679,-681,233,-309,15,17,131,178,114,190,94,201,75,209,53,215,33,219,11,222,-11,222,-33,219,-53,215,-75,209,-94,201,-114,190,-131,178,-149,165,-164,149,-177,132,-190,114,-199,95,-208,75,-215,54,-218,32,-221,11,-221,-11,-218,-32,-215,-54,-208,-75,-199,-95,-190,-114,-177,-132,-164,-149,-137,-151]]]
1634718	n	114.1747,-8.6522,114.4389,-8.3184	[[[1141747,-85946,113,-102,179,-132,191,-114,24,-11,14,47,-5,22,14,12,7,-1,14,20,-10,33,-27,19,-9,31,14,36,35,36,-15,8,3,6,146,36,48,2,120,-26,160,-72,61,-18,202,-5,470,-206,218,-197,29,4,216,54,210,75,201,95,19,11,-3,18,3,29,-65,106,-37,39,-58,44,-24,66,-28,134,-31,31,-6,19,-40,52,-19,52,1,44,-7,8,5,13,0,70,-16,39,-7,2,-3,17,-18,15,-22,50,1,91,19,71,22,43,30,27,8,22,-6,7,9,19,-8,17,4,42,-15,10,-33,81,-7,6,-27,-173,-122,-111,-93,68,-11,-24,-2,-32,-20,-45,-34,-38,-58,-17,-26,0,-83,32,-3,12,-21,15,-17,29,-1,32,11,10,13,75,40,61,6,75,33,40,-12,38,43,25,5,32,-16,76,-32,77,-11,13,-26,9,-3,19,-11,-1,-2,23,12,36,-15,60,-53,57,-12,35,-14,-6,-22,45,25,13,-24,-5,-9,37,41,21,-5,7,-8,0,-40,-24,-15,21,-9,44,4,15,-11,4,-6,42,8,83,7,39,46,119,5,73,11,38,-2,5,-6,-8,4,16,6,-13,3,13,-7,4,7,4,-6,18,14,63,32,83,-5,30,8,71,-12,18,13,72,31,85,41,66,25,26,-3,17,-31,35,-912,136,-927,-2762]]]
1650119	p	1621177
1623096	p	1625822
1643981	p	1621177
1626185	n	117.1929,-8.7162,117.6407,-8.283	[[[1171929,-84900,11,-222,33,-219,54,-215,75,-209,95,-201,115,-190,133,-178,149,-165,166,-149,178,-132,192,-114,201,-95,210,-75,216,-54,220,-32,223,-11,223,11,220,32,216,54,210,75,201,95,192,114,178,132,166,149,149,165,133,178,115,190,95,201,75,209,34,137,-10,13,-42,156,-64,675,-58,191,-105,56,-129,-133,-17,-478,-59,-208,-154,276,-90,648,-98,169,-140,-88,-244,-45,-509,-4,-131,49,-84,56,-46,-21,-13,-187,-36,-129,-66,-110,-35,-120,62,-158,-807,344,-371,270,-287,147,-136,98,-118,49,-330,22,-103,24,-85,-178,-75,-209,-54,-215,-33,-219,-11,-222]],[[1174849,-83502,76,-108,336,-208,78,-31,198,59,129,151,156,319,-16,19,-166,149,-178,132,-192,114,-162,76,4,-125,-153,-343,-103,-132,-7,-72]]]
2082727	p	2082600
1626758	p	1624494
1631851	p	1642548
1640185	p	1642414
1648084	p	1625812
1626921	n	119.8058,-4.3561,120.2552,-3.9039	[[[1198058,-41500,1,-22,33,-219,53,-215,75,-209,94,-201,114,-190,131,-178,149,-165,164,-149,177,-132,190,-114,199,-95,208,-75,215,-54,218,-32,221,-11,221,11,218,32,215,54,208,75,199,95,190,114,177,132,164,149,149,165,131,178,114,190,94,201,75,209,53,215,33,219,11,222,-11,222,-33,219,-53,215,-75,209,-94,201,-114,190,-131,178,-149,165,-164,149,-177,132,-190,114,-199,95,-208,75,-215,54,-218,32,-221,11,-221,-11,-218,-32,-215,-54,-208,-75,-199,-95,-190,-114,-177,-132,-164,-149,-149,-165,-12,-16,-489,-1618]]]
1638562	r	112.0726,-7.3847,112.5561,-6.8611	[[[1120726,-73333,18,-7,13,-24,10,-2,-2,-42,10,-1,6,-25,6,-3,-6,-6,12,-15,7,1,-1,-11,16,-5,3,-7,10,1,8,-9,-2,-11,17,-2,0,-21,7,-3,3,-19,-13,1,-3,-23,16,-14,24,1,5,-6,-4,-15,8,-15,-15,-15,9,-6,0,-17,9,-8,-18,-9,10,1,2,-15,-33,-8,5,-15,-9,-14,3,-11,10,-4,-3,-25,-10,-5,-5,-10,4,-5,-13,-7,-25,-36,3,0,43,-19,4,21,19,-2,10,10,16,-7,5,-15,21,6,36,-17,44,1,9,14,41,-6,-2,18,8,8,34,-8,6,15,10,1,4,8,15,-1,17,14,25,9,23,24,24,15,105,24,41,31,50,9,87,0,120,51,8,5,-1,12,23,7,34,24,28,-4,66,12,26,10,5,9,24,3,20,23,38,-16,25,6,50,-3,11,10,14,-12,27,16,4,17,24,-8,24,2,13,11,10,-2,10,12,13,-2,1,-7,25,6,28,-11,25,-1,10,-10,55,7,124,-48,20,-28,45,-17,18,-22,20,-13,29,-2,64,12,49,2,78,42,28,8,54,-2,37,-15,53,-3,33,16,104,27,56,32,83,19,81,47,40,9,42,2,19,-21,-7,-11,-15,12,-39,-1,-8,-21,12,3,-5,-30,12,-10,1,0,25,19,13,-8,15,12,1,-2,2,2,17,-10,-2,11,12,1,-13,11,15,3,-7,4,4,8,-23,-4,-5,13,46,-2,2,6,27,8,27,-5,20,22,0,29,30,2,14,26,23,4,5,8,15,-1,7,19,17,6,3,19,-15,4,5,8,-8,18,11,-2,1,24,32,-6,47,7,19,16,14,24,31,18,89,-4,51,7,17,14,19,44,31,20,15,-7,0,-10,28,9,8,-10,14,6,11,-4,92,102,10,29,5,53,-41,-9,-19,10,837,23,543,2265,1,0,1,10,21,87,8,10,13,-3,42,59,-41,23,56,237,22,172,-233,896,-101,-1,-220,69,-147,102,-148,135,-164,117,-158,39,-2,4,-52,28,1,6,-13,6,-17,-4,-1,20,-9,-5,-7,6,-8,-8,-5,19,-5,-16,-7,1,-6,3,5,12,-9,5,-19,-23,-6,21,-45,1,-1,-6,-11,0,0,6,-37,-2,6,12,-59,-25,11,1,4,-10,-27,-32,-11,10,-10,0,-1,9,-2,-18,-11,-13,-49,-3,-1,-17,23,2,-9,-13,-41,-8,-15,7,-1,-8,-20,2,-6,-8,-44,7,1,7,-10,-3,0,-2,-161,27,-15,14,2,16,-5,4,9,16,-9,-6,-9,8,0,9,-37,24,13,-12,-17,-27,7,-5,-22,11,-12,23,-2,-3,-26,8,-7,-13,-9,0,-15,-12,-23,-29,-99,-10,-12,5,2,5,-15,2,-41,37,-27,11,7,27,-9,3,-12,-8,-9,4,-5,-27,-17,9,-11,-7,-25,-1,-9,-8,-14,1,-8,-12,-20,-5,0,8,-10,-3,-2,14,0,-28,11,-10,-21,-12,-4,6,0,-8,-14,-6,-7,0,-12,18,-1,-13,-9,22,9,-34,-70,-16,0,11,-8,1,-1,-10,-77,-16,-8,3,1,7,-11,1,14,3,1,7,-17,-5,-6,11,-18,0,6,-7,-3,-4,-19,-2,-27,21,-8,-3,-14,9,6,15,54,-16,7,18,24,0,-84,4,-13,-21,14,48,-5,-5,-11,3,-8,-18,12,-4,-5,-20,-9,-3,-11,7,-3,-8,-12,3,0,-8,-47,-15,-14,-21,-37,-21,-15,-2,-21,-19,-10,11,22,10,-7,31,-33,-15,-11,39,-5,-1,22,-68,-10,4,-8,13,-7,-9,-36,-2,-9,-5,-35,3,-44,-10,-16,2,-1,47,-3,-40,-21,-14,-18,3,-1,7,-14,6,-11,44,-62,9,-43,-7,-16,-15,-22,-6,-12,19,-18,-2,-8,-7,-9,8,-20,0,-7,-23,-19,15,-14,-9,-29,-3,-24,-65,-37,-4,-2,10,-15,-8,-6,12,5,-12,-6,-2,-2,10,-1,-11,-16,-2,4,27,-7,-18,-6,4,3,-17,-5,-3,-5,30,1,-29,-32,-13,7,-3,-3,-6,-20,-6,-29,3,-3,-11,-15,-3,-9,-11,-94,-10,-24,-16,-9,-13,-64,-22,-10,-13,-19,-8,2,-16,-13,-5,-1,25,-8,17,19,-89,11,-3,23,8,36,-29,4,-33,15,-23,-12,-14,6,-11,30,11,2,-10,-7,-11,11,-8,11,13,7,-2,8,20,16,0,5,-6,8,5,44,-26,41,-6,11,-47,9,-1,1,-9,14,-10,18,0,-3,-137,-10,-88,21,-69,1,-75,17,-63,-2,-27,11,-36,29,-26,-8,-15,2,-38,8,-5,11,-59,-9,-41,-3,-44,6,-13,-5,-15,31,-9,12,-18,-3,-8,-22,-12,7,-17,-4,-14,12,-11,15,-36,-33,-103,-16,-27,-56,-35,-8,-36,12,-10,2,-15,23,-18,106,-19,47,-16,-12,-22,-44,-35,-8,-20,-3,-46,-176,-287,-42,-26,-43,-20,-53,-8,-9,12,17,50,-5,17,-27,11,-30,-16,-27,-43,-15,-44,65,-17,21,-16,4,-9,-53,-86,-30,-17,-50,20,-41,-3,-19,-17,-6,-55,-13,-28,-31,-26,-48,3,-10,-23,6,-20,22,-7,65,33,11,-11,1,-21,10,-4,-1,-12,9,-5,-2,-14,-36,-12,-5,-53,16,-17,-2,-16,-10,-4,-5,-71,-13,-37,0,-3,-13,-21,-12,-2,-12,-31,-13,-2,-13,-24,-11,-2,-10,-15,-1,-35,-8,-13,3,-2,2,-37,-24,-4,-76,12,-17,-6,-1,-19,-10,-21,15,-7,-22,-9,-2,-9,-10,-4,-26,-109,-10,5,-7,-27,-11,-10,-12,-47,-24,-6,-12,9,-12,-19,-10,-5,-4,-13,7,-5,-4,-15,5,-13,-17,0,-7,-10,2,-6,6,3,4,-13,-10,-6,3,-15,-10,-9,2,-14,-17,-13,8,-17,-9,-6,11,-17,-9,2,4,-18,-15,0,19,-13,-24,-13,-16,0,5,-25,-7,-7,18,-11,-1,-7,-9,-7,-39,-5,3,-9,-11,-31,-17,-2,-17,-16,-2,-18,6,-4,-5,-13,-84,-32,-28,-22,-17,-6,-21,14,0,12,-19,27,-2,-7,9,-10,-20,-8,6,-7,-9,-9,-10,1,-5,-23,-14,3,-10,-6,20,-6,0,-33,-9,-6,5,-7,-4,-28,3,-7,8,-1,0,-10,-18,5,-5,-19,4,-5,-11,-17,8,-10,-17,-3,13,-5,2,-20,-14,-6,-2,-17,-13,-5,10,-13,14,3,16,-23,-2,-5,-14,0,5,-8,-9,-2,-4,-9,-15,1,11,-21,-10,-22,9,-27,17,0,6,-13,-6,-9,9,-6,-9,-6,7,-13,46,3,23,-25,-25,-28,12,-7,-1,-7,-18,-9,8,-24,-16,-10,9,-25,-16,-2,16,-7,1,-8,-24,-2,-29,-14,2,-13,19,-12,6,4,3,-17,-12,4,-11,-21,-13,13,-5,-15,25,-10,-4,-25,11,-2,1,-17,13,-11,-6,-5,9,-22,-28,-42,5,-10,18,2,5,-6,-4,-9,-9,-3,-4,-14,-25,-12,-13,4,4,12,-8,5,-13,-11,-3,-19,-8,-1,6,-4,-13,-8,-3,-22,-10,-12,-26,1,4,-7,-10,-7,16,-13,-5,-27,9,-11,-3,-4,-1,-1,-3,-3,6,-14,-10,-9,8,-13,-12,-3,-7,-8,-3,5,-11,-3,-8,-19,5,-17,-20,-46]]]
1650670	p	1625812
1633375	p	1647866
1621655	n	109.86,-7.1961,110.2487,-6.8562	[[[1098600,-70538,10,-27,95,-201,114,-190,132,-178,149,-165,57,-51,252,-109,1144,-495,147,-7,222,11,219,32,216,54,209,75,201,95,82,49,1,2,0,2,558,1106,79,1371,-361,164,-146,91,-45,98,-14,113,-38,95,-108,41,-77,-47,-170,-209,-32,-55,-108,-98,-245,-68,-1304,-187,-432,-8,-444,52,-225,72,-138,-686,0,-742]]]
1642684	p	1636816
1650815	p	1642548
13405902	n	109.0757,1.1338,109.5246,1.5861	[[[1090757,13673,611,-1053,6,3,73,119,46,120,38,54,120,106,231,470,130,106,161,97,100,194,132,153,259,-28,0,-68,-230,-147,-154,-213,-123,-232,-572,-708,-153,-137,530,-913,178,-85,208,-75,214,-54,218,-32,220,-11,220,11,218,32,214,54,208,75,199,95,189,114,177,132,163,149,148,165,132,178,113,190,94,201,75,209,53,215,33,219,10,222,-10,222,-33,219,-53,215,-75,209,-94,201,-113,190,-132,178,-148,165,-163,149,-177,132,-189,114,-199,95,-208,75,-214,54,-218,32,-220,11,-220,-11,-218,-32,-214,-54,-208,-75,-199,-95,-189,-114,-177,-132,-163,-149,-148,-165,-132,-178,-113,-190,-94,-201,-75,-209,-53,-215,-33,-219,-7,-149]]]
1630366	p	1630328
1650600	n	101.0654,0.8339,101.5146,1.2861	[[[1010654,10600,11,-222,32,-219,54,-215,74,-209,94,-201,113,-190,132,-178,148,-165,163,-149,177,-132,189,-114,199,-95,208,-75,214,-54,218,-32,220,-11,220,11,218,32,214,54,208,75,199,95,189,114,177,132,163,149,148,165,132,178,113,190,94,201,74,209,54,215,32,219,11,222,-11,222,-32,219,-54,215,-74,209,-94,201,-113,190,-132,178,-148,165,-163,149,-177,132,-189,114,-199,95,-208,75,-214,54,-218,32,-220,11,-220,-11,-218,-32,-214,-54,-208,-75,-199,-95,-189,-114,-177,-132,-163,-149,-148,-165,-132,-178,-113,-190,-94,-201,-74,-209,-54,-215,-32,-219,-11,-222]]]
1636507	n	103.3653,-1.2461,103.8132,-0.808	[[[1033654,-10200,11,-222,32,-219,54,-215,74,-209,94,-201,113,-190,132,-178,148,-165,163,-149,177,-132,189,-114,199,-95,208,-75,214,-54,218,-32,220,-11,220,11,218,32,214,54,208,75,199,95,189,114,177,132,163,149,148,165,132,178,113,190,94,201,74,209,54,215,29,194,-83,199,-108,153,-141,107,-179,60,-223,21,-147,51,-222,255,-142,109,-383,62,-56,44,-42,97,-61,95,-219,78,-79,80,-64,91,-62,69,-16,24,-31,82,-16,24,-47,8,-120,-19,-44,11,-122,135,-149,308,-105,143,-144,80,-87,-31,-199,-95,-189,-114,-177,-132,-163,-149,-148,-165,-132,-178,-113,-190,-94,-201,-74,-209,-54,-215,-32,-219,-11,-222]]]
1626754	p	1621177
1632861	p	1621177
1650064	n	115.1598,-2.8061,115.6048,-2.3737	[[[1151598,-26252,51,-204,74,-209,94,-201,114,-190,131,-178,148,-165,164,-149,177,-132,189,-114,200,-95,207,-75,214,-54,219,-32,220,-11,220,11,219,32,214,54,207,75,200,95,189,114,177,132,164,149,148,165,131,178,114,190,94,201,74,209,54,215,32,219,11,222,-11,222,-32,219,-54,215,-74,209,-94,201,-114,190,-131,178,-148,165,-164,149,-177,132,-189,114,-145,69,-3117,-2515]]]
1651461	n	115.0252,-2.6263,115.4702,-2.1939	[[[1150252,-24200,11,-222,32,-219,54,-215,74,-209,95,-201,113,-190,131,-178,149,-165,163,-149,177,-132,189,-114,145,-69,13,11,3104,2505,-51,203,-74,209,-95,201,-113,190,-131,178,-149,165,-163,149,-177,132,-189,114,-200,95,-208,75,-213,54,-219,32,-220,11,-220,-11,-219,-32,-213,-54,-208,-75,-200,-95,-189,-114,-177,-132,-163,-149,-149,-165,-131,-178,-113,-190,-95,-201,-74,-209,-54,-215,-32,-219,-11,-222]]]
1648918	n	113.5726,-7.9103,113.8573,-7.6841	[[[1135726,-77421,6,-23,30,-56,2,-62,141,-73,28,-25,20,-32,29,-17,25,-44,-2,-15,22,-51,2,-13,-14,-18,8,-26,-5,-13,14,-23,-3,-14,14,-43,-3,-13,21,-7,-48,-35,-79,-13,-12,-17,18,-22,34,-13,35,-30,50,-69,-4,-11,24,-24,35,-17,2,-12,-19,-39,-6,-35,-57,-90,-11,-36,72,-82,-9,-63,67,-94,20,-41,10,-70,-26,-25,-6,-44,16,-20,43,-28,23,-32,6,-42,-6,-60,-10,-19,12,-31,1071,709,2,7,17,23,-3,27,14,22,-22,116,23,44,-2,59,2,1,0,2,29,9,8,22,20,17,5,48,-12,51,4,17,-6,19,9,19,2,0,1,2,43,-8,6,-17,13,-7,3,-10,-8,-20,20,-12,48,6,11,-7,8,7,41,0,38,-19,25,2,17,-10,16,10,5,25,30,-18,41,-5,36,-14,24,-17,17,13,26,-9,14,-21,702,464,-46,710,-29,5,-56,-9,-31,4,-31,-11,-8,-4,-206,-245,-127,-112,-39,-10,-3,-11,-36,-34,-23,-10,0,-7,-86,-40,-52,-4,-60,16,-12,-16,-15,2,-22,-14,-15,-1,-7,-14,-22,-13,-30,-7,-68,11,-43,18,-174,90,-27,23,-59,24,-8,12,10,15,-57,55,-18,12,-10,-6,-13,11,-16,34,-9,-10,-22,1,-65,-39,-67,-66,-70,-47,-29,-13,-7,5,-5,-4,4,-6,-34,-25,-26,-9,-57,-2,-27,-37,-26,-12,-4,-13,-23,-10,-35,17,-17,-1,-59,24,-38,33,-12,33,1,14,-30,11,-39,-19,-77,32,-110,2,-58,24,-66,-33,-17,1,-13,3,-11,20,-28,-2,-37,21,-27,7,-16,12,5,15,-18,-17,-29,8,-29,-2,-2,-71,-8,-17,-34,-18,-70,13,-10,-16,-1,-55,-41,-46,-13,-23,-2,-22]]]
1625420	n	116.7352,-8.9662,117.0772,-8.514	[[[1167352,-88734,14,-96,43,-221,70,-178,-97,-137,47,-28,201,-95,210,-75,217,-54,220,-32,223,-11,223,11,220,32,217,54,210,75,201,95,191,114,179,132,166,149,149,165,133,178,115,190,95,201,75,209,55,215,32,219,11,222,-11,222,-32,219,-55,215,-75,209,-95,201,-115,190,-133,178,-149,165,-166,149,-179,132,-191,114,-201,95,-210,75,-98,24,-158,-51,-108,-20,-137,7,-86,36,-118,99,-72,-4,11,-404,-74,-199,-419,-89,-416,-828,238,-138,0,-248,-82,-331,70,-96,196,24,67,-92,51,-100,20,-71,31,-38,69,-45,68,-73,32,-117,-74,-191,-402,-82,-181,-236,-236,-235]]]
1621678	p	1639900
1647179	n	111.3673,-7.3286,111.6299,-6.9669	[[[1113673,-71891,7,-50,54,-215,75,-209,95,-201,114,-190,132,-178,114,-126,28,9,49,53,33,68,31,19,14,17,6,23,-3,36,22,52,-38,30,-19,25,-8,27,9,16,21,13,27,-7,10,-9,24,-62,24,-11,15,11,10,42,-2,85,-6,25,8,94,-7,20,38,-2,15,-7,-13,-70,14,-30,44,-28,37,-10,31,2,18,10,41,75,15,17,19,10,20,-9,77,-80,17,-2,20,12,3,9,-42,49,-11,35,6,40,22,36,11,1,49,-23,45,-30,40,-3,24,15,83,79,83,10,43,88,29,25,15,3,87,-17,30,6,12,16,-5,16,-58,54,-6,26,80,36,19,22,29,55,43,27,17,4,25,-32,29,-20,29,-9,28,7,23,55,2,30,-6,24,-30,26,-15,23,0,12,16,26,32,14,66,-18,30,0,39,19,54,8,0,10,-36,70,-2,37,10,39,46,75,93,66,6,30,-13,44,10,28,26,5,58,-19,-16,32,22,13,27,-13,-1,19,-15,21,9,0,19,-13,3,23,-23,1,15,24,-4,5,-32,-17,5,32,11,14,-21,13,1,20,-10,4,-3,10,10,5,-1,-9,7,-2,-2,17,20,5,10,12,6,-7,7,3,1,17,-9,15,6,7,8,-3,6,-13,8,6,0,14,-8,9,17,9,-9,10,18,17,-5,8,-11,-6,2,21,-15,-2,8,39,20,-6,20,3,4,9,26,-3,15,17,-13,9,-10,-2,-14,12,-17,24,0,26,-16,6,-10,24,2,9,17,-9,11,11,-4,9,-15,6,-1,27,-7,15,10,12,-19,15,8,13,-11,8,13,8,2,15,-18,7,-2,7,6,16,26,-9,7,5,-20,36,23,34,24,18,8,0,1,-6,13,0,1,-15,12,4,7,13,7,-2,4,-15,10,7,-3,15,6,7,14,-24,11,-5,-9,28,-18,19,13,5,-9,15,25,20,-5,17,12,16,-11,15,7,5,-1,9,13,10,-24,10,-9,-5,-3,8,-13,-8,8,22,-9,9,7,8,19,-1,0,15,-16,-9,-6,19,-13,-8,-23,3,6,27,-43,6,5,11,-8,4,-4,14,7,8,14,-3,-8,7,4,11,-17,18,13,30,-21,-7,5,8,-9,6,7,6,-5,13,-5,5,-17,-5,2,14,-9,11,5,15,13,13,8,0,-6,19,-9,5,2,19,-9,8,1,18,-6,7,14,15,-5,13,10,13,-5,14,5,22,-2,30,-17,8,2,17,-5,7,16,12,8,23,-4,48,21,44,6,48,46,45,-8,17,12,10,-2,30,-34,32,-39,17,-44,31,-13,34,-44,44,-8,3,-2370,-2222]],[[1114357,-73151,107,-97,52,-38,53,35,10,14,-19,42,-85,61,-27,-5,-35,-16,-56,4]]]
1645343	r	117.6912,-8.9213,118.6858,-8.085	[[[1176912,-82348,5,-34,26,-32,49,-15,87,11,32,-7,7,-4,2,-26,14,-25,38,2,42,-27,41,-13,32,-49,32,-20,23,-23,19,-58,2,-47,60,-81,44,-12,50,-36,71,-18,29,-21,27,-8,16,-42,30,-35,47,-38,-5,-58,21,-54,93,-64,20,-28,13,-34,41,-22,15,-22,32,-14,10,-27,46,-46,37,-23,7,-14,30,-23,6,-20,26,-11,13,-21,26,-22,6,-43,11,-26,-17,-51,0,-33,12,-24,12,-3,-2,40,10,15,27,9,34,0,30,-12,9,-15,-6,-47,-23,-7,6,-19,133,16,58,-12,54,-52,32,-8,26,-58,91,-74,75,-40,18,-21,42,-12,52,-31,64,-14,24,-42,17,-16,12,-28,68,-57,34,-15,53,-8,42,-55,40,-9,15,-17,75,-32,17,-16,77,-9,43,-14,-1,-26,111,-138,153,-101,183,-86,147,-37,332,164,182,58,8,0,28,6,173,-61,264,-298,2,-37,12,-18,14,-4,5,-22,35,-9,16,-12,9,12,22,-3,12,11,26,-15,95,98,48,0,0,-3,-25,-25,14,-23,28,-19,14,-32,17,5,6,-5,3,-21,-19,-14,37,-44,1,-38,38,-55,27,-8,12,-12,40,7,41,-38,24,-6,28,-18,246,-210,-3,-46,25,-32,6,-27,10,-9,-4,-19,-15,-10,10,-19,-5,-24,3,-21,24,-14,41,-62,17,-4,33,10,35,-6,15,30,53,-89,131,119,48,65,21,59,11,11,-1,1,31,-16,-4,-14,9,-20,25,-8,33,-26,40,-20,50,-46,17,-40,-9,-29,15,-40,0,-25,-9,-24,7,-20,-1,-29,30,0,18,11,26,-7,26,13,28,0,41,-27,36,15,18,-3,15,-14,13,-25,22,-1,14,-35,-13,-29,27,-46,-1,-26,37,-55,8,-24,-2,-14,30,-55,2,-46,-29,-111,-27,-51,-26,-28,-18,-11,-17,-7,-12,3,-15,12,-16,34,-4,30,-32,0,-4,-42,-18,-14,36,-25,-2,-27,13,-10,-54,-35,-58,-16,-11,19,-12,3,-7,-18,-22,-1,-8,-15,2,-3,-71,-19,-17,43,-25,21,-22,4,-5,-8,3,-23,-41,-13,13,-15,-12,-14,-25,0,-48,11,-6,14,-12,-8,-4,-19,-21,-1,2,2,-3,25,-8,-10,-19,6,12,-24,-312,-9,-81,23,-180,93,-81,21,-349,-7,-390,-75,-88,-4,-69,-22,-28,-65,-34,-9,-70,-59,-63,-68,-7,-31,-176,-91,-417,-442,-196,-157,-161,121,-186,63,-47,6,-93,-1922,781,403,101,132,83,52,74,121,54,-3,56,-23,34,-30,-13,-19,329,117,87,20,191,-60,215,-127,208,-92,174,43,1172,958,117,17,83,52,44,73,130,309,156,204,21,-15,23,-22,7,-18,31,21,-3,35,10,16,-2,38,15,10,78,16,4,20,20,14,14,54,17,27,16,8,0,1,26,11,53,11,30,-9,71,-39,8,-13,-3,-16,11,-8,7,-15,7,-1,10,12,2,-9,21,-8,8,16,18,10,9,39,30,25,13,23,45,12,41,-6,5,24,13,19,14,3,20,-6,24,8,45,56,11,46,-16,32,-46,13,4,7,-39,426,-8,2,67,-14,14,4,15,17,29,0,3,-8,-8,-34,15,-15,28,-7,46,18,21,1,17,-7,7,-20,-5,-26,5,-33,47,-104,6,-68,-21,-37,-23,-10,-49,-43,42,-13,13,-26,17,4,11,-5,8,-12,2,-27,31,-26,27,-49,-3,-40,-17,-23,-29,-23,-16,6,-13,-4,-44,-35,-23,-72,84,-160,24,-59,1,-30,-35,-65,-65,-46,-23,-55,-21,-21,-32,-61,-2,-7,-65,-73,-112,-160,-10,-5,-14,4,-24,28,-21,-2,-50,-49,-59,-40,-19,-45,-22,-25,6,-12,58,-27,18,-41,3,-67,-10,-25,25,-50,4,-27,-7,-11,11,-21,-13,19,0,-20,-16,-26,1,-102,13,-33,-17,-28,1,-13,8,-6,-6,-3,4,-9,26,-46,24,-33,4,5,-1,-8,26,-47,80,-105,32,-24,20,-29,99,-82,69,-45,66,-13,59,-43,56,-29,33,-1,27,-9,83,-38,73,6,29,17,15,29,41,-6,16,-10,6,-12,-11,-71,44,43,79,6,-1,9,-23,3,-16,107,-19,57,8,12,5,36,1939,552,168,26,-1619,5425,-107,86,-98,55,-173,15,-227,-32,-198,-85,-129,-231,-34,-14,-40,-41,-41,-4,-57,-28,-22,-36,-49,-23,-53,-36,-1,-6,-82,-20,-36,-19,-14,-20,3,-38,-7,-36,4,-18,20,-31,-8,-31,-134,-133,-23,-3,-32,-15,-41,-6,-52,-35,-14,-33,-5,-42,-16,-24,-30,-21,-8,3,-7,27,-54,48,-22,4,-43,-5,-26,-8,-29,-25,14,-46,-8,-17,5,-17,-19,-47,2,-15,14,-9,0,-1,-56,-30,-14,2,-63,58,23,-47,-4,-15,-31,-21,-38,-10,-4,-6,-52,-13,-83,30,-333,311,-26,-9,-39,-29,-47,-19,-59,26,-97,116,-210,399,-338,406,-40,73,-78,82,-46,196,-45,405,-185,381,-345,206,-437,85,-473,16,-191,36,-90,-5,-100,-65,-85,-19,-64,87,-56,114,-48,40,-79,-1642,-59,51,-48,58,-33,25,-27,66,-37,39,-14,29,-23,24,-16,-3,-11,8,-16,1,-44,34,-34,-14,-43,-1,-42,13,-20,-19,-35,-14,-112,31,-33,2,-15,-10,-16,-25,-15,2,-17,-15,-47,8,-31,-9,-15,2,-17,20,-14,-3,-32,14,-59,5,-102,45,-61,48,-66,41,-70,65,-153,93,-74,74,-17,35,-55,49,-27,9,-79,10,-30,36,-37,26,-39,17,-139,189,-66,-20,-23,-1,-17,-11,-15,1,-9,-12,-24,0,-10,-18,-32,-12,-28,-36,-27,-12,-24,6,-41,22,-12,60,-11,2,-1,-8,-28,-24,-15,-3,-19,7,-13,-6,8,-35,18,-14,6,-33,-16,-17,-43,-14,-21,-25,14,-32,5,-59,-50,-45,-33,-51,3,-78,-22,-40,-11,-38,4,-52,-37,-73,39,-48,-1,-39,-40,-39,-39,-12,-30,-22,-10,-42,-25,-31,-25,-11,-22,3]],[[1181947,-86464,1,-22,17,-10,68,-2,55,-40,5,-2,32,23,-27,44,15,18,-6,29,11,29,13,16,-18,-5,-35,5,9,-25,-8,-24,-6,-2,-10,10,-6,25,-28,22,-17,-5,1,-22,-23,-21,3,-7,14,1,16,-22,-18,-1,-27,12,-1,-20,-30,-4]],[[1182137,-86498,10,-5,37,-2,13,-19,29,-7,11,11,29,-15,-7,17,-1,29,-20,8,-32,-2,-14,24,-3,-9,-13,-5,-3,11,-12,-4,-7,-5,7,-12,-23,-5,-1,-10]],[[1182205,-86379,32,-22,4,-8,-8,-19,6,-10,-12,0,9,-14,-5,-3,-18,11,-2,-7,27,-17,8,8,-2,21,-3,11,11,29,-2,13,21,6,-31,3,-6,10,-24,7,-5,-19]]]
1631637	r	108.9023,1.0396,109.2546,1.3929	[[[1089023,11669,17,-64,105,-198,99,-223,15,-15,15,-4,55,49,10,3,302,-821,2873,110,8,17,24,65,-1114,1921,-4,-3,-346,-219,-660,-259,-99,28,-74,12,-295,-2,-113,-25,-23,-15,-64,-81,-99,-56,12,-35,-144,-13,-197,-61,-25,-42,-13,9,-14,-2,-1,9,-42,2,-101,-9,-57,9,-29,-20,-15,-29,-6,-38]],[[1089859,12158,263,85,540,53,220,67,163,125,95,57,117,23,111,52,-760,1309,0,-90,-64,-317,-140,-333,-344,-447,-156,-267,-45,-317]]]
1628899	r	113.0403,-7.3146,113.4832,-6.881	[[[1130403,-72130,6,-18,8,4,51,-15,85,-9,17,-11,29,-4,12,-9,14,2,37,-23,7,8,15,-15,10,4,10,-5,4,-8,9,5,14,-5,11,-12,24,9,32,1,26,-9,4,-12,41,-12,117,-19,16,-9,7,11,12,3,38,6,22,-8,9,7,13,2,176,-40,171,44,8,24,44,2,-10,34,7,43,-16,3,4,13,-33,30,1,4,60,38,4,24,7,5,18,-13,0,-7,50,2,41,-33,20,-101,13,-2,1,-24,16,-35,24,-17,91,8,175,40,230,26,231,-21,141,-23,58,-1,9,3,-8,3,28,16,4,16,5,3,17,-15,30,22,8,16,11,6,240,-14,1,-10,-8,0,0,-15,9,0,1,-26,0,40,9,0,0,8,-9,0,0,3,631,-38,-9,68,13,-5,1,9,13,0,0,-20,18,0,5,20,6,-4,2,4,-4,-15,9,14,11,0,0,-9,5,8,70,-7,29,4,1,-4,7,3,-1,-4,8,-1,0,5,13,-6,36,1,13,-7,6,6,25,-8,45,0,8,29,-7,10,8,11,-9,3,3,34,0,2,10,3,-1,28,1,0,0,1,2,-3,4,-3,7,20,12,7,0,1,-5,26,-5,11,-10,4,-12,4,-27,0,-18,12,-12,12,-6,5,0,2,-4,3,-1,12,-14,44,-23,4,-8,-2,-17,-9,-4,-6,-1,-31,6,-27,-4,-16,12,-31,0,-21,-23,-38,-3,-19,-6,-3,-13,10,-1,6,-2,2,0,8,-6,23,0,52,-1,5,-5,1,-18,2,-3,5,-2,1,-1,3,-3,6,1,22,-2,14,3,6,0,4,2,3,4,10,23,23,23,68,11,7,16,31,0,29,-29,17,0,7,7,26,2,213,-71,-17,-47,-21,-21,1,-12,10,-69,-15,-6,6,1,3,-2,4,9,50,12,28,48,20,21,39,18,7,-5,3,3,17,-10,6,2,9,-22,32,23,33,-7,48,19,19,-13,41,17,27,0,13,15,5,2,11,-6,18,-11,-3,-14,14,-19,-6,-9,17,-13,7,10,28,-5,28,4,10,34,23,95,30,30,26,17,39,18,19,-3,43,-7,14,4,12,27,22,60,22,24,21,-1,19,14,20,-4,75,-13,9,23,28,8,26,-27,78,15,29,1,25,17,19,2,10,-18,19,-3,12,-24,9,-2,11,18,15,6,28,23,18,14,-17,14,8,26,52,2,23,39,-20,48,49,10,-14,8,-2,6,4,-10,6,14,4,0,11,10,-5,-4,7,21,7,8,38,21,1,3,15,16,1,5,24,7,4,-30,15,-3,24,9,0,14,13,-8,16,16,-3,5,37,-15,18,-12,-5,-8,23,18,13,-12,14,8,9,-2,20,20,44,21,31,44,15,4,41,-4,7,12,13,-8,10,11,18,29,22,20,45,-1,27,10,19,33,29,47,14,32,41,53,5,45,22,19,20,-6,16,8,10,-7,12,22,40,-7,19,6,19,47,2,21,61,24,-26,14,3,11,12,7,24,43,35,-8,57,-11,15,0,39,11,31,-10,21,1,0,0,1,7,4,5,4,5,17,49,41,3,8,2,39,-54,21,-38,1,-111,28,-12,-3,-52,13,-34,-7,-41,22,-21,-3,-67,16,-42,1,-46,-4,-9,-10,-5,7,-40,1,-80,16,-3,-5,-10,4,-5,-10,-9,5,-21,-15,-31,8,-18,-2,-12,14,-117,-21,-36,4,-45,15,-22,-4,-2,4,-50,-18,-4,-12,-22,3,-4,10,-15,4,-109,-2,-9,-10,-2,8,-14,0,-58,-15,-68,2,-25,13,-42,-7,-39,5,-2,-2,1,0,-5,-5,-16,9,-131,6,-59,-12,-29,-12,-136,-9,-57,22,-129,-30,-34,7,1,12,-5,-11,-29,10,-37,-6,-116,12,-89,-8,-101,-24,-74,22,-42,-11,-7,12,-25,-2,-5,-8,-29,-13,-45,0,-44,-7,-222,-3,-4,6,7,7,-11,-10,-19,7,-17,-5,-7,14,6,-15,-9,-4,-2,0,-5,1,6,18,-8,-19,-10,2,2,13,-4,-16,-27,0,-143,39,-12,-1,-8,-17,-20,-13,-43,-9,-36,3,-66,28,-10,-7,-13,6,-26,-9,-18,1,-36,-13,-84,15,-9,4,-3,-2,-79,13,10,-21,21,-5,-1,-32,16,-6,12,-19,5,-23,-8,-29,6,-10,-9,-15,-57,14,-21,-3,-3,-45,-22,-58,2,-64,11,-31,0,-23,-7,-54,-13,-38,-27,-11,-17,1,-43,38,-54,17,-11,-15,3,-32,-26,-18,-5,-17,2,-27,-27,-30,20,-36,28,-21,18,12,12,-8,15,-26,39,3,-7,-29,-45,-20,-7,-19,2,-41,15,-19,12,-29,15,-4,-6,-19,5,-3,-1,-11,10,-6,11,4,7,-11,-13,-14,0,-26,-8,-7,5,-17,-12,-14,-7,-28,-20,-13,12,-11,17,-2,25,-13,34,-2,13,19,18,-1,13,29,46,-15,12,24,41,6,52,45,21,8,58,-45,23,5,50,-23,4,-10,-30,-47,2,-15,15,-27,-7,-18,7,-9,-2,-16,-54,-22,0,-12,-21,-42,18,-19,-2,-16,-10,-6,14,-9,13,0,2,-37,-33,-54,-54,-41,-8,-36,18,-26,-12,-26,1,-31,-36,3,-20,-14,-34,22,-54,13,-16,13,-23,1,2,-24,10,-24,-22,-45,16,-17,5,-24,-2,-43,0,-1,-32,22,-18,4,-2,-3,-3,0,1,-2,0,-2,4,-8,8,-22,16,-23,-15,-68,46,-17,32,-56,4,-129,-20,-7,-14,-15,-4,16,-19,19,-8,-14,-7,5,-3,-3,-6,1,-32,21,1,10,-2,-2,0,2,-1,-3,-7,-7,-4,-23,7,-24,2,-1,1,-4,11,0,0,-2,4,-24,5,-5,-3,-24,9,-8,9,-60,17,-8,-8,-15,11,-9,1,-1,19,0,-13,-10,11,-52,-25,3,-7,-15,2,-9,17,-7,-10,-12,2,-48,4,-6,10,0,3,-22,-9,-4,0,10,-23,14,-21,58,-29,4,-16,-34,18,-42,1,-16,-38,-83,-14,-10,-62,-9,-21,-28,-4,-19,-13,-11,18,-20,-13,-42,17,-12,5,-15,2,-59,-17,-32,31,-30,6,-23,-1,-4,-11,-6,-12,-3,-17,1,-18,2,-31,11,-55,38,-39,16,-19,0,-12,-5,-56,-110,-32,-14,-31,-4,-50,10,-13,-4,-8,-49,-20,-13,0,-25,14,-14,3,-11,-16,-14,-8,-17,-43,-6,-16,-57,61,-33,41,-2,28,-23,-2,-12,9,-10,-9,-38,-9,-2,-35,13,-18,-51,-34,-23,-38,-3,-27,12,-43,-105,-3,-10]],[[1130532,-68850,28,3,24,14,52,14,76,-16,29,0,18,-11,14,10,16,-13,7,2,8,-12,16,12,6,11,-152,26,-136,-17,-6,-23]],[[1130860,-68885,229,-7,-10,-14,2,-27,28,-11,11,5,35,-10,19,2,16,13,-4,31,23,2,-348,59,3,-19,-4,-24]],[[1132028,-73104,95,-29,16,-13,62,6,50,29,-8,3,-5,10,-46,16,-114,10,-6,-3,-39,9,-5,-23,0,-15]]]
1624987	r	103.5475,-4.368,104.1288,-3.548	[[[1035475,-40929,336,-2078,159,-99,246,-132,254,-116,260,-98,267,-82,272,-63,275,-46,277,-27,279,-10,30,2,3158,5939,-2764,2259,-2197,-3926,-1,-1,-13,-14,-4,-17,-834,-1491],[1036944,-39078,44,59,1,0,-45,-59],[1037871,-40525,9,24,-1,11,2,-11,-10,-24],[1038032,-40364,7,6,20,2,-19,-2,-8,-6],[1038286,-38230,276,-22,-276,21,-186,-7,186,8],[1038082,-40347,18,-9,7,-1,-7,0,-18,10],[1038120,-40358,12,5,-11,-5,-1,0],[1038250,-40262,1,0,-25,-14,24,14],[1038525,-40048,3,-8,-1,0,-2,8],[1039485,-38234,4,5,-3,-5,3,-49,-4,49]]]
1624058	n	104.9946,-5.0634,105.4454,-4.6539	[[[1049946,-48800,11,-222,32,-219,54,-215,75,-209,94,-201,114,-190,132,-178,148,-165,164,-149,116,-86,3518,1366,7,27,32,219,11,222,-11,222,-32,219,-54,215,-75,209,-94,201,-114,190,-132,178,-148,165,-164,149,-178,132,-189,114,-200,95,-209,75,-214,54,-219,32,-221,11,-221,-11,-219,-32,-214,-54,-209,-75,-200,-95,-189,-114,-178,-132,-164,-149,-148,-165,-132,-178,-114,-190,-94,-201,-75,-209,-54,-215,-32,-219,-11,-222]]]
1645413	n	134.1675,-5.9679,134.4557,-5.6239	[[[1341675,-57890,22,-221,108,-162,141,-29,123,29,135,117,74,263,5,159,-27,22,-129,125,-79,26,-46,8,-81,23,-144,-15,-80,-138,-22,-207]],[[1342020,-57125,46,-166,261,-218,152,-95,172,-65,341,-13,190,-44,85,-113,42,-201,101,-3,114,109,91,129,168,-132,-18,-119,-225,-227,0,-74,64,-138,-369,-188,-10,-211,-100,-126,-133,-110,-104,-47,-7,-62,242,-305,68,-117,-4,-17,177,84,190,114,178,132,164,149,149,165,132,178,114,190,94,201,75,209,54,215,32,219,11,222,-11,222,-32,219,-54,215,-75,209,-94,201,-114,190,-78,105,-7,-30,-51,-140,-122,-112,-137,-97,-105,-95,-70,-171,-20,-151,-69,-110,-217,-39,-204,58,-325,269,-194,69,-205,-45,-218,-126,-135,-166]]]
1640296	p	1636722
1648568	r	111.1065,-7.3748,111.7305,-6.6235	[[[1111065,-69621,34,-79,14,-80,25,-10,74,24,85,-10,30,3,74,-38,30,-4,41,8,76,-29,63,28,22,-3,8,-7,10,4,1,0,-48,-87,484,-2002,326,-282,-2,-21,-13,-16,-5,-46,-28,-40,13,-102,-35,-30,-72,1,-79,-28,-64,-6,2,-5,17,5,3,-6,28,-7,-2,-7,5,-2,-6,-5,13,0,17,-14,2,-10,10,-2,6,-25,15,-17,-9,-17,7,-33,14,-3,-2,-6,19,-17,-3,-6,8,2,-1,-11,19,-26,9,-2,7,11,3,-7,12,0,1,-7,20,-3,10,-10,12,-25,14,-6,3,-14,17,-8,-5,-14,21,-18,-1,-35,9,-5,18,-27,31,1,10,-9,5,5,-1,19,12,-6,15,5,18,-10,10,7,10,-33,32,-6,12,6,7,-7,14,12,24,0,17,-9,12,3,12,-19,18,4,11,-6,14,5,21,-3,4,4,6,-6,21,7,-3,8,19,3,16,-11,0,-15,11,19,14,-8,0,5,12,2,11,-10,6,7,7,-9,12,-1,-13,-10,18,-3,8,-16,-6,-6,20,0,7,-13,14,-5,8,-12,-5,-10,5,-9,13,-7,-13,-10,20,0,1,-15,10,7,2,9,19,-15,11,7,5,-10,9,12,12,-2,7,13,8,-7,-8,-14,11,-10,7,11,0,-16,13,13,0,15,25,-18,-6,-11,5,-17,14,-12,7,11,36,-9,-3,13,11,-1,3,-14,16,3,-2,-16,22,-17,20,4,11,-5,-6,-26,19,-2,5,-15,10,0,4,-18,12,2,-5,-14,31,6,7,10,11,-10,5,-16,16,2,-7,-14,8,-20,24,5,4,9,38,4,1,7,13,-1,10,-9,11,7,9,-2,7,-25,21,-16,-10,-27,5,-16,-12,-9,28,-25,-9,-13,-13,-1,-11,-33,158,46,41,-19,27,-22,10,-24,2,-35,52,-35,62,-11,23,-13,21,16,16,3,22,-13,32,-7,34,4,55,-31,32,16,21,-7,13,4,19,-14,32,18,31,-15,11,4,1,-11,9,-8,-6,-7,6,-10,9,5,19,-6,9,-11,12,-1,3,-6,39,-18,10,-30,21,-17,21,-37,45,-17,39,-37,34,-6,39,-15,31,9,21,-37,97,0,22,17,-5,16,-16,10,-49,7,-7,7,3,13,49,58,8,26,-3,22,-37,48,-32,5,-56,-34,-29,-53,-17,-6,-17,18,-18,92,25,40,54,31,38,-2,63,-33,17,2,11,9,2,20,-24,23,-31,9,-70,1,-37,19,-5,15,40,72,15,10,-52,38,-107,97,-19,1,-70,22,-23,12,-9,14,9,29,15,12,4,1,-114,126,-132,178,-114,190,-95,201,-75,209,-54,215,-7,50,2370,2222,1262,1183,-83,754,-54,25,-218,156,-223,214,-181,175,-332,416,-113,96,-331,140,-571,111,-265,164,-156,-168,-337,-488,-154,-101,-206,-26,-417,-102,-239,-8,-262,29,-571,-1027,4,-13,17,-7,-9,-9,6,-17,17,-8,7,-21,9,-1,0,-23,14,-6,-3,-16,30,5,6,-18,-10,-6,8,-20,20,2,0,-6,-7,0,4,-23,-10,0,-15,-17,-6,5,-3,-10,-10,7,1,-8,-11,-5,-3,8,-9,0,-5,7,4,-10,-18,-16,-18,0,-12,7,-28,-13,-4,-8,14,-27,5,10,20,-10,4,-43,17,7,1,-8,11,-7,-5,-11,13,-10,2,-7,-6,-5,4,-7,-9,-8,3,-15,-10,-4,21,-29,-14,0,6,-14,-27,16,-8,0,-23,0,-3,-13,-21,-15,-10,-17,-29,-7,-19,-21,-27,-13,-20,-3,-26,10,-2,21,-12,3,-9,12,-59,10,-24,26,1,30,-6,13,-23,10,-5,14,-11,-6,-8,5,-8,16,-7,2,-21,-20,14,-24,-15,-12,13,-33,-18,-12,13,-27,-6,-27,9,-19,-4,-36,-16,-16,1,-28,-52,-16,-10,15,-4,-2,-2,13,-26,2,3,8,-8,2,-8,-20,-30,-8,5,-28,-38,-23,-16,-28,-11,-64,-14,-28,-2,-22,6,-26,-16,-31,-13,-12,-81,-2,-15,3,-3,10,-15,5,0,-21,-36,2,-14,-19,-24,-13,-28,-36,-73,-5,-169,-42,-1,8,-25,34,-59,26,-22,22,-15,-23,30,-44,5,-30,-14,-21,4,-12,-8,-23,-39,-44,-34,-2,-11,8,-11,-2,-41,36,-28,42,-43,23,-10,-27,-39,-19,-10,-10,-10,-50,-14,-26,3,-29,-7,-30,5,-21,-7,-28,7,-60,-17,-29,4,-8,-12,-9,4,-30,-16,-15,5,-42,-12,-12,-5,-41,-17,-32]]]
1645976	p	1631766
1643920	n	109.3038,-7.7818,109.7366,-7.3975	[[[1093038,-77031,19,-40,434,-44,-145,34,-248,42,-60,8]],[[1093322,-76337,101,-46,15,3,5,-23,13,-21,51,15,31,-7,50,15,32,-48,-7,-38,7,-10,51,-27,24,-3,27,-36,58,-16,5,15,44,-35,5,-40,-3,-17,38,-84,7,-67,-75,-53,-4,-9,49,-40,9,10,7,24,14,-1,73,-73,6,-16,-3,-21,-37,-18,-9,-17,-16,-44,0,-34,-16,-61,10,-38,44,-15,14,0,-1,-4,35,-11,59,-35,11,-48,-74,-108,-5,-56,50,-51,68,-24,62,-29,25,-70,91,-93,205,21,393,103,1706,-199,4,-1,131,119,149,165,133,178,114,190,95,201,75,209,54,215,33,219,11,222,-11,222,-33,219,-54,215,-75,209,-95,201,-114,190,-133,178,-149,165,-165,149,-178,132,-191,114,-201,95,-102,36,-1720,-1164,-823,-1198]]]
1213840	r	98.0584,2.4662,98.5922,3.0181	[[[980584,28784,127,-600,283,46,-11,-43,68,-279,15,-12,103,-46,-88,-87,-129,-15,-139,-50,163,-770,31,-34,33,-70,-3,-56,13,-124,-6,-40,275,-1304,63,-52,150,-108,157,-98,163,-87,168,-77,173,-65,177,-54,179,-43,183,-30,183,-18,185,-6,185,6,183,18,183,30,179,43,177,54,173,65,168,77,163,87,157,98,150,108,143,118,135,127,126,136,117,143,108,151,97,158,87,164,76,169,65,174,54,177,42,181,30,184,18,184,6,186,-6,186,-18,184,-30,184,-42,181,-30,98,-3620,1848,-156,-59,-168,-77,-163,-87,-157,-98,-150,-108,-143,-118,-135,-127,-126,-136,-117,-143,-108,-151,-97,-158,-72,-135]]]
1628767	n	112.5828,-5.8495,112.7404,-5.726	[[[1125828,-57942,106,-231,28,-187,81,-114,262,-14,158,95,85,21,36,-82,55,-29,272,-12,96,7,181,72,127,132,70,184,19,226,-42,243,-91,158,-124,112,-140,101,-161,-20,-144,-55,-131,-32,-117,46,-243,-258,-31,-55,-279,-222,-73,-86]]]
1640902	p	1624647
1651591	n	128.695,-3.3642,129.145,-3.1139	[[[1286950,-33400,4,-64,815,670,58,102,95,88,587,222,183,246,29,58,54,52,122,-18,198,-71,239,-21,195,-68,160,-126,130,-189,-349,-483,-93,-202,19,-122,212,-230,234,82,742,66,259,-4,292,-76,301,-154,3,20,11,222,-11,222,-33,219,-53,215,-75,209,-94,201,-114,190,-131,178,-148,165,-164,149,-177,132,-190,114,-199,95,-208,75,-214,54,-219,32,-220,11,-220,-11,-219,-32,-214,-54,-208,-75,-199,-95,-190,-114,-177,-132,-164,-149,-148,-165,-131,-178,-114,-190,-94,-201,-75,-209,-53,-215,-33,-219,-11,-222]]]
1642692	n	110.8933,-8.1061,111.2944,-7.6539	[[[1108933,-78800,11,-222,32,-219,54,-215,75,-209,96,-201,114,-190,132,-178,150,-165,165,-149,178,-132,191,-114,201,-95,210,-75,216,-54,220,-32,222,-11,222,11,220,32,216,54,210,75,201,95,191,114,178,132,165,149,141,155,-25,843,-186,27,13,59,-14,45,2,28,25,32,36,29,23,50,34,45,24,21,6,9,-6,17,3,32,9,11,12,51,6,5,-51,1681,-52,58,-165,149,-178,132,-191,114,-201,95,-210,75,-216,54,-220,32,-222,11,-222,-11,-220,-32,-216,-54,-187,-67,-5,-6,-1,-1,-919,-978,-381,-405,-19,-51,-54,-215,-32,-219,-11,-222]]]
1626698	p	1624041
