1275339	n	72.7728,19.0343,72.9438,19.2744	[[[727728,192548,26,-501,140,127,127,205,130,157,150,-12,-103,-118,-173,-290,-191,-430,-18,-89,33,-93,73,1,74,64,56,149,60,37,68,-1,51,-61,-7,-55,-102,-101,-26,-74,7,-28,15,-61,93,-182,20,-107,-11,-114,-49,-120,1172,-508,91,208,-165,117,70,135,17,348,81,72,-555,297,284,820,-62,100,8,1,45,59,-10,35,21,57,32,30,27,0,17,23,12,48,33,9,1,-1,15,43,-1577,-196]]]
1273294	r	76.6177,28.4007,77.5065,29.203	[[[766177,285662,56,-323,826,-469,-9,59,75,-25,53,11,75,-47,835,284,5,-18,-17,-39,95,-20,77,-34,208,-41,84,13,102,-6,78,-28,23,-1,73,69,1,-1,2,1,35,-33,65,-6,65,83,45,-2,40,49,140,-69,67,36,74,5,83,-57,95,0,256,160,125,-77,59,61,133,-50,69,64,-157,99,4,25,61,74,57,-4,111,-78,178,-70,4,-3,6,-2,51,-43,-23,-43,210,-47,51,84,216,-64,48,-25,-29,-43,19,-22,218,-98,-70,-219,110,-135,42,-169,46,-39,170,-23,135,-81,31,-28,-7,-113,89,-98,41,29,45,16,77,-15,31,6,47,1,55,6,30,7,23,-2,33,3,34,9,22,-4,-1,17,99,17,109,73,114,41,27,79,-35,2,0,138,-33,75,-29,23,-84,-16,-15,34,26,126,77,77,51,19,155,49,79,14,-5,27,6,9,44,26,105,25,8,3,3,0,22,5,1,0,51,-7,16,-9,36,-8,0,-45,59,-2,76,-60,25,22,2,8,20,11,88,23,29,61,18,24,39,50,-5,10,0,1,5,8,30,18,61,65,21,-47,4,-47,44,-43,24,-8,21,8,13,15,42,-26,6,0,18,-2,25,20,47,-23,-17,-57,9,-40,-8,-33,28,-45,15,-45,54,-57,74,-26,42,43,156,-74,-36,-28,-33,-61,136,-35,16,9,49,-11,132,27,48,-161,0,-1,-1,-8,-21,1,2,-14,16,-17,-18,-32,60,-9,-1,-1,1,0,-15,-10,11,-12,106,-17,-6,-21,107,-3,-13,-68,24,-25,28,2,2,9,36,11,1,0,25,-4,26,24,25,-13,61,-91,-6,-27,-13,0,-1,-13,-7,0,-5,-33,7,-9,26,19,28,62,46,26,24,4,16,22,42,10,60,4,9,39,-8,17,-44,33,-61,23,-6,27,17,19,-39,20,6,5,1,0,23,-1,14,14,28,61,1,20,-7,11,-38,24,-21,2,-14,-7,-20,12,-16,27,8,54,-11,20,-47,25,-32,-8,-1,0,-29,8,-4,7,31,10,8,12,0,16,-16,22,-30,6,-29,-17,-32,-5,-20,8,-24,27,1,23,57,57,21,12,9,24,-15,32,-27,10,-39,-3,-1,17,12,10,27,0,4,27,14,11,34,-17,29,9,12,13,-3,14,-20,7,-54,-2,-52,-12,-16,3,-13,9,-4,51,-27,25,-27,12,-36,2,-38,-16,-13,1,-11,32,4,13,15,9,-6,10,-19,-5,-27,-32,-51,-19,-47,10,3,20,32,51,-6,24,-28,18,-9,17,-9,109,1,30,15,45,-1,6,-1,20,-6,7,-45,7,-43,17,-34,51,-26,76,29,13,33,-23,21,-3,7,30,-27,55,-91,50,4,9,35,16,22,17,9,20,-2,21,-40,37,-39,24,-27,37,4,14,19,16,14,57,13,19,62,44,6,75,-7,12,-72,25,-15,12,-41,-36,-13,-1,-46,23,3,80,36,58,4,32,-27,18,-48,17,-26,33,-45,33,0,1,-126,-32,-476,2,-37,-9,-45,16,-11,9,-29,26,-52,10,0,1,44,91,8,32,-6,25,-13,20,0,80,24,71,19,15,8,67,49,7,29,30,-23,68,-70,103,22,37,-5,64,57,44,-66,-2,-20,-15,-11,11,-42,15,-14,-13,-23,6,-91,-16,-54,-20,-21,-61,-56,27,-21,20,-29,60,0,1,31,27,3,37,12,18,-44,23,-46,53,-19,22,-43,31,-148,0,-51,29,-5,26,6,19,14,29,5,11,17,17,1,18,-9,21,-34,15,-5,17,-60,-3,-3,0,-1,0,-103,37,6,28,-31,93,-15,-1,-6,0,-6,38,-119,42,70,54,-36,18,-106,-20,-65,23,-73,103,-8,75,29,91,166,-28,-3,27,10,40,37,21,6,27,-28,44,11,72,50,-28,-10,-10,31,-34,-4,-26,20,-15,28,-1,74,13,81,-11,17,9,-1,17,10,2,63,91,17,-16,19,-7,17,13,81,3,25,10,41,1,49,-14,104,-61,0,-1,-7,-31,7,-31,-15,-76,81,-46,-15,-24,0,-15,-18,-41,14,-16,14,-17,-8,-6,24,-14,-3,-4,20,-16,-2,-6,22,-25,80,45,71,1,45,69,28,-13,-36,647,-31,51,-969,56,-11,25,12,-1,32,15,17,21,-10,56,1,55,5,11,45,35,1,59,21,53,-21,89,-14,25,-7,8,-56,18,-29,51,-60,24,-20,19,-37,17,-35,7,-39,-14,-15,4,-35,26,-20,28,-3,22,16,50,-25,51,-17,73,16,23,7,57,29,23,29,36,13,66,2,71,-7,20,-39,18,11,17,-14,2,-45,90,-4,22,-18,25,-3,35,24,38,-17,65,-24,38,1,42,-11,22,-41,18,-61,-21,-96,33,-15,14,2,31,30,23,22,68,-33,56,-8,24,-1,40,-18,59,-10,122,-13,28,-15,15,-56,-17,-91,11,-4,2,-4,1,-33,21,-36,46,-1,5,-18,25,-191,37,-523,1090,-1479,-165,-233,-463,-17,12,11,26,-44,7,-31,17,-5,-18,-36,-41,-73,-63,-97,23,-100,35,-44,-44,-12,-25,-23,-25,6,-39,26,-44,35,-24,10,-33,31,-16,58,-7,-4,-8,-126,-47,-28,-44,-60,16,-124,-28,-54,-101,-46,-59,0,-5,76,-12,16,-11,-5,-16,-22,-28,-19,-52,-46,-35,8,-19,-6,-13,-54,-16,-16,-14,-29,-46,-13,-43,-18,-19,35,-46,83,-43,146,71,51,-3,64,29,26,1,40,-11,-5,-10,-30,-17,-44,-60,-26,-113,-35,-29,-26,-49,-18,-9,-35,6,-69,18,-56,31,-73,-82,-67,-106,15,0,28,-32,46,-23,20,-25,42,-12,64,-13,-235,-466,75,-252,49,18,47,-5,28,-49,1,-18,32,-36,21,-59,-15,-85,1,-53,-50,-100,33,-112,-741,-1126,-1,0,-94,-105,-46,21,-66,-4,-80,18,-70,-22,10,-51,-47,-107,-16,-61,-40,-6,-49,3,-33,-40,-79,-177,-66,-62,-16,-24,45,-15,10,-238,-8,-22,23,-40,-6,-23,-695,-1056],[768805,285056,11,43,20,26,-31,-69],[768736,285330,33,-81,-26,38,-7,43],[772040,288569,59,8,-29,-4,-30,-4],[773254,285981,63,30,-58,-29,-5,-1]]]
1277333	r	77.2492,12.3382,78.0848,13.5126	[[[772492,130449,2691,-2896,588,-206,2117,-3965,434,204,98,46,2352,3526,-12,2,-82,73,-9,21,14,136,40,101,15,130,62,105,0,56,-37,46,0,9,85,134,-317,563,-14,-2,-15,-47,-198,35,0,61,-74,-15,-1,-33,68,-42,-13,-40,-40,-33,-54,22,-14,-132,-78,-5,-61,-51,90,-63,19,-50,-49,-82,-32,28,-63,5,-49,-23,-69,19,16,133,-108,58,13,79,-158,-26,-22,19,-1,61,32,75,-19,20,-51,-26,-53,23,-4,67,-98,13,-27,-36,-7,-82,61,-78,-53,-154,-67,4,-68,65,-41,1,-23,-26,-32,39,-3,79,27,34,42,78,-6,65,38,9,69,49,5,8,62,37,12,58,-151,10,5,72,70,-4,19,32,-11,30,-58,38,-39,-3,-44,-65,-116,8,-16,-70,-129,8,-44,-90,-51,10,-20,-11,-3,-5,-155,-11,-13,80,-107,1,-34,147,72,176,24,58,-51,22,-122,-1,-24,-24,-27,78,15,30,64,15,36,58,82,36,100,-19,15,33,30,81,-66,57,45,89,-63,63,-6,75,67,-7,-4,122,27,20,4,105,53,76,65,34,9,114,65,150,-61,21,16,83,43,8,-9,60,17,16,114,-48,84,-6,53,25,26,102,66,73,92,-24,41,28,-19,148,-9,-50,-69,-46,-56,19,8,68,-86,-34,-51,15,28,68,-50,84,-96,38,-2,26,128,87,13,79,82,-31,-5,-34,24,-18,119,-28,19,170,65,-15,28,40,76,-13,16,40,-23,98,6,16,-173,708,-2048,333,-63,175,-2269,2495,-58,-8,-220,-54,-213,-75,-205,-95,-194,-114,-182,-132,-168,-149,-152,-165,-135,-178,-116,-190,-80,-165,-163,-1246,15,-96,55,-215,76,-209,97,-201,116,-190,135,-178,152,-165,168,-149,98,-71,-1125,-153,-417,-479]]]
1269843	r	78.0982,16.8881,78.8085,17.7156	[[[780982,174192,404,-935,120,-105,186,-132,198,-114,209,-95,217,-75,173,-41,-557,-703,104,-1255,2911,-1856,323,30,331,53,327,73,322,94,314,114,306,133,104,53,9,24,49,47,14,102,-49,31,31,59,25,15,44,-47,195,75,177,-25,55,38,560,1194,-2244,5982,-762,-963,-1,3,-119,190,-138,178,-155,165,-171,149,-186,132,-198,114,-209,95,-217,75,-225,54,-228,32,-135,6,-2114,-2964]]]
1279233	r	71.8406,21.9825,73.1163,23.5676	[[[718406,223218,81,-29,-11,-40,101,19,-12,-49,16,6,11,-48,-71,-171,24,-5,4,-47,110,-35,31,-159,96,-41,17,-80,93,-4,80,23,1,24,65,8,41,-38,210,163,48,-4,42,-165,51,-16,532,-23,122,-44,51,-49,173,33,-50,-333,-80,-166,157,-145,56,-215,19,-106,-93,-270,242,-191,38,12,-26,-79,38,-109,190,-292,237,-7,19,40,174,-13,276,-417,181,-210,63,-39,120,-2,268,-80,87,28,387,-27,25,11,178,544,-4,21,-29,154,92,151,38,153,97,151,60,93,42,112,-17,120,-61,85,-37,198,94,175,-148,95,-32,352,47,59,197,44,65,136,106,82,82,32,132,-2,67,23,15,339,78,113,38,106,81,58,44,71,10,72,5,6,1,3,12,12,106,117,6,50,2,12,-7,34,-41,46,-99,66,-3,2,-9,5,-345,42,-21,11,-15,2,-6,9,-14,8,-32,68,265,205,53,396,-63,-55,-111,-9,79,131,94,-30,36,19,13,68,-24,141,312,85,13,-57,17,10,150,122,103,148,36,51,12,247,-8,37,-12,38,-150,199,0,6,-5,6,0,44,7,10,1,4,7,6,23,28,26,10,17,13,7,-5,5,2,92,-82,66,56,180,64,223,211,159,73,18,185,59,87,62,-5,38,-64,21,34,56,-33,62,0,-37,166,56,93,42,22,83,-36,95,31,100,-2,-93,65,3,45,-124,-3,12,84,-176,21,-44,31,-7,35,158,49,28,36,-9,30,-208,29,-53,47,1,71,42,46,150,-33,34,25,-168,217,9,51,110,69,39,61,-188,12,4,32,64,49,-4,57,25,10,-155,116,57,72,21,97,166,102,90,5,23,85,203,119,111,-78,19,44,143,14,9,-90,95,-23,-2,93,-56,127,14,60,581,-253,1321,911,1384,954,1840,543,-1013,2271,-2190,1450,113,114,117,261,-47,140,-146,141,-17,81,-121,1,-141,146,-69,-66,-23,-84,-209,35,-16,-31,-60,-2,-26,42,-28,-7,-60,-103,-43,3,-13,26,21,14,12,-19,74,69,27,151,-55,8,-7,48,-162,34,-78,-10,-23,-53,-70,-3,-52,89,-99,-12,43,207,-15,48,-156,7,-22,-64,-63,7,8,155,-84,11,-230,-110,0,-81,30,-46,-58,-46,-16,-278,-58,-19,-86,11,-29,85,-180,27,-77,-338,-14,-234,-73,-62,1,-30,-82,8,-47,5,-94,-30,-56,-114,58,-107,-11,-27,-138,-54,-46,14,-22,-81,32,-123,-158,-86,-76,-127,1,-1,0,-1,63,-97,76,-47,18,10,51,-64,-50,-88,15,-39,-99,-4,-53,-40,-53,2,-121,-58,-36,0,-79,55,-54,-16,84,-122,43,-134,-41,-59,-213,6,172,-69,-13,-42,-97,-20,-21,-30,-123,5,-27,64,-111,64,-100,-46,-47,-94,455,1345,-2845,494,-85,-59,-178,-149,-95,-97,-51,20,-25,-31,-124,48,-185,-41,-99,100,-115,-4,-358,-161,-90,150,-90,-11,-6,133,-68,51,-5,22,-2,2,1,2,-1,4,6,4,15,25,29,49,46,149,-10,69,-70,2,-11,-5,-1,0,-1,-1,-212,-87,-15,0,-16,-6,-27,4,-7,0,-54,-142,-128,-62,-8,-38,-156,-121,34,-284,32,-31,-20,-219,-123,-216,-278,22,-253,-90,-46,6,-105,94,-174,-90,15,-126,109,-115,1,-57,72,-92,2,-77,40,-57,-60,-10,-84,-68,-38,-118,78,-74,-35,-99,146,123,192,132,206,114,216,95,226,75,233,54,237,32,239,11,239,-11,201,-27,891,-1275,1029,-1471,200,-27,102,-5,67,-65,1,-122,-201,-101,-75,-69,-53,46,-17,86,-70,65,-58,-150,-102,-201,-123,-190,-143,-178,-161,-165,-178,-149,-192,-132,-206,-114,-216,-95,-226,-75,-233,-54,-237,-32,-239,-11,-239,11,-237,32,-26,6,-3,-7,29,-110,-123,-146,-6,-195,52,-174,143,-257,46,-17,41,2,103,102,64,314,1,-204,73,-129,-49,-62,-13,-107,128,-109,88,-22,-101,-282,86,21,-13,-109,81,-28,-85,-62,158,-167,383,-128,-141,-456,-263,-5,-104,190,-156,-86,-187,-53,384,-265,28,-128,-6,-188,207,36,0,-23,40,5,1,-110,-20,-23,638,-266,145,-105,110,-117,9,-39,81,-39,47,-116,-168,-54,-273,-199,52,-68,22,-90,-47,-55,160,-161,-69,14,-93,-55,-16,-35,-256,-107,-148,-149,-36,3,-121,-109,-62,-2,-308,74,-22,327,-24,-21,-30,10,-65,87,-34,71,-23,163,-54,39,-122,19,-373,-8,-4,20,-110,18,15,104,45,25,-22,102,-110,64,-183,35,-155,-136,0,-56,-125,-29,50,-165,53,-21,38,15,38,-64,-121,-12,-26,-193,200,-27,49,73,258,56,11,-192,38,-8,-301,-91,-82,-102,39,-257,36,-56,-33,-62,62,-108,-18,-78,23,-124,-66,-41,-9,-5,-87,66,-10,8,-1,1,-63,-74,-37,202,-141,227,-10,-1,-105,-7,-33,-93,-64,-63,-78,-12,2,-33,-39,3,-102,-64,23,-249,-116,-45,-8,-3,-11,-24,-28,-56,-60,-368],[722885,233932,4,57,4,-1,-8,-56],[723050,230855,7,93,-4,-95,-3,2],[723058,230963,0,3,46,57,36,18,-82,-78],[723188,231065,24,12,34,-2,-58,-10],[723363,231071,2,0,8,-8,-10,8],[723365,231071,16,107,34,79,2,1,-52,-187],[723415,231024,37,-34,6,-15,-43,49],[723423,231259,18,5,4,-7,-22,2],[723494,231252,13,2,15,-5,-28,3],[723570,231231,8,-3,32,-73,542,1601,82,-135,-3,-45,39,0,-13,49,74,13,130,-84,4,-108,-201,43,-1,-51,50,-44,13,-166,68,-66,3,-119,92,-37,-8,-48,-91,-4,-18,43,-144,95,-73,-58,-2,-165,-130,6,-49,-76,-131,-81,-2,-81,28,-97,105,-61,190,21,21,12,-6,42,111,-44,-16,-74,-99,-129,-165,31,18,-83,-118,-33,-9,-30,-33,-8,-9,-70,-83,-38,-69,-116,-32,13,33,50,-18,56,-69,51,-12,23,-39,78]]]
1264527	r	79.9855,12.7527,80.3479,13.5382	[[[799855,130600,56,-34,12,-12,11,-27,3,-69,285,-51,27,-30,-21,-151,41,-32,144,-15,20,6,-12,100,36,-30,3,-39,54,0,103,60,8,62,62,3,18,27,21,-12,73,-201,-10,-63,-78,-1,-100,-48,23,-161,-18,-28,-89,-5,-75,-187,6,-32,53,-66,155,9,65,122,63,5,10,35,36,-19,4,-31,-26,-72,110,-39,121,-42,-15,-19,5,-49,-92,10,-30,-53,-11,-66,-20,-39,-2,-43,-131,-87,-12,-3,-13,-14,-46,-91,-25,-27,-13,-34,80,-25,102,4,79,-27,37,-7,40,1,34,63,28,14,21,-17,20,20,71,18,52,-8,30,-17,36,-67,71,-67,82,33,83,-30,-8,-15,-34,-23,-12,-58,-12,-3,-15,23,-26,0,-28,-12,-55,-30,-34,-54,-9,-35,9,-20,72,-23,7,-18,21,17,43,60,67,-19,121,37,15,2,7,-40,17,-30,41,-38,13,-32,-18,-35,-55,-27,-58,-16,-67,5,-52,23,-28,-16,-56,-113,-19,-96,17,-31,39,-41,0,-6,1070,-714,34,98,115,729,29,599,30,620,35,186,101,535,23,281,10,-1,14,49,73,172,38,65,95,100,57,98,-66,298,-2,105,69,182,104,161,86,177,14,231,-65,-17,52,152,-25,-4,-33,9,-36,-26,-54,-13,17,179,39,-23,105,-40,21,280,93,503,22,279,-38,263,-100,376,-70,174,-133,-32,-14,-40,-54,-102,-138,161,-183,109,-99,89,-284,-1399,-178,104,-205,95,-213,75,-219,54,-224,32,-226,11,-226,-11,-224,-32,-219,-54,-97,-34,-77,-670,20,-26,3,-40,-10,-6,2,-28,32,1,29,11,41,-3,-4,-68,-80,-39,-17,-4,-25,7,-8,7,6,13,60,15,1,9,-14,9,-9,22,-10,8,-30,-1,-27,-233,55,-4,97,-31,59,13,32,25,5,18,-25,55,2,37,67,-3,36,-50,61,-7,111,-46,149,-4,17,-20,-6,-53,-18,-26,-89,-58,-11,-15,-2,-28,32,2,51,-15,21,1,43,35,52,14,49,-9,67,13,0,-66,-6,-68,-205,11,-28,15,-22,-5,-35,-33,-37,-13,-84,39,-25,0,1,-26,-8,-8,-48,-19,-107,-20,-119,-84,-58,-30,-2,-124,47,-17,24,-45,0,-76,21,-17,1,-13,0,-68,-11,-35,12,-40,28,-43,0,-57,-37,-1,-144,-44,-74,0,-45,-22,-2,-23,33,-34,2,-26,-13,-17,-10,1,-17,15,-14,-1,-6,-3,-4,-37,30,-81,-20,-51,-24,-15,-3,-1,-3,-26,-95,-234,-110,-116]],[[802778,135124,291,-715,68,0,-41,384,-215,478,-50,111,-53,-258]]]
1275004	r	87.8576,21.9833,88.8332,22.9708	[[[878576,224675,5,-97,35,-219,58,-215,81,-209,102,-201,122,-190,142,-178,160,-165,149,-125,-72,476,-129,426,-163,208,0,62,214,-6,124,-112,57,-181,14,-211,32,-176,135,-369,33,-208,33,-97,146,-82,216,-95,89,-29,1241,25,763,-110,2967,-2746,18,-18,222,49,259,73,253,88,188,79,134,178,56,180,-5,113,-55,190,-17,247,9,65,29,65,88,98,40,192,94,173,20,55,34,13,63,142,51,157,-9,60,197,-6,32,-194,-91,-229,-170,-110,-175,-416,0,-123,55,-221,38,-291,29,-107,80,46,220,147,122,93,-10,20,19,156,69,144,105,131,144,122,173,81,178,12,121,156,143,214,127,222,112,230,95,236,79,241,38,154,-530,660,-468,582,-644,0,28,178,12,222,-12,222,-35,219,-58,215,-80,209,-94,186,3,0,20,52,-8,109,175,963,-768,1000,6,38,-36,91,17,47,-19,41,3,23,-7,19,-52,18,-36,27,-12,17,-18,0,-83,-27,-2,-3,-409,406,130,828,-1140,0,-230,200,-999,0,-1408,408,-11,-17,3,-2,-53,-55,-143,-178,-123,-190,-102,-201,-81,-209,-36,-135,-63,-165,-58,-215,-35,-219,-12,-222,12,-222,35,-219,6,-22,595,-136,148,-51,960,-500,853,0,65,-42,91,-158,-48,-165,4,-22,28,-51,38,-128,-39,-93,-43,-51,18,-15,-18,-31,-16,-11,-34,-38,-23,-79,-214,-371,-13,10,5,6,-11,9,-66,-36,-10,4,-121,-23,-27,1,-104,41,-31,-2,-43,7,-2,6,-6,-6,-16,8,-5,-4,-46,13,-63,19,-185,35,-1,0,-1,0,-815,236,-321,232,-756,983,-118,-16,-232,-54,-224,-75,-216,-95,-132,-74,-852,-1520,-294,-525],[883171,224400,71,-10,-3,0,-68,10]],[[887109,220778,115,100,185,184,171,194,17,22,-295,-242,-153,-166,-40,-92]]]
1255364	r	72.5646,20.8156,73.699,21.5693	[[[725646,213858,30,-94,113,-94,152,-42,293,75,67,4,0,-13,81,5,11,-49,-88,-88,-273,-35,-127,-42,-37,-73,18,-92,93,-244,3,-20,-9,-35,-74,-71,13,-76,101,-42,8,-55,20,-56,-8,8,-38,-26,29,-90,-43,82,-15,-158,104,-182,69,-37,53,16,-40,50,8,93,-4,-97,50,-37,52,137,-37,10,53,-2,-18,-28,-33,-107,33,-15,77,23,-6,-6,70,-115,-8,-29,-26,-25,-101,36,10,-95,-19,-10,25,-6,-39,-1,-21,-30,17,-182,26,-39,53,47,-49,-56,8,-18,-41,16,15,-34,-33,-30,-22,-145,1,-97,46,-139,51,-58,-6,-6,-59,47,1,-111,-71,-77,-5,-139,57,-70,-70,-81,80,69,58,-104,81,-66,-37,-30,-101,87,-48,-16,35,4,296,-335,75,41,1,162,433,67,-6,-39,82,36,48,-24,111,-6,10,-145,12,0,0,4,28,-4,59,-89,22,-9,14,2,99,59,11,65,251,-15,83,32,95,82,212,-179,125,36,47,-38,29,-55,-13,-130,29,-28,34,12,59,116,77,-95,80,-1,-35,55,-6,70,59,29,85,-36,-1,70,102,-9,22,-54,46,-20,40,143,37,-106,123,-99,64,-14,11,1,127,23,-3,14,-20,23,5,54,37,-4,109,77,46,1,66,103,103,-37,-5,83,77,-53,-52,-107,124,69,4,2,45,-12,15,-31,67,18,4,-2,5,1,14,-9,34,-14,13,15,7,18,-18,77,-3,8,-57,28,44,43,56,-95,67,2,8,-31,75,-17,36,-72,0,-82,-58,-18,8,-117,-35,-16,-29,-13,14,-110,66,-35,101,16,56,-128,35,-32,45,22,103,-138,72,-46,6,-32,66,-12,-11,-56,28,-35,30,14,40,-21,13,24,4,8,8,-19,18,-40,34,-9,1,1,16,21,-8,-29,-2,-7,23,-29,8,9,10,10,36,-8,-4,-40,-2,-16,22,-17,-16,-34,39,-24,-28,-86,26,-24,-17,-22,20,-40,64,-66,84,-6,27,-28,158,-42,1,-251,92,1,29,69,20,5,3,4,17,1,11,2,5,-2,26,2,92,-43,10,-4,82,21,10,-6,8,2,28,-17,20,-12,4,-2,1,-1,6,-3,67,-95,63,-8,42,-196,61,10,2,-106,166,17,26,-42,18,14,56,-34,47,9,85,-69,39,26,82,-34,-35,-159,36,-72,56,-19,3,-36,186,10,64,-42,22,39,82,-18,30,-32,94,23,3,4,-21,46,59,124,-26,17,35,16,1,29,46,-16,19,16,-10,62,-97,29,-1,2,-3,1,2,15,-2,18,20,99,17,113,6,6,5,23,45,33,7,-2,3,3,14,-8,32,-10,12,123,-23,101,-75,55,-6,50,-41,-4,-88,59,-62,141,-42,-31,-84,-7,-15,-28,-141,-33,-10,203,0,8,-39,40,-114,7,-72,40,-67,-16,-202,68,22,43,99,59,33,84,113,53,40,100,-142,184,-125,13,-94,81,9,44,-40,44,110,107,-25,128,-64,6,-35,62,7,134,-21,59,157,-8,15,42,75,-18,9,119,35,11,194,-37,3,36,58,8,-60,217,-199,28,-9,116,-30,49,63,-3,15,-36,32,-10,128,-4,68,-65,43,26,21,80,90,-10,14,157,141,91,-10,62,29,98,-36,118,55,123,114,1,84,31,9,23,202,101,47,24,-1,22,85,23,32,-46,177,20,11,31,105,57,19,158,-60,83,-30,125,-38,29,8,42,474,91,145,-25,153,-78,31,87,30,10,6,109,-32,144,18,48,-45,13,-35,65,-72,-15,79,122,-15,192,161,384,533,-41,22,-16,-13,-73,29,-134,123,-66,29,14,-26,44,8,75,55,12,14,36,69,-2,48,-45,125,37,58,-32,169,49,12,-23,40,13,44,-27,45,46,42,-21,51,33,60,-4,8,52,32,17,546,53,176,97,143,33,-65,56,-12,147,40,118,-69,96,14,84,-133,260,-28,15,-71,-16,-171,82,-69,-34,-74,2,-65,-45,-218,-4,-60,119,-36,4,-326,-100,-97,-3,-69,58,-202,-9,-40,39,-82,-1,-50,42,-162,-18,-9,53,-41,-3,-34,39,-12,101,44,93,-13,15,-197,-71,-30,116,-69,25,-56,56,-100,-35,-162,1,-107,-37,-4,-65,-31,-31,-134,-25,-113,73,-108,33,-96,-21,-213,48,16,-50,-77,-149,-163,-144,8,-23,-179,162,28,62,-122,10,-103,-23,-110,16,-32,27,-98,-73,-63,2,11,-59,-74,-40,-57,18,-104,-18,-106,39,-79,70,-269,20,-171,-115,-302,29,7,-38,-89,5,4,-60,-62,0,-80,-52,-20,12,18,46,-35,86,-145,20,39,45,-17,34,-256,-26,23,35,-8,271,-38,157,-74,121,-130,55,-82,-59,15,-213,-85,-34,-33,-53,25,-90,171,-215,-15,-187,-80,-38,-35,13,-10,-46,-55,77,-106,-21,-35,57,9,44,-28,-15,-1,36,-40,40,41,223,-29,5,-17,38,-82,-15,-24,66,-97,112,-95,-4,-16,-15,23,-98,-32,-73,-267,-38,-158,-65,15,-106,83,-110,18,-69,-146,-104,-150,-42,7,-105,-24,-62,-80,-98,-29,-101,-39,-28,-131,34,-62,115,-56,-23,-67,-85,-42,23,-29,-29,21,78,76,51,-11,45,-57,51,-31,-119,-95,33,-76,61,-48,-38,-89,-11,-38,-84,-70,-36,-31,-104,-97,-40,-75,34,-186,-40,-43,69,52,178,-14,120,-6,2,-1,4,-5,-1,-18,9,-107,-33,-56,-26,-12,-50,-53,-1,-91,60,11,75,-27,47,-66,0,-33,60,-52,19,-179,-78,-116,-1,-94,-29,-91,-116,-35,25,-35,-90,-192,-20,-91,-138,11,-128,-180,-98,-614,-174,-91,-43],[726132,212570,6,11,6,-7,-12,-4],[726278,212111,14,-4,20,-41,-34,45],[726339,212366,5,27,50,23,-55,-50]],[[725837,214174,288,45,369,248,20,34,34,173,89,55,74,218,34,-26,68,43,58,103,-279,73,-81,-70,-160,-77,-155,-119,-297,-546,-62,-154]]]
1259229	r	73.3505,17.8953,75.163,19.3947	[[[733505,187581,73,-26,9,-32,-20,-126,1621,2110,30,-13,200,-114,187,-132,2,-3,-314,-3690,-1,-7,-74,-42,-210,-95,-220,-75,-225,-54,-231,-32,-232,-11,-232,11,-231,32,-54,13,125,-146,157,-120,102,19,-12,-31,-96,-39,-48,-63,-41,-5,-24,24,46,-113,-99,-18,-45,45,-40,-6,6,-79,41,-71,75,-38,49,139,54,-46,11,13,-33,47,26,35,39,-19,20,30,-6,73,65,-14,67,99,63,-9,-47,-164,45,-79,-77,-1,34,-98,-31,-39,9,-153,-81,-45,54,-199,9,-216,81,-13,37,70,73,-34,45,-103,9,-185,128,-91,30,-55,-137,-262,-46,-37,-20,-99,47,-33,-71,-67,30,-57,68,-39,92,77,86,-2,64,-102,249,26,-19,-171,34,-147,85,74,65,7,74,55,25,-17,17,-80,102,-4,-45,-81,-61,-38,9,-43,39,7,6,-33,52,6,11,-79,33,-1,41,-329,-24,-14,25,1,19,-151,-13,-16,-19,-83,43,11,148,-1185,368,-113,346,47,-6,-24,38,-12,18,-48,87,-41,22,-41,84,8,123,-62,-8,-40,71,-12,95,-104,213,137,187,81,59,-32,115,4,109,-61,241,-2,-13,-66,102,-78,90,45,27,-37,35,26,50,-48,53,-5,24,53,51,-16,53,75,85,46,145,-71,40,25,91,-2,53,77,53,-65,57,-14,141,220,-12,223,98,97,-65,119,1212,164,261,244,91,-61,112,14,103,54,74,-6,94,-38,66,-75,10,-45,176,-4,88,5,108,75,76,20,157,-152,137,38,79,-102,74,-42,194,57,109,-73,84,-21,48,-56,86,-6,3,148,44,193,-25,38,-71,-1,-10,31,112,-14,136,73,103,112,7,83,35,45,0,88,-38,86,43,71,-50,109,34,178,-29,54,20,130,-34,59,173,236,35,350,62,39,47,216,25,37,78,27,188,19,34,70,9,126,-32,215,64,-15,137,20,123,71,51,-7,65,69,80,5,73,-124,37,-12,7,-152,47,-78,109,-21,163,73,51,-17,153,57,76,-70,128,18,3,-107,84,-7,33,-73,156,-23,22,-24,-2,-65,81,-5,157,-54,133,33,146,-44,129,94,192,47,110,59,183,132,51,-7,301,-149,-21,-44,59,-94,7,-208,70,38,159,27,244,-41,276,23,135,-42,-16,-312,-191,17,-211,-38,-9,-78,-77,-80,-28,-106,-39,-439,111,-101,-48,-113,-7,-144,15,-76,94,-175,65,-66,-6,-110,47,-55,-3,-125,-168,-301,-5,-81,-2,0,87,-68,81,-21,2,-5,8,-3,71,-209,115,-5,44,-66,60,-25,114,23,181,-46,31,-87,37,-13,120,73,52,4,127,-128,107,-22,115,-116,112,39,-8,98,67,38,70,-74,57,-141,48,-10,103,45,154,-42,12,-36,-39,-177,-150,-175,9,-69,64,-11,104,56,71,2,48,-74,106,-19,97,-57,139,83,87,2,126,-44,77,9,54,-46,-5,-123,114,-20,54,-27,71,-36,208,5,309,-80,24,-120,60,-17,127,109,138,-26,5,51,-81,117,68,71,50,3,150,-107,110,48,48,49,-77,100,17,44,154,49,89,-74,54,-6,53,93,92,43,39,63,-14,34,-110,45,-17,28,20,36,180,-13,-57,80,-51,180,-114,40,-50,-47,-52,-190,-58,-18,-185,66,-92,-26,-91,-212,-36,-46,-62,-23,-120,-8,-173,138,-8,30,69,210,190,243,51,112,274,138,43,61,20,133,99,127,144,43,200,10,55,154,45,51,147,48,88,83,0,62,-68,68,-125,12,-150,-36,-167,0,-88,9,-59,7,-27,31,-33,165,16,74,109,196,84,309,-31,204,-133,9,-142,-25,-208,-176,-228,-41,-139,-54,-61,39,-71,137,3,46,202,301,117,81,30,88,-31,29,-495,-226,-134,40,-185,94,-99,123,-43,2,-218,-59,-243,7,-181,-71,-44,-40,-402,-42,-90,66,-328,348,-6,81,27,50,50,21,311,-80,59,27,65,75,-13,64,-154,165,15,84,-23,30,-208,51,-141,96,6,76,96,136,40,102,-94,72,-60,105,-152,79,-133,-40,-130,-87,-140,6,-92,45,-21,111,-80,75,-23,61,12,91,50,85,45,397,-196,200,-81,23,-159,-92,-232,-63,-50,-155,84,-70,81,-4,20,-58,-31,-32,-135,-24,-109,-70,-150,40,-163,143,-300,30,-61,25,-104,127,-139,92,-85,125,42,58,92,42,55,64,56,122,-16,79,79,2,5,49,-119,60,-127,180,-104,59,-19,35,33,177,79,65,-24,50,-138,60,-167,-47,-102,0,-34,102,-223,63,-106,100,-14,39,21,52,127,-17,45,88,93,23,97,85,-55,110,-85,13,-79,-30,-120,103,-5,63,66,103,-25,146,-64,56,-77,22,-128,-40,-89,8,-9,130,-157,142,-168,-69,-107,-2,-46,256,60,84,-100,61,-61,212,99,157,46,26,-4,32,-57,59,-134,2,-300,136,-36,-4,-82,-80,-107,11,-47,30,-156,145,-13,89,24,45,-56,40,-13,93,-56,51,-6,168,-86,16,-61,103,-97,39,-93,173,-86,70,-34,107,-123,-14,19,50,-32,31,13,71,-65,-4,-85,40,-13,58,50,74,-45,104,-62,-24,-39,21,38,69,-21,66,-130,-26,-9,87,-89,17,-19,79,-88,20,-53,50,17,26,-27,73,142,143,13,43,32,8,-1,182,112,104,-48,114,126,274,135,4,46,-61,39,1,115,217,59,14,84,124,85,53,-29,56,27,53,-4,63,107,59,176,-3,9,37,77,16,70,88,4,40,62,32,-10,22,-238,87,-198,27,-94,50,-55,-52,-96,-15,-44,-54,-106,-38,-1,-29,-48,-31,-83,-11,-188,59,-111,9,-119,99,-76,36,-15,4,-46,-88,15,-70,-81,-38,-39,154,20,6,-33,14,-6,40,-253,-34,-87,39,-18,37,-16,-39,-80,46,-54,2,0,26,-31,-12,-136,68,14,-62,77,-42,-36,-5,-120,77,-57,-4,-112,104,-63,-43,-44,20,-46,183,-142,-122,20,85,-70,83,-28,3,38,41,-10,36,40,34,1,50,-64,58,-39,-49,-36,102,-17,-14,-27,27,6,43,31,1,35,-41,36,47,27,-14,-54,108,46,-2,7,47,-72,10,16,62,-72,77,-5,62,-98,61,-23,180,-44,-70,-227,-34,-33,51,-31,-37,-125,-28,16,-58,-52,-17,-31,27,-18,-30,-15,48,-17,-23,-36,8,-5,-40,-45,22,-64,-25,-138,235,-92,0,-127,100,-62,11,-92,-132,-92,-50,-130,3,-127,108,22,48,-52,49,-121,55,-46,52,-85,10,-49,53,-67,20,-231,-79,110,-235,45,-49,-18,-77,50,-101,-15,-89,-31,3,-16,48,-78,-36,-85,70,-22,-86,-139,-30,-21,-4,-90,-49,-42,12,40,108,-396,-99,-142,-120,-84,-19,-29,-72,-88,-17,-48,-81,132,-201,49,-14,39,-47,37,-99,0,-53,-90,-102,-96,-30,-163,-9,-280,-340,-41,16,-41,94,-5,-26,-102,-19,-37,-183,-22,19,-8,-32,-29,18,-27,-16,-32,23,-48,-39,-82,-18,-76,14,-1,24,-109,-39,-4,-54,-58,25,-47,-36,-99,32,-2,-100,-92,18,71,-176,-59,10,-57,-34,0,-23,28,-81,43,22,76,-85,-33,-215,-50,65,-110,43,-83,-250,7,-57,-64,-40,32,-109,98,19,25,-14,-63,-102,45,-187,-78,13,-25,-106,255,20,-65,-160,90,-86,-25,-68,66,-49,63,0,-135,-147,-63,-2,-5,-61,-94,-53,-22,-60,-76,-56,-19,-63,-139,14,-105,97,-61,18,-37,-125,-137,0,-33,-20,-47,-208,20,-160,-107,-52,-62,39,-44,-101,-72,-28,26,-52,80,-53,1,-42,-54,-9,24,-92,-12,-109,-107,-155,-135,-60,-107,-148,-53,70,-81,23,-48,-329,-47,-19,32,-137,-28,-112,-54,-48,-55,52,-47,-183,-69,-117,-59,-52]]]
1269515	r	75.3675,26.545,76.0787,27.3953	[[[753675,269200,10,-248,27,-247,45,-245,62,-242,81,-237,97,-232,114,-226,130,-219,146,-211,161,-202,176,-191,189,-182,202,-169,213,-158,225,-144,235,-131,244,-117,251,-103,259,-87,265,-72,269,-56,206,-31,569,0,52,35,52,-14,12,36,71,-54,-2,-3,482,0,206,31,269,56,265,72,259,87,251,103,244,117,235,131,223,143,317,5047,-1212,-295,41,102,60,215,36,219,12,222,-12,222,-36,219,-60,215,-84,209,-106,201,-127,190,-148,178,-166,165,-184,149,-199,132,-212,114,-224,95,-144,46,-51,-79,-177,43,23,91,-125,28,-245,32,-68,3,-28,-41,-28,2,-26,-104,-69,-10,-19,-25,-6,-22,43,-32,-6,-36,26,-8,-32,-64,-352,60,-150,-40,-85,-70,14,-210,-46,-44,-326,33,-97,-230,-48,-52,-114,-13,-16,-38,-91,26,-30,-33,-116,-8,0,29,-61,8,80,211,-34,108,-115,43,-151,-29,-81,-65,-166,-165,-148,-178,-127,-190,-106,-201,-84,-209,-60,-215,-36,-219,-12,-222,12,-222,36,-219,60,-215,84,-209,106,-201,127,-190,148,-178,166,-165,161,-131,-1884,-458,-7,-64,-10,-248]]]
1267995	r	79.93,25.971,80.892,26.8238	[[[799300,261751,1076,-1788,113,-63,319,-154,2019,-36,3420,2577,1994,893,679,1363,-2719,3499,-3910,196,-261,-258,-2730,-1727,0,-4502]]]
6619347	r	72.9012,18.7116,73.312,19.1895	[[[729012,187116,1600,26,2508,2612,-1354,1105,-458,114,17,66,-2,17,-24,-1,-47,18,-32,-2,-25,-28,-21,12,-7,28,-38,6,-36,-6,-85,70,-633,183,-15,3,-91,86,-65,80,-41,24,-23,226,-37,89,-21,20,-31,11,-15,-15,-42,8,-15,27,-16,-3,-12,-65,-84,-39,-17,-20,0,-3,-19,-103,-11,-27,5,-124,-22,-137,3,-44,-10,-17,-3,-24,9,-61,-18,-56,1,-10,-89,-28,-23,-224,65,-124,101,-37,-8,-19,-8,-4,3,-23,-35,-34,2,-23,-14,-7,6,-18,52,8,48,-21,-75,-144,68,-95,-42,-265,47,-118,135,62,9,-40,30,9,38,-29,67,-3,27,12,10,24,3,-12,3,7,32,10,25,4,19,-11,26,20,12,-14,112,52,9,8,32,81,96,-13,-102,-201,-44,6,-502,-133,-237,-99,-147,-13,0,-69,347,0,-111,-160,-138,-4,-142,35,-117,-38,-64,-833,150,-61,156,68,14,39,39,31,52,22,30,3,26,4,39,-35,-20,-82,-36,-89,-13,-61,65,-156,67,-78,283,-113,-138,-121,-108,-221,-37,-255,71,-229,-145,58,-110,102,-33,144,85,181,-358,375,-5,3,-103,84,-22,-278,-248,-863]]]
1264733	r	80.62,26.4543,81.6382,27.2848	[[[806201,268042,2719,-3499,2815,1242,3513,131,34,25,238,199,223,214,158,173,-68,10,-149,122,-70,-4,-15,-29,66,-54,15,-52,-42,-41,-131,-48,-59,5,-12,184,43,65,141,60,86,90,91,31,127,-78,69,-10,37,28,-28,123,-58,74,99,62,-29,92,36,80,-63,-14,-2,44,-110,29,-4,47,-62,43,3,43,-109,61,56,75,-74,48,43,59,-130,57,-11,57,-61,34,63,-10,15,32,-71,23,149,45,-35,19,12,23,-28,41,29,-20,32,18,-12,25,58,23,6,61,-29,5,18,25,23,-26,17,12,-14,67,-15,-34,-22,29,32,45,-20,37,28,80,24,29,45,-2,68,-38,50,52,35,92,52,36,94,-92,-25,-4,30,-78,104,-39,31,10,112,-64,-1090,3548,-2000,1058,-3750,-1142,-854,90,-455,-687,36,-109,-98,-25,-20,10,-1950,-2943]]]
1262180	r	78.7692,20.8843,79.4346,21.4461	[[[787692,211500,12,-222,34,-219,58,-215,79,-209,101,-201,122,-190,141,-178,158,-165,175,-149,190,-132,203,-114,214,-95,222,-75,229,-54,234,-32,236,-11,236,11,114,16,0,-423,25,18,-12,24,52,26,16,-10,131,95,-41,23,58,207,31,35,14,115,-121,42,-35,34,26,75,136,153,22,107,130,102,46,8,53,-14,92,-113,22,26,19,152,80,73,13,-26,51,7,9,36,74,-29,113,38,21,16,-3,84,70,-46,25,69,40,34,-24,140,43,7,-9,115,145,-42,-10,-35,98,-23,-42,-69,49,-31,20,47,87,-29,60,75,-11,51,39,29,143,-72,-13,-263,11,0,256,185,1350,412,63,65,141,178,122,190,27,55,127,990,67,524,-41,153,-79,209,-101,201,-122,190,-141,178,-158,165,-176,149,-190,132,-202,114,-214,95,-223,75,-229,54,-234,32,-236,11,-236,-11,-234,-32,-229,-54,-223,-75,-214,-95,-202,-114,-190,-132,-176,-149,-51,-53,-3,8,-142,7,-236,-11,-234,-32,-229,-54,-222,-75,-214,-95,-203,-114,-190,-132,-175,-149,-158,-165,-141,-178,-122,-190,-101,-201,-79,-209,-58,-215,-34,-219,-12,-222],[791276,211994,23,6,31,8,-54,-14]]]
1273865	r	76.6559,10.7766,77.2937,11.61	[[[766559,109389,34,-84,9,0,26,-13,47,-47,78,-57,146,-54,55,-30,130,-2,25,-12,40,-4,231,-128,13,-14,15,-33,41,15,49,-4,27,28,90,-17,19,-19,22,-4,1,-18,21,-21,35,9,27,19,23,-5,44,12,11,-2,2,-5,11,-6,31,-5,26,-25,21,-12,6,-35,25,1,24,-11,61,-3,10,-11,31,0,16,-18,33,16,7,-5,0,-2,16,-16,5,3,24,-34,18,10,37,-13,23,-1,4,-4,4,0,9,-8,0,11,18,-1,6,-11,21,-12,0,-46,5,-6,2,-18,6,-12,-4,-16,16,-3,2,-8,13,-9,24,-5,5,-9,15,-4,3,-13,4,-3,26,-30,56,-24,13,-21,1,-18,23,-23,20,-50,1,-39,-33,-51,-8,10,-19,-19,-3,-15,-8,-4,-3,5,-15,-15,23,-27,3,-20,21,-37,120,11,35,-42,51,-62,201,14,107,-26,-40,19,7,63,17,12,28,-48,36,7,28,52,90,1,-15,66,256,36,25,-21,-17,-56,27,-47,121,48,91,69,114,152,221,-34,108,48,49,75,202,143,-11,67,163,78,118,-24,83,13,103,66,216,-12,99,45,86,-33,60,-163,103,-39,128,-1,17,-145,64,-5,50,-34,-19,-103,46,-38,4,-112,34,-59,-5,-74,24,-64,20,-53,42,-2,105,36,56,19,210,14,-46,-134,35,-42,162,-85,228,-7,230,66,2,26,-54,40,32,99,114,87,56,-8,24,19,-7,119,-79,66,-2,115,-112,35,-141,85,-22,64,-6,299,-105,167,-106,26,-123,-62,-138,23,-21,87,-44,3,-39,70,-104,-9,-85,51,-66,156,26,26,-73,148,14,113,-169,291,10,30,92,14,62,92,42,1,13,22,22,182,-12,170,-97,143,-2,36,279,131,118,107,102,-3,182,137,133,34,30,31,120,-43,16,61,-111,106,-85,152,-102,29,-13,-74,-60,-63,-128,0,-38,131,-54,2,-21,32,-71,18,-11,30,-42,-1,-8,28,-43,-1,1,-61,-47,-57,-77,5,49,129,-15,84,49,13,-89,68,-121,-4,-18,301,-88,26,-49,52,34,155,43,14,11,48,52,50,4,113,41,3,14,267,39,122,-77,2,-2,-23,-102,-19,-33,34,-1,38,-32,9,-37,-43,-57,3,-117,43,-64,93,36,64,57,-15,35,56,91,11,101,-23,21,45,2,99,-24,30,19,68,-29,39,3,22,113,-42,78,-142,107,-7,45,-32,1,92,-74,98,24,91,106,1,86,-27,26,42,39,4,-980,2659,-1609,0,-1653,-3260,-23,17,-87,32,-9,-6,-28,-41,40,-59,-17,-131,-66,-76,-32,5,-12,-29,-27,-5,-51,-36,-50,23,-46,-41,-7,-16,-26,-28,-59,17,-56,57,-64,42,-19,9,-46,-1,-20,39,-41,3,-28,-10,-18,-29,-1,-64,69,-127,44,-66,99,-73,46,10,3,-69,4,-4,1,0,55,-47,-18,-6,-10,-17,-20,-8,-48,-69,66,-127,-57,8,-18,-12,-3,-10,-36,-37,-17,4,-26,19,-32,-8,-28,-84,-51,27,-21,-3,1,-28,13,-28,-53,-6,-32,-31,-24,-95,-4,-3,-3,-27,31,-35,32,-8,1,-28,-7,-7,7,-17,17,-7,12,3,21,-4,-7,-22,-4,-2,2,-6,43,-40,14,-7,9,0,-17,-33,39,-53,42,-928,-22,-11,-9,-49,-162,-129,-56,-124,-3,-28,-18,-164,-196,-219,4,-38,3,-39,-38,-90,24,-35,-12,-41,-88,-45],[767091,111473,6,0,-2,-5,-4,5]]]
1269743	r	75.4964,22.3506,76.1724,22.9616	[[[754964,227234,74,-2565,82,-103,160,-165,177,-149,192,-132,204,-114,216,-95,31,-10,57,-49,192,-132,205,-114,215,-95,16,-5,87,38,55,55,110,-13,-9,26,107,11,79,72,37,-5,7,-38,103,-70,160,-3,105,68,1,23,76,22,49,-34,93,106,149,39,2,54,95,14,66,48,61,142,126,27,38,-83,114,-87,-2,-79,69,-2,20,-31,156,9,49,31,25,-12,62,67,53,12,65,-6,65,-39,38,17,20,137,-29,69,46,54,7,60,469,101,70,-16,43,54,123,190,102,201,80,209,58,215,35,219,12,222,-6,108,1039,-338,27,35,120,180,107,186,94,193,81,198,66,202,51,206,12,65,-659,526,-1575,1258,-1269,1197,-1759,-105,-69,-45,-141,-108,-134,-116,-126,-125,-116,-132,-107,-138,-97,-145,-87,-150,-75,-155,-65,-160,-27,-82,326,-223,-94,-52,-192,-132,-177,-149,-160,-165,-143,-178,-13,-22]]]
1254661	r	72.8882,19.1134,73.2769,19.5416	[[[728882,191520,555,-297,63,56,173,352,75,0,-52,-497,89,28,-1,10,18,56,-9,61,3,24,10,17,-3,44,22,137,-5,124,11,27,19,103,0,3,17,20,84,39,12,65,16,3,15,-27,42,-8,15,15,31,-11,21,-20,37,-89,23,-226,41,-24,65,-80,91,-86,139,-23,118,33,12,123,39,-32,68,-11,24,9,-2,14,-83,284,-63,67,-203,-57,-45,112,-3,140,-66,-7,-48,15,-30,38,-11,25,-14,73,-87,101,-113,278,-3,19,-35,81,-3,3,-4,9,-33,81,-9,53,-21,41,-73,79,-49,21,-16,11,-19,18,-8,1,-48,33,-54,23,-36,0,-21,8,-121,-33,-30,-28,-29,-49,-21,-10,-28,-12,-25,12,-14,-15,5,-4,-21,-30,19,-10,30,-61,-20,-18,-15,-43,-1,1,-33,-9,-12,-48,-17,-23,-27,0,-32,-30,-21,-57,10,-35,-45,-59,-8,-1,62,-100,-284,-820]],[[729550,193060,160,10,168,-63,140,-141,107,-142,68,-63,98,-68,-6,-83,678,147,1806,2090,-30,35,-127,129,-136,121,-144,113,-151,103,-159,93,-147,75,-4,-4,-75,-36,-115,-152,-346,-58,-38,-57,36,-97,-245,-71,-81,15,-41,-48,-82,-20,-39,-39,-70,-8,-45,-49,-156,-2,-43,33,-46,109,-33,-6,-86,47,-87,-61,5,17,-52,16,-14,32,-245,-332,235,-176,-155,-135,-20,-71,-125,-83,-35,-59,-60,17,-36,-57,-4,-94,-171,0,23,-132,-30,-39,-23,14,-22,-11,0,-759]]]
1253573	r	72.8629,21.8223,73.5662,22.8146	[[[728629,221552,9,-140,26,-23,72,4,10,-125,53,-78,-79,-30,-1,-36,51,-35,63,-139,13,-17,132,16,62,-157,8,-111,109,-16,9,-39,56,-21,-23,-70,-38,-15,-25,-49,129,24,29,-33,-6,-34,29,-10,82,41,6,78,132,-9,53,-29,15,-36,188,63,12,-41,41,-6,47,-202,48,-17,38,-70,111,-18,18,-70,40,11,32,-88,80,-69,176,90,44,-12,24,90,129,42,-10,-166,57,-160,-191,-78,33,-274,-42,-93,-58,-23,-262,48,-139,-63,-17,-46,-65,-40,61,-163,182,79,174,11,22,70,54,16,-11,53,53,17,58,-132,137,17,83,65,152,-8,11,-83,-44,-35,-244,-60,-35,-295,126,-52,141,36,53,-85,134,49,208,5,14,-72,37,7,14,-49,54,8,48,-27,-3,-97,62,-7,5,27,107,-8,248,-244,175,-90,179,23,180,125,26,-18,63,52,-26,18,33,78,15,149,-206,226,-70,188,11,94,114,125,90,56,145,16,209,-236,9,-67,181,-140,310,-164,134,6,55,68,-22,322,45,87,64,52,92,25,117,-14,71,-76,164,-103,167,-13,130,75,92,89,42,149,-17,128,-13,96,72,105,116,5,31,49,395,-160,25,-10,13,23,25,45,-29,75,82,38,13,44,-24,21,24,27,-30,33,-1,101,-108,55,-12,48,-42,35,57,-1,18,53,9,57,-31,47,30,24,-33,42,144,-17,80,143,-7,43,93,-58,13,81,-31,32,131,-2,11,30,-109,67,67,108,12,90,-161,21,-100,-13,-125,-136,-47,-18,-79,14,-12,-75,-118,162,30,166,218,90,58,102,3,118,119,104,-29,-18,-6,18,-94,-1,24,76,-21,18,-19,-15,-81,143,-9,107,86,114,13,105,-37,48,-92,1,-59,33,-56,113,55,57,52,-1,0,113,65,-3,103,134,127,-9,25,27,10,106,66,14,91,76,31,-4,29,53,-28,40,-34,-2,-5,77,25,20,70,-6,-76,95,58,168,-28,153,-3,14,186,-26,34,78,-119,1,-26,61,-54,33,-45,-15,-138,16,-103,-48,-70,111,-114,-34,-52,20,-119,-14,-40,31,3,27,-142,49,81,216,-144,-6,-92,154,-48,-7,-10,31,-51,11,85,141,-8,111,-127,-37,-38,47,-92,22,6,186,65,25,-17,73,38,14,11,36,-28,238,-33,17,-10,65,-66,34,-18,84,-48,7,-17,-18,-30,23,60,97,36,10,-35,75,65,85,34,132,-72,69,-223,-17,-73,37,-124,7,108,229,-49,64,52,260,53,0,3,50,-46,102,-97,-16,-119,22,33,44,-2,71,33,18,-7,69,156,23,58,-65,75,0,31,132,69,-23,97,68,-11,144,-87,25,-42,123,-116,-29,-83,323,38,128,-20,95,257,171,163,33,-15,168,-24,63,-84,10,-104,72,24,152,-17,56,-60,-66,-143,36,-8,-168,-61,66,34,-434,-189,131,14,62,-34,38,-10,62,-88,51,-257,-64,-89,-44,-75,20,-321,-14,-130,-68,-79,-148,47,-106,-80,-154,1,-152,32,-137,99,-142,42,-250,-89,-97,-217,-115,-172,-175,-17,-17,-5,-28,3,-11,-5,-1,-2,-8,-177,-34,-98,-147,-295,-101,-18,-7,-7,-7,-42,-53,-13,-27,-2,-181,-34,-135,-129,-260,-11,-5,-5,-10,-93,-38,-99,-49,-19,0,-28,-12,-118,8,-30,-37,-51,-15,-40,-76,58,-458,-283,-278,3,-96,73,-224,-50,-118,-9,-7,-144,-112,-59,-106,66,-234,99,-182,0,-39,-95,-117,-187,-98,-76,-81,-1,-3,-182,-197,-9,-4,-4,-4,-334,-128,-63,87,-165,5,-22,250,-32,106,-88,87,-106,6,-122,-77,-60,-119,64,-151,22,-53,16,-115,-8,-16,1,-20,-23,-22,-15,-28,-83,-67,-374,-108,-19,-120,20,-91,83,-36,-17,-97,22,-61,-8,-87,64,-63,114,38,38,84,123,15,90,44,71,-71,24,-145,-28,-26,-120,-11,-19,-50,-54,19,-167,-46,-46,119,-35,-62,-194,-107]]]
1275841	r	76.8379,22.8207,77.8209,23.6042	[[[768379,232177,1535,-2663,35,-61,105,-30,184,-39,186,-29,187,-17,189,-5,189,5,187,17,186,29,184,39,181,51,176,62,172,72,137,67,71,526,29,-35,161,-165,177,-149,193,-132,206,-114,216,-95,55,-18,-303,-361,96,-108,130,-129,139,-121,147,-111,155,-103,162,-93,167,-83,174,-73,178,-62,145,-41,3600,1894,0,1,43,171,31,174,19,176,6,176,-6,176,-19,176,-31,174,-43,171,-55,169,-67,165,-79,161,-90,155,-100,150,-111,143,-121,136,-108,107,-80,43,-566,306,-2353,2991,-130,11,-250,8,-250,-8,-250,-22,-247,-38,-244,-53,-240,-67,-234,-82,-229,-95,-221,-110,-212,-122,-43,-28,179,-997,-106,44,-176,62,-181,51,-184,39,-186,29,-187,17,-189,5,-189,-5,-187,-17,-186,-29,-184,-39,-130,-37,-1545,-2363]]]
1258393	n	83.1889,17.6601,83.525,18.0038	[[[831889,178531,655,-1364,138,8,82,-44,39,-71,1,-6,18,14,-4,50,16,0,4,-39,15,-17,-26,-44,5,-36,15,-18,27,-10,22,-21,31,-22,30,-5,10,16,-3,10,20,18,40,-35,20,7,20,21,1,13,16,19,-22,-15,0,-17,-9,-8,-9,5,7,6,-8,-5,-6,3,7,7,-8,-6,-6,4,7,7,-8,-6,-5,4,7,6,-6,-4,-4,7,-14,2,36,27,6,-8,-1,11,13,-20,-5,21,8,-1,-9,5,1,10,21,4,1,-13,6,28,12,17,81,57,109,60,98,40,74,56,12,19,-5,8,-13,2,-14,22,-3,47,5,27,27,45,42,38,-2,40,26,39,11,-2,-5,5,11,22,65,53,122,63,47,38,10,0,15,21,48,29,14,25,-9,4,-8,20,8,31,43,64,28,33,44,31,11,22,1,3,57,41,55,54,24,57,41,61,2,12,-5,59,5,56,-29,2,-24,23,-8,20,2,46,18,45,53,71,64,56,199,124,4,24,20,37,39,47,21,15,0,4,-34,207,29,160,110,-144,3,-6,49,41,96,67,192,116,161,78,3,14,26,23,91,56,-47,36,-12,25,-52,-10,-31,25,-47,-20,-53,-3,-13,-19,-77,5,-92,-25,-70,47,-11,64,8,15,-16,0,-4,32,-64,15,-45,-15,-18,-25,-90,-17,-8,-54,-1,-97,-70,8,1,12,-65,0,4,-20,49,-16,35,-53,-12,-102,58,-31,-36,-18,-10,11,-30,-19,-19,38,-28,33,17,15,-23,23,-36,30,-34,-8,-17,14,-5,28,-69,17,-7,43,-22,14,-11,34,-18,8,-9,16,1,31,-24,3,-11,29,-51,41,5,56,68,23,-1,11,-11,4,0,9,20,134,57,2,9,35,27,29,-1,80,-16,21,-1628,-246,-24,-29,-67,-29,19,-65,-97,-162,-53,3,-53,-10,-38,-26,-39,-12,94,-99,-9,-29,-3,-47,38,-40,73,10,32,27,137,-125,-54,-14,-67,-59,-19,-9,-74,-33,-5,-44,-12,-11,1,-27,-12,-56,-12,2,-14,-29,-20,-22,-14,-47,5,-51,-21,-20,-56,-4,-58,25,-1,55,-18,12,-42,-6,-6,-10,-1,-59,-46,-120,79,-13,-51,-36,-24,-49,-10,-57,-37,13,-8,-14,-116,55,-2,0]],[[832674,176896,142,-295,5,1,16,22,13,39,87,74,11,20,-23,18,-205,106,-46,15]]]
7626690	p	1259229
1260086	r	84.6869,25.0173,86.0004,25.9898	[[[846869,252599,47,-22,14,-2,-1,-4,45,-21,59,11,-9,29,31,24,37,-16,32,23,95,4,32,-62,121,-27,7,95,45,57,45,11,70,-65,106,5,17,-69,68,8,32,-22,21,25,65,10,55,-35,-1,-98,-36,-81,-111,-9,-12,-58,-45,-10,-67,5,-52,80,-73,-14,-11,-74,-32,-23,-94,-48,-71,2,-73,-60,-6,-25,71,-14,-32,-74,87,-22,87,109,109,20,11,46,119,-9,93,51,114,-27,43,15,131,-38,17,-34,45,3,20,42,124,47,30,42,17,1,52,1,56,61,61,-11,-7,-39,97,-12,33,-54,36,-2,17,-43,23,1,35,34,-17,121,102,100,-47,66,93,2,74,44,24,57,-51,55,15,67,31,59,72,33,36,52,49,19,49,-11,68,36,40,-71,-70,-109,78,-65,108,-10,5,19,-32,5,54,39,-36,25,3,38,128,124,27,-30,106,-10,53,15,97,26,22,-36,30,11,11,169,99,16,19,99,92,-24,9,-227,101,-8,26,-102,30,-3,-15,-51,-18,-57,-86,-9,13,-63,86,-3,17,54,99,1,16,46,6,19,71,1,2,50,34,-15,31,42,76,-19,40,64,46,-14,7,-38,99,-24,39,-77,12,60,35,3,30,38,-14,36,92,9,116,-85,4,-91,32,24,44,-28,55,42,-1,28,-100,116,17,50,89,9,3,34,28,4,14,156,269,-27,-1,-33,18,-9,-83,-600,837,-1915,3,0,1,-8,163,-374,81,43,-29,66,33,40,18,-15,45,31,23,-56,-6,-22,80,42,2212,3840,-102,238,41,-16,6,45,-31,-5,-7,23,85,22,12,-53,34,-11,-30,-88,74,-43,49,0,15,37,149,-68,62,41,74,-23,-36,-42,11,-19,37,5,26,39,45,-28,40,16,40,-37,32,45,56,21,24,-34,-33,-58,17,-17,60,78,71,-21,50,29,17,-197,-13,-62,-33,-12,65,-7,31,-28,44,-111,24,27,32,-43,27,93,36,9,58,-73,211,-23,-10,-124,118,-52,-58,-122,28,-2,15,37,47,-1,14,-102,53,-5,2,-34,-12,-61,-28,13,-48,-28,-77,-1,-21,0,-5,-113,98,-2,40,33,20,-16,-30,-75,69,2,28,-36,47,-4,21,26,3,26,13,108,-42,40,13,34,54,-4,30,42,29,-4,14,73,171,-5,11,89,146,-29,26,94,68,-68,12,105,78,-10,-2,-78,38,-24,-26,-54,90,18,10,-145,93,-7,11,-131,105,-17,12,-26,67,-19,5,-2,25,40,190,-36,6,-62,56,-5,6,27,104,-27,39,23,47,-25,18,-186,39,-1,210,-7,72,43,238,23,-1,-147,264,0,-1,115,39,20,121,-13,61,61,24,-39,163,53,-4,227,113,447,39,110,-98,25,-77,-42,-27,40,-155,69,-104,24,-67,46,-43,13,-28,-7,-13,-26,-24,-90,-25,-43,-22,115,-14,39,-10,13,-24,-20,-43,-21,-38,8,-22,12,-13,17,-1,41,-14,14,-17,2,-126,-47,-47,-34,-67,-70,-24,-49,-16,-55,-36,32,-25,71,-4,40,-12,18,-14,8,-14,67,3,65,49,134,37,27,34,12,4,15,17,12,22,33,-58,27,-65,6,-8,132,-23,38,-34,-3,8,36,31,65,17,31,19,18,0,16,-11,10,25,50,0,25,191,255,45,36,22,104,370,-126,-514,176,-9,88,-282,179,-276,39,-183,-51,-179,-85,-142,-135,-37,-25,-32,-44,11,1,28,22,39,-42,12,-33,26,-6,24,10,36,-15,57,-4,-5,-107,-41,-22,-76,-24,-21,-19,-6,-24,0,-30,7,-22,44,-20,10,-29,-7,-46,8,-50,14,-12,30,0,6,-25,18,-27,-22,-46,12,-29,9,12,44,6,9,37,24,-14,42,15,24,-3,0,-11,-12,-16,0,-46,-12,-18,6,-21,40,6,7,-6,-2,-14,-19,-14,-46,-19,-10,-10,5,-32,58,-4,8,-7,47,13,14,-13,1,-33,12,-7,1,-16,-41,-5,-14,-16,-59,-21,-63,-4,-11,-21,-11,-96,-10,-16,-67,-1,-60,-38,-9,-16,13,-37,-25,-61,38,-26,31,3,23,-35,3,-19,-41,-39,-30,-49,-23,-6,-5,-9,8,-14,-13,-16,-28,-18,-24,7,-26,25,-24,39,-42,13,-199,7,-17,-50,-14,-20,-34,-24,-32,-14,-47,-3,-67,20,-8,24,30,12,12,102,-3,20,-25,33,-12,4,-10,-9,-1,-15,-11,-16,-15,5,-4,37,-59,-25,-44,-10,-24,3,-8,14,17,52,41,30,12,20,10,0,4,-8,7,-39,22,-6,17,4,12,20,-9,33,-15,16,-52,16,-21,68,16,63,-3,16,-14,13,-95,-1,-17,-23,-7,-33,-32,2,-2,15,-17,22,2,51,55,42,-2,75,23,16,34,2,0,58,-68,1,-44,36,-89,3,-5,20,-11,4,3,81,44,-14,99,5,-307,26,23,43,-271,66,203,90,45,-16,-23,39,-185,37,-183,-35,-368,-12,15,194,-173,1,-78,-41,-72,33,-70,-94,-16,-104,-74,23,-48,81,-207,21,-52,39,-170,52,-30,70,44,61,-71,3,-61,142,800,1737,-486,1335,-3859,1370,-46,-60,-70,44,-57,-8,-85,95,-2,21,-107,38,-21,-9,-570,-2276,-275,-489,-2,0,-101,-80,-115,47,-8,-69,-115,8,-16,55,-220,7,6,112,-107,-37,-18,-17,-59,-10,-74,-26,-13,25,-12,8,-5,46,-95,-14,-22,-31,-6,-12,-23,-29,-71,-19,-39,-75,25,-32,-35,-79,-7,-112,-150,11,-88,-69,-9,-61,106,-72,86,-20,-128,-102,-46,-94,-16,-101,-10,-60,104,15,-137,-155,-32,-148,72,-27,-23,-90,-114,-121,-128,-18,14,-28,-31,-48,-222,-199,-164,-361,9,-146,226,-408,-68,-103,12,-31,-69,-149,-121,-128,-67,-255,-129,-204,-6,-80,-77,-199,-120,-137,-126,-52,64,-101,102,-56,-4,-20,79,-3,9,-47,-6,-22,3,-40,-22,-14,-47,0,-22,-4,-6,-8,-18,-2,-17,2,-55,-11,-11,-93,-2,0,0,-1,-78,-20,-31,1,-36,14,-53,-126]],[[859538,253172,466,-102,-252,63,-214,39]]]
12165956	r	78.6157,11.308,79.4629,12.0815	[[[786157,120267,569,-1270,-149,-47,-17,-90,-210,28,23,-78,-41,-58,-48,-3,-17,-67,90,-31,194,2,36,-82,207,9,154,-63,-41,-307,8,-180,-71,-29,-46,18,-150,-58,-31,-65,3,-85,-199,-134,7,-147,-42,-96,-1,-219,134,-54,-28,-497,-36,-50,142,3,-3,-143,206,-41,-23,205,49,38,-48,22,34,118,121,78,19,6,9,6,7,-1,34,11,28,-14,67,-4,71,-61,87,56,302,58,178,48,68,40,73,-47,37,-60,120,-41,1,-11,19,-250,1,-14,-73,-36,-125,-106,2,-3,-131,-106,89,7,50,30,30,-173,-28,-84,-73,-6,-25,-59,-1,-19,33,-17,20,-3,139,-79,201,-46,12,-58,49,-14,14,-54,54,-1,-3,-34,-71,-58,-53,-89,-21,-134,23,-41,74,1,50,6,10,-5,8,0,19,-12,2,-3,25,-13,-7,-96,84,-81,-12,-11,958,-2139,1888,2887,70,-23,25,-51,115,19,26,73,111,1,216,-115,71,71,26,-1,36,116,76,68,9,46,65,34,-6,63,-2,6,1,5,-4,42,-9,23,6,9,66,41,49,-17,42,-52,42,-5,10,-8,42,-15,55,111,27,20,56,90,0,1,7,10,14,2,39,-16,78,-21,74,-48,12,16,82,33,41,-2,6,-2,69,-6,17,-15,32,-30,1,0,11,-11,-6,-50,119,-43,32,107,63,-10,28,60,68,4,20,72,20,38,95,4,97,-29,82,15,37,22,-14,31,-3,2,0,5,-5,11,1,5,-1,8,13,32,13,11,20,11,72,17,16,17,8,15,14,7,61,7,43,14,34,-5,3,0,6,-2,43,-7,8,-9,225,-68,0,-38,23,-10,18,-2,85,10,29,-36,19,19,86,1,-24,95,5,128,-44,37,-32,107,16,199,-26,26,-27,13,-20,18,-2,19,6,11,14,2,86,56,101,-13,103,54,11,10,20,6,-10,36,1,39,10,32,-22,8,-2,15,15,123,-94,8,-6,-2,-8,-23,0,-11,-6,-7,-38,-11,-37,21,-12,20,-20,-14,-27,7,-17,35,-2,43,-35,18,-9,11,7,45,-35,-9,12,87,-81,50,-53,-106,-45,22,25,108,-25,44,-52,21,-51,-17,-44,-50,-79,17,-209,163,-2,326,-107,110,-8,77,-86,59,-30,12,-67,-156,-130,-31,-59,29,-11,87,-61,28,-35,62,-27,8,-160,-60,-20,-119,-67,-11,-138,-193,-55,82,-10,79,-24,10,-107,-53,-96,67,24,160,-94,18,-119,-15,-47,51,-14,86,20,71,41,27,-13,54,-90,68,66,163,32,-10,108,123,42,112,-15,27,-219,225,-183,-33,-98,10,36,117,-136,31,-39,160,46,300,-142,50,-122,82,-62,-57,-12,-54,-28,-66,-79,-56,-49,-14,-33,15,-83,58,-52,-59,-112,51,-14,45,-37,5,-49,-2,-52,14,-13,13,7,24,-8,52,-5,5,-8,18,7,18,18,7,15,-5,85,5,32,89,14,26,33,84,-12,76,-74,76,-48,1,-8,-37,-14,-23,-66,-46,-51,-9,-3,0,-80,-13,5,-71,41,-35,3,-47,-6,-11,-19,-8,-25,3,-24,-8,-33,-70,-22,-34,-28,-25,-62,22,-63,35,-133,61,-27,31,1,33,9,27,69,56,-20,17,-314,13,-64,-47,-17,-63,-53,76,-77,36,-49,-18,-135,21,-121,-125,-177,-260,-140,-133,-402,102,-68,-72,-101,-53,-1880,391,-216,45,-187,-83,-130,-226]]]
1264728	r	75.4894,30.5639,76.3233,31.1451	[[[754894,305815,122,-79,54,-10,29,77,76,60,-281,-48]],[[755288,305852,0,-1,2,-1,-22,-58,16,-82,43,-34,43,-3,40,111,78,19,49,-4,122,-79,130,-24,10,40,57,17,40,78,142,111,57,-5,173,72,112,-66,45,-8,114,-22,212,58,43,49,1,5,34,36,26,5,6,-6,120,-2,50,-26,31,18,53,41,46,21,17,2,101,57,-2,8,58,23,48,115,132,6,6,-4,86,55,36,-16,2,-2,158,-74,19,-25,-1,-12,69,-10,83,64,-5,21,-108,54,-60,44,-57,73,-10,38,-4,67,-68,-15,-14,5,-15,21,-1,28,5,43,12,25,26,18,39,12,69,-10,33,-12,5,-7,-9,-73,-1,-5,6,-9,-7,-10,49,-39,21,19,32,15,126,41,49,-1,37,14,29,-15,27,40,-11,19,5,9,-3,15,-5,5,2,11,56,40,-61,89,56,38,120,16,28,-61,13,-63,59,5,86,-103,69,4,19,30,56,47,125,-20,16,-6,3,-51,21,-62,33,-13,16,4,72,-38,18,-83,6,-8,-4,-2,2,-8,1,-1,-1,0,5,-19,-179,-58,-1,-11,-76,-14,-1,-103,158,-85,-3,-134,15,2,14,-9,27,-5,13,-1,80,-20,8,31,43,43,21,8,30,-14,22,3,20,-22,25,12,38,-11,58,-115,-84,-53,27,-34,7,2,15,-26,1,-6,9,-12,-14,-64,45,-34,55,-63,123,22,9,21,45,20,27,56,7,34,45,69,197,64,21,18,28,-2,49,16,16,8,84,25,96,124,178,-4,13,-7,1,-15,23,-34,10,-4,11,-29,-5,-25,9,-7,-19,-24,32,-119,79,-14,39,-23,64,-20,43,-47,81,49,18,-11,13,-18,2,-36,-38,-74,-1,-5,3,-3,13,-7,31,-41,83,18,-936,1625,1119,1711,2,1,232,95,241,75,248,54,254,32,256,11,256,-11,254,-32,217,-48,269,-268,0,245,-64,101,89,40,10,50,-100,523,-14,23,-91,2,-60,-2,-39,107,-59,33,-100,-23,-6,22,132,23,-15,45,-132,63,-108,-124,-76,73,-153,-80,-69,36,-88,-5,-8,-28,-46,90,-90,3,25,-75,-90,-11,2,-33,-206,52,39,-92,-74,-40,-57,38,-82,-26,22,-38,-146,-20,268,409,-107,1059,-45,54,-98,12,0,43,-2312,-502,19,-7,39,-170,21,-8,-21,-114,145,-63,-31,-54,55,-147,-3,-84,40,-86,69,-35,-42,-63,-1,-1,-198,-24,-6,26,-122,-3,-60,57,-95,-5,-80,-86,8,-34,-139,41,-174,-8,-23,-39,-85,1,-2,-34,-263,-6,-124,-40,-214,-19,-35,-4,-22,8,-48,17,-38,13,-48,33,6,21,-63,-2,13,39,-22,25,-81,-3,17,40,-196,-7,-97,-18,5,-54,-199,-8,12,-40,-135,-15,6,-33,-148,-11,-13,-27,-105,-4,-90,-65,-262,-51,8,-27,-282,-18,967,-2658,-602,-825,-151,-118,-188,-121,-882,-179]],[[762575,306792,42,-32,23,13,22,-19,55,31,34,-30,62,60,220,-31,89,90,76,5,35,54,-47,107,-127,2,-81,129,-67,-32,-126,138,-210,-485]],[[762868,307470,17,2,129,71,95,19,-60,118,-41,-10,-34,47,-106,-247]]]
1261731	r	73.2484,19.5557,74.935,20.8649	[[[732484,201234,48,-111,143,-21,12,-17,6,-2,2,-10,6,-9,30,-228,-93,-40,-10,-40,36,-52,-62,-80,207,-181,27,14,0,44,54,-5,-19,74,6,4,-2,5,68,28,41,-21,17,-71,111,44,28,-70,156,-72,26,39,141,-96,59,38,56,1,2,-33,56,-30,-9,-111,36,-32,138,16,121,-68,51,28,93,2,14,-30,72,-19,24,-90,-15,-36,105,-136,54,-37,92,-14,96,40,10,-29,-27,-152,71,-73,-70,-55,-94,22,13,-136,-19,-76,-92,-141,-73,-38,40,-107,-11,-64,66,-94,-9,-73,50,-106,-121,-11,-7,0,-59,-36,-26,-76,49,-101,-14,-37,-3,-7,44,-138,70,17,127,-61,4,-126,-31,-77,46,-25,-13,-183,49,-175,11,-10,5,-5,14,-14,283,-62,112,33,86,-24,56,-129,-38,-49,16,-39,-23,-26,43,-34,-186,-43,3,-33,-97,58,-2,-77,-110,-56,-79,53,-16,-92,-91,28,-67,-86,-59,21,-35,-86,-60,48,-58,-12,-34,29,2,-114,-109,36,-178,-57,-36,46,-26,-19,11,-76,-5,-3,458,-414,628,-467,855,-459,347,395,49,3,18,-94,135,56,12,29,47,-3,64,-48,229,-30,44,33,2,-39,60,7,109,59,99,-12,72,27,50,75,14,111,102,72,49,14,47,-39,75,6,70,55,55,-16,21,36,134,34,13,29,93,-34,-5,37,26,31,-20,53,170,10,-138,81,-14,25,38,76,35,-8,52,40,-8,59,48,66,115,14,-48,64,-57,10,-13,39,91,-6,18,19,48,-74,26,81,26,-5,-22,19,7,74,1,16,57,133,111,30,84,52,15,98,-22,91,112,45,104,-31,61,29,22,-41,51,-16,29,18,46,-30,0,25,38,-4,41,114,23,-48,78,0,-3,-215,-30,-98,65,-55,31,-68,65,-22,11,-73,-52,30,-31,-30,46,-117,169,-104,17,31,43,-49,179,24,74,-40,44,56,81,-34,24,38,67,11,63,-59,103,-20,47,20,36,-19,51,46,33,-25,93,40,136,-80,87,12,27,-14,59,-32,190,-15,55,-28,20,-60,180,-109,49,75,85,-40,62,20,35,-36,38,88,56,67,53,89,105,62,-82,104,15,25,-36,44,10,21,30,22,60,-29,28,-33,37,-26,19,91,52,86,-20,35,4,6,-1,3,77,97,-6,68,13,25,2,14,7,1,5,8,172,25,51,69,316,-17,40,23,-7,22,230,24,8,73,221,89,53,167,125,-10,224,-89,-4,-11,2,0,75,-12,13,14,4,1,69,59,-29,75,42,156,67,21,114,9,49,-8,-1,-13,32,-13,19,25,43,-4,-1,42,33,2,2,9,14,2,-1,-8,12,-1,6,18,7,-1,7,8,-2,5,11,7,5,-3,0,-3,10,-11,7,-1,2,-10,7,-8,5,-2,26,4,-1,3,-69,84,19,238,-59,-16,-2,11,-9,162,11,210,-48,-6,-98,4,-112,12,-20,142,-64,14,-9,5,-53,14,-14,1,-119,29,0,4,-191,50,-13,37,10,17,-155,26,16,119,-35,145,-250,27,1,275,153,-4,48,5,48,-8,84,-50,39,150,4,140,63,-35,52,-73,23,-12,0,-21,39,-55,54,17,5,38,25,44,46,21,0,69,312,-10,22,-171,135,-23,19,97,124,-27,12,30,8,8,29,53,129,-20,206,-22,190,-39,109,15,67,47,56,155,213,1,28,-4,6,-26,-1,-2,6,-28,-20,-33,3,-9,13,-10,-4,-28,7,-25,-49,-103,14,-42,127,-17,27,79,57,10,0,1,90,16,6,-39,89,-23,9,79,31,20,82,-11,58,-15,88,-37,87,-24,99,-81,42,-54,303,-15,7,-1,6,-20,186,6,113,-16,0,-1,67,-10,51,0,97,-23,193,7,12,159,25,31,54,-12,51,38,-35,206,66,56,-23,47,32,113,55,62,185,-11,45,22,-53,56,-2,74,-58,104,140,127,-91,144,-19,113,269,9,-27,99,-22,82,-12,158,-267,1,63,75,-43,12,34,52,24,-1,-28,66,55,-17,31,259,-56,139,8,48,89,91,-17,58,109,-7,37,54,4,-88,255,-43,-39,136,57,67,209,14,140,244,32,21,-144,-42,-39,5,2,53,60,-4,58,44,21,-18,8,18,53,-2,51,84,112,38,26,-36,76,-5,9,-108,203,-20,57,-31,-34,-164,7,-74,23,-1,-3,-268,411,6,29,-113,85,-14,-2,-126,213,-5,20,52,-46,44,2,74,-39,41,6,38,50,22,8,33,17,135,-14,191,-208,17,-29,267,84,0,199,54,18,188,-47,5,-22,-3,-12,6,-41,4,-68,47,-104,-43,-170,11,-251,38,-118,97,27,12,18,107,-10,156,84,3,5,86,-12,31,19,95,-71,9,13,31,-46,127,7,122,-59,60,2,3,-3,3,33,38,-11,64,-33,37,-49,-6,-53,84,-135,59,45,84,90,15,0,35,-12,51,-9,19,-130,109,-62,15,-9,82,-12,17,-120,47,-36,74,-3,187,-54,63,-185,-81,-38,25,132,249,-37,125,-57,-32,-35,7,-36,128,-23,-144,-57,-215,-79,-209,-101,-201,-121,-190,-140,-178,-158,-165,-174,-149,-190,-132,-102,-58,-20,6,1,-2,101,-201,79,-209,57,-215,34,-219,12,-222,-12,-222,-34,-219,-57,-215,-79,-209,-101,-201,-121,-190,-140,-178,-157,-165,-146,-125,-2705,-253,-172,97,-189,132,-174,149,-157,165,-140,178,-121,190,-101,201,-79,209,-57,215,-34,219,-12,222,12,222,34,219,57,215,79,209,101,201,121,190,140,178,157,165,174,149,189,132,101,57,14,-3,-101,201,-79,209,-57,215,-35,219,-11,222,11,222,35,219,57,215,79,209,101,201,121,190,140,178,158,165,174,149,190,132,201,114,213,95,222,75,228,54,233,32,235,11,235,-11,233,-32,45,-11,714,-438,87,128,-35,27,7,69,-47,24,3,45,88,65,18,115,-312,89,-15,76,-138,140,-153,65,-145,17,-155,58,-2,122,-93,-74,-219,54,-52,61,-60,-53,-43,-140,-140,-74,-34,2,-31,103,-114,-1,-26,-35,-88,59,24,77,-61,52,-40,-69,13,-72,-96,-7,-101,-73,-67,35,-75,-73,11,-71,-34,-26,-232,113,-112,84,-48,59,1,38,-30,-6,-8,46,-87,39,-12,34,24,9,106,-35,29,10,8,39,-28,6,-24,66,-27,10,4,113,-36,-62,-13,32,-10,-19,-39,9,14,-53,-26,19,-34,-40,30,-76,-22,-16,-72,23,-21,-21,-22,37,-105,7,2,19,-22,-22,-12,40,-58,20,24,26,30,-9,-4,55,-25,15,-21,-28,-31,23,5,-62,-27,-51,-86,23,-13,-129,-39,-4,-77,116,-31,8,-75,-60,-224,125,-187,-22,15,-24,-54,22,-42,-16,-73,24,-22,57,-44,0,-82,-93,-4,1,-5,-5,-25,16,-65,-25,-60,15,-33,64,-155,-17,-74,45,-55,-43,-47,39,-44,-15,-277,46,-4,-102,-93,-16,-6,2,-9,-1,-58,22,-133,121,-85,-39,-38,21,-52,-80,-81,2,-32,-51,27,-52,-56,-38,-199,77,-92,-16,-49,18,-192,-143,-112,48,-65,125,-86,-79,-23,96,-26,-76,13,-22,-73,-78,-21,63,-130,20,-22,28,-97,5,-38,38,-91,27,-41,-119,-102,-16,-45,-20,-36,7,-52,-8,12,-104,32,-44,-119,-147,41,-87,-32,-86,18,-182,-30,-129,96,-26,-5,-58,-32,-30,44,-78,-119,-122,-12,53,-41,-10,-111,-95,-79,28,-11,-19,-90,63,-132,13,-80,-34,-48,-91,-47,-18,12,-51,-28,-86,-33,-18,10,-30,-40,2,-18,-89,-36,37,-162,64,-100,-4,-140,-87,55,-132,1,-34,-459,536,-646,-340,-854,-800,-64,60,7,38,-29,-7,-1,24,-85,64,-219,130,-133,58,-27,-26,-43,14,-41,-52,-60,25,-181,208,-7,39,-122,22,-61,-87,-38,-5,-61,44,-87,-167,-61,20,-5,81,-42,15,-5,49,-46,21,-10,43,32,30,43,-44,40,116,-59,47,0,78,-42,81,-44,22,-13,110,-78,15,-61,-49,-112,-1,-87,-170,70,-47,0,-10,7,-6,-7,-23,-1,-21,-30,-77,-1,-3,-1,0,0,-1,-120,-40,23,-68,-40,-59,-110,-37,-71,8,-64,-66,-128,-45,-7,-6,0,-1,14,-90,60,-8,40,-25,15,-5,6,-9,9,-6,25,-45,4,-7,0,-1,-6,-12,-17,-38,8,2,20,19,41,-4,36,9,9,-13,1,0,16,-1,29,-60,8,-11,-1,-4,5,-10,-15,-37,45,-76,0,-1,1,-1,-14,-44,49,-19,-28,-25,9,-24,61,-19,135,9,236,-94,62,-242,-40,-171,173,-33,3,-15,9,-2,-6,-10,2,-10,-16,-11,-6,-10,-214,-142,-28,-108,5,-124,-98,-72,-14,-116,-116,-37,-94,-193,-38,-14,-33,-132,-69,-106,20,-79,-44,-37,7,-54,-1,1,0,-3,-53,33,-16,-53,-77,-9,11,-70,-39,30,-33,-8,-22,-85,-92,17,-74,-47,5,-160,30,-51,45,9,94,97,14,7,17,16,13,-1,21,11,12,-13,1,-1,7,0,1,-8,4,-5,1,-104,0,-1,1,-1,59,-115,6,-37,4,-11,3,-45,-45,-35,41,-27,11,-100,29,-11,11,-52,-47,-39,24,-9,-7,-74,49,-100,-2,-103,74,-167,-43,-58,-85,-2,-19,-45,30,-26,-38,-21,37,-69,-44,-52,38,-23,-21,-68,51,-19,-67,-42,37,-23,-25,-31,13,-73,48,-35,-24,-85,42,-14,7,-52,0,-2,-16,-30,-26,-48,-2,-1,0,-1,-104,-28,-110,25,-50,-55,-9,7,-6,-5,-16,23,-10,7,1,6,0,1,-4,4,5,124,-34,24,-43,-7,-33,-66,-86,-7,2,-81,-6,2,0,-4,-39,17,-74,24,-3,9,-8,4,5,4,-4,15,81,40,-46,65,-114,-39,-18,-96,-3,0,0,-1,-94,14,-96,54,-116,-36,-117,68,-26,-3,-31,-19,-2,-1,-69,-90,-57,-3,-37,-479,-155,-105,-102,-18,4,-102,-51,-52,-9,10],[738196,206725,109,25,4,-47,85,-111,-34,-58,-164,191]],[[747284,206769,10,-13,121,-190,101,-201,79,-209,57,-215,35,-219,11,-222,-6,-122,128,5,63,2,70,12,14,34,30,90,-59,25,-21,119,11,119,30,10,53,102,87,-15,24,364,-8,99,-20,37,-94,-1,28,186,-9,21,-46,1,-33,35,-59,-19,-86,61,-71,-38,-4,46,-38,-21,11,-28,-73,14,-18,41,-33,-26,-34,41,-44,-28,-41,41,-28,-41,-43,-8,-45,82,-23,-9,27,36,-54,2]]]
1264521	r	77.7521,9.6933,78.4727,10.2158	[[[777521,98200,11,-222,33,-219,54,-215,75,-209,66,-138,3484,-264,556,187,1485,-63,1414,1560,20,124,8,72,-6,119,-604,2272,-101,139,-147,178,-159,168,-170,158,-179,146,-189,134,-50,31,-4474,-1208,485,-588,-205,-73,-202,-95,-192,-114,-180,-132,-166,-149,-150,-165,-133,-178,-115,-190,-96,-201,-75,-209,-54,-215,-33,-219,-11,-222]]]
1254361	r	77.3461,8.3626,77.86,8.9762	[[[773461,86371,40,-179,720,-1118,3671,-1448,146,44,236,89,94,42,8,29,81,11,47,21,83,45,13,64,-77,54,11,135,-48,65,-104,43,-55,60,70,144,1,41,-60,26,-5,44,38,77,68,30,-51,46,7,108,-116,69,27,82,-50,33,9,125,-127,49,-1,81,-65,48,23,23,86,-1,22,159,-70,33,16,87,-32,13,0,61,-47,1,-41,-39,-51,-10,3,54,46,46,-214,92,33,271,27,84,24,11,20,-3,24,-68,115,-20,29,82,43,24,24,65,28,15,15,51,-19,132,-103,-16,19,96,70,78,4,65,80,29,-10,72,-114,18,152,484,-23,107,-64,112,27,140,-33,75,24,26,68,-6,165,92,25,88,60,62,-73,141,-62,26,-76,146,-127,53,20,82,-28,3,2,80,-76,91,-10,38,21,35,-32,35,-110,62,-279,22,-70,52,-10,16,-4,25,32,244,0,8,-27,28,-5,65,-139,30,-21,26,-73,-2,-7,-76,-164,7,-110,2,-27,4,-18,1,-15,5,-82,15,-11,18,-4,1,-3,11,-11,20,-18,116,2,118,-28,28,-27,10,-46,61,-9,30,-1194,-330,-2143,-2992]],[[776999,89748,7,-10,15,-11,22,-46,122,-17,34,0,7,40,-156,58,-51,-14]]]
1279259	r	77.7402,26.8958,78.4214,27.491	[[[777402,270297,91,11,21,-20,-17,-74,98,-34,-26,-79,26,-39,33,6,-14,-68,-115,17,20,-36,68,-12,-62,-39,-65,15,5,-69,-12,-18,3190,-791,28,42,137,-83,159,-40,-18,48,66,16,40,-76,52,-16,15,75,-103,140,40,92,162,-44,13,131,-101,6,-16,44,29,43,78,38,108,-11,130,25,101,-66,126,41,33,10,92,-77,77,20,91,-18,75,-83,41,-13,36,21,638,1478,1,-1,57,-1,81,30,34,31,5,34,-36,139,9,93,8,26,23,35,31,17,23,21,9,18,24,12,-49,65,-21,97,47,36,23,30,-11,58,-15,41,-45,32,58,36,88,19,70,45,-28,23,-37,13,-56,-25,-16,12,6,19,78,26,26,20,43,10,132,-22,18,-21,-4,-19,-38,-21,-17,14,-35,6,-25,-22,16,-62,-40,-31,-3,-35,23,28,59,19,29,33,49,29,26,58,-1,55,-2,17,-28,31,-4,14,9,15,26,19,20,-35,13,6,38,42,13,-10,-8,-24,13,-7,26,21,23,-19,57,-5,18,-16,17,-4,38,28,9,19,0,19,-14,10,-7,35,15,27,11,50,-12,20,-90,37,-33,-8,-64,-33,-40,25,-32,-5,-31,-30,-7,-28,-26,-12,-15,11,6,43,-6,28,-30,11,-13,18,17,24,56,39,17,75,13,23,26,16,98,6,24,-19,44,-12,19,7,-2,20,-21,12,-44,8,10,27,35,13,80,3,6,8,-1,69,-14,28,-15,10,-15,31,-18,15,-26,5,-27,23,3,11,44,40,20,48,-3,12,-30,7,-14,-6,-47,57,2,13,21,17,65,23,4,18,-45,22,-7,12,2,19,-28,4,-64,-54,-11,2,-15,18,-20,49,1,22,22,37,-16,26,14,19,21,2,19,17,38,17,-6,53,7,11,24,-9,23,-119,15,-23,2,-20,49,-13,45,-40,23,8,43,36,65,37,19,3,10,18,-4,9,-53,11,-12,9,-35,69,45,35,39,44,8,18,3,57,20,26,26,115,-13,26,-47,28,-3,23,46,68,2,96,20,34,-4,7,24,16,15,28,38,-2,27,32,14,7,30,-14,190,441,-731,762,-2483,-1050,-1939,120,-964,-916,199,-32,222,-68,-225,-161,-54,-8,-60,-47,-28,-80,41,-60,-26,-12,-126,48,-41,-48,-91,-12,-33,-83,49,-62,-97,-94,-104,42,7,19,-106,63,-33,7,-189,-2179],[781448,270941,49,-31,-37,23,-12,8]]]
1271951	r	77.0607,27.9748,77.6158,28.5135	[[[770607,279748,2374,330,-7,5,-3,10,23,63,1,20,-17,10,16,68,47,28,10,28,-40,93,1,16,18,31,-52,53,-39,63,44,65,-6,59,-31,126,132,3,27,-29,30,30,36,66,22,63,92,66,91,9,90,48,86,-13,64,-35,30,-8,92,10,79,-33,97,-67,75,-70,48,-12,-19,-48,26,-49,51,-59,12,-60,-19,-52,-61,-91,-121,-54,48,-45,13,-63,-23,-73,-45,-45,1056,147,-78,15,-48,41,33,40,74,24,75,118,-11,41,-220,175,-24,45,86,30,127,-28,104,47,115,-31,164,43,63,-21,42,20,217,-31,131,163,79,40,16,-15,120,120,118,-115,20,8,-262,1097,-453,469,-434,219,-414,919,5,6,49,18,183,44,-4,25,-95,90,24,28,43,-9,15,9,-8,20,5,33,7,0,1,13,13,0,6,27,-61,91,-25,13,-26,-24,-25,4,-37,-11,-2,-9,-28,-2,-24,25,13,68,-107,3,6,21,-106,17,-11,12,15,11,-60,9,18,32,-16,17,-2,14,21,-1,1,9,-48,161,-132,-27,-49,11,-16,-9,-136,35,33,61,36,28,-156,74,-42,-43,-74,26,-54,57,-15,45,-28,45,8,33,-9,40,17,57,-47,23,-25,-20,-24,2,-42,26,-13,-15,-21,-8,-24,8,-44,43,-4,47,-21,47,-61,-65,-30,-18,-5,-8,5,-11,-57,-74,-29,-61,-88,-23,-20,-11,-1,-8,-26,-22,-76,60,-59,2,0,45,-36,8,-16,9,-51,7,-23,-5,12,-2,-15,2,-8,-3,-105,-25,-44,-26,-6,-9,5,-27,-79,-14,-155,-49,-51,-19,-77,-77,-26,-126,15,-34,84,16,29,-23,33,-75,0,-138,35,-2,-27,-79,-114,-41,-109,-73,-99,-17,1,-17,-22,4,-34,-9,-33,-3,16,-2,-39,4,-31,-8,-53,-5,-48,-1,-31,-6,-77,15,-45,-16,-41,-29,-44,-92,-47,1,-28,-6,-41,-17,-30,-12,-16,-18,-21,-64,-6,-34,24,-5,-39,-158,19,-11,12,-73,-18,-56,0,-62,1,-2,3,-12,38,-168,11,-65,8,-14,0,-1,1,0,6,-12,50,-11,-4,-23,45,-18,-24,9,21,-35,158,-51,188,-142,74,95,155,-113,14,6,32,14,136,-103,-47,-92,-139,-38,-21,-20,-17,-6,-8,3,-51,-24,-43,-122,-51,18,-89,-60,-42,-99,104,-60,-41,-66,64,-34,-18,-31,7,-27,-4,-17,-130,-31,-162,-80,-70,38,-39,85,-134,38,-149,98,-129,-87,-154,56,9,18,-26,13,-432,-2518],[772372,282701,5,-4,-1,0,-4,4]]]
1258847	r	70.0297,21.5265,71.5093,22.6133	[[[700297,217932,114,-141,9,-4,9,54,29,111,-111,-33,-38,25,-12,-12]],[[701421,219255,36,25,187,105,-166,0,-30,25,-27,-155]],[[702031,219631,14,-56,28,-20,25,9,230,54,44,6,-61,42,-83,-22,-64,29,-133,-42]],[[702486,219639,77,11,237,11,237,-11,235,-32,230,-54,223,-75,67,-29,1,2,5,2,230,54,235,32,237,11,237,-11,235,-32,94,-23,0,2,209,92,223,75,80,18,5,-3,7,143,35,219,58,215,3,8,-104,-59,-48,-67,-271,-124,-45,19,-103,-40,-19,27,-85,-52,-4,246,95,-6,62,-31,42,10,26,146,26,42,54,17,-7,47,-134,55,-171,3,-89,57,-297,-14,-63,-32,32,-95,-56,-59,-193,-61,-112,22,-95,-61,17,100,-119,-40,-42,71,-58,-10,-111,36,-86,56,-112,-26,-122,82,-186,-13,-55,-44,20,-35,-16,-126,34,-15,-27,-141,-322,-21,62,-108,-5,-82,-109,116,-106,-71,-129,31,-83,-66,-50,-276,-36,-33]],[[702527,215467,25,-94,-22,-81,76,-24,42,-2,36,20,106,128,2,1,1,2,164,46,-41,233,78,91,7,17,-474,-337]],[[703129,215895,194,2,71,38,51,-15,211,45,44,35,27,205,-3,11,-151,-6,-444,-315]],[[704046,224041,35,-257,25,-173,287,-37,41,-171,53,-83,57,-19,123,17,-34,169,-39,48,-304,140,-72,75,102,95,136,55,65,64,-163,200,-282,-68,-30,-55]],[[704453,224339,23,-65,108,-80,51,18,13,35,73,18,36,-34,100,48,209,6,12,-156,-64,-21,-21,19,-57,-9,-18,-134,-77,-132,-87,-30,-18,-36,107,-117,24,2,5,-51,117,3,20,45,35,-8,14,-34,35,18,62,-59,22,24,74,-142,48,-31,7,-38,-98,-26,-57,-87,-151,-63,-51,43,-65,9,-193,-26,62,-177,26,-24,21,-19,16,-15,104,-49,19,-8,35,-95,78,-24,142,-386,170,44,22,-69,104,-131,224,46,32,57,40,2,20,-172,70,-149,87,-3,15,-67,50,5,6,-24,61,-17,54,-75,-160,35,-78,-62,-12,17,-99,-42,10,-94,35,-5,31,-76,-192,-70,-17,-90,-40,-60,57,-135,-36,-33,50,-55,84,-56,108,7,-8,-124,-58,-65,-13,15,-187,-19,-83,-79,-27,-101,52,20,54,-98,-152,-123,30,-148,67,0,62,-65,85,-26,-9,-58,60,157,101,201,123,190,141,178,160,165,9,8,3303,86,112,-94,160,-165,141,-178,123,-190,101,-201,80,-209,58,-215,35,-219,11,-222,-11,-222,-35,-219,-58,-215,-80,-209,-101,-201,-123,-190,-141,-178,-160,-165,-176,-149,-191,-132,-148,-83,15,-4,-9,-41,53,-3,48,-121,220,-37,123,69,94,-213,41,-26,131,1,-7,42,220,62,6,0,20,5,78,-14,69,37,2,41,32,6,43,65,6,4,3,4,88,45,-57,131,105,223,-122,151,30,68,39,27,8,84,170,8,59,29,108,-21,21,-41,18,5,54,58,-11,87,143,49,15,81,42,15,-42,197,-276,-109,-201,-116,-80,53,-74,80,-72,62,-45,63,62,27,126,-2,141,89,-5,98,-54,25,-14,62,108,48,7,15,174,65,97,0,9,-22,216,50,25,127,89,146,102,29,91,-50,17,88,123,26,16,64,47,12,109,-45,8,52,148,27,64,38,-21,303,-93,41,-4,17,-7,4,-3,37,73,22,1,-1,4,1,57,-48,281,-30,144,9,14,43,60,-2,63,-88,-13,-121,-36,-54,15,-57,-15,-5,1,-30,11,-43,69,-47,-33,-21,19,-56,34,-9,81,39,228,9,-53,79,47,32,54,-4,4,26,-47,20,17,37,-53,113,-134,184,24,13,-20,64,64,7,31,62,124,60,35,95,272,-99,24,-51,-8,-73,28,-19,-10,-137,69,3,-9,-74,43,-139,37,19,235,-4,103,52,95,-58,-1,-16,14,-11,306,99,30,62,138,19,12,20,74,-23,69,37,71,2,38,44,-16,61,-34,12,-28,58,29,161,115,16,45,21,6,27,106,42,18,23,-24,66,124,-12,-19,208,35,-4,6,92,-26,196,45,66,46,20,-152,236,-176,32,-1,72,89,220,7,191,-82,-14,-57,80,-215,95,-14,76,-141,-49,-15,23,35,7,-21,104,267,113,-14,48,39,107,-34,100,-91,-42,-89,83,-66,7,-3,-121,-68,-130,-217,-115,-94,-12,-10,-1,-54,25,39,229,-54,9,19,287,-103,-3,-1,0,0,-48,-66,21,-1,5,-8,47,-51,6,52,106,-1,0,-5,4,-9,7,-63,-9,-50,-231,-146,-95,-115,71,-77,96,-170,44,-52,-141,32,-31,-40,-11,28,-84,-36,-26,-157,36,-55,100,60,29,-24,13,-127,31,-42,-16,-119,60,-225,0,-19,-240,-56,-10,5,-19,-93,-27,-46,-39,12,-99,62,-51,-39,-77,112,-25,130,40,109,3,73,-13,46,-56,50,-10,58,2,65,39,130,-249,82,-83,-59,-167,-79,-67,-115,-19,-99,13,-181,85,-69,-43,-92,-14,-92,99,-68,134,-252,-121,47,-107,-68,-8,-107,-62,-39,16,29,-74,-12,-75,-232,-85,-32,-31,-36,6,-13,-36,-19,4,1,-53,-192,4,-26,45,-36,13,-6,45,55,29,33,119,54,49,47,1,220,104,37,206,-204,62,-1,36,-98,87,-121,171,-123,246,71,59,4,31,-125,21,-54,-18,-56,23,-102,-21,-39,105,-61,19,6,48,-155,64,66,176,12,110,-97,36,-142,112,-114,20,-82,55,-87,285,65,73,-7,124,80,-10,2,1,1,0,3,2,46,21,93,61,0,2,4,2,-5,6,-1,20,-60,57,-8,10,-5,1,-3,4,-98,33,-106,130,-54,-21,-44,-66,-114,-16,-107,132,387,201,47,54,136,6,72,-19,46,-46,30,4,10,32,45,-8,65,-95,76,-48,42,-184,81,-29,27,-45,72,22,41,52,-8,121,28,157,48,35,209,18,-71,77,-18,59,138,96,-8,200,77,5,75,-33,118,14,70,48,-4,202,-197,203,-16,34,-340,28,-81,-188,-64,12,-93,106,-144,58,-26,45,-4276,350,5,112,-88,-47,-34,51,-86,9,-97,44,-51,-26,-35,61,43,16,-21,142,-111,14,-80,64,-32,-103,-165,-1,-116,-263,0,-2,-40,-154,9,-31,17,-55,2,-6,1,-2,5,-6,53,-60,27,-13,53,19,30,19,-9,41,32,12,4,-9,4,-7,81,13,37,-63,58,-19,36,-87,70,-11,13,-33,-85,-11,-219,-98,-54,130,-230,0,-33,-22,-36,-124,-75,-32,69,-205,71,72,111,-10,211,119,122,-226,-341,-62,-126,-49,82,-48,42,-121,-188,-44,-81,91,-38,-5,2,-29,-26,-11,2,37,-32,-14,-25,47,-22,-5,-72,214,-50,-11,-52,-126,48,-75,39,18,6,-43,-51,-2,25,-126,-22,-26,-111,-15,-6,31,-72,13,-91,158,-51,-10,-37,-193,-60,-10,43,-38,16,-61,-49,-2,-1,-30,-117,-19],[713071,222277,86,60,84,115,225,30,167,-156,-140,-147,-134,-70,-50,21,-11,51,-116,-23,12,41,-76,-14,-47,92]],[[708497,217367,240,39,60,-84,97,56,-22,100,13,19,-182,-61,-81,-19,-8,7,-2,-38,-115,-19]]]
1262111	p	1273294
1269300	n	85.8964,22.5339,86.4637,23.0561	[[[858964,227900,12,-222,17,-108,1369,-1684,42,-67,143,-99,205,-114,216,-95,225,-75,232,-54,236,-32,239,-11,239,11,236,32,232,54,225,75,216,95,205,114,192,132,177,149,161,165,142,178,123,190,102,201,81,209,47,177,-2,1,73,112,102,201,81,209,58,215,35,219,12,222,-12,222,-35,219,-58,215,-81,209,-102,201,-123,190,-142,178,-161,165,-177,149,-192,132,-205,114,-217,95,-225,75,-232,54,-236,32,-239,11,-239,-11,-236,-32,-232,-54,-225,-75,-217,-95,-205,-114,-175,-120,2,-3,-205,-68,-216,-95,-205,-114,-192,-132,-177,-149,-161,-165,-142,-178,-123,-190,-103,-201,-80,-209,-58,-215,-35,-219,-12,-222]]]
1259652	p	1259229
1268295	n	73.0963,18.9754,73.5723,19.618	[[[730963,192657,113,-295,37,33,41,54,21,-4,-22,-75,17,-38,45,-32,21,-30,0,-12,-24,-36,0,-13,-14,-18,1013,439,531,346,-541,-1174,-7,0,1,-12,-3,-7,-28,7,-19,-4,-13,-26,9,-18,-3,-6,-23,11,-20,-22,5,-12,-5,-5,36,-33,5,-15,-370,-801,1354,-1105,1275,239,950,178,55,97,-58,56,65,160,-255,-20,25,106,78,-13,-45,187,63,102,-25,14,-98,-19,-32,109,64,40,-7,57,83,250,110,-43,50,-65,33,215,-76,85,-43,-22,-28,81,0,23,57,34,59,-10,-71,176,92,-18,2,100,99,-32,47,36,58,-25,4,54,72,26,-7,66,-32,186,-45,185,-58,181,-70,177,-82,173,-94,167,-105,160,-116,154,-127,147,-136,138,-145,129,-154,120,-162,111,-169,100,-175,89,-182,78,-161,58,960,1354,-245,211,-375,264,-36,20,-1238,-1433,-1806,-2090]]]
1272423	r	73.0192,19.1153,73.1236,19.2657	[[[730192,192142,14,-73,11,-25,30,-38,48,-15,66,7,3,-140,45,-112,203,57,63,-67,83,-284,2,-14,-24,-9,-68,11,-39,32,-12,-123,-118,-33,-124,20,633,-183,142,556,0,268,70,43,-31,160,23,29,0,13,24,36,0,12,-21,30,-45,32,-17,38,22,75,-21,4,-41,-54,-37,-33,-113,295,-678,-147,-5,-69,20,-164,197,-100,-231,-122,-74,87]]]
1263214	r	77.3203,28.578,78.124,29.2972	[[[773203,288706,31,-51,799,-530,-42,-23,-12,-23,-36,-42,84,-59,-4,-8,26,-72,11,-74,24,3,15,-5,6,-13,43,-26,24,4,8,9,11,-80,-11,-26,13,-18,-5,-11,51,-35,117,-45,5,6,5,-5,12,16,17,43,13,3,13,19,10,-3,16,17,35,-23,56,-5,10,-9,4,-30,100,-59,-32,-50,4,-28,20,1,50,-21,-6,-15,19,-11,16,-1,8,8,59,3,105,-40,59,-66,9,-9,42,3,47,30,9,11,19,38,-19,26,88,-29,50,-35,37,-3,40,46,62,-39,67,9,7,15,-6,5,45,56,16,32,-30,13,-6,-3,-22,18,14,14,-32,17,-3,-4,-27,7,-13,-10,-36,24,-8,21,17,16,59,-28,12,17,18,-8,72,146,0,11,20,21,4,11,-10,19,9,18,77,-46,6,3,21,-16,8,2,31,-24,-20,-25,20,-17,-9,-33,-1,-22,11,-8,-11,-10,8,-13,-6,-22,60,-41,23,-33,41,14,20,17,16,2,14,-7,0,-22,14,-5,16,-44,-5,-25,5,-6,24,-13,5,1,37,-23,4,-2,77,-28,4,-2,1,-1,1,0,21,-14,3,-6,1,-1,19,-34,2,-19,15,-9,20,22,21,-8,33,37,33,1,13,-11,27,16,17,-2,6,26,26,-19,4,-25,69,-47,44,40,16,-12,-14,-9,12,-30,16,-14,4,5,4,-6,24,19,10,19,7,-4,15,28,14,-1,-1,8,22,31,41,-3,7,8,67,-22,56,-50,31,-45,55,40,13,-12,13,14,39,-28,71,-69,-34,-109,-49,-100,22,-55,142,-43,50,-76,122,120,92,-12,28,-38,186,-972,167,-41,26,44,26,-7,11,8,35,-20,59,-6,52,62,10,-3,21,22,-11,5,31,41,-7,3,0,1,10,15,-10,9,13,16,10,32,8,-4,34,49,22,63,21,-15,22,35,42,45,61,19,48,30,4,-20,8,5,8,-4,-5,-7,3,-4,21,-30,-13,-19,-2,-99,6,-60,17,-46,24,-42,57,-37,68,-19,28,-18,2,-54,85,-10,66,-21,40,12,28,29,0,37,25,24,32,2,26,-23,121,-55,14,-51,388,81,4,9,39,14,50,1,9,-2,455,96,520,465,19,792,-392,1303,-51,44,83,-71,84,2,1,95,78,55,18,50,21,15,37,-24,96,96,37,-18,71,44,160,5,89,-55,264,-32,32,-23,52,57,225,-8,-75,26,-120,-1,-131,114,47,20,-43,0,-3,19,117,69,88,159,-54,-1,-31,145,-179,-60,-78,95,72,64,53,-13,76,47,22,59,-71,63,-23,85,-75,86,300,333,-85,649,-234,73,11,51,57,31,32,40,58,158,-41,27,-15,19,-8,35,-4,134,-8,36,42,123,54,80,24,18,49,19,40,-4,80,14,90,130,-5,103,-6,10,-46,68,-33,24,-47,79,-23,54,6,35,22,33,-26,42,48,167,-15,81,41,34,-11,75,-11,23,6,17,-1,5,-209,-41,-55,-56,-1,0,-664,125,-178,-51,-611,432,-323,-296,1,-48,-16,-32,-24,-26,44,-39,77,-41,-87,-123,13,-25,30,-29,99,-62,-12,-22,-3,-6,0,-23,-11,-25,4,-3,-22,-30,-35,23,-16,-6,-9,5,-11,-11,-17,10,-28,3,-49,25,-41,-51,-44,-40,-44,32,0,18,-13,1,-48,34,-17,-2,-5,3,-8,5,-17,-2,-21,8,-7,-9,-36,18,6,13,-10,11,-127,53,-57,-102,-12,-37,-6,3,-2,-4,-12,-10,-53,-105,-29,15,-23,-33,-13,0,-11,-12,-46,26,-67,-16,-24,5,-2,-5,-45,14,-12,-14,-8,0,-31,-22,-81,42,-55,-96,-19,-52,-8,2,-20,-33,-17,7,-5,-5,-51,27,-79,-155,13,-67,76,-41,39,-5,-1,0,1,-1,-361,-331,-2409,140,-153,-499,-1,0,-9,4,-50,6,-54,-14,-56,-6,-79,-28,-40,-8,-45,10,-20,-2,-78,-44,19,-39,17,-15,7,-19,0,-6,1,-3,-1,-2,-1,-7,0,-1,-15,-14,-4,-5,-2,-1,-6,-5,-31,-12,-78,-10,-14,-12,1,-17,32,-41,21,-55,24,-40,-15,-36,-16,-11,-30,0,-15,-9,-5,-23,7,-61,-28,-26,-11,-30,20,-40,53,18,31,-3,27,-12,3,-2,5,-2,4,-3,12,-7,2,-4,2,-2,2,-7,15,-27,-1,-3,-1,-3,2,-6,-7,-8,-85,-22,-3,-11,60,-64,-10,-46,8,-10,-178,-178,-1193,-1189],[775011,289011,2,-1,80,-47,-82,48],[775289,288897,2,0,22,-14,-24,14],[776822,287379,49,55,-48,-58,-1,3],[776856,288735,10,-9,-6,5,-4,4],[776866,288726,1,-4,3,-53,-4,57],[776871,288669,2,-47,0,-4,-2,51],[778127,290930,22,-26,8,-10,-30,36],[778168,290855,0,9,1,-26,-1,17],[778407,290723,6,-17,7,-21,-13,38],[778421,290186,32,71,-8,-19,-24,-52],[778424,288816,14,-46,-6,19,-8,27],[778574,290472,1,-37,0,-6,-1,43]]]
1253133	r	72.6526,19.287,73.5045,20.228	[[[726526,198323,32,-62,50,-23,30,12,4,-33,26,-11,61,-78,70,-123,-41,-364,21,-175,102,20,77,-146,-16,-64,120,-144,41,-105,0,-41,-25,-11,-32,90,-46,77,-59,60,-74,46,229,-748,84,-433,-72,-191,42,-185,62,-270,-24,-26,28,5,9,-37,33,-36,-10,-2,2,-6,5,2,5,5,155,-166,35,-15,110,-69,101,-30,1,-60,0,-99,-118,-69,-76,-138,1,-10,-8,-8,-11,-19,-8,-42,4,-26,15,-26,18,-50,3,-57,116,-552,5,-14,-26,-77,5,-35,-2,-8,3,-3,0,-4,36,-41,65,-53,41,-54,22,-5,15,-57,7,-11,3,-8,5,-3,4,-8,16,-7,67,-46,65,-75,38,-62,50,-39,24,-1,1,10,-9,11,45,-43,70,1,27,13,58,56,18,-67,61,23,82,-13,214,-10,113,-41,39,-62,198,-214,73,-48,68,-7,67,1,66,10,70,-21,4,4,25,-12,28,12,21,10,29,49,30,28,121,33,-13,44,-91,82,-31,192,15,140,39,77,17,244,1,11,53,27,22,11,23,-14,30,39,-23,132,171,0,4,94,36,57,60,-17,35,59,125,83,20,71,155,135,-235,176,245,332,14,-32,52,-16,-5,-17,87,61,86,-47,33,6,46,-109,43,-33,156,2,45,49,70,8,39,39,82,20,41,48,81,-15,245,71,-36,97,38,57,346,58,115,152,75,36,112,120,100,29,32,59,-71,73,3,93,-99,152,-1,58,291,41,36,-14,28,112,41,23,33,-9,14,-39,87,-17,23,101,77,79,-12,33,31,-24,132,-20,46,-35,69,19,-42,133,-121,126,51,26,-14,129,44,13,45,107,-6,49,44,73,50,22,106,-51,21,12,95,-161,84,0,114,219,182,2,98,-85,87,0,8,37,81,-21,46,24,-11,76,26,19,36,-46,178,57,109,-36,-2,114,34,-29,58,12,60,-48,35,86,59,-21,67,86,91,-28,16,92,79,-53,110,56,2,77,97,-58,-3,33,186,43,-43,34,23,26,-16,39,38,49,-56,129,-86,24,-112,-33,-283,62,-30,29,-49,175,13,183,-46,25,31,77,-4,126,-127,61,-70,-17,-44,138,17,44,-49,101,26,76,59,36,128,11,-50,106,9,73,-66,94,11,64,-40,107,73,38,92,141,19,76,-13,136,94,-22,70,55,-71,73,27,152,-10,29,-96,-40,-92,14,-54,37,-105,136,15,36,-24,90,-72,19,-14,30,-93,-2,-51,-28,-121,68,-138,-16,-36,32,9,111,-56,30,-2,33,-56,-1,-59,-38,-141,96,-26,-39,-156,72,-28,70,-111,-44,-17,71,-41,21,-72,-37,21,-78,-56,9,0,-44,-27,-14,-38,26,-169,155,62,80,-36,52,10,40,93,40,-38,247,-161,40,-78,144,-10,11,-150,-52,-42,9,2,166,-74,-36,-10,-82,-61,-74,40,-25,-24,-281,-25,-50,-52,-61,-76,-35,-84,13,-20,-183,56,-47,-3,-46,-84,10,-49,-30,-17,39,-112,36,-19,56,-70,25,9,23,-50,66,19,37,-53,27,-3,-37,-30,-9,-39,58,-52,-3,-7,68,-54,-48,-49,13,-14,-46,-47,10,-7,-38,-44,12,-32,-21,-47,37,-31,115,-173,12,-239,81,-72,-1,-25,-59,-7,-282,-116,23,-116,144,-52,31,-18,60,-75,59,-51,113,-80,44,-18,101,120,70,-3,55,-48,7,-38,54,-50,17,-30,-47,11,-59,-35,-142,-129,-19,-22,-29,-59,21,-22,91,-53,29,-26,96,121,206,-1,142,43,87,-151,29,-26,180,25,92,-138,59,-132,-2,-142,68,-127,8,-94,42,-62,-21,-33,-55,-102,69,-91,11,-117,-34,21,-172,-222,15,-77,-127,63,-76,-138,0,-70,-43,41,-91,-31,-18,23,-11,2,-74,-36,-79,63,-24,18,-124,-92,24,-92,99,-55,-45,-19,14,-28,-23,-70,0,-38,-39,26,-13,-1,-52,55,-76,-6,-77,-163,85,-133,-18,-248,48,5,-64,-17,-165,-99,-284,-160,-49,-34,-86,68,-260,-4,-210,70,-194,0,-188,-61,-160,-81,-14,-63,-57,-102,-37,-81,-145,-176,-95,4,-39,106,-74,8,-187,49,-33,-10,-25,25,-160,-33,-130,11,-46,-57,-63,-17,-71,-51,-34,-110,-6,-12,-98,-31,-51]],[[727262,194653,67,-79,3,44,37,37,-101,31,-6,-33]]]
1261162	n	82.1715,19.0339,82.9951,19.6823	[[[821715,195031,1530,-4692,5274,248,1215,590,217,2704,-56,150,-200,401,-240,380,-278,357,-289,303,-723,573,-22,15,-401,228,-422,190,-439,149,-453,108,-462,65,-466,22,-466,-22,-462,-65,-453,-108,-439,-149,-422,-190,-401,-228,-375,-264,-346,-298,-313,-329,-108,-138]]]
1255634	r	74.4389,33.6096,75.3892,34.5903	[[[744390,336876,4,-3,324,-193,338,-175,352,-157,362,-137,366,-115,7756,6359,-28,76,-140,311,-164,303,-188,293,-211,282,-232,270,-252,256,-273,243,-290,227,-308,211,-324,193,-338,175,-352,157,-362,137,-373,117,-381,96,-388,76,-176,24,-3653,-5390,-1069,-3636]]]
1271308	r	77.1992,28.2739,77.7452,28.8655	[[[771992,288045,8,-75,73,-103,65,-23,106,20,36,-18,-70,-54,119,-42,6,-38,21,1,31,-93,-6,-28,104,-37,64,4,4,-18,34,-15,9,-21,-1,-18,-16,-17,-20,-40,-6,-19,5,-26,51,-29,148,0,43,-31,65,-75,44,-23,-12,-18,-3,-37,-31,-27,29,-61,21,-20,56,-27,21,61,54,20,91,16,23,-6,14,13,42,-15,11,-11,20,15,66,2,-57,-44,5,-64,-22,-37,70,-103,23,-68,-29,-30,-49,-7,-7,-67,-20,-15,-24,-71,0,-80,13,-20,6,-25,-8,-32,-44,-91,52,-11,40,-35,45,-16,37,9,476,-2,126,32,0,-1,45,-33,26,-33,48,-17,27,-18,-4,-32,-36,-58,-3,-80,46,-23,13,1,41,36,15,-12,72,-25,7,-12,-6,-75,-62,-44,-13,-19,-14,-57,-19,-16,-4,-14,27,-36,39,-24,40,-38,2,-21,-9,-20,-21,-17,-36,-16,-4,-9,91,-50,27,-55,-7,-30,-21,3,-33,23,-29,-13,26,-76,34,-51,43,-17,45,-7,6,-7,1,-20,1,-6,-15,-45,-1,-30,9,-109,9,-17,28,-18,6,-24,-32,-51,-3,-20,47,-10,51,19,27,32,19,5,6,-10,-15,-9,-4,-13,11,-31,13,-2,38,16,36,-2,27,-12,27,-25,4,-51,13,-9,16,-3,52,12,54,2,20,-7,3,-14,-12,-13,-29,-9,-34,17,-14,-11,-4,-27,-27,0,-12,-10,1,-17,39,3,27,-10,15,-32,-9,-24,-21,-12,-57,-57,-1,-23,24,-27,20,-8,32,5,29,17,30,-6,16,-22,0,-16,-8,-12,-31,-10,4,-7,30,-8,32,8,47,-25,11,-20,-8,-54,16,-27,20,-12,14,7,21,-2,38,-23,7,-12,-1,-20,-27,-61,-14,-15,-24,2,-7,-5,39,-20,-17,-19,6,-27,61,-23,44,-33,8,-17,-9,-39,-60,-4,-42,-10,-16,-22,-24,-4,-46,-26,-28,-62,-26,-19,-7,9,8,-20,-15,-9,-43,9,-24,-28,95,-90,4,-25,-183,-44,-49,-18,-5,-6,414,-919,238,-120,153,-7,76,3,588,1631,32,2,45,-12,72,57,11,42,-43,56,-30,21,-19,22,0,1,62,170,-10,-5,20,11,12,12,15,38,9,2,131,105,12,-6,69,46,19,-14,14,8,26,-12,21,34,0,24,22,-14,46,32,24,6,59,-25,1,26,-11,27,32,32,56,13,18,32,24,-8,49,20,8,-2,7,12,-20,34,-11,4,9,52,30,53,-18,12,57,44,11,28,-25,23,-21,10,-1,19,11,29,-5,4,13,36,-13,11,9,10,-1,18,-11,6,-77,95,-32,22,13,8,-17,24,0,6,104,136,580,77,-186,972,-28,38,-92,12,-122,-120,-50,76,-142,43,-22,55,49,100,34,109,-71,69,-39,28,-13,-14,-13,12,-55,-40,-31,45,-56,50,-67,22,-7,-8,-41,3,-22,-31,1,-8,-14,1,-15,-28,-7,4,-10,-19,-24,-19,-4,6,-4,-5,-16,14,-12,30,14,9,-16,12,-44,-40,-69,47,-4,25,-26,19,-6,-26,-17,2,-27,-16,-13,11,-33,-1,-33,-37,-21,8,-20,-22,-15,9,-2,19,-19,34,-1,1,-3,6,-21,13,-1,1,-1,1,-4,2,-77,28,-4,2,-37,23,-5,-1,-24,13,-5,6,5,25,-16,44,-14,5,0,22,-14,7,-16,-2,-20,-17,-41,-14,-23,33,-60,41,6,22,-8,13,11,10,-11,8,1,22,9,33,-20,17,20,25,-31,24,-8,-2,-21,16,-6,-3,-77,46,-9,-18,10,-19,-4,-11,-20,-21,0,-11,-72,-146,-18,8,-12,-17,-59,28,-17,-16,8,-21,36,-24,13,10,27,-7,3,4,32,-17,-14,-14,22,-18,6,3,30,-13,-16,-32,-45,-56,6,-5,-7,-15,-67,-9,-62,39,-40,-46,-37,3,-50,35,-88,29,19,-26,-19,-38,-9,-11,-47,-30,-42,-3,-9,9,-59,66,-105,40,-59,-3,-8,-8,-16,1,-19,11,6,15,-50,21,-20,-1,-4,28,32,50,-100,59,-4,30,-10,9,-56,5,-35,23,-16,-17,-10,3,-13,-19,-13,-3,-17,-43,-12,-16,-5,5,-5,-6,-117,45,-51,35,5,11,-13,18,11,26,-11,80,-8,-9,-24,-4,-43,26,-6,13,-15,5,-24,-3,-11,74,-26,72,4,8,-84,59,36,42,12,23,42,23,-799,530,36,-647,-28,13,-45,-69,-71,-1,-80,-45,-22,25,2,6,-20,16,3,4,-24,14,8,6,-29,33,19,41,0,15,15,24,-81,46,15,76,-7,31,7,32,-104,61,-49,14,-41,-1,-25,-10,-81,-3,-17,-13,-19,7,-17,16,-63,-91,-10,-2,1,-17,-17,-9,-81,11,-74,-13,-28,1,-20,15,4,26,-31,34,10,10,-50,28,-11,-72,28,-44,-6,-27,-37,-21,-10,-40,3,-27,-166,28,-29,-91],[775463,286529,26,-11,16,-7,-42,18],[775471,286368,6,13,1,2,-7,-15],[775638,286562,24,-33,-3,4,-21,29]]]
1272979	r	86.111,23.5397,86.8283,24.0601	[[[861110,238873,85,12,-41,-56,31,-56,-11,-86,68,6,31,-65,118,-24,-20,-67,49,-71,-70,-30,76,-76,13,-66,85,29,23,-34,66,-1,11,-19,11,-120,-35,-112,18,-110,33,-47,91,-42,-20,-69,114,-87,-21,-56,75,-121,-35,-61,15,-96,-73,-79,252,-108,204,-57,175,15,228,-17,225,99,111,-15,99,17,190,-130,8,-3,6,-4,21,-4,47,-15,14,3,15,-2,7,8,23,7,9,36,36,47,254,-29,22,-45,-29,-92,126,-100,-7,-117,49,-69,181,13,180,-148,337,-91,69,-59,163,-50,-108,-54,-86,-2,-76,-108,-44,12,-34,-20,24,-170,-17,-36,-109,9,-33,-45,-117,-44,-76,-144,-59,31,-52,-17,-30,15,-113,-47,26,-72,-3,-11,2002,-259,266,1351,165,4,226,91,192,28,414,120,221,-49,82,-154,235,26,181,64,98,10,71,71,-56,39,-9,39,89,187,41,224,146,53,14,129,-24,137,-57,72,-4,44,-5,-24,-102,121,-57,33,67,201,-62,83,-34,3,-2,37,-194,223,-78,49,-182,54,-131,-80,-54,20,-56,49,-58,265,-98,113,-228,59,-114,90,-151,44,114,575,-1485,576,-674,-180,-190,111,-293,2,-133,87,-66,8,-81,164,-68,35,-74,-62,-9,-18,-19,-23,-42,-18,-51,9,-97,42,-60,6,-58,-24,-58,-32,5,-119,-140,-47,-22,-44,85,-71,148,-25,-10,-113,-220,-250,-4,-7,-1188,-317,9,-82,-30,13,-56,-26,-180,-14,-178,-77,-83,-7,-105,30,-72,-120,-16,-181,-72,-75,-67,-29,-9,-47]]]
1278149	n	75.0013,19.4477,75.6272,20.2221	[[[750013,198400,11,-222,34,-219,57,-215,79,-209,100,-201,121,-190,139,-178,158,-165,173,-149,189,-132,201,-114,211,-95,221,-75,227,-54,232,-32,234,-11,234,11,232,32,227,54,221,75,211,95,201,114,100,70,974,-2113,428,145,423,190,190,108,431,5133,-3384,2168,-1357,-650,437,-949,-34,-4,-227,-54,-221,-75,-211,-95,-201,-114,-189,-132,-173,-149,-158,-165,-139,-178,-121,-190,-100,-201,-79,-209,-57,-215,-34,-219,-11,-222]]]
1253405	r	82.6675,24.9451,83.3684,25.6946	[[[826676,252542,35,-72,65,30,40,79,73,-10,40,48,148,-17,34,17,2,-6,13,4,14,-110,60,25,150,3,3,-1,2,0,54,-37,72,-110,63,26,28,66,28,151,1,32,5,0,1,7,128,-6,25,44,43,-17,8,-41,-28,-32,-76,11,2,-47,0,-6,15,-42,92,-36,-3,-40,-49,-31,-8,-84,42,-9,8,-42,112,1,5,0,-15,42,-57,25,32,28,-36,16,-2,89,0,1,139,9,22,51,75,25,118,-23,-40,-98,-56,1,-15,-108,58,-11,23,-54,-86,-31,-42,-60,28,8,34,-70,37,-12,17,-73,-43,20,-17,-22,-113,20,-75,32,-10,-22,-61,1,-10,-37,43,-9,10,-58,-7,-9,0,-11,34,-27,119,-33,-91,-111,99,-80,31,23,9,90,1088,-2361,625,1491,32,-22,209,-114,221,-95,229,-75,236,-54,242,-32,243,-11,243,11,242,32,236,54,229,75,221,95,209,114,196,132,180,149,164,165,145,178,125,190,105,201,82,209,59,215,36,219,12,222,-12,222,-36,219,-59,215,-82,209,-105,201,-125,190,-145,178,-164,165,-180,149,-196,132,-209,114,-221,95,-229,75,-222,50,80,203,-36,19,28,38,-32,25,-14,-66,-66,8,-83,-32,444,1061,-275,524,-774,152,-1927,-1244,-59,13,-31,-23,-203,-22,-48,118,-40,7,-64,-21,-17,-96,-37,-52,-172,51,16,-111,-22,-28,-115,-37,-321,22,6,-90,-82,-4,-14,-71,-69,-64,-68,10,-109,105,-191,61,-144,-48,-13,-4,-40,-76,-58,-38,76,-46,34,-63,-2,-156,-101,-49,-51,-169,264,-134,11,-39,-49,-51,-124,17,-19,-28,-102,6,-29,-83,-34,-20,172,-106,6,-55,-304,-54,-62,-68,19,-146,44,-73,57,-33,-20,-17,35,-4,42,-35,41,-21,46,11,6,-21,-5,-33,6,0,-6,-5,-10,-71,-11,-17,0,-10,-10,-5,-18,-29,23,-55,-12,-49,-31,7,-24,59,-21,-16,-13,0,-9,-4,-8,-9,-14,-2,-8,-44,-11,-3,-7,-11,-30,0,-7,-2,-3,1,-42,0,-6,-22,7,-11,-12,-14,33,-55,2,-1,2,-5,15,-146,54,-10,32,-2,46,-14,32,-57,-40,-112,-64,-21,-55,-179,24,-40,-20,-96,-147,15,-34,-159,23,-12,0,-15,-1,-33,-49,-38],[831515,255064,41,97,2,-4,85,-26,17,-61,-145,-6]]]
1278710	r	74.4866,31.072,75.4044,32.055	[[[744866,317151,46,-21,-18,-18,101,-113,25,-40,0,-3,3,-1,490,-766,-1,-12,37,-44,7,-11,6,-18,-7,-25,15,-3,268,-878,-35,-87,34,-7,4,-37,-40,3,72,-28,-61,-54,-58,21,85,-43,97,-5,12,54,107,-31,-83,24,174,-230,22,-164,4,-25,-53,-187,-119,-161,-163,-175,-121,-174,-88,-192,-111,-56,-15,-59,29,-21,-72,-157,18,-36,-9,-21,-29,2,-71,-50,7,-34,-37,-18,41,-58,-40,-32,9,-25,-84,-11,70,-66,9,-9,65,11,13,-23,-45,-27,-64,-166,-59,-72,-42,-51,27,-104,14,-19,75,-104,-45,-94,-92,-67,-18,-49,74,-82,15,-83,-23,-38,14,-45,-37,-9,-19,-186,-91,-38,25,-161,-22,-64,45,-67,-49,-191,130,-25,15,-3,189,-82,47,10,10,-117,19,-238,199,-51,25,44,149,19,-22,34,26,13,22,-38,95,-6,-15,50,49,1,64,59,-6,127,-132,149,2,28,63,43,115,-22,162,12,13,-111,40,-35,229,157,72,-93,69,-9,158,43,8,-96,83,-59,-9,-99,51,-108,-114,-110,52,-69,117,-18,20,87,56,46,52,163,208,23,2,147,137,-24,75,39,-20,22,48,32,102,38,133,7,114,-150,33,53,-44,77,40,78,31,40,30,-52,49,32,106,-38,190,-15,385,191,29,39,164,-62,11,49,139,69,17,8,7,3,280,-96,172,9,216,54,182,152,52,1,69,57,207,96,60,8,43,5,3,0,47,76,-18,34,92,88,16,146,-39,9,19,48,197,150,19,39,-17,148,30,29,-30,13,29,49,217,60,-105,41,162,271,-28,59,115,35,163,-98,132,96,5,131,-23,35,184,200,6,48,-77,3,-13,33,73,178,50,-38,132,169,-29,29,92,86,21,-15,44,20,-78,67,6,100,46,84,80,29,104,-9,40,-132,104,0,105,374,83,-41,89,142,124,93,154,30,50,29,121,154,305,425,96,85,59,49,22,-18,134,143,161,105,212,15,63,120,20,11,-316,311,-105,13,-47,29,-125,80,-36,-12,-27,56,-115,-58,-177,145,-75,27,-22,30,98,59,37,58,-66,81,-57,-6,-35,63,-22,-13,-28,36,-31,-24,-51,8,25,111,-18,55,-57,-1,-28,-25,-44,11,-107,-49,-40,18,-98,-20,-9,-31,-55,10,14,-29,-23,-36,-50,38,-77,-29,-3,76,-144,41,21,53,-17,43,-194,56,-2,67,64,2,37,45,-26,21,19,61,-59,35,-94,-1,-20,26,48,33,-11,15,-29,10,-23,-33,-104,99,-85,-33,-108,16,-106,116,-66,-71,-115,23,-21,25,-72,-36,-120,20,-49,91,71,13,12,76,50,54,-8,21,-7,7,-88,10,-1,1,-1,0,-105,83,-95,15,-26,92,-74,49,-96,7,-19,27,-211,-71,-44,33,-1,50,-39,38,-24,-20,-72,51,62,51,-152,-24,-124,122,-78,-17,-91,54,-144,-50,-72,94,24,27,-24,106,-46,25,-64,-6,-91,47,24,99,-39,-4,-21,-32,-122,88,-95,35,28,134,-76,-15,-50,33,0,1,8,35,-53,40,5,55,-141,198,27,50,-4,5,13,11,46,-13,-3,-28,51,16,34,50,91,55,9,0,6,3,103,-9,27,-28,100,28,34,18,-46,29,53,35,115,51,62,-11,114,68,12,154,-2,3,-243,-56,-11,-50,-84,-29,-219,127,29,73,-34,27,24,137,57,11,31,51,45,-3,17,23,-34,23,47,25,-19,48,-41,19,-68,206,-142,123,-52,-9,-117,44,-29,-24,-92,12,-68,-98,-35,-12,109,-109,-112,-99,5,57,-38,27,-29,-9,30,-63,-173,-27,48,-71,-63,-50,-76,1,-111,163,-168,-211,-88,-348,-86,-119,-123,-12,-131,-81,-131,81,10,-121,-76,-22,-116,20,-28,18,-10,-12,-350,61,-148,-240,-65,0,-29,-76,-8,23,-67,17,16,-47,-100,-75,-8,-85,-32,-23,-34,27,-94,-116,-4,-1,-123,-82,-135,74,-79,3,7,-115,19,-3,-34,-98,-88,-5,-54,-97,-268,-178,-152,-135,-96,-161,-34,-220,-4,-132,-19,-46,-43,-33,-78,-93,-18,-47,-29,-118,-45,-20,-49,21,-50,-18,-7,-99,-17,-26,-109,-42,-40,-85]],[[749599,311473,373,-224,-89,71,-284,153]]]
1253184	r	80.2927,16.324,80.8552,16.7524	[[[802927,165633,450,-1205,1078,-268,363,-266,1,0,0,-1,889,-653,1515,485,764,-24,565,2147,-2702,1675,0,-252,-193,47,-227,32,-230,11,-230,-11,-227,-32,-223,-54,-216,-75,-208,-95,-197,-114,-185,-132,-170,-149,-155,-165,-137,-178,-118,-190,-98,-201,-77,-209,-32,-123]]]
1258526	r	84.8653,22.8457,85.9028,23.7175	[[[848654,230988,18,-104,44,-24,30,-89,-2,-81,-24,2,141,-62,73,-6,54,-55,46,-8,-8,-76,87,-80,16,-115,33,-18,55,28,75,-23,-27,74,62,-11,98,-106,-54,-93,94,-47,-35,-87,41,5,68,97,119,-2,-15,52,31,76,130,-19,40,142,67,-12,4,73,881,-1962,5162,2172,5,1,44,-21,232,90,83,-34,48,-124,-115,-26,-27,-51,29,-19,-10,-60,45,-29,-17,-67,38,43,5,-45,34,54,-2,-63,-42,-4,104,-39,11,-127,120,-65,-215,-124,-119,24,-73,-31,-23,46,-97,36,-49,-20,15,-96,28,-9,-9,-272,-41,-24,-6,-34,-116,-22,7,-78,-64,70,-80,-18,-58,19,7,-86,-23,-54,-142,-69,8,-63,36,13,33,-18,127,-79,34,-64,74,-34,243,280,109,-78,-23,-26,54,-88,348,72,22,41,-16,95,368,-7,138,99,136,-19,68,17,249,-89,179,-33,47,-96,82,-7,137,-60,64,-68,277,-56,91,11,-5,-149,152,-56,116,-5,15,23,-66,149,32,66,99,46,-24,44,70,156,-29,2,-29,70,-44,10,1,49,-120,-10,-16,26,-45,378,-191,73,-39,72,-42,14,1,77,-74,20,-7,35,40,19,17,79,55,50,-62,109,16,126,-61,114,-15,149,-101,57,36,83,114,5,4,73,75,141,73,71,42,-4,10,70,60,15,31,85,141,92,99,-65,11,161,81,-5,41,-25,39,9,-13,22,21,19,54,-16,-117,135,9,284,-187,237,-272,-19,31,94,-34,80,23,89,-150,122,-39,91,89,142,98,242,91,32,32,69,82,62,93,70,-19,117,63,9,105,84,-79,90,-4,170,36,49,-78,65,177,85,102,-31,43,47,-41,67,-120,-4,43,70,-107,108,62,24,0,22,-51,40,-207,4,-19,-51,-109,43,26,-62,-65,-19,-44,94,-101,81,-6,94,-62,57,-161,24,-58,-59,-43,-9,-25,62,-118,0,-38,48,-45,6,-18,-15,-177,21,-207,-130,-43,59,-102,-118,-109,40,-355,37,-51,94,-117,27,-19,33,-211,20,-296,156,27,50,-163,54,-19,51,19,32,-198,124,-193,244,-88,38,-34,-40,-44,11,-16,-32,-4,-24,-15,-11,-13,2,-95,62,-18,24,27,84,38,61,42,46,-88,146,-71,-8,-75,-47,2,-3,-22,-10,52,-45,34,-45,10,-42,-1,-109,-7,-13,-43,-16,-81,14,-27,-6,-74,22,-92,80,32,65,30,-17,15,20,-159,106,-70,-156,-169,-66,-230,59,-96,52,-85,-42,-112,-13,-42,77,-26,-7,-33,-111,-28,1,-30,57,-69,5,-91,61,-274,-33,-100,79,-81,25,-365,80,-37,-11,-22,30,-95,-18,-20,75,-43,43,-194,41,34,100,-105,144,-243,18,-38,49,-31,111,28,91,60,50,18,51,89,-9,-17,20,21,34,-22,45,12,73,24,0,23,70,89,54,-6,21,-83,-17,-26,14,18,102,-19,45,-353,92,-146,-223,-76,-193,-40,9,-39,66,-119,-41,-212,-20,-57,-48,-413,64,-6,51,-99,77,-61,-1,-20,143,96,6,-13,135,-89,-22,-62,28,-40,-24,-36,-59,-43,-9,-58,-142,-132,12,-29,-19,-79,68,0,-57,-58,-90,-47,4,-46,46,-73,187,-94,21,-59,86,-59,19,-34,-44,17,-81,-23,-70,-92,1,-49,49,-68,-86,-62,-19,-20,-67,14,-60,-133,-107,23,-64,-47,-117,13,-33,216,-111,-8,-164,31,-9,19,-131,-152,-319,55,-111,-13,-135,-117,44,-75,-125,-73,9,-16,283,19,40,-37,102,-79,-109,-13,-145,-120,-3,-5,-38,56,-54,2,-62,190,-68,7,-51,-30,-26,34,-83,132,11,30,46,145,-77,16,-51,-14,-40,44,-112,-83,-116,-11,-64,-61,-48,-41,0,-35,-93,13,-50,-104,-60,-201,-211,-5,-62,45,-30,-36,-58,35,-18,-16,-68,-96,-47,-7,-33,80,-112,2,-86,-76,-42,-3,-58,20,-48,151,-49,-7,-85,43,-79,-41,-213,52,20,72,-69,29,4,61,-103,-3,-33,-159,-90,-34,-117,-59,-10,-26,-137,23,-7,8,-55,-18,-54,63,-41,97,-5,2,-47,-47,-7,21,-74,142,-38,91,-65,23,9,-6,-24,84,-20,46,17,24,-34,-52,-147,-20,-30,-63,-6,-24,-83,-130,9,-9,-26,-113,-62,147,-90,-31,-156,-223,46,-97,-43,-27,-233,-36,-57,13,-64,75,-40,-48,-19,-6,-99,122,-84,-36,-103,-297,-3]]]
1269633	r	79.6379,22.8812,80.2621,23.4588	[[[796379,231700,7,-189,20,-188,33,-186,47,-185,59,-180,72,-177,84,-172,96,-167,108,-161,119,-153,130,-146,139,-138,149,-130,158,-120,166,-110,174,-99,180,-90,186,-78,191,-66,195,-55,199,-43,202,-31,203,-18,204,-6,204,6,203,18,202,31,199,43,195,55,191,66,186,78,180,90,174,99,166,110,158,120,149,130,139,138,130,146,119,153,108,161,96,167,84,172,72,177,59,180,47,185,33,186,20,188,7,189,-7,189,-20,188,-33,186,-47,185,-59,180,-72,177,-84,172,-96,167,-108,161,-119,153,-130,146,-139,138,-149,130,-158,120,-166,110,-174,99,-180,90,-186,78,-191,66,-195,55,-199,43,-202,31,-203,18,-204,6,-204,-6,-203,-18,-202,-31,-199,-43,-195,-55,-191,-66,-186,-78,-180,-90,-174,-99,-166,-110,-158,-120,-149,-130,-139,-138,-130,-146,-119,-153,-108,-161,-96,-167,-84,-172,-72,-177,-59,-180,-47,-185,-33,-186,-20,-188,-7,-189]]]
1278994	r	81.3871,25.0383,82.2015,25.786	[[[813871,254500,10,-269,29,-268,48,-266,67,-263,86,-257,105,-253,122,-245,140,-238,156,-228,173,-219,188,-209,203,-196,216,-184,229,-171,241,-157,252,-143,261,-127,270,-111,277,-95,284,-78,288,-61,293,-44,295,-26,296,-9,296,9,295,26,293,44,288,61,284,78,277,95,270,111,261,127,252,143,17,11,1082,4930,-6230,1841,-142,-93,-229,-171,-216,-184,-203,-196,-188,-209,-173,-219,-156,-228,-140,-238,-122,-245,-105,-253,-86,-257,-67,-263,-48,-266,-29,-268,-10,-269]]]
1253102	r	82.649,17.4093,83.4632,18.0647	[[[826490,176900,6,-166,2193,-2596,3,2,141,81,54,-120,81,-8,487,338,73,29,168,41,62,36,206,198,235,174,333,156,350,242,30,10,802,281,247,170,131,69,137,28,160,65,-50,147,-11,14,29,25,9,-4,10,7,8,15,-8,10,102,93,-95,-83,2,6,-10,0,-12,16,3,13,-20,7,-1,10,-58,12,5,18,28,-8,10,19,-27,9,11,19,29,-8,63,66,21,10,6,0,36,-60,-32,58,1,2,31,-1,82,39,131,105,157,67,-23,48,-142,295,46,-15,205,-106,23,-18,5,7,4,37,-6,9,15,15,3,22,12,15,-31,-14,-19,26,-54,-4,-6,-8,-3,10,-56,5,0,6,-20,3,1,7,15,-2,-20,23,-1,11,-42,10,-3,-7,-2,6,-53,16,6,12,89,-18,-25,38,-17,-3,-19,32,16,5,-10,15,-12,-4,4,12,6,-3,-10,17,-86,-17,-5,19,37,8,-4,18,-19,9,5,12,-7,4,-8,-11,-5,4,15,22,18,-9,5,6,13,-21,25,-12,-20,14,2,22,10,8,16,0,22,-12,5,-20,-9,-12,-1,-14,20,-26,22,-14,25,-42,-8,-11,17,-27,15,1,-12,101,1,1,-1,6,-39,71,-82,44,-138,-8,-655,1364,-569,1186,-151,62,-391,324,-126,104,-194,31,-228,21,-230,7,-230,-7,-228,-21,-227,-36,-223,-50,-220,-64,-215,-78,-209,-91,-203,-104,-195,-116,-186,-128,-178,-140,-168,-151,-157,-160,-145,-171,-134,-179,-121,-187,-109,-194,-94,-201,-81,-206,-67,-211,-52,-214,-38,-218,-22,-219,-8,-220]],[[832594,179792,1628,246,-9,13,-9,47,5,42,-55,20,-94,-3,-132,17,22,106,16,11,26,54,23,30,-2,26,26,45,3,39,-19,31,14,62,-38,-43,-17,-12,-3,-3,-3,-1,-8,-6,-38,-9,-39,0,-50,6,-55,16,-17,-10,-36,8,-39,32,-52,14,19,61,-3,15,-73,1,-7,-3,-5,-7,-29,-53,-25,-18,18,-45,-5,-29,-67,20,-21,-1,-33,-53,-71,3,-80,-74,-56,-34,-24,-91,-22,0,-25,19,-37,13,-24,27,-17,-5,-7,-15,8,-20,42,-26,22,-26,-2,-7,-18,-9,-5,-14,12,-11,23,-6,1,-10,13,-11,-5,-57,12,-48,-37,1,-10,-3,0,-14,-24,0,-9,2,-25,37,-57,-3,-101,10,-17,-47,25,-19,26,-32,25,-9,-2,-9,-14,-1,-58,44,-44,-1,-25,68,-72,-5,-3,-40,-24,-25,-13,-40,-28,-1,4,-33,-11,-19,-4,-39,-40,-63,-19,-23]],[[832824,176906,12,-12,52,-9,56,13,7,-4,6,12,-30,5,-31,22,-22,21,-27,10,-15,18,6,-62,50,0,-2,-8,-56,3,-6,-9]],[[834490,179069,34,-207,0,-4,28,19,-1,12,13,19,-5,20,-10,3,-1,37,12,35,22,35,50,41,-3,6,-110,144,-29,-160]]]
1268865	r	72.028,25.8527,73.8699,27.2082	[[[720280,265001,176,-169,50,-19,109,-142,156,-143,22,-231,-69,-299,35,-316,3,-33,-32,-119,-10,-36,31,-6,11,-46,44,4,109,-106,0,-48,53,-64,108,-64,63,54,68,-76,195,117,-56,-73,181,-68,7,-52,47,-69,30,-5,25,-75,-52,-96,65,-3,38,-29,-22,-36,50,15,55,-47,63,-2,126,-90,88,-74,43,-188,67,-52,274,-118,257,-225,144,169,41,0,51,49,95,-43,53,26,132,93,135,144,32,-18,50,53,325,-196,30,26,26,-21,197,95,125,14,-20,39,156,198,-26,96,-86,67,22,31,13,13,37,47,41,28,39,37,10,-4,45,31,42,7,134,-9,51,63,35,9,27,-22,66,41,214,-68,-6,-34,33,-28,64,-1,6,-66,40,-39,92,60,78,6,-17,-5,39,-23,-14,-46,142,-70,47,6,64,-81,115,59,55,-35,55,29,83,2,74,65,29,-10,49,31,242,-284,144,-210,23,17,36,-26,230,-246,71,-9,37,-49,56,2,54,-68,-29,-9,39,-45,23,18,24,-25,-111,-126,42,-57,-12,-117,72,-136,-42,-36,85,-141,46,-8,6,-63,-56,-31,37,-70,-132,-105,12,-123,-84,-97,-12,-53,109,2,34,-49,-43,-46,-9,-56,46,-127,17,8,31,-46,-243,-132,-206,-66,-7,-43,-42,-21,-57,10,-237,-89,-38,-32,95,-135,-3,-113,31,-45,191,-112,14,-35,90,30,195,-72,30,-48,47,-7,13,-54,68,3,42,-94,128,36,170,-152,28,-16,27,16,69,-110,30,16,46,-107,111,-35,-4,-133,-1,-10,31,-16,254,34,200,-272,8,-11,8,0,53,-2,18,-32,148,94,56,20,14,-30,40,28,42,33,7,5,1,20,11,198,43,18,0,23,80,-11,14,47,118,18,20,-87,47,-14,65,39,95,-29,274,25,207,99,203,-21,17,61,144,141,-17,132,86,42,114,19,61,93,-26,53,286,-13,185,122,20,62,24,-3,33,53,25,240,-46,110,36,30,233,49,76,-7,185,94,124,7,61,34,55,98,98,41,79,-18,183,-120,236,15,-82,197,169,154,-17,133,48,-7,61,-82,48,16,16,-23,88,37,31,-3,19,-40,85,65,-1,25,77,21,72,-138,114,7,-5,-41,-75,-16,63,-99,109,25,71,-72,-24,-43,65,-66,162,-71,95,1,33,-60,5,-114,107,-32,42,27,-56,114,-15,111,113,58,13,115,164,90,61,4,47,-26,28,16,-17,132,70,32,-15,27,-53,-17,-8,30,-39,-3,-38,55,-74,280,162,136,90,54,44,-14,49,42,-27,107,52,13,-28,42,118,-12,22,54,132,29,21,-273,48,-94,219,62,-2,-32,65,-21,69,-133,53,-8,-16,-26,52,-16,107,-229,120,3,86,-41,16,37,50,-33,56,41,108,-185,67,7,114,-45,18,152,-35,141,-20,0,0,87,126,18,80,46,85,0,69,-35,43,42,162,51,-6,75,-46,63,15,19,119,-53,128,56,23,-35,38,10,-5,25,69,3,7,47,42,4,72,94,41,16,185,-159,56,-64,-14,-35,30,-11,-39,-80,-10,-165,-27,-48,17,-112,50,-5,-2,-60,31,2,-1,-10,42,-11,155,-15,7,-10,10,0,1,10,40,-12,126,-8,143,245,1,48,215,154,111,4,-3,-58,46,-7,57,-52,19,-84,47,-3,30,16,-7,25,75,19,159,1,167,-42,116,187,-28,9,11,26,-41,38,-1,96,-69,62,-45,96,-26,3,-2,29,-79,22,1,141,38,7,44,250,67,123,54,-8,-44,132,-128,204,36,19,6,119,168,159,-35,118,61,114,-24,110,-84,8,43,106,-74,38,-5,-24,-21,4,12,27,-89,42,88,6,118,-75,32,62,-25,65,36,109,-13,34,-28,2,43,86,-3,92,119,73,34,-3,60,67,108,10,42,38,13,30,-96,44,46,237,187,91,-4,49,35,10,45,88,-24,64,-64,33,-38,62,-26,213,-55,6,-7,45,-130,27,-11,94,-42,-5,-25,48,-120,63,3,53,33,28,-23,20,-214,6,-130,75,-36,99,-137,84,22,52,-48,-22,-61,53,-361,-1,14,73,-21,64,-77,72,-67,144,-49,-7,12,60,-39,138,32,86,-34,46,-64,24,24,33,-11,51,-36,2,26,57,-50,94,-41,5,-4,95,-28,-1,-11,46,-156,0,-27,25,131,234,0,82,-123,65,-49,62,-37,211,68,69,20,90,15,-8,52,132,56,59,-7,34,53,18,13,29,-58,35,-71,163,-32,5,-26,114,26,76,-58,109,-72,-25,-145,19,-7,148,-17,29,-26,-9,-3,206,-53,-7,-53,24,-33,-70,-47,52,-75,23,7,44,-84,15,-32,115,-123,-30,-34,39,-440,-78,-189,234,-163,80,-244,-106,-10,21,-114,-45,-29,16,-117,-37,-53,126,-114,23,-195,-27,-65,-17,-52,-86,-75,3,-75,-81,-70,-7,-40,39,-22,-21,-167,18,-47,-63,-84,-47,-161,-52,-11,22,-72,-6,-54,82,-81,-6,-34,49,-64,1,-15,56,-73,-20,7,-26,-69,-33,-22,-42,-192,1,-61,30,-128,-41,-33,83,-40,-26,-20,24,-136,-32,-46,45,-63,-13,-34,27,20,82,-188,36,-80,201,22,86,-24,133,-61,75,-54,-49,-100,-34,-8,9,-8,-2,-54,70,-152,85,-31,15,-68,-7,-32,100,-90,126,-3,26,-16,26,-538,-222,-698,469,-6918,2141,-516,-334,-639,-473,-473,-400,-601,-1692,94,-30,238,-278,-63,-64,59,-165,-8,-53,-74,-17,-5,-8,1950,-2962,-119,5,-152,114,-48,5,-115,-76,32,-127,-295,-36,-124,-115,-128,4,4,360,-73,75,13,34,63,16,44,46,33,64,13,124,-160,23,-110,119,-221,-88,-205,-130,-151,-53,-247,-4,-175,-257,18,-13,-53,-80,7,-37,-124,-77,-335,-501]]]
1270583	r	77.81,25.9513,78.4616,26.4359	[[[778100,262147,3,-60,23,-212,38,-210,54,-208,68,-204,83,-199,98,-194,111,-188,124,-181,138,-173,150,-165,161,-155,172,-146,182,-135,192,-124,142,-80,4777,1951,-2469,2895,-4047,-2212]]]
1254745	n	77.1604,9.7607,77.776,10.2469	[[[771604,99098,2546,-573,1427,-918,1182,308,1001,2285,-684,0,5,100,-11,222,-33,219,-55,215,-75,209,-96,201,-115,190,-133,178,-150,165,-166,149,-180,132,-192,114,-86,40,-908,75,-720,60,-23,-5,-211,-75,-152,-72,-5,26,-46,7,-224,11,-224,-11,-221,-32,-217,-54,-211,-75,-47,-22,-976,-3069]]]
1270396	r	88.0641,22.5465,88.3651,22.7436	[[[880641,227039,759,-988,321,-232,816,-236,1,0,185,-35,63,-19,46,-13,5,4,16,-8,6,6,2,-6,43,-7,31,2,104,-41,27,-1,121,23,10,-4,66,36,11,-9,-5,-6,13,-10,214,371,23,79,34,38,16,11,18,31,-18,15,43,51,39,93,-38,128,-28,51,-4,22,48,165,-91,158,-65,42,-853,0,-960,500,-148,51,-591,135,-1,-2,-143,-178,-122,-190,-14,-27]]]
1258980	r	81.5175,20.9401,82.1947,21.6314	[[[815175,216314,194,-2866,21,-44,96,-56,-7,-20,61,-1,-41,-274,-133,-34,-26,-53,112,-226,-28,-256,74,-82,119,15,133,-189,275,-163,34,-148,133,-241,59,-55,-45,-40,-158,-4,23,-95,-124,-62,-128,-201,5,-112,-61,-199,-1,-5,7,-10,18,-26,0,-22,0,-106,151,-57,103,6,35,-41,1,-13,1,-81,-113,-66,-71,3,-10,-39,129,-67,19,-21,24,-25,61,-65,6,-7,43,-24,7,-39,46,7,22,-49,2,2,1,-3,29,31,124,-104,75,12,83,-56,-3,-45,12,4,2,-9,37,24,93,-34,57,25,71,-50,76,81,111,15,33,99,59,28,32,1,39,-48,-9,-27,176,27,141,-19,35,-32,0,-65,51,-9,7,-57,54,-39,-10,-52,66,-41,51,3,65,-135,89,-44,3,1,6,-3,39,23,47,-12,0,2,34,-8,11,21,77,-35,41,-45,5,-42,-34,-27,32,-57,88,30,20,-41,74,-18,23,-32,122,8,75,30,30,150,139,46,73,154,113,114,341,280,289,186,65,114,280,352,93,564,150,158,45,172,0,376,187,322,298,253,306,152,227,53,109,118,105,57,243,270,301,476,-66,13,-59,-34,-124,33,-54,-55,-38,-3,-142,-137,-6,-34,-26,5,-58,66,-114,10,-21,141,-63,13,-17,62,14,111,35,65,-25,63,-108,-10,-17,33,-93,38,-85,114,-92,54,-90,-17,-153,29,-162,101,-42,86,-72,8,-62,-76,-122,94,-131,19,-19,29,19,75,-53,36,-117,23,-57,-40,-118,20,-71,-16,-17,161,-75,-20,-108,19,-75,160,86,212,-34,53,14,37,-53,47,7,63,-39,88,31,88,87,79,-87,166,-52,-37,-5,91,-24,20,-190,42,-56,-217,-45,-27,-84,37,-14,55,-188,97,29,109,-66,47,-72,-23,-6,-35,-51,-5,-11,-78,-125,34,-206,9,-175,-31,-47,27,-44,90,40,131,-25,45,-71,-35,-90,-139,-134,47,-78,2,-4,-66,-51,-17,-11,-48,61,-122,55,-3,-19,-46,-127,11,-12,-25,-165,76,-145,17,-18,-20,-64,32,-25,-9,14,100,-22,9,-128,-260,-154,-82,10,-197,-5,-3,-1500,833]]]
1254388	r	78.3763,10.6107,78.9382,11.1401	[[[783763,108200,7,-209,21,-209,34,-207,48,-204,62,-200,74,-196,88,-191,100,-185,111,-177,124,-171,120,-144,26,8,18,62,76,21,21,77,130,105,109,-29,103,10,230,-57,19,143,-77,49,-33,94,21,48,-22,9,-4,43,35,1,18,49,68,-22,48,53,88,-16,76,107,43,7,129,-51,-30,-107,6,-102,69,-9,84,39,126,-41,147,208,79,14,18,-44,38,-9,10,179,41,89,85,39,72,1,58,-35,96,6,-17,-145,-40,-81,42,-65,-40,-160,60,-54,46,4,30,29,10,144,155,-8,6,160,98,51,20,39,26,86,-16,43,-30,4,-20,157,-26,23,38,7,20,16,16,35,64,-8,20,9,51,1,10,-99,67,-18,44,-47,149,-16,67,-72,-2,-75,34,-16,18,-120,-68,-24,-40,-105,90,-320,95,6,19,97,73,33,81,-18,7,-37,168,-31,92,122,-18,40,49,92,-27,28,9,51,53,-7,-9,-44,79,-18,49,145,34,-4,-4,79,222,-9,65,-27,116,6,25,-30,83,-8,17,33,-38,59,49,70,-54,65,-41,92,-8,137,5,19,22,12,13,66,2,172,56,11,15,140,51,22,-11,103,-86,-29,-33,-2,-5,18,3,56,-16,13,12,83,-40,-4,-11,8,-1,91,60,32,5,12,4,54,-6,40,33,12,124,-4,116,5,58,-21,65,-42,98,-80,31,-18,177,2253,-93,99,-155,143,-163,133,-173,122,-179,110,-187,99,-193,86,-198,74,-203,61,-206,48,-209,34,-211,20,-212,7,-212,-7,-211,-20,-209,-34,-206,-48,-203,-61,-198,-74,-193,-86,-187,-99,-179,-110,-173,-122,-163,-133,-155,-143,-145,-153,-134,-162,-124,-171,-111,-177,-100,-185,-25,-53,-303,-1165,-6,-198],[785575,107030,8,23,62,0,52,48,51,-6,10,-27,45,-65,-32,-119,-42,-34,-72,36,-9,55,-62,28,-11,61]],[[786245,106602,5,-114,45,-19,8,-32,85,26,37,67,-86,37,-18,67,-76,-32]]]
1266049	r	75.2452,24.5412,76.5757,25.8487	[[[752452,249796,125,-459,243,-283,19,26,102,2,-66,155,-102,13,15,94,-61,15,-61,119,1,30,42,13,30,120,38,9,76,-2,-33,-116,66,-16,-18,-55,33,-84,106,-44,40,-50,-41,-32,10,-43,70,-42,62,-204,-20,-108,18,4,57,150,1,105,145,318,21,122,-64,41,-30,114,-92,35,-43,45,-28,144,47,122,231,141,-1,-23,62,12,51,-9,4,-30,-5,78,-76,84,46,14,-121,75,-899,-600]],[[753185,248627,327,-383,289,137,188,47,202,128,11,85,55,54,2,148,-61,19,-152,-22,-94,-68,-213,-94,-247,63,-218,8,-45,-17,-44,-105]],[[753507,250145,94,-5,275,44,-369,-39]],[[754720,246832,339,-397,966,477,-73,101,-110,77,-13,44,-71,-10,-9,-46,-118,-5,-141,-39,-81,25,-69,63,-296,-129,-153,-128,-171,-33]],[[756171,249903,306,-133,44,-151,204,-238,164,-81,74,-75,228,-133,194,-170,47,-29,32,-27,141,-81,515,-82,0,-39,34,-27,-63,-405,-48,-32,-26,-94,-11,-208,-88,-178,-78,-79,37,-38,145,-38,239,-220,71,-22,41,-72,-45,-378,-77,-199,123,7,95,-47,-1,-193,-60,-55,48,-83,-91,-94,-83,-4,-35,-60,81,-94,35,10,-37,-105,28,-6,61,120,71,38,144,-8,-2,-38,85,4,8,-162,62,-70,361,-112,-22,-108,-63,12,-22,-142,23,-30,114,-42,33,77,118,21,105,-22,87,-54,15,60,54,7,-14,122,57,12,250,-78,6,33,30,8,127,-29,-2,-18,71,24,161,-67,71,114,85,1,28,84,87,-30,-21,-29,43,-25,76,67,96,28,16,60,-38,114,-98,218,-61,78,-2,165,60,66,14,60,-12,190,40,60,351,186,-17,58,-70,73,-90,77,-145,62,-112,135,93,95,-12,12,490,210,34,39,-27,56,194,178,33,87,53,-32,91,-2,-115,-156,-21,-122,24,-153,116,-83,168,33,234,86,39,-30,51,5,169,258,14,142,65,216,-54,131,302,-17,3,126,57,30,112,-8,-30,-337,174,-4,83,105,-41,166,181,-9,-40,34,26,33,13,-28,71,-16,2,71,29,44,95,-15,29,20,39,155,85,-1,196,67,87,-81,77,-14,16,-73,157,-158,52,-18,68,63,95,-4,46,-55,-4,-68,232,14,-2,203,-35,88,242,37,205,-24,31,20,6,41,-63,91,93,7,-17,68,19,26,93,-33,26,16,40,116,-15,23,-64,34,-118,-26,-34,19,-138,304,-75,22,-185,-6,-8,55,33,58,-98,183,-315,177,-61,-150,-86,18,46,159,-279,-14,-90,43,-119,6,-99,-90,-63,-104,-132,-92,-171,25,-390,641,-269,304,-97,159,-158,416,-92,106,25,215,88,124,197,13,56,40,22,106,110,103,5,54,-38,50,36,186,-47,160,37,101,77,36,214,10,64,32,33,56,18,189,138,233,11,354,131,193,38,280,33,45,100,26,31,-49,61,-11,120,131,113,32,122,-104,43,7,47,80,178,-10,15,-47,42,-8,8,-25,38,29,69,-30,21,31,41,-25,98,1,21,51,-28,32,-4,89,47,61,159,3,77,40,85,-21,19,34,54,-5,50,42,42,-23,26,103,-15,44,42,9,152,-26,12,-81,88,-28,19,32,41,-11,9,50,67,9,6,-53,32,-11,45,34,36,-28,65,18,0,-20,65,-16,-9,-37,123,-25,21,-43,30,4,-33,310,-49,20,-123,132,29,170,-26,121,-178,201,0,63,-34,54,-93,41,-86,87,36,201,-167,354,90,228,-24,254,-43,72,-67,13,-23,77,72,261,-49,49,-185,52,-84,206,53,111,138,58,103,92,224,-2,-8,77,22,42,-79,135,-18,212,37,126,155,302,199,142,115,153,-93,-23,-90,-77,-6,1,-6,-3,-158,51,-221,-49,-159,69,-150,-44,-45,-78,52,-170,-357,-418,-111,-53,-243,1,-148,-143,-220,-36,-143,-104,-84,-250,-113,-138,-51,-18,-197,53,-45,-7,-88,-49,-66,-83,45,-228,168,-93,47,-118,-45,-96,-154,-29,-66,-47,-22,-241,52,-100,-22,-131,-83,-119,29,-257,-197,-346,-52,-30,-164,13,-87,-24,-161,-88,-79,-92,-82,-26,-42,20,-27,73,-50,49,-42,5,-64,-40,-4,-11,-8,-6,-25,-88,31,-57,-9,-122,-53,-124,-21,-146,-97,-13,-54,-49,52,-70,-52,-105,-79,-50,-77,-3,-27,-19,-17,-4,-27,-28,-22,-16,0,-7,-5,-5,9,-56,135,-32,52,-62,-32,-87,-126,-59,-12,-27,37,-37,114,-22,48,-58,5,-113,-28,-78,-89,-32,-99,87,-64,3,-77,-54,-70,-93,-54,-19,-58,43,-49,86,-110,73,-199,-20,23,-149,-75,-78,-123,-58,-76,56,-189,-124,-16,-71,133,-235,-7,-53,-150,-124,-139,-40,-43,-39,-39,-207,-67,-58,-69,20,-88,167,-128,136,-97,63,-59,127,-81,43,-43,-5,-94,-90,-146,-69,-131,-229,-100,-59,-103,-7,-92,-90,-90,27,-270,-52,-187,21,-32,51,-23,-11,-33,37,33,41,107,18,-78,118,-104,18,-85,79,-76,-11,-46,-142,3,-120,25,-37,-125,-272,-167,-173,-273,-162,27,-122,86,-129,-114,-105,-128,-75,-1,-77,91,-46,92,-26,12,20,108,-1,25,-44,-13,-62,-111,-104,-92,-189,-71,-87,-236,-152,-137,-179,-57,-33,-244,-55,-269,-323,-36,-14,0,-4,-1,-1,1,-2,-1,-38]]]
6943660	p	1259229
1256436	n	75.6743,17.4439,76.1457,17.8961	[[[756743,176700,11,-222,34,-219,57,-215,77,-209,99,-201,119,-190,138,-178,155,-165,172,-149,186,-132,198,-114,209,-95,218,-75,224,-54,229,-32,231,-11,231,11,229,32,224,54,218,75,209,95,198,114,186,132,172,149,155,165,138,178,119,190,99,201,77,209,57,215,34,219,11,222,-11,222,-34,219,-57,215,-77,209,-99,201,-119,190,-138,178,-155,165,-172,149,-186,132,-198,114,-209,95,-218,75,-224,54,-229,32,-231,11,-231,-11,-229,-32,-224,-54,-218,-75,-209,-95,-198,-114,-186,-132,-172,-149,-155,-165,-138,-178,-119,-190,-99,-201,-77,-209,-57,-215,-34,-219,-11,-222]]]
1274746	r	76.4653,30.4989,77.2125,31.0381	[[[764653,308009,805,-1716,331,-64,323,-182,21,39,96,49,70,3,74,102,57,31,89,-12,67,-145,55,7,-9,-117,51,-78,-61,-57,14,-35,202,96,49,-1,-34,-156,5,-45,31,-21,90,-2,64,42,-8,124,75,-17,90,37,18,-70,103,-115,64,46,20,73,114,143,13,1,51,3,53,87,122,38,77,-69,31,-72,-56,-23,-74,-92,25,-98,-141,-151,58,-83,-76,56,-81,-11,-14,-191,22,-25,126,-19,-16,-39,19,-18,191,-59,5,-31,-41,-55,2217,-128,16,12,172,165,153,178,-18,24,19,115,4,21,131,-11,16,-51,37,-17,66,18,119,-33,105,160,98,-2,71,-7,38,37,81,-76,79,107,49,-33,94,-155,133,-66,98,-10,48,66,112,181,98,187,83,192,69,197,54,200,39,202,23,205,8,205,-8,205,-23,205,-39,202,-10,37,-2282,1585,-1244,1140,-53,7,-1115,-1094,-2698,-1278]]]
1254348	r	77.0406,10.2303,77.7911,11.3522	[[[770406,104261,37,-44,13,-28,-16,-44,143,-105,277,-252,28,-72,4,-45,-24,-43,14,-59,2,-66,-90,-139,37,-94,-28,-40,17,-22,46,26,31,-11,-10,-45,28,-35,-1,-1,42,-54,60,67,188,25,80,78,213,105,120,122,152,98,178,-35,72,31,1,0,34,-40,5,0,309,-17,-4,-138,-30,-11,-46,-94,3,-137,30,-56,36,-12,71,-169,203,-272,-59,-40,18,-290,104,65,75,-18,41,16,73,-47,91,178,37,2,39,-59,60,17,144,187,3,22,5,36,38,0,101,-62,79,-5,33,120,-39,146,-62,63,8,35,-31,36,-89,60,12,51,-44,58,80,113,-50,34,1,63,62,72,5,56,-59,3,-15,-5,-73,0,-63,17,-20,164,21,127,5,56,11,37,-7,97,20,16,2,6,14,6,-9,35,-250,-419,-219,-32,-224,-11,-224,11,-222,32,-183,46,-1061,1063,353,1052,-152,10,-16,-37,-70,17,-88,-92,-16,-29,-18,-58,27,-24,-65,-55,-37,-198,40,-75,-56,-137,68,-13,-2,-125,-30,1,-4,-75,-82,-69,-10,-21,-12,-26,2,-17,-51,-50,-1,-31,58,-64,18,-36,60,14,4,-65,-65,-98,-101,-53,-9,-41,-70,-42,-7,-55,-39,4,-33,-42]],[[771169,112967,64,-93,117,-43,57,-3,37,43,32,-9,1,-38,33,-34,102,19,2,23,77,-2,-39,-122,-14,-267,-41,-3,-4,-113,-52,-50,-11,-48,-43,-14,-34,-155,49,-52,88,-26,18,-301,121,4,89,-68,-49,-13,15,-84,-49,-129,77,-5,47,57,-1,61,43,1,8,-28,42,1,11,-30,71,-18,21,-32,54,-2,38,-131,128,0,60,63,13,74,102,-29,85,-152,111,-106,-16,-61,-120,43,-30,-31,-133,-34,-182,-137,-102,3,-118,-107,-279,-131,2,-36,97,-143,12,-170,-22,-182,-13,-22,-42,-1,-62,-92,-92,-14,-10,-30,169,-291,-14,-113,73,-148,-26,-26,66,-156,85,-51,104,9,39,-70,44,-3,21,-87,138,-23,123,62,106,-26,105,-167,6,-299,22,-64,141,-85,112,-35,-43,18,196,74,126,-14,181,114,168,6,182,90,85,5,3,164,-30,72,153,10,-14,54,147,16,8,31,161,45,152,-6,40,-168,158,-6,20,70,316,63,-7,-150,25,-56,38,-23,263,-21,2,-149,59,18,58,-13,50,27,48,-43,46,64,56,-13,11,-57,90,-62,10,85,162,24,31,179,-28,57,-67,54,0,56,61,81,93,16,35,-37,-17,-71,35,-79,-10,-90,68,-81,44,-6,31,35,59,-32,47,-99,44,-24,180,32,97,-17,115,48,60,-34,45,-92,35,-13,101,34,29,61,3,269,49,-6,55,-51,65,33,67,-24,75,10,67,-69,115,18,115,-96,110,-26,173,8,-43,125,22,38,-19,71,-99,66,-9,161,79,279,13,180,-16,29,-154,3,-24,137,14,16,70,-17,32,56,186,126,51,105,57,252,-87,55,-12,120,0,1,-48,64,-374,274,-70,-10,-22,-73,-149,19,-28,18,-41,112,-58,32,-349,76,-94,48,-30,85,-88,4,-102,92,-143,22,-55,-12,-953,1391,-525,108,-47,97,-50,26,-15,73,14,44,33,9,-38,99,-58,59,-6,-76,-52,45,-43,-41,-166,104,-22,-73,-29,-15,-170,36,-172,85,-84,159,-143,25,22,-245,-317,1,-3,-98,29,-40,66,-15,2,-4,-558,114,7,94,46,101,-45,104,0,-77,-69,-8,-183,-165,-109,23,13,19,-27,75,-30,-2,-25,-43,-66,-14,3,-8,-42,8,-7,81,-122,94,124,73,-9,35,-149,2,-78,-29,-29,-49,-46,-4,-40,-3,-26,-42,-86,27,-106,-1,-24,-91,74,-98,-1,-92,-45,32,-107,7,-78,142,-113,42,-3,-22,29,-39,-19,-68,24,-30,-2,-99,-21,-45,-101,23,-91,-11,-35,-56,-57,15,-36,-64]],[[771347,107459,76,-274,-11,-463,476,1279,-105,-36,-42,2,-20,53,-80,-94,-39,-6,-4,-128,-28,-16,-2,-54,-31,-6,-6,-52,-61,-5,-20,-17,-70,-99,-33,-84]],[[773448,104525,29,-50,94,-20,83,24,23,-9,9,2,51,18,43,6,55,-2,11,1,2,16,0,15,-13,92,10,8,0,26,-11,13,8,64,-12,13,-10,4,-7,13,-8,81,-26,3,1,61,45,39,58,9,42,-8,18,29,22,17,56,-8,0,50,9,22,20,149,0,21,-117,11,-43,4,-5,1,-10,1,-426,-712,-1,-4]]]
1271476	r	91.3614,25.8565,92.1386,26.5311	[[[913614,261800,8,-230,25,-228,41,-227,58,-224,74,-220,89,-215,105,-209,120,-203,135,-195,148,-187,161,-177,174,-168,185,-157,197,-146,207,-134,216,-121,224,-108,210,-86,4396,886,35,34,161,177,148,187,135,195,120,203,105,209,89,215,74,220,58,224,41,227,25,228,8,230,-8,230,-25,228,-41,227,-58,224,-74,220,-89,215,-105,209,-120,203,-135,195,-148,187,-161,177,-174,168,-185,157,-197,146,-207,134,-216,121,-224,108,-232,95,-238,81,-243,67,-248,52,-251,37,-253,23,-254,7,-254,-7,-253,-23,-251,-37,-248,-52,-243,-67,-238,-81,-232,-95,-224,-108,-216,-121,-207,-134,-197,-146,-185,-157,-174,-168,-161,-177,-148,-187,-135,-195,-120,-203,-105,-209,-89,-215,-74,-220,-58,-224,-41,-227,-25,-228,-8,-230]]]
1269920	n	74.8971,15.1243,75.3629,15.5761	[[[748971,153500,11,-222,34,-219,55,-215,77,-209,98,-201,118,-190,136,-178,153,-165,170,-149,183,-132,196,-114,207,-95,215,-75,222,-54,226,-32,45,-2,-3,15,-61,41,13,80,-24,29,52,-25,123,15,39,47,62,-2,49,159,43,7,56,-113,23,3,40,-48,-74,-115,-77,-41,-1,-57,151,7,226,32,222,54,215,75,207,95,196,114,183,132,170,149,153,165,136,178,118,190,98,201,77,209,55,215,34,219,11,222,-11,222,-34,219,-55,215,-77,209,-98,201,-118,190,-136,178,-153,165,-170,149,-183,132,-196,114,-207,95,-215,75,-222,54,-226,32,-228,11,-228,-11,-226,-32,-222,-54,-215,-75,-207,-95,-196,-114,-183,-132,-170,-149,-153,-165,-136,-178,-118,-190,-98,-201,-77,-209,-55,-215,-34,-219,-11,-222]]]
1262321	n	76.4503,11.8939,76.8964,12.4685	[[[764503,121200,11,-222,33,-219,55,-215,76,-209,96,-201,116,-190,134,-178,152,-165,167,-149,181,-132,193,-114,204,-95,212,-75,219,-54,223,-32,225,-11,191,9,120,135,0,1,1853,2091,-75,932,0,2,-2,30,-61,127,-116,190,-34,45,-38,-8,16,66,33,219,12,222,-4,78,-575,591,-6,-40,-48,-30,-38,75,0,-124,-75,-4,-55,-75,-74,-4,-9,48,-37,9,-121,-20,-2,-48,-38,-43,22,-296,-49,-78,-50,-18,-91,84,-15,77,-63,29,-54,-46,-12,260,-128,91,13,50,-40,7,-148,-67,-83,82,-17,57,-83,24,-5,47,48,108,-30,5,-18,35,14,47,-96,-3,-48,-37,-53,-4,-80,89,-65,13,-51,-17,-27,-103,-139,-70,-20,-86,-29,-17,-270,-19,-49,-41,19,-57,-179,-80,-80,28,-59,140,60,170,-59,20,-11,63,-42,19,33,82,71,-10,19,268,-131,73,-61,65,-163,19,-210,117,-89,-18,-135,163,-14,6,-95,-85,-125,-136,0,-2739,-126,-237,-10,-65,-11,-222]]]
1257629	r	77.9789,11.319,78.4735,11.89	[[[779789,117176,398,-1840,-16,-36,69,-29,33,25,69,-5,13,-64,37,-15,85,-13,-21,-14,-8,-22,72,-21,14,0,12,14,8,68,35,0,-8,-62,12,4,29,53,52,7,12,10,5,30,9,14,14,-2,-14,-48,33,-8,30,6,5,-20,-10,-15,-51,-14,-3,-56,-11,-36,38,-4,15,-8,12,-57,45,-2,-12,-29,-4,-48,-32,-24,-19,27,-46,34,-16,-12,-75,-2,-2,23,-23,2,-25,17,-39,14,-11,-55,-25,-40,-1,-14,17,-17,6,-18,8,-59,-4,-21,42,-28,-11,-68,3,-20,8,-14,29,1,33,-9,6,-13,-4,-38,17,-11,35,-47,14,-42,15,-8,63,-9,68,-23,38,-1,15,7,26,68,29,42,7,64,16,23,45,-16,70,-1,26,-46,6,-37,49,-83,5,-20,-4,-125,-35,-61,-24,-70,92,-22,30,4,-30,-86,32,-4,81,7,37,17,36,27,61,4,-4,25,12,60,46,-16,55,-2,23,3,5,51,49,-4,7,-18,28,-19,77,30,-15,-124,-15,-26,15,-2,31,4,60,53,18,-2,56,83,81,-5,3,-60,-15,-31,6,-16,11,-9,70,13,14,-8,31,-50,28,-23,2,-10,-47,-57,-2,-32,31,1,39,30,12,1,51,-4,14,-20,-91,-38,-9,-41,29,-67,-117,-118,52,-99,58,-141,64,-95,0,-1,2513,-182,-390,1068,33,14,53,34,91,-1,11,9,21,3,55,64,-6,6,-118,8,-7,24,3,44,-32,103,-22,42,-22,35,-40,-8,-3,14,-70,63,4,20,61,28,13,74,27,31,-24,24,11,25,-9,11,-17,5,-1,13,15,52,32,-14,-2,-26,22,0,15,5,19,20,27,2,30,-11,23,22,43,-6,14,21,11,5,26,-10,14,-45,43,6,-3,71,5,25,74,136,3,28,-18,55,-8,8,-37,12,-55,-10,-5,12,0,29,-8,19,7,8,21,7,37,3,-6,13,-79,19,-35,23,23,60,11,72,17,24,2,37,-21,24,-20,2,-43,29,-26,-9,13,158,15,40,-1,119,-22,-6,-92,9,-49,-8,-52,-41,-42,-5,-74,-26,-124,-22,-33,3,-27,-12,-52,1,-31,-13,-59,15,-2,-22,-25,-57,-3,-32,-48,3,-38,44,-5,14,8,50,2,12,473,3015,-3662,0,-773,-1724]]]
1270642	r	76.651,28.2007,77.2419,28.5409	[[[766510,283071,161,-46,24,69,10,3,10,22,2,21,20,27,63,-5,57,-24,-39,-133,18,-14,-25,-47,22,-11,-41,-43,-27,-134,-27,-63,41,-7,5,-55,55,-17,47,39,95,-64,135,56,32,-11,236,-115,187,-50,119,-68,11,-22,-1,-13,18,-62,95,-67,126,203,13,44,22,13,-13,51,15,5,0,3,4,-2,7,2,33,-24,39,27,30,-8,25,-15,6,-10,-35,-60,35,-26,-8,-14,13,-20,38,39,93,-3,155,-54,66,5,100,-49,103,146,8,54,24,-1,51,80,173,-103,55,3,90,106,58,3,41,135,-131,138,22,42,-21,59,51,-21,21,19,42,-11,168,250,25,-61,49,-25,90,16,20,-46,11,54,75,79,522,-308,9,-67,64,-98,18,-306,348,-40,26,-38,-41,-173,73,-65,37,9,54,-27,46,99,58,54,59,-59,55,-12,12,-36,85,80,38,-20,-9,-18,154,-56,129,87,149,-98,134,-38,39,-85,70,-38,162,80,130,31,4,17,-7,27,18,31,-64,34,41,66,-104,60,42,99,89,60,51,-18,43,122,51,24,8,-3,17,6,21,20,139,38,47,92,-136,102,-46,-19,-155,113,-74,-95,-188,142,-159,51,-20,35,-21,9,4,23,-50,11,-6,12,-1,0,0,1,-8,14,-11,65,-38,168,-3,12,-1,2,0,62,18,56,-12,73,-19,11,39,158,-24,5,6,34,15,46,6,18,16,18,30,12,41,17,28,6,47,-1,44,92,-89,98,7,113,-31,28,-135,81,-170,23,-46,39,-42,169,-110,135,70,219,-218,98,-19,22,29,43,-48,25,-216,64,-51,-84,-210,47,23,43,-51,43,-6,2,-4,3,-178,70,-111,78,-57,4,-61,-74,-4,-25,157,-99,-69,-64,-133,50,-59,-61,-125,77,-256,-160,-95,0,-83,57,-74,-5,-67,-36,-140,69,-40,-49,-45,2,-65,-83,-65,6,-35,33,-2,-1,-1,1,-73,-69,-23,1,-78,28,-102,6,-84,-13,-208,41,-77,34,-95,20,17,39,-5,18,-835,-284,-75,47,-53,-11,-75,25,44,-281,-23,-72,46,-18,-11,-67,69,-134,-99,-253,7,-103,65,-66,132,-50,73,-137,-88,-183,-108,-24,-194,56,14,53,-146,101,-138,39,-44,-97,1,-4,-72,-153,49,-61,-24,-63,38,-16,-83,-136,-48,-189]]]
1275817	r	85.3299,19.898,86.188,20.3974	[[[853299,201600,8,-235,25,-234,40,-232,57,-229,72,-225,87,-220,103,-214,117,-207,132,-200,145,-191,157,-182,170,-171,81,-72,143,41,132,-19,98,-30,717,207,-242,79,21,103,-83,66,-69,-126,-134,-35,8,70,70,-10,52,55,-146,81,14,55,45,13,37,97,-5,62,31,6,-6,39,110,35,24,-19,-18,-47,53,-78,-20,-47,150,-18,44,61,-1,-107,79,-7,37,20,31,186,-76,-1,-27,34,19,31,92,-17,31,26,-56,66,21,38,-41,19,-3,53,19,28,63,-19,16,90,-56,23,57,161,67,-37,22,-134,55,-29,19,-60,33,-13,47,20,22,53,-28,26,47,13,17,55,52,39,67,8,-68,-204,4,-42,52,-21,105,246,74,42,-36,58,-75,48,7,42,-74,9,53,280,14,26,32,-7,2,19,151,68,-8,63,61,0,9,20,-10,50,-73,37,-34,92,166,-53,-1,-10,-1,-3,-14,-28,-3,-92,10,-94,17,-66,35,-13,23,1,24,-5,4,-15,32,7,38,-7,16,4,44,34,67,-9,23,21,4,8,5,5,0,4,9,16,-3,26,-73,24,-36,102,69,21,9,26,58,-2,33,10,26,23,2,9,-11,5,-13,-2,-22,3,-26,21,13,53,-28,24,-16,23,-55,39,7,38,-8,83,78,62,-26,110,37,24,11,78,28,1,31,58,24,-53,66,-23,6,-21,-3,-22,20,-30,14,-6,23,3,134,-7,-32,-36,-8,-5,-7,-12,44,-57,55,-32,16,6,14,32,1,27,-16,21,-5,3,-41,45,16,44,19,4,33,30,171,-19,35,-21,-3,-47,7,-7,46,-2,4,-14,36,5,6,6,2,0,1,3,10,12,5,30,-54,22,-4,0,-16,6,17,32,3,21,90,14,0,20,-22,38,15,87,176,-12,21,-27,-27,-70,83,-8,105,-56,43,29,21,69,134,-21,71,15,4,14,82,263,33,24,47,-22,18,-124,122,-5,0,160,-138,53,35,49,64,6,54,-42,37,8,54,-78,71,10,125,-80,59,-65,-37,-65,38,-34,10,-67,41,-36,9,-55,46,-3,-87,-109,-29,8,-63,-74,-18,-74,-71,16,-43,-62,58,-46,8,-39,92,-37,43,26,63,-15,65,146,71,-48,40,10,18,-32,106,-56,14,31,39,9,114,-30,27,55,43,-66,38,21,37,68,23,-26,97,-13,84,-52,184,-48,61,69,50,-16,63,-98,73,-35,89,58,170,-21,43,23,58,-44,147,51,71,-31,76,-101,-124,179,-72,18,18,64,-69,53,-74,10,-103,83,-114,14,-32,71,127,-9,29,57,-28,73,83,100,-91,48,-25,79,-40,23,-31,-84,-127,-35,6,113,46,-2,9,30,-109,50,-26,139,-33,84,-34,8,-37,157,-132,7,-22,63,-67,58,-113,48,-53,85,-27,-1,-96,98,-22,96,-71,-23,-53,38,-38,-43,-29,33,-2,36,70,79,-48,66,-103,41,-43,169,-69,14,-18,74,36,79,48,-2,5,-101,41,-39,40,5,16,30,-18,139,-108,62,-20,113,-78,53,-63,7,-6,8,-1,4,-5,1,-3,4,-15,65,-30,-3,-24,-14,-39,5,-21,-7,-18,3,-14,12,-13,-24,-1,0,-18,-18,-2,0,0,-3,-4,-4,-22,36,-1633,373,-6,-45,-77,-50,-11,-124,-80,-209,-170,-179,-13,-124,-120,72,-74,-1,-58,-50,-27,-23,-72,14,-124,-128,-11,-95,40,-23,-97,-79,-220,64,-50,-22,-54,9,-102,45,-101,-45,-70,24,-1,31,-60,63,-65,33,-35,-57,5,-57,-131,0,-43,42,-40,3,-45,-125,-66,2,-46,-27,-219,69,-296,-11,-10,-76,-53,-97,10,-87,-39,-63,-50,-2,-165,94,-76,-6,-165,-157,-71,11,-48,123,18,75,-59,13,-62,68,-24,-4,-72,-103,-28,19,-163,-46,-41,5,-67,-208,-57,-229,-40,-232,-25,-234,-8,-235]],[[860254,203261,5,-51,67,-118,-3,-140,52,-38,16,-65,45,-50,237,-139,18,-143,89,-78,169,-86,170,-49,137,-83,212,-31,44,-60,-29,-119,-39,-21,-47,17,-2,-52,78,-51,33,-123,129,-48,39,-47,-54,-9,-81,53,-79,-8,-36,-55,26,-20,-8,-27,42,-24,-67,-146,92,-63,16,44,62,0,17,-32,3,7,83,207,68,212,53,215,38,219,23,220,8,221,-7,191,-1619,370]]]
1275901	p	1254661
1268782	r	74.9599,30.9661,75.9581,31.6516	[[[749599,311473,284,-153,133,-106,83,-12,33,117,-66,132,73,0,-5,31,49,-1,57,83,130,-55,58,39,180,-89,11,33,66,-37,63,21,46,53,15,-19,9,2,17,-44,-60,-119,33,-13,65,-12,123,-65,94,34,158,-76,11,-5,27,-46,33,-3,-9,-34,75,-43,-28,-38,144,-70,-21,-91,-18,-20,-4,-10,74,-20,94,58,6,-69,93,5,7,-26,53,9,49,-37,-92,-143,-1,-26,31,-78,134,31,80,-28,83,7,31,-139,-86,-140,38,-65,0,81,30,-21,18,38,56,28,93,-27,-8,50,44,23,35,7,70,-59,142,10,53,-20,41,78,-56,49,110,2,33,-69,103,54,95,-64,39,-207,138,-4,11,-52,120,-23,59,28,5,-62,69,-31,66,-120,62,83,85,43,21,-15,-23,-19,5,-39,106,-25,42,69,32,3,7,-36,82,-51,109,63,45,3,46,-63,12,-81,40,-20,51,51,64,19,114,-52,239,18,36,-64,31,-9,21,20,36,-12,60,49,81,-122,61,29,107,-27,72,31,2,32,102,-2,159,-44,46,-56,60,21,-1,77,327,16,93,-73,213,-7,38,56,325,20,-8,27,262,51,90,65,105,4,13,27,148,11,-6,33,135,15,-12,40,199,8,-5,54,97,18,196,7,-17,-40,81,3,22,-25,-13,-39,63,2,-6,-21,48,-33,38,-13,48,-17,22,-8,35,4,214,19,124,40,263,6,2,34,85,-1,23,39,174,8,139,-41,-8,34,80,86,95,5,60,-57,122,3,6,-26,198,24,43,64,-69,35,-40,86,3,84,-55,147,31,54,-145,63,21,114,-21,8,-39,170,-140,51,34,80,-128,181,-52,299,-73,-15,-22,-76,-29,-5,-25,43,26,161,-131,-35,-100,113,-82,7,-30,83,-217,16,-86,23,-13,23,-57,-10,-73,51,-182,51,30,8,-37,59,87,65,13,46,231,66,220,98,117,8,24,33,8,69,-39,65,12,63,-108,50,-48,113,-3,58,37,40,76,14,40,-47,157,-62,49,-108,-11,-31,-55,-14,38,-62,-37,-59,70,-14,180,98,75,2,89,66,-42,33,-102,18,-34,102,-43,13,-7,72,-52,59,-47,-3,-19,-59,-111,-23,-4,85,-81,-16,-31,63,142,157,-7,72,50,38,-4,30,62,26,1,-54,30,4,1,60,46,57,197,26,12,83,-69,-37,-79,-7,0,40,-84,27,-40,76,-195,-29,-23,-21,-72,229,-109,-32,-25,32,-66,-30,39,-75,-118,-53,-53,49,-42,-13,-36,98,-42,-7,-29,43,-139,-53,7,-56,-73,191,225,65,26,39,-6,63,149,57,-82,161,43,53,-10,50,-61,45,-38,-3,-62,186,-97,-51,-30,32,-33,56,41,23,-17,30,-37,-5,-36,93,-91,6,-50,49,-51,-14,-65,94,-89,19,-5,39,-50,45,-24,-5,-17,44,38,31,-49,23,-1,124,-62,-12,-39,61,-60,-21,-45,94,-100,-2,-33,103,64,25,-21,139,-83,-16,-69,125,5,33,-73,43,-1,178,-97,43,-4,96,-26,22,-77,-31,-109,21,-2,38,-109,71,0,-78,-68,19,-41,-73,-35,-12,-176,72,-16,-2,-16,6,-61,-16,-37,-61,-5,10,-175,20,-26,109,-35,-9,13,-69,-41,11,51,246,-153,46,-15,-46,-46,-15,-80,137,-102,11,-38,-118,27,-33,-68,-8,-48,76,-63,-13,-55,42,-102,-11,-118,77,-5,1,-3,2,-10,0,-84,14,-16,-14,-1,0,-39,-35,-24,-104,-390,-99,-33,13,-63,-61,-4,-78,-65,-156,-82,-47,-20,-11,-63,-120,-212,-15,-161,-105,-134,-143,-22,18,-59,-49,-96,-85,-305,-425,-121,-154,-50,-29,-154,-30,-124,-93,-89,-142,-83,41,-105,-374,-104,0,-40,132,-104,9,-80,-29,-46,-84,-6,-100,78,-67,-44,-20,-21,15,-92,-86,29,-29,-132,-169,-50,38,-73,-178,13,-33,77,-3,-6,-48,-184,-200,23,-35,-5,-131,-132,-96,-163,98,-115,-35,28,-59,-162,-271,105,-41,-217,-60,-29,-49,30,-13,-30,-29,17,-148,-19,-39,-197,-150,-19,-48,39,-9,-16,-146,-92,-88,18,-34,-47,-76,-106,-13,-207,-96,-69,-57,-52,-1,-182,-152,-216,-54,-46,-62],[751030,311504,50,24,0,-2,-46,-23,-4,1],[756741,312786,2,3,-1,-9,-1,6],[756811,312900,4,8,176,-78,-180,70],[756941,312436,44,27,2,-3,-46,-24],[756951,311832,3,6,6,-22,-9,16],[757050,311663,10,-4,-9,1,-1,3],[757209,311638,40,29,22,-4,-62,-25],[757395,313214,89,87,16,4,-105,-91],[757507,313306,8,3,24,-16,-32,13],[757557,313285,71,62,-70,-62,-1,0],[757645,313516,239,109,0,-1,-239,-108],[757779,311657,10,121,-7,-119,-3,-2]]]
12069922	p	1273294
12501153	n	76.1063,9.75,76.6171,10.4037	[[[761064,103839,110,-313,-19,-5,-37,4,-31,-10,146,-400,23,-89,18,-42,43,-184,66,-234,186,-577,55,-205,-5,-10,9,-5,37,60,35,33,46,2,71,35,4,1,20,-6,34,20,142,36,117,-3,8,50,76,58,-13,15,6,3,90,-23,12,-2,-72,-79,-437,-246,6,-7,24,-9,41,-54,55,-17,34,-94,20,-22,17,-78,61,-94,31,-118,2,-4,58,157,74,-200,2,-7,48,-80,86,-61,88,-13,100,-545,188,-119,-2,-8,-19,-83,-25,-104,89,-384,161,-266,75,68,97,89,93,-137,384,-379,46,-162,218,-377,84,-187,25,-201,-52,-105,-73,-96,-36,-175,17,-104,87,-177,23,-70,1156,544,182,1232,902,1521,-1,25,-33,219,-54,215,-76,209,-95,201,-115,190,-134,178,-150,165,-166,149,-180,132,-192,114,-202,95,-211,75,-217,54,-92,13,649,663,-3403,305,-9,37,-35,26,29,50,11,34,-80,-88,-21,-5,-19,6,-25,25,-2,21,29,37,0,8,-28,15,-61,67,-22,4,-11,-16,-25,-14,-3,-23,8,-28,27,-32,-11,-20,-21,-6,-7,-15,27,-46,3,-14,-189,17],[761948,102686,115,-57,50,-68,-17,8,-54,12,-38,-5,-19,15,-37,95],[762233,102314,11,30,34,-1,66,36,59,11,14,-49,-4,-16,-36,-54,1,-31,-34,-29,-76,-6,-30,51,-5,58]],[[761812,101212,12,-155,50,-126,66,-168,50,-126,-48,191,-44,134,-26,131,-46,174,-14,-55]]]
1276014	n	72.7722,19.2548,72.955,19.382	[[[727722,192651,6,-103,1577,196,20,18,-30,61,-19,10,21,30,-5,4,-150,21,-43,0,-68,7,-19,12,-6,1,-151,52,-185,208,-276,23,-540,-52,-98,-149,-34,-339]],[[729425,193320,31,-192,78,-70,16,2,0,759,-53,-27,-1,-11,-17,-244,-39,-77,-15,-140]]]
1261809	p	1273294
1254163	r	76.7447,8.2082,77.4221,8.9388	[[[767447,86810,537,-620,-13,-4,191,-235,103,-253,395,-362,190,-240,158,-179,618,-870,90,-100,-7,1,3,-28,20,-21,12,1,13,-11,5,-11,-8,-9,4,-8,15,2,15,-9,9,-14,-8,-9,3,-8,8,-4,7,7,38,-23,19,-47,7,2,28,-23,2,4,-28,27,4,5,48,-53,-35,-42,-3,-21,13,-23,89,-67,-15,17,-71,51,-12,17,4,29,33,36,31,-34,29,-21,3,-4,1,1,93,-67,1,-10,8,-9,50,-24,356,-258,280,-225,183,-129,7,14,134,-97,184,-134,702,-636,2231,2992,-720,1118,-40,179,-1497,1120,5,6,15,38,18,92,-9,23,-21,17,-2,13,15,17,12,0,-4,23,-79,9,-78,56,-87,45,-63,53,-68,20,-50,52,-95,57,-141,59,-192,167,-214,89,-117,77,-71,3,-1312,980,-1979,-2577]]]
1279017	r	77.4756,27.5714,78.6076,28.1799	[[[774756,280851,24,-45,220,-175,11,-41,-75,-118,-74,-24,-33,-40,48,-41,250,-48,-43,-92,140,-103,18,-123,183,-110,-13,-74,-34,-27,-88,-30,-77,5,-44,-54,18,-90,255,1,20,-44,-96,-238,-30,-47,-75,-38,19,-46,83,-11,64,-9,143,-75,106,78,8,74,44,29,98,-15,11,49,88,51,93,-31,40,28,89,-51,66,4,32,24,45,141,141,183,135,-20,46,-100,119,-109,224,-20,82,45,190,-141,78,6,124,-107,5,-92,41,-16,196,-1214,277,-259,347,-32,50,-48,-66,-69,-97,38,-127,-9,-39,-35,-13,-26,-61,-117,22,-16,-11,-76,50,-21,-59,-118,55,-115,-117,-115,22,-29,-18,-19,273,-171,28,66,128,-39,-47,-36,29,-10,-10,-26,45,-51,39,-6,16,21,23,-44,73,0,6,-102,135,-230,-134,-154,141,-160,55,-182,57,-6,106,173,49,18,81,-82,-25,-32,24,-4,47,61,-7,11,41,35,18,-16,7,25,11,11,27,-3,7,3,9,-4,17,-2,5,3,4,-4,24,-2,-23,25,10,6,-3,7,-3,1,-7,21,13,19,-8,9,29,22,106,52,30,7,6,-3,71,29,63,-59,67,74,-4,6,34,27,35,5,29,-28,6,-84,76,-82,26,26,1,13,44,31,26,4,9,-4,5,0,10,9,22,-5,12,4,11,-7,100,2,3,2,18,-2,17,24,-24,8,-110,78,-35,46,-36,27,15,60,-1,7,7,18,5,17,17,35,196,141,80,-14,4,-3,53,-10,3,2,18,-6,8,47,-72,77,48,22,33,69,-157,150,-87,32,-71,61,71,36,46,56,-20,29,86,52,57,71,-15,65,-26,26,-32,-14,-36,42,80,119,183,-75,98,96,1371,-128,-23,43,70,-128,-39,-2,-55,-47,187,-96,123,-136,118,17,4,-60,119,-155,124,-81,162,177,74,164,72,73,171,52,30,44,53,25,498,-47,42,293,35,20,164,31,-57,209,18,94,-31,77,159,163,55,130,142,138,64,23,5,125,25,38,64,-23,62,11,82,-68,94,-21,68,12,-2,-81,117,-74,-25,-27,89,-100,83,3,28,-11,1,1,16,-8,42,-17,53,-13,10,-12,136,-53,17,-4,85,27,25,49,29,37,17,13,11,15,-15,22,-12,-11,-8,3,8,40,-22,17,2,16,-12,20,3,7,13,-2,16,4,-5,9,-17,5,5,27,-27,10,-24,-6,-9,9,3,8,-17,8,35,58,39,35,-142,103,-70,21,-13,36,9,12,7,-1,13,11,15,-9,37,8,56,67,16,8,-5,8,6,4,0,22,-10,16,11,5,0,9,-4,10,5,12,44,34,-6,20,12,10,7,38,62,88,27,11,25,3,100,29,-62,75,26,30,19,15,71,-26,26,4,97,28,7,29,11,14,93,87,66,84,39,39,-67,47,-3,10,191,147,-54,57,72,92,49,38,71,55,-47,35,-35,94,9,17,42,18,-26,27,-1,113,37,33,33,-1,61,27,6,4,-35,43,-42,42,-44,65,-65,6,15,6,9,1,132,36,0,1,-137,34,-88,72,-23,-4,-67,15,35,42,-2,7,22,14,42,48,-38,29,-138,-20,-70,30,-119,-137,-153,-71,5,61,-105,62,-13,33,28,80,-154,116,85,70,-249,193,-4,36,-56,-14,-52,59,-349,-319,-150,60,-52,58,-121,-102,-55,62,-57,-22,-34,43,13,16,-54,26,15,32,-75,59,-40,4,-86,-80,-37,114,26,36,-60,81,27,64,-19,38,-28,38,-30,-10,-26,36,-37,-1,-79,86,-47,-32,-45,44,-76,-50,-42,-81,-2053,101,-594,-307,-16,0,-17,49,-86,71,-45,-28,-129,64,-30,-3,-8,-5,-27,1,-68,-44,6,-9,-39,-40,13,-23,-1,-3,13,-30,12,-5,7,-14,-5,-11,-47,-39,-3,-8,-43,-33,-24,-30,-27,-12,-14,-21,-33,-16,31,-98,-113,-65,-36,7,-17,27,-94,61,-25,-5,-36,-21,-65,4,-60,55,-64,-50,-66,17,-9,0,-23,9,-24,-19,-30,-11,-14,10,-31,-9,-16,9,-7,-5,-7,12,34,28,-4,3,5,10,1,8,-3,6,7,33,-116,87,-87,-54,-119,144,12,8,-29,7,-22,21,-36,-23,-9,11,-21,-13,-14,6,-84,92,-93,34,-55,73,1,1,-40,55,-14,1,-2,-6,-87,14,-9,-20,-32,-18,-18,-18,-7,4,-11,-7,-12,9,-2,-3,-34,28,-26,33,11,29,19,24,4,14,12,5,65,80,-69,63,4,30,43,51,-78,80,-29,-48,-40,-28,-12,1,-18,-17,-21,2,-47,4,1,-12,-4,0,-2,-11,5,-20,-10,-5,-69,-15,-37,-14,-14,2,-48,-10,9,-11,1,-14,35,-84,-13,-39,-154,-27,-77,35,-31,-9,-37,-44,0,-1,-59,-68,-17,6,-46,42,4,14,-2,5,-44,50,-3,21,-9,16,6,7,-3,21,-18,30,12,16,-80,2,-34,-25,-53,-44,-5,-6,6,-23,11,-16,-6,-4,4,-15,-11,-33,2,-17,-16,-25,-7,-21,-52,-30,-1,0,-48,-27,-1,-1,26,-39,-24,-86,-76,-53,41,-16,6,-127,-73,-86,-63,-22,-147,24,-51,-36,-89,50,-63,91,-76,20,8,65,-76,88,-85,9,-24,26,-76,-86,-34,6,8,-45,-72,-63,-91,33,-24,33,-15,-20,-68,14,-40,-16,-118,115,-120,-120,-16,15,-79,-40,-131,-163,-217,31,-42,-20,-63,21,-164,-43,-115,31,-104,-47,-127,28,-86,-30]]]
1277013	r	78.9163,27.9359,79.7416,28.617	[[[789163,282496,355,-647,1245,-188,88,76,202,103,342,106,1,-2,0,-15,34,-28,7,3,2,-2,82,49,3,0,14,10,29,-20,9,4,26,-11,16,-21,13,8,55,-23,1,-1,79,-33,45,50,-7,7,1,4,71,111,6,1,49,-2,5,-1,24,0,6,-4,27,-3,66,3,19,-21,28,-16,107,-20,32,1,24,13,16,4,7,-4,39,-67,9,-16,44,-16,35,20,-15,-13,-1,-14,16,-34,47,6,8,-7,15,10,28,4,-16,-13,-8,0,-1,-7,28,-12,13,4,14,-3,8,-27,26,-12,-7,-39,6,-12,15,9,6,28,24,-38,33,6,17,47,76,1,68,55,82,-21,26,3,25,20,28,-39,50,-6,77,64,111,-56,28,-28,-8,-23,7,-28,-61,-79,31,-16,-28,-23,11,-62,-45,-31,-37,-91,-101,25,-3,-43,47,-42,140,-21,12,-58,128,-20,914,-1913,336,233,-17,15,176,177,5,28,-52,52,20,39,97,95,263,3,-39,153,84,78,72,93,-19,18,-6,19,-10,-4,-4,8,-4,-2,-52,47,27,12,41,-39,59,78,15,13,72,102,21,-11,1,2,56,-23,21,15,45,-38,5,-6,-4,-5,50,-32,24,20,-28,21,28,44,-7,15,4,16,57,60,27,20,49,-38,84,-47,75,91,22,-17,5,4,22,-11,76,64,-11,8,11,12,30,9,5,-4,12,10,-10,20,3,23,-22,16,46,45,84,-74,26,18,108,-81,25,27,18,13,11,4,21,-6,66,-55,5,6,39,-14,23,4,21,58,60,3,9,9,2,37,-16,2,-28,-19,-12,4,-6,11,41,39,9,69,43,0,7,9,-4,11,-58,6,-11,3,1,2,13,12,33,9,15,31,-13,14,-63,8,-21,39,-1,7,55,15,19,3,35,13,14,19,2,21,-11,23,-10,5,-100,-21,27,85,3,5,1,11,-12,5,-12,-3,-49,4,4,76,-10,8,-27,4,33,24,3,26,-15,17,-9,1,-45,34,63,18,7,-8,32,5,26,21,-30,12,16,18,-2,9,-11,5,-3,-2,-14,3,13,17,53,42,6,-8,10,20,-23,44,8,13,0,2,18,38,-5,7,-14,19,28,0,1,-1,6,2,12,52,15,10,11,-4,1,12,12,8,59,6,1,-1,28,4,-8,44,-89,59,51,21,11,19,-46,53,-19,-2,51,40,67,70,18,-10,1,1,138,-59,50,12,23,23,-5,4,34,39,-4,-5,23,26,3,10,2,4,6,15,-13,31,-29,34,-52,12,90,134,37,-24,17,15,10,-5,7,-4,20,21,48,14,-3,10,-49,38,-22,29,-45,30,0,8,-21,5,35,49,72,-36,12,16,30,17,4,53,14,26,15,5,22,-16,8,-18,6,-97,113,13,57,-10,16,-3,6,4,8,4,7,4,8,32,-40,79,-1,3,-5,69,17,63,-51,41,-50,23,-119,40,-14,24,14,21,-2,10,-77,45,-54,8,-15,24,-2,24,2,14,19,12,-4,14,-63,23,21,40,59,27,42,45,15,42,27,40,30,-6,19,66,22,32,43,16,1,4,10,37,-10,2,-34,42,-1,10,8,13,13,3,0,9,20,-5,19,14,39,67,20,82,-92,37,-28,-18,-25,1,-35,-31,-138,-34,-54,28,-22,-4,-19,11,-25,22,-24,34,-48,2,-38,-6,-9,-26,17,-6,13,-14,0,-53,-20,-24,-32,-21,16,-22,55,-13,13,-17,-20,-29,-24,-5,-21,14,-45,-3,-29,-34,-29,-8,-29,23,-25,-14,-26,-32,-18,-8,-29,-1,-21,9,-65,88,-20,5,-26,-38,-97,285,191,787,-792,977,-881,134,2,5,-3,29,8,36,46,16,8,16,6,59,23,62,-1,27,-13,34,39,39,-11,18,-35,29,-47,6,-39,26,-25,-2,-37,-36,-19,-7,-27,5,-134,71,-20,-1,-47,-81,-22,-5,-6,12,-19,7,-22,-6,-54,-29,-32,-27,-28,-11,-34,12,-19,-2,-35,-28,-34,-18,-104,56,-1,14,42,13,28,23,5,37,18,25,-4,13,-79,59,-33,2,-95,-81,-67,3,-41,-45,-20,-10,-103,20,-76,-5,-26,-10,-3,-11,10,-10,40,-8,-4,-37,7,-9,38,-16,-4,-11,-39,-10,-21,-20,1,-18,36,6,18,-16,-20,-27,-19,-9,-1219,186,-535,-422,-1265,-285,-245,-461,-3,-3,1,-1,-253,-475,-52,40,-9,-7,-9,7,-54,-56,6,-7,-17,-16,5,-5,-14,-21,5,-2,-31,-33,-20,25,-5,-4,-24,12,-6,-5,-27,21,-24,-24,-61,31,7,11,-10,10,-64,-63,-51,-73,-15,-6,-2,-28,6,-9,11,9,0,-10,20,-4,-3,-18,19,-9,41,-4,0,-14,20,-4,22,-19,13,-1,10,15,13,-4,7,18,8,-5,-9,-9,19,8,6,-6,3,6,17,-18,8,6,11,-6,4,6,9,-9,9,1,3,-10,10,-1,3,-13,-10,-13,8,-4,-12,-8,1,-9,6,-2,8,8,16,-5,-829,-1559],[793845,285816,35,13,16,18,9,32,49,-47,59,-21,15,-7,3,-9,0,-1,-174,26,-12,-4]]]
1262801	r	78.6182,28.5325,79.2659,29.1305	[[[786182,288237,90,-58,-48,-45,0,-1,-1,-2,13,-11,13,-14,-1,-18,102,-81,60,37,7,-5,23,27,18,-16,1,-11,54,-48,-4,-4,21,-19,-14,-21,40,-17,-9,-15,14,-18,-13,-20,61,-37,-3,-5,9,-8,38,-19,-9,-7,85,-67,-8,-7,29,-17,-20,-24,80,-46,5,-20,-44,-56,32,-22,-13,-16,16,-15,-28,-25,6,-7,-5,-6,-40,27,-21,-16,-24,10,-22,-14,-4,5,-21,-25,29,-20,-8,-33,-51,-72,-1,-13,-14,-7,6,-3,-4,-5,52,-36,-30,-31,1084,-790,1091,0,1095,-660,771,-465,1265,285,535,422,192,1957,-1181,2231,-55,104,-2131,-324,-107,45,19,28,52,52,21,-13,12,30,11,6,-6,18,18,16,18,-13,15,7,8,21,-15,28,14,25,-8,9,-17,2,-5,12,5,8,-51,47,14,14,18,37,-27,31,6,16,-18,9,80,21,15,16,-50,53,-34,24,5,14,-7,20,32,20,19,-4,14,8,97,-41,7,5,16,45,-8,11,-15,4,-6,31,-16,6,11,13,-12,9,23,33,-10,3,-2,13,138,-59,16,30,-119,71,17,30,5,-5,5,10,29,12,-2,7,9,8,22,-1,24,32,-2,10,7,7,-5,6,43,63,37,39,20,-8,10,2,-5,18,10,11,11,-5,13,18,9,43,9,7,9,-3,-1,9,-13,7,10,13,-10,1,4,11,-10,4,4,5,12,-2,-3,14,6,4,-8,4,4,19,-11,9,-2,-8,-17,-5,-1,-15,12,-2,-6,-8,4,-12,-45,-5,4,12,-6,10,18,21,-19,10,12,26,18,14,78,-43,65,60,-91,63,-19,-30,-2,1,-1,-2,-68,27,-14,11,-78,-106,-127,76,-8,-13,-83,34,-76,-115,-114,38,35,-32,-10,-17,-18,-10,-20,7,4,17,-7,6,-11,-3,-8,-12,-30,2,-8,-5,-27,11,4,5,-21,4,-4,-4,11,-18,-3,-18,36,-15,7,-24,-8,-13,-49,-17,-9,-19,22,-20,41,-6,3,-16,-15,-15,-19,-7,-91,13,-66,-34,-10,-16,8,-30,-4,-15,12,-9,32,-2,12,-7,20,-36,-9,-34,-9,-11,-24,-4,-2,-6,-44,31,-25,1,-39,-29,8,-15,22,-11,15,-44,-16,-36,9,-10,41,-5,11,-13,-1,-17,-13,1,-9,-37,-10,2,1,11,-16,24,-14,-7,1,-12,-32,-10,2,-12,-5,-5,-16,27,-24,8,14,-36,-7,-7,-26,15,-26,35,-16,-2,30,-29,-11,-11,39,-30,-20,-62,10,-11,-17,-21,-41,18,-43,-10,-35,28,-14,21,-93,51,-11,-24,-41,-49,24,-14,-5,-15,4,-9,68,-21,51,-57,5,-16,23,10,-23,9,-26,30,9,5,19,-7,5,7,-10,5,11,18,22,6,9,0,16,-17,-37,5,0,-17,22,-19,2,-37,-55,-55,-47,-23,-1515,640,-303,-113,-22,-95,9,0,34,-11,35,1,125,64,75,-14,38,11,22,-52,-65,-64,-74,-17,-54,-29,30,-55,61,-35,49,-19,31,-55,-44,-14,-49,-44,-116,-132,56,-72,-31,-55,35,-22,5,-52,-62,-39,-13,-1,-21,10,-28,-87,19,-45,192,-124,-7,-15,9,-5,-10,-35,31,-21,82,-100,28,20,92,-64,-25,-18,-81,-111,-11,9,-6,-2,-34,-33,-31,16,-6,-4,-11,-23,17,-8,-10,-18,25,-10,-25,-45,-4,-4,-53,25,-15,-12,-16,17,-23,-33,-2,-24,-46,-49,72,-43,22,-10,10,9,113,-54,7,-33,18,-12,-16,-37,-28,-35,-36,22,-27,-41,-36,-35,1,-9,-69,-70,53,-26,-38,-54,-54,-56,-17,-12,-27,2,-22,13,-5,11,-21,-30,-27,-20,-16,-62,9,-5,-3,-25,6,-8,-31,-21,-27,-48,-7,20,-22,11,-28,-9,-17,-16,-22,-54,26,21,10,0,13,-31,-8,-18,-43,-19,-25,24,-43,-58,-28,-19,-11,4,-37,-42,-54,38,3,5,-22,15,-36,-54,-31,-31,-30,-54,-50,-55],[789137,290066,19,0,23,-18,-42,18]]]
1252948	n	79.3439,17.7739,79.8161,18.2261	[[[793439,180000,11,-222,34,-219,56,-215,67,-178,269,-152,22,-7,44,66,24,-48,72,-47,63,13,94,-35,176,186,116,-51,-15,-116,22,-188,135,-58,143,189,100,-13,48,-209,105,-44,19,11,35,-47,-147,-204,0,-127,-28,-74,33,-38,209,8,1,-352,192,-47,230,-32,231,-11,231,11,230,32,224,54,219,75,209,95,199,114,186,132,172,149,155,165,138,178,120,190,99,201,78,209,56,215,34,219,11,222,-1,29,-1167,1919,-80,46,-209,95,-219,75,-224,54,-230,32,-231,11,-231,-11,-230,-32,-224,-54,-219,-75,-209,-95,-2,-1,77,-42,6,-44,-51,-72,-98,-3,8,-99,-60,-143,-100,6,-23,-41,-209,7,-10,56,-29,38,-66,-57,-155,-165,-138,-178,-120,-190,-99,-201,-78,-209,-56,-215,-34,-219,-11,-222]]]
1272866	n	72.7704,18.8644,72.9375,19.0851	[[[727704,189482,50,-117,129,100,40,47,36,64,68,0,47,-148,-21,-118,-33,-105,7,-107,98,-124,88,59,63,151,87,407,148,280,182,243,160,145,61,-245,0,-96,429,423,0,2,-1172,508,-75,-183,117,-36,29,-97,-24,-115,-47,-93,-41,28,-103,47,22,-291,-25,-114,-65,-148,-198,-252,-57,-115]],[[728968,188945,195,-240,148,-61,64,833,-7,-3,-22,-266,-65,-94,-155,121,-158,-290]]]
1270927	r	83.0384,26.3926,83.6518,27.223	[[[830384,265944,463,-1296,3064,-722,2300,3033,-7,9,0,40,-49,27,41,-3,2,19,-28,5,38,18,-2,70,26,-27,0,154,-99,38,-33,85,28,68,1,0,0,3,7,17,5,6,44,0,22,36,12,10,2,10,-1,1,1,1,-4,0,-26,14,-12,-4,-13,6,-12,-14,-8,6,-45,-6,-1,18,14,11,-15,11,-29,-15,-18,-18,-46,22,-27,-16,-1,16,-10,4,-6,9,-97,14,15,98,50,-7,-3,66,-11,18,-8,45,31,54,14,10,4,12,-3,4,2,3,-107,169,-29,15,-11,12,-18,3,5,27,-14,9,-2,8,-31,9,-3,-4,-13,5,-3,-5,-40,4,-6,15,-1,0,-27,61,-46,3,12,76,-4,1,5,48,-16,5,-10,-2,-120,14,1,6,6,57,4,5,-2,8,-102,29,-71,33,-9,-5,-13,4,-3,-4,-33,9,-2,1,-8,3,1,2,22,15,-1,15,15,20,-13,17,11,-5,17,6,-1,12,14,-2,0,9,9,-1,11,16,10,-10,13,6,23,-7,0,6,11,0,25,46,4,0,12,31,-18,26,1,10,41,126,9,21,-2,1,3,8,89,5,35,159,-32,17,26,126,15,35,53,-10,58,113,69,-56,69,19,19,31,26,-6,69,-66,-49,-104,83,-38,72,-3,21,141,25,0,10,32,49,26,97,-14,19,112,-65,57,25,87,95,11,92,-31,86,1294,-459,870,-130,62,-300,122,-309,105,-316,86,-321,67,-325,49,-328,29,-330,9,-330,-9,-328,-29,-325,-49,-321,-67,-316,-86,-309,-105,-300,-122,-291,-140,-280,-156,-268,-173,-60,-44,-188,-5306]]]
1270668	r	80.272,15.9218,80.874,16.4428	[[[802720,162465,915,-1096,-55,-898,981,-401,2,5,22,29,51,-3,43,-14,89,-9,32,2,15,15,26,14,85,-15,73,-36,-5,-16,-38,-42,-12,-22,33,-20,-1,20,19,-3,11,27,18,-14,19,38,45,5,32,-6,106,117,73,6,-2,-52,-39,-89,86,-30,11,31,15,8,24,88,46,-24,35,-4,-23,-58,-24,-39,4,-12,-16,-5,-37,-31,5,-12,14,4,9,-21,-4,-37,-13,-32,7,-9,17,-4,-16,-36,-17,-10,0,-8,48,-4,5,-48,1213,-496,378,1838,1711,1284,3,60,-3,68,-749,1233,-764,24,-1515,-485,-889,653,0,1,-1,0,-363,266,-1078,268,-657,-1963]]]
1259425	r	75.5266,11.5757,79.9726,12.192	[[[755266,117263,11,-48,16,-48,24,-16,-20,-52,0,-8,14,-7,20,23,43,8,-1,24,10,21,99,2,30,29,18,4,11,13,3,28,-8,46,-57,36,-44,14,-2,15,-17,12,1,44,30,160,-15,38,-46,10,-3,17,-22,-8,0,-16,-14,0,-38,-25,19,-3,-2,-42,8,-10,28,-7,5,-19,16,0,7,-6,10,-28,-9,-109,-19,-11,-38,4,-18,-29,-36,-21,-14,-35]],[[755284,117010,22,-4,17,-12,16,-28,-5,-8,25,-34,19,19,24,27,20,6,-1,24,11,6,15,39,-20,9,-43,39,-25,1,-13,-6,-20,-39,-42,-39]],[[795945,117307,10,-39,40,0,49,-17,18,-100,39,-46,20,-6,48,16,40,4,44,-6,42,-35,28,-11,40,-38,72,1,24,-18,12,-98,12,-24,21,-18,237,-50,48,-47,150,-8,6,-13,-59,-24,-115,9,-15,-7,-34,-54,-23,-73,1,-46,-20,-99,-48,-51,351,-548,185,-36,1,-1,13,-10,16,-2,12,5,311,-60,-1,13,0,5,58,1,9,291,27,192,20,84,6,65,27,138,66,290,30,107,50,111,-7,51,9,64,54,201,60,302,20,52,14,127,12,66,57,44,94,451,41,201,45,114,5,31,24,37,49,184,21,47,13,26,-1,-1,127,282,45,218,9,40,92,136,22,53,-13,335,2,15,77,173,62,115,-5,3,229,267,305,611,61,88,140,149,250,384,-3090,-1521,-12,-352,-8,1,-15,-83,9,-27,0,-89,7,-2,-9,-268,-7,0,-22,9,-6,-5,0,-21,33,-38,-4,-109,-17,6,-5,68,-14,-7,-38,5,-8,-52,-40,12,-53,-26,-4,119,53,-7,-4,46,12,99,-72,28,-3,63,-44,14,12,60,18,44,6,46,-36,23,3,30,52,5,47,101,17,101,30,20,-1,17,-86,52,-13,1,-39,-14,-31,29,-43,17,-29,8,-19,-5,33,-76,8,-50,-36,-38,-47,-8,-15,-112,6,-29,21,5,41,-3,-31,-113,-65,3,10,-45,25,-25,43,-2,-6,-61,-58,-54,3,-10,87,-14,-7,-45,23,-46,4,-57,-7,-87,-39,-18,-56,1,-10,-74,3,-101,91,-45,8,-28,-29,-152,26,-16,86,-5,37,12,9,56,146,0,4,49,32,2,-3,-80,130,-210,-64,-610,-35,13,-12,29,13,18,9,61,-5,27,-43,13,-103,48,-18,-56,3,-44,-27,-67,-16,-60,20,-7,26,-23,29,-45,38,-13,59,-10,121,20,-71,-11,-2,-25,46,4,62,-46,16,-42,18,-26,28,-23,20,-8,24,-32,2,-46,-6,-61,-8,-45,-2,-54,-14,-155,9,-43,-13,-34,23,-28,3,-21,-12,-14,-49,-33,-26,-4,-100,6,-15,-44,-11,-14,-15,-1,-29,16,-14,54,-86,14,-122,-20,-46,4,-98,19,-49,33,-63,28,-16,-4,-40,-81,-20,-23,-68,5,-26,-74]],[[795994,118817,26,-95,-8,-73,-15,-36,31,-13,83,13,25,21,57,5,-2,67,33,-8,39,3,3,-36,-18,-91,44,-24,41,-17,52,-5,44,-24,90,3,50,36,54,73,-5,28,-39,26,-29,36,-33,-5,-39,23,3,73,-21,13,-42,10,3,31,-34,16,-31,2,3,-62,-34,0,-18,21,0,57,-36,0,-31,25,-26,3,-28,-49,-42,-44,-57,-34,-44,49,-41,11,-8,-29]]]
10581114	p	1267995
1278718	r	77.3936,20.5966,78.2724,21.3805	[[[773936,208185,1841,-923,1,9,133,-6,32,-37,39,-26,1,-18,98,-9,64,8,41,-5,142,-33,24,-25,-21,-12,-11,-18,-5,-62,24,-38,21,-20,2002,-1004,3292,2011,583,2265,0,1,487,1888,-2,4,-209,315,-229,302,-251,286,-270,271,-287,254,-242,187,-412,55,-1184,-747,0,-1,-2133,-1346,-22,3,-2,-12,-70,0,-12,-34,-13,-2,-8,-33,1,-2,-2207,-1393,-1236,-2053],[776124,207315,6,56,18,2,14,77,32,91,6,36,139,-11,-25,-171,-56,-19,-12,-18,-11,-49,-111,6]]]
1275665	r	71.8535,27.183,74.3583,29.0498	[[[718535,279482,11,-21,375,136,66,0,-185,-147,16,-293,-63,-15,-25,-108,123,-83,-1,-166,82,-80,88,121,140,-3,59,-111,54,5,105,49,21,108,-51,40,296,420,221,-22,161,54,261,139,65,-54,320,-152,113,-99,33,-97,65,-65,539,-284,68,-154,-112,-128,111,-314,12,-349,-160,-165,-187,-131,-142,10,-26,-33,-6,2,-35,-53,-23,-29,2,-3,-4,-6,48,-52,-65,-132,45,-68,101,-69,89,57,269,1,447,-164,287,-183,63,-186,250,151,277,283,207,59,437,-165,-202,-587,-124,-173,-54,-144,-234,-345,-198,-75,213,-83,-148,-46,-144,-113,-49,-114,-7,-226,35,-125,-29,-64,-47,-27,-43,65,-95,60,-148,-9,-5,-123,-74,-5,6,-41,-278,-136,-179,149,0,86,-25,37,54,66,-45,50,-29,-18,-66,171,-85,63,63,134,-173,103,-123,15,-98,134,126,112,40,-8,69,98,-59,39,-68,-18,6,53,-64,49,-151,-20,-153,59,-326,206,-129,-126,1021,-1942,5022,1516,6,-4,86,-193,19,10,67,-80,111,99,28,263,441,133,87,-187,43,-169,344,-252,115,110,13,42,-68,250,94,17,41,30,11,-27,67,36,126,10,222,87,-9,17,44,25,127,-133,39,-150,-27,-50,1,-127,-52,-84,-116,-103,-29,30,-77,-52,72,-105,-27,-72,40,-19,-26,-19,0,-55,-34,-20,17,-109,77,-95,242,50,69,62,174,-33,17,-28,-233,-279,14,-17,61,20,127,-10,157,61,11,-262,62,-97,366,335,50,-42,41,-134,14,-279,85,-8,54,-72,58,-21,18,-47,26,-17,49,28,23,-45,57,-30,97,47,248,226,196,124,194,18,40,26,93,-8,64,43,90,-13,19,-27,80,28,115,-62,63,-35,39,-101,118,-73,1,-126,-40,-51,57,-73,-10,-86,41,-31,-42,-60,38,-13,-34,-34,2,-93,61,-243,-11,-74,26,-33,262,-159,-3,-23,48,-28,165,-10,17,169,44,45,-3,57,328,207,80,-3,39,-109,24,7,17,-38,53,9,54,-102,-73,-66,9,-40,30,-11,-34,-73,68,-48,-2,-23,15,11,20,-35,17,11,55,-84,39,-70,-31,-84,191,-197,132,-84,165,-248,22,-75,57,-45,29,21,20,-24,63,-4,26,-36,-26,-35,14,-48,41,25,0,27,58,25,26,64,60,36,-16,34,80,55,-29,45,-135,54,31,205,252,256,126,77,3,-51,21,6,148,133,431,250,21,58,126,4,441,159,-38,56,-218,-9,-248,11,-246,32,-241,54,-234,75,-225,95,-213,114,-200,132,-184,149,-167,165,-148,178,-128,190,-106,201,-84,209,-61,215,-36,219,-12,222,12,222,36,219,61,215,84,209,106,201,128,190,148,178,167,165,184,149,200,132,213,114,225,95,234,75,241,54,246,32,248,11,248,-11,246,-32,241,-54,234,-75,225,-95,213,-114,200,-132,184,-149,167,-165,148,-178,128,-190,106,-201,84,-209,61,-215,36,-219,12,-222,-12,-222,-27,-170,150,12,108,58,-9,50,137,22,86,-62,56,-10,73,-141,131,-130,1,1,1,-2,47,-22,23,2,18,13,34,-8,139,12,247,166,-3,43,181,147,160,29,94,166,-2,39,-53,48,-31,168,12,74,147,149,-57,67,-133,364,-80,35,-75,93,25,30,69,-11,41,44,-48,232,102,59,-5,119,-137,309,55,112,-25,134,10,183,195,108,44,-39,121,26,48,-25,41,13,40,-45,72,-17,282,117,78,79,205,0,118,87,103,-218,125,-64,153,-143,-117,9,-132,59,-145,14,-5,-221,209,84,120,-7,-232,-274,33,-47,144,-77,51,7,125,78,47,-112,262,96,25,120,58,46,93,176,37,18,-7,70,51,12,55,87,124,65,93,93,97,-11,164,50,74,-29,24,15,11,-53,195,-1,98,47,-6,29,86,51,100,34,50,-8,-8,48,121,-21,-10,31,77,14,30,166,27,13,-78,340,-58,68,1,80,27,12,-14,44,36,14,-15,121,129,26,24,91,151,195,-82,37,5,54,61,12,-55,25,1,68,-67,15,-56,86,120,68,-45,118,21,22,-37,142,63,37,-12,15,122,118,188,82,-3,39,102,71,34,74,75,17,-86,380,-70,44,-19,52,65,22,23,96,49,52,-27,37,76,67,-9,64,-55,75,65,40,-22,78,461,202,-14,25,95,85,-38,123,63,18,61,123,-4,104,-19,35,-39,-10,-43,132,-28,1,-94,131,-24,-11,-102,91,-7,42,-66,-26,-85,5,-179,30,-45,23,-6,2,-44,10,-181,-76,-11,3,-94,-42,-9,-6,-1,1,-6,-2,-43,29,-47,-4,-17,32,-38,-12,-1,7,-7,0,-2,47,-57,19,-34,69,-45,3,-6,49,-55,21,-42,101,-110,-31,-56,69,6,8,-2,4,54,78,76,46,-12,24,53,10,-135,185,0,100,-78,-43,-400,-84,34,72,-48,118,-20,-9,-31,62,-80,-2,-20,30,-66,5,-43,-17,-198,6,-162,-79,-246,-57,-22,49,-43,-3,-50,85,-62,13,-106,270,-56,32,20,278,178,119,144,-5,114,34,12,43,39,5,3,48,-97,0,-55,89,28,28,-48,12,-35,61,-16,72,66,47,-23,61,19,49,-35,20,-2,39,50,188,-19,45,28,9,-99,257,93,78,8,39,92,53,6,60,78,43,-12,26,87,60,5,75,94,52,11,72,77,32,-1,161,-50,27,-56,98,-30,-11,-50,109,21,93,-44,15,-2,53,35,14,-25,45,-48,10,13,91,-26,22,-24,120,617,241,127,26,318,140,69,-13,-41,152,-69,-20,-49,99,-35,17,8,23,-350,3,-8,27,14,34,3,34,39,75,5,3,3,5,57,31,103,60,-22,8,-1,149,-131,53,-73,112,-245,-35,-74,-60,-137,-39,-19,49,-25,4,-175,-56,-88,-57,-50,0,15,81,120,67,16,112,100,68,7,61,71,45,22,69,33,0,105,89,27,-33,34,1,146,64,-7,22,-65,2,-13,48,49,51,-23,37,33,28,-16,51,54,21,-13,38,44,27,6,49,-6,49,-78,54,4,92,-23,22,-89,-30,11,49,-20,16,48,99,-83,128,49,23,-13,49,32,77,-188,-7,-131,-69,-65,29,-12,48,-81,-40,-24,67,43,70,0,77,28,-2,41,63,-58,67,-29,-5,-127,292,-129,-13,-4,129,-132,-57,15,-51,-106,-120,13,-220,-25,-61,56,-67,-16,-71,44,-116,-112,-20,-36,-72,-149,-106,-252,-122,-95,261,8,74,-47,95,84,150,14,158,-326,-114,-86,6,-8,-25,-172,-25,-8,-52,-293,-151,-49,15,-150,-41,-128,3,-12,85,76,45,-27,73,-68,107,-42,-13,-12,21,-68,-30,-38,165,-69,76,-112,3,-23,72,-77,70,-32,122,60,50,-17,148,-55,29,-105,-25,-8,116,-83,-5,-38,20,-106,-178,-91,-78,-4,-72,-103,-130,-37,143,-22,-9,-78,71,-136,-30,-24,23,-80,-5,-42,26,9,83,-89,19,-85,-156,-84,-50,-70,-3,-35,28,-89,-13,-32,52,-52,-3,-67,62,-59,2,-57,86,-282,-118,12,-24,-50,-59,-36,-26,-64,-63,-112,-61,-122,-29,-38,45,-209,-30,-179,-66,-136,118,-241,1,-146,-231,-49,30,26,162,-182,1,0,22,-76,0,-3,20,-390,6,-1,63,-354,1,-5,-109,-388,-2,-1,-139,-126,-1,-4,-136,-22,2,-3,-47,-285,-1,-1,-339,-313,8,-68,-42,2,-55,-76,-2,-6,-86,-29,20,-91,-10,-140,27,4,-274,26,1,90,-90,0,-68,-120,-37,-24,26,-73,-32,216,-233,-55,-27,-29,32,-125,3,-181,-167,-148,-96,-27,8,-89,-90,15,-36,-64,-90,50,-99,-81,-105,-125,-32,-292,-176,-70,16,-188,-30,-151,-80,-151,-29,-17,-36,-152,0,1,-64,49,-3,2,-91,-232,1,-2,-26,-46,0,-6,-39,-1517,-2,-2,137,359,-3,3,159,-260,1,0,42,-204,0,0,44,-127,3,-1,45,-77,1,1,68,-206,-1,2,25,-134,14,-16,55,-424,3,-18,110,-64,3,43,104,80,75,-33,22,-10,-18,-232,-1,8,20,-150,1,-2,89,-51,0,0,93,-56,-3,-21,-65,-132,2,-1,197,-98,3,18,88,21,-1,-26,315,-48,0,-1,45,-104,1,1,174,341,182,-370,-170,-1329,-611,-1434,-659,-276,-168,-743,-800,-238,-416,-587,-2007,-202,-478,-277,-433,-389,-362,-1228,-895,-799,-925,-114,-201,-53,-184,-116,-1222,-56,-152,-135,-95,-74,-20],[737554,281000,12,222,37,219,61,215,84,209,107,201,128,190,149,178,168,165,185,149,201,132,214,114,226,95,235,75,242,54,247,32,250,11,250,-11,247,-32,242,-54,235,-75,226,-95,214,-114,201,-132,185,-149,168,-165,149,-178,128,-190,107,-201,84,-209,61,-215,37,-219,12,-222,-12,-222,-37,-219,-61,-215,-84,-209,-107,-201,-128,-190,-149,-178,-168,-165,-185,-149,-201,-132,-214,-114,-226,-95,-235,-75,-242,-54,-247,-32,-250,-11,-250,11,-247,32,-242,54,-235,75,-226,95,-214,114,-201,132,-185,149,-168,165,-149,178,-128,190,-107,201,-84,209,-61,215,-37,219,-12,222]],[[727663,289605,519,195,-51,20,-406,-186,-62,-29]]]
1273874	r	76.1775,9.7882,76.291,10.1723	[[[761775,101706,2,-153,69,-104,3,-91,-23,-91,46,-174,26,-131,44,-134,48,-191,156,-392,136,-246,145,-124,-77,176,-40,207,-20,401,-55,162,-99,167,-61,183,20,55,-2,4,-31,118,-61,94,-17,78,-20,22,-34,94,-55,17,-41,54,-24,9,-6,7,-29,-17]],[[762363,99527,39,-133,66,-457,64,-100,161,-498,81,-246,27,-211,44,21,-10,51,-2,6,-16,77,85,54,-30,84,-48,21,-17,96,43,141,-42,-5,36,54,39,130,8,159,-49,141,-56,-143,-12,-61,-105,52,-63,87,-29,111,-9,128,54,30,235,-72,53,42,-63,199,-152,225,-180,121,-132,-91,-20,-13]]]
1275971	n	80.924,20.8496,81.6251,21.8008	[[[809240,217020,1441,-3475,32,-28,81,11,50,49,65,4,118,93,17,-147,88,-41,94,19,7,52,171,-24,5,23,57,-11,40,18,29,46,128,0,13,31,201,-35,6,-173,76,-44,3,-33,-38,-29,-56,14,-9,-124,-83,-27,-20,-211,-35,-35,-40,12,-57,-19,-16,-106,47,-196,-21,-131,-116,-9,-33,-108,65,-15,48,17,44,-34,-24,-61,-116,-23,-20,-151,66,-17,19,55,118,31,174,-16,12,31,119,17,-27,-255,110,-59,-1,-172,73,-6,19,-50,-27,-112,11,-82,-45,-2,-23,-51,3,-177,-89,-2,-38,-38,23,-13,-27,-66,112,-29,-3,-132,-159,-67,-132,99,-38,6,2,-5,-85,5,-3,-6,-45,-68,-85,-35,21,-14,15,-129,39,18,-9,-84,209,-2,1,22,62,3,91,-219,-27,-104,75,-13,667,-1608,1289,629,-177,1151,110,18,24,-28,-16,-104,23,-57,-20,-105,53,-69,-6,-47,63,-5,34,-68,86,-31,77,7,7,-192,-90,-25,-79,-22,63,-101,106,-29,73,-61,-60,-129,-50,0,-87,-75,1,0,-35,-30,11,-43,40,5,-47,-48,0,-126,27,-54,11,-139,49,-4,-11,-91,-129,-44,-20,-30,14,-53,-79,37,-33,-127,103,-93,69,3,29,-50,78,-13,7,-34,109,30,18,31,65,-42,116,22,36,-40,73,60,62,-14,4,70,-47,45,-2,37,170,38,15,-3,63,-13,134,233,218,-8,84,137,9,109,109,112,99,39,135,-14,49,57,203,31,9,1,9,108,66,37,70,4,21,23,50,55,21,22,-32,135,29,39,66,12,23,56,-72,193,-66,89,39,79,-71,76,-20,21,-19,21,-129,67,10,39,71,-3,113,66,-2,94,-35,41,-103,-6,-151,57,0,128,-25,36,1,5,61,199,-5,112,128,201,124,62,-23,95,158,4,45,40,-59,55,-133,241,-34,148,-275,163,-133,189,-119,-15,-74,82,6,55,22,201,-112,226,26,53,31,8,102,26,41,274,-61,1,7,20,-96,56,-21,44,-12,26,-111,-2,-291,71,28,50,4,129,-21,25,-46,1,-19,87,-114,7,46,137,78,20,31,-29,56,65,16,48,-48,76,-164,66,-115,-11,17,-51,-16,-75,-124,5,-76,-37,-100,23,22,108,54,22,28,59,27,8,-16,181,-5,58,198,199,-277,147,50,131,173,-39,48,77,8,45,-139,74,-79,25,-61,-14,-2,22,-356,11,-183,44,-35,-2,-80,-79,-13,132,-129,53,-26,29,20,63,-64,15,-17,-61,-100,7,-28,-20,-97,39,-26,-84,-144,45,-63,-153,3,-72,-12,-3,-155,1010,-356,1852,-182,-5,-424,-39,-421,-66,-415,-90,-408,-117,-399,-141,-389,-165,-376,-188,-302,-177]]]
1273780	r	84.8485,20.0375,86.2885,20.7278	[[[848485,205281,262,-259,207,-76,265,6,337,-94,344,-185,216,-168,186,-70,218,-152,179,-69,32,-33,395,-92,251,-214,68,0,135,-84,93,11,212,-25,77,35,140,-62,431,-72,123,-39,53,-41,675,-11,74,54,210,33,5,-101,51,-10,0,-49,-149,-60,-9,-89,-24,10,-36,-26,39,-53,-42,12,2,-101,-29,-16,46,-7,18,-155,-52,-52,-26,-97,-129,-40,-12,-53,39,-55,51,18,126,-17,163,46,28,-19,72,103,24,4,62,-68,59,-13,-18,-75,48,-123,71,-11,165,157,76,6,165,-94,50,2,39,63,-10,87,53,97,10,76,296,11,219,-69,46,27,66,-2,45,125,40,-3,43,-42,131,0,-5,57,35,57,65,-33,60,-63,1,-31,70,-24,101,45,102,-45,54,-9,50,22,220,-64,97,79,-40,23,11,95,124,128,72,-14,85,73,74,1,120,-72,13,124,170,179,80,209,11,124,77,50,6,45,1633,-373,22,-36,4,4,0,3,2,0,18,18,1,0,13,24,14,-12,18,-3,21,7,39,-5,24,14,30,3,15,-65,3,-4,5,-1,1,-4,6,-8,63,-7,78,-53,20,-113,108,-62,18,-139,-16,-30,-40,-5,-41,39,-5,101,-48,2,-36,-79,18,-74,69,-14,43,-169,103,-41,48,-66,-70,-79,2,-36,29,-33,38,43,53,-38,71,23,22,-96,96,-98,27,1,53,-85,113,-48,67,-58,22,-63,132,-7,37,-157,34,-8,33,-84,26,-139,109,-50,-9,-30,-46,2,-6,-113,127,35,31,84,40,-23,25,-79,91,-48,-83,-100,28,-73,-29,-57,-127,9,32,-71,114,-14,103,-83,74,-10,69,-53,-18,-64,72,-18,124,-179,-12,-72,-103,-24,-6,-19,2,-90,78,-75,8,-31,35,-43,4,-1,4,-2,15,9,18,29,109,53,73,-1,117,-57,6,-6,20,-10,6,-21,-97,-92,71,-93,114,-8,128,45,56,-26,83,37,87,-37,6,58,20,16,3,7,7,1,9,7,82,11,-8,87,-147,135,-32,120,-107,79,7,78,53,38,44,108,-92,78,10,134,-144,99,67,146,-42,24,8,27,-26,20,36,55,79,8,81,-53,54,9,-39,47,-129,48,-33,123,-78,51,2,52,47,-17,39,21,29,119,-44,60,-212,31,-137,83,-170,49,-169,86,-89,78,-18,143,-237,139,-45,50,-16,65,-52,38,3,140,-67,118,-5,51,1619,-370,337,-77,187,844,80,-7,12,30,-26,33,59,80,50,-3,-3,-44,55,78,-7,34,113,15,-32,43,45,12,15,52,-16,11,-36,-49,-37,0,-7,102,57,3,22,40,-10,55,49,72,-88,32,17,96,-2,16,-26,-11,-6,43,80,73,-107,41,5,28,24,-17,66,28,-40,40,-18,106,-34,10,-5,84,31,32,-20,20,13,58,37,-10,66,67,-69,100,8,34,15,5,40,87,-31,18,149,675,-305,132,-2,10,-41,30,-134,41,-11,1,-326,141,9,38,-49,44,-89,6,-12,-27,-83,36,1,9,-44,10,-126,55,144,-16,29,45,49,-29,19,136,-41,41,-66,-57,-6,50,-17,-4,-45,-55,8,-57,-27,-12,-62,-4,-38,56,-74,-55,13,10,-1920,833,-61,-68,-68,12,-186,-71,-175,22,-88,-19,-19,-64,55,-56,-2,-147,-56,-106,-134,-101,-14,-104,-86,-13,-147,111,-72,3,-250,-5,-100,-57,-126,-12,-137,61,-35,53,-101,-8,17,-34,-25,-47,-198,-24,-10,-142,-30,-22,-61,7,16,-89,-66,45,-70,0,-44,42,-86,-5,-32,-36,-69,-15,-52,-155,-55,29,-20,-34,6,-39,73,-47,-40,-100,-189,-87,-164,-223,-123,-86,-52,-151,-36,10,-22,-23,-20,30,-29,-20,12,-25,-32,11,-68,-54,-49,8,-26,-27,-165,18,-91,-61,-47,13,-83,-91,9,-76,-66,-68,-115,30,-19,-19,-66,39,1,37,-69,10,-20,25,-83,-17,-137,66,-54,-8,-183,61,-77,-6,-59,-109,-138,-33,-17,-123,-100,-94,-70,-18,-87,-143,-103,121,-85,52,-194,47,-21,26,-104,0,37,-160,-25,-50,-52,-7,-59,49,-53,6,-73,70,-102,-41,-266,22,-62,19,-39,43,-195,-8,-112,47,-112,93,-127,-46,-62,42,-248,22,-377,291,-4,58,-152,128,105,104,-126,56,-121,114,-38,70,-114,30,-125,78,-82,-21,-65,30,-61,-4,-73,42,-91,-54,-221,78,-49,-6,13,-56,-49,-63,-17,-110,-43,-22,-58,-103,-38,-10,-27,29,-46,-66,-93,2,-81,75,-234,40,-359,-91,-19,-74,-68,-73,-45,70,-213,23,-114,66,-188,-11,-160,41,-98,-29,-109,-194,-107,-39,-19,-74,-85,-128,-44,-46,-120,-56]]]
1275248	p	1275339
1276032	r	71.4779,21.0019,72.5753,22.1303	[[[714779,214812,139,-198,328,9,54,-162,31,-28,184,-1,4,-268,-23,-34,-56,-8,73,-150,62,83,56,12,184,-7,9,-69,-15,-112,13,-120,21,-8,-14,-59,-201,-44,-147,109,-200,-42,14,-136,-82,-211,57,-139,-5,-60,80,-35,-13,-31,35,-30,-15,-40,17,-43,-47,-67,-35,-160,18,-58,31,-19,-6,-47,-50,-41,3,-43,-52,-54,45,-220,-99,-94,84,-256,-41,-29,3,-24,32,-20,-89,-67,-1,-52,159,6,28,-32,59,55,48,-9,10,-12,7,18,101,201,122,190,140,178,159,165,175,149,190,132,202,114,214,95,222,75,229,54,21,3,5,-1,-194,86,-203,114,-190,132,-176,149,-159,165,-141,178,-122,190,-101,201,-80,209,-58,215,-34,219,-12,222,12,222,34,219,58,215,80,209,101,201,39,62,-222,-46,-49,73,-268,-77,-60,-101,24,-71,-13,-150,60,-122,-99,-139,-24,-104,-251,-101,-118,14,-78,-60,-116,-251,-27,-98,3,-153,-93,-130]],[[715883,216744,39,-133,-25,-21,125,2,69,-83,86,-29,-4,-20,36,16,125,158,159,165,176,149,190,132,203,114,121,54,3424,-2190,-5,-80,-34,-219,-58,-215,-80,-209,-101,-201,-122,-190,-141,-178,-159,-165,-176,-149,-190,-132,-203,-114,-214,-95,-223,-75,-230,-54,-22,-3,-9,1,195,-86,202,-114,190,-132,175,-149,159,-165,140,-178,122,-190,101,-201,79,-209,34,-127,-58,-29,65,2,52,-54,-14,112,94,81,184,57,20,28,69,6,43,60,86,51,46,-8,10,44,229,103,-10,22,29,20,231,69,-20,112,-62,40,-35,64,-84,51,-37,60,-43,159,199,228,40,153,69,99,-28,95,135,242,304,322,206,297,363,315,125,169,11,57,93,106,4,72,76,112,110,282,116,395,-18,135,4,11,67,195,313,426,36,86,-40,175,-58,62,-2,26,-32,56,-71,55,-9,9,21,69,-18,32,46,20,-48,-14,-14,81,-157,222,-161,374,81,35,28,48,-76,407,26,359,-44,283,33,222,-101,259,-44,74,-85,52,-62,77,-129,299,-12,63,99,232,-87,-28,-268,80,-120,2,-63,39,-181,210,-276,417,-174,13,-19,-40,-237,7,-190,292,-38,109,26,79,-38,-12,-242,191,-113,-167,-576,119,-67,40,-256,47,-99,52,-52,-217,-58,-30,-57,2,2,-20,-113,13,-13,-198,-62,-11,-27,-33,-94,5,-37,-116,-75,-71,9,-50,-159,40,-72,-14,-5,64,-81,-44,-23,-44,19,-46,94,7,4,-43,83,-41,62,25,16,47,69,-81,30,8,10,-87,42,-13,21,-78,39,-37,-48,-7,-28,-70,-23,1,-7,-68,-379,47,0,37,-128,2,-119,41,-112,-4,-5,-125,-44,-17,-69,2,-51,38,-165,-53,-44,67,-211,-26,7,-123,-117,-38,-23,-56,-103,-82,21,-77,-49,-31,-83,-172,-60,-14,-32,-77,-17,22,-133,-19,-6,-128,125,-208,26,-8,-4,-75,-50,-29,-36,-64,23,-222,-88,-15,-34,-30,-80,-2,26,-107,-17,-85,-161,-58,-73,-72,-240,3,4,-149,-114,-23,-15,-42,-29,0,-29,-309,138,-46,224,-16,4,-63,-52,-82,23,-82,-125,-4,-14,-49,-67,-25,8,-71,44,-67,139,-20,13,-33,14,-7,21,-85,34,-90,-1,-44,-171,-9,-62,-106,-15,-1,-3,-5,-6,5,-90,-2,-87,43,-70,-50,-4,-162]],[[716726,210078,3,-16,41,-43,205,79,194,112,93,7,44,-25,56,31,31,-44,146,51,96,-13,7,53,175,44,0,20,-46,2,-38,45,123,54,66,-32,-8,-39,40,32,105,-12,-46,84,-18,-14,-56,30,18,50,-71,-59,-256,-152,-193,-47,-135,31,-126,14,-179,-108,-163,-98,-108,-37]],[[718224,210718,52,-19,141,77,80,2,99,97,198,29,100,148,78,49,270,22,119,46,38,-16,7,55,96,4,37,28,125,4,64,-22,-12,54,36,53,-28,-6,-461,-23,-1033,-584,-6,2]],[[722785,220556,29,-154,21,34,83,98,39,-22,23,105,96,173,15,163,-79,58,-97,-151,-38,-153,-92,-151]],[[723479,216062,100,-139,12,58,-90,115,-22,-34]],[[725596,218072,51,73,80,80,26,312,-84,-43,-41,-100,-32,-322]]]
1257416	r	73.6919,16.5524,75.6783,17.6291	[[[736919,172378,4,-25,13,-32,15,-19,93,-46,110,-157,-49,-133,-143,-152,115,-105,53,19,16,-4,10,2,21,-9,92,-20,26,5,125,52,21,-109,-17,-65,36,-39,157,-20,13,0,3,-2,19,-2,33,-21,35,-7,7,2,35,40,-70,93,-21,111,64,32,28,46,162,-45,89,-68,179,-9,298,-179,56,-63,3,-59,209,-113,3,-21,-52,-28,28,-62,143,-101,114,-39,39,-51,-13,-27,34,-124,94,-64,-3,-50,55,39,101,0,81,-56,9,-50,94,-20,3,-43,97,-14,22,-61,131,-144,52,-5,-1,-260,-91,-27,48,-185,69,-17,62,22,33,86,56,-21,28,-39,60,10,40,-40,145,-36,-30,-153,14,-35,44,-11,-12,-33,-43,2,-15,-23,84,-80,-49,-99,89,-4,53,-33,12,-148,89,-11,54,-73,123,-43,6,-83,165,61,86,100,6,-5,6,6,33,-37,57,-47,203,28,23,-24,4,-76,110,-140,109,-55,95,59,-1054,2093,-2,-6,-43,16,-139,-83,-251,201,-211,54,-4,100,-58,52,-39,-1,1,6,-194,22,-154,-13,-148,70,-250,189,-100,-39,-67,9,-29,150,-76,80,-29,119,-209,80,-39,118,-126,160,-154,60,-55,-3,-45,-2,-32,42,-50,66,-124,26,-117,24,1,1,-92,19,-13,37,-50,17,-40,108,-101,108,-96,-8,-181,-163,-123,9,-46,34,-68,-26,-30,-240]],[[742483,171796,13,-15,229,74,-55,6,-180,-37,-7,-28]],[[742559,173588,21,-48,26,-2,237,56,43,-18,-2,-58,-74,-144,80,-82,38,-154,-97,-43,-198,-29,-72,-132,63,-49,-46,-40,27,-80,-13,-46,55,-53,12,-109,143,-80,89,-22,-25,-111,-144,-59,-48,-62,21,-75,158,-86,10,-114,-26,-57,1273,414,80,-57,171,-149,155,-165,137,-178,119,-190,98,-201,78,-209,56,-215,34,-219,5,-98,-1507,-1897,7,-1,7,-110,74,-83,169,157,80,5,80,97,67,37,12,-64,85,27,39,-19,-16,-128,-46,-33,-48,-92,57,-64,127,-19,144,72,209,13,80,80,21,72,40,17,101,-36,46,-58,53,2,34,-26,-19,-148,24,-101,29,-26,35,46,118,66,-15,115,18,48,30,15,7,-61,85,-65,81,-8,209,-221,37,-166,143,-43,270,-19,280,-130,135,-153,20,-191,230,-55,217,-79,104,-65,4,-28,-87,-132,-8,-293,10,285,359,7,-3,32,32,2,21,-20,420,319,709,108,51,106,719,-3,-103,168,-22,408,-67,333,326,85,26,72,246,13,2,287,-10,25,-30,-56,-38,2,-6,55,-117,9,-211,178,15,93,87,63,153,-53,19,-53,93,-63,65,-6,8,21,-57,52,13,64,54,12,-10,62,20,25,278,15,84,-59,230,-24,-24,-165,45,45,66,12,65,86,206,3,114,82,43,-12,60,30,61,-18,4,-217,71,-158,196,-4,43,-105,109,-61,26,-211,184,-64,163,-21,194,71,-78,-299,325,-17,143,4,102,242,281,-41,174,178,58,223,-62,85,-50,214,41,227,585,10,177,71,79,88,244,92,341,-132,162,153,245,58,-12,-65,169,-59,76,-116,-4,-199,207,64,195,191,34,-43,337,12,10,426,392,-39,13,-337,256,-13,58,-150,73,-25,69,87,182,5,42,59,-102,129,32,564,-219,-53,-61,59,73,168,143,63,156,8,-44,509,-265,14,6,156,-58,182,-155,139,16,265,144,-11,-18,62,214,138,-49,625,-250,13,-76,219,-211,124,-106,-21,-156,-122,-125,-40,-94,-71,-132,-38,-98,-110,-1,-51,-99,-67,-27,-63,-29,-67,-120,7,-2,0,-352,23,-40,84,-225,43,-96,97,-83,8,-48,-22,-101,-214,-2,-118,-69,-187,29,-102,23,-82,-31,-84,-166,47,-120,3,-69,2,-2,150,27,69,-59,220,-309,38,-54,-187,-139,6,-218,-35,-47,-14,-44,-66,-24,-111,14,-44,141,-133,65,-107,-9,-29,-56,-176,-42,-35,-236,26,-16,213,-10,134,-229,-36,-219,45,-78,152,77,101,133,40,39,37,-1,236,78,149,-17,17,-188,-30,-114,66,-94,22,-23,70,-107,-26,-42,-176,-93,-131,-330,65,-143,-22,-77,24,-102,-21,-122,10,-35,10,-8,44,-92,20,-92,-43,-34,-107,22,-97,-15,-34,-199,30,-412,-2,-58,-128,-785,633,54,2,16,97,199,80,128,314,-27,97,24,113,375,233,-50,178,-86,60,31,141,62,10,17,59,169,-60,123,102,-18,287,92,224,-36,189,-74,74,-67,-12,-166,-110,-200,-91,-84,-94,-86,25,-33,45,13,41,-96,162,-130,72,-26,64,-61,47,46,111,96,-11,78,22,221,148,34,68,-235,213,26,154,-28,102,-96,-29,-65,17,-221,-129,-38,3,-41,49,1,181,77,180,-137,27,-43,81,-126,-91,-45,-81,-83,-76,7,-223,-37,-100,-98,-94,-103,-28,1,-119,55,-194,-29,-177,-108,-89,-72,-110,-96,-49,-105,-195,-52,9,-74,-132,-253,59,-286,155,-315,31,-39,48,-69,19,-174,26,-98,-14,89,-84,10,-278,0,-1,3,-92,-30,-42,3,-66,-115,-77,68,-180,-32,-106,-36,-15,-106,-36,-85,74,-81,30,-120,20,-61,-31,-48,35,-63,-8,-34,172,-153,212,-17,66,-120,28,-31,-20,-10,-84,-59,-110,10,-140,-150,47,-236,33,-133,-5,-100,-86,-1,-66,-181,-136,-67,-85,-214,44,-98,50,-81,-29,-267,11,-142,107,-170,55,-558,30,44,93,-21,7,-189,-6,-316,58,-109,-69,-140,-262,-100,-101,24,-52,-40,-50,0,-100,-37,-33]],[[743385,165645,503,-120,14,67,0,137,83,95,226,34,114,136,353,61,-130,265,-8,68,46,100,175,-29,150,-162,532,44,1,-385,157,-24,54,-113,-102,-98,0,-88,50,3,81,-92,54,-6,13,56,123,-29,13,80,237,40,71,143,118,-45,16,239,88,91,175,-93,186,47,54,146,-321,139,153,304,196,89,-3330,1807,-145,-2907]]]
1269317	r	69.5699,21.698,70.663,22.962	[[[695700,221849,2874,-1383,-1,-25,55,-9,6,6,52,-26,19,-31,-34,-12,1,-63,-35,-55,-82,-24,-20,-29,13,-41,14,18,96,2,47,-64,64,-7,-14,-100,114,-59,36,-55,7,-93,45,-33,36,-27,36,-86,129,-8,73,21,105,-57,-42,-53,12,-21,-39,-11,35,-54,-44,-24,23,-52,-36,-20,-29,45,-43,-18,19,-61,-36,-18,-4,-44,48,-9,-18,-55,36,-77,-27,-138,54,-7,14,-41,101,-18,-200,-102,-9,-52,-34,-3,30,-72,-28,-14,-6,-55,39,-124,-42,-29,-13,-72,-133,-1,5,-57,-96,-43,-23,44,-32,-25,-75,5,-2,-32,-47,-19,3,-18,-28,14,-48,-51,-63,-4,-3,-20,-25,16,-106,-18,-35,-16,2,-35,-40,-4,-14,36,-187,61,12,-306,-76,-319,99,-201,105,28,50,-10,56,-101,92,-17,152,75,33,-14,4,221,-47,101,10,111,3,2,0,2,6,1,15,8,57,-4,-3,-37,99,-105,16,43,105,23,94,62,129,12,33,-5,10,-36,91,12,142,140,73,-39,160,107,68,-21,183,98,68,-35,122,5,10,-137,-34,-88,-9,-279,120,-80,-1,-320,48,-100,145,-60,146,41,52,26,42,79,20,57,35,47,7,13,3,1,5,5,64,-5,20,85,-78,61,-79,181,-80,20,-37,156,-90,40,-9,4,-114,141,12,12,38,-25,112,34,57,17,86,54,319,-19,18,23,-130,165,56,21,39,-27,67,41,43,-58,50,67,30,3,-16,41,-52,31,-109,3,-12,33,53,145,104,11,98,88,7,32,116,27,-65,95,19,41,133,39,39,78,-13,159,41,26,-35,54,19,112,27,155,30,-25,171,0,64,-73,47,-189,-15,-48,29,-82,-10,-43,105,0,39,-35,54,14,212,134,8,286,-75,183,-34,23,-28,20,-14,56,133,42,64,-29,83,22,66,-45,98,8,47,43,50,276,83,66,129,-31,106,71,109,-116,5,82,-62,108,322,21,27,141,-34,15,16,126,-20,35,55,44,186,13,122,-82,112,26,86,-56,111,-36,58,10,42,-71,119,40,-17,-100,95,61,112,-22,193,61,56,59,-32,95,63,32,297,14,89,-57,171,-3,134,-55,7,-47,-54,-17,-26,-42,-26,-146,-42,-10,-62,31,-95,6,4,-246,85,52,19,-27,103,40,45,-19,271,124,48,67,114,65,16,96,-85,26,-62,65,-67,0,-30,148,152,123,-54,98,-52,-20,27,101,83,79,187,19,13,-15,58,65,8,124,-108,-7,-84,56,-50,55,36,33,-57,135,40,60,17,90,192,70,-31,76,-35,5,-10,94,99,42,12,-17,78,62,160,-35,-54,75,-61,17,-6,24,-50,-5,-15,67,-87,3,-70,149,-20,172,-40,-2,-32,-57,-224,-46,-104,131,-22,69,-170,-44,-142,386,-78,24,-35,95,-19,8,-104,49,-33,30,-4,4,-26,24,-62,177,193,26,65,-9,51,-43,151,63,57,87,98,26,-7,38,-48,31,-74,142,-22,-24,-62,59,-35,-18,-14,34,-35,8,-20,-45,-117,-3,-5,51,-24,-2,-107,117,18,36,87,30,77,132,18,134,57,9,21,-19,64,21,-12,156,-209,-6,-100,-48,-36,34,-73,-18,-13,-35,-51,-18,-108,80,-23,65,117,19,1,30,49,2,-16,61,-43,38,60,10,37,193,51,10,91,-158,72,-13,6,-31,111,15,22,26,-25,126,51,2,-6,43,-39,-18,-48,75,52,126,50,11,72,-214,22,5,25,-47,32,14,-2,-37,26,11,-2,29,38,5,81,-91,188,44,-42,121,-82,48,126,49,341,62,-122,226,-211,-119,-111,10,-71,-72,-69,205,75,32,36,124,33,22,230,0,54,-130,219,98,85,11,-13,33,-70,11,-36,87,-58,19,-37,63,-81,-13,-4,7,-4,9,-32,-12,9,-41,-30,-19,-53,-19,-27,13,-53,60,-5,6,-1,2,-2,6,-17,55,-9,31,40,156,196,445,18,128,335,65,77,103,-19,78,18,20,-2,124,-56,168,25,50,187,40,22,66,114,-25,11,32,-76,132,-3,76,-55,-27,-121,92,-63,301,22,69,75,87,128,-6,28,58,71,5,10,67,33,6,2,101,-36,176,-56,32,211,88,-71,142,-44,-22,-24,92,-34,21,18,23,-19,62,-38,-5,-4,43,-72,-5,-71,102,-37,2,-3,43,-179,-10,-26,55,12,59,-26,14,-29,-24,-53,52,5,78,-99,26,-13,84,-59,31,-37,-35,-57,20,-166,141,-45,-73,-53,45,-28,-23,-139,68,-43,-9,-69,54,-270,-20,-488,272,-20,-14,-36,-55,-9,-106,-58,-82,-2,-54,-37,-14,-78,-111,-206,-110,-74,18,-144,-234,-142,-156,-86,-191,-95,-58,-17,-42,46,-10,-10,-84,25,-56,-44,14,-54,69,-38,-18,-38,-79,49,-61,62,18,10,-17,-66,-49,-21,-51,-37,-12,25,49,-27,67,-23,14,-36,-16,-32,-42,39,-115,-25,-23,-32,135,-158,-121,-47,-87,8,-43,34,-15,-57,-24,-21,-104,-78,-139,-127,-138,-178,-126,-167,-201,-73,-167,90,9,84,-38,105,4,-63,-32,-83,24,-100,-15,-136,-68,12,-58,104,-30,111,-87,-101,6,63,-88,-1,-35,-124,43,-156,-254,-110,-81,-2,-100,-39,-37,44,-5,-15,-21,20,-29,-85,-72,-32,-129,-46,2,-74,-181,-93,-99,-64,-28,-131,1,-32,-41,-188,-31,-1,-4,-640,79,-97,-8,-83,26,-10,44,51,65,-62,-50,18,-61,-66,-37,-134,-12,-181,-119,-64,-18,-224,-14,-9,14,-109,-61,-568,-489,-205,-128,-210,-78,-127,-6,-93,12,-62,-19,6,100,-18,7,-8,-113,-3,-1,-110,-117,-54,-111,-39,-115,-36,-50,-60,3,-4,-46,-81,-16,-62,46,-465,498,-88,70,-80,-155,-164,-456,-96,-146,-49,-3,-137,56,-61,15,-53,-19,-42,-42,-39,-48,-36,-33,-53,-70,-52,-95,-68,-44,-107,78,-98,-128,-25,-59,-13,-92,-150,79,-311,65,0,-1854],[704046,224041,30,55,282,68,163,-200,-65,-64,-136,-55,-102,-95,72,-75,304,-140,39,-48,34,-169,-123,-17,-57,19,-53,83,-41,171,-287,37,-25,173,-35,257]],[[698602,225280,139,-82,105,-4,147,-62,136,-12,190,65,98,3,23,50,-95,106,-26,97,-139,51,-161,-40,13,-59,-33,-116,-34,-27,-82,-17,-233,85,-48,-38]],[[699042,225038,28,1,101,45,-86,7,-43,-53]],[[699381,225397,56,-26,58,-15,43,23,38,71,-58,59,-80,-5,-43,-39,-14,-68]],[[699488,226006,35,-39,47,-8,64,37,-64,45,-59,4,-23,-39]],[[699576,225507,61,-48,136,22,75,-13,211,70,150,97,51,70,-15,159,-197,65,-90,-48,-25,-53,-278,-59,-71,-125,-8,-137]]]
1269321	r	74.3065,32.4183,75.2038,33.2052	[[[743065,328099,98,-188,130,-147,169,-95,215,-34,187,43,326,168,197,14,166,-74,292,-251,164,-75,201,-7,528,73,196,53,207,125,79,150,43,173,96,194,177,153,182,32,135,-94,38,-224,-68,-215,-253,-420,-73,-222,5,-219,71,-406,-13,-199,-80,-171,-111,-173,-73,-182,30,-199,300,-698,267,-270,357,-106,385,19,359,100,388,22,688,-297,414,36,423,146,330,29,312,-108,373,-262,213,-110,903,1460,-1306,1670,47,-21,45,23,37,-39,-12,-26,64,-56,52,96,129,98,108,35,83,-48,3,42,36,21,-23,49,65,0,21,57,236,73,26,34,-9,57,-58,53,-26,106,-26,-7,-11,0,-12,-2,-11,3,-7,0,-9,4,-134,35,-34,17,-44,41,-5,16,14,28,23,101,-48,22,-16,17,-17,10,-13,4,-30,22,-41,35,-15,32,-29,35,-89,30,-46,31,-26,35,-93,30,-48,42,-57,-3,1,41,-64,30,-115,96,-17,27,-74,14,-29,38,-83,10,-100,118,-105,56,-27,25,-42,53,-40,33,-36,41,-28,55,-44,22,-40,43,-59,46,-23,30,-12,33,-12,10,-9,34,-25,51,-118,-62,0,-102,-35,-29,36,-162,-25,-52,-113,51,17,-70,-31,-10,-2452,3137,-302,-77,-357,-114,-347,-133,-336,-153,-324,-170,-310,-188,-295,-205,-279,-221,-260,-236,-242,-250,-223,-262,-201,-275,-180,-285,-129,-240,2,-29,122,-513,-29,-208,-109,-188,-59,-74,-11,-13,-94,-119]]]
1275362	r	85.5824,23.289,86.4812,23.9866	[[[855824,238536,46,-41,45,-1,-9,-50,72,-112,-21,-164,31,-56,128,-88,2,-39,108,-24,58,56,45,6,79,200,84,8,48,-74,1,-38,-50,-23,14,-115,-24,-30,29,-25,-51,-27,-14,-38,-59,-4,-112,-190,-120,14,-7,-40,5,-223,54,-1,9,-179,-56,-136,-69,-25,0,-75,72,-58,-17,-516,12,-98,5,-2,34,-4,56,-38,32,-35,10,-31,16,-27,59,-34,0,-1,132,-70,39,14,103,145,-25,41,65,23,14,65,80,-11,-13,100,28,14,26,4,84,-64,95,51,26,-74,94,-60,96,85,52,131,26,13,95,-27,73,61,86,25,32,215,28,26,30,-27,40,-37,13,-131,0,-2,15,-161,35,-25,82,0,25,-84,93,-34,-55,-64,15,-24,28,5,-2,-82,51,18,19,-69,49,-15,-8,-59,87,-310,75,6,42,-35,91,-2,59,-74,-31,-82,-154,-67,57,-100,143,-50,-50,-167,51,-56,46,-5,67,5,60,42,86,-66,10,-48,45,-6,29,-55,89,-72,-14,-24,42,-40,-2,-47,223,15,50,-22,-349,-503,27,-1,51,-40,0,-22,-62,-24,107,-108,-43,-70,120,4,41,-67,-43,-47,-102,31,-177,-85,78,-65,-36,-49,4,-170,79,-90,-105,-84,-63,-9,19,-117,-93,-70,25,-338,3204,1717,-1,-6,54,-20,43,21,45,-58,98,-7,11,-37,216,-71,26,31,16,162,139,-33,9,-27,-52,-51,2,-46,-58,-16,-67,-140,44,-100,97,28,49,-12,-33,-86,21,-29,114,23,12,45,-81,90,44,33,75,7,77,-31,39,27,138,-13,14,-115,92,-48,105,-14,13,30,59,20,-21,71,19,30,-58,-20,-57,51,-3,52,121,50,27,35,142,33,20,-64,147,19,-18,94,62,-11,38,18,-23,85,57,42,10,68,154,19,-22,70,15,42,-55,-18,-27,15,-52,-42,-30,39,40,121,-28,53,51,9,65,78,-39,72,-67,42,37,64,-32,46,34,25,-12,50,43,4,-6,20,76,62,54,104,54,20,11,44,3,11,-26,72,113,47,30,-15,52,17,59,-31,76,144,117,44,33,45,109,-9,17,36,-24,170,34,20,44,-12,76,108,86,2,108,54,-163,50,-69,59,-337,91,-180,148,-181,-13,-49,69,7,117,-126,100,29,92,-22,45,-254,29,-36,-47,-9,-36,-23,-7,-7,-8,-15,2,-14,-3,-47,15,-21,4,-6,4,-8,3,-190,130,-99,-17,-111,15,-225,-99,-228,17,-175,-15,-204,57,-252,108,73,79,-15,96,35,61,-75,121,21,56,-114,87,20,69,-91,42,-33,47,-18,110,35,112,-11,120,-11,19,-66,1,-5,7,-18,27,-85,-29,-13,66,-76,76,70,30,-49,71,20,67,-118,24,-31,65,-68,-6,1,10,-7,0,17,76,-31,56,41,56,-68,-21,-89,13,-47,-35,-57,18,-224,362,-97,-46,-689,-73,-220,-155,-35,11,-15,69,-43,-34,19,136,-194,151,15,73,-140,-96,-41,198,-49,27,-46,-33,-125,10,-32,73,-74,-13,-24,44,-45,10,-11,-82,-43,-3,-6,-62,45,-73,-47,-92,3,-52,56,-43,-26,-97,-73,-55,-160,-238,-4,-149,-74,-70,-147,-71,-39,-82,-34,1,-204,44,18,73,-107,66,-6,222,-42,7,-9,45,-11,51,40,39,-158,45,-4,180,-92,-1,-127,75,27,174,-45,36,-68,-1,-13,-39,-31,5,-105,78,-24,-14,33,-75,-136,-29,-70,-140,-37,-23,-36,18,7,109,-66,-1,-9,0,-52,48,-21,58,-64,52,-2,75,-65,52,-8,64,36,48,101,13,2,38,-121,68,-41,-31,-62,27,-12,-103,-72,-5,50,-65,-48,-114,-43,-5,-26,-33,-138,23,11,-92,45,-12,17,-59,46,-10,17,-36,-133,-50,-4,-35,-97,-31,-50,-47,-46,-4,-1,-27,-108,-74,-38,-66,-5,-144,59,-11,23,-65,-46,-95,-210,-39,-110,-127]]]
1261977	r	76.9432,18.7865,77.7053,19.5258	[[[769433,194228,440,-2479,44,-48,173,-149,188,-132,200,-114,211,-95,30,-10,-660,-506,-270,-1147,24,-37,151,-200,164,-190,177,-179,189,-168,200,-156,210,-144,220,-130,228,-116,235,-101,242,-87,248,-71,252,-56,255,-40,83,-8,3406,1309,245,246,69,91,136,209,122,217,107,224,91,231,75,235,59,240,42,242,25,245,9,246,-9,246,-25,245,-42,242,-59,240,-75,235,-91,231,-107,224,-122,217,-136,209,-151,200,-164,190,-177,179,-189,168,-200,156,-196,135,-1365,-1045,-11,69,-57,215,-78,209,-100,201,-120,190,-139,178,-157,165,-173,149,-188,132,-137,78,-2563,-117,-132,-93,-173,-149,-157,-165,-139,-178,-120,-190,-68,-138]]]
1265873	r	75.6066,10.9703,76.1994,11.6284	[[[756066,115030,23,-181,77,-113,135,-49,201,-9,146,-52,123,-125,181,-301,160,-382,110,-143,133,40,69,-128,-11,-32,1,0,-61,15,-11,-11,0,-32,-5,-7,13,-14,2,-28,-59,-41,1,-10,14,-110,29,-65,41,-57,51,-94,188,-444,12,-28,-6,4,-7,11,-32,15,46,-34,1,0,149,-352,0,-1,6,-12,-1,-1,2,-3,76,-178,3,-9,148,-399,5,-45,-58,-37,63,38,12,-20,-74,-46,41,21,27,-25,4,-12,3,11,12,0,52,-46,3,-1,97,-231,127,-299,330,-1152,-17,93,-82,288,50,-15,15,12,21,-27,10,7,116,4,115,35,11,-57,-11,-13,-2,-23,33,-46,-7,-31,12,-9,9,-20,36,-28,2,-25,12,-20,19,-10,7,-43,-5,-19,8,-24,74,-22,17,11,36,53,31,9,-2,23,14,13,8,19,11,7,39,2,9,4,5,18,11,2,93,-83,21,-11,52,-9,8,14,28,13,-2,17,-17,23,4,51,7,6,30,-5,65,6,13,-5,8,-24,15,-9,30,0,52,13,50,39,5,-3,2,-26,17,-13,6,-16,-2,-76,46,-90,14,-8,-9,-34,6,-11,2,-42,10,-8,25,11,33,-10,27,15,15,-3,31,7,19,-18,24,13,93,-11,-8,39,-57,42,-12,14,-7,25,-28,15,-27,38,-26,110,-24,1,-14,20,-5,26,44,6,41,-3,13,5,21,23,13,4,22,-1,15,-16,39,9,-2,-27,8,-14,21,5,12,-21,30,-8,30,-32,32,-18,19,8,9,43,62,73,13,1,18,-13,49,-15,3,36,-8,18,-34,-3,-11,9,1,10,15,16,-3,11,-16,6,7,8,24,8,2,24,-6,15,-15,3,-25,49,6,15,32,29,0,45,28,62,69,38,-5,10,-19,8,-25,-1,-33,-14,-32,46,9,14,43,26,15,17,-15,19,-42,22,-2,66,11,9,1,25,10,31,46,56,0,29,9,38,-66,14,-22,-8,-21,2,-22,11,-52,62,-99,97,-11,-3,-26,-29,-38,11,-29,18,-15,29,-51,42,-18,6,-28,22,-32,-7,-29,24,-48,2,-38,13,-8,-1,-1,-15,-8,-4,-33,12,-50,39,-33,5,-17,-12,6,-16,-24,-18,-8,25,-96,4,-46,20,-10,2,-10,-17,-24,-6,-9,12,-27,-1,-45,15,-17,-8,-2,13,27,38,-1,64,-15,16,-9,-15,-36,-31,-23,5,-6,-4,-12,-33,-60,-89,-15,11,-20,45,-12,8,-26,1,-59,60,-16,10,-36,1,-1,28,-21,19,-45,9,-33,26,2,54,-16,9,-7,2,-12,-8,-30,9,-23,-29,-42,2,-1,-8,9,-2,5,-12,-32,-32,-8,-28,-31,-28,-40,3,-8,11,-9,50,-22,-6,-13,42,-27,18,-2,-7,-3,32,-12,1,-5,28,-23,8,-4,7,4,19,-15,19,-18,7,71,50,18,29,-7,18,2,10,11,21,-2,24,25,-1,13,19,15,11,4,17,42,6,-8,-30,26,-11,4,-3,3,1,13,-6,4,-8,16,0,45,21,4,34,50,-10,15,3,0,7,3,0,-12,42,5,34,-16,4,-8,28,-27,7,-23,-12,-29,-2,-9,7,-5,23,-51,22,-50,8,-4,1,-33,5,-19,27,-1,17,-14,5,5,12,17,3,-3,31,-11,9,-8,2,-19,12,7,29,-1,5,4,25,17,-24,11,-5,70,13,21,11,68,115,8,39,103,61,96,16,21,31,3,18,-4,20,16,51,1,0,79,-28,53,-30,30,0,25,17,20,32,39,44,185,38,73,8,66,20,25,20,26,39,71,81,49,24,36,-19,15,-13,74,-33,95,-96,22,29,4,29,62,5,31,9,15,13,12,25,27,40,79,18,71,-13,3,3,34,-10,56,4,62,-4,50,13,6,19,44,46,38,18,1,19,42,54,98,32,3,36,-26,8,-7,22,5,10,-23,13,-60,4,-30,21,-47,0,404,501,-25,36,24,8,0,50,68,104,-30,141,21,123,58,70,-1,72,113,-12,139,190,66,-77,62,29,23,78,-76,95,45,116,76,9,80,47,24,-10,78,102,171,94,-42,81,32,10,-2,37,50,48,-13,14,107,111,-56,279,-3424,-1407,668,274,9,197,-11,222,-33,219,-54,215,-76,209,-96,201,-116,190,-134,178,-151,165,-166,149,-181,132,-7,4,-2100,-1254],[758592,111410,-31,-13,-6,-3,37,16],[757504,113702,21,-1,25,-15,-26,15,-20,1],[757836,114117,1,0,15,11,-16,-11],[757985,114200,0,1,25,2,-25,-3],[758254,114400,1,1,61,6,-62,-7],[758256,111234,43,-73,15,-46,-58,119],[758340,114462,21,-10,1,-39,-1,38,-21,11],[758361,110968,53,-165,22,-77,-75,242],[758362,114299,47,-12,3,-5,-3,4,-47,13],[758551,114079,1,-25,-1,24,-13,16,13,-15]]]
1266285	r	73.6085,15.7435,74.7,16.9183	[[[736085,162477,2294,996,0,-4,-61,-24,52,-15,113,-192,-95,-73,87,-36,-11,-127,82,153,79,-70,52,62,111,57,63,80,19,-4,4,-52,98,70,71,-27,-32,-208,-123,-68,-5,-100,-87,-102,146,-168,-27,-63,164,-15,-14,-37,101,-58,-176,-77,-95,-75,69,31,111,9,41,-5,20,-35,41,37,62,9,21,44,163,39,26,-33,-84,-69,-49,-87,-88,-43,52,-105,-57,-73,129,31,24,33,38,-33,132,26,19,-61,-158,-100,12,-28,-40,-17,73,-56,-12,-66,-81,-3,-46,-37,-96,34,-46,-14,-17,-60,-67,-79,78,-55,-43,-41,20,-62,-93,-77,-173,38,-45,44,-112,-5,-46,36,-20,-3,-1,-62,-18,-6,-184,127,76,-146,-53,-61,14,-29,-27,-40,30,-65,-44,-102,-91,-86,-18,-50,98,-95,-13,-61,131,-40,41,-50,-44,118,-63,6,-60,56,10,60,93,38,-2,45,88,41,102,-3,-70,-103,44,-14,59,29,26,-25,207,-57,29,96,45,23,278,-54,202,39,97,-55,37,14,75,-25,216,-5,12,-28,-69,-94,148,-9,20,-69,-23,-31,22,-7,-11,-44,-109,-39,52,-67,-13,-145,80,-30,107,25,57,-62,114,-3,35,22,53,-31,71,9,7,105,79,83,140,-269,167,-81,7,-52,42,-34,-139,-58,-153,-147,-97,-124,12,-39,-35,-68,-77,-60,35,-77,76,-23,58,-61,106,70,78,-148,29,-141,101,-212,-22,-24,10,-66,-49,-152,60,-17,-272,-142,-83,-68,-163,-134,-94,-21,-17,-173,40,-160,84,6,20,28,222,79,-11,126,57,65,153,55,160,23,7,-94,44,-90,168,27,190,69,-36,-84,14,-18,164,7,-60,-279,12,-72,29,-30,179,-109,88,16,157,100,91,-49,159,53,116,-9,-41,-308,90,-94,151,-9,147,94,504,36,29,153,167,-80,79,28,201,199,31,152,-16,76,-45,53,-3,84,13,35,175,118,-16,96,-370,17,-65,42,231,194,34,196,126,-132,59,-198,58,-59,89,-32,80,35,-3,80,-130,141,32,21,-10,192,-87,49,448,509,119,426,209,461,-24,56,-71,5,-48,52,-70,-18,-131,74,-251,-85,-38,-63,-196,-97,-112,31,76,127,-28,42,-112,-20,-27,15,111,125,-4,104,188,25,0,85,178,49,31,89,161,99,304,-95,156,-119,88,-18,35,113,47,31,-1,105,-105,320,78,109,31,263,152,67,4,129,-52,34,-57,96,90,76,-275,249,-76,-80,-127,38,-25,60,-159,14,-27,54,-202,21,5,215,-48,23,-251,-63,-6,139,-123,47,-120,-44,-148,26,82,-111,-190,-135,-88,10,-18,183,182,42,-93,212,-85,-9,-8,54,84,9,-36,46,-80,-9,-35,41,63,76,-58,71,111,4,-107,134,85,31,-67,223,71,-35,23,134,80,17,89,-245,98,-13,-22,138,71,125,31,113,-271,-19,-90,182,71,97,-38,68,33,95,-14,78,-46,14,-122,-39,-174,107,-84,-18,-13,184,21,253,-113,-12,-55,-190,-112,-66,-156,192,295,69,-15,153,-51,16,-52,137,-23,61,92,75,92,-65,14,-10,9,-159,49,28,0,61,125,-27,57,-283,82,-1,7,529,64,24,111,-80,54,-4,175,102,36,-41,-29,-148,251,-125,56,255,-503,120,145,2907,3330,-1807,49,22,-89,41,85,71,8,293,87,132,-4,28,-104,65,-217,79,-230,55,-20,191,-135,153,-280,130,-270,19,-143,43,-37,166,-209,221,-81,8,-85,65,-7,61,-30,-15,-18,-48,15,-115,-118,-66,-35,-46,-29,26,-24,101,19,148,-34,26,-53,-2,-46,58,-101,36,-40,-17,-21,-72,-80,-80,-209,-13,-144,-72,-127,19,-57,64,48,92,46,33,16,128,-39,19,-85,-27,-12,64,-67,-37,-80,-97,-80,-5,-169,-157,-74,83,-7,110,-69,4,-105,76,-86,-35,-149,145,-90,-10,-84,31,-63,75,-69,171,-255,-116,-67,-178,-127,-30,-59,47,-7,120,-70,105,-86,-29,-49,-166,-193,4,-164,85,-133,-52,-50,-74,-11,-7,-96,-59,-109,55,-110,140,-4,76,-23,24,-203,-28,-57,47,34,-40,29,-94,-7,-101,-106,-112,-1,-54,-97,-127,-62,-28,-3,-60,-164,-153,-54,-94,-36,-35,-107,-19,-148,19,-116,-55,-59,-118,-82,0,-81,-95,-28,-74,-84,-46,28,-137,-146,-97,-365,47,46,-142,-187,-45,-104,-56,-322,3,-35,52,-35,9,-357,-15,27,-67,50,-48,-87,-102,-38,-118,-82,3,-48,-62,56,-9,115,-112,135,-31,160,-130,-89,-70,134,-31,-94,-211,-63,-61,52,-179,64,-64,19,-59,-47,-107,-102,-61,-1,-40,-56,-47,47,-142,-90,-119,-36,-3,-35,-41,7,-76,-137,-6,-19,-48,103,-50,59,-58,136,-50,3,-67,-32,-38,-8,-5,-1,-5,-2323,-2689],[742657,158273,285,30,194,-309,8,-87,-105,-32,-81,75,-41,-88,-213,83,14,211,-61,117]],[[746778,166067,105,27,-23,107,-28,12,-54,-146]]]
1261529	r	79.5384,14.2147,80.197,14.685	[[[795384,144546,5374,-2177,114,134,107,40,303,22,89,134,223,549,156,198,37,448,-27,793,122,570,20,219,22,56,37,58,9,60,-68,62,-69,-1,-239,-54,-102,-7,-73,62,190,86,88,60,63,72,25,128,-49,107,-72,117,-66,345,-79,101,-185,122,-5252,0,-94,-148,-140,-254,-122,-263,-104,-269,-86,-276,-67,-281,-48,-284,-29,-287,-8,-242]],[[801003,142270,303,-123,50,145,-145,128,-145,-80,-63,-70]]]
1270752	r	76.0658,16.7112,77.6917,17.7705	[[[760658,173116,29,-45,250,-106,39,-30,16,-57,-13,-18,1,-19,-82,-93,-40,-110,41,-79,312,-62,468,-407,108,-173,111,-61,133,-22,138,35,36,-15,32,-106,124,-116,65,-124,114,-21,97,23,79,124,52,41,294,33,270,0,203,176,70,-17,32,-45,12,-17,7,-10,33,-128,-22,-108,-70,-106,3,-50,75,-26,182,90,9,-2,65,-15,9,-16,7,-12,2,-4,-37,-110,-238,-70,-51,-78,38,-87,180,-47,63,-55,-24,-245,102,-25,119,191,193,104,17,-459,-39,-4,41,-232,59,-34,-39,-14,74,-267,-40,-169,-79,-14,1,-17,-285,-15,28,-342,-41,-77,218,-77,68,0,65,158,134,-27,42,-128,67,1,64,-140,4,-112,-25,-21,-292,-30,-4,-158,34,-5,15,-133,204,-11,35,-176,52,4,35,-26,3,-83,-75,-3,-35,-55,-305,44,-4,134,-251,32,3,45,-156,-22,-144,25,-71,-98,-84,-64,-47,-118,-5,-32,-4,-79,605,-63,-35,-146,-94,23,-44,48,-50,-32,-140,-10,-2,-83,-45,-158,-18,-90,407,-4,-4,-34,71,-3,2,44,176,-44,53,-51,13,-18,-43,-43,20,-113,-115,-42,0,-43,-57,-39,-6,-128,191,-31,46,89,131,7,21,-121,4,0,0,2,77,2,111,5,222,109,4,182,131,99,308,-32,12,32,45,1,6,19,160,3,110,50,8,71,225,17,198,-17,-6,-230,125,33,-22,-228,251,-107,27,37,-63,217,-17,173,77,120,147,-18,39,195,182,18,19,41,26,-11,-1,35,74,-5,-2,-119,102,-27,53,68,117,-82,0,-30,-74,-12,-1,-184,59,-26,102,3,26,38,-29,605,34,44,65,1,41,154,47,47,-34,9,-1,27,290,-68,22,127,137,3,83,83,33,151,124,-7,22,-39,103,-27,82,101,51,23,22,124,134,14,3,33,226,-9,84,-24,0,-144,120,-28,22,-36,49,-18,-62,-93,-88,-21,-39,-39,20,-243,70,-138,88,13,30,86,42,40,177,6,364,-213,98,24,45,251,-119,26,-48,147,15,68,271,-35,127,95,217,26,14,107,-89,31,-1,95,-58,3,-104,50,19,288,40,-26,176,-18,56,94,102,70,15,72,45,-12,28,39,-18,47,87,-13,-12,-130,44,30,81,-65,22,6,18,-147,52,-155,78,-14,122,17,125,110,127,-30,219,7,8,127,41,104,186,37,124,-156,33,70,54,42,37,-4,29,73,151,-35,51,14,11,-37,92,40,29,-27,14,-75,88,-6,80,-41,261,53,4,37,55,-48,164,-50,73,90,173,-65,36,7,21,36,67,-222,32,-40,142,-34,56,-69,53,2,-2,-33,56,12,19,-17,7,44,44,-21,3,-52,63,121,62,-2,7,-33,39,21,-47,-52,-4,-135,19,9,78,-94,139,104,309,2,28,97,-25,58,14,87,-37,16,-9,35,64,33,72,-45,20,102,9,45,-40,16,29,103,-27,42,-6,128,7,23,67,-14,97,153,10,132,-37,93,75,75,58,10,53,54,43,-1,8,42,-76,152,11,99,5,39,-85,43,6,49,-57,71,-33,100,-3,92,-28,5,-95,121,-36,10,24,137,-39,10,-6,39,-69,53,-125,44,-119,-39,-116,37,-97,49,-43,101,-100,3,-169,49,16,120,-127,25,-10,2,3,12,10,31,-30,-4,-26,57,52,45,-15,27,44,50,16,62,-19,46,44,36,3,32,-27,24,47,16,176,-44,36,160,44,7,0,35,-131,12,-100,69,270,153,22,39,44,-41,73,3,64,189,111,54,48,80,75,17,85,85,-30,70,-189,49,35,85,32,0,27,66,23,-3,44,108,5,101,31,35,11,179,-53,39,13,210,259,-42,-33,-16,-10,-53,89,-78,57,39,144,-27,72,47,131,39,90,128,-71,54,-14,56,132,187,-237,46,-5,176,243,133,149,-54,58,21,178,-90,5,264,76,-13,199,-107,98,18,-25,204,17,49,42,22,212,-9,55,43,48,183,2,3,1,3,15,18,51,67,16,5,-2,-24,-34,-200,50,4,0,-28,183,-23,86,-33,10,39,15,151,36,27,-18,126,-28,22,-29,-65,-31,-8,-136,95,-55,91,-225,12,-35,92,-167,-42,-64,55,9,51,89,84,-36,15,-81,-90,-52,20,-46,-13,-6,65,-49,-19,8,44,-5,18,14,8,-33,113,1,0,0,3,-21,6,-34,-2,-4,-49,-147,-21,-56,22,-26,-21,-33,24,24,-54,-24,-34,-81,17,-49,-25,-13,107,-61,102,-40,29,-67,-6,-30,-8,-47,-96,-34,-17,-84,-179,-51,-27,-59,14,3,96,-57,99,21,57,-173,7,-64,75,-25,102,-69,-10,-47,-57,-311,77,-200,-43,-297,5,-15,108,-194,67,-80,-18,-65,-112,-300,62,-32,15,-97,23,-27,52,13,32,-45,21,16,56,-48,-31,-61,39,17,21,-28,20,-45,-13,-46,95,-165,-41,-141,65,-110,4,-23,20,-28,-21,-65,16,-17,-26,-99,2,-37,-27,-75,52,-5,0,-23,-24,-20,-139,-48,3,-21,29,-47,-2,-95,59,-28,-24,11,53,-183,23,-18,31,34,23,-27,53,23,18,-33,-18,-75,67,15,88,-130,55,8,211,-45,-4,-13,45,-92,-3,-31,-81,-83,-46,-20,-47,-149,1,-42,-98,-44,33,-74,-4,-154,116,-170,-58,-17,41,-44,1,-16,105,-152,-29,-43,56,-72,27,-60,78,-198,26,17,-20,-23,-87,-40,-68,13,-150,56,-27,6,-99,-231,-144,-34,-42,1,-138,-53,36,-7,-37,-100,-107,0,-31,-119,-7,-75,39,3,82,-27,25,52,41,46,125,-151,18,-66,-41,-93,100,-152,-21,-161,43,-116,-35,-136,102,-65,-44,-130,21,-154,-30,3,18,-152,25,-45,-53,15,-47,-46,-35,8,-24,-83,-6,-34,25,-21,73,6,199,-392,-4,-6,-67,-115,-49,-59,-149,-159,29,-2,42,11,7,2,7,103,72,13,21,-3,21,-17,25,-19,10,-51,1,-73,-2,0,4,-4,1,3,141,-37,46,-31,-18,-46,60,-121,53,-70,-37,-58,234,-62,117,-187,59,-44,172,18,89,-69,49,-65,94,-62,17,-60,-125,-63,-271,10,-45,-69,-52,-65,-137,-68,-19,-97,5,-29,370,-31,77,76,80,-4,25,-120,35,-294,-67,-60,18,35,-209,-40,-230,-225,22,-143,-47,-30,-297,11,-50,-365,66,-164,-401,-46,-12,-5,-114,-115,-283,-344,-13,-62,-40,-121,-24,-324,14,12,-225,96,-317,214,-62,32,-130,-12,-82,-180,-25,-28,-29,7,-156,272,18,-54,-130,-117,-63,-240,-71,-5,-134,28,-39,9,-182,133,19,-420,-1027,-286,10,-51,256,-48,38,-80,-26,-91,11,-13,87,-39,16,-2,67,-156,-39,-5,-106,-353,-20,-206,-89,-16,-19,23,-166,53,-160,44,-34,-74,-145,-109,24,-19,400,-253,116,-206,151,-195,-81,-73,-87,22,-49,-46,-122,-86,-47,-64,17,-1,-21,6,-13,-7,-20,0,-18,-16,-29,-48,-132]]]
1279159	r	74.2522,25.6857,75.3519,26.9782	[[[742522,262861,72,-88,60,-10,46,-107,38,-26,-6,-27,220,-85,156,1,329,244,107,120,73,29,258,-132,107,-102,2,-30,-161,-66,-72,-59,-66,-129,4,-108,61,-21,5,-157,-27,-74,22,-32,181,22,97,143,50,-10,202,79,3,87,53,140,148,-54,-4,-64,43,-20,14,-23,-24,-30,36,-17,79,-7,26,43,94,-17,1,-73,-44,-48,-64,22,-23,-52,-26,-74,27,-70,72,14,31,-25,47,10,64,-26,150,25,48,-39,12,-43,27,-38,15,1,198,84,29,12,272,195,99,132,219,103,114,-112,100,-37,79,-83,-33,-154,28,-35,123,-25,61,24,44,-37,89,6,-56,-223,82,-117,-109,-138,50,-129,29,-10,-65,-185,-38,-68,-112,-61,-188,84,-32,3,-53,-52,-54,-222,132,-27,6,-66,-25,1,-15,-54,9,-160,-29,-51,-26,-3,11,-42,-44,-59,-20,-134,280,-18,104,55,99,18,87,-85,39,-218,42,-65,134,-30,169,35,-3,-21,72,-39,61,-105,83,-66,-159,-330,-16,-87,86,-30,1,-29,149,-15,126,-70,73,0,181,-140,87,-17,55,-109,290,-119,199,-11,340,77,231,-56,92,4,36,-35,123,106,229,-38,107,-77,62,-79,411,10,-1,-66,42,-25,-5,-64,84,-49,225,162,84,-62,155,-62,-51,-102,10,-49,-73,-20,-27,-55,-178,-152,293,-233,273,-54,96,22,14,-101,-108,-146,56,-28,-68,-142,37,-53,197,-121,-51,-114,18,-78,161,-21,68,-46,78,102,223,-25,66,154,133,32,64,-21,112,-96,163,-38,59,-48,-5,-31,107,-72,240,-70,15,0,125,-3,56,-2,28,68,42,102,13,8,8,5,17,10,121,-44,-18,96,25,137,136,119,164,224,124,83,193,352,-13,187,63,77,79,32,-20,19,-155,11,-111,93,-65,118,-94,40,-82,-54,-162,67,-73,-16,-63,-50,-38,7,16,307,-100,40,-115,107,36,380,33,23,37,-11,113,90,46,-5,3,28,149,-41,19,25,127,-40,79,196,-54,68,-8,61,-36,6,57,101,125,89,78,8,55,49,163,-4,47,93,13,81,-62,37,-17,101,-31,21,20,14,-92,113,-49,23,-1,51,-114,14,-32,39,-83,18,-18,44,15,148,98,124,71,20,74,95,3,123,62,135,-24,-5,-50,69,-227,80,-73,11,-86,-22,-40,-52,-135,-54,-38,-209,-65,-75,-5,-68,-38,-20,-24,-80,-132,-98,11,47,-43,52,-72,16,-92,73,-59,94,-91,-7,-205,36,-57,63,54,428,-59,41,17,53,-112,25,-120,81,-20,39,32,39,-26,21,-53,317,-113,60,-16,177,-226,100,-8,162,-43,59,-4,109,166,69,62,217,-54,88,-43,293,89,98,73,8,17,73,-4,25,-77,27,-71,161,-1,81,32,68,35,18,319,53,16,28,-34,25,31,36,21,144,45,53,-54,183,-72,-4,0,115,-83,-49,-61,4,-32,37,61,205,2,95,-209,102,-61,70,-96,29,79,176,-30,114,-88,54,-113,18,-20,3,-141,-55,-79,-91,-130,101,26,207,51,100,99,33,22,190,-1,34,-133,15,-67,116,27,85,20,-4,25,127,-32,93,-209,35,-64,62,-81,-1,3,-17,-95,12,-76,199,-34,19,16,41,-129,3,-5,-32,-42,0,-18,-38,-72,-20,-71,-63,-85,42,-43,49,1,68,-33,58,14,102,54,48,-28,21,-10,73,-25,25,-193,5,18,97,329,19,230,-35,79,207,-110,5,-140,130,0,-33,-258,-51,-96,-82,-91,-8,-18,105,14,200,-56,23,-17,120,-59,-12,-2,131,-1,102,-107,198,1,21,395,111,22,23,-14,148,56,80,57,11,94,157,-38,77,88,315,6,137,-49,44,-66,4,-19,-27,-32,16,-45,136,-113,28,-315,7,-67,21,3,71,-68,35,-336,-26,-166,37,-17,-20,-120,-193,-76,-175,-5,-84,-46,-28,-30,-59,-10,-91,46,-89,-122,-197,30,-27,-59,-153,-121,-118,-315,-50,27,-103,-59,-112,87,-86,12,-137,2,-35,38,-38,-27,-67,-15,-18,-53,30,-114,-20,-77,-61,-12,-131,-62,-22,-29,-5,-13,29,-218,-11,-44,10,-5,39,-89,-23,-92,-24,10,-30,15,-44,-45,-7,-30,-76,-82,-76,-11,-75,28,-39,-205,-244,141,-15,109,-41,243,-9,5,-30,90,-26,-55,-123,10,-122,-27,-86,-120,-141,-84,-58,-79,-230,-72,-126,-32,-13,-1143,1487,-535,63,5,-36,28,2,67,-88,0,-128,63,-3,14,-35,-25,-417,80,-81,23,-136,-169,-53,28,-119,109,-51,33,-86,-242,-105,-8,-162,-82,-134,40,-79,-43,1,-30,-157,79,-159,157,35,68,-16,73,-67,-18,-23,-128,-105,-105,-176,-174,-142,-96,-147,-204,-114,-215,165,-84,-84,-11,-90,-270,31,-87,-49,-84,40,-172,-8,-5,-114,-159,-68,-40,-157,-68,-48,-6,-35,-129,-37,-50,19,-43,32,-50,86,-57,8,-64,-22,-37,-4,-18,-14,-43,-15,-13,-22,3,-4,-50,-144,0,-249,53,-89,15,-88,107,-93,-13,-206,33,-188,-24,-167,-191,-68,-149,-104,-139,-134,-41,-90]],[[744462,267725,9,-52,86,-45,-4,-57,75,-3,67,42,6,47,99,28,-338,40]],[[744759,267487,89,-27,141,161,59,35,-235,28,25,-109,-58,-32,-21,-56]]]
1273313	r	77.5711,30.1048,78.4682,30.763	[[[775711,305125,478,-1638,1755,-2090,700,-189,87,103,-49,-58,131,233,205,250,96,80,77,299,132,33,87,130,50,27,35,114,14,17,6,17,6,-2,2,2,3,0,8,-2,5,-5,10,1,63,-16,1,-3,-48,-106,-7,-5,0,-11,25,-24,5,0,38,-30,10,-15,14,-6,1,1,38,-30,44,4,5,-42,-2,-4,7,-28,38,-38,0,-1,1,0,55,-54,22,4,8,-46,25,-22,1,-12,7,-3,31,-62,69,-84,3,-5,2,0,41,-49,26,-49,1,-2,13,-25,25,-48,33,-157,4,-5,0,-2,48,-59,8,-3,29,-34,9,-22,24,-19,3,-9,2,-30,25,-77,19,-19,12,-3,-6,-12,7,-12,-8,-11,8,-15,3,-40,27,0,-6,-33,2,-3,12,-23,131,2,67,32,58,39,62,4,144,29,321,149,123,42,90,48,16,23,-30,82,-4,361,30,155,32,110,102,103,-5,48,-27,44,28,56,49,26,120,14,154,118,32,44,5,62,-12,59,-86,102,-21,74,9,35,55,43,2,32,-18,67,63,-36,38,10,29,-10,22,4,31,-28,25,-53,73,-10,17,4,31,60,21,102,40,-15,67,-15,21,-24,57,-15,1,-9,41,-24,-3,-18,2314,2487,-143,200,-194,236,-212,224,-228,211,-243,198,-258,184,-271,169,-284,153,-294,137,-304,119,-312,102,-319,85,-325,65,-329,48,-332,28,-333,10,-333,-10,-332,-28,-329,-48,-325,-65,-319,-85,-312,-102,-304,-119,-294,-137,-284,-153,-271,-169,-258,-184,-243,-198,-228,-211,-212,-224,-194,-236,-176,-246,-157,-256,-18,-34]]]
1272013	r	77.5207,11.051,78.1332,11.6531	[[[775208,112653,953,-1391,55,12,143,-22,102,-92,88,-4,30,-85,94,-48,349,-76,58,-32,41,-112,28,-18,149,-19,22,73,70,10,374,-274,48,-64,0,-1,957,766,534,209,923,1402,34,0,20,-6,-14,-49,15,-33,1,-26,20,-58,71,-4,15,-12,89,77,25,35,18,40,7,46,33,6,5,11,9,2,85,-2,6,-11,2,-36,8,-2,26,7,21,45,39,-1,11,12,11,-1,8,-7,-1,-10,-15,-12,2,-11,18,-17,38,-12,-1,-51,48,-3,7,-14,34,-29,23,-6,6,14,57,-6,136,-53,51,26,30,42,20,4,2,9,-18,9,4,23,39,2,23,21,6,22,14,-9,8,7,2,23,-25,36,33,32,-20,20,-1,10,3,44,7,10,3,40,-6,10,-70,10,-72,78,-56,17,-23,13,-30,1,12,39,-42,38,-63,4,-16,11,-37,8,-18,13,13,26,-1,67,36,32,22,49,19,15,4,24,-32,3,-19,23,1,26,12,12,23,7,6,40,-3,49,-44,5,0,-105,-13,-33,13,-29,2,-44,-3,-14,-51,-65,-8,-88,-61,20,-15,19,-43,18,-8,11,-4,37,15,39,-33,79,42,5,12,10,11,23,26,21,-3,47,12,4,27,-15,12,1,25,22,11,69,52,140,15,148,34,37,36,78,15,49,29,24,24,70,35,61,4,125,-5,20,-49,83,-6,37,-26,46,-70,1,-45,16,-16,-23,-7,-64,-29,-42,-26,-68,-15,-7,-38,1,-68,23,-63,9,-15,8,-14,42,-35,47,-17,11,4,38,-6,13,-33,9,-29,-1,-8,14,-3,20,11,68,-42,28,4,21,-8,59,-6,18,-17,17,1,14,25,40,11,55,39,-14,25,-17,23,-2,2,-23,75,2,16,12,46,-34,19,-27,32,24,4,48,12,29,-45,2,-12,57,-15,8,-38,4,11,36,3,56,51,14,10,15,-5,20,-30,-6,-33,8,14,48,-14,2,-9,-14,-5,-30,-12,-10,-52,-7,-29,-53,-12,-4,8,62,-35,0,-8,-68,-12,-14,-14,0,-72,21,8,22,21,14,-85,13,-37,15,-13,64,-69,5,-33,-25,-74,31,-52,-35,-31,8,-6,-25,-15,-1,-37,23,-11,-12,-116,10,-82,29,-30,7,-14,-7,-8,-70,-31,-55,-6,-27,13,-15,-10,-28,2,-29,1,-1,-1454,-301,-2180,1758,-79,-37,-192,-113,-114,-2665,-506,-1063]]]
1272175	n	87.1251,23.2947,87.5508,23.7451	[[[871251,234217,1766,-1270,355,7,206,28,233,54,226,75,218,95,206,114,193,132,178,149,161,165,143,178,124,190,103,201,81,209,58,215,6,34,-890,2153,-897,438,-143,34,-238,32,-19,1,-2070,-3234]]]
1253894	n	73.1008,19.0859,73.2742,19.2976	[[[731008,191153,85,-70,36,6,38,-6,7,-28,21,-12,25,28,32,2,47,-18,24,1,2,-17,-17,-66,458,-114,370,801,-5,15,-36,33,5,5,-5,12,20,22,23,-11,3,6,-9,18,13,26,19,4,28,-7,3,7,-1,12,7,0,541,1174,-531,-346,-1013,-439,-9,-11,31,-160,-70,-43,0,-268,-142,-556]]]
1264773	p	1271308
1256525	n	88.0792,26.4685,88.6775,26.9298	[[[880792,265074,31,-125,-7,-35,179,-97,2085,-132,67,21,-8,109,54,134,131,198,147,460,57,180,75,144,122,185,128,119,91,-55,15,-184,-9,-212,29,-197,131,-136,355,-96,159,-67,130,-138,125,-92,71,-72,1008,1381,-17,4,-20,11,1,18,13,24,22,-3,11,-22,9,0,9,6,6,8,7,21,17,12,23,32,-3,6,-42,24,-7,19,14,10,28,-8,28,-16,11,5,85,116,-25,30,0,28,14,48,23,38,16,62,81,-56,513,703,-9,54,-60,215,-83,209,-106,201,-127,190,-147,178,-165,165,-183,149,-198,132,-212,114,-223,95,-232,75,-152,34,-1880,-816,-1506,187,22,-41,39,-172,37,-430,88,-397,13,-189,-16,-190,-41,-199,-168,-439,-449,-793,-146,-428,-73,-215,-6,-102]]]
1253914	r	75.4639,22.9477,76.0655,23.473	[[[754639,231681,2,-73,21,-190,33,-190,47,-186,60,-184,73,-179,86,-175,98,-169,109,-163,121,-156,131,-148,142,-140,151,-131,158,-120,2349,139,2435,2818,-1002,1740,-94,62,-176,101,-183,91,-189,79,-193,67,-199,56,-201,43,-205,32,-206,18,-207,7,-207,-7,-206,-18,-45,-7,-385,-430,-1607,-1794,-711,-793]]]
1275610	n	72.7225,20.1195,73.4969,21.0792	[[[727225,210392,147,-531,147,-382,186,-306,204,-152,363,-890,71,-70,68,-27,-6,-62,-28,-22,26,-105,-49,-6,22,-56,103,-109,28,-116,73,-22,52,-59,54,9,90,-40,-35,-84,-54,-50,-48,0,-75,59,-17,46,-18,-99,213,-767,77,-142,36,-9,26,-51,-20,-55,12,-44,-20,-58,9,-107,44,-214,8,-120,-8,-169,77,152,-128,-256,17,-109,-30,-85,1,-25,-40,-105,45,-10,5,-131,-55,-61,-75,-20,-67,-76,-78,-195,114,-26,6,1,83,-21,72,6,17,-3,10,-11,-10,-45,-1,-46,55,-48,-144,-66,-97,51,-74,-95,-17,-73,15,-27,107,-33,198,45,108,-95,-26,-112,-120,11,-51,-28,21,-133,52,-48,1462,951,861,-62,90,-180,-1412,-1103,8,-48,80,-6,27,-60,-36,-95,-293,-129,-60,-68,-66,36,-43,56,-17,2,-1699,-1328,-118,51,-100,70,-1,2,971,1686,122,79,-12,1,-52,36,-70,-28,-108,22,-20,-11,-61,-5,-16,-22,-62,-46,-68,7,-112,-144,-196,-20,-117,-141,-24,-47,-24,-275,50,-33,-58,12,-63,-34,-31,15,-63,-69,-44,-321,-116,-183,55,-228,5,-151,37,-33,-36,-16,-41,-185,-46,-472,248,-48,133,18,163,-85,6,77,-55,76,1,52,-26,13,38,39,70,0,28,23,19,-14,55,45,92,-99,92,-24,-18,124,-63,24,36,79,-2,74,-23,11,31,18,-43,90,72,44,138,0,-63,76,77,127,222,-15,-21,172,117,34,91,-11,102,-69,33,55,62,21,94,-42,127,-8,142,-68,132,2,138,-59,131,93,-58,147,-290,129,-169,214,9,103,214,147,285,-214,94,0,-37,71,5,102,198,29,50,-25,48,25,-24,203,88,-30,6,-160,104,-30,65,6,23,16,22,277,36,56,76,-11,172,43,101,-54,67,75,53,114,9,159,69,13,76,-91,77,-154,-35,-41,-79,-289,79,27,163,-1,41,135,185,-9,44,-8,75,-81,63,22,9,-217,-7,-52,-79,-35,-45,27,-28,72,-31,-8,-41,-60,-16,-96,-54,-21,-58,16,-40,-128,-125,-39,-166,-183,7,-63,-23,-41,-85,-18,-173,41,-65,-26,-150,-271,112,-78,28,-161,-21,-149,100,-66,31,8,49,168,85,-32,41,-96,79,-36,104,2,49,-33,1,79,48,72,86,45,70,-30,60,66,-12,53,-73,100,5,132,42,24,-3,-24,89,-32,65,17,55,-50,105,100,-2,-55,31,-36,51,-8,47,-45,115,35,123,-89,120,-23,8,-26,-79,-185,-40,-21,-169,9,-42,-148,16,-201,95,-24,80,-73,69,11,2,2,-1,1,61,74,10,82,74,36,-2,-166,42,-9,148,54,2,-2,10,-11,30,-33,9,-10,51,52,-4,102,102,18,155,105,34,479,3,0,57,3,69,90,2,1,13,17,31,4,13,1,18,2,99,-70,116,36,96,-54,94,-14,0,1,21,96,114,39,3,1,43,-66,-82,-59,85,-37,39,-17,0,4,4,79,86,7,33,66,43,7,34,-24,-5,-124,4,-4,0,-1,8,-12,1,-1,16,-23,6,5,59,48,110,-25,106,30,42,80,-7,52,-42,14,24,85,-48,35,-13,73,25,31,-37,23,67,42,-51,19,21,68,-38,23,44,52,-37,69,38,21,-30,26,19,45,85,2,43,58,-74,167,2,103,-49,100,7,74,-24,9,47,39,-11,52,-29,11,-11,100,-41,27,45,35,-3,45,-69,163,-1,1,0,1,-6,117,-7,0,-1,1,-33,2,-13,1,-125,-120,-43,-13,-32,55,-5,160,74,47,92,-17,22,85,33,8,39,-30,-11,70,77,9,16,53,53,-33,-6,56,44,37,-20,79,69,106,33,132,38,14,94,193,116,37,14,116,98,72,-5,124,28,108,199,137,10,2,5,3,6,10,16,11,-2,10,6,10,-9,2,-3,15,-173,33,40,171,-62,242,-236,94,-135,-9,-61,19,-9,24,28,25,-49,19,14,44,-1,1,0,1,-33,55,-12,21,10,47,1,4,-8,11,-45,61,-1,0,-9,13,-36,-9,-61,-15,-12,-3,27,51,-29,53,-9,6,-61,39,-60,8,-18,86,4,4,0,1,7,6,2,1,23,22,103,22,64,66,71,-8,110,37,40,59,-23,68,120,41,1,0,1,3,38,121,-77,63,43,100,44,70,112,1,61,49,14,54,-26,131,26,50,92,-4,67,38,70,83,-39,292,-43,102,108,101,31,103,-8,24,-46,-37,-82,-5,-120,38,-67,-30,-41,13,-70,-81,-112,-4,-211,100,-175,39,-75,49,-40,2,-41,-52,-64,14,-74,75,-71,13,14,59,-28,29,-154,72,-7,111,-76,30,-93,-29,0,73,-96,16,-43,92,-54,30,-14,8,-3,-3,-63,-60,-17,-113,0,-1,-20,-131,101,-28,10,-66,-19,-16,-46,16,-1,-29,-35,-16,26,-17,-59,-124,23,-49,-99,-24,-30,32,-82,18,-22,-39,-64,42,-186,-10,-3,36,-56,19,-36,72,35,159,-82,34,-39,-26,-85,69,-47,-9,-56,34,-18,-14,-26,42,-166,-17,-2,106,-61,-10,-42,196,-63,8,-74,99,-4,2,-55,27,-1,0,-10,6,-82,-21,-4,-1,-6,5,-92,43,-26,-2,-5,2,-11,-2,-17,-1,-3,-4,-20,-5,-29,-69,-92,-1,-1,251,-158,42,-27,28,-84,6,-64,66,-20,40,17,22,-26,24,28,86,-39,24,16,34,-22,17,6,56,-36,8,-18,-19,-23,29,10,36,-16,-21,-1,-1,-34,9,-18,40,-8,19,-4,-8,-13,-24,-40,21,-30,-14,-28,35,11,56,-66,12,-6,32,-72,46,-103,138,-45,-22,-35,32,-56,128,-101,-16,-66,35,-14,110,64,29,-8,117,58,18,0,82,-36,72,-75,17,-8,31,-67,-2,-56,95,-44,-43,58,-28,2,-7,0,-1,4,-16,16,-68,-9,-11,-7,-9,-10,-11,-30,19,-14,9,-76,-17,-15,31,-45,12,-128,-71,52,107,-77,53,5,-83,-103,37,-66,-103,-46,-1,-109,-77,-37,4,-5,-54,20,-23,3,-14,-127,-23,-11,-1,-64,14,-123,99,-37,106,-40,-143,-46,20,-22,54,-102,9,1,-70,-85,36,-59,-29,6,-70,35,-55,-80,1,-77,95,-59,-116,-34,-12,-29,28,13,130,-29,55,-47,38,-125,-36,-212,179,-95,-82,-83,-32,-251,15,-11,-65,-106,-64,-43,17,-45,84,-28,4,0,-4,-6,-66,-31,-39,-5,-112]],[[728616,207349,49,-35,51,43,-100,-8]],[[728616,207446,2,-20,37,-33,37,6,-10,37,-66,10]],[[729864,202211,36,-57,96,-12,121,25,11,161,-70,45,-178,-23,-16,-139]]]
1267696	p	1273294
1278314	n	86.6119,23.4217,87.3384,24.0714	[[[866119,236473,15,-38,102,-201,124,-190,144,-178,161,-165,179,-149,193,-132,207,-114,217,-95,227,-75,233,-54,239,-32,115,-5,-4,-11,167,-114,206,-114,218,-95,226,-75,234,-54,238,-32,89,-4,-50,-109,1652,-220,2133,3333,-182,217,-1537,2858,-79,17,-260,40,-263,24,-263,8,-263,-8,-263,-24,-169,-26,-224,-1557,-118,81,-207,114,-217,95,-227,75,-233,54,-239,32,-240,11,-240,-11,-239,-32,-233,-54,-227,-75,-217,-95,-207,-114,-121,-84,8,-7,228,-59,98,-113,58,-265,56,-49,54,-20,131,80,182,-54,78,-49,194,-223,2,-37,34,-3,62,-83,-67,-201,57,-33,102,-121,5,24,4,-44,57,-72,24,-137,-14,-129,-146,-53,-41,-224,-89,-187,9,-39,56,-39,-71,-71,-98,-10,-181,-64,-235,-26,-82,154,-221,49,-414,-120,-192,-28,-226,-91,-165,-4,-54,-275]]]
1263780	n	74.7629,12.6496,75.0884,13.1387	[[[747629,131204,1,-16,62,-192,2,-3,-49,215,-16,-4]],[[747703,130524,465,-1874,8,-32,330,-46,247,78,195,62,461,74,-80,-122,-27,-14,-127,-69,-164,-47,-113,-15,-87,-39,-141,-180,-79,-54,-77,9,-264,127,26,-135,74,-89,90,-78,83,-107,24,-103,-4,-217,14,-59,144,-165,95,-174,305,-759,1033,376,302,1778,448,828,-24,163,-55,215,-76,209,-97,201,-116,190,-135,178,-152,165,-167,149,-182,132,-194,114,-86,40,-2,-6,-57,4,-8,-22,-50,19,-64,82,-150,53,-94,23,-14,-22,-55,-36,-24,-90,50,-31,-6,-83,-35,-6,28,-38,-72,-11,-265,-117,-40,40,9,64,-49,123,-24,38,-43,6,-6,45,-132,-6,-34,32,-48,-22,-154,23,-34,-59,-81,-14,-50,-91,-30,27,-145,11,4,-61,27,-14,11,21,22,-41,-67,-110,-77,38,-16,36,-50,-12,33,-134,-6,-16,32,-30,-43,-106,5,-17,-14,-4,-79,-196]]]
1276533	r	73.95,15.3585,75.4579,16.9562	[[[739500,160322,1089,-1808,83,68,272,142,-60,17,49,152,-10,66,22,24,-101,212,-29,141,-78,148,-106,-70,-58,61,-76,23,-35,77,77,60,35,68,-12,39,97,124,153,147,139,58,-42,34,-7,52,-167,81,-140,269,-79,-83,-7,-105,-71,-9,-53,31,-35,-22,-114,3,-57,62,-107,-25,-80,30,2,27,-494,-94]],[[740710,158310,634,-1051,-11,-13,-82,-20,25,-131,52,-46,-16,-49,15,-66,-53,-119,-170,-82,-168,6,-49,-29,122,-117,98,-11,70,-65,170,-33,131,33,66,-17,47,54,67,-6,-13,39,28,125,651,-1082,471,-387,-13,-15,26,5,133,-110,300,53,27,-6,157,10,323,-372,119,33,15,-27,63,-8,99,-67,89,0,86,-103,45,-652,60,3,62,63,72,17,107,-36,38,101,42,19,60,-57,5,-58,28,-11,-12,-47,100,-20,85,50,117,29,141,-14,184,164,94,-19,136,-103,100,-41,79,-110,60,-12,35,-76,116,-65,54,-94,112,-82,185,85,104,173,65,57,403,79,98,121,71,-24,115,38,83,1,76,-29,69,24,2,68,-30,44,-69,31,-15,62,25,22,-13,64,94,67,-24,16,45,29,-3,109,24,13,-9,32,-63,-8,-53,50,-46,180,108,12,105,61,48,-89,20,5,-15,-30,72,-143,35,34,137,-146,103,147,-17,121,90,14,0,37,40,31,-19,34,78,3,-35,30,12,20,104,20,-44,76,20,92,-136,267,80,26,144,112,-4,30,36,7,-11,25,185,62,-29,24,-27,95,-31,43,-23,-6,-13,179,19,21,77,21,20,-38,387,93,-12,48,59,20,37,50,149,22,96,-2,209,-81,324,36,-20,163,32,108,117,-52,133,24,281,-76,25,64,61,15,3,180,184,8,31,119,100,-4,-9,-47,43,-81,-69,-368,58,-25,18,-43,168,-28,17,-56,76,-51,18,-43,59,214,37,315,47,-6,21,118,157,-40,0,-25,64,-20,21,-34,169,-17,27,27,8,-17,185,11,97,-38,30,9,32,-86,155,1,-1,324,151,1,2,-46,184,20,128,-320,246,17,-11,142,63,256,-18,336,-35,5,10,178,192,6,-7,-128,211,18,41,149,0,196,-122,15,-25,466,213,-14,79,51,-29,77,94,36,18,-228,236,1,102,404,154,-75,139,39,33,-20,171,22,-2,-192,-102,-379,230,-61,29,166,71,-15,36,176,19,-6,20,77,31,0,-5,430,-62,13,28,182,-51,38,-55,44,39,7,-6,32,-87,5,36,250,-166,28,147,451,-72,35,-8,54,62,276,-70,55,-47,9,-28,235,-68,-1,-10,72,-1,124,40,42,86,-40,169,3,3,164,-140,0,-33,236,34,34,45,3,31,189,-230,3,-40,148,-50,-44,-23,-123,-492,14,-23,12,13,121,-73,-49,-55,10,-138,-94,-520,50,165,524,-80,37,46,156,-30,92,-52,-15,-119,83,-197,-34,-168,55,7,78,-34,155,88,176,-62,-8,19,93,-90,27,-85,67,-134,39,-254,26,-76,43,-221,27,120,289,-7,95,-107,-54,-191,155,-50,2,-72,-44,-84,20,-127,-38,-97,55,-104,12,-111,-49,-92,37,-127,-122,-86,198,-16,199,19,290,47,111,89,-16,9,34,236,46,48,334,-498,-42,-42,19,-6,49,-55,-6,-24,128,15,58,-149,-6,-35,-33,-100,-9,29,92,-48,3,-2,76,28,64,-6,239,59,151,36,15,30,121,55,37,11,50,592,10,45,282,125,-75,39,-64,25,-155,100,-117,42,-140,44,-46,66,-18,101,55,77,117,192,38,96,74,39,164,-87,174,-2,155,29,65,111,101,503,165,101,-11,113,-78,96,-29,64,24,-34,115,62,14,67,206,-55,397,28,128,244,223,287,28,440,-42,28,83,-29,64,40,133,-3,177,182,33,-36,351,-21,-1,2,257,21,96,139,294,-90,4,-52,33,-117,-5,-152,48,-182,-17,-14,430,70,291,4,147,-585,-10,-41,-227,50,-214,62,-85,-58,-223,-174,-178,-281,41,-102,-242,-143,-4,-325,17,78,299,-194,-71,-163,21,-184,64,-26,211,-109,61,-43,105,-196,4,-71,158,-4,217,-61,18,-60,-30,-43,12,-114,-82,-206,-3,-65,-86,-66,-12,-45,-45,24,165,-230,24,-84,59,-278,-15,-20,-25,10,-62,-54,-12,-13,-64,57,-52,-8,-21,-65,6,-93,63,-19,53,-153,53,-87,-63,-15,-93,211,-178,117,-9,6,-55,38,-2,30,56,10,-25,-2,-287,-246,-13,-26,-72,-326,-85,67,-333,22,-408,103,-168,-719,3,-51,-106,-709,-108,-420,-319,-21,20,-32,-2,3,-32,-359,-7,-10,-285,-85,-71,89,-41,-49,-22,-196,-89,-153,-304,321,-139,28,-12,23,-107,-105,-27,-186,-47,-175,93,-88,-91,-16,-239,-118,45,-71,-143,-237,-40,-13,-80,-123,29,-13,-56,-54,6,-81,92,-50,-3,0,88,102,98,-54,113,-157,24,-1,385,-532,-44,-150,162,-175,29,-46,-100,8,-68,130,-265,-353,-61,-114,-136,-226,-34,-83,-95,0,-137,-14,-67,1985,-475,90,-185,77,-209,56,-215,34,-219,11,-222,-11,-222,-34,-219,-56,-215,-77,-209,-98,-201,-119,-190,-136,-178,-155,-165,-170,-149,-184,-132,-90,-52,7,-13,52,-34,-4,-129,-152,-67,-31,-263,-78,-109,105,-320,1,-105,-47,-31,-35,-113,-88,18,-156,119,-304,95,-161,-99,-31,-89,-178,-49,0,-85,-188,-25,4,-104,-111,-125,27,-15,112,20,28,-42,-76,-127,112,-31,196,97,38,63,251,85,131,-74,70,18,48,-52,71,-5,24,-56,-209,-461,-119,-426,-448,-509,87,-49,10,-192,-32,-21,130,-141,3,-80,-80,-35,-89,32,-58,59,-59,198,-126,132,-34,-196,-231,-194,65,-42,370,-17,16,-96,-175,-118,-13,-35,3,-84,45,-53,16,-76,-31,-152,-201,-199,-79,-28,-167,80,-29,-153,-504,-36,-147,-94,-151,9,-90,94,41,308,-116,9,-159,-53,-91,49,-157,-100,-88,-16,-179,109,-29,30,-12,72,60,279,-164,-7,-14,18,36,84,-190,-69,-168,-27,-44,90,-7,94,-160,-23,-153,-55,-17,-20],[745862,161700,11,222,34,219,55,215,78,209,98,201,118,190,136,178,155,165,170,149,184,132,197,114,207,95,216,75,223,54,227,32,229,11,229,-11,227,-32,223,-54,27,-10,626,-508,776,-674,52,-107,78,-209,55,-215,34,-219,11,-222,-11,-222,-34,-219,-55,-215,-78,-209,-98,-201,-118,-190,-136,-178,-155,-165,-170,-149,-184,-132,-197,-114,-207,-95,-216,-75,-223,-54,-227,-32,-229,-11,-229,11,-227,32,-223,54,-216,75,-207,95,-132,76,-607,527,-103,135,-118,190,-98,201,-78,209,-55,215,-34,219,-11,222]],[[742643,165394,23,-61,161,71,-92,65,-92,-75]],[[742657,158273,61,-117,-14,-211,213,-83,41,88,81,-75,105,32,-8,87,-194,309,-285,-30]]]
1257806	r	77.3244,29.7779,77.7944,30.3487	[[[773244,300450,1,-5,81,-32,16,-43,-16,-14,42,-42,19,0,137,-41,58,-40,68,-27,4,-33,5,11,20,3,26,20,7,0,-2,-10,7,-1,63,5,4,12,-25,21,-4,14,39,22,40,1,49,39,10,24,53,-6,-12,-32,8,-17,43,16,8,12,10,-1,9,18,14,-5,-551,-807,1308,-1733,819,342,-12,27,-44,68,12,56,16,12,17,28,79,56,68,86,-7,56,-27,5,-5,18,-26,23,1,44,10,11,7,-13,10,10,1,2,26,54,11,-9,9,4,4,2,19,30,-16,19,41,28,2,23,13,27,60,-30,3,-27,12,-6,4,-13,69,-38,9,24,35,46,49,-13,20,-17,0,-11,71,-40,46,86,38,13,14,-2,-4,-7,35,-18,53,-17,5,5,55,-11,39,-17,47,74,6,-15,18,-8,26,-4,111,-46,6,12,-7,8,3,28,23,33,29,-9,39,41,76,-45,13,17,10,-7,11,8,17,-13,11,11,13,-12,34,26,20,-15,-4,-5,7,-9,-14,-14,71,-54,25,25,11,-5,32,14,53,-32,16,9,6,-1,2,1,2,-2,5,-2,20,46,34,18,-23,12,-27,37,19,69,63,-38,24,54,29,20,26,1,7,10,-39,62,17,17,50,-5,20,19,10,51,51,21,40,4,5,35,-17,14,-21,18,-3,88,-57,41,-62,28,58,83,43,17,49,45,-11,28,27,31,-137,45,58,129,11,65,42,50,-20,22,42,31,38,2,-3,19,92,69,-43,50,36,28,34,5,10,30,-8,8,-15,15,17,23,33,4,49,34,5,1,31,6,12,14,-6,5,4,12,-49,11,-38,-2,-28,9,-14,-10,-44,-7,-13,11,-25,-13,-2,11,10,25,-3,2,394,1163,-1755,2090,-1315,-1927,-14,10,-43,-14,0,18,-37,28,-1,20,-20,10,-13,-1,-104,81,-43,-14,-53,-69,-52,17,-121,-7,-18,-38,-17,4,-1,35,-53,-6,-63,-147,1,-53,-37,-111,53,-19,-41,-45,-76,-114,-96,-13,14,-30,192,-66,-59,-46,-132,-76,-84,-14,-126,-7,-67,7,-85,-70,-46,-51,-35,-6,-55,-49,-160,-116,-40,-39,-12,-35,-52,9,-2,-39,-32,-54]]]
1253286	r	78.7685,12.6316,79.2281,13.0746	[[[787685,126815,71,-129,29,-40,29,-27,21,-45,39,-53,188,-141,49,-7,54,27,69,2,78,23,46,11,107,-23,65,-32,58,-56,46,-9,24,3,96,213,62,31,30,78,77,153,5,28,38,74,27,-17,-6,-56,-26,-29,11,-16,32,11,22,22,32,55,20,9,46,-11,12,-15,37,-21,73,-61,33,-12,155,50,9,9,-12,28,2,16,23,-9,29,9,5,-4,-3,-16,-16,-36,9,-17,99,-30,35,-21,74,-16,13,-11,9,-39,29,4,17,8,42,41,7,17,-17,58,5,11,39,35,25,43,0,2,25,-66,269,140,23,-13,54,-18,-8,-26,-22,-32,-81,-212,-33,-70,9,-21,21,5,8,22,-1,25,32,65,33,34,43,29,20,32,10,47,-16,49,7,5,27,-7,15,14,29,53,17,52,67,99,966,503,57,-9,35,-27,14,-21,24,-9,78,-3,16,4,11,73,-18,71,5,35,3,4,12,6,5,-6,7,-37,10,-18,43,-15,8,-25,26,-30,4,-44,10,-20,-7,-31,6,-72,10,-9,14,0,20,24,99,9,10,7,10,23,31,2,69,-9,48,-43,39,-12,-11,44,68,152,-5,44,10,19,-41,34,-6,13,-13,91,4,23,10,15,-23,28,-73,27,-10,10,6,3,-34,22,3,18,-9,46,-6,19,-26,33,-19,56,-106,101,16,73,13,41,16,95,8,183,44,42,28,73,27,45,-18,59,16,85,37,41,19,-29,7,-22,12,-6,91,54,-1,45,-10,22,-37,38,-156,53,-32,78,13,18,14,93,132,78,84,17,36,64,24,58,-5,37,114,28,-67,1171,-1543,-139,-23,-30,-16,-44,-45,15,-28,17,-95,20,-8,3,-212,-19,-47,-47,-45,-31,-159,-1194,-15,0,14,37,-94,-24,-108,12,-106,-27,3,-41,-25,-6,-37,2,-98,-40,-358,-101,-4,-24,-26,-43,-16,-65,4,-27,-69,-68,0,-17,31,2,10,-55,-9,-31,-13,-26,-61,-33,-5,-16,2,-77,44,-15,0,-15,-17,-25,3,-44,-8,-29,-18,5,-10,11,-9,36,-22,22,-22,3,-16,-6,-21,-23,-11,21,-33,3,-22,2,-36,-14,-36,0,-17,-17,6,-37,33,-8,-5,-12,-14,-9,0,-18,1,-17,20,-30,-34,-30,-1,-21,-44,-17,-68,-61,1,-96,-55,-15,-93,0,-41,17,-26,2,-44,-28,-10,27,-66,3,-57,-17,-45,-31,-31,-34,-104,-51,-22,-28,-2,-73,-38,-159,31,-169,-18,-32,-1,-77,-47,-118,-5,-68,-8,-17,-21,5,-60,67,-32,23,-48,-212,3,-147,5,-19,47,-70,-128,17,-56,-169]]]
1276058	p	1275004
1264115	n	74.2902,20.3562,74.7698,20.7761	[[[742902,205500,11,-222,35,-219,57,-215,79,-209,101,-201,3325,-866,20,-6,102,58,190,132,174,149,158,165,140,178,121,190,101,201,79,209,57,215,23,144,-6,22,-64,76,2,21,-5,7,10,45,80,4,6,122,-11,222,-35,219,-57,215,-79,209,-101,201,-121,190,-10,13,-81,4,-93,84,-376,85,-78,-19,-152,18,63,109,22,133,-27,8,-32,71,-717,445,-45,11,-233,32,-235,11,-235,-11,-233,-32,-228,-54,-222,-75,-213,-95,-201,-114,-190,-132,-174,-149,-158,-165,-140,-178,-121,-190,-101,-201,-79,-209,-57,-215,-35,-219,-11,-222]]]
8440756	p	1263214
1271439	r	84.2918,24.2856,85.3985,25.073	[[[842918,244631,55,-148,229,-27,89,-72,67,-125,-116,7,-42,-53,28,-33,76,16,1,23,44,-14,-14,-77,-32,-26,40,-66,98,-42,-26,-64,185,-37,30,-40,89,-19,69,45,90,8,-14,-33,78,-119,126,9,-58,-71,4,-31,164,-57,133,-17,-59,-81,-22,-140,18,-50,249,24,20,49,68,0,60,-50,-8,-41,33,-30,-14,-69,45,-35,77,27,38,-35,48,-3,99,128,44,33,44,-6,20,-40,-93,-82,-90,-29,-44,-112,34,-16,29,23,44,-34,-52,-66,17,-76,27,0,69,20,57,103,26,179,80,36,49,128,87,68,-65,121,82,81,19,56,-72,73,-5,40,36,24,156,-15,42,-46,230,118,1,47,-90,45,-26,39,57,128,95,-6,71,31,37,-47,-15,-76,63,13,23,31,200,-58,14,27,30,-10,31,30,48,-17,32,32,53,-51,63,-12,30,5,13,36,39,-51,147,-72,25,136,30,10,-20,46,52,-1,-13,34,26,10,-18,26,30,83,-12,21,-38,-4,-4,24,83,67,62,193,175,75,10,37,75,52,50,4,33,-28,88,6,183,167,18,100,71,34,227,45,76,-9,32,36,4,112,68,24,13,72,39,29,76,-85,44,6,-4,71,12,222,36,219,59,215,81,209,59,114,3825,738,143,-118,162,-165,145,-178,124,-190,104,-201,81,-209,59,-215,36,-219,12,-222,-2,-21,-15,-64,227,-16,104,29,360,20,169,55,73,111,-9,21,-268,94,0,24,-194,-59,-245,73,-66,-5,-20,107,53,-9,83,36,-24,41,6,78,-142,27,-11,56,30,111,-95,8,44,113,-31,72,-53,25,-10,91,30,104,170,-89,-18,91,36,40,-32,26,-42,-22,-133,23,24,77,-108,62,-15,63,50,-8,23,66,70,-27,16,-33,144,-28,-26,84,3,92,2,52,20,44,60,41,-9,143,-62,83,18,69,-39,23,-29,9,-8,-24,-150,-34,9,146,-66,15,-27,-16,12,73,-83,13,14,-2,-71,369,11,9,27,-33,58,-8,68,170,31,16,30,84,-21,72,43,72,-18,87,58,-11,98,91,3,64,32,27,-28,90,42,-17,132,30,10,80,-54,31,-36,111,112,62,42,-41,179,-26,-15,29,24,91,74,7,75,52,-1,24,-27,0,22,75,-31,19,-16,133,16,41,69,6,-2,65,-52,7,-33,111,114,91,21,59,27,-5,-145,126,-35,-7,72,83,38,107,-219,-73,-50,26,-37,141,-49,57,27,74,29,2,-19,60,-123,-5,-10,-63,-93,-20,-2,-38,-99,13,-38,151,-126,34,-70,-13,-15,-30,-1,26,-233,20,13,-46,-56,-10,-20,31,-52,-26,16,55,-23,56,-45,-31,-18,15,-33,-40,30,-67,-33,-148,-92,3,-6,31,5,23,-77,24,-43,407,-140,-8,-24,-31,7,-87,-60,-30,-38,-65,-106,-31,8,198,-156,2,-14,49,5,65,48,6,37,40,-4,66,-107,-20,-12,-44,-169,22,-21,-20,13,-119,-39,-26,-108,30,-121,-14,-23,-74,-59,-46,5,-98,-95,-168,-105,-74,-4,-7,-536,-11,-15,246,-87,11,-85,-12,-27,-102,30,-10,-25,-20,-71,5,-11,42,-154,-6,-14,30,-73,12,29,-128,-22,-36,-67,-3,-10,-42,-143,-3,-40,5,1,-6,-356,-8,-24,119,-62,21,-7,56,-123,29,11,98,104,33,62,142,-20,28,-57,36,-104,2,10,53,-114,7,-27,-34,-98,-19,-154,29,-65,-61,-36,38,-144,23,-27,-33,-91,1,-20,61,-76,-11,-9,42,-117,27,-13,-25,-59,3,-68,-69,-90,35,-100,-17,-29,-128,-51,-12,-21,-34,-122,62,-229,15,-17,-111,-31,-4,9,-41,-313,23,6,-104,42,-26,3,-38,47,-5,81,-68,9,-115,124,-29,20,27,150,-20,-24,-103,27,-40,-13,-51,-110,3,-39,-28,-11,-46,4,-81,93,-42,3,-28,-28,-59,-262,-25,-3,-30,51,-30,-14,-67,-64,-42,-161,-349,-25,3,-17,-35,-49,21,-5,-95,-21,-15,-98,17,-68,-38,-30,-43,116,-30,-9,-80,-28,-23,-43,5,-8,60,-181,30,-42,-16,7,-66,7,-70,85,-48,3,-50,130,-37,9,-23,83,-7,-9,-50,35,-32,-10,-86,48,-6,139,-1520,-58,-22,-69,33,-185,25,16,-35,-66,0,-70,-49,-51,47,3,-61,-29,-56,25,-38,-66,16,-6,-112,-34,-37,-103,17,-129,68,-18,-54,-71,26,-38,-172,1,-144,71,8,-135,-101,47,-81,-42,-27,38,-77,-48,-10,-30,-76,-135,-66,-101,-102,-14,-29,37,-20,96,11,39,-54,-122,-67,26,-34,-27,-25,5,-50,-141,-110,-44,-1,-39,-61,-282,-15,-290,-129,-49,9,-22,67,-152,163,-145,-46,-53,35,-28,78,-6,184,-68,106,-87,-8,-3,-74,-72,-120,-18,46,-123,65,-15,39,28,34,-58,24,-43,-54,-67,6,-8,-59,38,-71,-50,-77,10,-29,-87,-16,26,-24,16,-106,-155,-10,47,-134,-40,-62,-238,-103,-15,-46,-182,-70,-116,-8,-116,-58,-89,-78,-41,-98]]]
1278840	p	1264527
1269407	r	75.306,20.6568,76.0498,21.3887	[[[753060,211335,11,-9,75,-2,39,-19,47,-46,47,-77,28,-12,26,3,32,18,17,1,22,-8,67,12,14,-19,-7,-49,12,-18,21,-14,28,-7,39,8,33,18,24,55,19,1,20,-8,12,-15,11,-32,23,-6,56,39,49,-18,18,5,13,18,8,47,27,21,46,-15,57,4,78,13,21,12,9,16,1,23,-53,41,0,20,29,62,20,15,16,3,12,-12,5,-63,44,-54,12,-9,20,3,26,-10,9,-22,-10,-42,11,-21,15,-5,19,2,-1135,-1065,-80,-879,1276,-738,-4,-7,0,-70,-8,-36,22,-11,9,-24,-22,-37,5,-27,99,-27,64,-8,1,-34,-23,-29,0,-19,108,-2,4,-39,11,-17,28,-8,78,14,50,-9,191,-81,86,-93,13,-33,70,-61,72,-16,134,9,23,10,-10,76,2188,-1266,15,-16,470,-72,868,606,1032,2507,11,0,14,34,15,63,545,1324,-1073,1552,-800,1157,0,-1,0,-11,-65,3,-28,32,-99,-14,-19,25,-80,-79,-204,25,-103,55,-149,-18,-108,17,-32,-25,-187,-26,-40,53,-226,40,-97,-43,-30,36,-63,-18,-63,19,-104,-44,-52,4,-28,-39,-136,-56,-54,28,-66,-10,-14,23,-429,-850,-817,-766,-7,-99,-54,-63,37,-45,0,-44,-98,-209,2,-22,77,-18,-13,-60,-44,2,23,-31,-31,-138,-91,4,-131,46,-90,73,-41,23,-88,14,-119,-8,-57,11,-31,18,-52,54,-31,83,-57,24,-139,-8,-371,-36,-65,-15,-100,-5,-42,13,-47,15,-51,-9,-34,-19,-14,-13,-58,-52,-56,-23,-44,-18,-68,-56,-10,-50,6,-64,-31,-45,-55,-12,-68,38,-36,6,-5,-17,-19,-22,-67,-32,-2,-27],[754300,211203,17,53,18,21,23,5,22,-4,-80,-75]]]
1265491	r	77.743,15.5423,78.493,16.1	[[[777430,159378,330,-2678,3808,-1277,3361,3668,-13,79,-69,284,-87,279,-106,274,-125,265,-142,258,-159,248,-35,46,-3648,176,-3115,-1622]]]
1258662	n	78.8776,18.5239,79.9622,19.2893	[[[788776,191603,58,-51,63,-258,-77,-169,206,-180,80,101,103,16,-71,107,107,-28,101,45,61,-96,-23,-56,50,-185,72,-100,73,32,145,17,185,-62,127,29,204,-28,149,-108,290,-147,88,-87,94,-166,8,-27,10,-18,3,-23,17,-59,13,-187,121,-209,0,-144,51,-104,66,-69,407,-382,108,-119,1,-9,134,-156,116,-57,221,-19,66,-6,19,-5,182,-50,106,-68,186,-223,5,-7,10,-3,266,-102,-29,-176,-102,-76,-69,11,-38,-35,-89,-5,-33,-33,27,-83,-35,11,-35,-29,-3,-77,-34,-26,-2,-113,-26,2,-57,-53,-141,49,-83,-96,-26,-6,28,-104,78,-209,77,-154,9,3,36,-140,79,-209,99,-201,120,-190,105,-135,70,-66,342,-326,137,-97,200,-114,210,-95,220,-75,225,-54,231,-32,232,-11,232,11,231,32,225,54,220,75,210,95,200,114,187,132,172,149,156,165,139,178,120,190,99,201,42,110,182,104,293,-19,133,19,474,193,108,61,88,95,15,99,-21,86,-17,116,30,99,128,154,82,50,53,130,-14,53,-152,219,-42,122,-2,185,59,129,88,52,105,-24,81,-114,27,-122,72,-118,143,-54,260,-3,40,69,306,124,162,166,7,72,-55,239,23,312,-42,105,-13,340,-137,178,-17,56,-4,177,39,183,-21,128,-75,44,-11,57,-34,26,-114,-52,-131,-10,-99,-84,-106,-17,-43,18,-109,142,-15,196,-87,225,104,249,89,86,63,43,347,117,144,102,-91,102,-142,-35,-144,2,-102,33,-106,90,-163,-5,-60,-31,-2,-48,-146,40,-1,-105,-179,-24,-129,-97,-230,177,-21,35,66,135,-141,88,-61,-34,-58,5,2,-66,-69,-18,-67,26,-42,-12,-18,48,-107,6,-127,166,-65,45,-126,-26,-47,-87,-49,55,-112,-33,-1,0,97,-124,119,-190,100,-201,79,-209,56,-215,35,-219,11,-222,-11,-222,-35,-219,-56,-215,-79,-209,-100,-201,-119,-190,-139,-178,-77,-81,-4098,1124,-27,169,-11,222,9,175,-26,11,-57,-12,-168,-107,-22,-73,-17,8,-69,-96,-83,125,10,39,-28,36,-458,204,-111,11,-87,111,-10,73,-58,15,-164,-29,-176,189,-197,212,-12,144,-437,94,2,62,-30,22,33,27,-19,59,23,59,-10,48,40,19,-6,24,-13,53,-30,-15,-67,-33,-128,106,-8,-26,-380,106,81,158,-132,-13,-72,77,-121,61,-158,-231,-17,-115,-165,-155,4,-135,21,-19,-213,-99,-222,-167]],[[792499,191400,12,-112,104,-73,11,41,31,82,-135,108,-5,-54,-18,8]],[[792542,191131,28,-88,43,164,-71,-76]],[[793217,192127,2,-36,17,-18,124,10,81,-23,-4,-65,-40,-50,16,-84,924,59,-58,75,-120,64,-90,-3,-89,30,-33,-23,-71,38,-96,12,-25,-24,-105,3,-122,93,-245,84,3,-80,-69,-62]],[[794908,191972,30,-13,444,28,-35,17,-29,-19,3,30,-98,18,-55,39,-58,-64,-52,27,-5,-30,-44,25,-8,-18,-69,8,-24,-7,0,-41]],[[795058,192683,192,-107,-27,-57,98,-27,-25,-145,48,-87,75,-14,37,-96,41,-16,-20,-103,29,-15,-21,-22,1216,78,27,-28,23,10,-9,24,45,-18,-88,229,-86,-37,-3,-28,-79,6,35,152,-140,102,-2,100,-46,22,-48,-10,-21,-39,-83,2,5,49,-85,166,-85,5,11,-27,-104,8,-77,-43,-55,4,-16,-45,-217,-74,-123,44,34,187,-42,16,-13,43,-41,-6,-8,-35,-21,-1,-208,16,-32,27,-4,-22,-44,10,-43,-198]]]
1253986	r	73.0002,23.8024,74.3665,25.1049	[[[730002,244682,27,-16,327,-16,45,35,79,14,-1,57,137,51,8,38,93,26,22,49,105,64,40,-4,36,-22,30,-80,-23,-137,101,-26,8,-147,-52,-77,51,-165,-191,-249,-62,-99,14,-29,118,-85,84,49,34,-16,-7,-52,94,-106,413,-186,208,9,116,127,135,77,135,-56,60,-64,-135,-162,-77,-164,-102,34,-35,71,-41,-9,-37,-109,-21,-210,-40,-87,-57,-6,-188,94,-92,-27,-77,-278,-50,-81,-33,6,-21,-31,-112,-48,-44,-88,-62,-47,-35,-122,-37,-37,75,-34,-6,-42,-40,-45,-106,-18,-26,-154,-103,-110,78,-142,232,-211,44,-87,-1,-57,70,-24,142,-171,129,-26,116,-65,62,-49,34,-126,369,-116,179,-88,-115,-267,-84,-102,57,-46,86,-23,28,-47,173,-70,15,-58,72,-50,14,-67,35,-24,79,9,25,61,63,23,78,89,161,-19,69,78,76,167,37,28,68,-4,96,73,-9,41,97,196,-38,201,28,79,371,-241,0,-2,244,-162,169,-207,-12,-136,55,-229,-41,-136,-55,-37,87,6,85,-50,-22,-388,19,-30,-19,-46,84,-87,-10,-50,-112,-40,-29,-49,-125,22,-66,-34,-86,-107,-7,-75,-75,-64,-13,-99,-83,-87,-67,-195,29,-52,106,-80,9,-69,-36,-87,34,-95,61,-6,48,-67,23,52,188,-64,17,-32,47,47,51,9,33,185,72,13,87,95,149,-7,169,31,59,51,1,163,27,83,103,-1,49,153,126,204,-13,38,174,215,90,-8,212,61,270,265,33,-32,168,57,192,-21,11,-27,240,-136,131,-34,12,44,105,27,41,-18,52,-85,214,179,113,-35,8,-37,32,-10,215,-35,69,-69,150,85,50,-16,72,-68,114,-33,44,29,568,-179,3753,2265,-87,2433,15,4,52,-102,27,10,82,-44,115,-15,64,-46,63,30,29,69,102,56,12,35,127,-72,79,-16,22,-81,-33,-47,191,-21,22,-150,-57,-63,27,-27,153,36,56,-38,38,-97,78,14,45,96,91,64,15,186,45,16,48,-22,56,48,75,-10,-11,153,-42,140,-83,49,-97,102,-81,22,-42,-86,-69,-34,-147,-2,-16,143,26,101,34,17,-45,92,43,38,63,11,26,74,73,26,-9,82,138,132,-15,56,-200,10,-55,-202,-80,-25,-76,-7,-20,23,-62,4,-79,138,-113,-211,-41,-24,-48,75,35,28,-32,29,42,16,1,92,-44,33,-23,-13,-52,46,-12,-34,-28,3,21,-51,-25,-112,45,-14,5,23,42,-1,0,-131,-39,-24,-19,34,-24,-12,-25,23,2,-36,-35,-21,-26,-77,13,-33,-152,-96,-84,-3,3,29,-178,92,-65,65,34,17,-8,29,35,29,20,94,86,36,-10,49,43,86,33,-27,110,31,63,47,40,-25,-43,128,6,70,77,-41,31,17,43,57,-35,-9,-1,92,184,4,25,51,-24,19,10,39,12,32,29,-1,2,42,-18,60,-100,75,40,115,-14,90,22,69,42,19,-245,60,-34,24,-72,152,-83,-50,-131,-32,-35,94,29,135,252,-21,125,28,-76,130,-27,124,-163,81,-134,-199,5,-130,-163,-21,-4,181,29,22,13,77,55,19,-50,183,-113,27,-62,-85,-69,112,-90,22,-149,-31,-1,95,33,89,142,-17,21,36,19,117,-44,129,-203,131,-71,-41,-69,2,-68,107,-152,14,-21,-33,-46,24,-15,26,76,66,58,105,-2,34,-107,84,-20,191,35,64,49,16,-48,91,-11,84,221,352,-9,55,-175,19,-64,77,1,36,80,26,230,-46,6,105,17,29,1,7,38,68,-170,45,-89,-37,-172,-154,-183,12,-52,63,-69,-7,11,49,-57,35,-49,218,-38,44,-92,-36,-128,-10,-131,-98,-68,68,-22,81,-72,29,-93,95,-86,-105,-51,-16,-85,28,-6,-38,-67,-53,-85,-22,-56,11,54,-31,12,-27,7,-6,0,-9,6,-13,-2,-52,8,-130,-18,-115,20,-79,-76,-93,-90,15,-19,-5,-40,15,-60,140,-11,47,-18,46,0,27,-9,39,10,66,-151,73,-61,-120,-66,-44,-44,1,-93,98,-71,9,-31,43,-14,-24,-32,9,17,43,-112,51,-57,-11,-48,51,-134,42,-23,-25,4,-81,-96,-25,-61,-51,-186,-193,-7,-35,-54,-29,92,-34,37,-35,21,-101,54,7,50,-65,-10,-34,32,-40,-24,-95,-101,-59,-90,9,-27,-55,30,7,79,-116,-39,-35,-76,17,-47,38,-61,-1,-67,-101,21,-99,-86,-41,83,-81,-36,-37,13,-83,-27,-50,80,-27,30,-56,116,59,86,-14,-3,-27,-1,-6,-190,-51,-72,-178,-97,-19,-5,-33,-68,-37,-68,14,-22,135,-29,-16,-107,35,-81,141,-25,125,-89,99,-49,5,-21,65,-79,48,-43,81,-43,-25,-13,-88,40,-65,58,-35,62,13,-12,-52,-90,-14,-49,-40,45,-75,-122,-25,51,-52,-5,-49,-53,-5,-40,72,-80,-44,-135,-25,31,-73,-10,-30,-3,-9,-137,43,-40,84,-51,17,8,56,48,98,99,5,58,30,2,5,28,51,21,39,-12,62,-178,25,18,106,-66,66,90,171,39,20,37,87,-20,32,22,83,98,-18,91,53,0,51,32,20,-17,9,34,156,-46,48,-107,18,-59,67,-26,-24,-117,85,-73,7,-218,-60,-12,33,-44,-59,-67,2,-33,-34,-27,116,-95,33,-1,28,-46,13,3,33,-42,12,-45,55,-18,0,-11,-72,-77,-13,-38,23,-29,31,20,172,-183,-3,-19,-28,-101,50,-15,185,-42,65,21,131,-64,31,-26,111,-172,67,239,368,-297,117,-110,-161,-41,8,-69,28,12,82,-73,64,214,290,48,122,5,92,43,49,-46,48,30,102,-155,100,-168,-18,-75,-81,-181,-59,-356,-15,-25,-65,-80,-27,-95,-110,-54,-144,-132,-183,-175,-117,8,-103,-105,-14,15,-77,-34,-74,48,-72,-15,-27,-68,-7,-82,-105,38,-80,150,-90,-58,-83,-1,-104,-67,-100,-1,-94,-49,-135,-132,-26,-21,-69,-78,-47,-10,-58,-143,-176,-101,81,-42,-33,-70,-3,15,-84,-42,-125,-153,-176,-108,-83,-29,-65,-7,-217,-52,-127,-130,13,-128,-30,-200,-139,-152,-55,-104,-69,-39,-60,-118,-30,-13,-51,36,-89,-36,-114,30,-190,-30,-135,-77,-73,36,-44,-31,-8,-29,-89,-123,-17,-91,-104,-58,-3,-41,-129,-83,-85,-89,-34,24,-71,-17,-190,-102,-150,-53,-12,-18,-98,-153,-266,-64,-8,0,-110,-109,-114,-165,-108,-16,-100,-68,-115,13,-55,-142,-87,51,-39,7,-48,-62,-69]]]
1348843	p	1275004
1260107	r	75.9839,29.7911,76.7867,30.6271	[[[759839,299045,263,-125,48,-193,47,-32,121,76,8,48,60,-23,-11,-39,22,-22,39,25,53,-65,63,11,-15,-120,113,-164,129,8,117,48,16,30,88,-28,82,105,122,1,-8,-233,-143,-232,139,-115,-7,-73,28,-22,183,183,15,65,38,34,280,-12,114,51,125,213,142,-11,88,-52,8,98,30,19,3,2,8,5,70,27,109,-11,32,248,-76,21,-78,64,-151,-11,-52,66,-27,-50,-60,-21,-22,6,1,39,-80,-16,-56,42,27,173,-17,105,-3,20,-108,41,-11,1,-252,32,-247,54,-240,75,-230,95,-219,114,-205,132,-188,149,-42,41,-54,-109,200,-109,-61,-62,53,-29,4,-35,-229,-150,-74,36,-64,-27,-26,-46,14,-24,-37,-25,13,-110,38,-26,-60,-181]],[[759856,303608,9,-180,20,-55,54,13,93,-47,38,14,24,-43,77,-27,54,37,62,6,45,50,93,-29,53,42,96,-68,106,-153,190,-65,39,24,18,18,25,9,19,12,25,5,118,44,116,-35,106,-65,47,10,135,126,37,-10,114,75,9,-62,77,-125,119,-129,105,-43,56,-115,-4,-5,4,-7,-45,-51,-36,-50,-7,1,-6,-7,-114,25,-46,-92,765,144,1549,-1344,853,-740,149,2,-1,-4,12,5,190,3,30,31,11,-7,101,18,113,61,61,120,138,63,252,177,225,236,208,81,-52,34,-57,151,-103,7,-233,177,47,42,-7,45,5,2,-1,1,86,70,13,22,8,-4,7,6,18,-18,45,-21,30,-8,108,-17,19,-19,12,-3,62,-69,-163,-84,88,-100,2,-1,139,80,47,79,-60,57,32,101,-142,50,-56,-17,-99,11,-30,-1,-7,5,-12,2,-5,11,-22,17,7,21,-4,10,10,10,2,7,9,5,89,100,-203,117,-39,12,-40,-27,-27,26,49,59,-1,11,22,32,1,11,-7,25,-10,10,-48,29,-52,-9,-9,-85,-53,-1,-173,-116,-65,-78,-139,-36,-12,36,89,25,68,127,-54,135,6,32,10,49,2,10,41,-14,97,24,33,-24,83,72,84,-77,88,76,71,-16,56,34,5,-5,9,5,44,-53,11,-9,31,-1,111,236,41,-46,116,72,183,190,76,-23,48,20,36,49,-36,36,76,83,58,-54,57,60,100,-18,59,99,61,-24,49,32,5,57,45,56,49,-22,88,37,24,62,-31,113,-88,17,-105,-65,-64,17,112,159,-28,17,-86,-29,-58,109,15,124,66,-34,161,91,23,35,-49,70,71,79,63,19,-3,149,56,-2,38,65,-27,64,20,18,-49,29,13,78,131,78,49,279,84,45,57,76,-5,31,-191,59,-19,18,16,39,-126,19,-22,25,14,191,81,11,76,-56,-58,83,141,151,-25,98,74,92,56,23,-31,72,-77,69,-122,-38,-53,-87,-64,-4,-114,-143,-20,-73,-64,-46,-103,115,-18,70,-90,-37,-75,17,8,-124,-64,-42,-90,2,-31,21,-5,45,34,156,-49,1,-202,-96,-14,35,61,57,-51,78,9,117,-55,-7,-67,145,-89,12,-57,-31,-74,-102,-70,-3,-96,-49,-21,-39,-72,-128,-56,46,-27,-21,-98,-146,20,-12,-152,-132,-38,30,-38,-27,-20,22,-248,-103,-84,51,-78,8,-37,54,-106,-26,-56,-54,46,-63,-73,-63,31,-210,-116,-80,56,-114,-54,-80,68,-67,-29,-50,74,-94,3,-92,-39,-63,-32,23,-83,-9,-117,47,-53,47,-55,-73,65,-96,-20,-24,-96,49,-54,-56,-298,370,-908,-26,13,62,-54,-10,29,23,-45,32,48,42,-97,253,51,115,-139,77,-55,-25,-150,23,-56,-31,-22,21,-25,-18,-88,81,4,68,-67,-9,-122,83,1,-53,-74,-32,-45,-90,-72,5,-9,56,35,10,-20,98,-85,35,-140,-58,-80,-97,-41,18,-19,-52,-115,-23,-68,-75,-100,57,-27,-43,-47,-77,-114,93,-106,-97,17,-21,-91,-91,-164,219,-116,-161,-127,57,-37,48,-54,-22,13,-11,7,-14,0,-27,-74,-131,17,-34,-26,-44,4,-91,-42,-22,-78,-27,-51,-95,26,-72,120,-58,20,-22,3,-23,-2,-6,1,-13,7,-11,-4,-45,73,-46,-58,-48,-69,-33,-51,30,-60,-75,-141,-102,22,-60,0,-28,-80,-102,-2,-7,-11,-10,-108,-58,40,-70,-25,-36,-43,-43,-59,-38,8,-115,-7,1,0,-7,-94,35,-5,-57,-63,-75,-3,-32,35,-14,-137,9,-45,71,-50,-68,-16,-28,-1,-16]]]
1256409	p	1275004
1273368	n	75.6262,14.2439,76.1619,14.7341	[[[756262,143724,45,-58,153,-165,168,-149,183,-132,195,-114,206,-95,215,-75,220,-54,226,-32,39,-2,13,34,86,-62,196,-114,205,-95,215,-75,221,-54,225,-32,227,-11,227,11,225,32,221,54,215,75,205,95,196,114,182,132,169,149,153,165,135,178,117,190,98,201,67,183,-17,59,-62,44,-69,149,91,39,148,122,7,47,11,222,-11,222,-33,219,-56,215,-76,209,-98,201,-117,190,-135,178,-153,165,-169,149,-182,132,-196,114,-205,95,-215,75,-221,54,-225,32,-39,2,-13,-34,-86,62,-195,114,-206,95,-215,75,-220,54,-162,23,-393,-558,-18,-100,126,-137,13,-118,-13,-196,-47,-122,-14,-126,142,-243,16,-69,-14,-55,-193,-205,-23,-106,19,-199,-84,-2,-179,79,-154,-40,-223,-194,-103,-159,-93,-68,-76,28,-78,160,-105,7,-98,-130,-67,-151,-116,-119,-20,25,16,49,-30,0,-34,45,-57,6,-153,-217,27,-16,-19,-81,83,-16,-78,-407,-39,-72,1,-51,-51,-59]]]
1279105	r	76.785,20.3573,77.3619,20.922	[[[767850,203573,3690,694,938,1734,30,-100,-23,-75,167,-53,56,-56,109,-25,69,-45,53,41,107,7,87,108,19,34,-8,151,58,213,-156,3,-84,-73,-176,73,-51,76,41,62,91,5,-1,25,163,4,29,29,124,33,10,203,47,120,-258,100,18,104,620,1148,-1064,636,-1187,158,11,77,-24,27,0,172,-128,13,-5,-72,-65,0,-112,12,-48,12,-18,-87,-52,8,-16,-72,82,-18,-12,-71,-38,-77,-73,14,-14,-55,-161,0,-125,16,-14,-236,-37,-1,-5,-4,-45,-40,-64,-42,-7,-2,-5,-1,-7,-2,-13,2,-10,8,-17,13,-23,-2,-26,-3,-42,22,-39,58,-33,24,-32,-1,-38,-27,-3,-2,-46,-17,-18,41,2,50,1,17,-5,5,-13,0,-21,-15,-37,-26,-17,1,-12,13,-6,29,27,46,0,22,-10,11,-17,2,-33,-14,-18,21,-15,38,-11,92,18,52,-1,2,-1,5,-2,6,-44,15,-62,-12,-4,-6,-2,-3,-6,-9,8,-14,11,-19,-7,-13,-52,4,-23,-14,-12,-7,-38,0,-43,0,-46,-17,-23,8,22,26,-2,49,-16,0,1,10,2,7,29,10,17,16,22,-10,-15,59,-13,16,-20,7,-62,12,-47,-4,10,100,-432,58,-1178,-3836,0,-1811]]]
1255783	p	1275004
1266122	r	82.134,21.6935,83.1227,23.0009	[[[821340,228532,51,-110,87,0,74,-37,-27,-226,65,-10,-1,-273,-31,-7,-20,-122,18,-88,-68,-246,171,-162,7,-291,56,-22,24,-153,-13,-110,47,-8,50,49,53,-7,128,-42,11,-62,180,9,26,-7,-410,-148,289,-502,-27,5,-110,-172,-131,-126,-10,-43,-41,-36,-125,-38,9,-73,-97,-29,76,-179,-3,-13,1,-3,-53,-241,-161,-197,5,-146,-58,-123,198,-99,108,-25,34,-156,105,-150,-49,-61,-127,-56,17,-159,-170,5,46,-88,-7,-233,-31,-110,-87,-62,9,-14,89,-43,136,7,14,-26,41,2,39,-29,23,28,83,-22,32,-49,82,-32,48,11,-7,-38,30,-26,95,151,22,127,180,-113,29,22,-5,39,31,11,294,-8,38,-164,-39,-105,-65,-58,1,-33,259,-118,96,22,41,66,99,39,31,97,107,140,5,1,2,2,259,39,205,-127,27,-110,42,-30,51,34,158,15,150,-240,-174,-139,-11,-75,122,-33,203,-104,-7,-35,61,-85,15,-72,150,-14,67,-52,20,-60,-29,-49,22,-46,-23,-64,172,-92,-120,-104,-98,-27,2783,-4831,2838,3832,-78,17,-39,40,-326,164,-188,159,-142,74,-6,49,4,8,78,189,158,-30,18,127,67,80,126,22,102,-32,114,12,112,52,160,-8,80,190,123,60,-26,72,29,117,-45,142,-166,126,69,95,153,51,93,77,-64,40,-52,100,3,57,107,84,58,132,135,68,30,140,-40,91,75,153,54,41,92,24,85,109,-57,70,-29,97,71,39,-4,276,62,45,2,44,-58,50,-134,-10,-3,96,-57,20,62,220,-85,88,39,237,30,50,97,69,42,129,-44,83,36,100,-34,156,-78,113,-27,123,-7,117,59,86,-37,363,22,37,82,14,38,51,140,48,4,96,-79,151,-211,26,-96,-55,-184,-5,-3252,1796,-410,-148,-48,0,-68,-42,-486,-176,-55,77,-280,80,-71,55,-277,-27,-143,173,-5,161,19,26,93,5,95,221,-29,85,49,10,123,-33,18,54,-34,77,-100,14,-60,48,13,76,-22,73,34,82,-41,49,7,69,-143,88,44,43,66,11,37,-19,20,32,-83,106,-386,4,-158,-59,-241,10,-55,-37,-97,18,-197,-9,-214,58,-163,15,-41,20,-1,122,-58,17,-53,66,-167,34,-80,-28,-137,7,-124,-71,-48,3,-116,-83,-67,-166,-195,21,-106,-72,-130,-22,-248,-216,-180,-1,-177,29,-71,39,-24,-28,-11,-101,-43,-59,-76,-39,-28,-46,-37,3,-13,-75,-143,-105,-58,-99,-130,-37,-67,-163,3,-49,-120,-23,-4,-40,-67,-55],[829881,222314,25,106,133,140,27,0,40,-32,126,-232,-163,-51,-122,18,-66,51]]]
1269006	r	78.1236,25.0786,79.1177,25.9072	[[[781236,253684,114,-2276,2367,-427,35,8,119,63,124,187,73,50,85,-2,190,-81,105,0,190,230,147,72,158,184,237,106,125,101,25,63,120,140,120,-13,131,144,14,-195,262,-408,53,-172,27,-376,-30,-138,86,-67,165,-10,62,-81,4696,1415,141,229,-154,1013,0,1,-295,1952,-202,185,-1919,1759,-827,-410,-16,148,-34,187,-47,185,-61,181,-73,177,-87,173,-98,167,-110,161,-122,154,-132,146,-143,139,-153,129,-161,121,-114,74,-228,-117,0,-1,-4444,-2279,-1,0,-340,-174,20,-179,34,-187,47,-185,61,-181,73,-177,87,-173,98,-167,110,-161,122,-154,132,-146,143,-139,153,-129,161,-121,12,-7,-1433,-711]]]
8629640	r	77.7445,8.3148,78.4388,9.3707	[[[777445,91630,44,-5,209,1,97,10,50,12,-400,-18]],[[777609,88923,26,90,9,81,-3,73,-32,-244]],[[777693,88830,279,-22,110,-62,32,-35,-21,-35,10,-38,76,-91,-2,-80,28,-3,-20,-82,127,-53,76,-146,62,-26,73,-141,-60,-62,-25,-88,-165,-92,-68,6,-24,-26,33,-75,-27,-140,64,-112,23,-107,-152,-484,114,-18,10,-72,-80,-29,-4,-65,-70,-78,-19,-96,103,16,19,-132,-15,-51,-28,-15,-24,-65,-43,-24,-29,-82,-115,20,-24,68,-20,3,-24,-11,-27,-84,-33,-271,214,-92,-46,-46,-3,-54,51,10,41,39,47,-1,0,-61,32,-13,-16,-87,70,-33,-22,-159,-86,1,-23,-23,65,-48,1,-81,127,-49,-9,-125,50,-33,-27,-82,116,-69,-7,-108,51,-46,-68,-30,-38,-77,5,-44,60,-26,-1,-41,-70,-144,55,-60,104,-43,48,-65,-11,-135,77,-54,-22,-113,-120,-17,-1,0,-81,-11,-8,-29,-2,-7,169,-41,-12,-73,-81,-24,35,-102,125,9,-12,-161,63,5,44,74,82,-32,47,20,70,-62,-17,-61,32,-101,80,3,30,-25,98,-14,23,50,52,5,34,35,125,-2,123,43,20,-192,502,301,390,160,171,28,48,66,67,25,-38,33,162,559,74,85,274,256,87,114,50,105,9,71,9,10,-6,8,128,962,-68,327,-62,96,12,52,-32,-14,1,22,27,1,-31,1,-7,65,24,98,139,0,-59,120,38,107,145,183,98,276,44,71,173,113,128,60,170,-72,96,45,-102,-35,-20,14,36,18,-14,30,-56,26,-37,-46,-2,19,-48,12,30,13,47,54,44,-19,-100,46,57,-26,58,66,-50,229,-97,-186,-4,-2,-14,32,13,104,-24,49,-137,21,-41,-238,-99,43,5,13,41,225,34,667,49,160,348,619,222,266,1377,1119,346,223,267,119,-159,161,-421,216,-671,-24,-209,-118,-196,67,16,71,153,282,52,229,-3,44,-25,9,-233,-33,31,559,85,266,-18,43,-194,48,-2,-4,-10,7,-30,7,-29,0,-30,14,-165,-14,-69,24,-33,5,-69,30,-36,39,-23,142,-11,19,-1,51,-122,33,-13,0,-10,7,-44,12,-127,58,-1,0,-13,7,-7,7,4,18,-33,13,-56,154,-2,23,9,27,9,66,-168,25,-142,-34,-13,-10,-248,-52,-206,-7,-24,-4,-61,1,-16,-28,-8,-2,-31,1,-26,23,-3,30,-38,-19,-40,-4,-31,2,-8,3,-70,2,-37,-65,-14,-96,-49,-9,-30,-70,-86,-49,28,-88,35,0,27,-76,65,-26,0,-63,-75,2,-294,9,-45,-31,38,-93,-26,-243,34,-92,-58,-19,-26,-45,-50,10,-165,-62,-207,4,-50,-34,-3,-170,-79,-3,-15,-103,-147,21,-34,-89,-117,-120,33,24,7,-10,13,-78,57,-36,8,-30,10,-6,14,2,147,43,16,-7,1,-20,27,-30,28,-47,1,-27,-15,-16,-83,-71,-12,-7,-29,-3,-14,-11,-21,-44,-8,15,-3,59,-13,10,-17,-1,-21,-21,-17,0,-7,18,-34,21,-14,68,-37,-12,-30,-29,-17,-1,-11,5,-23,35,4,-231,12,-48,-3,-21,-11,-14,3,-18,14,-23,74,0,17,-8,1,-14,-15,-18,0,-75,32,-49,-14,-10,10,-16,-3,-10,-29,-22,-32,-10,-17,-40,-14,-14,23,-42,46,-13,27,-31,34,-25,8,-16,-13,-14,2,-12,19,-6,5,-32,-11,-13,12,-22,2,-26,-6,-14,-24,-5,-5,-12,19,-36,34,1,47,26,75,10,32,-24,0,-24,24,-8,8,-29,24,-32,11,-28,35,-31,13,-37,-7,-13,-22,-7,-14,-16,-9,-43,-3,-19,16,-31,19,-18,38,2,42,18,23,2,19,0,9,-9,-12,-31,-6,-74,-11,-10,1,-79,11,-14,40,-8,9,-30,41,-57,-17,-12,-19,9,-20,0,-32,-24,-68,-18,-17,-37,-27,-8,-6,-23,-23,-10,-50,0,-91,-18,-14,-22,-14,-2,-36,12,-16,-1,1,-23,-37,-40,4,-34,-17,-21,11,-18,-1,-12,-14,-12,12,-12,2,-14,-27,0,-15,-14,-73,-1,-54,2,-19,12,-71,-2,-4,-60,-10,-31,0,-48,29,-19,-5,-11,-13,-4,-43,16,-70,1,-24,18,-109,-8,-31,-14,-219,0,-2,-16,-11,-8,-49,-4,-30,-35,-72,5,-16,-7,-32,-83,-1,-22,2,-17,23,-24,4,-23,44,-24,-14,-36,6,-34,-13,-64,21,-16,-2,-11,-3,-10,-98,0,-6,-10,10,-34,-6,-9,-10,-5,-11,14,-23,-6,-7,-64,-14,-18,-13,-33,15,-24,-3,-26,-30,-31,-25,12,-22,-13,-49,-10,-16,8,-34,-12,-18,18,-37,-17,-35,-2,-14,-13,-9,-41,-28,-43,-10,-27,17,-35,-7,-52,-88,7,-103,-1]]]
1276509	r	76.3614,14.8588,77.169,15.8375	[[[763614,149959,47,-34,-31,-68,130,-34,-13,-250,57,14,110,-23,26,21,1,-36,137,-39,-61,-162,-37,-17,279,-24,42,46,44,-2,273,-102,81,21,-169,-94,-1,-69,77,-191,-15,-77,49,-27,12,-49,7,8,3,3,45,44,15,-2,1,0,30,-5,-2,-127,67,-90,41,22,97,-7,37,21,2,54,182,47,58,-36,99,24,-31,38,82,4,32,54,233,-12,50,-147,169,-68,58,52,21,176,383,18,47,92,105,40,179,-21,79,25,34,-26,5,155,-112,44,-58,262,187,-29,185,-112,95,34,-6,112,104,56,1,209,-13,18,-2,23,-37,27,-229,31,-114,311,-46,31,-1,78,52,39,77,2,5,-59,175,-25,6,172,76,-6,52,28,162,-42,32,-90,-83,-138,3,-116,58,-118,143,13,52,-22,57,64,66,-151,110,5,174,-60,223,2,115,-131,51,1,76,99,257,34,-12,-125,35,-192,-21,-154,2940,-406,-177,2242,63,57,68,144,3,143,-84,-7,2,17,-80,15,-12,142,9,14,221,-11,20,108,42,31,-29,173,-115,261,-31,-2,4,30,-50,31,6,32,-22,11,-109,11,-11,148,28,2,46,108,23,-1,7,55,241,9,-7,103,-73,-9,-65,63,-57,-10,-2,23,47,5,-4,166,-226,18,-60,763,-381,243,-399,-22,-4,14,-134,77,-30,43,64,159,-36,114,-58,97,-23,16,-34,-24,-197,-114,-207,-95,-215,-75,-222,-54,-226,-32,-229,-11,-229,11,-226,32,-222,54,-215,75,-207,95,-103,60,-353,551,-80,9,-175,-41,-251,-168,-125,-186,-54,-33,-261,-57,-276,-13,-162,-174,-38,-124,-205,-117,-168,-46,-64,-98,-80,-58,170,-148,-78,-191,33,-92,-21,-98,19,-80,23,-31,238,-63,23,-40,96,-2,-19,-86,-69,-31,-65,-316,57,-104,86,48,53,3,47,51,65,2,26,57,67,-48,34,-76,160,-123,-64,-82,-64,-232,-72,-112,-96,-20,-19,-42,-299,-21,-183,88,-54,-104,-151,72,-168,-175,-86,44,-98,-42,-120,140,-12,67,-61,72,-322,110,-164,123,-42,-89,37,-69,-81,-100,-141,-133,-133,-4,81,-123,108,-80,69,-126,185,-233,194,-455,204,-212,-188,-280,-95,-39,-296,73,-122,159,-174,29,1,-111,56,-46,30,-101,28,-11,9,-84,-110,-69,-151,0,4,-110,-76,-146,-101,-10]],[[770143,158211,53,-31,183,-132,170,-149,54,-58,5,21,54,-11,13,50,-6,126,-33,4,18,212,-17,48,-211,-3,-22,40,-45,-31,-107,78,-92,-153,-17,-11]],[[770850,156579,2,-1,15,-3,14,-14,134,-77,15,-27,4,-28,12,1,9,-10,12,-3,8,-16,-12,-27,11,-4,9,8,39,-29,92,-39,75,349,-87,16,-2,7,7,15,4,16,-78,44,9,23,-204,124,-88,28,0,-353]]]
1276300	r	86.5301,24.7192,87.5517,25.6174	[[[865302,250120,825,-1201,230,-63,257,-55,260,-39,262,-24,264,-7,264,7,262,24,260,39,257,55,107,29,0,-297,1485,-464,1,0,2979,-932,35,54,0,4105,13,31,-9,47,28,54,38,2,24,118,53,49,-52,49,15,106,53,94,-29,52,94,284,54,-3,15,-69,255,-48,118,-55,34,89,81,94,40,-17,47,56,89,-10,28,-54,78,-30,1,-39,107,-12,368,-172,26,7,7,-26,153,-6,-18,359,3,19,-2,51,11,18,1,15,131,209,100,-16,-18,32,17,37,-50,44,31,53,-85,40,-25,67,-13,97,4,1,-1,5,37,3,31,97,4,-8,4,8,76,-149,159,6,149,-127,104,7,-2,141,48,274,26,19,16,81,-103,-19,-143,120,28,50,-33,84,-23,-10,14,-68,-108,53,-133,-25,-125,155,-21,27,-86,-25,-169,4,-68,-70,-130,36,-68,179,-50,-67,-221,61,-15,55,23,61,-28,-14,-236,142,-148,38,-30,61,43,35,-32,60,-83,-94,-178,16,-191,-92,-55,10,-56,-66,-74,17,-93,-40,7,-49,-108,-265,-393,682,-125,217,-20,-78,-16,5,-15,11,-163,53,-63,-122,-105,49,-89,-95,-56,84,-131,27,-64,-53,-39,-87,-74,-7,-134,20,-2,-2,-7,2,-24,-25,-59,15,-42,-14,-14,31,-156,-57,-65,38,-11,7,-20,58,-63,14,6,-27,-48,-9,-24,74,28,34,-52,16,28,76,-4,143,101,19,78,111,10,186,-20,78,22,57,-166,61,-118,-81,-63,75,-128,-4,19,86,-28,40,85,295,-18,116,-173,185,19,185,-1878,-431,-823,52,-76,-14,-1138,-1906,-1211,-3755]],[[872103,254819,93,-44,-82,143,-11,-99]]]
1279290	n	91.1411,23.6139,91.5255,24.0566	[[[911411,236537,25,-17,207,-114,217,-95,227,-75,234,-54,238,-32,241,-11,241,11,238,32,234,54,227,75,217,95,207,114,194,132,178,149,162,165,143,178,124,190,103,201,82,209,58,215,35,219,12,222,-12,222,-35,219,-58,215,-82,209,-103,201,-124,190,-143,178,-162,165,-178,149,-194,132,-207,114,-217,95,-227,75,-11,2,-9,-205,-102,-409,-120,-73,-109,16,-78,30,-35,14,-14,1,16,-61,-62,-111,26,-52,-145,-44,-41,102,-108,-165,-65,-163,82,-59,34,-168,-397,43,52,-30,49,-99,-20,-71,-157,-83,-2,-115,25,-69,46,-10,47,-151,86,-119,40,-142,-124,-205,-63,-61,-18,-119,-54,-67,38,-74,2,-196,-55,-84,8,-62,-72,-143,-22,-6,-112,130,-262,-1,-41,-20,-117,-9,-47,-39,-36,-88,-58,-210,58,-209,351,2,50,22,70,-56,64,-1,-58,-221,9,-77,23,-17,-26,-35,14,-29,-49,-9,-16,-31,-104,4,22,74,-68,27,-83,5,-31,-21,-44,15,-7,13,-18,-34,-142,10,-112,-14]]]
1268561	r	81.9608,16.7047,82.4525,17.456	[[[819608,171408,168,-968,965,-1048,300,-805,2621,-297,12,313,-9,483,-53,274,-123,205,85,-316,38,-336,13,-322,-104,-137,-175,87,-13,-20,-61,-27,-76,-22,-54,-6,-61,30,-45,46,-52,43,-305,90,-128,178,-44,226,20,213,51,91,9,-1,14,40,50,44,10,26,-4,30,260,462,76,319,49,65,75,98,304,266,283,369,173,168,352,131,122,138,168,286,6,6,-2516,2730,-197,-31,-225,-50,-221,-65,-216,-78,-210,-92,-204,-104,-196,-118,-188,-129,-178,-141,-169,-152,-157,-162,-95,-111,1950,-1975,-1148,1163,-60,-35,-185,-132,-171,-149,-155,-165,-137,-178,-119,-190,-98,-201,-22,-57]],[[821863,167366,1,-66,74,6,-10,-32,-5,-20,91,-70,77,0,159,-27,377,-103,245,-7,91,21,34,60,72,52,68,101,-27,80,-52,122,-28,-20,-13,-30,-31,-13,-1,-19,-9,-7,-9,-26,1,-19,-47,-66,-27,-22,-33,-3,-43,11,-56,2,-20,-8,-42,-49,-64,4,-50,-17,-101,20,-77,-5,-32,6,-47,23,-1,22,-11,12,-148,56,13,34,-3,37,8,20,32,34,7,23,27,14,-14,40,38,15,34,-2,13,8,-21,44,-14,12,-12,3,-15,-7,-9,-47,-12,-2,-27,24,-9,-9,-5,-18,31,3,-15,-31,-13,-12,-1,-17,-9,-1,-34,15,-8,12,-38,-27,4,-14,-7,-24,-40,-34,19,-24,-13,-22,-5,2,-17,-40,-82,3,-60,28,-18,-9,-8,8,-23,-8]]]
1265014	r	76.2024,17.9523,76.8503,18.6482	[[[762024,183939,222,-144,241,-48,85,-106,177,170,136,62,-33,-465,279,-101,12,1,26,-9,1,-48,-25,-435,-41,-29,1561,-3264,3741,2329,97,4630,-2325,-180,-1846,-874,-72,57,-7,38,-92,-2,-114,-56,-124,-17,-23,-30,-61,20,-82,-18,-80,17,-74,153,-110,63,-30,4,-81,-53,-95,40,-56,61,-106,-52,-112,36,-84,73,-71,-29,-64,9,-42,-237,-61,-132,1,-134,-147,-30,-17,-30,26,-108,-7,-117,48,-11,-60,-108,34,-8,15,-39,86,-32,25,-66,-76,-37,5,-33,-323,-153,61,-128,-41,11,-47,-9,-60,-66,-57,-190,-126,-139,-7,-7]]]
1260482	p	1275004
1258932	n	81.5487,16.6931,82.1041,17.2261	[[[815487,170382,1167,-1408,1126,-391,837,-1652,1773,440,651,1216,-300,805,-965,1048,-168,968,-7,41,-140,150,-171,149,-185,132,-198,114,-208,95,-217,75,-224,54,-228,32,-230,11,-230,-11,-228,-32,-224,-54,-217,-75,-208,-95,-198,-114,-185,-132,-171,-149,-154,-165,-138,-178,-118,-190,-99,-201,-77,-209,-56,-215,-10,-59]]]
1272691	r	73.8508,20.6274,75.2066,21.6345	[[[738508,210048,4,-66,188,-126,240,-66,81,25,1,-59,81,-112,-13,-50,-98,8,-69,-51,-41,-215,107,-116,192,-148,77,-186,-13,-374,52,-85,185,-39,77,35,70,1,41,119,91,-27,38,-38,97,-5,22,-28,130,-20,21,-63,73,78,-13,22,26,76,23,-96,86,79,65,-125,112,-48,192,143,49,-18,92,16,199,-77,56,38,-27,52,32,51,81,-2,52,80,38,-21,85,39,133,-121,58,-22,108,15,4,102,277,-46,44,15,47,-39,55,43,74,-45,155,17,33,-64,60,-15,65,25,34,-12,82,93,44,0,22,-57,73,-24,42,16,54,-22,-15,24,187,22,224,-125,75,60,31,-8,77,-116,39,4,13,129,86,-23,27,51,-5,62,31,-23,21,28,25,-15,4,-55,-30,9,-24,-26,58,-20,12,-40,22,22,-2,-19,105,-7,22,-37,21,21,72,-23,22,16,-30,76,34,40,26,-19,-14,53,39,-9,10,19,13,-32,36,62,-4,-113,27,-10,24,-66,28,-6,-8,-39,-29,-10,-106,35,-24,-9,12,-34,87,-39,8,-46,30,6,-1,-38,48,-59,112,-84,232,-113,34,26,-11,71,75,73,67,-35,101,73,96,7,-13,72,40,69,61,-52,-24,-77,88,-59,26,35,114,1,31,-103,34,-2,140,74,43,140,60,53,52,-61,219,-54,93,74,2,-122,155,-58,145,-17,153,-65,138,-140,15,-76,312,-89,-18,-115,-88,-65,-3,-45,47,-24,-7,-69,35,-27,-87,-128,35,-78,27,-8,-22,-133,-63,-109,152,-18,78,19,376,-85,93,-84,135,-6,-27,-36,23,9,45,-82,43,8,28,41,41,-41,44,28,34,-41,33,26,18,-41,73,-14,-11,28,38,21,4,-46,71,38,86,-61,59,19,33,-35,46,-1,9,-21,-28,-186,94,1,20,-37,0,1,13,-25,99,-46,83,57,92,-19,7,59,122,-19,177,45,31,31,163,-4,89,71,12,67,328,6,23,81,60,75,-5,64,27,40,126,83,-60,163,52,81,-72,42,7,22,123,-13,178,100,36,50,67,-35,25,17,135,-37,1,-3,417,198,-861,1494,0,26,-14,-2,-195,338,-55,-43,-9,-23,1,-28,-216,13,2,73,-6,38,-7,48,-8,124,7,78,62,-7,50,13,67,-21,23,70,-39,34,7,63,-112,112,-12,48,-2,64,10,59,9,16,14,53,-28,20,-12,45,-27,50,-14,49,-91,63,-70,22,-2,-1,-16,6,-30,123,-259,21,-55,67,-18,-25,-20,-60,-13,-7,-21,12,-112,19,-4,23,49,70,12,37,1,34,144,28,89,44,43,119,-14,44,-19,33,-6,48,37,46,60,27,71,53,-16,94,8,36,22,73,5,36,18,42,49,64,121,94,28,34,45,23,66,13,63,-12,52,0,56,84,26,20,16,6,162,101,20,47,-1236,-624,-36,5,-230,54,-223,75,-214,95,-203,114,-190,132,-175,149,-159,165,-141,178,-122,190,-101,201,-79,209,-58,215,-35,219,-11,222,11,222,35,217,58,104,-86,-21,-72,3,-164,109,-208,28,-88,-34,-99,-88,-65,-12,-172,143,-206,100,-172,27,-197,-38,51,-110,-26,-163,-47,-28,-10,-39,87,20,63,-47,-23,-49,-141,-133,-18,-210,-130,-6,45,-407,-73,-31,0,-84,159,16,10,-6,8,1,4,-7,14,-7,73,-127,5,-91,-5,-7,0,-6,-124,-161,28,-20,-20,-90,4,-36,-13,-2,-1,-7,-100,-10,-8,-1,-410,-41,-35,82,88,27,-22,48,-79,37,-19,51,-198,-43,24,69,-24,22,-115,-23,-104,-76,-315,-39,1,-205,-126,-25,-270,39,5,145,-129,-76,-108,-6,-114,16,-106,80,-62,12,-196,-24,-139,-85,-125,8,-66,-188,-224,-12,-11,-27,-28,23,-55,-98,-50,-4,-141,61,-21,33,34,58,-55,59,-25,-54,-27,-18,-34,17,-9,-46,-47,-7,-12,-36,17,-30,26,13,23,-46,-30,-34,-231,71,-43,-8,-91,-52,-74,-94,-83,-39,-9,28,-58,-17,-10,-41,-106,-64,-53,-93,-113,-24,-19,-35,67,-95,130,-89,8,-87,-36,-50,26,-30,70,-40,84,21,69,-109,-17,-114,-77,30,-58,-7,-39,74,-96,96,-228,-21,21,81,-135,93,-156,-26,-48,-119,-154,-97,-257,-75,-186,-116,-122,-231,44,-75,-37,-94,108,-109,-7,-112,-61,-83,-176,75,-208,-16,-29,56,-3,-67,-113,-9,-111,-46,-222,-14,-79,31,22,-129,-59,-150]],[[747582,215449,81,45,214,95,223,75,230,54,234,32,236,11,110,-5,1959,-1100,58,-90,101,-201,79,-209,55,-202,-404,-1471,-913,-460,20,-31,92,-90,64,-27,164,44,58,-12,30,24,106,-9,39,153,22,25,112,20,36,89,147,62,136,7,28,61,79,-7,29,11,71,79,68,175,122,79,28,45,-13,121,107,66,-6,190,44,87,5,98,-82,76,-123,27,-17,36,4,9,-2,6,18,33,55,26,9,0,14,5,60,-7,60,-43,45,32,-2,48,-111,62,-16,30,3,8,-6,16,44,95,-2,87,135,61,81,142,134,-17,108,83,224,33,-266,175,-99,10,-363,138,-266,173,6,40,-59,76,-44,139,-90,127,7,159,-26,-10,-345,497,-371,42,3,55,-361,200,-439,108,-250,86,-91,148,-111,-1,-28,23,-14,-22,-19,17,-60,-26,-25,22,-35,-9,-2,20,-64,-32,-26,59,-61,-79,-186,-45,12,-33,-14,-1,-66,-4,-14,-80,-34,11,-69,-27,-67,21,-11,32,-37,-18,-12,24,-53,8,-35,-55,-82,29,-72,-21,-73,48,-65,6,32,-67,-125,-311,-14,-334]]]
1258076	r	76.3165,28.5662,76.8273,29.0957	[[[763165,290295,342,-1338,20,-4,-14,-18,4,-14,5,-10,60,-47,1,-24,24,-35,19,-15,27,0,-29,-27,-49,-69,209,-816,47,-44,16,-1,1,-15,2329,-2156,695,1056,6,23,-23,40,8,22,-10,238,-45,15,16,24,66,62,79,177,33,40,49,-3,40,6,16,61,47,107,-10,51,70,22,80,-18,66,4,46,-21,94,105,1,0,741,1126,-33,112,50,100,-1,53,15,85,-21,59,-32,36,-1,18,-28,49,-47,5,-49,-18,-75,252,-126,48,-36,-32,-71,-79,-26,5,-11,-6,-59,43,-41,48,-23,17,-30,61,-70,-5,-27,-36,-76,0,-86,45,-57,49,-20,10,64,138,43,40,-16,17,-9,58,23,103,-58,27,-45,10,-24,35,-19,13,-5,42,-61,47,-88,36,-2,1,-40,31,-42,72,-81,-16,-130,31,-143,73,-102,75,-15,-15,-36,-2,-9,-13,-36,4,-16,-6,-43,7,-32,19,-88,-5,-20,12,-35,-6,-15,10,-106,5,-59,18,-23,-7,-51,33,-12,1,-83,-4,-51,-22,-19,4,-61,-7,-49,14,-4,2,-26,29,4,15,-60,-60,-1,-43,-12,-47,-1232,470,-1171,-662]]]
1279228	n	74.5024,18.8639,74.9776,19.3161	[[[745024,190900,11,-222,34,-219,57,-215,78,-209,100,-201,120,-190,139,-178,157,-165,172,-149,188,-132,200,-114,211,-95,219,-75,226,-54,231,-32,233,-11,233,11,231,32,226,54,219,75,211,95,200,114,188,132,172,149,157,165,139,178,120,190,100,201,78,209,57,215,34,219,11,222,-11,222,-34,219,-57,215,-78,209,-100,201,-120,190,-139,178,-157,165,-172,149,-188,132,-200,114,-211,95,-219,75,-226,54,-231,32,-233,11,-233,-11,-231,-32,-226,-54,-219,-75,-211,-95,-200,-114,-188,-132,-172,-149,-157,-165,-139,-178,-120,-190,-100,-201,-78,-209,-57,-215,-34,-219,-11,-222]]]
1259091	n	76.501,8.7098,76.8073,9.0684	[[[765011,90210,127,-189,31,-115,10,-132,36,-161,66,-143,100,-79,-37,187,44,148,109,118,157,99,-39,-153,-34,-60,-70,-66,75,-143,73,112,109,308,60,65,237,-112,141,-23,61,104,54,48,120,56,138,28,106,-33,0,-76,-120,-47,-146,-37,-76,-45,61,-25,117,-71,87,-74,-32,-35,-543,68,-100,-50,-110,-118,-83,-138,-17,-110,93,-117,122,11,135,48,133,-4,-107,-74,-187,-99,-179,-37,-142,208,-110,-10,-41,-117,146,-218,859,-717,158,-192,353,-600,337,-300,114,103,150,165,133,178,115,190,95,201,75,209,54,215,33,219,11,222,-11,222,-33,219,-54,215,-75,209,-95,201,-115,190,-133,178,-150,165,-165,149,-179,132,-6,4,-2046,-474]]]
1275637	r	81.3014,21.5645,82.7304,22.7037	[[[813014,222974,6901,-3593,0,-6,97,-96,21,-118,160,-14,49,-50,45,-148,75,-119,154,-13,144,-115,324,-144,259,-243,78,16,277,143,110,-27,117,-61,41,-96,-50,-276,17,-115,115,-251,76,-43,155,-29,679,-46,72,-34,83,-241,91,-79,105,-21,726,-31,175,72,2978,-1551,216,1290,-2783,4831,98,27,120,104,-172,92,23,64,-22,46,29,49,-20,60,-67,52,-150,14,-15,72,-61,85,7,35,-203,104,-122,33,11,75,174,139,-150,240,-158,-15,-51,-34,-42,30,-27,110,-205,127,-259,-39,-2,-2,-5,-1,-107,-140,-31,-97,-99,-39,-41,-66,-96,-22,-259,118,-1,33,65,58,39,105,-38,164,-294,8,-31,-11,5,-39,-29,-22,-180,113,-22,-127,-95,-151,-30,26,7,38,-48,-11,-82,32,-32,49,-83,22,-23,-28,-39,29,-41,-2,-14,26,-136,-7,-89,43,-9,14,87,62,31,110,7,233,-46,88,170,-5,-17,159,127,56,49,61,-105,150,-34,156,-108,25,-198,99,58,123,-5,146,161,197,53,241,-1,3,3,13,-76,179,97,29,-9,73,125,38,41,36,10,43,131,126,110,172,27,-5,-289,502,-3892,578,-4225,-2424,-81,-142,-240,-494,-205,-509,-161,-494]]]
1275960	r	74.0128,25.0145,75.4609,25.928	[[[740128,253839,12,-58,70,-26,9,-71,40,-37,-38,-169,153,-172,108,-23,25,-49,107,1,63,-40,74,66,68,-58,11,-55,-28,-48,37,-8,-37,-17,8,-24,-39,-45,-9,0,-2,-1,-138,2,-82,27,-90,-27,4,49,-69,64,-65,23,-64,-9,-30,24,-1,-72,139,-67,9,-31,-18,-89,-72,-82,15,-194,91,8,88,-198,-2,-59,32,-14,121,75,176,-20,169,-78,155,135,108,-43,-192,-386,-40,-194,-96,5,-61,-38,-12,-40,-84,22,-128,-284,-48,-40,32,-60,80,-4,110,93,138,7,-6,-90,47,-7,15,-42,106,-30,33,63,192,-81,0,-32,147,0,61,-60,132,26,125,-125,-11,-94,107,-42,-1,-15,8,-5,-10,-36,-43,12,-28,-57,70,-10,12,-297,38,-43,94,11,103,-68,133,12,-74,75,35,76,49,34,114,16,66,3,158,-60,19,35,113,-15,60,157,-15,14,51,85,-18,28,21,58,121,-28,70,80,39,3,56,96,125,84,204,-36,23,208,117,160,62,23,141,-47,62,125,21,135,-153,86,13,33,123,7,118,110,43,-34,-45,-126,104,-38,18,21,-35,17,19,76,73,76,33,-17,7,-57,41,-15,60,-133,54,-30,67,16,72,-18,1,-81,146,-50,324,371,152,-3,-23,-192,341,-9,44,-35,63,-8,-8,-35,-95,-72,7,-21,26,15,-7,-58,34,-50,-125,-85,270,-151,139,168,185,-9,180,-70,128,150,139,82,88,124,84,55,124,-23,27,13,88,-49,29,49,73,-37,124,229,14,9,25,16,20,12,54,6,19,2,55,6,56,-197,-75,-25,-60,-88,98,-33,84,63,75,-20,75,80,-19,163,21,102,50,59,68,-53,170,-50,22,-26,12,-74,53,-31,24,-67,0,-46,-41,-52,147,-70,-39,-158,4,-1,14,-7,31,-15,74,-18,175,15,128,-58,79,60,100,182,-106,34,-16,69,29,89,69,-16,51,-43,-19,-42,48,3,6,-43,291,125,186,-94,-70,-137,-33,-137,-73,-69,89,-1,46,-26,76,40,32,-15,48,-34,86,-150,93,269,41,-87,30,-4,36,33,97,-51,75,-282,61,-77,229,116,81,130,7,11,76,-5,77,77,67,1,-3,-64,38,-75,324,-83,143,96,139,-23,216,52,74,-10,83,-82,-66,-93,33,-49,255,13,178,-68,38,10,114,-77,200,-21,-61,-76,-78,-283,30,-73,-18,-96,-3,1,-1,-5,20,-29,59,-3,72,53,94,-40,99,-9,66,33,161,-20,193,70,80,-33,146,-5,118,35,234,-27,69,26,33,-20,121,-75,-46,-14,76,-84,5,-78,369,39,53,52,157,-42,377,37,52,254,-89,0,20,111,-82,17,-1,109,-161,104,-28,121,-139,75,115,238,96,35,170,113,52,127,-25,78,62,108,20,297,-76,237,61,159,-65,65,-2,169,-90,119,-163,72,-89,-9,-207,182,-181,94,-36,63,-262,61,-67,63,-16,99,-126,245,-64,27,-44,62,-246,201,0,109,-78,-20,-21,-32,-89,17,-30,31,-34,136,7,48,53,47,183,92,182,-143,61,60,1,65,90,67,58,164,172,76,113,111,33,14,52,46,35,100,-25,56,66,62,-73,124,23,83,-56,139,238,211,22,138,131,28,137,148,120,230,59,72,18,29,-9,116,53,97,11,100,-136,337,351,251,38,72,-228,256,-28,11,-36,-29,-45,17,-6,9,-17,9,-92,180,-162,81,-82,-61,-12,-23,24,-23,-72,-140,-58,20,-92,82,-166,-15,-146,39,-68,-33,-145,77,-89,-60,-199,-247,-136,-119,-25,-137,18,-96,-109,39,-28,-5,-9,-5,-55,-110,-28,-68,-6,0,-2,-3,-129,-3,-42,10,-17,1,-87,25,-127,32,-14,9,-12,4,-107,72,5,31,-59,48,-163,38,-112,96,-64,21,-133,-32,-66,-154,-223,25,-78,-102,-68,46,-161,21,-18,78,51,114,-197,121,-13,18,-15,22,-9,13,68,142,-56,28,108,146,-14,101,-96,-22,-273,54,-293,233,178,152,27,55,73,20,-10,49,51,102,-155,62,-84,62,-225,-162,-84,49,5,64,-42,25,1,66,-411,-10,-62,79,-107,77,-229,38,-123,-106,-36,35,-92,-4,-231,56,-340,-77,-199,11,-290,119,-55,109,-87,17,-181,140,-73,0,-126,70,-149,15,-476,-41,-323,-108,-103,3,18,74,-171,29,-50,2,-8,-67,-202,48,-137,-12,-21,-103,114,-60,35,-69,41,-14,-62,-121,-132,49,-138,-38,-113,-121,-61,30,45,128,36,30,-10,105,-29,10,31,28,-9,48,-40,-2,-27,88,-404,161,-81,-19,-67,-166,-32,-26,30,-127,77,-103,-129,-21,-62,-42,-62,46,-46,-3,-94,-63,43,-91,149,-71,-110,-291,-82,-86,-98,43,-227,-192,-67,70,-146,12,7,-103,31,-33,132,-40,36,-71,81,-66,-81,-364,-228,-52,50,97,-43,33,-115,13,-10,95,261,21,27,38,-2,58,-67,101,-82,-61,-119,141,-204,-139,-374,-39,69,-176,-181,-69,-19,-92,-68,-1,-2,71,-163,20,-64,-29,-37,-124,-91,-89,-130,-78,-19,84,63,129,-1,3,-111,-18,-27,-7,-138,-72,-109,-16,-118,-111,-29,-82,-91,-38,0,40,-82,74,-47,159,-101,-63,-71,39,-102,-24,-26,-41,-79,-27,-227,-43,-61,23,-78,-56,-10,-18,-137,-98,-7,-12,12,-69,-59,-189,119,-46,71,-98,76,-54,106,-2,29,-63,76,-46,-107,-92,-33,-105,55,-208,-90,-25,-58,-121,-68,-7,-70,46,-72,-123,-176,-19,-110,-92,-1,-32,5,-31,77,-43,37,1,1,18,176,-54,-62,-198,39,-111,224,-144,-58,-7,8,-32,-39,-36,-55,2,-62,-58,67,-48,28,30,21,-7,-27,-56,-163,0,-13,21,-70,-53,-255,102,-2,-36,-68,-72,53,-17,-30,-130,78,-26,24,-18,-30,-33,55,1,29,-31,-105,-25,-60,36,-92,-1,21,-59,-28,6,-37,-55,-84,-7,60,-6,-35,-143,89,-21,132,42,174,-24,30,20,53,-85,-71,-70,-16,-57,204,-59,-53,-86,-45,19,-104,-28,-52,-66,-119,27,-86,-123,-75,66,-52,0,-51,-41,17,-5,-20,-42],[741277,256698,31,60,90,20,92,69,89,-57,-3,-92,-98,-36,-184,6,-17,30]]]
1275198	n	84.552,19.0847,85.0252,19.5361	[[[845520,193100,12,-222,34,-219,57,-215,78,-209,100,-201,120,-190,140,-178,156,-165,173,-149,188,-132,200,-114,211,-95,220,-75,55,-13,-36,37,-28,56,10,126,102,146,25,103,51,86,119,-93,137,-150,108,-81,26,9,132,44,811,993,1238,1034,293,194,-18,114,-57,215,-78,209,-100,201,-120,190,-140,178,-156,165,-173,149,-188,132,-200,114,-211,95,-220,75,-227,54,-231,32,-233,11,-233,-11,-231,-32,-227,-54,-220,-75,-211,-95,-200,-114,-188,-132,-173,-149,-156,-165,-140,-178,-120,-190,-100,-201,-78,-209,-57,-215,-34,-219,-12,-222]],[[847498,190874,169,-24,70,-3,46,63,17,61,-48,34,-74,13,-68,-2,-42,-40,-70,-102]]]
1262330	r	84.8717,25.8398,85.7543,26.4033	[[[848718,262570,76,-173,-31,-20,58,-40,223,20,25,-18,-11,-81,-71,-94,-51,1,62,-93,20,-84,159,-202,-12,-125,-39,-35,-25,-83,95,-176,209,-169,4,-2,2,-3,-15,-107,45,3,40,-48,-108,-56,24,-40,64,-7,11,-161,-23,7,-1,-63,42,-86,-32,-14,-22,-80,-93,-35,-33,-83,43,-24,-30,-98,56,-94,-28,-14,18,-27,186,-81,47,-117,85,-23,128,102,104,43,-3,34,18,-1,66,-54,57,3,102,-123,181,29,80,-21,32,-52,125,-45,2,-21,85,-95,57,8,70,-44,46,60,3859,-1370,635,826,43,0,55,-95,151,-35,34,14,22,137,32,16,97,-26,2,23,39,6,20,-48,67,-6,8,19,74,-1,34,48,114,-24,-7,30,136,-48,1,-37,150,24,1,147,39,32,-97,29,-44,147,25,134,80,57,-25,39,30,38,-68,30,10,42,-35,39,19,95,143,-20,77,156,32,-3,67,64,2,35,168,-4,92,199,106,-12,5,77,4,57,90,46,-35,36,29,104,-19,84,-36,11,74,14,12,176,18,20,97,-29,81,16,-17,33,-44,-6,-20,24,16,129,109,15,9,32,112,88,1,44,32,2,-37,60,-62,37,-26,72,-207,34,-3,124,32,3,13,33,-18,74,17,137,-75,5,8,80,-81,17,-2,37,-32,5,-4,99,-102,5,35,130,142,8,31,90,-97,26,-21,-26,-36,5,-63,70,63,90,40,2,19,47,91,14,10,40,-25,15,5,153,-104,25,0,114,-11,-8,-6,-5,-2,0,-44,25,-18,-27,-6,6,-2,-2,-3,7,-27,28,-26,92,-27,-9,-18,30,-19,2,-49,0,-9,-2,-5,0,-62,-73,-146,64,-63,-13,-19,49,-69,-45,-60,10,-36,-30,0,5,-6,-4,-1,0,-3,-2,-23,23,-9,9,1,2,4,6,-1,0,62,77,-16,50,-41,0,-32,35,-91,-14,-18,-24,-39,8,-2,64,56,9,-52,90,-204,56,-69,68,-90,-1,-23,46,54,61,37,114,-30,91,-111,-50,-24,-33,-81,3,-75,-131,-68,-28,-112,20,-12,75,-98,-48,-6,5,-8,-3,-10,13,-59,37,-65,17,-17,-3,-44,-59,11,-116,-70,-7,-8,-77,-71,-5,-13,-55,-59,-23,-12,-111,-110,-22,41,-57,-31,-1,-53,-82,15,-75,-31,-108,-53,-2,-21,-97,-57,-7,-97,-208,-31,47,59,91,-187,-116,-21,11,64,45,-26,59,30,87,-156,-201,-77,152,68,21,-32,38,-59,-23,-9,-3,-47,-101,-4,-8,-43,25,13,87,104,50,-38,91,120,-37,40,23,-57,153,-81,-14,-42,-69,-66,121,-77,21,1,-24,62,-27,40,-123,-89,16,-83,46,-7,119,1,1,99,35,-66,91,19,108,66,51,-134,37,19,55,-37,11,-47,-25,-53,30,8,49,-1839,340,-992,-764,-28,54,-68,-46,-81,131,-66,10,-42,-35,-59,31,-23,-67,-66,-14,-43,-93,-59,-3,-39,-53,-56,35,-16,58,-127,46,-109,-14,-132,-76,-415,47,-145,-3,-124,-42,-75,25,-141,-270,-107,-373,-56,-47]]]
1259239	r	76.1139,22.011,76.6661,22.4873	[[[761139,222300,6,-168,0,-2,85,-1,0,-49,111,47,195,3,-8,-40,46,-66,-1,-130,-68,-110,-33,-40,-133,13,-121,-49,-2,-5,17,-69,52,-161,64,-158,75,-153,65,-114,26,2,19,37,10,85,187,24,7,25,165,-67,83,-182,211,25,-40,-113,34,-48,37,-6,21,-110,-247,-49,-15,-225,64,-56,3297,-280,86,50,147,98,140,107,131,115,124,123,115,130,105,137,95,143,85,149,75,153,64,158,52,161,41,164,30,166,17,168,6,168,-6,168,-17,168,-30,166,-41,164,-52,161,-64,158,-75,153,-85,149,-95,143,-105,137,-115,130,-124,123,-131,115,-140,107,-147,98,-153,89,-160,79,-164,69,-169,60,-173,49,-176,38,-179,27,-179,17,-181,5,-181,-5,-179,-17,-179,-27,-176,-38,-173,-49,-169,-60,-164,-69,-160,-79,-153,-89,-147,-98,-140,-107,-49,-43,93,-13,210,-242,15,-67,-58,-156,-78,-69,-8,-66,-44,-17,-93,12,-46,-31,6,-37,74,-57,42,-93,-7,-36,-86,-68,-220,-427,-14,-67,-229,-202,-438,-44,-4,-44,-6,-168]]]
1262332	r	77.4413,29.1278,77.9821,29.8809	[[[774413,294656,70,-54,15,-7,35,-32,19,-8,7,7,81,-45,-78,-110,200,-20,335,-98,-29,8,49,-826,-442,-947,228,-516,93,-65,21,-3,28,-27,-11,-42,-19,-20,-44,0,192,-433,2409,-140,361,331,-39,6,-76,41,-13,67,79,155,51,-27,5,5,17,-7,20,33,8,-2,19,52,55,96,81,-42,31,22,8,0,12,14,45,-14,2,5,24,-5,67,16,46,-26,11,12,13,0,23,33,29,-15,53,105,12,10,2,4,6,-3,12,37,57,102,127,-53,10,-11,-6,-13,36,-18,7,9,21,-8,17,2,13,-8,17,2,48,-34,13,-1,0,-18,44,-32,44,40,41,51,49,-25,28,-3,17,-10,11,11,9,-5,16,6,35,-23,22,30,-4,3,11,25,0,23,14,28,-98,62,-30,29,-13,25,87,123,-78,41,-43,39,24,26,16,32,-1,48,323,296,-266,1053,353,1348,-13,147,25,-30,36,6,105,74,18,91,-26,143,-193,99,0,2,-96,48,-51,50,178,161,100,-46,166,19,1,168,64,138,-18,17,-27,-28,-122,63,29,182,-114,55,-42,51,-41,-1,-26,42,32,61,-107,83,104,48,19,66,-61,48,-54,-11,-34,22,-36,-27,-76,29,-58,-88,-38,-2,14,-42,-66,-59,-16,33,-124,36,-92,-23,-55,30,-75,-149,-120,21,-74,-88,-48,-4,-171,-112,-62,-3,-59,42,2,2,-226,157,89,92,21,44,-66,8,-100,62,-203,30,-23,50,14,37,48,53,52,100,-127,93,110,185,-74,50,43,66,-3,18,-17,3,-25,26,10,71,9,11,-5,26,-80,45,-6,37,-30,44,-65,22,-18,30,-22,19,45,30,19,42,-41,27,8,35,-11,27,-129,77,33,57,-21,45,8,25,-17,49,-72,20,-65,5,-61,27,-40,49,10,40,-33,23,-9,14,-2,-1,-22,-8,-53,32,-32,-14,-11,5,-25,-25,-71,54,14,14,-7,9,4,5,-20,15,-34,-26,-13,12,-11,-11,-17,13,-11,-8,-10,7,-13,-17,-76,45,-39,-41,-29,9,-23,-33,-3,-28,7,-8,-6,-12,-111,46,-26,4,-18,8,-6,15,-47,-74,-39,17,-55,11,-5,-5,-53,17,-35,18,4,7,-14,2,-38,-13,-46,-86,-71,40,0,11,-20,17,-49,13,-35,-46,-9,-24,-69,38,-4,13,-12,6,-3,27,-60,30,-13,-27,-2,-23,-41,-28,16,-19,-19,-30,-4,-2,-9,-4,-11,9,-26,-54,-1,-2,-10,-10,-7,13,-10,-11,-1,-44,26,-23,5,-18,27,-5,7,-56,-68,-86,-79,-56,-17,-28,-16,-12,-12,-56,44,-68,12,-27,-819,-342,-236,-1076,13,-11,31,-11,1,-15,54,-64,22,-16,-2,-16,32,3,12,28,8,0,5,-25,12,-5,27,5,28,15,59,-27,-7,-35,-30,-37,47,-34,-4,-33,12,-40,-30,-34,21,-21,-19,-30,8,-13,2,-4,-6,-11,-12,-22,-3,-37,40,-1,60,-25,-45,-54,14,-3,9,-19,3,0,10,-1,0,-7,-2,-19,106,-71,-5,-13,-20,8,-22,-17,-31,-41,-12,-29,11,-6,9,-5,-10,-23,-71,-71,-18,1,-37,-29,1,-3,4,-3,11,-2,133,-84,-27,-47,-11,-11,-146,-13,-16,-79,36,-64,-39,-95,-22,-7,-8,-7,-36,-6,-69,23,-33,-45,14,-26,-49,-59,-43,-38,171,-84,0,-4,6,-2,-5,-6,5,-39,-34,-49,-5,-3,-2,-1,-3,-1,-20,-10,-22,-1,-43,-11,-5,-54,-62,-85,3,-13,-46,-62,-28,-24,22,-46,-28,-22,-4,-5,-4,-44]]]
1278130	p	1264527
1273800	r	78.5177,14.2524,79.1139,14.7186	[[[785177,144698,189,-1639,3703,-535,2070,2182,-3095,2480,-2867,-2488]]]
1265767	p	1269843
1268257	p	1275004
1263364	r	77.3359,27.2345,77.9061,27.791	[[[773359,275668,15,-170,109,-67,-32,-46,-59,3,-11,-76,24,-57,158,-92,87,-21,-275,-189,899,-502,-8,-1,-53,-229,143,-97,30,-42,-4,-60,22,-120,260,-58,71,-68,108,64,227,-61,32,-75,40,1,22,-83,132,-106,99,-36,61,15,24,-125,295,-93,0,-41,29,-12,34,-12,74,92,101,40,33,-22,79,2,-3,41,28,-5,21,33,56,-31,-9,-225,-127,-78,-6,-46,-86,-2,-10,-39,79,-56,61,-6,29,-33,-18,-85,75,-43,-75,-73,29,-107,29,-10,112,36,39,-19,18,-60,71,-37,5,-43,48,9,175,-42,53,20,125,-15,155,136,64,-69,50,-9,34,67,168,-60,90,-63,169,70,50,-11,106,-63,-7,-19,104,-42,97,94,-49,62,33,83,91,12,41,48,126,-48,26,12,-41,60,28,80,60,47,54,8,225,161,-222,68,-199,32,964,916,-833,2746,-41,13,-28,-66,-273,171,18,19,-22,29,117,115,-55,115,59,118,-50,21,11,76,-22,16,61,117,-55,181,-277,259,-3221,-2217,15,26,-95,135,22,88,-69,54,-141,-51,-97,27,-64,62,-59,-27,-100,-168,-85,-19,-247,114,51,-46,-82,-52,14,-20,-74,-103,-68,1,-12,-46]]]
1274693	n	79.0896,19.6239,79.5889,20.1728	[[[790897,198428,117,-184,125,-160,14,6,5,-31,57,-215,79,-209,100,-201,121,-190,139,-178,158,-165,173,-149,189,-132,201,-114,211,-95,221,-75,227,-54,232,-32,234,-11,234,11,232,32,227,54,221,75,211,95,202,114,188,132,173,149,158,165,139,178,121,190,100,201,79,209,57,215,34,219,12,222,-12,222,-34,219,-57,215,-79,209,-100,201,-121,190,-125,160,-12,-5,-5,30,-57,215,-79,209,-100,201,-120,190,-140,178,-158,165,-173,149,-189,132,-201,114,-212,95,-220,75,-228,54,-72,10,-23,-26,-2333,-2565,44,-57,24,-19,114,-24,162,-49,102,-18,6,-14,-33,-87,-51,-67,-29,-24,-34,-82,-16,-20,-15,-12,-106,-35,-33,-32,-55,-93,-18,-19,-47,-27,-65,-21,-48,-7,-28,28,-15,-30]]]
1275701	r	75.2706,16.151,76.471,17.4776	[[[752706,171498,0,-8,236,-26,42,35,39,125,-317,-126]],[[753342,169124,14,-430,182,17,152,-48,117,5,52,-33,90,-4,-139,-294,-21,-96,-2,-257,21,1,36,-351,26,-30,54,-8,153,19,0,23,54,27,6,0,589,-687,-100,21,-248,-20,94,-328,77,-12,72,-413,119,-105,109,-57,87,-132,-25,-76,-62,-48,-10,-77,-58,-57,-52,-4,-7,-36,85,-22,-12,-38,89,-23,1,-250,22,-7,0,-34,-48,-174,-304,-19,37,-231,42,-99,-313,-380,9,-54,155,-169,92,-5,78,55,135,-24,96,27,76,70,27,70,-33,148,36,62,307,122,77,2,121,-66,38,-76,-14,-79,39,-175,47,-94,92,-53,51,9,66,163,183,178,77,12,250,-36,388,-194,63,-11,95,-84,166,-80,180,-170,480,-64,113,-39,62,-55,206,-38,164,-79,167,-142,325,-42,194,-203,379,-83,241,-184,57,-12,201,36,101,-6,82,39,105,12,169,-38,60,-113,266,-184,65,-95,26,-177,-90,-113,-13,-56,52,-163,47,-30,178,-27,112,-71,223,-61,170,-96,78,-5,141,46,141,-13,94,-43,615,-140,12,-7,57,-16,177,-114,78,-19,72,32,59,52,87,252,163,58,120,20,61,16,155,212,4,13,17,137,37,52,-67,143,17,280,-276,44,-1,49,-205,-38,-16,155,48,203,-77,13,-38,102,3,17,0,2,6,23,114,60,11,27,7,23,2,0,1,2,85,-5,-10,113,-84,204,11,73,12,29,10,44,30,52,59,-27,85,19,73,-50,53,159,-71,18,26,86,-29,79,15,15,184,2,46,-48,300,34,52,124,124,-49,320,28,-50,627,46,202,-133,401,24,92,-78,224,3,139,-112,242,-12,163,81,197,85,76,8,64,57,98,-16,68,61,58,66,22,35,55,110,53,70,-54,26,-3,-11,28,7,1,-21,121,-131,-7,-46,-89,-191,31,6,128,57,39,0,43,115,42,-20,113,43,43,-66,69,-176,44,-2,-44,-71,3,4,34,-407,4,65,331,140,10,50,32,44,-48,94,-23,35,146,-606,61,6,104,51,127,84,64,71,98,144,-25,156,22,-3,-45,251,-32,4,-134,305,-44,35,55,75,3,-3,83,-35,26,-52,-4,-35,176,-204,11,-15,133,-34,5,4,158,292,30,25,21,-4,112,-64,140,-67,-1,-42,128,-134,27,-65,-158,-68,0,-218,77,41,77,-28,342,285,15,-1,17,79,14,40,169,-74,267,39,14,-59,34,-41,232,39,4,-17,459,-193,-104,-119,-191,-102,25,24,245,-63,55,-180,47,-38,87,51,78,238,70,37,110,-18,32,-74,17,-182,-90,-75,26,-3,50,70,106,22,108,-33,128,-51,72,-70,17,-203,-176,-270,0,-294,-33,-52,-41,-79,-124,-97,-23,-114,21,-65,124,-124,116,-32,106,-36,15,-138,-35,-133,22,-111,61,-108,173,-468,407,-312,62,-41,79,40,110,94,130,-16,57,-39,30,-250,106,-29,45,71,199,-110,231,-114,12,-170,-47,-193,26,-54,-25,-133,-137,-300,-19,-339,-136,-76,42,-139,189,-141,52,-49,56,-6,64,48,131,-10,275,-97,158,-86,-21,-2,-179,-110,-114,-53,-19,-28,15,-24,200,-35,38,-209,116,-67,-4,-46,-54,-2,-109,-42,-89,11,-202,-54,-73,-137,-2,-162,78,-101,144,-35,143,-172,34,-163,119,-55,-15,-127,-110,-143,-7,-135,46,-91,217,-3,205,-76,44,-94,-11,-87,99,-185,100,-54,-145,-55,-35,-71,-273,-1,-2,-18,-67,-55,-26,63,-281,-98,-4,-95,-53,-196,-55,65,-309,154,-62,128,-13,31,-178,1,-6,-1,-2,0,-1,-94,-201,211,-124,76,-219,250,-13,49,-625,-214,-138,18,-62,-144,11,-16,-265,155,-139,58,-182,-6,-156,265,-14,44,-509,-156,-8,-143,-63,-73,-168,61,-59,219,53,-32,-564,102,-129,-42,-59,-182,-5,-69,-87,-73,25,-58,150,-256,13,-13,337,-392,39,-10,-426,-337,-12,-34,43,-195,-191,-207,-64,4,199,-76,116,-169,59,12,65,-245,-58,-162,-153,-341,132,-244,-92,-79,-88,-177,-71,-4,-147,-70,-291]],[[753767,171916,120,-3,166,-47,31,84,-23,82,-294,-116]],[[755050,172420,120,-7,29,67,-149,-60]]]
1256515	r	74.6252,13.4568,75.8243,14.6544	[[[746252,141625,38,-183,159,-21,-19,-61,33,-216,94,-11,-183,-187,162,-202,72,-160,-69,-145,13,-48,223,-43,-79,-279,-65,-130,20,-117,1,0,96,-132,84,-40,14,-73,141,-71,9,-116,-91,-55,62,-57,110,-10,61,-105,-21,-112,111,21,112,69,78,7,132,-58,76,70,8,-17,244,-11,37,-77,31,49,61,-3,80,-44,75,-1,34,22,114,-49,62,-60,27,5,163,-190,15,-95,74,-117,57,-1,55,34,24,69,56,-6,226,-66,56,-68,39,-302,72,-105,8,-164,70,-44,16,-34,3,-3,-1,-2,2,-4,-40,-51,21,-44,-35,-93,73,29,24,-78,90,-38,14,-32,63,14,201,-54,58,-62,160,-20,-24,-173,-13,-48,-51,-32,2,-59,120,-29,28,14,11,-39,34,5,76,-88,48,-6,1,-46,-117,-37,30,-1,-22,-117,8,-22,67,9,106,-73,-4,-40,-47,-47,-92,47,-43,-59,26,-51,-30,-20,10,-82,51,-30,-26,-76,73,-61,77,-5,35,-60,39,-8,47,-54,122,2,116,-119,-30,-131,-35,-32,-106,-17,-39,-113,-39,-25,11,-31,-1,0,0,-2,-35,0,75,-76,3,-54,29,8,42,-29,-6,-167,137,-86,-26,-97,8,-6,8,-4,25,59,41,-4,85,-92,28,-97,-21,-80,24,-41,77,19,92,-80,55,25,108,-223,-19,-59,46,-39,109,53,140,-8,-44,111,103,56,50,94,80,59,101,146,65,-88,52,64,70,33,143,2,30,63,54,17,-23,22,-47,-10,47,65,109,-11,63,43,-53,53,37,154,-40,9,-21,25,15,32,-39,27,61,17,2,3,419,-504,1267,360,1372,1936,2331,3287,60,-14,214,-75,205,-95,26,-15,23,9,71,162,0,145,-71,151,2,110,-83,-75,-211,31,396,558,-672,389,-2269,815,54,0,-6,118,-122,51,-34,72,-150,43,8,111,-48,97,8,191,-88,6,-6,-94,-111,-6,-14,-29,40,-29,-34,-138,-308,147,-153,112,-40,58,-91,37,-51,-39,-118,75,-16,49,-135,69,-156,-7,-140,162,-85,26,3,36,68,150,68,26,166,4,-8,117,47,55,-11,79,-73,3,-112,60,-56,-39,-3,-84,-131,29,-41,59,20,145,34,44,-70,182,70,97,-189,125,-14,94,-52,94,-243,-37,-165,15,-56,-22,-83,69,14,104,105,58,96,-18,75,49,-45,154,-155,137,-114,143,-160,17,-56,-39,3,-213,-82,-3,-105,119,56,115,-92,91,-136,-170,-239,169,-23,98,232,22,63,254,-58,130,-47,3,23,-97,-62,-55,-124,6,-148,122,-50,-29,-21,-47,26,-10,2,-52,-28,-42,-37,-2,-57,87,-88,-55,-18,131,-171,-40,-106,108,-117,38,-36,74,-151,0,-110,30,-120,-42,-106,-7,-19,-75,-88,-45,-166,-309,32,-222,-59,-102,22,-116,105,-38,110,-130,102,31,66,-53,-67,-40,-23,-60,-154,-42,37,-75,0,-217,-220,-35,-121,-93,23,-33,-33,-36,-99,-27,-61,-51,-50,136,66,71,-5,77,-84,122,-104,75,7,31,72,3,-29,89,0,156,-67,23,-75,-15,-84,17,-56,-148,-53,-37,-23,18,7,-33,-60,-125,-61,47,-28,56,-259,3,12,-141,-39,-69,-36,-9,-54,-281,42,-53,96,-8,153,-68,26,-72,-121,-15,-99,64,-91,-22,-152,-143,34,-121,24,-11,4,-52,363,23,165,-276,134,-31,19,-22,9,-226,-73,-67,203,71,220,54,225,32,227,11,227,-11,225,-32,220,-54,214,-75,206,-95,195,-114,182,-132,169,-149,152,-165,136,-178,117,-190,97,-201,76,-209,56,-215,33,-219,11,-222,-11,-222,-33,-219,-56,-215,-76,-209,-97,-201,-117,-190,-136,-178,-152,-165,-169,-149,-182,-132,-195,-114,-206,-95,-214,-75,-220,-54,-225,-32,-227,-11,-227,11,-225,32,-220,54,-214,75,-206,95,-195,114,-182,132,-169,149,-152,165,-136,178,-117,190,-97,201,-76,209,-56,215,-33,219,-11,222,11,222,33,219,56,215,19,52,-10,-2,-60,14,-25,-28,-90,-18,-189,120,-92,-15,-188,174,-149,85,-141,-306,28,-193,100,-390,197,-180,-5,-142,-49,63,-196,36,-159,174,-100,31,-70,-69,-250,182,-149,-143,-254,-76]]]
1278946	r	76.0828,27.0552,77.2107,27.88	[[[760828,275397,995,-1994,-27,-30,-35,15,-59,-136,-18,-160,-178,20,11,-38,-51,-116,-26,-160,-99,5,-36,-95,4,-107,-133,-96,-25,-72,-14,-154,169,-56,-116,-204,-6,-62,39,-16,76,30,136,225,93,-43,-5,-114,-62,-180,20,-47,171,-15,116,27,18,-395,-55,-141,41,-69,74,-44,118,-18,197,246,192,74,111,215,110,107,69,9,14,32,68,-78,23,-144,58,-46,18,-76,0,-241,-59,-314,2,-286,54,-7,3,9,364,-60,87,-36,26,44,123,-4,96,-49,233,207,65,4,16,51,84,-31,-28,37,49,35,-29,6,-2,53,42,111,24,3,-1,115,23,41,-23,44,4,2,-2,3,17,6,45,25,131,31,93,-15,11,-230,41,-130,72,-91,20,14,70,-65,79,-24,87,73,0,44,45,19,18,67,39,13,68,123,69,37,147,35,97,-23,90,106,136,32,28,-12,15,39,83,-60,11,83,49,54,-41,75,-15,-10,-28,33,23,67,47,34,20,138,78,-39,74,-2,-11,76,100,-3,0,-20,30,-1,37,33,89,-33,52,28,68,-15,23,24,102,-60,111,-14,20,-30,152,-26,-242,-244,-46,-124,103,-37,-14,-112,-45,-46,35,1,69,-46,-33,-40,21,-41,62,-29,155,48,127,-48,62,186,98,34,38,-16,148,21,207,-80,104,30,274,-26,33,4,21,64,205,-6,69,236,30,13,62,-124,107,-18,-96,-197,95,-162,4,-69,43,-37,127,-26,26,34,75,413,-104,-16,-47,110,2,10,-6,18,56,193,-13,122,123,5,12,0,5,16,86,254,-67,25,-24,113,66,61,96,-18,103,209,202,-83,63,96,60,-13,-18,-75,44,-31,-33,-65,51,-32,16,-100,-23,-105,59,-108,-30,-31,-107,6,-19,-137,240,-116,-24,-88,72,-33,59,-14,61,29,83,-11,32,81,127,-30,-31,129,119,248,154,-31,113,-57,301,41,-6,-93,31,-23,143,-7,128,-63,72,-5,70,39,15,36,51,14,196,-42,54,91,-181,56,-21,28,6,43,44,25,43,73,-22,59,-192,76,8,39,-60,14,-1,-21,-110,49,-99,72,75,157,273,-57,-3,40,63,14,87,132,119,-49,65,84,101,22,45,60,55,194,-25,17,43,107,105,80,8,101,39,76,173,-38,92,85,119,1,5,22,130,17,95,121,1,1,23,91,-35,52,-37,23,-18,-21,-76,49,-92,-38,-56,18,-22,-39,-33,24,-189,-84,-23,22,-137,33,-12,-17,-185,56,-103,64,-34,-3,-47,124,-156,89,-21,44,-124,47,-77,-129,-103,29,414,920,-471,1457,-994,1960,-1920,615,-3039,0,-3451,-3184,-1,0,-237,-219]],[[771824,272937,7,-35,54,-30,78,-9,46,42,21,132,-57,38,-48,-14,-101,-124]]]
1256728	n	79.3956,27.6835,80.1641,28.2565	[[[793956,277394,2296,-559,1014,550,3546,385,8,13,81,62,11,-9,19,2,86,-46,30,3,62,34,2,7,-4,-29,-7,-6,293,32,54,102,84,209,61,215,36,219,13,222,-13,222,-36,219,-61,215,-84,209,-106,201,-129,190,-148,178,-167,165,-185,149,-200,132,-214,114,-226,95,-234,75,-242,54,-126,16,-255,-54,-159,30,42,60,-3,1,-3,0,-56,31,-67,48,53,79,-42,22,-1,0,-1,1,-28,15,17,30,15,11,-5,15,3,1,-1,5,-7,5,4,21,-8,54,4,-2,-1,7,24,-2,78,-58,7,-3,22,3,20,-7,32,-1,-72,47,-10,-4,-34,33,14,16,40,10,67,32,-36,21,-6,10,-46,-3,-49,19,-6,26,7,11,34,23,22,6,33,-6,35,85,-44,43,-9,18,-13,-28,-2,-16,-7,-5,-32,29,-13,35,-38,-14,-40,56,-38,-3,-36,-16,-24,10,-6,11,6,17,16,17,19,40,38,-4,-11,30,-23,31,6,11,-116,12,-18,-7,-17,-19,-18,4,-45,18,-36,58,-66,18,52,97,1,1,0,1,32,58,-28,51,-14,13,-3,17,-9,16,-24,28,6,5,-9,16,-30,-25,-15,0,14,23,-1,0,9,13,-21,5,-12,1,-6,-3,-13,-16,-28,-11,-9,1,-26,-13,-17,4,-14,15,-8,4,-11,3,-3,6,-21,12,1,-3,-9,0,1,8,-2,1,-8,-2,-3,8,-73,-8,-9,-4,-2,-6,1,-12,32,-15,-26,-53,34,-30,-5,-60,11,-19,-15,-18,19,-6,19,6,19,-17,-15,-22,-16,-3,-36,-29,40,-4,11,5,35,-1,24,-9,0,-3,3,0,-2,-3,2,-10,-20,-23,29,-47,-9,-31,-14,-11,-58,-18,-32,3,-10,-3,-5,-3,-4,-19,37,-12,2,-52,-61,-42,4,-31,-79,-6,17,-25,45,5,9,-14,-1,-24,-8,-8,0,-1,-2,0,-6,-5,-11,-2,-7,3,-1,0,-2,2,-5,2,-6,9,-22,20,-1,-1,5,-23,7,-7,-2,-16,-5,-5,-13,-1,-40,-14,-7,-4,-2,1,-5,-2,-2,4,-7,1,-2,13,-13,20,-24,-21,-16,19,-46,-4,11,-47,7,-4,-1,-21,-55,-3,-68,16,-11,-2,-22,9,-32,18,-2,2,-45,27,-3,1,-1,2,-42,24,-7,2,-79,49,-16,31,-12,7,-2,20,-6,11,-2,1,0,3,-21,38,-46,-17,-22,6,-9,-2,-8,-13,-31,7,-20,-26,-21,32,-9,-16,0,-5,-3,-1,-12,-23,-58,3,-55,29,-10,34,19,4,22,-32,21,7,32,-14,8,26,56,53,-3,106,-104,-19,-9,-3,-55,-8,-30,50,-19,17,-6,24,43,61,-2,3,36,45,31,24,9,2,31,21,83,-18,6,-3,29,-6,5,33,3,3,11,51,-41,13,-15,15,-6,16,-44,31,-17,7,-15,15,-13,-8,-38,-2,-16,-27,-45,29,-16,-23,-8,3,-5,-5,-49,23,-22,18,36,46,-63,23,-5,1,-25,10,-17,33,-3,26,3,6,0,2,-72,36,-35,-49,21,-5,0,-8,45,-30,22,-29,49,-38,3,-10,-56,-23,-12,-12,-7,4,-27,-10,-37,24,-90,-134,52,-12,29,-34,13,-31,-6,-15,2,-3,-5,-7,-2,-4,-23,-26,-28,-35,3,-3,-23,-23,-50,-12,-138,59,-1,-1,-18,10,-67,-70,-51,-40,19,2,46,-53,-11,-19,-51,-21,89,-59,8,-44,-28,-4,-1,1,-59,-6,-12,-8,-1,-12,-11,4,-15,-10,-12,-52,-6,-2,-1,1,-28,0,14,-19,5,-7,-18,-38,0,-2,-8,-13,23,-44,-10,-20,-6,8,-53,-42,-13,-17,14,-3,3,2,11,-5,2,-9,-16,-18,30,-12,-26,-21,-32,-5,-7,8,-63,-18,45,-34,9,-1,15,-17,-3,-26,-33,-24,27,-4,10,-8,-4,-76,49,-4,12,3,12,-5,-1,-11,-3,-5,-27,-85,100,21,10,-5,11,-23,-2,-21,-14,-19,-35,-13,-19,-3,-55,-15,1,-7,21,-39,63,-8,13,-14,-15,-31,-33,-9,-13,-12,-1,-2,11,-3,58,-6,4,-11,-7,-9,-43,0,-9,-69,-41,-39,6,-11,12,-4,28,19,16,-2,-2,-37,-9,-9,-58,-3,-2,0,-21,-58,-15,-3,-6,-1,-2,0,-3,1,-36,13,-5,-6,-66,55,-21,6,-11,-4,-18,-13,-25,-27,-108,81,-26,-18,-84,74,-46,-45,22,-16,-3,-23,10,-20,-12,-10,-5,4,-30,-9,-11,-12,11,-8,-76,-64,-22,11,-5,-4,-22,17,-75,-91,-84,47,-49,38,-27,-20,-57,-60,-4,-16,7,-15,-28,-44,28,-21,-24,-20,-50,32,4,5,-5,6,-45,38,-21,-15,-56,23,-1,-2,-21,11,-72,-102,-15,-13,-59,-78,-41,39,-27,-12,52,-47,4,2,4,-8,10,4,6,-19,19,-18,-72,-93,-84,-78,39,-153,-263,-3,-97,-95,-20,-39,52,-52,-5,-28,-176,-177,17,-15,-336,-233,-297,-1965],[794638,279626,8,9,8,3,-16,-12]]]
1268773	r	69.9442,20.9925,70.9473,21.9561	[[[699442,213970,74,-134,-73,-143,73,-142,71,-118,169,-64,49,-41,-10,-230,170,96,129,57,11,-7,31,197,57,215,80,209,101,201,122,190,141,178,159,165,175,149,190,132,203,114,214,95,222,75,230,54,96,13,63,-4,2720,-2253,-10,-196,-35,-219,-57,-215,-80,-209,-101,-201,-122,-190,-141,-178,-159,-165,-96,-82,-825,-220,-954,-1025,-807,711,-978,747,-656,796,-65,-62,671,-718,442,-430,48,-39,50,-6,-15,-8,572,-516,622,-516,178,-108,71,34,96,114,165,66,28,42,19,-43,165,58,96,-134,135,81,118,4,95,112,50,12,79,72,76,-28,-28,-55,49,7,-10,-34,65,10,-3,-25,48,-39,-30,-47,-52,-5,4,-19,103,-28,59,70,99,3,42,35,24,64,-13,123,67,93,-1,66,63,11,-7,-28,44,-37,112,-31,-3,-37,106,75,39,-50,-7,-65,72,17,32,-30,162,142,16,40,-78,4,-1,37,-54,47,37,135,-18,26,-26,-13,-22,20,5,114,160,23,24,30,-5,63,31,23,31,93,-73,119,29,33,105,19,19,59,106,69,115,318,-6,117,108,13,93,-35,125,-99,149,0,100,133,55,-12,93,51,11,29,-10,43,-118,107,-20,79,-106,82,-61,11,-26,43,-64,137,-54,199,934,-774,1226,-157,37,-116,-36,-221,81,-78,81,35,156,261,168,48,16,-42,-55,-120,48,-34,115,44,53,-13,14,-66,-36,-81,10,-67,398,-54,46,46,-29,45,2,32,30,18,-27,94,55,167,-44,55,-17,106,-95,75,-78,27,-107,95,18,58,-140,162,-74,147,0,1,64,129,165,72,-21,64,365,33,101,-23,191,60,8,82,47,15,-19,14,16,77,38,-7,87,129,202,40,153,84,-15,83,-42,21,-67,119,-3,64,-94,80,-63,-117,-148,-105,-124,-26,-63,-61,-54,27,-83,-14,-13,145,45,1,34,40,-34,232,-52,160,15,30,62,-28,65,11,26,25,-5,66,83,87,143,49,3,-143,123,-31,55,66,240,59,2,230,-14,48,-147,36,-27,296,-50,58,-87,24,-143,-46,-115,-171,-39,-1,8,26,-21,-1,-89,145,-84,61,-348,-96,-43,113,22,210,40,53,-236,-36,-54,241,99,3,49,-48,198,-2,77,50,20,160,145,27,21,-68,187,23,34,-18,68,74,-43,150,-86,-21,-21,295,-63,-1,-91,218,-359,356,-121,90,-56,-47,-168,271,-153,-40,-88,-161,-40,-31,-167,-10,-68,32,-108,-45,10,-23,-67,-91,7,-141,-46,-13,25,-29,-227,-65,-44,8,-120,175,-22,52,30,67,-111,86,-140,5,-46,55,-138,30,-79,-173,-50,-20,-26,13,-51,-52,-119,-40,-13,-41,-76,90,-205,31,-121,-20,-11,-102,-48,-5,-91,42,-6,74,-40,67,-10,75,60,15,-11,248,-42,-7,-45,25,-373,2752,-94,23,-235,32,-237,11,-237,-11,-235,-32,-230,-54,-5,-2,-220,-3252,151,6,3,-11,-27,-205,-44,-35,-211,-45,-51,15,-71,-38,-194,-2,0,-1,-89,-1,-46,-106,-78,-91,41,-233,-164,-46,-1,-2,-2,-1,-106,-128,-36,-20,-42,2,-76,24,22,81,-82,300,248,81,-63,215,0,157,-37,23,-60,-49,-111,32,-88,174,-76,75,-111,-15,-174,-67,1,-18,-124,-20,-220,-133,-199,-29,-64,21,-58,87,-62,221,141,10,110,88,-33,109,-137,-5,-22,57,-28,-9,-64,97,-44,30,-124,-111,-12,-54,-28,-15,60,-173,-183,37,-141,-85,-201,-37,17,-101,-109,-66,-11,-47,-75,-34,18,-44,89,45,190,-16,15,-129,37,-46,-30,-78,-115,-10,-116,27,1,109,-135,-46,-34,85,-111,-47,10,-33,-71,-17,-230,-125,-69,160,24,65,-47,-34,-23,22,-9,-27,-11,15,-112,-93,-15,16,115,-254,107,58,160,-293,-199,-91,-5,-37,105,-228,-77,-10,116,-324,133,38,133,3,181,-32,95,-186,6,-110,-105,-79,-107,-28,-17,85,-73,11,-215,-33,-186,-66,6,-77,86,-67,19,-127,51,-62,-89,-50,-68,83,-275,-29,-99,-43],[708461,214090,139,-2,57,68,131,45,10,-86,-80,-89,-40,-130,-46,30,-116,50,-55,114]]]
1261481	p	1273294
1254187	r	75.9641,10.3493,76.5842,10.8439	[[[759641,106764,356,-709,84,-384,106,-137,259,-241,78,-153,43,-174,66,-264,18,-203,50,-171,360,-481,3,-8,189,-17,-3,14,-27,46,7,15,21,6,11,20,-27,32,-8,28,2,23,26,14,11,16,22,-4,61,-67,28,-15,0,-8,-29,-37,2,-21,25,-25,19,-6,21,5,80,88,-11,-34,-29,-50,35,-26,9,-37,3403,-305,798,256,142,473,-692,1033,-943,524,-8,11,-11,-1,-137,76,-9,31,-38,20,-24,3,-4,19,-31,23,-8,29,-77,35,-24,-41,-21,12,-7,6,-5,1,-31,17,-13,19,25,17,11,24,-36,-9,-80,95,-19,-1,-79,38,-53,-4,-22,-18,-18,-2,-4,1,-1096,609,-731,1640,-430,9,-79,-39,-719,-780,-10,-56,73,-34,-27,-50,32,-42,71,-7,98,32,-63,-24,16,-18,22,14,55,-61,9,-76,-9,1,10,-15,2,-15,-38,5,-5,4,-23,9,-12,-7,12,-51,-18,-18,-11,-24,-24,-21,-23,-36,-2,-17,-46,-51,2,-18,-32,4,-2,22,-28,-4,-3,-5,-14,-4,-5,13,-21,-20,-18,22,-64,-65,-6,-1,-6,-11,-56,-11,-1,-2,-64,-15,-39,-21,-36,-45,-107,18,-12,52,-34,-48,-118,-32,-5,-42,-32,13,-6,54,-23,8,-147,-160]]]
1261258	r	77.7286,18.3707,78.6407,19.0158	[[[777286,186654,23,-205,64,-91,23,-48,21,-33,16,-12,18,-42,35,-262,3,-12,4,-45,-43,-57,-6,-27,-11,-49,-29,-15,-9,-75,-19,-25,7,-87,57,-43,12,31,162,-271,19,-94,-20,-166,149,17,47,5,80,-76,110,40,201,10,11,32,96,-8,207,45,17,-39,123,38,223,-136,69,14,34,-33,146,-32,262,29,266,-143,111,-106,-9,-41,-32,-8,51,-24,-19,-116,-2,-12,320,-98,37,-677,2073,1234,11,-5,31,-49,145,20,3,-45,175,3,29,-98,-31,-98,36,-50,-14,-42,61,-54,102,17,8,32,38,-37,73,-12,86,43,115,0,67,26,32,68,283,-29,206,-80,129,23,44,10,63,74,88,45,-1,102,28,30,135,-22,107,-55,64,-2,63,35,122,-17,169,-148,80,-125,3,-84,65,-28,118,3,243,173,4,90,79,23,-6,46,64,-20,110,227,155,203,13,178,191,201,200,-13,111,322,44,60,72,23,-139,106,-252,329,67,205,61,-49,36,45,-6,130,-144,171,394,62,132,-4,7,3,54,92,-8,150,-29,67,-93,60,-130,22,-288,-86,-41,20,-105,154,-135,20,-24,17,-30,7,3,13,-8,6,38,121,-50,114,71,20,62,145,-111,80,41,79,-61,130,-97,50,64,163,-67,48,-5,21,-14,13,20,79,12,58,-34,37,-19,246,-10,31,-155,111,-14,121,23,137,27,8,17,50,29,-2,-22,27,0,71,16,22,1,4,2,0,4,5,78,-1,21,32,-47,16,-57,7,-45,28,-22,64,-132,126,-34,12,-149,-1,-31,-17,-34,-22,-38,-84,-73,-29,-79,7,-70,-33,-48,78,-205,80,-58,49,-110,256,-46,29,-128,-8,-4,26,-97,-52,-99,-13,-217,-131,-57,5,-92,-170,-32,20,17,20,-146,-76,-31,33,-135,-84,-319,-89,-13,232,48,100,-16,60,-307,241,-92,13,-24,-25,22,-24,-40,-27,-417,-96,-16,-5,-7,0,-19,-4,-174,6,-90,-68,-34,-116,-64,-84,-10,-14,-30,-21,-24,-29,-27,-9,-18,-13,-85,-23,-73,10,-73,10,-105,-53,-123,-130,-44,-23,-5,-4,-5,-1,-9,-4,-212,-13,-152,13,-11,-4,-23,-31,-23,-38,-61,-218,-44,-355,-7,-2,-58,-9,-154,86,-352,-69,-182,-105,-135,-210,0,-152,-45,-40,-159,-27,-107,34,-126,2,-345,-102,-105,-81,-79,4,-130,-49,1,-73,-59,-67,-200,-477,-92,-157,-19,-180,-43,-34,-24,-88,-49,-15,3,-71,-34,-53,-146,59,0,131,-50,40,-71,17,-82,-66,-15,-118,-31,-53,-130,-77,-57,-109]]]
1254089	n	76.8692,13.1139,77.3277,13.5661	[[[768692,133400,11,-222,33,-219,55,-215,77,-209,96,-201,117,-190,135,-178,152,-165,168,-149,182,-132,194,-114,205,-95,213,-75,220,-54,224,-32,226,-11,226,11,224,32,220,54,213,75,205,95,194,114,182,132,168,149,152,165,135,178,117,190,79,164,7,55,0,2,155,1192,-13,94,-55,215,-77,209,-96,201,-117,190,-135,178,-152,165,-168,149,-182,132,-194,114,-205,95,-213,75,-220,54,-224,32,-226,11,-226,-11,-224,-32,-112,-28,-563,-245,-167,-72,-172,-125,-168,-149,-152,-165,-135,-178,-117,-190,-96,-201,-77,-209,-55,-215,-33,-219,-11,-222]]]
1260341	r	76.2721,18.9029,77.0059,19.7248	[[[762721,192700,8,-229,3662,-1817,16,-36,51,3,3210,-1592,121,519,270,1147,-781,4403,-2945,2150,-234,-67,-304,-109,-297,-128,-288,-146,-276,-163,-265,-181,-252,-196,-238,-212,-223,-226,-206,-239,-190,-252,-172,-263,-154,-273,-134,-282,-115,-290,-95,-296,-74,-302,-53,-305,-32,-309,-10,-309]]]
1270022	r	75.3715,28.7863,76.2529,29.4423	[[[753715,291405,8,-45,86,-60,209,-30,28,-53,-3,-31,-92,-72,-30,-92,47,-56,-51,-97,20,-79,-17,-167,499,-69,16,-87,89,-64,-90,-183,23,-143,235,50,411,-36,99,-68,74,-229,-4,-90,-58,-73,-63,-34,-59,-121,19,-49,-65,-81,-174,-15,2614,-1468,134,135,4909,2474,-2209,3050,-1289,358,-325,251,-1047,292,-378,-230,-114,97,-62,14,-91,-60,-411,6,-140,-45,-78,-59,-76,21,-70,-96,-23,8,-15,-46,-40,-1,-4,-181,9,-6,-12,-131,-128,-20,-71,-88,37,-16,54,-56,4,-89,-44,-65,-64,-11,-11,0,-1959,-1195,40,-41,67,-1,57,-315,-48,-36,-24,-82,-27,-13,-220,-11,-30,-245,-72,-25],[757917,289252,76,7,-73,-7,-3,0]]]
1271885	r	78.1971,26.7751,78.8608,27.4148	[[[781971,268818,143,-318,53,-53,39,-12,-3,-23,591,-580,1330,64,758,-145,2328,749,1398,1582,-407,1296,13,19,-12,9,0,22,-7,0,9,21,-28,14,-2,3,-25,79,-37,-11,-29,20,-11,5,-38,-21,-65,65,-35,14,-24,19,-59,20,-43,-33,-34,5,2,13,-25,18,-73,75,-90,52,-64,16,-32,-7,-16,6,-7,-11,-10,-2,-2,0,-3,1,-3,11,-32,10,2,34,-9,3,-14,-5,4,7,-11,22,-31,34,-105,40,11,103,103,50,143,-23,73,105,15,103,-230,172,-87,24,-5,67,-83,91,-161,18,-76,35,-60,-12,-14,19,141,132,130,-25,29,36,-14,25,34,75,-13,33,-66,25,-8,117,31,47,-23,12,29,29,-3,25,-1678,227,-1259,693,-190,-441,-30,14,-14,-7,-27,-32,-38,2,-15,-28,-24,-16,4,-7,-20,-34,-2,-96,-46,-68,3,-23,47,-28,13,-26,-26,-115,-20,-26,-3,-57,-8,-18,-39,-44,-45,-35,35,-69,12,-9,53,-11,4,-9,-10,-18,-19,-3,-65,-37,-43,-36,-23,-8,-45,40,-49,13,-2,20,-15,23,-23,119,-24,9,-7,-11,6,-53,-38,-17,-19,-17,-21,-2,-14,-19,16,-26,-22,-37,-1,-22,20,-49,15,-18,11,-2,64,54,28,-4,-2,-19,7,-12,45,-22,-4,-18,-65,-23,-21,-17,-2,-13,47,-57,14,6,30,-7,3,-12,-20,-48,-44,-40,-3,-11,27,-23,26,-5,18,-15,15,-31,15,-10,14,-28,1,-69,-6,-8,-80,-3,-35,-13,-10,-27,44,-8,21,-12,2,-20,-19,-7,-44,12,-24,19,-98,-6,-26,-16,-13,-23,-17,-75,-56,-39,-17,-24,13,-18,30,-11,6,-28,-6,-43,15,-11,26,12,7,28,31,30,32,5,40,-25,64,33,33,8,90,-37,12,-20,-11,-50,-15,-27,7,-35,14,-10,0,-19,-9,-19,-38,-28,-17,4,-18,16,-57,5,-23,19,-26,-21,-13,7,8,24,-13,10,-38,-42,-13,-6,-20,35,-26,-19,-9,-15,4,-14,28,-31,2,-17,1,-55,-26,-58,-49,-29,-29,-33,-59,-19,-23,-28,3,35,40,31,-16,62,25,22,35,-6,17,-14,38,21,4,19,-18,21,-132,22,-43,-10,-26,-20,-78,-26,-6,-19,16,-12,56,25,37,-13,28,-23,-70,-45,-88,-19,-58,-36,45,-32,15,-41,11,-58,-23,-30,-47,-36,21,-97,49,-65,-24,-12,-9,-18,-23,-21,-31,-17,-23,-35,-8,-26,-9,-93,36,-139,-5,-34,-34,-31,-81,-30,-57,1,-1,1,-638,-1478,25,14,85,118,63,-93,71,-17,6,-88,96,21,60,-31,16,36,-23,63,16,-2,48,-26,75,-105,48,-1,-10,-66,-47,-43,-42,-114,-66,-57,-193,-69,-31,-132,-63,8,-144,-38,4,-21,-53,1,7,38,-51,89,-60,1]]]
1265711	p	1278314
1267708	r	76.6473,29.5368,77.1566,29.9013	[[[766473,295495,4377,-127,383,244,-27,26,3,28,-22,5,-30,23,-34,-1,-21,21,-55,-7,-56,88,-39,32,-51,19,-26,-6,-28,4,-8,30,9,45,40,23,52,10,18,-9,20,-11,98,25,18,31,-10,12,7,22,22,23,18,57,-5,11,-56,24,-25,1,-11,9,-15,66,28,23,11,50,-9,37,34,14,36,32,20,0,5,14,47,-24,59,20,49,27,30,35,4,51,19,14,34,11,18,38,-26,105,17,16,32,7,37,41,-31,39,-10,41,54,28,5,29,16,23,29,35,32,16,5,10,-20,75,-68,89,-22,3,-23,25,-87,60,-8,69,23,97,-12,85,-88,48,-53,68,40,119,131,18,100,56,-3,30,37,83,55,42,-15,12,-23,5,-74,-3,-17,9,-19,32,-38,37,-25,11,-37,8,-37,-2,-67,-35,-16,-1,-47,20,-35,6,-58,40,-32,6,-80,-21,-362,977,-3720,-1730,-391,-1788]]]
1277029	n	87.6156,23.0476,88.1044,23.4861	[[[876156,232600,11,-222,36,-219,58,-215,81,-209,102,-201,124,-190,142,-178,162,-165,89,-75,12,-2,1678,-306,777,-142,107,35,217,95,206,114,193,132,177,149,162,165,142,178,124,190,102,201,81,209,58,215,36,219,11,222,-11,222,-36,219,-58,215,-81,209,-102,201,-124,190,-142,178,-162,165,-177,149,-193,132,-206,114,-217,95,-225,75,-233,54,-237,32,-240,11,-55,-3,-1513,-525,-160,-134,-162,-165,-142,-178,-124,-190,-102,-201,-81,-209,-58,-215,-36,-219,-11,-222]]]
11679708	p	1259425
1277065	p	1275004
12165955	r	79.5851,17.7114,80.8942,19.0205	[[[795851,183827,4082,-6713,1434,265,2440,2250,1363,1523,-21,3,33,-5,89,-119,36,1,68,-79,75,15,46,67,71,-8,24,29,272,-194,147,-57,19,51,46,14,98,219,-20,74,18,24,23,-49,159,-47,79,155,-46,23,-76,-14,-84,23,75,127,180,-53,50,74,48,10,-12,28,21,12,-23,39,39,14,35,56,150,-88,29,-48,-55,-143,19,-75,-72,-98,63,-54,64,79,251,195,258,-293,81,76,-11,116,-50,-12,-34,53,9,27,60,11,3,-41,32,7,-29,35,5,46,-33,5,-40,78,160,55,73,52,80,122,-168,-9,-104,66,-27,477,186,78,175,118,189,17,-7,207,-111,35,-55,178,-137,45,-7,126,-116,114,-4,166,-45,117,-109,159,-36,110,21,102,-105,118,17,35,100,62,32,145,-81,14,-61,-35,1743,2763,-116,207,-376,579,-415,553,-452,527,-487,497,-520,466,-550,432,-67,46,-3525,-1583,-6583,-4795]]]
1275716	n	85.3027,25.035,85.7052,25.4143	[[[853027,250910,109,-166,145,-178,164,-165,62,-51,3038,170,507,2348,-479,283,-3,-26,-21,-26,-47,4,-28,36,-69,-2,30,75,-20,16,-40,-33,-98,2,5,113,21,0,-1414,833,-1862,-3233]]]
1277539	p	1270396
1258599	p	1262801
1273491	r	85.6768,25.9615,86.0676,26.4191	[[[856768,263507,87,-16,6,-42,82,-15,67,-67,-1,148,199,-21,79,-62,15,-31,-28,-125,66,-54,-42,-74,-52,20,27,-80,-50,-17,-1,56,-91,1,-34,-53,-25,8,-30,-28,12,8,0,-114,104,-25,-5,-153,25,-15,-10,-40,-91,-14,-19,-47,-40,-2,-63,-90,63,-70,36,-5,21,26,97,-26,-31,-90,-142,-8,-35,-130,102,-5,4,-99,32,-5,2,-37,81,-17,-8,-80,75,-5,-17,-137,18,-74,-13,-33,-32,-3,3,-124,207,-34,26,-72,62,-37,37,-60,-32,-2,-1,-44,-112,-88,-9,-32,-109,-15,-16,-129,20,-24,44,6,17,-33,-81,-16,-97,29,-18,-20,-12,-176,-74,-14,36,-11,19,-84,-29,-104,35,-36,-90,-46,-4,-57,2582,-927,783,1699,52,-5,42,-17,13,52,-23,75,-13,85,-27,35,-4,27,15,24,36,1,39,-15,31,33,-4,46,66,143,14,10,34,-5,10,29,-13,32,-14,2,15,33,-365,269,14,20,50,31,44,39,25,71,8,-3,3,32,-121,12,-5,72,7,0,0,7,-9,0,-1,14,-50,-4,-40,8,-83,0,0,25,-17,-2,-11,-4,-9,-40,-12,-23,-14,0,-41,19,-16,-2,-21,-19,-10,-2,-26,10,-19,1,-2387,1761,-552,-446,52,-124,92,-16,-3,-28,-104,-19,-39,-37,-183,37,-53,-51]]]
1260476	r	76.6202,29.1865,77.3513,29.6973	[[[766202,295168,70,-570,2915,-2733,1479,165,184,160,607,109,1,0,20,5,22,24,-13,68,8,16,3,88,-8,4,-36,72,-27,7,-28,31,4,14,-15,35,5,27,20,18,32,77,5,48,45,48,10,45,-6,4,28,51,63,-37,24,0,98,-23,15,3,28,-11,4,8,46,-24,13,3,48,-48,-16,-23,-4,-22,131,-52,10,5,46,-16,23,18,62,8,10,-5,39,9,-1,8,45,-1,14,7,62,7,76,28,116,-26,18,13,20,-73,-7,-14,4,-17,3,0,0,-2,41,4,42,-28,40,-12,33,-19,14,11,37,-2,43,9,12,16,162,-110,70,47,17,1,10,16,95,-37,380,68,-403,641,-10,-16,12,-3,-22,-41,-7,-28,-4,-5,-22,10,-10,-7,-22,22,-43,21,17,13,5,17,-34,16,6,21,-13,8,40,30,-14,14,-14,6,-14,6,5,6,17,20,39,24,2,3,-2,2,12,10,-23,21,-78,35,-5,19,-27,3,-21,-5,0,14,-24,0,-50,32,-37,14,-1,3,-1,5,-2,8,6,13,3,6,4,8,16,17,29,64,9,0,13,17,21,-4,17,24,19,1,11,-6,21,19,3,7,7,27,-1,1,13,46,-19,4,5,26,14,43,13,6,-5,18,22,33,-44,11,-4,14,-6,0,-11,17,-52,39,-24,1,-96,32,-79,68,-33,13,-38,50,18,11,29,34,134,76,32,39,-45,14,-23,-7,-16,28,-44,36,-17,-35,-19,-16,19,-24,1,-11,-39,21,-1,18,-127,60,-9,25,-27,-1,-58,54,-45,29,2,6,17,0,13,19,23,13,71,91,17,-17,31,-7,36,1,31,10,29,33,-7,4,8,31,-28,5,-3,21,-42,37,-7,0,-5,-16,-12,1,-5,-8,-17,-3,-18,10,4,25,-6,9,-78,14,-18,17,-12,46,-24,13,74,114,-9,3,1,10,22,49,20,-13,9,25,17,-13,13,16,-15,13,22,21,34,0,-7,50,-22,38,-24,-4,-29,16,20,23,-8,52,-16,9,-19,-10,12,12,-19,18,11,7,35,57,-16,6,-8,13,10,32,-13,19,7,62,24,71,121,64,14,25,15,0,-2,-36,10,-15,105,-11,11,-7,-37,-90,133,-38,20,76,29,45,-14,20,44,35,-9,18,9,20,44,62,110,94,0,124,-11,34,-188,121,81,116,-47,43,-23,-25,-55,49,104,41,24,32,24,14,3,12,25,21,30,23,27,-1,4,20,53,20,-22,27,5,15,-48,22,-1,9,-22,10,-19,22,5,13,-27,15,13,25,-50,31,-21,-13,-28,14,-27,-12,-8,19,-7,3,-6,-15,-29,35,-17,-20,-16,-1,-23,-32,4,-6,14,1,0,-7,-20,-9,2,-12,-12,6,-2,-10,-9,-2,7,-8,-24,-4,-20,2,-19,11,-15,16,-8,23,-44,25,-19,1,-48,24,-27,-18,-19,0,-30,21,-17,33,-13,4,-5,10,-26,11,-66,49,-53,27,-14,0,-10,7,-1,17,-37,38,-49,26,-28,-47,-39,-29,-30,-8,-23,-19,-59,-4,-9,-14,5,-27,-14,-21,-31,16,-14,-6,-61,21,-36,-7,-137,28,-27,20,-109,46,-14,-22,-1,-20,-28,-5,-61,9,-16,-23,-5,-29,-54,-28,10,-41,31,-39,-37,-41,-32,-7,-17,-16,26,-105,-18,-38,-34,-11,-19,-14,-4,-51,-30,-35,-49,-27,-59,-20,-47,24,-5,-14,-20,0,-36,-32,-34,-14,9,-37,-11,-50,-28,-23,15,-66,11,-9,25,-1,56,-24,5,-11,-18,-57,-22,-23,-7,-22,10,-12,-18,-31,-98,-25,-20,11,-18,9,-52,-10,-40,-23,-9,-45,8,-30,28,-4,26,6,51,-19,39,-32,56,-88,55,7,21,-21,34,1,30,-23,22,-5,-3,-28,27,-26,-383,-244,-4377,127,-271,-327]]]
1254360	r	78.952,13.4186,79.6054,13.9061	[[[789520,136659,51,-452,3128,-2021,3355,1894,-834,1691,-107,-45,-29,0,-28,17,-27,-1,-43,33,-25,3,-25,14,-30,29,-24,37,-37,28,-51,16,-83,52,-12,32,-81,13,-32,9,-15,15,-8,167,-2008,871,-1833,-739,-1202,-1663]]]
6954929	p	1271308
7279746	p	1273294
1279186	r	91.9892,23.3022,93.6021,24.4127	[[[919892,236624,143,-150,155,-73,234,55,172,139,326,418,162,169,424,135,198,-281,102,-382,135,-173,151,135,127,462,166,90,206,-103,4,-39,20,-175,-117,-425,28,-333,382,-1140,58,-487,47,-148,52,-79,131,-117,56,-87,15,-75,-15,-138,13,-69,50,-66,132,-96,37,-50,9,-91,-28,-197,4,-99,41,-132,4480,92,33,-29,7,30,3998,83,1892,39,115,151,35,85,6,91,-19,113,-61,584,4,279,322,1933,-21,330,-43,105,-137,179,-60,104,-315,199,-165,1163,9,356,-32,161,-41,69,-59,48,-84,97,-215,327,-80,164,-51,178,-19,213,15,192,4,53,67,229,125,161,263,88,198,-104,282,-410,100,-117,327,-306,64,-136,34,-127,77,-89,181,-25,209,16,311,163,167,55,65,-29,53,-70,60,-53,98,23,59,50,48,66,38,77,24,79,141,80,-2438,2390,-3512,222,51,71,-45,52,-3,97,126,119,86,140,122,302,-61,39,-46,-20,-119,49,-7,150,41,93,-28,107,41,16,29,49,-186,214,-71,-113,-47,-18,-108,62,-106,25,-145,-160,-27,1,-42,102,-41,8,-12,-20,-87,-9,-66,-71,-80,37,-43,43,21,19,-140,99,-43,-208,-112,17,5,-60,-35,-18,-24,54,0,-56,-48,-24,16,-43,78,-8,-22,-93,-62,7,18,-44,-35,-12,70,-95,-64,-35,-49,-117,-86,-96,-54,6,-16,-46,-1,-2,-1,2,-14,28,-32,-27,5,-5,49,-50,40,10,3,-30,-110,-45,-21,-60,24,-23,67,27,-2,-63,71,-40,30,-111,-35,-30,32,-52,-66,-24,-19,-26,-3416,215,-4888,-1339,-439,-4987]]]
1271715	p	1279233
1272543	r	77.7124,10.095,78.4014,10.6871	[[[777124,102224,999,-1274,525,0,4474,1208,691,187,200,456,-32,2342,-777,1080,-4403,648,-946,-999,-278,-1386,-3,-2,-327,-366,-4,-34,67,-121,-102,-239,-27,-70,39,-36,-29,-149,33,-41,71,-25,19,-60,32,-14,-222,-1105]]]
1254649	r	78.8617,10.5841,79.3253,11.2188	[[[788617,108122,1,-91,11,-8,40,4,-12,-83,16,-13,-3,-56,5,-18,33,2,86,29,11,-103,-51,-22,-15,-140,-56,-11,-2,-172,-13,-66,-22,-12,-5,-19,8,-137,41,-92,74,-88,1,-12,13,-11,36,-56,26,-8,36,7,10,-21,31,16,19,-27,-8,-25,9,-58,76,-10,6,7,11,-26,29,-13,11,-69,12,-13,60,0,-6,32,35,23,20,3,39,36,91,61,44,29,48,-12,-2,-31,28,-41,5,0,31,-39,-20,-21,-39,7,4,17,-17,22,-19,-7,-18,1,-15,-18,16,-19,1,0,39,-46,44,9,18,-32,52,-16,38,0,22,-24,23,-14,-24,-38,12,-16,4,-20,21,-10,17,20,-1,9,33,58,-3,26,-35,8,53,38,-36,56,21,54,62,-18,4,-5,18,-1,61,52,-16,139,57,32,8,69,-15,21,42,101,47,23,10,-17,23,0,19,-9,4,-16,22,3,33,-17,-14,-61,45,-42,183,-29,-78,-46,-20,-36,1,-70,-2,-5,3,-53,-43,-35,109,18,141,-6,9,-13,29,12,92,-4,32,-39,52,-28,57,42,-8,-57,-6,-7,1,-30,-12,-85,43,-89,6,-18,6,-7,33,-67,210,-72,30,-23,66,-10,25,-138,170,198,28,-17,31,12,16,-1,45,-26,44,-146,33,-14,43,-72,-27,-65,12,-151,27,-18,206,32,111,-33,34,20,-2,-49,608,257,839,1882,-3204,4090,-524,118,-143,-1823,-177,-2253,-31,18,-98,80,-65,42,-58,21,-116,-5,-124,4,-33,-12,6,-40,-4,-54,-5,-12,-60,-32]]]
1267755	r	78.9408,18.1321,79.5803,18.701	[[[789408,185774,499,-2774,10,27,90,6,37,46,113,38,63,134,-14,34,15,3,118,144,175,-11,59,21,-12,-121,58,-114,79,-61,-76,-116,-17,-104,144,-70,168,30,114,-14,20,26,55,8,58,-83,15,-127,152,26,-36,-109,-90,-49,16,-77,28,-19,-7,-43,-21,-17,-44,14,-84,-65,-9,-160,39,-71,128,-3,31,20,102,-111,88,-36,6,-35,-43,-121,93,-68,-16,-69,118,-70,28,-9,33,-17,10,3,10,-3,8,10,10,3,52,72,86,16,26,-17,-3,-39,220,-60,13,145,141,55,155,16,13,-81,60,-91,406,-112,-18,-130,182,-73,277,156,102,-22,31,14,91,-92,80,137,84,49,161,-72,96,163,93,-7,97,38,51,-67,10,-56,209,-7,23,41,100,-6,60,143,-8,99,98,3,51,72,-6,44,-114,62,102,202,47,30,30,-10,20,40,76,-13,58,24,68,-19,28,22,8,56,64,42,54,-22,23,22,38,-35,108,-17,105,142,59,184,91,-36,49,174,-11,39,-52,39,-21,111,56,107,99,-3,2,235,54,200,-51,62,15,79,-26,48,44,143,-35,56,52,220,-56,9,-19,42,-31,-13,7,19,-27,6,28,25,-21,16,-341,-239,-142,-26,-122,11,-9,-5,-3027,2882,-192,148,-615,-311,6,-43,-79,6,-2,-1,-28,5,0,-20,-6,-3,5,-24,-44,14,-12,45,-38,14,-18,-42,28,-44,-31,-95,-100,23,3,5,-1,-1,16,35,-67,25,-29,-10,-6,-2,-3,-1,-2,-9,-11,-44,-17,-1,-6,0,-22,0,-140,61,0,84,-69,45,-36,-42,-9,-49,20,-20,-53,-57,-27,-171,-112,49,-10,78,-119,49,-65,-32,23,105,-47,125,-62,75,-82,-92,-86,0,-38,-95,-46,-34,3,-30,48,-17,-9,-34,24,-24,-76,-69,13,-21,-45,-137,-108,-185,53,-41,19,-104,82,-26,68,-177,-51,-50,-130,91,-99,-20,-29,35,-83,16,-85,-43]]]
1273066	r	75.822,22.7161,76.338,23.2277	[[[758220,229616,1269,-1197,1575,-1258,78,12,177,38,175,49,170,59,165,70,161,80,154,89,148,98,141,107,133,115,124,123,115,130,106,137,96,144,86,148,75,154,64,158,53,161,41,164,30,167,18,167,6,169,-6,169,-18,167,-30,167,-41,164,-53,161,-64,158,-75,154,-86,148,-96,144,-106,137,-115,130,-124,123,-133,115,-141,107,-40,27,-1088,451,-22,5,-179,28,-181,16,-182,6,-83,-3,-2297,-2658]]]
1255744	p	1273294
1269834	p	1257416
1276070	r	74.6298,29.7761,75.3533,30.5824	[[[746298,301301,190,-196,217,-27,115,54,23,-33,-3,-59,-102,-141,28,-87,62,-91,77,3,143,-73,-107,-159,-6,-50,35,-69,-28,-36,229,-198,-163,-268,59,-76,-1,-27,3,3,-3,-6,-2,-53,45,-18,15,-4,30,-13,150,-58,77,61,39,4,103,-7,10,25,34,5,13,8,6,14,29,10,149,-1,21,-17,110,83,16,14,146,108,58,4,56,-13,65,-65,21,-63,-12,-37,-27,-37,68,18,64,-12,39,-15,61,-70,60,-15,31,-52,74,23,26,12,27,4,37,-7,0,-5,47,-16,137,81,136,-118,-57,-143,100,10,158,110,52,-12,13,-88,200,-367,291,-109,24,-119,94,-133,66,-21,260,-3,107,140,156,48,76,-69,132,-8,47,58,135,332,51,-8,179,-136,28,-238,-37,-77,-194,-124,-8,-41,143,-124,37,-6,53,-9,27,-48,23,-42,-161,-97,-4,-152,172,-34,85,41,82,3,49,-212,130,-104,131,55,26,47,-64,81,-23,77,47,224,19,26,127,36,113,107,0,5,-3,2,-3,85,27,29,127,62,71,-16,47,56,0,119,1,8,-2,66,-126,53,-168,11,-33,267,-127,108,2,4,-6,5,71,109,11,19,2,0,6,9,28,0,-54,44,52,62,-23,8,18,173,123,107,107,-7,23,-12,-1,-42,86,-72,43,15,167,-93,92,102,39,129,224,-89,80,53,-27,62,-66,43,25,61,269,247,-70,-9,-52,27,-13,-50,-62,-60,-49,28,-164,18,-22,101,-73,65,-11,58,152,116,55,-16,81,152,78,40,63,-7,11,39,166,-29,69,-25,31,-41,42,32,15,53,-87,59,-108,17,-66,207,-90,68,62,69,30,-21,97,43,40,-18,95,106,54,4,117,94,41,-17,44,48,45,64,-96,41,0,1,-1747,-836,-45,9,-240,75,-42,17,-847,3148,-85,-87,-161,35,-43,-19,-99,52,-172,189,-96,-23,-24,-38,-78,15,-1,35,-51,10,-9,-61,-80,-96,-125,-60,-49,15,-137,-157,-94,-23,-50,39,17,15,-73,41,-196,48,-153,87,-225,-142,-153,127,-92,15,-55,31,-15,4,-117,-172,-669,-172,-9,-13,-183,88,-248,-99,-2,-17,88,3,273,-76,-250,-350,0,-1452,21,-14,175,100,-267,-153,-7,-1,-50,-7,-65,25,-39,62,-321,-55,-148,-121,5,-69,-106,-134]],[[750202,304909,103,-166,121,-10,-4,-77,88,-53,31,-20,-43,-30,-18,7,-83,34,-65,-14,-125,-161,65,-32,-32,-78,-19,-46,107,12,109,-101,-23,84,147,141,189,149,205,132,219,114,231,95,240,75,248,54,252,32,255,11,255,-11,158,-20,16,50,-209,129,-67,-47,-53,15,-96,-41,-16,-32,-55,14,-57,-42,-64,4,-92,84,-63,-31,14,-38,-39,-26,-6,4,-9,-3,-62,51,-30,-34,-3,1,-2,-2,-42,7,-61,8,0,3,-5,1,2,25,-10,81,27,119,-37,188,-72,84,-68,189,-111,-24,-87,57,-211,-149,-39,-66,102,-232,4,-103,-30,-51,-62,21,-168,-32,-205,107,-227,-304,-34,24,-36,-23,-34,19,-87,-24,-10,31,-95,1,-40,-70,-82,-64]]]
1269395	r	75.5804,19.3665,76.5198,20.1608	[[[755804,194475,6090,-809,3296,4416,8,67,-5493,3459,-3433,-1555,-468,-5578]]]
10263153	p	1273294
1257022	r	80.4877,24.2659,81.0889,24.894	[[[804877,245615,1,-20,22,-205,36,-203,51,-200,65,-196,79,-193,93,-187,106,-181,118,-175,131,-167,142,-158,154,-150,164,-141,173,-130,183,-120,190,-108,198,-97,204,-85,211,-72,214,-60,219,-47,221,-33,224,-20,224,-7,224,7,224,20,221,33,219,47,214,60,211,72,204,85,198,97,190,108,108,71,576,4599,-10,11,-154,150,-164,141,-173,130,-183,120,-190,108,-198,97,-204,85,-211,72,-214,60,-219,47,-221,33,-224,20,-224,7,-224,-7,-224,-20,-221,-33,-219,-47,-214,-60,-211,-72,-204,-85,-198,-97,-190,-108,-183,-120,-173,-130,-164,-141,-154,-150,-142,-158,-131,-167,-118,-175,-19,-32,-434,-1723]]]
1259166	r	86.9894,25.4341,87.8729,26.1181	[[[869894,259456,104,-255,-15,-83,87,-148,39,25,1,-26,53,-18,36,60,107,-103,8,-142,-84,-41,74,-46,80,-192,28,-22,-6,41,15,-32,-50,-156,-42,-48,2,-63,-43,-13,-62,33,-40,-30,1,-65,34,-59,-39,-75,21,-61,-73,-136,5,-88,-45,-119,-11,-152,26,-76,59,-21,25,-115,110,-86,24,21,46,-9,17,-66,94,-140,0,-86,-96,-160,-90,-10,-22,-25,-12,-135,52,-176,126,-90,-29,-279,173,-185,18,-116,-85,-295,28,-40,-19,-86,128,4,63,-75,118,81,166,-61,-22,-57,20,-78,-10,-186,-78,-111,-101,-19,4,-143,-28,-76,52,-16,-28,-34,24,-74,48,9,-6,27,63,-14,20,-58,11,-7,65,-38,156,57,14,-31,42,14,59,-15,24,25,7,-2,2,2,134,-20,74,7,39,87,64,53,131,-27,56,-84,89,95,105,-49,63,122,163,-53,15,-11,16,-5,30,119,-43,113,-170,81,20,181,-49,7,4,76,122,-2,15,129,44,40,-30,118,10,2,0,1,182,41,13,82,112,3,29,80,76,2,34,42,-17,51,-22,4,2857,1034,25,0,-20,-50,62,-2,37,-53,89,23,16,-34,28,10,-25,28,36,5,25,59,-37,-4,11,32,-35,22,-3,39,-1,0,271,98,37,-30,29,11,115,-42,22,27,86,15,112,81,26,-4,9,-68,69,-44,38,39,47,-14,81,22,37,31,15,107,31,9,-5,20,21,4,24,-52,68,21,-27,29,16,34,-36,37,22,6,-6,61,946,342,45,-64,57,-2,62,41,-83,55,328,118,55,182,63,22,-116,427,-232,126,46,55,175,-21,47,110,-51,37,-1,99,-57,-17,-46,61,60,64,114,-1,-7,58,50,66,-72,62,30,118,-74,28,3,-47,-75,20,-4,39,54,15,-42,31,-13,95,119,36,4,5,29,53,45,47,-45,21,-18,38,-18,14,2,20,-14,31,-7,9,-5,16,8,12,18,8,56,45,-7,13,-17,14,-13,43,-51,9,-6,19,91,5,53,53,66,4,-1,29,-8,10,6,63,57,-11,10,36,-59,-3,19,78,26,33,3,17,11,1,12,14,1,4,18,20,12,123,-3,9,6,17,28,37,43,2,13,64,-21,14,-45,15,-6,20,10,38,4,5,35,105,14,16,19,8,95,71,15,15,50,33,-43,8,-15,-1,-28,8,38,72,48,54,-31,44,25,69,-32,3,-16,12,36,76,-30,5,-46,-67,-1,-49,-33,-14,-54,30,-165,-35,-43,26,47,29,-51,-15,15,36,-49,15,-46,-23,-27,15,-34,-34,-173,32,-120,-91,-82,9,-14,-31,-15,149,-176,24,1,-65,-175,17,-34,33,-30,-9,14,29,-35,26,9,-42,-33,21,2,-26,-52,19,9,69,-6,0,-102,6,-15,42,-35,5,-32,-24,-7,-68,-73,-1,-13,-47,-96,-2,-105,-37,56,-20,27,-63,-16,-47,-83,-1,-3,-118,-44,-32,-37,-5,2,35,-85,29,-30,-17,32,33,-14,11,-62,-7,11,-35,-32,-13,-16,18,-2,-29,-90,26,-55,-27,-11,-29,34,1,53,-57,-100,-10,9,-71,-80,-38,-40,-54,25,-64,60,-22,40,-58,-40,-127,27,-43,-39,-5,-12,-27,-37,13,-24,-35,-126,1,-17,-43,-170,-40,-92,-51,-31,-84,-378,-71,-29,-37,-73,57,1,-32,-86,-15,0,-1,-20,-2,1,-34,-16,-12,2,-8,-24,-8,-10,7,-7,12,5,0,-29,44,-13,-12,-14,0,-2,6,1,0,-3,48,-1,2,0,17,-30,6,6,12,6,2,11,12,-61,-7,-7,-9,-28,5,-11,-16,-3,0,-41,-50,-27,9,5,-18,3,0,1,-18,-57,-10,-22,3,-55,26,-42,43,-2,0,-26,27,-17,0,1,18,-77,-4,-2,-26,-67,-19,-120,-5,1,28,-77,8,-34,10,-25,14,-19,-1,-10,5,-9,18,-8,-25,-43,-5,-61,28,-49,-41,-72,-8,4,-25,40,-1,0,-43,-28,-55,-25,-3,-2,-10,-442,41,-37,43,-43,4,-6,-39,-69,7,-30,22,-130,-7,-476,44,-7,11,-1,-10,-35,3,-2,2,-7,-1,-525,49,-627,-209,-47,-198,-94,6,-19,-17,-2,32,-18,9,-5,-20,-26,46,-72,-18,-29,-37,20,38,-60,18,-19,35,-16,-18,-53,10,-1,63,-70,16,-193,-5,-53,-39,-98,-18,-103,38,-71,-161,-69,-1,-18,28,-63,12,-39,-9,-27,65,-82,-3,-46,-49,-1,-42,-51,-1,-7,-25,-122,2,-13,22,-52,-24,-70,8]]]
1269771	n	93.6926,24.5839,94.1874,25.0361	[[[936926,248100,12,-222,35,-219,59,-215,82,-209,104,-201,125,-190,144,-178,164,-165,179,-149,195,-132,209,-114,219,-95,229,-75,235,-54,240,-32,243,-11,243,11,240,32,235,54,229,75,219,95,209,114,195,132,179,149,164,165,144,178,125,190,104,201,82,209,59,215,35,219,12,222,-12,222,-35,219,-59,215,-82,209,-104,201,-125,190,-144,178,-164,165,-179,149,-195,132,-209,114,-219,95,-229,75,-235,54,-240,32,-243,11,-243,-11,-240,-32,-235,-54,-229,-75,-219,-95,-209,-114,-195,-132,-179,-149,-164,-165,-144,-178,-125,-190,-104,-201,-82,-209,-59,-215,-35,-219,-12,-222]]]
1257845	n	78.4945,23.6139,78.9855,24.0661	[[[784945,238400,12,-222,35,-219,58,-215,82,-209,103,-201,124,-190,143,-178,162,-165,178,-149,194,-132,207,-114,217,-95,227,-75,234,-54,238,-32,241,-11,241,11,238,32,234,54,227,75,217,95,207,114,194,132,178,149,162,165,143,178,124,190,103,201,82,209,58,215,35,219,12,222,-12,222,-35,219,-58,215,-82,209,-103,201,-124,190,-143,178,-162,165,-178,149,-194,132,-207,114,-217,95,-227,75,-234,54,-238,32,-241,11,-241,-11,-238,-32,-234,-54,-227,-75,-217,-95,-207,-114,-194,-132,-135,-114,-715,-1271,-18,-33,-17,-108,-12,-222]]]
12032137	r	83.5245,26.5101,84.42,27.2972	[[[835245,268526,8,-3,35,-10,3,4,13,-4,9,5,71,-33,102,-29,2,-8,-4,-5,-6,-57,-1,-6,120,-14,10,2,16,-5,-5,-48,4,-1,-12,-76,46,-3,27,-61,1,0,6,-15,40,-4,3,5,13,-5,3,4,31,-9,2,-8,14,-9,-5,-27,18,-3,11,-12,29,-15,107,-169,-2,-3,3,-4,-4,-12,-14,-10,-31,-54,8,-45,11,-18,3,-66,-50,7,-15,-98,97,-14,6,-9,10,-4,1,-16,27,16,46,-22,18,18,29,15,15,-11,-14,-11,1,-18,45,6,8,-6,12,14,13,-6,12,4,26,-14,4,0,-1,-1,1,-1,-2,-10,-12,-10,-22,-36,-44,0,-5,-6,-7,-17,0,-3,-1,0,-28,-68,33,-85,99,-38,0,-154,-26,27,2,-70,-38,-18,28,-5,-2,-19,-41,3,49,-27,0,-40,8,-9,34,-39,-29,-34,41,10,-13,-111,21,-12,-29,-25,4,-79,64,-54,9,-3,177,-7,-1,9,34,-7,2,-3,19,-1,0,14,-11,2,16,54,65,118,19,-2,8,42,80,7,13,75,9,1,0,1,1,7,17,-2,39,100,10,0,0,-8,11,-5,59,-5,4,35,59,-13,40,-30,5,-8,-37,-88,-3,-7,6,-17,-20,-34,-3,-5,5,-6,94,1,26,26,6,-2,26,22,21,-1,0,10,106,-12,1,40,-15,5,30,66,83,-17,66,-4,-3,-12,40,-14,-6,-3,10,-4,-2,-4,36,-4,9,-1,74,29,17,77,13,0,0,41,38,-15,61,-64,-1,8,-1,10,12,10,13,-15,13,0,-9,14,0,19,22,-2,1,8,42,-3,12,65,50,-10,8,9,8,-10,65,0,8,51,28,-1,2,4,5,9,46,-4,5,22,10,2,4,0,-6,17,14,1,4,0,4,13,-12,5,6,21,1,1,-15,6,7,25,66,-16,-3,13,9,32,-2,7,-11,0,-1,17,14,64,8,34,-1,9,-5,1,-4,1,5,39,1,0,6,-2,-5,40,10,-17,7,-1,21,-3,12,-32,17,29,32,-18,28,5,22,3,26,-13,13,-7,7,3,18,7,14,-14,22,31,24,-4,47,33,-53,2,18,64,19,19,5,1,1,0,5,0,56,-53,38,-53,73,8,43,14,51,0,33,-12,29,-47,32,-30,33,-16,82,-59,11,-21,1,-5,7,-55,25,-30,33,-60,8,-38,-17,-23,2,-48,12,-14,73,-32,-9,-44,19,-16,17,-49,15,-4,5,3,14,8,34,-11,23,-43,57,-16,3,-32,25,-14,9,-13,31,7,27,-21,0,-1,16,-3,51,20,33,-20,35,0,32,-12,38,15,47,-34,20,11,39,-44,0,-32,-13,-23,8,-38,-13,-16,-4,-17,15,-10,20,10,9,-35,18,-19,20,-79,-19,-71,-38,-48,4,-25,11,-15,34,-40,34,-4,7,-4,15,-9,26,1,42,-32,14,-30,61,-40,22,-89,-2,-23,44,-65,23,-17,18,15,-4,13,5,0,48,-11,26,-16,3,-54,26,-25,15,-53,12,-14,50,-34,9,0,21,16,58,-12,75,-33,26,-87,35,-19,82,-84,25,-13,23,-4,45,-8,12,-21,0,-44,-32,-42,-58,-43,-8,-1,651,-259,648,1146,249,3,101,-50,172,-25,11,-42,91,-1,10,-31,281,-47,45,-59,126,1,12,62,58,-28,87,9,31,105,40,19,90,-18,22,-29,129,10,29,30,198,41,251,-51,70,70,135,27,80,-16,31,9,17,12,73,15,-44,85,2,0,-57,112,8,242,-335,76,-164,-5,-283,62,-69,312,-196,344,-197,11,-101,-82,-110,-35,-105,-121,-148,122,-72,150,160,185,84,175,24,119,-2,57,-48,49,21,59,-62,14,28,60,72,43,14,139,-77,129,-181,108,-164,44,-154,-105,-116,-4,-25,-24,-73,-110,35,-54,-43,-84,-140,5,-175,84,-87,76,-11,198,45,31,-10,77,35,26,-35,26,-114,-28,-27,23,13,60,-19,20,-120,-54,-17,73,-45,41,-38,-29,-47,-170,-49,-34,-21,3,-16,53,-60,6,-37,-53,-35,-4,-139,123,-68,-13,12,64,-96,127,81,122,-47,94,-109,31,-13,15,32,55,-28,22,-97,-27,-16,18,31,63,70,14,33,46,74,34,17,42,-9,151,-83,70,110,70,-114,170,-77,35,68,80,2,71,47,91,2,102,-20,23,-152,-4,-152,109,-116,41,-55,81,34,28,133,3,41,80,72,55,-31,74,57,15,1,35,-70,31,-23,38,-49,8,-66,-57,-79,19,-126,-106,-110,-2,-146,-65,-86,1,-75,43,1,243,32,49,75,35,41,69,-39,86,169,181,34,104,145,81,-8,93,-60,150,-197,123,53,100,-21,40,-73,30,-39,63,-90,44,-194,20,-192,68,-59,107,-8,118,24,68,-127,96,-133,-18,-28,103,-49,33,-69,-63,-44,40,-42,-34,-120,-33,-90,-97,8,-93,118,-159,-116,-48,-188,-1,-22,-73,-94,87,-29,-42,-44,15,-53,-29,3,-82,52,-34,46,0,25,-41,95,53,41,-15,117,-202,-23,-68,-93,-54,-95,59,-56,99,-73,-7,14,-188,125,-102,-165,-118,-113,-33,-26,-49,88,-17,69,54,143,17,98,49,31,-19,-140,-126,-51,-191,-12,-274,-38,-53,-77,-36,-168,-1,-38,-172,-125,-33,-145,-87,18,-35,202,2,4,-204,-50,-48,-42,-5,-76,70,-64,24,-107,5,-44,-26,48,-61,12,-68,-841,406,-86,-1294,-92,31,-95,-11,-25,-87,65,-57,-19,-112,-97,14,-49,-26,-10,-32,-25,0,-21,-141,-72,3,-83,38,49,104,-69,66,-26,6,-19,-31,-69,-19,-69,56,-58,-113,-53,10,-15,-35,-26,-126,32,-17,-35,-159,-89,-5,-3,-8,2,-1,-9,-21,-41,-126,-1,-10,18,-26,-12,-31,-4,0,-25,-46,-11,0,0,-6,-23,7,-13,-6,-10,10,-11,-16,-9,1,0,-9,-14,2,1,-12,-17,-6,-11,5,13,-17,-15,-20,1,-15,-22,-15,-1,-2],[837492,270361,27,12,37,-21,-20,-12,-44,21]]]
1258315	n	84.6976,21.9739,85.1026,22.4561	[[[846976,223975,224,-1825,0,-1994,52,-36,205,-114,215,-95,224,-75,231,-54,235,-32,238,-11,238,11,235,32,231,54,224,75,215,95,205,114,191,132,176,149,160,165,142,178,122,190,102,201,80,209,58,215,35,219,12,222,-8,150,8,150,-12,222,-35,219,-57,215,-81,209,-101,201,-123,190,-142,178,-159,165,-177,149,-191,132,-204,114,-216,95,-224,75,-231,54,-235,32,-238,11,-238,-11,-235,-32,-231,-54,-224,-75,-216,-95,-204,-114,-191,-132,-85,-73]]]
1272181	p	1275971
1278672	r	77.2262,14.4197,77.9168,15.0068	[[[772262,145658,36,-115,93,-239,108,-234,124,-225,139,-217,153,-208,166,-198,25,-25,3551,1256,2,-17,6,-3,4,-22,21,0,73,-38,109,-7,66,8,25,28,67,40,10,15,15,53,3,47,30,24,8,27,2071,732,-2470,3728,-4359,-1931,-76,-2479]]]
1258342	r	74.7586,23.0699,75.2971,23.5386	[[[747586,233300,6,-170,18,-170,30,-167,42,-166,54,-163,65,-159,76,-155,86,-151,98,-144,107,-138,117,-132,125,-124,135,-117,142,-108,150,-99,156,-90,163,-80,167,-70,173,-60,176,-49,179,-39,182,-28,183,-17,184,-5,184,5,183,17,182,28,179,39,176,49,173,60,167,70,163,80,156,90,150,99,142,108,135,117,125,124,117,132,107,138,98,144,86,151,48,97,-905,2297,-3345,842,-34,-22,-142,-108,-135,-117,-125,-124,-117,-132,-107,-138,-98,-144,-86,-151,-76,-155,-65,-159,-54,-163,-42,-166,-30,-167,-18,-170,-6,-170]]]
1258451	r	79.1789,12.6279,79.6803,13.1786	[[[791789,128212,106,-101,19,-56,26,-33,6,-19,9,-46,-3,-18,34,-22,35,-24,42,-16,23,-28,91,64,43,-9,165,79,9,91,130,11,-1,3,67,-11,5,-15,42,-17,-28,-42,6,-67,164,-62,-1,-33,92,-52,2,-68,-43,-97,62,-104,62,-15,13,-40,39,-18,89,-3,154,-50,60,-48,122,-42,39,-182,-86,-115,64,-68,99,21,20,27,-30,117,23,78,103,-31,5,55,81,14,44,46,6,63,139,-65,-19,-135,-104,-22,-12,-24,22,-85,94,-48,24,-49,-111,-80,-133,-17,-165,-108,4,-24,62,-13,18,-109,-13,-38,-90,-58,176,-139,120,-36,212,150,82,136,157,13,93,77,160,66,13,108,67,49,-57,91,112,30,5,98,-29,65,112,117,0,30,-32,24,-50,-10,-55,45,-40,-5,-26,41,47,123,29,34,61,4,-13,86,27,56,-17,23,161,-27,245,875,28,-16,286,58,185,-107,80,47,0,61,-59,92,-20,93,9,31,62,26,40,125,229,37,29,29,259,73,166,108,126,13,116,44,-25,206,167,62,51,35,-1490,-162,-762,1499,-133,263,14,3,7,43,3,15,-50,-11,-89,177,-630,364,-829,-591,-11,26,-8,205,-21,21,2,79,-31,37,-77,-26,-23,-41,-54,-7,-18,107,-70,9,5,-147,-86,-73,186,-269,20,-54,-444,-316,67,-1171,-114,-28,5,-37,-24,-58,-36,-64,-84,-17,-132,-78,-14,-93,-13,-18,32,-78,156,-53,37,-38,10,-22,1,-45,-91,-54,-12,6,-7,22,-19,29,-37,-41,-16,-85,18,-59,-27,-45,-28,-73,-44,-42,-8,-183,-16,-95,-13,-41,-16,-73]]]
7302826	p	1269843
1278483	r	84.4,25.393,84.8321,25.7784	[[[844000,257783,87,-3853,3444,94,14,53,121,128,69,149,-12,31,68,103,-226,408,-9,146,164,361,222,199,31,48,-14,28,128,18,114,121,23,90,-72,27,32,148,137,155,-104,-15,10,60,-4227,1501]]]
1277082	p	1275004
7302833	p	1253102
1271987	r	78.721,26.4525,79.4032,27.0082	[[[787210,268500,668,-636,-38,-85,2,-13,-24,-8,-11,-14,-1,-68,-37,-91,82,7,270,41,137,-130,36,-76,25,-33,72,-83,41,-28,153,-190,103,-95,36,-20,91,-5,2004,-1905,571,-543,663,882,-2,9,2,22,15,22,30,7,95,126,-9,6,11,21,-7,27,26,21,3,18,34,47,21,47,104,113,-9,12,6,10,80,92,33,17,10,13,-6,4,3,5,45,17,23,36,-18,20,27,32,-17,13,15,24,43,36,38,-25,1383,1838,-1752,1974,-385,6,-6,2,-57,34,-29,10,-107,-9,-24,8,-8,-20,-18,-19,-3038,59,-1398,-1582]]]
1278903	p	1253894
1262131	p	1275004
1276128	r	76.9563,26.7064,77.7628,27.4953	[[[769563,271566,55,-224,-22,-86,119,8,208,-154,7,-30,-25,-35,-99,-9,73,-136,-64,-64,-113,-24,-2,-104,230,-91,9,-125,182,-66,-22,-85,-258,31,-31,-80,180,-142,69,-105,21,-184,-16,-117,80,37,29,-31,35,-284,37,-51,-117,-91,41,-54,123,-29,-2,-25,79,-56,43,-76,66,44,117,17,1,-90,30,-41,-41,-7,27,-29,-10,-114,69,-136,46,-31,38,-114,226,48,28,87,35,20,58,-64,60,-133,174,-124,36,-70,155,-43,49,-70,26,52,72,48,45,-43,-4,-50,148,-14,223,-111,-123,-139,26,-120,65,-60,232,154,270,259,113,-72,214,-286,66,-50,186,84,42,66,170,63,-11,37,33,23,75,-48,66,24,68,-84,-74,-94,14,-12,-43,-105,-102,-88,126,-107,-28,-119,34,-113,-43,-203,180,-46,129,-10,72,-6,73,64,260,71,198,101,52,75,72,46,49,-2,10,60,137,168,-20,88,-126,46,-210,-108,12,172,-69,91,10,79,-55,10,-26,77,-129,66,-102,136,196,76,133,103,6,40,-51,74,9,44,106,-11,88,67,14,54,95,-36,47,70,-21,69,81,17,176,117,595,163,116,55,262,33,93,164,51,-20,17,-41,42,-3,122,109,57,33,767,152,315,201,8,-5,86,18,47,-17,17,28,12,18,-5,69,65,-15,62,39,-68,12,-20,36,115,-17,14,68,-33,-6,-26,39,26,79,-98,34,17,74,-21,20,-91,-11,189,2179,-17,4,-169,-70,-90,63,-168,60,-34,-67,-50,9,-64,69,-155,-136,-125,15,-53,-20,-175,42,-48,-9,-5,43,-71,37,-18,60,-39,19,-112,-36,-29,10,-29,107,75,73,-75,43,18,85,-29,33,-61,6,-79,56,10,39,86,2,6,46,127,78,9,225,-56,31,-21,-33,-28,5,3,-41,-79,-2,-33,22,-101,-40,-74,-92,-34,12,-29,12,0,41,-295,93,-24,125,-61,-15,-99,36,-132,106,-22,83,-40,-1,-32,75,-227,61,-108,-64,-71,68,-260,58,-22,120,4,60,-30,42,-143,97,53,229,8,1,-899,502,-2434,-185,-414,-920,103,-29,77,129,124,-47,21,-44,156,-89,47,-124,34,3,103,-64,185,-56,12,17,137,-33,23,-22,189,84,33,-24,22,39,56,-18,92,38,76,-49,18,21,37,-23,35,-52,-23,-91,-1,-1,-95,-121,-130,-17,-5,-22,-119,-1,-92,-85,-173,38,-39,-76,-8,-101,-105,-80,-43,-107,25,-17,-55,-194,-45,-60,-101,-22,-65,-84,-119,49,-87,-132,-63,-14,3,-40,-273,57,-75,-157,99,-72,110,-49,1,21,60,-14,-8,-39,192,-76,22,-59,-43,-73,-44,-25,-6,-43,21,-28,181,-56,-54,-91,-196,42,-51,-14,-15,-36,-70,-39,-72,5,-128,63,-143,7,-31,23,6,93,-301,-41,-113,57,-154,31,-119,-248],[771824,272937,101,124,48,14,57,-38,-21,-132,-46,-42,-78,9,-54,30,-7,35]]]
1276609	r	85.755,25.2518,86.3372,25.7487	[[[857550,253034,539,-144,-17,176,-47,25,-39,-23,-104,27,-6,-27,-56,5,-6,62,-190,36,-25,-40,-5,2,-44,-99]],[[858129,252879,1352,-361,671,450,50,-4,0,38,157,105,2279,-330,-29,79,111,39,139,69,1,5,512,3777,-639,567,-1006,28,-604,-1399,-763,-662,-57,-9,-36,-12,-75,-77,-72,-1,19,-28,-92,-16,-20,23,-41,-33,-31,-9,-19,2,-7,12,11,17,2,11,-6,3,-24,-7,-7,-8,-84,43,-49,13,-88,-5,879,2288,-2400,-901,61,-1226,151,-96,9,-88,514,-176,-370,126,-22,-104,-45,-36,-191,-255,0,-25,-25,-50,11,-10,0,-16,-19,-18,-17,-31,-31,-65,-8,-36,34,3,23,-38,8,-132,65,-6,58,-27,-22,-33,-17,-12,-4,-15,-34,-12,-37,-27,-49,-134,-3,-65,14,-67,14,-8,12,-18,4,-40,25,-71,36,-32,16,55,24,49,67,70,47,34,126,47,17,-2,14,-14,1,-41,13,-17,22,-12,38,-8,43,21,24,20,10,-13,14,-39,22,-115,25,43,24,90,13,26,28,7,43,-13,67,-46,104,-24,155,-69,27,-40,77,42,98,-25,-39,-110,-113,-447,4,-227,-163,-53,-24,39,-61,-61,-121,13,-39,-20,1,-115,-264,0,1,147,-238,-23,-72,-43,-210,7],[858898,255000,0,-1,0,-1,0,2],[858731,254394,1,11,0,-8,-1,-3],[858732,254405,15,21,-2,-4,21,27,-34,-44],[858808,254725,5,4,-2,-4,-3,0],[858818,254734,2,2,21,-17,-23,15],[859273,254140,41,-14,4,-2,-39,13,-6,3],[859538,253172,214,-39,252,-63,-466,102],[860280,253628,1,2,4,-1,-5,-1],[860316,253088,3,67,17,47,-20,-114],[860336,253202,53,77,28,19,-70,-82,-11,-14],[860467,253916,55,-172,-46,101,-9,71],[860522,253744,121,-200,-43,46,-78,154],[860583,253331,67,9,27,-2,-94,-7],[860666,253506,23,-129,-2,-7,-21,136]],[[862640,252777,145,-21,15,43,-160,-22]]]
1254320	p	1264527
1271717	n	69.7937,22.8905,70.3741,23.3361	[[[697937,230543,26,-99,81,-209,103,-201,123,-190,143,-178,160,-165,178,-149,192,-132,206,-114,217,-95,225,-75,136,-31,242,33,156,58,493,186,583,68,153,50,-31,111,-118,115,-110,66,211,348,-44,-92,-12,-88,41,-67,115,-27,69,-5,22,-18,10,-33,36,-50,88,-70,46,1,40,29,68,10,256,-8,179,70,99,157,12,252,166,-126,86,-156,110,-133,225,-56,18,-16,65,-71,34,-62,53,17,58,37,45,20,64,-5,75,94,123,190,102,201,81,209,58,215,35,219,12,222,-12,222,-35,219,-58,215,-81,209,-102,201,-123,190,-143,178,-161,165,-177,149,-193,132,-205,114,-217,95,-225,75,-233,54,-237,32,-12,1,0,1,-76,42,-217,95,-225,75,-233,54,-237,32,-239,11,-239,-11,-237,-32,-233,-54,-225,-75,-217,-95,-92,-51,-291,-650,-823,-1837,-6,-13]]]
1263311	r	83.2677,25.7454,83.9998,26.2847	[[[832677,257454,2075,100,3,68,-22,43,51,124,26,123,-7,31,-14,18,-45,20,9,43,-62,19,-39,22,5,19,22,16,47,16,20,27,45,38,24,49,-15,60,-31,11,-34,1,-11,16,-5,39,11,34,31,7,2,0,11,-8,2,1,28,10,14,-2,3,14,16,10,16,24,-7,11,6,10,-3,19,24,13,-8,12,7,6,6,5,-11,17,2,17,12,5,10,14,22,-12,-6,24,16,-6,11,3,15,3,11,-8,10,0,4,22,14,13,-18,15,2,9,24,0,21,18,21,-2,15,15,24,-2,8,15,26,-15,22,4,24,-3,5,2,24,8,31,-17,30,21,19,-29,22,17,24,-20,22,12,50,-18,54,1,9,6,23,13,25,-7,12,15,23,1,0,21,26,5,13,2,22,21,36,-6,24,10,3,1,56,3,42,42,14,-7,51,2,2,0,3,0,11,8,9,30,4,3,2,2,7,4,56,-11,14,4,21,6,5,7,-4,17,6,5,17,-2,16,-14,15,-14,31,-16,81,32,39,-80,32,-12,24,1,22,12,14,0,29,-42,60,-27,-85,-126,-96,30,-20,-14,4,-18,16,-16,-7,-17,-30,-8,-22,-20,-29,-13,-28,1,-42,76,-31,8,-42,-11,-25,-29,-6,-28,76,-60,1,-22,-27,-33,-13,-31,19,-30,29,-4,33,18,30,32,32,12,57,0,65,-12,44,-23,73,-97,18,-72,56,-76,52,-26,90,-33,21,-31,-50,-59,0,-39,13,-40,-36,-76,-44,-22,-58,20,-43,-1,-33,-29,-5,-34,29,-98,1537,74,2142,2110,-590,1463,-1398,476,41,26,57,65,-24,61,-79,33,-31,191,-77,180,-127,20,-194,162,-3,49,-45,19,10,46,-50,-7,-64,54,-126,-70,-147,-1,-77,-34,-6,-39,-172,-97,-252,-44,-38,-71,-101,-30,-384,131,40,77,-108,-15,-66,60,-91,-35,-93,40,-13,-14,-140,48,-199,149,-124,45,-286,20,-76,19,-163,56,-18,-47,-101,-5,-32,-259,-93,-104,3,-48,-59,-80,8,-71,-155,-120,-55,-94,14,-49,-28,-74,-37,-32,-52,2,-15,-97,-47,-22,-47,-71,74,-53,-33,-24,28,-42,-24,-42,38,-26,44,-133,-47,-119,-53,-5,30,-52,-32,-82,-29,8,-27,-32,2,-114,-3,-7,-92,29,-40,-50,1,-46,-19,-14,-64,20,-60,-107,-35,9,-72,-43,3,-24,-33,-15,-1,0,-50,-23,6,-12,-11,-32,-4,-33,63,6,16,6,41,-1,23,-29,-9,-24,-128,-64,-88,22,-45,-25,-34,31,-25,-11,-47,-7,-102,4,-53,-26,-4,-46,2,-4,-8,-85,106,-3,18,-19,0,-24,-31,-105,-4,-29,-17,-42,-73,-109,10,-24,-1,-42,9,-70,-92,-48,-57,2,0,-44,15,-29,-14,-23,-3,-21,39,-32,9,-35,-20,-34,-90,-42,-14,-80,-22,-45,19,12,23,-5,3,-3,39,-13,12,2,45,-20,19,21,37,23,9,14,28,13,92,10,23,15,28,6,25,-12,31,3,2,2,20,1,14,-24,-4,-21,5,-24,38,11,41,1,22,-13,10,-18,17,-34,30,-12,1,0,19,-19,7,2,0,17,12,2,27,-13,8,1,23,2,16,-16,24,-24,30,5,2,-8,1,-69,-12,-40,-42,-13,-13,-20,-13,15,-11,-14,-1,-1,-1,1,-10,8,-12,-7,-17,16,-4,51,-31,-3,11,-66,-10,-11,-12,-2,-5,-13,-11,7,-12,-4,9,-18,-7,-10,-8,14,-24,11,-6,3,-4,5,-16,18,-13,5,-5,1,-2,4,-7,14,-6,-4,-7,-4,-1,10,0,4,-34,23,-24,-9,-9,-13,-1,-42,81,-38,55,-10,-9,-24,5,-40,-44,1,-24,-57,29,-7,-30,-28,-47,19,-6,0,-39,-2,6,13,3,7,-31,3,-3,-9,-4,0,-15,-2,-1,-18,-20,-10,0,-16,-13,-1,-1,-3,-83,-19,12,-42,-33,-11,4,-37,30,1,-2,-15,6,-3,0,-25,-1,-10,0,-11,-1,-8,8,0,-3,-24,10,-16,-16,-12,-1,-1,1,-7,2,-12,-2,-6,-6,-12,5,-12,3,-8,-4,-17,10,-13,5,-1,18,-6,12,-22,-14,-23,-14,-11,-29,-21,-15,-31,-52,35,-7,0,-440,-1116]]]
1256320	r	74.6812,27.1212,76.0922,28.2039	[[[746813,276684,66,-138,154,-21,91,-119,-14,-109,-97,-73,38,-256,216,106,49,1,109,-222,128,81,51,-112,-20,-35,26,-127,-246,-181,-165,-85,39,-125,-25,-39,26,-91,-37,-91,117,-110,182,67,43,-127,169,66,30,-48,55,11,55,-44,113,10,58,-108,-47,-140,28,-124,507,34,39,-40,40,8,45,-186,96,-205,-138,-91,-87,-100,-50,-73,4,-54,4,-21,79,-6,23,-38,66,-28,87,34,23,-11,53,-269,-137,-89,94,-121,43,-145,187,57,-4,160,136,50,236,4,77,44,2,62,33,27,603,-34,126,50,160,25,28,54,1236,-653,-57,-165,-228,26,-33,-78,-308,-299,-129,-2,-60,-78,-2,-58,-105,-136,229,-10,200,25,15,-35,93,-32,13,-19,-52,-58,30,-15,0,-65,-62,-160,62,5,48,-120,67,-30,220,-10,36,-60,170,-13,28,-41,-92,-64,10,-63,220,-10,19,-96,34,0,-14,-23,26,-6,29,1,11,37,192,17,103,-12,3,-62,345,61,46,-17,56,-69,196,48,5,139,174,18,9,21,-7,397,-19,15,79,220,43,-13,21,51,32,4,157,-11,34,62,21,-5,24,71,109,34,191,-5,8,33,44,-1,-22,376,54,119,-139,39,6,63,175,-18,95,26,201,-36,25,52,127,11,117,-32,35,-86,184,21,19,41,79,8,2,50,43,8,8,53,114,38,91,212,51,2,35,53,38,1,39,67,191,1,179,34,115,-43,34,-108,-80,-211,61,-8,0,-29,116,8,30,33,91,-26,16,38,114,13,48,52,97,230,326,-33,46,44,-14,210,85,70,150,40,352,-60,32,64,-26,8,6,36,-43,32,6,22,19,25,69,10,26,104,28,-2,58,86,178,-25,182,9,22,-65,30,-14,-27,-104,177,-43,51,79,1,0,113,173,70,-130,50,11,14,-25,114,-6,101,139,86,-32,57,-94,136,8,80,91,-131,127,-1,73,179,361,29,14,267,-33,29,80,56,1,13,34,93,-26,63,95,93,-21,6,40,101,-11,5,-53,53,66,171,-34,-26,102,21,35,-16,139,-94,39,-360,-26,21,147,91,182,26,326,-113,23,16,62,118,135,48,27,76,42,-42,78,-39,-30,-7,-43,-46,30,-63,-30,-1,0,-22,-10,38,69,-15,142,-66,69,66,32,166,-1,14,42,-79,52,-2,53,60,52,56,-11,21,57,74,67,120,393,180,173,205,92,2,39,43,37,2,107,143,141,-34,28,64,78,11,69,152,-15,82,205,5,134,114,27,42,164,-14,89,-153,116,2,24,-106,26,-34,19,-79,-90,-32,-31,-27,-13,-74,61,-6,-21,-12,-10,-20,-4,-88,14,-4,-2,-165,27,-69,-66,-60,19,-126,58,-138,96,5,85,64,52,-6,75,64,88,-84,107,114,112,-139,-17,12,98,-184,23,-28,1,-61,-4,-58,-9,-25,4,-39,60,44,39,-73,68,-85,-48,-41,-56,-106,-36,-7,-98,-98,67,-73,-77,-31,24,-182,-183,-531,-299,-120,-26,-62,-94,-113,-64,-81,-18,-104,-75,-64,-122,-250,-238,-169,-283,-89,-68,-16,-61,91,-47,5,-27,-78,-112,15,-46,-52,-60,-2,-58,-31,-35,-45,9,-10,-105,-51,-120,23,-37,-55,-115,-64,-38,-172,16,19,74,-46,-14,-3,45,-31,20,4,46,-28,20,77,196,-227,45,-113,-41,-47,-70,-92,-64,-39,39,-222,46,-34,-38,10,-49,-139,45,-77,-72,-139,95,-48,-18,-85,45,-165,-104,-10,-50,-38,14,-69,-63,-41,30,-162,-74,-129,8,-49,64,-95,-140,6,-91,-21,-30,-107,-109,-130,0,-118,-119,-2,-43,-109,28,-92,64,-32,104,-101,24,-56,-86,-90,-72,-78,36,-17,48,14,226,61,31,-7,24,-32,-5,-92,108,-148,75,-247,-43,-43,123,-167,12,-50,38,-139,38,1,44,-146,318,-38,1,-5,62,-71,58,162,24,133,49,14,153,-35,310,-173,29,-245,-59,-53,-34,-21,114,27,9,-23,57,51,39,4,78,-58,94,-89,262,-195,29,-80,98,24,18,-13,156,-24,34,-67,-11,-22,39,31,230,-18,199,-275,5,-77,301,32,26,-13,43,-24,49,-249,-446,297,-2063,-2671,-1214,-62,33,-200,132,-185,149,-167,165,-148,178,-128,190,-107,201,-84,209,-54,192,-178,-76,-105,38,-99,-33,-95,-105,16,-37,-63,-160,-21,-139,11,-19,106,40,19,-58,76,-10,-6,-330,-70,-23,-48,-48,-6,-6,-349,14,-90,-76,-101,-24]],[[747316,278762,102,-6,-99,-45,41,-103,251,-16,1,0,-127,152,-24,36,45,165,-145,-38,-31,-52,28,-42,-42,-51]],[[747610,279890,41,-84,42,-6,26,-67,71,261,-38,-12,-69,-64,-54,-1,-19,-27]],[[747657,278543,18,-48,75,-58,39,-67,36,13,-24,18,-144,142]],[[747855,280814,20,-64,90,-39,11,-29,126,461,-13,2,-15,38,-123,-27,-25,-50,17,-55,-39,-18,-49,-219]],[[748747,281526,2336,-67,-11,11,28,19,-33,13,19,16,-62,-14,-37,56,-66,-11,-31,70,-138,-17,-29,26,-66,-30,-4,29,-117,-35,-3,87,299,173,-36,87,-220,6,-120,-32,-25,38,-44,-15,-11,40,-56,-12,-35,75,-40,-7,7,-47,-131,-50,-90,94,-388,-83,-180,-93,-58,94,-93,0,-7,18,-282,-57,-58,13,-80,-26,-45,-95,1,-108,-94,-166]]]
8347656	p	1258662
1270393	p	1263214
1271942	r	79.2004,27.1568,79.855,27.7394	[[[792004,276221,788,-2351,-11,4,-17,44,-20,17,-26,46,-5,28,-16,2,-41,-41,-66,-37,-34,1,-31,-54,4,-42,24,-32,-20,-24,-2,-20,12,-55,20,-37,13,-3,38,-43,19,7,14,-2,91,-49,18,-51,16,-24,-1,-11,-25,-29,-37,-22,-49,-16,-21,-16,-24,-30,-24,23,-43,20,-7,-2,-8,-40,-19,-42,8,-23,-3,-15,11,-6,20,12,5,-4,12,11,4,-16,16,7,-5,-23,20,-23,-3,-7,-14,-2,11,-10,12,6,4,-18,34,-27,-26,-37,0,-9,15,-4,20,20,-2,7,19,14,15,-4,-15,-27,-21,-6,23,-19,2,-8,-9,-8,-14,10,-2,-13,24,-38,-8,-7,3,-6,-10,-2,1,-10,20,-15,46,-6,99,8,11,-20,17,1,17,4,6,15,11,8,12,-3,0,-26,13,-13,-33,-2,18,-43,-6,-28,8,-6,8,5,5,27,21,-6,-41,-54,-25,-57,1,-36,11,-21,30,14,-1,6,-19,-1,-5,8,15,16,13,5,49,-24,21,-23,-18,-7,5,-8,31,-7,2,14,30,-4,7,14,23,13,38,8,-30,34,12,11,27,-22,32,14,23,-17,39,-59,50,-21,4,-8,-13,-14,-15,6,-18,-18,30,7,-11,-25,13,-25,0,-18,-13,-52,-28,-27,11,-25,-14,-8,-12,2,-12,-37,-12,3,-4,-9,-5,-19,26,-17,-7,-19,-20,16,-6,-8,1,-21,3,-10,18,-1,27,-23,30,6,6,-11,-9,-28,46,18,25,-28,-18,-16,5,-6,26,6,9,8,30,-9,23,-15,14,-69,-26,-78,-2,-18,6,-11,19,-8,27,17,18,-27,23,-20,68,7,8,10,2,62,9,18,29,-4,-11,-13,10,-5,20,28,11,2,1,-35,9,-8,33,44,18,1,10,-10,7,-33,40,-39,-16,-22,29,-10,0,-17,-13,-24,48,-26,44,5,12,-6,28,-48,-19,-19,29,-10,9,23,46,-15,-8,41,5,5,16,1,24,-12,6,-15,-21,-10,10,-9,55,14,16,-7,11,6,9,10,-2,8,-27,25,30,43,24,-11,8,-12,10,3,6,8,-7,48,4,16,14,13,7,-19,10,0,-7,38,-12,32,-23,30,-1,5,-1,2,1,9,22,21,14,7,12,-23,35,26,29,-8,-6,16,24,18,21,-2,5,-4,6,-1,3,-5,4,-3,1,-5,4,-8,-3,-12,1,-13,-8,-13,11,-9,41,23,9,-17,-2,-3,2,-5,-21,-30,14,-3,17,-16,-5,-32,1,-1,14,12,26,34,14,-9,-28,-23,-5,-14,14,-3,17,5,3,20,27,-4,-1,-30,10,-10,6,6,-1,22,44,-13,58,35,19,-14,-22,-20,7,-10,13,3,39,34,11,-5,-6,-33,14,-9,10,-4,5,30,11,3,5,-7,-11,-24,18,-16,22,38,18,-16,-4,-6,19,-3,18,7,13,21,-42,7,19,5,40,-4,42,-35,-8,-28,-14,10,-4,-5,44,-21,27,5,8,17,20,-5,7,16,14,-6,26,47,22,16,16,-4,72,-60,21,-5,52,24,18,-4,-20,-43,5,-7,22,0,60,33,42,11,19,-16,36,-49,-28,-14,2,-13,33,-6,9,-14,18,-3,21,-17,-4,-17,-43,2,0,-10,17,-20,-15,-8,10,-9,28,3,-11,-15,15,-12,26,29,12,-9,13,-45,19,-5,-3,-20,10,-23,27,-17,3,-34,17,-8,3,-14,23,-4,13,-12,14,-15,9,-24,23,0,34,-29,-9,-37,5,-12,35,-24,11,5,39,-1,15,22,15,-3,8,7,7,0,5,-13,10,-5,17,10,30,1,8,6,40,-2,0,13,-13,11,35,16,15,-11,9,3,28,36,18,13,37,11,27,-2,25,34,15,7,33,-3,26,43,11,27,-6,5,28,35,-21,25,13,19,42,-10,38,14,16,-2,17,-9,69,-13,27,-14,18,17,18,1,29,-7,18,-14,2,-17,-14,-21,19,-23,14,-9,110,-32,7,-32,7,-6,30,0,14,13,46,-42,11,-19,28,6,20,27,49,-21,-5,10,9,6,1,19,23,-13,13,9,14,14,-2,21,23,33,17,-2,6,8,-5,27,-9,7,-19,0,-3,11,28,6,-4,25,12,-2,7,7,-11,14,15,31,-24,22,7,18,17,8,9,33,44,-2,24,38,48,23,13,53,43,68,16,-10,18,0,26,-45,60,-28,14,4,29,26,42,14,24,79,11,13,48,-18,38,12,35,-26,12,-25,47,-30,11,-3,1143,992,0,852,-2298,2872,-2296,559,-1952,-1173]]]
1278985	r	76.2795,9.1275,76.9075,9.8906	[[[762795,97751,145,-1297,-30,-122,208,-1402,512,-1678,54,-124,95,46,191,90,151,-20,2425,-842,26,88,-34,119,142,83,-4,45,75,55,5,29,-14,51,-37,23,-189,0,7,52,-34,110,13,30,-66,31,-48,135,-35,20,48,49,-27,95,-94,9,-10,-37,-66,11,-184,85,-87,81,-29,-36,-54,20,6,-33,-39,-26,-58,82,-129,-25,-37,-52,-79,12,13,-39,75,-46,-76,-73,-14,-103,-53,3,-35,-29,-70,6,-41,71,-52,-34,-68,10,-192,-39,-117,56,-141,1,-6,41,80,61,22,61,124,15,93,44,114,143,70,-4,-2,33,-88,14,-49,81,12,37,2409,1394,-19,53,-63,133,503,58,1132,281,-3988,2307,-1156,-544,10,-28,7,-120,-27,-183,20,-107,85,44,74,-103,46,-176,3,-353,-13,5,-93,-8,-64,3,-14,64,58,322,-257,107,-3,7,46,513,-152,432,24,98,111,122,24,59,-39,117,-76,103,-7,182,-163,235,-178,-59,-259,72,-77,55,-89,3,51,-397,-118,-8,-18,-68,7,0,-43,-141,17,-96,48,-21,30,-84,-85,-54,16,-77,2,-6,10,-51,-44,-21,-6,-3,23,-142,-23,14]],[[764146,92470,7,-57,421,-915,43,-105,-21,-21,-16,-14,41,-13,3,38,21,-58,21,-35,6,-15,91,3,-1,35,66,405,-95,-75,-23,-42,-19,-87,-67,0,-190,607,-152,332,-136,17]]]
1267480	r	87.2239,25.3601,87.8644,25.7653	[[[872239,255371,2,-49,18,-72,-15,-14,2,-42,22,-204,37,-204,51,-200,66,-197,9,-22,393,-682,108,265,-7,49,93,40,74,-17,56,66,55,-10,191,92,178,-16,83,94,32,-60,-43,-35,30,-61,148,-38,236,-142,28,14,-23,-61,15,-55,221,-61,50,67,68,-179,130,-36,68,70,169,-4,86,25,21,-27,3753,760,-464,3168,-32,31,-35,29,-273,-98,83,-55,-62,-41,-57,2,-45,64,-946,-342,6,-61,-22,-6,36,-37,-16,-34,27,-29,-68,-21,-24,52,-21,-4,5,-20,-31,-9,-15,-107,-37,-31,-81,-22,-47,14,-38,-39,-69,44,-9,68,-26,4,-112,-81,-86,-15,-22,-27,-115,42,-29,-11,-37,30,-271,-98,1,0,3,-39,35,-22,-11,-32,37,4,-25,-59,-36,-5,25,-28,-28,-10,-16,34,-89,-23,-37,53,-62,2,20,50,-25,0,-2857,-1034,22,-4,17,-51,-34,-42,-76,-2,-29,-80,-112,-3,-13,-82,-182,-41]]]
1271685	r	72.6613,28.7251,74.2975,30.1983	[[[726613,288924,104,-1,1,-45,48,0,26,-315,-21,1,-18,-88,98,-3,1,-197,132,-2,21,65,56,3,0,-93,51,0,2,-89,150,-1,-8,-20,232,1,10,18,33,-22,-80,-75,-43,-104,64,-3,18,-110,424,-3,16,-55,134,-14,-2,-25,206,1,-1,-68,77,-1,1,-45,127,-3,0,-44,204,0,0,-42,260,-1,-3,-159,-359,3,2,-137,1517,2,6,39,46,0,2,26,232,-1,-2,91,-49,3,-1,64,152,0,17,36,151,29,151,80,188,30,70,-16,292,176,125,32,81,105,-50,99,64,90,-15,36,89,90,27,-8,148,96,181,167,125,-3,29,-32,55,27,-216,233,73,32,24,-26,120,37,0,68,-90,90,-26,-1,-4,274,140,-27,91,10,29,-20,6,86,76,2,-2,55,68,42,313,-8,-13,319,14,20,285,1,3,47,22,-2,4,136,126,1,1,139,388,2,5,109,354,-1,1,-63,390,-6,3,-20,76,0,0,-22,182,-1,-26,-162,49,-30,146,231,241,-1,136,-118,179,66,209,30,38,-45,122,29,212,150,50,59,-12,24,282,118,57,-86,59,-2,67,-62,52,3,32,-52,89,13,35,-28,70,3,84,50,85,156,89,-19,-9,-83,42,-26,80,5,24,-23,136,30,78,-71,22,9,37,-143,103,130,4,72,91,78,106,178,38,-20,83,5,8,-116,105,25,55,-29,17,-148,-60,-50,32,-122,77,-70,23,-72,112,-3,69,-76,38,-165,68,30,12,-21,42,13,68,-107,27,-73,-76,-45,12,-85,128,-3,150,41,49,-15,293,151,8,52,172,25,8,25,86,-6,326,114,-14,-158,-84,-150,47,-95,-8,-74,95,-261,252,122,149,106,36,72,112,20,-44,116,16,71,-56,67,25,61,-13,220,106,120,-15,51,516,233,101,81,48,74,64,13,25,71,68,44,-3,64,35,33,159,-12,53,35,6,153,68,41,99,155,100,93,-28,111,90,177,88,54,229,34,45,33,-10,105,27,99,-70,147,68,32,31,55,15,91,-24,31,23,62,-172,83,-8,28,206,65,47,97,-83,31,-63,132,-36,10,-1,57,-80,28,-7,13,-11,4,-2,23,-14,29,9,42,256,154,5,32,192,3,23,49,107,-30,-61,68,-21,205,-94,3,-4,89,-135,1,0,46,-102,2,-1,-91,-27,-1,0,-22,-80,4,-10,26,-30,0,-245,-74,1,-113,-20,-22,-56,5,-18,-13,-8,-135,-37,-219,-61,-215,-85,-209,-108,-201,-130,-190,-151,-178,-170,-165,-187,-149,-203,-132,-217,-114,-228,-95,-238,-75,-245,-54,-251,-32,-252,-11,-252,11,-251,32,-245,54,-238,75,-228,95,-217,114,-203,132,-187,149,-170,165,-151,178,-130,190,-108,201,-85,209,-61,215,-37,219,-13,222,13,222,37,219,61,215,85,209,108,201,130,190,151,178,170,165,187,149,203,132,217,114,228,95,238,75,245,54,251,32,252,11,252,-11,251,-32,47,-11,6,121,49,40,-248,49,-143,-40,0,26,-53,1,-5,81,50,-5,1,29,105,-2,-1,-21,189,-3,51,20,1,-23,76,0,-1,91,-30,1,-2,66,25,-1,5,29,-176,3,5,198,30,-2,0,47,-106,24,25,-72,-54,-3,-7,-130,-242,166,-3,-61,-29,-2,-24,-57,-128,32,-30,-48,-60,-27,1,-45,-183,1,0,72,-81,-55,-31,11,-2,-25,-50,1,-1,86,50,25,8,76,68,-6,-29,180,-53,1,-2,47,-93,3,-50,94,-64,31,-4,124,344,37,155,97,78,4,3,22,226,4,0,-26,81,1,1,-24,176,-4,-127,53,3,109,128,2,28,-91,48,-1,0,-47,26,0,32,68,72,1,2,258,205,-84,0,295,29,1,1,-44,369,4,3,46,48,-3,5,71,46,-3,2,26,80,-1,0,25,50,0,1,27,103,-25,-1,-69,177,25,25,80,75,6,5,-70,77,0,4,-27,229,3,31,-51,53,-22,-1,-66,125,7,1,242,28,-18,0,104,492,-2,-25,-216,90,69,99,5,5,154,-32,0,9,195,117,12,-2,302,219,65,-68,171,42,-3,-9,157,33,0,-3,29,56,1,3,-25,127,0,0,-27,165,3,7,19,136,20,2,214,-52,1,2,109,-189,-53,-1,37,-24,-4,-14,160,45,-2,-2,72,48,-1,0,41,52,22,5,67,49,0,5,69,50,24,0,23,113,4,69,45,-5,297,-2070,118,-279,16,-1679,51,9,75,-90,154,0,149,75,99,100,279,257,188,377,506,24,6,58,13,-55,55,-24,425,64,134,-5,76,-5,88,-429,-315,-109,30,-1406,-1025,-235,-114,-1577,-370,369,87,-762,-151,-1726,-702,-149,-150,-429,-1221,-426,-1215,-290,-820,359,10,-94,-307,-1978,-3358,-801,-832,-586,-1251,-2127,-799,-717,-382,-1,-174]]]
1258182	r	81.0434,24.2798,81.5632,24.7802	[[[810434,244225,16,-32,84,-144,95,-139,104,-133,113,-127,122,-119,131,-112,138,-104,145,-95,152,-87,158,-77,163,-68,167,-57,171,-48,174,-37,176,-27,178,-16,179,-5,179,5,178,16,176,27,174,37,171,48,167,57,163,68,158,77,152,87,145,95,138,104,131,112,122,119,113,127,104,133,95,139,84,144,74,149,63,154,52,156,40,160,29,161,18,163,6,164,-6,164,-18,163,-29,161,-40,160,-52,156,-63,154,-74,149,-84,144,-95,139,-104,133,-113,127,-122,119,-131,112,-138,104,-145,95,-152,87,-158,77,-163,68,-167,57,-171,48,-174,37,-176,27,-178,16,-179,5,-179,-5,-178,-16,-176,-27,-174,-37,-171,-48,-167,-57,-163,-68,-158,-77,-152,-87,-145,-95,-138,-104,-131,-112,-122,-119,-82,-92,-330,-2633]]]
1253880	p	1275004
1255947	r	77.4004,9.2818,78.1244,9.7915	[[[774004,95179,27,-7,20,-19,29,-4,16,-25,20,-7,8,-27,-7,-16,83,-75,57,-23,41,-38,26,-12,29,-4,78,-50,18,-3,53,66,20,-1,12,-19,9,-37,12,-15,24,15,76,2,18,11,-11,31,-24,18,8,18,16,5,52,-8,6,15,-60,34,-93,25,-29,30,3,24,21,15,95,27,43,6,40,-5,49,-10,99,-52,15,-19,23,-3,16,7,4,42,11,11,31,5,17,8,62,6,46,-25,57,6,77,-76,23,-45,26,23,-9,21,-49,40,-23,35,7,23,24,7,26,-14,15,11,23,-11,15,-20,-4,-19,7,-73,34,-43,21,-6,54,-1,40,-13,67,-83,18,-3,69,31,76,-11,64,0,71,-28,131,-107,63,-94,22,-12,33,-34,18,-23,18,-49,-11,-17,-25,9,-39,-28,-97,-10,-22,-46,-9,-110,44,-14,80,19,95,-13,66,-16,56,-35,105,-2,59,-11,1,-70,8,-12,94,10,129,-28,-20,-94,6,-47,13,-34,82,-39,-8,-114,-11,-10,-39,-14,-28,4,-14,10,-14,-4,-19,-17,-2,-23,-87,-18,-11,-10,-6,-22,30,-105,-5,-54,15,-57,-13,-50,4,-13,14,-10,6,-25,-20,-40,-6,-29,-16,-12,-10,-18,6,-33,46,-13,-36,-21,-33,3,-25,15,-40,45,-57,34,-73,30,-2,-25,7,-21,25,-6,47,-23,12,-10,20,-11,15,-17,7,-20,-3,-30,27,-17,9,-16,0,-22,-8,-10,-6,-4,-8,-8,-24,-12,-12,-19,1,-15,24,-16,8,-20,2,-28,-16,-21,-38,-32,-26,-10,-10,-26,86,-9,35,-34,51,-6,16,-7,2,-29,14,-8,58,7,16,21,142,5,45,-8,47,24,71,5,28,6,98,-79,1133,246,12,-7,16,8,2,5,122,27,154,-4,22,26,-3,15,1310,285,-230,999,557,847,-44,1,3,70,-15,20,-74,9,-105,34,-27,-11,-49,-51,-24,-9,-30,36,-29,-89,-57,-133,-6,-35,-23,-14,-39,9,-30,-5,-21,-43,-118,0,-29,6,-13,23,7,22,27,13,62,-1,57,15,81,1,-5,45,-9,10,-66,29,-69,17,-50,-4,-30,81,-6,33,5,33,28,2,41,51,2,17,17,13,31,14,54,-3,23,13,24,46,29,86,7,70,20,29,34,13,35,-10,24,4,13,14,13,30,2,27,-8,169,96,-17,91,7,63,-9,32,-13,-20,-142,-15,-8,-14,3,-8,17,-12,2,11,-24,-16,-144,127,-30,131,-14,75,-16,895,1359,-3506,265,-32,-42,-115,-190,-32,-67,-89,319,-711,697,-1182,-308,-982,-1297,388,-449,-1,-106,-6,-6,-88,-22,-44,-32,-19,-23,-73,-41,2,-52,25,-21,-3,-40,-61,-42,-82,-9,-17,-23,-70,-23,-36,26,-42,6,-21,-15,-31,26,-133,2,-30,-22,-28,-47,-81,-33,-46,-55,-74,-56,8,-26,-28,-48]]]
1267648	r	77.7501,10.6222,78.419,11.1485	[[[777501,109797,24,-137,154,-3,16,-29,-13,-180,-26,-93,228,-495,16,2,50,-74,-9,-52,41,-88,104,-59,116,-9,139,-213,88,-10,143,138,128,-85,30,-54,19,-267,-36,-121,74,-72,64,-2,58,39,19,-103,-3,-51,1,-17,-2,-1,-1,-11,-58,-22,-127,25,-25,-31,-171,120,-175,24,-37,26,471,-1021,4403,-648,565,2175,303,1165,118,454,-4887,1468,-534,-209,-957,-766,12,-120,87,-55,-57,-252,-51,-105,-186,-126,-32,-56,-70,17,-14,-16]]]
1259012	r	76.2342,15.5474,77.5976,16.5858	[[[762342,161307,123,-26,-24,-144,101,-35,-17,-51,30,-80,63,-3,60,129,204,-39,441,-139,-43,-144,-275,64,-67,45,-357,21,-9,-21,16,-144,249,13,195,-18,27,-101,-30,-252,25,-129,60,-124,5,-128,-140,-10,1,-96,34,-143,80,-180,133,-12,63,-212,-5,-25,-153,-29,-12,-68,-97,10,-5,70,-165,-16,0,-263,51,-98,84,22,18,6,2,0,2,0,46,-25,80,15,24,103,68,-19,111,24,110,-50,3,-133,-73,-154,133,-81,20,23,22,-14,34,171,-1,197,-53,14,58,69,108,31,35,46,16,-152,286,-1,0,-27,231,-91,-22,-19,-29,-159,-35,-36,147,-106,149,-45,34,-48,-3,-18,6,-13,-15,-35,-11,-60,-21,-16,-46,-108,-43,7,-156,-127,-18,-67,-29,12,-44,-20,19,-129,68,-7,3,-53,112,14,61,-26,-4,-344,83,-60,-42,-58,40,-40,350,-150,27,-50,56,-8,10,-59,189,92,42,-24,2,-39,27,25,86,-54,28,-72,30,-11,38,-3,-1,46,13,2,-2,7,-56,215,-33,219,-12,222,12,222,33,219,56,215,77,209,98,201,118,190,136,178,154,165,170,149,184,132,196,114,207,95,216,75,222,54,226,32,229,11,229,-11,226,-32,222,-54,216,-75,207,-95,196,-114,184,-132,170,-149,154,-165,136,-178,118,-190,98,-201,77,-209,17,-66,-2916,-2351,69,-29,6,35,204,-32,169,15,107,-30,55,-29,14,-160,31,-40,195,-98,77,-6,246,-91,225,159,15,22,1,31,-26,271,42,69,-40,157,19,95,233,146,40,115,104,118,89,56,85,136,174,54,101,94,54,284,205,338,242,124,160,196,97,78,61,95,172,110,92,153,1,0,97,233,202,201,166,288,143,100,24,13,166,88,302,77,590,-72,1092,265,228,-72,301,5,115,-25,91,-72,250,38,114,-14,141,56,231,-79,159,-60,324,-15,144,-49,41,185,18,207,-36,4,-61,127,44,273,808,196,-213,2723,89,-87,153,24,-59,79,43,149,-64,96,-13,69,35,14,-26,101,-183,-38,-8,2,-192,2453,-1331,-446,-4,-204,-12,-30,-60,28,-118,4,-79,-53,-132,-16,-51,-40,-28,-219,-148,3,-24,22,-60,-4,0,-24,-37,-17,-181,5,1,45,-265,53,17,-78,-56,-118,-288,-38,-191,47,-71,-12,-25,-66,269,-206,57,-176,81,-72,109,-159,-161,-48,-86,3,-206,134,-692,149,-4,1,-111,127,29,56,-10,93,-80,124,-131,73,-202,18,-195,73,-56,47,-56,-2,-51,55,-183,86,-111,122,-40,11,-96,-26,-184,-167,-124,-20,-79,160,1,10,-3,7,45,267,-13,37,-14,27,-102,79,-53,21,-84,6,-54,-6,-21,-9,-53,-68,-9,-33,1,-48,1,-45,71,-234,-53,-129,-301,-42,-294,-147,-295,75,-119,-30,-69,-66,24,-160,-12,-100,-102,-155,-135,-109,-121,-46,-434,-80,-247,108,-104,-82,-61,-108,-427,-173,-146,-97,-211,-91,-157,-125,-179,-49,-211,-145,-172,-24,-3,0,-36,-5,-68,-73,-151,-15,-156,-105,-348,-172,-94,-31,-164,-7,-33,-14,-1,0,-92,-43,-9,-5,-5,-3,-108,-99,-75,-23,-230,-166,-201,-101,-21,-25,46,-14,-33,-36,-181,-90,-22,-48,-95,-64,-173,-73,-74,-107,-56,-10,-43,-58,-169,-67,-211,-34,-163,-58,-87,-252,-76,-68,-55,-16,-78,19,-177,114,-95,26,-20,-22,-41,-340]]]
1260692	p	1264527
1253993	n	76.4609,11.1839,76.8944,11.6362	[[[764609,114100,11,-222,1,-3,555,-167,-26,-119,-69,-54,396,47,-5,-140,28,-140,-126,-166,21,-99,60,-41,-194,-121,-40,-169,-97,-35,5,-5,151,-165,167,-149,180,-132,193,-114,203,-95,212,-75,218,-54,222,-32,225,-11,190,9,9,25,32,8,26,-19,17,-4,36,37,3,10,18,12,57,-8,-66,127,48,69,20,8,10,17,18,6,-55,47,-1,0,-4,4,-3,69,-46,-10,-99,73,-44,66,-69,127,1,64,18,29,28,10,41,-3,20,-39,46,1,19,-9,64,-42,56,-57,59,-17,26,28,7,16,46,41,50,-23,51,36,27,5,12,29,32,-5,66,76,17,131,-40,59,28,41,9,6,87,-32,23,-17,1154,2277,-23,49,-116,190,-134,178,-151,165,-167,149,-180,132,-193,114,-203,95,-212,75,-218,54,-222,32,-225,11,-225,-11,-222,-32,-218,-54,-212,-75,-203,-95,-193,-114,-180,-132,-167,-149,-151,-165,-134,-178,-116,-190,-96,-201,-75,-209,-55,-215,-33,-219,-11,-222]]]
1260716	r	72.7779,24.7487,74.0492,26.1607	[[[727779,258025,75,-52,136,-35,33,-128,147,-82,66,-83,46,6,2318,-3353,-11,-57,-205,-303,-199,-137,-156,115,-42,-13,29,-35,-107,-101,57,-44,78,-18,39,-136,-158,-88,-180,233,-182,37,-131,-134,-69,-11,372,-266,44,-181,123,-190,75,-176,-47,-190,-69,-108,-212,-63,-11,16,-167,-6,0,-19,-52,22,-17,-20,-38,10,24,-48,-17,-98,58,-101,109,-32,133,98,57,-13,22,-40,-33,-181,18,-76,-141,-5,-45,-39,28,-81,-78,-7,-29,51,-43,-4,51,-86,-21,-105,45,-99,1,-148,210,-2,64,-45,40,9,-11,51,41,17,2,32,107,-14,-6,-54,21,-4,-28,-208,26,-166,35,-38,171,-52,45,-58,161,128,101,36,-46,274,-58,100,48,198,121,-34,175,-136,233,-224,83,-27,36,-85,91,-45,43,19,13,50,137,-159,-39,-77,-21,-239,-137,-157,-48,-95,-66,-48,-284,-114,-221,-163,-125,-224,-47,-155,-100,-51,-114,25,-62,-37,-84,-5,-43,-33,-23,-123,38,-104,-63,-162,201,-122,267,-222,158,-4,227,-253,307,-41,30,-115,123,-42,23,-45,79,81,148,2,140,-201,53,-28,36,-134,14,-292,-250,-319,118,30,39,60,104,69,152,55,200,139,128,30,130,-13,52,127,7,217,29,65,108,83,153,176,42,125,-15,84,70,3,42,33,101,-81,143,176,10,58,78,47,21,69,132,26,49,135,1,94,67,100,1,104,58,83,-150,90,-38,80,82,105,68,7,15,27,-48,72,34,74,-15,77,105,14,-8,103,175,117,132,183,54,144,95,110,80,27,25,65,356,15,181,59,75,81,168,18,10,109,114,24,-11,71,29,40,87,36,93,101,66,19,155,116,44,-24,40,43,-2,47,50,40,82,-4,12,75,84,125,165,21,44,45,-7,87,81,38,-3,93,78,344,12,27,35,-20,37,22,31,64,1,11,-5,12,-27,26,-24,88,-27,10,-11,68,-17,26,5,46,90,109,181,151,56,17,3,-4,6,1,50,-75,-21,163,152,84,62,126,302,151,109,193,-5,3,7,0,5,10,21,-10,201,-1,111,133,97,183,-21,81,32,189,50,34,123,209,84,217,172,107,90,156,68,264,112,165,86,197,6,32,-55,48,98,193,77,48,121,192,61,121,8,138,49,18,160,162,83,-13,48,54,44,0,64,129,31,80,-1,2,15,34,-24,68,15,226,-50,155,183,241,54,26,-11,117,-53,72,2,48,204,125,-32,230,11,14,0,6,27,27,50,61,32,22,131,-45,18,-26,51,47,6,89,38,51,151,125,33,13,92,-25,126,91,84,27,87,86,58,20,75,115,-51,81,5,104,-53,94,-61,54,-71,-37,-89,94,-258,96,-18,48,38,54,-13,44,-220,38,-75,241,-235,-158,-65,107,-84,77,62,51,19,66,-127,-13,-189,53,-196,-28,0,108,-33,-12,-55,226,-78,14,-10,-16,-146,43,-384,-29,-98,114,0,3,-3,3,-16,194,-30,71,-39,21,81,142,-167,42,-159,-1,-75,-19,7,-25,-30,-16,-47,3,-19,84,-57,52,-46,7,3,58,-111,-4,-215,-154,-1,-48,-143,-245,-126,8,-40,12,-1,-10,-10,0,-7,10,-155,15,-42,11,1,10,-31,-2,2,60,-50,5,-17,112,27,48,10,165,39,80,-30,11,14,35,-56,64,-185,159,-41,-16,-72,-94,-42,-4,-7,-47,-69,-3,5,-25,-38,-10,-23,35,-128,-56,-119,53,-15,-19,46,-63,6,-75,-162,-51,-43,-42,-69,35,-85,0,-80,-46,-126,-18,0,-87,20,0,35,-141,-18,-152,-114,45,-67,-7,-108,185,-56,-41,-50,33,-16,-37,-86,41,-120,-3,-107,229,-52,16,16,26,-53,8,-69,133,-65,21,2,32,-219,-62,-48,94,-21,273,-132,-29,-22,-54,-118,12,28,-42,-52,-13,27,-107,-49,-42,-44,14,-90,-54,-162,-136,74,-280,38,-55,39,3,8,-30,53,17,15,-27,-70,-32,17,-132,-28,-16,-47,26,-61,-4,-164,-90,-13,-115,-113,-58,15,-111,56,-114,-42,-27,-107,32,-5,114,-33,60,-95,-1,-162,71,-65,66,24,43,-71,72,-109,-25,-63,99,75,16,5,41,-114,-7,-72,138,-77,-21,1,-25,-85,-65,-19,40,-31,3,-88,-37,-16,23,-48,-16,-61,82,-48,7,17,-133,-169,-154,82,-197,-236,-15,-183,120,-79,18,-98,-41,-55,-98,-61,-34,-124,-7,-185,-94,-76,7,-233,-49,-36,-30,46,-110,-25,-240,-33,-53,-24,3,-20,-62,-185,-122,-286,13,26,-53,-61,-93,-114,-19,-86,-42,17,-132,-144,-141,-17,-61,-203,21,-207,-99,-274,-25,-95,29,-65,-39,-47,14,-20,87,-118,-18,-14,-47,-80,11,0,-23,-43,-18,-12,-218,-49,-38,25,-114,119,-132,-131,-216,-115,-13,-66,55,-116,33,-11,33,-33,-7,-36,-47,-23,-13,-36,-60,2,-3,-18,-24,-123,-54,-14,-52]]]
1269934	p	1277333
1253084	r	83.0585,17.965,83.7027,18.3647	[[[830585,181200,8,-220,22,-219,38,-217,52,-214,67,-211,6,-16,391,-324,151,-62,332,-67,942,142,19,23,40,63,4,39,11,19,-4,33,28,1,13,40,24,25,3,40,72,5,25,-68,44,1,58,-44,14,1,2,9,-25,9,-26,32,-25,19,17,47,101,-10,57,3,25,-37,9,-2,24,0,0,14,10,3,37,-1,-12,48,5,57,-13,11,-1,10,-23,6,-12,11,5,14,18,9,2,7,-22,26,-42,26,-8,20,7,15,17,5,24,-27,37,-13,25,-19,22,0,24,91,56,34,80,74,71,-3,33,53,21,1,67,-20,5,29,-18,45,25,18,29,53,5,7,7,3,73,-1,3,-15,-19,-61,52,-14,39,-32,36,-8,17,10,55,-16,50,-6,39,0,38,9,8,6,3,1,3,3,17,12,38,43,-14,-62,19,-31,-3,-39,-26,-45,2,-26,-23,-30,-26,-54,-16,-11,-22,-106,132,-17,94,3,55,-20,-5,-42,9,-47,9,-13,1733,262,184,152,888,520,-1132,2675,-2364,-228,-2804,-1277,-22,-72,-52,-214,-38,-217,-22,-219,-8,-220]]]
1256422	p	1275004
7302845	p	1269843
1262292	n	72.6414,22.5943,73.0996,22.9161	[[[726414,226318,441,-110,1,84,232,46,56,-32,-3,-59,28,-2,20,64,93,-14,55,112,70,46,112,-99,43,10,51,-22,64,38,39,-26,148,74,101,-42,107,-178,204,43,72,-86,-2,-26,-132,-77,16,-29,42,6,5,-88,28,-8,92,44,37,-14,72,44,-8,40,66,38,-26,89,64,-13,117,33,31,-169,-120,-26,0,-43,1271,709,17,45,4,159,30,3,21,118,119,53,-7,57,-45,46,15,16,-19,55,80,43,101,-16,35,96,74,-6,12,-42,52,-12,-22,-77,57,-27,18,-54,81,52,85,7,44,-21,96,53,36,-18,73,46,112,21,26,15,-9,54,-58,215,-80,209,-102,201,-123,190,-142,178,-161,165,-177,149,-192,132,-205,114,-215,95,-225,75,-232,54,-236,32,-239,11,-239,-11,-236,-32,-187,-44,-1321,-911,-203,-1845]]]
1262204	n	77.2044,8.076,77.6569,8.4061	[[[772044,82033,209,-189,136,-93,241,-67,238,-149,79,-65,139,-161,70,-31,1341,-403,612,-115,544,65,-43,321,342,244,486,167,120,20,0,1,11,222,-11,222,-33,219,-54,215,-75,209,-95,201,-115,190,-132,178,-150,165,-165,149,-178,132,-191,114,-202,95,-209,75,-216,54,-221,32,-222,11,-222,-11,-221,-32,-216,-54,-209,-75,-146,-69,-580,-778,-640,-859,-22,-150]]]
10265057	p	1273294
13353441	p	1269300
1262395	r	80.0835,23.5578,80.6965,24.1222	[[[800835,238400,7,-185,20,-183,32,-183,46,-179,58,-177,71,-173,82,-168,95,-163,106,-157,117,-150,127,-143,137,-135,146,-126,155,-117,163,-107,171,-98,177,-87,182,-76,188,-65,192,-54,195,-42,198,-30,200,-18,200,-6,200,6,200,18,198,30,195,42,192,54,188,65,182,76,177,87,171,98,163,107,155,117,146,126,137,135,127,143,117,150,106,157,95,163,82,168,71,173,58,177,46,179,32,183,20,183,7,185,-7,185,-20,183,-32,183,-46,179,-58,177,-71,173,-82,168,-95,163,-106,157,-117,150,-127,143,-137,135,-146,126,-155,117,-163,107,-171,98,-177,87,-182,76,-188,65,-192,54,-195,42,-198,30,-200,18,-200,6,-200,-6,-200,-18,-198,-30,-195,-42,-192,-54,-188,-65,-182,-76,-177,-87,-171,-98,-163,-107,-155,-117,-146,-126,-137,-135,-127,-143,-117,-150,-106,-157,-95,-163,-82,-168,-71,-173,-58,-177,-46,-179,-32,-183,-20,-183,-7,-185]]]
1268159	r	79.4829,12.532,80.1049,13.0556	[[[794829,127703,1073,-2302,1072,-61,197,319,13,-3,-28,-161,200,-106,78,-69,105,103,-5,186,88,-33,21,-76,110,6,46,81,131,15,36,75,212,-17,30,68,-33,136,-52,65,33,91,-10,55,-33,62,6,39,-64,93,95,-1,85,-64,246,60,209,-8,74,53,123,-9,94,107,109,1,99,-67,73,3,25,47,-45,81,-20,276,-49,85,-2,122,123,5,38,65,204,-23,4,45,-29,63,-81,145,-5,37,-111,122,-120,101,-167,48,-200,109,88,64,-27,1,-9,16,-56,25,-32,0,-11,5,-4,17,22,10,204,35,15,13,50,43,35,88,65,-3,31,-8,50,-26,16,15,3,10,8,2,13,-10,18,-29,41,-87,45,-6,18,2,7,57,141,3,49,66,31,109,0,4,-27,8,-7,0,-11,6,-20,121,21,17,29,-18,62,-87,109,3,35,-6,63,-33,95,16,17,8,32,1,35,-4,-1,-12,25,-11,8,20,0,26,43,71,72,31,98,-7,22,67,51,35,33,8,7,39,17,16,22,1,12,-4,58,-4,21,113,35,61,53,74,-9,26,-4,53,-44,45,-12,26,-5,7,-2,2,-2,3,-1,8,-9,20,6,9,-1,5,70,138,10,31,13,34,25,27,46,91,13,14,12,3,131,87,2,43,20,39,11,66,30,53,92,-10,-5,49,15,19,-121,42,-110,39,26,72,-4,31,-36,19,-10,-35,-63,-5,-65,-122,-155,-9,-53,66,-6,32,75,187,89,5,18,28,-23,161,100,48,78,1,10,63,-73,201,-21,12,-18,-27,-62,-3,-8,-62,-103,-60,-54,0,-3,39,-36,30,12,-100,-20,-6,-144,15,-41,32,21,151,-27,30,-285,51,-3,-11,-1,-38,-12,-17,-7,-37,-27,-38,-2,-4,-1,0,-6,-8,-50,-1,-25,8,-52,53,-5,17,0,9,10,4,28,1,5,93,49,13,28,19,34,-3,-26,38,-16,-10,-23,-26,-29,-6,-32,-20,-80,-4,-2,-64,-4,-5,-3,-36,1,-2,-2,-16,-142,0,-15,-17,-48,-25,-115,-12,-54,11,-63,3,-17,11,-52,15,-7,21,9,45,1,53,-12,-1,-10,-11,-76,4,-74,26,-7,-60,-10,-19,-18,-79,18,-19,7,0,3,-12,2,-134,66,-8,4,3,40,-8,10,25,69,4,3,-41,93,-4,90,-39,30,-13,9,-27,0,-29,-5,-26,-37,-50,-20,-36,-52,-19,-51,-1,-12,7,-18,29,-9,17,-37,13,-13,1,-5,6,-38,13,-40,48,-84,-81,-41,-8,-14,-8,-46,-3,219,-143,11,-4,16,-15,-41,-56,-4,-60,-72,-5,-12,-24,-44,-49,-20,-94,-18,-21,-34,-19,-33,14,-19,2,-18,14,-68,-2,-36,-10,-8,1,-2,9,-47,2,-31,10,-106,-2,-7,2,-4,32,-16,10,-21,2,-2,39,-32,2,-16,11,-106,-1,-4,4,21,34,-2,9,-12,5,-71,-1,-36,-13,-10,7,7,26,2,67,-11,7,-2,25,-5,0,-4,49,-16,20,11,47,-46,-7,-7,3,-1,10,-12,20,2,10,19,0,40,19,-7,35,-2,89,-26,45,-1,6,-45,86,-59,-27,-36,-9,-3,4,-2,0,-3,8,-14,22,-6,29,-10,14,-3,29,-9,25,-91,-44,-70,-3,-309,-176,-38,-83,-133,-109,-310,-97,-46,-56,-213,-146,-167,-62,25,-206,-116,-44,-126,-13,-166,-108,-259,-73,-29,-29,-229,-37,-40,-125,-62,-26,-9,-31,20,-93,59,-92,0,-61,-80,-47,-185,107,-286,-58,-28,16,-245,-875]]]
7279754	r	81.8787,23.6114,82.8903,24.7022	[[[818787,241314,2,-74,53,-41,229,-58,20,-155,-24,-102,21,-53,309,-118,134,-88,12,-104,90,-101,-59,-187,87,-84,128,-29,144,81,108,-86,146,192,54,-28,164,-198,95,-54,265,10,41,134,49,11,31,-43,11,-219,26,-33,73,1,82,62,142,12,62,-24,184,-166,68,-34,54,3,66,59,0,133,33,74,48,-22,63,-124,32,-15,-539,-1848,6847,-1884,765,320,-399,6409,-1127,1423,15,10,0,48,-52,-12,-7,9,16,33,-40,22,32,91,-27,73,50,76,-17,88,-48,23,43,28,-5,31,64,34,35,133,0,37,-77,27,-153,123,25,43,-18,52,22,20,-26,40,86,16,15,40,-98,106,-20,68,28,28,204,-84,7,49,85,-19,9,-33,-34,-33,35,4,-11,-60,40,-3,358,62,162,54,-26,71,7,137,-44,71,18,208,-114,5,-114,-36,-147,12,140,181,-41,8,2,58,-33,14,-4,130,24,69,-208,-9,-4,-39,-68,51,-140,22,-42,-89,-53,30,-46,-37,-2,78,-113,-62,-85,99,27,298,-248,147,-53,63,-133,-19,-209,-128,-294,-68,-274,-162,-216,-62,-81,103,-228,-23,-43,152,-56,-29,-67,19,-56,-37,-111,-7,-48,5,-94,69,-115,-43,-181,4,28,141,-145,125,-108,11,-215,-210,25,-18,-19,-23,71,-68,-19,-105,64,-80,-6,-17,-420,-43,-136,-465,-66,50,-60,109,-53,4,-57,49,-90,-20,-76,-59,-24,-63,-190,13,-10,-43,130,-164,45,3,27,38,63,-96,140,2,56,-134,73,-6,-170,-585,-65,-14,-70,-78,-82,-30,-117,56,-141,-12,-106,-147,-3,-56,-75,-20,-72,18,-38,-26,-32,-121,-77,-28,-88,46,-17,-205,-44,-76,-155,-23,3,42,-96,3,-64,-21,-31,-45,-281,-19,11,-30,173,-68,5,-69,81,-53,77,-118,-50,-111,-137,-62,-178,2,-114,63,-72,-7,-5,-26,69,-71,87,-174,-9,-41,-44,-5,-73,41,-127,-41,-91,49,-138,-21,-61,-76,-44,-136,91,-102,5,-73,-498,-195,-112,79,-199,-37,-33,-54,100,-115,-10,-72,-91,-121,-118,-76,-195,-261,-221,-36,-50,62,-73,22,-50,146,-56,8,-31,-50,39,-131,-9,-45,-56,-23,-66,67,-42,-4,-36,-194,-51,-37,-115,13,-74,-211,-152,-88,15,-195,-51,-34,-13,-143,-118,-151,-12,-15]]]
1262995	r	82.0191,24.6457,82.9393,25.2719	[[[820191,249303,3567,-2846,420,43,6,17,-64,80,19,105,-71,68,19,23,-25,18,215,210,108,-11,145,-125,-28,-141,181,-4,115,43,94,-69,48,-5,111,7,56,37,67,-19,56,29,43,-152,228,23,3892,2018,-230,799,-1088,2361,-9,-90,-31,-23,-99,80,91,111,-119,33,-34,27,0,11,7,9,-10,58,-43,9,10,37,61,-1,10,22,75,-32,113,-20,17,22,43,-20,-17,73,-37,12,-34,70,-28,-8,42,60,86,31,-23,54,-58,11,15,108,56,-1,40,98,-118,23,-75,-25,-22,-51,-139,-9,2,-90,36,-16,-32,-28,57,-25,15,-42,-117,-1,-8,42,-42,9,8,84,49,31,3,40,-92,36,-15,42,0,6,-2,0,-3,10,3,37,76,-11,28,32,-8,41,-43,17,-25,-44,-128,6,-1,-7,-6,-32,-28,-151,-28,-66,-63,-26,-72,110,-54,37,-2,0,-3,1,-150,-3,-60,-25,-14,110,-13,-4,-36,-11,-148,17,-40,-48,-73,10,-40,-79,-65,-30,-35,72,49,38,1,33,-864,30,-606,-250,-50,5,-11,-29,-75,-31,-80,13,8,67,-67,-13,-231,28,-85,-230,-145,-14,-164,199,-158,89,-5,-5,-137,84,-186,37,-4,-1,-94,-50,-25,-18,-15,-21,-13,-25,-78,-272,-4,-42,-21,-44,-39,-31,-51,-16,-34,-6,-74,8,-89,18,-16,13,-47,78,-31,73,-78,279,-108,137,-83,34,-168,12,-128,-33,-60,-45,-145,-290,-26,-22,-93,-5,-39,-66,-3,-13,34,-86,155,-91,154,-16,11,0,90,-11,57,-17,34,-20,11,-15,8,-4,2,-9,5,-7,5,-37,-15,-25,-11,-10,-3,-4,-3,-2,-19,-17,-64,-28,-60,-13,-13,-5,4,-218,30,-46,51,-16,21,39,129,-43,-28,-53,80,-22,26,66,29,-17,-17,-49,-2188,-900,-628,-1266]]]
1266976	n	87.1085,22.1139,87.5728,22.6461	[[[871085,222479,74,-145,122,-190,142,-178,160,-165,177,-149,191,-132,204,-114,216,-95,224,-75,231,-54,236,-32,238,-11,238,11,236,32,231,54,224,75,216,95,204,114,191,132,177,149,160,165,142,178,122,190,102,201,80,209,58,215,35,219,12,222,-12,222,-35,219,-58,215,0,1,-1,0,7,143,-11,222,-35,219,-58,215,-81,209,-94,186,-183,271,-89,112,-160,165,-177,149,-191,132,-205,114,-215,95,-225,75,-231,54,-236,32,-238,11,-238,-11,-236,-32,-231,-54,-225,-75,-215,-95,-205,-114,-68,-47,-193,-1785,37,5,24,-23,13,-39,-36,-103,56,-77,47,-54,125,-3,46,16,22,12,94,87,45,19,18,19,35,-2,202,19,0,-15,7,-4,44,-17,18,1,31,15,18,50,20,9,80,-34,-25,-57,42,-13,31,-32,-24,-35,-12,-2,-13,11,-19,-23,-28,20,-10,-7,-20,4,-20,-38,12,-22,-2,-14,-16,-15,-24,-3,-28,-15,-9,-17,-82,-3,-31,-16,-27,-4,-10,-6,-21,-36,-28,13,-33,6,-48,-42,-39,-1,-9,-20,-41,10,-12,-23,-26,14,-47,-4,-19,8,-79,-66,-15,-49,-6,-10,-53,-85,-33,-80,-27,-28,-15,-56,-15,-7,-53,26,-33,8,10,-49,-22,-64,-64,-38,-17,-32,-2,-33,-24,-27,-101,-32,-13,-14,-250,-652]]]
1272051	r	80.9231,16.5065,81.3383,17.1281	[[[809231,166093,3317,-1028,835,1793,-1263,4285,-273,62,-280,45,-283,26,-140,5,-1512,-4102,50,69,86,-18,48,3,24,-210,54,-142,5,-67,-46,-30,-52,-16,-66,-11,-11,-30,-6,-59,-57,31,-60,18,-87,-3,-52,4,-231,-625]]]
10524295	p	1269843
1252797	r	77.0099,29.9351,77.6189,30.6453	[[[770099,301600,804,-1961,933,-46,-6,-18,62,-28,-72,-81,138,-89,17,12,115,-38,203,45,59,161,15,10,1108,-55,551,807,-14,5,-9,-18,-10,1,-8,-12,-43,-16,-8,17,12,32,-53,6,-10,-24,-49,-39,-40,-1,-39,-22,4,-14,25,-21,-4,-12,-63,-5,-7,1,2,10,-7,0,-26,-20,-20,-3,-5,-11,-4,33,-68,27,-58,40,-137,41,-19,0,-42,42,16,14,-16,43,-81,32,-1,5,32,54,2,39,52,-9,12,35,40,39,160,116,55,49,35,6,46,51,85,70,67,-7,126,7,84,14,132,76,59,46,-192,66,-14,30,96,13,76,114,41,45,-53,19,37,111,-1,53,63,147,53,6,1,-35,17,-4,18,38,121,7,52,-17,53,69,43,14,104,-81,13,1,20,-10,1,-20,37,-28,0,-18,43,14,14,-10,1315,1927,-478,1638,-388,1328,-1361,-135,-1905,-1247,12,-53,56,-50,-104,-182,-45,33,-30,-14,-82,-88,-63,-126,-64,-17,17,-66,-18,-81,-45,-12,53,-100,-1,-55,-1,-9,-39,-34,38,-42,35,-131,63,-30,30,-47,-32,-120,39,-20,-63,-73,25,-62,-29,-57,-83,54,-107,-81,-1,-46,37,-26,53,55,23,-85,-20,-82,108,-101,-22,-101,65,-60,54,8,-18,-33,23,-14,-29,-50,-91,2,-24,-22,-94,19,-26,-133,-49,18,-136,-69,-15,-36,-40,7,-1,1,-84,-181,44,-30,-19,-31,36,-16,-61,-60,-11,-75,95,-59,33,34,74,19,85,-47,25,-77,-48,-31,-83,-166,-75,31,-13,86,-112,66,-34,-40,-58,39,-50,2,-23,-54,-74,-20,-145,33,15,-23,-90,-92,-67,2,-52,-109,53,-36,-10,-28,298,-152,36,-58,-105,-150,-15,-77,-132,82,-140,48,-22,-47,30,-34,-5,-70,-59,-115,39,-111,-66,-68,-52,-3,-179,95,-36,27,11,72,-145,44,-126,120]]]
13308246	p	1258315
1275738	r	76.6899,17.5829,77.9697,18.4766	[[[766899,176841,53,-71,-3,-141,141,-4,32,-48,-34,-54,-101,-61,2,-42,159,-29,59,149,115,49,6,67,392,4,-6,-199,21,-73,34,-25,83,6,-8,24,46,35,-15,47,45,53,152,-25,-3,-18,154,30,130,-21,65,44,136,-102,116,35,161,-43,152,21,93,-100,66,41,151,-18,-46,-125,-52,-41,27,-25,-3,-82,75,-39,119,7,0,31,100,107,7,37,53,-36,-1,138,34,42,101,63,-207,-10,-231,11,-229,32,-225,54,-218,75,-209,95,-199,114,-186,132,-172,149,-155,165,-138,178,-119,190,-99,201,0,1,-106,46,-71,-69,-16,-72,89,-43,-32,-179,58,-18,41,-125,-290,-92,61,-53,-49,-169,106,-64,13,-41,-90,-24,-99,27,-36,-119]],[[769180,181241,37,-64,88,-46,70,15,168,-41,111,-116,-13,-35,90,-4,229,-32,225,-54,218,-75,209,-95,199,-114,186,-132,172,-149,155,-165,138,-178,119,-190,99,-201,78,-209,56,-215,34,-219,12,-222,-12,-222,-34,-219,-56,-215,-78,-209,-99,-201,-119,-190,-138,-178,-155,-165,-172,-149,-186,-132,-196,-112,119,-90,74,4,44,-33,42,98,149,-1,20,47,83,46,31,81,57,8,35,-5,13,-45,45,4,-8,-211,130,-55,-15,-88,75,-67,33,18,-23,-18,27,-53,-34,-23,18,-31,183,-23,-11,-53,28,24,95,-59,47,2,21,-29,48,-3,15,134,30,32,78,-55,37,27,99,-2,17,26,65,-16,28,21,23,-20,110,-4,141,-65,165,41,46,-95,45,13,28,-20,-17,-21,61,-39,48,31,-16,-56,45,-21,-13,-32,27,-52,42,4,56,-27,31,-15,300,-62,65,112,80,18,194,-67,15,-108,297,-5,200,43,162,-38,-6,92,26,69,-17,95,44,1,73,253,-31,15,-49,170,66,216,2,149,-27,19,3,34,152,84,58,11,16,9,29,3,4,-2,39,8,2,3,5,-2,10,2,-1,12,22,7,58,-3,43,83,30,-1,18,9,18,0,32,-12,-4,11,16,9,15,-1,17,12,-2,6,25,17,19,6,26,18,11,15,36,18,27,6,28,14,26,1,11,8,25,-5,38,8,-2,11,90,7,3,14,15,9,2,2,5,14,12,9,41,-1,2,2,19,-2,11,16,2,23,11,8,12,5,2,-18,14,14,-1,5,11,4,4,-10,-8,-13,34,12,7,-17,5,3,1,10,11,-1,22,10,-34,173,20,73,-145,-25,-147,105,-1,39,-161,26,3631,1233,831,1418,-905,1572,-2968,242,-17,42,-83,81,4,33,88,160,98,26,120,177,-60,35,-180,33,-58,42,-12,45,-61,-81,-54,-24,-110,91,-1,-15,-12,7,2,16,-5,5,-129,29,-97,77,-21,31,-104,18,-45,-55,19,-35,1,-33,-9,-42,4,-6,-22,-86,-28,-2,-28,-61,-14,-16,-25,-12,-27,-36,0,-3,-2,0,-17,-23,-40,-12,-11,3,-44,20,-7,1,-30,17,-13,-17,-1,-13,-40,-40,-74,-13,-7,-4,-18,0,-45,16,-1,1,-37,13,-12,-4,-50,19,2,7,-34,13,-15,68,4,29,-4,38,-50,-13,-29,53,0,15,-14,32,1,87,4,26,3,69,-90,26,-3,-14,-28,-35,-87,-15,-10,-10,-36,-34,-94,6,-24,23,-27,-11,-42,2,-70,41,-11,2,0,5,-137,0,-41,-6,-16,4,-2,2,-1,0,-10,12,-48,53,-6,0,-31,55,136,38,1,15,13,3,48,59,54,-9,4,35,-1,14,3,3,2,17,-3,6,6,15,68,15,0,1,60,13,-9,11,6,33,55,-3,-9,124,-48,96,24,12,44,2,12,26,38,9,14,10,7,10,10,2,43,156,0,1,-132,100,-165,-23,-53,22,-65,-13,-46,122,20,53,-29,6,-1,85,0,12,-35,23,15,44,-15,8,-3,2,60,111,-31,32,-126,-8,-134,-117,-60,130,-78,20,6,36,-58,24,-36,-38,2,-98,-27,-43,-110,-11,-149,-88,-67,-6,-96,-82,-64,2,-29,-40,-1,-15,-37,-37,-77,3,-11,6,-11,2,-13,-3,-3,4,-9,1,-18,-3,-14,7,-25,-23,0,10,-14,-7,11,-5,-10,-30,-9,-9,6,0,-50,-82,3,-35,-10,-20,-9,-72,40,-55,24,-53,15,4,64,-16,9,-16,-23,-43,-70,-3,-14,-3,-49,-1,-76,-43,0,-32,-11,-53,-47,-77,98,-13,-69,-83,-37,-137,-39,-22,-33,-72,-95,56,-33,-72,24,-24,11,-28,9,-39,-3,-14,8,-73,18,-27,25,3,11,8,11,-5,-7,-63,41,-76,-157,-40,-105,81,-127,-1,-37,-75,-13,-164,-98,-38,-80,-183,-31,6,1,-180,21,-2,2,-45,-85,2,-24,-93,-64,-17,-101,30,-1,-21,-143,-25,-125,-77,194,-272,-43,-125,-67,-7,-54,27,-156,-71,-200,0,-112,89,-9,131,-186,84,-15,-47,-85,-21,25,-87,-23,-82,-160,16,-58,13,-48,50,-26,163,-40,31,8,49,-125,19,-16,-31,-149,9,-111,-21,-29,-189,-59,-128,-102,39,-108,-164,78,-53,32,-52,-91,-36,-54,-59]],[[772686,184535,105,-20,37,31,63,-11,63,37,31,59,27,4,-9,125,-101,5,-30,-25,-105,26,-39,-38,-1,-98,-33,-29,-8,-66]]]
1262482	r	86.2609,25.012,86.7651,25.6747	[[[862609,252856,30,-79,58,8,103,14,-15,-43,528,-1410,1989,-1226,1211,3755,1138,1906,-1717,387,-25,-32,19,-15,-35,-24,83,-109,-26,-34,-45,21,-52,-71,-16,27,58,50,-144,70,-59,-47,-40,6,-64,124,-88,-81,-38,57,-41,0,-9,-60,-65,38,-45,-22,-195,42,-44,99,-123,-14,-17,54,-65,56,-20,87,-65,6,-8,36,-1393,314,-512,-3777,-1,-5,-139,-69,-111,-39]]]
1261927	r	78.1568,15.1088,78.8648,15.8534	[[[781568,155423,550,-3235,1107,-792,102,-46,236,-86,241,-71,245,-55,249,-40,107,-10,1440,120,192,56,236,86,229,101,222,115,214,129,205,143,194,155,184,167,172,178,160,189,147,199,133,207,118,216,104,222,89,229,73,234,57,238,41,241,25,243,8,244,-8,244,-25,243,-41,241,-57,238,-73,234,-89,229,-104,222,-118,216,-133,207,-147,199,-160,189,-172,178,-184,167,-194,155,-205,143,-214,129,-222,115,-229,101,-236,86,-241,71,-245,55,-249,40,-250,24,-252,8,-252,-8,-150,-15,-2830,-3088]]]
6690108	p	1274746
1275068	r	75.9385,21.0885,76.5215,21.5823	[[[759385,213100,6,-179,19,-178,15,-89,1073,-1552,3509,-217,68,46,147,113,139,122,131,131,121,138,111,146,101,152,90,158,78,163,68,167,55,171,43,175,31,176,19,178,6,179,-6,179,-19,178,-31,176,-43,175,-55,171,-68,167,-78,163,-90,158,-101,152,-111,146,-121,138,-131,131,-139,122,-147,113,-155,105,-162,94,-23,12,-1683,343,-133,-12,-188,-29,-186,-41,-182,-52,-179,-63,-173,-74,-169,-84,-162,-94,-155,-105,-147,-113,-139,-122,-131,-131,-102,-117,63,-58,18,-73,8,-38,-61,-110,47,-328,-215,-491,-235,209,-109,-1,-11,-4,-27,-84,-43,-175,-31,-176,-19,-178,-6,-179]]]
1262775	n	70.6055,22.5939,71.0836,23.0461	[[[706055,228806,176,9,3,-43,37,-2,71,-102,72,5,4,-43,38,5,19,-62,-18,-23,34,-21,24,-92,44,22,71,-142,-211,-88,56,-32,36,-176,-2,-101,-33,-6,-10,-67,-71,-5,-28,-58,-128,6,-75,-87,-22,-69,63,-301,121,-92,55,27,3,-76,76,-132,-11,-32,-114,25,-11,-33,50,-76,143,-178,160,-165,177,-149,192,-132,205,-114,217,-95,225,-75,232,-54,236,-32,239,-11,239,11,236,32,232,54,225,75,217,95,205,114,192,132,177,149,160,165,143,178,123,190,102,201,81,209,58,215,35,219,11,222,-11,222,-35,219,-58,215,-81,209,-102,201,-123,190,-143,178,-160,165,-177,149,-192,132,-205,114,-217,95,-225,75,-232,54,-236,32,-239,11,-239,-11,-236,-32,-232,-54,-225,-75,-217,-95,-205,-114,-192,-132,-177,-149,-160,-165,-143,-178,-123,-190,-102,-201,-81,-209,-13,-50]]]
1278685	r	72.3415,22.2129,73.2307,22.7902	[[[723415,223867,52,-85,368,-48,8,-5,34,127,80,209,102,201,122,190,142,178,160,165,177,149,188,130,826,314,-1,43,-97,-20,-1,112,-51,31,17,120,-74,21,-138,-6,7,188,-78,-5,2,105,-49,13,-51,124,-109,22,-13,-81,-159,-73,-223,-211,-180,-64,-66,-56,-104,85,-73,-57,-3,-70,156,-206,17,-82,-15,-233,-139,-199,-150,-122,-17,-10,-13,57,-312,-85,24,-141,-13,-68,-36,-19,-94,30,-79,-131,111,9,63,55,-53,-396,-265,-205]],[[723609,222615,248,74,-47,210,-6,225,78,99,168,107,31,205,-109,133,-18,-8,56,-63,-13,-104,-116,-110,-16,-81,-44,-71,-81,-58,-38,-106,-78,-113,-15,-339]],[[726034,225041,1646,-1608,292,-787,-118,-77,-288,-132,-265,46,201,-146,100,-19,59,-189,409,311,108,57,92,-1,76,-30,118,-64,181,-96,31,8,385,100,83,67,45,86,-16,115,-22,53,-64,151,60,119,122,77,106,-6,88,-87,42,-139,12,-217,165,-5,63,-87,334,128,196,208,76,81,187,98,95,117,0,39,-99,182,-20,68,-46,166,59,106,144,112,9,7,50,118,-4,10,-69,214,-3,96,57,56,226,222,-58,458,40,76,51,15,30,37,118,-8,28,12,19,0,99,49,93,38,5,10,11,5,129,260,34,135,2,181,13,27,42,53,7,7,18,7,295,101,98,147,177,34,2,8,5,1,-3,11,5,28,17,17,93,841,-207,783,-1130,-630,-112,-21,-73,-46,-36,18,-96,-53,-44,21,-85,-7,-81,-52,-18,54,-57,27,22,77,-52,12,-12,42,-74,6,-35,-96,-101,16,-80,-43,19,-55,-15,-16,45,-46,7,-57,-119,-53,-21,-118,-30,-3,-4,-159,-17,-45,-1271,-709,0,43,120,26,-31,169,-117,-33,-64,13,26,-89,-66,-38,8,-40,-72,-44,-37,14,-92,-44,-28,8,-5,88,-42,-6,-16,29,132,77,2,26,-72,86,-204,-43,-107,178,-101,42,-148,-74,-39,26,-64,-38,-51,22,-43,-10,-112,99,-70,-46,-55,-112,-93,14,-20,-64,-28,2,3,59,-56,32,-232,-46,-1,-84,-1,-7,49,-113,-13,-34,23,-30,25,5,2,-40,117,6,48,-98,-129,-78,-63,84,-160,-43,-22,-92,-46,-43,26,-89,-106,-52,7,-54,-57,-8,-82,-66,-1,-47,-35,-10,-26,-46,11,-63,248,13,28,-105,16,-139,-176,-48,-29,86,-123,-25,24,-26,-22,-12,-102,39,-8,24,-64,-2,-24,38,-143,-37,-3,-46,-10,-9]]]
1261045	r	79.6316,15.3029,80.243,15.8176	[[[796316,155092,4595,-2063,-5,20,307,651,55,181,135,183,326,319,109,140,167,299,107,144,-136,65,4,17,24,10,69,-10,53,4,27,8,4,63,27,72,108,176,16,42,-25,56,-16,73,-70,12,-14,4,12,117,235,575,-2299,1871,-310,55,-3038,-1486,-451,-1329,-10,-95,-6,-174]]]
1269935	n	76.2044,15.0439,76.6189,15.3444	[[[762044,151338,56,-72,154,-165,169,-149,184,-132,196,-114,206,-95,215,-75,222,-54,226,-32,228,-11,94,5,-13,46,-56,46,-1,111,174,-29,119,-155,137,19,222,54,143,50,80,119,-204,212,-194,455,-185,233,-69,126,-108,80,-81,123,133,4,141,133,81,100,-37,69,42,89,164,-123,322,-110,61,-72,12,-67,120,-140,98,42,86,-44,168,175,151,-72,54,104,183,-88,299,21,19,42,60,13,13,34,55,215,6,35,-338,256,-38,-21,-47,85,-1092,830,-71,0,-97,-52,-188,-1,-272,-134,-157,51,-249,-24,-62,-51,-71,-129,-102,-344,-69,-124,-139,8,-139,-65,-164,-210,-98,-228,-330,-267,-174,-9,-27,25,-221,-552]]]
1261913	p	1273294
1256922	p	1269843
1273241	r	86.3062,24.2776,87.1647,24.8693	[[[863062,245643,1101,-1243,1989,-470,-6,-15,-32,-114,-5,-32,9,-28,61,-23,85,-7,6,-116,-27,-18,-40,-9,2,-29,47,-11,56,-54,63,-5,24,-17,86,-3,31,7,142,99,35,9,26,-7,18,-22,88,10,26,21,19,27,87,-4,184,107,3891,-920,140,241,126,254,107,260,88,267,69,271,50,275,30,278,9,278,-9,278,-30,278,-50,275,-69,271,-88,267,-107,260,-126,254,-143,246,-161,237,-177,226,-193,216,-208,203,-222,190,-29,23,-1485,464,-2268,105,-178,-169,-959,-908,-2083,-1973]]]
1274353	r	84.3662,25.6282,85.0452,26.1608	[[[843662,258547,170,-384,168,-380,4227,-1501,16,101,46,94,128,102,-86,20,-106,72,9,61,88,69,150,-11,7,112,35,79,-25,32,39,75,71,19,23,29,6,12,22,31,95,14,5,-46,12,-8,13,-25,74,26,59,10,18,17,107,37,-6,-112,220,-7,16,-55,115,-8,8,69,115,-47,101,80,2,0,275,489,573,2292,-32,52,-80,21,-181,-29,-102,123,-57,-3,-66,54,-18,1,3,-34,-104,-43,-128,-102,-85,23,-47,117,-186,81,-18,27,28,14,-56,94,30,98,-43,24,33,83,93,35,22,80,32,14,-42,86,1,63,23,-7,-11,161,-64,7,-24,40,108,56,-40,48,-45,-3,15,107,-2,3,-49,23,-251,103,-257,88,-264,73,-268,56,-271,41,-274,24,-134,4,-3979,-3061]]]
1267031	r	76.0694,21.5112,76.738,22.0425	[[[760694,216634,94,-485,-9,-66,1273,-260,1683,-343,1797,-367,124,72,206,138,196,150,186,163,173,173,161,183,148,193,134,202,120,209,105,216,89,222,74,227,58,231,41,235,25,236,8,237,-8,237,-25,236,-41,235,-58,231,-74,227,-89,222,-105,216,-101,177,-1531,129,-3297,280,-135,11,-109,-22,-25,33,-145,13,-45,-18,-2,-50,-68,-37,8,-88,113,-66,8,-42,-54,-68,12,-73,-45,-105,-76,4,-10,-92,-53,-18,61,-42,-18,-39,102,20,35,-29,-1,-37,-103,-29,53,-86,-7,-23,-59,-6,-2,-33,57,-54,-16,-48,74,-133,93,-373,-137,21,-303,-175,-37,-72,29,-86,-93,34,-147,-32,4,-182,100,-413,-49,-61,67,-7,34,-198,22,-35,51,7,5,-54,28,-4,-27,-104,-156,1,-81,-48,11,-149,55,8,-24,-77,71,-14,5,-20,143,13,70,34,47,80,117,22,159,-104,-13,-31,55,-4,-25,-182,38,-29,-69,-39,-124,-17,-2,-171,-120,44,-67,96,-253,-1,-93,-62,-27,-56,-39,4,-43,-75,-60,-6,-45,-68,-77,-14]]]
1259184	r	85.136,19.4675,86.3717,20.2018	[[[851360,195207,149,-284,214,-248,1153,809,196,119,28,-53,267,202,435,186,832,372,769,386,362,210,-2320,-1077,185,112,676,342,853,358,558,336,535,232,-9,-23,384,186,97,42,260,93,165,35,195,94,100,21,337,-11,107,11,198,77,378,224,424,72,1247,361,186,24,58,38,20,16,-961,-194,1183,239,907,256,-870,-246,9,-4,117,-84,106,6,226,115,1570,546,472,249,-34,45,593,188,-20,223,-171,-10,-67,54,-48,1,12,51,-39,28,-30,70,-61,37,-83,149,-69,44,-74,5,-106,45,-153,106,-116,23,0,29,53,28,35,75,-129,-32,-103,14,-92,-177,-151,79,-82,-69,-85,18,-28,29,-24,-32,-32,4,-32,39,40,41,-46,9,-18,49,-247,-32,-39,-31,-6,-58,-87,37,-83,-37,-56,26,-128,-45,-114,8,-71,93,97,92,-32,37,-117,57,-73,1,-109,-53,-17,-29,-8,-13,-8,3,-35,15,-16,63,-78,75,-14,56,20,59,101,18,12,72,-76,101,-71,31,-147,-51,-58,44,-43,-23,-170,21,-89,-58,-73,35,-63,98,-50,16,-61,-69,-184,48,-84,52,-97,13,-23,26,-37,-68,-38,-21,-43,66,-27,-55,-114,30,-39,-9,-14,-31,-106,56,-18,32,-40,-10,-71,48,-65,-146,-63,15,-43,-26,-92,37,-8,39,-58,46,43,62,71,-16,18,74,63,74,29,-8,87,109,-46,3,-9,55,-41,36,-10,67,-38,34,37,65,-59,65,-125,80,-71,-10,-54,78,-37,-8,-54,42,-64,-6,-35,-49,138,-53,0,-160,-122,5,-18,124,-47,22,-33,-24,-86,-277,-71,-15,-134,21,-21,-69,-43,-29,-105,56,-83,8,27,70,-21,27,-176,12,-15,-87,22,-38,0,-20,-90,-14,-3,-21,-17,-32,16,-6,4,0,54,-22,-5,-30,-10,-12,-1,-3,-2,0,-6,-6,-36,-5,-4,14,-46,2,-7,7,3,47,-35,21,-171,19,-33,-30,-19,-4,-16,-44,41,-45,5,-3,16,-21,-1,-27,-14,-32,-16,-6,-55,32,-44,57,7,12,8,5,32,36,-134,7,-23,-3,-14,6,-20,30,3,22,-6,21,-66,23,-24,53,-31,-58,-28,-1,-11,-78,-37,-24,26,-110,-78,-62,8,-83,-7,-38,55,-39,16,-23,28,-24,-13,-53,26,-21,22,-3,13,2,11,-5,-2,-9,-26,-23,-33,-10,-58,2,-9,-26,-69,-21,36,-102,73,-24,3,-26,-9,-16,0,-4,-5,-5,-4,-8,-23,-21,-67,9,-44,-34,-16,-4,-38,7,-32,-7,-4,15,-24,5,-23,-1,-35,13,-17,66,-10,94,3,92,14,28,1,3,1,10,-166,53,34,-92,73,-37,10,-50,-9,-20,-61,0,8,-63,-151,-68,-2,-19,-32,7,-14,-26,-53,-280,74,-9,-7,-42,75,-48,36,-58,-74,-42,-105,-246,-52,21,-4,42,68,204,-67,-8,-52,-39,-17,-55,-47,-13,28,-26,-22,-53,-47,-20,-33,13,-19,60,-55,29,-22,134,-67,37,-57,-161,56,-23,-16,-90,-63,19,-19,-28,3,-53,41,-19,-21,-38,56,-66,-31,-26,-92,17,-19,-31,27,-34,76,1,-31,-186,-37,-20,-79,7,1,107,-44,-61,-150,18,20,47,-53,78,18,47,-24,19,-110,-35,6,-39,-31,-6,5,-62,-37,-97,-45,-13,-14,-55,146,-81,-52,-55,-70,10,-8,-70,134,35,69,126,83,-66,-21,-103,242,-79,-717,-207,284,-87,421,-75,118,-55,-25,-59,-18,-174,-633,151,23,167,-648,-17,-88,-118,-424,-402,-272,-84,-34,-51,9,-29,-96,-143,-38,7,-55,-90,-94,-71,-193,-37,-60,13,-3,-20,-164,9,-208,-109,-81,-7,-60,-28,-18,-237,-230,-2,189,194,213,174,100,56,122,43,139,28,154,9,549,442,388,390,-2402,-695,417,-768,-38,-62,-82,-68,-42,-117,18,-61,102,-37,14,-121,-98,-83,-182,-37,-97,-1141,-383,-371]]]
1262771	r	77.7326,26.2597,78.2499,26.7155	[[[777326,264047,16,-39,78,-154,89,-150,99,-144,110,-138,119,-131,129,-124,137,-116,146,-107,153,-99,160,-90,166,-80,171,-70,24,-8,3224,1762,352,1924,-8,13,-99,144,-110,138,-119,131,-129,124,-137,116,-146,107,-153,99,-659,-361,-12,-31,-139,-59,-11,1,-2988,-1638,-463,-1020]]]
1270576	r	82.0819,25.0569,82.738,25.6684	[[[820819,250569,2188,900,17,49,-29,17,-26,-66,-80,22,28,53,-129,43,-21,-39,-51,16,-30,46,-4,218,13,5,60,13,64,28,19,17,3,2,3,4,11,10,15,25,-5,37,-5,7,-2,9,-8,4,-11,15,-34,20,-57,17,-90,11,-11,0,-154,16,-155,91,-34,86,3,13,39,66,93,5,26,22,145,290,60,45,128,33,168,-12,83,-34,108,-137,78,-279,31,-73,47,-78,16,-13,89,-18,74,-8,34,6,51,16,39,31,21,44,4,42,78,272,13,25,15,21,25,18,94,50,4,1,186,-37,137,-84,5,5,158,-89,164,-199,145,14,85,230,231,-28,67,13,-8,-67,80,-13,75,31,11,29,50,-5,606,250,864,-30,0,15,-23,12,34,159,147,-15,20,96,-24,40,55,179,64,21,40,112,-32,57,-46,14,-32,2,-54,10,-15,146,-2,5,-2,1,-33,55,12,14,-7,11,6,22,42,0,3,-1,7,2,30,0,7,11,11,3,8,44,14,2,8,9,9,4,13,0,21,16,24,-59,31,-7,12,49,-23,55,18,29,10,5,0,10,11,17,10,71,6,5,-6,0,5,33,-6,21,-46,-11,-41,21,-42,35,-35,4,20,17,-57,33,-44,73,-19,146,62,68,304,54,-6,55,-172,106,34,20,29,83,102,-6,19,28,124,-17,49,51,-11,39,-264,134,51,169,101,49,2,156,-34,63,-76,46,58,38,40,76,13,4,-4150,1201,-133,61,-962,-666,-1082,-4930,-114,-519]]]
1275120	r	77.5461,28.2366,78.0247,28.629	[[[775461,282699,120,-79,215,-114,227,-95,143,-45,1274,884,778,0,-14,29,16,35,42,33,11,-29,26,-8,47,-30,32,-31,30,-19,42,-6,58,75,60,-1,44,-50,-13,-62,3,-18,80,-37,50,-45,57,-34,40,-71,103,-151,39,-29,19,-58,17,-14,34,-8,25,5,181,164,-25,51,-61,63,-31,58,16,28,-11,70,-49,57,-6,33,807,0,-9,198,11,7,46,75,23,60,21,12,82,10,97,-44,75,50,13,31,-45,62,-22,15,1,15,15,23,-7,25,-45,53,-47,4,-26,39,9,52,35,34,2,15,-57,33,-19,20,-6,60,91,67,3,100,-9,21,-15,14,-26,5,-14,11,-7,37,11,47,18,22,48,25,-24,35,5,18,39,33,3,20,-39,22,-32,31,3,38,-14,30,-61,25,-22,40,-25,18,-37,-4,-81,-50,-29,-4,-13,289,20,4,7,45,-30,8,-9,201,48,-23,18,-1,24,32,22,13,15,-27,48,52,43,73,218,137,15,43,-1,19,-25,19,-81,28,-176,10,-45,-55,-28,-3,-106,31,-5,-1,-18,384,-457,-96,63,-19,-70,22,-50,-1,-39,-14,-4,-9,-388,-81,-14,51,-121,55,-26,23,-32,-2,-25,-24,0,-37,-28,-29,-40,-12,-66,21,-85,10,-2,54,-28,18,-69,19,-56,37,-24,42,-17,46,-6,60,2,99,13,19,-21,30,-3,4,5,7,-8,4,-8,-5,-4,20,-48,-30,-61,-19,-42,-45,-22,-35,-21,15,-22,-63,-34,-49,-8,4,-10,-32,-13,-16,10,-9,-10,-16,7,-3,-31,-41,11,-5,-21,-22,-10,3,-52,-62,-59,6,-35,20,-11,-8,-26,7,-26,-44,-167,41,-580,-77,-104,-136,0,-6,17,-24,-13,-8,32,-22,77,-95,11,-6,1,-18,-9,-10,13,-11,-13,-36,5,-4,-11,-29,1,-19,21,-10,25,-23,-11,-28,-57,-44,18,-12,-30,-53,-9,-52,11,-4,20,-34,-7,-12,-8,2,-49,-20,-24,8,-18,-32,-56,-13,-32,-32,11,-27,-1,-26,-59,25,-24,-6,-46,-32,-22,14,0,-24,-21,-34,-26,12,-14,-8,-19,14,-69,-46,-12,5,-131,-105,-9,-1,-15,-38,-12,-12,-10,-6,-62,-171,19,-22,30,-21,43,-56,-11,-42,-72,-57,-45,12,-32,-2,-603,-1674],[777618,283781,36,-4,-23,3,-13,1],[777675,283990,34,9,4,0,-38,-9]]]
1275926	r	78.5245,26.2995,79.0819,26.8359	[[[785245,266963,54,-117,1719,-3730,105,-29,191,-40,194,-29,196,-17,196,-6,196,6,196,17,194,29,191,40,189,52,184,62,179,73,173,84,167,93,160,103,152,112,143,121,134,130,125,136,115,144,103,151,93,156,81,161,69,166,57,169,18,68,-2004,1905,-91,5,-36,20,-103,95,-153,190,-41,28,-72,83,-25,33,-36,76,-137,130,-270,-41,-82,-7,37,91,1,68,11,14,24,8,-2,13,38,85,-521,495,-43,-6,-191,-40,-189,-52,-184,-62,-179,-73,-173,-84,-167,-93,-160,-103,-152,-112,-143,-121,-134,-130,-125,-136,-115,-144,-103,-151,-54,-89]]]
10263167	p	1273294
1267076	r	79.7868,16.7679,80.9265,17.7379	[[[797868,175775,600,-2464,-21,-20,-143,63,-170,-48,-14,-61,-80,-29,-26,-69,7,-48,65,-90,114,-116,-20,-64,131,-128,33,56,57,28,226,-126,78,-320,297,-176,2,-3,-93,11,-90,-36,1,-65,43,25,-76,-155,13,-190,84,-32,17,-43,63,-38,28,-79,102,-49,81,-205,106,19,101,-13,69,42,61,-62,100,-46,149,-208,91,-71,92,-196,130,-89,85,-2,53,-103,51,-33,126,-25,23,-35,-54,-241,34,-7,6,-31,65,-31,-5,-28,49,-31,110,-13,-44,-147,45,-59,-6,-57,-66,-124,365,-27,44,220,68,4,65,-37,113,7,1,26,71,13,128,-16,131,167,144,-14,24,110,171,33,53,68,-4,74,43,100,75,-56,-45,-120,24,-87,82,-65,129,-30,31,73,140,-101,3,-31,156,-10,9,-21,78,-17,65,70,120,32,113,-127,-40,-140,31,-43,130,-28,-16,-201,117,-52,-36,-83,10,-124,-24,-111,44,-15,79,-86,-22,-280,222,-43,-34,-148,333,-71,-6,-123,65,5,-61,-108,52,-111,65,-26,19,20,-7,72,42,-9,15,33,45,-4,27,60,48,-11,37,165,-294,29,43,36,-40,62,53,37,283,-135,150,-18,21,-31,-10,-86,123,-42,10,-31,78,-36,31,-41,115,-35,19,-31,-16,-214,206,-37,91,-80,113,-54,207,-37,257,5,173,-66,13,-5,69,95,73,60,22,-12,103,101,156,13,-175,84,-180,216,-120,38,-25,62,74,159,8,120,-28,82,92,94,180,56,2,125,-86,62,154,155,-52,51,-53,-6,-14,39,-65,18,-32,76,-77,51,-378,196,-93,-134,-203,84,-67,-2,-36,-66,-18,-217,-49,19,-70,28,-153,137,-166,87,-424,89,-360,119,-81,3,120,121,112,159,12,51,192,66,5,100,-117,100,1,76,421,-41,5,-15,263,-75,20,63,378,-37,711,953,-78,109,121,143,204,-107,59,-71,107,-37,18,-36,97,16,25,-9,145,-55,-36,-75,287,-148,-32,-63,-96,-42,-75,-186,37,-27,118,-16,52,19,28,-30,60,50,157,25,38,79,375,-47,24,14,7,-41,79,-11,7,-24,40,4,128,-51,280,-34,185,-81,172,-21,127,-68,34,-59,97,53,167,243,55,7,-12,44,-83,37,82,174,-17,25,29,67,-15,66,-75,118,104,116,12,257,125,-11,136,-54,110,-4,73,38,25,204,0,44,1,0,0,15,-79,56,24,111,-42,95,21,97,-224,10,-114,86,-91,36,-77,-9,-35,29,34,197,67,117,-58,164,35,391,-51,321,-42,5,-143,227,24,-228,-215,-5,-229,-192,-207,18,-37,-138,-94,-182,-243,163,-119,-161,-98,40,-100,0,-91,-35,-66,-124,-64,-63,-66,-9,-210,153,-174,87,-59,108,-141,-41,-46,32,-219,305,-15,-46,-264,-102,-24,-87,-163,26,-487,-120,11,53,-93,179,60,323,-21,28,-26,18,-253,-29,-11,-23,-339,-16,-210,151,9,216,-260,301,214,219,184,-67,100,188,268,367,-353,25,-265,128,-338,-282,-71,68,-1,75,-154,-3,-56,-45,117,283,113,99,21,166,-162,-1,-595,179,-78,6,-60,-125,-121,-20,7,-74,-40,-1,-1,-2,-1312,1822,-1434,-265,-2065,-1339]]]
1257540	r	78.3595,28.2656,78.771,28.8104	[[[783595,284569,862,-1913,441,133,2812,3661,-1084,790,30,31,-52,36,4,5,-6,3,14,7,1,13,51,72,8,33,-29,20,21,25,4,-5,22,14,24,-10,21,16,40,-27,5,6,-6,7,28,25,-16,15,13,16,-32,22,44,56,-5,20,-80,46,20,24,-29,17,8,7,-85,67,9,7,-38,19,-9,8,3,5,-61,37,13,20,-14,18,9,15,-40,17,14,21,-21,19,4,4,-54,48,-1,11,-18,16,-23,-27,-7,5,-60,-37,-102,81,-25,-30,-7,4,-1,1,-42,30,-6,-5,-49,16,-25,-40,-16,1,-44,30,-52,-53,-39,-24,-19,18,-12,-8,-30,29,-17,-13,-14,13,-36,-34,-10,6,-33,-31,-39,21,-60,-60,-71,44,-25,-39,-24,-21,-9,6,-31,-16,-19,15,-11,-16,5,-13,-6,-13,13,-7,-19,-29,10,-9,-13,-20,-108,50,-43,-39,-13,8,-9,-8,-48,22,-54,-56,4,-5,-10,-9,-46,21,4,9,-79,43,-6,-13,5,-9,-9,-13,8,-12,-60,-68,-54,34,-19,20,3,6,-10,5,-13,-25,-4,25,-15,-2,-65,59,-67,-66,-16,-25,11,-6,-1,-7,-1,-3,-11,6,-9,-8,-30,-8,-26,14,-29,-9,-19,14,-31,-13,-9,19,-10,-6,-30,26,-10,-2,-18,11,-3,2,-23,25,5,8,-46,62,-31,-26,4,-7,-29,-27,-40,-63,-72,45,14,17,-6,6,-75,45,-11,-13,5,-5,-9,-7,-4,4,-39,-35,-23,-4,-18,16,-30,-35,-8,4,-23,-26,16,-9,2,-22,11,-3,-5,-4,7,-11,-9,-9,12,-9,-4,-4,52,-27,66,-51,-5,-56,-6,-5,5,-9,-7,-3,5,-7,-5,-4,21,-16,-7,-7,9,-10,-31,-21,-13,12,-74,-59,38,-39,-50,-54,7,-41,30,-28,6,5,42,-24,-48,-88,41,-35,-26,-15,37,-59,-12,-13,10,-12,-21,-15,-4,-17,-21,-23,16,-12,-6,-6,28,-17,-9,-8,-6,5,-41,-42,5,-8,-14,-12,-6,4,-13,-2,-6,-9,-4,4,-9,-17,23,-12,11,6,21,-14,28,2,-1,-10,74,-47,-29,-72,22,-24,25,-13,-42,-97,-5,3,-10,-10,-13,21,-20,15,-94,-78,3,-4,-61,-71,47,-26,6,-27,24,-30,15,-33,10,-185,19,-19,0,-33,38,4,8,-6,27,26,46,-18,58,-51,33,-15,-35,-32,-18,-27,-2,-24,-26,-25,26,-19,87,-38,30,-27,-1,-27,-103,-75,4,-8,-10,-5,12,-14,-9,-10,10,-8,-7,-22,-13,-13,9,-25,-10,-13,18,-8,-12,-16,18,-20,-42,-35,-19,-27,5,-6,-18,-18,7,-17,51,-14,8,-9,1,-15,37,-37,-7,-5,27,-24,-21,-30,-78,-63,-31,-5,-16,-19,10,-9,-42,-48,7,-3,-12,-10,7,-6,-34,-30,137,-114,-25,-19,-18,-40,5,-9,-20,-8,7,-14,-14,-11,-12,-32,21,-16,22,-47,11,-43,-6,-27,-7,0,-48,-74,-30,-29,-47,-85,-25,50,-34,29,-16,-8,6,19,-29,8,1,16,-30,5,-11,-12,-10,-2,-59,27,-45,-38,-14,-22,-37,23,-87,-21,-32,-52,-41,-45,-56,-31]]]
1275899	r	75.7486,28.4732,76.3784,29.0472	[[[757486,287863,721,-3131,245,138,-1,76,68,3,8,44,-167,31,-201,96,71,46,19,126,-19,97,95,176,175,102,-38,56,14,152,193,92,139,36,101,80,39,1,25,10,103,13,120,-39,7,-3,2,0,3,-1,125,9,94,-38,74,-1,63,11,79,37,7,11,-2,4,60,36,11,5,27,18,109,12,180,74,26,33,-1,45,61,41,27,9,13,18,33,-4,56,24,90,20,17,4,32,0,7,9,40,9,8,20,-8,27,21,23,10,1,11,24,24,1,0,11,55,16,-1,13,22,11,16,4,25,18,16,9,44,6,6,20,18,9,8,1,17,13,99,-17,31,16,-13,-33,-7,-10,-12,-38,229,-48,-26,96,-33,30,-11,11,18,22,7,29,-35,16,0,10,15,19,-16,4,-1,25,40,-13,15,-54,92,-7,25,23,35,-8,0,-1,32,-7,-2,-32,11,-19,49,-40,-34,-64,-9,-74,48,-13,16,-10,37,-5,26,86,1,87,-23,42,-30,32,-16,22,-16,48,-5,8,-23,6,96,57,160,-21,4,-11,21,-12,171,-65,23,-35,59,-46,3,10,-5,6,8,8,30,0,6,11,12,-7,75,117,20,-5,6,8,108,-30,-10,-42,299,14,-4,71,9,40,-24,76,123,38,10,59,-4,40,-16,49,-27,44,-13,37,77,16,37,19,17,41,4,8,6,20,31,81,90,-57,77,69,15,35,21,92,-14,13,0,5,15,9,-13,5,7,41,6,8,20,163,102,-11,26,32,2,16,15,19,0,104,15,129,135,5,55,36,7,16,191,-5,9,-1,8,-52,42,-26,201,-58,-4,-37,77,-75,78,-35,47,26,-209,816,49,69,29,27,-27,0,-19,15,-24,35,-1,24,-60,47,-5,10,-4,14,14,18,-20,4,-342,1338,-636,177,-4909,-2474,-134,-135]]]
1260434	p	6619347
1278860	r	76.5463,30.0662,77.2125,30.5629	[[[765463,302279,12,-36,139,36,65,78,173,116,53,1,9,85,52,9,37,-19,1,-3,10,-7,10,-10,7,-25,-1,-11,-22,-32,1,-11,-49,-59,27,-26,40,27,39,-12,203,-117,-89,-100,-9,-5,-2,-7,-10,-10,4,-10,-7,-21,22,-17,5,-11,12,-2,7,-5,30,1,99,-11,56,17,142,-50,-32,-101,60,-57,-47,-79,-139,-80,-2,1,-88,100,163,84,-62,69,-12,3,-19,19,-108,17,-30,8,-45,21,-18,18,-7,-6,-8,4,-13,-22,-86,-70,1,-1,-5,-2,7,-45,-47,-42,233,-177,103,-7,57,-151,52,-34,114,27,15,15,2843,190,-3,-71,168,-89,42,-48,21,54,119,43,61,71,90,-15,111,-61,61,2,146,-140,145,-44,-11,-72,36,-27,179,-95,52,3,66,68,-39,111,59,115,5,70,-30,34,22,47,140,-48,132,-82,15,77,105,150,-36,58,-298,152,10,28,-53,36,52,109,67,-2,90,92,-15,23,145,-33,74,20,23,54,50,-2,58,-39,34,40,112,-66,13,-86,75,-31,83,166,48,31,-25,77,-85,47,-74,-19,-33,-34,-95,59,11,75,61,60,-36,16,19,31,-44,30,84,181,41,-8,15,36,136,69,49,-18,26,133,94,-19,24,22,91,-2,29,50,-23,14,18,33,-54,-8,-65,60,22,101,-108,101,20,82,-23,85,-53,-55,-37,26,1,46,107,81,83,-54,29,57,-25,62,63,73,-39,20,32,120,-30,47,-63,30,-35,131,-38,42,39,34,2,64,-53,100,45,12,18,81,-17,66,64,17,63,126,82,88,30,14,45,-33,104,182,-56,50,-15,64,-127,173,-98,24,-116,72,-220,24,-133,66,-94,155,-49,33,-79,-107,-81,76,-38,-37,-71,7,-98,2,-105,-160,-119,33,-66,-18,-37,17,-16,51,-131,11,-23,-136,49,-64,56,-12,42,-75,-103,-58,-12,-66,-90,-11,-55,-48,-37,24,-101,-33,23,-25,-7,-17,-2305,134,-16,-21,-84,-45,-49,-279,-131,-78,-13,-78,49,-29,-20,-18,27,-64,-38,-65,-56,2,3,-149,-63,-19,-71,-79,49,-70,-23,-35,-161,-91,-66,34,-15,-124,58,-109,86,29,28,-17,-112,-159,64,-17,105,65,88,-17,31,-113,-24,-62,-88,-37,-49,22,-45,-56,-5,-57,-49,-32,-61,24,-59,-99,-100,18,-57,-60,-58,54,-76,-83,36,-36,-36,-49,-48,-20,-76,23,-183,-190,-116,-72,-41,46,-111,-236,-31,1,-11,9,-44,53,-9,-5,-5,5,-56,-34,-71,16,-88,-76,-84,77,-83,-72,-33,24,-97,-24,-41,14,-18,-91,54,-135,-68,-127,-89,-25]],[[765752,301008,15,-61,91,-62,-2,-42,128,-19,-116,-133,54,-29,45,65,78,18,108,-15,56,137,108,50,131,102,-10,59,-82,38,97,163,-61,29,-26,70,17,98,-154,-55,-225,-236,-252,-177]]]
8223943	p	1272013
1264637	r	80.9075,15.9289,81.3259,16.4149	[[[809075,162277,1887,-2988,389,376,147,31,56,159,6,530,60,186,180,296,12,62,6,9,97,181,116,246,23,30,18,-1,-29,5,0,13,40,-3,-48,11,-10,21,1,13,-10,7,38,57,13,118,24,76,22,127,72,155,29,109,25,47,24,-6,48,22,63,51,-50,-40,-51,-27,-18,-2,-11,10,53,92,-9,7,-55,-89,-1,1,34,129,11,2,52,2,11,17,20,-10,-18,14,45,73,17,11,295,372,181,141,238,154,-28,50,-24,65,-4,37,5,15,-86,58,-22,1,-151,-1,-144,-27,-19,18,-48,-25,-14,-9,-15,-32,10,-56,-42,-26,-41,-5,-10,64,111,126,578,348,85,14,-488,460,-3696,-1872]]]
1264389	r	71.9404,23.0387,72.8667,24.1023	[[[719404,235836,1,-25,170,-40,18,-271,44,-48,51,-185,106,-69,12,-176,212,-37,244,94,1,0,11,5,70,-2,10,-69,-34,-130,-62,-103,75,-75,6,-133,90,11,90,-150,358,161,115,4,99,-100,185,41,124,-48,25,31,51,-20,95,97,178,149,85,59,2845,-494,-455,-1345,47,94,100,46,111,-64,27,-64,123,-5,21,30,97,20,13,42,-172,69,213,-6,41,59,-43,134,-84,122,54,16,79,-55,36,0,121,58,53,-2,53,40,99,4,-15,39,50,88,-51,64,-18,-10,-76,47,-64,81,1,17,-1,1,1,2,1,10,74,115,158,86,-32,123,22,81,46,-14,141,62,1,3,-51,123,56,114,94,30,129,-13,-1,30,73,62,14,234,24,106,53,232,180,-27,29,-85,86,-11,58,19,16,278,58,46,-30,46,0,81,230,110,84,-11,-8,-155,63,-7,22,64,156,-7,15,-48,-43,-207,99,12,52,-89,70,3,23,53,78,10,21,-4,141,-30,7,-48,55,-8,-27,-151,-74,-69,-12,19,-21,-14,13,-26,43,-3,60,103,28,7,26,-42,60,2,16,31,209,-35,23,84,69,66,141,-146,121,-1,48,21,187,-58,32,16,39,136,51,27,-7,30,-56,-5,-39,33,84,108,-16,125,-202,164,-37,102,14,140,228,81,113,92,7,85,-98,39,-140,179,-18,62,12,44,155,166,14,68,-54,205,-94,98,-107,252,-95,141,11,73,-47,87,0,116,161,333,-17,71,-47,55,-150,67,-24,130,36,244,120,205,12,398,233,140,3,65,-91,93,-4,38,93,127,168,66,69,72,33,166,-37,173,75,109,70,39,-63,49,-41,159,-172,-56,-44,36,-62,-5,-99,62,-33,81,-64,14,-63,147,-31,25,-23,-12,-50,49,14,60,-37,22,-72,142,-91,3,-52,-46,4,-66,-45,-19,4,-74,-52,-45,24,-66,-81,4,-14,71,-30,8,-147,-25,1,102,-48,74,-170,51,-66,-79,-17,-72,-81,-51,-59,-7,-48,-52,-159,-18,-86,39,-92,86,1,-28,-74,-27,-9,-30,-69,7,16,-51,-30,-65,-65,-24,-7,-31,-85,-50,53,-78,54,17,61,-55,31,-184,86,30,18,-306,-35,-68,-89,41,-88,1,-77,-33,-27,-48,-169,-9,-21,-11,4,-37,-92,-25,-36,-52,26,-63,-42,-36,6,-79,29,4,14,-24,-55,-92,15,-48,-25,-1,3,-23,-102,4,-83,-29,-56,49,-117,-3,-31,23,-109,-53,-57,75,-42,15,-140,-95,-234,-26,-6,21,-55,0,-5,-22,18,9,-49,-67,-21,-225,-40,-42,16,-55,-47,-29,-57,-5,-16,39,-53,14,-35,107,-75,4,-31,-82,-63,5,-30,65,-28,-4,9,-91,-78,40,-22,-64,-40,5,-16,-76,-72,-11,-52,-88,4,-43,-35,-20,-69,47,-21,-40,-45,11,-35,-52,-60,-5,-49,22,-57,110,-59,3,-33,33,-103,-55,-92,1,-79,31,-44,-41,-16,-60,28,-22,1,-166,0,-9,-26,5,-24,6,-19,-12,-25,-15,-45,5,-156,19,-37,-31,7,-15,31,-66,54,12,14,-78,48,-70,-11,-47,70,17,39,-125,-86,-36,-16,16,-7,-62,-60,-7,-9,-50,25,-48,-39,-44,4,-47,-50,-17,6,-23,49,-49,45,2,3,-23,70,26,10,-67,86,-17,-37,-121,-118,-43,-26,-65,-133,-29,11,-68,-52,-41,-14,-70,38,-88,-47,-33,80,-16,-31,-98,-35,-109,12,-56,53,-18,55,41,73,15,15,-94,50,-34,-61,-40,2,-19,27,17,11,-44,-45,-76,11,-194,-82,-68,-2,-8,-8,-7,-22,-92,-8,-6,-81,-31,-28,55,-86,8,-11,35,-69,22,7,31,-64,-2,-12,42,28,25,-61,67,-57,-24,-43,-175,-144,-49,-26,-36,-36,5,-2,55,-34,27,-98,-17,-48,91,-119,-9,5,73,-110,1,-86,-83,91,-80,-53,-57,15,-62,-86,-43,-136,-52,-8,-2,-49,41,-62,-3,-15,19,-58,-32,-7,-62,-37,-10,-75,37,-18,24,-2,-2,-1,150,-9,33,-35,-3,-119,-53,26,-17,20,-119,-98,-83,44,-20,-20,-17,28,-158,-14,-42,-47,-19,-166,6,-76,-40,-13,17,-83,-14,-52,26,-26,-26,-15,69,34,5,11,74,48,13,12,84,-127,73,22,45,-45,24,18,18,-17,11,64,61,-138,66,-89,-46,-87,12,-59,64,-116,64,-104,-89,-216,-19,14,-176,-130,-19,-97,-57,-26,-60,-166,-37]],[[721544,231130,59,-39,-8,-34,317,12,38,76,-5,42,216,33,39,29,185,-47,44,-55,-10,-22,157,-57,37,-52,-48,-142,226,-28,36,-45,3,-153,-26,-53,80,-75,17,-86,53,-46,75,69,201,101,-1,122,-67,65,-102,5,-200,27,-1029,1471,19,-107,-93,-57,-48,-99,-32,-8,55,-193,102,-92,28,-76,-23,-93,40,-81,-260,-39,21,-92,-28,-149,-56,-7,8,-22,-20,-3]],[[723610,231155,11,-25,69,-51,18,-56,-33,-50,32,-13,69,116,83,38,9,70,33,8,9,30,118,33,-18,83,165,-31,99,129,16,74,-111,44,6,-42,-21,-12,-190,-21,-105,61,-28,97,2,81,131,81,49,76,130,-6,2,165,73,58,144,-95,18,-43,91,4,8,48,-92,37,-3,119,-68,66,-13,166,-50,44,1,51,201,-43,-4,108,-130,84,-74,-13,13,-49,-39,0,3,45,-82,135,-542,-1601]]]
1264407	n	77.7555,16.5308,78.2246,16.9661	[[[777555,167400,11,-222,34,-219,56,-215,77,-209,99,-201,118,-190,137,-178,155,-165,170,-149,185,-132,197,-114,209,-95,8,-3,57,11,2468,464,22,18,155,165,137,178,118,190,99,201,77,209,56,215,34,219,11,222,-11,222,-34,219,-56,215,-77,209,-99,201,-118,190,-137,178,-155,165,-170,149,-185,132,-197,114,-209,95,-216,75,-223,54,-228,32,-219,11,-42,-53,-56,-3,-63,49,-36,-2,-11,-60,-80,-25,-58,-49,-54,0,-63,57,-1,28,-91,-51,-76,-208,-70,-39,0,-144,-96,89,-154,-5,-100,44,68,155,0,11,-134,-61,-197,-114,-185,-132,-170,-149,-155,-165,-137,-178,-118,-190,-99,-201,-77,-209,-56,-215,-34,-219,-11,-222]]]
1257542	r	83.7124,21.1631,84.2969,21.6558	[[[837124,216056,1791,-4306,65,-18,202,-44,204,-32,207,-19,207,-6,207,6,207,19,204,32,202,44,199,56,194,69,189,80,183,91,176,103,168,113,160,124,152,132,142,142,131,150,121,158,109,165,98,172,86,177,73,182,60,185,47,190,34,191,20,194,7,194,-7,194,-20,194,-34,191,-47,190,-60,185,-73,182,-86,177,-98,172,-109,165,-121,158,-36,40,-1685,110,-3469,-502]]]
1275778	p	1269407
1259064	r	80.8241,25.7557,81.6536,26.5933	[[[808241,263180,4628,-5623,121,11,341,51,337,71,331,90,323,110,315,129,305,148,13,7,1581,3408,-154,3746,-109,119,-236,228,-252,213,-60,45,-3990,-148,-2815,-1242,-679,-1363]]]
1270351	r	77.8682,29.5797,78.8039,30.5334	[[[778682,301253,49,58,82,175,-131,-233]],[[779028,299754,58,-79,-34,-104,37,-6,52,55,152,-1,175,-187,140,20,81,-45,60,33,115,-91,46,31,43,-22,85,11,22,-28,-96,-160,85,-5,31,-27,-66,-53,18,-28,146,-37,-29,-160,-92,-107,-36,-84,-67,-6,-2,-58,-71,33,-106,-99,-96,-46,-14,-118,-91,-60,104,-117,-122,-77,-9,-48,76,-77,59,6,24,-45,-145,-140,17,-57,55,9,6,-89,30,-43,-155,-88,48,-128,-112,-145,-3,-157,61,-48,-19,-66,-104,-48,107,-83,-32,-61,26,-42,41,1,42,-51,114,-55,-29,-182,122,-63,27,28,18,-17,-4,-9,4,-8,-44,-84,-1,-1,-19,-36,-1,-168,-166,-19,-100,46,-178,-161,51,-50,312,-156,16,17,25,-15,26,49,74,-10,44,22,90,99,9,-54,54,-42,203,-54,-59,47,-16,29,24,105,161,126,142,44,20,-13,43,81,4,11,37,67,116,-4,66,-17,74,-45,26,15,-60,99,125,58,137,19,107,71,131,35,21,62,94,82,136,105,53,44,34,31,45,40,102,76,89,-53,76,-2,0,62,55,152,10,155,-27,33,47,53,126,26,75,2,42,-44,84,56,39,-2,50,-68,69,20,28,19,45,2,5,42,42,6,100,93,9,6,89,79,18,6,15,-15,49,-14,45,66,30,57,38,42,55,44,19,9,105,73,28,28,42,21,41,29,-61,187,1239,570,2660,231,262,22,92,150,139,267,118,274,98,281,76,285,55,289,33,291,11,293,-11,293,-33,291,-55,289,-76,285,-98,281,-118,274,-139,267,-158,258,-178,249,-196,238,-213,226,-230,214,-246,200,-260,186,-273,170,-285,155,-297,138,-306,121,-304,99,-2196,-2360,3,18,-41,24,-1,9,-57,15,-21,24,-67,15,-40,15,-21,-102,-31,-60,-17,-4,-73,10,-25,53,-31,28,-22,-4,-29,10,-38,-10,-63,36,18,-67,-2,-32,-55,-43,-9,-35,21,-74,86,-102,12,-59,-5,-62,-32,-44,-154,-118,-120,-14,-49,-26,-28,-56,27,-44,5,-48,-102,-103,-32,-110,-30,-155,4,-361,30,-82,-16,-23,-90,-48,-123,-42,-321,-149,-144,-29,-62,-4,-58,-39,-67,-32,-131,-2,-12,23,-1,-3,-1,-1,-145,-44,-114,-157,-59,-19,-43,30,-107,-16,-231,-148,-21,-60,-174,-218,6,-52,-34,-27,-51,1,-234,-194,-13,-99,-67,-74,40,-20,8,-50,-85,-166]]]
11127930	p	1275362
1279335	r	77.03,15.3703,77.5596,15.9375	[[[770300,156268,14,0,-2,-58,14,-3,-13,-97,12,-5,3,-29,-9,-1,-1,-22,12,-1,-4,-20,131,-29,192,-67,142,-71,8,-31,51,-2,0,-1886,381,-243,4158,627,207,442,-1393,1729,-1,21,-28,14,-2231,2767,-590,72,-302,-77,-166,-88,-35,-114,0,-1940,25,-3,-25,-89,0,-132,88,-28,204,-124,-9,-23,78,-44,-4,-16,-7,-15,2,-7,87,-16,-75,-349,-92,39,-39,29,-9,-8,-11,4,12,27,-8,16,-12,3,-9,10,-12,-1,-4,28,-15,27,-134,77,-14,14,-15,3,-2,1,-13,2,-5,9,-110,-122,-257,-80,-122,-20,-2,-21,-37,-2,-4,-77]]]
1255560	n	74.2056,27.4308,74.7236,27.9248	[[[742057,275050,150,-149,185,-149,53,-35,41,10,28,-55,77,-52,214,-114,225,-95,234,-75,128,-28,1960,1224,-1126,1369,-126,-10,-63,114,-84,-25,-232,-153,-185,31,-118,-46,9,-32,-95,-43,7,-123,-110,-78,-129,-44,9,-28,-22,-11,35,-83,-320,-107,-46,-46,-6,-79,-208,-127,34,-247,-27,-12,16,-119,-130,-87,14,-79,-43,-20,-31,-147,15,-36,-94,-39,-61,-57,-72,-18,-48,-61,-58,-39]],[[742863,278556,1363,-1655,170,14,112,31,31,-10,27,-61,32,8,33,-68,109,43,179,25,30,-96,-2,-126,315,90,112,-107,76,-9,153,37,359,348,130,61,82,-108,85,-2,-30,-63,-164,-140,69,-132,68,-49,75,-104,540,191,-4,10,101,24,90,76,220,-5,12,221,-12,222,-36,219,-61,215,-84,209,-106,201,-128,190,-148,178,-80,78,-2146,736,-230,-30,-241,-54,-235,-75,-225,-95,-213,-114,-200,-132,-185,-149,-43,-43]]]
1256052	r	74.6675,29.2229,75.3038,29.8632	[[[746675,293707,241,-44,274,38,150,-124,84,-31,381,32,85,46,318,349,214,20,82,44,224,-95,43,-97,237,1,162,-128,218,-100,9,-216,152,-65,67,-140,-122,-182,109,-202,224,-6,180,-115,173,165,163,22,162,-14,109,-107,0,-86,133,-212,-9,-94,15,-63,28,-11,412,-63,49,170,155,-5,190,34,156,76,-1,36,-41,37,15,32,171,76,69,-45,47,-121,129,-184,158,-14,154,2872,8,-3,75,-65,114,-81,139,1,1,0,-16,18,-25,29,0,1,40,57,112,35,41,25,24,26,52,-1,14,7,-25,11,-37,46,-12,39,2,5,18,38,59,38,-1,38,11,41,-28,64,20,35,-130,2,-60,21,-20,-5,-8,-46,-4,-22,-20,-21,-92,-30,-121,-5,-120,-18,-42,-16,-42,-28,5,38,17,43,0,77,-47,114,0,3,-18,39,-38,40,-64,24,18,30,24,22,91,171,-98,51,-64,79,-80,46,-31,8,-52,-1,-24,-7,-55,0,-109,69,-25,45,57,199,-12,7,-12,1,-104,34,-74,136,64,20,121,30,38,77,113,-9,53,64,20,134,-90,7,-18,142,30,105,78,115,89,1,96,-82,113,104,22,63,-797,569,-4,-16,23,-77,64,-81,-26,-47,-131,-55,-130,104,-49,212,-82,-3,-85,-41,-172,34,4,152,161,97,-24,42,-79,57,-37,6,-134,116,-132,95,-2369,-1454,24,-24,3,-67,-12,-60,2,-71,-25,-129,-317,-55,-133,71,-38,10,-12,13,-1057,-650,-166,-2509]]]
13156932	p	1260086
1277799	n	81.3366,27.3439,81.8433,27.7961	[[[813367,275700,12,-222,36,-219,61,-215,83,-209,107,-201,128,-190,148,-178,167,-165,184,-149,199,-132,214,-114,224,-95,235,-75,241,-54,246,-32,248,-11,248,11,246,32,241,54,235,75,224,95,214,114,199,132,184,149,167,165,148,178,128,190,107,201,83,209,61,215,36,219,12,222,-12,222,-36,219,-61,215,-83,209,-107,201,-128,190,-148,178,-167,165,-184,149,-199,132,-214,114,-224,95,-235,75,-241,54,-246,32,-248,11,-248,-11,-246,-32,-241,-54,-235,-75,-224,-95,-214,-114,-199,-132,-184,-149,-167,-165,-148,-178,-128,-190,-107,-201,-83,-209,-61,-215,-36,-219,-12,-222]]]
1267885	r	78.3813,9.6609,79.2513,10.2801	[[[783813,102345,304,-1141,604,-2272,6,-119,7,-157,4102,-2047,966,14,6,49,580,800,390,350,163,201,67,238,27,40,178,201,206,410,585,791,403,403,106,70,-82,75,-8,-5,-407,-449,-26,-80,-114,-75,-329,-323,-25,-53,2,-79,-247,-246,-87,-178,-3,-74,39,-19,16,-48,-56,-105,-48,-48,-59,26,-45,60,-103,10,-91,-34,-83,6,-55,-42,-100,91,-154,11,-65,97,-24,129,-107,118,-19,79,-85,4,-39,95,-127,173,-6,56,-55,46,-29,63,-1,6,6,9,-15,39,19,-3,20,39,22,-19,80,22,-25,40,12,43,-33,16,61,138,93,18,-4,28,-7,15,-16,59,-26,-12,-7,-29,-41,1,-37,16,-19,30,4,21,-35,29,1,-20,-55,4,-74,-44,-83,23,13,85,-39,33,-59,23,-104,-5,-244,128,2,56,-8,23,-7,84,-34,29,-62,16,25,46,50,0,77,94,38,-31,28,22,15,36,-61,46,-7,65,-21,15,92,50,46,85,11,53,60,27,46,22,52,-69,65,-61,41,26,5,32,49,-9,58,38,-51,67,10,20,-35,35,-15,68,-20,21,-12,31,-4,40,-37,66,-34,18,-2,-53,-89,-44,-74,10,-25,-85,-6,13,6,18,-28,26,-37,19,-4,-33,-29,12,-4,44,-49,5,-6,-14,-9,-1,-4,7,-14,-10,0,66,-14,0,-26,-14,-27,19,-35,9,-73,61,-12,16,-10,2,-10,30,15,15,0,18,5,11,8,4,8,30,-27,46,-12,-6,-26,27,15,38,-73,33,-7,-13,12,-13,5,-24,-52,-44,-36,12,-43,5,-43,41,-33,-17,-24,-37,-7,0,-3,-15,-65,-100,-44,-12,-17,-48,-6,-10,-5,-25,-104,-7,-2,1,-1,-1,-40,-2,15,85,-13,25,-46,21,-37,-8,-23,5,-14,13,-34,-9,-2,48,-10,13,-6,29,1,7,-11,43,-113,55,2,23,-24,15,-29,35,25,13,22,41,19,89,6,6,2,29,14,32,2,45,5,23,-3,30,-90,111,-40,35,-25,-3,-51,-13,-80,-44,-66,1,-42,-18,-11,-2,1,-2,-38,-17,-13,-2,-2,-3,-80,-35,-35,-52,2,-133,6,-1,2,-35,9,-33,19,-15,22,-40,-34,-52,-64,23,-9,-5,-56,13,-33,-3,-30,-23,-41,-6,-39,-17,-5,-13,-15,-11,-26,3,-13,7,-32,-1,-26,11,11,60,-8,9,-30,8,-8,11,-78,9,-97,60,-41,-55,-28,-59,-39,-50,-58,-112,2,-13,-47,-24,-104,13,-84,68,18,67,-19,103,26,45,-63,32,84,273,-247,206,25,117,-76,37,62,53,0,2,-842,118,-30,-32,-69,10,-11,-59,-137,51,-2,32,-19,0,-10,-33,-77,-43,-11,-110,-24,18,-81,-39,-40,-181,37,-50,-29,-38,-5,-65,27,-96,-154,-26,-50,30,-64,-12,-131,124,-55,3,30,47,5,128,138,104,-3,49,-92,23,30,87,30,23,-25,39,-79,-101,-79,-29,-176,12,31,240,185,18,179,-61,194,16,-1070,150,-200,-456]]]
13157013	p	1273294
1270711	r	77.0132,24.4447,77.5501,24.9288	[[[770132,247123,6,-1,120,21,59,-30,98,-119,22,-207,213,-349,14,-130,4092,-1861,2,107,-41,22,30,74,34,24,134,-6,22,112,-27,35,57,123,1,6,-67,21,23,146,-56,34,37,106,-21,72,33,114,-19,78,-48,36,31,32,-39,28,23,193,-55,56,-62,13,86,392,-17,69,40,43,65,21,-34,125,100,140,136,135,86,0,55,99,78,26,17,58,141,737,-5,8,-55,22,-22,108,-117,36,-69,59,26,76,-33,39,14,86,-39,119,66,153,23,12,-36,35,-145,125,-154,116,-162,106,-170,96,-176,86,-181,75,-187,65,-191,53,-194,41,-196,30,-199,18,-199,6,-199,-6,-199,-18,-196,-30,-194,-41,-191,-53,-187,-65,-181,-75,-176,-86,-170,-96,-162,-106,-154,-116,-145,-125,-136,-133,-127,-141,-116,-148,-105,-155,-94,-161,-83,-166,-70,-171,-58,-174,-25,-99]]]
1274784	p	1275004
1277820	n	88.0218,23.8847,88.496,24.3349	[[[880218,241847,637,-774,9,17,19,17,21,-21,4,-13,-5,-23,17,-15,1,-22,41,-35,21,10,51,74,60,66,70,-6,31,23,3,17,-10,17,-51,19,-4,26,16,6,59,0,40,23,89,-47,14,-18,13,-19,6,-26,3,-68,13,-16,31,-18,32,-2,48,8,41,46,30,3,63,-26,4,-13,-7,-19,-65,-24,97,-20,67,1,36,14,23,-14,14,-19,40,-23,21,-2,-10,-26,7,-59,39,-40,10,-36,-16,-60,-14,-15,-16,-5,-14,4,-1,20,-53,5,-47,-29,-87,-9,-6,-28,26,-197,-18,-59,-33,-34,-22,-56,-34,-43,-2,-61,-3,-15,41,-49,29,31,29,8,13,-29,-5,-41,-21,-24,1035,-1257,53,3,239,32,234,54,228,75,218,95,207,114,194,132,179,149,162,165,144,178,124,190,103,201,81,209,59,215,36,219,11,222,-11,222,-36,219,-59,215,-81,209,-103,201,-124,190,-144,178,-162,165,-179,149,-194,132,-207,114,-218,95,-228,75,-234,54,-234,31,-2227,-913,-65,-80,-124,-190,-85,-167,-27,-152]]]
12501195	r	73.5604,16.3739,74.1018,17.2179	[[[735604,164667,224,-177,321,-221,335,-201,348,-179,343,-150,1233,1427,1,5,8,5,32,38,-3,67,-136,50,-59,58,-103,50,19,48,137,6,-7,76,35,41,36,3,90,119,-47,142,56,47,1,40,102,61,47,107,-19,59,-64,64,-52,179,63,61,-23,-7,-127,32,-103,-20,-97,59,-64,-14,-202,80,-13,-23,-78,-3,-55,41,-64,12,-40,-34,-5,-107,-42,-69,-87,-3,11,-53,136,-167,-40,-61,15,-108,-18,-26,-264,-3,-72,54,-42,-19,-84,33,-115,-36,-54,165,-27,31,-81,2,-140,-151,-70,-246,-88,47,38,-96,-100,-52,-70,-1,21,-77,-29,-39,-47,-19,-64,19,-54,147,-117,28,-43,-77,-24,-151,-115,-132,-94,-37,-127,41,-83,-92,-100,-693]],[[736873,171579,18,-177,56,-21,163,42,99,-134,144,-74,43,5,33,57,43,8,105,-65,103,-121,125,-20,61,-138,76,8,108,-86,-7,-243,127,13,133,-55,22,-36,-112,-164,111,-128,-33,-106,40,-121,-29,-122,-179,-12,-250,48,-77,-157,-115,-81,-30,-87,208,-178,90,-136,-1,-59,-38,-20,19,-71,-55,-79,-94,36,-70,-31,-50,27,-66,-72,-62,43,-65,-12,-36,88,-22,8,9,8,-13,-7,-11,5,-8,-14,-3,-2,0,-5,-8,-13,8,-18,3,-122,77,39,35,-20,-13,-169,183,-151,5,-50,-31,-40,24,-69,1,-4,-130,-161,-42,-2,-126,78,-73,-87,-28,-6,-41,47,-114,-72,-11,-36,27,-28,154,-36,-14,-43,31,-23,36,11,17,49,37,-3,115,-95,4,-70,87,-11,10,-54,-68,-147,88,-136,115,78,53,5,48,-13,36,-105,41,-38,63,-7,114,54,24,1,51,-21,110,-110,17,-63,8,0,357,15,35,-9,35,-52,322,-3,104,56,187,45,-46,142,365,-47,146,97,-28,137,84,46,28,74,81,95,82,0,59,118,116,55,148,-19,107,19,36,35,54,94,164,153,3,60,62,28,97,127,1,54,106,112,7,101,-29,94,-67,77,-98,-101,-165,-61,-6,83,-123,43,-54,73,-89,11,-12,148,-53,33,-93,4,53,99,-84,80,15,23,43,-2,12,33,-44,11,-14,35,30,153,-145,36,-40,40,-60,-10,-28,39,-56,21,-33,-86,-62,-22,-69,17,-48,185,91,27,1,260,-52,5,-131,144,-22,61,-97,14,-3,43,-94,20,-9,50,-81,56,-101,0,-55,-39,3,50,-94,64,-34,124,13,27,-39,51,-114,39,-143,101,-28,62,52,28,-3,21,-209,113,-3,59,-56,63,-298,179,-179,9,-89,68,-162,45,-28,-46,-64,-32,21,-111,70,-93,-14,-33,-44,-15,-52,34,-19,2,-3,2,-13,0,-157,20,-36,39,17,65,-21,109,-125,-52,-26,-5,-92,20,-21,9,-10,-2,-16,4,-53,-19,-13,-41,-191,-89]],[[738406,172179,55,-70,39,-118,209,-80,29,-119,76,-80,29,-150,67,-9,100,39,250,-189,148,-70,154,13,195,-22,25,105,28,12,-1404,738]]]
1264621	r	78.1709,13.1999,78.899,13.8856	[[[781709,137461,612,-1593,31,43,-10,57,29,20,52,-32,12,15,145,-114,5,-30,122,55,439,33,104,34,217,-41,20,-39,356,51,171,-37,1,-49,-3,-30,4,-18,51,-17,-36,-55,-8,-23,-28,-51,-4,-3,-7,-16,-53,-94,5,-117,-96,-161,16,-93,-20,-7,-2,-7,-80,-52,5,-45,-11,-8,1,-10,14,-11,25,-195,-38,-46,-42,-80,18,-68,20,-8,-16,-101,60,-117,-33,-29,17,-127,32,-56,-15,-35,12,-76,5187,1751,-18,183,-43,253,-60,250,-76,245,-92,240,-4,9,-4342,1847,-2646,-1395]],[[783650,133620,8,-34,39,-2,11,31,54,-4,14,21,172,-87,-17,-36,153,-52,3,-29,-15,-54,-147,-36,-61,8,227,-168,98,29,28,75,64,30,121,-28,-3,-65,43,-137,225,69,33,47,59,24,75,-10,2,-80,-41,-119,192,-18,66,-87,83,-4,-4,-52,67,-27,18,-95,45,-15,1,-31,57,-15,46,68,26,140,67,-2,77,-44,79,54,31,58,3,131,-19,18,25,26,39,-27,81,-140,-13,-98,24,-51,87,2,-20,-181,-62,-88,-89,-60,16,-62,-26,-27,-21,-133,-6,-46,110,-21,15,-55,-80,-12,-31,-105,-17,-5,12,-10,2295,2109,-5,33,-55,215,-76,209,-97,201,-117,190,-135,178,-131,142,-3550,-1198,15,-106,-29,-134,-97,-104,-42,-114]],[[783806,133389,49,-36,29,38,-7,37,-47,8,-24,-47]]]
1256451	r	77.3751,25.1609,77.9449,25.6791	[[[773751,254200,6,-169,18,-169,30,-167,43,-166,54,-162,66,-158,77,-155,87,-149,99,-144,109,-138,118,-131,127,-124,136,-116,144,-107,152,-99,158,-90,165,-80,170,-70,174,-59,179,-50,181,-38,184,-28,186,-16,186,-6,186,6,186,16,184,28,181,38,179,50,174,59,170,70,165,80,158,90,152,99,144,107,136,116,127,124,118,131,109,138,99,144,87,149,77,155,66,158,54,162,43,166,30,167,18,169,6,169,-6,169,-18,169,-30,167,-43,166,-54,162,-66,158,-77,155,-87,149,-99,144,-109,138,-118,131,-127,124,-136,116,-144,107,-152,99,-158,90,-165,80,-170,70,-174,59,-179,50,-181,38,-184,28,-186,16,-186,6,-186,-6,-186,-16,-184,-28,-181,-38,-179,-50,-174,-59,-170,-70,-165,-80,-158,-90,-152,-99,-144,-107,-136,-116,-127,-124,-118,-131,-109,-138,-99,-144,-87,-149,-77,-155,-66,-158,-54,-162,-43,-166,-30,-167,-18,-169,-6,-169]]]
1255349	r	70.9808,22.1241,72.1895,23.5268	[[[709808,224149,107,-132,114,16,44,66,54,21,106,-130,98,-33,3,-4,5,-1,8,-10,60,-57,1,-20,5,-6,-4,-2,0,-2,-93,-61,-46,-21,-3,-2,-1,0,-2,-1,-80,10,7,-124,-65,-73,87,-285,82,-55,114,-20,142,-112,97,-36,-12,-110,-66,-176,155,-64,-6,-48,61,-19,39,-105,102,21,56,-23,54,18,125,-21,-4,-31,-71,-59,123,-246,121,-171,98,-87,1,-36,204,-62,-37,-206,-220,-104,-47,-1,-54,-49,-33,-119,-55,-29,6,-45,36,-13,26,-45,192,-4,-1,53,19,-4,13,36,36,-6,32,31,232,85,12,75,-29,74,39,-16,107,62,68,8,-47,107,252,121,68,-134,92,-99,92,14,69,43,181,-85,99,-13,115,19,79,67,59,167,-82,83,-130,249,-65,-39,-58,-2,-50,10,-46,56,-73,13,-109,-3,-130,-40,-112,25,39,77,-62,51,-12,99,46,39,93,27,-5,19,56,10,19,240,225,0,119,-60,42,16,127,-31,24,-13,-60,-29,55,-100,157,-36,36,26,-28,84,40,11,-32,31,52,141,170,-44,77,-96,115,-71,146,98,50,228,39,17,21,-8,3,0,5,-3,10,-4,-1,-4,1,0,-52,-106,51,-6,8,-47,9,-7,58,-19,0,48,1,0,0,1,103,2,-19,-287,54,-9,-39,-229,64,-24,94,12,217,115,68,130,3,121,34,46,38,79,35,22,-10,139,496,146,93,88,55,102,201,202,13,2,5,5,70,9,165,-36,95,8,40,-194,97,-25,43,30,54,102,1,66,-58,16,-4,59,98,1,-1,71,94,-32,3,-115,104,-7,177,48,-37,104,1,286,94,-25,140,220,243,-180,104,61,64,-11,9,29,198,69,94,-170,146,2,58,-188,134,-25,383,26,-39,254,72,70,33,-36,372,39,-51,-357,138,-20,39,54,11,24,8,3,12,17,104,28,-23,249,102,64,39,-3,-2,33,78,12,64,63,33,93,101,14,4,-7,10,1,141,-227,37,-197,30,54,31,13,2,2,1,-1,4,2,31,-28,57,-44,14,1,66,41,-23,124,18,78,-62,108,33,62,-36,56,-39,257,82,102,301,91,-38,8,-11,192,-258,-56,-49,-73,-200,27,26,193,121,12,-38,64,-38,-15,-53,21,-50,165,125,29,0,56,155,136,183,-35,110,-64,22,-102,-45,-25,-15,-104,110,-18,4,-20,373,8,122,-19,54,-39,23,-163,34,-71,65,-87,30,-10,24,21,22,-327,308,-74,62,2,121,109,36,-3,148,149,256,107,16,35,93,55,69,-14,-160,161,47,55,-22,90,-52,68,273,199,168,54,-47,116,-81,39,-9,39,-110,117,-145,105,-638,266,20,23,-1,110,-40,-5,0,23,-207,-36,6,188,-28,128,-384,265,187,53,156,86,104,-190,263,5,141,456,-383,128,-158,167,85,62,-81,28,13,109,-86,-21,101,282,-88,22,-128,109,13,107,49,62,-73,129,-1,204,-64,-314,-103,-102,-41,-2,-46,17,-143,257,-52,174,6,195,123,146,-29,110,58,164,-45,28,-68,106,17,140,214,293,37,110,-95,9,-25,86,16,103,113,64,-32,130,-6,195,-24,72,-97,-28,-84,39,-124,15,-116,-21,-126,-115,-18,-114,31,-71,-98,3,-62,64,52,123,-58,154,-135,-32,-132,63,-76,145,25,12,-16,31,-34,-7,3,64,-94,120,5,10,-9,13,46,91,1,10,-38,226,46,49,12,167,22,17,-20,153,59,36,159,7,34,107,109,48,-13,18,32,33,21,-22,35,52,48,-39,91,42,35,50,212,0,80,335,-4,36,-42,32,-24,7,-193,-1,-87,-99,-136,-6,-45,-28,-96,246,-55,41,-84,-16,-17,-25,-112,-9,-11,-38,-32,-8,-55,-370,-270,-6,42,67,12,245,43,40,-79,183,8,73,34,113,38,0,42,118,-78,74,38,118,84,68,60,10,-40,57,-2,77,-72,92,-1,57,-109,115,-15,126,174,90,105,-94,46,-6,253,90,278,-22,123,216,20,219,-32,31,-37,276,3,3,0,5,156,121,8,38,128,62,54,142,-178,33,-12,176,-106,69,-258,-84,-6,-183,-1,0,0,-1,-82,-38,-42,9,-11,-47,-67,15,-69,-26,-19,27,-51,0,-33,-68,-37,36,9,-58,-151,6,5,-21,-241,-118,-77,-94,-45,-61,-14,-206,-121,-161,-164,-102,-40,-3,-57,-81,-89,-67,-111,-21,-91,34,-9,-5,-196,80,-1,2,-3,1,-24,86,-12,35,1,3,-4,13,13,23,14,60,-3,15,20,55,1,3,1,2,71,25,84,194,-57,67,-7,66,-42,-11,-25,27,-65,-32,-82,27,-49,50,-17,-66,-43,30,-127,-22,-9,118,68,68,-18,39,-105,-5,-177,-90,-105,66,-176,13,-78,-44,-168,80,-50,-20,-183,69,-100,4,-27,33,-60,-32,-22,-1,-17,-7,-29,5,-12,0,0,3,-4,0,-10,39,-87,-21,-79,-84,-169,41,-310,-167,-13,-163,138,-41,74,-135,67,-32,-2,-84,101,-207,179,106,127,18,-4,-28,-186,-160,62,-81,-169,-76,-20,-91,-56,-63,22,-50,231,28,64,52,38,-4,-14,-26,-106,-80,-208,-49,-30,-24,-2,-62,117,66,99,24,18,-50,153,-46,90,29,106,-14,156,-119,138,-217,-72,-136,-133,-131,6,-27,153,-115,110,97,115,-13,64,48,21,-49,-21,-131,-139,-28,0,-126,57,-26,125,-4,56,-73,71,24,46,-22,-18,-71,-85,-29,-185,28,-128,-39,-19,-54,156,-53,-99,-203,179,-57,62,-192,29,-6,60,8,184,175,99,-24,-64,-39,-143,-180,10,-37,66,-44,183,-24,94,112,108,15,29,-21,29,-93,107,-122,-38,-135,-130,-49,144,-131,15,-66,-168,35,-96,-35,-109,-139,-6,-95,-73,-19,-46,38,-24,178,-49,54,-136,62,-33,55,-163,53,-36,55,-65,-19,-91,16,70,-72,142,-178,123,-190,103,-201,80,-209,59,-215,35,-219,12,-222,-12,-222,-29,-177,-2984,-1793,-123,28,-226,75,-216,95,-205,114,-193,132,-177,149,-161,165,-142,178,-50,77,-70,-57,-100,-36,95,-256,-106,-49,-42,-64,-125,-36,-125,14,-78,68,-173,-35,-8,32,-26,-9,13,-26,-40,-8,-51,109,-163,202,-9,46,-224,8,13,-229,48,-120,-451,-41,42,-94,94,-55,41,-70,74,-36,-2,-135,81,-224,-74,-13,-27,-39,29,-142,204,-222,17,-78,159,-100,-12,-187,-23,-58,-23,12,-144,-160,-36,-1,-27,-56,-93,-50,-12,-92,26,-84,-93,12,-102,62,-54,-108,-26,-7,-52,-124,60,-158,-56,3,-37,32,-2,-163,90,-67,-78,-198,-187,-65,-53,-72,23,-61,-65,-13,-45,-48,60,-30,27,-47,144,-58,93,-106,64,-12,81,188,72,166,185,-17,99,-211,197,-203,4,-202,-70,-48,-118,-14,-75,33,-77,-5,8,-200,-138,-96,18,-59,71,-77,-209,-18,-48,-35,-28,-157,8,-121,-41,-52,-72,-22,-27,45,-81,29,-42,184,-76,48,-65,95,-45,8,-10,-32,-30,-4,-46,46,-72,19,-136,-6,-47,-54,-387,-201]],[[713034,231688,35,-110,83,70,137,93,-73,26,-22,102,-30,-9,-39,-81,-13,-98,-78,7]],[[713071,222277,47,-92,76,14,-12,-41,116,23,11,-51,50,-21,134,70,140,147,-167,156,-225,-30,-84,-115,-86,-60]]]
1261473	n	78.944,11.209,79.6945,11.9052	[[[789440,113176,72,-133,151,-240,167,-230,182,-218,195,-206,64,-59,1148,107,2556,238,398,271,607,1583,-125,204,28,-4,99,13,2,114,-19,7,-11,15,-20,12,-24,2,-26,31,-58,4,-37,34,0,112,-142,2,-61,101,69,-7,169,3,-4,75,16,48,56,-2,86,14,151,1,27,-9,31,2,54,23,31,34,17,72,75,199,6,51,-30,57,-27,11,-72,6,-23,11,18,98,33,-17,29,13,19,23,164,0,13,15,19,46,8,68,16,23,71,18,31,36,45,10,67,-1,35,-51,26,-5,33,41,30,17,9,21,7,3,99,3,8,18,13,8,61,4,-7,41,10,8,12,-7,24,-45,46,68,-6,29,-37,47,-8,35,-11,8,9,7,92,-8,62,13,1,130,-31,21,0,95,20,48,28,27,95,-12,26,-21,26,-34,33,-2,94,15,79,27,3,3,48,51,20,99,-1,46,23,73,34,54,15,7,115,-9,59,24,-6,13,-150,8,-48,47,-237,50,-21,18,-12,24,-12,98,-24,18,-72,-1,-40,38,-28,11,-42,35,-44,6,-40,-4,-48,-16,-20,6,-39,46,-18,100,-49,17,-40,0,-10,39,26,74,68,-5,20,23,40,81,16,4,63,-28,49,-33,98,-19,46,-4,122,20,86,-14,14,-54,29,-16,15,1,11,14,15,44,100,-6,26,4,49,33,12,14,-3,21,-23,28,13,34,-9,43,14,155,2,54,8,45,6,61,-2,46,-24,32,-20,8,-28,23,-18,26,-16,42,-62,46,-46,-4,1,24,-49,-8,-59,10,-38,13,-29,45,-26,23,-20,7,16,60,27,67,-3,44,18,56,103,-48,43,-13,5,-27,-9,-61,-13,-18,12,-29,35,-13,64,610,-130,210,-1469,-478,-43,8,-64,21,-45,34,-293,83,-130,2,7,-17,-17,-66,-24,-14,-11,-71,-2,-18,20,-6,2,-7,-8,-18,4,-11,83,-18,90,4,10,-11,-7,-31,1,-3,-968,-315,162,-127,79,-17,44,50,51,17,52,-21,25,-44,-25,-108,45,-22,53,106,81,-50,-12,-87,35,9,-7,-45,9,-11,35,-18,2,-43,17,-35,27,-7,20,14,12,-20,37,-21,38,11,6,7,0,11,8,23,6,2,94,-8,-15,-123,2,-15,22,-8,-10,-32,-1,-39,10,-36,-20,-6,-11,-10,-103,-54,-101,13,-86,-56,-14,-2,-6,-11,2,-19,20,-18,27,-13,26,-26,-4,-53,4,-1,-16,-145,19,-48,13,-59,24,-11,20,-26,6,-48,-11,-80,24,-95,-86,-1,-19,-19,-9,1,-20,35,-27,-12,-27,-2,-47,5,-2,1,-8,1,-15,9,0,38,-51,4,-64,17,-47,21,-51,13,-12,13,-8,9,-86,14,-47,-16,-57,-5,-14,-7,-12,-24,-12,-8,-72,-17,-20,-11,-13,-11,-13,-32,4,-21,1,-3,0,-5,3,-2,1,-2,13,-14,0,-15,-37,-22,-82,-15,-97,29,-95,-4,-20,-38,-20,-72,-68,-4,-28,-60,-63,10,-32,-107,-119,43,6,50,-11,11,-1,0,-32,30,-17,15,-69,6,-6,2,-41,2,-82,-33,-12,-16,-74,48,-78,21,-39,16,-14,-2,-7,-10,0,-1,-56,-90,-27,-20,-55,-111,-42,15,-10,8,-42,5,-42,52,-49,17,-66,-41,-6,-9,9,-23,4,-42,-1,-5,2,-6,6,-63,-65,-34,-9,-46,-76,-68,-36,-116,-26,1,-71,-71,-216,115,-111,-1,-26,-73,-115,-19,-25,51,-70,23,-1825,-2791],[794327,116646,3,-50,-5,16,2,34],[794933,115694,78,-23,-62,14,-16,9],[795994,118817,8,29,41,-11,44,-49,57,34,42,44,28,49,26,-3,31,-25,36,0,0,-57,18,-21,34,0,-3,62,31,-2,34,-16,-3,-31,42,-10,21,-13,-3,-73,39,-23,33,5,29,-36,39,-26,5,-28,-54,-73,-50,-36,-90,-3,-44,24,-52,5,-41,17,-44,24,18,91,-3,36,-39,-3,-33,8,2,-67,-57,-5,-25,-21,-83,-13,-31,13,15,36,8,73,-26,95]]]
1256287	r	92.5314,24.3222,93.3557,25.3378	[[[925314,243858,228,-112,331,-137,341,-117,348,-97,354,-75,359,-54,362,-33,363,-11,363,11,209,19,-5,5,32,27,14,-28,2,0,16,46,54,-6,86,96,49,117,64,35,-70,95,35,12,-18,44,62,-7,22,93,-78,8,-16,43,48,24,0,56,24,-54,35,18,-5,60,112,-17,43,208,140,-99,-21,-19,43,-43,80,-37,66,71,87,9,12,20,41,-8,42,-102,27,-1,145,160,106,-25,108,-62,47,18,71,113,186,-214,-29,-49,-41,-16,28,-107,-41,-93,1,-14,282,117,321,157,308,175,296,194,281,210,265,228,249,242,231,257,212,270,192,282,171,293,150,303,128,311,106,318,82,323,60,328,35,331,12,332,-12,332,-35,331,-60,328,-82,323,-106,318,-128,311,-150,303,-171,293,-192,282,-212,270,-231,257,-249,242,-265,228,-281,210,-296,194,-308,175,-321,157,-331,137,-341,117,-348,97,-354,75,-359,54,-362,33,-363,11,-363,-11,-362,-33,-359,-54,-354,-75,-277,-77,-971,-9270]]]
1259312	r	78.2395,14.4698,78.8101,15.0852	[[[782395,147113,2782,-2415,2867,2488,57,2510,-12,14,-154,160,-165,150,-174,140,-183,127,-191,116,-199,104,-205,90,-211,77,-216,64,-219,50,-223,36,-224,21,-225,7,-225,-7,-224,-21,-223,-36,-219,-50,-216,-64,-211,-77,-205,-90,-199,-104,-191,-116,-143,-99,-1049,-3075]]]
1269910	p	1275004
10263066	p	1273294
1278708	r	78.3266,28.7762,78.719,29.158	[[[783266,289886,330,-1320,-18,-10,-91,-4,-32,-32,8,-36,22,-40,32,-21,7,-21,-34,-64,6,-28,-12,-27,-62,-41,38,-34,58,-27,12,-39,108,-70,37,-3,58,25,40,2,30,-8,51,-36,40,-81,21,-8,37,15,22,2,21,-55,1,-53,19,-20,28,-16,20,-29,23,26,8,-4,30,35,18,-16,23,4,39,35,4,-4,9,7,-5,5,11,13,75,-45,6,-6,-14,-17,72,-45,40,63,29,27,-4,7,31,26,46,-62,-5,-8,23,-25,3,-2,18,-11,10,2,30,-26,10,6,9,-19,31,13,19,-14,29,9,26,-14,30,8,9,8,11,-6,1,3,1,7,-11,6,16,25,67,66,65,-59,15,2,4,-25,13,25,10,-5,-3,-6,19,-20,54,-34,60,68,-8,12,9,13,-5,9,6,13,79,-43,-4,-9,46,-21,10,9,-4,5,54,56,48,-22,9,8,13,-8,43,39,108,-50,13,20,-10,9,19,29,-13,7,6,13,-5,13,11,16,19,-15,31,16,9,-6,24,21,25,39,71,-44,60,60,39,-21,33,31,10,-6,36,34,14,-13,17,13,30,-29,12,8,19,-18,39,24,52,53,44,-30,16,-1,25,40,49,-16,6,5,42,-30,10,-2,23,27,1,18,-13,14,-13,11,1,2,0,1,48,45,-90,58,50,55,30,54,31,31,36,54,22,-15,-3,-5,54,-38,37,42,11,-4,28,19,43,58,25,-24,43,19,8,18,-13,31,-10,0,-26,-21,22,54,17,16,28,9,22,-11,7,-20,27,48,31,21,-6,8,3,25,-9,5,16,62,27,20,21,30,5,-11,22,-13,27,-2,17,12,54,56,38,54,-53,26,69,70,-1,9,36,35,27,41,36,-22,28,35,16,37,-18,12,-7,33,-113,54,-10,-9,-22,10,-72,43,46,49,2,24,23,33,16,-17,15,12,53,-25,4,4,25,45,-25,10,10,18,-17,8,11,23,6,4,31,-16,34,33,6,2,11,-9,81,111,25,18,-92,64,-28,-20,-82,100,-31,21,10,35,-9,5,7,15,-192,124,-19,45,28,87,21,-10,13,1,62,39,-5,52,-35,22,31,55,-56,72,116,132,49,44,44,14,-31,55,-49,19,-61,35,-30,55,54,29,74,17,65,64,-22,52,-38,-11,-75,14,-125,-64,-35,-1,-34,11,-9,0,22,95,-110,22,26,29,37,18,15,20,57,47,-30,103,-21,3,19,106,28,6,22,24,-75,30,71,85,-29,96,-82,58,-23,20,0,9,-53,28,15,-67,12,-15,-4,-15,-16,-6,-50,64,-109,73,-65,-43,-42,-45,-7,-38,93,-75,123,-80,-46,-54,25,-8,-4,-27,-98,-115,-52,3,-8,-17,-82,3,-111,-43,-66,-70,-1034,208,-61,-44,-1,-26,-34,-11,-16,-15,-14,5,-19,-14,1,-2,0,-45,39,-43,6,-17,3,-20,-8,-26,14,-26,19,-2,14,14,32,-5,12,-7,2,-9,-17,-11,-2,-23,6,-9,11,-6,13,5,9,13,34,-9,0,-15,-29,-14,-4,-13,13,-17,2,-49,15,-10,13,0,38,31,12,-45,14,-3,12,5,7,-25,-13,-14,-1,-38,-74,-77,-81,-72,-68,13,-31,-80,-24,13,-51,84,-56,21,-39,-25,-50,3,-130,45,-63,10,-16,-43,-33,5,-23,-25,-41,4,-73,-30,-111,-95,-133,-53,-68,-57,-49,22,-28,-12,-59,-82,-28,21,-30,-19,-33,42,-6,4,-512,-370]]]
1274304	r	78.664,21.8024,79.216,22.3175	[[[786640,220600,6,-168,18,-168,29,-166,41,-164,53,-162,63,-157,75,-154,85,-149,95,-143,106,-137,114,-130,124,-123,131,-115,140,-107,147,-98,153,-89,159,-80,165,-69,169,-59,173,-49,176,-39,178,-27,180,-17,180,-5,180,5,180,17,178,27,176,39,173,49,169,59,165,69,159,80,153,89,147,98,140,107,131,115,124,123,114,130,106,137,95,143,85,149,75,154,63,157,53,162,41,164,29,166,18,168,6,168,-6,168,-18,168,-29,166,-41,164,-53,162,-63,157,-75,154,-85,149,-95,143,-106,137,-114,130,-124,123,-131,115,-140,107,-147,98,-153,89,-159,80,-165,69,-169,59,-173,49,-176,39,-178,27,-180,17,-180,5,-180,-5,-180,-17,-178,-27,-176,-39,-173,-49,-169,-59,-165,-69,-159,-80,-153,-89,-147,-98,-140,-107,-131,-115,-124,-123,-114,-130,-106,-137,-95,-143,-85,-149,-75,-154,-63,-157,-53,-162,-41,-164,-29,-166,-18,-168,-6,-168]]]
1255062	p	1264527
1275984	p	1269300
1260137	r	75.1135,31.9452,76.2556,32.8345	[[[751135,324183,125,-66,702,-144,340,-171,682,-478,285,-199,41,-45,-6,-8,-68,-51,-28,-49,45,-15,44,0,172,-47,25,-28,-55,-96,105,3,46,-172,-91,-173,232,-80,-7,-27,7,-54,-16,-36,-29,15,-27,-24,-3,-41,-82,-17,-19,4,-133,-14,-54,25,-55,1,-43,-57,109,-74,95,-2,104,-97,88,-43,108,-15,11,-74,37,-3,42,41,56,19,81,10,1,-12,16,-1,-2,-12,17,2,3,-18,-10,-35,4,-45,101,-10,-11,-54,31,-15,12,-44,27,-6,12,-13,41,8,54,43,126,-21,3,-9,-14,-31,-38,4,-30,12,-7,-38,23,-16,17,0,-1,-16,-33,0,11,-24,-10,-60,23,-3,38,42,69,-24,10,26,37,-3,-1,-18,49,12,9,48,58,-22,46,28,40,-3,27,-3,7,2,4,24,50,2,3,-16,19,-14,-20,-27,10,-7,47,-17,6,6,8,-4,11,14,76,-2,18,-24,3,-19,26,5,4,-15,21,-9,2,-1,0,-1,-4,-7,19,-8,29,2,4,19,12,0,0,16,9,2,84,-5,78,-14,62,-4,2,-2,95,-10,-5,-51,61,-17,1,-1,29,-6,-4,-48,10,-2,33,-5,11,15,49,11,10,1,52,14,-5,-2,6,2,86,8,25,17,1,0,54,3,6,11,19,4,2,-40,-7,-43,12,-21,8,-116,-29,-7,-30,-74,-3,-38,29,-23,88,67,7,-70,21,-66,5,-26,3,-2,2,-3,25,-6,-42,-66,183,-172,154,48,44,-30,125,23,92,47,170,-68,50,-92,168,-23,103,-78,14,-74,45,-46,126,-75,189,69,102,-50,277,-303,360,-162,319,-49,92,-89,349,-124,146,-111,27,-65,2761,853,72,115,163,307,140,316,115,323,90,328,64,333,39,336,13,337,-13,337,-39,336,-64,333,-90,328,-115,323,-140,316,-163,307,-187,298,-209,286,-231,274,-252,261,-271,247,-289,230,-306,214,-322,197,-219,115,-211,-220,-190,172,-267,212,-282,197,-297,181,-310,164,-322,146,-332,129,-342,109,-349,90,-315,63,-4391,-2702,-903,-1460]]]
1277976	p	1268295
1273802	p	1259425
1256237	r	76.8276,30.8032,77.5143,31.3968	[[[768277,311302,211,-900,31,-28,1244,-1140,1722,-1196,215,-6,225,7,224,19,223,31,219,44,216,57,210,68,206,80,198,92,192,102,183,113,174,124,164,132,154,142,143,150,131,158,119,165,107,171,93,177,79,182,65,186,51,189,37,192,22,193,8,194,-8,194,-22,193,-37,192,-51,189,-65,186,-79,182,-93,177,-107,171,-119,165,-131,158,-143,150,-154,142,-164,132,-174,124,-183,113,-192,102,-198,92,-206,80,-210,68,-216,57,-219,44,-223,31,-224,19,-225,7,-225,-7,-224,-19,-223,-31,-219,-44,-216,-57,-210,-68,-206,-80,-198,-92,-192,-102,-183,-113,-174,-124,-164,-132,-154,-142,-143,-150,-131,-158,-119,-165,-107,-171,-93,-177,-79,-182,-65,-186,-51,-189,-37,-192,-10,-85]]]
8740017	n	75.2736,14.9436,76.0451,15.8868	[[[752736,157226,35,-5,18,-336,167,34,175,-118,239,-63,-14,-251,238,-31,12,89,1436,-1247,-225,19,-2,-59,-49,-42,-16,-50,-32,-239,152,-34,81,-195,-20,-38,-3,-174,62,-248,-73,-453,7,-98,-18,-5,-8,48,-36,2,-13,46,-32,8,1,146,-65,26,-55,17,-9,-116,-243,2,46,-283,50,31,35,-188,-50,-20,-42,-125,12,-258,-271,-15,-102,-6,-21,-146,-42,-10,0,-65,100,16,7,-43,-148,-16,8,-130,36,38,101,-16,-7,-279,62,6,7,-92,175,12,73,-113,16,-78,-159,19,-3,-111,-341,24,-10,-137,29,-144,-55,-13,6,-64,59,1,-6,59,20,1,4,-70,25,-30,40,-2,19,-154,134,-153,38,-44,9,-99,35,-70,-9,-48,-101,-61,20,-62,-79,-74,5,-234,316,-8,33,-108,83,0,8,-60,75,32,90,-32,175,32,121,-26,138,-113,118,13,54,-71,3,-97,43,-41,-15,-349,242,5,-3,-78,185,-30,55,-90,87,-46,4,0,39,-4,85,40,-18,146,92,8,-6,68,118,30,25,78,193,-4,175,-44,208,-118,10,-11,14,-17,24,-29,62,-191,194,7,204,-71,109,86,72,130,210,119,48,247,206,211,132,48,148,6,56,143,6,2,81,24,99,-76,154,-35,127,198,192,23,56,157,-27,105,-203,138,-19,69,42,101,96,50,62,154,468,41,-35,354,-235,96,15,127,-18,105,-127,346,-85,-11,-3,39,-29,20,-52,280,44,33,-53,38,-52,100,12,211,34,71,-59,346,154,12,-16,210,27,275,-195,61,-183,-13,-10,162,-62,0,0,203,-190,-15,-34,46,-127,44,-46,45,-5,124,-58,-11,-33,192,61,2,-8,86,91,2,-49,122,120,-12,21,35,162,24,8,32,100,-20,75,469,-9,353,120,31,3,-26,33,5,-3,33,124,30,1,37,29,1,9,177,-44,6,7,70,-89,13,27,166,-10,180,-39,33,-126,10,0,418,159,24,42,116,-24,3,-56,88,96,9,47,121,132,-61,-2,-127,110,-56,-62,-217,2,-67,105,-54,144,9,-2,-108,35,-60,177,-5,57,30,10,-147,432,-18,49,107,3,54,-22,17,-192,-23,-49,-81,-68,-26,10,139,40,71,-46,16,7,40,84,124,114,54,7,39,141,-5,42,-57,70,56,114,34,35,72,-16,110,-62,4,26,169,-52,8,57,87,-15,75,-50,-6,-140,55,-10,32,-65,7,-26,43,-153,-32,-39,61,-23,148,-50,5,-8,1,-11,-6,-140,-73,-36,3,-28,-108,-225,70,-95,1,-212,179,-72,21,-287,182,-249,97,-175,11,-85,56,-3,43,-70,-29,-76,17,30,61,-92,30,-23,-99,-105,13,-68,36,-36,-37,-23,-217,30,0,22,-101,-306,-23,-42,-21,-79,6,-1,29,-149,16,-80,97,-53,16,-119,-46,-81,60,-54,-4,-30,-84,-42,-7,-18,33,12,71,-33,48,-94,15,-27,-35,16,-56,-48,-21,-55,37,-85,17,13,82,-17,11,-54,-4,-16,-75,-42,-26,-3,31,-132,17,-11,-144,-112,59,36,35,-90,-38,-129,65,-102,-85,-2,58,-107,-10,21,43,32,-2,-48,46,-30,-23,-5,-56,-103,-57,-21,32,58,46,-94,39,-80,-33,-7,17,-84,1,27,50,-12,21,-91,-19,-25,59,-75,53,34,28,49,-12,-10,48,-118,25,-8,-47,-47,28,29,35,-78,84,4,21,-61,7,-47,38,-45,-19,-23,28,-24,-23,10,-43,-48,22,17,30,-101,9,-2,42,-24,-23,-32,10,-11,44,27,23,-113,-3,-13,-17,51,-38,-28,-182,62,-13,5,-430,-31,0,-20,-77,-19,6,-36,-176,-71,15,-29,-166,-230,61,102,379,2,192,-171,-22,-33,20,-139,-39,-154,75,-102,-404,-236,-1,-18,228,-94,-36,29,-77,-79,-51,-213,14,25,-466,122,-15,0,-196,-41,-149,-211,-18,7,128,-192,-6,-10,-178]]]
1271850	p	8740017
1253237	n	70.246,20.7943,70.6104,21.1145	[[[702460,209958,175,-154,365,-218,367,-315,621,-236,182,-131,344,-345,117,-70,210,-50,574,-361,207,-80,140,-55,58,91,101,201,80,209,57,215,35,219,11,222,-11,222,-35,219,-57,215,-80,209,-101,201,-121,190,-141,178,-158,165,-175,149,-189,132,-203,114,-114,51,1,-2,-31,-93,-31,-23,5,-63,-24,-30,-160,-23,-5,-114,22,-20,26,13,18,-26,-37,-135,54,-47,1,-37,78,-4,-16,-40,-162,-142,-32,30,-72,-17,7,65,-39,50,-106,-75,3,37,-112,31,-44,37,7,28,-63,-11,1,-66,-67,-93,13,-123,-24,-64,-42,-35,-99,-3,-59,-70,-103,28,-4,19,52,5,30,47,-48,39,3,25,-65,-10,10,34,-49,-7,28,55,-76,28,-79,-72,-50,-12,-95,-112,-118,-4,-135,-81,-96,134,-165,-58,-19,43,-28,-42,-165,-66,-96,-114,-2,-1]]]
1261653	p	1275610
1277835	p	1273294
1344377	r	87.7138,21.6826,88.513,22.2708	[[[877138,221613,2717,-3032,469,991,145,188,39,90,-18,104,-38,111,-21,108,55,34,2,0,86,-72,36,17,45,0,23,7,49,25,52,17,6,6,62,0,265,142,90,77,232,-68,111,-102,103,-106,73,103,55,100,-327,302,194,243,92,271,-125,397,-284,225,-371,121,-381,77,-320,20,-169,40,-165,110,-267,289,-125,176,-15,44,-1897,-39,-74,-112,-127,-221,-111,-229,-95,-235,-71,-219]],[[879840,222675,11,-16,239,-255,180,-125,165,-31,162,47,176,109,40,-230,371,-172,469,-152,327,-172,54,-160,93,-518,97,-221,-156,-245,-425,-503,-80,-122,-64,-145,-32,-172,127,-530,-30,-83,-23,-98,497,-827,59,-168,-83,-143,91,-270,-70,-229,-131,-203,-95,-191,1,-24,92,14,261,57,258,73,251,88,167,70,-197,625,-26,234,115,-8,167,-177,84,-161,38,-189,5,-237,129,65,229,132,218,146,208,159,196,172,184,183,171,194,156,204,142,213,94,164,-7,56,67,196,112,121,21,33,46,115,-35,150,67,-51,46,141,61,243,-2967,2746,-763,110,-1560,-32]],[[880481,219164,3,-14,12,-10,24,-1,94,43,28,22,43,14,64,55,18,35,33,36,74,113,21,20,44,86,15,3,8,25,76,104,12,42,20,11,19,22,9,34,17,31,22,9,20,22,126,207,77,98,75,72,-53,9,-73,-37,-2,18,-22,7,-113,-2,-28,9,-63,-14,-109,-49,-47,-44,-78,-49,2,-14,-44,-31,-23,-30,-6,-17,-9,-2,-17,-20,2,-12,-41,-55,-16,-51,-62,-109,-83,-217,-36,-139,-3,-91,-30,-139]],[[880711,218736,12,-168,86,-74,241,118,200,275,76,318,-137,245,-132,26,-115,-97,-95,-163,-74,-170,-34,-124,-28,-186]],[[880720,217615,656,-732,258,172,36,599,-203,1045,-274,-104,-293,-508,-180,-472]]]
1259009	r	87.8168,25.2989,88.4802,25.8689	[[[878168,257673,12,-80,464,-3168,1276,-1436,2168,93,425,719,2289,1729,-48,96,-376,172,-70,63,51,-6,19,2,29,19,31,-4,27,9,25,26,-36,43,-9,21,9,34,22,8,4,15,20,17,-24,11,8,23,-21,51,12,17,-5,5,-19,-14,-1,17,12,6,1,9,13,3,-4,9,11,3,-8,20,7,2,5,32,11,11,14,1,6,12,31,11,13,12,-15,10,10,36,-9,29,17,49,-4,29,-22,10,15,102,-12,30,0,64,-25,6,-9,-6,-52,9,-17,-3,-53,29,-94,9,-47,16,-38,-1,-22,-26,-44,22,-119,28,4,39,26,67,-17,27,-77,-8,-30,-13,-20,4,-12,38,18,53,-41,6,-14,6,-5,11,-20,-1,-11,16,-87,4,-24,-9,5,25,-14,19,5,37,13,24,-24,15,2,14,33,-7,8,22,9,4,6,26,-13,23,-21,-14,-41,9,-22,5,-6,12,-11,1,5,15,-76,16,21,65,-30,14,-7,-20,-10,1,-26,9,-12,20,-25,-2,-6,6,-33,-10,-23,28,-5,23,-27,2,-35,-78,13,-27,45,-25,-17,-38,-80,3,-110,68,-604,637,-324,153,-221,-59,-78,-20,-10,10,-24,7,3,11,-13,2,1,23,-39,11,-10,-4,1,-15,-29,9,-9,-7,-9,8,-10,-14,-17,-9,-3,-16,13,-8,-3,-6,-19,4,-4,-6,5,-11,12,0,-5,-13,-18,-3,-19,6,-1,-6,-15,-1,7,-22,-15,0,-20,-44,-72,27,-19,-1,-48,-37,1,-33,-22,-6,5,-20,-88,-35,-14,2,17,44,-10,5,-7,-11,-14,0,-4,-9,-35,7,5,25,23,39,6,27,-8,44,-55,22,0,9,-73,14,-8,-7,-28,7,-7,-11,-19,-1,-3,-7,-53,10,-15,9,-36,0,13,67,42,75,-49,25,-47,0,-19,6,-10,-9,-5,9,31,54,14,8,-26,14,-9,-14,-7,4,2,10,-14,8,-7,15,5,10,-10,4,-9,-4,-30,27,11,17,-39,18,-32,0,-49,-43,-25,26,0,7,10,15,-1,15,-9,-1,0,54,14,87,-70,151,-8,51,-2538,-764,12,-48,-63,-22,-55,-182],[884266,255898,1,0,7,-1,5,-11,-13,12]]]
1269723	n	87.9025,24.807,88.3976,25.2261	[[[879025,250060,202,-54,178,-97,177,-214,8,-187,38,-163,-32,-55,12,-69,-71,-131,-138,-92,1710,-928,65,123,138,125,98,128,-29,189,-132,346,-46,87,-54,52,0,44,496,247,185,59,195,-17,163,-102,140,-168,91,-195,9,-182,121,-6,419,-103,168,-14,92,64,181,294,348,415,122,232,31,263,66,76,-10,195,-36,219,-59,215,-82,209,-104,201,-125,190,-145,178,-163,165,-180,149,-195,132,-209,114,-220,95,-229,75,-236,54,-240,32,-243,11,-243,-11,-240,-32,-236,-54,-229,-75,-220,-95,-209,-114,-195,-132,-180,-149,-163,-165,-145,-178,-125,-190,-104,-201,-82,-209,-59,-215,-36,-219,-9,-162]]]
1269135	r	82.2977,25.5294,83.0971,26.1525	[[[822977,256684,133,-61,4150,-1201,144,48,191,-61,109,-105,68,-10,69,64,14,71,82,4,-6,90,321,-22,115,37,22,28,-16,111,172,-51,37,52,17,96,64,21,40,-7,48,-118,203,22,31,23,59,-13,1927,1244,-3446,4579,-2401,-78,-1135,-1197,-1012,-3566]]]
10263232	p	1273294
1276100	r	72.5082,21.4216,73.6283,22.2496	[[[725082,219524,4,-130,39,-44,-29,-31,3,-175,29,-22,45,-228,133,58,-138,-74,14,-52,77,-64,158,-27,110,120,168,88,327,-56,-34,-77,-133,-221,-102,-52,-26,-312,-80,-80,-51,-73,-85,-121,-321,-938,45,-118,-29,-61,73,-1,33,-102,-17,-6,22,2,49,-72,85,-55,94,-10,124,65,31,-17,66,77,104,44,208,69,314,-19,32,15,101,-17,5,-1,4,-1,37,-6,5,2,188,-20,108,18,139,-365,-77,-86,-211,-113,6,-29,-34,15,-77,-28,-63,24,-30,-31,-28,10,5,-33,-125,-13,-119,-211,53,-7,-16,0,-9,-28,-63,16,3,27,-111,-147,9,-34,29,-7,-10,-26,45,-31,2,-37,33,-8,4,22,8,-28,34,23,-32,-25,18,-20,-77,35,-19,-20,-7,-67,72,-113,54,-26,-22,14,79,53,3,-19,26,12,10,-38,50,6,-12,-34,61,5,-36,58,73,-7,-41,-15,20,-64,233,26,84,-23,49,-45,-263,-227,279,-73,-58,-103,-68,-43,-34,26,-74,-218,-89,-55,-34,-173,-57,-97,22,-91,41,-12,91,138,8,1,4,5,180,14,35,90,35,-25,91,116,94,29,116,1,179,78,52,-19,33,-60,66,0,27,-47,-11,-75,91,-60,53,1,12,50,56,26,107,33,18,-9,5,1,1,-4,6,-2,14,-120,-52,-178,43,-69,186,40,75,-34,97,40,31,104,70,36,38,84,89,11,48,38,76,-61,95,-33,31,119,57,-51,11,-45,-76,-51,-21,-78,29,29,42,-23,67,85,56,23,62,-115,131,-34,39,28,29,101,80,98,24,62,-7,105,150,42,146,104,-18,69,-83,110,-15,106,158,65,267,38,32,73,-23,98,16,15,95,4,97,-112,24,-66,82,15,17,-38,29,-5,-41,-223,40,-40,1,-36,28,15,-9,-44,35,-57,106,21,55,-77,10,46,35,-13,80,38,15,187,-171,215,-25,90,33,53,85,34,-15,213,82,59,130,-55,74,-121,38,-157,8,-271,-23,-35,256,26,17,-34,-39,-45,145,-20,35,-86,-18,-46,20,-12,80,52,62,0,-4,60,89,-5,-7,38,302,-29,171,115,269,-20,79,-70,106,-39,104,18,57,-18,74,40,-11,59,63,-2,98,73,32,-27,110,-16,103,23,122,-10,-28,-62,179,-162,-8,23,163,144,77,149,-16,50,213,-48,96,21,108,-33,113,-73,134,25,31,31,4,65,107,37,162,-1,100,35,56,-56,69,-25,30,-116,197,71,13,-15,-44,-93,11,-88,1192,232,231,766,-3218,2618,-6,18,-10,-5,-10,8,3,25,-25,-2,-19,126,40,131,-4,3,-66,35,-181,140,-9,67,-201,226,-62,4,-63,-7,-77,-34,-15,-9,-50,-43,-66,-72,-3,-3,-21,-23,-3,-28,-5,-43,-3,-23,44,-118,22,-58,4,-12,206,-226,-15,-149,-33,-78,26,-18,-63,-52,-26,18,-180,-125,-179,-23,-175,90,-248,244,-107,8,-5,-27,-62,7,3,97,-48,27,-54,-8,-14,49,-37,-7,-14,72,-208,-5,-134,-49,-53,85,-141,-36,-126,52,35,295,244,60,44,35,-11,83,-152,8,-83,-65,-137,-17,-58,132,-53,-17,11,-53,-54,-16,-22,-70,-174,-11,-182,-79,-61,163,65,40,17,46,139,63,262,-48,58,23,42,93,-33,274,191,78,-57,160,10,166,-129,-42,-24,-90,-44,12,-176,-90,-80,69,-32,88,-40,-11,-18,70,-111,18,-38,70,-48,17,-47,202,-41,6,-12,41,-188,-63,-15,36,-53,29,-132,9,-6,-78,-82,-41,-29,10,6,34,-29,33,-129,-24,25,49,38,15,23,70,-56,21,-9,39,-109,16,-8,111,-62,157,-132,-16,-13,17,-63,139,-51,35,1,36,79,30,-53,78,-10,125,-72,-4,-25,20,0,2,-1,1,-9,140,194,107,35,62,46,-119,167,46,54,-19,19,50,126,17,22,20,-24,145,-35,16,-5,24,-22,22,-51,-12,-48,-23,-123,-15,-38,-84,-114,-38,-64,63,8,87,-22,61,17,97,-83,36,-20,91,19,120,-20,5,-22,-5,-56,29,-46,15,-197,116,-110,30,-23,0,-15,0,-128,-56,-409,-311,44,-161,-123,-193,-15,-24,32,-16,-7,-19,-58,3,-108,17,-198,91,-124,27,-97,-13,-174,129,-156,79,-29,-20,-1,37,-74,57,-34,14,-7,-21,-13,29,-73,16,-286,-1,-198,-70,-49,-40,-5,-34,-22,28,-64,-50,-192,-235,-124,-261,18,-130,-81,-57,-5,-133,-76,-209,44,12,-42,-23,-34,-73,-88,-508,-44,-119,23,-118,-42,-167,27,-53,-65,-68,35,-42,-83,-157,5,-114,54,-1,-70,-14],[726346,215930,23,20,48,-178,26,2,-29,-5,-53,160,-15,1]],[[725825,216156,91,-20,86,56,73,178,-165,-44,-85,-170]]]
1269937	r	75.4714,31.1327,76.7804,32.1511	[[[754714,316539,29,-37,1,0,16,14,84,-14,10,0,3,-2,5,-1,118,-77,102,11,55,-42,63,13,48,-76,68,8,-27,33,38,118,102,-11,80,-137,46,15,15,46,153,-46,-51,-246,41,-11,-13,69,35,9,26,-109,175,-20,5,-10,37,61,61,16,16,-6,16,2,176,-72,35,12,41,73,68,-19,0,78,109,-71,2,-38,109,-21,77,31,26,-22,4,-96,97,-43,1,-178,73,-43,-5,-33,69,-125,83,16,21,-139,-64,-25,33,-103,100,2,45,-94,60,21,39,-61,62,12,1,-124,49,-23,-38,-31,17,-44,24,5,50,-45,5,-39,89,-19,65,-94,51,14,50,-49,91,-6,36,-93,37,5,17,-30,-41,-23,33,-56,30,-32,97,51,62,-186,38,3,61,-45,10,-50,-43,-53,82,-161,-149,-57,6,-63,-26,-39,-225,-65,52,-134,153,52,29,-43,42,7,36,-98,42,13,53,-49,118,53,-39,75,66,30,25,-32,109,32,72,-229,23,21,195,29,40,-76,84,-27,0,-40,79,7,69,37,-12,-83,-197,-26,-46,-57,-1,-60,-30,-4,-1,54,-62,-26,4,-30,-50,-38,7,-72,-139,-154,13,-35,14,-28,82,13,4,-85,111,23,19,59,42,6,3,-3,2,0,52,-59,18,-75,16,-5,7,-2,89,39,101,-15,51,58,25,-39,-22,-16,88,-35,-1,-31,60,-40,32,58,83,-4,24,-60,100,-65,16,-53,-22,-27,125,44,41,-54,207,87,119,-168,43,2,179,147,37,-85,-27,-8,16,-72,268,-163,-98,-77,46,-53,22,30,137,25,-15,62,18,9,120,23,89,-39,21,-98,-33,-116,31,-55,29,-2,31,-56,-11,-46,59,-75,64,-19,8,-45,106,-64,127,26,75,-225,70,53,115,5,1,-75,1,0,0,-43,98,-12,45,-54,106,15,68,-30,220,44,-39,126,-49,64,67,29,-20,81,-88,91,-17,80,138,71,32,-59,93,25,28,-30,102,9,38,10,78,96,-93,104,-19,-60,-83,-22,36,146,45,39,26,78,34,5,-15,190,52,7,127,-86,202,-13,42,-66,134,-82,234,-62,136,145,103,23,58,48,15,56,-96,41,16,43,-112,101,-19,66,-76,19,-128,93,-9,91,27,42,-43,34,-92,-36,-33,43,-48,2,-15,41,31,60,-28,20,-127,-65,-7,22,-30,-5,4233,3998,866,2151,-255,410,-338,466,-371,445,-405,423,-437,400,-238,192,-3900,-1206,-2761,-853,-27,65,-146,111,-349,124,-92,89,-319,49,-360,162,-277,303,-102,50,-189,-69,-126,75,-45,46,-14,74,-103,78,-168,23,-50,92,-170,68,-92,-47,-125,-23,-44,30,-263,-82,-42,31,-56,1,18,155,-36,-46,-92,-33,-94,-108,-59,-220,-49,-73,-83,-55,-196,-17,67,-55,54,-173,102,-82,-65,-124,-72,-45,30,-26,-36,-34,-13,-93,-40,3,-37,-73,-29,-189,60,5,30,-160,82,-162,85,-104,27,-115,57,4,40,-135,4,-199,-50,-6,-21,-32,-146,-23,36,-88,-3,-139,113,15,23,-130,39,-3,0,-94,-10,-32,0,-7,-2,0,-2,-6,-80,-9,47,-46,-48,-126,-67,-56,-158,13,-71,44,113,-173,-22,-1,-12,-143,53,-1,-79,-138,-76,-58,-138,-181,-192,-148,-35,-176,-67,-33,-37,-54,39,-21,-128,-157]]]
1268907	r	76.032,29.0295,76.6272,29.5562	[[[760320,293522,2209,-3050,636,-177,1171,662,577,1085,-7,25,-20,40,-34,32,-72,83,-13,64,0,69,-22,25,67,27,22,19,24,-20,26,-10,18,-6,32,-1,138,-49,1200,2258,-70,570,-2419,394,-3463,-2040]]]
1265683	r	79.0693,10.798,79.5795,11.2435	[[[790693,111248,2560,-3268,1555,279,987,1128,-1820,3048,-2556,-238,-76,-70,-162,-171,-150,-180,-137,-190,-125,-199,-76,-139]]]
6992326	p	1274746
1271912	r	80.2827,25.3831,81.3313,26.318	[[[802827,259710,724,-670,153,65,360,31,221,-50,149,-8,389,-97,172,-138,83,-36,201,-3,197,-50,50,-46,19,-54,9,-27,-4,-6,-56,-113,-79,-88,-92,-48,-19,-10,-102,-16,-104,-3,-45,-1,-16,-1,-49,9,-113,20,-18,-3,-150,-28,-50,-76,40,-136,3,-8,33,-26,371,-292,3,-3,1,0,130,-66,3,-1,52,-6,73,46,260,65,1,0,125,-32,31,-109,-15,-126,-219,-230,1,-5,13,-46,89,-81,20,-18,30,-6,314,-69,13,-3,2,0,91,12,30,-5,18,-3,86,-13,135,-45,125,9,268,-106,-164,-157,60,-175,-13,-63,-60,-20,-196,44,-66,-49,-5,-77,-2,-4,2839,-2628,121,18,391,82,384,106,376,128,366,150,354,171,342,192,326,212,311,231,270,229,895,1667,-444,540,-4628,5623,-1994,-893,-3420,-2577]]]
1254241	r	75.1121,25.6803,76.3162,26.5644	[[[751121,262881,4,-109,43,-59,8,-153,13,-14,213,-95,16,-177,113,-60,53,-317,26,-21,-32,-39,20,-39,120,-81,112,-25,-17,-53,59,-41,-54,-428,57,-63,205,-36,91,7,59,-94,92,-73,72,-16,43,-52,-11,-47,8,6,124,92,24,80,38,20,5,68,65,75,38,209,135,54,40,52,86,22,73,-11,227,-80,50,-69,24,5,-62,-135,-3,-123,-74,-95,-71,-20,-98,-124,-15,-148,18,-44,83,-18,32,-39,114,-14,1,-51,49,-23,92,-113,-20,-14,31,-21,17,-101,62,-37,-13,-81,-47,-93,-163,4,-55,-49,-78,-8,-125,-89,-57,-101,36,-6,8,-61,54,-68,-79,-196,-127,40,-19,-25,-149,41,-3,-28,-46,5,-113,-90,-37,11,-33,-23,-36,-380,115,-107,100,-40,-16,-307,38,-7,63,50,73,16,162,-67,82,54,94,-40,65,-118,111,-93,155,-11,20,-19,-79,-32,-63,-77,13,-187,-193,-352,145,-77,68,33,146,-39,166,15,92,-82,58,-20,72,140,-24,23,12,23,81,62,5,3,158,-85,110,-189,5,-9,45,-17,36,29,28,-11,228,-256,131,101,-7,63,124,-43,84,43,136,24,26,77,62,23,42,-45,-4,-48,87,-239,244,-177,124,19,89,103,187,13,-75,-66,4,-94,57,-83,127,-15,107,-61,69,26,132,174,-88,56,28,62,1,1,2,4,103,51,111,166,27,151,137,17,241,103,96,-77,84,64,114,22,94,-17,31,-39,86,-25,114,31,55,141,-25,132,-31,11,80,115,61,15,-12,217,46,34,42,-3,10,37,38,-11,82,-54,40,-71,-16,-104,55,-29,101,56,26,-8,55,54,0,30,-3,58,-51,32,-12,77,40,146,51,-4,22,102,266,30,36,43,10,75,116,63,73,-4,47,-128,98,-38,34,-58,63,-38,-35,-77,-23,18,-53,-88,-14,-138,63,-19,49,24,117,-34,45,54,95,-8,74,47,65,153,-30,109,12,184,131,30,39,-26,51,18,21,-42,53,8,8,-40,40,39,31,-2,12,-25,26,53,50,-12,49,39,269,51,34,-40,-3,-102,246,-51,60,42,33,-46,76,26,22,-61,-34,-13,-30,-116,9,-31,24,2,17,-71,-83,-214,154,-80,114,-12,130,60,206,-48,18,-182,93,-35,217,14,128,-137,-17,-79,100,-60,7,127,-32,73,25,82,33,23,29,145,-35,64,15,39,110,19,44,52,101,149,-9,76,40,-3,161,-41,69,-100,13,-172,74,-67,42,5,73,-42,8,-50,88,-23,105,47,38,86,68,-8,86,-70,57,-72,-4,-56,55,-40,66,105,-6,70,76,47,66,-2,74,86,34,56,-82,69,-22,1,-16,-13,-67,18,-75,-48,-21,115,-77,44,-103,-173,-80,21,-85,65,-32,71,-69,24,-23,94,-115,35,-158,110,-33,-1,5,227,31,33,-64,130,13,158,277,-17,44,45,15,128,-65,24,103,334,-35,67,17,69,-95,21,43,130,13,259,-146,65,-27,-129,-62,-40,-301,-9,-6,45,-54,5,-34,-170,-55,-120,-215,37,-128,-176,-21,-84,-61,14,18,78,-131,30,10,56,-82,47,14,26,-23,32,-137,74,-58,21,-86,-149,-191,50,-38,36,26,-7,9,28,24,-21,-1,23,22,0,11,33,-39,1,3,19,-23,-16,3,31,47,-3,-22,34,41,-5,-25,26,33,15,-14,20,117,55,-6,50,34,4,-27,38,62,18,3,30,28,8,-41,27,41,7,-5,78,117,-21,-7,22,35,30,36,2,-22,127,-180,-23,-40,27,1,63,-40,10,26,221,63,110,-2,26,-98,38,23,98,-172,130,-45,-43,-45,-133,-151,15,-91,-58,-120,-5,-243,80,61,392,-61,47,81,16,-36,95,59,141,-30,61,-115,44,-88,-8,-10,25,23,111,12,25,39,-4,29,103,199,-11,179,30,-22,296,206,-31,122,-57,80,14,204,-54,149,7,26,67,107,17,49,50,-32,46,-59,13,-6,164,112,37,-23,45,42,6,-12,50,65,6,36,53,56,1,24,119,49,29,-19,44,-85,40,57,28,-8,47,-105,76,-43,1,16,47,-25,6,-1,55,37,41,89,4,47,102,-27,37,-96,44,6,71,125,257,92,107,-34,69,54,215,-6,27,-135,37,-73,136,46,-2,49,102,97,-29,169,164,77,27,-100,108,-152,75,-20,90,31,53,-83,73,-114,60,-104,-40,-74,70,-137,35,-41,-79,-75,-19,-56,-64,-126,51,-5,-11,-277,184,-2388,0,2,3,-71,54,-12,-36,-52,14,-52,-35,-3802,0,-282,-548,-102,-15,-170,87,-13,57,-46,27,13,133,-102,30,36,121,-44,31,13,95,-38,36,-26,110,-156,-23,-123,14,-94,-36,-36,18,6,49,-38,8,-144,-101,-5,-53,-95,6,-87,-47,-11,-140,-156,-65,-87,-9,-62,-40,-173,-18,-10,-88,-52,-49,-12,-47,41,-178,-97,55,-67,-23,-113,-154,0,-60,-28,-4,54,-183,-45,-53,-21,-144,-31,-36,34,-25,-4,-7,3,-3,-5,-2,-10,-16,-60,-10,-37,-14,-222,-29,-35,-18,-32,-68,1,-81,71,-161,77,-27,4,-25,-17,-73,-73,-8,-89,-98,43,-293,54,-88,-62,-217,-166,-69]]]
1253952	r	74.5827,13.0714,75.2641,13.9822	[[[745827,139258,48,-83,142,-444,54,-45,99,-377,-18,6,79,-573,162,-558,62,-372,59,-162,97,-87,32,-77,21,-142,-29,-11,29,8,-21,-34,48,-93,27,-146,-4,-29,66,-548,-9,-223,82,-220,47,-409,37,-152,15,-337,-15,3,-29,238,-99,291,25,-254,41,-325,71,-172,-51,-115,66,-156,15,-23,4,-97,-19,-58,-47,16,32,-26,-41,17,147,-107,47,-66,58,-154,82,-399,196,-810,53,-245,41,-104,30,-23,66,-286,4,-91,16,4,96,-419,-15,-46,35,-29,35,10,-23,76,35,93,-33,134,50,12,16,-36,77,-38,67,110,-22,41,-11,-21,-27,14,-4,61,145,-11,30,-27,50,91,81,14,34,59,154,-23,48,22,34,-32,132,6,6,-45,43,-6,24,-38,49,-123,-9,-64,40,-40,265,117,72,11,-28,38,35,6,6,83,-50,31,24,90,55,36,39,65,133,67,23,-54,44,13,27,-23,-16,-53,29,-17,-38,-30,81,-104,50,-19,8,22,57,-4,12,40,26,-14,113,40,105,187,88,92,87,-50,123,-215,91,79,76,2,47,27,219,-101,127,50,-7,67,59,46,72,-19,-27,159,60,-5,24,33,27,-21,55,24,24,-20,-28,-70,66,18,-28,-36,28,-30,92,-3,-22,-33,100,-113,-56,-50,134,7,2,26,77,-7,11,-20,72,-5,1,-51,52,-15,88,82,31,-9,58,42,32,86,57,24,37,108,118,56,137,137,-160,58,-91,119,-37,17,-4,51,-30,22,-69,-12,-7,49,28,39,-3,10,725,165,170,115,61,2689,-419,504,-2,-3,-61,-17,39,-27,-15,-32,21,-25,40,-9,-37,-154,53,-53,-63,-43,-109,11,-47,-65,47,10,23,-22,-54,-17,-30,-63,-143,-2,-70,-33,-52,-64,-65,88,-101,-146,-80,-59,-50,-94,-103,-56,44,-111,-140,8,-109,-53,-46,39,19,59,-108,223,-55,-25,-92,80,-77,-19,-24,41,21,80,-28,97,-85,92,-41,4,-25,-59,-8,4,-8,6,26,97,-137,86,6,167,-42,29,-29,-8,-3,54,-75,76,35,0,0,2,1,0,-11,31,39,25,39,113,106,17,35,32,30,131,-116,119,-122,-2,-47,54,-39,8,-35,60,-77,5,-73,61,26,76,-51,30,-10,82,30,20,-26,51,43,59,92,-47,47,47,4,40,-106,73,-67,-9,-8,22,22,117,-30,1,117,37,-1,46,-48,6,-76,88,-34,-5,-11,39,-28,-14,-120,29,-2,59,51,32,13,48,24,173,-160,20,-58,62,-201,54,-63,-14,-14,32,-90,38,-24,78,-73,-29,35,93,-21,44,39,57,-89,81,-8,164,-72,105,-39,302,-56,68,-282,72,-24,-69,-55,-34,-57,1,-74,117,-15,95,-163,190,-27,-5,-62,60,-114,49,-34,-22,-75,1,-80,44,-61,3,-31,-49,-37,77,-244,11,-8,17,-76,-70,-132,58,-78,-7,-112,-69,-111,-21,21,112,-61,105,-110,10,-62,57,91,55,-9,116,-141,71,-14,73,-84,40,-96,132,-98,-76,-111,-171,73,-116,-44,-57,-96,-25,-36,33,8,26,-42,-6,-2,24,-68,-93,-32,-7,-15,57,-134,-4,-84,-90,-14,96,-56,-110,-74,-45]]]
1254757	p	1270668
1255969	r	80.3231,27.2633,80.8535,27.8392	[[[803231,277050,973,-2732,102,-88,-12,-46,-45,7,29,-82,42,-27,37,-61,98,14,57,-20,-40,-38,43,-21,-28,-122,55,-128,34,-39,77,29,26,-24,-20,-114,-61,51,-57,-18,-24,21,43,-54,3264,-925,337,1560,26,1,4,25,32,37,9,-1,26,-21,3,36,38,24,-5,21,-11,2,-6,-13,-6,1,-1,12,7,29,25,-7,4,15,-33,16,-22,-3,2,21,11,11,22,-17,8,24,13,11,-23,29,-22,7,16,13,12,-4,3,4,-10,43,14,8,10,-17,10,6,11,11,1,18,-7,15,-13,8,-7,-9,1,-18,-14,4,-9,20,5,8,-14,10,15,14,-3,42,35,8,3,4,-10,6,6,5,18,-6,-1,-14,17,-4,6,13,-10,15,7,20,15,-1,-3,-10,7,-7,15,6,1,32,-31,29,3,25,27,46,-3,16,-14,8,-16,-9,-22,7,1,44,22,11,-3,38,-9,24,-31,11,-21,55,9,25,38,-6,16,8,18,25,52,44,8,45,19,16,52,23,31,74,-47,29,-72,28,-27,28,-3,109,-6,17,-75,51,26,64,3,16,-7,18,-28,23,-70,33,-23,4,-86,-5,-21,8,-8,21,-37,12,-25,25,-6,59,-31,67,1,41,39,30,15,37,-59,75,-17,108,6,40,61,87,9,39,-13,62,-1,59,49,15,19,15,20,47,1,18,-81,12,-27,21,-89,-33,-35,-5,-15,7,-6,22,-22,22,-14,37,-38,35,-34,-34,-30,6,-28,19,21,41,36,36,36,27,28,6,11,31,-30,33,-67,30,-66,46,-51,18,-23,18,-3,25,11,24,29,10,4,47,34,40,4,38,40,58,20,46,43,44,-17,114,13,33,77,31,31,-3,72,-53,11,3,8,109,-31,23,-107,52,-7,18,72,127,-5,110,15,49,-12,29,-47,59,-66,4,-56,26,-19,22,10,36,29,44,-69,52,-26,12,-24,-53,5,-11,-27,-36,-129,64,-14,-8,-47,-56,28,-55,-8,-47,-103,59,-66,11,-16,33,-59,32,-30,31,-66,13,-60,24,-36,24,-19,4,-22,14,-23,35,-45,-6,-18,11,-20,-14,1,18,-5,0,-31,-15,-2,-17,-20,2,-17,-11,-21,17,-21,-3,-6,8,-19,-4,-10,26,4,15,-14,2,11,29,-18,11,-25,-3,7,-18,-13,-17,-24,-2,-1,-9,9,-5,-39,-74,-16,4,-45,-12,-3,8,-13,1,-7,7,-12,23,1,33,-17,7,-2,14,19,18,-10,22,-13,7,8,24,-14,6,-3,18,-36,5,-1,12,-11,2,-10,15,-42,-41,-22,-33,17,-15,-24,-27,-39,-118,-25,-55,0,-30,12,-35,-75,-84,-18,-58,-66,-84,0,-3,-918,204,-1952,-684,-35,-279]]]
1279064	p	1264527
1276321	n	75.528,13.7012,75.8788,14.0678	[[[755280,137391,49,-84,80,-27,249,128,15,123,41,23,276,55,118,0,-18,-149,189,-128,-106,-103,48,-91,4,-81,44,-34,46,10,34,-21,130,79,33,96,197,12,38,33,-1,51,-65,25,-23,67,-99,86,72,46,10,73,51,61,52,-22,21,-108,100,-12,21,40,-66,74,52,54,224,-2,33,40,52,9,136,-24,174,119,155,6,23,85,-62,42,64,29,55,-2,50,-84,142,84,160,-25,176,242,101,-48,433,-37,-83,254,9,156,-57,87,-28,129,-76,0,45,139,-2,238,-305,613,18,150,-70,322,-160,73,-45,-1,-46,72,22,104,106,42,-26,15,-205,95,-214,75,-60,14,-2331,-3287]]]
7279741	n	72.7579,20.1831,73.1309,20.4816	[[[727579,201954,1,-2,100,-70,118,-51,1699,1328,-126,15,-51,46,57,201,88,103,198,-2,9,76,27,31,99,-35,-6,-40,68,8,-7,-66,41,-10,3,-15,1412,1103,-90,180,-861,62,-1462,-951,-52,48,-21,133,51,28,120,-11,26,112,-108,95,-198,-45,-107,33,-15,27,2,25,15,48,74,95,97,-51,144,66,-40,22,-15,26,1,46,10,45,-10,11,-17,3,-72,-6,-83,21,-22,-4,-77,11,-21,18,-16,35,-12,-8,-139,-95,-19,-23,-68,-81,-27,-72,-26,-83,2,-27,7,-162,11,-21,-23,-82,-4,-113,-63,-214,12,-37,58,-12,62,46,16,22,61,5,20,11,59,-6,49,-16,12,5,58,23,52,-36,12,-1,-122,-79,-971,-1686]]]
1262951	r	74.904,30.4864,75.4196,31.0895	[[[749040,307036,115,-210,32,-2,41,55,-8,-86,333,-15,24,-79,6,-133,-83,-116,62,-81,-30,-112,-48,-30,-17,-132,26,-86,62,-73,-83,-90,29,-36,-55,-91,59,-30,51,-71,70,-12,24,-91,129,-83,125,1,54,-70,13,-32,-70,-127,38,-94,-3,-143,17,-39,47,-64,43,50,159,-5,82,64,40,70,95,-1,10,-31,87,24,34,-19,36,23,34,-24,227,304,205,-107,168,32,62,-21,30,51,-4,103,-102,232,39,66,211,149,87,-57,111,24,68,-189,72,-84,37,-188,-19,-225,108,-19,35,35,62,-51,54,25,-14,38,63,31,92,-84,64,-4,57,42,55,-14,16,32,96,41,53,-15,67,47,209,-129,25,23,18,-9,69,22,-11,43,113,115,75,10,9,71,76,3,23,23,83,-49,-9,-73,38,1,8,-52,102,-61,22,21,86,-3,49,-36,68,64,12,-22,36,7,34,38,138,57,113,12,189,202,1,47,-108,53,5,31,-53,49,26,5,-14,82,39,85,-117,99,43,126,3,109,-59,37,-5,40,-77,20,-114,-32,-20,26,42,132,-50,13,-40,78,114,142,9,62,-56,97,-81,60,2,221,21,40,76,-21,54,37,26,56,-11,55,-72,3,-55,105,51,50,-21,98,30,16,59,141,118,438,-198,99,-88,133,0,99,80,167,80,27,157,118,-6,92,77,94,-16,43,-106,83,-8,55,-152,27,44,173,-72,20,-16,-29,-41,9,27,116,-60,-9,-5,119,-49,111,68,84,-115,126,-1,132,25,20,-21,15,-85,-43,-62,-83,-66,120,-69,31,-5,62,-59,-28,-120,23,-11,52,-138,4,-39,207,-95,64,-103,-54,-33,69,-110,-2,56,-49,-41,-78,-53,20,-142,-10,-70,59,-35,-7,-44,-23,8,-50,-93,27,-56,-28,-18,-38,-30,21,0,-81,-38,65,86,140,-31,139,-83,-7,-80,28,-134,-31,-31,78,1,26,92,143,-49,37,-53,-9,-7,26,-93,-5,-6,69,-94,-58,-74,20,4,10,-123,-130,-138,80,-38,-36,-43,9,-27,-38,-100,22,7,-53,83,-39,-43,-19,-39,-11,-55,61,-110,-26,-18,-33,27,-32,120,-35,-22,-116,-214,-2,-109,207,-103,-51,-44,-106,57,-91,148,-21,-1,-65,278,-87,78,-102,-70,-128,59,-50,-61,-58,69,-196,-92,33,-73,-168,-89,-10,9,-112,-86,-13,-189,-215,-102,-14,-43,-49,-61,-205,-143,-45,-117,9,-40,26,-40,-72,-311,21,-77,-15,-54,24,-6,-66,-90,-73,53,-205,-69,-182,51,-50,11,-56,-191,-239,29,-155,-161,-67,-6,-67,-38,-50,13,-67,-46,-58,7,-43,40,-25,4,-92,-35,-55,18,-126,-66,-204]]]
1258831	r	80.3657,20.3516,81.266,21.7555	[[[803657,207851,4461,-4335,4542,5257,-667,1608,-75,13,27,104,-91,219,-62,-3,-1,-22,-209,2,9,84,-39,-18,-15,129,-21,14,85,35,45,68,3,6,9,0,76,-5,-2,5,38,-6,132,-99,159,67,3,132,-112,29,27,66,-23,13,38,38,89,2,-3,177,23,51,45,2,-11,82,27,112,-19,50,-73,6,1,172,-110,59,27,255,-119,-17,-12,-31,-174,16,-118,-31,-19,-55,-66,17,20,151,116,23,24,61,-44,34,-48,-17,-65,15,33,108,116,9,21,131,-47,196,16,106,57,19,40,-12,35,35,20,211,83,27,9,124,56,-14,38,29,-3,33,-76,44,-6,173,-201,35,-13,-31,-128,0,-29,-46,-40,-18,-57,11,-5,-23,-171,24,-7,-52,-94,-19,-88,41,-17,147,-118,-93,-65,-4,-50,-49,-81,-11,-32,28,-1441,3475,-222,535,-1140,-1155,-2084,-4219,2,2,-104,-128,-103,-36,-166,-10,-131,37,-117,-114,-28,-104,-107,24,-256,-146,-147,39,-49,-248,-134,-275,93,-45,26,-39,-95,-16,-17,-72,-71,-86,25,-37,-12,-33,61,-62,30,-144,-25,-46,72,-116,-28,-88,10,-51,-27,-80,-96,-36,-27,-65,-133,-115,197,-154,23,-238,48,-123,-851,-1725]]]
1258109	n	78.0506,12.7621,78.4747,13.0935	[[[780506,129383,1,-5,33,-219,55,-215,76,-209,97,-201,116,-190,135,-178,120,-131,54,-16,58,-43,10,-55,77,-69,46,-33,44,-3,73,-27,27,-17,154,-69,48,44,32,14,99,-8,7,-25,54,16,67,-19,136,-73,20,10,72,2,97,-43,75,58,66,202,10,137,43,133,23,467,121,1,32,57,138,-82,302,-10,32,91,-19,87,173,-6,13,51,46,16,9,40,-35,29,-53,-46,-86,27,36,54,-6,92,29,25,48,-27,85,13,45,50,-22,39,46,22,27,149,46,12,-40,57,60,48,209,-228,4,-29,84,-35,41,-50,68,11,20,99,106,-78,31,-66,165,-13,13,26,37,-1,11,75,43,20,59,-18,17,-39,-27,-50,53,-50,-20,-60,102,-59,68,-88,-24,-63,29,-44,47,233,-28,153,-74,34,-71,91,-76,18,-65,95,-104,40,-57,-98,-35,-5,-34,106,-19,-1,-20,121,28,30,63,-6,12,68,-23,41,103,-12,73,48,-43,70,23,22,-23,64,30,32,321,-61,16,76,56,88,-33,35,-2064,985,-2144,-1551]]]
1253747	p	1267995
1275163	r	78.803,27.6221,79.4253,28.2037	[[[788030,279556,117,-36,67,-122,46,-14,62,-35,141,-64,1,-1,6,-3,19,-30,60,-82,74,-46,65,-26,188,63,227,-320,101,-89,-4,-85,-2,-41,-29,-29,15,-63,21,-2,-30,-31,118,2,38,-32,825,-1495,749,-636,1099,-118,1952,1173,297,1965,-914,1913,-128,20,-12,58,-140,21,-47,42,3,43,101,-25,37,91,45,31,-11,62,28,23,-31,16,61,79,-7,28,8,23,-28,28,-111,56,-77,-64,-50,6,-28,39,-25,-20,-26,-3,-82,21,-68,-55,-76,-1,-17,-47,-33,-6,-24,38,-6,-28,-15,-9,-6,12,7,39,-26,12,-8,27,-14,3,-13,-4,-28,12,1,7,8,0,16,13,-28,-4,-15,-10,-8,7,-47,-6,-16,34,1,14,15,13,-35,-20,-44,16,-9,16,-39,67,-7,4,-16,-4,-24,-13,-32,-1,-107,20,-28,16,-19,21,-66,-3,-27,3,-6,4,-24,0,-5,1,-49,2,-6,-1,-71,-111,-1,-4,7,-7,-45,-50,-79,33,-1,1,-55,23,-13,-8,-16,21,-26,11,-9,-4,-29,20,-14,-10,-3,0,-82,-49,-2,2,-7,-3,-34,28,0,15,-1,2,-342,-106,-202,-103,-88,-76,-1245,188,-132,-1458,49,-23,23,11,4,-21,78,-49,2,-31,-34,-40,-53,-27,-4,-1,-20,-5,-23,-17,-2,-24,13,-24,-13,-29,-52,-25,-118,82,-119,-60,-18,-3,-192,54,-88,-13,-77,-40,-20,-34,19,-33,-12,-15,-42,-19,-109,6,-132,71,-48,-35,2,-26,19,-38,-13,-40,-64,-58,-28,-4,-16,12,-41,8,-21,-62,-69,-41,-22,-59,-43,-77,-31,-35,-41,-71]]]
1264543	p	1275004
1274033	r	78.9147,13.0533,79.3673,13.5871	[[[789147,135190,130,-3950,505,-387,40,10,131,3,51,-19,36,-1,-2,-15,44,-25,14,-37,26,2,1,-9,33,7,13,-7,-7,-11,3,-5,22,5,46,-12,10,-9,2,-12,44,7,7,-16,16,11,34,-22,23,5,-7,-45,3,-5,-4,-43,-86,-9,-31,-32,212,19,8,-3,95,-20,28,-17,45,-15,16,44,23,30,1543,139,444,316,-20,54,-186,269,86,73,-5,147,70,-9,18,-107,54,7,23,41,77,26,31,-37,-2,-79,21,-21,8,-205,11,-26,829,591,-343,1328,-631,1072,-2609,1685,-114,-26,-248,-73,-242,-90,-199,-88,-140,-404]]]
1269280	p	1278314
7284820	n	89.1872,26.6339,89.6118,26.8543	[[[891873,268108,805,-1629,159,-68,223,-72,58,12,87,39,244,-1,48,44,-1,22,-24,53,39,24,7,29,-3,49,-26,68,-19,24,-55,20,6,11,43,23,13,0,19,-11,10,-18,46,-35,83,-48,26,4,45,20,-7,-57,7,-40,103,-34,48,-31,52,-50,441,145,-3,19,76,5,587,193,9,36,30,30,-69,214,-133,10,-58,479,-14,30,-405,112,-3,11,11,61,95,46,90,78,3,37,21,25,-158,-17,-356,164,-384,240,-272,169,-415,-99,-138,6,-128,-11,-106,-76,-104,-95,-118,-70,-280,-68,-255,-22]],[[894661,267995,18,-91,15,-15,121,-49,28,-26,20,-100,62,-23,34,-57,74,-68,137,-5,27,-11,49,-87,41,-113,35,-37,45,-25,54,-10,266,-22,32,-34,71,-19,-9,-81,1,-11,111,133,127,190,98,187,-4,39,-253,181,-396,134,-411,62,-393,-42]]]
1276720	n	74.9426,31.6289,75.4639,32.0329	[[[749426,318603,84,-44,64,6,46,-25,24,-106,-24,-27,72,-94,144,50,91,-54,78,17,124,-122,152,24,-62,-51,72,-51,24,20,39,-38,1,-50,44,-33,211,71,19,-27,96,-7,13,-1,61,-48,26,-92,91,-11,109,-87,1,0,88,-10,1,-1,7,-7,14,-15,-56,-60,-12,-76,-71,-13,49,-91,120,-20,72,36,21,-25,115,-23,66,71,106,-116,108,-16,85,33,104,-99,23,33,29,-10,11,-15,-48,-33,20,-26,94,1,59,-35,-19,-61,26,-21,-37,-45,-64,-2,2,-67,194,-56,17,-43,-21,-53,144,-41,3,-76,77,29,50,-38,23,36,-14,29,55,-10,9,31,98,20,40,-18,107,49,44,-11,28,25,57,1,18,-55,-25,-111,51,-8,31,24,28,-36,22,13,35,-63,57,6,66,-81,-37,-58,-98,-59,22,-30,75,-27,177,-145,115,58,27,-56,36,12,126,-79,101,63,192,149,174,165,154,178,134,190,111,201,87,209,63,215,38,219,8,136,-3067,2315,-87,-11,-251,-54,-244,-75,-235,-95,-222,-114,-209,-132,-192,-149,-174,-165,-154,-178,-134,-190,-111,-201,-87,-209,-45,-153]]]
1261039	r	79.0331,25.7327,79.9971,26.4339	[[[790331,263196,1421,-1674,7,89,33,26,72,-3,-15,157,76,0,96,22,42,26,32,9,56,-41,94,-32,42,-27,10,-44,35,-41,90,-35,-39,-70,-29,-97,39,-73,0,-35,-10,-25,-35,-2,-52,12,-36,-32,-20,-61,103,-57,-6,-152,-12,-49,-23,-46,29,-34,8,-57,202,-126,8,-61,-6,-44,63,-26,38,-43,-2,-42,-40,-142,-3,-40,70,-54,51,-57,229,-68,72,-17,-8,-18,-38,-24,-53,-20,-231,3,-57,-12,-58,-33,-9,-13,48,-16,18,-23,0,-38,-32,-82,-79,-139,-136,17,10,-88,-17,-61,-63,-337,-35,-70,-35,-29,-57,-6,-113,10,-18,-70,0,-53,45,-60,6,-43,35,-21,73,-28,18,-17,-2,-106,-66,-106,-21,-47,-5,-33,16,-68,78,-131,-28,-92,7,-55,25,-53,37,-43,104,-86,11,16,27,10,25,-3,23,-11,127,-119,25,-16,40,4,35,26,83,175,102,59,55,18,-9,-235,-27,-29,19,-60,4,-3,-21,-544,877,228,2,11,-3,19,-23,41,-38,24,-113,7,-11,6,-7,16,4,35,81,32,47,9,72,-4,107,-26,44,26,81,110,3,20,-24,38,56,3,46,-14,36,-60,-3,-92,73,-32,51,-44,5648,1471,19,103,35,322,12,324,-12,324,-35,322,-44,241,-580,964,-3083,342,-1494,689,37,68,69,54,-78,44,25,55,44,46,21,84,52,54,57,13,100,3,42,15,60,42,79,80,20,94,-87,18,-113,85,7,105,-40,67,-77,104,-37,100,-5,196,0,1,-9,21,-25,58,-2,6,-68,74,-17,13,-25,20,-12,10,-66,22,-9,3,-68,1,-36,1,-21,-4,-176,-33,-153,-28,0,-1,-1,-62,28,-11,-6,-19,-86,-17,-7,-97,38,-45,41,-17,9,-21,-21,-28,-13,-2,-15,3,-45,37,-40,12,-63,6,3,-89,-38,-75,-39,-1,-31,14,-110,-150,22,-70,-24,-73,-81,-123,-7,-25,13,-38,-10,-14,-43,-43,-51,-17,-23,-14,-2256,1040,-1025,-1138]]]
1257804	r	86.2733,25.5781,87.1583,26.2276	[[[862733,257313,639,-567,1393,-314,8,-36,65,-6,20,-87,65,-56,17,-54,123,14,44,-99,195,-42,45,22,65,-38,9,60,41,0,38,-57,88,81,64,-124,40,-6,59,47,144,-70,-58,-50,16,-27,52,71,45,-21,26,34,-83,109,35,24,-19,15,25,32,1717,-387,76,14,0,2,173,-5,246,8,245,21,243,37,240,50,236,65,230,79,224,92,218,105,209,118,200,129,70,53,11,120,22,25,90,10,96,160,0,86,-94,140,-17,66,-46,9,-24,-21,-110,86,-25,115,-59,21,-26,76,11,152,45,119,-5,88,73,136,-21,61,39,75,-34,59,-1,65,40,30,62,-33,43,13,-2,63,42,48,50,156,-15,32,6,-41,-28,22,-80,192,-74,46,84,41,-8,142,-107,103,-36,-60,-53,18,-1,26,-39,-25,-87,148,15,83,-104,255,70,-8,52,24,13,-22,122,-2,7,25,51,1,1,42,46,49,82,3,27,-65,39,9,63,-12,18,-28,69,1,71,161,103,-38,98,18,53,39,193,5,70,-16,1,-63,53,-10,16,18,19,-35,60,-18,-20,-38,29,37,72,18,26,-46,5,20,18,-9,2,-32,19,17,94,-6,47,198,-2356,2583,-2514,-2297,-519,-20,50,77,199,72,31,97,-6,0,-122,25,-114,-37,-37,19,-28,-35,-34,-13,-30,26,-137,5,-51,26,-11,-8,-99,2,-79,18,-17,17,-43,20,-77,1,-2,-24,-9,-7,-19,-53,3,-2,-9,-13,0,-2,2,-26,-19,-21,-9,-23,-43,-12,-32,-19,-61,0,-10,-69,-33,-42,-4,-7,-2,0,-9,-11,-2,-18,-24,-12,-18,25,1,3,-11,19,-63,-10,-1,-2,-2,1,-14,-2,4,42,-20,36,-16,17,-9,29,-32,6,-25,14,-1,12,-76,41,-8,53,-34,8,5,72,110,98,20,4,2,6,20,-2,-2,31,20,19,26,71,-8,11,5,17,-2,25,-25,7,-9,-2,-27,12,-15,-9,-1,0,-101,-61,-78,24,-5,-8,-26,5,-5,-29,-28,-1,-21,-8,-19,5,-5,0,-11,5,-5,1,-8,4,-60,25,-24,4,-32,20,-2,40,4,2,0,2,61,36,-87,85,-30,-22,-31,-10,-178,6,11,37,-33,30,-7,-29,-23,15,-42,-25,53,-72,-47,-16,18,-13,-60,-7,28,-71,-27,-19,-13,29,-9,-27,-23,26,-30,-13,-32,-33,0,-40,-26,19,-4,-42,-38,-24,19,-18,-44,-43,-142,15,-62,-36,7,-40,-59,-26,40,12,21,-39,-77,-57,9,-14,45,24,-7,-61,-29,7,-19,-30,54,-23,27,-55,-26,-20,58,7,-12,-55,63,-49,-81,4,31,-42,-76,-2,-282,-649,-2,0,-10,-27,-27,-61,-51,-40,15,-43,-15,-35,-117,-8,-1,-123,-54,-37,8,-49,-60,17,-5,-99,-103,-50,-9,-38,31,-11,-18,-47,34,32,13,-30,42,-4,-2,-24,47,26,0,-1,-547,-1257]]]
1253200	r	77.5198,23.2621,78.1002,23.7632	[[[775198,235300,6,-175,19,-173,1510,-1920,566,-306,50,-14,185,-39,187,-29,189,-17,190,-6,190,6,189,17,187,29,185,39,182,51,178,62,173,72,167,83,161,93,155,102,146,111,139,120,130,128,120,135,111,143,100,149,90,154,78,160,67,164,55,168,43,170,31,173,19,175,6,175,-6,175,-19,175,-31,173,-43,170,-55,167,-4174,1472,-25,-12,-161,-93,-155,-102,-146,-111,-139,-120,-130,-128,-120,-135,-111,-143,-100,-149,-90,-154,-78,-160,-67,-164,-55,-168,-43,-170,-31,-173,-19,-175,-6,-175]]]
1270407	r	73.831,28.7765,75.5277,29.9551	[[[738310,296555,4,-124,64,-31,50,-94,93,-3,2,-47,53,-1,29,-180,-68,6,-8,-76,-50,-25,1,-86,50,-1,2,25,31,-11,81,55,0,-72,183,-1,-1,45,60,27,30,48,128,-32,24,57,29,2,3,61,242,-166,7,130,54,3,-25,72,106,-24,0,-47,-30,2,-5,-198,176,-3,-5,-29,-25,1,2,-66,30,-1,1,-91,-76,0,-1,23,-51,-20,-189,3,1,21,-105,2,-1,-29,-50,5,5,-81,53,-1,0,-26,143,40,248,-49,-49,-40,-6,-127,-74,1,-55,-122,103,0,-1,-93,55,-2,-1,-22,-128,-20,-1,-35,69,0,1,-43,50,-3,0,-21,72,-1,-6,-116,33,-1,0,-41,28,0,-4,-29,-49,4,-1,-104,-77,22,-3,65,-51,-4,-1,-186,25,-2,2,-71,-98,0,1,-71,-157,50,-2,-22,-55,0,-1,-48,-366,2,9,-279,69,-1,0,-39,129,-26,7,-95,-48,-49,1,-270,75,1,0,-39,287,-3,166,192,174,-31,114,140,0,-94,26,0,-2,-60,31,-1,-2,-60,36,-1,2,-94,70,-61,36,-280,118,-8,34,-38,-1,-133,-30,-67,16,-208,32,-42,31,-19,85,51,124,-1,97,-121,60,1,11,-35,64,-40,234,-99,37,28,10,64,61,37,-10,154,69,88,56,17,114,-13,18,-43,129,41,18,64,106,0,14,70,36,27,18,13,56,-5,20,22,-1,113,245,74,30,0,10,-26,80,-4,0,22,27,1,1,91,102,-2,0,-46,135,-1,4,-89,94,-3,21,-205,61,-68,-107,30,-23,-49,-192,-3,-5,-32,-256,-154,7,-94,11,-4,87,-33,1,-65,36,-10,63,-132,83,-31,-47,-97,-206,-65,8,-28,172,-83,-23,-62,24,-31,-15,-91,-31,-55,-68,-32,70,-147,-27,-99,10,-105,-45,-33,-229,-34,-88,-54,-90,-177,28,-111,-100,-93,-99,-155,-68,-41,-6,-153,-53,-35,-159,12,-35,-33,3,-64,-68,-44,-25,-71,-64,-13,-48,-74,-101,-81,-384,-176,4,-129,129,13,127,-292,29,5,58,-67,-41,-63,-28,2,0,-77,-43,-70,24,-67,81,40,12,-48,65,-29,131,69,188,7,-32,-77,13,-49,-49,-23,83,-128,-48,-99,20,-16,-11,-49,89,30,23,-22,-4,-92,78,-54,6,-49,-6,-49,-44,-27,13,-38,-54,-21,16,-51,-33,-28,23,-37,-49,-51,13,-48,65,-2,7,-22,-146,-64,-34,-1,-27,33,-105,-89,-33,0,-22,-69,-71,-45,-7,-61,-100,-68,-16,-112,-120,-67,-15,-81,50,0,88,57,175,56,25,-4,19,-49,137,39,74,60,216,41,29,-6,73,-112,111,-30,51,-53,40,11,60,83,-12,84,42,9,94,82,103,51,110,8,60,-21,147,51,66,-53,119,51,45,-38,26,-91,33,13,86,-48,61,7,199,117,-9,19,68,48,71,17,38,61,136,49,-2,37,286,121,33,57,105,42,13,53,54,25,-15,31,92,42,42,69,173,27,37,42,170,26,126,-377,39,-51,25,-131,181,-2,97,-113,121,-24,58,42,373,65,152,-35,33,16,25,-70,8,23,401,103,75,-55,2,-52,49,-15,7,-56,72,-16,300,29,19,235,494,13,75,-43,86,80,175,46,26,46,289,33,53,-127,-9,-113,88,-60,103,-2,176,68,77,-1,0,131,28,26,-39,116,-56,6,-52,107,-91,34,-3,21,-82,-1,0,124,-25,44,67,48,5,29,53,16,-7,66,41,22,16,66,5,18,65,14,121,102,146,43,244,14,176,71,1,18,121,-27,53,19,147,-55,97,14,-38,-66,23,-47,150,-128,32,-99,-22,-84,67,-7,0,-23,199,5,43,128,489,27,25,76,36,18,9,118,63,6,62,41,199,31,42,-39,-20,-33,34,-4,9,-29,-2,-30,-26,-6,37,-104,-23,-67,41,-118,-60,-29,-8,-36,-91,-83,-12,-298,79,-18,65,15,39,37,410,113,101,78,256,35,54,-5,-4,-27,45,-15,164,12,41,-79,45,-9,-31,-33,25,-66,103,-27,10,-75,50,6,26,84,164,146,62,-1,1,-65,246,-33,-24,71,50,21,54,-14,42,69,51,29,19,64,56,22,16,58,-82,126,-7,72,29,157,-27,13,37,42,84,32,-18,-72,93,21,-5,-23,29,-5,167,38,13,-34,-24,-24,126,-28,-5,-45,39,6,8,35,-34,3,25,47,16,-42,32,45,17,232,79,12,-26,89,-110,29,-29,68,34,133,79,-7,134,33,49,-29,124,-8,191,-115,9,-36,37,4,-2,-205,-222,-71,-45,-179,29,-68,94,29,34,-45,78,-11,208,28,15,73,43,21,-23,138,213,28,-12,161,42,130,178,110,21,150,49,39,47,-11,-7,-54,33,1,-8,-31,76,10,30,-50,74,-22,-36,-133,51,2,-20,-18,14,-131,7,-5,151,-123,-3,1,9,-7,18,-92,51,-15,109,9,-1,1,174,15,65,81,-19,49,59,121,63,34,58,73,4,90,-74,229,-99,68,-411,36,-235,-50,-23,143,90,183,-89,64,-16,87,-499,69,17,167,-20,79,51,97,-47,56,30,92,92,72,3,31,-28,53,-209,30,-86,60,-8,45,72,25,30,245,220,11,27,13,24,82,48,36,-57,315,-67,1,-45,46,8,44,42,9,-8,25,37,18,40,136,21,2,-4,135,-61,47,-150,10,-186,-87,-92,-80,-8,-161,-52,-52,-40,-1,-209,95,-25,33,50,48,55,130,21,278,-69,67,-115,18,-69,-101,-179,-69,-91,8,-30,-22,-23,-225,-378,18,-28,-149,-35,-40,-99,8,-158,14,-129,184,-47,121,-69,45,-171,-76,-15,-32,41,-37,1,-36,-156,-76,-190,-34,-155,5,-49,-170,-412,63,-28,11,-15,63,9,94,-133,212,0,86,-109,107,-162,14,-163,-22,-173,-165,-180,115,-224,6,-109,202,122,182,-67,140,-152,65,-9,216,-218,100,-162,128,-237,-1,-43,97,-224,95,-82,-44,-214,-20,-318,-349,-85,-46,-381,-32,-84,31,-150,124,-274,-38,-241,44,166,2509,-640,616,-40,-4,-120,32,-49,22,15,31,-9,51,6,38,9,11,-2,1,54,92,35,127,-16,81,0,77,31,89,47,44,-129,56,-23,81,-135,10,-61,-147,-16,-1,-7,-13,3,-15,-4,-11,-15,-5,-21,2,-3,15,2,21,18,24,-254,16,-47,-3,-10,-10,0,1,-54,-51,-15,-24,-40,-61,-23,-5,-110,18,-124,0,-70,6,-100,19,-152,8,-1,80,-25,86,-11,86,4,186,52,156,64,106,81,68,47,48,107,69,311,79,74,69,138,227,-50,52,-59,86,-33,72,-66,97,-117,-4,-69,8,-124,47,62,130,34,108,31,57,39,56,-2291,127,5,-297,-69,-45,-113,-4,0,-23,-50,-24,-5,-69,-49,0,-5,-67,-52,-22,0,-41,-48,1,2,-72,-45,2,14,-160,24,4,1,-37,189,53,-2,-109,52,-1,-2,-214,-136,-20,-7,-19,-165,-3,0,27,-127,0,-3,25,-56,-1,3,-29,-33,0,9,-157,-42,3,68,-171,-219,-65,2,-302,-117,-12,-9,-195,32,0,-5,-154,-99,-5,-90,-69,25,216,-492,2,0,-104,-28,18,-1,-242,-125,-7,1,66,-53,22,-31,51,-229,-3,-4,27,-77,0,-5,70,-75,-6,-25,-80,-177,-25,1,69,-103,25,-1,-27,-50,0,0,-25,-80,1,-2,-26,-46,3,-5,-71,-48,3,-3,-46,-369,-4,-1,44,-29,-1,0,-295,-205,84,-2,-258,-72,-1,-32,-68,-26,0,0,47,-48,1,-28,91,-128,-2,-3,-109,127,-53,-176,4,-1,24,-81,-1,0,26,-226,-4,-3,-22,-78,-4,-155,-97,-344,-37]]]
1254657	r	76.5298,29.7283,77.0903,30.1734	[[[765298,300722,1566,-3439,3720,1730,319,626,-804,1961,-20,20,-61,-2,-111,61,-90,15,-61,-71,-119,-43,-21,-54,-42,48,-168,89,3,71,-2843,-190,-15,-15,-114,-27,-208,-81,154,55,-17,-98,26,-70,61,-29,-97,-163,82,-38,10,-59,-131,-102,-108,-50,-56,-137,-108,15,-78,-18,-45,-65,-54,29,116,133,-128,19,2,42,-91,62,-15,61,-138,-63,-61,-120,-113,-61,-101,-18,-11,7,-30,-31]]]
1270239	r	75.5545,12.5124,76.6336,13.5479	[[[755546,129073,66,-138,-12,-152,43,-28,-5,-92,139,58,251,34,-5,-105,104,-44,40,-50,46,-3,9,-83,-73,-150,34,-144,-39,-204,84,-56,-16,-127,82,1,74,-88,44,-2,-31,-88,62,-24,108,-95,23,27,-13,-36,22,-56,-59,-129,-18,-120,-131,-46,-42,-58,-72,-24,32,-19,42,-132,44,53,61,-13,240,33,75,32,196,20,116,47,2,-1,493,-1540,1912,444,12,-18,140,-345,72,-3,57,26,-67,132,130,-34,67,8,-8,72,45,74,23,1,27,-81,53,-55,74,-37,24,16,16,-36,52,21,26,53,98,-6,27,-28,114,35,31,-175,34,-53,154,31,31,-15,5,-66,34,9,4,-21,106,-43,16,24,25,-19,10,14,3,-28,-47,-40,111,-62,21,-45,39,10,-17,-32,45,-86,39,7,19,-56,34,4,0,38,36,22,-47,81,27,19,165,-1,10,83,65,-4,17,86,87,19,-16,22,80,135,-96,34,43,134,161,8,136,-55,16,25,128,-1,-44,102,-1,66,86,113,4,49,44,66,69,-3,31,51,-20,62,-77,11,37,78,97,75,128,-8,79,-55,59,-10,1,-111,75,-21,12,-35,30,19,74,-29,24,39,-19,57,144,48,23,-39,-28,-44,10,-87,103,-1,20,97,77,28,12,-72,28,-1,9,33,46,-26,-35,-121,214,10,7,152,-49,85,89,96,57,17,0,68,39,25,-1,36,56,87,54,0,8,172,63,17,-8,53,26,8,10,129,-13,59,-66,-9,-70,51,-66,160,44,55,-16,48,40,21,31,-19,41,13,18,62,-43,12,-99,93,-2,56,72,59,-22,72,19,64,-148,16,-2,4,-13,37,-35,102,8,87,13,8,13,8,12,7,56,-12,90,-20,193,-3,25,53,-38,100,24,43,54,29,26,-34,55,30,48,104,-15,36,43,-6,64,30,116,-35,-13,210,64,-6,40,-62,77,-3,-1,-125,-39,-1,-12,-36,52,-167,206,-17,2,-44,119,-144,45,-15,18,30,71,-73,-31,-52,-107,-47,-26,-78,35,-36,68,-5,95,-52,33,11,1,78,114,52,20,-61,-15,-66,28,-59,65,51,4,80,-54,24,-38,59,38,141,-5,28,-38,9,128,156,71,2,83,41,-8,75,30,76,90,-3,60,32,111,-41,75,51,182,-4,54,20,-25,190,48,56,-9,16,41,-1,133,79,-55,100,86,138,-31,164,27,25,39,-7,29,157,102,-15,13,180,-55,38,-2,64,100,5,96,69,-2,89,24,-3,-13,121,-25,9,24,99,-130,46,-63,-30,-87,114,47,138,-8,66,-60,26,32,130,7,16,138,-8,-19,98,-186,105,-69,5,-67,-44,-191,52,-389,34,-49,-2,-9,-53,-61,-47,-20,7,-181,172,-10,79,-139,-33,-86,19,-36,270,9,197,37,100,-182,0,-8,56,-27,0,-2,38,-62,53,-1,52,-161,32,-33,104,-109,37,-23,47,-181,-13,-5,74,-230,25,-9,118,65,36,36,67,-1,90,-154,25,-25,150,-14,1,-403,-1540,-2724,1260,-11,24,-76,209,-19,74,-9,-32,-201,23,17,55,-31,48,-248,-31,-19,45,-43,20,-118,-37,-322,-23,-38,-24,-177,12,-23,57,-127,-52,-40,84,-153,-58,-73,-2,-51,-123,-102,-80,17,26,-32,11,0,95,-53,19,29,8,-3,24,-62,-2,-122,-62,-33,1,0,19,-111,-9,-85,59,-72,-44,-12,-75,49,-163,-25,2,2,-106,-45,-44,-162,-12,-105,-48,-32,62,-19,-26,-79,-14,-77,53,-47,-39,-30,-71,-77,11,-105,-214,-37,-29,15,-188,44,-40,-1,-51,63,-62,41,16,69,-50,-13,-26,32,-71,-72,-78,-112,-47,30,-134,-100,-45,-12,-62,8,-41,61,-40,85,-219,-21,-84,21,-43,-23,-267,-123,-65,-42,41,11,38,-83,-5,-61,73,-53,-24,-87,10,-17,92,-40,-17,-23,-50,22,-56,-64,21,-29,-51,-102,-9,-62,20,-93,-93,-10,69,-63,-2,-23,32,-33,-11,-51,-201,-62,4,-118,-206,-155,-175,-23,-84,11,-67,-75,-146,-88,-18,-144,-73,-10,-44,-166,-230]],[[760270,133213,28,28,1,-2,4,83,1,5,-19,3,-15,-61,0,-56]],[[763117,135301,146,-36,-32,40,-16,68,-33,-7,-23,31,-3,-80,-39,-16]],[[763483,135189,205,-95,194,-114,182,-132,16,-15,-28,73,-92,29,5,104,11,21,111,-6,65,36,47,108,74,58,-268,8,-27,20,-22,76,-79,-18,-175,137,-63,-8,-12,-166,-142,-50,-2,-66]],[[764095,134359,102,125,-57,48,-45,-173]]]
1266486	p	1279159
10265162	p	1273294
8740322	n	79.1478,28.7989,79.6567,29.1832	[[[791478,290220,1181,-2231,1269,525,-3,-1,-83,30,-21,24,-12,-6,-7,36,26,22,19,-4,13,14,27,13,52,-20,12,0,13,12,51,-13,13,26,14,1,13,10,31,1,32,-12,24,19,5,32,-29,20,-6,-10,-11,8,-12,-2,-3,18,-9,7,-71,31,-8,-16,-19,9,-15,-2,-34,27,-13,25,-21,20,-48,22,-8,22,17,16,-6,61,27,5,54,-18,23,5,14,-7,12,17,204,-80,-13,52,7,7,4,28,-18,22,-3,13,13,14,43,-8,30,-54,51,-59,-33,-122,-14,-106,23,-6,2281,943,11,200,-12,222,-15,89,-2144,1008,-54,-151,14,-133,-160,112,-231,198,-151,248,-933,439,-91,-38,-216,-114,-203,-132,-186,-149,-169,-165,-151,-178,-12,-18,-24,-40,-201,-334,-85,-208,-61,-215,-4,-21]],[[793945,288521,92,38,-46,21,-8,-5,-1,-17,-27,-16,-10,-21]]]
1262067	r	78.6153,16.3557,79.605,17.4116	[[[786153,165223,9,-90,33,82,59,3,-4,25,54,19,52,-17,98,104,22,-58,53,13,35,-25,79,36,30,-9,17,58,37,8,35,-66,42,-2,21,57,-26,4,8,41,103,-37,331,32,409,-59,126,-55,102,-121,128,-16,75,38,52,71,214,178,197,77,158,-69,396,78,26,-113,59,-65,37,-98,144,-126,272,-130,173,-36,6,-3,400,-225,64,-60,179,-69,123,-115,145,-46,185,-210,194,-13,93,-125,117,-35,73,-67,129,19,19,-177,113,-39,15,-56,51,-45,91,-5,113,-80,81,19,111,-66,7,140,-40,156,35,612,49,70,173,63,-183,224,6,74,-7,0,17,109,29,93,43,92,36,48,8,15,6,2,6,9,25,12,90,19,25,9,6,3,38,40,16,89,-4,32,16,31,18,102,29,47,9,7,6,8,5,0,12,9,23,3,75,-13,116,-48,92,4,80,29,71,67,45,34,180,23,99,51,37,8,32,-3,20,-14,69,-21,256,39,372,-29,28,3,151,108,66,224,79,64,99,32,265,3,105,101,84,29,337,-61,382,192,36,43,-1733,463,-112,98,-155,165,-137,178,-119,190,-98,201,-78,209,-56,215,-19,123,1366,1910,1405,-271,-68,275,25,162,-78,152,3,187,-109,221,-147,216,-73,201,-222,226,-113,174,-27,72,15,135,-54,349,-39,87,-191,142,-29,52,-88,279,-12,137,-58,133,-80,123,-124,88,-564,42,-305,-32,-200,674,-1161,-178,-1880,-1319,-70,41,-368,35,-140,124,-122,22,-19,-235,44,-145,-74,-291,17,-12,-115,-121,-1,-13,-1539,-1080,-560,-1194,-20,-42,-34,4,-1,0,-177,25,-195,-75,-44,47,-25,-15,-31,-59,49,-31,-14,-102,-49,-47,-35,-94,130,-15,-18,-66,136,-3,85,-43,-665,-1417,287,-1028,188,-288,-433,45,146,-277,177,-76,-27,-54,75,-64,145,-279,-159,-145,-108,-34,-105,-102,5,34,-33,17,-4,-17,-19,41,6,46,-30,8,14,60,-26,26,-55,4,1,24,-50,-34,7,-15,45,18,-3,-35,37,-11,-27,-11,-5,-102,-29,-7,28,-52,-8,-73,-28,-17,-39,13,-61,65,-16,-34,-41,-1,-74,48,-34,-21,10,-70,-31,-43,-81,-86,-108,-67]]]
1270164	r	84.9625,23.8161,85.7521,24.277	[[[849625,239900,9,-239,25,-238,43,-236,59,-233,75,-229,80,-196,4645,-367,1625,627,4,8,-23,65,-59,11,5,144,38,66,108,74,1,27,46,4,50,47,97,31,4,35,133,50,-17,36,-46,10,-17,59,-45,12,-11,92,138,-23,26,33,43,5,48,114,-50,65,72,5,12,103,62,-27,41,31,121,-68,-2,-38,-101,-13,-36,-48,8,-64,65,-52,2,-75,64,-52,21,-58,52,-48,9,0,472,1140,-23,123,-59,233,-75,229,-23,55,-4889,1640,-2347,-1132,-70,-121,-107,-218,-92,-224,-75,-229,-59,-233,-43,-236,-25,-238,-9,-239]]]
1263220	p	1266976
1277508	r	88.5429,25.1609,88.9849,25.4798	[[[885429,251749,71,-18,47,-20,47,-3,113,24,70,43,124,126,90,30,352,-8,303,-54,599,-204,597,-56,81,57,28,59,33,-12,74,-8,1,30,30,-3,6,10,39,3,14,105,28,15,2,24,28,-3,0,15,21,-3,0,13,35,-1,0,8,12,3,-9,2,1,9,36,-19,684,-220,132,-7,0,-5,51,-15,12,4,46,-26,6,35,9,0,-7,10,3,25,29,27,16,3,-4,16,57,51,31,-9,2,-10,15,-1,0,-21,7,-9,16,-2,0,-25,23,1,6,14,19,15,22,-2,13,48,-56,22,19,13,11,26,10,4,-7,31,2,34,-37,-11,-38,0,-46,47,-7,21,24,29,4,81,-21,22,-12,4,-12,-9,-12,1,-30,23,-2,11,11,135,87,108,375,250,71,97,25,101,-22,95,-74,81,-488,-21,-107,13,1,4,22,19,4,15,12,10,-19,16,-10,40,-17,3,5,23,-23,6,-24,48,-11,4,2,25,-35,38,4,32,-6,16,6,11,-9,12,7,30,-12,9,-92,-11,-83,2,-16,-19,-3,-19,8,-25,11,-13,4,-32,-42,-5,-49,50,-42,-5,-15,-13,-28,64,-105,6,-1,18,-8,9,-43,-4,-25,9,-5,-31,-61,-7,-10,-16,-27,-11,-3,2,-237,268,-43,108,-7,97,-29,83,-108,72,-3,61,112,233,58,122,-14,214,-91,131,-100,81,-1179,-1422,-18,5,-66,-2,-26,-29,-2,-37,-56,-53,1,-5,21,-1,-7,-20,9,-31,-77,-94,-12,0,2,-12,-1119,-1348]]]
1271976	n	81.5436,26.4074,82.4771,27.1187	[[[815436,266620,12,-184,59,-5,131,48,42,41,-15,52,-66,54,15,29,70,4,149,-122,170,-25,209,-285,108,47,33,100,66,22,54,-35,46,-78,122,-34,32,-95,93,-113,-40,-36,-155,88,-68,3,-22,-16,24,-103,-16,-134,31,-9,102,69,94,-58,87,51,147,18,70,-15,19,-68,-35,-65,6,-157,-33,-187,-66,-25,-93,46,-30,-16,-44,-118,29,-36,405,-79,4,27,-44,38,40,21,74,-11,-45,59,-45,-6,5,33,120,63,23,43,174,-26,72,37,65,-2,25,-36,83,-17,99,22,151,-154,39,27,-11,18,45,5,-2,44,28,-4,20,27,93,-74,38,-87,75,-32,27,9,-13,-31,147,-65,11,118,110,-12,50,110,78,-3,45,48,39,-7,189,-85,-29,-56,-47,16,-24,-24,77,-147,48,34,113,-33,46,116,94,-30,12,-44,53,-1,68,-50,6,4,27,23,42,20,7,1,3,2,3,-1,24,4,18,-9,34,-4,1,0,44,-6,93,39,34,2,15,-6,8,-7,55,-31,14,-39,-23,-27,68,-41,21,-23,62,-22,31,12,33,-28,2,-10,17,-17,25,12,5,11,13,-3,-2,-61,-30,-53,30,-20,76,73,2,3,4,14,-11,10,10,39,7,-1,10,14,5,15,10,0,-1,-5,68,-41,2,-34,-13,-23,45,-23,20,-9,35,55,6,-1,-1,-1,30,-13,32,-24,-28,-93,3,-6,-8,-10,56,-27,22,-28,18,1,10,7,13,-5,3,18,44,42,36,16,40,30,50,-12,41,-36,24,14,61,-23,48,40,94,13,3,1,7,0,8,1,2,-1,5,0,74,-31,40,-35,14,-27,2,-24,17,-57,7,-7,15,-3,23,-3,18,8,0,-8,30,-12,24,58,4,16,22,49,76,-39,16,-48,-30,-56,-57,0,-2,-46,1,-1,-2,-19,31,-10,13,-10,31,-14,12,0,24,-16,7,9,3,0,62,59,45,-13,9,-12,40,-20,0,-11,-19,-29,-38,-16,9,-17,-6,-17,-10,8,-9,-29,225,-50,22,-74,64,-36,22,21,70,-5,-32,-110,140,-33,54,25,131,-22,51,45,107,4,38,25,1,49,52,-16,14,45,114,-13,13,125,33,-23,38,28,-38,40,7,57,52,-3,30,77,66,-24,69,205,57,34,-13,118,59,10,-2,20,24,-28,50,14,10,27,22,56,146,150,-12,27,-82,3,32,137,99,230,84,55,12,70,158,-229,224,356,25,-25,56,3,28,-64,-11,-68,-52,8,-10,-42,-44,22,-3,-49,38,-6,9,-58,26,25,49,-1,126,-77,115,16,8,76,59,4,52,72,65,-94,85,-18,15,88,41,-16,30,95,50,-9,52,-47,39,117,62,-10,-18,71,22,27,36,-11,9,17,-2,8,23,30,-20,10,-32,4,-24,24,-1,19,2,5,3,28,-48,5,-28,13,-5,16,4,13,10,7,18,25,-3,51,112,-32,33,46,25,12,2,0,59,28,11,88,-63,16,-1,13,17,36,-37,6,-8,32,24,67,7,9,17,44,-1,6,26,56,-32,16,10,30,-102,-4,-108,-114,-69,-13,-331,69,463,740,89,3984,-1618,-22,-2472,-1625,822,-1190,-101,-56,-32,-61,-190,31,-188,-144,-84,-1,-194,-60,-274,30,-234,-132,-86,-98,-60,8,-185,-56,-604,101,-112,207,-25,29,-113,126,-170,94,-200,21,-98,-11,-154,70,4,73,-56,14,17,48,-65,69,-48,-15,-64,27,-36,-106,-153,-25,-124,33,-79,63,-59,-21,-198,91,-54,-39,-61,-100,-20,15,-76,-24,-31,-101,-17,8,-27,-42,-143,74,-21,-34,-115,-12,-71,-69,-91,44,-37,-47,-153,81,-14,-34,40,-28,-140,-164,-138,79,-31,-10,-104,39,-30,78,25,4,-94,92,-52,-36,-35,-92,-50,-52,-68,38,-45,2,-24,-29,-28,-80,20,-37,-32,-45,22,-29,15,34,14,-67,-17,-12,-23,26,-18,-25,29,-5,-6,-61,-58,-23,12,-25,-32,-18,-29,20,28,-41,-12,-23,35,-19,-149,-45,71,-23,-15,-32,-63,10,61,-34,11,-57,130,-57,-43,-59,74,-48,-56,-75,109,-61,-3,-43,62,-43,4,-47,110,-29,2,-44,63,14,-36,-80,29,-92,-99,-62,58,-74,28,-123,-37,-28,-69,10,-127,78,-91,-31,-86,-90,-141,-60,-43,-65]]]
1273581	p	1260086
1259395	r	69.2016,21.2266,70.1475,22.1849	[[[692016,219769,107,-94,316,-215,923,-835,193,-93,123,29,171,152,-5,-94,-37,-125,-95,-194,282,-316,306,-290,419,-301,643,-621,236,-189,84,-82,59,-32,171,-138,-36,-97,32,-61,-24,73,44,92,-14,23,11,6,223,-124,593,-607,328,-277,2754,-3093,115,110,95,42,-3,114,38,56,230,168,-25,57,-111,-24,-53,28,-126,122,-195,-1,17,390,-49,41,-169,64,-71,118,-73,142,73,143,-74,134,99,43,275,29,68,-83,89,50,-51,62,-19,127,-86,67,-6,77,186,66,215,33,73,-11,17,-85,107,28,105,79,-6,110,-95,186,-181,32,-133,-3,-133,-38,-116,324,77,10,-105,228,5,37,199,91,-160,293,-107,-58,-115,254,15,-16,112,93,11,-15,9,27,23,-22,47,34,-24,-65,69,-160,230,125,71,17,-10,33,111,47,34,-85,135,46,-1,-109,116,-27,115,10,30,78,-37,46,-15,129,-190,16,-89,-45,-18,44,75,34,11,47,109,66,-17,101,201,37,141,85,183,-37,-60,173,28,15,12,54,124,111,75,-51,33,-76,28,9,22,-57,122,18,-57,233,-127,64,-70,61,6,35,-48,23,-123,-2,-165,-36,-54,339,-53,-36,-20,-85,-72,-1,-111,-210,-191,-53,-145,60,-54,112,7,308,-120,80,9,279,34,88,-10,137,-122,-5,-68,35,-183,-98,-68,21,-160,-107,-73,39,-142,-140,-91,-12,-10,36,-33,5,-129,-12,-94,-62,-105,-23,-16,-43,-99,105,3,37,-57,4,-15,-8,-6,-1,0,-2,-3,-2,-10,-111,47,-101,-4,-221,-33,14,-152,-75,-92,17,-56,101,-50,10,-105,-28,-99,201,76,319,-12,306,187,-61,14,-36,40,4,-2,35,35,16,106,18,25,-16,3,20,63,4,48,51,28,-14,-3,18,47,19,2,32,75,-5,32,25,23,-44,96,43,-5,57,133,1,13,72,42,29,-39,124,6,55,21,11,-5,31,-18,44,10,1,-170,989,-45,33,-7,93,-36,55,-114,59,14,100,-64,7,-47,64,-96,-2,-14,-18,-13,41,20,29,82,24,35,55,-1,63,34,12,-19,31,-52,26,-6,-6,-55,9,1,25,-2874,1383,-3684,-2080]]]
1277397	r	79.9709,25.0441,81.0322,25.9751	[[[799709,256606,167,-344,10,-4,-1,-12,18,-38,35,-26,96,-15,-39,-47,19,-24,-22,-47,101,-111,192,-43,238,44,73,-77,148,23,28,-22,21,-104,96,-129,-23,-63,14,-104,157,-39,89,86,345,-159,-35,-163,23,-69,54,-33,106,-12,-3,34,-61,-11,79,82,70,-37,4,-25,153,-52,50,139,128,-14,152,-55,63,-39,-23,-133,-20,-19,-96,11,151,-227,-116,-32,-67,144,-53,13,0,-53,-88,-145,-3,-87,41,-54,-51,-80,-117,47,-64,0,6,21,-188,70,-143,15,-74,-214,26,-32,-55,-25,-19,-76,-64,-33,22,-30,-85,-71,5,-15,1,-3,4,-13,156,-19,-4,36,44,4,13,24,129,-52,-24,-108,-167,43,-28,-133,120,-26,-12,-29,-20,-22,-131,22,-37,-52,-14,-109,-137,-98,-29,-47,-1,0,0,-1,-5,-7,137,-86,14,18,78,-30,45,-61,107,165,76,69,87,14,91,51,18,128,259,13,11,238,64,120,52,-26,-14,-69,146,-78,109,57,45,54,172,-70,21,88,58,65,25,79,161,-32,52,-53,33,15,270,-285,9,-27,40,-197,-90,-55,-17,-62,28,-103,103,-120,-39,-99,26,-99,-29,-72,-73,-69,-4,-118,147,-82,259,-10,54,-154,128,-142,140,-103,51,2,76,89,70,-24,74,-199,-30,-61,144,-206,96,-198,-35,-81,-83,-63,-297,-48,-136,-126,-31,16,-157,-49,-40,-64,26,-39,-41,-13,26,-46,-323,-296,39,-45,-12,-26,2840,-455,4091,1973,96,232,42,125,-3984,3688,2,4,5,77,66,49,196,-44,60,20,13,63,-60,175,164,157,-268,106,-125,-9,-135,45,-86,13,-18,3,-30,5,-91,-12,-2,0,-357,78,-20,18,-89,81,-13,46,-1,5,219,230,15,126,-31,109,-126,32,-260,-65,-73,-46,-52,6,-3,1,-65,33,-66,33,-407,321,-3,8,-40,136,50,76,150,28,18,3,113,-20,49,-9,16,1,45,1,104,3,102,16,19,10,92,48,79,88,56,113,4,6,-28,81,-50,46,-197,50,-201,3,-83,36,-172,138,-389,97,-149,8,-221,50,-360,-31,-153,-65,-724,670,-2019,36,-305,5,-359,-537,-72,-435,0,-1,-363,-2172]]]
1270079	r	77.1482,13.5468,77.8994,14.2071	[[[771482,140511,730,-4151,1291,-892,1112,89,4360,2329,15,152,4,116,-1173,2436,-4035,1389,-267,92,-188,-69,-244,-108,-237,-124,-227,-138,-218,-153,-208,-166,-195,-180,-184,-191,-170,-203,-156,-213,-10,-15]]]
1276634	r	73.7836,25.6478,74.7127,26.4613	[[[737836,261488,79,-22,2,-29,26,-3,45,-96,69,-62,1,-96,41,-38,-11,-26,28,-9,-116,-187,-81,-142,39,-21,30,-71,16,-194,3,-3,0,-3,98,-114,384,29,146,-43,10,16,78,-14,55,-226,33,12,0,-108,196,28,189,-53,127,13,-19,-66,-62,-51,84,-77,65,-107,235,158,75,-241,220,-38,13,-44,-38,-54,18,-48,258,-96,89,-94,71,37,61,-54,53,-94,-5,-104,51,-81,-75,-115,-58,-20,-87,-86,-84,-27,-126,-91,-92,25,-33,-13,-151,-125,-38,-51,-6,-89,-51,-47,-18,26,-131,45,-32,-22,-50,-61,-27,-27,0,-6,-11,-14,32,-230,-204,-125,-2,-48,53,-72,11,-117,-54,-26,-183,-241,50,-155,-15,-226,24,-68,-15,-34,1,-2,-31,-80,240,-72,-34,-62,94,-48,76,-112,-15,-57,51,-21,109,82,82,27,96,96,77,-19,19,22,-30,67,40,71,210,137,43,58,-16,30,-57,19,-203,2,-93,45,264,214,50,98,277,156,63,-2,12,24,48,-67,48,6,312,135,54,-13,37,24,-29,70,39,61,-47,84,-130,56,-5,43,-110,60,-25,121,-39,69,-58,39,137,94,-24,13,20,18,33,15,201,87,70,-41,20,9,93,58,57,82,-18,-8,26,11,115,4,107,-68,134,5,66,-48,212,-65,49,25,-45,-93,11,-53,-78,-86,-10,-133,92,59,133,26,11,-54,183,-76,-153,-68,44,-172,49,-87,-122,-72,-60,9,-22,-41,34,-25,49,-220,-121,-1,-9,-31,-79,-9,47,-159,82,-74,0,-40,91,38,29,82,118,111,109,16,138,72,27,7,111,18,1,-3,-63,-129,19,-84,130,78,91,89,37,124,64,29,163,-20,2,-71,68,1,19,92,181,69,-69,176,374,39,204,139,119,-141,82,61,67,-101,2,-58,-27,-38,-261,-21,10,-95,115,-13,43,-33,-50,-97,228,52,81,364,-81,66,-36,71,-132,40,-31,33,-7,103,146,-12,67,-70,227,192,98,-43,82,86,110,291,-149,71,-43,91,94,63,46,3,62,-46,62,42,129,21,-77,103,-30,127,32,26,67,166,81,19,404,-161,27,-88,40,2,9,-48,-31,-28,29,-10,10,-105,-36,-30,-45,-128,61,-30,113,121,138,38,132,-49,62,121,-41,14,-35,69,-114,60,21,103,137,12,202,-48,8,67,50,-2,171,-29,-18,-74,103,-3,323,108,476,41,-1,29,-86,30,3,61,172,356,-83,66,-61,105,-72,39,3,21,-169,-35,-134,30,-42,65,-39,218,-87,85,-99,-18,-104,-55,-280,18,20,134,44,59,-11,42,26,3,29,51,-9,160,15,54,25,-1,-6,66,-132,27,54,222,53,52,32,-3,188,-84,112,61,38,68,65,185,-29,10,-50,129,109,138,-82,117,56,223,-89,-6,-44,37,-61,-24,-123,25,-28,35,33,154,-79,83,-100,37,-114,112,-219,-103,-99,-132,-272,-195,-29,-13,0,1,-198,-84,-15,-1,-27,38,-12,43,-48,39,-150,-25,-64,26,-47,-10,-31,25,-72,-14,-27,70,26,74,23,52,64,-22,44,48,-1,73,-94,17,-26,-43,-79,7,-36,17,24,30,-14,23,-43,20,4,64,-148,54,-53,-140,-3,-87,-202,-79,-50,10,-97,-143,-181,-22,-22,32,27,74,-5,157,-61,21,-4,108,66,129,72,59,161,66,-2,30,-107,102,-258,132,-73,-29,-107,-120,-329,-244,-156,-1,-220,85,6,27,-38,26,-46,107,-60,10,-72,88,41,90,139,134,149,104,191,68,24,167,-33,188,13,206,-107,93,-15,88,-53,89,0,249,50,144,-27,33,-103,17,-44,43,-28,-38,-85,-5,-262,82,-205,-172,-56,13,-70,-22,2,-21,-59,6,-41,-36,-44,-1,18,-112,-188,-34,-1,-77,-129,-56,-26,142,-113,40,-1,24,-65,-5,-23,43,16,27,-74,34,-90,165,-103,-26,-99,-109,4,-277,-124,-3,-121,76,-149,13,-174,-52,-32,-55,-58,-13,-53,28,15,56,-47,57,-217,-35,-179,22,-47,-21,-52,74,-87,42,-80,-119,-79,-33,-101,34,-46,-21,-248,44,-31,35,-168,-45,-181,28,-52,16,-39,69,24,-64,-45,-88,-35,-10,4,-49,-187,-91,-46,-237,96,-44,-13,-30,-42,-38,-108,-10,-60,-67,-34,3,-119,-73,3,-92,-43,-86,28,-2,13,-34,-36,-109,25,-65,-32,-62,-118,75,-88,-6,89,-42,-12,-27,21,-4,5,24,74,-38,-43,-106,84,-8,24,-110,-61,-114,35,-118,-168,-159,-6,-119,-36,-19,128,-204,44,-132,-54,8,-67,-123,-44,-250,-38,-7,-1,-141],[741944,258615,109,101,-10,36,36,20,-18,38,49,56,3,44,79,20,16,42,47,-9,-9,-16,87,-79,73,-13,150,-165,-163,-115,-71,-112,-52,-21,-129,71,-19,41,-24,-19,-153,1,-1,79],[742290,259346,130,-8,53,49,36,-25,-6,-33,61,33,102,-19,59,94,-40,15,23,53,56,9,-11,-77,43,-44,36,-1,-3,-123,58,-157,114,41,-3,80,-84,32,10,144,-40,203,-57,8,51,49,66,22,-26,36,16,89,152,105,39,60,96,22,-44,87,54,46,91,10,52,45,67,-34,15,65,40,22,85,-85,41,26,85,-34,85,-73,25,18,60,-68,-25,-98,62,-62,-50,-117,27,-114,-119,-83,-237,-47,-70,-89,-115,-6,-59,-44,-12,-71,23,-69,162,-19,18,-129,-17,-54,-143,-50,-154,-102,-45,72,-55,19,-60,-56,-90,-4,-94,-105,-114,-68,-50,6,-42,18,-6,44,-153,151,22,34,-31,95,-19,16,-29,-15,-74,84,0,104,-38,77]]]
1278667	r	74.5904,33.3215,75.7341,34.1955	[[[745904,335906,65,-178,134,-300,158,-291,180,-282,202,-272,223,-260,242,-248,262,-233,279,-219,295,-203,223,-134,6543,-70,35,17,311,187,295,203,279,219,262,233,242,248,223,260,202,272,180,282,158,291,134,300,111,306,87,312,62,316,38,318,12,320,-12,320,-38,318,-62,316,-87,312,-111,306,-134,300,-158,291,-180,282,-202,272,-223,260,-242,248,-262,233,-279,219,-295,203,-311,187,-324,169,-337,150,-349,133,-357,112,-95,24,-7147,-5859,-232,-190]]]
7302856	p	1269843
1259005	r	82.7088,21.4597,83.8043,22.7916	[[[827088,215645,13,-92,354,-511,59,72,56,14,99,98,47,16,111,-103,76,-36,237,-8,112,-51,33,35,6,71,-78,169,62,-33,54,37,38,93,119,19,226,109,21,-18,15,42,61,-18,120,-135,107,-185,49,-143,129,-187,104,21,27,39,95,-11,10,-27,34,44,45,6,88,-76,36,-180,120,63,95,-124,54,0,64,-58,80,14,79,100,14,192,165,-29,78,-48,58,1,79,-205,2554,856,3140,1052,1046,5901,131,-26,163,2,22,107,63,47,96,21,-9,70,46,92,131,24,33,56,-8,33,72,36,24,52,-108,54,22,86,-108,-1,-91,94,-83,15,-62,59,-25,126,-50,27,-1,70,-78,51,-29,110,-13,16,161,2139,-3216,-480,-82,75,-27,-9,-27,70,-20,-12,-12,29,-113,24,-79,48,-19,51,70,271,94,102,113,33,9,55,-22,30,-214,18,-210,81,74,21,34,42,106,-13,86,56,27,82,-42,31,-50,1,-5,76,-201,59,-51,135,-37,247,67,-3,47,-33,42,78,-2,181,71,130,-47,80,-156,74,-66,-2,-84,-118,-116,-4,-80,74,-32,124,-77,50,5,45,-136,74,-15,-72,-31,-5,-68,-2,-82,61,-24,-13,-116,66,-179,-52,-95,34,-45,-16,-15,-43,-74,-26,27,61,-44,3,-17,78,-76,-45,-37,55,27,88,-72,-36,-81,7,0,39,38,16,-39,54,-33,-39,-101,-11,-2,-23,-32,9,-29,-38,-53,5,-41,-41,23,53,-36,38,-93,-70,-199,-62,-37,-150,23,-121,-49,-104,-35,-19,-102,13,-233,-98,32,-160,63,-63,-71,-140,-77,-3,-84,-65,132,-110,79,-151,-4,-96,-140,-48,-38,-51,-82,-14,-22,-37,37,-363,-59,-86,7,-117,27,-123,78,-113,34,-156,-36,-100,44,-83,-42,-129,-97,-69,-30,-50,-39,-237,85,-88,-62,-220,57,-20,3,-96,134,10,58,-50,-2,-44,-62,-45,4,-276,-71,-39,29,-97,57,-70,-85,-109,-92,-24,-54,-41,-75,-153,40,-91,-30,-140,-135,-68,-58,-132,-107,-84,-3,-57,52,-100,64,-40,-93,-77,-153,-51,-69,-95,166,-126,45,-142,-29,-117,26,-72,-123,-60,-80,-190,-160,8,-112,-52,-114,-12,-102,32,-126,-22,-67,-80,-18,-127,-158,30,-78,-189,-4,-8,6,-49,142,-74,188,-159,326,-164,39,-40,78,-17,-2838,-3832,-216,-1290]],[[829881,222314,66,-51,122,-18,163,51,-126,232,-40,32,-27,0,-133,-140,-25,-106]]]
7302828	p	1269843
1256639	n	88.0923,23.0191,88.7635,23.3537	[[[880923,230480,950,122,1028,132,1558,395,1543,-938,500,95,1133,1967,-430,128,0,5,25,9,73,-2,36,-35,29,-11,106,-7,60,8,8,9,0,11,-20,29,0,20,-55,14,-67,-3,-61,5,-50,20,-42,28,-36,36,-24,43,57,159,-16,17,-58,5,-41,24,-19,30,8,25,1,31,-27,-8,-45,17,-10,-7,-28,-53,-18,-12,-47,2,-21,6,-2,13,-59,25,-3,99,91,193,243,357,18,44,-1716,-518,-1195,389,-747,-244,-404,19,-19,64,-33,57,-1,33,-67,40,30,-2,7,4,16,58,-3,14,-8,15,-43,5,-19,12,-28,48,-16,16,-17,0,-57,-38,-29,-42,-58,-31,-39,-10,-40,-21,-31,17,-14,0,-38,-2,1,-14,-14,-12,-104,4,-19,-5,-27,11,10,23,-39,4,-26,-13,-13,10,-53,13,-10,-4,-2,-27,-8,-3,-6,4,-7,-6,-1,-18,-20,-11,-77,-13,-33,46,-65,3,-58,-59,40,-22,10,-17,0,-22,-40,-41,-5,-15,1,-4,-644,29,-253,12,-257,-2783]]]
1275812	n	69.4256,23.0239,69.9065,23.4761	[[[694256,232500,11,-222,36,-219,58,-215,81,-209,102,-201,124,-190,143,-178,161,-165,177,-149,193,-132,206,-114,217,-95,225,-75,233,-54,237,-32,240,-11,240,11,237,32,233,54,225,75,217,95,91,50,1122,2505,-26,95,-81,209,-102,201,-124,190,-143,178,-161,165,-177,149,-193,132,-206,114,-217,95,-225,75,-233,54,-237,32,-240,11,-240,-11,-237,-32,-233,-54,-225,-75,-217,-95,-206,-114,-193,-132,-177,-149,-161,-165,-143,-178,-124,-190,-102,-201,-81,-209,-58,-215,-36,-219,-11,-222]]]
1277100	p	1275004
1270525	p	1260086
1257086	r	83.722,24.5292,84.1519,25.2614	[[[837220,246273,164,-123,246,-161,257,-145,267,-131,276,-114,283,-97,290,-80,295,-63,298,-45,242,-22,1518,2306,-201,1570,11,24,14,60,-36,3,-44,347,21,1,18,-50,36,-5,9,-13,-18,-28,10,-8,71,31,74,70,101,0,65,-41,20,23,-6,32,-26,58,14,35,-11,17,-41,18,11,29,3,40,16,26,34,24,18,26,-50,20,-27,63,-39,41,16,74,-16,13,-37,8,-21,27,-15,5,-13,-15,-11,-1,-64,16,-29,13,2,19,19,24,-33,35,-104,34,-26,1,-5,-15,10,-26,-9,-14,-45,1,-296,2313,-481,91,-1442,-81,-1583,-6260]]]
1275947	r	81.2548,16.3402,81.7049,16.7785	[[[812548,165065,223,-916,488,-460,57,9,136,38,144,7,161,-68,113,93,119,58,125,-1,127,-88,41,-80,-21,-70,-49,-77,-45,-108,587,184,205,21,224,-60,497,706,55,1,67,40,0,32,46,67,9,68,10,19,0,25,-9,1,59,85,15,5,57,-17,-10,100,240,340,96,871,733,460,-619,860,-10,-8,3,39,-16,5,-3,19,-49,4,-3,18,-13,1,14,98,2,126,-227,27,7,39,-13,15,-23,3,-11,30,13,17,-16,15,-11,27,-4,24,-54,76,-1877,-951,-755,24,-835,-1793]]]
1275539	r	75.2138,18.5936,76.2191,19.4476	[[[752138,187192,126,-225,213,-326,128,-170,6685,-534,226,68,2261,4754,414,1978,-297,929,-6090,809,-844,-346,-2169,-1152,-653,-5785]]]
10261509	p	1273294
1265859	n	88.43,23.3009,88.7347,23.6361	[[[884300,233398,1195,-389,1716,518,112,275,12,76,12,222,-12,222,-35,219,-44,162,-62,-22,-148,271,-108,46,-293,185,-169,168,-234,388,-150,149,-79,15,-198,-20,-101,40,-97,97,-6,66,33,76,13,86,-47,16,-233,54,-237,32,-240,11,-240,-11,-237,-32,-123,-29,0,-2891]]]
1274056	r	76.0126,13.576,77.0253,15.0345	[[[760126,140964,385,-632,-3,-95,-26,-100,-20,-2,-30,-262,64,-41,12,-46,214,36,-32,-148,3,-146,-37,-113,-210,9,-95,-179,-57,-61,14,-123,-24,-74,220,4,51,-183,219,-6,93,-59,56,-76,63,-28,80,-331,86,-187,143,22,30,-277,145,-342,19,-199,211,-56,36,-101,93,-7,121,-48,247,20,20,-312,32,-27,110,-15,67,-112,122,-47,80,-90,4,-42,183,3,50,-25,-31,-81,-33,-14,-5,-132,-38,-19,4,-98,-37,-55,37,-26,15,28,46,-4,-3,-53,51,-2,11,-67,50,26,-3,-64,111,-16,40,28,236,27,16,19,80,-202,64,-1,259,171,47,-37,45,-125,98,136,51,3,19,41,56,-43,48,-109,34,-15,111,32,29,97,30,20,107,10,141,-32,4,46,62,47,-47,32,-17,80,54,75,293,43,101,-15,-29,54,198,72,15,68,155,98,-49,96,4,56,102,-30,158,195,87,21,45,40,46,-20,33,34,-72,245,266,55,65,46,-52,3,-224,32,-221,54,-214,75,-205,95,-195,114,-182,132,-168,149,-153,165,-135,178,-117,190,-97,201,-76,209,-56,215,-33,219,-11,222,11,222,33,219,26,100,1900,1344,-1359,2948,76,123,135,178,153,165,169,149,182,132,195,114,206,95,214,75,221,54,225,32,227,11,227,-11,10,-1,1380,-631,22,-19,153,-165,135,-178,117,-190,97,-201,77,-209,55,-215,34,-219,11,-222,-11,-222,-34,-219,-55,-215,-77,-209,-97,-201,-117,-190,-135,-178,-153,-165,-169,-149,-182,-132,-109,-64,-25,2,14,-10,168,-149,153,-165,135,-178,117,-190,97,-201,69,-188,203,-30,118,-55,36,102,35,-7,87,291,215,165,129,-73,54,208,198,141,54,76,-78,192,-93,58,-6,43,-110,83,-73,-83,-47,1,-73,44,-162,23,-34,28,47,46,38,249,52,14,201,-48,23,49,200,39,-3,74,29,57,-20,91,48,26,138,-166,94,9,123,-38,225,54,166,-66,32,81,-216,88,40,214,-58,120,38,81,-71,52,-67,6,-61,56,-157,-38,-99,17,-77,-32,-129,31,-41,157,-107,130,32,57,88,10,197,139,-108,187,-188,17,-186,82,-49,-4,-130,211,-54,38,-27,80,35,402,132,27,167,224,183,-116,86,-88,44,67,8,64,-31,374,12,17,140,-20,115,172,40,101,-6,75,-486,52,-255,-12,-145,-57,-18,-67,-164,-29,-122,354,-130,95,-72,22,-44,96,-78,-41,-40,34,-129,11,-33,105,-119,127,-88,296,-5,126,-17,5,-2,-39,-151,89,73,359,30,431,103,145,7,72,0,18,7,52,166,328,-72,61,-58,91,-13,114,-2,5,-2,37,-66,128,17,14,30,-4,14,-7,4,0,4,3,-14,11,46,-12,239,11,41,14,-13,41,133,-2,5,-24,38,6,6,198,170,-12,3,80,-85,43,-6,120,-35,27,116,59,35,265,-32,-1,-13,178,-72,3,1,24,19,63,164,-4,58,423,-35,192,12,125,-257,-34,-76,-99,-51,-1,-115,131,-223,-2,-174,60,-110,-5,-66,151,-57,-64,-52,22,-143,-13,-58,118,-3,116,83,138,-32,90,-162,42,-52,-28,-76,6,-6,-172,-175,25,-5,59,-77,-2,-52,-39,1,-78,46,-31,114,-311,229,-31,37,-27,2,-23,13,-18,-1,-209,-104,-56,6,-112,-95,-34,-185,112,-187,29,58,-262,112,-44,-1,-227,196,10,161,-232,14,-130,-33,-147,49,-40,240,-73,11,-77,-75,-48,-160,47,-136,-3,-218,-93,-80,-145,-73,-3,54,-55,-56,-58,-4,-72,-71,-36,4,-61,-24,-8,-24,-71,-66,-14,21,-39,-13,-136,19,-15,-44,-65,41,-55,-63,-87,-1,-36,-73,-31,-14,-56,-58,-35,-62,16,-67,-99,-91,-49,23,-189,-126,6,-7,-159,148,-50,-93,-146,-68,-32,46,-49,3,-49,-158,-34,-111,-147,-15,-87,-50,-67,-169,-84,-9,-54,-75,-69,-70,-18,1,-36,-171,13,-82,-21,48,-93,20,-12,70,32,32,-70,61,-34,-4,-41,-113,-143,-77,-11,-56,-69,-127,-46,-106,-72,-116,-20,-118,36,-58,-345,41,-200,-170,-29,-919,1994,-1243,-2027,-80,-35,-108,155,-28,9,-315,23,-14,-126,-93,-28,-174,-143,-91,-39,69,-149,62,-44,60,-208,1,-99,-39,4,-8,-111,61,-59,-19,-102,31,-166,-84,-138,-67,23,-268,11,-97,-129,54,-79,62,-24,21,-52,-31,-173,79,50,14,-7,-216,-352,-86,12,-171,-27,-69,-191,-111,-35,46,-163,-78,-44,-15,-72,12,-134,72,1,-157,-256,-27,-8,0,-36,-50,-82,-18,-7,-69,-85,-3,-54,-197,-321]],[[766270,137242,28,-106,320,77,112,-26,-5,-126,125,-156,48,319,-8,50,-46,23,31,163,81,88,-3,36,25,20,-38,34,27,18,13,58,78,43,25,62,54,37,40,96,60,45,38,-28,-4,-42,45,-83,197,-40,132,16,43,138,-49,259,27,141,-43,-7,-47,71,-993,-1150,-156,-22,-157,-8]]]
1272648	r	94.2537,27.0561,95.485,28.3061	[[[942537,280619,2506,-7050,1069,-501,0,-10,-270,-372,1,-253,-88,-187,-14,-101,14,-176,-118,-166,61,-36,231,-308,248,324,-23,69,271,620,355,-43,44,26,95,235,134,-63,52,-137,108,-31,-31,107,552,-259,-57,-108,55,-24,27,-50,-6,-122,38,-22,16,18,-13,-62,-23,-7,2,29,-30,-24,49,-30,-23,-40,-22,19,-3,-36,-22,23,-10,-22,-34,3,33,-21,-14,-22,37,4,-15,-72,22,13,40,-39,-43,-13,-63,-111,-57,-26,-14,-47,-39,-10,-16,-98,81,-67,-17,-43,257,-53,34,-54,269,-44,-74,-118,-7,-57,26,29,17,-24,108,7,46,-50,89,-25,0,75,544,639,96,81,2442,-1145,-21,805,33,-6,8,-73,42,-49,28,15,-46,62,43,48,38,-79,50,1,-38,65,42,-29,5,40,55,9,-9,57,43,42,-6,-88,66,32,-29,32,18,50,83,25,-44,28,13,82,48,-35,54,11,1,-19,-45,-16,50,-20,49,35,-7,49,104,-11,35,28,19,54,-41,-16,8,52,86,-41,-36,-20,34,-32,57,23,29,64,106,-32,-59,67,7,39,36,-16,46,36,-49,64,79,-1,11,29,71,28,32,-97,26,35,-13,44,51,-58,39,76,57,-61,26,29,39,-26,13,61,70,-18,-51,36,25,15,83,-29,103,6,-13,-47,69,-14,37,-53,46,33,51,-6,22,38,35,-50,55,37,7,-45,46,11,55,-45,30,-101,109,-39,1,-104,67,-102,31,-104,-62,-100,37,-112,66,-25,-83,-100,74,-18,-13,-74,36,-14,87,47,28,81,141,33,216,172,190,-1,13,26,49,6,-26,41,16,20,43,-12,0,-40,52,0,55,92,-33,34,72,70,-101,77,82,30,60,111,-69,63,70,52,-69,87,27,39,-47,10,-27,76,21,56,103,49,-6,40,44,1,-6,54,57,21,78,157,-30,31,-1,84,-111,-6,9,95,-40,8,-142,-138,32,-84,-57,-94,-38,33,2,105,-76,135,14,29,51,28,53,-5,83,56,-56,95,-5,21,16,53,-49,8,-48,68,147,113,16,14,38,27,144,111,-45,3,-45,-35,-22,-10,-18,2,-9,7,-12,41,-52,26,-19,64,-82,22,-9,9,0,12,19,38,69,69,23,-6,12,-14,21,-12,19,11,35,63,-17,151,52,21,-64,25,-30,6,-27,16,-69,27,-71,-81,-45,-18,-45,4,-37,31,-3,4,-126,111,-22,8,-50,56,-79,-1,-60,12,-114,39,-55,-33,-8,-8,-14,-5,-40,22,-35,-39,-28,-11,-71,-6,-41,0,-59,20,-16,17,-2,7,-50,63,-33,-23,-96,-21,-86,6,-37,-25,-119,20,-39,37,-8,44,-81,40,-7,137,-22,-10,-2,-7,-14,0,-5,-2,-5,-8,-5,3,-10,-4,6,-13,-16,1,-1,7,-5,-3,-12,-7,-1,2,-29,-13,1,-1,-3,0,-3,-2,-40,-1,-7,-6,1,6,-19,-1,-8,31,-15,-12,-10,9,-23,-6,-4,-9,-11,2,-2,-11,-15,9,6,-22,-6,-2,0,-11,2,-1,-2,0,0,-1,-35,-7,-4,-2,-1,1,-18,-3,-17,12,-26,2,-4,8,8,6,-11,8,-11,-22,-26,6,14,-17,-10,-5,3,-19,-3,1,0,-2,-15,1,0,3,-29,4,-1,-1,-10,3,-22,60,-8,15,-3,13,-6,18,0,17,-2,8,1,68,41,60,37,38,-136,7,-95,22,-72,35,-17,27,1,113,-26,40,-1,15,82,107,25,190,1,42,11,50,266,75,28,4,73,20,-8,116,12,24,29,13,30,26,-73,43,11,75,-6,35,17,38,64,39,24,6,45,-35,27,10,-34,100,-62,71,6,71,117,-40,26,60,17,15,47,-1,54,92,102,-13,83,48,-18,38,0,10,-20,53,-21,17,-23,77,-14,21,-11,53,-39,83,-16,63,-100,277,-79,117,-12,14,-57,87,-61,20,-40,-132,-178,-98,-237,-31,-316,147,125,410,-770,-257,-154,6001,-241,50,-597,88,-602,53,-605,18,-605,-18,-602,-53,-597,-88,-590,-123,-579,-157,-566,-190,-552,-223,-533,-255,-514,-285,-492,-315,-468,-343,-442,-370,-23,-22]]]
1279403	n	73.9673,29.9528,74.3934,30.3577	[[[739673,301685,24,-425,55,-55,-58,-13,1206,-1523,2556,-141,191,124,189,149,98,94,-493,1712,-84,31,45,104,-200,697,-340,-106,-225,132,-6,25,84,151,115,107,146,-96,-4,90,74,237,-156,542,-136,43,-59,13,-2963,-1682,5,-76,-64,-134]]]
1254327	r	78.6591,11.9697,79.37,12.5396	[[[786591,120775,63,-165,36,-79,1880,-391,101,53,68,72,402,-102,140,133,177,260,121,125,135,-21,49,18,77,-36,53,-76,17,63,64,47,314,-13,20,-17,-69,-56,-9,-27,-1,-33,27,-31,133,-61,63,-35,62,-22,28,25,22,34,33,70,24,8,25,-3,19,8,6,11,-3,47,-41,35,-5,71,80,13,3,0,51,9,66,46,14,23,8,37,48,-1,74,-76,12,-76,-33,-84,-14,-26,-32,-89,-85,-5,-15,5,-18,-7,-7,-18,8,-18,5,-5,8,-52,-7,-24,13,-13,52,-14,49,2,37,-5,14,-45,112,-51,52,59,83,-58,33,-15,49,14,79,56,28,66,12,54,62,57,122,-82,142,-50,-46,-300,39,-160,136,-31,-36,-117,91,-9,1789,2196,0,1857,-4170,1646,-207,-116,-180,-159,-2552,-4346]]]
1268593	r	76.1625,29.5168,76.6865,30.0722	[[[761625,298185,2158,-2623,2419,-394,271,327,391,1788,-1566,3439,-190,-3,-12,-5,1,4,-149,-2,-3081,-1528,17,-105,-27,-173,56,-42,80,16,-1,-39,22,-6,60,21,27,50,52,-66,151,11,78,-64,76,-21,-32,-248,-109,11,-70,-27,-8,-5,-3,-2,-30,-19,-8,-98,-88,52,-142,11,-125,-213,-114,-51,-104,4]]]
1277599	n	86.6885,21.2697,87.1665,21.7161	[[[866886,214900,12,-222,35,-219,57,-215,80,-209,101,-201,122,-190,141,-178,159,-165,176,-149,190,-132,203,-114,214,-95,223,-75,168,-39,410,577,1460,1476,493,330,535,268,-55,208,-80,209,-101,201,-122,190,-141,178,-159,165,-176,149,-190,132,-203,114,-214,95,-223,75,-230,54,-234,32,-237,11,-237,-11,-234,-32,-230,-54,-223,-75,-214,-95,-203,-114,-190,-132,-176,-149,-159,-165,-141,-178,-122,-190,-101,-201,-80,-209,-57,-215,-35,-219,-12,-222]]]
1271107	n	73.3792,22.6186,73.8536,22.9961	[[[733792,228416,4,-2,4108,-2228,79,80,142,178,123,190,102,201,81,209,58,215,35,219,12,222,-12,222,-35,219,-58,215,-81,209,-102,201,-123,190,-142,178,-161,165,-177,149,-192,132,-205,114,-216,95,-225,75,-232,54,-236,32,-239,11,-239,-11,-236,-32,-232,-54,-225,-75,-216,-95,-205,-114,-192,-132,-177,-149,-161,-165,-142,-178,-123,-190,-102,-201,-58,-149]]]
1256523	n	91.6309,25.3439,92.1291,25.8461	[[[916309,256200,12,-222,5,-28,1,0,-5,-28,-12,-222,12,-222,36,-219,60,-215,82,-209,104,-201,126,-190,146,-178,164,-165,179,-148,103,-55,3,-1,559,-298,193,-63,237,-54,242,-32,244,-11,244,11,242,32,237,54,230,75,221,95,209,114,196,132,181,149,164,165,146,178,126,190,104,201,82,209,60,215,36,219,12,222,-12,222,-5,28,1,0,5,28,12,222,-12,222,-36,219,-60,215,-82,209,-104,201,-126,190,-146,178,-164,165,-181,149,-196,132,-210,114,-221,95,-230,75,-237,54,-242,32,-244,11,-244,-11,-242,-32,-237,-54,-230,-75,-221,-95,-210,-114,-196,-132,-181,-149,-164,-165,-146,-178,-126,-190,-104,-201,-82,-209,-60,-215,-36,-219,-12,-222]]]
1258178	r	76.3037,27.88,76.8592,28.5339	[[[763037,281933,1,-1,8,-1,53,-22,-8,-38,31,-18,-6,-72,87,-30,29,-26,78,-25,11,-2,11,24,103,-24,45,-27,1037,-2871,3039,0,-116,2416,60,66,26,49,30,33,96,70,44,8,81,-1,48,28,18,33,45,0,52,-14,20,1,39,83,14,51,-41,36,6,20,-30,16,11,25,2,39,-10,47,-18,18,-4,17,22,55,27,29,22,-5,9,-31,60,-26,25,10,31,34,4,20,-14,13,-51,22,-7,20,0,72,30,52,22,-13,33,-3,176,-1,71,107,36,8,36,-9,20,18,60,-3,32,41,19,40,-15,53,-100,49,-41,-10,-25,5,-155,54,-61,0,-13,-5,-19,8,-38,-39,-18,13,13,21,-35,26,35,60,-6,10,-25,15,-30,8,-29,-26,-10,-1,-33,24,-26,-8,13,-51,-22,-13,-13,-44,0,-1,-7,-21,-32,-61,-54,-82,-33,-38,-28,9,-67,58,-9,26,-11,11,3,38,-11,22,-50,14,-30,30,-39,24,-125,28,-62,22,-236,115,-32,11,-135,-56,-95,64,-47,-39,-55,17,-5,55,-41,7,27,63,27,134,41,43,-22,11,25,47,-18,14,39,133,-57,24,-63,5,-20,-27,-2,-21,-10,-22,-10,-3,-24,-69,-161,46,48,189,83,136,-38,16,24,63,-49,61,72,153,-1,4,44,97,138,-39,146,-101,-14,-53,194,-56,108,24,56,118,-6,136,-35,66,-132,50,-65,66,-7,103,99,253,-69,134,11,67,-46,18,23,72,-35,222,-826,469,-2382,-1856,31,80,3,18,-16,45,-29,18,-21,5,-191,3,-45,28,-19,4,-14,-28,24,-94,-9,-75,3,-52,37,-20,41,-42,33,-19,-1,-5,-628,-489,225,-622,-4,0,-28,-96,-36,-79,-17,5,-16,-17,-23,-2,-11,-18,-87,4,-16,-102]]]
1276759	r	88.6466,22.3331,89.0025,22.8604	[[[886466,225612,12,-160,856,-1452,468,-582,112,-24,227,-35,229,-21,230,-7,230,7,229,21,227,35,225,48,220,62,216,76,13,5,-64,284,-1,98,27,103,85,131,18,79,-41,232,-184,397,-90,370,-120,89,-310,113,223,139,61,230,-44,269,-96,256,-94,160,4,8,24,11,5,39,30,9,24,-8,10,8,3,17,20,7,13,65,20,52,0,36,14,23,22,11,32,37,72,3,-17,21,15,68,-18,37,-27,23,0,11,-21,28,-48,25,-28,-14,-17,25,-26,8,-20,18,-137,77,-19,44,-1,33,-10,18,-66,30,-23,34,-6,26,-53,18,-13,-23,-7,48,69,136,112,126,107,153,43,134,39,194,17,194,-23,135,-114,101,-76,23,-549,-37,-2065,-1992,-175,-963],[889101,227260,21,-21,15,-29,-7,-42,-24,58,-5,34]]]
1274337	r	78.9858,24.0966,80.4318,25.424	[[[789858,244417,78,-189,-24,-52,15,-46,43,-20,-28,-37,12,-66,39,-23,-11,-20,26,-34,69,-22,-36,-133,7,-66,39,-15,98,75,14,64,121,-66,5,-56,91,-24,117,4,54,86,30,16,12,-18,96,203,-18,59,26,29,135,-47,140,-1,-15,73,25,33,181,39,125,-64,60,52,89,18,113,109,31,-13,64,39,126,25,106,-48,51,6,135,-140,88,45,156,-1,91,-43,33,-57,-27,-146,50,-40,32,216,27,-9,176,-288,224,-74,-182,-191,-191,139,-118,-70,3,-46,-84,41,-53,-4,4,-51,46,-27,-52,-140,7,-52,-51,-18,-32,19,-136,-50,-65,46,-44,-7,14,59,-27,157,-165,22,-115,99,-87,24,-37,35,93,125,-4,71,-53,42,43,22,19,72,-160,-12,49,-86,-59,-78,5,-97,37,-42,-66,-1,-71,-36,-12,-69,101,6,41,-35,52,2,51,-99,19,-110,115,-74,11,-57,60,-2,19,-108,-34,-63,-129,-22,-10,-138,52,-168,-147,-58,-28,20,-86,-58,-71,-67,28,-53,-19,-30,-16,16,-35,-35,-25,5,-69,86,-79,27,-59,-9,-15,37,-87,-155,-31,-4,4,-53,-94,-24,-114,71,-6,38,43,71,-19,27,-77,11,-78,-30,-25,-76,59,-99,-51,-72,3,-118,-146,5,-52,-36,91,-91,-39,-149,2,-71,44,-22,8,-32,-27,-136,143,-58,14,-133,100,-54,-75,-95,1,-59,137,-56,96,24,58,-54,119,-4,107,-72,-6,-125,179,-61,54,48,17,107,73,-18,33,29,17,48,-29,39,158,30,37,-23,-5,-57,70,17,40,44,28,-11,132,84,43,12,54,-23,41,29,48,-2,35,55,-22,31,40,33,73,-20,75,49,14,-22,80,-9,17,36,32,1,86,-71,143,38,63,-8,23,22,127,-8,62,-28,10,-42,59,-6,18,64,69,-13,36,18,48,40,-9,54,-110,-8,-105,109,-65,4,9,98,-27,68,94,55,109,-36,113,40,333,41,28,57,141,-9,-71,141,113,54,22,126,-35,105,77,149,-16,55,36,17,26,80,-94,110,105,51,-14,81,48,79,1,104,27,10,-62,63,-25,91,51,22,44,84,43,27,-7,40,44,61,-116,117,-99,52,35,57,-7,104,25,51,44,1,3084,-368,194,506,5,-3,67,72,114,50,101,-61,144,-262,224,-80,112,127,164,-12,71,-77,75,-16,41,-43,-14,-180,82,-50,90,0,134,219,25,-8,9,20,19,-21,6,22,100,26,-71,88,24,57,-56,53,6,126,-87,187,2,249,-41,56,24,55,155,129,-124,155,-61,142,53,105,115,15,20,28,-29,148,-101,164,3,112,57,145,89,-68,84,13,115,58,-64,-22,-129,12,34,162,-34,12,-101,-34,-57,-77,-26,-7,-19,25,-89,-21,-7,97,-136,36,11,211,108,29,48,39,31,135,101,114,20,195,93,215,101,83,89,7,249,-110,17,-116,88,-135,166,-82,90,75,81,160,102,78,37,63,32,128,-19,69,66,139,133,94,92,137,382,247,170,166,124,184,78,187,5,102,-36,82,-275,179,-108,272,-61,101,-94,76,17,69,-17,85,98,34,80,121,43,24,69,-1,1,0,488,-12,197,-66,187,22,73,223,81,52,332,105,115,131,95,57,119,132,46,16,38,58,226,131,87,-16,88,72,86,86,-33,153,89,93,243,112,82,171,-39,45,323,296,-26,46,41,13,-26,39,40,64,157,49,31,-16,136,126,297,48,83,63,35,81,-96,198,-144,206,30,61,-74,199,-70,24,-76,-89,-51,-2,-140,103,-128,142,-54,154,-259,10,-147,82,4,118,73,69,29,72,-26,99,39,99,-103,120,-28,103,17,62,90,55,-40,197,-9,27,-270,285,-33,-15,-52,53,-161,32,-25,-79,-58,-65,-21,-88,-172,70,-45,-54,-109,-57,-146,78,14,69,-52,26,-64,-120,-11,-238,-259,-13,-18,-128,-91,-51,-87,-14,-76,-69,-107,-165,-45,61,-78,30,-14,-18,-137,86,5,7,-2,2,-152,49,-67,-113,-94,-77,-112,34,-232,-18,-45,38,-80,-76,10,-32,-20,-31,-1,-5,-5,-4,-8,-13,-56,-37,18,-67,47,-38,-34,-66,13,-78,-31,15,-71,-35,-75,-76,-26,10,-30,-30,-4,-85,88,-54,-30,-27,9,-36,-1,0,0,-1,-184,17,-59,-56,-123,47,-153,-20,-49,42,-95,-107,-23,-105,-89,21,-46,-78,-10,-100,-44,-50,-11,178,-90,63,-54,-101,-92,7,-150,95,-134,-147,-131,-7,14,-105,158,-86,-69,-70,0,-47,-57,-107,90,-61,4,-81,-23,-27,70,-49,-45,-113,9,-112,26,-21,43,13,81,-70,-66,14,-88,-23,-145,-126,2,-68,-50,-57,12,-55,53,-47,-8,-29,92,-62,-7,-1,5,-4,-47,-6,-69,-17,-19,5,-30,-4,-163,53,-47,89,-157,18,-357,151,-90,49,-16,43,-135,51,-129,-81,-183,-25,-292,39,-47,25,-51,-34,-51,-114,-240,93,-77,-28,-127,73,-61,64,-10,-53,-79,-43,-31,-17,-17,-9,-96,-3,6,56,1,13,3,23,72,117,-18,114,23,17,102,-12,19,52,121,88,-1154,785,-578,-15,30,44,4,84,132,-37,7,41,167,-30,14,48,-126,16,-34,45,8,54,-121,49,-7,-36,-53,28,-26,-27,37,-87,-69,-21,-179,-141,-116,-14,-171,26,-20,20,8,158,-130,89,-56,-32,-24,19,9,43,-189,67,-13,-113,66,-87,-41,-125,-69,17,-76,42,30,183,-64,-9,-158,48,49,114,56,56,-52,25,6,29,-23,8,16,76,34,41,23,-10,52,79,-78,24,-23,-33,-30,2,-126,60,-181,-12,-85,36,-7,-88,-42,-58,-161,10,-90,-157,-24,-237,-47,-112,67,-101,40,-27,18,27,74,-11,66,106,8,76,37,32,91,-93,5,-47,70,-97,61,-39,131,16,56,122,82,-8,75,-51,-62,-139,-1,-11,-2269,-59,-141,-229,1520,-5574,-130,-51,-173,79,-70,-26,-50,-51,-67,-150,5,-206,-117,-93,-189,-29,-197,67,-144,87,-247,25,-147,-12,-120,66,-116,-66,-76,-7,-82,-41,-41,-88,109,-142,2,-3,1,-43,-86,-81,-72,-137,-92,-71,-37,-97,-131,-84,-57,-10,-84,-171,-6,-167,-70,-69,23,-106,-145,-212,-87,-202,-5,-119]]]
1263834	r	74.7694,23.8327,75.3706,24.3394	[[[747694,240700,6,-181,19,-180,32,-178,45,-176,57,-173,69,-170,82,-164,92,-160,104,-153,115,-147,125,-140,134,-132,144,-124,152,-115,160,-105,131,-75,3694,448,105,103,125,140,115,147,104,153,92,160,82,164,69,170,57,173,45,176,32,178,19,180,6,181,-6,181,-19,180,-32,178,-45,176,-57,173,-69,170,-82,164,-92,160,-104,153,-115,147,-125,140,-134,132,-144,124,-152,115,-160,105,-167,95,-173,86,-179,74,-185,64,-188,53,-109,23,-3383,-1506,-64,-129,-69,-170,-57,-173,-45,-176,-32,-178,-19,-180,-6,-181]]]
1274553	p	1275362
1260777	n	72.2566,23.9978,72.6862,24.3961	[[[722566,240811,3426,-833,149,123,162,165,75,94,-10,63,-61,55,-54,-17,-53,78,85,50,7,31,65,24,30,65,-16,51,69,-7,9,30,74,27,-1,28,92,-86,14,-6,46,89,82,209,58,215,36,219,12,222,-12,222,-36,219,-58,215,-82,209,-103,201,-62,95,-775,737,-174,96,-218,95,-227,75,-235,54,-239,32,-241,11,-241,-11,-239,-32,-127,-30,-1227,-3077]]]
1265242	r	80.48,27.7809,81.3438,28.4592	[[[804801,280541,98,-163,83,-33,-29,-54,46,-42,-3,-287,32,-18,48,-12,193,-129,162,4,-7,-69,84,-75,4,-20,15,-15,-7,-20,4,-18,-28,-58,-69,-3,-60,38,-40,-61,29,-33,59,-13,-2,-107,-44,-38,-76,21,-22,-49,-128,-71,23,-72,-79,-35,-49,-87,10,-159,43,-58,229,-22,-17,-145,162,-75,0,-38,-247,-512,918,-204,0,3,66,84,18,58,75,84,-12,35,0,30,25,55,39,118,24,27,-17,15,22,33,42,41,10,-15,4,0,7,-2,1,-12,36,-5,3,-16,0,-2,14,-6,-8,-24,13,-7,10,-22,-19,-18,2,-14,17,-7,0,-19,-1,-14,12,-23,7,-7,13,-1,3,-8,45,12,16,-4,39,74,-9,5,1,9,24,2,13,17,-3,6,-4,12,25,3,18,-11,-11,-29,14,-2,-3,-12,-1,-3,10,-26,19,4,6,-8,21,3,21,-17,17,11,1,0,19,-2,2,17,31,15,5,0,-1,-18,20,14,17,-10,1,-1,45,6,23,-35,22,-14,19,-4,12,-7,24,-17,60,-24,66,-13,30,-31,10,-5,49,-27,16,-33,66,-11,103,-59,8,47,-24,46,-4,9,2,3,24,28,21,25,14,8,129,-64,27,36,-5,11,24,53,26,-12,68,-51,14,22,3,1,4,0,24,3,31,-12,62,71,139,-75,34,-25,15,-8,11,-11,37,-27,34,-40,23,-54,6,-6,26,-10,5,-1,5,-2,31,-12,7,1,26,20,11,10,1,0,56,45,35,-8,52,66,-16,31,21,41,13,-2,13,14,-15,48,8,79,23,5,62,-11,9,9,83,-16,17,25,-17,21,98,105,70,35,8,0,20,-19,27,35,12,4,67,68,17,3,22,-16,10,1,57,-50,-16,-37,-28,-5,8,-26,-6,-11,56,-33,14,24,13,7,107,119,89,-41,57,85,10,11,10,-6,34,38,-35,53,30,47,-24,55,15,-7,3,2,58,-20,48,16,22,44,2,17,20,29,-9,53,68,99,-22,30,38,30,89,36,61,-10,24,-13,36,-38,-91,-34,-9,-13,3,-10,56,-45,1,0,18,-16,67,-24,62,12,10,7,24,1,71,-46,67,-57,-143,-90,20,-14,-34,-101,8,-15,8,-6,-2,-5,-102,-126,37,-174,72,-16,27,24,26,-7,36,82,-48,99,50,85,190,61,32,40,-9,52,41,138,-21,63,32,125,-64,90,-45,5,3189,1384,36,68,-75,287,-109,320,-48,112,-135,-20,-109,45,32,142,-163,36,-63,77,40,82,151,55,-135,241,-581,592,-136,278,-57,167,-178,169,-275,229,-291,213,-306,195,-111,61,-418,71,-467,79,-72,108,-19,125,-22,67,-218,73,-68,-20,-193,4,-199,35,-160,46,-186,120,-2,4,-313,46,-156,14,-1059,-2193,-46,-376,118,-48,34,-86,87,-40,-22,-46,-29,-22,-48,31,-82,-2,-45,-42,19,-30,109,-13,-2,-118,99,-43,3,-51,-118,-186,-148,-87,-62,-138,-145,57,-50,42,27,61,-160,85,3,174,20,21,-11,29,-58,20,-83,116,-115,-101,-42,-119,-64,-6,-23,-127,-72,-83,25,-34,-31,-54,-144,-116,-7,-31,49,-61,-132,-2,2,-80,53,-83,-8,-56,-110,-11,-56,110,-44,15,-66,-55,-47,22,-110,-27,-132,31,-85,89,-185,28,-52,-29,28,-122,-97,-34,-40,-59,126,-147,-74,-101,-69,18,-114,119,-50,2,-65,-53,-96,17,-99,-26]]]
1253468	p	1275610
1273587	r	79.1534,23.566,79.7266,24.094	[[[791534,238300,6,-173,18,-172,31,-170,42,-168,55,-166,66,-161,77,-158,89,-152,99,-147,109,-140,119,-134,128,-126,137,-118,145,-109,153,-101,159,-91,165,-82,171,-71,176,-61,179,-50,183,-39,185,-28,187,-17,187,-6,187,6,187,17,185,28,183,39,179,50,176,61,171,71,165,82,159,91,153,101,145,109,137,118,128,126,119,134,109,140,99,147,89,152,77,158,66,161,55,166,42,168,31,170,18,172,6,173,-6,173,-18,172,-31,170,-42,168,-55,166,-66,161,-77,158,-89,152,-99,147,-109,140,-119,134,-128,126,-137,118,-145,109,-153,101,-159,91,-165,82,-171,71,-176,61,-179,50,-183,39,-185,28,-187,17,-187,6,-187,-6,-187,-17,-185,-28,-183,-39,-179,-50,-176,-61,-171,-71,-165,-82,-159,-91,-153,-101,-145,-109,-137,-118,-128,-126,-119,-134,-109,-140,-99,-147,-89,-152,-77,-158,-66,-161,-55,-166,-42,-168,-31,-170,-18,-172,-6,-173]]]
1270498	r	79.2737,28.9785,79.9699,29.6064	[[[792737,291900,1077,-507,151,-248,231,-198,160,-112,-14,133,54,151,2731,-1283,870,-51,1071,425,40,58,136,223,119,230,101,237,84,242,65,246,47,250,28,251,10,253,-10,253,-28,251,-47,250,-65,246,-84,242,-101,237,-119,230,-136,223,-151,215,-168,205,-183,196,-196,184,-210,173,-223,161,-234,147,-244,133,-254,120,-262,104,-269,89,-276,73,-280,58,-284,41,-286,25,-288,8,-288,-8,-251,-22,-2024,-4134]]]
1270568	r	88.5224,22.6575,88.8706,23.0286	[[[885225,228272,409,-406,2,3,83,27,18,0,12,-17,36,-27,52,-18,7,-19,-3,-23,19,-41,-17,-47,36,-91,-6,-38,768,-1000,2065,1992,-1176,827,-1028,892,-500,-95,-323,-491,-314,-573,-10,-27,-130,-828]]]
1266305	r	77.8395,12.7819,78.5873,13.5988	[[[778395,129218,27,-78,24,24,122,1,51,-22,-96,-234,34,-147,107,-1,13,-80,155,11,3,5,20,11,51,-10,44,90,129,-8,16,70,116,-8,44,65,39,3,58,-38,11,-30,-19,-32,-70,4,-5,-72,151,-10,-12,-58,-62,-37,-5,-8,-69,-49,-38,-9,6,-65,-42,-78,-27,-34,3,-79,32,-39,23,26,41,-1,68,-65,67,-4,53,154,-61,78,7,82,27,36,98,-13,4,-67,53,-23,51,26,19,-20,-32,-75,1,-61,22,-19,158,26,-13,-79,108,-58,-16,-133,69,-19,49,23,63,-5,32,-28,49,82,-19,50,-90,63,61,51,78,5,14,132,54,-22,40,33,13,40,-68,42,1,33,74,15,0,-61,198,-35,15,47,24,4,45,-19,13,-81,106,-10,61,-30,-32,-96,121,19,46,-81,3,-60,135,-81,58,-50,42,-12,-120,131,-135,178,-116,190,-97,201,-76,209,-55,215,-33,219,-1,5,2144,1551,-193,2182,409,503,151,70,214,75,54,13,521,-388,24,47,47,-8,7,-37,-29,-38,9,-7,61,-8,147,36,15,54,-3,29,-153,52,17,36,-172,87,-14,-21,-54,4,-11,-31,-39,2,-8,34,42,114,97,104,29,134,-27,182,15,35,-32,56,-17,127,33,29,-60,117,16,101,-20,8,-18,68,42,80,38,46,-25,195,-14,11,-1,10,11,8,-5,45,80,52,2,7,20,7,-16,93,96,161,-5,117,53,94,7,16,4,3,28,51,8,23,36,55,-51,17,-4,18,3,30,-1,49,-171,37,-356,-51,-20,39,-217,41,-104,-34,-439,-33,-122,-55,-5,30,-145,114,-12,-15,-52,32,-29,-20,10,-57,-35,-49,-96,32,-30,33,-33,-25,-43,-114,-95,-105,-59,-24,52,-20,-75,-154,73,-72,26,-135,-9,-45,-37,-24,-87,-2,-26,-71,104,-10,11,-28,14,-257,74,-60,23,-71,-44,-63,-6,-71,-40,-79,-80,-26,9,-87,-57,41,-31,-36,8,-42,-34,-13,-3,-128,-137,-70,-81,17,-81,-57,-170,-43,-74,-186,-37,-7,-22,-74,0,-34,64,-18,138,25,31,-21,23,-63,-24,-61,38,-4,7,-31,2,-73,-184,19,-11,-65,33,-148,-25,11,-8,-39,-218,-51,59,-55,69,-23,14,-71,133,-41,-27,-167,-121,51,-43,58,-99,58,-50,-6,-105,65,-21,-63,-31,-17,-112,2,-150,-34,-15,-62,-70,6,-52,-151,-170,54,-144,-8,-38,78,-4,108,-173,34,-50,-7,-38,-50,-7,-131,-96,-5,-60,-32,-77,18,-35,-23,-10,-48,27,-11,1,-38,-33,-25,-99,15,-48,-36,-33,4,16,-176,-48,-49,106,-21,30,64,164,-60,-8,-76,-254,-239,173,-708,-6,-16,23,-98,-16,-40,-76,13,-28,-40,-65,15,-19,-170,-119,28,-24,18,5,34,-82,31,-13,-79,-128,-87,2,-26,96,-38,50,-84,-28,-68,51,-15,86,34,-8,-68,56,-19,69,46,9,50,19,-148,-41,-28,-92,24,-66,-73,-26,-102,-53,-25,-84,6,-114,48,-17,-16,9,-60,-43,-8,-16,-83,61,-21,-65,-150,-9,-114,-65,-34,-53,-76,-4,-105,-27,-20,4,-122,-67,7,6,-75,63,-63,-45,-89,66,-57,-30,-81,-15,-33,-100,19,-82,-36,-36,-58,-64,-15,-15,-30]],[[781261,127917,79,-96,44,-2,-46,33,-77,69,0,-4]],[[784091,133178,1571,-1169,17,5,31,105,80,12,-15,55,-110,21,6,46,21,133,26,27,-16,62,89,60,62,88,20,181,-87,-2,-24,51,13,98,-81,140,-39,27,-25,-26,19,-18,-3,-131,-31,-58,-79,-54,-77,44,-67,2,-26,-140,-46,-68,-57,15,-1,31,-45,15,-18,95,-67,27,4,52,-83,4,-66,87,-192,18,41,119,-2,80,-75,10,-59,-24,-33,-47,-225,-69,-43,137,3,65,-121,28,-64,-30,-28,-75,-98,-29]],[[785685,131915,31,-243,15,10,68,-8,-33,73,-4,119,-77,49]]]
1255647	r	83.5895,18.0972,84.2374,18.6207	[[[835895,183647,1132,-2675,725,424,1602,699,3,-2,17,7,57,6,58,23,88,64,1197,523,357,267,109,355,88,96,37,102,24,106,50,106,89,88,217,162,138,182,422,282,69,105,-4774,1640,-451,-383,-1254,-2177]]]
1263814	r	76.3298,12.2179,77.3338,13.0554	[[[763298,128015,50,-143,148,-16,-19,-64,22,-72,-72,-59,2,-56,99,-93,43,-12,-18,-62,-41,-13,-31,19,-40,-21,16,-48,-44,-55,66,-160,70,-51,66,9,13,-59,-10,-129,-26,-8,8,-53,-63,-17,-8,-172,-54,0,-56,-87,1,-36,96,-50,6,-110,104,-111,9,-209,65,-16,-10,-27,37,-62,41,-206,194,-33,12,-43,-62,-36,-23,-49,20,-87,121,12,83,49,35,-93,129,-63,-49,-97,127,-110,26,-106,47,-45,65,26,29,-37,-34,-81,29,-137,122,-80,129,-25,116,-53,135,-163,89,18,210,-117,163,-19,61,-65,131,-73,-19,-268,-71,10,-33,-82,42,-19,11,-63,59,-20,-60,-170,59,-140,80,-28,179,80,-19,57,49,41,270,19,29,17,20,86,139,70,27,103,51,17,65,-13,80,-89,53,4,48,37,96,3,-14,-47,18,-35,30,-5,-48,-108,5,-47,83,-24,17,-57,83,-82,148,67,40,-7,-13,-50,128,-91,12,-260,54,46,63,-29,15,-77,91,-84,50,18,49,78,-22,296,38,43,2,48,121,20,37,-9,9,-48,74,4,55,75,75,4,0,124,38,-75,48,30,6,40,836,-858,913,450,3,-67,42,-58,65,-6,-49,-124,-56,2,-66,63,-38,0,-53,-168,103,-47,87,14,-11,-309,42,-43,15,-96,179,19,123,-43,108,-76,9,18,99,-3,28,49,57,3,90,-60,47,41,94,-5,-9,-153,33,19,72,-52,179,27,23,202,156,19,55,60,153,12,71,61,109,3,71,35,-54,210,54,42,-2,156,-30,96,121,3,121,-29,266,10,75,-52,117,68,110,-19,188,59,362,-155,225,93,-26,47,24,138,87,277,-32,79,-172,303,-118,-16,-157,23,-15,137,-27,24,24,0,-23,116,42,0,-8,79,-119,9,-33,44,48,56,-57,252,-48,-32,-67,19,-34,68,-90,-23,-18,20,-72,0,-10,134,-54,3,-43,-93,3,151,102,-32,26,31,-8,105,-137,27,-19,-111,-57,7,-32,-71,-75,1,1,54,-57,-1,-24,-73,-196,-39,-23,33,-78,27,-33,-103,-70,5,-106,-135,-92,42,-50,130,-76,10,-15,42,67,133,11,209,-67,47,23,85,-20,36,-47,57,-61,19,0,103,56,23,77,-23,7,166,-116,121,-27,145,-42,2,-19,117,29,78,115,33,-1,42,-57,50,-120,-10,-15,28,-28,0,-12,428,-17,22,-172,7,-66,45,20,42,-20,2,-8,44,-1,147,108,386,-31,37,-39,-9,-92,127,-185,-109,14,32,-67,275,-91,-93,-86,-21,-7,-36,-160,12,-28,84,32,97,-113,-65,-74,104,-73,36,-2,31,-78,-20,-25,125,-168,6,-56,-26,-4,2,-570,1179,29,9,-33,37,-14,84,-53,19,-106,218,-347,74,-12,98,108,0,18,61,-248,191,21,35,-98,28,-51,87,-72,-15,-221,33,-31,146,-157,53,-74,14,-18,-16,-20,21,-45,-15,-256,54,-166,-14,-66,17,-86,-48,-69,78,-60,28,-34,65,-44,15,-144,-350,-8,-70,-50,-60,-119,22,-85,-53,-24,-99,25,-9,15,-94,-2,-27,-24,3,2,-89,-100,-72,-96,-2,2,-64,55,-38,-13,-180,-102,15,-29,-157,-39,7,-27,-25,31,-164,-86,-138,55,-100,-133,-79,-41,1,9,-16,-48,-56,25,-190,-54,-20,-182,4,-75,-51,-111,41,-60,-32,-90,3,-30,-76,8,-75,-83,-41,-71,-2,-128,-156,38,-9,5,-28,-38,-141,38,-59,54,-24,-4,-80,-65,-51,-28,59,15,66,-20,61,-114,-52,-1,-78,-33,-11,-95,52,-68,5,-35,36,26,78,107,47,31,52,-71,73,-18,-30,-45,15,-119,144,-2,44,-206,17,-52,167,12,36,39,1,1,125,-77,3,-40,62,-64,6,13,-210,-116,35,-64,-30,-43,6,15,-36,-48,-104,-55,-30,-26,34,-54,-29,-24,-43,38,-100,-25,-53,-193,3,-146,32,-38,-23,-8,-87]],[[769694,122575,65,-65,82,21,31,58,-36,84,-31,40,-99,23,-12,-161]]]
10834495	n	84.0832,24.7597,84.3428,25.1961	[[[840833,251694,189,-1484,45,-1,9,14,-10,26,5,15,26,-1,104,-34,33,-35,-19,-24,-2,-19,29,-13,64,-16,11,1,13,15,15,-5,21,-27,37,-8,16,-13,-16,-74,39,-41,27,-63,50,-20,-18,-26,-34,-24,-16,-26,-3,-40,-11,-29,41,-18,11,-17,-14,-35,26,-58,6,-32,-20,-23,-65,41,-101,0,-74,-70,-71,-31,-10,8,18,28,-9,13,-36,5,-18,50,-21,-1,44,-347,36,-3,-14,-60,-11,-24,201,-1570,2072,1390,-1195,2963,-233,10,-243,-11,-240,-32,-236,-54,-229,-75,-219,-95]]]
1268715	n	88.1572,22.91,88.6002,23.1129	[[[881572,229709,5,-2,1,1,1408,-408,999,0,230,-200,1140,0,10,27,-1184,343,-28,71,22,23,10,4,82,-5,130,-41,44,-3,95,-27,59,3,40,13,30,-66,36,-12,6,-7,-1,-62,126,-8,79,17,89,43,45,48,16,2,51,-26,29,-28,58,90,4,25,-35,8,-18,23,-25,57,-8,45,40,-17,113,38,16,22,393,0,323,491,-1543,938,-1558,-395,-1028,-132,-24,-36,-102,-201,-81,-209,-58,-215,-35,-219,-1,-13]]]
1272552	r	93.5054,25.62,94.0121,26.2	[[[935054,261251,206,-738,149,26,24,178,97,114,-8,150,-70,77,50,58,128,43,62,61,22,144,-16,152,20,36,69,7,70,-25,128,-111,429,-64,83,7,49,-37,316,-18,89,37,43,109,63,35,-16,37,-84,25,-26,112,38,41,167,53,85,-14,73,59,122,-72,99,-7,20,-99,26,-12,199,36,53,-27,145,-14,253,138,58,-12,-22,-31,11,-92,81,-23,-89,-102,64,-106,-105,7,-27,-18,0,-33,98,-60,-17,-22,-58,2,-39,-40,60,-81,-74,-9,-20,-59,-67,-51,72,-97,-99,-13,33,-71,-53,-70,33,-101,-35,-2,-10,-80,-47,-60,-66,24,-68,-35,17,-24,72,-2,47,-46,-27,-57,-115,19,20,-64,40,-28,58,21,57,-23,-129,-73,0,-32,77,-49,-63,1,-39,-54,69,-28,5,-71,79,6,-40,-93,9,-49,78,-2,14,-34,-81,-11,-72,-70,-32,65,-61,6,-15,-33,49,-15,-4,-23,-69,-13,-29,-53,-53,35,-36,-34,56,-56,-31,-58,-5,57,-30,10,-2,-77,57,-22,-41,-32,-30,26,-26,4,-11,-4,-3,1,0,-2,-6,-2,-5,-10,11,-14,0,-53,-36,17,-102,-19,-99,-85,-79,-98,-120,-12,-58,31,-75,2,-45,-159,-16,-124,17,-280,42,-149,20,-39,3,0,6,-16,-14,-88,-25,8,-3,55,-37,-29,-91,-8,7,-74,-51,10,-52,-30,65,-48,-1,-32,-43,24,-55,-44,-38,16,-50,-63,-72,50,-23,-71,-79,43,-2,-70,-73,14,-13,-36,-53,-27,-11,-113,-78,19,-41,-23,64,-107,-22,-20,-45,24,-39,-14,1,-49,33,-35,-10,-21,-35,37,-23,-12,-2,-88,-50,49,-44,-6,-11,-10,408,-1468,140,-29,207,-31,209,-19,209,-6,209,6,209,19,207,31,203,43,2093,3081,-40,-14,-168,-95,26,-16,-54,-39,-79,8,-30,68,-89,61,6,206,-145,130,52,254,-70,90,69,92,28,244,78,35,-1,59,19,24,-275,677,-137,116,-162,121,-170,110,-178,100,-185,90,-191,78,-196,67,-200,55,-204,43,-207,31,-209,19,-209,6,-209,-6,-209,-19,-207,-31,-204,-43,-200,-55,-196,-67,-191,-78,-185,-90,-178,-100,-170,-110,-162,-121,-35,-29]]]
1264111	r	75.6521,30.3815,76.0885,30.6923	[[[756522,305421,57,-97,5,-26,57,-13,12,-40,117,-34,46,12,37,44,58,111,80,5,49,45,40,20,58,-36,38,-3,5,1,62,-3,83,-49,-52,-143,18,-55,22,-21,21,-7,34,2,47,34,34,-39,74,2,24,-7,33,9,185,-97,37,5,17,-35,19,-7,60,2,31,-18,18,-19,51,-17,48,-67,-53,-38,25,-208,36,-75,-12,-84,3,-38,11,-23,45,-35,72,-43,51,-10,25,6,244,153,26,-23,31,-47,45,-21,30,1,95,20,52,58,9,15,68,82,12,1,149,-44,40,10,7,9,8,47,68,50,31,83,36,2,13,9,69,126,45,-50,81,-63,20,-9,-129,-54,71,21,-101,-30,-66,-32,2,-18,21,-36,53,-126,71,-11,50,15,51,31,20,25,58,47,52,-9,78,46,59,-74,1,-3,21,-25,50,-22,1,-1,57,-24,68,-97,29,-22,102,-19,-44,-94,-39,-17,-43,-46,-25,-11,2,2,-7,-4,-2,-11,21,-94,42,-61,-40,-30,10,-45,46,-21,51,-62,22,-13,56,-1,40,6,8,17,-3,50,9,19,16,6,66,-9,59,38,43,43,25,36,-38,51,-2,19,69,46,39,12,11,10,7,29,75,80,0,28,-22,60,141,102,44,63,16,12,18,1,33,-31,69,33,58,48,-62,32,-11,14,4,45,-11,17,5,13,-3,23,-20,22,-120,58,-17,17,-4,17,-5,38,8,26,43,69,78,27,42,22,-11,30,7,61,26,44,-17,34,11,33,63,98,0,27,-7,14,-120,100,36,27,10,29,8,1,2,56,31,41,-19,27,-18,5,-9,-4,-13,10,-28,-21,26,20,0,1,-83,-18,-31,41,-13,7,-3,3,1,5,38,74,-2,36,-13,18,-18,11,-81,-49,-43,47,-64,20,-39,23,-79,14,-32,119,19,24,-9,7,5,25,-11,29,-10,4,-23,34,-1,15,-13,7,-178,4,-96,-124,-84,-25,-16,-8,-49,-16,-28,2,-21,-18,-197,-64,-45,-69,-7,-34,-27,-56,-45,-20,-9,-21,-123,-22,-55,63,-45,34,14,64,-9,12,-1,6,-15,26,-7,-2,-27,34,84,53,-58,115,-38,11,-25,-12,-20,22,-22,-3,-30,14,-21,-8,-43,-43,-8,-31,-80,20,-13,1,-27,5,-14,9,-15,-2,3,134,-158,85,1,103,76,14,1,11,179,58,-5,19,1,0,-1,1,-2,8,4,2,-6,8,-18,83,-72,38,-16,-4,-33,13,-21,62,-3,51,-16,6,-125,20,-56,-47,-19,-30,-69,-4,-86,103,-59,-5,-13,63,-28,61,-120,-16,-56,-38,61,-89,-56,-40,-2,-11,5,-5,3,-15,-5,-9,11,-19,-27,-40,-29,15,-37,-14,-49,1,-126,-41,-32,-15,-21,-19,-49,39,7,10,-6,9,1,5,9,73,-5,7,-33,12,-69,10,-39,-12,-26,-18,-12,-25,-5,-43,1,-28,15,-21,14,-5,68,15,4,-67,10,-38,57,-73,60,-44,108,-54,5,-21,-83,-64,-69,10,1,12,-19,25,-158,74,-2,2,-36,16,-86,-55,-6,4,-132,-6,-48,-115,-58,-23,2,-8,-101,-57,-17,-2,-46,-21,-53,-41,-31,-18,-50,26,-120,2,-6,6,-26,-5,-34,-36,-1,-5,-43,-49,19,5,35,-32,14,-22,17,-4,12,-12,1,-2,-87,-68,-48,-126,-124,-84,63,-99,-13,-4,2,-4,-6,-4,-49,-10,-29,-39,-23,-17,-13,-28]]]
1255927	r	83.979,25.875,84.7419,26.4264	[[[839790,261964,23,-214,41,-223,57,-220,72,-216,88,-211,104,-206,117,-199,132,-192,146,-183,158,-174,171,-165,183,-155,193,-143,203,-131,212,-119,221,-107,227,-93,234,-80,239,-65,244,-51,246,-37,249,-22,250,-8,250,8,96,8,618,475,2735,2105,47,181,41,223,24,224,8,226,-8,226,-8,79,-6334,1759,-1279,-2300]]]
1268338	p	1279233
1277264	r	86.6824,22.8512,87.3017,23.4437	[[[866824,230793,105,-213,130,-225,145,-216,160,-207,175,-197,188,-186,201,-174,212,-161,224,-148,234,-135,242,-120,251,-105,257,-89,264,-74,136,-30,3269,4434,-1766,1270,-1652,220,-1695,-294,-573,-229,-507,-3121]]]
1260173	r	70.8159,23.392,72.3212,24.1961	[[[708159,241731,615,-1385,2138,-1425,-140,-220,-71,-256,-45,-63,15,-63,68,-39,-42,-44,-57,30,-16,-34,68,-53,-91,-127,-98,40,-64,-10,5,-161,111,-50,-10,-67,32,-111,-15,-87,28,-56,-6,-45,-54,-64,108,-29,63,-54,18,-51,-28,-8,-104,69,12,-268,71,-118,18,-93,-30,-27,-264,-65,-54,-176,52,-211,109,-197,132,10,46,-61,-10,-79,77,-29,56,-68,55,13,56,79,2,37,-44,47,27,79,43,-4,13,-92,435,164,-7,75,-56,102,21,120,50,50,99,36,10,42,-76,7,104,173,255,202,16,43,-104,-10,-81,68,-4,-78,-25,-26,-58,13,-22,31,16,39,-21,10,-64,-34,28,93,-27,35,333,-16,-36,157,146,-45,12,-57,57,46,110,4,117,-98,-8,-70,77,-89,-70,-142,54,-42,2,-65,-99,-94,82,-228,231,-12,200,-60,384,-28,214,9,268,86,242,-65,11,-92,71,-57,109,-313,183,201,115,55,-9,-173,26,-87,-102,-248,29,-115,29,-24,274,-22,239,-57,-253,-211,-15,-656,70,9,236,222,246,136,49,42,42,103,97,68,-8,-266,-86,-81,-35,-75,12,-282,94,57,16,52,150,123,298,156,169,-41,88,94,78,11,10,-39,4,0,41,-8,17,7,82,33,27,-33,100,-4,183,-69,50,20,168,-80,78,44,176,-13,105,-66,177,90,105,5,18,-39,-68,-68,9,-118,127,22,43,-30,17,66,49,-50,82,-27,65,32,25,-27,42,14,7,-69,57,-67,-84,-194,-71,-25,-22,-60,9,-38,-19,-36,-1,-1,-13,-23,4,-13,8,-29,3,-9,24,-86,3,-1,206,-77,91,-34,111,21,89,67,57,81,40,3,164,102,121,161,14,206,0,1,1,5,38,47,6,8,65,80,20,24,233,108,-5,21,151,-6,-9,58,37,-36,33,68,51,0,19,-27,69,26,67,-15,11,47,42,-9,82,39,1,0,6,183,258,84,-51,185,-44,48,-18,271,-170,40,-1,25,166,37,26,60,97,57,130,19,-14,176,216,19,104,89,116,-64,59,-64,87,-12,89,46,138,-66,-64,-61,17,-11,-18,-18,45,-24,-22,-45,127,-73,-12,-84,-48,-13,0,-2,-11,-72,-34,-5,15,-69,26,26,52,-26,83,14,13,-17,76,40,166,-6,47,19,14,42,-28,158,20,17,-44,20,98,83,-20,119,-26,17,119,53,35,3,9,-33,1,-118,0,-32,2,2,18,-24,75,-37,37,10,7,62,58,32,15,-19,62,3,49,-41,8,2,136,52,86,43,-15,62,53,57,-91,80,86,83,110,-1,-5,-73,119,9,48,-91,98,17,34,-27,2,-55,36,-5,26,36,144,49,43,175,57,24,61,-67,-28,-25,12,-42,64,2,-7,-31,69,-22,11,-35,86,-8,28,-55,81,31,8,6,22,92,8,7,2,8,82,68,-11,194,45,76,-11,44,-27,-17,-2,19,61,40,-50,34,-15,94,-73,-15,-55,-41,-53,18,-12,56,66,207,-80,16,47,33,-38,88,14,70,52,41,-11,68,133,29,26,65,118,43,37,121,-86,17,-10,67,-70,-26,-3,23,-45,-2,-49,49,-6,23,50,17,-4,47,39,44,-25,48,9,50,60,7,7,62,16,-16,86,36,-39,125,-70,-17,11,47,-48,70,-14,78,-54,-12,-31,66,-296,-43,-697,2076,615,299,-1,7,-47,10,-168,-102,-73,-1,-51,37,-84,281,-32,76,-39,26,172,170,-55,58,-4,64,-52,33,-88,25,-59,-121,-124,-67,23,-80,-105,-40,-160,86,-121,27,50,55,-47,175,-202,27,-88,-26,-3,-88,-46,-66,-43,-17,-174,61,-40,-31,32,-144,188,-8,49,31,54,-17,20,35,206,-10,35,-34,25,-60,-34,-43,-1,-91,96,-60,6,-40,-94,-179,-117,-64,-34,-70,-1,-58,-1066,112,-72,35,-41,-23,-11914,1262,-72,-218,-3,-11],[712739,239343,1,0,38,-29,-39,29],[712883,239491,78,40,-77,-40,-1,0],[717143,238702,54,-90,79,-56,-80,56,-53,90],[719013,238733,104,81,124,31,-124,-32,-104,-80],[719369,238806,213,82,195,5,-194,-5,-214,-82],[719502,239172,85,5,0,-1,-85,-4],[720180,239842,24,-62,-1,0,-23,62],[720982,240429,30,116,0,-1,-30,-115]]]
1270996	r	81.5292,26.8227,82.3085,27.4396	[[[815292,271790,1090,-3548,26,-15,140,164,-40,28,14,34,153,-81,37,47,91,-44,71,69,115,12,21,34,143,-74,27,42,17,-8,31,101,76,24,20,-15,61,100,54,39,198,-91,59,21,79,-63,124,-33,153,25,36,106,64,-27,48,15,65,-69,-17,-48,56,-14,-4,-73,9,-4,2273,1096,2472,1625,-770,535,-12,51,97,231,-11,97,100,143,206,62,56,68,72,-41,-16,-16,46,-48,84,-25,-21,-48,129,-51,71,156,-68,67,-44,-3,-35,61,30,63,-78,-12,17,22,-24,1,-8,56,-113,-21,-9,81,-40,-7,-12,30,-78,37,-27,2,6,-34,-28,-9,-24,93,33,26,-49,27,-25,-31,-3,32,-61,2,-82,113,-55,33,1,-4,-22,17,-12,7,0,2,-2,1,3,40,-74,-6,-96,65,-47,2,2,65,-108,11,-49,89,-94,17,-36,38,-49,1,-40,-11,-120,14,-98,77,-30,39,33,30,4,73,-74,140,-75,16,8,51,-78,26,-40,48,-44,-33,-53,46,96,102,10,51,-45,23,17,46,-23,51,-42,-13,-21,46,-42,-6,-63,-123,-64,47,-57,-4,9,28,-6,2,-10,-4,-41,-56,-9,-18,-3,2,-1,-2,-96,63,10,40,-24,35,-48,12,-58,-22,-33,93,-122,-42,-79,62,-51,-43,-131,17,-81,-74,-18,21,-82,-18,-5,46,-62,52,21,31,-36,0,-7,36,-18,-12,-49,44,-41,-12,7,37,-46,29,-3,29,-63,-3,-14,34,-61,-71,-80,-11,-6,-23,-114,56,-39,-28,23,-50,-46,-31,1,-43,-73,-19,-34,-86,49,-24,0,-150,77,-54,-85,-85,-33,14,-588,408,-3393,-2409]]]
1272805	r	77.2273,26.3567,78.2794,26.9858	[[[772273,265295,31,-149,55,-48,-4,-43,34,-44,0,-29,-41,-29,40,-18,-2,-65,39,-71,-44,-94,53,37,13,-38,61,-24,-29,-31,0,-50,31,-15,-11,-153,54,-115,62,-37,29,30,112,5,58,55,77,16,60,-35,111,40,87,1,17,-33,152,-38,-26,-61,148,-20,27,-110,-76,-167,70,-22,90,31,22,-193,79,19,48,-24,52,-116,146,-90,72,41,170,26,307,-16,37,67,-127,244,-3,82,41,28,239,5,231,64,350,-36,169,41,79,48,100,154,-92,21,-233,75,-222,95,-212,114,-198,132,-183,149,-165,165,-147,178,-127,190,-105,201,-84,209,-59,215,-14,85,-29,-30,-5,-54,-137,-139,-99,0,-95,-56,-201,-62,-220,-146,-48,-48,3,-62,-68,23,-154,-61,-111,38,-3,-32,-51,-28,-89,-12,-33,-71,-109,-109]],[[773461,266912,126,-130,106,-173,6,113,37,219,35,129,-129,10,-180,46,-1,-214]],[[773465,266419,46,-56,42,3,24,-46,18,55,100,-11,-8,136,3,41,-25,26,-82,-31,-66,16,-52,-133]],[[776806,268691,123,-27,233,-75,3,-2,550,-3100,74,-420,2988,1638,11,-1,139,59,12,31,659,361,1180,647,16,30,-591,580,3,23,-39,12,-53,53,-143,318,60,-1,51,-89,-7,-38,53,-1,-4,21,144,38,63,-8,31,132,193,69,66,57,42,114,47,43,10,66,-48,1,-75,105,-48,26,-16,2,23,-63,-16,-36,-60,31,-96,-21,-6,88,-71,17,-63,93,-85,-118,-61,-35,-41,13,-75,83,-91,18,-77,-20,-92,77,-159,-51,-101,66,-130,-25,-108,11,-78,-38,-29,-43,16,-44,101,-6,-13,-131,-162,44,-40,-92,103,-140,-15,-75,-52,16,-40,76,-66,-16,18,-48,-159,40,-137,83,-28,-42,-3190,791,-17,-28,-47,17,-86,-18,-8,5,-315,-201,155,-873,-70,13,-53,-96,-50,-1,-31,72,-67,11,-31,-59,-27,-9]]]
1270990	r	79.9105,21.1981,80.4695,21.64	[[[799105,214600,6,-171,18,-171,30,-169,41,-167,54,-164,64,-160,75,-156,87,-151,96,-146,107,-139,116,-133,125,-125,133,-117,142,-108,148,-100,156,-91,161,-81,167,-70,171,-61,175,-49,178,-39,180,-28,182,-17,183,-6,183,6,182,17,180,28,178,39,175,49,171,61,167,70,161,81,156,91,148,100,142,108,133,117,125,125,116,133,107,139,96,146,87,151,75,156,64,160,54,164,41,167,30,169,18,171,6,171,-6,171,-18,171,-30,169,-41,167,-54,164,-64,160,-75,156,-87,151,-96,146,-107,139,-116,133,-73,73,-4056,0,-73,-73,-116,-133,-107,-139,-96,-146,-87,-151,-75,-156,-64,-160,-54,-164,-41,-167,-30,-169,-18,-171,-6,-171]]]
1260728	r	76.45,10.4223,76.8651,10.9639	[[[764500,108035,5,-19,28,-31,-9,-39,6,-20,28,4,3,-27,22,-29,36,-8,11,-17,120,6,26,12,14,-2,13,-13,7,-28,15,-9,-3,-27,14,-17,3,-31,44,-20,35,-54,44,30,48,-2,42,11,45,39,21,9,32,44,0,-2541,692,-1033,1803,1067,1006,2856,-35,42,-120,-11,-21,37,-3,20,-23,27,15,15,3,-5,8,4,3,15,19,19,8,-10,33,51,-1,39,-20,50,-23,23,-1,18,-13,21,-56,24,-26,30,-4,3,-3,13,-15,4,-5,9,-24,5,-13,9,-2,8,-16,3,4,16,-6,12,-2,18,-5,6,0,46,-21,12,-6,11,-18,1,0,-11,-9,8,-4,0,-4,4,-23,1,-37,13,-18,-10,-24,34,-5,-3,-16,16,0,2,-7,5,-33,-16,-16,18,-31,0,-10,11,-61,3,-24,11,-25,-1,-6,35,-21,12,-26,25,-31,5,-11,6,-2,5,-11,2,-44,-12,-23,5,-27,-19,-35,-9,-21,21,-1,18,-22,4,-19,19,-90,17,-27,-28,-49,4,-41,-15,-15,33,-13,14,-231,128,-40,4,-25,12,-130,2,-55,30,-146,54,-78,57,-47,47,-26,13,-9,0,-34,84,88,45,12,41,-24,35,38,90,-3,39,-479,-359,-44,14,-77,5,-66,-54,-48,-28,-46,7,-57,-8,-66,-1,-39,15,-62,-22,2,-154,-8,-156,-73,-55,-7,21,-19,28,-25,5,-22,-10,-7,-27,-15,-17,-115,-7,-42,8,-15,47,-54,13,-23,20,-42,-3,-4,-13,7,-25,-5,-5,-108,-2,-29,-12,-121,16,-25,10,-25,-7,-31,4,-24,-49,1,-31,-14,-32,-35,4,-18,-18,-16,5,-17,-14,8,-18,-16,-22,-16,-9,-19,9,-24,-13,-36,-2,-13,-18,-10,-54,1,-37,17,-111,-5,-24,6,-100,-22,-48,-4,-56,9,-39,19,-29,1,-18,-10,-11,-12,-3,-10,5,-8,33,-11,-2,-2,-12,-10,-5,-20,13,-12,-2,-1,-31,-15,-12,-2,-54,-33,-22,-7,-25]]]
1276393	r	84.2273,26.6049,84.7357,27.1332	[[[842273,268697,89,-24,181,-108,77,-129,-14,-139,-72,-43,-28,-60,62,-14,-21,-59,48,-49,2,-57,-24,-119,-84,-175,-160,-185,72,-150,148,-122,105,121,110,35,101,82,197,-11,196,-344,69,-312,283,-62,164,5,335,-76,-8,-242,9,-17,2496,-394,751,1826,-2040,3443,-75,6,-242,8,-242,-8,-242,-21,-53,-8,-1213,-1439,-4,-36,6,-19,14,-3,-21,-55,-14,-24,-25,-6,-56,24,-174,-206,2,-36,30,-43,58,-52,6,-39,-6,-32,-202,18,-28,18,-563,-668]]]
1260637	p	1271951
1258470	p	1278314
1271992	r	78.3483,27.3228,79.0905,27.7862	[[[783483,274910,731,-762,1259,-693,1679,-227,-11,129,-46,44,24,26,62,16,91,-35,74,-88,89,33,109,99,114,-89,93,-18,43,18,27,110,107,12,171,85,71,-42,40,33,66,-10,105,118,163,254,-115,82,-34,-21,14,69,-30,52,137,71,100,94,-10,24,71,90,38,-9,1,75,44,62,47,44,52,8,-34,61,42,39,0,64,0,6,170,-65,34,-62,34,-10,-23,-11,7,-14,1816,1767,-749,636,-3199,-111,5,146,-44,63,15,59,34,11,-102,150,6,40,42,34,-38,51,-41,9,-45,-52,-77,-32,-77,56,-22,68,-87,34,-96,-79,-73,-11,-41,10,-23,-8,-110,42,-57,-18,-7,3,-1,0,-5,2,8,25,-61,45,-39,40,20,25,-24,30,33,20,-23,35,1,1,-31,49,-10,-1,-16,12,-49,-43,-70,0,-57,33,-30,-33,-51,26,-22,-20,-6,4,-19,-10,-59,69,-11,23,0,22,-76,68,-47,-49,-63,10,-136,-123,54,-32,54,-55,-2,-12,-10,-9,-26,-50,-26,-17,-48,3,-21,-27,-44,-33,-81,-58,-16,-5,164,-159,-207,-184,115,-127,-50,-6,-92,-79,19,-52,-1436,-50,-139,-1838]]]
1259686	r	79.5714,28.4561,80.3505,29.071	[[[795714,285538,792,-977,1262,32,-2,5,3,12,-15,2,4,131,32,2,23,27,-2,38,26,44,4,28,-19,27,32,29,6,1,26,3,43,55,11,6,36,19,25,-14,30,-30,30,20,-2,35,11,2,23,-13,23,31,41,31,-4,94,-6,10,-25,8,-9,15,0,48,79,53,22,8,59,16,30,-9,160,-101,164,-75,-10,-63,-3,-4,-21,-20,1,-76,73,-38,20,-5,10,-3,34,-10,17,3,11,13,7,8,14,16,11,70,11,15,3,4,20,26,85,65,15,-1,2,0,12,-1,4,-11,6,-17,68,-41,73,-7,58,-50,130,-79,-9,-38,-56,11,-29,-9,-17,-25,16,-18,41,1,25,20,19,7,27,0,32,-11,30,18,29,33,20,-1,32,-35,-12,-73,107,-49,20,-16,20,-20,22,-54,129,-43,291,7,46,24,174,32,64,19,3,-67,2147,54,1027,1086,21,184,8,221,-7,-1,-201,73,-114,126,-273,496,-76,57,-182,39,-82,34,-76,75,-104,161,-57,64,-169,92,-352,54,-191,60,-145,100,-334,393,-323,168,-88,15,-183,33,-184,128,-61,407,8,201,28,181,66,169,124,163,155,108,168,76,142,98,85,173,0,2,-32,328,13,71,-306,169,-318,150,-110,44,-1258,-500,-1071,-425,-652,-1212,-39,36,-52,2,-54,-126,-106,25,-29,-84,-235,83,-4,-20,-22,-10,-29,13,-24,-27,-9,-1,-34,-64,-13,-4,-9,-13,53,-55,0,-43,9,-2,-9,-22,0,-9,6,-4,-6,-15,11,-6,-2,-7,4,-4,15,-5,0,-15,13,-17,-6,-31,-1,-18,-3,-1,-7,-33,2,-10,-6,-5,-4,-20,3,-3,-4,-3,-15,-69,2,-13,-9,-20,28,-8,4,-11,2,-1,11,-2,-1,-4,10,-7,-19,-30,-6,-3,-12,-17,-9,-19,1,-12,-15,1,-16,-20,15,-51,-36,-35,1,-3,-13,-9,15,-14,2,-17,-18,-31,8,-1,2,2,23,3,28,-9,-15,-33,23,-32,16,0,15,-9,-1,-2,30,-12,-2,-3,14,-7,10,2,10,1,59,-28,-36,-27,2,-14,-7,-9,22,-21,-12,-38,38,-18,-80,-131,-10,15,-22,12,0,-33,-16,2,-5,-14,-2,1,-4,2,-28,-64,-48,20,-28,-25,-13,6,-15,8,-23,-25,-54,22,-17,-20,0,-19,-13,4,-19,-22,-7,-12,-3,1,-19,-22,-10,-18,-7,-1,-25,-29,4,-7,-2,-7,2,-15,6,-4,-3,-15,-37,-58,-28,-27,-12,-17,-33,-27,-59,-23,-1,-16,6,-10,-7,-7,-4,-52,4,-1,-4,-12,72,-50,-4,-7,5,-5,2,-1,-31,-82,-10,-12,-9,2,-15,-16,-28,-46,0,-2,-3,-4,-9,-14,2,-6,-20,-24,39,-14,-16,-13,0,-2,-1,-13,-7,-2,-2,-10,-16,0,9,-38,-24,-33,-43,-9,-444,-826]]]
1258916	r	77.2204,9.2929,77.6742,9.631	[[[772204,94378,2609,-1258,1050,-33,25,-5,28,4,22,-1,-9,2,42,-12,51,1,27,-6,2,-5,-18,-17,3,-40,15,-1,15,13,68,-11,8,-14,28,-2,16,-25,53,-10,11,-20,17,-9,31,7,43,-6,10,26,26,10,38,32,16,21,-2,28,-8,20,-24,16,-1,15,12,19,24,12,8,8,6,4,8,10,0,22,-9,16,-27,17,3,30,-7,20,-15,17,-20,11,-12,10,-47,23,-25,6,-7,21,2,25,73,-30,57,-34,40,-45,25,-15,33,-3,36,21,-46,13,-6,33,10,18,16,12,6,29,20,40,-6,25,-14,10,-4,13,13,50,-15,57,5,54,-30,105,6,22,11,10,87,18,2,23,19,17,14,4,14,-10,28,-4,39,14,11,10,8,114,-82,39,-13,34,-6,47,20,94,-129,28,-94,-10,-8,12,-1,70,-59,11,-105,2,-56,35,-66,16,-95,13,-80,-19,-44,14,9,110,22,46,97,10,39,28,25,-9,11,17,-18,49,-18,23,-33,34,-22,12,-63,94,-131,107,-71,28,-64,0,-76,11,-69,-31,-18,3,-67,83,-40,13,-54,1,-21,6,-34,43,-7,73,4,19,-15,20,-23,11,-15,-11,-26,14,-24,-7,-7,-23,23,-35,49,-40,9,-21,-26,-23,-23,45,-77,76,-57,-6,-46,25,-62,-6,-17,-8,-31,-5,-11,-11,-4,-42,-16,-7,-23,3,-15,19,-99,52,-49,10,-40,5,-43,-6,-95,-27,-21,-15,-3,-24,29,-30,93,-25,60,-34,-6,-15,-52,8,-16,-5,-8,-18,24,-18,11,-31,-18,-11,-76,-2,-24,-15,-12,15,-9,37,-12,19,-20,1,-53,-66,-18,3,-78,50,-29,4,-26,12,-41,38,-57,23,-83,75,7,16,-8,27,-20,7,-16,25,-29,4,-20,19,-27,7,28,48,-8,26,74,56,46,55,81,33,28,47,30,22,133,-2,31,-26,21,15,42,-6,36,-26,70,23,17,23,82,9,61,42,3,40,-25,21,-2,52,73,41,19,23,44,32,88,22,6,6,1,106,-388,449,-2391,-1932]]]
1275218	r	71.3907,21.6912,72.0414,22.4025	[[[713907,219708,28,-85,32,-42,17,-35,26,-22,13,-17,8,0,20,-16,42,11,95,-53,236,79,56,-13,21,-89,91,-27,-10,-23,34,-60,55,-34,-73,-187,7,-131,-67,24,-58,90,-140,-17,-93,53,-70,-71,3,-83,59,-50,-10,-42,-59,1,-7,-40,17,-68,4,22,61,4,-26,7,19,64,23,-6,-4,-72,125,-16,18,-51,86,39,9,-44,40,1,12,-47,-52,-12,-18,-132,117,-60,-8,-143,-31,-52,148,-262,189,55,103,-23,76,-100,33,1,1,-68,57,-68,236,-54,34,-42,14,-85,99,-144,118,-63,87,9,10,-39,103,13,9,-25,99,-46,47,-54,-44,-63,15,-76,-28,-13,-7,-50,-58,-1,29,-93,119,-59,114,3,62,106,171,9,1,44,-82,215,-139,20,-44,67,-8,71,67,25,14,49,125,4,-23,82,52,82,-4,63,-224,16,-138,46,29,309,29,0,15,42,114,23,-4,149,240,-3,73,72,161,58,17,85,-26,107,80,2,34,30,88,15,-23,222,36,64,50,29,4,75,-26,8,-125,208,6,128,133,19,17,-22,32,77,60,14,83,172,49,31,-21,77,103,82,23,56,117,38,-7,123,211,26,44,-67,165,53,51,-38,69,-2,44,17,5,125,112,4,119,-41,128,-2,0,-37,379,-47,7,68,23,-1,28,70,48,7,-39,37,-21,78,-42,13,-10,87,-30,-8,-69,81,-16,-47,-62,-25,-83,41,-4,43,-94,-7,-19,46,23,44,81,44,5,-64,72,14,159,-40,-9,50,75,71,37,116,94,-5,27,33,62,11,13,198,113,-13,-2,20,57,-2,58,30,52,217,99,-52,256,-47,67,-40,576,-119,113,167,93,270,-19,106,-56,215,-157,145,80,166,50,333,-173,-33,-51,49,-122,44,-532,23,-51,16,-42,165,-48,4,-210,-163,-41,38,-65,-8,-1,-24,-80,-23,-93,4,-17,80,-96,41,-31,159,-110,35,-4,47,-24,5,71,171,-11,48,-16,-6,12,49,-101,-19,11,40,-81,29,60,368,28,56,-39,-54,-138,20,51,357,-372,-39,-33,36,-72,-70,39,-254,-383,-26,-134,25,-58,188,-146,-2,-94,170,-198,-69,-9,-29,-64,11,-104,-61,-243,180,-140,-220,-94,25,-1,-286,37,-104,-177,-48,-104,7,-3,115,-94,32,1,-71,-98,-1,4,-59,58,-16,-1,-66,-54,-102,-43,-30,-97,25,-40,194,-95,-8,-165,36,-70,-9,-5,-5,-13,-2,-201,-202,-55,-102,-93,-88,-496,-146,10,-139,-35,-22,-38,-79,-34,-46,66,-7,89,-83,91,42,34,-100,-39,-107,14,-48,-267,-113,21,-104,-35,-7,15,-23,141,49,14,-76,215,-95,57,-80,82,14,-7,-191,-89,-220,1,-72,176,-32,152,-236,-46,-20,-45,-66,26,-196,-6,-92,-35,4,19,-208,-124,12,24,-66,-18,-23,-106,-42,-6,-27,-45,-21,-115,-16,-29,-161,28,-58,34,-12,16,-61,-38,-44,-71,-2,-69,-37,-74,23,-12,-20,-138,-19,-30,-62,-306,-99,-14,11,-5,-109]]]
1273193	r	83.3911,26.1277,84.1113,26.7591	[[[833911,263926,891,-1079,163,-56,76,-19,286,-20,124,-45,199,-149,140,-48,13,14,93,-40,91,35,66,-60,108,15,-40,-77,384,-131,101,30,38,71,252,44,172,97,6,39,77,34,147,1,126,70,64,-54,50,7,-10,-46,45,-19,3,-49,194,-162,127,-20,77,-180,31,-191,79,-33,24,-61,-57,-65,-41,-26,1398,-476,382,687,1279,2300,44,837,-651,259,8,1,58,43,32,42,0,44,-12,21,-68,12,-25,13,-82,84,-35,19,-26,87,-75,33,-58,12,-21,-16,-9,0,-50,34,-12,14,-15,53,-26,25,-3,54,-26,16,-48,11,-5,0,4,-13,-18,-15,-23,17,-44,65,2,23,-22,89,-61,40,-14,30,-42,32,-26,-1,-22,13,-34,4,-34,40,-11,15,-4,25,38,48,19,71,-20,79,-18,19,-9,35,-20,-10,-15,10,4,17,13,16,-8,38,13,23,0,32,-39,44,-20,-11,-47,34,-38,-15,-32,12,-35,0,-33,20,-51,-20,-16,3,-27,22,-31,-7,-9,13,-25,14,-3,32,-57,16,-23,43,-34,11,-19,-11,-15,4,-17,49,-19,16,9,44,-73,32,-12,14,-2,48,17,23,-8,38,-33,60,-25,30,-8,60,-11,21,-82,59,-33,16,-32,30,-29,47,-33,12,-51,0,-43,-14,-73,-8,-38,53,-56,53,-11,-1,-19,-19,-18,-64,53,-2,-47,-33,-24,4,-22,-31,-14,14,-25,-10,-39,20,-50,-8,-32,18,-17,-29,-12,32,-28,4,-10,17,5,-40,-7,2,-5,-39,9,-2,1,-9,-22,-98,1,-17,11,0,2,-7,-9,-32,3,-13,-66,16,-7,-25,15,-6,-7,-22,12,-5,-4,-13,-18,-1,6,-17,-14,-2,-5,-22,-46,4,-7,-13,-28,1,-8,-51,-65,0,-8,10,-8,-9,-50,10,-12,-65,-42,3,-1,-8,-22,2,0,-19,9,-14,-13,0,-13,15,-12,-10,2,-18,-61,64,-38,15,0,-41,-13,0,-17,-77,-74,-29,-45,5,2,4,-10,4,6,3,-40,14,3,12,-66,4,-83,17,-30,-66,15,-5,-1,-40,-106,12,0,-10,-21,1,-26,-22,-6,2,-26,-26,-94,-1,-5,6,23,39,-6,17,40,95,-5,8,-40,30,-59,13,-4,-35,-59,5,-11,5,0,8,-10,0,-39,-100,-17,2,-1,-8,-9,-1,-13,-75,-80,-7,-8,-42,-19,2,-65,-118,-16,-54,11,-2,0,-14,-19,1,-2,3,-34,7,1,-9,-177,7,-9,3,-64,54,-4,79,29,25,-21,12,13,111,-41,-10,29,34,-34,39,-2301,-3033]]]
8441115	n	74.6339,24.2338,75.1167,24.6691	[[[746339,243944,82,-209,103,-201,125,-190,144,-178,162,-165,180,-149,194,-132,208,-114,219,-95,228,-75,235,-54,239,-32,242,-11,242,11,120,16,639,285,692,308,52,42,162,165,144,178,125,190,103,201,82,209,59,215,35,219,12,222,-12,222,-35,219,-59,215,-82,209,-103,201,-125,190,-144,178,-162,165,-180,149,-194,132,-208,114,-219,95,-5,2,-31,-37,15,-90,-38,45,-72,-137,-16,25,-23,-40,-52,14,9,-93,-24,28,-15,-26,-32,18,-68,-43,-40,24,-54,-16,-104,16,-42,30,-38,-39,4,-42,-37,47,5,44,-37,21,-24,-15,13,-49,-54,-35,-100,125,-5,-5,-13,-33,-9,10,-2418,-2493,0,-1]]]
1266945	p	1275004
1252770	r	77.7765,19.9114,78.5464,20.7977	[[[777765,202281,3185,-3167,3895,1925,619,1295,-447,1723,-3363,3920,-3292,-2011,-597,-3685]]]
1270484	p	1268715
1267016	n	75.9848,30.4885,76.5458,30.9261	[[[759848,307282,936,-1625,2,0,15,-9,7,3,18,-5,19,-27,51,61,84,-76,97,17,3,139,66,38,-44,76,153,96,-48,37,46,21,-88,121,114,79,-27,46,26,21,250,103,-8,153,172,67,45,174,70,2,18,-79,55,-38,102,74,74,-10,125,49,-4,46,61,45,122,18,13,-70,58,-34,123,13,21,-16,210,485,-5,5,-23,59,69,32,9,20,-26,70,59,7,106,247,-77,107,-173,-67,-105,110,73,63,-1,62,200,89,-89,121,11,101,101,15,-12,16,38,25,171,64,-123,219,-5,57,212,72,1,131,-269,268,-217,48,-254,32,-256,11,-256,-11,-254,-32,-248,-54,-241,-75,-232,-95,-2,-1,-1119,-1711]],[[762043,305560,31,-14,80,97,140,58,85,-35,20,-98,-35,-10,9,-56,72,-5,45,90,74,32,-1,53,122,-83,67,9,-4,-68,88,-81,25,18,22,-21,56,31,150,-23,55,25,139,-77,-51,-115,97,-253,-48,-42,45,-32,-29,-23,54,10,-13,-62,908,26,1212,1382,-805,1716,-532,210,-722,481,-425,-983,34,-47,41,10,60,-118,-95,-19,-129,-71,-17,-2,-33,-77,5,-14,-14,-6,-41,-96,126,-138,67,32,81,-129,127,-2,47,-107,-35,-54,-76,-5,-89,-90,-220,31,-62,-60,-34,30,-55,-31,-22,19,-23,-13,-42,32,-532,-1232]]]
1254309	p	1275004
10265061	p	1273294
1270216	r	77.7948,27.386,78.3622,27.7651	[[[777948,277651,55,-181,13,26,39,35,127,9,97,-38,66,69,-50,48,-347,32]],[[778228,276726,833,-2746,1939,-120,2483,1050,139,1838,-158,390,-498,47,-53,-25,-30,-44,-171,-52,-72,-73,-74,-164,-162,-177,-124,81,-119,155,-4,60,-118,-17,-123,136,-187,96,55,47,39,2,-47,85,-1371,128,-98,-96,-183,75,-80,-119,36,-42,32,14,26,-26,15,-65,-57,-71,-86,-52,20,-29,-46,-56,-71,-36,71,-61,87,-32,157,-150,-33,-69,-48,-22,72,-77,-8,-47,-18,6,-3,-2,-53,10,-4,3,-80,14,-196,-141,-17,-35,-5,-17,-7,-18,1,-7,-15,-60,36,-27,35,-46,110,-78,24,-8,-17,-24,-18,2,-3,-2,-100,-2,-11,7,-12,-4,-22,5,-10,-9,-5,0,-9,4,-26,-4,-44,-31,-1,-13,-26,-26,-76,82,-6,84,-29,28,-35,-5,-34,-27,4,-6,-67,-74,-63,59,-71,-29,-6,3,-30,-7,-106,-52,-29,-22,8,-9,-13,-19,7,-21,3,-1,3,-7,-10,-6,23,-25,-24,2,-4,4,-5,-3,-17,2,-9,4,-7,-3,-27,3,-11,-11,-7,-25,-18,16,-41,-35,7,-11,-47,-61,-24,4,25,32,-81,82,-49,-18,-106,-173,-57,6,-55,182,-141,160,134,154,-135,230,-6,102,-73,0,-23,44,-16,-21,-39,6,-45,51,10,26,-29,10,47,36,-87,26]]]
1268820	r	93.6293,26.347,94.6542,27.028	[[[936293,264971,2012,-986,2844,224,17,-245,152,-420,57,-57,168,5,71,-22,-10,48,4,4,-2,18,110,100,21,63,-14,38,48,82,-58,338,35,76,-28,63,109,249,22,39,89,29,77,67,60,180,131,115,162,84,191,351,136,75,103,90,40,35,-1,-8,-26,-118,47,-59,-40,-18,-12,-61,7,-105,48,-85,-33,-105,53,-99,14,-157,37,-92,66,-46,-1,-23,33,6,34,-35,11,17,91,-42,-157,-228,3531,279,-420,728,-918,1594,7,36,29,-34,152,95,99,-7,11,-27,52,32,66,-1,-23,-187,73,-28,47,34,-41,5,-11,31,109,105,36,-31,131,-9,-27,33,38,27,-26,24,26,110,82,-47,-10,68,-58,26,-50,-10,9,54,-80,-2,-56,56,53,12,-3,16,-40,3,4,37,-99,58,19,84,-96,-19,-75,62,-78,-79,-12,59,-74,27,-20,39,-10,-64,-22,-9,-74,58,-13,60,-92,-17,6,32,69,31,-103,8,-16,46,56,35,-5,47,55,9,19,53,-52,4,1,48,-36,-1,107,50,-66,39,-26,-28,1,113,-73,-5,2,54,-54,44,2,49,-71,-22,-122,68,35,122,40,14,-8,26,-13,14,1,29,-5,17,-14,10,-7,14,4,30,12,14,52,6,-10,19,-10,8,0,9,10,12,13,7,16,13,-32,17,-22,63,10,69,-2,1,-31,-8,-4,-4,-18,-3,-20,39,-45,0,-71,91,14,20,36,13,10,48,26,35,-37,37,3,8,34,21,-31,41,11,98,-19,34,-19,9,-10,20,0,22,-19,3,-23,-5,-5,10,-27,4,-43,70,-67,-20,-25,-17,-27,2,-46,-13,-6,-3,-5,0,-70,-21,-19,6,-17,22,-19,15,-53,-27,-31,17,-21,26,-16,-6,-10,-10,-12,1,-10,35,-3,-1,-20,-33,-70,-20,-19,-54,-9,4,-5,27,-25,34,-27,66,-18,69,-95,-78,-62,-99,-536,930,-1927,-355,-61,-44,37,-101,0,-52,-54,-32,-265,23,-60,-24,-124,-84,-66,-2,-69,25,-39,106,-41,48,-1390,-257,-2938,-4560]]]
1265157	r	78.0039,24.1771,78.9936,25.2233	[[[780039,250223,121,-661,18,-3,-11,-37,209,-1136,40,36,50,83,-18,67,32,17,212,-86,80,-10,16,-34,161,11,93,-77,86,-34,77,0,29,29,159,24,276,-12,76,55,30,-22,160,-8,58,-46,47,-135,127,-158,187,-359,-3,-89,-76,-71,-6,-22,-11,-41,-4,-14,7,-12,13,-25,50,-93,251,-318,78,-249,110,-151,-4,-25,-3,-16,-4,-19,-9,-6,-12,-8,-93,-61,-6,-37,-3,-21,-4,-22,28,-113,112,-124,15,-74,-47,-158,-4,-164,-56,-35,-23,-77,15,-88,-22,-76,-349,-143,-28,-36,-15,-107,49,-72,160,-65,17,-69,-36,-136,18,-29,221,-71,70,-51,-12,-67,-96,-115,18,-42,11,-4,26,-42,373,-238,149,-143,188,-67,82,-147,169,-14,39,-111,-118,-73,-10,-48,-101,-104,-35,-78,-120,-103,-22,-72,146,-98,43,-177,102,-73,81,-12,40,-71,78,1,68,-141,105,-10,46,30,100,-9,40,19,44,119,127,-9,28,73,63,49,-26,124,11,39,72,34,-20,34,337,192,-33,178,103,133,700,-262,338,-40,9,-17,68,-25,49,-87,26,-120,58,-60,64,11,24,-25,9,32,93,-64,-3,-36,-81,-74,58,-123,56,58,74,-13,105,-135,107,-40,86,-276,139,-18,206,-113,56,74,169,21,-20,36,43,82,63,42,71,-51,-9,-123,100,-11,94,102,1,132,20,22,68,-111,-42,-166,30,-51,-1,-65,137,-142,44,-225,39,-64,161,11,61,18,25,43,-19,88,27,137,69,-26,20,-74,29,-14,202,184,48,4,108,-48,143,44,79,61,34,74,-37,227,211,145,106,31,26,154,-71,50,-20,100,93,22,48,63,175,88,218,289,85,34,-16,227,145,345,-4,55,96,125,-78,189,-383,-51,-76,169,-116,67,-141,-6,-20,138,58,180,-1,0,27,83,43,-1,40,-47,29,-35,53,-3,-99,-90,90,-27,273,41,69,57,11,50,-59,37,-183,45,7,128,33,36,-76,157,45,96,50,28,-61,38,-7,64,-114,37,-12,32,-46,17,-43,93,-47,-2,-76,159,0,95,-120,70,-58,141,14,44,-68,39,-63,118,-151,-14,-18,-126,-64,-98,-42,3,-31,68,-38,-26,-54,12,-55,-75,-32,-112,-82,0,-96,-36,-54,29,-82,-4,0,-42,-42,-49,-152,-58,-72,1,-73,55,-173,60,26,36,-35,134,37,27,-27,20,6,121,-27,78,20,6,-14,62,-67,55,33,24,-4,62,79,65,68,17,37,100,-16,96,74,9,100,147,-41,75,-36,176,-10,119,43,87,-66,63,28,245,-24,58,39,62,127,67,28,97,-64,51,-75,146,-23,102,12,89,-48,92,-78,10,-83,88,-71,-36,-177,137,-69,28,-113,-20,-142,135,-130,18,-71,36,-94,152,-38,246,-76,20,-39,-20,-20,26,29,28,-4,40,-163,115,-44,-16,13,94,70,50,-11,37,51,85,7,190,24,28,-14,125,77,129,-8,191,-131,206,-117,155,-165,10,-86,67,30,138,-27,376,-53,172,-262,408,-14,195,-131,-144,-120,13,-120,-140,-25,-63,-125,-101,-237,-106,-158,-184,-147,-72,-190,-230,-105,0,-190,81,-85,2,-73,-50,-124,-187,-119,-63,-35,-8,-2367,427,-1311,-1185]]]
1270670	r	77.123,14.8137,77.7087,15.433	[[[771231,153703,60,-763,226,-18,4,-166,-47,-5,2,-23,57,10,65,-63,73,9,7,-103,-241,-9,-7,-55,-23,1,-46,-108,-28,-2,11,-148,109,-11,22,-11,-6,-32,50,-31,-4,-30,31,2,115,-261,29,-173,-42,-31,-20,-108,-221,11,-9,-14,12,-142,80,-15,-2,-17,84,7,-3,-143,-68,-144,-63,-57,177,-2242,723,-681,4359,1931,390,846,-1698,3416,-4158,-627]]]
7279595	p	1269743
1262710	n	84.67,26.4239,85.1713,26.8448	[[[846700,266277,36,-218,59,-215,84,-209,105,-201,127,-190,147,-178,165,-165,183,-149,198,-132,212,-114,222,-95,233,-75,239,-54,244,-32,246,-11,246,11,244,32,239,54,233,75,222,95,212,114,198,132,183,149,165,165,147,178,127,190,105,201,84,209,59,215,37,219,12,222,-12,222,-37,219,-59,215,-84,209,-105,201,-127,190,-147,178,-165,165,-183,149,-198,132,-126,68,-30,-11,-20,2,-3063,-564,-657,-1598]]]
1268015	n	75.0305,12.1929,75.3399,12.4726	[[[750305,123943,524,-884,157,-369,61,-229,14,-124,-6,-124,84,89,57,88,71,68,130,28,0,-68,-88,-340,41,-149,1999,711,5,19,34,219,11,222,-11,222,-34,219,-54,215,-76,209,-97,201,-116,190,-134,178,-120,131,-18,-15,2,-21,9,-11,-15,-23,-18,-13,-41,6,-26,-4,-14,18,-3,31,-18,22,-15,5,-29,-8,-25,-54,-77,6,-15,14,17,27,2,42,-31,-4,-5,-40,-14,-9,-13,-1,-20,10,-28,-8,-26,3,-4,15,6,27,-6,42,-15,4,-15,-4,-41,-22,-89,-27,-18,-22,-12,-39,-31,-20,-13,-20,-4,-33,-20,0,-24,28,-14,2,-20,-6,-35,-39,-48,-18,8,-54,-51,-27,-44,-9,-17,-19,-5,-17,13,-27,-18,-8,-31,-34,-40,-2,-15,-27,-12,-3,-38,10,-40,-13,-3,-19,-13,-21,-24,-10,-6,-15,-23,1,-6,10,13,7,-2,9,-7,9,-13,2,-48,-60,-16,-1,-34,10,9,21,-6,14,-75,-19,-8,8,-56,22,-23,1,-13,7,-7,27,9,23,-8,18,-34,11,-11,-3,-12,-22,-15,22,-51,7,-8,10,-5,41,-6,7,-10,3,-826,-453]]]
1269578	n	81.7824,18.8539,82.2576,19.3061	[[[817824,190800,11,-222,34,-219,57,-215,79,-209,99,-201,120,-190,139,-178,157,-165,172,-149,188,-132,200,-114,211,-95,219,-75,226,-54,231,-32,233,-11,233,11,231,32,226,54,219,75,211,95,200,114,188,132,172,149,157,165,139,178,120,190,99,201,79,209,57,215,34,219,11,222,-11,222,-34,219,-57,215,-79,209,-99,201,-120,190,-139,178,-157,165,-172,149,-188,132,-200,114,-211,95,-219,75,-226,54,-231,32,-233,11,-233,-11,-231,-32,-226,-54,-219,-75,-211,-95,-200,-114,-188,-132,-172,-149,-157,-165,-139,-178,-120,-190,-99,-201,-79,-209,-57,-215,-34,-219,-11,-222]]]
1269605	p	1252797
1273467	n	88.0185,26.8482,88.5221,27.2561	[[[880185,270405,89,-51,154,-65,131,-109,210,-262,199,-325,150,-350,86,-154,224,-305,64,-115,1506,-187,1983,861,48,92,84,209,60,215,36,219,12,222,-12,222,-36,219,-60,215,-84,209,-17,32,-1104,1086,-20,11,-223,95,-233,75,-240,54,-245,32,-247,11,-247,-11,-245,-32,-240,-54,-233,-75,-223,-95,-213,-114,-198,-132,-184,-149,-166,-165,-147,-178,-127,-190,-106,-201,-84,-209,-60,-215,-36,-219,-6,-117]]]
11500546	p	1273865
1272243	p	1275004
1270370	r	79.855,27.1166,80.4679,27.705	[[[798550,273111,3628,-1945,396,419,59,-22,-7,218,41,67,19,118,-35,71,62,70,-11,39,89,79,162,44,95,-5,160,-59,177,43,33,101,68,73,178,54,12,141,-56,59,107,218,248,124,26,128,32,34,-19,84,135,186,58,-24,32,24,47,-26,68,18,22,57,61,12,31,78,49,23,24,-21,57,18,61,-51,20,114,-26,24,-77,-29,-34,39,-55,128,28,122,-43,21,40,38,-57,20,-98,-14,-37,61,-42,27,-29,82,45,-7,12,46,-102,88,-973,2732,-273,-180,16,-33,23,-17,52,2,4,-24,14,1,26,21,16,1,-7,-20,-8,-59,-3,-4,-21,9,-4,-7,11,-28,18,-8,29,-42,-13,-15,-32,-1,10,-15,25,-15,1,-11,-12,-11,-25,4,5,-14,19,-13,0,-25,-40,12,12,-24,-7,-17,29,-6,-7,-30,20,-10,-5,-14,-22,0,-2,-9,28,-30,1,-14,-14,-20,-26,-12,-41,2,3,-11,33,-15,2,-7,-36,4,-16,-19,-28,2,4,-24,11,-16,21,-11,8,-22,-71,13,-41,35,-58,13,-28,23,6,18,24,23,-27,81,-19,6,-51,-13,-24,-5,-43,-1,-39,19,-67,11,-27,-3,-42,-43,-58,-10,-17,-8,-45,-66,-47,-41,-7,-74,-15,-3,-71,15,-67,21,-24,-3,-14,-25,-1,-18,2,-4,9,-19,-4,-50,19,-17,22,-8,22,-24,-45,-31,-10,-16,-10,-35,2,-51,-8,-26,-62,-84,-13,-45,40,-62,33,-12,44,-2,98,-20,97,-37,49,-11,-10,-51,-65,-3,-47,-33,-52,-20,-97,29,-72,47,-3,4,-14,21,-47,8,-42,-14,-10,-16,3,-23,2,-18,-9,-19,-25,-6,-26,5,-27,17,-47,-1,-36,0,-61,21,-30,-21,-22,-28,-11,-28,-6,-74,-68,-35,-31,-3,-28,18,-18,-12,-3,-9,-6,-16,-17,-7,-23,7,-13,19,-71,26,-164,109,-80,13,-26,12,-22,54,-14,9,-2,-2,-57,22,-10,-48,3,-60,-16,-5,-32,13,-7,-1,-8,-4,-25,4,-30,-1,-30,11,-140,24,-109,-39,-30,-74,-15,-14,-13,-2,-8,7,-77,19,12,-75,5,-15,3,-30,-31,-34,-85,-28,-7,-1,-58,-19,-1,-30,7,-24,-7,-12,-30,1,-32,11,-20,23,-7,32,-14,29,-136,99,-96,6,-64,-69,-7,-48,-13,-23,-12,-7,-26,-63,-18,-21,-26,-15,-45,-38,2,-119,-17,-64,-47,-99,-63,-88,-60,-37,37,-54,-10,-25,-78,-59,-21,4,-24,16,-13,19,-75,2,-13,-4,-31,6,-67,45,-27,-5,2,-122,-36,23,-33,-78,-44,-19,6,-21,11,-9,8,-17,-3,-38,0,-1,-1,-16,-1,-1,-4,-66,-46,-3,-12,-19,6,-53,15,-46,-39,-26,-58,-17,-49,56,-38,26,-417,-275,0,-852]]]
1259163	n	86.1153,23.1039,86.6046,23.5551	[[[861154,233300,12,-222,35,-219,59,-215,80,-209,103,-201,123,-190,143,-178,162,-165,177,-149,193,-132,206,-114,217,-95,226,-75,233,-54,237,-32,240,-11,240,11,237,32,233,54,226,75,217,95,206,114,193,132,177,149,162,165,143,178,123,190,103,201,80,209,59,215,35,219,12,222,-12,222,-35,219,-59,215,-80,209,-103,201,-123,190,-143,178,-162,165,-177,149,-193,132,-206,114,-217,95,-226,75,-233,54,-237,32,-21,1,-33,-63,-76,-62,6,-20,-43,-4,12,-50,-34,-25,32,-46,-37,-64,67,-42,39,-72,-65,-78,-51,-9,28,-53,-40,-121,30,-39,52,42,27,-15,55,18,-15,-42,22,-70,-154,-19,-10,-68,-57,-42,23,-85,-38,-18,-62,11,18,-94,-147,-19,-20,64,-142,-33,-27,-35,-121,-50,3,-52,57,-51,58,20,-19,-30,21,-71,-59,-20,-13,-30,-105,14,-92,48,-14,115,-138,13,-39,-27,-77,31,-75,-7,-44,-33,81,-90,-12,-45,-114,-23,-21,29,33,86,-49,12,-97,-28,-44,100,67,140,58,16,-2,46,52,51,-9,27,-139,33,-16,-162,-26,-31,-216,71,-11,37,-98,7,-45,58,-43,-21,-54,20,1,6,-334,-179,-41,-62,-103,-201,-80,-209,-59,-215,-35,-219,-12,-222]]]
1272842	r	77.315,14.059,77.9726,14.634	[[[773150,144100,9,-258,26,-257,43,-255,60,-252,77,-247,93,-242,110,-236,125,-228,93,-146,4035,-1389,1905,2425,-71,3079,-488,246,-2071,-732,-8,-27,-30,-24,-3,-47,-15,-53,-10,-15,-67,-40,-25,-28,-66,-8,-109,7,-73,38,-21,0,-4,22,-6,3,-2,17,-3503,-1240,-4,-113]]]
10265070	p	1273294
1276320	p	1275004
1261163	r	92.2086,25.9337,93.1307,26.6466	[[[922086,263500,10,-272,30,-271,49,-269,68,-265,88,-261,106,-255,125,-248,142,-240,160,-232,176,-221,191,-211,206,-198,221,-187,233,-172,246,-159,256,-144,266,-128,275,-113,283,-96,289,-79,294,-62,298,-44,300,-27,302,-9,302,9,300,27,298,44,294,62,289,79,283,96,275,113,266,128,256,144,246,159,233,172,221,187,206,198,191,211,176,221,160,232,142,240,125,248,106,255,88,261,68,265,49,269,30,271,3,77,-4476,1804,-44,4,-42,31,-153,62,-70,-27,-299,-24,-296,-92,8,197,13,102,30,2,11,23,-86,53,-10,15,-3,33,-2426,978,-27,-23,-206,-198,-191,-211,-176,-221,-160,-232,-142,-240,-125,-248,-106,-255,-88,-261,-68,-265,-49,-269,-30,-271,-10,-272]]]
1253315	n	73.3422,22.5138,73.7907,22.8414	[[[733422,227905,80,19,88,-51,10,-62,34,-38,-14,-62,189,-131,-34,434,61,-66,8,168,143,-36,60,66,17,-56,-24,-152,104,-72,84,-10,24,-63,15,-168,-163,-33,-257,-171,20,-95,-38,-128,83,-323,116,29,42,-123,87,-25,11,-144,-97,-68,-69,23,-31,-132,-2,0,3155,-1297,20,14,177,149,161,165,142,178,123,190,102,201,58,149,-4111,2230,-78,-80,-142,-178,-123,-190,-31,-61]]]
1274220	n	75.5391,13.0978,76.0008,13.5461	[[[755392,133200,11,-222,33,-219,56,-215,76,-209,97,-201,116,-190,135,-178,152,-165,168,-149,182,-132,194,-114,205,-95,213,-75,220,-54,23,-3,-2,15,12,62,100,45,-30,134,112,47,72,78,-32,71,13,26,-69,50,-41,-16,-63,62,1,51,-44,40,-15,188,37,29,105,214,77,-11,30,71,47,39,77,-53,79,14,19,26,32,-62,105,48,162,12,45,44,-2,106,25,-2,-49,163,12,75,72,44,85,-59,111,9,0,-19,33,-1,122,62,62,2,3,-24,-29,-8,53,-19,0,-95,32,-11,-17,-26,102,80,51,123,73,2,153,58,40,-84,127,52,23,-57,177,-12,38,24,322,23,118,37,43,-20,19,-45,18,3,45,175,33,219,11,222,-11,222,-33,219,-56,215,-76,209,-97,201,-116,190,-135,178,-152,165,-168,149,-182,132,-194,114,-205,95,-213,75,-220,54,-224,32,-226,11,-226,-11,-224,-32,-220,-54,-213,-75,-205,-95,-194,-114,-182,-132,-168,-149,-152,-165,-135,-178,-116,-190,-97,-201,-76,-209,-56,-215,-33,-219,-11,-222]]]
1276325	r	86.1888,20.6689,86.9986,21.5721	[[[861888,215173,950,-3573,-83,-95,-33,-98,22,-32,110,-5,92,-121,-23,30,22,-81,0,-3,1,-1,194,-731,-12,-96,-52,-57,-21,-139,-186,60,-54,-9,101,-149,-9,-193,-75,-27,43,-227,-25,-187,-83,-167,-3,-93,39,-151,109,-43,68,27,127,-58,13,-76,66,-99,30,-15,107,19,39,-33,-18,-49,-70,-30,18,-58,185,-95,78,-15,90,60,499,-1874,5841,625,-36,76,-83,129,-66,37,-228,-24,-465,32,-214,81,-105,161,286,57,449,-76,113,2,-58,69,39,51,26,122,14,29,-5,14,86,398,-74,3,-66,-27,35,103,-25,92,-249,307,3,68,-200,441,-173,521,-149,286,-89,81,-87,137,-84,66,-57,151,-55,93,-36,11,19,-6,-11,23,-67,925,12,35,-87,71,43,200,-155,102,-15,64,-55,29,-41,-5,-9,29,-35,-8,-23,24,-26,-41,-51,10,-72,-50,-3921,3172,-1652,342,-398,-548]]]
1256949	r	75.9799,25.7411,76.9812,26.7161	[[[759799,261979,10,-25,88,8,115,-44,30,-61,-59,-141,36,-95,-81,-16,61,-47,-61,-392,243,-80,120,5,91,58,151,-15,45,133,45,43,172,-130,-23,-98,98,-38,2,-26,-63,-110,-26,-221,40,-10,-1,-63,40,-27,180,23,22,-127,-36,-2,-35,-30,7,-22,-117,21,5,-78,-41,-7,41,-27,-28,-8,-3,-30,-62,-18,27,-38,-34,-4,6,-50,-117,-55,14,-20,-33,-15,25,-26,-41,5,22,-34,-47,3,-3,-31,23,16,-3,-19,39,-1,-11,-33,-22,0,1,-23,-24,21,-9,-28,-26,7,38,-36,191,-50,86,149,58,-21,137,-74,23,-32,-14,-26,82,-47,-10,-56,131,-30,-18,-78,61,-14,21,84,128,176,215,-37,55,120,34,170,54,-5,6,-45,301,9,62,40,27,129,146,-65,-13,-259,-43,-130,95,-21,-17,-69,35,-67,-103,-334,65,-24,-15,-128,-44,-45,-277,17,-13,-158,64,-130,-31,-33,-5,-227,33,1,158,-110,115,-35,23,-94,69,-24,32,-71,85,-65,80,-21,103,173,77,-44,21,-115,75,48,67,-18,16,13,22,-1,82,-69,-34,-56,-74,-86,70,80,35,-137,35,-42,26,-150,92,-53,30,-150,115,-62,7,-42,66,-52,33,-17,143,104,220,36,148,143,243,-1,111,53,357,418,-52,170,45,78,150,44,159,-69,221,49,170,-49,90,77,93,23,128,183,104,80,67,0,185,-66,92,25,69,282,97,85,298,31,416,-101,207,54,203,113,54,84,-92,47,-26,57,12,32,39,17,126,-30,139,0,131,47,165,227,8,78,-57,29,29,119,137,155,76,46,92,143,166,101,-50,45,-1,35,38,22,-25,78,-73,47,-137,173,-71,-32,-107,2,-82,234,-26,48,-84,83,-133,-2,-67,57,-309,438,-9,0,-38,-28,-31,29,-78,1,18,62,-20,23,-26,28,-101,46,-18,46,-63,11,6,31,-118,8,-21,-2,-14,-17,-40,-74,1,-10,-8,-2,-2,-3,-155,-35,-121,168,-226,26,-48,-14,-259,178,-246,130,44,41,51,34,-52,48,-5,37,191,118,43,61,30,84,-47,36,8,80,-28,12,-40,22,-10,-64,-154,42,-257,-83,-39,22,5,12,-10,9,63,118,121,51,-26,75,1,1,-63,41,-182,149,-165,165,-147,178,-127,190,-105,201,-83,209,-60,215,-36,219,-12,222,11,194,-51,-134,-104,24,-63,-68,-61,-282,-103,-83,-52,-1,-53,-149,-97,-45,22,-49,-5,-120,-44,-59,9,-37,-39,5,-26,-109,-87,84,-174,60,-138,97,-225,70,-15,262,-73,129,-145,94,-100,-3,-85,-41,-85,19,-125,-80,-93,20,-129,-59,-35,-3,-37,-2,-13,-1,-62,50,29,118,-97,39,-102,-6,-196,126,-239,63,-52,41,-77,-27,-169,-164,-97,29,-49,-102,-46,2,73,-136,135,-37,6,-27,-54,-215,34,-69,-92,-107,-125,-257,-6,-71,96,-44,27,-37,-47,-102,-89,-4,-37,-41,1,-55,25,-6,-16,-47,43,-1,105,-76,8,-47,-57,-28,85,-40,19,-44,-49,-29,-24,-119,-56,-1,-36,-53,-65,-6,12,-50,-42,-6,23,-45,-112,-37,6,-164,59,-13,32,-46,-49,-50,-107,-17,-26,-67,-149,-7,-204,54,-80,-14,-122,57,-206,31,22,-296,-179,-30,-199,11,-29,-103,-39,4,-12,-25,-23,-111]],[[764037,265664,47,-123,66,-36,-32,-62,134,1,117,55,34,85,66,-17,12,-40,105,-98,26,-187,60,-60,75,-14,52,188,83,209,105,201,127,190,147,178,165,165,182,149,162,108,-203,109,-241,207,-326,115,-92,47,-44,77,-127,50,-29,-29,-135,-234,-46,-35,106,-93,-6,-84,-68,-35,-217,-397,-96,-142,-57,-37,-53,-209,-99,-202]],[[768294,266472,311,-322,119,-1062,13,1,31,51,270,90,49,348,272,-99,74,-60,110,15,159,76,16,80,-31,27,-11,100,-156,-30,-170,44,-2,17,-4,1,3,9,-4,29,36,101,162,-6,233,84,4,41,34,17,-19,88,-116,128,-97,13,12,85,-53,135,-38,239,-77,4,-233,86,-30,36,-246,-77,-24,-60,-199,-12,-4,-88,-77,-39,-49,-92,-255,44,-13,-42]]]
1278827	n	82.9458,22.8939,83.4342,23.3461	[[[829458,231200,12,-222,35,-219,58,-215,81,-209,102,-201,124,-190,142,-178,161,-165,178,-149,192,-132,206,-114,217,-95,225,-75,233,-54,237,-32,239,-11,239,11,237,32,233,54,225,75,217,95,206,114,192,132,178,149,161,165,142,178,124,190,102,201,81,209,58,215,35,219,12,222,-12,222,-35,219,-58,215,-81,209,-102,201,-124,190,-142,178,-161,165,-178,149,-192,132,-206,114,-217,95,-225,75,-233,54,-237,32,-239,11,-239,-11,-237,-32,-233,-54,-225,-75,-217,-95,-206,-114,-192,-132,-178,-149,-161,-165,-142,-178,-124,-190,-102,-201,-81,-209,-58,-215,-35,-219,-12,-222]]]
10265071	p	1273294
1257055	r	73.6037,17.3872,74.3871,18.1144	[[[736037,179909,2319,-6037,1466,604,-58,49,65,87,170,133,1,117,131,94,-7,74,59,11,11,20,-1,9,20,55,-1,16,-11,15,-27,66,-1,12,-12,22,13,29,1,62,-13,17,-2,19,36,-10,32,-23,64,-4,67,-74,9,-12,69,-74,8,-37,76,-46,13,-101,29,-22,36,-2,13,-10,11,-27,52,-18,-13,4,51,-41,12,-127,44,-47,21,-39,56,-69,21,-15,30,-2,58,36,10,31,-1,40,35,-15,19,-2,51,24,63,2,11,3,12,27,14,13,13,24,14,9,19,2,21,10,43,1,-4,37,-42,97,10,39,-3,9,-40,15,-11,13,55,79,-18,-26,72,30,43,-30,75,32,22,56,2433,1003,-3927,4998,-1212,-164,65,-119,-98,-97,12,-223,-141,-220,-57,14,-53,65,-53,-77,-91,2,-40,-25,-145,71,-85,-46,-53,-75,-51,16,-24,-53,-53,5,-50,48,-35,-26,-27,37,-90,-45,-102,78,13,66,-241,2,-109,61,-115,-4,-59,32,-187,-81,-213,-137,-95,104,-71,12,1,6,-105,-94,-223,-228,-120,-140]]]
1273892	r	73.8596,27.411,75.6711,28.9999	[[[738596,276591,75,-93,80,-35,133,-364,57,-67,-147,-149,-12,-74,31,-168,53,-48,2,-39,-94,-166,107,-241,36,-148,166,-105,330,111,49,65,106,35,35,-50,114,-20,62,8,2,25,102,40,16,-62,22,6,47,57,33,-10,19,33,77,4,-21,66,149,121,84,24,22,-58,86,-34,204,-168,36,-45,-15,-29,33,-75,103,-59,49,-101,135,1,149,-33,88,-101,14,-28,-20,-28,128,27,29,-56,72,-43,71,-194,-82,-51,51,-101,21,10,72,-71,272,133,212,-15,-31,237,29,183,61,31,-8,27,-53,16,-22,49,-59,-1,-41,41,26,15,-3,61,34,16,-11,84,154,102,48,61,72,18,61,57,94,39,-15,36,31,147,43,20,-14,79,130,87,-16,119,27,12,-34,247,208,127,6,79,46,46,320,107,-35,83,22,11,-9,28,129,44,110,78,-7,123,95,43,-9,32,118,46,185,-31,232,153,84,25,63,-114,126,10,-1363,1655,43,43,185,149,200,132,213,114,225,95,235,75,241,54,230,30,-127,43,-76,75,-148,178,-129,190,-107,201,-84,209,-60,215,-37,219,-12,222,12,222,37,219,60,215,84,209,107,201,129,190,95,114,115,36,-135,30,-236,75,-227,95,-215,114,-201,132,-186,149,-168,165,-150,178,-128,190,-108,201,-84,209,-61,215,-37,219,-12,222,12,222,37,219,61,215,84,209,108,201,128,190,150,178,168,165,186,149,201,132,215,114,227,95,236,75,243,54,248,32,250,11,250,-11,248,-32,243,-54,236,-75,227,-95,215,-114,201,-132,186,-149,168,-165,150,-178,128,-190,108,-201,84,-209,61,-215,37,-219,12,-222,-12,-222,-19,-113,-204,-607,-67,-124,-128,-190,-94,-111,-125,-40,134,-29,235,-75,86,-36,949,-1311,-107,-399,173,-20,92,106,220,107,-15,78,67,-6,17,45,54,7,37,66,36,64,47,83,11,19,-1,108,45,95,80,26,34,-7,24,-6,282,57,7,-18,93,0,58,-94,180,93,388,83,90,-94,131,50,-7,47,40,7,35,-75,56,12,11,-40,44,15,25,-38,120,32,220,-6,36,-87,-299,-173,3,-87,117,35,4,-29,66,30,29,-26,138,17,31,-70,66,11,37,-56,62,14,-19,-16,33,-13,-28,-19,11,-11,446,-13,1085,2381,-433,465,0,2,168,106,-26,166,52,22,-98,64,-186,149,-169,165,-150,178,-129,190,-107,201,-85,209,-61,215,-37,219,-12,222,12,222,37,219,61,215,85,209,107,201,129,190,150,178,169,165,186,149,201,132,216,114,227,95,236,75,244,54,248,32,251,11,251,-11,248,-32,244,-54,236,-75,190,-79,-30,92,-54,-17,-18,459,-218,255,15,122,-51,15,-1,2,-2,1,-15,89,-155,115,-2,14,-7,5,-14,131,20,18,-51,-2,36,133,-74,22,-30,50,-76,-10,8,31,-33,-1,7,54,-47,11,-49,-39,-21,-150,-178,-110,-42,-130,12,-161,-213,-28,23,-138,-43,-21,-15,-73,-208,-28,-78,11,-34,45,-94,-29,-29,68,45,179,222,71,2,205,-37,-4,-9,36,-191,115,-124,8,-49,29,-134,-33,-79,7,-34,-133,29,-68,110,-29,26,-89,-79,-12,-17,-232,-32,-45,-16,42,-25,-47,34,-3,-8,-35,-39,-6,5,45,-126,28,24,24,-13,34,-167,-38,-29,5,5,23,-93,-21,18,72,-84,-32,-37,-42,27,-13,-29,-157,7,-72,82,-126,-16,-58,-56,-22,-19,-64,-51,-29,-42,-69,-54,14,-50,-21,24,-71,-246,33,-6,65,-29,0,-34,-5,-31,-28,-16,-33,-111,-79,-26,-84,-50,-6,-10,75,-103,27,-25,66,31,33,-45,9,-41,79,-164,-12,-45,15,4,27,-54,5,-256,-35,-101,-78,-410,-113,-39,-37,-65,-15,-79,18,12,298,91,83,8,36,60,29,-41,118,23,67,-37,104,26,6,2,30,-9,29,-34,4,20,33,-42,39,-199,-31,-62,-41,-63,-6,-9,-118,-36,-18,-25,-76,-489,-27,-43,-128,-199,-5,0,23,-67,7,22,84,-32,99,-150,128,-4,7,-4,4,-15,36,38,66,-97,-14,-147,55,-53,-19,-121,27,-1,-18,-176,-71,-244,-14,-146,-43,-27,-23,4,-16,-69,-39,-29,-24,-22,-5,-48,-27,-16,-66,-41,-22,7,-66,-53,-16,-5,-29,-67,-48,25,-44,0,-124,82,1,3,-21,91,-34,52,-107,56,-6,39,-116,-28,-26,0,-131,-77,1,-176,-68,-103,2,-88,60,9,113,-53,127,-289,-33,-26,-46,-175,-46,-86,-80,-75,43,-494,-13,-19,-235,-300,-29,-72,16,-7,56,-49,15,-2,52,-75,55,-401,-103,-8,-23,-25,70,-33,-16,-152,35,-373,-65,-58,-42,-121,24,-97,113,-181,2,-25,131,-39,51,-126,377,-170,-26,-37,-42,-173,-27,-42,-69,-92,-42,15,-31,-54,-25,-13,-53,-105,-42,-33,-57,-286,-121,2,-37,-136,-49,-38,-61,-71,-17,-68,-48,9,-19,-199,-117,-61,-7,-86,48,-33,-13,-26,91,-45,38,-119,-51,-66,53,-147,-51,-60,21,-110,-8,-136,-80,-61,-53,-42,-9,12,-84,-60,-83,-40,-11,-4,4,-17,-2,-9,-121,30,-10,-168,-89,-64,-151,8,-27,350,-3,-8,-23,35,-17,49,-99,69,20,41,-152,-69,13,-318,-140,-127,-26,-617,-241,24,-120,26,-22,-13,-91,48,-10,25,-45,-35,-14,2,-53,44,-15,-21,-93,50,-109,30,11,56,-98,50,-27,1,-161,-77,-32,-11,-72,-94,-52,-5,-75,-87,-60,12,-26,-78,-43,-6,-60,-92,-53,-8,-39,-93,-78,99,-257,-28,-9,19,-45,-50,-188,2,-39,35,-20,-19,-49,23,-61,-66,-47,16,-72,35,-61,48,-12,-28,-28,55,-89,97,0,-3,-48,-39,-5,-12,-43,-114,-34,-144,5,-178,-119,-20,-278,56,-32,106,-270,62,-13,50,-85,43,3,22,-49,246,57,162,79,198,-6,43,17,66,-5,20,-30,80,2,31,-62,20,9,48,-118,-34,-72,400,84,78,43,0,-100,135,-185,-53,-10,12,-24,-76,-46,-54,-78,52,-81,110,31,42,-101,55,-21,6,-49,45,-3,34,-69,57,-19,2,-47,46,5,17,-32,47,4,43,-29,285,127,291,-70,85,-5,66,26,7,-42,102,-91,24,11,94,-131,28,-1,43,-132,39,10,19,-35,4,-104,-61,-123,-63,-18,38,-123,-95,-85,14,-25,-461,-202,22,-78,-65,-40,55,-75,9,-64,-76,-67,27,-37,-49,-52,-23,-96,-65,-22,19,-52,70,-44,86,-380,-75,-17,-34,-74,-102,-71,3,-39,-188,-82,-122,-118,12,-15,-63,-37,37,-142,-21,-22,45,-118,-120,-68,56,-86,67,-15,-1,-68,55,-25,-61,-12,-5,-54,82,-37,-151,-195,-24,-91,-129,-26,15,-121,-36,-14,14,-44,-27,-12,-1,-80,58,-68,78,-340,-27,-13,-30,-166,-77,-14,10,-31,-121,21,8,-48,-50,8,-100,-34,-86,-51,6,-29,-98,-47,-195,1,-11,53,-24,-15,-74,29,-164,-50,-97,11,-93,-93,-124,-65,-55,-87,-51,-12,7,-70,-37,-18,-93,-176,-58,-46,-25,-120,-262,-96,-47,112,-125,-78,-51,-7,-144,77,-33,47,232,274,-120,7,-209,-84,5,221,145,-14,132,-59,117,-9,-153,143,-125,64,-103,218,-118,-87,-205,0,-78,-79,-282,-117,-72,17,-40,45,-41,-13,-48,25,-121,-26,-44,39,-195,-108,-10,-183,25,-134,-55,-112,137,-309,5,-119,-102,-59,48,-232,-41,-44,-69,11,-25,-30]],[[746466,278552,115,-40,80,-78,148,-178,128,-190,106,-201,84,-209,61,-215,36,-219,12,-222,-12,-221,135,-3,48,48,70,23,6,330,-76,10,-19,58,-106,-40,-11,19,21,139,63,160,-16,37,95,105,99,33,105,-38,222,96,-9,27,60,30,-8,27,97,48,-13,32,188,93,-219,397,-154,-63,-52,90,-75,58,-18,48,-18,48,-27,1,-1,0,-251,16,-41,103,99,45,-102,6,-142,-51,-235,-75,-242,-54,-231,-30]],[[747506,278945,260,69,11,-22,113,15,48,-57,227,117,102,25,4,76,50,67,-5,19,-47,-5,-46,59,-25,110,-154,-14,-109,118,-85,14,-94,99,-37,98,-213,-788]],[[747790,279994,131,41,-5,71,30,64,-16,77,77,23,24,38,-9,56,35,79,-18,43,52,59,-16,61,-95,66,-4,10,-186,-688]],[[752862,284336,38,-84,74,41,31,-12,15,-87,77,-52,69,-99,41,3,29,-28,38,-72,27,4,-5,-167,29,-116,45,-15,32,-49,73,19,53,-30,-2,-27,49,6,11,-91,81,12,24,-31,83,-18,10,-56,114,20,15,-35,60,17,41,-30,98,24,2,36,79,26,-38,197,274,36,58,-35,34,-173,50,-70,196,37,146,-18,9,-36,168,25,31,73,2,218,165,41,-2,115,130,-22,5,-51,254,24,-19,103,28,218,16,-22,244,-16,15,-28,26,20,129,-1,1,101,-109,103,-77,18,1,39,-38,14,-35,72,34,47,138,22,-30,72,55,95,52,199,-26,223,221,36,65,-1,25,-27,264,14,29,73,27,-1,-12,124,-67,66,-173,20,-65,49,-56,10,-54,136,-20,-49,-107,-201,-129,-190,-150,-178,-169,-165,-186,-149,-201,-132,-216,-114,-227,-95,-236,-75,-244,-54,-248,-32,-251,-11,-251,11,-248,32,-244,54,-236,75,-59,25]]]
1271675	n	76.4691,26.2912,76.8724,26.6643	[[[764691,264700,12,-222,36,-219,60,-215,83,-209,105,-201,127,-190,147,-178,165,-165,182,-149,63,-40,53,56,-42,30,-10,46,-29,0,23,47,-14,87,192,-27,-4,74,105,57,7,47,71,28,52,-44,-5,-59,54,40,30,-5,93,-57,-7,-78,70,13,13,41,-42,91,96,115,107,62,106,13,37,27,76,-26,46,22,136,174,-101,157,79,99,69,16,173,108,92,85,104,2,21,61,92,71,52,-8,33,23,36,-21,105,88,124,36,71,99,-108,100,75,87,58,10,170,132,87,18,162,-76,160,109,118,118,80,20,29,63,58,5,-119,1062,-311,322,-17,-52,-98,-144,-264,-290,-139,-5,12,-149,-181,-149,-70,-12,-71,44,7,18,-95,-6,-55,-17,-73,8,-168,27,-139,53,-5,7,-8,4,-81,123,-94,74,-51,11,-9,73,-153,-17,-145,27,26,78,-185,215,-94,36,60,112,-35,26,-14,-16,-117,92,-155,-148,-113,60,-162,-107,-182,-149,-165,-165,-147,-178,-127,-190,-105,-201,-83,-209,-51,-187,7,-2,23,-223,-36,-39,-34,5,-6,-16,-11,-194]]]
1465594	p	1264527
1273687	n	74.0163,22.6039,74.5037,23.0561	[[[740163,228300,12,-222,35,-219,58,-215,81,-209,102,-201,123,-190,142,-178,161,-165,177,-149,192,-132,205,-114,217,-95,225,-75,232,-54,236,-32,239,-11,239,11,236,32,232,54,225,75,217,95,205,114,192,132,177,149,161,165,142,178,123,190,102,201,81,209,58,215,35,219,12,222,-12,222,-35,219,-58,215,-81,209,-102,201,-123,190,-142,178,-161,165,-177,149,-192,132,-205,114,-217,95,-225,75,-232,54,-236,32,-239,11,-239,-11,-236,-32,-232,-54,-225,-75,-217,-95,-205,-114,-192,-132,-177,-149,-161,-165,-142,-178,-123,-190,-102,-201,-81,-209,-58,-215,-35,-219,-12,-222]]]
1276856	r	75.1113,17.8901,76.0187,18.6493	[[[751113,184748,48,-571,0,-1,208,-2506,4874,-2769,1821,621,26,-40,28,-171,60,-29,195,45,5,226,1,41,48,82,17,119,-47,34,113,236,52,45,150,2,101,-68,76,-14,58,25,149,-43,-7,-118,74,-140,137,-30,231,63,155,-72,109,6,31,215,137,23,79,354,145,116,-48,89,-78,-11,-25,58,-172,-37,16,85,70,77,-26,-8,-10,12,-9,1,-1,11,-7,8,-10,126,-42,42,-295,-20,0,133,-96,52,-25,174,-39,47,50,25,48,87,40,108,38,141,-25,77,-14,22,-123,91,-3,69,-43,53,25,105,45,41,31,78,9,187,-44,130,-129,93,-12,107,35,206,-78,131,-6,54,-179,198,-83,281,-47,52,-18,8,383,2325,-6685,534,-268,22,-197,-201,-263,-307,-241,-322,-219,-336,-195,-349,-109,-230]]]
1279344	r	77.9834,19.1728,79.0091,20.1039	[[[779834,195241,2783,-848,-7,-6,50,-64,-79,5,-158,-96,-17,36,-464,101,-57,-275,-198,-505,-100,13,157,-296,161,-16,28,-103,32,-13,7,-83,130,-26,119,38,87,-11,135,-88,1,-59,79,-78,-6,-115,142,-140,104,43,178,-23,52,-33,16,-123,40,-52,-5,-55,48,-43,5,-90,92,-92,113,-76,170,6,76,-84,160,30,33,-188,85,-19,56,-40,57,3,48,33,58,-26,9,-55,243,25,47,18,33,63,105,-22,24,50,73,24,9,27,-43,91,-11,276,176,24,122,-27,271,-121,87,111,-9,199,59,72,223,90,73,86,55,-34,38,9,-2,72,-27,11,94,96,151,20,79,166,71,3,-8,40,284,-19,72,-57,75,-1,65,-32,278,175,188,13,-1,-52,109,-20,218,19,-69,-155,162,-104,218,-67,94,-225,216,-148,68,-125,44,-161,116,81,58,130,18,117,91,57,161,42,-2,34,41,26,-24,51,12,40,65,69,56,16,12,62,39,4,22,4,571,216,847,2010,-347,1355,-4899,4587,-3895,-1925,-1116,-3873]]]
1268936	n	75.1529,27.9229,75.6547,28.3554	[[[751529,281446,320,-941,3167,-1276,184,77,215,114,201,132,185,149,168,165,148,178,129,190,107,201,84,209,61,215,36,219,13,222,-13,222,-36,219,-61,215,-84,209,-107,201,-129,190,-148,178,-168,165,-185,149,-201,132,-215,114,-225,95,-5,1,-48,-7,-6,24,-60,19,-89,11,-196,-37,-50,70,-9,44,-15,4,-247,32,-78,4,21,-109,-79,-26,-2,-36,-98,-24,-41,30,-60,-17,-15,35,-114,-20,-10,56,-83,18,-24,31,-81,-12,-6,48,-77,-10,-242,-54,-236,-75,-225,-95,-215,-114,-201,-132,-185,-149,-14,-14,-656,-1439]]]
1269065	n	70.5066,21.6045,70.8614,21.9682	[[[705066,219497,373,-2754,45,-25,42,7,11,-248,-60,-15,10,-75,40,-67,4,-49,108,-65,33,3,11,102,121,20,205,-31,76,-90,13,41,119,40,51,52,26,-13,50,20,79,173,138,-30,46,-55,140,-5,111,-86,-30,-67,22,-52,120,-175,44,-8,227,65,-25,29,46,13,-7,141,20,54,47,37,-10,23,108,45,-49,204,195,112,58,6,22,-60,73,12,64,-104,44,27,76,5,28,7,35,31,-9,281,44,40,-7,43,94,47,-1,4,-12,15,-121,20,-16,-49,-87,1,-50,-78,-48,-13,-77,95,186,99,-81,107,226,112,41,-60,109,-15,27,-26,32,14,-17,52,-53,-2,37,16,-34,42,208,9,140,-79,115,19,2,38,-3036,2258,-80,-18,-223,-75,-209,-92],[707596,217665,34,33,28,266,93,61,33,-8,35,-93,70,-64,-25,-44,70,-12,82,-69,-86,-35,-1,-67,-45,-49,-114,-20,-106,-71,-68,172]]]
1253744	p	1269843
1270801	r	80.7987,16.2277,81.2771,16.6093	[[[807987,163701,803,-1321,285,-103,3696,1872,-223,916,-3317,1028,-679,-245,-565,-2147]]]
1277084	r	76.1985,24.4033,77.4266,25.4384	[[[761985,251238,92,-106,158,-416,97,-159,269,-304,390,-641,171,-25,132,92,63,104,99,90,119,-6,90,-43,279,14,-46,-159,86,-18,61,150,315,-177,98,-183,-33,-58,8,-55,185,6,75,-22,138,-304,34,-19,118,26,64,-34,15,-23,-40,-116,-26,-16,-93,33,-19,-26,17,-68,-93,-7,63,-91,-6,-41,-31,-20,-205,24,-242,-37,35,-88,2,-203,-37,-543,34,-41,30,-282,26,-70,90,-88,28,-217,111,-223,0,-9,7,-15,14,-163,34,-69,83,-5,42,-93,140,20,265,87,-18,-188,-88,-222,31,-101,-34,-284,47,-69,83,-24,45,-93,21,-255,-18,-269,73,-102,64,-33,103,-41,99,16,91,-27,-49,-278,168,-71,7,-14,12,-6,133,-283,176,-111,72,-22,26,0,180,47,84,55,30,68,94,81,62,9,187,-121,22,-116,124,-114,28,106,50,-13,27,42,34,-37,50,95,61,6,179,219,57,-5,0,30,147,-47,35,-66,129,33,106,-72,83,7,62,-65,-2,74,74,24,210,0,-39,41,8,60,37,45,62,-9,15,158,-54,76,-4,110,-41,35,-78,9,13,43,-85,99,5,96,-130,134,7,75,52,10,165,110,252,31,134,-99,-19,-52,-32,-15,15,-51,112,-55,56,34,44,134,76,76,160,-24,-12,-65,51,-165,-60,-179,26,-219,83,-66,118,-18,46,-72,77,6,2,-39,45,27,66,-28,155,-3,59,114,201,9,52,30,-17,23,17,29,49,13,-27,41,8,44,172,44,10,225,55,23,14,70,53,-31,125,15,-4,55,54,141,95,128,21,141,-60,215,34,145,-37,350,-213,349,-22,207,-98,119,-59,30,-120,-21,-6,1,0,1,-115,36,-38,45,-24,128,-60,28,-149,1,-55,61,-45,123,-106,58,-105,-29,-120,-139,-83,-13,-157,-107,-53,18,-62,97,-65,42,-334,-48,-75,79,-11,189,-12,10,440,670,76,9,187,85,129,20,46,66,64,25,81,113,-46,53,-104,7,-10,69,-96,-16,-30,22,1203,1833,25,-25,420,-92,43,80,69,32,266,13,108,182,81,37,62,65,29,-18,-12,-69,177,-18,45,133,-28,51,56,88,98,-37,117,12,94,46,98,-49,219,-24,224,43,106,52,46,-54,142,-47,38,-57,-10,-31,61,-60,6,-53,124,-61,41,49,235,75,-5,27,126,9,69,-23,184,111,-1,57,188,96,80,-73,-2,-33,44,24,-53,99,-107,18,56,139,-32,219,70,64,1,183,94,-10,68,32,53,-4,4,-24,46,48,-81,103,-38,217,-30,39,-119,21,-54,38,-120,158,-120,3,-43,139,-110,36,-9,101,85,54,113,-45,19,106,51,76,-20,205,-42,69,-31,8,-29,75,-108,-22,-52,-58,-107,14,83,80,109,290,54,15,-76,91,-74,3,-12,144,72,146,103,34,29,64,-100,105,-70,-1,-40,-32,-187,118,-113,2,-44,38,-86,-12,-170,-86,-230,-261,-160,-77,-30,-77,-140,-15,-60,-100,20,-78,-56,-254,49,21,47,-38,-81,-35,11,-50,-35,-65,-59,-10,-23,25,47,45,-27,47,-117,-30,59,-172,-20,-30,-238,27,-59,29,-143,-37,-117,44,-96,79,-91,2,-99,96,-55,1,-106,2,-253,60,-85,-84,-51,-97,-132,-20,-110,49,-21,-87,-121,-183,-348,40,-164,-5,-68,25,-130,-31,-29,-129,-147,-23,-132,9,-66,25,41,60,20,117,-118,61,-161,143,-200,5,-242,87,-179,-66,-190,1,-59,-33,-369,-74,-7,2,-212,70,0,83,53,103,-145,25,-48,50,-84,29,-95,-40,-34,-14,-15,-6,-8,1,-148,20,-30,37,-105,8,-72,-40,-36,23,-18,-29,-77,13,-4,7,-6,10,-81,144,-36,-40,-33,59,-39,-5,-3,0,1,50,-35,-9,-61,128,-170,-67,-166,142,-77,13,-3,131,-114,269,-44,46,-100,14,33,-310,-3,-1,0,-4,-27,1,-21,43,-123,25,9,37,-65,16,0,20,-65,-18,-36,28,-45,-34,-32,11,-6,53,-67,-9,-9,-50,-41,11,-19,-32,-88,28,-12,81,-152,26,-42,-9,15,-44,-26,-103,-42,23,-50,-42,-54,5,-19,-34,-85,21,-77,-40,-159,-3,-47,-61,4,-89,28,-32,-21,-51,-98,-1,-41,25,-21,-31,-69,30,-38,-29,-8,25,-42,8,-15,47,-178,10,-47,-80,-43,-7,-122,104,-113,-32,-120,-131,-61,11,-31,49,-100,-26,-33,-45,-38,-280,-131,-193,-11,-354,-138,-233,-18,-189,-33,-56,-64,-32,-214,-10,-77,-36,-37,-101,47,-160,-36,-186,38,-50,-5,-54,-110,-103,-22,-106,-56,-40,-197,-13,-88,-124,-25,-215]]]
1269939	r	77.2129,22.2134,78.6987,23.1181	[[[772129,225656,41,-94,171,-54,72,-4,79,48,83,-16,3,-3,4,-1,2,-3,30,-22,33,-89,65,-21,1,-5,4,-2,-3,-8,4,-30,-20,-23,-3,-9,-7,-2,-5,-6,-135,-31,-67,-71,-1,-7,37,-32,18,-11,97,25,58,-104,133,-107,-8,-338,111,-156,-35,-60,-52,-14,-38,-52,43,-22,148,-5,69,57,29,-18,7,-40,-88,-159,1,-39,122,-125,60,-148,-19,-72,57,-50,-72,-55,17,-58,-35,-99,64,-35,12,-79,81,16,20,-43,143,-113,22,-78,92,-18,23,-80,-77,-93,22,-97,45,-49,82,10,35,-26,-73,-147,1,-214,50,-23,177,-6,41,-216,126,-13,82,27,58,-10,77,-77,74,-23,207,37,69,71,-35,176,24,66,196,22,41,53,52,17,-2,145,41,-1,171,89,-51,94,45,217,69,-9,57,154,61,40,61,-5,120,107,37,135,54,39,27,-15,-18,-172,30,-34,98,44,178,5,68,26,43,-36,13,-77,68,-1,43,-32,160,38,1,-113,135,15,38,-116,82,-5,53,-43,115,50,155,15,-15,43,25,49,335,-6,36,-84,79,37,93,94,121,-3,1,35,84,22,-16,70,-122,87,91,66,163,-76,36,-67,15,-28,148,-15,181,39,-9,77,187,24,41,39,76,20,34,75,90,59,49,4,98,-55,18,-55,23,-73,-49,-132,25,-165,-39,-165,50,-71,-17,-89,193,-12,118,163,202,122,59,85,164,64,75,104,75,-44,-3,-41,227,27,54,-37,66,29,114,-18,112,50,222,-77,334,190,160,45,115,70,2,1,62,37,214,28,59,74,225,143,126,14,91,69,149,31,7,-16,185,8,110,-28,54,20,435,-17,188,226,200,-57,120,109,532,-76,104,33,101,-27,32,-40,-16,-33,83,-26,38,-38,81,-109,21,-74,41,-28,71,-12,39,19,17,-27,54,-7,4,26,106,-42,-1,43,35,10,30,-17,5,-55,92,23,66,-37,5,75,126,-34,22,54,69,25,52,129,78,44,78,-22,131,172,51,4,141,-52,45,48,102,-7,45,89,-69,134,-61,47,19,101,-86,-1,-95,55,-24,-63,-37,-2,-19,52,21,97,-81,14,-55,70,-67,-6,48,135,181,48,84,56,11,49,-31,86,91,214,-56,48,-23,90,-76,16,-75,54,-59,144,-102,61,-53,56,-6,61,-51,26,-3,128,27,8,12,75,-33,208,46,58,-9,29,30,1,-19,12,25,89,131,53,20,27,-16,17,64,36,168,-92,66,40,113,-26,153,47,181,-65,20,-35,165,-40,60,41,11,46,-30,57,100,153,75,30,41,47,215,7,55,40,18,-20,30,19,-23,15,2,43,31,28,101,-5,153,87,2,30,-73,37,-82,-14,-28,143,105,208,105,136,-94,126,-110,35,-157,-139,-52,59,-30,99,-58,13,-37,-53,22,-128,-64,-65,-64,4,-35,57,35,126,-9,81,83,123,-51,49,-144,-72,-30,2,-30,45,94,133,10,65,-51,24,-126,-73,-185,-9,-3,56,129,77,35,59,-50,82,15,117,-61,26,-104,-3,-90,86,13,75,114,-47,58,26,33,78,-64,44,-78,-58,-91,104,15,81,109,133,-94,153,44,119,-144,108,22,116,-59,19,-77,-28,-250,66,-218,-109,-44,-2,-48,43,-39,97,-59,26,-85,-13,-59,-58,-95,-19,-47,30,-31,79,7,68,88,-17,22,20,-32,77,-89,30,-51,-27,-56,-94,-58,48,32,65,-20,17,-98,-87,-165,1039,-4020,358,-2051,-1079,-3600,-1894,-1,0,-1761,-926,880,-1193,509,95,-185,-114,-198,25,-107,-23,-7,-7,-109,-107,-88,-258,-187,-102,-144,-7,-183,64,-101,160,-57,188,-44,42,-69,19,-115,-60,-297,-301,-117,-47],[777478,226262,10,16,17,-1,1,-10,17,0,3,8,17,3,15,11,54,-32,18,13,1,-17,21,0,5,-11,16,0,7,-6,9,17,16,7,-21,73,44,14,4,8,156,3,33,-12,104,-91,15,4,18,-25,5,-25,-23,-126,20,-37,-68,-2,2,-21,-19,-21,-27,-1,0,-12,-26,-2,32,-37,-67,-57,-65,-6,-68,10,-43,12,-22,17,-82,30,-22,41,29,42,-10,22,-101,-26,-3,16,16,24,3,50,22,7,-17,64,-26,34,-15,11,-5,21]]]
1278715	r	70.7371,20.7944,71.6794,22.0413	[[[707371,216656,49,-204,68,-32,167,10,40,31,88,161,-64,104,-73,-12,-22,60,-58,-6,-195,-112]],[[707596,217665,68,-172,106,71,114,20,45,49,1,67,86,35,-82,69,-70,12,25,44,-70,64,-35,93,-33,8,-93,-61,-28,-266,-34,-33]],[[707676,217098,77,-95,48,13,50,78,87,-1,16,49,117,-14,19,-24,-96,-48,7,-43,-44,-40,9,-281,-30,-30,168,-271,56,47,121,-90,359,-356,91,-218,63,1,21,-295,86,21,43,-150,-68,-74,-34,18,-187,-23,-21,68,-145,-27,-20,-160,-77,-50,-198,2,-49,48,-99,-3,54,-241,236,36,-40,-53,-22,-210,43,-113,348,96,84,-61,89,-145,21,1,-8,-26,39,1,115,171,143,46,87,-24,50,-58,27,-296,147,-36,14,-48,-2,-230,-240,-59,-55,-66,-123,31,-3,143,-143,-49,-83,-87,5,-66,-26,-25,-65,-11,-62,28,-11,-23,-4,-7,14,-42,38,-118,34,-232,-34,-40,-45,-1,13,-145,83,14,54,-27,63,61,124,26,148,105,63,117,94,-80,3,-64,67,-119,42,-21,15,-83,-153,-84,-202,-40,-87,-129,-38,7,-16,-77,19,-14,-47,-15,-8,-82,-191,-60,-48,-4,-41,24,-4,1,-8,2,-365,-33,21,-64,-165,-72,-64,-129,0,-1,74,-147,140,-162,-18,-58,107,-95,78,-27,55,-43,29,-15,2,-9,9,-8,16,-95,2,-12,3,-4,106,61,63,-27,40,49,182,98,80,-36,55,11,155,-32,275,-108,289,-48,112,62,161,-42,168,-215,47,1,145,-120,344,-161,172,-191,-7,-43,35,-65,149,-72,20,-34,61,24,65,-25,93,-87,-2,-104,38,-145,102,-109,-156,-220,-35,-123,0,-41,34,-35,-76,-47,-38,-191,32,-38,73,-21,51,-59,-8,-40,112,16,-22,34,63,-6,38,50,98,24,39,-18,43,68,51,-23,91,32,17,75,44,35,262,-218,-144,-301,-157,-42,-53,33,-68,-71,157,-169,-24,-64,-87,-30,-57,-51,26,-65,63,-23,31,-54,163,4,33,-119,68,-115,-28,-101,31,-86,61,-47,-5,-73,30,-27,-82,-62,-37,-63,-43,-12,-47,-60,5,-29,3,9,10,32,47,25,223,36,70,77,21,5,180,42,85,59,57,3,72,61,21,-19,103,39,17,32,262,123,97,2,155,55,50,-19,15,28,22,-24,103,33,8,-22,164,48,-13,70,-81,26,93,88,110,-4,22,-33,-32,2,6,-42,-46,-10,76,11,38,-22,60,32,68,-16,105,31,30,-27,117,15,76,83,32,6,12,41,138,-3,26,-9,0,19,58,67,58,10,-7,41,39,58,-6,70,128,98,29,-18,63,40,38,-32,118,85,-45,-4,-79,95,35,84,68,64,38,20,160,-54,150,76,142,-28,40,43,112,5,-17,24,31,25,55,16,12,-19,56,28,21,50,54,1,16,-27,10,22,23,-17,54,27,-32,15,-20,66,28,45,115,-1,34,-65,-23,-54,41,8,26,34,66,11,-43,65,16,50,138,91,161,48,171,-9,6,32,-13,10,-11,-4,-41,43,-23,109,-65,110,18,34,-254,-27,-41,115,29,50,-8,90,-35,67,-97,9,-122,-54,-9,-31,-21,14,-19,147,116,35,12,-38,55,8,25,27,-8,128,28,21,-55,70,21,12,-48,171,-70,-7,-32,85,-57,22,-8,84,-122,38,-36,103,-44,-17,-6,27,-38,-13,2,36,-41,-11,-71,92,-158,24,13,52,-91,103,-10,12,-48,9,-59,-55,-28,32,-159,-6,1,52,89,67,-32,20,-3,24,41,29,-84,256,99,94,-45,220,52,54,-3,43,50,41,6,47,-31,19,-77,-170,-102,-201,-121,-190,-141,-178,-159,-165,-175,-149,-190,-132,-203,-114,-214,-95,-223,-75,-230,-54,-234,-32,-236,-11,-236,11,-234,32,-230,54,-223,75,-214,95,-203,114,-190,132,-175,149,-159,165,-141,178,-121,190,-102,201,-79,209,-58,215,-34,219,-12,222,12,222,34,219,58,215,37,97,3652,1097,148,-102,175,-149,119,-124,48,67,-3,153,27,98,116,251,78,60,118,-14,251,101,24,104,99,139,-60,122,13,150,-24,71,60,101,268,77,49,-73,222,46,16,3,41,-29,61,23,-14,154,-4,-2,-1,-1,-36,-16,4,20,-86,29,-69,83,-125,-2,25,21,-39,133,-1,132,4,5,1,25,60,43,7,8,-29,15,-29,93,58,1,7,50,28,13,-15,76,39,68,-14,16,-3,4,-59,44,-65,31,-9,25,-103,-13,-10,39,-87,-9,-118,63,-99,144,-14,85,-34,42,-236,54,-57,68,-1,68,-33,-1,-76,100,-103,23,-189,-55,-148,262,31,52,8,143,-117,60,18,132,52,12,-12,47,-40,-1,-9,44,-86,-39,-18,51,-125,16,4,72,-23,6,-19,-64,26,-7,-61,-4,-4,-22,-17,68,7,40,59,-1,10,42,-59,50,-3,83,70,71,93,-53,140,17,58,-90,67,-24,-7,131,73,187,-55,34,-34,60,10,23,-91,27,-21,89,-56,13,-236,-79,-95,53,-42,-11,-20,16,-8,0,-13,17,-26,22,-17,35,-32,42,-28,85,5,109,1,16,-95,58,-103,-52,-235,4,-37,-19,-43,139,9,74,-69,-3,10,137,-28,19,8,73,-24,51,-272,99,-35,-95,-124,-60,-31,-62,-64,-7,20,-64,-24,-13,134,-184,53,-113,-17,-37,47,-20,-4,-26,-54,4,-47,-32,53,-79,-228,-9,-81,-39,-34,9,-19,56,33,21,-69,47,-11,43,-1,30,15,5,-15,57,36,54,13,121,-63,88,-60,2,-14,-43,-144,-9,-281,30,-61,47,-1,1,-73,-22,3,-37,7,-4,97,-58,21,-303,-64,-38,-148,-27,-8,-52,-109,45,-47,-12,-16,-64,-123,-26,-17,-88,-91,50,-102,-29,-89,-146,-25,-127,-216,-50,-9,22,-97,0,-289,-128,14,-62,54,-25,5,-98,-141,-89,-126,2,-62,-27,45,-63,72,-62,1,-1,153,-132,201,116,276,109,42,-197,-42,-15,-15,-81,-143,-49,11,-87,-54,-58,-18,-5,-21,41,-108,21,-59,-29,-170,-8,-8,-84,-39,-27,-30,-68,122,-151,-105,-223,57,-131,-88,-45,-3,-4,-6,-4,-43,-65,-32,-6,-2,-41,-69,-37,-78,14,-20,-5,-6,0,-220,-62,7,-42,-131,-1,-41,26,-94,213,-123,-69,-220,37,-48,121,-53,3,9,41,-15,4,-220,61,8,-68,-59,20,7,-83,-61,-89,22,-100,-97,-56,-60,84,-240,-39,-140,79,-208,-9,34,-42,-37,-16,53,2,17,-52,-32,-14,-27,26,-109,15,-41,60,-226,-112,81,-107,-186,-99]],[[708461,214090,55,-114,116,-50,46,-30,40,130,80,89,-10,86,-131,-45,-57,-68,-139,2]],[[715030,214617,96,-151,102,-201,79,-209,58,-215,16,-105,100,21,147,-109,201,44,-2,65,-5,2,-13,120,12,90,-2,60,-4,29,-230,-1,-9,-2,-63,-83,-73,150,56,8,23,34,-4,268,-184,1,-31,28,-54,162,-216,-6]],[[715090,209051,19,-14,110,10,-52,86,-43,-21,-34,-61]]]
1259297	r	78.3981,9.8469,79.2666,10.7333	[[[783981,105143,32,-2342,1070,-150,-194,-16,-179,61,-185,-18,-31,-240,176,-12,79,29,79,101,25,-39,-30,-23,-30,-87,92,-23,3,-49,-138,-104,-5,-128,-30,-47,55,-3,131,-124,64,12,50,-30,154,26,-27,96,5,65,29,38,-37,50,40,181,81,39,24,-18,11,110,77,43,10,33,19,0,2,-32,137,-51,11,59,69,-10,30,32,842,-118,0,-2,-62,-53,76,-37,-25,-117,247,-206,-84,-273,63,-32,-26,-45,19,-103,-18,-67,84,-68,104,-13,47,24,-2,13,58,112,39,50,28,59,41,55,97,-60,78,-9,8,-11,30,-8,8,-9,-11,-60,26,-11,32,1,13,-7,26,-3,15,11,5,13,39,17,41,6,30,23,33,3,56,-13,9,5,64,-23,34,52,-22,40,-19,15,-9,33,-2,35,-6,1,-2,133,35,52,80,35,2,3,13,2,38,17,-1,2,11,2,42,18,66,-1,80,44,51,13,25,3,40,-35,90,-111,3,-30,-5,-23,-2,-45,-14,-32,-2,-29,-6,-6,-19,-89,-22,-41,-25,-13,29,-35,24,-15,-2,-23,113,-55,11,-43,-1,-7,6,-29,10,-13,2,-48,34,9,14,-13,23,-5,37,8,46,-21,13,-25,-15,-85,40,2,1,1,2,-1,104,7,5,25,6,10,17,48,44,12,65,100,3,15,7,0,24,37,33,17,43,-41,43,-5,36,-12,52,44,-5,24,-12,13,7,13,73,-33,-15,-38,26,-27,12,6,27,-46,-8,-30,-8,-4,-5,-11,0,-18,-15,-15,10,-30,10,-2,12,-16,73,-61,35,-9,27,-19,26,14,14,0,0,-66,14,10,4,-7,9,1,6,14,49,-5,4,-44,29,-12,4,33,37,-19,28,-26,-6,-18,6,-13,25,85,74,-10,89,44,2,53,34,-18,37,-66,4,-40,12,-31,20,-21,15,-68,35,-35,-10,-20,51,-67,-58,-38,-49,9,-5,-32,-41,-26,-65,61,-52,69,-46,-22,-60,-27,-11,-53,-46,-85,-92,-50,21,-15,7,-65,61,-46,-15,-36,-28,-22,-38,31,-77,-94,-50,0,-25,-46,62,-16,34,-29,7,-84,8,-23,-2,-56,244,-128,104,5,59,-23,39,-33,-13,-85,83,-23,74,44,55,-4,-1,20,35,-29,-4,-21,19,-30,37,-16,41,-1,7,29,26,12,16,-59,7,-15,4,-28,-93,-18,-61,-138,33,-16,-12,-43,25,-40,-80,-22,-22,19,-20,-39,-19,3,15,-39,-6,-9,1,-6,29,-63,55,-46,6,-56,127,-173,39,-95,85,-4,19,-79,107,-118,24,-129,65,-97,154,-11,100,-91,55,42,83,-6,91,34,103,-10,45,-60,59,-26,48,48,56,105,-16,48,-39,19,3,74,87,178,247,246,-2,79,25,53,329,323,114,75,26,80,407,449,8,5,235,131,-136,112,-2,91,0,-1,-1,71,-30,27,0,-1,-58,52,-73,11,-71,143,-31,105,29,53,-15,66,42,130,50,44,-72,20,25,24,-28,-23,27,27,-33,23,-126,4,-65,26,29,28,-49,150,-74,12,-12,38,-161,-8,-17,-19,-146,27,10,-30,-54,-12,-86,30,-9,74,69,16,15,104,-36,63,-57,-8,21,124,63,-19,143,66,110,-88,4,40,60,27,-26,41,-43,11,-19,109,-79,-27,-64,33,-100,-6,-110,43,21,64,-31,93,-79,5,-21,-59,-177,15,8,202,124,-1,22,118,-34,26,25,56,-45,40,19,42,-106,70,-12,46,34,49,25,-7,22,59,-53,42,14,21,78,1,48,78,3,65,-112,84,-76,0,-1,29,52,73,78,-13,30,29,78,0,20,42,68,24,-3,35,8,36,1,58,-47,20,20,78,-7,21,-20,19,-9,24,-8,60,11,44,26,11,38,59,6,73,-96,137,-29,9,-19,63,-39,20,-14,82,-28,26,80,11,93,75,-49,34,70,9,73,-24,26,44,35,-42,74,7,5,20,93,-6,12,26,-107,12,1,26,56,-4,8,41,47,17,113,-11,12,36,37,4,4,42,-51,21,4,20,-59,-14,-18,29,-55,6,1,31,-52,10,-1,-28,-47,29,-109,-37,-104,71,2,21,-166,27,14,70,-41,-21,22,49,82,11,29,43,16,116,34,-10,91,86,-54,72,45,3,46,46,98,-29,9,43,27,-30,129,78,47,169,30,37,2,186,-97,-30,7,-20,-25,-10,-28,65,4,90,-34,-20,-111,33,-206,-32,-27,18,-12,151,27,65,-43,72,-33,14,-44,146,-45,26,-16,1,-31,-12,-28,17,-170,-198,-25,138,-66,10,-30,23,-210,72,-33,67,-6,7,-6,18,-43,89,12,85,-1,30,6,7,8,57,-57,-42,-52,28,-32,39,-92,4,-29,-12,-9,13,-141,6,-109,-18,43,35,-3,53,2,5,-1,70,20,36,78,46,-183,29,-45,42,14,61,-33,17,-22,-3,-4,16,-19,9,-23,0,-10,17,-47,-23,-42,-101,15,-21,-8,-69,-57,-32,16,-139,-61,-52,-18,1,-4,5,-62,18,-21,-54,36,-56,-53,-38,35,-8,3,-26,-33,-58,1,-9,-17,-20,-21,10,-4,20,-12,16,24,38,-23,14,-22,24,-38,0,-52,16,-18,32,-44,-9,-39,46,-1,0,-16,19,15,18,18,-1,19,7,17,-22,-4,-17,39,-7,20,21,-31,39,-5,0,-28,41,2,31,-48,12,-44,-29,-91,-61,-39,-36,-20,-3,-35,-23,6,-32,-60,0,-12,13,-11,69,-29,13,-11,24,-1,0,-5,-5,-76,10,-20,110,-31,-16,-10,21,-36,-7,-26,8,-39,58,-10,9,-1,7,-13,20,-7,8,-49,-70,38,-59,-17,-33,-83,8,-25,30,-116,-6,-65,27,-222,9,4,-79,-34,4,-49,-145,-79,18,9,44,-53,7,-9,-51,27,-28,-49,-92,18,-40,-92,-122,-168,31,-7,37,-81,18,-73,-33,-19,-97,-95,-6,-90,320,40,105,68,24,-18,120,-34,16,2,75,-67,72,-149,16,-44,47,-67,18,-10,99,-51,-1,-20,-9,-64,8,-16,-35,-20,-16,-38,-7,26,-23,20,-157,30,-4,16,-43,-26,-86,-20,-39,-98,-51,-6,-160,-155,8,-10,-144,-30,-29,-46,-4,-60,54,40,160,-42,65,40,81,17,145,-96,-6,-58,35,-72,-1,-85,-39,-41,-89,-10,-179,-38,9,-18,44,-79,-14,-147,-208,-126,41,-84,-39,-69,9,-6,102,30,107,-129,51,-43,-7,-76,-107,-88,16,-48,-53,-68,22,-18,-49,-35,-1,4,-43,22,-9,-21,-48,33,-94,77,-49,-19,-143,-230,57,-103,-10,-109,29,-130,-105,-21,-77,-76,-21,-18,-62,-115,-36,58,-89,-4,-62,74,-33,-11,-82,72,-27,-31,-173,29,-34,0,-162,203,-30,14,-34,-886,-210],[786245,106602,76,32,18,-67,86,-37,-37,-67,-85,-26,-8,32,-45,19,-5,114]],[[785575,107030,11,-61,62,-28,9,-55,72,-36,42,34,32,119,-45,65,-10,27,-51,6,-52,-48,-62,0,-8,-23]],[[792027,105313,22,-37,-19,-62,37,-41,6,42,37,18,-17,23,39,3,10,41,-106,35,-9,-22]],[[792063,104978,71,-18,2,61,-67,-14,-6,-29]],[[792183,105195,38,-17,-24,-16,24,-22,32,55,-15,36,-37,-4,-18,-32]],[[792204,104888,55,-12,-24,-28,148,-11,6,25,-1,6,6,14,50,-6,0,85,-56,72,-51,-56,-65,8,-65,-28,-3,-69]]]
1261848	r	79.8105,16.0466,80.2224,16.3679	[[[798105,162664,1470,-2198,1136,844,2,0,39,-17,28,45,15,35,1429,1063,-2292,1243,-1827,-1015]]]
1258126	p	1275004
1276942	n	86.4879,21.7039,86.9721,22.1561	[[[864879,219300,12,-222,35,-219,57,-215,80,-209,102,-201,122,-190,142,-178,159,-165,176,-149,191,-132,204,-114,215,-95,223,-75,231,-54,235,-32,237,-11,237,11,235,32,231,54,223,75,215,95,204,114,191,132,176,149,159,165,142,178,122,190,102,201,80,209,57,215,35,219,12,222,-12,222,-35,219,-57,215,-80,209,-102,201,-122,190,-142,178,-159,165,-176,149,-191,132,-204,114,-215,95,-223,75,-231,54,-235,32,-237,11,-237,-11,-235,-32,-231,-54,-223,-75,-215,-95,-204,-114,-191,-132,-176,-149,-159,-165,-142,-178,-122,-190,-102,-201,-80,-209,-57,-215,-35,-219,-12,-222]]]
1262578	n	74.2758,30.3124,74.7431,30.6685	[[[742758,304302,16,-101,18,-2,137,-59,580,-86,65,-28,10,-67,-50,-138,-116,38,-253,32,-20,-24,-68,-166,10,-45,3979,-532,114,108,170,238,-273,76,-88,-3,2,17,248,99,183,-88,9,13,-742,1815,-1205,1255,-66,-2,-380,33,-67,-55,-137,9,-75,-97,2,-76,68,-70,63,-31,48,7,-360,-168,62,-49,-24,-72,-147,161,-68,17,-203,-145,-62,6,56,-80,1,-72,-181,7,-125,-34,-45,-37,-148,-26,-75,78,67,-74,-8,-90,69,-116,12,-91,37,-12,-48,-88,132,-27,129,-107,-23,-85,-39,13,-68,-30,-151,-126,107,-125,-49,-43,-24,-102,-138,-52,-164,41,3,-132,-27,-77,-162,-182,-211,9,-307,-160]]]
1278083	r	82.7525,25.6794,83.4802,26.4648	[[[827525,261525,3446,-4579,774,-152,932,660,440,1116,7,0,52,-35,15,31,43,32,14,23,-12,22,-23,7,-10,13,4,17,-8,20,8,18,-2,12,-1,7,1,1,16,12,-10,16,3,24,-8,0,1,8,0,11,1,10,0,25,-6,3,2,15,-30,-1,-4,37,33,11,-12,42,83,19,1,3,13,1,0,16,20,10,1,18,15,2,4,0,3,9,31,-3,-3,-7,-6,-13,39,2,6,0,47,-19,30,28,-29,7,24,57,44,-1,-5,40,9,24,-55,10,-81,38,1,42,9,13,24,9,34,-23,1,-14,13,8,7,-14,2,-4,5,-1,13,-5,16,-18,4,-5,30,-14,8,-14,7,10,-9,18,12,4,11,-7,5,13,12,2,10,11,-11,66,31,3,4,-51,17,-16,12,7,10,-8,1,-1,12,15,13,-15,13,20,42,13,12,40,-1,69,-2,8,-30,-5,-40,40,-31,-3,-27,13,-12,-2,0,-17,-7,-2,-19,19,-1,0,-30,12,-27,52,-22,13,-41,-1,-38,-11,-5,24,4,21,-14,24,-20,-1,-2,-2,-31,-3,-25,12,-28,-6,-23,-15,-92,-10,-28,-13,-9,-14,-37,-23,-19,-21,-45,20,-12,-2,-39,13,-3,3,-23,5,-19,-12,22,45,14,80,90,42,20,34,-9,35,-39,32,3,21,14,23,-15,29,0,44,57,-2,92,48,-9,70,1,42,-10,24,73,109,17,42,4,29,31,105,0,24,-18,19,-106,3,8,85,-2,4,4,46,53,26,102,-4,47,7,25,11,34,-31,45,25,88,-22,128,64,9,24,-23,29,-41,1,-16,-6,-63,-6,4,33,11,32,-6,12,50,23,1,0,33,15,-3,24,72,43,35,-9,60,107,64,-20,19,14,-1,46,40,50,92,-29,3,7,-2,114,27,32,29,-8,32,82,-30,52,53,5,47,119,-44,133,-38,26,24,42,-28,42,33,24,-74,53,47,71,47,22,15,97,52,-2,37,32,28,74,-14,49,55,94,155,120,-8,71,59,80,-3,48,93,104,32,259,101,5,18,47,-891,1079,-3064,722,-3322,-3123]]]
1276895	r	75.2537,30.1376,75.7311,30.6058	[[[752537,304638,140,-186,-57,-13,30,-75,181,54,73,-132,94,-42,56,-64,-61,-102,31,-50,-19,-52,29,-10,34,-95,-13,-83,75,19,89,-49,45,33,71,-11,-89,-272,81,-18,69,-60,48,11,8,-70,-13,-28,-112,-17,-87,36,-34,-8,-58,-30,-9,-53,48,-26,31,-78,-33,-140,157,37,123,-62,-68,-77,23,-70,70,-27,60,43,89,-48,-26,-146,100,-65,-63,-33,29,-30,8,-74,-51,-27,2,-37,124,-39,9,-89,-21,-83,-51,-59,27,-20,-15,-22,-112,-42,58,-26,10,23,34,-1,-6,-63,45,-10,140,113,38,5,17,-32,35,2,-34,-25,-2,-39,229,-141,108,7,116,45,122,-3,96,34,24,-4,197,-152,-8,-43,55,-2,16,-91,29,-19,-24,-31,21,-55,157,-115,104,0,64,-37,101,69,41,-44,106,-46,127,100,156,-36,12,50,-39,25,16,45,-142,143,-23,62,-39,7,34,46,-27,15,35,37,-45,72,33,41,-5,36,103,5,41,29,-16,17,98,57,-2,30,47,2,-2,36,-48,44,32,40,89,-55,209,-53,51,10,8,27,125,80,108,30,64,63,214,-18,108,37,107,-99,-45,68,8,31,37,-6,-16,13,24,26,54,-14,25,112,116,24,68,47,19,113,32,27,51,-18,21,27,-148,82,-262,8,-200,68,-146,192,27,64,-82,145,63,69,112,-32,144,110,-16,18,37,39,-70,53,5,127,-21,29,19,66,-114,90,11,61,-25,44,59,47,-57,74,52,96,-93,84,-53,-1,-29,70,-60,53,72,74,47,-40,63,38,82,110,2,117,24,19,-106,7,-68,76,24,104,-16,44,122,34,59,60,34,54,-33,107,-117,34,-12,40,-57,13,-5,26,-57,97,2,5,6,13,5,10,13,10,10,7,23,31,6,8,49,10,6,4,-2,4,13,4,-63,99,124,84,48,126,87,68,-1,2,-12,12,-17,4,-14,22,-35,32,-231,-63,-11,-3,-148,33,-112,66,-173,-72,-57,5,-142,-111,-40,-78,-57,-17,-10,-40,-130,24,-122,79,-49,4,-78,-19,-40,-111,-43,3,-43,34,-16,82,22,58,-2,1,0,1,-101,20,-88,-69,-29,-77,-54,10,-141,91,85,157,-317,74,-2,-65,-101,17,-91,-93,-27,23,-53,-33,-30,23,-30,-91,-218,0,-39,-85,14,-82,-26,-5,53,-49,-5,-31,108,-53,-1,-47,-189,-202,-113,-12,-138,-57,-34,-38,-36,-7,-12,22,-68,-64,-49,36,-86,3,-22,-21,-102,61,-8,52,-38,-1,9,73,-83,49,-23,-23,-76,-3,-9,-71,-75,-10,-113,-115,11,-43,-112,-36,-52,-168,-240,-274]]]
1252758	p	1277333
1274040	r	74.105,24.2186,75.8154,25.2156	[[[741050,247346,15,-26,46,-24,21,33,152,-14,68,-107,69,-2,71,41,203,-131,44,-129,-19,-117,-21,-36,-142,17,-33,-89,1,-95,149,31,90,-22,69,-112,62,85,113,-27,50,-183,-55,-19,-13,-77,-29,-22,4,-181,163,21,-5,130,134,199,163,-81,27,-124,76,-130,-125,-28,-252,21,-29,-135,35,-94,131,32,83,50,72,-152,34,-24,245,-60,-42,-19,-22,-69,14,-90,-40,-115,100,-75,18,-60,-2,-42,-29,1,-12,-32,-10,-39,24,-19,-25,-51,-184,-4,1,-92,35,9,-43,-57,-31,-17,-77,41,-6,-70,43,-128,-40,25,-63,-47,-110,-31,-33,27,-43,-86,10,-49,-86,-36,-20,-94,-35,-29,8,-29,-34,-17,65,-65,178,-92,-3,-29,84,3,152,96,-13,33,26,77,35,21,-2,36,25,-23,24,12,19,-34,39,24,0,131,-42,1,-5,-23,-45,14,25,112,-21,51,28,-3,12,34,52,-46,23,13,44,-33,-1,-92,-42,-16,32,-29,-35,-28,48,-75,41,24,113,211,79,-138,62,-4,20,-23,76,7,80,25,55,202,200,-10,15,-56,-138,-132,9,-82,-73,-26,-26,-74,-63,-11,-43,-38,45,-92,-34,-17,-26,-101,16,-143,147,2,69,34,42,86,81,-22,97,-102,83,-49,42,-140,11,-153,-75,10,-56,-48,-48,22,-45,-16,-15,-186,-91,-64,112,22,9,-75,-28,-34,130,41,1,-55,38,-13,24,-50,-5,-112,61,-80,14,-84,94,-15,-66,-21,-46,-127,132,-34,223,36,23,-27,48,76,77,-16,22,25,-1,-22,77,-1,43,-173,-8,-120,91,-176,123,-70,31,-99,54,-46,171,6,9,62,54,11,9,66,35,16,69,226,149,110,74,115,5,63,97,-5,-46,257,94,21,16,94,-78,102,-15,138,57,58,15,67,-82,149,-24,88,22,73,-25,4,-56,180,29,136,330,47,-89,49,-195,132,-180,149,-163,165,-144,178,-125,190,-103,201,-82,209,-59,215,-35,219,-12,222,12,222,35,219,59,215,82,209,58,114,3823,737,204,40,1,-164,-39,-11,145,-147,144,-178,125,-190,103,-201,82,-208,-380,-391,100,-125,54,35,-13,49,24,15,37,-21,-5,-44,37,-47,-4,42,38,39,42,-30,104,-16,54,16,40,-24,68,43,32,-18,15,26,24,-28,-9,93,52,-14,23,40,16,-25,72,137,38,-45,-15,90,40,49,-46,74,144,11,272,77,-9,54,-90,12,5,387,236,2,-69,327,-38,82,-62,18,-90,-56,-58,-3,-26,-47,-96,-4,-30,68,-43,-12,-104,43,-71,-12,-128,61,-46,-9,-94,-79,-57,-8,-34,13,-36,101,-271,94,-6,71,-100,7,1903,367,1973,995,-125,459,-357,574,-37,16,-72,-53,-59,3,-20,29,1,5,3,-1,18,96,-30,73,78,283,61,76,-200,21,-114,77,-38,-10,-178,68,-255,-13,-33,49,66,93,-83,82,-74,10,-216,-52,-139,23,-143,-96,-324,83,-38,75,3,64,-67,-1,-77,-77,-76,5,-88,-141,-229,-116,-61,77,-75,282,-97,51,-36,-33,-30,4,-41,87,-93,-269,-86,150,-48,34,-32,15,-76,-40,-46,26,-89,1,73,69,33,137,70,137,-186,94,-291,-125,-6,43,-48,-3,19,42,-51,43,-69,16,-29,-89,16,-69,106,-34,-100,-182,-79,-60,-128,58,-175,-15,-74,18,-49,23,39,158,-147,70,41,52,0,46,-24,67,-53,31,-12,74,-22,26,-170,50,-68,53,-50,-59,-21,-102,19,-163,-75,-80,-75,20,-84,-63,-98,33,60,88,75,25,-56,197,-128,-14,-59,-37,-124,-229,-73,37,-29,-49,-88,49,-27,-13,-124,23,-84,-55,-88,-124,-139,-82,-128,-150,-180,70,-185,9,-139,-168,-270,151,125,85,-34,50,7,58,-26,-15,-7,21,95,72,8,35,-63,8,-44,35,-341,9,23,192,-152,3,-324,-371,-146,50,-1,81,-72,18,-67,-16,-54,30,-60,133,-41,15,-7,57,-33,17,-73,-76,-19,-76,35,-17,-18,-21,-104,38,45,126,-43,34,-118,-110,-123,-7,-13,-33,153,-86,-21,-135,-62,-125,-141,47,-62,-23,-117,-160,-23,-208,-204,36,-125,-84,-56,-96,-39,-3,-70,-80,-121,28,-21,-58,18,-28,-51,-85,15,-14,-60,-157,-113,15,-19,-35,31,-13,50,-46,10,36,52,13,73,-46,28,-58,102,-58,-9,-98,206,-18,8,-41,37,-13,13,-50,-38,0,-55,-100,34,-40,-89,-111,-23,-77,-41,10,-15,48,-72,27,-34,-49,-58,25,-35,-62,-61,31,-37,-8,-62,-56,1,-25,28,-4,-43,-40,-30,3,-13,40,-64,40,-127,47,-21,-26,1,28,-138,-4,-2,-46,-101,-10,-90,-58,-63,28,-17,-73,37,-172,-36,-113,-115,-92,3,-71,-43,-95,-82,-77,-125,-21,-5,-164,-49,-1,-98,-176,-3,0,-39,-67,-19,-142,-5,1,-230,46,-80,-26,-1,-36,64,-77,175,-19,9,-55,-221,-352,11,-84,48,-91,-49,-16,-35,-64,20,-191,107,-84,2,-34,-58,-105,-76,-66]],[[751857,247498,21,-61,97,-4,101,-229,118,-178,36,95,52,55,128,-41,89,0,144,43,201,-89,350,-63,268,-14,252,-88,195,-20,287,-62,370,-41,154,30,0,1,171,33,153,128,296,129,69,-63,81,-25,141,39,118,5,9,46,71,10,13,-44,110,-77,153,-209,357,47,118,82,254,320,733,365,142,-31,136,29,-5,25,78,79,88,178,11,208,26,94,48,32,63,405,-34,27,0,39,-515,82,-141,81,-32,27,-47,29,-194,170,-228,133,-74,75,-164,81,-204,238,-44,151,-306,133,1,38,-1,2,-1,0,-43,48,0,12,-8,11,8,37,-34,31,13,78,-98,32,-44,0,-115,45,-25,-6,-14,-17,-48,-1,-224,-62,-121,19,-55,-24,-63,48,-45,3,-71,-42,-222,74,-56,-39,-85,1,-105,42,-62,-26,-10,3,-9,-3,-69,29,-24,-18,-25,3,-24,-6,-29,16,-377,-37,-157,42,-53,-52,-275,-44,-94,5,-4,30,-51,9,-62,-12,1,23,-231,-141,-47,-122,28,-144,43,-45,92,-35,30,-114,64,-41,-21,-122,-145,-318,-1,-105,-57,-150,-18,-4,20,108,-62,204,-70,42,-10,43,41,32,-40,50,-106,44,-33,84,18,55,-66,16,33,116,-76,2,-38,-9,-30,-120,-42,-13,-1,-30,61,-119,61,-15,-15,-94,102,-13,66,-155,-102,-2,-19,-26,-47,-63,-63,43,-81,-124,2,-157,111,-2,59,-60,102,-28,43,-86,146,-16,80,35,57,136,45,17,218,-8,247,-63,213,94,94,68,152,22,61,-19,-2,-148,-55,-54,-11,-85,-202,-128,-188,-47,-289,-137,-55,-26,-102,7,-80,-36,-110,-152,-71,-27,-118,63,-19,128,-57,89,-1,49,-127,68,-268,49,-104,-1,-49,-34,-107,15,8,-96,75,-28,155,-9,57,-60,4,-59,-38,-85,-65,-51,-100,-22,-153,25,-59,-51,-57,-83,-23,-67,27,-38,-55,-81,59,-23,-38,-13,-112,41,-7,-93,-65,-145]],[[752014,248683,66,-66,7,-77,58,-21,81,-77,114,47,91,121,43,15,32,187,-76,63,-57,-8,-70,-87,-97,-42,-5,141,-111,64,-20,-96,-56,-164]]]
1254432	r	95.1229,26.9748,95.9368,28.0052	[[[951229,279593,70,-2742,770,257,-125,-410,316,-147,237,31,178,98,40,132,61,-20,57,-87,12,-14,79,-117,100,-277,16,-63,39,-83,11,-53,14,-21,23,-77,21,-17,20,-53,0,-10,18,-38,-83,-48,-102,13,-54,-92,-47,1,-17,-15,-26,-60,-117,40,-6,-71,62,-71,34,-100,-27,-10,-45,35,-24,-6,-64,-39,-17,-38,6,-35,-11,-75,73,-43,-30,-26,-29,-13,-12,-24,8,-116,-73,-20,-28,-4,-266,-75,-11,-50,-1,-42,-25,-190,-82,-107,1,-15,26,-40,-1,-113,17,-27,72,-35,95,-22,136,-7,-37,-38,-41,-60,-1,-68,2,-8,0,-17,6,-18,3,-13,8,-15,22,-60,10,-3,1,1,29,-4,0,-3,15,-1,0,2,3,-1,-3,19,10,5,-14,17,26,-6,11,22,11,-8,-8,-6,4,-8,26,-2,17,-12,18,3,1,-1,4,2,35,7,0,1,2,0,-2,1,0,11,6,2,-6,22,15,-9,2,11,11,-2,4,9,23,6,10,-9,15,12,8,-31,19,1,-1,-6,7,6,40,1,3,2,3,0,-1,1,29,13,1,-2,12,7,5,3,1,-7,16,-1,-6,13,10,4,5,-3,5,8,5,2,14,0,2,7,22,10,7,-137,81,-40,8,-44,39,-37,119,-20,37,25,86,-6,96,21,33,23,50,-63,2,-7,16,-17,59,-20,41,0,71,6,28,11,35,39,40,-22,14,5,8,8,55,33,114,-39,60,-12,79,1,50,-56,22,-8,126,-111,3,-4,37,-31,45,-4,45,18,71,81,69,-27,27,-16,30,-6,64,-25,-52,-21,17,-151,-35,-63,-19,-11,-21,12,-12,14,-23,6,-69,-69,-19,-38,0,-12,9,-9,82,-22,19,-64,52,-26,12,-41,9,-7,18,-2,22,10,45,35,45,-3,-144,-111,-38,-27,-16,-14,-147,-113,48,-68,49,-8,-16,-53,5,-21,56,-95,-83,-56,-53,5,-51,-28,-14,-29,76,-135,-2,-105,38,-33,57,94,-32,84,142,138,40,-8,-9,-95,111,6,1,-84,30,-31,-78,-157,-57,-21,6,-54,-44,-1,6,-40,-103,-49,-21,-56,27,-76,47,-10,-27,-39,69,-87,-70,-52,69,-63,-60,-111,-82,-30,101,-77,-72,-70,33,-34,-55,-92,-52,0,0,40,-43,12,-16,-20,26,-41,-49,-6,-13,-26,-190,1,-216,-172,-141,-33,-28,-81,-87,-47,-36,14,13,74,-74,18,83,100,-66,25,-37,112,62,100,-31,104,-67,102,-1,104,-109,39,-30,101,-55,45,-46,-11,-7,45,-55,-37,-35,50,-22,-38,-51,6,-46,-33,-37,53,-69,14,13,47,-103,-6,-83,29,-25,-15,51,-36,-70,18,-13,-61,-39,26,-26,-29,-57,61,-39,-76,-51,58,13,-44,-26,-35,-32,97,-71,-28,-11,-29,-79,1,49,-64,-46,-36,-36,16,-7,-39,59,-67,-106,32,-29,-64,-57,-23,-34,32,36,20,-86,41,-8,-52,41,16,-19,-54,-35,-28,-104,11,7,-49,-49,-35,-50,20,45,16,-1,19,-54,-11,-48,35,-13,-82,44,-28,-83,-25,-18,-50,29,-32,-66,-32,6,88,-43,-42,9,-57,-55,-9,-5,-40,-42,29,38,-65,-50,-1,-38,79,-43,-48,46,-62,-28,-15,-42,49,-8,73,-33,6,21,-805,484,-593,163,-44,368,-77,372,-55,376,-33,377,-11,377,11,376,33,372,55,368,77,361,98,353,118,344,140,333,158,321,178,307,197,291,214,276,230,258,246,239,261,220,274,200,286,177,297,156,308,133,315,110,323,86,328,61,333,37,335,12,337,-12,337,-37,335,-61,333,-86,328,-110,323,-133,315,-156,308,-177,297,-200,286,-220,274,-239,261,-258,246,-276,230,-291,214,-307,197,-321,178,-333,158,-344,140,-353,118,-361,98,-368,77,-372,55,-376,33,-377,11,-377,-11,-376,-33,-372,-55,-368,-77,-361,-98,-353,-118,-164,-67]]]
1266928	r	75.2074,21.3688,76.2349,22.54	[[[752074,217236,15,-151,85,-138,131,-36,366,-36,-4,-72,-41,-55,113,5,-32,-196,158,-40,13,-134,29,-33,123,39,190,231,286,89,270,72,363,-1237,474,-224,15,-169,84,9,90,-162,19,7,14,-33,24,9,11,-51,104,-57,70,23,207,-6,49,-28,-7,-37,29,-36,319,6,153,-32,67,-32,148,-123,106,-32,-70,-50,-39,-75,-102,-59,26,-61,-33,-14,9,-23,-37,-37,64,-36,98,-11,29,-40,-37,-197,164,15,97,-47,-8,-29,-113,-31,37,-121,164,14,49,-25,53,38,16,-17,95,18,1,-1,14,-23,66,10,54,-28,136,56,28,39,52,-4,104,44,63,-19,63,18,30,-36,97,43,226,-40,40,-53,187,26,32,25,108,-17,149,18,103,-55,204,-25,80,79,19,-25,99,14,28,-32,65,-3,0,11,0,1,1,11,15,-11,57,53,6,48,196,35,42,-34,90,4,75,-91,183,40,127,-8,105,38,109,1,235,-209,215,491,-47,328,61,110,-8,38,-18,73,-63,58,-114,105,-108,-22,-28,34,-60,-50,-72,-9,-43,47,-40,-16,-61,26,25,193,-17,82,13,303,21,42,116,25,440,4,98,-19,29,-42,26,4,146,114,120,37,118,89,69,-30,85,18,-20,149,39,279,-94,485,77,14,45,68,60,6,43,75,39,-4,27,56,93,62,253,1,67,-96,120,-44,2,171,124,17,69,39,-38,29,25,182,-55,4,13,31,-159,104,-117,-22,-47,-80,-70,-34,-143,-13,-5,20,-71,14,24,77,-55,-8,-11,149,81,48,156,-1,27,104,-28,4,-5,54,-51,-7,-22,35,-34,198,-67,7,49,61,-100,413,-4,182,147,32,93,-34,-29,86,37,72,303,175,137,-21,-93,373,-74,133,16,48,-57,54,2,33,59,6,7,23,-53,86,103,29,1,37,-35,29,-102,-20,18,39,-61,42,53,18,10,92,76,-4,45,105,-12,73,54,68,-8,42,-113,66,-8,88,68,37,2,50,45,18,1,0,6,2,128,-1,35,-47,109,22,20,4,51,40,0,1,15,225,247,49,-21,110,-37,6,-34,48,40,113,-211,-25,-83,182,-165,67,-7,-25,-187,-24,-10,-85,-19,-37,-32,-3,1,-34,-129,-13,-13,-24,31,-168,167,-36,4,-71,-28,-48,-128,-98,-137,9,-292,-29,9,258,-36,106,23,30,190,16,7,93,202,16,27,47,-24,147,-109,91,-3,190,-76,3,3,58,44,113,2,5,121,49,133,-13,33,40,68,110,1,130,-46,66,8,40,-195,-3,-111,-47,0,49,-209,1,-26,-15,-8,-117,-43,-12,-8,-61,-110,-69,-41,45,-90,-19,-51,35,-170,-17,-74,46,-151,23,-39,78,-34,-10,-51,80,100,113,382,36,386,230,156,16,438,44,229,202,14,67,220,427,86,68,7,36,-42,93,-74,57,-6,37,46,31,93,-12,44,17,8,66,78,69,58,156,-15,67,-210,242,-93,13,-120,17,-53,53,-89,14,-294,159,-160,148,-94,0,-88,31,-8,57,-112,33,-85,295,-8,216,-51,101,1,84,-62,-9,8,-44,-51,-110,-25,42,-135,56,-84,-27,-79,37,-46,-54,-118,-2,27,-189,-44,-137,-23,-13,111,-92,-1,-39,46,17,13,-27,71,-2,30,-23,-5,-63,51,-94,-27,-90,-53,60,-54,-17,-105,-99,5,-110,-104,78,-129,-3,44,-35,-64,-83,8,-40,-26,-22,18,-46,-128,-84,-225,62,-26,90,-78,18,-469,-101,-7,-60,-46,-54,29,-69,-20,-137,-38,-17,-65,39,-65,6,-53,-12,-62,-67,-25,12,-49,-31,-156,-9,-20,31,-69,2,2,79,-114,87,-38,83,-126,-27,-61,-142,-66,-48,-95,-14,-2,-54,-149,-39,-93,-106,-49,34,-76,-22,-1,-23,-105,-68,-160,3,-103,70,-7,38,-37,5,-79,-72,-107,-11,9,-26,-110,13,-55,-55,-87,-38,-30,-13,-8,-53,-122,16,-80,-30,-34,-31,25,-74,-93,39,20,53,-55,38,1,111,-58,-10,-61,-104,-83,-18,-50,-53,-161,31,2,69,28,-24,83,15,-53,46,15,48,34,15,-40,20,38,40,-83,-4,-33,-33,-2,46,-58,-36,-44,105,-84,-13,-49,76,-86,-35,-18,15,-106,-121,-113,-24,-17,-34,-42,-11,12,85,-101,-4,-19,26,19,35,-55,45,-136,-18,-23,-27,0,-1,-30,-34,65,-173,-7,-109,-43,-29,-85,34,-7,-66,-58,-69,90,5,79,-33,72,56,46,-29,-39,-325,27,-140,117,-85,38,-78,-53,-128,79,-163,-42,-133,-9,-11,-213,40,-1729,-604,-94,-276,-111,-16,59,-114,7,-1,-405,-1189,284,-968,-30,3,-99,151,-69,-5,-26,-50,-46,-12,-20,-101,64,-136,-79,-62,-38,2,6,-200,214,-29,36,-155,83,-42,-9,-98,-159,-88,20,-137,-56,1,4,-59,-53,-22,-90,6,-32,-24,16,-95,69,-43,13,-154,-54,2,-63,-73,55,-266,-48,-5,-85,75,-55,-9,-6,-66,-153,71,-191,-28,-126,-102,-22,-85]]]
1277780	p	1275004
1276736	r	82.4582,26.553,83.0587,27.2748	[[[824583,267203,1745,-379,-27,-7,-13,-15,0,-10,16,-17,-24,-16,-31,10,-37,1,-17,-28,2,-14,29,-14,35,-43,52,-105,-62,-173,3,-47,-14,-41,-57,-66,8,-46,-13,-185,33,-1,58,0,127,8,96,53,137,-24,34,-81,45,-39,114,-64,21,-21,10,-26,-2,-70,83,-58,41,-16,70,-10,37,-86,12,-11,23,-13,137,-19,118,44,92,23,63,-29,48,4,108,40,55,32,142,45,58,4,106,-8,123,10,10,-3,6,0,4,-3,7,-2,78,221,3,37,-56,35,24,70,19,29,55,16,15,21,59,-19,110,-6,43,-29,54,-50,44,6,8,6,6,46,-16,37,22,34,23,17,67,8,37,-10,31,-24,32,-40,53,41,40,-31,23,20,17,47,37,21,0,17,16,27,29,-8,6,3,1311,-285,188,5306,15,420,-103,76,-287,185,-300,167,-311,150,-322,131,-330,111,-338,93,-344,72,-348,51,-351,31,-353,11,-353,-11,-22,-2,-2153,-1548,-89,-3984]]]
1271662	n	76.3139,15.3444,76.7345,15.6561	[[[763140,155145,165,-661,1369,-1040,44,0,54,51,161,-45,474,360,-1,1,80,58,64,98,168,46,205,117,38,124,153,170,5,0,4,4,276,13,269,62,10,6,5,4,41,34,28,41,1,2,63,106,18,14,5,7,34,23,53,42,129,88,23,7,12,8,46,11,57,18,25,1,47,11,80,-9,-571,893,-1262,741,-212,10,-228,-11,-227,-32,-221,-54,-216,-75,-206,-95,-196,-114,-184,-132,-169,-149,-154,-165,-136,-178,-118,-190,-97,-201,-8,-20]]]
1278815	r	78.5116,12.528,78.9883,13.0671	[[[785116,128600,813,-642,-4,-132,-40,-131,38,-12,24,-26,50,-79,78,-147,40,-51,47,-23,106,-24,36,-19,32,-46,16,-7,-4,-29,-75,-7,-45,7,-44,40,-18,5,-1,-30,23,-32,-4,-84,-38,-167,-45,-58,1,-15,56,2,79,64,113,179,46,57,32,22,32,-30,27,-43,-12,-54,-23,-18,-7,-33,23,-22,90,6,26,38,106,87,20,25,6,20,37,-2,32,-15,147,-113,-2,37,9,34,59,-9,34,4,61,19,63,-2,16,-16,-8,-20,-75,-6,-31,-12,-27,-32,26,-64,69,-83,10,-25,22,-29,69,-22,37,-21,93,-20,49,-24,63,40,78,21,79,7,59,-23,56,169,128,-17,-47,70,-5,19,-3,147,48,212,32,-23,60,-67,21,-5,8,17,5,68,47,118,1,77,18,32,-31,169,38,159,2,73,22,28,104,51,31,34,45,31,31,11,26,6,66,-3,10,-27,44,28,26,-2,41,-17,93,0,55,15,-1,96,68,61,44,17,1,21,34,30,-20,30,-1,17,0,18,14,9,5,12,-33,8,-6,37,17,17,36,0,36,14,22,-2,33,-3,11,-21,21,23,16,6,22,-3,22,-22,9,-36,10,-11,18,-5,8,29,-3,44,17,25,0,15,-44,15,-2,77,5,16,61,33,13,26,9,31,-10,55,-31,-2,0,17,69,68,-4,27,16,65,26,43,4,24,-74,-3,-125,-47,-31,-46,-80,-76,-49,-16,-64,-2,-136,-85,-38,-13,-32,-20,-84,-20,-37,-32,-35,-56,-65,-28,-54,-46,-28,-14,-177,-68,-75,-8,-32,-32,-18,-8,-68,3,-43,-23,-46,-35,-4,-7,-9,-7,-23,-58,-19,-27,-126,-58,-108,-86,-19,28,-42,39,-93,52,-6,16,30,76,6,49,-6,26,-17,19,-31,63,4,41,758,0,-309,2010,-14,1,-235,-62,-29,32,-82,56,-88,16,-33,3,-45,4,-6,1,-95,10,-27,-108,-49,-283,-13,-125,-196,53,-289,104,-9,-160,-35,-19,-50,-44,-7,-22,-31,-17,-14,-1,-5,-11,-131,-104,-71,-22,136,-135,64,-76,28,-11,34,-27,-92,-16,83,-189,48,-71,58,-66,-44,-30,-93,7,-26,13,-69,5,-4,-69,-62,-143,-4,-31,-38,-30,-81,-217,-17,-148,-53,-78,-962,0],[786078,128600,278,0,-58,-33,-203,-82,-66,-36,-13,59,62,92],[786973,128600,210,0,-10,-5,1,-12,23,-45,-9,-17,-35,-14,-14,7,7,25,17,9,4,33,-12,12,-152,3,-30,4]],[[788439,125977,884,-697,207,116,352,1425,-25,66,0,-2,-25,-43,-39,-35,-5,-11,17,-58,-7,-17,-42,-41,-17,-8,-29,-4,-9,39,-13,11,-74,16,-35,21,-99,30,-9,17,16,36,3,16,-5,4,-29,-9,-23,9,-2,-16,12,-28,-9,-9,-155,-50,-33,12,-73,61,-37,21,-12,15,-46,11,-20,-9,-32,-55,-22,-22,-32,-11,-11,16,26,29,6,56,-27,17,-38,-74,-5,-28,-77,-153,-30,-78,-62,-31,-96,-213,-24,-3,-46,9,-19,-72,-98,-146,14,-32,-46,-98]]]
1271175	r	85.8655,23.9487,86.5288,24.5643	[[[858655,241562,3314,-2074,1188,317,4,7,220,250,10,113,-148,25,-85,71,22,44,140,47,-5,119,58,32,58,24,60,-6,97,-42,51,-9,42,18,19,23,9,18,74,62,68,-35,81,-164,66,-8,133,-87,293,-2,190,-111,674,180,-1125,4026,-1101,1243,-2618,-276,-156,-102,-233,-176,-216,-185,-1184,-3342]]]
1252942	r	78.1654,20.4057,78.9104,21.1886	[[[781654,207977,3363,-3920,444,487,-110,122,-12,33,1,34,13,38,-6,45,-24,21,-49,25,-53,53,-10,31,1,58,-29,41,-4,21,84,-1,28,27,27,-8,91,-5,21,5,7,88,16,27,32,13,113,-18,111,-30,61,-5,59,-21,36,3,22,14,12,21,9,135,9,13,46,27,49,61,42,-22,74,-17,53,7,30,18,14,2,14,-3,279,305,-29,31,-24,51,-4,26,2,37,29,27,127,-59,46,-15,41,-32,24,-1,22,21,48,66,14,1,10,-40,11,-14,55,-5,55,-30,31,-7,62,19,16,14,140,-47,14,13,43,122,3,23,-29,13,4,14,32,76,30,42,15,6,35,-3,67,-18,19,1,24,32,-7,113,27,22,32,0,82,-20,42,10,3,23,-9,40,9,17,-3,48,-29,20,-8,21,-6,60,8,19,101,33,13,14,-2,20,14,20,30,10,17,3,21,3,17,2,63,-3,46,-17,55,-43,128,-42,39,-4,5,41,39,73,76,29,23,36,-39,103,-17,22,-33,10,-13,62,-13,22,-17,11,-63,4,-72,57,-25,-1,-40,-17,-67,26,-85,-2,-33,8,-68,36,-26,6,1437,1575,-3859,3350,-186,-29,-307,-68,-302,-86,-296,-105,-288,-123,-278,-140,-268,-157,-257,-173,-244,-189,-231,-203,-215,-217,-135,-154,-583,-2265]]]
1255264	r	81.2258,16.6834,81.6654,17.1897	[[[812258,170676,1125,-3818,755,-24,1877,951,33,61,-68,17,-10,11,10,16,62,51,-19,109,9,10,15,3,22,-8,5,24,11,10,49,-12,-4,19,12,11,-8,161,31,3,156,-17,52,-21,7,36,19,30,75,23,36,45,19,77,-11,24,21,1,14,38,-5,11,-22,11,-17,-7,-31,9,-45,32,221,411,-2424,2923,-211,-61,-244,-89,-237,-104,-230,-118,-221,-133,-212,-146,-202,-159,-190,-172,-178,-184,-47,-55]]]
1274767	n	78.5484,28.2507,79.0342,28.645	[[[785484,283551,63,-117,129,-190,150,-178,168,-165,186,-149,87,-56,222,-16,25,17,26,9,4,-19,8,-12,48,-3,109,69,58,-51,68,43,38,-47,45,-36,2088,-143,213,113,15,10,758,1425,-16,5,-8,-8,-6,2,-1,9,12,8,-8,4,10,13,-3,13,-10,1,-3,10,-9,-1,-9,9,-4,-6,-11,6,-8,-6,-17,18,-3,-6,-6,6,-19,-8,9,9,-8,5,-7,-18,-13,4,-10,-15,-13,1,-22,19,-20,4,0,14,-41,4,-19,9,3,18,-20,4,0,10,-11,-9,-6,9,2,28,15,6,51,73,64,63,10,-10,-7,-11,61,-31,24,24,27,-21,6,5,24,-12,5,4,20,-25,31,33,-5,2,14,21,-5,5,17,16,-6,7,54,56,9,-7,9,7,52,-40,175,329,0,8,-37,219,-61,215,-84,209,-107,201,-129,190,-28,34,-1095,660,-1091,0,-2226,-2899]]]
1277939	r	83.5725,26.8336,84.5242,27.5169	[[[835725,272333,334,-632,459,-870,841,-406,-12,68,-48,61,44,26,107,-5,64,-24,76,-70,42,5,50,48,-4,204,-202,-2,-18,35,145,87,125,33,38,172,168,1,77,36,38,53,12,274,51,191,140,126,-31,19,-98,-49,-143,-17,-69,-54,-88,17,26,49,113,33,165,118,-125,102,-14,188,73,7,56,-99,95,-59,93,54,23,68,-117,202,-41,15,-95,-53,-25,41,-46,0,-52,34,-3,82,53,29,44,-15,29,42,94,-87,22,73,188,1,116,48,-118,159,-8,93,90,97,120,33,42,34,44,-40,69,63,49,-33,28,-103,133,18,127,-96,-24,-68,8,-118,59,-107,192,-68,194,-20,90,-44,39,-63,73,-30,21,-40,-53,-100,197,-123,60,-150,8,-93,-145,-81,-34,-104,-169,-181,39,-86,-41,-69,-75,-35,-32,-49,-1,-243,75,-43,86,-1,146,65,110,2,126,106,79,-19,66,57,49,-8,23,-38,70,-31,-1,-35,-57,-15,31,-74,-72,-55,-41,-80,-133,-3,-34,-28,55,-81,116,-41,152,-109,152,4,20,-23,-2,-102,-47,-91,-2,-71,-68,-80,77,-35,114,-170,-110,-70,83,-70,9,-151,-17,-42,-74,-34,-33,-46,-70,-14,-31,-63,16,-18,97,27,28,-22,-32,-55,13,-15,109,-31,47,-94,-81,-122,96,-127,-12,-64,68,13,139,-123,35,4,37,53,60,-6,16,-53,21,-3,49,34,47,170,38,29,45,-41,17,-73,120,54,19,-20,-13,-60,27,-23,114,28,35,-26,-35,-26,10,-77,-45,-31,11,-198,87,-76,175,-84,140,-5,43,84,-35,54,73,110,25,24,116,4,154,105,75,-20,563,668,28,-18,202,-18,6,32,-6,39,-58,52,-30,43,-2,36,174,206,56,-24,25,6,14,24,21,55,-14,3,-6,19,4,36,1213,1439,510,605,269,1477,-2348,384,-217,125,-188,238,-99,187,-135,93,-302,-43,-95,25,-107,244,-94,92,-240,86,-107,56,-94,86,-44,183,-177,36,-199,-74,-507,-558,-212,-129,-319,-11,-399,64,-129,39,-10,-3,-221,-58,-464,-29,-194,-70,86,-159,285,-287,25,-93,40,-102,-3,-82,-99,-33,-58,-39,-71,-94,-13,11,-53,48,-460,149,-1145,548,-25,-24,-224,-244,-205,-257,-186,-268,-166,-279,-146,-287,-124,-296,-74,-219]]]
1279390	r	77.2001,21.0238,77.9639,21.6881	[[[772001,215744,1706,-2962,-47,-68,-1,-11,-13,-2,-2,19,18,60,-10,50,-19,46,-31,30,-31,6,-77,0,-52,-29,-3,-20,-16,-25,-47,-37,-52,-65,-50,-3,-8,-40,-12,-22,-16,-13,-47,-7,-22,26,-48,-33,-17,-54,-15,-16,-33,-15,-73,-10,1,-57,-18,-2,-15,-43,46,-13,26,-19,13,-52,28,-25,18,-2,12,-9,7,-14,-4,-12,19,-13,-3,-10,7,-15,208,-5,22,-106,-2,-44,-17,-86,97,-25,81,-7,25,-7,33,-27,42,-3,4,-83,144,6,11,2,6,15,43,2,-4,-120,41,11,16,-47,6,-119,15,-2,27,-39,2,-27,-23,-7,4,-31,-20,-94,0,-15,43,-90,9,-13,30,-21,9,-18,43,-11,1,-14,36,-31,6,9,0,52,14,3,95,-13,3,-11,53,-10,10,-110,74,-9,16,-21,-5,-33,47,0,-3,-67,57,-12,-29,-73,11,-21,-14,-13,7,-12,49,-5,3,-13,20,-2,0,-19,80,-32,17,-17,16,-2,8,-24,52,5,153,-17,0,-18,19,-10,18,-24,33,27,2,59,308,-536,2207,1393,-1,2,8,33,13,2,12,34,70,0,2,12,22,-3,2133,1346,-11,102,-49,277,-67,273,-87,268,-105,263,-124,255,-139,244,-4050,2142,-205,-6,-297,-27,-295,-46,-291,-64,-286,-81,-279,-99,-273,-116,-263,-132,-254,-148,-243,-163,-231,-178,-88,-77]]]
1270994	n	70.5583,21.7417,71.0421,22.1293	[[[705583,219679,3031,-2255,8,-7,81,19,182,61,48,70,-7,83,59,-20,-8,68,220,-61,148,83,191,132,176,149,160,165,141,178,123,190,101,201,80,209,58,215,35,219,11,222,-11,222,-35,219,-58,215,-80,209,-101,201,-123,190,-141,178,-160,165,-112,94,-3303,-86,-9,-8,-160,-165,-141,-178,-123,-190,-101,-201,-60,-157,-7,-38,-10,-6,-3,-8,-58,-215,-35,-219,-7,-143]]]
1261012	r	75.8378,17.8271,76.4665,18.6005	[[[758378,179553,5795,-1282,492,1252,-1561,3264,41,29,25,435,-1,48,-26,9,-12,-1,-279,101,33,465,-136,-62,-177,-170,-85,106,-241,48,-222,144,7,7,126,139,57,190,60,66,47,9,41,-11,-61,128,-2785,1538,-226,-68,-383,-2325,18,-8,47,-52,83,-281,179,-198,6,-54,78,-131,-35,-206,12,-107,129,-93,44,-130,-9,-187,-31,-78,-45,-41,-25,-105,43,-53,3,-69,123,-91,14,-22,25,-77,-38,-141,-40,-108,-48,-87,-50,-25,39,-47,25,-174,96,-52,0,-133,295,20,42,-42,10,-126,7,-8,1,-11,9,-1,10,-12,26,8,-70,-77,-16,-85,172,37,25,-58,78,11,48,-89,-145,-116,-79,-354,-137,-23,-31,-215,-109,-6,-155,72,-231,-63,-137,30,-74,140,7,118,-149,43,-58,-25,-76,14,-101,68,-150,-2,-52,-45,-113,-236,47,-34,-17,-119,-48,-82,-1,-41]]]
1259385	n	92.5603,11.4509,92.7988,11.8961	[[[925603,117414,29,-158,166,-114,70,18,92,42,78,-13,33,-144,11,-112,53,-191,10,-112,51,-117,115,-39,117,-21,59,-68,-30,-87,-83,-27,-95,-20,-66,-65,3,-92,41,-140,79,-128,117,-56,93,-32,10,-78,-8,-101,41,-96,308,-307,93,-38,80,-7,61,-38,39,-128,97,117,84,177,98,332,0,305,27,102,129,125,49,83,2,110,-41,340,-29,96,-125,105,-101,-13,-58,-109,10,-188,-45,20,-114,29,-46,20,0,-379,-43,-72,-96,-33,-98,4,-42,36,-2,217,13,130,61,102,329,337,116,55,202,18,53,76,369,1564,19,256,-41,11,-222,32,-225,11,-30,-1,-21,-174,-74,0,0,169,-100,-5,-222,-32,-219,-54,-212,-75,-203,-95,-193,-114,-181,-132,-167,-149,-151,-165,-60,-80,0,-192,-64,-448]],[[926280,114788,139,-82,203,-95,212,-75,110,-27,19,35,-66,134,-146,226,-210,177,-185,-1,-76,-292]]]
1277936	n	75.4661,15.9639,75.9339,16.4156	[[[754661,161900,12,-222,33,-219,56,-215,77,-209,99,-201,118,-190,136,-178,154,-165,170,-149,185,-132,197,-114,207,-95,216,-75,223,-54,227,-32,229,-11,229,11,227,32,223,54,216,75,207,95,197,114,185,132,170,149,154,165,136,178,118,190,99,201,77,209,56,215,33,219,12,222,-12,222,-33,219,-56,215,-77,209,-99,201,-118,190,-136,178,-110,116,-288,38,-167,142,-164,79,-206,38,-62,55,-113,39,-480,64,-180,170,-166,80,-1,0,-100,-5,-227,-32,-223,-54,-216,-75,-207,-95,-197,-114,-185,-132,-170,-149,-154,-165,-20,-26,-36,-94,-470,-1224,-5,-90]]]
1255344	n	79.4792,16.974,79.8494,17.3661	[[[794792,173207,51,-119,12,-137,88,-279,29,-52,191,-142,39,-87,54,-349,-15,-135,27,-72,113,-174,222,-226,73,-201,147,-216,109,-221,-3,-187,78,-152,-25,-162,68,-275,1458,-281,986,2142,-45,174,-78,209,-98,201,-119,190,-137,178,-155,165,-171,149,-185,132,-198,114,-209,95,-217,75,-224,54,-228,32,-230,11,-230,-11,-228,-32,-224,-54,-217,-75,-209,-95,-198,-114,-102,-73]]]
1277324	n	88.6502,22.8567,88.96,23.238	[[[886502,230286,1028,-892,1176,-827,549,37,-204,60,-116,132,-213,472,-105,156,-189,222,-40,112,6,196,64,196,29,88,26,513,135,252,543,536,268,204,88,95,51,107,2,82,-58,47,-272,-9,-89,21,-85,38,-700,224,-169,32,-132,-19,-85,-53,-68,-58,-80,-35,-105,1,-33,10,-89,27,-1133,-1967]]]
7302861	p	1270568
1272513	n	71.9337,24.0574,72.3803,24.4861	[[[719337,242600,12,-222,35,-219,59,-215,81,-209,104,-201,124,-190,144,-178,162,-165,179,-149,194,-132,117,-64,779,-82,1,58,34,70,117,64,94,179,-6,40,-96,60,1,91,34,43,-25,60,-35,34,-206,10,-20,-35,-54,17,-49,-31,-188,8,-32,144,40,31,174,-61,43,17,46,66,3,88,88,26,202,-27,47,-175,-50,-55,121,-27,160,-86,105,40,-23,80,124,67,59,121,88,-25,52,-33,4,-64,55,-58,-172,-170,39,-26,32,-76,84,-281,51,-37,73,1,168,102,47,-10,1,-7,8,4,1227,3077,10,24,-99,122,-162,165,-179,149,-194,132,-208,114,-218,95,-228,75,-234,54,-240,32,-241,11,-241,-11,-240,-32,-234,-54,-228,-75,-218,-95,-208,-114,-194,-132,-179,-149,-162,-165,-144,-178,-124,-190,-104,-201,-81,-209,-59,-215,-35,-219,-12,-222]]]
1261669	n	88.1253,23.3154,88.4301,23.636	[[[881253,234100,12,-222,35,-219,58,-215,75,-193,644,-29,-1,4,5,15,40,41,0,22,-10,17,-40,22,58,59,65,-3,33,-46,77,13,20,11,1,18,7,6,6,-4,8,3,2,27,10,4,53,-13,13,-10,26,13,39,-4,-10,-23,27,-11,19,5,104,-4,14,12,-1,14,38,2,14,0,31,-17,40,21,39,10,58,31,29,42,57,38,17,0,16,-16,28,-48,19,-12,43,-5,8,-15,3,-14,-16,-58,-7,-4,-30,2,67,-40,1,-33,33,-57,19,-64,404,-19,747,244,0,2891,-123,29,-237,32,-219,10,-2462,-2137,-6,-123]]]
1261931	r	73.5772,20.7785,74.7721,22.0303	[[[735773,211572,15,-62,198,54,68,-118,122,-18,-54,-50,65,-190,131,46,139,-17,62,-138,231,9,146,-71,140,169,14,-95,51,-19,838,-3287,1495,459,-28,39,-12,104,52,8,-149,32,-52,85,13,374,-77,186,-192,148,-107,116,41,215,69,51,98,-8,13,50,-81,112,-1,59,-81,-25,-240,66,-188,126,-4,66,59,150,-22,129,79,-31,222,14,111,46,113,9,3,67,29,-56,208,16,176,-75,61,83,7,112,-108,109,37,94,-44,75,122,231,186,116,257,75,154,97,48,119,156,26,135,-93,-21,-81,228,21,96,-96,39,-74,58,7,77,-30,17,114,-69,109,-84,-21,-70,40,-26,30,36,50,-8,87,-130,89,-67,95,19,35,113,24,53,93,106,64,10,41,58,17,9,-28,83,39,74,94,91,52,43,8,231,-71,30,34,-23,46,-26,-13,-17,30,12,36,47,7,9,46,34,-17,27,18,25,54,55,-59,-34,-58,21,-33,141,-61,50,4,55,98,28,-23,11,27,224,12,66,188,125,-8,139,85,196,24,62,-12,106,-80,114,-16,108,6,129,76,-5,-145,270,-39,126,25,-1,205,315,39,104,76,115,23,24,-22,-24,-69,198,43,19,-51,79,-37,22,-48,-88,-27,35,-82,410,41,8,1,100,10,1,7,13,2,-4,36,20,90,-28,20,124,161,0,6,5,7,-5,91,-73,127,-14,7,-4,7,-8,-1,-10,6,-159,-16,0,84,73,31,-18,154,-23,0,-1580,1752,-481,535,-379,420,55,207,80,209,102,201,121,190,142,178,159,165,175,149,191,132,203,114,214,95,223,75,230,54,234,32,237,11,237,-11,146,-20,-67,85,-34,86,20,164,64,99,34,129,39,334,-3,273,92,91,14,115,-74,52,-41,-2,-35,50,34,113,-42,54,-84,20,-48,75,-61,-34,-44,24,58,54,-18,50,-67,-14,-4,44,-78,18,-47,-14,23,40,-17,35,-59,-10,-16,-28,-11,-19,-77,5,-89,85,2,51,-53,12,-6,105,27,28,-27,9,-7,64,-58,21,100,38,51,-26,48,41,-86,65,3,54,-52,42,48,24,-119,71,-445,-103,-113,-194,-150,-103,-71,-100,-53,-33,-97,-32,-247,0,-64,-20,-104,-84,-60,-204,-47,-69,-53,-30,-187,9,-694,-80,-113,34,-118,136,-105,67,-149,32,-1207,-385,-179,-117,-349,-169,-37,41,-155,-134,-349,-169,-297,-43,-155,-135,-364,21,-229,-41,-149,-122,103,-170,181,-11,67,-91,-60,-30,7,-45,103,-30,-11,-26,-76,-11,7,-82,45,-19,-62,-71,-1997,-1734,-231,-766,118,-463,117,2,65,45,74,-2,69,34,171,-82,71,16,28,-15,133,-260,-14,-84,69,-96,-40,-118,12,-147,65,-56,-143,-33,-176,-97,-267,-26,580,-2275,-170,-18,-116,36,-52,-17,8,-57,-225,-80,-154,43,28,64,-15,45,-139,15,-74,33,-21,92,21,103,-71,23,-92,-75,-137,-39,56,-90,-58,-39]],[[746493,214043,139,34,229,-37,122,169,-9,81,-54,19,2,29,61,42,-3,43,69,73,-18,40,16,76,-40,82,235,82,98,-46,-6,67,205,-8,-9,35,43,87,-9,61,20,6,-23,42,20,35,-10,58,39,62,-27,10,-5,66,-36,36,57,99,-17,63,14,334,125,311,-32,67,-682,115,-8,25,-52,21,64,-166,57,-215,35,-219,12,-222,-12,-222,-33,-209,-577,-1026]]]
1255491	r	81.6364,26.025,82.5124,26.5789	[[[816364,265747,18,-419,154,-3746,7453,-1332,1135,1197,-1936,3419,-198,27,-10,-27,-50,-14,-24,28,2,-20,-59,-10,13,-118,-57,-34,-69,-205,-66,24,-30,-77,-52,3,-7,-57,38,-40,-38,-28,-33,23,-13,-125,-114,13,-14,-45,-52,16,-1,-49,-38,-25,-107,-4,-51,-45,-131,22,-54,-25,-140,33,32,110,-70,5,-22,-21,-64,36,-22,74,-225,50,9,29,10,-8,6,17,-9,17,38,16,19,29,0,11,-40,20,-9,12,-45,13,-62,-59,-3,0,-7,-9,-24,16,-12,0,-31,14,-13,10,-31,10,2,19,-1,1,2,46,57,0,30,56,-16,48,-76,39,-22,-49,-4,-16,-24,-58,-30,12,0,8,-18,-8,-23,3,-15,3,-7,7,-17,57,-2,24,-14,27,-40,35,-74,31,-5,0,-2,1,-8,-1,-7,0,-3,-1,-94,-13,-48,-40,-61,23,-24,-14,-41,36,-50,12,-40,-30,-36,-16,-44,-42,-3,-18,-13,5,-10,-7,-18,-1,-22,28,-56,27,8,10,-3,6,28,93,-32,24,-30,13,1,1,-6,1,-35,-55,-20,9,-45,23,13,23,-2,34,-68,41,1,5,-10,0,-5,-15,-10,-14,-7,1,-10,-39,11,-10,-4,-14,-2,-3,-76,-73,-30,20,30,53,2,61,-13,3,-5,-11,-25,-12,-17,17,-2,10,-33,28,-31,-12,-62,22,-21,23,-68,41,23,27,-14,39,-55,31,-8,7,-15,6,-34,-2,-93,-39,-44,6,-1,0,-34,4,-18,9,-24,-4,-3,1,-3,-2,-7,-1,-42,-20,-27,-23,-6,-4,-68,50,-53,1,-12,44,-94,30,-46,-116,-113,33,-48,-34,-77,147,24,24,47,-16,29,56,-189,85,-39,7,-45,-48,-78,3,-50,-110,-110,12,-11,-118,-147,65,13,31,-27,-9,-75,32,-38,87,-93,74,-20,-27,-28,4,2,-44,-45,-5,11,-18,-39,-27,-151,154,-99,-22,-83,17,-25,36,-65,2,-72,-37,-174,26,-23,-43,-120,-63,-5,-33,45,6,45,-59,-74,11,-40,-21,44,-38,-4,-27,-405,79,-29,36,44,118,30,16,93,-46,66,25,33,187,-4,98,-603,82,-39,-42]]]
1273292	p	1273294
1271883	r	74.2132,30.588,75.1501,31.306	[[[742132,306887,313,-165,47,-45,67,32,22,74,118,-111,48,17,4,36,91,20,85,-106,37,66,-84,69,-3,3,-1,1,4,44,40,12,-9,90,53,-21,77,18,-27,-37,48,-97,51,13,40,-49,86,-25,70,19,-17,-46,104,18,84,-72,44,32,24,-73,-28,-93,-62,-46,109,-67,5,-67,-158,-296,207,-77,75,-78,148,26,45,37,125,34,181,-7,-1,72,-56,80,62,-6,203,145,68,-17,147,-161,24,72,-62,49,360,168,-48,-7,-63,31,-68,70,-2,76,75,97,137,-9,67,55,-60,6,-178,42,-71,247,11,175,-52,296,14,27,4,7,11,20,36,18,160,79,105,51,201,60,84,122,121,90,227,71,122,86,192,10,149,180,62,13,64,79,201,-173,44,-8,49,33,56,113,42,13,182,-94,111,62,64,-45,96,23,189,-58,131,33,72,-38,69,-100,168,29,-15,-36,31,13,54,-27,60,-163,228,-49,5,-132,54,-76,40,-16,185,36,90,-116,41,-22,60,6,22,-64,-23,-28,36,-43,170,29,167,-83,112,10,57,-27,34,54,0,13,-2,51,-21,41,-20,13,-7,40,-1,2,1,0,0,1,46,58,-13,67,38,50,6,67,161,67,-29,155,191,239,-11,56,-51,50,69,182,-53,205,90,73,6,66,54,-24,77,15,311,-21,40,72,40,-26,117,-9,143,45,61,205,43,49,102,14,189,215,86,13,-9,112,89,10,73,168,92,-33,-69,196,61,58,-59,50,70,128,-78,102,-278,87,1,65,-148,21,-57,91,44,106,103,51,109,-207,214,2,22,116,-120,35,-27,32,18,33,110,26,55,-61,39,11,43,19,-83,39,-7,53,100,-22,27,38,43,-9,38,36,138,-80,141,150,21,91,-144,70,28,38,-75,43,9,34,-33,3,-38,51,-158,76,-94,-34,-123,65,-102,18,64,126,-38,57,-3,4,-46,-53,-63,-21,-66,37,-10,-34,-1,1,-180,89,-58,-39,-130,55,-57,-83,-49,1,5,-31,-73,0,66,-132,-2,-8,4,-9,-35,-100,-40,-5,-23,14,-20,3,-44,35,-373,224,46,62,-172,-9,-280,96,-163,-80,-11,-49,-164,62,-29,-39,-385,-191,-190,15,-106,38,-49,-32,-30,52,-31,-40,-40,-78,44,-77,-33,-53,-114,150,-133,-7,-102,-38,-48,-32,20,-22,-75,-39,-137,24,-2,-147,-208,-23,-52,-163,-56,-46,-20,-87,-117,18,-52,69,114,110,-51,108,9,99,-83,59,-8,96,-158,-43,-69,9,-72,93,-229,-157,-40,35,-13,111,-162,-12,-115,22,-63,-43,-2,-28,99,-111,103,-2,150,-78,183,-144,85,-93,-578,-272,-104,-67,-1,1,-98,68,-115,21,-23,-59,-54,-42,-26,-114,-111,-52,-81,-234,60,-167,-294,-125,-101,-136,-74,-20,-68,104,-105,-37,-16,35,-219,-91,89,-79,-154,-14,33,-40,-10,-4,-118,3,-17,-66,-42,-33,-196,-15,13,-24,-40,-83,94,9,-55,-86,-74,15,9,-39,49,-2,-27,-42,-20,-66,-140,8,-143,-140,-72,2,-223,56,-111,8,-127,-23,-106,-62,-85,-89,-67,-105,74,-181,-112,-177,-203,-135,-197,-53,-35,-41,91,-199,9,-70,-75,-74,-151,-98,-84,-71,-56,-72,439,-75,4,-53,121,-86,-50,-46,-66,63,-36,-50,-29,21,-15,-82,-59,-30,-126,28,-66,0,34,-30,-126,16,-54,-57,3,-60,-23,3,-19,-34,-41,-162,-60,-48]],[[745064,311754,32,-193,41,-112,16,62,-45,67,22,64,-25,161,91,38,19,186,37,9,-14,45,23,38,-15,83,-39,43,-116,-288,-27,-203]],[[745234,311295,1,-2,133,-141,127,-49,-10,117,-47,-10,-189,82,-15,3]],[[745251,312378,31,22,45,94,-75,104,-1,-220]],[[745253,312772,59,72,64,166,45,27,-13,23,-65,-11,-9,9,-12,-26,-69,-230,0,-30]]]
1262634	p	1253405
1256913	p	1275841
13645699	p	1267995
1277240	p	1268715
1255254	r	77.6697,14.6094,78.3619,15.2188	[[[776697,150068,2470,-3728,488,-246,2740,1019,1049,3075,175,512,-33,72,-120,219,-134,210,-149,201,-49,59,-1016,727,-5031,-1274,-390,-846]]]
1269388	r	88.4429,26.2243,89.0615,26.8237	[[[884429,264271,384,-721,163,-23,-21,254,-201,539,-136,209,-189,-258]],[[884950,264986,37,-37,81,-73,200,-122,230,-87,82,-10,212,3,120,-48,67,-97,57,-113,79,-94,109,-63,106,-44,141,-30,1,-2,4,1,28,-6,1,-8,33,1,25,-6,-44,-80,-20,-87,23,-69,89,-26,74,-32,-11,-175,60,-75,229,-104,13,-10,-10,-23,-25,0,1,-12,8,0,0,-15,24,2,11,-31,52,2,4,-7,-5,-13,-5,-6,-16,-2,0,-5,16,-6,-9,-15,3,-14,21,-22,47,12,11,35,18,-90,-71,-143,-57,1,-4,-17,-30,-9,9,27,-18,4,-18,-5,-22,46,15,27,-6,9,-16,3,21,30,43,2,-1,6,-8,-1,6,13,-8,0,0,7,-49,5,-12,-61,-102,-5,-5,-7,-10,-1,-1,-12,-27,0,-4,-22,13,-6,-5,-32,-10,0,0,-9,12,-2,-9,-5,4,-12,16,1,-1,8,15,11,-8,11,12,-1,22,-29,4,7,10,1,5,-25,-2,-14,-40,-7,-2,-11,-5,1,4,-26,9,-14,7,0,3,-12,-12,-5,-2,-22,-51,-2,-56,-14,11,-26,-9,-4,0,-7,8,0,-7,-17,10,-14,-26,-12,-5,0,0,-2,-129,-59,-75,-71,176,-116,38,13,-7,-27,11,0,0,6,30,-2,0,6,16,1,2,-8,31,3,1,11,24,-2,15,-53,37,19,-1,9,6,-4,24,16,-13,25,10,3,2,17,7,0,3,-13,10,-3,3,7,16,1,3,16,13,-4,11,13,-1,11,-5,29,-11,2,197,65,35,0,6,11,67,2,23,31,163,54,13,-1,45,-3,5,18,-13,2,29,10,361,-126,80,-153,65,-169,95,-143,168,-68,159,54,149,331,202,123,269,-45,441,-400,285,-86,442,102,67,42,84,261,-3,10,-108,30,-119,4,-72,65,36,215,-94,-57,-89,-21,-80,24,-64,81,-93,286,-248,116,-288,88,-205,199,-7,170,83,187,125,167,126,109,164,73,92,-25,91,-83,160,-107,112,-52,153,-155,91,-70,109,-40,154,-36,-3049,4411,-1061,-1453,-81,56,-16,-62,-23,-38,-14,-48,0,-28,25,-30,-85,-116,-11,-5,-28,16,-28,8,-14,-10,7,-19,42,-24,3,-6,-23,-32,-17,-12,-7,-21,-6,-8,-9,-6,-9,0,-11,22,-22,3,-13,-24,-1,-18,20,-11,17,-4,-1008,-1381],[886708,262669,9,3,0,-2,-9,-1]],[[890541,263539,11,-69,54,-21,9,26,-64,92,-10,-28]]]
1263797	p	1253184
1258474	n	75.403,14.3959,75.8,14.8459	[[[754030,145735,49,-191,77,-209,97,-201,117,-190,136,-178,153,-165,169,-149,183,-132,195,-114,206,-95,214,-75,221,-54,162,-23,329,467,-34,21,64,209,123,-13,1507,2140,2,14,-80,35,-170,-85,-105,0,-53,5,-25,42,-38,-10,-110,51,-38,-8,-17,82,47,119,65,45,58,102,111,39,4,75,-41,79,-52,31,-142,-101,-147,-50,-52,-53,-60,-16,-69,16,-72,100,14,45,107,76,72,103,31,183,-122,94,-213,37,-129,155,-114,-3,-23,26,16,89,53,79,87,229,-40,10,-226,32,-177,9,-2320,-2724]]]
1266607	r	77.5896,28.0778,78.1224,28.3347	[[[775896,282178,262,-1097,20,8,68,-14,15,20,24,-33,91,-33,72,63,-8,45,34,-6,76,86,24,-26,85,-9,76,-88,-8,-65,76,-20,63,-91,89,-50,51,36,147,-24,63,22,73,86,-6,127,-41,16,76,53,24,86,-26,39,1,1,48,27,1,0,52,30,7,21,16,25,-2,17,11,33,-4,15,6,4,-11,16,-6,23,5,6,53,44,34,25,80,-2,-12,-16,18,-30,3,-21,-6,-7,9,-16,3,-21,44,-50,2,-5,-4,-14,46,-42,17,-6,59,68,0,1,37,44,31,9,77,-35,154,27,13,39,-35,84,-1,14,-9,11,49,11,-13,2,26,-5,37,14,69,15,10,5,-5,20,2,11,4,0,-1,12,47,-4,21,-2,18,17,12,-1,40,28,29,48,78,-80,-43,-51,-4,-30,69,-63,-65,-80,-12,-5,-4,-14,-19,-24,-11,-29,26,-33,34,-28,2,3,12,-9,11,7,7,-4,18,18,32,18,9,20,87,-14,2,6,14,-1,40,-55,-1,-1,55,-73,93,-34,84,-92,14,-6,21,13,9,-11,36,23,22,-21,29,-7,-12,-8,119,-144,87,54,116,-87,-7,-33,3,-6,-1,-8,-5,-10,4,-3,-34,-28,7,-12,7,5,16,-9,31,9,14,-10,30,11,24,19,23,-9,9,0,66,-17,64,50,60,-55,65,-4,36,21,25,5,94,-61,17,-27,36,-7,113,65,-31,98,33,16,14,21,27,12,24,30,43,33,3,8,47,39,5,11,-7,14,-12,5,-13,30,1,3,-13,23,39,40,-6,9,68,44,27,-1,8,5,30,3,129,-64,45,28,86,-71,17,-49,16,0,594,307,-1337,1813,-807,0,6,-33,49,-57,11,-70,-16,-28,31,-58,61,-63,25,-51,-181,-164,-25,-5,-34,8,-17,14,-19,58,-39,29,-103,151,-40,71,-57,34,-50,45,-80,37,-3,18,13,62,-44,50,-60,1,-58,-75,-42,6,-30,19,-32,31,-47,30,-26,8,-11,29,-42,-33,-16,-35,14,-29,-778,0,-1544,-1072]]]
1266489	r	87.7281,25.7925,88.1579,26.4574	[[[877281,261059,52,-19,-2,26,33,-21,-9,42,35,-26,-14,-29,30,9,34,-33,175,-17,-1,65,176,-24,15,-149,14,31,82,-9,120,91,173,-32,34,34,27,-15,46,23,49,-15,-15,-36,51,15,-47,-29,43,-26,165,35,54,-30,33,14,1,49,46,67,30,-5,-36,-76,16,-12,32,-3,-25,-69,31,-44,-48,-54,-38,-72,28,-8,15,1,43,-8,-50,-33,-15,-15,-95,-71,-19,-8,-14,-16,-35,-105,-4,-5,-10,-38,6,-20,45,-15,21,-14,-13,-64,-43,-2,-28,-37,-6,-17,3,-9,-12,-123,-18,-20,-1,-4,-12,-14,-11,-1,-3,-17,-26,-33,-19,-78,59,3,-10,-36,-57,11,-6,-63,8,-10,1,-29,-66,-4,-53,-53,-91,-5,6,-19,51,-9,13,-43,17,-14,7,-13,-56,-45,-18,-8,-8,-12,5,-16,7,-9,14,-31,-2,-20,18,-14,18,-38,45,-21,-45,-47,-29,-53,-4,-5,-119,-36,13,-95,42,-31,-54,-15,4,-39,75,-20,-3,47,74,-28,-30,-118,72,-62,-50,-66,7,-58,-114,1,-60,-64,46,-61,57,17,1,-99,51,-37,-47,-110,-175,21,-46,-55,232,-126,104,-379,2538,764,-68,392,30,47,53,31,53,73,185,568,194,334,251,179,69,192,-15,109,-54,56,-62,35,-36,50,-13,98,15,52,23,41,-545,668,-2,0,-114,-16,-12,174,-2287,2802,-261,-199,-172,-1,-185,86,-133,43,-442,-3375,6,0,-9,-69]]]
1259411	n	75.9602,10.6763,76.1148,10.84	[[[759602,106842,39,-78,147,160,-6,3,-15,-21,-89,-4,-63,-59,-13,-1]],[[760267,108219,98,-54,-14,-61,19,-25,103,-18,5,-40,17,1,-3,-39,-47,-23,-18,-38,-21,-216,28,-61,714,755,-199,0,-13,-4,-141,-8,-187,-1,-14,13,-191,0,-47,-115,-59,-2,-30,-64]]]
1270090	n	76.7786,26.615,77.2814,26.9381	[[[767786,267300,12,-222,18,-111,478,-495,13,42,255,-44,49,92,77,39,4,88,199,12,24,60,246,77,30,-36,233,-86,77,-4,38,-239,53,-135,-12,-85,97,-13,82,-90,2702,0,57,84,105,201,83,209,60,215,36,219,12,222,-12,222,-36,219,-60,215,-83,209,-1,2,-66,43,-270,-259,-232,-154,-65,60,-26,120,123,139,-223,111,-148,14,4,50,-45,43,-72,-48,-26,-52,-49,70,-155,43,-36,70,-174,124,-60,133,-58,64,-35,-20,-28,-87,-226,-48,-153,75,-157,27,-336,-35,-111,61,-132,-101,-4,-33,-223,32,-20,14,-14,3,-71,54,-7,42,5,15,0,8,47,131,-7,132,-44,141,-100,139,-108,93,-205,-87,-212,-114,-198,-132,-183,-149,-166,-165,-147,-178,-127,-190,-105,-201,-83,-209,-60,-215,-36,-219,-12,-222]]]
1269374	p	1262482
1262216	r	72.9843,26.4101,74.5348,27.5656	[[[729844,269941,698,-469,538,222,16,-26,3,-26,90,-126,32,-100,68,7,31,-15,152,-85,54,-70,8,2,8,-9,100,34,54,49,61,-75,24,-133,-22,-86,80,-201,188,-36,-20,-82,34,-27,63,13,46,-45,136,32,20,-24,40,26,33,-83,128,41,61,-30,192,-1,22,42,69,33,-7,26,73,20,15,-56,64,-1,34,-49,81,6,54,-82,72,6,11,-22,161,52,84,47,47,63,167,-18,22,21,40,-39,70,7,75,81,75,-3,52,86,65,17,195,27,114,-23,53,-126,117,37,29,-16,114,45,10,-21,244,106,163,-80,189,-234,440,78,34,-39,123,30,32,-115,84,-15,-7,-44,75,-23,47,-52,33,70,53,-24,53,7,3,-206,26,9,17,-29,7,-148,145,-19,72,25,58,-109,-26,-76,26,-114,32,-5,71,-163,58,-35,-13,-29,-53,-18,7,-34,-56,-59,-52,-132,-15,8,-20,-90,-68,-69,37,-211,49,-62,123,-65,0,-82,-131,-234,27,-25,156,0,11,-46,28,1,4,-95,41,-5,50,-94,-26,-57,36,-2,11,-51,-24,-33,64,-24,34,-46,-32,-86,39,-138,-12,-60,49,7,67,-144,77,-72,21,-64,-14,-73,361,1,61,-53,48,22,-22,-52,137,-84,36,-99,130,-75,214,-6,23,-20,-33,-28,-3,-53,120,-63,25,-48,42,5,11,-94,130,-27,7,-45,55,-6,26,-213,38,-62,64,-33,39,-69,52,-16,181,-28,168,45,31,-35,248,-44,46,21,101,-34,79,33,80,119,87,-42,52,-74,47,21,179,-22,217,35,47,-57,-15,-56,53,-28,58,13,32,55,174,52,149,-13,121,-76,124,3,-4,277,99,109,103,26,90,-165,74,-34,-16,-27,23,-43,65,5,1,-24,113,-40,26,-142,129,56,1,77,188,34,-18,112,44,1,41,36,59,-6,-2,21,70,22,56,-13,205,172,262,-82,85,5,28,38,44,-43,103,-17,24,-29,13,22,43,15,18,14,37,4,64,22,57,-8,50,-86,43,-32,50,-19,129,37,6,35,68,48,40,157,159,68,5,114,172,8,84,-40,87,49,270,-31,11,90,84,84,215,-165,204,114,96,147,174,142,105,176,128,105,18,23,-73,67,-68,16,-157,-35,-79,159,30,157,43,-1,-40,79,82,134,8,162,242,105,-33,86,-109,51,-28,119,169,53,-23,136,-80,81,25,417,-14,35,-63,3,0,128,-67,88,-28,-2,-5,36,1,0,-3,22,-30,-18,-59,-35,-141,-161,-89,27,21,56,58,32,-25,109,-1,5,-13,-3,1,-1,-99,-28,-6,-47,-67,-42,-75,3,4,57,-86,45,-9,52,1,0,-13,80,-72,6,-15,95,-26,19,-119,-19,-48,20,-111,219,-41,-12,-42,74,194,99,4,113,-41,78,-98,34,-27,65,-39,-31,-54,-2,-15,32,128,143,29,73,-187,142,-3,29,-72,15,-36,115,26,131,-21,18,7,54,-238,517,150,101,-60,98,-7,103,-75,195,97,65,-9,122,24,20,-55,50,-42,128,-67,22,0,56,-93,174,85,119,-18,23,118,66,-30,95,-45,-5,-3,19,64,8,-8,31,-29,-10,-43,44,-64,-17,-41,99,-66,-9,-17,27,12,306,-83,112,-80,197,156,51,1,90,79,58,-6,67,-80,124,-27,186,-46,101,-80,13,-38,47,-112,-24,-66,92,-11,65,25,34,-25,65,-203,29,-91,169,-278,-39,-41,45,-190,48,-8,76,49,152,96,121,-142,368,-58,17,17,34,57,-1,374,137,135,69,78,11,-227,451,-299,-73,-89,25,-61,-31,-29,-183,31,-237,-212,15,-272,-133,-72,71,-21,-10,-51,101,82,51,-71,194,-72,43,-29,56,-128,-27,20,28,-14,28,-88,101,-149,33,-135,-1,-49,101,-103,59,-33,75,15,29,-36,45,-204,168,-86,34,-22,58,-84,-24,-149,-121,21,-66,-77,-4,-19,-33,-33,10,-47,-57,-22,-6,-16,62,-102,-40,-2,-25,-62,-8,-114,20,-35,50,-106,-35,-49,-65,-330,-111,-166,105,-36,148,-107,241,-160,-29,-181,-147,3,-43,-247,-166,-139,-12,-34,8,-18,-13,-23,-2,-47,22,-1,2,-1,-1,-33,15,-98,115,-73,141,-56,10,-86,62,-137,-22,9,-50,-108,-58,-298,-25,-157,268,-92,77,-42,-4,-47,35,-54,83,-78,2,-253,-222,-60,-28,-62,6,-41,-32,128,-204,-135,-104,-16,-92,-32,-28,27,-40,-23,-25,-181,-64,-26,45,-116,-51,-25,57,-51,-30,-58,69,-103,8,-81,44,-50,-16,-141,-119,-32,-54,4,-61,-57,-35,31,-64,-51,-40,41,-44,-47,-19,53,-56,-195,-118,10,-155,-38,-68,18,-47,-18,-124,26,-80,107,-5,85,-144,-211,-67,-135,-70,13,-176,75,-111,-441,-159,-126,-4,-21,-58,-431,-250,-148,-133,-21,-6,-3,51,-126,-77,-252,-256,-31,-205,135,-54,29,-45,-80,-55,16,-34,-60,-36,-26,-64,-58,-25,0,-27,-41,-25,-14,48,26,35,-26,36,-63,4,-20,24,-29,-21,-57,45,-22,75,-165,248,-132,84,-191,197,31,84,-39,70,-55,84,-17,-11,-20,35,-15,-11,2,23,-68,48,34,73,-30,11,-9,40,73,66,-54,102,-53,-9,-17,38,-24,-7,-39,109,-80,3,-328,-207,3,-57,-44,-45,-17,-169,-165,10,-48,28,3,23,-262,159,-66,-59,43,-61,-133,-108,-30,-87,36,-22,-67,-49,15,-27,-21,-70,-33,-16,11,-28,-236,-171,85,-115,49,-9,6,-94,49,-58,-13,-63,45,-50,-17,-21,53,-143,-1,-81,37,-62,-23,-58,27,-38,-22,-50,36,-80,-6,-64,-86,-165,-90,-71,38,-109,79,-47,103,-113,36,-87,-1400,-878]]]
13157160	p	1278860
7279747	n	76.7315,27.9839,77.1039,28.3819	[[[767315,283819,7,-135,31,64,-38,71]],[[767440,281216,56,-1151,129,-54,235,-75,243,-54,247,-32,250,-11,250,11,247,32,243,54,235,75,226,95,215,114,201,132,185,149,168,165,149,178,101,150,219,1272,-12,7,-85,-80,-12,36,-55,12,-59,59,-58,-54,-46,-99,-54,27,-37,-9,-73,65,41,173,-26,38,-348,40,-18,306,-64,98,-9,67,-522,308,-75,-79,-11,-54,-20,46,-90,-16,-49,25,-25,61,-168,-250,-42,11,-21,-19,-51,21,21,-59,-22,-42,131,-138,-41,-135,-58,-3,-90,-106,-55,-3,-173,103,-51,-80,-24,1,-8,-54,-103,-146,15,-53,-19,-40,-32,-41,-60,3,-20,-18,-36,9,-36,-8,-71,-107,-176,1,-33,3,-22,13,-30,-52,0,-72,7,-20,51,-22,14,-13,-4,-20,-31,-34,-25,-10,-60,26,-9,31,-22,5,-27,-29,-22,-55,4,-17,18,-18,10,-47,-2,-39,-11,-25,30,-16,-6,-20,41,-36,-14,-51,-39,-83,-20,-1,-52,14,-45,0,-18,-33,-48,-28,-81,1,-44,-8,-96,-70,-30,-33,-26,-49,-60,-66]]]
1275103	r	75.2095,24.9796,76.3563,25.8807	[[[752095,250370,357,-574,899,600,-33,20,-69,-26,-234,27,-118,-35,-146,5,-80,33,-193,-70,-161,20,-66,-33,-99,9,-57,24]],[[752600,254168,34,-136,30,-31,89,-17,21,32,78,20,0,-109,246,-201,44,-62,64,-27,126,-245,16,-99,67,-63,262,-61,36,-63,181,-94,207,-182,89,9,163,-72,90,-119,2,-169,65,-65,-61,-159,76,-237,-20,-297,-62,-108,25,-78,-52,-127,-170,-113,-96,-35,-115,-238,139,-75,28,-121,161,-104,1,-109,82,-17,-20,-111,89,0,-52,-254,29,-16,24,7,49,14,88,-29,62,26,105,-42,85,-1,56,39,222,-74,71,42,45,-3,63,-48,55,24,121,-19,280,79,6,1,25,7,11,3,149,-49,97,-32,-13,-78,34,-31,0,-60,43,-48,2,1,0,4,36,14,269,323,244,55,57,33,137,179,236,152,71,87,92,189,111,104,13,62,-25,44,-108,1,-12,-20,-92,26,-91,46,1,77,128,75,114,105,-86,129,-27,122,273,162,167,173,125,272,-25,37,-3,120,46,142,76,11,85,-79,104,-18,78,-118,-107,-18,-33,-41,33,-37,23,11,32,-51,187,-21,270,52,90,-27,92,90,103,7,100,59,131,229,146,69,94,90,43,5,81,-43,59,-127,97,-63,128,-136,88,-167,69,-20,67,58,39,207,43,39,139,40,150,124,7,53,-133,235,16,71,189,124,76,-56,123,58,75,78,-23,149,199,20,110,-73,49,-86,58,-43,54,19,70,93,77,54,64,-3,99,-87,89,32,28,78,-5,113,-48,58,-114,22,-37,37,12,27,126,59,32,87,-52,62,-135,32,-9,56,5,5,0,7,22,16,27,28,17,4,27,19,77,3,79,50,52,105,-52,70,54,49,97,13,21,146,53,124,9,122,-31,57,25,88,8,6,4,11,64,40,42,-5,50,-49,27,-73,42,-20,82,26,79,92,161,88,87,24,157,-12,59,29,197,346,-29,257,83,119,22,131,-52,100,22,241,66,47,154,29,41,89,-1,19,-42,106,-168,93,-45,228,66,83,88,49,45,7,197,-53,51,18,113,138,84,250,-33,17,-66,52,-7,42,-115,62,-30,150,-92,53,-26,150,-35,42,-35,137,-70,-80,-66,2,-76,-47,6,-70,-66,-105,-55,40,4,56,-57,72,-86,70,-68,8,-38,-86,-105,-47,-88,23,-8,50,-73,42,-42,-5,-74,67,-13,172,-69,100,-161,41,-40,3,9,-76,-101,-149,1,1,-11,-16,-34,-37,-110,-19,-15,-39,35,-64,-29,-145,-33,-23,-25,-82,32,-73,-7,-127,-100,60,17,79,-128,137,-217,-14,-93,35,-18,182,-206,48,-130,-60,-114,12,-154,80,83,214,-17,71,-24,-2,-9,31,30,116,34,13,-22,61,-76,-26,-33,46,-60,-42,-246,51,3,102,-34,40,-269,-51,-49,-39,-50,12,-26,-53,-12,25,-31,2,-40,-39,-8,40,-53,-8,-21,42,-51,-18,-39,26,-131,-30,-12,-184,30,-109,-65,-153,-74,-47,-95,8,-45,-54,-117,34,-49,-24,-63,19,14,138,53,88,23,-18,35,77,-63,38,-34,58,-98,38,-47,128,-73,4,-116,-63,-10,-75,-36,-43,-266,-30,-22,-102,-51,4,-40,-146,12,-77,51,-32,3,-58,0,-30,-55,-54,-26,8,-101,-56,-55,29,16,104,-40,71,-82,54,-38,11,-10,-37,-42,3,-46,-34,12,-217,-61,-15,-80,-115,31,-11,25,-132,-55,-141,-114,-31,-86,25,-31,39,-94,17,-114,-22,-84,-64,-96,77,-241,-103,-137,-17,-27,-151,-111,-166,-103,-51,-2,-4,-1,-1,-28,-62,88,-56,-132,-174,-69,-26,-107,61,-127,15,-57,83,-4,94,75,66,-187,-13,-89,-103,-124,-19,-244,177,-87,239,4,48,-42,45,-62,-23,-26,-77,-136,-24,-84,-43,-124,43,7,-63,-131,-101,-38,-72,-351,-251,136,-337,-11,-100,-53,-97,9,-116,-18,-29,-59,-72,-120,-230,-137,-148,-131,-28,-22,-138,-238,-211,56,-139,-23,-83,73,-124,-66,-62,25,-56,-35,-100,-52,-46,-33,-14,-113,-111,-172,-76,-58,-164,-90,-67,-1,-65,-61,-60,-182,143,-183,-92,-53,-47,-7,-48]],[[752889,257358,199,247,-35,-23,-164,-224]]]
1263012	n	79.3279,16.654,79.702,17.0292	[[[793279,168382,19,-123,56,-215,78,-209,98,-201,119,-190,137,-178,155,-165,112,-98,1733,-463,130,158,52,31,81,-8,195,-97,107,-14,145,98,79,114,60,56,212,70,173,245,-331,122,55,367,-6,119,-73,304,8,335,-65,95,-128,101,-84,276,-226,317,-28,235,26,279,-49,160,-65,101,-4,17,-1405,271,-1366,-1910]]]
1430991	p	1255634
1269562	r	78.7842,18.5629,79.2978,19.3088	[[[787842,190346,166,-57,210,-95,152,-87,-427,-3894,-11,-96,465,-108,63,-41,115,-28,64,13,219,-51,142,-143,21,-55,21,32,27,-10,-19,-40,35,6,-8,-46,20,-17,69,104,131,-96,97,140,14,-3,85,43,83,-16,29,-35,99,20,130,-91,51,50,-68,177,-82,26,-19,104,-53,41,108,185,45,137,-13,21,76,69,-24,24,9,34,-48,17,-3,30,46,34,38,95,86,0,82,92,62,-75,47,-125,-23,-105,65,32,119,-49,10,-78,110,-48,2,-1,27,171,53,57,-20,20,9,49,36,42,69,-45,0,-84,140,-61,22,0,10,1,13,0,11,44,2,9,3,1,6,2,29,10,19,-7,33,-12,15,-6,-1,-3,-15,-32,1,1,-3,-5,100,-23,31,95,-28,44,18,42,38,-14,12,-45,44,-14,-5,24,6,3,0,18,0,2,28,-5,2,1,79,-6,-6,43,615,311,0,493,164,-3,16,-40,72,-32,126,26,83,96,141,-49,57,53,26,-2,2,113,34,26,3,77,35,29,35,-11,-27,83,33,33,89,5,38,35,69,-11,102,76,29,176,-276,105,-191,230,-106,68,-201,55,-287,25,-116,57,-134,156,-1,9,-108,119,-407,382,-66,69,-51,104,0,144,-121,209,-13,187,-17,59,-3,23,-10,18,-8,27,-94,166,-88,87,-290,147,-149,108,-204,28,-127,-29,-185,62,-145,-17,-73,-32,-24,-22,-56,-32,-89,-104,-31,-29,-11,-20,-20,-23,-76,-154,-85,-40,-87,11,-248,192,-310,183,-155,-67,-120,-162,-219,-16,-56,-80,-77,-40]],[[788668,192818,22,6,167,-97,69,76,13,99,481,-374,104,-4,-156,-231,158,231,121,-61,72,-77,132,13,-81,-158,380,-106,8,26,128,-106,67,33,-1109,999,-571,-216,-5,-53]],[[790335,191814,30,-22,-2,-62,437,-94,12,-144,197,-212,-216,412,-397,358,6,-24,-40,-19,10,-48,-23,-59,19,-59,-33,-27]]]
1258044	r	77.7142,29.6693,78.0357,30.2453	[[[777142,298704,35,-33,-10,-40,40,-49,61,-27,65,-5,72,-20,17,-49,-2,-8,-6,-17,21,-45,-33,-57,129,-77,11,-27,-8,-35,41,-27,-19,-42,-45,-30,22,-19,18,-30,65,-22,30,-44,6,-37,80,-45,5,-26,-9,-11,-10,-71,25,-26,17,-3,3,-18,-43,-66,74,-50,-110,-185,127,-93,-52,-100,-48,-53,9,-87,203,-30,100,-62,66,-8,-21,-44,-89,-92,226,-157,-2,-2,59,-42,62,3,171,112,48,4,74,88,120,-21,75,149,55,-30,92,23,124,-36,16,-33,66,59,-14,42,38,2,58,88,76,-29,36,27,34,-22,54,11,3,157,112,145,-48,128,155,88,-30,43,-6,89,-55,-9,-17,57,145,140,-24,45,-59,-6,-76,77,9,48,122,77,-104,117,91,60,14,118,96,46,106,99,71,-33,2,58,67,6,36,84,92,107,29,160,-146,37,-18,28,66,53,-31,27,-85,5,96,160,-22,28,-85,-11,-43,22,-46,-31,-115,91,-60,-33,-81,45,-140,-20,-175,187,-152,1,-52,-55,-37,6,34,104,-58,79,85,166,-8,50,-40,20,67,74,13,99,234,194,51,-1,34,27,-6,52,174,218,21,60,231,148,107,16,43,-30,59,19,114,157,146,45,1,3,-2,3,5,30,-26,3,-3,40,-8,15,8,11,-7,12,6,12,-12,3,-19,19,-25,77,-2,30,-3,9,-24,19,-9,22,-29,34,-8,3,-48,59,0,2,-4,5,-58,205,-13,25,-142,189,-31,62,-7,3,-1,12,-25,22,-8,46,-22,-4,-55,54,-1,0,0,1,-38,38,-7,28,2,4,-5,42,-44,-4,-38,30,-1,-1,-14,6,-10,15,-38,30,-5,0,-25,24,0,11,7,5,48,106,-1,3,-63,16,-10,-1,-5,5,-8,2,-3,0,-28,-34,-35,-114,-50,-27,-87,-130,-132,-33,-77,-299,-96,-80,-205,-250,-82,-175,-87,-103,-700,189,-394,-1163,3,-2,-10,-25,2,-11,25,13,13,-11,44,7,14,10,28,-9,38,2,49,-11,-4,-12,6,-5,-12,-14,-31,-6,-5,-1,-49,-34,-33,-4,-17,-23,15,-15,8,-8,-10,-30,-34,-5,-36,-28,43,-50,-92,-69,3,-19,-38,-2,-42,-31,20,-22,-42,-50,-11,-65,-58,-129,137,-45,-27,-31,11,-28,-49,-45,-43,-17,-58,-83,62,-28,57,-41,3,-88,21,-18,17,-14,-5,-35,-40,-4,-51,-21,-10,-51,-20,-19,-50,5,-17,-17,39,-62,-7,-10,-55,-21,-24,-54,-63,38,-19,-69,27,-37,23,-12,-34,-18,-20,-46],[777207,298582,-17,32,56,-42,-39,10],[778530,301093,61,52,-32,-38,-29,-14]]]
1253958	r	76.8406,18.1518,77.3773,18.82	[[[768406,181852,909,-258,8,11,102,-39,59,128,29,189,111,21,149,-9,16,31,125,-19,-8,-49,40,-31,26,-163,48,-50,58,-13,160,-16,23,82,-25,87,85,21,15,47,186,-84,9,-131,112,-89,200,0,156,71,54,-27,67,7,43,125,-194,272,125,77,143,25,1,21,101,-30,64,17,24,93,85,-2,-2,45,-21,2,-1,180,31,-6,80,183,98,38,13,164,37,75,127,1,105,-81,157,40,-41,76,7,63,-11,5,-11,-8,-25,-3,-18,27,-8,73,3,14,-9,39,-11,28,-24,24,33,72,95,-56,33,72,39,22,37,137,69,83,-98,13,47,77,11,53,0,32,76,43,49,1,14,3,70,3,23,43,-9,16,-64,16,-15,-4,-24,53,-40,55,9,72,10,20,-3,35,50,82,-6,0,9,9,10,30,-11,5,14,7,0,-10,25,23,14,-7,18,3,9,-1,3,-4,13,3,11,-2,11,-6,77,-3,37,37,1,15,29,40,64,-2,96,82,67,6,149,88,110,11,27,43,-2,98,36,38,58,-24,-6,-36,78,-20,60,-130,134,117,44,3,-1289,3218,-2243,480,-1544,-1718,-97,-4630],[772686,184535,8,66,33,29,1,98,39,38,105,-26,30,25,101,-5,9,-125,-27,-4,-31,-59,-63,-37,-63,11,-37,-31,-105,20]],[[773670,184275,1,-85,29,-6,-20,-53,46,-122,47,10,-103,256]]]
1262209	r	75.2066,23.2032,75.6981,23.7168	[[[752066,234544,881,-2236,23,-11,166,-70,170,-59,174,-49,177,-38,180,-27,181,-17,182,-5,182,5,181,17,180,27,177,38,149,42,1888,2107,18,164,6,168,-6,168,-18,167,-30,166,-41,164,-53,161,-64,157,-75,153,-86,148,-96,143,-106,136,-115,130,-125,123,-132,115,-141,107,-148,97,-155,89,-160,79,-166,70,-170,59,-174,49,-177,38,-180,27,-181,17,-182,5,-182,-5,-84,-8,-1868,-2611]]]
1276389	r	77.6271,21.6451,78.1665,22.1549	[[[776271,219000,6,-167,17,-166,30,-164,40,-163,52,-159,63,-157,74,-151,84,-148,94,-141,104,-136,113,-129,122,-121,131,-115,138,-105,145,-98,152,-88,157,-78,163,-69,167,-59,171,-48,174,-38,176,-27,178,-17,178,-5,178,5,178,17,176,27,174,38,171,48,167,59,163,69,157,78,152,88,145,98,138,105,131,115,122,121,113,129,104,136,94,141,84,148,74,151,63,157,52,159,29,119,-2636,3089,-29,1,-178,-5,-178,-17,-176,-27,-174,-38,-171,-48,-167,-59,-163,-69,-157,-78,-152,-88,-145,-98,-138,-105,-131,-115,-122,-121,-113,-129,-104,-136,-94,-141,-84,-148,-74,-151,-63,-157,-52,-159,-40,-163,-30,-164,-17,-166,-6,-167]]]
1269557	n	84.8135,25.0036,85.2069,25.2937	[[[848135,250720,104,-24,9,-42,76,11,20,-61,91,-1,27,33,144,-23,36,-38,65,61,154,-29,98,19,27,34,114,-7,-10,-53,104,-2,57,-36,20,-28,-62,-142,-104,-33,-11,-98,123,-29,7,-56,62,-21,24,-119,356,8,-1,6,40,-5,143,3,10,42,67,3,22,36,-29,128,73,-12,14,-30,154,6,11,-42,71,-5,25,20,-30,10,27,102,85,12,87,-11,15,-246,536,11,4,7,105,74,95,168,-5,98,59,46,23,74,121,14,108,-30,39,26,-13,119,21,20,169,-22,12,44,107,20,3,-46,130,160,105,160,-641,1467,-1110,275,-16,-46,-99,-1,-17,-54,-86,3,-13,63,86,9,18,57,-521,130,-53,-15,-106,10,-27,30,-128,-124,-3,-38,36,-25,-54,-39,32,-5,-5,-19,-108,10,-78,65,70,109,-40,71,-68,-36,-49,11,-49,-19,-36,-52,-72,-33,-31,-59,-15,-67,51,-55,-24,-57,-74,-44,-93,-2,47,-66,-102,-100,17,-121,-35,-34,-23,-1,-17,43,-36,2,-33,54,-97,12,7,39,-61,11,-56,-61,-52,-2,-170,-1580]]]
1267579	r	78.7031,29,79.218,29.4711	[[[787031,290955,1515,-640,47,23,55,55,-2,37,-22,19,0,17,37,-5,-16,17,-9,0,-22,-6,-11,-18,10,-5,-5,-7,-19,7,-9,-5,26,-30,23,-9,-23,-10,-5,16,-51,57,-68,21,-4,9,5,15,-24,14,41,49,11,24,93,-51,14,-21,35,-28,43,10,41,-18,17,21,-10,11,20,62,-39,30,11,11,-30,29,16,2,26,-35,26,-15,7,7,-14,36,24,-8,16,-27,5,5,-2,12,32,10,-1,12,14,7,16,-24,-1,-11,10,-2,9,37,13,-1,1,17,-11,13,-41,5,-9,10,16,36,-15,44,-22,11,-8,15,39,29,25,-1,44,-31,2,6,24,4,9,11,9,34,-20,36,-12,7,-32,2,-12,9,4,15,-8,30,10,16,66,34,91,-13,19,7,15,15,-3,16,-41,6,-22,20,9,19,49,17,8,13,-7,24,-36,15,3,18,-11,18,4,4,21,-4,-4,-5,27,-11,8,5,30,-2,8,12,11,3,7,-6,-4,-17,20,-7,18,10,10,17,-35,32,114,-38,76,115,83,-34,8,13,127,-76,78,106,14,-11,68,-27,1,2,2,-1,19,30,91,-63,-65,-60,-78,43,-18,-14,-12,-26,19,-10,-18,-21,6,-10,-4,-12,45,5,-4,12,6,8,-12,2,1,15,17,5,2,8,11,-9,-4,-19,8,-4,-6,-4,3,-14,-12,2,-4,-5,10,-4,-4,-11,10,-1,-10,-13,13,-7,1,-9,-9,3,-9,-7,-9,-43,-13,-18,-11,5,-10,-11,5,-18,-10,-2,-20,8,-37,-39,-43,-63,5,-6,-7,-7,2,-10,-24,-32,-22,1,-9,-8,2,-7,-29,-12,-5,-10,-5,5,-17,-30,119,-71,-16,-30,-138,59,2,-13,10,-3,-23,-33,12,-9,-11,-13,16,-6,6,-31,15,-4,8,-11,-16,-45,-7,-5,-97,41,-14,-8,-19,4,-32,-20,7,-20,-5,-14,34,-24,50,-53,-15,-16,-80,-21,18,-9,-6,-16,27,-31,-18,-37,-14,-14,51,-47,-5,-8,5,-12,17,-2,8,-9,-14,-25,15,-28,-8,-21,-15,-7,-18,13,-18,-16,6,-18,-11,-6,-12,-30,-21,13,-52,-52,-19,-28,107,-45,2131,324,757,1258,-1231,1009,-15,3,4,6,-136,111,6,10,21,47,-70,11,-10,-7,-11,-34,-47,-39,-33,2,-14,14,-14,-16,-34,-11,-8,-23,-36,-46,-20,-9,-21,9,-16,-2,-22,-13,-7,-13,-28,-12,-1,-23,-19,-14,0,51,-6,15,-21,19,14,13,-26,-9,-32,1,-47,20,-28,50,-47,53,-3,66,-56,31,9,-5,-38,38,-12,13,21,27,23,26,126,103,-65,32,55,46,-1,2,1,1,-1,1,-1,1,-21,51,-75,66,-20,-7,-22,-21,-59,26,-2,-2,-2,1,-44,-43,-41,-22,-4,0,-40,41,-24,8,-1,-1,-2,1,-19,-18,-26,-6,9,-15,-30,-29,-38,-6,-25,10,-3,-1,-1,0,-1,-2,-11,-8,-54,11,-163,8,18,33,-31,33,-17,-4,-58,53,-71,17,-51,34,-50,11,-16,46,-9,8,-94,4,-53,27,-135,15,-15,-5,-53,4,-34,-29,-33,-8,-71,98,-33,-48,-61,-18,-8,17,-41,28,-11,4,-25,-9,-28,16,-7,-13,-24,7,-27,22,-21,32,23,50,36,-17,67,-1,46,26,115,45,9,26,-42,29,-7,17,25,28,48,1,51,-25,72,94,62,12,43,54,59,28,18,43,-19,27,52,43,8,15,-808,662,-1332,-3756]]]
1271306	r	83.1745,25.3028,83.7856,25.8843	[[[831745,256794,275,-524,2436,-3242,3270,158,130,4518,-1537,-74,-29,98,5,34,33,29,43,1,58,-20,44,22,36,76,-13,40,0,39,50,59,-21,31,-90,33,-52,26,-56,76,-18,72,-73,97,-44,23,-65,12,-57,0,-32,-12,-30,-32,-33,-18,-29,4,-19,30,13,31,27,33,-1,22,-76,60,6,28,25,29,42,11,31,-8,42,-76,28,-1,29,13,22,20,30,8,7,17,-16,16,-4,18,20,14,96,-30,85,126,-60,27,-29,42,-14,0,-22,-12,-24,-1,-32,12,-39,80,-81,-32,-31,16,-31,28,-17,2,-6,-5,4,-17,-5,-7,-35,-10,-56,11,-13,-9,-9,-30,-11,-8,-56,-2,-14,7,-42,-42,-56,-3,-27,-11,-36,6,-22,-21,-39,-7,0,-21,-23,-1,-12,-15,-25,7,-32,-19,-54,-1,-50,18,-22,-12,-24,20,-22,-17,-19,29,-30,-21,-31,17,-29,-10,-24,3,-22,-4,-26,15,-8,-15,-24,2,-15,-15,-21,2,-21,-18,-24,0,-2,-9,18,-15,-14,-13,-4,-22,-10,0,-11,8,-26,-6,-16,6,6,-24,-22,12,-10,-14,-12,-5,-2,-17,11,-17,-13,-11,8,-12,-24,-13,3,-19,-6,-10,7,-11,-16,-24,-16,-10,-3,-14,-14,2,-30,-11,-11,8,-33,-7,-11,-34,5,-39,11,-16,34,-1,31,-11,15,-60,-24,-49,-45,-38,-20,-27,-47,-16,-22,-16,-5,-19,39,-22,62,-19,-9,-43,45,-20,14,-18,7,-31,-26,-123,-51,-124,22,-43,-3,-68,-2075,-100,-932,-660]]]
12261477	p	1253184
1262260	r	79.6309,10.3028,79.8638,10.9317	[[[796309,108154,53,9,52,-3,92,-71,29,-15,4,-10,27,-9,11,11,6,20,3,93,46,-5,31,13,32,-13,31,18,22,2,16,-4,24,-26,70,3,-3,126,26,2,8,-8,77,24,64,-62,18,0,8,8,25,-6,12,7,3,26,42,13,39,-12,103,3,-14,-53,4,-102,-30,-35,-11,-25,13,-15,10,0,20,33,40,5,0,-50,12,-13,8,47,7,7,32,-6,46,23,2,19,8,-2,-220,-3819,111,-417,627,-833,153,-15,302,-9,175,5,63,754,-42,1728,-93,406,-3,987,35,1,-5,230,-24,461,5,29,12,21,-10,63,2,72,-5,6,5,487,-206,-1,-21,219,-17,7,-33,-37,-25,-12,-45,27,-10,13,-33,11,-25,19,-20,32,-10,58,0,37,26,8,-1,-22,24,-40,76,43,54,10,-1,38,-14,10,-12,44,-113,12,4,50,84,6,43,-5,43,15,8,7,-3,14,-76,13,-11,7,-80,20,-32,2,-5,-8,-12,0,-11,5,-2,12,-18,19,-30,-9,-15,-27,-38,5,-8,31,-12,5,-12,25,-17,8,-8,-1,2,-40,-50,-18,-20,0,-13,14,6,50,54,3,14,11,17,-7,13,24,13,4,-17,12,-9,29,3,20,28,-25,7,-3,6,9,-19,18,-18,30,-14,7,-88,-22,-18,26,-25,1,-2,-17,21,-13,-1,-7,-26,0,4,-88,-118,-2,1,-19,25,-9,2,-10,-28,2,-9,-7,-60,6,-7,-11,-13,2,5,12,-9,9,2,10,16,2,9,8,2,11,7,-2,13,12,15,1,0,11,13,6,-22,21,-6,-10,17,-4,-4,-7,-11,-5,-7,14,-6,-22,-17,0,-4,-19,-6,0,8,54,8,-8,8,2,-1,19,-15,23,-2,26,20,18,14,30,16,10,-38,27,-45,-5,-6,-21,-49,-1,-55,8,4,14,11,0,3,26,-15,-2,-7,-10,-11,3,3,10,14,6,-8,51,-20,13,-45,0,-6,10,-21,9,-34,-6,-9,14,-20,-1,-99,32,-25,-4,-5,-20,4,-14,43,-29,-36,-9,-7,-9,4,-92,-9,-2,-20,30,-36,20,-32,1,-27,22,-26,-14,-117,7,-3,16,14,35,-9,12,-27,16,-54,-3,-16,-45,0,-87,-13,13,-63,9,-12,10,-2,-13,-2,-9,-23,-8,0,-62,-12,-6,9,-63,-4,-13,-24,-27,-34,-12,-53,-32,9,-71,-47,2,-3,-42,5,-40,5,-9,25,0,-1,-18,-10,-13,-76,0,-7,-18,3,-19,50,-19,4,-30,-9,-78,-9,-11,-65,-3,3,-38,39,3,36,-10,8,-37,22,-49,4,-68,-21,-11,-43,-5,-5,-73,12,19,47,-3,-4,-47,-31,-2,-40,-18,-25,1,-16,23,-24,0,-16,-8,-38,-5,-26,-12,-2,-72],[797369,108310,70,17,-6,-96,0,-1,-3,-5,-14,0,-27,28,-13,1,5,37,15,6,-27,13]]]
1275019	r	83.7726,25.2533,84.1097,25.9108	[[[837726,253186,1077,-653,1442,81,341,2513,-7,-53,69,-4,6,22,63,5,20,9,47,0,31,-12,24,15,50,13,8,42,-6,31,-10,16,1,16,39,3,18,17,-2,33,24,-1,0,42,-28,50,11,31,-11,38,4,86,13,23,-17,48,-50,53,-2,21,6,38,27,38,19,71,-21,26,-33,5,-121,-58,-50,-10,-23,2,-24,15,-8,34,19,34,83,24,22,22,61,97,22,5,21,-9,25,0,9,7,-4,25,-29,25,5,11,40,8,18,20,4,29,-5,22,-51,43,-2,35,-26,14,0,48,-9,28,-83,1,-3,35,-18,-5,345,2545,-91,31,-235,64,-239,51,-242,36,-245,22,-245,8,-245,-8,-245,-22,-69,-10,-1385,-1364,-130,-4518]]]
1263494	r	73.7829,15.3237,73.9594,15.4398	[[[737829,154079,52,-58,1,-2,3,-2,22,-24,-9,-14,5,-24,9,-6,-5,-3,37,-6,5,6,123,-135,3,-32,14,-10,19,2,10,-5,156,-114,106,-26,33,-19,36,2,35,-8,211,-5,131,-43,6,-9,42,-72,67,-147,29,-88,103,28,4,7,-14,31,2,17,13,15,60,24,8,17,-10,14,9,23,-21,79,-5,50,5,24,25,17,8,19,-2,47,10,20,22,18,14,-15,6,-21,27,7,27,22,23,58,59,-24,97,0,68,38,61,1,5,40,-41,167,-28,53,-46,29,-21,5,156,183,-712,112,394,-168,94,-61,47,-62,-48,11,-213,61,-43,1,-143,26,-11,-87,-25,5,2,11,-14,3,-24,-12,-9,1,-2,-14,-18,5,10,-22,-9,-21,-43,-32,-108,31,-118,61,-117,-34,-39,-2,2,7,-9,30,-38,24,-56,-11,-12,-24,-17,-15,-22,15,-12,0,-3,-12,3,-9,-25,2,0,14,-2,-10,-4,10,-9,-8,-1,8,-3,-13,-7,1,5,20,-22,26,-31,11,-16,-5,-8,-10,13,-19,-2,-19,-129,9,6,9,-99,83,-11,-14,-29,2,11,37,24,2,-26,5,-23,-56,-29,6,-21,-6,-10,-13,2,-31,13,-11,-19,1]],[[738529,154398,13,-15,44,-31,65,-9,136,14,-258,41]]]
1256826	r	79.2782,21.8364,79.8218,22.3436	[[[792782,220900,6,-166,17,-165,29,-164,41,-161,51,-159,63,-155,73,-151,84,-147,94,-141,104,-135,113,-128,121,-121,130,-113,137,-106,145,-96,151,-88,157,-78,162,-69,166,-58,171,-48,173,-38,175,-27,177,-16,178,-6,178,6,177,16,175,27,173,38,171,48,166,58,162,69,157,78,151,88,145,96,137,106,130,113,121,121,113,128,104,135,94,141,84,147,73,151,63,155,51,159,41,161,29,164,17,165,6,166,-6,166,-17,165,-29,164,-41,161,-51,159,-63,155,-73,151,-84,147,-94,141,-104,135,-113,128,-121,121,-130,113,-137,106,-145,96,-151,88,-157,78,-162,69,-166,58,-171,48,-173,38,-175,27,-177,16,-178,6,-178,-6,-177,-16,-175,-27,-173,-38,-171,-48,-166,-58,-162,-69,-157,-78,-151,-88,-145,-96,-137,-106,-130,-113,-121,-121,-113,-128,-104,-135,-94,-141,-84,-147,-73,-151,-63,-155,-51,-159,-41,-161,-29,-164,-17,-165,-6,-166]]]
1278148	r	83.9964,24.3532,84.6938,24.8988	[[[839964,245483,128,-187,165,-212,180,-200,194,-190,208,-177,175,-132,2270,-833,132,-11,284,-9,284,9,282,25,27,4,-115,15,-164,57,-4,31,58,71,-126,-9,-78,119,14,33,-90,-8,-69,-45,-89,19,-30,40,-185,37,26,64,-98,42,-40,66,32,26,14,77,-44,14,-1,-23,-76,-16,-28,33,42,53,116,-7,-67,125,-89,72,-229,27,-55,148,41,98,89,78,116,58,116,8,182,70,15,46,238,103,40,62,-47,134,155,10,-16,106,-26,24,87,16,-10,29,50,77,-38,71,8,59,67,-6,43,54,58,-24,-28,-34,15,-39,123,-65,18,-46,72,120,3,74,87,8,68,-106,6,-184,28,-78,53,-35,145,46,152,-163,22,-67,49,-9,290,129,282,15,39,61,44,1,141,110,-5,50,27,25,-26,34,122,67,-39,54,-96,-11,-37,20,14,29,101,102,135,66,30,76,48,10,-38,77,42,27,-47,81,135,101,-71,-8,-1,144,38,172,71,-26,18,54,129,-68,103,-17,34,37,6,112,66,-16,-25,38,29,56,-3,61,51,-47,70,49,66,0,-16,35,185,-25,69,-33,58,22,-139,1520,-48,6,10,86,-35,32,9,50,-83,7,-9,23,-130,37,-3,50,-85,48,-7,70,-2990,269,-2072,-1390,-1392,-2115]],[[845619,243974,17,-25,234,115,6,3,3,13,-37,47,-71,-31,-95,6,-57,-128]]]
1270077	r	78.5017,20.2334,79.249,20.8536	[[[785017,204057,447,-1723,3991,762,3034,1580,-1830,2594,-133,14,-25,91,-81,4,-51,37,-19,-28,-160,4,-33,4,-38,80,-133,-23,-26,114,-93,-31,-165,26,92,84,-13,54,213,50,68,75,76,17,-18,113,37,27,-251,357,-803,197,-1437,-1575,26,-6,68,-36,33,-8,85,2,67,-26,40,17,25,1,72,-57,63,-4,17,-11,13,-22,13,-62,33,-10,17,-22,39,-103,-23,-36,-76,-29,-39,-73,-5,-41,-39,4,-128,42,-55,43,-46,17,-43,2,-20,1,-17,-2,-21,-3,-17,-3,-30,-10,-14,-20,2,-20,-13,-14,-101,-33,-8,-19,6,-60,8,-21,29,-20,3,-48,-9,-17,9,-40,-3,-23,-42,-10,-82,20,-32,0,-27,-22,7,-113,-24,-32,-19,-1,-67,18,-35,3,-15,-6,-30,-42,-32,-76,-4,-14,29,-13,-3,-23,-43,-122,-14,-13,-140,47,-16,-14,-62,-19,-31,7,-55,30,-55,5,-11,14,-10,40,-14,-1,-48,-66,-22,-21,-24,1,-41,32,-46,15,-127,59,-29,-27,-2,-37,4,-26,24,-51,29,-31,-279,-305,-14,3,-14,-2,-30,-18,-53,-7,-74,17,-42,22,-49,-61,-46,-27,-9,-13,-9,-135,-12,-21,-22,-14,-36,-3,-59,21,-61,5,-111,30,-113,18,-32,-13,-16,-27,-7,-88,-21,-5,-91,5,-27,8,-28,-27,-84,1,4,-21,29,-41,-1,-58,10,-31,53,-53,49,-25,24,-21,6,-45,-13,-38,-1,-34,12,-33,110,-122,-444,-487]]]
1272997	r	80.8118,19.7437,82.3488,21.0266	[[[808118,203516,2135,-5420,421,-212,651,-277,479,-170,8438,2112,2007,1177,1239,2177,-3657,4285,1,40,-72,49,-5,1,-608,712,103,116,-215,232,-20,122,-124,268,27,223,-19,56,-131,139,-37,252,1,246,-6,-2,-4,-7,-139,-46,-30,-150,-75,-30,-122,-8,-23,32,-74,18,-20,41,-88,-30,-32,57,34,27,-5,42,-81,63,-19,8,-27,-9,-2,-3,-4,0,-4,0,-26,6,-47,12,-39,-23,-6,3,-3,-1,-89,44,-65,135,-51,-3,-66,41,10,52,-54,39,-7,57,-51,9,0,65,-35,32,-141,19,-176,-27,9,27,-39,48,-32,-1,-59,-28,-33,-99,-111,-15,-76,-81,-71,50,-57,-25,-93,34,-37,-24,-2,9,-12,-4,3,45,-83,56,-75,-12,-124,104,-29,-31,-1,3,-2,-2,-22,49,-46,-7,-7,39,-43,24,-39,-79,66,-89,72,-193,-23,-56,-76,-26,-14,-19,-3,-14,19,-79,15,-36,-5,-6,0,-1,1,-5,-21,-22,-58,-64,-13,-14,-30,-2,-40,-2,-66,-37,-8,-99,-1,-9,-9,-1,-203,-31,-49,-57,-135,14,-99,-39,-109,-112,-9,-109,-84,-137,-218,8,-134,-233,-63,13,-15,3,-170,-38,2,-37,47,-45,-4,-70,-62,14,-73,-60,-36,40,-116,-22,-65,42,-18,-31,-109,-30,-7,34,-78,13,-29,50,-69,-3,-103,93,33,127,79,-37,-14,53,20,30,129,44,11,91,-49,4,-11,139,-27,54,0,126,47,48,-40,-5,-11,43,35,30,-135,-28,-1289,-629,-4542,-5257]]]
1274213	n	79.9575,15.8707,80.3635,16.2465	[[[799575,160466,69,-640,113,-182,136,-178,154,-165,170,-149,184,-132,197,-114,208,-95,216,-75,121,-29,1990,1152,447,612,55,898,-915,1096,-496,-29,-1429,-1063,-15,-35,-28,-45,-39,17,-2,0,-1136,-844]]]
1264154	r	75.8516,10.6841,76.55,11.5293	[[[758516,111531,18,-7,15,-19,-4,-19,4,-7,23,-8,5,-28,12,-1,3,-32,2,7,27,-18,13,-42,22,6,9,-50,8,-11,40,-3,31,28,8,28,32,32,-5,12,-9,2,1,8,42,-2,23,29,30,-9,12,8,7,-2,16,-9,-2,-54,33,-26,45,-9,21,-19,1,-28,36,-1,16,-10,59,-60,26,-1,12,-8,20,-45,15,-11,60,89,12,33,6,4,23,-5,36,31,9,15,15,-16,1,-64,-27,-38,2,-13,17,8,45,-15,27,1,9,-12,24,6,10,17,10,-2,46,-20,96,-4,8,-25,24,18,-6,16,17,12,33,-5,50,-39,33,-12,8,4,1,15,8,1,38,-13,48,-2,29,-24,32,7,28,-22,18,-6,51,-42,15,-29,29,-18,38,-11,26,29,11,3,99,-97,52,-62,22,-11,21,-2,22,8,66,-14,-9,-38,0,-29,-46,-56,-10,-31,-1,-25,-11,-9,2,-66,42,-22,15,-19,-15,-17,-43,-26,-9,-14,32,-46,33,14,25,1,19,-8,5,-10,-69,-38,-28,-62,0,-45,-32,-29,-6,-15,25,-49,15,-3,6,-15,-2,-24,-24,-8,-7,-8,16,-6,3,-11,-15,-16,-1,-10,11,-9,34,3,8,-18,-3,-36,-49,15,-18,13,-13,-1,-62,-73,-9,-43,-19,-8,-32,18,-30,32,-30,8,-12,21,-21,-5,-8,14,2,27,-39,-9,-15,16,-22,1,-13,-4,-21,-23,-13,-5,-41,3,-44,-6,5,-26,14,-20,24,-1,26,-110,27,-38,28,-15,7,-25,12,-14,57,-42,8,-39,19,-14,39,-5,48,40,26,-1,8,-18,70,0,42,19,34,-9,54,19,37,-1,42,-11,-7,-20,-35,0,-15,-10,-1,-12,10,-11,85,-24,22,31,54,-8,17,-16,18,-1,11,-38,15,-7,18,-41,12,-1,19,10,41,-6,8,-10,1,-17,9,-8,53,18,22,-9,40,-41,65,-34,7,-48,8,-4,21,6,11,-11,68,2,15,8,21,-14,27,9,30,-1,16,-9,7,-25,12,-3,2,-11,-6,-87,-7,-11,-31,-10,-5,-16,1,-24,14,-14,4,-26,5,-40,-8,-22,5,-26,-8,-45,28,-24,11,-35,9,8,24,-37,25,-15,43,-2,-8,-8,-1,-88,3,-11,10,-45,-9,-26,-13,0,-60,17,-24,19,-37,14,-26,0,-5,-63,-10,-24,-1,-74,-15,-10,-75,63,-11,-7,-6,-17,6,-35,0,-1,195,-209,430,-9,576,556,60,-114,31,-18,201,-4,105,177,-8,42,66,88,101,7,54,-33,110,73,107,-91,146,7,7,-57,158,-9,-15,94,-32,-2,-3,105,-75,55,-2,228,55,89,3,134,13,31,57,11,36,-52,240,-15,76,221,-127,31,-102,-29,-209,59,-23,35,44,169,-84,27,-5,34,-127,-22,-28,19,-178,-68,-19,33,26,93,-37,19,84,72,33,52,-4,34,110,-44,64,49,122,-14,45,29,37,46,0,50,-52,111,22,-12,79,51,46,103,37,3,35,41,60,7,30,48,154,-9,66,33,53,-16,18,45,-41,55,5,29,129,20,98,51,1,141,51,90,-75,111,75,179,-115,167,40,58,5,57,-36,89,108,30,45,-23,66,6,74,-70,166,33,42,339,338,188,351,124,40,169,194,121,-60,41,-21,99,126,166,-28,140,5,140,-396,-47,69,54,26,119,-557,167,-467,352,36,191,-210,-71,-248,163,-18,34,-291,131,-40,-57,-127,-84,-201,144,-117,-22,-30,40,34,35,-96,99,-94,-58,-101,38,-173,-125,22,299,19,21,-32,59,7,65,-11,36,-35,6,-59,95,-47,27,-49,-46,-32,-115,-248,-57,-17,-18,-107,-111,13,-14,-50,-48,2,-37,-32,-10,42,-81,-171,-94,-78,-102,-24,10,-80,-47,-76,-9,-45,-116,76,-95,-23,-78,-62,-29,-66,77,-139,-190,-113,12,1,-72,-58,-70,-21,-123,30,-141,-68,-104,0,-50,-24,-8,25,-36,-404,-501,47,0,30,-21,60,-4,23,-13,-5,-10,7,-22,26,-8,-3,-36,-98,-32,-42,-54,-1,-19,-38,-18,-44,-46,-6,-19,-50,-13,-62,4,-56,-4,-108,20,-79,-18,-27,-40,-12,-25,-15,-13,-31,-9,-62,-5,-4,-29,-22,-29,-95,96,-74,33,-15,13,-36,19,-49,-24,-71,-81,-26,-39,-25,-20,-66,-20,-73,-8,-185,-38,-39,-44,-20,-32,-25,-17,-30,0,-53,30,-79,28,-1,0,-16,-51,4,-20,-3,-18,-21,-31,-96,-16,-103,-61,-8,-39,-68,-115,-21,-11,-70,-13,-11,5,-17,24,-4,-25,1,-5,-7,-29,19,-12,8,-2,11,-9,3,-31,-17,-3,-5,-12,14,-5,1,-17,19,-27,33,-5,4,-1,50,-8,51,-22,5,-23,9,-7,29,2,23,12,27,-7,8,-28,16,-4,-5,-34,12,-42,-3,0,0,-7,-15,-3,-50,10,-4,-34,-45,-21,-16,0,-4,8,-13,6,-3,-1,-4,3,-26,11,8,30,-42,-6,-4,-17,-15,-11,-13,-19,-25,1,2,-24,-11,-21,-2,-10,7,-18,-18,-29,-71,-50]],[[758710,109662,153,-691,0,1,127,-572,103,-466,-292,1346,-91,382]],[[759101,107847,37,-14,49,-92,387,-900,41,2,63,59,89,4,15,21,29,-11,6,-54,32,-13,5,42,118,32,34,48,12,-52,107,-18,36,45,39,21,64,15,1,2,56,11,6,11,6,1,64,65,18,-22,21,20,5,-13,14,4,3,5,28,4,2,-22,32,-4,-2,18,46,51,2,17,23,36,24,21,11,24,18,18,-12,51,12,7,23,-9,5,-4,38,-5,-2,15,-10,15,9,-1,-9,76,-55,61,-22,-14,-16,18,63,24,-98,-32,-71,7,-32,42,27,50,-73,34,10,56,0,1,5,24,-28,61,21,216,18,38,47,23,3,39,-17,-1,-5,40,-103,18,-19,25,14,61,-98,54,30,64,-14,53,-30,17,-12,45,-5,75,-10,44,-58,96,-33,20,-115,21,-179,-37,-129,-59,-49,-31,-32,-33,-12,-37,-12,-81,4,-42,-13,-110,-39,-93,-46,-73,-37,-76,-49,-22,-251,-73,-61,-13,5,-13,-19,-14]]]
1277214	r	73.836,23.0587,74.7901,24.1473	[[[738360,239208,512,-6340,2459,-541,6,-27,-25,-8,34,-61,-55,-61,11,-59,-108,-75,-29,-191,50,-83,196,-31,43,-49,38,-122,230,-16,66,-72,64,90,-15,127,51,90,68,26,70,98,106,-43,-8,-23,112,-20,83,-46,89,72,56,-117,199,-126,75,-297,122,-143,-87,-171,32,-88,162,-54,141,-92,81,-168,20,27,119,8,88,57,143,119,-15,62,19,27,299,228,35,-19,166,24,153,-76,58,23,49,-18,81,-97,3,-45,134,-24,97,-65,106,-1,3,19,145,41,167,-26,32,17,-22,46,34,31,211,46,141,107,-7,99,-54,96,328,38,41,21,393,-87,148,368,23,6,166,113,149,200,73,48,104,-61,169,-16,93,19,71,-35,93,59,5,43,192,100,-36,68,83,61,-5,23,-74,3,-70,-58,-11,-30,-65,-26,-95,8,-12,33,-135,-46,-101,47,-4,64,125,32,109,79,-22,140,-141,66,12,111,-76,-26,-156,80,-31,-33,1164,2888,-422,2531,-2396,2471,-1431,581,-1539,297,-3753,-2265]]]
12495083	n	82.1057,22.967,82.5943,23.4161	[[[821057,231900,12,-222,35,-219,58,-215,81,-209,102,-201,124,-190,142,-178,161,-165,178,-149,193,-132,205,-114,217,-95,226,-75,232,-54,28,-3,19,12,195,-21,67,166,116,83,48,-3,124,71,137,-7,80,28,167,-34,53,-66,58,-17,1,-122,41,-20,71,-6,207,68,217,95,205,114,193,132,178,149,161,165,142,178,124,190,102,201,81,209,58,215,35,219,12,222,-12,222,-35,219,-58,215,-81,209,-102,201,-124,190,-142,178,-161,165,-178,149,-193,132,-205,114,-217,95,-226,75,-232,54,-238,32,-239,11,-239,-11,-238,-32,-232,-54,-226,-75,-217,-95,-205,-114,-193,-132,-178,-149,-161,-165,-142,-178,-124,-190,-102,-201,-81,-209,-58,-215,-35,-219,-12,-222]]]
1269653	r	77.7444,22.3393,77.8663,22.6358	[[[777444,223474,112,-79,44,-2,134,4,-36,67,-163,76,-91,-66]],[[777478,226262,5,-21,15,-11,26,-34,17,-64,-22,-7,-3,-50,-16,-24,3,-16,101,26,10,-22,-29,-42,22,-41,82,-30,22,-17,43,-12,68,-10,65,6,67,57,-32,37,26,2,0,12,27,1,19,21,-2,21,68,2,-20,37,23,126,-5,25,-18,25,-15,-4,-104,91,-33,12,-156,-3,-4,-8,-44,-14,21,-73,-16,-7,-9,-17,-7,6,-16,0,-5,11,-21,0,-1,17,-18,-13,-54,32,-15,-11,-17,-3,-3,-8,-17,0,-1,10,-17,1,-10,-16]],[[778069,223470,5,-39,94,14,186,40,182,52,126,44,-18,55,-98,55,-49,-4,-90,-59,-34,-75,-76,-20,-41,-39,-187,-24]]]
1253367	p	1263494
1271631	r	88.09,26.9658,88.9212,27.8341	[[[880900,275243,5411,-5323,1039,-262,1106,640,0,198,-48,256,-132,227,-223,151,-627,297,-95,63,-30,20,83,288,160,328,215,283,253,155,602,140,147,101,85,58,30,114,48,-7,170,50,0,30,35,23,38,89,29,29,4,65,12,19,-27,24,-27,11,-44,-15,-48,-5,-27,25,-32,14,-47,-1,-11,12,-16,53,-86,42,-17,34,21,42,-25,3,-16,23,13,31,-10,38,-51,4,-12,20,-24,14,-22,-3,-43,25,-31,35,9,35,-7,22,13,40,-26,20,-8,45,-49,-14,-63,-3,-18,7,-24,-3,-78,-54,-4,25,-62,36,-5,44,-22,6,-26,-2,-44,33,-16,64,11,45,-39,6,-29,-4,-12,5,-32,-8,-9,-13,-22,21,-11,16,11,53,-21,28,-30,1,-18,-7,-11,2,0,8,-15,-1,-8,6,-45,-7,-20,5,4,17,-34,20,-36,4,-30,-14,-72,30,-26,-19,-8,-16,-10,-3,-90,174,-54,291,28,308,4,164,-160,203,-6,140,72,144,192,261,157,358,226,331,344,1348,-144,58,-345,117,-353,95,-359,75,-364,54,-367,32,-369,11,-369,-11,-367,-32,-364,-54,-359,-75,-353,-95,-345,-117,-336,-136,-325,-155,-313,-174,-300,-193,-285,-209,-269,-225,-253,-241,-234,-255,-214,-268,-195,-280,-174,-291,-145,-287]]]
1273403	p	1269006
1259827	p	1268782
7279599	p	6619347
1264735	n	85.9481,24.9838,86.3313,25.3107	[[[859481,252518,156,-850,67,2,41,-11,54,3,1,-12,23,-7,-6,-29,-22,4,-8,-6,4,-29,9,-9,20,0,13,-13,-6,-10,-29,-2,26,-12,4,-11,-14,-3,-33,15,-9,-5,-1,-10,9,-9,48,-19,-2,-8,-16,-6,-27,11,-20,-6,-6,-10,4,-3,39,0,8,-6,-6,-11,-25,-12,-5,-29,-37,-24,-22,-5,-24,0,286,-1547,3338,1507,-528,1410,-145,21,-1,0,-1,0,-2279,330,-157,-105,0,-38,-50,4,-671,-450]]]
1256529	p	1271885
1267588	r	78.3464,27.6748,79.0157,28.0279	[[[783464,277138,158,-390,1436,50,-19,52,92,79,50,6,-115,127,207,184,-164,159,16,5,81,58,44,33,21,27,48,-3,26,17,26,50,10,9,2,12,-54,55,-54,32,136,123,63,-10,47,49,76,-68,0,-22,11,-23,59,-69,19,10,6,-4,22,20,51,-26,30,33,57,-33,70,0,49,43,16,-12,10,1,31,-49,-1,-1,23,-35,-33,-20,24,-30,-20,-25,39,-40,61,-45,-8,-25,5,-2,1,0,7,-3,57,18,110,-42,23,8,41,-10,73,11,96,79,87,-34,22,-68,77,-56,77,32,45,52,41,-9,38,-51,-42,-34,-6,-40,102,-150,-34,-11,-15,-59,44,-63,-5,-146,3199,111,-825,1495,-38,32,-118,-2,30,31,-21,2,-15,63,29,29,2,41,-685,228,2,7,-76,56,-21,28,-14,-17,-41,-24,-73,25,-1,11,42,53,86,75,25,49,71,52,-45,72,-110,46,-100,57,-46,14,-67,122,-117,36,-41,-46,-112,24,-7,-17,-95,36,1,36,-20,19,-99,23,-83,-146,-52,65,-27,21,-41,6,-38,-21,-68,69,-36,-21,-72,31,-17,1,-28,46,-21,12,8,19,-9,10,6,13,-14,7,0,14,-41,4,-8,6,-27,43,-38,35,-15,88,-90,45,-67,6,-39,12,-138,5,-100,26,-67,52,55,27,9,26,51,18,12,8,-7,4,-121,-18,19,-20,-48,-1,17,15,-72,41,-91,7,-78,93,-45,-32,-64,-87,-74,34,-71,-45,-51,2,-37,-33,14,-41,-11,-23,-2,-49,26,-27,-42,-18,-9,-17,18,-24,17,-43,0,-27,29,-4,18,-31,-59,-48,-6,-10,-6,3,-49,-38,-72,-92,54,-57,-191,-147,3,-10,67,-47,-39,-39,-66,-84,-93,-87,-11,-14,-7,-29,-97,-28,-26,-4,-71,26,-19,-15,-26,-30,62,-75,-100,-29,-25,-3,-27,-11,-62,-88,-7,-38,-12,-10,6,-20,-44,-34,-5,-12,4,-10,0,-9,-11,-5,10,-16,0,-22,-6,-4,5,-8,-16,-8,-56,-67,-37,-8,-15,9,-13,-11,-7,1,-9,-12,13,-36,70,-21,142,-103,-39,-35,-35,-58,17,-8,-3,-8,9,-9,24,6,27,-10,-5,-27,17,-5,5,-9,-16,-4,-13,2,-3,-7,12,-20,-2,-16,22,-17,-8,-40,8,-3,12,11,15,-22,-11,-15,-17,-13,-29,-37,-25,-49,-85,-27,-17,4,-136,53,-10,12,-53,13,-42,17,-16,8,-1,-1,-28,11,-83,-3,-89,100,25,27,-117,74,2,81,-68,-12,-94,21,-82,68,-62,-11,-64,23,-25,-38,-5,-125,-64,-23,-142,-138,-55,-130,-159,-163,31,-77,-18,-94,57,-209,-164,-31,-35,-20,-42,-293]]]
1267090	n	72.3804,22.2437,72.7972,22.5392	[[[723804,223124,6,-225,47,-210,82,24,261,135,247,130,41,0,42,-137,64,2,15,59,138,-6,17,218,86,40,-16,29,74,94,13,-22,-1,21,144,27,4,-22,45,10,-13,-62,194,-29,-24,8,9,19,107,-9,53,-97,95,51,-48,54,9,71,-19,0,-19,78,-35,25,-52,-28,-11,23,134,83,85,-38,-18,-42,39,-40,61,4,-1,85,59,67,39,-15,-20,-57,22,-45,128,-118,-57,-44,23,-99,-74,-57,32,-108,454,-109,20,38,167,-61,137,3,42,-37,425,-102,190,-135,44,-77,11,-8,265,-46,288,132,118,77,-292,787,-1646,1608,-40,-33,-27,17,-78,-23,-119,35,-46,79,25,34,-12,63,-61,-13,-2,192,-826,-314,-188,-130,-177,-149,-160,-165,-142,-178,-122,-190,-102,-201,-80,-209,-34,-127,3,-1,2,-1,9,-5,3,-2,75,-40,19,-20,18,8,109,-133,-31,-205,-168,-107,-78,-99]]]
1266366	r	93.6786,25.2171,94.6264,25.9394	[[[936786,254227,20,-30,197,-249,214,-238,231,-223,247,-210,261,-194,275,-179,282,-159,3377,-573,217,32,330,70,323,89,316,108,308,127,298,144,287,162,275,179,261,194,247,210,231,223,214,238,197,249,178,260,160,271,139,279,119,287,98,293,77,299,55,302,33,306,11,306,-11,306,-33,306,-26,141,-5888,1825,-4,-1,-136,17,-45,-14,-2093,-3081,-1133,-1667,-109,-405]]]
1260546	r	74.7979,17.1675,75.6243,18.1617	[[[747979,176282,16,-152,57,-331,79,-327,102,-322,110,-280,77,39,72,110,108,89,29,177,-55,194,-1,119,103,28,98,94,37,100,-7,223,83,76,45,81,126,91,43,-81,137,-27,-77,-180,-1,-181,41,-49,38,-3,221,129,65,-17,96,29,28,-102,-26,-154,235,-213,-34,-68,-221,-148,-78,-22,-96,11,-46,-111,61,-47,26,-64,130,-72,96,-162,-13,-41,33,-45,86,-25,84,94,200,91,166,110,67,12,74,-74,36,-189,-92,-224,18,-287,-123,-102,-169,60,-17,-59,-62,-10,-31,-141,86,-60,50,-178,-375,-233,-24,-113,27,-97,-77,-189,132,-118,271,-213,284,-196,298,-177,160,-82,-18,80,34,107,92,43,92,-20,8,-44,35,-10,122,-10,102,21,77,-24,143,22,330,-65,93,131,42,176,107,26,23,-70,94,-22,114,-66,188,30,17,-17,-78,-149,1,-236,-39,-37,-133,-40,-77,-101,78,-152,219,-45,229,36,10,-134,260,-25,90,-3,9,29,-65,107,-141,133,-14,44,24,111,44,66,47,14,218,35,139,-6,54,187,309,-38,59,-220,-27,-69,2,-150,69,-2,294,116,-29,102,69,187,2,118,101,214,48,22,83,-8,96,-97,225,-43,40,-84,352,-23,151,60,27,63,99,67,1,51,98,110,132,38,94,71,125,40,156,122,106,21,94,201,0,9,-31,178,-128,13,-154,62,-65,309,196,55,95,53,98,4,-63,281,55,26,18,67,91,4580,-4782,2716,-175,-63,-254,-352,88,-9,167,0,150,36,125,-12,68,-68,0,-62,-88,-83,-147,-48,-45,-51,-55,-154,-200,-10,-144,-43,-99,-127,-20,-133,-43,-61,-274,-138,-51,-112,-190,-243,-69,-210,8,-30,173,-138,120,8,62,23,36,46,91,212,92,26,185,-66,58,18,52,190,50,47,114,-40,51,-180,57,-80,-180,13,-20,-36,17,-28,110,-45,14,-34,-39,-63,-92,-43,-53,-93,-54,6,-89,74,-154,-49,-17,-44,77,-100,-48,-49,-110,-48,-150,107,-50,-3,-68,-71,81,-117,-5,-51,-138,26,-127,-109,-60,17,-24,120,-309,80,-208,-5,-71,36,-997,-1381,-575,-1448,-36,-90]]]
1267911	p	1268782
1264326	n	71.5468,21.0078,72.0037,21.3121	[[[715469,211747,91,-103,-13,-52,158,-24,71,-92,41,11,-2,-36,38,13,6,-27,44,17,36,-103,122,-38,8,-84,57,-22,32,-85,70,7,48,-171,-21,-12,55,-70,-28,-21,8,-128,-25,-27,-55,-8,-12,38,-116,-35,19,-147,21,-14,9,31,122,54,97,-9,35,-67,8,-90,-29,-50,41,-115,254,27,-18,-34,65,-110,20,-93,108,37,163,98,179,108,126,-14,135,-31,193,47,256,152,71,59,20,56,150,97,97,31,6,-2,1033,584,461,23,28,6,6,8,174,61,47,2,58,29,-34,127,-79,209,-101,201,-122,190,-140,178,-159,165,-175,149,-190,132,-202,114,-195,86,-1385,140,1,0,-5,1,-21,-3,-229,-54,-222,-75,-214,-95,-202,-114,-190,-132,-175,-149,-159,-165,-140,-178,-122,-190,-101,-201,-7,-18]]]
1256259	n	72.9238,20.0645,73.2178,20.3598	[[[729238,202683,169,-214,290,-129,58,-147,-131,-93,-25,-92,26,-180,151,-29,-43,-87,1,-142,-121,-206,26,-96,53,-29,22,-91,59,-21,22,29,129,19,35,142,-11,59,30,47,50,-17,38,-54,48,-7,3,-55,-120,-70,18,-101,80,-44,51,-113,75,-59,18,-60,52,-31,116,-144,116,-23,7,282,25,59,72,1,239,-81,173,-12,31,-115,47,-37,32,21,44,-12,7,38,47,-10,14,46,49,-13,54,48,2,-15,153,107,174,149,158,165,19,24,-6,2,-16,201,42,148,169,-9,40,21,79,185,-8,26,-120,23,-123,89,-115,-35,-47,45,-51,8,-31,36,2,55,-105,-100,-55,50,-65,-17,-89,32,3,24,-42,-24,-5,-132,73,-100,12,-53,-60,-66,-70,30,-86,-45,-48,-72,-1,-79,-49,33,-104,-2,-79,36,-41,96,-85,32,-49,-168,-31,-8,-100,66,21,149,-28,161,-112,78,150,271,65,26,173,-41,85,18,23,41,-7,63,166,183,125,39,40,128,58,-16,54,21,16,96,41,60,31,8,28,-72,45,-27,79,35,7,52,-9,217,-63,-22,-75,81,-44,8,-185,9,-41,-135,-163,1,-79,-27,79,289,35,41,-77,154,-76,91,-69,-13,-9,-159,-53,-114,-67,-75,-101,54,-172,-43,-76,11,-36,-56,-22,-277,-23,-16,-65,-6,-104,30,-6,160,-88,30,24,-203,-48,-25,-50,25,-198,-29,-5,-102,37,-71,-94,0,-285,214,-214,-147,-9,-103],[729864,202211,16,139,178,23,70,-45,-11,-161,-121,-25,-96,12,-36,57]],[[729497,203159,17,-2,43,-56,66,-36,60,68,293,129,36,95,-27,60,-80,6,-8,48,-400,-312]]]
1277643	r	82.9825,20.226,83.9975,21.0814	[[[829825,207000,11,-313,33,-311,54,-308,75,-305,97,-299,117,-293,137,-285,156,-276,176,-265,193,-254,211,-242,30,-31,4432,-1558,15,2,328,51,323,71,318,90,311,111,302,129,293,147,282,165,270,182,257,199,242,214,227,228,211,242,193,254,176,265,156,276,137,285,117,293,97,299,75,305,54,308,33,311,11,313,-11,313,-33,311,-54,308,-75,305,-97,299,-117,293,-137,285,-156,276,-67,101,-1876,336,-3356,601,-2152,386,-33,-22,-257,-199,-242,-214,-227,-228,-211,-242,-193,-254,-176,-265,-156,-276,-137,-285,-117,-293,-97,-299,-75,-305,-54,-308,-33,-311,-11,-313]]]
1261631	r	85.2383,24.6544,85.8914,25.052	[[[852383,250102,6,-31,92,-3,33,148,-1,1,-81,-43,-49,-72]],[[852587,250228,52,26,20,-31,56,10,-13,46,233,-20,1,-26,15,30,70,13,126,-34,38,-151,99,-13,2,38,93,20,10,63,123,5,19,-60,-29,-2,-27,-74,49,-57,37,-141,50,-26,219,73,-38,-107,-72,-83,35,7,145,-126,-27,5,-21,-59,-114,-91,33,-111,52,-7,2,-65,-69,-6,-16,-41,16,-133,31,-19,-22,-75,27,0,1,-24,-75,-52,-74,-7,-24,-91,15,-29,-179,26,-42,41,-112,-62,36,-111,54,-31,-10,-80,-132,-30,-42,17,28,-90,-32,-27,-3,-64,-98,-91,-58,11,18,-87,-43,-72,21,-72,-30,-84,-31,-16,-68,-170,-58,8,-27,33,-11,-9,71,-369,69,-11,-12,-73,27,16,66,-15,-9,-146,150,34,8,24,29,-9,39,-23,-18,-69,62,-83,9,-143,-60,-41,-20,-44,-2,-52,175,-202,4892,-93,22,22,161,179,148,188,134,197,119,204,38,77,-46,689,-2323,2420,-3868,-217,-80,-42,-10,-33]]]
13156961	p	1275971
1256671	r	77.2362,29.2524,77.5117,29.6736	[[[772362,294928,24,-13,12,-46,18,-17,78,-14,6,-9,-4,-25,18,-10,17,3,5,8,12,-1,5,16,7,0,42,-37,3,-21,28,-5,-8,-31,7,-4,-29,-33,-31,-10,-36,-1,-31,7,-17,17,-71,-91,-23,-13,-13,-19,-17,0,-2,-6,45,-29,58,-54,27,1,9,-25,127,-60,1,-18,39,-21,-1,11,-19,24,19,16,17,35,44,-36,16,-28,23,7,45,-14,-32,-39,-134,-76,-29,-34,-18,-11,38,-50,33,-13,79,-68,96,-32,24,-1,52,-39,11,-17,6,0,4,-14,44,-11,-22,-33,5,-18,-13,-6,-14,-43,-5,-26,19,-4,-13,-46,1,-1,-7,-27,-3,-7,-21,-19,-11,6,-19,-1,-17,-24,-21,4,-13,-17,-9,0,-29,-64,-16,-17,-13,-27,4,-16,37,-14,50,-32,24,0,0,-14,21,5,27,-3,5,-19,78,-35,23,-21,-12,-10,2,-2,-2,-3,-39,-24,-22,-26,28,-12,14,-14,-40,-30,13,-8,-6,-21,34,-16,-5,-17,-17,-13,43,-21,22,-22,10,7,22,-10,4,5,7,28,22,41,-12,3,10,16,403,-641,1162,-144,442,947,-49,826,-306,90,-200,20,78,110,-81,45,-7,-7,-19,8,-35,32,-15,7,-70,54,4,44,4,5,28,22,-22,46,28,24,46,62,-3,13,62,85,5,54,43,11,22,1,20,10,3,1,2,1,5,3,34,49,-5,39,5,6,-6,2,0,4,-171,84,43,38,49,59,-14,26,33,45,69,-23,36,6,8,7,22,7,39,95,-36,64,16,79,146,13,11,11,27,47,-133,84,-11,2,-4,3,-1,3,37,29,18,-1,71,71,10,23,-20,11,12,29,31,41,22,17,20,-8,5,13,-106,71,2,26,-13,1,-9,19,-14,3,45,54,-60,25,-40,1,3,37,18,33,-10,17,19,30,-21,21,30,34,-12,40,4,33,-47,34,30,37,7,35,-59,27,-28,-15,-27,-5,-12,5,-5,25,-8,0,-12,-28,-32,-3,2,16,-22,16,-54,64,-1,15,-31,11,-52,44,-18,-1,-33,-25,-38,-12,-23,0,-18,-70,11,-4,-25,-60,-32,-44,6,-28,-17,-23,-48,50,-48,18,-79,58,-39,-42,-40,-24,-21,0,-20,19,-13,3,-6,10,-23,-22,-21,1,-69,-73,-49,-3,-38,18,-20,17,-18,1,-11,14,-104,31,-27,-27,-23,-10,-2,10,-33,18,-19,-25,1,-32,-13,-13,-87,57,-83,-88,-29,26,1,13,-12,0,-52,51,-27,7,-54,28,-70,12,-5,-15,22,-27,-53,-20,-4,-20,-27,1,-30,-23,-25,-21,-3,-12,-24,-14,-24,-32,-104,-41,55,-49,23,25,47,-43,-81,-116,188,-121,11,-34,0,-124,-110,-94,-44,-62,-9,-20,9,-18,-44,-35,14,-20,-29,-45,-20,-76,-133,38,37,90,-11,7,-105,11,-10,15,2,36,-15,0,-14,-25,-121,-64,-24,-71,-7,-62,13,-19,-10,-32,8,-13,16,-6,-35,-57,-11,-7,19,-18,-12,-12,19,10,16,-9,8,-52,-20,-23,29,-16,24,4,22,-38,7,-50,-34,0,-22,-21,15,-13,-13,-16,-17,13,-9,-25,-20,13,-22,-49,-1,-10,9,-3,-74,-114]]]
1268977	r	83.8149,21.6419,84.3616,22.1885	[[[838149,221332,1311,-2561,2,-78,25,-86,1,-84,-39,-188,1,-77,-13,-32,1,-99,39,-33,37,41,14,6,16,-3,23,-21,59,-83,108,103,32,17,0,19,827,-1615,1685,-110,450,-29,15,15,146,166,134,175,121,183,109,189,95,196,81,201,66,206,53,209,37,212,23,214,7,215,-7,215,-23,214,-37,212,-53,209,-34,107,-1034,1505,-9,7,-178,137,-187,125,-195,113,-203,102,-210,89,-215,75,-220,63,-224,48,-227,35,-229,22,-230,7,-230,-7,-229,-22,-227,-35,-224,-48,-220,-63,-215,-75,-210,-89,-203,-102,-193,-112]]]
10263300	p	1273294
1274868	r	74.7604,20.0707,75.3309,20.7496	[[[747605,205301,64,-76,42,-150,35,-7,57,32,37,-125,-132,-249,38,-25,185,81,54,-63,3,-187,36,-74,120,-47,12,-17,9,-82,62,-15,130,-109,9,-19,12,-51,0,-35,-90,-15,-45,-84,135,-59,53,-84,49,6,33,-37,11,-64,-33,-38,3,-3,-2,-3,59,-60,-7,-122,46,-127,-13,-31,71,-9,-19,-95,12,-31,-5,-86,-84,-3,10,-156,-18,-107,-27,-12,118,-97,251,-38,170,-11,104,43,68,-47,41,-4,12,-6,22,3,47,-5,-18,-188,-199,-54,-84,0,29,-267,208,-17,14,-191,-17,-135,-8,-33,-50,-22,-6,-38,39,-41,-2,-74,46,-44,-20,-52,-213,5,2,126,-85,14,-29,113,-411,-6,3,268,-23,1,-7,74,34,164,-57,31,-203,20,-9,108,-76,5,-26,36,-112,-38,-51,-84,-53,2,-8,-18,-21,18,-58,-44,-60,4,-1,-35,8,-19,30,-4,144,42,-32,-21,-86,-151,480,-1153,366,-295,2803,863,1357,650,421,1439,-1068,1457,-11,-115,35,-57,-24,-4,-63,17,-4,11,-33,17,-89,5,15,-20,20,-51,-99,-1,-9,-1,-6,-10,-3,-108,17,-28,1,-14,-109,-3,-17,-22,-11,-1,-74,14,-30,17,-24,5,-116,-1,-18,-16,-9,-25,-119,33,-2,174,35,82,1,29,9,28,15,30,34,32,-104,11,-26,-5,-58,24,-56,14,-10,35,5,37,18,37,52,-1,19,10,3,137,-11,10,12,9,14,29,1,20,-51,31,-9,30,2,23,24,17,61,19,54,46,21,-17,123,58,58,-14,23,-1,18,10,1,21,-18,48,0,42,4,10,-1225,1670,-28,2,-417,-198,-1,3,-135,37,-25,-17,-67,35,-36,-50,-178,-100,-123,13,-7,-22,72,-42,-52,-81,60,-163,-126,-83,-27,-40,5,-64,-60,-75,-23,-81,-328,-6,-12,-67,-89,-71,-163,4,-31,-31,-177,-45,-122,19,-7,-59,-92,19,-83,-57,-99,46,-13,25,8,-100,-24,-364,-87,15,-53,-102,-30,-10,-11,-119,21,-119,59,-25,-30,-90,-14,-34,-70,-12,-63,-2,-1,-8,-49,-8,-158,7,-7,-73]]]
1253166	n	79.2604,11.812,79.6636,12.1583	[[[792605,119400,11,-222,33,-219,54,-215,76,-208,30,41,67,11,20,119,160,60,27,-8,35,-62,61,-28,11,-87,59,-29,130,31,67,156,30,-12,86,-59,8,-77,107,-110,2,-326,47,-36,968,315,-1,3,7,31,-10,11,-90,-4,-83,18,-4,11,8,18,-2,7,-20,6,2,18,11,71,24,14,17,66,-7,17,130,-2,293,-83,45,-34,64,-21,43,-8,1469,478,3,80,-32,-2,-4,-49,-146,0,-9,-56,-37,-12,-86,5,-26,16,29,152,-8,28,-91,45,-3,101,10,74,56,-1,39,18,7,87,-4,57,-23,46,7,45,-87,14,-3,10,58,54,6,61,-43,2,-25,25,-10,45,65,-3,31,113,-41,3,-21,-5,-6,29,15,112,47,8,36,38,-8,50,-33,76,19,5,29,-8,43,-17,31,-29,39,14,13,-1,86,-52,1,-17,-30,-20,-17,-101,-47,-101,-52,-5,-3,-30,36,-23,-6,-46,-18,-44,-12,-60,44,-14,3,-63,72,-28,-12,-99,4,-46,-53,7,4,-119,53,26,40,-12,8,52,38,-5,14,7,5,-68,17,-6,4,109,-33,38,0,21,6,5,22,-9,7,0,9,268,-7,2,0,89,-9,27,15,83,8,-1,12,352,-324,165,-14,-6,-64,3,-105,27,-121,5,-127,-17,-40,-57,-8,-77,-49,14,-94,39,-3,27,36,39,50,137,-50,3,-29,12,3,74,-15,42,-234,12,-28,13,-12,24,-25,15,-32,-64,-59,46,-87,28,-8,48,-44,87,-11,121,-833,424,-75,-19,-212,-75,-204,-95,-193,-114,-181,-132,-167,-149,-151,-165,-135,-178,-115,-190,-97,-201,-76,-209,-54,-215,-33,-219,-11,-222]]]
1278931	r	74.8394,20.7494,75.3172,21.2258	[[[748394,210563,4,-23,112,-19,21,-12,13,7,20,60,18,25,55,-67,259,-21,30,-123,16,-6,2,1,70,-22,91,-63,14,-49,27,-50,12,-45,28,-20,-14,-53,-9,-16,-10,-59,2,-64,12,-48,112,-112,-7,-63,39,-34,-23,-70,-67,21,-50,-13,-62,7,-7,-78,8,-124,13,-86,-2,-73,216,-13,-1,28,9,23,55,43,195,-338,14,2,0,-26,861,-1494,28,-2,2565,1745,80,879,-872,865,3,41,17,40,13,12,24,2,264,-38,173,9,33,18,25,61,95,-18,116,-47,28,-3,16,8,0,45,-14,36,0,28,16,21,23,-14,11,6,32,43,25,20,1,37,-1,21,-17,9,-68,3,-15,3,-11,9,2,27,67,32,19,22,5,17,-137,20,-138,73,-55,14,-78,-4,-121,-59,-51,-8,-107,10,-75,0,-137,24,-56,22,-80,43,-171,130,-50,85,-27,28,-67,28,-33,2,-46,-13,-33,-17,-65,-87,-56,-37,-7,-2,-7,7,-42,-20,-144,66,-45,10,-199,17,-92,31,-115,11,-151,-41,-116,1,-124,56,-24,13,-13,4,-17,7,-17,1,-53,14,-229,5,-52,25,62,27,-164,-44,-64,27,-92,90,-20,31,-4,-2,-10,12,-65,139,-48,48,-28,13,-31,2,-90,-12,-58,2,-63,33,-9,-8,3,-27,41,-55,22,-15,62,-10,24,-16,8,-35,-8,-24,-84,-33,1,-29,22,-15,84,1,16,-6,9,-10,1,-35,-37,-38,-21,-49,-162,-101,-16,-6,-26,-20,-56,-84,-52,0,-63,12,-66,-13,-45,-23,-28,-34,-121,-94,-49,-64,-18,-42,-5,-36,-22,-73,-8,-36,16,-94,-71,-53,-60,-27,-37,-46,6,-48,19,-33,14,-44,-43,-119,-89,-44,-144,-28,-1,-34,-12,-37,-49,-70]]]
1254780	n	75.4593,11.6765,75.7184,11.9565	[[[754593,117782,468,-510,247,-335,71,-172,1805,940,-1,17,-33,219,-55,215,-76,209,-96,201,-116,190,-134,178,-151,165,-167,149,-181,132,-193,114,-150,71,-39,-15,-702,-660,-1,-14,-25,-43,-1,-48,-23,-54,16,-48,-33,-74,-15,-19,32,-53,31,-12,1,-18,-8,-8,-26,4,-18,-17,-18,-6,-16,3,-38,-7,-52,-23,7,-54,-24,-51,4,-16,40,-15,10,6,18,41,40,0,41,-88,-7,-44,-14,-12,-36,35,-53,-1,-22,-7,-45,-45,-10,1,-9,11,-20,-3,-24,-30,-25,-5,-66,27,-23,2,-20,-9,-30,-45,-33,-74,-1,-23,25,-58,-7,-58,12,-93,-20,-50,-7,-12,-4,-1],[755266,117263,14,35,36,21,18,29,38,-4,19,11,9,109,-10,28,-7,6,-16,0,-5,19,-28,7,-8,10,2,42,-19,3,38,25,14,0,0,16,22,8,3,-17,46,-10,15,-38,-30,-160,-1,-44,17,-12,2,-15,44,-14,57,-36,8,-46,-3,-28,-11,-13,-18,-4,-30,-29,-99,-2,-10,-21,1,-24,-43,-8,-20,-23,-14,7,0,8,20,52,-24,16,-16,48,-11,48],[755284,117010,42,39,20,39,13,6,25,-1,43,-39,20,-9,-15,-39,-11,-6,1,-24,-20,-6,-24,-27,-19,-19,-25,34,5,8,-16,28,-17,12,-22,4]]]
1263694	p	1264154
10448053	p	1258980
1276901	r	70.077,24.6307,71.9465,26.5134	[[[700770,259468,62,-169,318,-482,393,-423,413,-324,184,-207,205,-553,147,-233,154,-104,391,-127,564,-111,251,6,18,-4,36,5,866,21,395,76,3,1,132,-6,630,253,391,-73,216,-269,36,-409,-47,-877,-62,-1145,79,-348,159,-210,401,-397,81,-251,45,-235,118,-200,335,-342,630,-498,172,-200,113,-239,334,-1375,219,-553,278,-525,602,-859,337,-875,197,-279,73,-102,-206,-135,-662,-294,-53,-90,1260,581,200,-177,699,-215,226,485,288,227,267,274,-42,6,-40,63,-17,64,5482,2523,737,1968,-9,88,5,3,28,57,142,97,50,87,-104,66,-32,55,69,23,105,95,309,131,5,115,119,247,-108,85,-69,10,-78,58,-37,52,0,92,-41,26,-359,21,-165,-317,-287,75,29,130,-11,156,-74,108,-35,162,18,83,-258,62,-155,63,-141,-175,-228,254,-98,70,-68,15,-120,-214,-32,-130,-110,5,-60,242,-140,297,110,37,149,-181,125,139,-203,156,-108,-50,-93,119,-177,-96,-113,64,34,138,-163,339,-28,108,40,131,121,71,225,77,46,57,5,72,54,60,178,123,107,34,18,33,-213,335,-16,64,32,27,112,77,50,-66,164,79,73,-20,123,90,45,-1,254,-125,172,140,8,107,128,135,-33,51,-174,115,-198,65,-546,104,-24,9,-115,46,91,161,181,553,-203,170,-102,-12,-32,40,-135,35,-88,90,-127,-83,-36,5,-120,68,-98,131,-37,-21,-37,32,-101,-27,-68,58,-11,70,-46,62,-49,10,-9,31,-93,62,-129,-46,-120,161,-26,43,72,53,256,152,29,41,28,-36,182,121,-1,115,-26,43,15,112,-109,102,-341,-226,-331,52,-78,-28,-122,70,-104,191,-1,60,-224,59,-354,-38,-25,117,-40,49,44,218,104,293,203,382,192,202,110,20,73,-20,-96,117,63,180,46,38,19,144,267,177,194,272,147,75,153,294,283,144,139,291,176,266,117,-57,454,287,141,60,233,298,57,139,9,0,9,19,-55,120,-132,125,-220,116,-141,57,-164,-49,-28,-56,-84,17,-157,77,-154,131,-95,5,-114,124,86,129,-76,34,-17,41,-14,248,-78,189,-41,64,-49,-21,-119,149,-129,61,-215,-76,-163,-97,-221,-30,-97,-170,-218,-115,-196,156,-75,310,-127,91,-123,-168,-54,4,-114,-63,-89,-129,-96,-75,-110,-24,-210,-151,-159,-68,-139,-105,-117,-147,-101,116,-96,33,-6,168,-81,58,-20,56,-130,28,-453,-110,-254,-133,5,-71,-85,-30,-70,-137,-115,-48,-51,-89,91,-185,-110,-155,-139,-278,-162,-198,-70,-143,-67,-43,-41,1,-13,31,-38,-51,-188,79,-167,26,-150,92,-167,-99,87,-99,29,-80,-149,-112,-130,-23,-165,18,-152,-31,-97,-49,-31,-151,-453,-117,-39,-39,-18,-76,-93,-88,25,-41,224,-37,110,4,44,-32,78,13,17,28,55,-22,141,41,51,-101,-14,-136,108,-88,92,-140,27,17,51,-57,-8,-60,53,-193,66,-79,-260,-260,-77,31,-176,-39,-188,-111,-202,-76,-31,-89,-60,-54,-106,-8,215,-265,62,-192,-41,-99,-60,-58,-48,17,-42,74,-75,23,-26,71,34,149,-253,250,18,22,-182,235,-168,126,-162,168,-115,-14,-135,43,-612,62,-321,60,-73,-46,-149,152,-165,87,1,107,91,188,-39,149,-99,-28,-195,24,-26,21,-205,-140,-95,-14,-280,-1,-201,47,-167,10,-310,-43,-341,-191,-248,-64,-331,42,-46,29,-250,-15,-58,-30,-25,18,32,77,-55,29,-14,57,-165,51,-169,-219,-72,-42,-64,-123,-145,-171,-126,-28,-182,104,-327,-55,-90,110,-49,0,-77,-47,-64,31,-21,91,-151,-27,-41,-28,-149,-225,-137,-154,-58,133,-153,133,-239,81,-300,-27,-55,47,-451,-573,-105,-170,64,-613,21,-19,21,-172,-23,-34,54,-433,-220,-80]]]
10263050	p	1273294
11500547	p	1273865
1257198	n	74.2346,28.2206,74.7454,28.6661	[[[742346,284400,12,-222,37,-219,61,-215,84,-209,108,-201,128,-190,150,-178,168,-165,186,-149,201,-132,215,-114,227,-95,236,-75,135,-30,2636,827,94,111,128,190,67,124,204,607,19,113,12,222,-12,222,-37,219,-61,215,-84,209,-108,201,-128,190,-150,178,-168,165,-186,149,-201,132,-215,114,-227,95,-236,75,-243,54,-248,32,-250,11,-250,-11,-248,-32,-243,-54,-236,-75,-227,-95,-215,-114,-201,-132,-186,-149,-168,-165,-150,-178,-128,-190,-108,-201,-84,-209,-61,-215,-37,-219,-12,-222]]]
1257486	p	1279233
1257794	r	87.305,24.7159,87.992,25.4425	[[[873050,247246,1875,900,5,-3,-4,-64,27,-10,5,-43,83,-21,5,-24,59,22,54,-27,7,48,113,-22,114,24,-41,214,47,-7,114,70,38,-10,-5,-53,65,-61,74,-35,7,-44,54,-13,49,29,49,-22,93,24,47,-36,77,3,153,-119,5,-24,-65,15,-179,99,-69,-23,34,-83,-97,-37,67,-9,72,30,-9,-47,99,-10,14,-70,27,-22,114,70,16,-67,-21,-20,70,-7,11,-31,89,-33,100,-16,60,3,6,17,75,-99,74,54,79,-39,-12,-46,61,-35,-14,-48,48,-58,54,42,36,-2,113,-70,47,16,-8,-97,33,-18,211,351,58,-5,18,32,45,3,60,-26,-20,-27,-54,-8,-31,-60,210,-91,92,0,14,53,47,-8,47,50,149,-276,-58,-36,31,-94,95,29,0,83,32,5,163,-38,10,37,69,15,68,-22,17,-42,43,-18,35,14,2,45,-82,89,5,70,-98,62,-28,58,-82,10,-46,24,1,27,65,94,38,-2,10,23,21,-22,22,165,39,37,45,-8,14,-37,-19,-79,-42,5,14,-125,8,22,51,6,90,-66,116,84,-19,21,34,-8,38,33,9,37,-33,8,41,114,-11,30,41,17,5,-48,39,-11,33,157,-9,26,-61,4,-2,96,-42,23,-11,44,61,9,-1,-31,27,-8,50,78,22,-11,-24,-51,35,49,-3,-45,23,-8,35,38,56,-44,36,16,6,36,-37,1,-16,30,27,140,-75,114,54,18,6,38,194,229,370,245,71,131,-12,69,32,55,-38,163,-8,187,-177,214,-178,97,-233,62,-407,462,1333,2459,-1276,1436,-3753,-760,125,-155,133,25,108,-53,-14,68,23,10,33,-84,-28,-50,143,-120,103,19,-16,-81,-26,-19,-48,-274,2,-141,-104,-7,-149,127,-159,-6,-76,149,-4,-8,-4,8,-31,-97,-37,-3,1,-5,-4,-1,13,-97,25,-67,85,-40,-31,-53,50,-44,-17,-37,18,-32,-100,16,-131,-209,-1,-15,-11,-18,2,-51,-3,-19,18,-359,-153,6,-7,26,-26,-7,-368,172,-107,12,-1,39,-78,30,-28,54,-89,10,-47,-56,-40,17,-81,-94,-34,-89,-118,55,-255,48,-15,69,-54,3,-94,-284,29,-52,-53,-94,-15,-106,52,-49,-53,-49,-24,-118,-38,-2,-28,-54,9,-47,-13,-31,0,-4105]]]
1260387	n	78.3623,9.3239,78.8152,9.7761	[[[783623,95500,11,-222,32,-219,55,-215,75,-209,96,-201,114,-190,134,-178,150,-165,165,-149,180,-132,191,-114,203,-95,210,-75,217,-54,221,-32,223,-11,24,1,1155,1337,1073,1241,-18,123,-55,215,-75,209,-96,201,-114,190,-134,178,-150,165,-165,149,-180,132,-191,114,-203,95,-210,75,-217,54,-221,32,-223,11,-223,-11,-221,-32,-217,-54,-210,-75,-203,-95,-191,-114,-180,-132,-165,-149,-150,-165,-134,-178,-114,-190,-96,-201,-75,-209,-55,-215,-32,-219,-11,-222]]]
6989891	p	1274746
1254385	p	1272013
1258744	n	77.0116,12.462,77.5082,12.9461	[[[770116,127642,136,-11,7,36,86,21,91,93,67,-275,-14,-32,185,109,92,-127,39,9,31,-37,-108,-386,1,-147,8,-44,20,-2,-20,-42,66,-45,172,-7,17,-22,12,-428,28,0,15,-28,120,10,57,-50,1,-42,-115,-33,-29,-78,19,-117,42,-2,27,-145,116,-121,-7,-166,-77,23,-56,-23,0,-103,61,-19,47,-57,20,-36,-23,-85,67,-47,-11,-209,-67,-133,15,-42,76,-10,50,-130,92,-42,106,135,70,-5,33,103,78,-27,23,-33,196,39,24,73,57,1,-1,-54,75,-1,32,71,57,-7,19,111,137,-27,8,-105,-26,-31,-102,32,-3,-151,43,93,54,-3,10,-134,72,0,2,-2,804,1466,-2492,2163,-108,-79,-168,-149,-151,-165,-135,-178,-70,-114]],[[770787,128294,2453,-2130,1842,1317,-24,160,-16,63,-1527,1644,-47,16,-219,54,-223,32,-226,11,-226,-11,-223,-32,-219,-54,-213,-75,-204,-95,-194,-114,-182,-132,-167,-149,-152,-165,-134,-178,-99,-162]]]
1272045	n	77.2611,15.5453,77.7134,15.9938	[[[772611,158475,1563,-1939,28,-14,1,-21,845,-1048,207,29,222,54,216,75,207,95,196,114,184,132,170,149,154,165,136,178,118,190,98,201,77,209,56,215,33,219,12,222,-12,222,-33,219,-56,215,-77,209,-98,201,-118,190,-136,178,-154,165,-170,149,-184,132,-196,114,-207,95,-216,75,-222,54,-138,20,-22,-134,61,-127,36,-4,-18,-207,-41,-185,-144,49,-324,15,-159,60,-231,79,-141,-56,-114,14,-250,-38,-91,72,-115,25,-175,-3,-69,-50,-170,-149,-154,-165,-136,-178,-118,-190,-98,-201,-33,-90]]]
1253437	r	78.3591,12.4484,78.9323,12.8662	[[[783591,127242,428,-951,109,-25,30,29,113,58,64,-56,246,0,68,-58,68,80,-12,129,40,28,72,14,39,-2,64,-35,52,-91,2,-42,14,-27,178,-115,90,-48,21,-31,18,-6,17,17,15,-6,13,-15,0,-31,64,2,37,25,46,13,50,5,122,-23,93,49,24,33,-7,51,16,76,-32,63,8,16,73,53,33,-5,26,-46,38,-3,15,-11,8,-36,35,-27,12,-55,-4,-73,98,-1,57,70,61,61,106,13,51,-71,10,-22,7,-49,317,24,19,38,10,3,40,-16,45,-43,75,-117,77,-93,18,-40,-58,-103,-37,-87,50,-37,53,-25,1,-82,-47,-84,-39,-39,-67,-48,-65,-23,-54,-4,-19,2,-60,64,14,37,-11,27,-102,-3,-16,-7,-4,-29,6,-20,-10,-21,-175,-47,-30,14,-47,1,-54,-10,-9,-25,2,-29,28,-44,14,-83,114,-149,-12,-56,80,-44,26,3,65,27,28,-1,48,-21,33,-4,28,-12,28,-25,-88,-206,-15,-161,40,-62,35,-18,35,-3,54,19,53,50,39,78,52,46,52,90,64,64,26,9,38,-3,30,-34,49,-104,44,-55,60,138,18,29,17,15,50,84,32,31,34,15,33,5,45,5,75,-4,29,28,41,76,32,173,27,44,76,23,87,14,157,-8,25,4,27,59,24,65,10,53,-7,29,-18,20,-8,28,15,30,47,27,10,15,8,22,-4,99,30,26,43,57,21,71,29,34,92,209,-35,15,-8,13,-3,18,25,138,-18,35,-4,45,-78,-23,-69,-2,-54,-27,-49,7,-51,36,-137,105,-39,53,-21,45,-29,27,-29,40,-71,129,-59,23,-79,-7,-78,-21,-63,-40,-49,24,-93,20,-37,21,-69,22,-22,29,-10,25,-69,83,-26,64,27,32,31,12,75,6,8,20,-16,16,-63,2,-61,-19,-34,-4,-59,9,-9,-34,2,-37,-147,113,-32,15,-37,2,-6,-20,-20,-25,-106,-87,-26,-38,-90,-6,-23,22,7,33,23,18,12,54,-27,43,-32,30,-32,-22,-46,-57,-113,-179,-79,-64,-56,-2,-1,15,45,58,38,167,4,84,-23,32,1,30,18,-5,44,-40,45,-7,75,7,4,29,-16,7,-32,46,-36,19,-106,24,-47,23,-40,51,-78,147,-50,79,-24,26,-38,12,40,131,4,132,-813,642,-178,62,-1347,-1420],[784907,126738,89,28,-66,-27,-23,-1],[784932,127471,119,-41,-49,5,-22,19,-8,-6,-40,23],[784999,126797,40,20,-12,-12,-28,-8],[785029,126919,39,1,6,-3,-1,-14,-44,16],[785029,127166,8,-20,-2,-12,-6,32],[785034,126899,7,-18,-5,-14,-2,32],[785037,126854,4,-1,-1,-18,-2,1,-1,18],[785048,127248,16,-4,-4,-19,-12,23],[785070,127374,68,-29,-16,-5,-52,34],[785072,127230,5,11,19,0,-24,-11],[785072,127125,50,-49,-25,15,-25,34],[785128,127326,10,19,-8,-32,-2,13],[785135,127083,10,6,1,-9,-11,3],[785137,127254,46,-3,-12,-7,-34,10],[785171,127104,27,15,-9,-15,-18,0],[785174,127147,30,39,-7,-31,-23,-8],[785183,127251,8,111,1,-48,-9,-63],[785250,127165,4,2,-4,-11,0,9],[785295,127066,6,38,6,-75,-12,37],[785301,127104,21,13,20,-10,-41,-3],[785310,127145,28,-5,-17,-1,-11,6],[785338,127140,22,17,-1,-2,-21,-15],[785360,126909,11,-1,-9,-4,-2,5],[785378,127106,10,-4,12,-22,-22,26],[785400,127080,12,15,33,10,-45,-25],[785549,127072,19,-38,-8,-31,-11,69],[785552,127392,86,-15,3,-14,-89,29],[785562,127426,42,16,-9,-13,-33,-3],[785562,127078,55,28,0,-10,-18,-10,-20,-8,-17,0],[785568,127570,47,44,-44,-43,-3,-1],[785571,127233,70,130,-35,-93,-35,-37]],[[788191,125338,952,-217,180,159,-884,697,-204,-436,7,-75,-51,-128]]]
1265891	r	77.674,8.8824,78.3137,9.342	[[[776740,91377,2,-104,23,-62,-2,-90,5,-27,78,-56,34,-12,56,-9,114,10,0,-289,-3,-2,-11,-23,6,-59,-19,-29,1,-8,40,-33,57,-79,-71,83,0,-178,-17,-2,-8,-52,-58,-15,-25,-25,1,-15,14,-28,5,-74,-8,-16,-65,-43,-5,-12,-8,-31,15,-86,43,-5,77,5,54,15,157,-2,-172,-7,0,-255,156,-58,14,77,-12,-96,-9,-21,-34,0,-122,17,-22,46,-15,11,-59,82,-25,98,-19,24,-35,6,-95,-57,-10,-29,3,-61,18,-73,20,-19,3,-46,46,-61,28,-10,27,-28,5,-18,-7,-100,18,-116,29,-50,142,-25,218,-3,56,-6,0,69,7,7,48,3,25,-1,18,-12,3,-14,95,-15,44,-15,5,-12,0,-53,27,-9,3,-100,-9,-81,-26,-90,4,-25,10,-16,70,-52,103,1,88,-7,7,52,-17,35,10,27,28,43,9,41,14,13,35,2,37,17,18,-18,34,12,16,-8,49,10,22,13,25,-12,30,31,3,26,-15,24,13,33,14,18,7,64,23,6,11,-14,10,5,6,9,-10,34,6,10,98,0,3,10,2,11,-21,16,13,64,-6,34,14,36,-44,24,-4,23,-23,24,-2,17,1,22,32,83,16,7,72,-5,30,35,49,4,11,8,2,16,219,0,31,14,109,8,24,-18,70,-1,43,-16,13,4,5,11,-29,19,0,48,10,31,4,60,71,2,19,-12,54,-2,73,1,15,14,27,0,-2,14,-12,12,14,12,1,12,-11,18,17,21,-4,34,37,40,-1,23,16,1,36,-12,14,2,14,22,91,18,50,0,23,10,6,23,27,8,17,37,68,18,32,24,20,0,19,-9,17,12,-41,57,-9,30,-40,8,-11,14,-1,79,11,10,6,74,12,31,-9,9,-19,0,-23,-2,-42,-18,-38,-2,-19,18,-16,31,3,19,9,43,14,16,22,7,7,13,-13,37,-35,31,-11,28,-24,32,-8,29,-24,8,0,24,-32,24,-75,-10,-47,-26,-34,-1,-19,36,5,12,24,5,6,14,-2,26,-12,22,11,13,-5,32,-19,6,-2,12,13,14,-8,16,-34,25,-27,31,-46,13,-23,42,14,14,17,40,32,10,29,22,3,10,-10,16,14,10,-32,49,0,75,15,18,-1,14,-17,8,-74,0,-14,23,-3,18,11,14,3,21,-12,48,-4,231,23,-35,11,-5,17,1,30,29,37,12,14,-68,34,-21,7,-18,17,0,21,21,17,1,13,-10,3,-59,8,-15,21,44,14,11,29,3,12,7,83,71,15,16,-1,27,-28,47,-27,30,-1,20,-16,7,-147,-43,-14,-2,-10,6,-8,30,-57,36,-13,78,-7,10,-33,-24,117,120,34,89,147,-21,15,103,79,3,3,170,50,34,207,-4,165,62,50,-10,26,45,58,19,-34,92,26,243,-38,93,45,31,294,-9,-595,350,-1310,-285,3,-15,-22,-26,-154,4,-122,-27,-2,-5,-16,-8,-12,7,-1133,-246,0,-1134,-4,-4,-6,-19,-51,-28,-28,-4,-62,-48,-2,-37,34,-90,27,-35,38,-9,8,-11,0,-12,-36,-26,-13,-19,-58,-12,-71,23,0,25,-86,-1],[777121,90505,11,-31,-2,-15,-9,46],[777220,89781,22,15,-2,-4,-20,-11],[779169,92009,-42,-8,-112,27,154,-19],[777059,91784,6,-16,2,-65,-8,81],[777066,91031,32,11,68,0,-100,-11],[777208,91066,8,9,10,2,-18,-11],[777214,90726,131,-4,-53,-10,-78,14],[777245,91879,76,-8,-69,-3,-7,11],[777290,89899,10,-9,1,-27,-11,36],[777369,91865,18,-139,-12,53,-6,86],[777387,91726,17,-6,-10,0,-7,6],[777397,91058,13,-7,9,-50,-22,57],[777421,90905,4,-27,-3,-36,-1,63],[777422,90842,17,-16,6,-16,-23,32],[777427,90766,18,44,-4,-26,-14,-18],[777445,91630,400,18,-50,-12,-97,-10,-209,-1,-44,5],[778057,91784,110,-74,-97,52,-13,22],[778307,91690,81,-12,-47,-2,-34,14],[778388,91678,14,114,-5,-103,-9,-11],[778508,91863,13,1,-9,-5,-4,4],[778515,92237,6,83,9,-66,-1,-9,-14,-8],[778559,92154,22,-12,10,-14,-32,26],[778572,92476,6,5,7,-3,-13,-2],[778599,92038,3,-9,-2,-6,-1,15],[778635,92459,20,-7,-13,3,-7,4],[778749,92266,34,-60,-25,17,-9,43],[778749,92266,27,17,32,3,-59,-20]],[[782732,91419,196,-67,209,118,-303,178,-86,-158,-16,-71]]]
1260290	n	76.3122,18.6376,76.7674,19.0761	[[[763123,189396,2982,-3020,103,35,211,95,199,114,187,132,173,149,156,165,139,178,120,190,99,201,79,209,56,215,35,219,11,222,-11,222,-35,219,-56,215,-79,209,-99,201,-120,190,-139,178,-156,165,-173,149,-187,132,-199,114,-211,95,-219,75,-226,54,-230,32,-233,11,-233,-11,-230,-32,-226,-54,-219,-75,-211,-95,-199,-114,-187,-132,-173,-149,-156,-165,-139,-178,-120,-190,-84,-170]]]
1264292	r	78.6884,27.0011,79.2871,27.6339	[[[786884,272697,14,-19,60,12,76,-35,161,-18,83,-91,5,-67,87,-24,230,-172,-15,-103,-73,-105,-143,23,-103,-50,-11,-103,105,-40,31,-34,11,-22,-4,-7,14,5,9,-3,-2,-34,32,-10,3,-11,3,-1,2,0,10,2,7,11,16,-6,32,7,64,-16,90,-52,73,-75,25,-18,-2,-13,34,-5,43,33,59,-20,24,-19,35,-14,65,-65,38,21,11,-5,29,-20,37,11,25,-79,2,-3,28,-14,-9,-21,7,0,0,-22,12,-9,-13,-19,407,-1296,3038,-59,18,19,8,20,24,-8,107,9,29,-10,57,-34,6,-1,385,-7,591,3016,-17,-4,-17,-1,-11,20,-99,-8,-46,6,-20,15,-1,10,10,2,-3,6,8,7,-24,38,2,13,14,-10,9,8,-2,8,-23,19,21,6,15,27,-15,4,-19,-14,2,-7,-20,-20,-15,4,0,9,26,37,-34,27,-4,18,-12,-6,-11,10,14,2,3,7,-20,23,5,23,-16,-7,-4,16,-12,-11,-5,4,-20,-12,-11,6,3,15,-8,23,19,42,8,40,7,2,43,-20,24,-23,24,30,21,16,49,16,37,22,25,29,1,11,-16,24,-18,51,-91,49,-14,2,-19,-7,-38,43,-13,3,-20,37,-12,55,2,20,20,24,-24,32,-4,42,31,54,34,-1,66,37,41,41,16,-2,5,-28,26,-46,20,-17,17,-44,11,-4,-788,2351,-1099,118,-1816,-1767,-7,14,23,11,-34,10,-34,62,-170,65,0,-70,-42,-39,34,-61,-52,-8,-47,-44,-44,-62,-1,-75,-38,9,-71,-90,10,-24,-100,-94,-137,-71,30,-52,-14,-69,34,21,115,-82,-163,-254,-105,-118,-66,10,-40,-33,-71,42,-171,-85,-107,-12,-27,-110,-43,-18,-93,18,-114,89,-109,-99,-89,-33,-74,88,-91,35,-62,-16,-24,-26,46,-44,11,-129,2,-25,-29,-29,23,-12,-31,-47,8,-117,66,-25,13,-33,-34,-75,14,-25,-29,-36,-130,25,-141,-132]]]
1267084	r	76.3113,20.3033,76.7885,20.969	[[[763113,206713,71,-53,101,-7,-5,-21,41,-8,20,60,-21,50,47,88,101,-14,23,-41,-10,-60,47,-24,-14,-67,32,-34,46,-1,28,-52,-33,-25,-3,-30,-127,-32,-19,-160,31,-22,-48,-73,122,-23,16,-28,50,-11,-2,-116,-86,-74,46,-40,3,-1,15,-15,-26,-16,-27,-92,56,-69,46,-35,84,-126,28,10,58,-22,-41,-64,27,-335,134,-121,167,7,52,124,135,-21,21,25,13,-29,96,90,94,-221,246,-41,121,37,78,-23,14,-42,52,-25,42,10,-36,-116,55,-127,-10,-90,266,-107,88,9,-8,-31,61,-18,2,0,116,-8,28,-2,62,-120,132,-93,14,-44,-12,-67,-16,-17,1386,-1036,667,540,0,1811,-98,139,81,200,-141,34,81,115,98,12,14,81,-75,80,-200,-17,96,237,-205,36,69,162,33,26,-28,64,-403,-13,-48,4,-85,22,12,65,26,71,-148,24,-77,23,-29,9,-79,14,-2,22,-5,1,0,47,16,92,-32,5,-185,64,11,35,-2,62,-83,-5,6,87,-6,37,-20,43,-284,11,-28,-120,-75,-21,-8,-46,-83,-22,-26,115,-84,12,-68,19,-70,10,41,63,30,33,165,-39,4,20,172,16,-14,48,10,59,9,-1,8,73,1,124,-188,32,-99,-53,-6,-30,-114,18,-129,-11,-10,0,-123,5,1,31,-176,5,0,7,12,6,10,133,-1,97,14,33,6,0,19,55,7,27,-12,7,-2,2,10,28,15,-6,9,21,3,7,29,4,1,9,35,-1,17,-9,0,18,-9,18,-42,38,-21,19,4,6,2,3,-17,45,-37,28,5,54,-15,-3,-7,13,4,9,19,8,-9,12,-4,7,-1,17,12,21,27,24,6,5,13,32,-9,45,-13,4,-4,2,0,7,22,28,-4,15,-1,5,10,12,5,21,2,6,1,3,-22,51,-3,1,-14,5,-11,18,8,63,28,-5,67,4,-5,17,27,20,-19,16,-1,7,-5,6,-15,4,-3,16,-38,3,-10,22,-6,37,-36,19,-9,12,6,23,-23,7,5,16,17,-2,-550,775,-1470,-2623,10,-18,-22,-4,-81,-257,-69,19,-52,-94]]]
1264206	n	74.4679,26.8139,74.8972,27.2269	[[[744679,270400,12,-222,36,-219,60,-215,84,-209,105,-201,128,-190,147,-178,166,-165,183,-149,199,-132,212,-114,224,-95,233,-75,240,-54,245,-32,247,-11,247,11,245,32,55,13,0,2,-87,86,59,112,-27,103,315,50,121,118,59,153,-30,27,122,197,-46,89,10,91,30,59,46,28,5,84,76,175,120,193,17,20,166,-37,269,21,-2266,2503,-1519,-512,-83,-101,-128,-190,-105,-201,-84,-209,-60,-215,-36,-219,-12,-222]]]
1278983	p	1254745
1270800	r	78.6016,12.8191,79.0369,13.124	[[[786016,128508,13,-59,66,36,203,82,58,33,-278,0,-62,-92]],[[786973,128600,30,-4,152,-3,12,-12,-4,-33,-17,-9,-7,-25,14,-7,35,14,9,17,-23,45,-1,12,10,5,-210,0]],[[787311,128559,31,-63,17,-19,6,-26,-6,-49,-30,-76,6,-16,93,-52,42,-39,19,-28,108,86,126,58,30,55,12,30,9,7,4,7,46,35,43,23,68,-3,18,8,32,32,75,8,177,68,28,14,54,46,65,28,35,56,37,32,84,20,32,20,38,13,136,85,64,2,49,16,80,76,31,46,125,47,74,3,358,101,98,40,37,-2,25,6,-3,41,106,27,108,-12,94,24,-14,-37,15,0,159,1194,45,31,78,79,86,9,4,43,-3,5,7,45,-23,-5,-34,22,-16,-11,-7,16,-44,-7,-2,12,-10,9,-46,12,-22,-5,-3,5,7,11,-13,7,-33,-7,-1,9,-26,-2,-14,37,-44,25,2,15,-36,1,-51,19,-131,-3,-40,-10,-505,387,-977,-407,-15,6,-82,40,-71,13,-154,-142,-21,-60,-159,-66,-48,-13,14,-1,309,-2010,-758,0,-4,-41]]]
1272892	r	74.9734,22.2865,75.5069,22.8935	[[[749734,225900,7,-199,21,-197,35,-196,49,-194,62,-190,75,-186,88,-181,101,-175,113,-168,124,-162,136,-153,146,-145,156,-136,165,-126,174,-116,181,-105,189,-93,194,-82,200,-70,205,-58,208,-45,211,-32,212,-20,214,-6,214,6,212,20,211,32,208,45,205,58,200,70,194,82,189,93,181,105,174,116,81,62,-1,33,-33,88,30,34,-134,4637,-117,78,-181,105,-189,93,-194,82,-200,70,-205,58,-208,45,-211,32,-212,20,-214,6,-214,-6,-212,-20,-211,-32,-208,-45,-205,-58,-200,-70,-194,-82,-189,-93,-181,-105,-174,-116,-165,-126,-156,-136,-146,-145,-136,-153,-124,-162,-113,-168,-101,-175,-88,-181,-75,-186,-62,-190,-49,-194,-35,-196,-21,-197,-7,-199]]]
1277044	r	77.0665,28.8706,77.5163,29.2981	[[[770666,292030,523,-1090,191,-37,18,-25,1,-5,36,-46,33,-21,4,-1,4,-2,91,-11,56,17,15,-15,13,-28,10,-122,18,-59,1,-40,8,-24,33,-56,-22,-68,-30,-23,-2,-31,15,-14,96,-33,61,21,41,-18,11,-22,-1,-42,24,-38,17,-65,-24,-38,3,-35,18,-25,4,-22,45,-90,14,-2,-11,-17,39,-18,7,-20,-2,-71,-13,-66,-29,-36,-29,-23,-7,-57,-16,-23,17,-73,25,-51,-16,-50,3,-22,20,-28,35,-26,15,-4,39,14,35,-7,37,-17,20,-19,60,-24,29,-51,56,-18,7,-8,14,-25,21,-89,-21,-53,-1,-59,-45,-35,-5,-11,-1,-55,10,-56,-17,-21,-32,-15,-12,1,11,-25,969,-56,1193,1189,178,178,-8,10,10,46,-60,64,3,11,85,22,7,8,-2,6,1,6,-14,27,-2,7,-2,2,-2,4,-12,7,-4,3,-5,2,-3,2,-27,12,-31,3,-53,-18,-20,40,11,30,28,26,-7,61,5,23,15,9,30,0,16,11,15,36,-24,40,-21,55,-32,41,-1,17,14,12,78,10,31,12,5,5,3,1,4,5,15,14,0,8,2,2,-1,3,0,6,-7,19,-17,15,-19,39,78,44,20,2,45,-10,40,8,79,28,56,6,54,14,50,-6,9,-4,154,499,-192,433,44,0,19,20,11,42,-28,27,-21,3,-93,65,-228,516,-1162,144,-380,-68,-95,37,-10,-16,-17,-1,-70,-47,-162,110,-12,-16,-43,-9,-37,2,-14,-11,-33,19,-40,12,-42,28,-41,-4,0,2,-3,0,-4,17,7,14,-20,73,-18,-13,-116,26,-76,-28,-62,-7,-14,-7,-45,1,1,-8,-39,-9,-10,5,-62,-8,-23,-18,-46,16,-10,-5,-131,52,4,22,16,23,-48,48,-13,-3,-46,24,-4,-8,-28,11,-15,-3,-98,23,-24,0,-63,37,-28,-51,6,-4,-10,-45,-45,-48,-5,-48,-32,-77,-20,-18,-5,-27,15,-35,-4,-14,28,-31,27,-7,36,-72,8,-4,-3,-88,-8,-16,13,-68,-22,-24,-20,-5,-1,0,-607,-109,-184,-160]]]
1268293	p	1268715
1272473	p	1277333
1274106	r	80.0131,15.625,80.4751,15.9859	[[[800131,158121,2299,-1871,202,495,164,262,800,751,337,212,83,22,60,-87,111,65,-18,64,0,35,6,9,42,17,55,39,96,56,80,22,29,19,4,-7,15,5,17,-38,23,13,-18,42,-21,-8,-12,34,-6,61,3,7,20,8,11,21,-39,106,116,33,8,-19,153,40,-35,66,-143,-40,-23,35,-41,-16,-28,64,-58,96,-23,0,-30,47,-82,-47,-145,-113,-75,-44,-46,88,-30,38,-12,1,-13,47,-39,30,-60,126,0,11,-84,50,4,65,-10,27,-12,100,7,35,-21,30,-1,14,3,13,44,57,-11,34,-10,-20,-10,1,-18,-39,-10,-2,-4,-12,-8,2,-6,-7,-13,3,-19,-57,-1,-32,-8,-33,-547,712,-3002,-1738]]]
1279094	r	76.6397,20.8478,77.2555,21.5805	[[[766398,211871,2630,-2651,432,-58,-10,-100,47,4,62,-12,20,-7,13,-16,15,-59,-22,10,-17,-16,-29,-10,-2,-7,-1,-10,16,0,2,-49,-22,-26,23,-8,46,17,81,0,35,21,52,-4,7,13,-11,19,-8,14,6,9,2,3,4,6,62,12,44,-15,2,-6,1,-1,1,-6,-18,-52,11,-92,15,-38,18,-21,33,14,17,-2,10,-11,0,-22,-27,-46,6,-29,12,-13,17,-1,58,41,13,0,5,-5,-3,-67,18,-41,46,17,41,29,32,1,33,-24,39,-58,42,-22,26,3,23,2,17,-13,10,-8,13,-2,7,2,2,1,10,2,64,42,45,40,5,4,37,1,14,236,125,-16,161,0,14,55,73,-14,38,77,12,71,-82,18,16,72,52,-8,18,87,48,-12,112,-12,65,0,5,72,128,-13,0,-172,24,-27,-11,-77,1187,-158,-680,2461,87,2,3,179,-33,-1,-14,-34,-78,-19,-148,534,22,-1,11,44,76,-2,-12,38,5,13,24,30,21,2,-1,24,-17,44,-7,6,-55,7,12,41,-5,20,14,38,-28,59,20,19,133,35,1,41,38,83,-30,17,-89,-17,-110,27,-45,-2,-11,-22,-3,-45,-11,-16,-84,-9,-957,3460,-4,0,-335,-10,-333,-31,-330,-51,-326,-71,-320,-92,-314,-110,-305,-130,-295,-148,-284,-166,-272,-184,-259,-199,-40,-35,-789,-2707]]]
1271910	n	74.7461,27.8383,75.1574,28.1526	[[[747461,278780,24,-36,127,-152,0,1,27,-2,18,-48,144,-142,24,-18,3500,1181,249,446,-131,266,-161,-25,-37,34,-27,109,-18,-11,-31,77,-98,44,-20,111,-74,104,36,46,-10,29,143,96,-1,160,-17,77,-38,29,199,55,-4,144,-93,25,-9,26,-43,-6,-57,59,-2336,67,-37,-66,-54,-7,-17,-45,-67,6,15,-78,-220,-107,-92,-106,-173,20,-126,-461,4,-10,95,-66,16,-61,-52,-59,18,-43,-35,-79,9,-56,-24,-38,-77,-23,16,-77,-30,-64,5,-71,-131,-41,-71,-261,37,-98,94,-99,85,-14,109,-118,154,14,25,-110,46,-59,47,5,5,-19,-50,-67,-4,-76,-102,-25,-227,-117,-48,57,-113,-15,-11,22,-260,-69,-45,-165]]]
10265220	p	1273294
1258803	p	1260107
1277557	p	1274693
1265973	n	74.6855,30.384,75.0509,30.6999	[[[746855,305272,29,-91,52,3,202,-63,44,-26,8,-41,185,-126,72,7,53,-38,86,69,43,-128,-150,-110,-65,2,-11,-45,-109,-115,24,-77,222,-153,-19,-56,72,-56,-63,-286,40,-38,128,69,174,-16,101,36,78,-22,21,40,157,-86,3,-1,55,-31,92,-15,46,-38,1815,469,32,78,-65,32,125,161,65,14,83,-34,29,42,-87,54,4,77,-121,10,-103,166,-159,5,-43,-50,-28,20,-19,44,-17,39,0,1,-13,30,16,112,-38,94,70,127,-13,32,-54,70,-125,-1,-129,83,-24,91,-70,12,-51,71,-59,30,55,91,-29,36,83,90,-62,73,-26,86,17,132,48,30,30,112,-62,81,83,116,-6,133,-24,79,-333,15,8,86,-41,-55,-32,2,-95,173,-2032,-1371,64,-45,-73,-179,-164,-132]]]
1276191	r	79.4102,20.9091,79.9279,21.4309	[[[794102,210793,1913,-1661,122,-19,181,-17,182,-5,182,5,181,17,179,28,177,39,174,49,171,60,165,71,161,80,154,90,148,100,141,108,132,117,125,125,115,132,106,138,96,145,86,151,75,155,64,160,53,164,41,166,30,168,17,170,6,171,-6,171,-17,170,-30,168,-41,166,-53,164,-64,160,-75,155,-86,151,-96,145,-106,138,-115,132,-125,125,-132,117,-141,108,-148,100,-154,90,-161,80,-165,71,-171,60,-174,49,-177,39,-179,28,-181,17,-182,5,-182,-5,-181,-17,-179,-28,-177,-39,-174,-49,-171,-60,-165,-71,-161,-80,-154,-90,-148,-100,-141,-108,-132,-117,-93,-92,-340,-2660]]]
10265190	p	1273294
1277940	n	84.8131,24.3714,85.3069,24.7017	[[[848131,245300,4,-71,129,16,130,-143,-13,-124,-43,-44,-10,-222,74,-25,-1,-74,-27,-12,-2,-37,20,-36,88,12,61,125,92,-57,9,-32,68,10,31,81,60,-11,28,-34,16,25,32,-17,-32,-226,30,-81,-20,-59,-32,-18,87,-106,47,-126,88,-64,46,-120,-85,-64,31,-39,111,3,85,45,136,24,177,-85,208,40,101,115,432,284,64,-1,30,-27,35,21,45,-53,62,-16,110,2,68,165,101,78,29,-340,-50,-15,31,-53,-74,-108,18,-37,95,-5,56,-37,84,8,52,35,-11,75,132,53,72,108,303,108,100,12,50,79,70,14,-109,221,-102,21,-9,87,53,17,24,36,113,-10,180,31,112,-22,77,63,176,-37,60,94,92,25,0,68,74,88,355,26,10,88,-26,15,-21,88,18,91,49,18,167,-12,15,64,2,21,-12,222,-36,219,-59,215,-81,209,-104,201,-124,190,-145,178,-162,165,-143,118,-3825,-738,-59,-114,-81,-209,-59,-215,-36,-219,-12,-222]]]
1258291	r	78.4355,13.7059,79.0638,14.3059	[[[784355,138856,4225,-1797,137,40,232,85,225,100,219,114,210,128,202,141,191,153,181,166,169,176,157,187,135,184,-1569,3991,-3703,535,-686,-876,-325,-3327]]]
1268707	n	77.1126,8.9669,77.5282,9.2197	[[[771126,90700,2,-48,4154,-983,-659,1144,-2924,1384,-57,-63,-133,-178,-115,-190,-95,-201,-75,-209,-55,-215,-32,-219,-11,-222]]]
1253472	r	76.5699,10.1272,77.2377,10.5589	[[[765700,103750,1075,-1936,1195,-542,4407,1754,-20,48,-36,12,-30,56,-3,137,10,21,-239,239,-5,0,-29,34,-6,6,-72,-31,-178,35,-152,-98,-120,-122,-213,-105,-80,-78,-188,-25,-60,-67,-42,54,1,1,-28,35,10,45,-31,11,-46,-26,-17,22,28,40,-37,94,90,139,-2,66,-14,59,24,43,-4,45,-28,72,-277,252,-143,105,16,44,-13,28,-37,44,33,42,39,-4,7,55,70,42,9,41,60,39,41,14,23,57,42,41,-4,65,-60,-14,-18,36,-58,64,1,31,51,50,-4,14,-20,11,2,33,35,33,2,22,17,16,3,8,7,18,7,1,-5,8,4,26,21,-1,3,5,-16,36,-2,0,-9,2,3,11,2,7,-7,16,-11,4,-23,27,3,18,-14,-1,-9,10,-8,9,-12,-1,-51,-28,-19,16,-1,20,-18,-1,6,-15,-13,-3,-13,-2,10,-13,-4,-5,-26,13,-6,18,-18,3,-18,-6,-3,-1,-13,-3,-16,3,0,7,-17,1,-14,13,-67,-10,-11,-7,-19,5,-14,-17,-6,4,-24,-13,3,-8,1,-3,-15,-9,-7,0,-16,21,-23,-26,-57,1,-28,-11,-34,1,-19,-17,-1,-2,-20,-33,-16,-3,-5,-19,-29,-7,-10,-16,-27,-4,-9,-7,-62,-72,24,-6,58,16,14,-12,-10,-19,0,-1,-1,-1,3,-18,7,-3,1,1,7,4,2,-7,2,-7,22,1,0,-27,-15,8,-10,-4,-1,0,-9,-3,-60,4,-6,13,-12,-8,-5,-16,-16,-10,-32,-5,-7,-40,9,-9,-13,-28,5,-7,26,-6,2,-1,-7,-12,12,0,8,13,8,-10,0,-56,34,-24,107,-53,61,-10,7,-39,-69,-37,-3,7,7,9,-23,49,-66,51,-81,24,-47,-7,-23,20,-13,1,-1,0,-21,3,-62,45,-18,-11,-84,11,-35,33,-24,-3,-36,16,-46,-7,-12,-12,-37,-10,2,-10,0,-1,-35,-5,-35,-14,0,-9,-37,13,0,6,-6,4,-18,12,1,18,18,20,-3,6,21,16,7,41,-6,15,-29,22,-42,5,-4,-23,-39,-15,-75,-16,0,17,-21,11,-27,0,-6,-11,-4,-6,-20,-1,-16,26,-57,6,-22,-14,-24,-31,-7,-30,-18,-11,-5,-18,-21,1,-100,-39,-22,4,-3,13,-11,3,-4,-6,-30,0,-7,44,-8,2,6,51,9,25,-33,10,0,84,-65,4,22,97,17,42,-10,53,0,75,-6,32,-1,1,-4,27,-8,7,3,77,-23,51,-10,82,-17,43,0,44,-11,3,-6,-23,0,-1,-4,-11,-7,-1,-3,15,-38,1,-6,14,22,8,-2,8,-22,-6,-2,11,-52,4,-26,-11,-37,-1,-3,-127,68,-42,10,-35,-14,-17,-52,-180,-720,114,-1803,-1067,-142,-473],[768162,104232,34,-23,35,-38,-69,61],[768237,103952,70,-57,35,-62,-105,119],[768266,104104,8,9,29,0,-37,-9],[768287,103079,12,-10,3,-30,-15,40],[768287,103079,19,60,-3,-43,-16,-17],[768302,103039,79,-22,8,-11,-87,33],[768303,104113,24,-31,-2,-16,-22,47],[768310,103152,42,132,-25,-110,-17,-22],[768342,103833,24,-4,33,-30,-57,34],[768353,103287,7,19,1,-7,-8,-12],[768362,103462,57,66,-1,-22,-17,-6,-39,-38],[768439,102936,10,15,-9,-14,-1,-1],[768441,103554,22,26,-9,-15,-13,-11],[768450,103630,36,58,1,-14,-37,-44],[768482,102851,19,5,18,-7,-37,2],[768482,102851,3,24,4,-7,-7,-17],[768508,102882,2,25,5,-33,-7,8],[768537,102926,26,13,6,-2,-32,-11],[768630,102948,11,9,-9,-17,-2,8],[768641,102957,11,4,1,0,-12,-4],[768694,102988,13,5,25,-7,-36,-11,-2,13],[768732,102986,14,-48,-12,-99,-2,147],[769014,102513,20,3,11,-8,-31,5],[769076,102410,22,-22,-2,-12,-20,34],[769297,102352,28,17,2,-4,-30,-13],[769363,102379,14,12,21,2,-35,-14],[769547,102333,15,10,26,0,-41,-10],[769671,102314,5,0,26,-11,-31,11],[769702,102303,23,-20,6,-25,-29,45],[769731,102258,37,-4,6,-6,-43,10],[769836,102224,6,7,22,3,45,26,-71,-47,-2,11],[769908,102288,15,5,7,10,-21,-43,-1,28],[769930,102303,28,10,17,-8,-45,-2],[769994,102319,0,10,18,24,-18,-34],[770043,102359,3,18,16,14,-19,-32],[770062,102391,27,11,23,1,-50,-12],[770206,102477,34,13,7,9,22,-2,52,22,35,-1,26,16,25,-4,-201,-53],[770433,102824,2,14,19,-22,-21,8],[770435,102838,35,12,24,2,-59,-14],[770466,102583,2,10,38,26,-40,-36],[770508,102755,15,-17,-10,7,-5,10],[770509,102675,8,22,-5,-31,-3,9],[770515,102725,8,13,-6,-39,-2,26],[770535,102861,23,13,13,-5,-36,-8],[770571,102869,18,29,6,3,-24,-32]]]
1259440	r	76.7645,10.4498,77.1818,10.889	[[[767645,105290,720,-114,52,180,14,17,-10,35,-68,42,0,16,-3,3,6,108,37,1,26,11,52,-4,1,-5,23,0,2,-8,-7,-3,-9,-19,38,-1,3,-15,11,13,6,23,11,-3,50,-220,10,-112,6,-32,0,-30,10,-98,-39,-139,65,-4,0,-84,33,-10,0,-122,30,0,4,6,11,-3,3,-12,22,-5,100,39,21,-1,5,18,15,10,3,4,7,27,24,31,22,14,57,-6,16,-26,24,7,6,11,27,0,21,-11,0,-17,114,31,4,23,42,-5,29,-22,6,-15,-7,-41,-21,-16,3,-6,-18,-20,17,-30,6,-4,0,-6,37,-13,0,9,35,14,32,5,3,1,-2,10,37,10,12,12,46,7,36,-16,24,3,35,-33,102,0,84,-48,13,-1,23,-20,47,7,81,-24,66,-51,23,-49,-6,-8,2,-8,69,37,-7,39,-61,10,-107,53,-34,24,0,56,-11,5,-5,-8,-12,0,7,12,-2,1,-26,6,-5,7,5,36,-1,1,7,40,65,39,76,-14,10,4,15,-8,0,27,-22,-1,-2,7,-9,3,-1,-1,-7,3,-3,18,1,1,-4,32,-58,-16,-24,6,62,72,9,7,20,3,14,13,3,4,2,1,68,61,1,2,19,17,43,3,19,7,57,-1,23,26,23,-21,14,12,-3,8,24,13,2,-1,18,14,97,12,19,-13,12,-1,0,-7,32,1,18,6,18,-3,32,-31,2,7,-8,11,13,2,7,18,18,1,1,-18,19,-18,51,28,12,1,8,-9,23,-9,23,-46,8,-3,7,-16,-2,-7,6,-13,2,0,16,-36,-3,-5,-21,1,1,-34,-14,-19,-3,-8,-8,-8,-9,-12,-2,-18,-35,-33,18,-44,33,69,73,50,4,75,30,-1,2,125,-68,13,56,137,-40,75,3,79,34,119,65,55,-27,24,5,37,46,80,71,62,70,-17,16,37,481,-30,84,5,11,24,70,18,44,97,51,303,59,114,6,39,-290,70,-15,50,-68,59,-32,120,11,463,-76,274,33,84,70,99,20,17,61,5,6,52,31,6,2,54,28,16,4,128,39,6,80,94,-24,64,5,74,-34,59,-4,112,-46,38,19,103,-50,34,-64,5,-17,145,-128,1,-103,39,-60,163,-86,33,-99,-45,-216,12,-103,-66,-83,-13,-118,24,-163,-78,11,-67,-202,-143,-49,-75,-108,-48,-221,34,-114,-152,-91,-69,-121,-48,-27,47,17,56,-25,21,-256,-36,15,-66,-90,-1,-28,-52,-36,-7,-28,48,-17,-12,-7,-63,40,-19,-107,26,-201,-14,-51,62,-1006,-2856]]]
1267394	r	79.6122,14.685,80.1334,15.0942	[[[796122,149200,8,-240,25,-240,40,-237,56,-234,72,-230,87,-225,102,-219,116,-213,131,-204,144,-195,95,-113,4336,0,-52,35,-112,96,-63,67,-25,95,-30,496,-184,892,-5,203,-16,95,-59,206,-25,54,-24,87,-6,14,-3,16,4,214,-119,327,-70,394,-15,785,4,16,-4365,-1176,-14,-86,-25,-240,-8,-240]]]
1258099	n	72.8897,18.2139,73.3567,18.6661	[[[728897,184413,17,-119,58,-121,71,-88,59,-93,24,-136,-10,-83,-14,-48,-4,-44,28,-69,47,-48,52,2,54,10,57,-27,173,-219,79,-49,160,-5,-68,-170,94,-155,175,-115,176,-44,305,32,140,-14,145,-80,-62,-154,87,-334,-7,-58,5,-2,230,-32,232,-11,232,11,230,32,225,54,219,75,210,95,199,114,187,132,172,149,156,165,138,178,120,190,99,201,78,209,57,215,34,219,11,222,-11,222,-34,219,-57,215,-78,209,-71,144,-786,638,-968,552,-75,43,-55,8,-232,11,-232,-11,-230,-32,-225,-54,-219,-75,-210,-95,-199,-114,-187,-132,-172,-149,-156,-165,-138,-178,-59,-93,39,-14,290,55,101,-57,101,-137,75,-169,31,-152,78,-190,156,-99,106,-100,-62,-195,-186,195,-291,477,-143,147,-221,32,-175,-120,-114,-206,-44,-221,-17,-396]],[[730019,182443,65,-37,210,-95,219,-75,30,-7,-33,46,-186,104,-199,53,-106,11]]]
1263936	p	1258662
11664565	p	1264521
1262453	p	1263214
1278553	p	1276100
1268673	r	77.7821,13.7461,78.468,14.3062	[[[777821,140590,1173,-2436,99,-205,321,-179,2295,-309,2646,1395,325,3327,-3673,617,35,68,-156,104,-31,3,-25,12,-22,20,-22,1,-48,54,-24,-13,-16,-175,-17,-19,-955,160,-1905,-2425]]]
1256739	r	80.6551,22.4154,81.9849,24.2815	[[[806552,232285,24,-252,6326,-7879,799,459,4225,2424,635,5462,22,-24,210,3,-62,70,59,54,-39,22,-1,42,-49,21,-7,51,-102,21,44,381,2,0,75,-137,54,-23,23,27,189,-23,157,41,6,222,57,153,154,29,-29,156,18,46,-24,39,50,122,38,30,76,-6,12,-23,210,-47,111,141,8,70,-72,41,97,153,-23,51,-58,36,71,52,-21,43,21,13,-60,74,26,50,-44,16,9,32,-65,38,-54,98,-100,18,29,335,-101,4,-55,46,-44,106,-139,158,-69,31,-92,1,-35,-58,-169,-98,241,2067,-3068,1248,74,-81,-82,89,0,77,25,26,93,2,62,86,-174,102,-12,68,-119,47,-39,58,-165,129,-85,29,-103,-53,-82,43,-43,285,56,96,107,18,15,45,-34,61,-75,43,-75,133,-71,12,-133,-37,-100,28,-56,187,35,88,75,70,-5,38,-40,41,-216,68,-62,44,26,52,120,7,111,-26,79,25,116,91,82,163,60,21,120,-10,56,57,-49,67,-102,47,-86,-7,-134,-85,-121,60,-26,98,21,222,-116,112,-13,99,-110,112,10,59,128,31,7,85,-28,27,-185,-4,-87,87,15,131,94,50,28,52,-23,79,14,110,-31,45,26,104,-21,105,-95,146,-25,111,-108,138,-27,-1,-28,-67,59,-75,-118,-79,-174,-2,-298,54,-132,-38,-104,-427,-121,-209,-82,-60,-112,-42,-218,30,-306,-9,-73,25,-343,-286,-220,-72,-45,-64,18,-211,-219,-184,-174,11,-145,164,-134,78,-57,15,-210,-16,-189,-49,-526,-220,-487,-166,-105,-103,-12,-70,31,-76,143,-122,113,-207,291,-292,50,-126,12,-159,67,-103,75,-31,146,37,146,-14,144,62,79,-4,18,-59,-32,-218,64,-108,108,-98,174,41,145,-115,-23,-101,-55,-26,-757,-37,-4377,-6701]]]
11184435	r	74.4262,19.3248,75.0543,19.9267	[[[744262,196636,88,-689,45,-19,43,15,-38,-158,-28,-5,66,-521,26,0,-12,-105,8,-60,87,-12,-3,-196,-30,-19,3,-68,-18,-17,197,-1534,5328,698,43,57,144,220,129,228,112,236,91,227,-1903,4353,-4378,-2631]]]
1264359	r	79.5169,25.0939,80.2266,25.6606	[[[795169,252534,1154,-785,-121,-88,-19,-52,-102,12,-23,-17,18,-114,-72,-117,-10,-92,96,3,127,69,10,53,61,-64,127,-73,77,28,240,-93,51,114,51,34,47,-25,292,-39,183,25,129,81,135,-51,16,-43,90,-49,357,-151,157,-18,47,-89,163,-53,30,4,19,-5,69,17,47,6,-5,4,7,1,-92,62,8,29,-53,47,-12,55,50,57,-2,68,145,126,88,23,66,-14,-81,70,-43,-13,-26,21,-9,112,45,113,-70,49,23,27,-4,81,-90,61,57,107,0,47,69,70,-158,86,-14,105,131,7,134,147,150,-95,92,-7,54,101,90,-63,11,-178,44,50,10,100,46,78,89,-21,23,105,95,107,49,-42,153,20,123,-47,59,56,184,-17,0,1,1,0,-9,36,30,27,-88,54,4,85,30,30,26,-10,75,76,71,35,31,-15,-13,78,34,66,-47,38,-18,67,56,37,8,13,5,4,1,5,20,31,-10,32,80,76,45,-38,232,18,112,-34,94,77,67,113,152,-49,2,-2,0,1,1,0,29,47,137,98,14,109,37,52,131,-22,20,22,12,29,-120,26,28,133,167,-43,24,108,-129,52,-13,-24,-44,-4,4,-36,-156,19,-10,31,85,71,-22,30,64,33,19,76,55,25,-26,32,74,214,143,-15,188,-70,-6,-21,64,0,117,-47,51,80,-41,54,3,87,88,145,0,53,53,-13,67,-144,116,32,-151,227,96,-11,20,19,23,133,-63,39,-152,55,-128,14,-50,-139,-153,52,-4,25,-70,37,-79,-82,61,11,3,-34,-106,12,-54,33,-23,69,35,163,-345,159,-89,-86,-157,39,-14,104,23,63,-96,129,-21,104,-28,22,-148,-23,-73,77,-238,-44,-192,43,-101,111,22,47,-19,24,39,47,-96,15,-35,26,-18,38,1,12,-10,4,-167,344,-198,-178,-6,-1,-1,-5,-4335,-3888]]]
1258686	r	85.409,23.444,85.8331,23.879	[[[854090,235571,67,33,96,-52,230,-59,169,66,70,156,159,-106,-15,-20,-30,17,-32,-65,92,-80,74,-22,27,6,81,-14,43,16,7,13,1,109,-10,42,-34,45,-52,45,22,10,-2,3,75,47,71,8,88,-146,-42,-46,-38,-61,-27,-84,18,-24,95,-62,13,-2,15,11,4,24,16,32,44,-11,34,40,88,-38,193,-244,198,-124,-19,-32,19,-51,163,-54,-27,-50,296,-156,211,-20,19,-33,117,-27,51,-94,355,-37,109,-40,102,118,43,-59,207,130,177,-21,18,15,45,-6,38,-48,118,0,25,-62,43,9,58,59,161,-24,41,-37,63,94,-585,1874,-8,0,-35,25,-15,161,-53,170,-30,27,-28,-26,-32,-215,-86,-25,-73,-61,-95,27,-26,-13,-52,-131,-96,-85,-94,60,-26,74,-95,-51,-84,64,-26,-4,-28,-14,13,-100,-80,11,-14,-65,-65,-23,25,-41,-103,-145,-39,-14,-132,70,0,1,-59,34,-16,27,-10,31,-32,35,-56,38,-34,4,-5,2,-12,98,17,516,-72,58,0,75,69,25,56,136,-9,179,-54,1,-5,223,7,40,120,-14,112,190,59,4,14,38,51,27,-29,25,24,30,-14,115,50,23,-1,38,-48,74,-84,-8,-79,-200,-45,-6,-58,-56,-108,24,-2,39,-128,88,-31,56,21,164,-72,112,9,50,-45,1,-46,41,110,127,210,39,42,87,-1625,-627,-294,-1621,-115,-18,9,-30,-5,-40,15,-38,67,-29,-148,-815]]]
1344069	n	87.5082,21.6358,87.98,22.0061	[[[875082,217800,11,-222,35,-219,58,-215,80,-209,101,-201,122,-190,142,-178,7,-8,575,148,208,15,417,-20,200,54,519,362,783,376,332,215,257,235,19,45,9,106,35,54,30,20,68,20,390,266,98,35,127,76,95,128,-66,172,-58,115,-763,852,-69,48,-204,114,-215,95,-223,75,-230,54,-235,32,-237,11,-237,-11,-235,-32,-230,-54,-223,-75,-215,-95,-204,-114,-190,-132,-176,-149,-159,-165,-142,-178,-122,-190,-101,-201,-80,-209,-58,-215,-35,-219,-11,-222]]]
1257402	r	75.5553,29.7267,76.2035,30.5448	[[[755553,301942,45,-72,-35,-37,27,-15,-34,-46,39,-7,23,-62,142,-143,-16,-45,39,-25,-12,-50,1,0,49,-1,232,-80,201,68,23,-72,-37,-12,7,-31,56,-42,-20,-22,59,-43,4,-47,126,-33,19,24,58,-1,-79,-118,-54,-14,-70,-83,-123,-86,145,-113,-40,-35,75,-44,-48,-182,12,-10,48,-41,9,-6,0,-2,-38,-122,30,-43,74,-15,81,124,135,-11,29,55,1,0,5,-2,1,1,58,-23,-60,-61,73,-71,64,-10,0,-1,-3,-18,-1,-6,-8,-48,35,-22,-18,-57,-57,-3,-96,-81,-88,-10,-168,-155,50,-33,-39,-68,-7,-158,-66,-207,82,12,54,-76,32,23,59,-17,56,-51,-4,-55,38,-23,-18,-71,44,-21,84,5,217,91,31,159,238,3,35,-73,83,-56,127,-64,73,36,21,-18,-7,-100,28,-92,-71,-45,-25,-61,37,-149,-44,-52,-6,-60,181,-82,-36,-64,13,-119,-85,-72,-191,-30,-79,-106,64,-47,113,-34,170,140,81,26,85,-111,151,-55,101,-5,73,29,41,68,39,-18,67,14,-17,-50,23,-149,30,-49,42,-4,5,-57,72,-46,8,-10,1,-16,-6,-10,-4,-25,40,-12,32,-17,80,-32,33,-108,-10,-66,132,18,15,-5,15,-44,30,-3,140,36,3,17,-2,4,4,8,37,14,48,-28,27,-26,3,-45,13,-9,27,-12,35,-33,16,-7,67,-20,67,-40,337,-19,112,-36,112,115,223,44,26,47,51,20,25,64,39,-10,13,-71,53,-42,87,6,110,206,37,0,115,131,47,-29,74,83,15,167,127,106,25,4,52,8,147,237,8,233,-122,-1,-82,-105,-88,28,-16,-30,-117,-48,-129,-8,-113,164,15,120,-63,-11,-53,65,-39,-25,-22,22,11,39,-60,23,-8,-48,-121,-76,-47,32,-48,193,-263,125,-6,3,66,178,-38,26,-13,110,37,25,-14,24,26,46,64,27,74,-36,229,150,-4,35,-53,29,61,62,-200,109,82,167,171,106,-54,23,19,74,56,-17,78,88,20,44,-64,61,43,41,-24,5,20,56,91,-5,12,19,-82,29,88,86,-8,35,53,20,96,-53,-6,-61,49,47,165,-52,-62,92,104,105,-24,58,156,235,-77,126,-190,-44,-2,32,58,47,-22,27,-77,-6,-19,25,24,71,61,-1,-13,47,-85,44,-15,34,-68,10,5,39,68,-17,42,49,-165,129,-22,50,16,57,-73,112,82,54,89,112,-22,9,43,20,-50,17,-10,31,152,140,31,-3,4,-46,139,13,4,-27,112,16,77,33,-21,62,28,-5,76,82,41,-21,53,47,58,-69,53,90,103,58,93,-18,34,-63,98,92,-20,17,90,61,-36,12,-25,51,12,24,46,92,127,-19,77,108,4,5,-56,115,-105,43,-119,129,-77,125,-9,62,-114,-75,-37,10,-135,-126,-47,-10,-106,65,-116,35,-45,-32,-98,-17,-19,-12,-84,-53,-188,67,-106,153,-96,68,-53,-42,-93,29,-45,-50,-62,-6,-54,-37,-77,27,-24,43,-38,-14,-93,47,-54,-13,-38,104,9,128,0,3,1,16,0,1,1,6,13,19,2,2,50,68,45,-71,137,-9,-35,14,3,32,63,75,5,57,101,-29,-8,115,-82,3,-7,-46,1,-23,-8,-17,-40,-6,-56,1,-22,13,-31,37,-66,46,-10,45,40,30,-42,61,-21,94,2,11,48,33,25,26,39,17,44,94,-102,19,-29,22,-68,97,-57,24,-1,1,-50,22,-21,25,-1,3,-59,74,-78,-46,-52,9,-58,-47,-20,-25,-51,-31,-50,-15,-71,11,-53,126,-21,36,-2,18,66,32,30,9,129,54,-20,9,-81,63,-45,50,-69,-126,-13,-9,-36,-2,-31,-83,-68,-50,-8,-47,-7,-9,-40,-10,-149,44,-12,-1,-68,-82,-9,-15,-52,-58,-95,-20,-30,-1,-45,21,-31,47,-26,23,-244,-153,-25,-6,-51,10,-72,43,-45,35,-11,23,-3,38,12,84,-36,75,-25,208,53,38,-48,67,-51,17,-18,19,-31,18,-60,-2,-19,7,-17,35,-37,-5,-185,97,-33,-9,-24,7,-74,-2,-34,39,-47,-34,-34,-2,-21,7,-22,21,-18,55,52,143,-83,49,-62,3,-5,-1,-38,3,-58,36,-40,-20,-49,-45,-80,-5,-58,-111,-37,-44,-46,-12,33,-107,-34,-54,-59,-60,-122,-34,16,-44,-24,-104,68,-76,106,-7,-24,-19,-2,-117,-82,-110,-63,-38,-47,40,-72,-74,60,-53,29,-70,53,1,93,-84,-52,-96,57,-74,-59,-47,25,-44,-11,-61,114,-90,-19,-66,21,-29,-5,-127,70,-53,-37,-39,16,-18,-144,-110,-112,32,-63,-69,82,-145,-27,-64,146,-192,200,-68,262,-8,148,-82,-21,-27,-51,18,-32,-27,-19,-113,-68,-47,-116,-24,-25,-112,-54,14,-24,-26,16,-13,-37,6,-8,-31,45,-68,-107,99,-108,-37,-214,18,-64,-63,-108,-30,-125,-80,-8,-27,-51,-10,-209,53,-89,55,-32,-40,48,-44,2,-36,-47,-2,2,-30,-98,-57,16,-17,-41,-29,-103,-5,5,-36,-33,-41]]]
1261288	r	77.7606,18.8445,78.9524,19.5241	[[[777606,190326,56,-89,35,-16,9,-182,30,-49,-27,-188,158,-64,41,100,293,-39,-46,-215,38,-26,-34,-75,158,-56,34,55,69,28,159,-15,-73,-224,-29,14,-50,-183,86,-52,85,-10,126,9,15,40,112,-31,-10,-52,69,-173,123,-9,-4,-150,95,-7,-1,-39,168,-25,-6,-53,81,-18,-22,-66,129,-21,7,11,135,210,182,105,352,69,154,-86,65,11,44,355,61,218,0,1,4,12,45,61,160,-14,226,18,172,157,105,53,73,-10,73,-10,102,36,1,0,27,9,24,29,2,2,30,34,8,-1,64,84,34,116,90,68,174,-6,19,4,7,0,16,5,417,96,40,27,-22,24,24,25,92,-13,307,-241,16,-60,-48,-100,13,-232,319,89,135,84,31,-33,146,76,-17,-20,32,-20,92,170,57,-5,217,131,99,13,97,52,4,-26,128,8,46,-29,110,-256,58,-49,205,-80,48,-78,70,33,79,-7,73,29,39,87,26,15,7,4,31,17,8,4,102,11,38,-14,1,0,34,-12,2,-1,18,-7,112,-118,22,-64,45,-28,151,-18,50,5,14,19,66,278,124,125,133,104,66,11,7,-5,17,1,195,-191,217,-49,60,20,171,182,111,183,271,196,108,4,338,-172,160,-44,25,27,20,-12,85,34,165,156,6,4,77,40,56,80,219,16,120,162,155,67,310,-183,248,-192,87,-11,85,40,76,154,20,23,11,20,31,29,89,104,56,32,24,22,-72,100,-50,185,23,56,-61,96,-101,-45,-107,28,71,-107,-103,-16,-80,-101,-206,180,77,169,-63,258,-58,51,222,167,213,99,-21,19,-4,135,165,155,17,115,156,231,-104,4,-481,374,-13,-99,-69,-76,-167,97,-22,-6,-124,-33,-65,-69,-12,-40,24,-51,-41,-26,2,-34,-161,-42,-91,-57,-18,-117,-58,-130,-116,-81,-44,161,-68,125,-216,148,-94,225,-218,67,-162,104,69,155,-218,-19,-109,20,1,52,-188,-13,-278,-175,-65,32,-75,1,-72,57,-284,19,8,-40,-71,-3,-79,-166,-151,-20,-94,-96,27,-11,2,-72,-38,-9,-55,34,-73,-86,-223,-90,-59,-72,9,-199,-87,-111,-271,121,-122,27,-176,-24,11,-276,43,-91,-9,-27,-73,-24,-24,-50,-105,22,-33,-63,-47,-18,-243,-25,-9,55,-58,26,-48,-33,-57,-3,-56,40,-85,19,-33,188,-160,-30,-76,84,-170,-6,-113,76,-92,92,-5,90,-48,43,5,55,-40,52,-16,123,-52,33,-178,23,-104,-43,-142,140,6,115,-79,78,-1,59,-135,88,-87,11,-119,-38,-130,26,-7,83,-32,13,-28,103,-161,16,-157,296,100,-13,198,505,57,275,464,-101,17,-36,158,96,79,-5,-50,64,7,6,-2783,848,-1396,-1137,-183,-2734,144,-128,18,-60,59,-8,45,-40,1,-25,-37,-4,-22,-47,46,-123,-11,-44,-143,-3,-43,-22,-57,106,-80,79,-57,1,-64,-35,-32,-237,-59,-61,34,-52,4,-158,-248,50,-97,75,-13,-190,-37,-118]]]
1273265	p	1262332
1261470	p	1254163
1255024	r	82.3188,26.1447,83.0847,26.7203	[[[823188,264866,1936,-3419,2401,78,3322,3123,-463,1296,-1311,285,-6,-3,-29,8,-16,-27,0,-17,-37,-21,-17,-47,-23,-20,-40,31,-53,-41,-32,40,-31,24,-37,10,-67,-8,-23,-17,-22,-34,16,-37,-6,-46,-8,-6,-44,-6,-54,50,-43,29,-110,6,-59,19,-15,-21,-55,-16,-19,-29,-24,-70,56,-35,-3,-37,-78,-221,-7,2,-4,3,-6,0,-10,3,-123,-10,-106,8,-58,-4,-142,-45,-55,-32,-108,-40,-48,-4,-63,29,-92,-23,-118,-44,-137,19,-23,13,-12,11,-37,86,-70,10,-41,16,-83,58,2,70,-10,26,-21,21,-114,64,-45,39,-34,81,-137,24,-96,-53,-127,-8,-58,0,-33,1,13,185,-8,46,57,66,14,41,-3,47,62,173,-52,105,-35,43,-29,14,-2,14,17,28,37,-1,31,-10,24,16,-16,17,0,10,13,15,27,7,-1745,379,-463,-740,331,-69,69,13,108,114,102,4,-10,-30,32,-16,-26,-56,1,-6,-17,-44,-7,-9,-24,-67,8,-32,37,-6,-17,-36,1,-13,63,-16,-11,-88,-59,-28,-2,0,-25,-12,-33,-46,-112,32,3,-51,-18,-25,-10,-7,-4,-13,5,-16,28,-13,48,-5,-3,-28,-2,-5,1,-19,24,-24,32,-4,20,-10,-23,-30,2,-8,-9,-17,-36,11,-22,-27,18,-71,-62,10,-39,-117,-52,47,-50,9,-30,-95,-41,16,-15,-88,-85,18,-65,94,-52,-72,-59,-4,-8,-76,-115,-16,-126,77,-49,1,-26,-25,-9,58,-38,6,3,49,44,-22,10,42,52,-8,11,68,-28,64,-56,-3,-25,25,-224,-356,-261,-526]]]
13353619	p	1275841
1268775	n	85.2833,24.2039,85.7767,24.6561	[[[852833,244300,12,-222,36,-219,59,-215,81,-209,104,-201,124,-190,144,-178,163,-165,179,-149,195,-132,207,-114,219,-95,228,-75,235,-54,239,-32,242,-11,242,11,239,32,235,54,228,75,219,95,207,114,195,132,179,149,163,165,144,178,124,190,104,201,81,209,59,215,36,219,12,222,-12,222,-36,219,-59,215,-81,209,-104,201,-124,190,-144,178,-163,165,-179,149,-195,132,-207,114,-219,95,-228,75,-235,54,-239,32,-242,11,-242,-11,-239,-32,-235,-54,-228,-75,-219,-95,-207,-114,-195,-132,-179,-149,-163,-165,-136,-167,12,0,245,-73,194,59,0,-24,268,-94,9,-21,-73,-111,-169,-55,-360,-20,-104,-29,-227,16,-217,-884,-2,-31]]]
1278340	r	77.9414,9.147,78.3808,9.712	[[[779414,95344,6,-33,30,-81,50,4,69,-17,66,-29,9,-10,5,-45,-81,-1,-57,-15,-62,1,-27,-13,-7,-22,13,-23,29,-6,118,0,21,43,30,5,39,-9,23,14,6,35,57,133,29,89,30,-36,24,9,49,51,27,11,105,-34,74,-9,15,-20,-3,-70,44,-1,-557,-847,230,-999,595,-350,75,-2,0,63,-65,26,-27,76,-35,0,-28,88,86,49,30,70,49,9,14,96,37,65,70,-2,8,-3,31,-2,40,4,38,19,3,-30,26,-23,31,-1,8,2,16,28,61,-1,24,4,206,7,248,52,13,10,142,34,168,-25,-9,-66,-9,-27,2,-23,56,-154,33,-13,-4,-18,7,-7,13,-7,1,0,127,-58,44,-12,10,-7,13,0,122,-33,1,-51,11,-19,23,-142,36,-39,69,-30,33,-5,69,-24,165,14,30,-14,29,0,30,-7,10,-7,2,4,194,-48,18,-43,-85,-266,-31,-559,233,33,25,-9,3,-44,-52,-229,-67,-124,303,-178,671,24,-174,1848,7,22,0,18,-16,56,-3,50,-2,1,-335,3568,-1485,63,-556,-187,-895,-1359,-75,16,-131,14,-127,30,16,144,-11,24,12,-2,8,-17,14,-3,15,8,20,142,-32,13,-63,9,-91,-7,-96,17,8,-169,-2,-27,-13,-30,-13,-14,-24,-4,-35,10,-34,-13,-20,-29,-7,-70,-29,-86,-24,-46,-23,-13,-54,3,-31,-14,-17,-13,-2,-17,-41,-51,-28,-2,-5,-33]]]
1271949	r	74.4688,30.3663,75.0525,30.8364	[[[744688,307451,52,-296,-11,-175,71,-247,178,-42,440,-39,66,2,1205,-1255,339,229,2032,1371,-20,37,66,204,-18,126,-57,27,-112,-10,-167,83,-170,-29,-36,43,23,28,-22,64,-60,-6,-41,22,-90,116,-185,-36,-40,16,-54,76,-5,132,-228,49,-60,163,-54,27,-31,-13,15,36,-168,-29,-69,100,-72,38,-131,-33,-189,58,-96,-23,-64,45,-111,-62,-182,94,-42,-13,-56,-113,-49,-33,-44,8,-201,173,-64,-79,-62,-13,-149,-180,-192,-10,-122,-86,-227,-71,-121,-90,-84,-122,-201,-60,-301,-148,-29,-54]],[[748425,303840,107,-89,225,142,153,-87,196,-48,73,-41,-17,-15,50,-39,94,23,137,157,49,-15,125,60,80,96,9,61,51,-10,1,-35,78,-15,24,38,96,23,172,-189,99,-52,43,19,161,-35,94,97,-2,207,-195,182,-107,-12,19,46,-1815,-469]]]
1264588	n	73.8973,15.0546,74.1928,15.4795	[[[738973,153237,500,-1629,68,75,81,-163,-39,-89,-213,-127,-80,-98,-65,-127,-94,-290,513,-143,86,-77,11,-23,87,4,226,32,222,54,215,75,206,95,196,114,184,132,169,149,154,165,136,178,117,190,98,201,77,209,55,215,34,219,11,222,-11,222,-34,219,-55,215,-77,209,-98,201,-117,190,-136,178,-154,165,-169,149,-184,132,-196,114,-2,1,-79,-41,-1022,-524,-156,-183,21,-5,46,-29,28,-53,24,-96,43,-57,78,-69,-36,-36,-25,-20,-32,-10,-44,-9,-39,85,-62,-34,-97,0,-59,24,-23,-58,-27,-22,-27,-7,-6,21,-14,15,-22,-18,-10,-20,2,-47,-8,-19,-25,-17,-5,-24,5,-50,21,-79,-9,-23,10,-14,-8,-17,-60,-24,-13,-15,-2,-17,14,-31,-4,-7,-100,-28]]]
11520178	p	1254348
1269291	r	85.8867,24.5651,86.6167,25.1346	[[[858868,248100,46,-689,14,-205,101,-128,166,-184,179,-175,190,-163,203,-151,212,-139,222,-126,231,-113,238,-99,245,-84,250,-69,255,-54,258,-39,261,-24,261,-7,261,7,261,24,258,39,211,45,2913,2758,16,64,43,236,4,36,-865,1260,-1989,1226,-3338,-1507,-1107,-1739]]]
1278573	p	1271717
1260390	r	83.76,18.4567,84.2633,19.1795	[[[837600,186207,4774,-1640,12,18,18,502,-28,22,31,48,226,6279,-129,55,-257,92,-262,76,-267,60,-271,42,-273,26,-274,8,-274,-8,-273,-26,-271,-42,-267,-60,-262,-76,-257,-92,-250,-108,-242,-123,-233,-138,-223,-152,-87,-69,-661,-1000,0,-3694]]]
1268988	p	1272979
1267887	r	79.6533,10.8277,79.8543,11.0994	[[[796533,109348,165,-181,2,13,12,-10,63,-9,13,-13,0,87,16,45,54,3,27,-16,9,-12,-14,-35,3,-16,117,-7,26,14,27,-22,32,-1,36,-20,20,-30,9,2,-4,92,7,9,36,9,-43,29,-4,14,5,20,25,4,99,-32,20,1,9,-14,34,6,21,-9,6,-10,45,0,20,-13,8,-51,-14,-6,-3,-10,11,-3,7,10,15,2,-3,-26,-11,0,-4,-14,55,-8,49,1,6,21,45,5,38,-27,-16,-10,-14,-30,-20,-18,2,-26,15,-23,1,-19,-8,-2,-8,8,-8,-54,6,0,4,19,17,0,6,22,7,-14,11,5,4,7,-17,4,6,10,22,-21,-13,-6,0,-11,-15,-1,-13,-12,-7,2,-2,-11,-9,-8,-16,-2,-2,-10,9,-9,-5,-12,13,-2,7,11,60,-6,9,7,28,-2,-2,10,-25,9,-1,19,118,2,-4,88,26,0,1,7,-21,13,2,17,25,-1,18,-26,88,22,14,-7,18,-30,19,-18,-6,-9,-7,3,-28,25,-3,-20,9,-29,17,-12,-13,-4,-13,-24,-17,7,-14,-11,-54,-3,-6,-50,13,-14,20,0,50,18,-2,40,8,1,17,-8,12,-25,12,-5,8,-31,38,-5,15,27,30,9,18,-19,2,-12,11,-5,12,0,5,8,32,-2,80,-20,11,-7,76,-13,3,-14,-8,-7,-43,-15,-43,5,-84,-6,-4,-50,113,-12,12,-44,14,-10,1,-38,-54,-10,-76,-43,-24,40,1,22,-26,-8,0,-37,10,-58,20,-32,25,-19,33,-11,10,-13,45,-27,25,12,33,37,17,-7,21,-219,206,1,6,6,6,64,-6,6,-6,-9,-6,-27,-19,-2,-15,103,11,13,22,-8,25,26,-9,97,-2,273,5,30,-2,202,15,94,-9,78,-1,108,13,501,-24,6,-13,35,0,29,12,24,-6,17,-15,1,25,125,19,924,-2008,-1646]]]
1268205	p	1262180
1270417	p	1270022
1263247	r	79.3974,10.9347,79.8553,11.2706	[[[793975,112435,1820,-3048,738,-39,2008,1646,12,605,-148,757,-2179,189,-11,6,-40,2,-6,-3,-1796,156,-398,-271]]]
1278688	p	1253102
9972727	p	1264527
10209444	r	77.8903,21.8303,78.4595,22.37	[[[778903,221695,126,-147,2636,-3089,133,-156,91,3,189,17,187,29,184,40,181,51,178,62,172,73,167,84,161,93,154,103,147,112,138,121,129,129,120,136,111,144,100,150,89,156,78,161,67,165,55,169,43,172,31,175,18,175,7,177,-7,177,-18,175,-31,175,-43,172,-55,169,-67,165,-78,161,-89,156,-100,150,-111,144,-120,136,-129,129,-138,121,-147,112,-154,103,-161,93,-167,84,-172,73,-178,62,-181,51,-184,40,-187,29,-189,17,-189,6,-189,-6,-189,-17,-187,-29,-184,-40,-9,-2,-115,-70,-160,-45,-334,-190,-91,31,-150,-87,-154,-103,-147,-112,-138,-121,-129,-129,-120,-136,-111,-144,-100,-150,-89,-156,-78,-161,-67,-165,-55,-169,-1,-4]]]
1273369	r	76.0424,26.3787,77.0755,27.231	[[[760424,265450,277,-184,5,11,126,-51,56,64,75,19,41,79,137,-35,74,-70,104,40,114,-60,83,-73,-31,-53,20,-90,152,-75,100,-108,52,-41,239,-63,196,-126,102,6,97,-39,-29,-118,62,-50,13,1,5,1,67,4,129,59,93,-20,125,80,85,-19,85,41,100,3,73,-30,72,-64,73,-129,6,-11,9,-251,225,-70,138,-97,174,-60,87,-84,26,109,39,-5,-9,37,44,59,5,120,-22,49,97,45,53,149,52,1,103,83,61,282,63,68,104,-24,57,150,34,-5,36,39,-23,223,-8,1,-75,14,-60,60,-26,187,-105,98,-12,40,-66,17,-34,-85,-117,-55,-134,-1,32,62,-66,36,-47,123,99,202,53,209,57,37,96,142,217,397,68,35,6,84,-106,93,46,35,135,234,86,88,18,66,243,301,86,90,230,135,31,-7,32,-85,100,50,164,-57,47,67,2,91,210,-95,170,32,38,49,4,52,35,6,96,99,225,142,36,66,128,110,425,255,34,49,365,137,43,16,119,86,1,1,20,14,25,18,36,33,-90,138,159,82,103,167,1,7,0,1,51,302,-20,73,11,136,181,146,15,-16,105,19,113,-42,205,-11,209,-111,20,-81,202,-38,1,-25,95,-69,58,-112,145,-125,-1,-1,108,-93,100,-139,44,-141,7,-132,-52,-154,7,-42,71,-54,257,-49,4,33,132,101,111,-61,336,35,157,-27,153,-75,-38,114,-46,31,-69,136,10,114,-27,29,41,7,-30,41,-1,90,-117,-17,-66,-44,-43,76,-79,56,2,25,-123,29,-41,54,117,91,-37,51,-35,284,-29,31,-80,-37,16,117,-21,184,-69,105,-180,142,31,80,258,-31,22,85,-182,66,-9,115,-210,88,-2,5,-18,8,0,34,-6,14,8,56,135,47,42,41,-79,115,10,13,-4,8,10,1,10,14,79,-6,18,65,-208,154,-119,-8,22,86,-24,94,-127,31,-32,-81,-83,11,-61,-29,-59,14,-72,33,24,88,-240,116,19,137,107,-6,30,31,-59,108,23,105,-16,100,-51,32,33,65,-44,31,18,75,-60,13,-63,-96,-202,83,-103,-209,-96,18,-66,-61,24,-113,67,-25,-91,-270,-135,-5,13,-122,-56,-193,51,-138,104,16,-75,-413,-26,-34,-127,26,-43,37,-4,69,-95,162,96,197,-107,18,-62,124,-30,-13,-69,-236,-205,6,-21,-64,-33,-4,-274,26,-104,-30,-207,80,-148,-21,-38,16,-98,-34,-62,-186,-127,48,-155,-48,-62,29,-21,41,33,40,-69,46,-35,-1,45,46,14,112,-103,37,46,124,242,244,-152,26,-20,30,-111,14,-102,60,-23,-24,-68,15,-52,-28,-89,33,-37,-33,-30,1,0,20,-100,3,11,-76,-74,2,-78,39,-20,-138,-47,-34,-23,-67,28,-33,15,10,41,-75,-49,-54,-11,-83,-83,60,-15,-39,-28,12,-136,-32,-90,-106,-97,23,-147,-35,-69,-37,-68,-123,-39,-13,-18,-67,-45,-19,0,-44,-87,-73,-79,24,-70,65,-20,-14,-72,91,-41,130,-11,230,-93,15,-131,-31,-45,-25,-17,-6,2,-3,-4,-2,23,-44,-23,-41,1,-115,-24,-3,-42,-111,2,-53,29,-6,-49,-35,28,-37,-84,31,-16,-51,-65,-4,-233,-207,-96,49,-123,4,-26,-44,-87,36,-364,60,-3,-9,-54,7,-2,286,59,314,0,241,-18,76,-58,46,-23,144,-68,78,-14,-32,-69,-9,-110,-107,-111,-215,-192,-74,-197,-246,-118,18,-74,44,-41,69,55,141,-18,395,-116,-27,-171,15,-20,47,62,180,5,114,-93,43,-136,-225,-76,-30,-39,16,5,52,-402,-772,-317,-5047,-46,-740]]]
1260393	n	86.3705,20.1307,86.8098,20.5461	[[[863705,203200,12,-222,34,-219,57,-215,79,-209,101,-201,121,-190,140,-178,158,-165,174,-149,189,-132,22,-13,112,434,47,100,164,134,227,86,496,121,444,171,893,516,371,275,-349,-227,-180,-70,-80,92,80,99,180,113,196,91,122,39,168,154,259,347,156,369,-136,222,-64,-226,-15,-119,4,-127,-189,106,-134,-70,-144,-142,-215,-110,41,635,93,302,176,270,76,76,-161,112,-201,114,-213,95,-221,75,-228,54,-232,32,-235,11,-235,-11,-232,-32,-228,-54,-221,-75,-213,-95,-201,-114,-189,-132,-174,-149,-158,-165,-140,-178,-121,-190,-101,-201,-79,-209,-57,-215,-34,-219,-12,-222]]]
1270072	r	76.5991,19.5097,77.5034,19.991	[[[765991,197498,342,-250,2945,-2150,5756,263,-1048,2002,-54,-82,-131,7,10,87,-40,66,-6,72,19,43,8,-5,14,23,28,95,10,11,146,-2,32,8,23,41,0,58,-22,30,-55,-2,-70,8,-36,14,-57,11,-24,23,-6,24,43,124,22,90,8,9,54,9,1,31,-25,62,-33,17,-98,-6,-40,22,-45,9,-36,-16,-62,-65,-5,0,-1,1,-44,13,-35,48,-41,18,-9,8,-7,10,-19,60,1,5,39,30,15,-1,-1,2,16,2,121,-14,6,10,-5,23,-37,57,-27,23,-6,20,3,12,31,25,58,26,4,15,-15,38,-17,12,-95,0,-34,13,-15,26,3,40,10,22,-10,37,-23,14,-83,4,-21,9,-27,24,-38,63,-35,22,-40,1,-85,-66,-148,19,-22,60,13,46,108,-6,57,-11,19,7,3,31,-26,74,30,55,-5,30,-10,11,-19,4,-27,-5,-11,-10,-1,0,-124,-95,-82,14,-23,35,8,39,-17,30,-21,20,-65,22,-26,-2,-16,-20,-1,-169,-19,-25,-17,-8,-12,3,-60,39,-26,-1,-24,-21,-12,-22,-50,-42,-65,-14,-18,-20,-28,-1,-10,22,-7,39,27,30,70,49,4,12,-10,32,-44,32,-15,24,-8,164,9,47,-19,29,-16,5,-30,2,-50,-11,-60,3,-40,11,-55,-3,-22,5,-24,26,-21,59,26,47,17,68,-4,91,10,13,52,15,6,8,0,22,-16,34,-71,75,-25,48,-20,12,-33,2,-24,-13,-40,-44,-141,-55,-24,-41,-24,-93,-19,-15,-44,-13,-90,22,-27,-3,-52,-25,-143,-115,6,-48,-6,-31,-28,-16,-36,-2,10,-37,13,-15,3,-26,-8,-157,-64,-29,-22,-22,5,-35,-4870,-105,-94,-239,-103,-322,-81,-327,-58,-333,-28,-273]]]
1276829	p	1276609
1269092	r	82.163,18.4399,82.8519,19.0588	[[[821630,186835,57,-120,138,-247,155,-236,170,-227,186,-216,200,-203,214,-191,226,-177,238,-163,249,-147,258,-131,267,-116,274,-98,280,-81,285,-63,127,-20,1424,2472,2098,3642,43,74,-5274,-248,-1615,-3504]]]
1275679	r	77.9154,29.1816,78.339,29.6431	[[[779154,294025,266,-1053,611,-432,178,51,664,-125,56,56,209,41,1,-5,-6,-17,11,-23,12,-76,-42,-33,15,-81,-48,-167,26,-42,-22,-33,-6,-35,23,-54,47,-79,33,-23,4,-3,49,-76,28,44,-27,35,-25,19,-12,83,-23,4,14,20,13,47,2,58,30,0,57,-13,98,1,7,35,35,23,38,56,32,18,40,8,14,22,3,38,-15,47,9,15,75,46,59,18,28,-23,61,-8,111,-102,58,0,36,37,60,-1,27,28,44,15,20,41,41,21,83,4,101,34,17,-9,26,-43,20,-11,19,4,15,-12,-6,-18,14,-18,120,-46,62,-35,91,64,87,-12,44,67,28,-2,21,-9,21,6,55,51,23,6,13,27,76,26,36,23,25,-2,34,9,94,91,76,0,13,17,9,80,-22,31,-20,12,-27,0,-9,7,-10,22,-85,73,-14,31,-16,80,5,16,-32,95,-9,52,0,1,30,82,-3,8,-17,11,-49,2,-1,0,-45,168,18,32,41,49,5,20,-33,55,-1,16,21,14,15,85,-99,94,-27,42,1,22,-38,16,-21,11,-24,54,-17,11,-3,55,35,58,2,92,-8,8,-45,-2,-22,27,-33,20,-22,0,-13,6,-35,37,-25,13,-12,-3,-31,-40,-44,-40,-20,1,-25,37,-29,12,-15,39,-23,31,-102,3,-22,22,-63,8,-49,-47,-15,1,-53,42,-91,24,-7,27,-21,22,-16,5,-18,-5,-21,22,-13,-13,-39,27,-33,-7,-13,8,-3,12,57,65,2,12,-76,81,-7,15,9,23,0,30,-57,32,-38,39,-1,31,30,21,18,26,-10,9,-60,16,-58,28,-139,88,-26,43,-15,12,0,74,29,20,9,51,7,10,59,30,46,9,10,24,-19,3,-6,32,52,48,2,14,-22,64,-130,57,-53,47,26,68,-4,12,-31,22,-15,22,3,31,-15,27,4,23,29,29,-17,10,5,20,10,8,-6,30,-15,9,-10,-12,-14,6,-8,32,-30,2,-88,59,-5,14,6,14,44,26,5,10,-11,17,-125,72,-108,28,-22,8,-12,12,9,40,-3,11,-35,20,-4,31,8,34,-75,92,-30,54,17,42,-66,-23,-71,4,-125,-58,60,-99,-26,-15,-74,45,-66,17,-116,4,-37,-67,-22,-61,-25,-31,-20,13,-142,-44,-86,-87,-75,-39,-24,-105,16,-29,59,-47,14,-189,-62,-33,-82,10,-21,-58,-13,-3,-7,-31,-26,-48,-55,2,2,-117,-9,-22,-83,22,8,-19,-3,-18,-19,-27,9,-27,1,-35,-363,157,-353,-1348]]]
1272720	p	1268773
11522311	p	1272013
1277661	r	79.9197,21.64,80.4603,22.0727	[[[799197,218200,5,-165,18,-165,29,-163,40,-161,51,-158,62,-155,73,-151,84,-145,93,-141,103,-134,112,-128,121,-121,16,-13,3792,0,16,13,121,121,112,128,103,134,93,141,84,145,73,151,62,155,51,158,40,161,29,163,18,165,5,165,-5,165,-18,165,-29,163,-40,161,-51,158,-62,155,-73,151,-84,145,-93,141,-103,134,-112,128,-121,121,-130,113,-136,105,-144,96,-150,87,-156,78,-161,68,-166,59,-169,48,-173,37,-174,27,-176,16,-177,6,-177,-6,-176,-16,-174,-27,-173,-37,-169,-48,-166,-59,-161,-68,-156,-78,-150,-87,-144,-96,-136,-105,-130,-113,-121,-121,-112,-128,-103,-134,-93,-141,-84,-145,-73,-151,-62,-155,-51,-158,-40,-161,-29,-163,-18,-165,-5,-165]]]
1253956	r	74.6777,32.5643,75.7359,33.3288	[[[746777,332373,251,-321,2452,-3137,31,10,-17,70,113,-51,25,52,-36,162,35,29,0,102,118,62,25,-51,9,-34,12,-10,12,-33,23,-30,59,-46,40,-43,44,-22,28,-55,36,-41,40,-33,42,-53,27,-25,105,-56,100,-118,83,-10,29,-38,74,-14,17,-27,115,-96,64,-30,-1,-41,57,3,48,-42,93,-30,26,-35,46,-31,89,-30,29,-35,15,-32,41,-35,30,-22,13,-4,17,-10,16,-17,48,-22,-23,-101,-14,-28,5,-16,44,-41,34,-17,134,-35,9,-4,7,0,11,-3,12,2,11,0,26,7,26,-106,58,-53,9,-57,-26,-34,-236,-73,-21,-57,-65,0,23,-49,-36,-21,-3,-42,-83,48,-108,-35,-129,-98,-52,-96,-64,56,12,26,-37,39,-45,-23,-47,21,1306,-1670,5310,3268,11,289,-13,329,-38,328,-63,326,-89,320,-113,316,-137,308,-161,300,-184,291,-206,280,-227,268,-248,255,-266,240,-285,225,-301,210,-27,16,-7076,76,-153,-92,-301,-210,-285,-225,-266,-240,-143,-148]]]
1262109	r	78.1632,29.4572,78.8129,29.8948	[[[781632,296861,1690,-1906,-131,-374,64,5,25,-6,27,16,12,-1,26,-20,28,-3,18,7,51,61,36,-22,82,22,4,30,-7,17,34,76,-8,27,63,104,69,62,6,14,-5,13,-57,23,8,20,-3,47,6,25,19,29,2,26,-103,67,-7,14,7,27,78,38,30,31,-1,59,85,1,17,16,17,-4,15,8,15,34,43,20,74,21,16,12,34,28,6,21,14,14,41,21,19,34,63,5,20,14,13,38,21,15,52,71,18,11,16,0,14,12,26,44,61,48,22,57,1,27,43,65,-16,60,-2,85,-41,42,-2,42,12,18,38,22,-1,18,22,15,14,32,-27,21,-2,19,5,14,28,30,13,51,16,19,-6,26,3,16,29,16,4,11,-4,41,9,16,11,80,80,95,69,140,57,74,107,104,20,30,21,18,74,4,46,14,18,11,41,60,60,-82,23,-116,1,-42,35,-84,-4,-145,9,-79,-14,-119,4,-76,94,-96,46,-69,205,-262,2566,1310,7,23,-24,69,-114,266,-135,260,-153,251,-172,241,-189,232,-187,200,-2660,-231,-1239,-570,61,-187,-41,-29,-42,-21,-28,-28,-105,-73,-19,-9,-55,-44,-38,-42,-30,-57,-45,-66,-49,14,-15,15,-18,-6,-89,-79,-9,-6,-100,-93,-42,-6,-5,-42,-45,-2,-28,-19,-69,-20,-50,68,-39,2,-84,-56,-42,44,-75,-2,-126,-26,-47,-53,27,-33,-10,-155,-55,-152,0,-62,-76,2,-89,53,-102,-76,-45,-40]]]
11461652	p	1273865
1270349	p	1273368
10265161	p	1273294
1256039	n	78.5733,18.232,78.9907,18.6117	[[[785733,183900,12,-222,34,-219,56,-215,79,-209,99,-201,119,-190,134,-172,31,6,86,79,65,-10,49,-18,-2,-28,254,-105,90,-74,10,-2,766,95,14,83,63,132,106,-60,311,-45,99,1,19,21,128,-40,1517,188,-5,47,35,117,-27,53,32,88,-499,2774,-14,3,-97,-140,-131,96,-69,-104,-20,17,8,46,-35,-6,19,40,-27,10,-21,-32,-21,55,-142,143,-219,51,-64,-13,-115,28,-63,41,-465,108,-821,-166,-127,-57,-199,-114,-186,-132,-172,-149,-156,-165,-139,-178,-119,-190,-99,-201,-79,-209,-56,-215,-34,-219,-12,-222]]]
1267819	r	76.4736,26.0325,77.4631,26.9996	[[[764737,267161,127,-50,44,-77,92,-47,326,-115,241,-207,203,-109,113,-61,155,148,117,-92,14,16,35,-26,-60,-112,94,-36,185,-215,-26,-78,145,-27,153,17,9,-73,51,-11,94,-74,81,-123,34,-16,118,-48,168,-27,73,-8,105,33,45,-10,-7,-18,71,-44,70,12,181,149,-12,149,139,5,264,290,98,144,17,52,-478,495,-18,111,-12,222,12,222,36,219,60,215,83,209,105,201,127,190,147,178,166,165,183,149,198,132,212,114,206,88,-145,125,-58,112,-95,69,-1,25,-202,38,-20,81,-209,111,-205,11,-113,42,-105,-19,-15,16,-181,-146,-11,-136,20,-73,-47,-295,-4,-8,-1,-7,-103,-167,-159,-82,90,-138,-36,-33,-25,-18,-9,-8,-12,-7,-119,-86,-43,-16,-20,-13,-345,-124,-34,-49,-425,-255,-128,-110,-36,-66,-225,-142,-96,-99,-35,-6,-4,-52,-38,-49,-170,-32,-210,95,-2,-91,-47,-67,-164,57,-100,-50,-32,85,-31,7,-230,-135,-86,-90,-243,-301,-18,-66,-57,-59]],[[765512,262666,10,-9,0,-1,34,-33,257,83,154,-42,11,74,70,-14,-3,-30,-8,-80,47,-36,-16,-63,-13,-19,-1,-2,-40,-58,-12,-16,-182,-105,5,-37,52,-48,-95,-75,246,-130,259,-178,48,14,226,-26,121,-168,165,40,-4,30,43,54,1,2,15,18,17,-1,2,0,118,-8,-6,-31,63,-11,18,-46,74,-18,27,-28,3,-3,44,-46,-19,-64,78,-1,31,-29,15,29,35,-1,306,-438,67,-57,133,2,79,-74,5,-9,5,-8,63,-116,40,-158,107,-2,71,32,63,-62,74,-111,73,-47,25,-78,-38,-22,1,-35,50,-45,45,23,92,-4,185,136,49,147,80,115,21,183,183,63,296,39,298,222,201,42,45,49,-5,85,47,85,253,216,229,70,278,-5,145,41,152,191,24,145,5,9,120,-75,203,-179,-115,-180,49,-15,11,-46,41,-32,84,-3,40,46,75,33,21,-11,7,31,121,-2,-64,-46,16,-43,16,-31,63,-2,5,-31,167,-187,11,-119,-30,-50,48,-58,44,-142,54,-48,128,-27,55,-72,19,-102,197,83,54,103,2,66,179,214,160,60,64,-11,25,30,99,13,-5,55,26,29,115,-37,65,71,139,-48,160,70,210,0,21,71,132,-2,148,-109,134,-54,-26,-57,26,-98,48,12,115,-50,-17,-45,30,-37,92,-13,37,-61,63,-8,-743,2540,-136,84,-52,116,-48,24,-79,-19,-22,193,-90,-31,-70,22,76,167,-27,110,-148,20,26,61,-152,38,-17,33,-87,-1,-111,-40,-60,35,-77,-16,-58,-55,-112,-5,-29,-30,-62,37,-54,115,11,153,-31,15,0,50,29,31,-61,24,-13,38,-53,-37,44,94,-39,71,2,65,-40,18,41,29,0,29,-34,44,4,43,-55,48,-31,149,7,7,102,102,33,71,89,12,51,28,3,32,111,-38,154,61,68,-23,-3,62,48,48,220,146,201,62,95,56,99,0,137,139,5,54,67,72,111,-23,31,13,44,160,-351,39,-18,-55,-24,46,-42,-3,-46,56,52,133,66,-16,82,31,25,-26,0,-1,35,16,-138,226,-126,130,1,214,43,203,-34,113,4,19,-5,21,29,79,-126,107,102,88,43,105,-14,12,74,94,-68,84,-66,-24,-75,48,-33,-23,11,-37,-170,-63,-42,-66,-186,-84,-66,50,-214,286,-47,29,1,-2,83,-209,60,-215,36,-219,12,-222,-12,-222,-36,-219,-60,-215,-83,-209,-105,-201,-57,-84,-2702,0,34,-38,19,-88,-34,-17,-4,-41,-233,-84,-162,6,-36,-101,4,-29,-3,-9,4,-1,2,-17,170,-44,156,30,11,-100,31,-27,-16,-80,-159,-76,-110,-15,-74,60,-272,99,-49,-348,-270,-90,-31,-51,-71,-6,-29,-63,-80,-20,-118,-118,-160,-109,-162,76,-87,-18,-170,-132,-58,-10,-75,-87,108,-100,-71,-99,-124,-36,-105,-88,-36,21,-33,-23,-52,8,-92,-71,-21,-61,-104,-2,-92,-85,-173,-108,-69,-16,-79,-99,101,-157,-136,-174,-46,-22,-76,26,-37,-27,-106,-13,-107,-62,-96,-115,42,-91,-13,-41,-70,-13,7,78,-93,57,-30,5,-54,-40,5,59,-52,44,-71,-28,-7,-47,-105,-57,4,-74,-192,27,14,-87,-23,-47,29,0,10,-46,42,-30,-53,-57,-1,-1,26,-75,-121,-51,-63,-118]]]
1263622	r	75.0758,29.5429,75.7756,30.2098	[[[750758,298871,17,-239,132,-95,-9,8,8,41,194,124,37,77,-28,238,-179,136,-51,8,-121,-298]],[[751608,298037,797,-569,-22,-63,-113,-104,-96,82,-89,-1,-78,-115,-30,-105,18,-142,90,-7,-20,-134,-53,-64,-113,9,-38,-77,-121,-30,-64,-20,74,-136,104,-34,12,-1,12,-7,-57,-199,25,-45,109,-69,55,0,24,7,52,1,31,-8,80,-46,64,-79,98,-51,-91,-171,-24,-22,-18,-30,64,-24,38,-40,18,-39,0,-3,47,-114,0,-77,-17,-43,-5,-38,42,28,42,16,120,18,121,5,92,30,24,43,8,46,20,5,83,-21,44,-1,125,7,-7,29,8,120,37,67,62,53,-36,21,-16,-2,-41,35,-50,31,-11,18,-13,52,-68,10,-40,24,-5,8,-8,6,1,4,-5,8,14,22,41,130,2,0,2,7,116,-5,37,52,53,16,59,114,-10,77,6,20,93,103,18,106,65,16,30,-10,56,-74,110,-48,10,42,-141,262,2,37,122,52,12,44,97,-6,48,89,161,4,18,90,-42,61,75,50,2,48,91,7,13,215,-5,-87,1172,130,-3,-67,144,147,-71,-73,322,36,-141,21,155,-23,78,-168,5,-92,76,-30,86,72,174,43,99,-64,20,-13,110,51,60,55,9,181,85,30,128,-7,118,26,98,-17,142,-204,143,-19,19,39,-41,65,72,102,-17,63,65,83,-33,37,14,102,33,2,31,99,171,11,79,106,191,30,85,72,-13,119,36,64,-181,82,6,60,44,52,-37,149,25,61,71,45,-28,92,7,100,-21,18,-73,-36,-127,64,-83,56,-35,73,-238,-3,-31,-159,-217,-91,-84,-5,-44,21,18,71,-38,23,4,55,-56,51,-59,17,-32,-23,-54,76,-82,-12,66,207,7,158,39,68,-50,33,168,155,88,10,96,81,57,3,18,57,-35,22,8,48,0,1,4,24,-64,10,-73,71,60,61,-58,23,-17,-26,16,25,-5,2,-29,-55,-1,0,-135,11,-81,-124,-74,15,-30,43,38,122,-7,6,7,-5,0,1,-9,6,-48,41,-12,10,48,182,-75,44,40,35,-145,113,123,86,70,83,54,14,79,118,-58,1,-19,-24,-126,33,-4,47,-59,43,20,22,-56,42,-7,31,37,12,-23,72,-201,-68,-232,80,-14,0,-35,1,-1,0,-156,36,-5,-4,-113,-89,-9,-7,-106,46,-41,44,-101,-69,-64,37,-104,0,-157,115,-21,55,24,31,-29,19,-16,91,-55,2,8,43,-197,152,-24,4,-96,-34,-122,3,-116,-45,-108,-7,-229,141,2,39,34,25,-35,-2,-17,32,-38,-5,-132,-109,-3,0,-5,-4,-45,10,-121,-117,1,-59,65,-54,-79,-77,-5,-26,36,-16,-17,-25,-63,11,-67,-32,-8,-133,96,-41,-45,-64,-44,-48,-41,17,-117,-94,-54,-4,-95,-106,-40,18,-97,-43,-30,21,-62,-69,90,-68,66,-207,108,-17,87,-59,-15,-53,-42,-32,-31,41,-69,25,-166,29,-11,-39,-63,7,-78,-40,-81,-152,-55,16,-152,-116,11,-58,73,-65,22,-101,164,-18,49,-28,62,60,13,50,52,-27,70,9,-269,-247,-25,-61,66,-43,27,-62,-80,-53,-224,89,-39,-129,-92,-102,-167,93,-43,-15,-86,72,1,42,-23,12,-107,7,-123,-107,-18,-173,23,-8,-52,-62,54,-44,-28,0,-6,-9,-2,0,-11,-19,-71,-109,6,-5,38,66,-40,-70,127,-108,33,-267,168,-11,126,-53,2,-66,-1,-145,0,18,-47,-56,-71,16,-127,-62,-27,-29,3,-85,2,-1,1,0,0,-6,-113,-107,-127,-36,-19,-26,-43,-208]]]
1269247	n	87.8332,24.2451,88.3175,24.6069	[[[878333,244700,11,-222,36,-219,59,-215,12,-32,1648,-1479,220,-51,234,-31,2236,916,63,77,124,190,104,201,81,209,14,52,-1787,857,-288,57,-21,70,-91,145,-88,105,-40,37,-10,50,0,522,-32,60,-74,70,-2407,-1293,-4,-76]]]
10733738	p	1267016
11626023	n	85.0854,23.5508,85.4562,23.838	[[[850854,236704,340,-53,57,48,212,20,119,41,39,-66,40,-9,76,193,146,223,353,-92,19,-45,-18,-102,26,-14,83,17,6,-21,-89,-54,-23,-70,-24,0,-12,-73,22,-45,-21,-34,17,-20,-89,9,-18,-51,-60,-50,-28,-91,31,-111,38,-49,243,-18,105,-144,-34,-100,194,-41,43,-43,20,-75,95,18,22,-30,37,11,365,-80,81,-25,100,-79,274,33,91,-61,69,-5,30,-57,28,-1,33,111,26,7,42,-77,112,13,18,9,148,815,-67,29,-15,38,5,40,-9,30,115,18,294,1621,-2768,218,-48,-32,-179,-149,-161,-165,-144,-178,-123,-190,-103,-201,-81,-209,-59,-215,-35,-219,-6,-118]]]
13494723	n	79.9017,12.7043,80.1482,12.8801	[[[799017,127858,2066,-815,22,93,17,21,68,-2,24,13,1,15,-20,13,-45,0,-15,9,-5,65,41,31,19,70,11,2,24,-16,60,-7,22,7,15,19,6,61,0,36,-10,20,-90,20,-46,2,-9,14,15,75,0,35,-52,35,-20,23,-17,-8,-6,23,17,26,13,7,14,-1,47,-38,10,3,8,26,22,33,19,11,110,103,129,178,-7,28,-97,79,8,24,28,41,-1,9,-838,559,3,-5,0,-1,12,-26,44,-45,4,-53,9,-26,-53,-74,-35,-61,-3,-69,-18,-44,-27,-7,-43,15,-22,-1,-17,-16,-7,-39,-33,-8,-51,-35,-22,-67,-70,-3,-28,10,-72,-31,-43,-71,1,-35,-9,-11,-26,7,2,16,-35,4,-32,-1,-17,-8,-2,-1,-8,-3,-85,-12,-63,33,-35,6,-109,-3,-62,87,-29,18,-21,-17,20,-121,11,-6,33,0,1,-8,0,-4,0,-1,1,-21,-32,-87,-34,-60,-15,-6,-141,-3,-2,-57,-17,-2,-6,0,-1,0,-14,-1,-30,7,-41,87,-18,29,-13,10,-8,-2,-3,-10,-1,-1,-4,-12,-11,-2,-50,26,-31,8,-65,3,-35,-88,-50,-43]]]
1278297	r	77.4717,24.2295,78.278,25.0223	[[[774717,244576,41,-22,-3,-200,94,-56,46,-3,229,-752,1078,-78,-37,-50,27,-107,188,-87,47,34,86,-13,-30,-98,39,-18,265,-17,158,-55,13,-36,64,41,9,-26,58,5,104,-43,66,38,291,43,165,-66,76,59,19,66,47,15,133,-88,129,-8,57,-58,7,65,202,66,39,-46,86,36,250,26,176,-30,12,-133,2,-28,-90,-111,-18,-68,110,-62,102,-25,222,-10,21,-74,-11,-88,101,-27,2,-169,124,-23,82,87,39,83,187,-13,11,-37,94,-6,8,-36,216,-9,61,104,-44,13,38,99,-34,42,-18,153,60,92,215,-54,0,-69,59,-32,0,-58,85,-49,40,-9,13,30,119,-43,86,15,9,-30,118,6,29,69,-122,239,-11,67,27,194,36,67,106,48,96,87,108,27,88,95,142,83,164,218,-27,96,47,93,188,31,243,88,131,123,264,93,179,131,16,89,-19,45,96,115,12,67,-70,51,-221,71,-18,29,36,136,-17,69,-160,65,-49,72,15,107,28,36,349,143,22,76,-15,88,23,77,56,35,4,164,47,158,-15,74,-112,124,-28,113,13,80,114,75,11,60,-110,151,-78,249,-251,318,-70,130,21,77,76,71,3,89,-187,359,-127,158,-47,135,-58,46,-160,8,-30,22,-76,-55,-276,12,-159,-24,-29,-29,-77,0,-86,34,-93,77,-161,-11,-16,34,-80,10,-212,86,-32,-17,18,-67,-50,-83,-40,-36,-209,1136,11,37,-18,3,-121,661,-4114,-297,-52,-269,-13,-3,-106,-104,-9,-86,-101,-62,-46,-68,-43,10,-59,-135,-82,-70,33,-5,-11,-82,60,-36,-4,-37,122,-13,114,-67,-27,-139,-56,-43,-19,-42,-138,-67,-137,-143,-84,-41,-66,-153,39,-119,-14,-86,33,-39,-26,-76,69,-59,117,-36,22,-108,55,-22,5,-8,-141,-737,-17,-58,-78,-26,-55,-99,-86,0,-136,-135,-100,-140,34,-125,-65,-21,-40,-43,17,-69,-86,-392,62,-13,55,-56,-23,-193,39,-28,-31,-32,48,-36,19,-78,-33,-114,21,-72,-37,-106,56,-34,-23,-146,67,-21,-1,-6,-57,-123,27,-35,-22,-112,-134,6,-34,-24,-30,-74]]]
13156931	p	1260086
1263080	p	1269743
1264138	n	74.3031,29.9839,74.71,30.3656	[[[743031,303083,28,-62,-13,-42,156,-540,33,10,345,-42,-51,-264,-81,-150,33,-72,-79,-179,39,-135,154,-55,152,-17,-5,-71,71,-156,187,-141,6,-55,123,-137,-47,-18,-119,128,-144,32,-101,-39,13,-39,-75,-165,233,-128,-11,-75,78,-89,-29,-16,214,-208,-4,-68,-56,-8,160,-21,273,37,97,-156,18,-51,-33,-27,-376,-85,29,-87,44,-10,252,-32,255,-11,203,9,1468,1274,-173,179,106,134,-5,69,148,121,321,55,39,-62,65,-25,50,7,78,68,0,1452,-33,4,-1,0,-3979,532,12,-56,90,-62,31,-207,34,-38,-133,-98,-90,-112]]]
1268680	p	1279233
13157141	p	1275610
1260792	n	81.6219,16.4209,81.9019,16.661	[[[816219,165019,2800,-810,-593,2401,-1378,-260,-733,-460,-96,-871]]]
1270099	n	72.7964,23.3739,73.2032,23.8261	[[[727964,237596,0,-56,47,-87,-11,-73,95,-141,107,-252,94,-98,54,-205,-14,-68,-155,-166,-12,-44,18,-62,140,-179,98,-39,-7,-85,-113,-92,-228,-81,-14,-140,37,-102,202,-164,16,-125,-84,-108,39,-33,56,5,7,-30,-51,-27,-39,-136,-32,-16,-187,58,-48,-21,17,-81,146,-141,47,-140,-117,-261,-50,-51,123,-103,193,-132,207,-114,217,-95,227,-75,233,-54,238,-32,240,-11,240,11,238,32,233,54,227,75,42,19,1351,2763,-67,172,-103,201,-123,190,-144,178,-161,165,-178,149,-193,132,-207,114,-217,95,-227,75,-233,54,-238,32,-240,11,-240,-11,-238,-32,-233,-54,-227,-75,-217,-95,-207,-114,-193,-132,-178,-149,-3,-3]]]
1272733	p	1279233
7279734	p	1271949
1276988	r	83.236,20.9827,83.922,21.653	[[[832360,213817,8,-1,127,16,238,-66,-44,-290,-118,-109,1,-26,81,-16,2,-21,-39,-10,-50,-100,48,-111,87,-58,59,-9,25,-84,-79,-202,-59,59,-170,37,-103,-119,20,-117,58,-232,74,-228,89,-223,105,-216,120,-210,134,-203,148,-193,161,-184,173,-174,186,-163,122,-94,3588,-643,95,27,238,84,231,98,224,113,216,125,206,139,196,151,186,163,173,174,103,117,-305,732,-1791,4306,-891,474,-3140,-1052,-119,-156,-134,-203,-120,-210,-105,-216,-89,-223,-74,-228,-58,-232,-34,-193]]]
8133395	p	6619347
1268601	p	1260476
1275194	n	83.6781,21.6195,84.0593,22.0394	[[[836781,218200,12,-222,34,-219,58,-215,80,-209,102,-201,122,-190,141,-178,159,-165,176,-149,191,-132,204,-114,24,-11,2509,363,-827,1615,0,-19,-32,-17,-108,-103,-59,83,-23,21,-16,3,-14,-6,-37,-41,-39,33,-1,99,13,32,-1,77,39,188,-1,84,-25,86,-2,78,-831,1623,-131,-30,-224,-75,-214,-95,-204,-114,-191,-132,-176,-149,-159,-165,-141,-178,-122,-190,-102,-201,-80,-209,-58,-215,-34,-219,-12,-222]]]
1268259	n	78.1033,18.0939,78.5766,18.4941	[[[781034,183200,12,-222,34,-219,56,-215,78,-209,100,-201,119,-190,138,-178,156,-165,172,-149,187,-132,199,-114,210,-95,218,-75,225,-54,230,-32,232,-11,232,11,230,32,225,54,218,75,210,95,199,114,187,132,172,149,156,165,138,178,119,190,100,201,78,209,56,215,34,219,12,222,-12,222,-34,219,-56,215,-78,209,-100,201,-119,190,-138,178,-29,31,-36,-10,-4,-90,-243,-173,-118,-3,-65,28,-3,84,-80,125,-169,148,-122,17,-63,-35,-64,2,-107,55,-135,22,-28,-30,1,-102,-88,-45,-63,-74,-44,-10,-129,-23,-206,80,-283,29,-32,-68,-67,-26,-115,0,-86,-43,-73,12,-38,37,-8,-32,-102,-17,-61,54,14,42,-36,50,31,98,-29,98,-175,-3,-3,45,-145,-20,-31,49,-11,5,-697,-415,-54,-70,-119,-190,-100,-201,-78,-209,-56,-215,-34,-219,-12,-222]]]
7302847	n	80.3845,17.324,80.8743,17.8261	[[[803845,175500,11,-222,34,-217,208,173,265,-128,353,-25,-268,-367,-100,-188,-184,67,-79,-81,38,-78,119,-190,137,-178,155,-165,172,-149,42,-30,2,0,11,23,253,29,26,-18,21,-28,-34,-186,63,-36,209,-95,217,-75,221,-53,20,71,264,102,15,46,189,-262,206,10,229,32,224,54,217,75,209,95,199,114,114,81,8,-14,71,24,209,95,198,114,186,132,171,149,155,165,19,24,6,-6,20,17,77,80,-1602,3773,-141,7,-231,-11,-229,-32,-224,-54,-218,-75,-209,-95,-198,-114,-186,-132,-171,-149,-37,-39,-16,21,-191,-87,-199,-114,-185,-132,-172,-149,-155,-165,-137,-178,-119,-190,-99,-201,-78,-209,-56,-215,-34,-219,-11,-222]]]
1263664	n	74.2006,20.0523,74.6794,20.4437	[[[742006,202500,12,-222,34,-219,57,-215,79,-209,101,-201,121,-190,140,-178,157,-165,174,-149,189,-132,172,-97,2705,253,146,125,157,165,140,178,121,190,101,201,79,209,57,215,34,219,12,222,-12,222,-34,219,-57,215,-79,209,-101,201,-1,2,-3325,866,-14,3,-101,-57,-189,-132,-174,-149,-157,-165,-140,-178,-121,-190,-101,-201,-79,-209,-57,-215,-34,-219,-12,-222]]]
9408449	r	79.434,13.4822,80.2231,13.9454	[[[794340,138775,6,-57,41,-162,104,-194,53,-80,17,-59,2,-33,8,-167,15,-15,32,-9,81,-13,12,-32,83,-52,51,-16,37,-28,24,-37,30,-29,25,-14,25,-3,43,-33,27,1,28,-17,29,0,107,45,834,-1691,3091,-1258,1408,414,390,217,-248,291,-130,208,-35,239,225,293,158,107,23,122,4,235,68,-85,91,-56,79,-62,35,-107,-36,-249,36,-116,143,-82,62,300,1,798,106,-100,311,-397,137,-356,94,-101,63,267,56,330,33,333,12,335,-12,335,-12,127,-4168,1392,-1305,-680,0,-27,12,-43,-37,-64,-7,-43,-7,-12,-4,-228,-203,47,-113,41,-39,7,-52,-12,-66,35,-118,34,-28,30,24,55,33,26,55,10,11,8,13,42,35,43,-2,86,-41,49,-117,29,-131,5,-14,153,24,80,-5,36,-30,55,4,17,-103,-40,-73,1,-6,12,-37,-16,-168,-40,-105,0,-92,9,-212,-21,-126,-28,-229,21,-22,-94,-9,-10,-5,-26,-8,-6,-54,-9,-14,-15,-128,-5,-36,-22,-16,8,-12,-20,-45,-28,-91,-129],[795559,138162,0,1,1,0,-1,-1],[795747,138316,7,20,12,13,111,23,55,27,19,-33,-192,-100,-12,50]]]
1265938	p	7302847
1261641	p	1264733
1271067	n	74.5862,15.9439,75.0538,16.3961	[[[745862,161700,11,-222,34,-219,55,-215,78,-209,98,-201,118,-190,103,-135,607,-527,132,-76,207,-95,216,-75,223,-54,227,-32,229,-11,229,11,227,32,223,54,216,75,207,95,197,114,184,132,170,149,155,165,136,178,118,190,98,201,78,209,55,215,34,219,11,222,-11,222,-34,219,-55,215,-78,209,-52,107,-776,674,-626,508,-27,10,-223,54,-227,32,-229,11,-229,-11,-227,-32,-223,-54,-216,-75,-207,-95,-197,-114,-184,-132,-170,-149,-155,-165,-136,-178,-118,-190,-98,-201,-78,-209,-55,-215,-34,-219,-11,-222]]]
1254534	r	78.6499,24.4914,79.1158,25.0013	[[[786499,249410,20,-26,39,20,76,-20,38,-246,94,-152,71,-36,130,-18,142,-135,113,20,69,-28,177,-137,71,36,83,-88,78,-10,48,-92,-12,-89,23,-102,75,-146,64,-51,-28,-97,-127,-67,-39,-62,24,-58,-28,-245,66,-63,-43,-87,10,-119,36,-176,41,-75,-100,-147,-74,-9,16,-96,-37,-100,-68,-17,-79,-65,4,-62,-33,-24,67,-55,14,-62,-20,-6,27,-78,-6,-121,27,-20,-37,-27,35,-134,-26,-36,173,-60,73,-55,72,-1,152,58,42,49,0,42,82,4,54,-29,96,36,82,0,32,112,55,75,54,-12,38,26,31,-68,42,-3,64,98,18,126,151,14,63,-118,68,-39,-14,-44,58,-141,120,-70,0,-95,76,-159,47,2,43,-93,46,-17,12,-32,114,-37,7,-64,61,-38,-50,-28,-45,-96,76,-157,-33,-36,-7,-128,9,-2,82,34,165,81,159,90,152,100,145,108,136,117,128,125,119,132,109,139,27,41,-109,142,41,88,82,41,76,7,112,64,35,69,66,160,54,164,42,166,31,169,18,170,6,171,-6,171,-18,170,-31,169,-42,166,-54,164,-66,160,-78,156,-88,151,-98,145,-109,139,-119,132,-128,125,-136,117,-145,108,-152,100,-159,90,-165,81,-170,71,-175,60,-179,49,-182,39,-185,28,-186,17,-187,5,-187,-5,-186,-17,-185,-28,-182,-39,-179,-49,-175,-60,-170,-71,-165,-81,-159,-90,-152,-100,-33,-24,1,-11,-29,-28]],[[789179,244914,40,11,70,24,-40,47,-43,1,-27,-83]]]
1278471	n	79.4432,12.9433,79.7918,13.209	[[[794432,131198,91,17,1,58,-82,-17,-3,-15,-7,-43]],[[794551,130932,762,-1499,1490,162,162,111,46,56,310,97,133,109,38,83,183,115,55,21,71,40,40,2,54,20,-28,37,-6,108,57,74,-3,59,-25,2,-1,26,-92,-28,-17,81,-73,-10,-89,-90,-104,4,-30,-21,-105,110,-79,-59,-110,-3,-4,42,57,7,22,88,118,-27,29,108,-52,105,-1,76,-127,43,-152,-8,-11,22,-57,0,-1,42,19,-12,3,20,-11,65,170,-62,55,122,64,-27,40,26,31,263,-18,233,-331,-46,-21,-36,-67,-1,-26,56,-4,130,87,38,9,100,-79,10,-235,-93,15,211,-82,23,-18,33,-53,-15,-7,-30,-102,-117,15,-76,-21,-66,-33,-3,-62,-79,-48,8,23,-42,-13,-98,27,-3,29,-76,-20,-24,-68,-32,-149,-1,-66,27,-164,9,93,-173,-23,-77,-25,-13,-235,0,-28,81,11,79,-69,-15,-94,15,-4,-26,-101,26,-103,-10,-62,38,-34,-12,-1,47,-52,2,-64,-49,-88,-3,-16,-26,-75,31,-34,-16,-66,20,-19,-116,-65,28,0,-228,-106,-13,-3,-107,-86,-23]]]
1278446	r	87.221,25.9732,87.7726,26.4515	[[[872210,259902,525,-49,7,1,2,-2,35,-3,1,10,7,-11,476,-44,130,7,30,-22,69,-7,6,39,43,-4,37,-43,442,-41,2,10,25,3,28,55,0,43,-40,1,-4,25,72,8,49,41,61,-28,43,5,8,25,9,-18,10,-5,19,1,25,-14,34,-10,77,-8,-1,-28,120,5,67,19,2,26,77,4,-1,-18,17,0,26,-27,2,0,42,-43,55,-26,22,-3,57,10,-1,18,-3,0,-5,18,27,-9,41,50,3,0,11,16,28,-5,7,9,61,7,-11,-12,-6,-2,-6,-12,30,-6,0,-17,1,-2,3,-48,-1,0,2,-6,14,0,13,12,29,-44,-5,0,7,-12,10,-7,24,8,-2,8,16,12,-1,34,20,2,0,1,86,15,-1,32,73,-57,29,37,378,71,31,84,92,51,170,40,17,43,126,-1,24,35,37,-13,12,27,39,5,-27,43,40,127,-40,58,-60,22,-25,64,40,54,80,38,-9,71,100,10,-53,57,-34,-1,11,29,55,27,90,-26,2,29,16,-18,32,13,-11,35,62,7,14,-11,-32,-33,30,17,85,-29,-2,-35,37,5,44,32,3,118,83,1,16,47,-27,63,-56,20,105,37,96,2,13,47,73,1,7,68,32,24,35,-5,15,-42,102,-6,442,3375,-36,12,-128,-46,-67,-212,-73,-152,-147,-67,-166,19,-133,106,-164,79,-216,-67,-109,-75,-247,-171,-370,-149,-349,87,-334,171,-662,-920,0,2,12,81,23,37,46,26,4,9,-3,33,12,50,-11,2,-16,-11,-46,-3,11,38,-36,10,-9,13,-67,3,-36,-5,-11,-13,10,-41,-17,-14,-35,-58,-25,-81,4,-16,-21,-102,8,-27,-6,-30,-27,-29,6,-72,34,-14,12,-12,0,-32,-121,-167,13,-4,-37,12,-14,-2,-2,-62,-102,-142,23,-14,89,-16,-1,-19,8,-16,17,-7,6,-11,-16,-27,9,-17,77,-61,27,-38,-3,-13,-21,5,-12,-16,-19,-86,-78,-2,-44,6,-53,-21,-10,-18,-9,-22,2,-24,15,-3,19,-29,18,-56,32,-61,-13,-25,14,-56,-6,-19,-15,-11,-64,17,-33,-74,4,-94,30,-59,-4,-22,-26,-32,-32,-26,-50,-11,-30,10,-60,35,-33,29,4,34,-40,24,-17,-31,-51,-10,-40,-19,-13,-30,-29,-20,-69,4,-85,-25,-22,15,-6,12,23,6,2,35,-68,2,-1215,-1688]]]
1266436	n	89.1894,26.0939,89.6899,26.4877	[[[891894,263200,13,-222,36,-219,59,-215,83,-209,105,-201,127,-190,146,-178,165,-165,183,-149,197,-132,211,-114,222,-95,232,-75,238,-54,243,-32,246,-11,246,11,243,32,238,54,232,75,222,95,148,80,-35,15,-66,125,106,181,65,54,69,31,72,5,204,-55,9,49,-68,116,-21,303,69,84,216,64,181,-31,50,-138,30,45,105,201,83,209,59,215,36,219,6,111,-4091,1775,-8,-3,-76,16,-96,-78,-165,-165,-146,-178,-127,-190,-105,-201,-83,-209,-59,-215,-36,-219,-13,-222]]]
1266966	p	1259229
1276335	p	1270576
1267457	n	87.9121,23.424,88.3753,23.8466	[[[879121,235467,17,-33,123,-190,144,-178,161,-165,179,-149,193,-132,206,-114,218,-95,226,-75,234,-54,238,-32,218,-10,1681,1459,786,682,7,119,-12,222,-35,219,-59,215,-81,209,-103,201,-123,190,-144,178,-161,165,-179,149,-193,132,-157,86,-3326,-837,-58,-2162]]]
1273626	n	83.8241,23.8139,84.3159,24.2662	[[[838241,240400,12,-222,35,-219,59,-215,81,-209,103,-201,124,-190,144,-178,162,-165,179,-149,194,-132,207,-114,218,-95,227,-75,234,-54,239,-32,241,-11,241,11,239,32,234,54,227,75,218,95,207,114,194,132,179,149,162,165,144,178,124,190,103,201,81,209,59,215,35,219,12,222,-12,222,-35,219,-59,215,-81,209,-103,201,-124,190,-144,178,-162,165,-179,149,-194,132,-207,114,-218,95,-227,75,-234,54,-239,32,-241,11,-241,-11,-239,-32,-234,-54,-227,-75,-218,-95,-207,-114,-194,-132,-179,-149,-162,-165,-144,-178,-124,-190,-103,-201,-81,-209,-59,-215,-35,-219,-12,-222]]]
1252908	r	76.6336,19.8898,77.4433,20.4267	[[[766336,200368,34,-195,75,-303,95,-298,116,-291,134,-279,4435,95,-5,35,22,22,64,29,8,157,-3,26,-13,15,-10,37,36,2,28,16,6,31,-6,48,143,115,52,25,27,3,90,-22,18,6,21,6,5,1,19,15,24,93,24,41,141,55,40,44,24,13,20,-1,3,0,10,-1,20,-12,25,-48,71,-75,16,-34,0,-22,-6,-8,-2,-1,-50,-14,-10,-13,4,-91,-17,-68,-26,-47,21,-59,24,-26,22,-5,55,3,40,-11,60,-3,50,11,30,-2,16,-5,19,-29,0,-2,-9,-45,8,-164,15,-24,44,-32,10,-32,-4,-12,-70,-49,-27,-30,7,-39,10,-22,28,1,18,20,65,14,50,42,12,22,24,21,26,1,60,-39,12,-3,17,8,19,25,1,169,16,20,26,2,65,-22,21,-20,17,-30,14,167,-6,75,88,32,59,36,42,95,5,120,141,-29,40,-29,-5,56,34,85,66,6,4,-6,21,0,33,11,-7,157,31,128,4,8,14,13,-6,26,72,20,14,13,5,26,41,-9,14,13,1,21,-11,41,61,58,120,207,-91,93,-43,28,-48,43,1,1,-6,11,-11,2,7,25,-11,35,16,3,25,65,73,37,52,74,-38,99,184,-119,102,-11,496,968,-2893,2443,-3690,-694,-667,-540,-847,-2665]]]
11184254	p	1269300
11184442	n	71.0589,21.1139,71.5381,21.525	[[[710589,213400,12,-222,34,-219,58,-215,79,-209,102,-201,121,-190,141,-178,159,-165,175,-149,190,-132,203,-114,214,-95,223,-75,230,-54,234,-32,236,-11,236,11,234,32,230,54,223,75,214,95,203,114,190,132,175,149,159,165,141,178,121,190,102,201,71,187,-12,41,35,160,47,67,-17,43,15,40,-35,30,13,31,-80,35,5,60,-57,139,82,211,-14,136,100,21,-16,105,-58,215,-79,209,-102,201,-96,151,-111,-4,-1,1,-139,198,45,63,-119,124,-175,149,-148,102,-3652,-1097,-37,-97,-58,-215,-34,-219,-12,-222]]]
1276752	n	77.6945,23.6376,78.1855,24.0761	[[[776945,238500,11,-222,36,-219,58,-215,81,-209,103,-200,3002,-1059,104,35,217,95,207,114,194,132,178,149,162,165,144,178,124,190,103,201,81,209,58,215,36,219,11,222,-2,53,-662,1180,-1487,1008,-63,9,-241,11,-89,-4,-2355,-2044,-11,-213]]]
1254953	r	81.597,16.635,81.8617,16.8974	[[[815970,167874,10,-11,68,-17,-33,-61,54,-76,4,-24,11,-27,16,-15,-13,-17,11,-30,23,-3,13,-15,-7,-39,227,-27,-2,-126,-14,-98,13,-1,3,-18,49,-4,3,-19,16,-5,-3,-39,10,8,619,-860,1378,260,191,321,-837,1652,-1126,391,-221,-411,45,-32,31,-9,17,7,22,-11,5,-11,-14,-38,-21,-1,11,-24,-19,-77,-36,-45,-75,-23,-19,-30,-7,-36,-52,21,-156,17,-31,-3,8,-161,-12,-11,4,-19,-49,12,-11,-10,-5,-24,-22,8,-15,-3,-9,-10,19,-109,-62,-51,-10,-16]]]
1270647	r	74.8887,31.5935,75.6147,32.2444	[[[748887,319273,141,-198,-5,-55,53,-40,-8,-36,50,-33,76,15,-28,-134,95,-35,122,-88,21,32,39,4,-24,-99,7,-3,45,153,87,209,111,201,134,190,154,178,174,165,192,149,209,132,222,114,235,95,244,75,251,54,87,11,3067,-2315,-8,-136,-38,-219,-63,-215,-87,-209,-111,-201,-134,-190,-154,-178,-174,-165,-192,-149,-102,-64,47,-29,105,-13,316,-311,82,47,65,156,4,78,63,61,33,-13,390,99,24,104,39,35,-29,37,128,157,-39,21,37,54,67,33,35,176,192,148,138,181,76,58,79,138,-53,1,12,143,22,1,-113,173,71,-44,158,-13,67,56,48,126,-47,46,80,9,2,6,2,0,0,7,10,32,0,94,-39,3,-23,130,-113,-15,3,139,-36,88,146,23,21,32,50,6,-4,199,-40,135,-57,-4,-27,115,-85,104,-82,162,-30,160,-60,-5,29,189,37,73,40,-3,13,93,36,34,-30,26,72,45,65,124,-102,82,-54,173,-67,55,196,17,83,55,49,73,59,220,94,108,92,33,36,46,-18,-155,56,-1,42,-31,109,34,-183,172,42,66,-25,6,-2,3,-3,2,-5,26,-21,66,-7,70,-88,-67,-29,23,3,38,30,74,29,7,-8,116,-12,21,7,43,-2,40,-19,-4,-6,-11,-54,-3,-1,0,-25,-17,-86,-8,-6,-2,-47,-12,-10,-1,-49,-11,-11,-15,-33,5,-10,2,4,48,-29,6,-1,1,-61,17,5,51,-95,10,-41,4,-23,2,-78,14,-84,5,-9,-2,0,-5,0,-11,-12,0,-4,-19,-29,-2,-19,8,4,7,0,1,-2,1,-21,9,-4,15,-26,-5,-3,19,-18,24,-76,2,-11,-14,-8,4,-6,-6,-47,17,-10,7,7,10,13,17,-19,14,-3,16,-50,-2,-2,-13,-2,-11,-7,-2,-27,3,-40,3,-46,-28,-58,22,-9,-48,-49,-12,1,18,-37,3,-10,-26,-69,24,-38,-42,-23,3,10,60,-11,24,33,0,1,16,-17,0,-23,16,7,38,30,-12,38,-4,14,31,-3,9,-126,21,-54,-43,-41,-8,-12,13,-2,0,-25,6,-7,24,-5,20,-31,15,11,54,-101,10,-4,45,6,24,4,11,-3,18,-17,-2,2,12,-16,1,-1,12,-81,-10,-56,-19,-20,-20,-22,-21,-37,3,-11,74,-108,15,-88,43,-104,97,-95,2,-109,74,43,57,55,-1,54,-25,133,14,19,-4,82,17,3,41,27,24,29,-15,16,36,-7,54,7,27,-232,80,-13,-24,-320,-313,-82,-168,-103,-341,-22,-69,-105,-13,-11,-20,-210,13,-134,-20,-235,-68,-306,-135,-227,-189,11,-229,-129,12,-229,55,-86,-33,-108,-92,-87,-34,-82,5,-87,28,143,-108,-10,-4,23,-49,-41,-61,-31,7,-107,124,4,-59,-75,-59,-110,-3,-43,75,-46,-16,40,-32,-53,-65,-40,-31,-51,15,-31,-16,12,-15,-111,-86,-38,18,-29,63,-124,-21,-92,-129,-75,18,-19,61,-19,-25,-158,13,-23,-22,-111,23,61,46,-40,64,-211,67,-9,-20,-37,11,-2,38,-221,35,-71,-41,-12,-45,-93,-65,142,-123,68,-206,41,-19,21,-52,-49,-21,34,-23,-17,-23,-45,3,-31,-51,-57,-11,-24,-137,34,-27,-29,-73,219,-127,84,29,11,50,246,57,-13,-158,-114,-68,-62,11,-115,-51,-53,-35,46,-29,-34,-18,-100,-28,-27,28,-118,6,-91,-55,-34,-50,-51,-16,3,28,-46,13,-36,-66]]]
11463772	p	12501153
1275391	p	1261258
1277525	r	81.8685,27.1165,82.9089,27.9147	[[[818685,274199,588,-408,33,-14,85,85,-77,54,0,150,-49,24,34,86,73,19,-1,43,46,31,-23,50,39,28,114,-56,6,23,80,11,61,71,14,-34,63,3,3,-29,46,-29,-7,-37,41,12,49,-44,18,12,7,-36,36,0,-21,-31,62,-52,5,-46,82,18,18,-21,81,74,131,-17,51,43,79,-62,122,42,33,-93,58,22,48,-12,24,-35,-10,-40,96,-63,1,2,3,-2,9,18,41,56,10,4,6,-2,-9,-28,57,4,64,-47,63,123,42,6,21,-46,42,13,23,-51,-17,-46,45,-23,-10,-51,-96,-102,53,-46,44,33,40,-48,78,-26,-8,-51,75,-16,74,-140,-4,-73,-33,-30,30,-39,98,-77,120,-14,40,11,49,-1,36,-38,94,-17,49,-89,108,-11,-2,-65,47,-2,96,-65,74,6,-3,-40,2,-1,0,-2,12,-7,22,-17,-1,4,55,-33,82,-113,61,-2,3,-32,25,31,49,-27,-33,-26,24,-93,28,9,-6,34,27,-2,78,-37,12,-30,40,7,9,-81,113,21,8,-56,24,-1,-17,-22,78,12,-30,-63,35,-61,44,3,68,-67,-71,-156,-129,51,21,48,-84,25,-46,48,16,16,-72,41,-56,-68,-206,-62,-100,-143,11,-97,-97,-231,12,-51,770,-535,1618,22,2153,1548,2264,1628,-13,357,-6,55,-57,29,-250,71,-1242,75,-224,232,-108,379,-97,748,-121,385,-174,250,-58,21,-218,77,-1259,-290,-855,-88,-388,108,-391,354,140,171,-88,130,-312,118,-334,184,-508,374,-225,107,-231,229,-23,-23,-4,-197,-42,-58,-7,-34,-484,356,-436,153,-170,87,-187,177,-201,152,-14,4,-230,68,-257,23,-1330,-4948]]]
1277085	n	74.0684,33.9839,74.5409,34.4298	[[[740684,342100,13,-222,40,-219,64,-215,90,-209,114,-201,137,-190,159,-178,179,-165,197,-149,214,-132,194,-97,199,6,313,-185,1,-4,14,-4,258,-54,264,-32,266,-11,266,11,264,32,258,54,251,75,241,95,229,114,214,132,197,149,89,82,-2634,3715,-163,-34,-251,-75,-241,-95,-229,-114,-214,-132,-197,-149,-179,-165,-159,-178,-137,-190,-114,-201,-90,-209,-64,-215,-40,-219,-13,-222]]]
1267635	n	74.0111,14.6279,74.3623,15.0361	[[[740111,150039,91,-21,111,-65,47,-157,-50,-298,-7,-146,57,-139,412,-229,39,-44,101,-64,118,-307,88,-107,132,-3,159,68,132,94,54,77,67,67,313,144,105,99,32,-134,97,-53,98,-20,45,-36,-21,-119,-62,-19,-88,27,-101,12,-173,-35,-117,-68,-93,-118,-102,-188,-80,94,-110,37,-117,-13,-101,-56,-44,-109,-3,-126,-49,-58,-178,88,51,-180,149,-131,345,-167,7,-17,68,-120,44,-9,117,19,44,-10,69,-77,136,-264,145,160,117,63,136,-40,188,-152,103,-173,60,-427,70,-188,-93,-88,3,-34,102,73,169,149,153,165,135,178,118,190,97,201,77,209,55,215,34,219,11,222,-11,222,-34,219,-55,215,-77,209,-97,201,-118,190,-135,178,-153,165,-169,149,-183,132,-196,114,-206,95,-215,75,-221,54,-225,32,-228,11,-228,-11,-225,-32,-221,-54,-215,-75,-206,-95,-94,-55]]]
1272689	n	87.7028,24.4792,88.1109,24.8998	[[[877028,246800,12,-222,36,-219,59,-215,82,-209,103,-201,125,-190,144,-178,163,-165,180,-149,195,-132,208,-114,31,-14,2378,1277,-71,68,-101,204,-163,63,-191,52,54,301,82,181,131,174,47,438,111,42,127,20,70,93,14,135,28,121,66,70,130,-20,31,59,-1710,928,-232,-153,-194,-229,-6,-38,-54,-18,75,-114,-27,-140,16,-30,37,-1,-6,-36,-36,-16,-56,44,-35,-38,-23,8,3,45,-35,-49,24,51,-22,11,-50,-78,-27,8,1,31,-61,-9,11,-44,42,-23,2,-96,61,-4,9,-26,-33,-157,-39,11,-5,48,-41,-17,11,-30,-41,-114,33,-8,-9,-37,-38,-33,-34,8,19,-21,-116,-84,-90,66,-51,-6,-8,-22,-14,125,42,-5,19,79,-14,37,-45,8,-39,-37,-22,-165,-21,22,-10,-23,-38,2,-65,-94,-1,-27,46,-24,82,-10,28,-58,98,-62,-5,-70,82,-89,-2,-45,-35,-14,-43,18,-17,42,-68,22,-69,-15,-10,-37,-163,38,-32,-5,0,-83,-95,-29,-31,94,58,36,-149,276,-47,-50,-47,8,-14,-53,-92,0,-210,91,31,60,54,8,20,27,-60,26,-45,-3,-18,-32,-58,5,-211,-351,-33,18,5,72,-40,-150,-36,-219,-12,-222]]]
8740018	n	74.9863,16.3182,75.2186,16.605	[[[749863,164707,2,-76,48,-3,-29,-92,100,9,35,33,149,6,-15,-58,24,-128,55,6,6,-49,42,-19,435,37,63,5,-48,-334,-236,-46,-9,-34,-89,16,-47,-111,-19,-290,16,-199,86,-198,127,122,92,-37,111,49,104,-12,97,-55,127,38,84,-20,72,44,50,-2,4,-3,885,878,-253,1245,-79,621,-143,-46,-111,-101,-29,-65,2,-155,87,-174,-39,-164,-96,-74,-192,-38,-77,-117,-101,-55,-66,18,-44,46,-42,140,-100,117,-25,155,-39,64,-125,75,-45,-282,-592,-10,-11,-50,-55,-37,-30,-121,-36,-15,-59,-151,6,-239,-28,-64]]]
1263275	p	1263214
1256475	n	74.6389,21.1277,75.1163,21.5761	[[[746389,213500,11,-222,35,-219,58,-215,79,-209,101,-201,122,-190,141,-178,159,-165,175,-149,190,-132,203,-114,214,-95,223,-75,230,-54,36,-5,1236,624,1,2,37,38,-10,45,-34,5,-66,0,-22,15,-1,29,84,33,0,59,-55,21,-31,5,-22,15,-41,55,-3,27,9,8,63,-33,58,-2,90,12,31,-2,28,-13,48,-48,46,-98,33,-51,913,460,404,1471,-55,202,-79,209,-101,201,-58,90,-1959,1100,-110,5,-236,-11,-234,-32,-230,-54,-223,-75,-214,-95,-81,-45,17,-63,-57,-99,36,-36,5,-66,27,-10,-39,-62,10,-58,-20,-35,23,-42,-20,-6,9,-61,-43,-87,9,-35,-205,8,6,-67,-98,46,-235,-82,40,-82,-16,-76,18,-40,-69,-73,3,-43,-61,-42,-2,-29,54,-19,9,-81,-122,-169,-229,37,-139,-34,-58,-104,-35,-217,-11,-222]]]
1277723	p	1275004
1265605	p	11184442
1253095	p	1264389
1268011	r	79.6294,26.6253,80.2291,27.3111	[[[796295,268066,3005,-1813,2730,1727,261,258,-113,2928,-3628,1945,-1143,-992,-1,-3,72,-44,54,-44,33,8,44,-15,16,-12,30,-49,-41,-20,-20,-43,-23,-25,-32,9,-26,29,-100,-65,-31,-26,-24,-41,13,-45,55,-85,-1,-30,-16,-37,34,-22,47,16,43,7,55,-11,52,-53,25,-37,-42,-39,-83,-109,22,-78,-13,-29,-50,-43,-80,-30,21,-30,-10,-31,-62,-70,-9,-29,35,-36,58,-44,19,-37,-9,-55,-43,-148,-19,-22,-71,-34,3,-28,17,-29,30,-112,-16,-26,-35,-23,-65,-26,-34,-52,-62,-62,-5,-18,15,-112,-2,-45,-25,-54,-38,-4,-30,-21,-13,-32,2,-45,-7,-16,-17,-12,-44,-14,-10,31,-23,11,-29,-41,-56,-17,4,-45,-39,-9,-20,-16,-7,-36,17,-63,-9,-15,-61,-16,-22,22,-6,1,-447,-1627]]]
13157012	p	1273294
9212568	p	1264527
1262200	r	78.2833,29.2709,78.8122,29.7406	[[[782833,294210,33,-20,22,-27,45,2,8,-8,-2,-92,-35,-58,3,-55,17,-11,24,-54,21,-11,38,-16,-1,-22,27,-42,99,-94,-14,-85,-22,-14,1,-16,33,-55,-5,-20,-41,-49,-18,-32,28,-104,18,-64,49,-2,17,-11,3,-8,-30,-82,9,-53,7,-18,771,-380,1355,1390,-55,61,74,-82,131,-98,40,-23,39,21,53,-13,-5,42,22,25,30,86,25,24,19,8,39,-19,33,-72,3,-32,31,-14,13,5,32,80,28,11,10,21,0,30,-22,12,-2,11,12,25,-12,23,-2,22,38,28,31,12,68,60,121,28,21,21,-2,76,40,26,31,46,34,22,12,60,37,40,104,88,88,49,38,8,150,1,53,31,15,28,40,2,94,72,125,-1,28,-12,12,8,53,6,3,25,21,44,-49,24,-81,59,-337,275,-68,43,21,-13,1515,1554,37,443,-2566,-1310,-205,262,-46,69,-94,96,-4,76,14,119,-9,79,4,145,-35,84,-1,42,-23,116,-60,82,-41,-60,-18,-11,-46,-14,-74,-4,-21,-18,-20,-30,-107,-104,-57,-74,-69,-140,-80,-95,-11,-80,-9,-16,4,-41,-4,-11,-29,-16,-3,-16,6,-26,-16,-19,-13,-51,-28,-30,-5,-14,2,-19,27,-21,-14,-32,-22,-15,1,-18,-38,-22,-12,-18,2,-42,41,-42,2,-85,16,-60,-43,-65,-1,-27,-22,-57,-61,-48,-26,-44,-14,-12,-16,0,-18,-11,-52,-71,-21,-15,-13,-38,-20,-14,-63,-5,-19,-34,-41,-21,-14,-14,-6,-21,-34,-28,-16,-12,-74,-21,-43,-20,-15,-34,-15,-8,-17,4,-17,-16,-85,-1,1,-59,-30,-31,-78,-38,-7,-27,7,-14,103,-67,-2,-26,-19,-29,-6,-25,3,-47,-8,-20,57,-23,5,-13,-6,-14,-69,-62,-63,-104,8,-27,-34,-76,7,-17,-4,-30,-82,-22,-36,22,-51,-61,-18,-7,-28,3,-26,20,-12,1,-27,-16,-25,6,-91,-8,-22,-10,-21,-16,-2,-14,23,-39,-4,-8,-61,-44,-65,-20,-79,-80,-9,-17,12,-21,-28,-40,-33,-21,-33,-7,-9,-31],[783101,293917,12,47,-12,-46,0,-1],[784074,293645,1,-2,0,2,-108,36,107,-36],[784833,293876,24,37,-23,-37,-1,0]]]
1278023	n	75.5378,11.503,75.8081,11.7744	[[[755379,116765,474,-1131,-34,-136,189,-264,55,-181,3,-23,2014,1203,-31,208,-55,215,-76,209,-96,201,-116,190,-134,178,-151,165,-162,145,-1880,-979]]]
1271891	r	73.8423,29.9472,74.4629,30.7482	[[[738423,303530,493,-232,203,-260,227,-428,143,-437,-21,-132,-24,-158,-255,-185,109,-30,429,315,5,-88,2963,1682,59,-13,136,-43,156,-542,13,42,-28,62,90,112,133,98,-34,38,-31,207,-90,62,-22,101,68,166,20,24,253,-32,116,-38,50,138,-10,67,-65,28,-580,86,-137,59,-18,2,-16,101,307,160,211,-9,162,182,27,77,-3,132,164,-41,138,52,24,102,49,43,-107,125,151,126,68,30,39,-13,23,85,-129,107,-132,27,48,88,-37,12,-12,91,-69,116,8,90,-67,74,-207,77,158,296,-5,67,-109,67,62,46,28,93,-24,73,-44,-32,-84,72,-104,-18,17,46,-70,-19,-86,25,-40,49,-51,-13,-3,6,-8,0,-37,91,27,37,-77,-18,-53,21,9,-90,-40,-12,-3,-45,9,-7,38,-11,40,-54,-37,-66,-85,106,-91,-20,-4,-36,-48,-17,-118,111,-22,-74,-67,-32,-47,45,-313,165,60,48,41,162,19,34,23,-3,-3,60,9,10,-47,284,-83,-107,-163,-125,-76,-80,-65,-202,-146,-96,-33,-81,-31,-142,-80,-53,-230,-41,-212,-93,-156,-91,-137,-112,-148,-154,-103,-189,11,-171,33,-189,-40,-242,-52,-50,-7,10,-17,101,-106,50,-13,-108,-69,-48,-72,-9,-120,76,-9,-125,90,-70,-272,1,-108,-102,-60,-100,-123,-92,61,-96,-55,-185,-2,-2,-139,35,-43,82,19,157,-131,63,-37,-145,9,-85,-39,-14,97,-137,-5,-71,-107,-61,105,-24,110,4,-89,-108,-98,-70,-126,-19,-168,49,22,-65,22,-141,18,-67,-185,17,-199,-91,-159,-147,-66,-157,-29,-40]],[[738861,300114,0,-149,90,-154,-9,-75,1679,-51,279,-16,-1206,1523,-24,-6,-377,-506,-257,-188,-100,-279,-75,-99]],[[743202,302439,200,-697,79,179,-33,72,81,150,51,264,-345,42,-33,-10]],[[743441,301607,493,-1712,-98,-94,-189,-149,-191,-124,1026,-56,-161,203,-101,304,376,85,33,27,-18,51,-97,156,-273,-37,-160,21,56,8,4,68,-214,208,29,16,-78,89,11,75,-233,128,75,165,-13,39,101,39,144,-32,119,-128,47,18,-123,137,-6,55,-187,141,-71,156,5,71,-152,17,-154,55]]]
8335333	p	1277333
1258338	r	73.0288,16.2054,73.8639,18.0715	[[[730288,179661,10,-214,98,-110,128,-22,18,-191,-29,-57,107,-141,88,-17,106,-306,108,-176,-48,-42,71,-140,-53,-121,56,-16,39,-41,74,-146,281,-742,-6,-115,-41,-5,-49,-60,-72,-17,-32,-40,43,-213,81,-136,45,-30,34,-91,3,-27,-58,-28,-13,-48,39,-39,45,-180,84,-135,40,-30,42,3,-1,-44,125,-54,45,-61,-16,-60,-46,-7,-29,-78,-49,-5,-34,57,-118,-56,16,-18,-43,-94,53,-123,91,-55,25,-95,77,10,76,-109,54,-24,174,-499,-5,-41,-77,-93,21,-18,-2,-100,80,1,26,-46,-41,-54,-57,-22,-18,-123,18,-28,-85,-44,-16,-36,-81,8,-14,-26,101,-178,126,-25,-3,27,25,12,43,-30,22,21,78,-35,34,-76,-15,-53,76,-8,-25,-68,60,-89,-53,-83,102,-88,9,-35,-54,-16,-13,-33,109,-101,122,-19,-2,-33,-161,51,90,-169,23,-28,-40,-67,20,-4,0,-61,-92,-39,-43,126,23,58,-65,41,-38,0,-10,-22,-23,38,-34,-44,-115,45,-19,54,21,-64,-38,-11,1,-6,-48,21,34,-67,-8,-8,15,-6,20,-39,83,-87,-7,-29,36,-130,51,10,22,40,33,-57,31,-155,180,-326,2,-199,-30,11,-24,-24,44,-53,47,-16,152,-273,55,-147,14,-155,-69,-140,123,-196,83,-228,17,-239,-57,-164,-36,25,4,37,-35,30,-75,10,-18,-50,0,-1,-42,-10,-3,-102,39,-47,-2,-4,33,-75,30,7,15,-18,-81,-118,78,-97,61,-30,-1,-33,29,-38,25,-8,27,40,129,-63,-145,-252,-44,-136,-11,-158,90,-349,-13,-22,19,2,1,-4,5,-43,-102,-120,53,-268,119,-279,103,-152,46,50,17,-14,7,-1,6,-157,-92,-254,-57,-279,107,-270,163,-133,50,-74,19,-134,-20,-83,-90,-124,-19,-70,16,-67,113,-240,154,110,22,4,14,-28,-22,-27,-58,2,-36,-64,36,-9,30,46,71,-30,66,41,-4,-78,-238,-103,-35,-7,-8,-6,-22,9,-31,-51,2,-3,-15,-13,-15,-6,15,-11,11,-80,56,-141,136,-106,20,-7,94,-251,88,-160,99,-49,-108,5,-117,42,-205,214,-15,35,-70,91,-77,56,-36,-76,-7,-226,28,-103,80,-44,54,-85,148,-416,73,-361,108,-140,153,-95,175,-70,-118,-59,-87,-64,-50,-87,-12,-131,175,-72,30,-34,-9,-189,9,-53,274,-819,43,-203,32,-66,61,-72,63,-15,48,35,44,-9,40,-124,874,264,338,2349,100,693,83,92,127,-41,94,37,115,132,24,151,43,77,117,-28,54,-147,64,-19,47,19,29,39,-21,77,70,1,100,52,-38,96,88,-47,70,246,140,151,81,-2,27,-31,54,-165,115,36,84,-33,42,19,72,-54,264,3,18,26,-15,108,40,61,-136,167,-11,53,87,3,42,69,5,107,40,34,64,-12,55,-41,78,3,13,23,202,-80,64,14,97,-59,103,20,127,-32,23,7,94,211,-134,31,89,70,-160,130,-135,31,-115,112,-56,9,48,62,82,-3,38,118,87,102,-50,48,-27,67,-8,0,-17,63,-110,110,-51,21,-24,-1,-114,-54,-63,7,-41,38,-23,66,-26,42,-28,8,-60,-3,-91,-73,-13,2,-11,-7,-7,10,-9,2,-72,124,68,147,-10,54,-87,11,-4,70,-115,95,-37,3,-17,-49,-36,-11,-31,23,14,43,-154,36,-27,28,2,8,-5,9,10,8,4,11,114,72,41,-47,28,6,73,87,126,-78,42,2,126,157,3,8,-24,69,29,52,-2,22,-184,167,1,175,-14,8,-86,-33,-3,122,-8,18,8,13,0,5,3,2,8,14,11,-5,13,7,7,-13,6,-3,36,-88,65,12,62,-43,66,72,50,-27,70,31,85,-32,14,4,50,71,-19,71,38,20,1,59,-90,136,-201,169,-1,3,-6,6,3,9,-6,21,29,48,4,9,5,4,7,11,103,66,77,157,250,-48,181,21,7,32,16,65,2,22,-38,115,33,106,-111,128,112,164,-22,36,-133,55,-127,-13,7,243,-108,86,-76,-8,-61,138,-125,20,-132,138,-33,21,-58,24,-11,-2,-7,-2,-43,-58,-43,-5,-16,8,-16,0,-112,66,-99,134,-163,-42,-14,5,-16,-4,-14,15,-12,5,-2,11,-8,10,-8,156,191,89,13,41,-115,105,143,152,49,133,-110,157,-103,50,-24,62,32,250,-45,61,5,85,-44,78,3,50,-62,21,-19,39,58,102,14,111,-18,55,-61,42,82,167,-83,246,-29,13,-156,-136,-186,-132,-198,-114,-209,-95,-217,-75,-225,-54,-228,-32,-231,-11,-231,11,-228,32,-225,54,-217,75,-209,95,-198,114,-186,132,-171,149,-156,165,-137,178,-119,190,-99,201,-78,209,-56,215,-34,219,-11,222,11,222,34,219,56,215,78,209,99,201,119,190,137,178,156,165,171,149,186,132,198,114,209,95,217,75,225,54,228,32,231,11,231,-11,228,-32,225,-54,13,-5,123,279,-10,69,-86,47,-3,48,117,-13,91,66,-73,71,2,164,-111,113,23,44,-12,57,115,102,-88,20,-60,82,-59,36,14,126,-79,20,-144,-128,-32,-2,-128,73,-62,89,-99,-57,-30,-63,18,-40,-133,-130,-113,-4,-90,141,-210,3,-79,-7,-32,-67,-70,-34,7,-46,-22,-11,-91,86,-14,55,34,27,11,100,-40,6,-14,253,-79,51,-17,8,-63,-131,-134,-67,-20,-45,-171,-30,-179,66,-29,175,65,46,5,125,-50,95,-76,38,-33,110,15,89,-88,21,-102,136,52,156,89,45,32,164,-114,117,-21,58,-47,-102,-68,-36,-67,128,-87,2,-13,29,-29,-2,-67,-50,-85,32,-83,82,7,168,34,71,-65,132,-101,-47,-145,39,-101,-82,-81,-1,-203,-57,-136,49,-26,63,-31,12,-65,-11,-85,-94,-133,26,-256,-278,-22,-113,-150,-50,-201,-369,-83,10,-143,83,-217,0,-278,-65,2,-38,-137,-131]],[[736768,176896,58,-61,53,35,-111,26]]]
1267227	n	70.0104,21.1099,70.4909,21.5231	[[[700105,213244,3178,-2145,825,220,96,82,159,165,141,178,122,190,101,201,80,209,57,215,35,219,10,196,-2720,2253,-63,4,-96,-13,-230,-54,-222,-75,-214,-95,-203,-114,-190,-132,-175,-149,-159,-165,-141,-178,-122,-190,-101,-201,-80,-209,-57,-215,-31,-197]]]
1266179	p	1275004
1274129	n	77.9426,13.2783,78.2105,13.6261	[[[779426,136000,191,-3159,72,-17,60,32,96,5,7,131,38,50,50,7,173,-34,4,-108,38,-78,144,8,170,-54,52,151,70,-6,15,62,150,34,112,-2,31,17,21,63,105,-65,50,6,99,-58,43,-58,121,-51,27,167,-133,41,-14,71,-69,23,-59,55,218,51,8,39,25,-11,-33,148,11,65,184,-19,-2,73,-7,31,-38,4,24,61,-23,63,-31,21,-138,-25,-64,18,0,34,22,74,37,7,74,186,170,43,81,57,81,-17,137,70,3,128,34,13,-8,42,31,36,57,-41,-9,87,80,26,40,79,6,71,44,63,-23,71,-74,60,-14,257,-11,28,-104,10,26,71,87,2,37,24,9,45,-26,135,-73,72,75,154,-52,20,59,24,8,9,-63,56,-182,132,-195,114,-205,95,-213,75,-220,54,-224,32,-226,11,-226,-11,-224,-32,-220,-54,-213,-75,-191,-89]]]
9972720	p	1264527
1256207	n	76.5266,15.5939,76.985,15.9961	[[[765266,157700,12,-222,33,-219,56,-215,2,-7,30,4,44,-7,-28,-47,115,12,84,32,4,26,242,-81,110,20,25,-257,544,-82,-5,-54,184,-21,-16,-193,204,93,30,-236,-132,24,-8,-143,6,-61,53,-6,53,-47,-20,-55,46,-19,2916,2351,-17,66,-77,209,-98,201,-118,190,-136,178,-154,165,-170,149,-184,132,-196,114,-207,95,-216,75,-222,54,-226,32,-229,11,-229,-11,-226,-32,-222,-54,-216,-75,-207,-95,-196,-114,-184,-132,-170,-149,-154,-165,-136,-178,-118,-190,-98,-201,-77,-209,-56,-215,-33,-219,-12,-222]]]
1264555	r	85.7557,26.1899,86.4464,26.6544	[[[857558,264191,2387,-1761,19,-1,26,-10,10,2,21,19,16,2,41,-19,14,0,12,23,9,40,11,4,17,2,0,-25,83,0,40,-8,50,4,1,-14,9,0,0,-7,-7,0,5,-72,121,-12,-3,-32,-8,3,-25,-71,-44,-39,-50,-31,-14,-20,365,-269,2763,640,1037,1949,-51,149,-90,217,-106,211,-121,204,-135,197,-150,188,-107,118,-167,54,-89,0,-216,-25,-72,9,-70,70,-4,142,-72,68,-170,30,-213,-29,-379,-117,-223,-128,-70,-19,-105,17,-61,42,-48,47,-67,33,-151,41,-63,7,-16,1,-227,-12,-62,23,-52,41,-690,388,-303,89,-357,-100,-236,-24,-174,-91,-683,-530,-216,-114,-163,-24,-19,16,-91,-191,80,-72,-13,-96,-58,-90,-72,-13,-34,-61,32,-29,-3,-42,-79,5,-51,-73,5,-53,-56,2,-94,-197,57,12,-7,42,25,10,92,-30,38,16,20,-56,67,-6,-6,-70,-60,4,-16,-102,-93,1,-50,-33,-138,63,-68,-142,53,-22,-27,-60,-42,-17,9,-51,-63,3,-65,-138]]]
1275388	p	1254745
1267195	p	1259229
1272701	n	71.2622,22.7708,71.714,23.1751	[[[712622,228721,50,-77,142,-178,161,-165,177,-149,193,-132,205,-114,216,-95,226,-75,123,-28,2984,1793,29,177,12,222,-12,222,-35,219,-59,215,-80,209,-103,201,-123,190,-142,178,-70,72,-134,24,-254,-26,-21,42,-57,-90,-41,68,-65,-88,-168,-11,-41,5,-66,82,-164,1,-53,86,-64,45,-151,3,-76,29,-40,-57,-59,33,-38,-35,-222,-29,-126,-78,-139,-20,-1,-28,-36,-21,-52,119,-169,16,-37,-41,-296,100,-53,-41,-31,58,-212,50,-36,120,-31,22,-87,7,-117,-112,-45,-10,-23,105,-22,7,-137,-93,-83,-70,4,-11,61,-53,31,-82,262,7,29,-80,76,-24,63,-138,-168,-45,28,-95,-16,-23,36,-50,-56,-21,-19,-40,-139,-72,-191,-26,-9,-74,-85,0,-58,-71,58,-186,40,-9,7,-36,-42,-2,-41,-143,15,-119,192,-45,-8,-146,26,-121,-162,-74,-67,-60,92,-261,-47,-28,16,-31,-57,-80,-42,1,24,-149,-80,-86,-136,-46,-50,-116,4,-89,-27,-6,-9,-125,-2,-2]]]
1254710	r	92.3014,26.3184,93.3003,27.0802	[[[923014,266647,450,-181,2426,-978,3,-33,10,-15,86,-53,-11,-23,-30,-2,-13,-102,-8,-197,296,92,299,24,70,27,153,-62,42,-31,44,-4,4777,-1925,153,147,208,228,191,240,173,250,154,260,135,268,115,276,95,282,75,287,53,290,32,294,11,294,-11,294,-32,294,-53,290,-49,186,-1467,2243,-92,78,-254,187,-266,172,-278,155,-288,139,-299,122,-306,103,-313,86,-319,67,-323,48,-326,29,-327,9,-327,-9,-326,-29,-323,-48,-319,-67,-313,-86,-306,-103,-299,-122,-288,-139,-278,-155,-266,-172,-254,-187,-238,-201,-224,-215,-208,-228,-191,-240,-173,-250,-154,-260,-135,-268,-115,-276,-95,-282,-75,-287,-53,-290,-26,-241]]]
1255616	p	1255947
10400284	r	85.9612,25.7313,86.3847,26.2539	[[[859612,259615,1196,-2022,919,-252,1006,-28,547,1257,0,1,-47,-26,2,24,-42,4,-13,30,-34,-32,18,47,-31,11,9,38,103,50,5,99,60,-17,-8,49,54,37,1,123,117,8,15,35,-15,43,51,40,27,61,10,27,2,0,282,649,-37,234,-1,1,1,2,-382,2431,-2763,-640,-15,-33,14,-2,13,-32,-10,-29,-34,5,-14,-10,-66,-143,4,-46,-31,-33,-39,15,-36,-1,-15,-24,4,-27,27,-35,13,-85,23,-75,-13,-52,-42,17,-52,5,-783,-1699]]]
1260667	p	7302847
1269217	r	74.8428,23.4544,75.4014,23.8747	[[[748428,236400,6,-173,18,-173,31,-171,43,-169,54,-165,58,-142,3428,-863,1868,2611,79,112,-60,147,-77,158,-89,152,-99,148,-109,141,-120,134,-128,126,-137,119,-146,110,-152,101,-160,91,-108,53,-3268,-396,-91,-78,-128,-126,-120,-134,-109,-141,-99,-148,-89,-152,-77,-158,-67,-163,-54,-165,-43,-169,-31,-171,-18,-173,-6,-173]]]
1254046	n	89.9512,25.2839,90.4488,25.7361	[[[899512,255100,12,-222,35,-219,60,-215,82,-209,104,-201,126,-190,145,-178,164,-165,181,-149,197,-132,209,-114,221,-95,230,-75,237,-54,241,-32,244,-11,244,11,241,32,237,54,230,75,221,95,209,114,197,132,181,149,164,165,145,178,126,190,104,201,82,209,60,215,35,219,12,222,-12,222,-35,219,-60,215,-82,209,-104,201,-126,190,-145,178,-164,165,-181,149,-197,132,-209,114,-221,95,-230,75,-237,54,-241,32,-244,11,-244,-11,-241,-32,-237,-54,-230,-75,-221,-95,-209,-114,-197,-132,-181,-149,-164,-165,-145,-178,-126,-190,-104,-201,-82,-209,-60,-215,-35,-219,-12,-222]]]
1270791	r	79.5155,13.8503,80.1818,14.4332	[[[795155,143010,2884,-3556,2848,-951,178,142,185,170,174,181,162,192,148,202,83,130,-178,360,-142,397,-239,1208,-24,450,72,212,-303,123,-93,-103,-175,-148,-229,-58,-40,105,84,150,151,76,17,30,40,47,-4847,1963,-161,-147,-174,-181,-162,-192,-148,-202,-70,-110,-41,-490]]]
1261772	r	75.7186,27.5616,76.4517,28.4093	[[[757186,278354,129,-497,60,100,250,238,64,122,104,75,81,18,113,64,62,94,120,26,531,299,182,183,31,-24,73,77,98,-67,7,98,106,36,41,56,85,48,73,-68,-44,-39,39,-60,25,-4,58,9,61,4,28,-1,184,-23,-12,-98,139,17,-114,-112,84,-107,-64,-88,6,-75,-64,-52,-5,-85,138,-96,126,-58,60,-19,69,66,165,-27,4,2,88,-14,20,4,12,10,6,21,74,-61,27,13,32,31,79,90,34,-19,106,-26,-2,-24,153,-116,14,-89,-42,-164,-114,-27,-5,-134,-82,-205,-152,15,-11,-69,-64,-78,34,-28,-143,-141,-2,-107,-43,-37,-2,-39,-205,-92,-180,-173,-120,-393,-74,-67,-21,-57,-56,11,-60,-52,2,-53,79,-52,-14,-42,-166,1,-66,-32,66,-69,15,-142,-29,-53,14,-6,63,30,46,-30,7,43,39,30,42,-78,-76,-42,407,-158,41,-9,347,-51,351,-30,318,-10,3451,3184,-1037,2871,-45,27,-103,24,-11,-24,-11,2,-78,25,-29,26,-87,30,6,72,-31,18,8,38,-53,22,-8,1,-1,1,16,102,87,-4,11,18,23,2,16,17,17,-5,36,79,28,96,4,0,-225,622,-4885,1233,-167,-174,-812,-5565]]]
1277527	r	71.4438,25.2106,72.8499,26.7851	[[[714438,259665,40,-49,25,-117,354,38,224,-59,1,-60,104,-191,122,-70,78,28,331,-52,341,226,109,-102,-15,-112,26,-43,1,-115,-182,-121,-28,36,-29,-41,-256,-152,-72,-53,26,-43,120,-161,129,46,93,-62,9,-31,49,-10,46,-62,11,-70,68,-58,101,27,37,-32,37,21,98,-131,120,-68,36,-5,127,83,88,-90,135,-35,32,-40,102,12,203,-170,-181,-553,-91,-161,139,-55,546,-104,198,-65,174,-115,33,-51,-128,-135,-8,-107,-172,-140,-254,125,-45,1,-123,-90,-73,20,-164,-79,-50,66,-112,-77,-32,-27,16,-64,213,-335,-18,-33,-107,-34,-178,-123,-54,-60,-5,-72,-46,-57,-225,-77,-121,-71,-40,-131,28,-108,163,-339,-34,-138,113,-64,177,96,93,-119,108,50,203,-156,-125,-139,-149,181,-110,-37,140,-297,60,-242,110,-5,32,130,120,214,68,-15,98,-70,228,-254,141,175,155,-63,258,-62,-18,-83,35,-162,74,-108,11,-156,-29,-130,287,-75,165,317,359,-21,41,-26,0,-92,37,-52,78,-58,69,-10,108,-85,-119,-247,-5,-115,-309,-131,-105,-95,-69,-23,32,-55,104,-66,-50,-87,-142,-97,-28,-57,-5,-3,9,-88,3104,2133,308,-207,134,37,50,39,26,-23,104,69,24,-46,96,-35,59,34,79,-78,93,-26,38,-79,90,-65,54,21,39,-44,58,38,77,11,76,54,46,391,84,136,93,-47,31,24,-7,112,22,39,112,-115,140,-11,15,-42,224,7,71,-43,106,6,158,73,123,113,61,11,73,-27,181,156,29,116,199,56,11,42,-38,8,15,55,60,74,131,-20,48,87,113,96,165,83,46,-20,-18,54,-124,142,49,68,-32,68,202,183,132,186,142,96,97,2,172,-85,64,103,66,-40,125,25,112,-27,180,49,278,-117,151,90,-29,208,17,39,-103,90,-92,10,-4,121,-114,128,59,71,109,14,112,128,52,-23,32,67,135,104,116,156,102,38,5,89,-43,22,9,42,-112,74,-201,62,-21,102,64,123,111,25,128,92,52,220,62,-47,138,-26,14,52,123,54,60,102,31,19,20,26,33,7,11,-33,116,-33,66,-55,115,13,131,216,-119,132,-25,114,-40,-28,-14,30,-56,-20,-148,-94,-18,32,-61,2,-208,283,-254,-34,-31,16,5,143,-111,35,-46,107,-30,-16,-69,110,-27,-16,-28,16,-170,152,-128,-36,-42,94,-68,-3,-13,54,-47,7,-30,48,-195,72,-90,-30,-14,35,-191,112,-31,45,3,113,-95,135,38,32,237,89,57,-10,42,21,7,43,206,66,243,132,-31,46,-17,-8,-46,127,9,56,43,46,-34,49,-109,-2,12,53,84,97,-12,123,132,105,-37,70,56,31,-6,63,-46,8,-85,141,42,36,-72,136,12,117,-42,57,111,126,-24,25,-23,-18,-39,45,29,9,-54,68,-56,-2,-37,49,-71,9,-230,246,-36,26,-23,-17,-144,210,-242,284,-49,-31,-29,10,-74,-65,-83,-2,-55,-29,-55,35,-115,-59,-64,81,-47,-6,-142,70,14,46,-39,23,17,5,-78,-6,-92,-60,-40,39,-6,66,-64,1,-33,28,6,34,-214,68,-66,-41,-27,22,-35,-9,-51,-63,-134,9,-42,-7,-45,-31,-10,4,-39,-37,-41,-28,-37,-47,-13,-13,-22,-31,86,-67,26,-96,-156,-198,20,-39,-125,-14,-197,-95,-26,21,-30,-26,-325,196,-50,-53,-32,18,-135,-144,-132,-93,-53,-26,-95,43,-51,-49,-41,0,-144,-169,-257,225,-274,118,-67,52,-43,188,-88,74,-126,90,-63,2,-55,47,-50,-15,22,36,-38,29,-65,3,52,96,-25,75,-30,5,-47,69,-7,52,-181,68,56,73,-195,-117,-68,76,-63,-54,-108,64,-53,64,0,48,-109,106,-44,-4,-11,46,-31,6,10,36,-45,-29,-103,55,-116,-54,-6,20,-174,-17,-135,-85,-57,2,-276,-238,-115,-8,-77,26,-41,-44,-92,-24,-40,26,-50,-9,-148,-147,-43,2,-46,-39,-89,35,-143,-23,-17,64,19,35,-65,124,-40,193,-243,224,-210,121,-143,-80,-60,-78,-42,-245,-107,-5,-152,133,-317,20,-57,-139,-233,-298,-141,-60,-454,-287,-117,57,-176,-266,-139,-291,-283,-144,-153,-294,-147,-75,-194,-272,-267,-177,-19,-144,-46,-38,-63,-180,96,-117,-73,20,-110,-20,-192,-202,-203,-382,-104,-293,-44,-218]],[[720385,266749,149,-109,126,-177,-67,-46,88,-96,142,-56,62,-62,96,-174,-214,-320,175,257,247,4,151,53,205,130,221,88,110,-119,160,-23,-13,-124,-33,-64,-44,-46,-63,-16,-13,-34,73,-75,-4,-360,128,-4,124,115,295,36,-32,127,115,76,48,-5,152,-114,119,-5,-1478,2245,-393,-35,-424,-63,-12,-126,250,-249,37,-67,-46,-55,49,-31,-8,-35,-83,5,-26,-42,-57,49,-129,-123,-4,-41,-121,-172,-45,11,-13,-59,0,-69]]]
1266960	p	1274746
1252822	r	76.2913,16.194,77.5686,16.954	[[[762913,163305,38,-102,77,-13,-48,-203,16,-155,205,38,1,-49,276,-44,-17,-280,67,-143,-37,-52,-17,-145,-159,-217,199,65,43,58,56,10,74,107,173,73,95,64,22,48,181,90,33,36,-46,14,21,25,201,101,230,166,75,23,66,75,56,33,-3,-2,30,17,98,41,-1,0,4,1,162,6,94,31,348,172,156,105,151,15,68,73,36,5,-185,47,-166,11,-3,82,-113,6,-33,87,24,108,49,61,-163,207,58,76,82,-52,61,58,70,134,120,76,149,44,125,6,137,119,61,400,-154,227,-420,26,23,245,233,41,70,-67,318,50,-105,431,-469,99,-102,219,-263,32,-55,-90,-140,-30,-172,103,9,169,-289,6,-64,-199,-105,24,13,-304,-53,-33,-150,43,-150,-16,-28,67,78,-224,-24,-92,133,-401,-46,-202,50,-627,-320,-28,-124,49,-52,-124,-300,-34,-46,48,-184,-2,-15,-15,29,-79,-26,-86,71,-18,-53,-159,-73,50,-85,-19,-59,27,-30,-52,-33,-146,84,-204,10,-113,-88,3,-14,-48,-118,-62,-9,-42]],[[766383,166632,137,-142,-11,-160,146,-20,89,-47,83,26,103,-224,187,82,360,-70,225,-189,269,-118,58,-116,159,-26,14,16,246,-68,78,5,-40,-279,292,-44,21,-287,-4,-50,-56,-16,84,19,295,-75,294,147,301,42,53,129,-71,233,0,-3,-14,49,1,5,-3287,1268,-12,-87]],[[769679,168173,657,-2446,-124,-161,-116,-124,5,-14,-25,-147,-21,-116,-2,-9,79,-160,124,20,184,167,96,26,40,-11,111,-122,183,-86,51,-55,56,2,56,-47,195,-73,202,-18,131,-73,80,-124,10,-93,-29,-56,111,-127,696,-150,206,-134,86,-3,161,48,-109,159,-81,72,-57,176,-269,206,25,66,71,12,191,-47,288,38,56,118,-17,78,265,-53,-1,-45,181,-5,37,17,0,24,60,4,24,-22,148,-3,28,219,51,40,132,16,79,53,118,-4,60,-28,12,30,4,204,1331,446,75,80,102,2502,-1000,796,-20,-102,-72,45,-64,-33,9,-35,37,-16,-14,-87,25,-58,-28,-97,-309,-2,-139,-104,-78,94,-19,-9,4,135,47,52,-39,-21,-7,33,-62,2,-63,-121,-3,52,-44,21,-7,-44,-19,17,-56,-12,2,33,-53,-2,-56,69,-142,34,-32,40,-67,222,-21,-36,-36,-7,-173,65,-73,-90,-164,50,-55,48,-4,-37,-261,-53,-80,41,-88,6,-14,75,-29,27,-92,-40,-11,37,-51,-14,-151,35,-29,-73,-37,4,-54,-42,-33,-70,-124,156,-186,-37,-41,-104,-8,-127,-219,-7,-127,30,-125,-110,-122,-17,-78,14,-52,155,-18,147,-22,-6,-81,65,-44,-30,12,130,-87,13,18,-47,-28,-39,-45,12,-15,-72,-102,-70,-56,-94,-176,18,-40,26,-19,-288,104,-50,58,-3,1,-95,89,-31,-14,-107,-217,-26,-127,-95,-271,35,-15,-68,48,-147,119,-26,-45,-251,-98,-24,-129,75]]]
1270375	r	76.6871,21.7211,77.5494,22.7711	[[[766871,225771,1065,-5880,2167,-2677,113,-3,860,139,1857,627,1391,2223,373,-7,132,68,229,39,-15,75,27,160,-39,61,69,160,-166,8,-221,58,781,1248,-440,948,-24,-115,51,-94,-171,-89,-41,1,2,-145,-52,-17,-41,-53,-196,-22,-24,-66,35,-176,-69,-71,-207,-37,-74,23,-77,77,-58,10,-82,-27,-126,13,-41,216,-177,6,-50,23,-1,214,73,147,-35,26,-82,-10,-45,49,-22,97,77,93,-23,80,-92,18,-22,78,-143,113,-20,43,-81,-16,-12,79,-64,35,35,99,-17,58,72,55,-57,50,19,72,-60,148,-122,125,-1,39,88,159,-7,40,-29,18,-69,-57,-148,5,-43,22,38,52,52,14,35,60,-111,156,8,338,-133,107,-58,104,-97,-26,2,-1,-20,13,-37,32,1,7,67,71,135,31,5,6,7,2,3,9,20,23,-4,30,3,8,-4,2,-1,5,-65,21,-33,89,-30,22,-2,3,-4,1,-3,3,-83,16,-79,-48,-72,4,-171,54,-41,94,117,47,297,301,115,60,69,-19,44,-42,57,-188,101,-160,183,-64,144,7,187,102,88,258,109,107,-12,24,-880,1193,-831,429,-959,-10,-4087,-1930]]]
1259680	p	1271308
1278862	n	76.1529,18.5357,76.6076,18.9424	[[[761529,187300,11,-222,34,-219,57,-215,78,-209,100,-201,119,-190,139,-178,156,-165,173,-149,187,-132,108,-62,0,15,61,132,42,237,64,-9,71,29,84,-73,112,-36,106,52,56,-61,95,-40,81,53,30,-4,110,-63,74,-153,80,-17,82,18,61,-20,23,30,124,17,114,56,92,2,7,-38,72,-57,1641,778,18,28,85,171,-2981,3019,-102,-35,-211,-95,-199,-114,-187,-132,-173,-149,-156,-165,-139,-178,-119,-190,-100,-201,-78,-209,-57,-215,-34,-219,-11,-222]]]
10263097	p	1273294
1276574	n	81.7503,25.6939,82.2497,26.1178	[[[817503,259200,12,-222,36,-219,60,-215,82,-209,105,-201,126,-190,146,-178,164,-165,182,-149,197,-132,210,-114,221,-95,231,-75,238,-54,242,-32,245,-11,245,11,242,32,238,54,231,75,221,95,210,114,197,132,182,149,164,165,146,178,126,190,105,201,82,209,60,215,36,219,12,222,-12,222,-36,219,-60,215,-82,209,-105,201,-126,190,-130,159,-3152,563,-181,-98,-197,-132,-182,-149,-164,-165,-146,-178,-126,-190,-105,-201,-82,-209,-60,-215,-36,-219,-12,-222]]]
1259083	p	8740018
1276663	p	1273294
1256755	r	79.6252,27.3963,80.3266,27.7969	[[[796252,276835,2298,-2872,417,275,38,-26,49,-56,58,17,39,26,-15,46,-6,53,12,19,46,3,4,66,1,1,1,16,0,1,3,38,-8,17,-11,9,-6,21,44,19,33,78,36,-23,-2,122,27,5,67,-45,31,-6,13,4,75,-2,13,-19,24,-16,21,-4,78,59,10,25,-37,54,60,37,63,88,47,99,17,64,-2,119,45,38,26,15,18,21,26,63,12,7,13,23,7,48,64,69,96,-6,136,-99,14,-29,7,-32,20,-23,32,-11,30,-1,7,12,-7,24,1,30,58,19,7,1,85,28,31,34,-3,30,-5,15,-12,75,77,-19,8,-7,13,2,15,14,30,74,109,39,140,-24,30,-11,30,1,25,-4,8,4,7,1,32,-13,16,5,-3,60,10,48,57,-22,2,2,14,-9,22,-54,26,-12,80,-13,164,-109,71,-26,13,-19,23,-7,17,7,9,25,18,12,28,-18,31,3,68,35,6,74,11,28,22,28,30,21,61,-21,83,1,27,-17,26,-5,25,6,9,19,-5,41,10,16,42,14,47,-8,17,-25,72,-47,97,-29,52,20,47,33,65,3,10,51,-49,11,-97,37,-98,20,-44,2,-33,12,-40,62,13,45,62,84,8,26,-2,51,10,35,10,16,45,31,-22,24,-22,8,-19,17,4,50,-11,23,1,18,14,25,24,3,67,-21,71,-15,15,3,7,74,47,41,45,66,17,8,58,10,42,43,27,3,67,-11,39,-19,43,1,75,18,19,-6,27,-81,-24,-23,-6,-18,28,-23,58,-13,41,-35,71,-13,-8,22,-21,11,-11,16,-4,24,28,-2,16,19,36,-4,-2,7,-33,15,-3,11,41,-2,26,12,14,20,-1,14,-28,30,2,9,22,0,5,14,-20,10,7,30,-29,6,7,17,-12,24,40,-12,0,25,-19,13,-5,14,25,-4,12,11,-1,11,-25,15,-10,15,32,1,13,15,-29,42,-18,8,-11,28,4,7,21,-9,3,4,8,59,7,20,-16,-1,-26,-21,-14,-1,-4,24,-52,-2,-23,17,-16,33,273,180,35,279,-613,640,-1553,-168,7,6,4,29,-2,-7,-62,-34,-30,-3,-86,46,-19,-2,-11,9,-81,-62,-8,-13,-3546,-385,-1014,-550]]]
8223970	p	1261473
1274714	r	78.0778,28.9886,78.519,29.3089	[[[780778,290802,234,-73,85,-649,2169,-194,512,370,6,-4,33,-42,30,19,28,-21,59,82,28,12,49,-22,68,57,133,53,111,95,73,30,41,-4,23,25,33,-5,16,43,63,-10,130,-45,50,-3,39,25,56,-21,51,-84,24,-13,31,80,68,-13,81,72,74,77,1,38,13,14,-7,25,-12,-5,-14,3,-12,45,-38,-31,-13,0,-15,10,-2,49,-13,17,4,13,29,14,0,15,-34,9,-9,-13,-13,-5,-11,6,-6,9,2,23,17,11,-2,9,-12,7,-32,5,-14,-14,-19,2,-14,26,8,26,-3,20,-6,17,-39,43,0,45,-1,2,20,15,-16,6,29,-12,16,15,34,11,1,26,61,44,-76,105,14,7,3,12,-19,18,-38,19,-53,-13,52,13,-27,37,7,25,-5,38,38,44,37,107,-11,47,16,12,30,-11,7,12,3,14,-39,45,7,28,36,27,4,16,-6,14,-15,15,-12,0,-14,-42,-12,0,-20,12,-2,58,-42,24,-27,26,15,48,-23,16,-17,55,-33,9,-9,-14,-19,-6,-33,22,-21,-5,-14,4,-10,20,14,18,53,-7,14,4,2,14,-5,12,-21,4,-25,-4,-27,42,-24,4,-24,-12,-31,-32,-17,3,-11,20,-19,8,-25,4,-15,-11,-35,6,-14,25,-37,37,-57,3,-82,-18,-402,552,-771,380,25,-77,-5,-16,16,-80,14,-31,85,-73,10,-22,9,-7,27,0,20,-12,22,-31,-9,-80,-13,-17,-76,0,-94,-91,-34,-9,-25,2,-36,-23,-76,-26,-13,-27,-23,-6,-55,-51,-21,-6,-21,9,-28,2,-44,-67,-87,12,-91,-64,-62,35,-120,46,-14,18,6,18,-15,12,-19,-4,-20,11,-26,43,-17,9,-101,-34,-83,-4,-41,-21,-20,-41,-44,-15,-27,-28,-60,1,-36,-37,-58,0,-111,102,-61,8,-28,23,-59,-18,-75,-46,-9,-15,15,-47,-3,-38,-14,-22,-40,-8,-32,-18,-38,-56,-35,-23,-7,-35,-98,-1,-57,13,-30,0,-2,-58,-13,-47,-14,-20,23,-4,12,-83,25,-19,27,-35,-28,-44,-1,0,5,-103,-90,-130,-80,-14,-40,4,-49,-19,-24,-18,-54,-80,-42,-123,8,-36,4,-134,8,-35,15,-19,41,-27,-58,-158,-32,-40,-57,-31,-11,-51]]]
11522316	p	1272013
1256329	p	1275120
1253113	p	1255947
1260040	r	79.1176,10.0176,79.7408,10.6098	[[[791176,103343,1,-29,76,0,112,-84,-3,-65,-48,-78,-78,-1,-14,-21,53,-42,-22,-59,-25,7,-34,-49,12,-46,106,-70,-19,-42,45,-40,-25,-56,34,-26,-22,-118,-124,1,-8,-202,177,-15,21,59,79,-5,31,-93,-21,-64,110,-43,100,6,64,-33,79,27,19,-109,43,-11,26,-41,-60,-27,-4,-40,-110,88,-143,-66,-63,19,-21,-124,57,8,36,-63,-15,-104,-69,-16,9,-74,86,-30,54,12,-10,30,146,-27,17,19,161,8,12,-38,74,-12,49,-150,-29,-28,65,-26,126,-4,33,-23,-27,-27,28,23,-25,-24,72,-20,-50,-44,-42,-130,15,-66,-29,-53,31,-105,71,-143,73,-11,58,-52,-54,168,-68,670,-12,147,37,132,83,94,137,37,72,49,15,117,-4,138,19,111,139,184,130,106,29,18,69,4,21,41,38,41,217,125,32,9,40,-8,44,0,18,-7,11,13,31,16,30,5,118,48,14,9,3,20,26,26,33,47,26,84,53,35,114,20,97,-2,166,-14,152,-68,224,-13,518,83,207,66,0,68,-36,83,391,-24,192,78,202,-77,-31,-69,-301,-121,-87,-13,-83,4,-51,-28,9,-106,40,-40,68,-16,166,-12,1341,-281,66,175,12,37,-184,0,-89,27,-101,70,-83,40,-145,44,-153,25,-161,9,-163,-9,72,146,118,44,962,-152,59,248,45,271,11,112,-90,120,-1760,794,-4,-37,-14,3,-15,30,-4,21,-237,107,-23,-1,-24,-103,-9,-2,-14,11,-16,-12,-11,2,-25,11,-30,-12,-20,-18,-23,-2,-8,-13,-8,-23,2,-105,20,-1,28,20,20,1,23,-15,-4,-26,-28,-20,-76,-6,-44,-34,-57,-6,-10,-24,-12,-10,-2,-33,16,-33,-5,-15,-12,-5,-85,11,-5,57,-48,0,-23,12,-44,10,14,63,-23,80,-19,22,-8,30,17,25,14,5,44,-1,6,-1,9,5,7,14,16,82,0,82,16,61,-8,25,-10,5,-18,9,-8,4,-12,1,-35,3,-18,-6,-9,-20,-15,11,-71,-40,-29,-12,-23,1,-42,45,4,15,34,39,34,57,54,29,40,6,5,50,-117,29,-12,46,-37,19,-140,36,-7,8,-6,54,-13,14,-51,11,-81,31,-4,11,5,52,26,7,22,23,137,39,31,20,61,9,2,78,-27,-1,-8,-13,-9,-2,-73,1,-35,-11,-104,5,-11,-56,-13,-15,-17,-3,-23,-3,-59,18,-60,-2,-31,11,-55,37,-2,51,-103,-1,-16,-31,-3,-49,-14,-17,12,-19,5,-35,29,-21,0,-8,-1478,667,-608,-257,-2,-41,28,-65,25,10,-7,20,97,30,-2,-186,-30,-37,-47,-169,-129,-78,-27,30,-9,-43,-98,29,-46,-46,-45,-3,54,-72,-91,-86,-34,10,-16,-116,-29,-43,-82,-11,-22,-49,41,21,-14,-70,166,-27,-2,-21,104,-71,109,37,47,-29,1,28,52,-10,-1,-31,55,-6,18,-29,59,14,-4,-20,51,-21,-4,-42,-37,-4,-12,-36,-113,11,-47,-17,-8,-41,-56,4,-1,-26,107,-12,-12,-26,-93,6,-5,-20,-74,-7,-35,42,-26,-44,-73,24,-70,-9,49,-34,-93,-75,-80,-11,28,-26,14,-82,39,-20,19,-63,29,-9,96,-137,-6,-73,-38,-59,-26,-11,-11,-44,8,-60,9,-24,20,-19,7,-21,-20,-78,47,-20,-1,-58,-8,-36,3,-35,-68,-24,-20,-42,-78,0,-30,-29,-78,13,-52,-73],[791990,105224,9,44,19,-39,-28,-5],[792027,105313,9,22,106,-35,-10,-41,-39,-3,17,-23,-37,-18,-6,-42,-37,41,19,62,-22,37],[792041,104880,31,7,24,12,18,-19,-57,-22,-16,22],[792063,104978,6,29,67,14,-2,-61,-71,18],[792098,105148,19,19,47,-3,1,-24,-67,8],[792183,105195,18,32,37,4,15,-36,-32,-55,-24,22,24,16,-38,17],[792204,104888,3,69,65,28,65,-8,51,56,56,-72,0,-85,-50,6,-6,-14,1,-6,-6,-25,-148,11,24,28,-55,12]],[[792431,100251,82,-75,278,182,-249,185,-14,42,2,-91,136,-112,-235,-131]]]
1259154	r	77.2828,19.4347,78.095,20.2281	[[[772828,199090,23,-35,82,-14,124,95,1,0,11,10,27,5,19,-4,10,-11,5,-30,-30,-55,26,-74,-3,-31,-19,-7,-57,11,-108,6,-13,-46,22,-60,148,-19,85,66,40,-1,35,-22,29,-48,9,-15,27,-24,21,-9,25,-1,58,-3,23,-14,10,-37,-5,-12,-5,-10,-3,-40,15,-26,34,-13,95,0,17,-12,15,-38,-4,-15,-58,-26,-31,-25,-3,-12,6,-20,19,-16,8,-7,37,-57,5,-23,-6,-10,-121,14,-16,-2,1,-2,-15,1,-39,-30,-1,-5,19,-60,7,-10,9,-8,41,-18,35,-48,44,-13,1,-1,5,0,62,65,36,16,45,-9,40,-22,98,6,33,-17,25,-62,-1,-31,-54,-9,-8,-9,-22,-90,-43,-124,6,-24,24,-23,57,-11,36,-14,70,-8,55,2,22,-30,0,-58,-23,-41,-10,-3,-19,-5,-13,0,-136,2,-10,-11,-28,-95,-14,-23,-8,5,-19,-43,6,-72,40,-66,-10,-87,131,-7,54,82,1048,-2002,614,-385,2012,-629,190,68,319,137,310,156,297,175,285,194,271,210,256,227,240,242,222,257,10,13,890,3088,-3185,3167,-3332,-457,-496,-968,-102,11,-184,119,38,-99,-52,-74,-73,-37,-25,-65,-16,-3,11,-35,-7,-25,11,-2,6,-11,-1,-1,48,-43,43,-28,91,-93,-120,-207,-61,-58,11,-41,-1,-21,-14,-13,-41,9,-5,-26,-14,-13,-72,-20,6,-26,-14,-13,-4,-8,-31,-128,7,-157,-33,-11,-21,0,-4,6,-66,-6,-34,-85,5,-56,-40,29,-141,29,-5,-120,-42,-95,-59,-36,-88,-32,6,-75,-14,-167,-8,-39]]]
1254444	r	79.37,12.0399,80.0512,12.5401	[[[793700,121893,1442,-734,11,-121,44,-87,8,-48,87,-28,59,-46,32,64,25,-15,12,-24,28,-13,234,-12,15,-42,-3,-74,29,-12,50,-3,-50,-137,-36,-39,3,-27,94,-39,49,-14,8,77,40,57,127,17,121,-5,105,-27,64,-3,14,6,324,-165,3090,1521,325,498,-313,-194,-207,-88,-92,42,83,121,529,261,206,205,255,439,-3538,2136,-1072,61,-2202,-1651,0,-1857]]]
1273992	r	75.0123,21.0118,75.6578,21.5544	[[[750123,211892,52,-25,229,-5,53,-14,17,-1,17,-7,13,-4,24,-13,124,-56,116,-1,151,41,115,-11,92,-31,199,-17,45,-10,144,-66,42,20,7,-7,7,2,56,37,65,87,33,17,46,13,33,-2,67,-28,27,-28,50,-85,171,-130,80,-43,56,-22,137,-24,75,0,107,-10,51,8,121,59,78,4,55,-14,138,-73,137,-20,36,-6,68,-38,55,12,31,45,-6,64,10,50,68,56,44,18,56,23,58,52,14,13,34,19,51,9,47,-15,42,-13,100,5,65,15,371,36,139,8,57,-24,31,-83,52,-54,31,-18,57,-11,58,4,61,4,88,-14,41,-23,90,-73,131,-46,91,-4,31,138,-23,31,44,-2,13,60,-77,18,-2,22,98,209,0,44,-37,45,54,63,7,99,817,766,429,850,-1,1,-95,-18,-16,17,-53,-38,-49,25,-164,-14,-37,121,113,31,8,29,-97,47,-164,-15,37,197,-29,40,-98,11,-64,36,37,37,-9,23,33,14,-26,61,102,59,39,75,70,50,-106,32,-148,123,-67,32,-153,32,-319,-6,-29,36,7,37,-49,28,-207,6,-70,-23,-104,57,-11,51,-24,-9,-14,33,-19,-7,-90,162,-84,-9,-15,169,-474,224,-1263,-499,-1,0,-1517,-598,343,-131,99,-10,266,-175,-224,-33,-108,-83,-134,17,-81,-142,-135,-61,2,-87,-44,-95,6,-16,-3,-8,16,-30,111,-62,2,-48,-45,-32,-60,43,-60,7,-14,-5,-9,0,-55,-26,-18,-33,2,-6,-4,-9,17,-36,123,-27,82,-76,-5,-98,-44,-87,6,-190,-107,-66,13,-121,-28,-45,-122,-79,-68,-175,-71,-79,-29,-11,-79,7,-28,-61,-136,-7,-147,-62,-36,-89,-112,-20,-22,-25,-39,-153,-106,9,-30,-24,-58,12,-62,-27]],[[752271,210983,872,-865,1135,1065,-19,-2,-15,5,-11,21,10,42,-9,22,-26,10,-20,-3,-12,9,-44,54,-5,63,-12,12,-16,-3,-20,-15,-29,-62,0,-20,53,-41,-1,-23,-9,-16,-21,-12,-78,-13,-57,-4,-46,15,-27,-21,-8,-47,-13,-18,-18,-5,-49,18,-56,-39,-23,6,-11,32,-12,15,-20,8,-19,-1,-24,-55,-33,-18,-39,-8,-28,7,-21,14,-12,18,7,49,-14,19,-67,-12,-22,8,-17,-1,-32,-18,-26,-3,-28,12,-47,77,-47,46,-14,6,1,-21,-1,-37,-25,-20,-32,-43,-11,-6,-23,14,-16,-21,0,-28,14,-36,0,-45,-16,-8,-28,3,-116,47,-95,18,-25,-61,-33,-18,-173,-9,-264,38,-24,-2,-13,-12,-17,-40,-3,-41]],[[754300,211203,80,75,-22,4,-23,-5,-18,-21,-17,-53]]]
1255121	r	75.254,11.9215,75.8592,12.4725	[[[752541,119932,226,-258,-94,176,-107,140,52,40,25,103,9,7,9,70,13,23,33,12,16,-3,48,-13,271,203,14,-14,55,-55,-2,-9,-12,-11,-80,-29,-13,-15,3,-19,19,-35,-1,-14,-34,-66,21,0,44,-15,18,-33,13,-8,23,1,8,8,0,30,12,8,27,-4,15,-11,16,8,50,-10,52,6,11,-22,42,-22,1,-1,3,-3,4,-7,3,-77,-11,-30,-5,-51,17,-12,17,3,12,-22,25,-15,-12,-13,-11,-45,-3,-55,70,4,33,10,41,35,97,48,24,-8,9,4,5,2,7,3,32,13,49,4,31,-5,4,-1,2,-3,2,-5,1,-2,-11,-32,7,-15,-17,-53,19,-11,30,1,14,-8,13,-32,74,7,8,3,45,17,3,1,9,-9,-7,-28,23,-9,4,-12,-22,-54,47,-20,23,-105,8,-6,36,1,34,12,17,-16,-3,-23,14,-32,-13,-17,6,-39,-14,-26,6,-27,-10,-40,13,-25,-4,-29,-9,-14,4,-17,21,1,35,55,38,3,31,-20,17,-2,9,11,24,45,-21,63,6,73,36,57,34,3,8,12,44,-25,7,-27,15,-15,-2,-26,13,-38,17,-12,35,-3,35,-14,45,7,14,-7,15,-43,7,-4,22,7,37,-4,29,15,6,31,32,22,25,5,11,21,19,8,55,-14,59,7,39,-10,13,70,12,31,0,25,17,27,796,0,2800,1089,-1042,3233,-205,216,-253,233,-268,217,-265,187,-667,-129,-2351,-1889,-1000,-2775]]]
1257431	n	77.8544,17.4192,78.3058,17.8461	[[[778544,176200,2,-47,14,-10,1,-40,-12,-7,0,-2,33,13,86,84,13,-83,93,-41,-80,-92,41,-156,136,-18,99,27,270,-83,27,-81,69,-31,25,-82,43,-32,-40,-124,188,-15,126,-53,6,-67,39,-17,27,-58,-89,-128,10,-93,154,-91,84,197,34,-58,121,-54,-61,-116,37,-85,151,-50,39,-56,110,61,72,4,-17,-48,15,-77,40,-8,17,-54,161,-34,90,-106,6,-45,258,-152,2076,2912,-80,162,-119,190,-138,178,-155,165,-171,149,-186,132,-198,114,-209,95,-218,75,-224,54,-229,32,-231,11,-231,-11,-229,-32,-224,-54,-218,-75,-209,-95,-198,-114,-186,-132,-171,-149,-155,-165,-138,-178,-119,-190,-99,-201,-78,-209,-56,-215,-34,-219,-11,-222]]]
1260730	p	1253133
1272873	r	77.2711,10.5872,77.8928,10.9355	[[[772711,107898,54,-40,-2,-26,218,-42,-46,-110,45,-39,122,-29,-84,-101,120,-17,62,-628,252,56,82,-6,82,-168,38,-209,315,1,40,-113,166,-176,98,18,19,11,35,38,31,-1,26,-8,37,-10,11,3,12,4,16,5,34,30,24,55,16,15,51,22,34,-7,84,13,31,-10,33,29,14,17,21,14,23,4,3,-9,3,-9,9,-5,-9,14,97,-17,1,-28,70,-4,5,-6,7,-10,32,4,-6,-92,11,-16,16,-54,29,-1,13,-47,25,-27,9,-10,3,-14,2,-12,15,-21,-5,-7,-12,7,-10,5,-20,1,-32,-5,-7,-6,-4,-7,8,-54,21,-8,42,-7,30,23,113,14,14,-3,27,-24,11,22,88,7,4,19,34,-21,32,-32,85,-37,17,11,25,62,-3,14,-28,8,1,18,14,11,36,0,20,35,19,3,36,-14,42,12,26,-14,25,6,19,26,30,2,4,-32,47,-4,44,-12,-1,-21,-26,-99,20,-18,30,-7,14,-24,4,-35,-3,-16,1864,-56,946,999,-471,1021,37,-26,175,-24,171,-120,25,31,127,-25,58,22,5,80,-19,103,-58,-39,-64,2,-74,72,36,121,-19,267,-30,54,-128,85,-143,-138,-88,10,-139,213,-116,9,-104,59,-41,88,9,52,-50,74,-16,-2,-228,495,-53,-186,9,-161,99,-66,19,-71,-22,-38,43,-125,-173,-8,-110,26,-115,96,-115,-18,-67,69,-75,-10,-67,24,-65,-33,-55,51,-49,6,-3,-269,-29,-61,-101,-34,-35,13,-45,92,-60,34,-115,-48,-97,17,-180,-32,-44,24,-47,99,-59,32,-31,-35,-44,6,-68,81,10,90,-35,79,17,71,-35,37,-93,-16,-61,-81,0,-56,67,-54,28,-57,-31,-179,-162,-24,-10,-85,-90,62,-11,57,-56,13,-46,-64,-48,43,-50,-27,-58,13,-59,-18,-2,149,-263,21,-38,23,-25,56,7,150,-316,-63,-20,-70,-158,6,-40,168,-152,6,-161,-45,-8,-31,-147,-16,14,-54,-153,-10,30,-72,-3,-164,-85,-5,-182,-90,-168,-6,-181,-114,-126,14,-196,-74,43,-18,2,-115,79,-66,7,-119,-24,-19,-56,8,-114,-87,-32,-99],[775491,106373,154,123,-6,-7,-148,-116],[775680,106539,66,92,-42,-62,-24,-30],[777418,106364,121,136,-104,-132,-17,-4],[777534,106655,6,17,-1,-172,-5,155],[777548,106693,5,13,6,1,-11,-14],[777760,108709,43,11,-13,-10,-30,-1],[777817,108731,49,127,-35,-116,-14,-11],[778214,107114,23,62,-14,-52,-9,-10]]]
1259994	n	75.135,11.9932,75.3504,12.2668	[[[751350,121929,88,-316,367,-840,58,-357,74,-193,148,-139,-15,36,36,50,59,41,57,9,23,-26,37,-43,50,-46,61,-21,63,-55,85,-97,963,2674,-47,42,-27,20,-2080,-739]]]
1256593	r	76.472,25.2821,77.6698,26.2177	[[[764720,257039,84,-206,185,-52,49,-49,-72,-261,23,-77,67,-13,43,-72,24,-254,-90,-228,167,-354,-36,-201,86,-87,93,-41,34,-54,0,-63,178,-201,26,-121,-29,-170,123,-132,49,-20,100,-14,44,-46,114,-269,3,-131,77,-13,166,-142,170,67,61,-128,35,9,-1,-50,42,5,33,-59,36,40,91,-161,77,-13,18,29,36,-23,72,40,105,-8,30,-37,156,-21,144,60,84,-29,48,-50,145,-25,-53,-103,0,-83,219,-72,369,74,59,33,190,-1,179,66,242,-87,200,-5,161,-143,118,-61,-20,-117,-41,-60,66,-25,132,-9,147,23,29,129,130,31,68,-25,164,5,348,-40,121,183,21,87,110,-49,132,20,51,97,85,84,253,-60,106,-2,253,879,24,-7,57,28,8,82,-49,35,95,330,-62,11,185,-32,149,31,-108,208,22,109,-23,73,38,67,317,54,156,-28,99,50,131,9,391,108,75,-7,42,37,66,105,-13,56,21,51,-66,20,-106,-43,-192,79,24,85,-30,72,34,69,-161,-5,115,312,150,150,-59,67,-194,55,15,35,-67,110,182,169,44,15,40,-33,65,22,68,-82,155,-43,94,3,79,68,-16,82,-48,16,-42,55,-64,12,-83,134,-133,23,-86,61,-21,134,234,173,141,-83,43,28,31,59,-7,132,-21,18,26,133,37,67,102,-4,-94,103,-3,37,39,50,99,-66,331,22,267,-55,54,24,26,-22,17,21,91,2,253,-93,-18,97,-62,97,-266,181,4,365,35,63,-19,77,68,74,-39,44,-84,18,24,47,76,42,78,3,4,73,59,7,87,-41,56,17,121,-154,47,-8,13,-45,120,-59,-5,-64,89,-35,99,35,59,-63,91,32,8,-60,51,17,31,-24,59,33,28,-121,99,-49,137,20,-43,-125,72,-6,-1,-62,34,-47,39,-10,20,27,174,26,36,73,18,147,-58,74,34,62,-8,110,97,48,107,-80,122,-20,98,72,153,12,15,93,62,119,-33,108,135,120,-283,69,-119,13,-33,-22,-36,22,-98,-20,-93,-65,-151,0,-27,-44,-19,14,-78,-65,-25,17,-39,-20,-20,32,-37,-29,-64,63,-5,63,40,24,-16,48,20,34,-60,40,-40,71,9,94,91,-25,45,-50,109,-42,24,-54,18,63,39,4,43,53,78,19,-40,57,216,88,15,49,61,-36,86,-2,230,18,92,35,-49,294,93,120,-20,18,23,52,-51,-16,-43,44,-188,7,-92,75,-13,79,56,84,56,15,122,99,-17,126,-45,86,112,-40,265,30,-20,225,-36,41,-235,-27,-66,-109,-176,-102,-125,-25,-42,-48,106,-48,30,-236,-61,-9,-93,-82,-63,-119,-65,-30,-71,11,-78,72,-177,36,-95,140,-232,73,-36,53,-65,30,-11,108,-99,36,-112,100,-69,102,-102,16,-45,132,-29,3,-63,8,-37,61,-92,13,-30,37,17,45,-115,50,-48,-12,-26,98,26,57,-134,54,-148,109,-132,2,-21,-71,-210,0,-160,-70,-139,48,-65,-71,-115,37,-26,-29,5,-55,-99,-13,-25,-30,-64,11,-160,-60,-179,-214,-2,-66,-54,-103,-197,-83,-19,102,-55,72,-128,27,-54,48,-44,142,-48,58,30,50,-11,119,-167,187,-5,31,-63,2,-16,31,-16,43,64,46,-121,2,-7,-31,-21,11,-75,-33,-40,-46,-84,3,-41,32,-11,46,-49,15,115,180,-203,179,-120,75,-5,-9,-24,-145,-152,-191,-145,-41,-278,5,-229,-70,-253,-216,-47,-85,5,-85,-45,-49,-201,-42,-298,-222,-296,-39,-183,-63,-21,-183,-80,-115,-49,-147,-185,-136,-92,4,-45,-23,-152,-93,-14,-8,-8,-13,-84,-130,-3,-2,-73,-44,-137,-155,-12,-50,-4,-18,-13,-51,6,-3,51,-26,-8,-78,-165,-227,-11,-4,-53,-19,-67,-24,-139,0,-28,6,-98,24,-16,-7,-1,-1,-22,-9,-12,-32,26,-57,46,-23,13,-7,18,-9,15,-8,-9,-14,-31,-49,-14,-21,-188,-105,-11,-6,-4,-2,-20,-6,-118,-30,-69,-18,-416,101,-298,-31,-97,-85,-69,-282,-92,-25,-185,66,-67,0,-104,-80,-128,-183,-115,-153,-199,-142,-150,-293,-5,-9,-9,-32,-18,-63,-10,-31,18,-212,79,-135,-22,-42,8,-77,-224,2,-103,-92,-138,-58,-53,-111]]]
1274641	p	1258744
1259093	p	1265873
1271947	p	1277013
11184261	p	1276609
1265863	r	77.842,12.3043,78.4019,12.8178	[[[778420,123632,5287,-589,312,3248,-428,951,-1237,171,-6,25,10,18,-19,54,-17,20,-8,91,-97,43,-72,-2,-20,-10,-136,73,-67,19,-12,-13,-42,-3,-7,25,-63,1,-36,7,-32,-14,-48,-44,-47,14,-88,42,-46,30,-73,27,-88,5,-32,21,-47,75,-10,59,-58,43,-96,28,-58,50,-135,81,-32,-46,-31,-67,22,-72,-100,-156,0,-9,37,-46,0,-56,-62,-105,-15,-130,-40,-101,-14,-136,9,-21,82,-73,12,-2,-2352,-3526]]]
1255714	n	74.269,34.0702,74.7368,34.5161	[[[742690,344418,2635,-3716,164,34,152,46,99,145,1628,2402,-2,12,-65,215,-90,209,-114,201,-137,190,-159,178,-179,165,-198,149,-214,132,-229,114,-241,95,-251,75,-259,54,-264,32,-266,11,-266,-11,-264,-32,-259,-54,-251,-75,-241,-95,-229,-114,-214,-132,-198,-149,-88,-81]]]
1258289	r	82.9734,18.9593,83.952,19.6429	[[[829734,191177,1368,-1565,750,33,-6,-52,155,5,18,27,29,29,5552,247,661,1000,1259,1906,-63,258,-105,330,-128,323,-150,315,-171,304,-192,293,-211,281,-230,266,-248,252,-265,236,-281,219,-295,201,-308,182,-318,162,-6547,-1843,-274,-3409]]]
1252699	r	77.4282,17.5043,77.8866,17.9042	[[[774283,175873,311,-77,47,57,69,10,25,-102,64,-75,173,-7,-21,-57,57,-99,-3,-96,59,-14,51,27,84,179,34,17,47,96,30,8,67,6,40,-29,61,-102,13,-107,49,25,81,-17,24,34,-24,54,33,-24,26,21,56,-22,147,21,4,49,34,2,21,-6,0,-3,-1,0,33,-113,-14,-8,5,-18,-8,-44,49,19,6,-65,46,13,52,-20,81,90,36,-15,-89,-84,-9,-51,64,-55,167,42,35,-92,225,-12,55,-91,136,-95,31,8,29,65,28,-22,-30,33,-1,74,31,68,102,11,13,-31,71,-11,33,34,54,5,39,65,113,57,65,77,85,6,133,140,6,-17,-1,190,33,63,60,-2,36,157,-54,109,-101,28,-90,-14,2,42,-41,1,9,64,49,-8,31,39,25,-30,51,30,133,-3,70,48,7,68,62,-9,84,-127,69,29,113,-18,74,62,18,-36,42,-3,141,-96,20,-1,411,2854,-3631,-1233,161,-26,1,-39,147,-105,145,25,-20,-73,34,-173,-22,-10,-11,1,-1,-10,-5,-3,-7,17,-34,-12,8,13,-4,10,-11,-4,1,-5,-14,-14,-2,18,-12,-5,-11,-8,-2,-23,-11,-16,-19,2,-2,-2,-41,1,-12,-9,-5,-14,-2,-2,-15,-9,-3,-14,-90,-7,2,-11,-38,-8,-25,5,-11,-8,-26,-1,-28,-14,-27,-6,-36,-18,-11,-15,-26,-18,-19,-6,-25,-17,2,-6,-17,-12,-15,1,-16,-9,4,-11,-32,12,-18,0,-18,-9,-30,1,-43,-83,-58,3,-22,-7,1,-12,-10,-2,-5,2,-2,-3,-39,-8,-4,2,-29,-3,-16,-9,-58,-11,-152,-84,-3,-34,27,-19,-2,-149,-66,-216,49,-170,31,-15,-73,-253,-44,-1,17,-95,-26,-69,6,-92,-162,38]]]
1266666	n	73.1139,18.6047,73.481,18.9994	[[[731139,187690,0,-12,34,-219,57,-215,78,-209,100,-201,120,-190,34,-45,968,-552,1037,1350,20,126,-9,32,-73,26,59,52,69,117,47,183,55,-52,54,48,28,112,-32,137,47,19,48,329,81,-23,53,-70,107,148,135,60,107,155,12,109,-24,92,54,9,-1,42,-80,53,-26,52,72,28,44,101,62,-39,107,52,-20,160,47,208,33,20,137,0,30,102,-192,109,-210,95,-13,4,-1275,-239,-1981,-2064]]]
1258366	n	74.3655,27.8552,74.8209,28.2993	[[[743655,280800,12,-222,37,-219,60,-215,84,-209,107,-201,129,-190,148,-178,76,-75,127,-43,2031,-696,231,30,242,54,235,75,152,64,32,38,-28,42,31,52,145,38,213,788,-26,67,-42,6,-41,84,19,27,54,1,69,64,38,12,186,688,-11,29,-90,39,-20,64,49,219,39,18,-17,55,25,50,123,27,15,-38,13,-2,107,399,-949,1311,-86,36,-235,75,-134,29,-2511,-787,-115,-36,-95,-114,-129,-190,-107,-201,-84,-209,-60,-215,-37,-219,-12,-222]]]
1263504	r	78.873,15.3452,79.6643,16.1148	[[[788730,157300,8,-252,26,-250,42,-249,59,-245,75,-241,92,-235,107,-230,123,-222,137,-214,151,-204,165,-195,178,-184,189,-172,201,-159,211,-147,221,-133,229,-119,237,-104,243,-88,248,-73,253,-58,257,-41,258,-24,260,-9,260,9,258,24,257,41,253,58,248,73,243,88,237,104,229,119,221,133,211,147,201,159,189,172,178,184,165,195,151,204,137,214,123,222,107,230,92,235,75,241,59,245,42,249,7,71,-3313,4224,-93,19,-19,3,-258,24,-260,9,-260,-9,-258,-24,-257,-41,-253,-58,-248,-73,-243,-88,-237,-104,-229,-119,-221,-133,-211,-147,-201,-159,-189,-172,-178,-184,-165,-195,-151,-204,-137,-214,-123,-222,-107,-230,-92,-235,-75,-241,-59,-245,-42,-249,-26,-250,-8,-252]]]
10630431	p	12501153
1275346	n	87.4618,23.4339,87.9179,23.8766	[[[874618,236946,881,-2131,139,-95,206,-114,218,-95,226,-75,234,-54,238,-32,240,-11,55,3,1521,527,158,132,161,165,144,178,82,127,58,2158,-928,912,-95,53,-218,95,-226,75,-10,2,-3084,-1820]]]
1260607	n	73.6932,15.423,74.0631,15.7261	[[[736933,156828,46,-200,91,-191,113,-166,100,-75,49,55,350,218,84,40,73,82,171,28,371,-8,0,-68,-507,-125,-270,-98,-117,-152,-21,-84,-49,-42,-46,-57,-20,-125,17,-143,44,-117,149,-224,-49,-245,151,-158,201,-51,100,82,696,372,0,-62,-55,-55,-10,-48,36,-48,91,-54,-441,-95,-105,-48,-88,-86,-83,-130,-53,-142,12,-119,98,33,354,-33,53,-18,60,-73,258,-41,5,1,67,-6,23,-10,712,-112,1022,524,3,24,12,222,-12,222,-33,219,-56,215,-77,209,-98,201,-117,190,-136,178,-154,165,-170,149,-183,132,-196,114,-207,95,-215,75,-222,54,-227,32,-228,11,-228,-11,-227,-32,-222,-54,-215,-75,-207,-95,-196,-114,-72,-52]]]
1258546	p	1256639
1271934	r	75.229,29.2174,75.7659,29.7696	[[[752290,292321,99,-8,35,40,28,149,378,-18,23,225,30,22,91,-8,179,69,69,101,115,-18,69,-67,-21,-278,-55,-130,-50,-48,25,-33,209,-95,40,1,52,52,8,161,92,80,186,87,150,-10,61,-47,4,-135,-21,-2,-40,-136,-37,-18,8,-25,-42,-9,-8,-44,5,-5,1959,1195,11,0,64,11,44,65,-4,89,-54,56,-37,16,71,88,128,20,12,131,-9,6,4,181,40,1,15,46,23,-8,70,96,76,-21,78,59,140,45,411,-6,91,60,62,-14,114,-97,378,230,-1508,3032,-99,64,-174,-43,-86,-72,-76,30,-5,92,-78,168,-14,2,-322,-36,-73,-74,3,67,-1172,-130,-8,-128,-91,-7,-2,-48,-75,-50,42,-61,-18,-90,-161,-4,-48,-89,-97,6,-12,-44,-122,-52,-2,-37,141,-262,-10,-42,-110,48,-56,74,-30,10,-65,-16,-18,-106,-93,-103,-6,-20,10,-77,-59,-114,-53,-16,-37,-52,-116,5,-2,-7,-2,0,-41,-130,-14,-22,5,-8,-1,-4,8,-6,5,-8,40,-24,68,-10,13,-52,11,-18,50,-31,41,-35,16,2,36,-21,-62,-53,-37,-67,-8,-120,7,-29,-125,-7,63,-1,-20,-35,28,-64,-11,-41,1,-38,-59,-38,-18,-38,-2,-5,12,-39,37,-46,25,-11,-14,-7,-52,1,-24,-26,-41,-25,-112,-35,-40,-57,0,-1,25,-29,16,-18,-1,0,-139,-1,-114,81,-75,65,-8,3,-154,-2872]]]
1277183	r	80.3133,15.797,80.6701,16.0471	[[[803133,159859,547,-712,8,33,1,32,19,57,13,-3,6,7,8,-2,4,12,10,2,18,39,10,-1,10,20,11,-34,-44,-57,-3,-13,1,-14,21,-30,-7,-35,12,-100,10,-27,-4,-65,84,-50,0,-11,60,-126,39,-30,13,-47,12,-1,30,-38,46,-88,75,44,145,113,82,47,30,-47,23,0,58,-96,28,-64,41,16,23,-35,143,40,35,-66,-153,-40,-8,19,-116,-33,39,-106,-11,-21,-20,-8,-3,-7,6,-61,12,-34,21,8,18,-42,-23,-13,-17,38,-15,-5,-4,7,-29,-19,-80,-22,-96,-56,-55,-39,-42,-17,-6,-9,0,-35,18,-64,128,73,280,137,427,185,369,126,40,28,28,-1,16,12,240,72,300,79,-17,52,2,43,29,55,155,46,445,17,-25,45,27,68,70,69,-54,142,-1213,496,-5,48,-48,4,0,8,17,10,16,36,-17,4,-7,9,13,32,4,37,-9,21,-14,-4,-5,12,37,31,16,5,-4,12,24,39,23,58,-35,4,-46,24,-24,-88,-15,-8,-11,-31,-86,30,39,89,2,52,-73,-6,-106,-117,-32,6,-45,-5,-19,-38,-18,14,-11,-27,-19,3,1,-20,-33,20,12,22,38,42,5,16,-73,36,-85,15,-26,-14,-15,-15,-32,-2,-89,9,-43,14,-51,3,-22,-29,-2,-5,-981,401,-447,-612],[805437,158777,78,7,24,24,68,0,35,-40,-49,7,-56,1,-10,9,-90,-8],[805931,158779,40,25,-5,-14,-35,-11]]]
1276378	p	1265873
1266154	r	75.7735,14.8955,76.8119,16.0118	[[[757735,159024,56,-50,188,-7,124,-30,16,62,154,5,23,-40,1,-96,26,0,29,-45,-72,-158,102,-15,19,68,86,1,13,-114,-37,-211,256,-103,287,-182,72,-21,212,-179,95,-1,225,-70,28,108,36,-3,88,60,52,13,11,6,8,-1,11,3,39,-8,23,-148,39,-61,153,32,26,-43,65,-7,10,-32,138,-54,52,5,6,-24,7,-40,2,-11,0,-1,-57,-86,52,-8,-26,-169,62,-4,16,-110,-35,-72,-114,-34,-70,-56,-42,57,-141,5,-7,-39,-114,-54,-84,-124,-7,-40,46,-16,-40,-71,-10,-139,68,26,49,81,192,23,22,-17,-3,-54,-49,-107,-432,18,-10,147,-57,-30,-177,5,-35,60,2,108,-144,-9,-105,54,-2,67,62,217,-110,56,2,127,-132,61,-47,-121,-96,-9,56,-88,24,-3,-42,-116,-159,-24,0,-418,126,-10,39,-33,10,-180,-27,-166,89,-13,-7,-70,44,-6,-9,-177,-29,-1,-1,-37,-124,-30,3,-33,-33,-5,-3,26,-120,-31,9,-353,-75,-469,-100,20,-8,-32,-162,-24,-21,-35,-120,12,49,-122,-91,-2,8,-86,-61,-2,33,-192,58,11,5,-124,46,-45,127,-44,34,-46,190,15,0,-203,62,0,10,-162,183,13,195,-61,-27,-275,16,-210,-154,-12,59,-346,-34,-71,-12,-211,52,-100,53,-38,-44,-33,52,-280,29,-20,3,-39,85,11,127,-346,18,-105,-15,-127,235,-96,35,-354,-468,-41,-62,-154,-96,-50,-42,-101,19,-69,203,-138,27,-105,-56,-157,-192,-23,-127,-198,-154,35,-99,76,-81,-24,-31,-205,1428,-900,538,-194,765,-174,1176,2935,27,-25,174,9,330,267,98,228,164,210,139,65,139,-8,69,124,102,344,71,129,62,51,249,24,157,-51,272,134,188,1,97,52,71,0,-1369,1040,-165,661,8,20,97,201,118,190,136,178,154,165,169,149,184,132,196,114,206,95,216,75,221,54,227,32,228,11,212,-10,1262,-741,571,-893,332,5,108,6,185,83,142,127,7,15,-40,90,27,229,1,1,0,1,-246,91,-77,6,-195,98,-31,40,-14,160,-55,29,-107,30,-169,-15,-204,32,-6,-35,-115,48,20,55,-53,47,-53,6,-6,61,8,143,132,-24,-30,236,-204,-93,16,193,-184,21,5,54,-544,82,-25,257,-110,-20,-242,81,-4,-26,-84,-32,-115,-12,28,47,-44,7,-43,-6,1,-46,-38,3,-30,11,-28,72,-86,54,-27,-25,-2,39,-42,24,-189,-92,-10,59,-56,8,-27,50,-350,150,-40,40,42,58,-83,60,4,344,-61,26,-112,-14,-3,53,-68,7,-19,129,44,20,29,-12,18,67,156,127,43,-7,28,95,39,29,23,126,-34,48,-149,45,-147,106,35,36,29,159,22,19,-231,91,0,27,-286,1,-16,152,-35,-46,-108,-31,-58,-69,53,-14,1,-197,-34,-171,-22,14,-20,-23,-133,81,73,154,-3,133,-110,50,-111,-24,-68,19,-24,-103,-80,-15,-50,25,-99,-34,-54,104,-92,11,15,56,-16,11,-44,-55,-95,17,-7,81,-41,6,-4,74,-270,4,-33,177,-262,29,-7,-87,-97,-34,-177,-1,-3,-69,-115,-35,-65,-64,-88,-195,-198,-16,-82,-74,-142,76,-18,67,-306,21,-124,47,45,81,99,497,119,317,-57,139,-222,10,0,-62,-42,2,-3,-25,-305,59,-39,-58,-56,-13,-225,31,1,-59,-26,-34,-134,-90,21,-254,-15,-91,34,-9,-10,-216,-26,-74,26,-221,-14,-37,37,-234,-63,-122,-64,-19,-29,63,-190,14,-29,76,-132,11,4,69,-28,41,12,84,-131,174,-123,111,11,-53,-113,-19,-133,154,-250,39,-137,-47,-30,-53,-108,15,-149,-18,7,-17,-211,-6,-17,21,-125,-68,-10,-42,37,-66,-54,-51]]]
1277949	n	78.8278,14.5139,79.2922,14.9661	[[[788278,147400,11,-222,33,-214,2277,-1825,1,0,228,11,225,32,221,54,215,75,206,95,195,114,183,132,169,149,153,165,136,178,117,190,97,201,77,209,56,215,33,219,11,222,-11,222,-33,219,-56,215,-77,209,-97,201,-117,190,-136,178,-153,165,-169,149,-183,132,-195,114,-206,95,-215,75,-221,54,-225,32,-228,11,-228,-11,-225,-32,-221,-54,-215,-75,-206,-95,-195,-114,-183,-132,-169,-149,-153,-165,-136,-178,-117,-190,-97,-201,-77,-209,-56,-215,-33,-219,-11,-222]]]
1273724	p	1271308
1254744	n	77.0826,8.7339,77.5373,9.0661	[[[770826,89600,11,-222,33,-219,54,-215,76,-209,95,-201,115,-190,133,-178,149,-165,3,-2,73,-44,50,-52,68,-20,63,-53,87,-45,78,-56,79,-9,4,-23,-12,0,-15,-17,2,-13,21,-17,9,-23,0,-5,26,-16,202,-95,210,-75,216,-54,221,-32,223,-11,223,11,221,32,216,54,210,75,202,95,191,114,135,100,258,360,491,685,29,79,54,215,33,219,10,204,-91,87,-4154,983,-35,9,-93,-196,-76,-209,-54,-215,-33,-219,-11,-222]]]
1255361	n	73.6424,29.0939,74.1571,29.5461	[[[736424,293200,13,-222,37,-219,61,-215,85,-209,108,-201,130,-190,151,-178,170,-165,187,-149,203,-132,217,-114,228,-95,238,-75,245,-54,251,-32,252,-11,252,11,251,32,245,54,238,75,228,95,217,114,203,132,187,149,170,165,151,178,130,190,108,201,85,209,61,215,37,219,8,135,-36,-27,-14,-70,-106,0,-18,-64,-129,-41,-18,43,-114,13,-56,-17,-69,-88,10,-154,-61,-37,-10,-64,-37,-28,-234,99,-64,40,-11,35,-60,-1,-97,121,-124,1,-85,-51,-31,19,-32,42,-16,208,30,67,1,133,-34,38,-118,8,-36,280,-70,61,-2,94,-36,1,2,60,-31,1,2,60,-26,0,0,94,-114,-140,-174,31,-166,-192,-287,3,0,39,-75,-1,-1,270,48,49,-7,95,-129,26,0,39,-69,1,-9,279,366,-2,1,48,55,0,2,22,157,-50,-1,71,98,0,-2,71,-25,2,1,186,51,4,3,-65,77,-22,1,104,49,-4,4,29,-28,0,0,41,-33,1,6,116,-72,1,0,21,-50,3,-1,43,-69,0,1,35,128,20,1,22,-55,2,1,93,-103,0,55,122,74,-1,0,6,-47,11,-251,32,-252,11,-252,-11,-251,-32,-245,-54,-238,-75,-228,-95,-217,-114,-203,-132,-187,-149,-170,-165,-151,-178,-130,-190,-108,-201,-85,-209,-61,-215,-37,-219,-13,-222]]]
1278152	r	79.1356,26.1751,79.9301,26.8066	[[[791356,264334,2256,-1040,23,14,51,17,43,43,10,14,-13,38,7,25,81,123,24,73,-22,70,110,150,31,-14,39,1,38,75,-3,89,63,-6,40,-12,45,-37,15,-3,13,2,21,28,-9,21,-41,17,-38,45,7,97,86,17,6,19,-28,11,1,62,0,1,153,28,176,33,21,4,36,-1,68,-1,9,-3,65,-21,1,-1,4,-3,33,-27,17,-13,12,-13,34,-37,22,-24,2,-6,25,-58,9,-21,0,-1,5,-196,37,-100,77,-104,40,-67,-7,-105,113,-85,87,-18,-20,-94,-79,-80,-60,-42,-42,-15,-100,-3,-57,-13,-52,-54,-21,-84,-44,-46,-25,-55,78,-44,-69,-54,-37,-68,1494,-689,3083,-342,0,4502,-3005,1813,-2263,-29,-1383,-1838,-38,25,-43,-36,-15,-24,17,-13,-27,-32,18,-20,-23,-36,-45,-17,-3,-5,6,-4,-10,-13,-33,-17,-80,-92,-6,-10,9,-12,-104,-113,-21,-47,-34,-47,-3,-18,-26,-21,7,-27,-11,-21,9,-6,-95,-126,-30,-7,-15,-22,-2,-22,2,-9,-663,-882,-34,-191]]]
1260671	r	77.3135,10.2224,77.7855,10.6493	[[[773136,103721,20,-164,63,-17,73,0,15,5,59,-3,-5,-56,-62,-72,-1,-63,50,-34,-80,-113,44,-58,-12,-51,89,-60,31,-36,-8,-35,62,-63,39,-146,-33,-120,-79,5,-101,62,-38,0,-5,-36,485,-162,3382,-280,222,1105,-32,14,-19,60,-71,25,-33,41,29,149,-39,36,27,70,102,239,-67,121,4,34,327,366,3,2,278,1386,-1864,56,3,16,-4,35,-14,24,-30,7,-20,18,26,99,1,21,-44,12,-47,4,-4,32,-30,-2,-19,-26,-25,-6,-26,14,-42,-12,-36,14,-19,-3,-20,-35,-36,0,-14,-11,-1,-18,28,-8,3,-14,-25,-62,-17,-11,-85,37,-32,32,-34,21,-4,-19,-88,-7,-11,-22,-27,24,-14,3,-17,-12,-21,1,-2,0,-6,1,-25,-8,2,0,-27,-9,-17,13,-16,-19,-14,-4,-42,7,-21,8,-8,54,4,7,7,6,32,5,20,-1,10,-5,12,-7,5,7,-15,21,-5,26,-34,37,-13,47,-29,1,-16,54,-11,16,6,92,-32,-4,-12,16,-70,4,-1,28,-88,3,-9,5,-6,18,-23,-4,-21,-14,-33,-41,-14,-5,-31,10,-84,-13,-34,7,-51,-22,-16,-15,-24,-55,-34,-30,-16,-5,-12,-4,-11,-3,-37,10,-26,8,-31,1,-35,-38,-19,-11,-98,-18,-44,-80,-45,0,-8,-15,-26,-15,-6,-16,-31,0,-62,-64,-9,-25,18,-13,-2,-51,-12,-8,-49,6,-18,-9,-1,-44,-8,-13,-13,5,-30,-11,3,-76,-47,-84,-11,-90,-16,-44,-60,-72,-17,-53,4,-47,20,-74,14,-29,17,-31,39,-12,3,-36,75,-2,22,-6,0,-1,10,-1,5,-1,43,-4,117,-11,0,-21,-20,-149,-9,-22,0,-50,-56,8,-22,-17,-18,-29,-42,8,-58,-9,-45,-39,-1,-61,26,-3,8,-81,7,-13,10,-4,12,-13,-8,-64,11,-13,0,-26,-10,-8,13,-92,0,-15,-2,-16,-11,-1,-55,2,-43,-6,-51,-18,-9,-2,-23,9,-83,-24,-94,20,-29,50,1,11,-11,7,-13,3,-32,-16,-10,17,-32,11,-29,-9,-25,-30,-21,-2,-34,-26,0,-14,16,-35,-6,-39,16,-43,-4,-24,-27,1,-24,-13,0,-18,21,-39,-44,-88,7,-12,-11,-37,16,-64,-14,-6,-2,-6,-20,-16,7,-97,-11,-37,-5,-56,-21,-127]]]
11520454	p	1254348
1274821	n	76.7111,11.6939,77.1695,12.1175	[[[767111,119084,5,-106,33,-219,55,-215,75,-209,97,-201,116,-190,134,-178,151,-165,167,-149,181,-132,193,-114,204,-95,212,-75,218,-54,223,-32,225,-11,225,11,223,32,218,54,212,75,204,95,193,114,181,132,167,149,151,165,134,178,116,190,97,201,75,209,55,215,33,219,11,222,-11,222,-1,9,-2719,1744,-1853,-2091]]]
10265943	p	1273294
1263752	n	69.9788,21.0074,70.3283,21.3251	[[[699788,212938,195,1,126,-122,53,-28,111,24,25,-57,-230,-168,-38,-56,3,-114,-95,-42,-50,-48,656,-796,978,-747,807,-711,954,1025,-3178,2145,-11,7,-129,-57,-170,-96,-7,-160]]]
1276783	n	76.732,17.6439,77.1861,18.0955	[[[767320,177836,0,-1,99,-201,119,-190,138,-178,155,-165,172,-149,186,-132,199,-114,209,-95,218,-75,225,-54,229,-32,231,-11,207,10,130,81,-6,99,-56,27,-13,150,40,68,23,87,-17,20,198,-26,60,-78,72,-27,43,-56,152,29,16,-105,44,-1,17,-41,170,58,35,-26,196,112,186,132,172,149,155,165,138,178,119,190,99,201,78,209,56,215,34,219,12,222,-12,222,-34,219,-56,215,-78,209,-99,201,-119,190,-138,178,-155,165,-172,149,-186,132,-199,114,-209,95,-218,75,-225,54,-229,32,-90,4,-18,-48,-183,-72,65,-179,-19,-25,26,-26,-76,-141,98,-43,-67,-31,-322,-33,-30,-209,-37,-3,-21,-45,23,-111,-15,-21,60,0,9,-35,-10,-182,73,-321,-8,-265,-42,-16,-143,27,11,-30,-27,-52,-25,15,-1,-48,-25,3,-1,-64,-99,-5,5,-51,-125,47,-246,23,-75,-15,-71,-65,1,-107,-67,34,-64,-21,-19,29,-75,6,-20,-160,-25,-5,-318,76,-4,129,-51,110,-95,-28,-188,-1,-16,-435,155,17,144,-60,57,-55,10,-49,119,-81,38,-81,-95,-101,14,-81,-38,-47,5,-40,-130,7,-5,-70,-39,-45,-106,-2,-1,-21,-87,-10,14,-40,-32,-3,-87,38]]]
13157011	p	1273294
1274928	r	85.5139,22.2048,86.1426,22.7919	[[[855139,223867,2168,-1757,208,-32,242,-22,243,-8,243,8,242,22,239,37,237,51,232,66,228,79,221,93,214,107,206,119,198,132,188,143,177,154,166,165,154,175,142,183,128,192,114,199,97,198,-1064,1715,-1653,2033,-3570,-4052]]]
1254170	p	12501153
1256693	r	75.988,23.1603,76.5047,23.6997	[[[759880,234300,7,-176,18,-176,31,-174,42,-164,626,-1087,1,-1,117,-116,442,-184,1088,-451,393,-163,155,-5,191,6,190,17,189,29,186,40,183,51,178,62,174,73,169,83,162,93,155,103,148,112,128,110,1,29,0,1,84,1577,109,2030,-52,59,-130,129,-140,121,-148,112,-155,103,-162,93,-169,83,-174,73,-178,62,-183,51,-186,40,-189,29,-190,17,-191,6,-191,-6,-190,-17,-189,-29,-186,-40,-183,-51,-178,-62,-174,-73,-169,-83,-162,-93,-155,-103,-148,-112,-140,-121,-130,-129,-121,-136,-112,-144,-101,-149,-90,-156,-78,-161,-68,-165,-55,-169,-44,-172,-31,-174,-18,-176,-7,-176]]]
1263103	p	1273865
1255449	p	1257402
1276023	n	82.9311,19.6839,83.4089,20.1361	[[[829311,199100,12,-222,34,-219,57,-215,79,-209,100,-201,121,-190,140,-178,157,-165,174,-149,188,-132,201,-114,212,-95,221,-75,227,-54,232,-32,234,-11,234,11,232,32,227,54,221,75,212,95,201,114,188,132,174,149,157,165,140,178,121,190,100,201,79,209,57,215,34,219,12,222,-12,222,-34,219,-57,215,-79,209,-100,201,-121,190,-140,178,-157,165,-174,149,-188,132,-201,114,-212,95,-221,75,-227,54,-232,32,-234,11,-234,-11,-232,-32,-227,-54,-221,-75,-212,-95,-201,-114,-188,-132,-174,-149,-157,-165,-140,-178,-121,-190,-100,-201,-79,-209,-57,-215,-34,-219,-12,-222]]]
13157010	p	1273294
1269328	n	75.1853,16.4039,75.5207,16.7186	[[[751853,166050,79,-621,253,-1245,2832,-145,47,96,77,209,56,215,10,63,-215,-85,-36,-62,33,-148,-27,-70,-76,-70,-96,-27,-135,24,-78,-55,-92,5,-155,169,-9,54,313,380,-42,99,-37,231,304,19,48,174,0,34,-22,7,-1,250,-89,23,12,38,-85,22,7,36,52,4,58,57,10,77,62,48,25,76,-87,132,-109,57,-119,105,-66,373,-53,47,-30,5,-9,29,-77,68,-185,132,-197,114,-208,95,-168,58,-2,-3,-440,42,-287,-28,-244,-223,-28,-128,55,-397,-67,-206,-62,-14,34,-115,-64,-24,-96,29,-113,78,-101,11,-360,-119]]]
1276757	p	1261977
13157009	p	1273294
1267360	n	76.3779,9.11,76.6911,9.3264	[[[763779,93174,47,-63,137,-284,190,-414,-7,57,136,-17,152,-332,190,-607,67,0,19,87,23,42,95,75,-66,-405,1,-35,28,1,126,-36,153,9,-36,94,59,24,206,-29,138,8,-9,-63,15,-34,32,3,41,-154,109,8,59,12,35,44,114,2,14,48,39,8,21,99,154,-21,94,18,68,69,46,-5,77,40,45,89,140,16,83,-22,114,40,-16,107,15,53,60,31,84,-39,40,89,-131,56,-10,96,-56,14,-31,47,-195,62,-25,41,-10,127,-61,111,83,35,63,-2,8,28,-2425,842,-151,20,-191,-90]]]
1272847	r	77.7596,11.89,78.5615,12.3633	[[[777596,121625,2966,-2725,3662,0,1010,714,79,172,93,242,76,248,60,252,43,256,25,257,4,117,-1907,1885,-5287,589,-98,-46,-64,-88,-139,-220,-124,-228,-108,-236,-93,-242,-76,-248,-60,-252,-43,-256,-19,-191]]]
1275481	r	79.6315,28.098,80.2449,28.5336	[[[796315,283774,97,-285,26,38,20,-5,65,-88,21,-9,29,1,18,8,26,32,25,14,29,-23,29,8,29,34,45,3,21,-14,24,5,20,29,-13,17,-55,13,-16,22,32,21,20,24,0,53,-13,14,-17,6,9,26,38,6,48,-2,24,-34,25,-22,19,-11,22,4,54,-28,138,34,35,31,25,-1,28,18,92,-37,-20,-82,-39,-67,-19,-14,-20,5,0,-9,-13,-3,-8,-13,1,-10,34,-42,10,-2,-10,-37,-1,-4,-43,-16,-22,-32,-19,-66,-30,6,-27,-40,-15,-42,-42,-45,-59,-27,-21,-40,63,-23,4,-14,-19,-12,-2,-14,2,-24,15,-24,54,-8,77,-45,2,-10,-14,-21,14,-24,119,-40,50,-23,51,-41,-17,-63,1,-9,2,-29,2,-31,1,-3,40,-79,-8,-32,-5,-3,-10,-5,-6,-4,-16,3,-57,10,-113,-13,-6,97,-8,18,-22,16,-15,-5,-14,-26,-4,-53,-30,-17,-12,-16,0,-2,-3,-6,3,-26,17,-33,25,-10,5,-1,63,-23,-36,-46,22,-18,49,-23,5,5,8,-3,16,23,45,-29,16,27,38,2,13,8,15,-15,17,-7,44,-31,6,-16,15,-15,41,-13,-11,-51,-3,-3,-5,-33,-29,6,-6,3,-83,18,-31,-21,-9,-2,-31,-24,-36,-45,2,-3,-43,-61,6,-24,19,-17,30,-50,55,8,9,3,104,19,3,-106,-56,-53,-8,-26,-32,14,-21,-7,-22,32,-19,-4,10,-34,55,-29,58,-3,12,23,3,1,0,5,9,16,21,-32,20,26,31,-7,8,13,9,2,22,-6,46,17,21,-38,0,-3,2,-1,6,-11,2,-20,12,-7,16,-31,79,-49,7,-2,42,-24,1,-2,3,-1,45,-27,2,-2,32,-18,22,-9,11,2,68,-16,55,3,1,21,-7,4,-11,47,46,4,16,-19,24,21,13,-20,2,-13,7,-1,2,-4,5,2,2,-1,7,4,40,14,13,1,5,5,2,16,-7,7,-5,23,1,1,22,-20,6,-9,5,-2,2,-2,1,0,7,-3,11,2,6,5,2,0,0,1,8,8,1,24,-9,14,-45,-5,-17,25,79,6,-4,31,61,42,-2,52,-37,12,4,19,5,3,10,3,32,-3,58,18,14,11,9,31,-29,47,20,23,-2,10,2,3,-3,0,0,3,-24,9,-35,1,-11,-5,-40,4,36,29,16,3,15,22,-19,17,-19,-6,-19,6,15,18,-11,19,5,60,-34,30,26,53,-32,15,-1,12,2,6,9,4,73,8,3,-8,8,2,2,-1,-1,-8,9,0,-1,3,21,-12,3,-6,11,-3,8,-4,14,-15,17,-4,26,13,9,-1,28,11,13,16,6,3,12,-1,21,-5,-9,-13,1,0,-14,-23,15,0,30,25,9,-16,-6,-5,24,-28,9,-16,3,-17,14,-13,28,-51,-32,-58,0,-1,-1,-1,-52,-97,66,-18,36,-58,45,-18,18,-4,17,19,18,7,116,-12,-6,-11,23,-31,11,-30,-38,4,-19,-40,-16,-17,-6,-17,6,-11,24,-10,36,16,38,3,40,-56,38,14,13,-35,32,-29,7,5,2,16,13,28,9,-18,44,-43,-35,-85,-33,6,-22,-6,-34,-23,-7,-11,6,-26,49,-19,46,3,6,-10,36,-21,-67,-32,-40,-10,-14,-16,34,-33,10,4,72,-47,-32,1,-20,7,-22,-3,-7,3,-78,58,-24,2,1,-7,-4,2,8,-54,-4,-21,7,-5,1,-5,-3,-1,5,-15,-15,-11,-17,-30,28,-15,1,-1,1,0,42,-22,-53,-79,67,-48,56,-31,3,0,3,-1,-42,-60,159,-30,401,85,-2,-2,27,-34,29,-21,37,33,12,-4,35,14,19,-10,5,26,6,2,24,-12,8,8,31,-15,-7,18,12,-5,4,5,-3,31,17,9,-10,9,1378,292,1211,3303,-2147,-54,-3,67,-64,-19,-174,-32,-46,-24,-291,-7,-129,43,-22,54,-20,20,-20,16,-107,49,12,73,-32,35,-20,1,-29,-33,-30,-18,-32,11,-27,0,-19,-7,-25,-20,-41,-1,-16,18,17,25,29,9,56,-11,9,38,-130,79,-58,50,-73,7,-68,41,-10,28,-29,2,-85,-65,-34,-45,-11,-70,-32,-37,-17,-3,-64,18,-73,38,-1,76,24,24,10,63,-164,75,-160,101,-30,9,-59,-16,-22,-8,-79,-53,0,-48,9,-15,25,-8,6,-10,4,-94,-41,-31,-23,-31,-23,13,-11,-2,2,-35,-30,-20,-30,30,-25,14,-47,-25,-43,-55,-32,-4,-32,-29,19,-27,-4,-28,-26,-44,2,-38,-23,-27,-32,-2,-4,-131,15,-2,-3,-12,2,-5,-1262,-32,-191,-787]]]
1278178	p	1275947
1268246	n	77.0521,9.5139,77.508,9.9098	[[[770521,97400,11,-222,33,-219,54,-215,76,-209,95,-201,115,-190,134,-178,150,-165,165,-149,180,-132,192,-114,202,-95,211,-75,216,-54,222,-32,223,-11,223,11,166,24,1406,1136,414,547,26,102,33,219,11,222,-11,222,-33,219,-35,137,-850,547,-2546,573,-622,-340,-77,-102,-115,-190,-95,-201,-76,-209,-54,-215,-33,-219,-11,-222]]]
1262463	n	76.8319,9.8638,77.255,10.2806	[[[768319,100900,8,-154,565,-833,705,-1041,130,-61,211,-75,217,-54,221,-32,224,-11,179,9,825,450,945,2972,-52,86,-134,178,-150,165,-166,149,-180,132,-42,26,-3438,-1369,-24,-96,-33,-219,-11,-222]]]
13157159	p	1260476
1262319	p	1260107
10894229	p	1276609
1257551	r	85.4696,25.6586,86.0808,26.0543	[[[854696,258398,486,-1335,2981,-477,2400,901,245,106,-1196,2022,-2582,927,-5,-77,-106,12,-92,-199,-168,4,-2,-35,-67,-64,-32,3,-77,-156,-143,20,-19,-95,35,-39,-10,-42,68,-30,-30,-38,25,-39,-80,-57,-25,-134,44,-147,97,-29,-39,-32,-1,-147,-150,-24,-1,37,-136,48,7,-30,-114,24,-34,-48,-74,1,-8,-19,-67,6,-20,48,-39,-6,-2,-23,-97,26,-32,-16,-22,-137,-34,-14,-151,35,-55,95,-43,0,-635,-826]]]
1267853	r	77.154,20.1824,77.8362,20.8185	[[[771540,204267,2893,-2443,3332,457,597,3685,-2002,1004,-21,20,-24,38,5,62,11,18,21,12,-24,25,-142,33,-41,5,-64,-8,-98,9,-1,18,-39,26,-32,37,-133,6,-1,-9,-1841,923,-317,-72,-620,-1148,-18,-104,258,-100,-47,-120,-10,-203,-124,-33,-29,-29,-163,-4,1,-25,-91,-5,-41,-62,51,-76,176,-73,84,73,156,-3,-58,-213,8,-151,-19,-34,-87,-108,-107,-7,-53,-41,-69,45,-109,25,-56,56,-167,53,23,75,-30,100,-938,-1734]],[[776124,207315,111,-6,11,49,12,18,56,19,25,171,-139,11,-6,-36,-32,-91,-14,-77,-18,-2,-6,-56]]]
1255983	r	85.1787,26.2693,85.8266,26.8739	[[[851787,264033,1839,-340,-8,-49,53,-30,47,25,37,-11,-19,-55,134,-37,-66,-51,-19,-108,66,-91,-100,-36,7,-119,83,-46,89,-16,-40,123,-62,27,-1,24,77,-21,66,-121,42,69,81,14,57,-153,-40,-23,-120,37,38,-91,-104,-50,-13,-87,43,-25,51,109,68,26,32,-38,-68,-21,77,-152,156,201,-30,-87,26,-59,-64,-45,21,-11,187,116,-59,-91,31,-47,97,208,57,7,21,97,53,2,31,108,-15,75,53,82,31,1,-41,57,110,22,12,111,59,23,13,55,71,5,8,77,70,7,-11,116,44,59,17,3,65,-17,59,-37,10,-13,8,3,6,-5,98,48,12,-75,112,-20,68,28,75,131,81,-3,24,33,111,50,30,-91,-37,-114,-54,-61,23,-46,90,1,69,-68,204,-56,52,-90,-56,-9,2,-64,39,-8,18,24,91,14,32,-35,41,0,16,-50,-62,-77,1,0,-5,-8,32,-32,10,7,36,24,60,-10,69,45,19,-49,63,13,146,-64,61,73,15,2,-2,0,30,4,24,-3,-3,-1,19,-2,0,1,8,-2,10,-29,27,9,26,-92,38,-39,18,27,46,-25,5,5,30,28,25,-8,34,53,91,-1,1,-56,50,17,-27,80,52,-20,42,74,-66,54,28,125,-15,31,-79,62,-199,21,1,-148,-67,67,-82,15,-6,42,-87,16,53,51,183,-37,39,37,104,19,3,28,-92,16,-52,124,552,446,65,138,63,-3,-9,51,42,17,27,60,-53,22,68,142,-93,43,231,-106,50,33,93,-1,16,102,60,-4,6,70,-67,6,-20,56,-38,-16,-92,30,-25,-10,7,-42,-57,-12,94,197,56,-2,-5,53,51,73,79,-5,3,42,-32,29,34,61,72,13,58,90,13,96,-80,72,91,191,-50,40,-18,78,-3,88,-10,47,19,14,-31,85,-140,120,-18,94,-320,56,-103,66,-107,24,-119,119,-24,-1,11,19,-30,32,41,85,-64,15,6,20,-51,27,11,35,-31,3,17,229,-21,27,48,177,-24,36,58,94,-9,56,34,14,-51,123,63,299,-6,162,-57,66,1,56,-79,122,-169,118,-238,112,-380,98,-78,190,-105,17,-176,-169,-62,-27,-5,-2,-10,3,-101,-36,-36,57,-33,20,-34,-20,-28,46,-87,-180,-32,-11,-59,23,-22,-52,-74,-26,-49,18,-53,-54,-183,-65,-438,-212,-361,-175,-4,-1,-68,26,-62,-41,-88,47,-98,6,-32,-41,-12,3,-173,8,-167,-134,-132,-144,-4,-2,-51,-46,-135,-90,-81,-22,-222,75,-405,27,-118,33,-4,-58,45,-14,-29,-64,-345,82,-424,-3494]]]
1258797	r	73.4742,24.7155,74.3914,26.0244	[[[734742,250246,73,-64,-12,-82,69,-28,41,-8,110,161,297,-117,-239,-368,172,-67,26,-111,64,-31,-21,-131,42,-65,15,-185,101,-50,19,28,183,3,-20,-172,29,-31,38,-23,77,13,11,72,18,0,45,-55,42,-12,-3,-33,46,-13,1,-28,95,-33,27,-116,33,34,67,-2,44,59,12,-33,218,60,73,-7,117,-85,26,24,59,-67,107,-18,46,-48,-34,-156,17,-9,-32,-20,0,-51,-91,-53,-98,18,-22,-83,20,-32,-37,-87,-39,-20,-90,-171,66,-66,-18,-106,178,-25,12,-62,-51,-95,-58,-30,-99,-5,-48,-98,-8,-56,51,-17,40,-84,137,-43,13,39,-31,73,135,25,80,44,40,-72,53,5,5,49,-51,52,122,25,-45,75,49,40,90,14,12,52,-62,-13,-58,35,-40,65,13,88,43,25,43,-81,79,-48,21,-65,49,-5,89,-99,25,-125,81,-141,107,-35,29,16,22,-135,68,-14,68,37,5,33,97,19,72,178,190,51,4,33,-86,14,-116,-59,-30,56,-80,27,27,50,-13,83,36,37,-83,81,86,41,-21,99,67,101,61,1,47,-38,76,-17,39,35,-79,116,-30,-7,27,55,90,-9,101,59,24,95,-32,40,10,34,-50,65,-54,-7,-21,101,-37,35,-92,34,54,29,7,35,186,193,61,51,96,25,-4,81,23,25,134,-42,48,-51,57,11,112,-51,-17,-43,32,-9,14,24,31,-43,71,-9,93,-98,44,-1,66,44,61,120,151,-73,-10,-66,9,-39,0,-27,18,-46,11,-47,60,-140,40,-15,19,5,90,-15,76,93,-20,79,18,115,-8,130,2,52,-6,13,0,9,-7,6,-12,27,-54,31,56,-11,85,22,67,53,6,38,85,-28,51,16,86,105,93,-95,72,-29,22,-81,68,-68,131,98,128,10,92,36,38,-44,49,-218,57,-35,-11,-49,69,7,52,-63,183,-12,172,154,89,37,174,-46,98,176,49,1,5,164,125,21,82,77,43,95,-3,71,115,92,36,113,-37,172,17,73,63,-28,90,58,101,10,2,46,138,4,-1,-28,21,26,127,-47,64,-40,13,-40,30,-3,43,40,-28,4,-1,25,62,56,37,8,61,-31,35,62,58,-25,34,49,72,-27,15,-48,41,-10,23,77,89,111,-34,40,55,100,38,0,-13,50,-37,13,-8,41,-206,18,9,98,-102,58,-28,58,-73,46,-52,-13,-10,-36,-50,46,-189,73,-66,-3,-114,-16,-49,-34,-35,-76,74,-75,-133,-12,-103,68,-94,-11,-38,43,-12,297,-70,10,28,57,43,-12,10,36,-8,5,1,15,-107,42,11,94,-125,125,-132,-26,-61,60,-147,0,0,32,-192,81,-33,-63,-106,30,-15,42,-47,7,6,90,-138,-7,-110,-93,-80,4,-32,60,48,40,128,284,84,-22,12,40,61,38,96,-5,40,194,192,386,-108,43,-155,-135,-169,78,-176,20,-121,-75,-32,14,2,59,-88,198,-91,-8,-15,194,72,82,18,89,-9,31,-139,67,1,72,30,-24,64,9,65,-23,69,-64,-4,-49,90,27,82,-27,138,-2,2,1,9,0,39,45,-8,24,37,17,-37,8,28,48,-11,55,-68,58,-74,-66,-63,40,-107,-1,-25,49,-108,23,-153,172,38,169,-40,37,-9,71,-70,26,-12,58,20,42,-17,5,51,41,52,0,75,-66,86,123,119,-27,52,66,104,28,45,-19,53,86,-204,59,16,57,71,70,-53,85,-30,-20,-174,24,-132,-42,-89,21,35,143,-60,6,84,7,37,55,28,-6,-21,59,92,1,60,-36,105,25,-29,31,-55,-1,30,33,-24,18,-78,26,30,130,-53,17,68,72,2,36,255,-102,70,53,13,-21,163,0,27,56,-21,7,-28,-30,-67,48,62,58,55,-2,39,36,-8,32,58,7,-224,144,-39,111,62,198,-176,54,-1,-18,-37,-1,-77,43,-5,31,1,32,110,92,176,19,72,123,70,-46,68,7,58,121,90,25,-55,208,33,105,107,92,-76,46,-29,63,-106,2,-76,54,-71,98,-119,46,59,189,-20,59,7,11,23,33,210,150,61,-23,227,43,79,27,26,41,102,24,71,-39,101,63,79,9,9,31,121,1,-49,220,-34,25,22,41,60,-9,122,72,-49,87,-44,172,153,68,-183,76,-11,54,-133,-26,-92,-59,10,133,78,86,-11,53,45,93,-49,-25,-212,65,-66,48,-134,-5,-107,68,-115,-4,-8,-4,-57,-81,-93,-58,-20,-9,-70,41,-201,-87,-33,-15,-20,-18,24,-13,-137,-94,58,-39,39,-69,25,-121,110,-60,5,-43,130,-56,47,-84,-39,-61,29,-70,-37,-24,-54,13,-312,-135,-48,-6,-48,67,-12,-24,-63,2,-277,-156,-50,-98,-264,-214,93,-45,203,-2,57,-19,16,-30,-43,-58,-210,-137,-40,-71,30,-67,-19,-22,-77,19,-96,-96,-82,-27,-109,-82,-51,21,15,57,-76,112,-94,48,34,62,-240,72,-64,-129,-44,0,-48,-54,-83,13,-160,-162,-49,-18,-8,-138,-61,-121,-121,-192,-77,-48,-98,-193,55,-48,-6,-32,-86,-197,-112,-165,-68,-264,-90,-156,-172,-107,-84,-217,-123,-209,-50,-34,-32,-189,21,-81,-97,-183,-111,-133,-201,1,-21,10,-5,-10,-7,0,5,-3,-109,-193,-302,-151,-62,-126,-152,-84,21,-163,-50,75,-6,-1,-3,4,-56,-17,-181,-151,-90,-109,-5,-46,17,-26,11,-68,27,-10,24,-88,27,-26,5,-12,-1,-11,-31,-64,-37,-22,-35,20,-12,-27,-78,-344,3,-93,-81,-38,7,-87,-44,-45,-165,-21,-84,-125,-12,-75,-82,4,-50,-40,2,-47,-40,-43,-44,24,-155,-116,-66,-19,-93,-101,-87,-36,-29,-40,11,-71,-114,-24,-10,-109,155,-100,-30,-102,46,-48,-43,-49,-5,-92,-48,-122,-214,-290]],[[741277,256698,17,-30,184,-6,98,36,3,92,-89,57,-92,-69,-90,-20,-31,-60]],[[741944,258615,1,-79,153,-1,24,19,19,-41,129,-71,52,21,71,112,163,115,-150,165,-73,13,-87,79,9,16,-47,9,-16,-42,-79,-20,-3,-44,-49,-56,18,-38,-36,-20,10,-36,-109,-101]],[[742290,259346,38,-77,0,-104,74,-84,29,15,19,-16,31,-95,-22,-34,153,-151,6,-44,42,-18,50,-6,114,68,94,105,90,4,60,56,55,-19,45,-72,154,102,143,50,17,54,-18,129,-162,19,-23,69,12,71,59,44,115,6,70,89,237,47,119,83,-27,114,50,117,-62,62,25,98,-60,68,-25,-18,-85,73,-85,34,-41,-26,-85,85,-40,-22,-15,-65,-67,34,-52,-45,-91,-10,-54,-46,44,-87,-96,-22,-39,-60,-152,-105,-16,-89,26,-36,-66,-22,-51,-49,57,-8,40,-203,-10,-144,84,-32,3,-80,-114,-41,-58,157,3,123,-36,1,-43,44,11,77,-56,-9,-23,-53,40,-15,-59,-94,-102,19,-61,-33,6,33,-36,25,-53,-49,-130,8]]]
1264071	r	75.8881,20.7067,76.5058,21.1102	[[[758881,207174,4446,-107,1470,2623,261,1130,-1051,65,-3509,217,-545,-1324,-15,-63,-14,-34,-11,0,-1032,-2507]]]
1262958	n	73.0669,23.2338,73.5448,23.6861	[[[730670,233910,68,-175,103,-201,123,-190,144,-178,161,-165,178,-149,193,-132,206,-114,217,-95,226,-75,233,-54,238,-32,240,-11,240,11,238,32,233,54,226,75,217,95,206,114,193,132,178,149,161,165,144,178,123,190,103,201,81,209,58,215,35,219,12,222,-12,222,-35,219,-58,215,-81,209,-103,201,-123,190,-144,178,-161,165,-178,149,-193,132,-206,114,-217,95,-226,75,-233,54,-238,32,-240,11,-240,-11,-238,-32,-233,-54,-226,-75,-43,-19,-711,-1455,-629,-1285,-10,-20]]]
1269507	r	69.4651,25.9468,72.3377,28.0398	[[[694651,268078,77,-412,314,-314,1552,-575,408,-247,721,-579,433,-148,498,18,208,-34,484,28,266,41,949,35,376,-87,359,-179,285,-324,48,-368,-59,-824,35,-396,-34,-173,-92,-208,-54,-195,15,-194,76,-402,-47,-367,-149,-369,-537,-809,-44,-165,-10,-356,-86,-520,3,-152,124,-335,220,80,-54,433,23,34,-21,172,-21,19,-64,613,105,170,451,573,55,-47,300,27,239,-81,153,-133,56,-126,2,-7,14,16,123,138,149,225,41,28,151,27,21,-91,64,-31,77,47,49,0,90,-110,327,55,182,-104,126,28,145,171,64,123,72,42,169,219,165,-51,14,-57,55,-29,-32,-77,25,-18,58,30,250,15,46,-29,331,-42,248,64,341,191,310,43,167,-10,201,-47,280,1,95,14,205,140,26,-21,195,-24,99,28,39,-149,-91,-188,-1,-107,165,-87,149,-152,73,46,321,-60,612,-62,135,-43,115,14,162,-168,168,-126,182,-235,-18,-22,253,-250,-34,-149,26,-71,75,-23,42,-74,48,-17,60,58,41,99,-62,192,-215,265,106,8,60,54,31,89,202,76,188,111,176,39,77,-31,260,260,-66,79,-53,193,8,60,-51,57,-27,-17,-92,140,-108,88,14,136,-51,101,-141,-41,-55,22,-17,-28,-78,-13,-44,32,-110,-4,-224,37,-25,41,93,88,18,76,39,39,453,117,31,151,97,49,152,31,165,-18,130,23,149,112,-29,80,-87,99,167,99,150,-92,167,-26,188,-79,38,51,13,-31,41,-1,67,43,70,143,162,198,139,278,110,155,-36,73,-42,84,-13,28,51,89,115,48,70,137,85,30,-5,71,254,133,453,110,130,-28,20,-56,81,-58,6,-168,96,-33,101,-116,117,147,139,105,159,68,210,151,110,24,96,75,89,129,114,63,54,-4,123,168,127,-91,75,-310,196,-156,218,115,97,170,221,30,163,97,215,76,129,-61,119,-149,49,21,41,-64,78,-189,14,-248,17,-41,76,-34,-86,-129,114,-124,95,-5,154,-131,157,-77,84,-17,28,56,164,49,141,-57,220,-116,132,-125,55,-120,-9,-19,308,-20,152,-133,107,5,42,245,60,78,143,80,210,-121,243,-224,40,-193,65,-124,-19,-35,17,-64,143,23,89,-35,46,39,43,-2,148,147,50,9,40,-26,92,24,41,44,77,-26,115,8,276,238,57,-2,135,85,174,17,6,-20,116,54,103,-55,45,29,15,57,5,18,8,74,-34,319,69,299,-22,231,-156,143,-109,142,-50,19,-176,169,335,501,124,77,-7,37,53,80,-18,13,214,320,-96,174,-62,62,-142,56,-88,96,67,46,-126,177,-149,109,0,69,13,59,45,-11,121,172,4,41,129,123,57,-49,26,42,83,-5,8,35,-49,31,46,55,-37,67,-250,249,19,203,-151,79,41,85,63,46,82,-4,212,47,142,222,-74,83,-33,87,56,93,5,8,74,17,8,53,-59,165,63,64,-238,278,-94,30,601,1692,547,1542,-487,1697,-1021,1942,129,126,326,-206,153,-59,151,20,64,-49,-6,-53,68,18,59,-39,-69,-98,-40,8,-126,-112,98,-134,123,-15,173,-103,-63,-134,85,-63,66,-171,29,18,45,-50,-54,-66,25,-37,0,-86,179,-149,278,136,-6,41,74,5,5,123,148,9,95,-60,43,-65,47,27,29,64,-35,125,7,226,49,114,144,113,148,46,-213,83,198,75,234,345,54,144,124,173,202,587,-437,165,-207,-59,-277,-283,-250,-151,-63,186,-287,183,-447,164,-269,-1,-89,-57,-101,69,-45,68,65,132,-48,52,4,6,-2,3,23,29,35,53,6,-2,26,33,142,-10,187,131,160,165,-12,349,-111,314,112,128,-68,154,-539,284,-65,65,-33,97,-113,99,-320,152,-65,54,-261,-139,-161,-54,-221,22,-296,-420,51,-40,-21,-108,-105,-49,-54,-5,-59,111,-140,3,-88,-121,-82,80,1,166,-123,83,25,108,63,15,-16,293,185,147,-66,0,-375,-136,-11,21,-1521,-414,-1118,-304,-2065,-39,-400,-83,-317,-25,-851,-163,-756,-230,-1231,-544,-1138,-502,-535,-106,-1009,140,-87,124,-109,83,-73,184,-482,679,-58,441,-11,495,-788,713,-91,174,-352,158,-486,107,-167,-25,-10,-3,-108,31,-210,25,-193,-45,-386,-136,-388,-54,-176,-48,-180,-111,-562,-551,-687,-443,-100,-92,-870,-801,-113,-181,-738,-1930,-234,-295,-854,-738,-601,-869,-1174,-1001,-645,-403,-905,-816,-412,-628,-268,-755,-216,-1233,-209,-1190]]]
1275117	r	75.8013,20.2882,76.3804,20.7174	[[[758013,206568,494,-1006,99,46,234,-324,-44,-56,-77,53,-62,-24,769,-1568,-11,1,-2,-48,-16,-14,15,-7,6,-33,-1,-58,-12,-66,2,-42,-28,-20,-40,-14,-23,-73,-26,-55,-51,-40,-7,-13,10,-77,48,-107,45,-16,0,7,67,-2,94,-27,23,39,30,13,57,40,41,38,24,45,29,-1,19,-13,45,-1,-5,-6,-6,-61,109,1,8,6,42,2,2,20,12,1,40,-7,8,-12,33,-16,37,-8,-24,-81,-6,-77,72,-13,72,2,17,-10,40,-4,70,10,6,81,27,102,43,77,23,74,11,-1,28,39,12,33,20,27,12,47,30,18,24,34,91,9,42,21,11,21,25,18,23,-1,10,29,16,7,8,31,14,23,44,29,32,35,20,9,-1,-13,11,-9,-7,-27,5,-7,53,-2,12,-15,-8,-38,-21,-14,-4,-13,18,-4,27,-39,22,2,32,29,-10,41,25,-8,70,4,1,-36,13,2,32,-23,19,-23,22,-4,42,10,6,-38,36,131,26,-15,-1,33,47,-10,58,12,33,-1,66,52,66,-35,-7,14,182,82,-5,55,93,8,8,6,12,61,-6,26,10,9,3,36,12,23,-2,22,-50,2,5,100,-9,27,19,49,-1,15,-26,42,36,-1,59,25,184,16,19,113,9,-1,-2,21,2,1,1,184,262,-28,21,143,57,-12,42,8,1,0,24,-6,8,5,52,-27,-3,108,13,-1,-1,7,17,8,4,-1,34,4,2,16,231,-37,9,-3,50,-7,91,90,28,95,90,59,25,65,47,-3,6,44,2,2,-1,9,-22,30,-43,33,-9,68,57,100,17,68,41,20,256,-8,84,17,178,68,41,64,-58,22,-28,-10,-84,126,-46,35,-56,69,27,92,26,16,-15,15,-3,1,-46,40,86,74,2,116,-50,11,-16,28,-122,23,48,73,-31,22,19,160,127,32,3,30,33,25,-28,52,-46,1,-32,34,14,67,-47,24,10,60,-23,41,-101,14,-47,-88,21,-50,-20,-60,-41,8,5,21,-101,7,-71,53,52,94,69,-19,81,257,22,4,-10,18,-4446,107,-868,-606]]]
1272780	r	84.7205,20.2532,86.0324,21.1862	[[[847205,206600,18,-542,57,-539,94,-535,130,-528,167,-519,203,-508,238,-494,228,-403,5384,1028,0,3,-51,10,-5,101,-210,-33,-74,-54,-675,11,-53,41,-123,39,-431,72,-140,62,-77,-35,-212,25,-93,-11,-135,84,-68,0,-251,214,-395,92,-32,33,-179,69,-218,152,-186,70,-216,168,-344,185,-337,94,-265,-6,-207,76,-262,259,120,56,44,46,85,128,19,74,107,39,109,194,98,29,160,-41,188,11,114,-66,213,-23,45,-70,68,73,19,74,359,91,234,-40,81,-75,93,-2,46,66,27,-29,38,10,58,103,43,22,17,110,49,63,-13,56,49,6,221,-78,91,54,21,-12,52,-30,61,4,65,-30,82,21,125,-78,114,-30,38,-70,121,-114,126,-56,-105,-104,152,-128,4,-58,377,-291,248,-22,62,-42,127,46,112,-93,112,-47,195,8,39,-43,62,-19,266,-22,102,41,73,-70,53,-6,59,-49,52,7,25,50,-37,160,104,0,21,-26,194,-47,85,-52,103,-121,87,143,70,18,100,94,17,123,138,33,59,109,77,6,183,-61,54,8,137,-66,83,17,20,-25,69,-10,-1,-37,66,-39,19,19,115,-30,66,68,-9,76,83,91,47,-13,91,61,165,-18,26,27,49,-8,68,54,32,-11,-12,25,29,20,20,-30,22,23,36,-10,52,151,123,86,164,223,189,87,40,100,-73,47,-6,39,20,34,55,-29,52,155,69,15,32,36,86,5,44,-42,70,0,66,-45,-16,89,61,-7,30,22,10,142,198,24,25,47,-17,34,101,8,35,-53,137,-61,126,12,100,57,250,5,72,-3,147,-111,86,13,14,104,134,101,56,106,2,147,-55,56,19,64,88,19,175,-22,186,71,68,-12,65,73,143,52,33,35,269,-121,76,48,64,-15,67,119,-56,61,28,159,-84,30,40,47,-9,80,82,126,27,125,-18,61,-185,45,-118,-1,-54,53,-152,8,-104,51,17,63,-25,36,-112,40,-33,-40,-97,48,-325,33,-132,54,-5,91,51,63,157,352,5,198,-35,107,-571,-16,-177,52,-46,-51,-91,-26,-49,13,2,41,-37,27,17,77,-15,41,-175,188,-4,37,-78,36,-103,-3,-61,74,-4,48,-64,45,-198,54,-41,-7,-198,302,45,54,9,62,-65,154,11,159,-59,28,-44,-25,-154,104,-106,180,11,41,-61,55,-32,84,14,84,136,190,138,39,160,-5,-77,176,-155,116,24,93,-49,12,-104,-28,-67,66,-153,-162,-71,-40,-199,0,-162,-54,-73,-128,-28,-28,-308,0,-350,172,-41,44,-161,-213,-3,-3,-872,0,-203,192,-289,194,-147,-150,-135,34,-193,-12,-34,63,-93,1,-159,-182,-119,104,-16,57,-138,63,-98,-67,-86,-5,-39,-32,-31,-145,-58,-115,-3706,0,-188,-247,-304,-460,-271,-478,-238,-494,-203,-508,-167,-519,-130,-528,-94,-535,-57,-539,-18,-542]]]
1253676	n	74.0502,16.8726,74.5043,17.2305	[[[740502,170985,1055,-2093,11,7,50,74,133,52,164,-85,193,-4,49,166,86,29,70,-105,7,-120,59,-47,127,30,67,178,255,116,69,-171,63,-75,84,-31,90,10,149,-145,86,35,105,-76,62,-3,1507,1897,-5,98,-34,219,-56,215,-78,209,-98,201,-119,190,-137,178,-155,165,-171,149,-80,57,-1273,-414,-47,-103,-22,3,4,59,-47,5,-228,-75,41,-50,-3,-32,-50,-8,-10,-87,-89,-6,-8,-34,-41,-18,134,-16,-6,-113,-227,-22,-234,109,-226,-12,-23,-77,-72,-6,-147,-170,-200,-56,-40,-35,-185,101,-43,-57,-51,-17,-26,-134,-44,-32,-143,5,-60,-39,-222,72,-20,-61]]]
1270965	r	84.1069,26.2364,84.8092,26.6443	[[[841069,264264,6334,-1759,505,-141,120,151,64,93,-1486,3441,-2496,394,48,-95,-2,0,44,-85,-73,-15,-17,-12,-31,-9,-80,16,-135,-27,-70,-70,-251,51,-198,-41,-29,-30,-129,-10,-22,29,-90,18,-40,-19,-31,-105,-87,-9,-58,28,-12,-62,-126,-1,-45,59,-281,47,-10,31,-91,1,-11,42,-172,25,-101,50,-249,-3,-648,-1146,-44,-837]]]
1275321	r	90.04,26.1652,91.1812,26.8967	[[[900400,265028,2231,-2400,2173,440,0,-1,-12,-42,40,-71,-68,-68,-83,-8,-35,25,-19,-22,79,-83,-20,-31,-112,12,-1,58,-27,11,30,-132,158,12,-44,-65,-116,-5,-46,62,-66,-33,-5,-88,60,-42,-8,-43,-113,25,-33,76,-55,-23,-2,-36,121,-181,-122,-74,-47,-70,-54,-16,-105,-100,-191,-78,-18,-124,77,29,101,-18,113,17,201,-50,83,-52,-91,-77,54,-109,256,133,18,-19,-62,-77,12,-15,273,192,281,137,230,53,313,-19,235,119,189,-59,33,-75,319,85,42,-10,105,-100,-46,211,-111,152,78,106,182,92,251,3,134,70,58,-67,83,1,-4,110,-111,15,3,130,167,156,90,29,58,83,103,23,46,-52,144,-43,220,38,30,46,-31,87,-130,46,-5,49,105,64,52,80,-13,46,147,192,219,-96,200,50,11,150,-52,57,3250,659,12,315,-14,366,-39,365,-67,361,-92,357,-118,350,-143,343,-168,334,-191,323,-215,311,-108,136,-36,0,-493,-203,-54,-22,-629,-32,-2274,-119,-1293,131,-1126,523,-926,594,-338,49,-202,-60,-144,-103,-133,-121,-165,-112,-184,-55,-369,13,-182,-14,-335,-194,-252,-603,-250,-204,-380,-97,-492,-42,0,-2347]]]
1257436	r	73.7049,19.0406,74.4696,19.7773	[[[737049,194349,534,-1063,139,30,22,86,85,-70,78,36,16,-48,31,-3,15,89,-50,101,18,77,-45,49,-110,235,231,79,67,-20,49,-53,85,-10,46,-52,121,-55,52,-49,-22,-48,127,-108,130,-3,92,50,92,132,62,-11,127,-100,92,0,138,-235,64,25,45,-22,5,40,36,-8,17,23,15,-48,18,30,31,-27,52,17,-16,58,125,28,31,37,33,-51,227,34,44,70,23,-180,98,-61,5,-62,72,-77,-16,-62,72,-10,-7,-47,-46,2,54,-108,-27,14,-36,-47,-35,41,-31,-1,-6,-43,27,-27,17,14,36,-102,39,49,64,-58,-1,-50,-40,-34,10,-36,-38,-41,28,-3,70,-83,-20,-85,142,122,46,-183,44,-20,63,43,112,-104,57,4,120,-77,36,5,-77,42,-14,62,136,-68,31,12,0,-26,54,-2,80,-46,16,39,18,-37,87,-39,253,34,6,-40,33,-14,-20,-6,39,-154,81,38,-15,70,46,88,15,-4,76,-36,119,-99,111,-9,188,-59,83,11,48,31,1,29,106,38,44,54,96,15,55,52,94,-50,198,-27,238,-87,10,-22,-62,-32,-4,-40,-70,-88,-77,-16,-9,-37,-176,3,-107,-59,4,-63,-27,-53,29,-56,-85,-53,-84,-124,-59,-14,-115,-217,-39,-1,-46,61,-135,-4,-126,-274,48,-114,-112,-104,1,-182,-32,-8,-13,-43,-142,-143,3,-7,2965,2842,-197,1534,18,17,-3,68,30,19,3,196,-87,12,-8,60,12,105,-26,0,-66,521,28,5,38,158,-43,-15,-45,19,-88,689,-289,219,-2,-7,-135,-37,0,-18,-3,0,-98,6,-105,19,-98,4,-101,160,9,8,2,14,13,7,5,23,34,23,-2,0,-155,11,-104,22,34,106,-110,128,-43,40,-5,-1,2,4,-64,-3,-3,77,-9,27,1,46,15,38,47,122,-224,89,-125,10,-53,-167,-221,-89,-8,-73,-230,-24,7,-22,-40,-23,-316,17,-51,-69,-172,-25,-5,-8,-7,-1,-2,-14,-13,-25,6,-68,-77,-97,1,-3,-4,-6,20,-35,-52,-86,-19,-91,-37,26,-28,33,-60,29,-30,-22,-10,-21,36,-44,-15,-25,82,-104,-105,-62,-53,-89,-56,-67,-38,-88,-35,36,-62,-20,-85,40,-49,-75,-180,109,-20,60,-55,28,-190,15,-59,32,-3415,-2306]]]
1270171	r	75.0151,14.2742,75.8203,15.1618	[[[750152,147207,20,-108,149,-20,-1,-123,40,-200,-55,-33,5,-74,42,-69,53,27,103,-112,106,7,120,42,110,-30,151,0,36,-74,117,-38,106,-108,171,40,18,-131,88,55,57,-87,37,2,28,42,-2,52,-26,10,21,47,50,29,148,-122,124,-6,62,55,-23,97,47,-3,58,-130,-63,-254,-232,-22,23,-98,239,-169,136,170,92,-91,-56,-115,105,-119,82,3,-3,213,56,39,160,-17,114,-143,155,-137,45,-154,-75,-49,-96,18,-105,-58,-14,-104,83,-69,56,22,165,-15,243,37,52,-94,14,-94,189,-125,-70,-97,70,-182,-34,-44,-20,-145,41,-59,131,-29,3,84,56,39,112,-60,73,-3,11,-79,-47,-55,8,-117,-166,-4,-68,-26,-68,-150,-3,-36,85,-26,140,-162,156,7,135,-69,16,-49,118,-75,51,39,91,-37,40,-58,153,-112,308,-147,34,138,-40,29,14,29,111,6,6,94,88,-6,-8,-191,48,-97,-8,-111,150,-43,34,-72,122,-51,6,-118,160,-32,93,34,215,6,53,112,33,-18,124,54,75,229,231,-10,9,23,-15,87,-65,64,-40,119,32,281,52,60,-1,51,39,72,78,407,-83,16,19,81,-27,16,-329,-467,-162,23,-221,54,-214,75,-206,95,-195,114,-183,132,-169,149,-153,165,-136,178,-117,190,-97,201,-77,209,-49,191,2320,2724,177,-9,226,-32,40,-10,17,43,103,125,58,-92,174,-4,80,120,112,0,49,236,-99,98,-310,-50,-85,211,340,400,-34,12,-194,-7,-62,191,-24,29,-14,17,-10,11,-208,118,-175,44,-193,4,-25,-78,-118,-30,6,-68,-92,-8,18,-146,-85,-40,-37,3,-3,1,-3,0,-87,46,-55,90,-185,30,3,78,-242,-5,15,349,-43,41,-3,97,-54,71,-118,-13,-138,113,-121,26,-175,-32,-90,32,-75,-32,-8,60,-83,0,-33,108,-316,8,-5,234,79,74,-20,62,101,61,9,48,-35,70,-9,99,-38,44,-89,27,-701,-294,-65,27,-31,69,-3,482,-105,-44,-188,-23,27,-168,-227,-14,9,-64,-153,-84,-28,-45,-94,7,-21,-198,-54,-4,-18,95,-113,-5,-15,18,-126,-15,-9,-62,-264,1,-103,-34,-21,64,-279,-28,5,82,-171,-52,-38,14,-3,62,-44,69,44,11,3,99,77,41,74,115,-40,48,-23,-3,-56,113,-43,-7,-49,-159,-62,2,-39,-47,-123,-15,-52,25,24,-29,-13,-80,61,-41,21,-91,-182,-33,0,-37,-179,1,51,-249,-5,-108,-79,-222,-2,-115,32,-37,-78,-220,42,-253,-463,-194,435,-1247,-27,-87,36,-36,22,-77,45,-15,50,-144,-84,-13,-195,61,4,-97,127,-66,2,-114,-20,-9,32,-31,-43,-9,-27,-57,-98,6,-30,-35,-90,5,-9,-71,31,-111,36,-32,2,-81,-37,-17,10,-36,-66,-9,5,-104,-54,-3,-25,23,-19,-41,-60,-2,-73,-49]],[[756548,144637,34,-45,30,0,-16,-49,20,-25,116,119,67,151,98,130,105,-7,78,-160,76,-28,93,68,103,159,223,194,154,40,179,-79,84,2,-19,199,23,106,193,205,14,55,-16,69,-142,243,14,126,47,122,13,196,-13,118,-126,137,18,100,-1507,-2140,57,-6]]]
1263659	r	79.2414,10.3885,79.7319,10.826	[[[792414,106098,1478,-667,0,8,-29,21,-5,35,-12,19,14,17,3,49,16,31,103,1,2,-51,55,-37,31,-11,60,2,59,-18,23,3,17,3,13,15,11,56,104,-5,35,11,73,-1,9,2,8,13,27,1,-2,-78,-61,-9,-31,-20,-137,-39,-22,-23,-26,-7,-5,-52,4,-11,81,-31,51,-11,13,-14,6,-54,7,-8,140,-36,37,-19,12,-46,117,-29,-5,-50,-40,-6,-54,-29,-34,-57,-34,-39,-4,-15,42,-45,23,-1,29,12,71,40,15,-11,9,20,18,6,47,-4,36,-18,8,-25,-16,-61,0,-82,-16,-82,-7,-14,-9,-5,-50,2,-14,-5,-17,-25,8,-30,19,-22,23,-80,-14,-63,44,-10,23,-12,48,0,5,-57,85,-11,12,5,5,15,-16,33,2,33,12,10,10,24,57,6,44,34,76,6,28,20,4,26,-23,15,-20,-1,-28,-20,-20,1,-2,105,8,23,8,13,23,2,20,18,30,12,25,-11,11,-2,16,12,14,-11,9,2,24,103,23,1,237,-107,4,-21,15,-30,14,-3,4,37,1760,-794,-111,417,-1150,1896,34,9,14,27,-17,36,4,77,-33,38,-36,5,-19,35,-40,7,3,64,-12,11,-84,4,-10,11,-7,11,0,57,-5,16,-51,21,-41,66,1,10,-6,-1,-944,1557,-1555,-279,-839,-1882]]]
1269027	r	75.4595,23.7559,76.9474,24.8706	[[[754595,239194,56,-68,125,-6,143,-54,81,-65,45,-122,181,-39,85,-79,167,-79,45,-69,98,-30,28,-41,10,-101,86,-16,52,-55,-36,-85,-105,37,-58,-20,7,-141,56,-70,112,31,118,-24,-54,-149,257,22,79,37,116,-52,149,19,56,-22,49,23,44,-122,166,-44,53,-164,61,-87,64,203,66,41,21,49,-33,128,-84,153,28,32,23,-24,110,-8,7,-20,60,19,86,-15,-5,70,55,16,-74,209,66,7,56,112,53,34,-14,55,-73,-32,-176,39,-14,66,-37,-7,-36,42,6,89,33,10,6,164,97,-60,31,38,85,-35,77,47,48,-91,129,-17,118,-120,-28,-109,28,-127,89,-35,98,10,88,95,19,83,53,15,36,-31,161,30,18,48,122,68,20,-32,41,19,15,-41,41,15,0,79,83,36,176,28,58,-50,-1,-57,102,-5,83,101,95,-2,193,93,139,-17,63,62,6,59,48,38,34,-11,-10,42,41,57,118,25,60,49,72,0,-12,71,73,49,-35,106,30,72,-28,86,9,73,-168,162,-8,32,5614,458,762,301,352,1967,39,29,95,-59,37,13,84,-29,127,47,35,85,114,51,1,63,24,-89,-11,-159,74,-113,12,-72,-123,-126,-123,-257,-22,-141,104,-46,57,-56,10,-42,56,-45,-3,-34,208,-98,70,20,1,79,317,-3,29,-33,-10,-49,104,0,36,-100,46,-31,25,-76,73,-73,18,-94,61,-13,52,-47,103,60,215,-7,32,47,175,68,8,23,238,-1,6,-55,123,-35,93,7,41,165,52,88,-4,103,62,105,6,144,195,-42,41,97,73,53,2,26,-15,48,-124,10,-19,33,-93,13,6,144,-71,35,-31,84,-74,-12,-91,63,-80,18,-22,29,18,43,-82,32,3,50,-68,23,4,33,-109,74,-27,218,-77,165,-111,108,-38,240,-54,116,54,16,141,109,-62,46,54,74,-15,70,-59,143,-57,36,9,53,71,30,51,88,-58,119,-210,0,-74,-24,2,-74,-62,65,-83,-7,-106,72,-129,-33,-35,66,-147,47,0,-30,-57,5,-179,-219,-61,-6,-50,-95,-34,37,-27,-42,-50,13,-28,-106,-124,114,-22,116,-187,121,-62,-9,-94,-81,-30,-68,-84,-55,-180,-47,-26,0,-72,22,-176,111,-133,283,-12,6,-7,14,-168,71,49,278,-91,27,-99,-16,-103,41,-64,33,-73,102,18,269,-21,255,-45,93,-83,24,-47,69,34,284,-31,101,88,222,18,188,-265,-87,-140,-20,-42,93,-83,5,-34,69,-14,163,-7,15,0,9,-111,223,-28,217,-90,88,-26,70,-30,282,-34,41,37,543,-232,-14,4,68,-46,55,-95,4,-68,-63,-52,18,-157,158,-16,73,-77,14,-87,81,-196,-67,-85,1,-39,-155,-29,-20,-95,15,-29,-44,-2,-71,-71,16,-13,28,-26,-33,40,-34,-181,9,41,-166,-83,-105,-174,4,30,337,-112,8,-13,-7,-21,-11,-23,-12,-3,-126,-302,17,54,-131,-65,-216,-14,-142,-169,-258,-51,-5,-39,30,-234,-86,-168,-33,-116,83,-24,153,21,122,115,156,-91,2,-53,32,-33,-87,-194,-178,27,-56,-34,-39,-490,-210,12,-12,-93,-95,112,-135,145,-62,90,-77,70,-73,17,-58,-351,-186,-34,-51,-6,-9,12,-190,-5,-22,-5,-23,-4,-15,-60,-66,2,-155,0,-10,61,-78,98,-218,38,-114,-16,-60,-13,-4,-83,-24,-76,-67,-43,25,21,29,-87,30,-28,-84,-85,-1,-71,-114,-161,67,-71,-24,2,18,-127,29,-30,-8,-6,-33,-250,78,-57,-12,14,-122,-54,-7,-15,-60,-87,54,-26,5,-27,6,-52,11,-118,-21,-33,-77,-114,42,-23,30,22,142,63,-12,22,108,-361,112,-62,70,-8,162,-85,-4,2,38,-144,8,-71,-38,-61,-120,-28,6,37,105,-35,-10,-81,94,35,60,83,4,91,94,-48,83,60,55,1,193,-95,47,-123,-7,77,199,45,378,-41,72,-71,22,-239,220,-145,38,-37,38,5,-25,-136,-29,-142,31,-733,-365,-254,-320,-118,-82,-357,-47,-80,108,-966,-477,165,-1326,2595,-4676,-4,0,16,-212,-79,-52,15,-25,-33,-66,-107,20,58,-90,-31,-82,-117,-16,-114,18,13,-65,-25,-94,-49,-16,-55,14,-12,-64,-120,-35,-157,-2,-29,212,-119,10,7,167,-95,18,-39,104,-232,-114,8,-34,-108,-20,-7,-29,-97,-29,-148,15,-94,-40,-26,29,-63,-17,-19,-38,-2,46,-74,-40,-64,6,-21,72,-36,-44,2,34,-38,14,-66,90,-184,-4,-81,23,-177,161,-82,-110,-272,-267,-110,-58,-56,-81,-49,-301,-48,-121,-4,-126]]]
1254868	p	1278710
1256377	r	78.4455,17.6673,79.3034,18.3442	[[[784455,178998,848,-654,-20,1,-58,46,-28,-119,34,-79,-42,-107,-82,-50,75,-95,-45,-131,2,-71,-26,-3,77,-245,40,-36,-89,-192,-35,-47,-57,-9,-6,-75,-114,-186,24,-75,131,-21,105,174,-2,-40,184,-22,284,-129,94,2,-23,84,29,44,170,6,31,-11,-5,-19,47,-4,1,-46,139,-84,22,-77,188,-34,164,88,76,193,99,-16,17,26,158,-41,-6,-60,178,-18,97,-85,49,-81,125,-27,141,163,108,24,145,-14,-6,16,78,42,77,109,51,-10,-79,113,337,-64,-23,18,25,36,4,129,123,54,-56,6,-6,103,56,-4,126,132,177,-40,115,370,-34,214,4,35,-4,3,20,146,113,12,69,62,89,16,7,70,114,4,75,-28,-18,31,29,94,-32,11,43,67,-39,42,58,4,17,70,46,10,143,6,37,-86,84,-88,248,22,76,-26,44,-48,34,-139,66,84,65,178,38,9,110,126,183,-25,66,-112,34,-11,55,85,73,27,128,23,189,-21,192,266,123,34,-108,39,-78,61,-21,22,8,52,99,86,66,123,84,65,17,-9,125,189,-46,132,142,137,87,-14,156,22,66,19,60,70,18,-28,390,-64,173,166,66,-32,52,17,-4,32,1,-1,-16,158,35,98,161,195,23,63,7,73,-72,23,92,73,3,85,-22,5,103,298,-39,57,163,90,-154,69,18,130,-406,112,-60,91,-13,81,-155,-16,-141,-55,-13,-145,-220,60,3,39,-26,17,-86,-16,-52,-72,-10,-3,-8,-10,-10,3,-10,-3,-33,17,-28,9,-118,70,16,69,-93,68,43,121,-6,35,-88,36,-102,111,-31,-20,-128,3,-39,71,9,160,84,65,44,-14,21,17,7,43,-28,19,-16,77,90,49,36,109,-152,-26,-15,127,-58,83,-55,-8,-20,-26,-114,14,-168,-30,-144,70,17,104,76,116,-79,61,-58,114,12,121,-59,-21,-175,11,-118,-144,-15,-3,14,-34,-63,-134,-113,-38,-37,-46,-90,-6,-42,-115,27,-53,-35,-117,5,-47,-1517,-188,-128,40,-19,-21,-99,-1,-311,45,-106,60,-63,-132,-14,-83,-766,-95,-10,2,-90,74,-254,105,2,28,-49,18,-65,10,-86,-79,-41,-9,-70,22,-306,-8,-101,-245,-59,-14,-48,20,-70,-185,69,-53,22,-50,-17,-113,90,-82,-67,-139,-26,-3,-146,-172,2,-122,-31,-97,-50,-56,20,-37,-1013,-2137]]]
7302806	n	79.2524,18.9085,79.7276,19.2072	[[[792524,190600,11,-222,27,-169,4098,-1124,77,81,139,178,119,190,100,201,79,209,56,215,35,219,11,222,-11,222,-35,219,-56,215,-79,209,-100,201,-119,190,-97,124,-25,20,-32,-13,-8,50,14,7,-27,28,-1216,-78,-7,-8,-13,7,-34,-2,-10,-23,-39,19,-444,-28,35,-15,23,-63,-41,1,-45,41,-30,-19,2,39,-23,11,-12,-1,-53,-8,-6,4,-25,-1,-16,-27,89,-44,-24,-2,-69,-93,-57,56,-47,-66,-126,77,-154,43,-22,28,-924,-59,4,-19,-30,-37,35,-33,139,-3,32,59,257,-170,36,-111,70,-101,-54,-104,-133,21,-60,61,-87,14,-76,64,-226,30,-84,47,-81,11,19,-100,53,-90,-34,-61,13,-50,-37,-79,-14,-183,-299,152,-199,159,-31,-82,-11,-41,3,-2,-5,-6,-43,-164,13,-39,0,-249,-50,20,-9,-175]]]
7279597	r	85.06,21.7577,85.7781,22.4647	[[[850600,218793,42,-54,165,-188,178,-177,190,-166,201,-154,212,-142,221,-128,230,-115,219,-92,5277,2144,35,85,75,233,60,236,42,240,26,242,8,243,-8,243,-26,242,-42,240,-20,79,-378,306,-2168,1757,-2086,780,-30,-5,-253,-55,-250,-70,-244,-86,-237,-100,-78,-39,-617,-2142,-744,-3357]]]
1266124	n	78.6237,18.6213,78.837,19.0345	[[[786237,187279,40,-7,93,-60,29,-67,8,-150,0,-4,-34,-81,-20,-7,-7,-3,-2,0,-28,-126,22,-56,35,8,17,-29,63,-136,-4,-52,81,-160,80,-26,235,25,52,-16,46,82,127,-3,136,-78,273,-8,113,-87,-29,112,314,-95,66,-42,427,3894,-152,87,-210,95,-165,56,-7,-3,-165,-156,-85,-34,-20,12,-25,-27,-62,17,-1242,-2875]]]
1258128	p	1270351
1270845	n	88.7846,26.4739,89.272,26.9228	[[[887846,267481,1847,-2672,117,-27,244,-32,246,-11,246,11,244,32,240,54,232,75,223,95,212,114,198,132,183,149,165,165,147,178,127,190,105,201,84,209,14,50,-847,1714,-27,-2,-426,21,-1,1,-138,7,-316,79,-141,146,-81,204,-136,251,-158,156,-233,156,-250,101,-129,-7,-27,-3,-85,-20,-67,-43,-113,-29,-71,7,-136,-44,-223,-95,-212,-114,-198,-132,-183,-149,-165,-165,-147,-178,-127,-190,-105,-201,-84,-209,-48,-175]]]
7302829	p	1258662
1259263	n	77.1758,9.0813,77.4813,9.3907	[[[771758,92170,2865,-1357,190,2307,-1633,787,-51,-18,-201,-95,-192,-114,-179,-132,-166,-149,-150,-165,-133,-178,-114,-190,-96,-201,-75,-209,-54,-215,-11,-71]]]
1260771	r	84.2386,18.4585,84.7004,19.1355	[[[842386,184585,15,23,478,450,433,328,187,143,-237,-155,-285,-211,-267,-161,-216,15,-90,70,-18,-502]],[[842407,185157,62,99,31,-14,227,1,90,13,69,42,177,139,60,30,206,70,166,161,210,315,532,352,89,92,46,171,111,179,935,951,61,203,830,1196,341,144,145,156,200,318,9,12,-2537,1549,-116,11,-251,8,-251,-8,-249,-23,-248,-39,-244,-54,-241,-70,-234,-84,-13,-6,-213,-5914]]]
1271079	r	76.4336,28.9486,76.9187,29.4598	[[[764336,290957,1232,-470,12,47,1,43,60,60,-4,-15,26,-29,4,-2,49,-14,61,7,19,-4,51,22,83,4,12,-1,51,-33,23,7,59,-18,106,-5,15,-10,35,6,20,-12,88,5,32,-19,43,-7,16,6,36,-4,9,13,36,2,15,15,102,-75,143,-73,130,-31,79,16,2,0,42,-72,40,-31,2,-1,88,-36,61,-47,5,-42,19,-13,24,-35,45,-10,58,-27,-23,-103,9,-58,16,-17,-43,-40,-64,-138,20,-10,57,-49,86,-45,76,0,27,36,70,5,30,-61,23,-17,41,-48,59,-43,11,6,26,-5,71,79,36,32,126,-48,235,466,-64,13,-42,12,-20,25,-46,23,-28,32,-15,0,67,106,73,82,56,-31,69,-18,35,-6,18,9,26,49,35,29,26,113,44,60,30,17,5,10,-40,11,-26,-1,-64,-29,-51,3,-146,-71,-83,43,-35,46,18,19,13,43,29,46,16,14,54,16,6,13,-8,19,46,35,19,52,22,28,5,16,-16,11,-76,12,0,5,46,59,54,101,124,28,60,-16,28,44,126,47,4,8,-58,7,-31,16,-10,33,-35,24,-26,44,-6,39,23,25,12,25,44,44,100,-35,97,-23,73,63,36,41,5,18,31,-17,44,-7,-11,-26,17,-12,233,463,-2915,2733,-1200,-2258,-138,49,-32,1,-18,6,-26,10,-24,20,-22,-19,-67,-27,22,-25,0,-69,13,-64,72,-83,34,-32,20,-40,7,-25,-577,-1085]]]
1259264	r	77.9655,14.2183,78.5367,14.7113	[[[779655,146094,71,-3079,955,-160,17,19,16,175,24,13,48,-54,22,-1,22,-20,25,-12,31,-3,156,-104,-35,-68,3673,-617,686,876,-189,1639,-2782,2415,-2740,-1019]]]
1274430	r	79.6974,12.3204,80.2218,12.9061	[[[796974,125340,3538,-2136,63,108,23,30,39,33,235,135,88,113,210,386,43,159,347,577,237,581,37,142,17,203,114,466,74,184,179,274,-1135,448,-2066,815,-15,-13,-204,-35,-22,-10,4,-17,11,-5,32,0,56,-25,9,-16,27,-1,-88,-64,200,-109,167,-48,120,-101,111,-122,5,-37,81,-145,29,-63,-4,-45,-204,23,-38,-65,-123,-5,2,-122,49,-85,20,-276,45,-81,-25,-47,-73,-3,-99,67,-109,-1,-94,-107,-123,9,-74,-53,-209,8,-246,-60,-85,64,-95,1,64,-93,-6,-39,33,-62,10,-55,-33,-91,52,-65,33,-136,-30,-68,-212,17,-36,-75,-131,-15,-46,-81,-110,-6,-21,76,-88,33,5,-186,-105,-103,-78,69,-200,106,28,161,-13,3,-197,-319]],[[800559,128834,16,-34,838,-559,0,6,-39,41,-17,31,19,96,56,113,28,16,52,-23,67,-5,58,16,55,27,18,35,-13,32,-41,38,-17,30,-7,40,-15,-2,-121,-37,-67,19,-43,-60,-21,-17,-7,18,-72,23,-9,20,9,35,34,54,55,30,28,12,26,0,15,-23,12,3,12,58,34,23,8,15,-83,30,-82,-33,-71,67,-36,67,-30,17,-52,8,-71,-18,-20,-20,-21,17,-28,-14,-34,-63,-40,-1,-37,7,-79,27,-102,-4,-80,25,-14,-48,-44,-95,-27,-40]]]
13353691	p	1278149
1265331	p	1255560
1255396	r	86.3426,25.9871,86.9228,26.4765	[[[863427,262539,382,-2431,18,28,29,-7,7,61,-45,-24,-9,14,77,57,-21,39,-40,-12,59,26,-7,40,62,36,142,-15,44,43,-19,18,38,24,4,42,26,-19,0,40,32,33,30,13,23,-26,9,27,13,-29,27,19,-28,71,60,7,-18,13,47,16,-53,72,42,25,23,-15,7,29,33,-30,-11,-37,178,-6,31,10,30,22,87,-85,-61,-36,0,-2,-4,-2,2,-40,32,-20,24,-4,60,-25,8,-4,5,-1,11,-5,5,0,19,-5,21,8,28,1,5,29,26,-5,5,8,78,-24,101,61,1,0,15,9,27,-12,9,2,25,-7,2,-25,-5,-17,8,-11,-26,-71,-20,-19,2,-31,-20,2,-2,-6,-20,-4,-110,-98,-5,-72,34,-8,8,-53,76,-41,1,-12,25,-14,32,-6,9,-29,16,-17,20,-36,-4,-42,14,2,2,-1,1,2,63,10,11,-19,-1,-3,18,-25,24,12,2,18,9,11,2,0,4,7,33,42,10,69,61,0,32,19,43,12,9,23,19,21,-2,26,0,2,9,13,-3,2,19,53,9,7,2,24,77,-1,43,-20,17,-17,79,-18,99,-2,11,8,51,-26,137,-5,30,-26,34,13,28,35,37,-19,114,37,122,-25,6,0,-31,-97,-199,-72,-50,-77,519,20,2514,2297,-456,1417,-1,1,-194,164,-205,153,-216,140,-226,126,-234,114,-46,18,-130,46,-137,-18,-75,-99,-66,-118,-105,-74,-184,36,-699,381,-491,202,-127,-4,-265,-23,-262,-40,-258,-54,-255,-70,-105,-36,-26,-50,-1037,-1949]],[[863809,260105,37,-234,76,2,-31,42,81,-4,-63,49,12,55,-58,-7,26,20,-27,55,-53,22]]]
1271670	r	88.2088,25.1225,88.7958,25.553	[[[882088,253082,2251,-1856,-24,504,98,167,341,54,164,-40,314,-113,197,-49,1119,1348,-2,12,12,0,77,94,-9,31,7,20,-21,1,-1,5,56,53,2,37,26,29,66,2,18,-5,1179,1422,-27,22,-121,132,-87,68,-303,108,6,-176,-99,-42,-96,4,-89,14,-80,-11,-105,-81,-86,-97,-90,-80,-25,-7,0,30,-18,38,2,17,-53,5,-56,-10,-31,86,-38,-2,-15,-9,-21,5,-12,-12,-25,-3,-11,-17,-11,1,-16,103,-18,42,1,4,45,4,7,34,-25,0,-9,21,-29,9,-22,-1,-167,-25,-41,69,-35,12,-29,45,-39,0,-19,-11,-3,8,14,3,10,18,-3,49,-61,-5,-20,-43,-14,0,1,-13,-14,-5,-7,-34,-19,-4,-37,30,-27,-2,-8,-14,-33,23,-61,3,-38,-14,-19,3,-21,19,-30,10,-3,19,-83,-5,-37,9,-24,18,1,15,13,13,1,10,-1,10,-11,4,-12,-2,-43,-28,1,-45,-14,-11,-6,-17,-11,2,-9,-7,17,-19,-19,4,-29,-6,-22,11,6,17,-33,11,-46,7,-7,-4,-4,-42,21,-43,43,-3,13,-31,-1,-14,-4,-4,-75,14,-98,91,-77,144,-272,189,-54,104,-2289,-1729,-425,-719]]]
1258740	r	78.4229,9.1117,79.4039,9.6623	[[[784229,91278,159,-161,111,49,360,82,1329,157,160,41,141,68,62,102,62,156,150,69,515,33,129,54,113,78,96,91,155,97,381,90,286,156,172,50,321,45,132,-36,31,10,19,12,72,-5,105,22,200,167,17,10,132,15,185,7,243,-23,171,-24,198,-38,37,-1,25,-12,48,-10,61,1,20,-7,14,-13,5,4,30,-5,11,5,185,-76,114,34,308,-9,360,179,187,-24,169,-53,160,9,154,-95,603,-76,683,-369,369,-318,60,198,-360,262,-144,133,-62,94,-21,56,-46,50,-49,67,-20,107,30,122,58,85,32,75,-46,94,-210,74,-230,-107,-233,-159,-221,-82,-1055,21,-15,7,-45,8,-21,-13,-225,4,-409,87,-344,146,-11,8,-795,697,-263,314,-181,366,-20,213,120,393,62,481,68,220,92,192,93,146,53,52,107,86,45,66,29,112,-4,95,4,37,-966,-14,-4607,-5331]],[[788990,91793,18,-15,60,27,35,-1,68,17,46,3,93,-7,43,18,-21,-3,-41,11,-44,-6,-70,3,-6,-8,-35,-2,-11,-13,-32,-3,-21,7,-13,15,-39,-16,-30,-27]],[[790590,91968,27,7,37,25,26,1,89,-27,88,-51,26,7,24,31,9,32,-1,5,-17,-3,1,-6,-11,-11,-2,-39,-18,4,9,-12,-12,-3,-8,15,11,11,-12,15,-31,14,-4,15,-51,-3,-62,39,-18,24,5,24,-30,-11,-8,4,-47,-50,-20,-57]],[[791216,92161,25,-13,62,-11,52,11,2,7,-66,14,-43,5,21,-24,-39,14,-13,2,-1,-5]]]
1269564	n	75.3562,30.5815,75.7111,30.9985	[[[753562,309844,115,-126,-68,-84,49,-111,5,-119,60,9,-27,-116,41,-9,16,29,72,-20,-44,-173,152,-27,8,-55,106,-83,16,-43,-77,-94,6,-92,-157,-118,-80,-27,-80,-167,0,-99,88,-133,198,-99,-118,-438,-59,-141,-30,-16,21,-98,-51,-50,55,-105,72,-3,11,-55,-26,-56,-54,-37,-76,21,-21,-40,-2,-221,81,-60,56,-97,-9,-62,-114,-142,40,-78,50,-13,-42,-132,20,-26,114,32,77,-20,1,-5,12,-4,-10,-8,0,-7,1,-7,52,-32,2,-10,6,-4,0,-20,5,-24,-6,-26,-2,-39,-43,-126,118,-99,217,0,30,91,30,-23,53,33,27,-23,91,93,101,-17,2,65,34,0,283,-74,-85,-157,19,-12,281,48,12,9,20,-3,963,162,188,121,151,118,602,825,-967,2658,-43,-2,-38,-56,-120,-9,-5,13,-88,3,-93,73,-327,-16,1,-77,-60,-21,-46,56,-159,44,-102,2,-2,-32,-72,-31,-107,27,-61,-29,-81,122,-60,-49,-36,12,-21,-20,-31,9,-36,64,-239,-18,-114,52,-64,-19,-51,-51,-40,20,-27,101,-21,29,-2,3,-17,10,-14,-1,-131,-64,-82,51,-7,36,-32,-3,-42,-69,-102,24,-4,-2,-6,-91]]]
1256119	p	1261731
1266162	r	74.2478,19.6636,74.8728,20.1003	[[[742478,199354,250,-27,35,-145,-16,-119,155,-26,-10,-17,13,-37,191,-50,0,-4,119,-29,14,-1,53,-14,9,-5,64,-14,20,-142,112,-12,98,-4,48,6,-11,-210,9,-162,2,-11,59,16,-19,-238,69,-84,1,-3,-26,-4,-5,2,-7,8,-2,10,-7,1,-10,11,0,3,-5,3,-11,-7,2,-5,-7,-8,-7,1,-6,-18,-12,1,1,8,-14,-2,-2,-9,-33,-2,1,-42,-43,4,-19,-25,-32,13,1,13,-49,8,-114,-9,-67,-21,-42,-156,29,-75,-69,-59,-4,-1,-13,-14,-75,12,-2,0,-43,-111,-15,-38,-1,-46,9,-27,3,-77,64,3,-2,-4,5,1,43,-40,110,-128,-34,-106,104,-22,157,-11,-34,-23,-5,-23,-13,-7,-2,-14,-9,-8,101,-160,98,-4,105,-19,101,-6,0,18,135,37,2,7,289,-219,4378,2631,88,1441,-366,295,-1025,-96,27,-99,-269,-9,19,-113,91,-144,-140,-127,58,-104,2,-74,53,-56,-45,-22,-185,11,-55,-62,-32,-113,23,-47,-66,-56,35,-206,-51,-38,-54,12,-25,-31,-12,-159,-193,-7,-97,23,-51,0,-67,10,0,1,-113,16,-186,-6,-6,20,-7,1,-303,15,-42,54,-99,81,-87,24,-88,37,-58,15,-82,11,-31,-20,-9,-79,-89,23,-6,39,-90,-16,0,-1,-57,-10,-27,-79,-127,17,-14,42,49,103,-7,25,4,28,-13,10,-3,9,20,33,-6,28,1,2,-6,26,-28,4,-213,-1,-56,-155,-67,-47,-109,-15,-190,39,-206,22,-129,20,-29,-53,-8,-8,-12,-30,-124,27,-19,-97,-135,23,-22,171,-312,10,0,-69,-46,-21,-25,-44,-5,-38,-54,-17,-39,55,0,21,-23,12,-52,73,-63,35,-4,-140,-39,-150,-84,50,-48,8,-48,-5,-153,4,-1,-275]]]
1279003	r	89.2323,26.2706,90.0401,26.8064	[[[892323,265075,321,-139,-16,-35,21,1,3,-9,148,-32,8,3,4974,-2158,2618,2322,0,2347,-647,-56,-632,-152,-217,-18,-101,14,-204,56,-12,2,-79,11,-38,16,-80,64,-40,3,-53,-39,-20,-51,-4,-46,-6,-22,1,-22,-16,-58,-31,-67,-48,-48,-36,-1,-96,37,-40,7,-398,-3,-56,8,-160,23,-535,213,-220,9,-349,-130,-185,-3,-51,36,-306,-100,4,5,40,13,-4,46,9,81,-71,19,-32,34,-266,22,-54,10,-45,25,-35,37,-41,113,-49,87,-27,11,-137,5,-74,68,-34,57,-62,23,-20,100,-28,26,-121,49,-15,15,-23,113,12,20,-60,27,-2,-55,-40,-47,-3,-37,-90,-78,-95,-46,-11,-61,3,-11,405,-112,14,-30,58,-479,133,-10,69,-214,-30,-30,-9,-36,-587,-193,-76,-5,3,-19,-441,-145,-52,50,-48,31,-103,34,-7,40,7,57,-45,-20,-26,-4,-83,48,-46,35,-10,18,-19,11,-13,0,-43,-23,-6,-11,55,-20,19,-24,26,-68,3,-49,-7,-29,-39,-24,24,-53,1,-22,-48,-44,-244,1,-87,-39,-72,-15,-81,-13,-99,6,-87,-58,-6,-21,16,-64,-4,-31,-5,-25,-52,-104,-4,-49,18,-50,-9,-20,-15,-11,-33,1,-100,-51,-1,-49,-22,-18,-37,-17,-25,-38,-16,-77,3,-16,19,-14,-19,-83,3,-13,19,-13,-46,-19,-8,-11,16,-18,29,-3,8,-24,-185,-358]]]
1255004	n	77.3623,17.0239,77.7884,17.464	[[[773623,171648,4,-13,23,-47,24,3,-9,-32,6,-13,127,-25,-16,-120,169,-49,100,-3,43,-101,97,-49,116,-37,119,39,125,-44,69,-53,6,-39,39,-10,-24,-137,36,-10,95,-121,28,-5,3,-92,33,-100,57,-71,-6,-49,85,-43,-5,-39,150,-52,224,-54,229,-32,230,-11,230,11,229,32,224,54,217,75,209,95,197,114,186,132,171,149,155,165,137,178,119,190,10,21,-986,3044,-198,90,-55,19,-527,32,21,-173,-98,-18,-199,107,-76,13,-5,-264,-178,90,-58,-21,-149,54,-243,-133,5,-176,237,-46,-132,-187,14,-56,71,-54,-90,-128,-131,-39,-72,-47,-144,27,-57,-39,-89,78,10,53,33,16,-259,42,-13,-210,53,-39,-11,-179,-31,-35,-5,-101,-44,-108,-23,3,-27,-66,-32,0,-35,-85,189,-49,30,-70,-85,-85,-75,-17,-48,-80,-111,-54,-64,-189,-73,-3,-44,41,-22,-39,-270,-153,100,-69,131,-12,0,-35,-44,-7,-36,-160,-176,44,-47,-16,27,-24,-3,-32,-44,-36,19,-46,-16,-62,-44,-50,15,-27,-47,-41]]]
1266849	p	1262332
1466021	p	1264527
1255955	n	87.2843,23.6946,87.7757,24.1361	[[[872843,239100,12,-222,36,-219,58,-215,81,-209,103,-201,124,-190,144,-178,162,-165,114,-95,941,-460,3111,1836,16,96,12,222,-12,222,-31,192,-664,534,-1627,1307,-123,6,-241,-11,-238,-32,-234,-54,-227,-75,-218,-95,-207,-114,-193,-132,-179,-149,-162,-165,-144,-178,-124,-190,-103,-201,-81,-209,-58,-215,-36,-219,-12,-222]]]
6990539	n	77.9438,23.9732,78.4669,24.4369	[[[779438,241700,12,-222,36,-219,58,-215,82,-209,32,-62,1533,-1040,1484,1387,1994,1607,-31,77,-77,156,-88,151,-28,41,-58,-27,-11,-39,26,-124,-63,-49,-28,-73,-127,9,-44,-119,-40,-19,-100,9,-46,-30,-105,10,-68,141,-78,-1,-40,71,-81,12,-102,73,-43,177,-146,98,22,72,120,103,35,78,101,104,10,48,118,73,-39,111,-169,14,-82,147,-188,67,-149,143,-152,52,-179,50,-167,36,-106,-77,-264,-93,-131,-123,-243,-88,-188,-31,-47,-93,27,-96,-164,-218,-142,-83,-88,-95,-108,-27,-96,-87,-106,-48,-36,-67,-27,-194,11,-67,122,-239,-17,-41,-12,-28,-118,-6,-9,30,-86,-15,-119,43,-13,-30,-40,9,-85,49,0,58,-59,32,0,69,-215,54,-60,-92,18,-153,34,-42,-38,-99,44,-13,-61,-104,-216,9,-8,36,-94,6,-11,37,-187,13,-39,-83,-61,-65,-48,-176,-36,-219,-12,-222]]]
1260707	n	71.5786,21.2978,72.0607,21.7248	[[[715786,215200,12,-222,34,-219,58,-215,80,-209,101,-201,122,-190,141,-178,159,-165,176,-149,190,-132,203,-114,193,-85,1385,-141,9,-1,22,3,230,54,223,75,214,95,203,114,190,132,176,149,159,165,141,178,122,190,101,201,80,209,58,215,34,219,5,80,-3424,2190,-121,-54,-203,-114,-190,-132,-176,-149,-159,-165,-124,-157,4,2,14,-154,-61,-23,-41,29,-16,-3,-39,-62,-101,-201,-80,-209,-58,-215,-34,-219,-12,-222]]]
1274496	p	1269515
1270474	n	73.3625,22.3217,73.7131,22.6497	[[[733625,226275,119,-22,97,16,46,-102,-3,-50,-53,0,-52,-260,49,-64,-108,-229,124,-7,73,-37,223,17,72,-69,-34,-132,-65,-85,35,-75,-36,-10,-60,-97,30,-23,17,18,48,-7,18,-84,66,-34,10,-65,33,-17,28,-238,-11,-36,-38,-14,17,-73,-65,-25,-6,-186,92,-22,38,-47,127,37,8,-111,-85,-141,51,-11,10,-31,48,7,92,-154,144,6,-81,-216,142,-49,-3,-27,40,-31,119,14,52,-20,114,34,70,-111,103,48,138,-16,45,15,54,-33,26,-61,119,-1,-34,-78,-186,26,3,-14,745,-81,52,35,177,149,160,165,142,178,123,190,102,201,80,209,58,215,35,219,12,222,-8,138,-3154,1297,-73,0,-43,48,-34,14,-137,-20,7,-69,-33,-18,2,-71,-33,-44]]]
1266416	n	79.7508,16.7899,80.062,17.2096	[[[797508,169740,461,-1264,70,-75,171,-149,185,-132,198,-114,208,-95,37,-12,1764,1810,-54,4,66,124,6,57,-45,59,44,147,-110,13,-49,31,5,28,-65,31,-6,31,-34,7,54,241,-23,35,-126,25,-51,33,-53,103,-85,2,-130,89,-92,196,-91,71,-149,208,-100,46,-61,62,-69,-42,-101,13,-106,-19,-81,205,-102,49,-28,79,-63,38,-17,43,-84,32,-13,190,76,155,-43,-25,-1,26,-20,-7,-208,-95,-64,-37,-1021,-2217]]]
10689545	p	1269743
1255265	p	1253184
1254354	r	78.3707,12.0493,78.9143,12.649	[[[783707,123043,1907,-1885,673,-665,187,83,117,199,2552,4346,-952,217,51,128,-7,75,204,436,46,98,-14,32,98,146,19,72,-123,88,-153,12,4,-45,18,-35,-25,-138,3,-18,8,-13,35,-15,-92,-209,-29,-34,-21,-71,-43,-57,-30,-26,4,-99,-8,-22,-10,-15,-47,-27,-15,-30,8,-28,18,-20,7,-29,-10,-53,-24,-65,-27,-59,-25,-4,-157,8,-87,-14,-76,-23,-27,-44,-32,-173,-41,-76,-29,-28,-75,4,-45,-5,-33,-5,-34,-15,-32,-31,-50,-84,-17,-15,-18,-29,-60,-138,-44,55,-49,104,-30,34,-38,3,-26,-9,-64,-64,-52,-90,-52,-46,-39,-78,-53,-50,-54,-19,-35,3,-35,18,-40,62,15,161,88,206,-28,25,-28,12,-33,4,-48,21,-28,1,-65,-27,-26,-3,-80,44,12,56,-114,149,-14,83,-28,44,-2,29,9,25,54,10,47,-1,30,-14,175,47,10,21,-6,20,4,29,16,7,102,3,11,-27,-14,-37,60,-64,19,-2,54,4,65,23,67,48,39,39,47,84,-1,82,-53,25,-50,37,37,87,58,103,-18,40,-77,93,-75,117,-45,43,-40,16,-10,-3,-19,-38,-317,-24,-7,49,-10,22,-51,71,-106,-13,-61,-61,-57,-70,-98,1,4,73,-12,55,-35,27,-8,36,-15,11,-38,3,-26,46,-33,5,-73,-53,-8,-16,32,-63,-16,-76,7,-51,-24,-33,-93,-49,-122,23,-50,-5,-46,-13,-37,-25,-64,-2,0,31,-13,15,-15,6,-17,-17,-18,6,-21,31,-90,48,-178,115,-14,27,-2,42,-52,91,-64,35,-39,2,-72,-14,-40,-28,12,-129,-68,-80,-68,58,-246,0,-64,56,-113,-58,-30,-29,-109,25,-312,-3248]]]
7302830	p	1273800
1275462	n	87.0868,22.8439,87.5641,23.2953	[[[870868,230032,77,-197,102,-201,123,-190,143,-178,161,-165,177,-149,193,-132,205,-114,217,-95,225,-75,233,-54,237,-32,239,-11,239,11,237,32,233,54,225,75,217,95,205,114,193,132,177,149,161,165,143,178,123,190,102,201,81,209,58,215,35,219,12,222,-12,222,-35,219,-58,215,-81,209,-102,201,-123,190,-143,178,-161,165,-177,149,-193,132,-205,114,-217,95,-225,75,-233,54,-237,32,-79,3,-343,-6,-2149,-2915]]]
1278697	p	1261258
1277814	r	79.2467,28.5538,79.7997,28.9836	[[[792467,286032,1219,-186,19,9,20,27,-18,16,-36,-6,-1,18,21,20,39,10,4,11,-38,16,-7,9,4,37,-40,8,-10,10,3,11,26,10,76,5,103,-20,20,10,41,45,67,-3,95,81,33,-2,79,-59,4,-13,-18,-25,-5,-37,-28,-23,-42,-13,1,-14,104,-56,34,18,35,28,19,2,34,-12,28,11,32,27,54,29,22,6,19,-7,6,-12,22,5,47,81,20,1,134,-71,27,-5,19,7,37,36,25,2,39,-26,47,-6,35,-29,11,-18,-39,-39,13,-34,1,-27,-23,-62,-6,-59,-8,-16,-46,-16,-8,-36,3,-29,-2,-5,881,-134,444,826,43,9,24,33,-9,38,16,0,2,10,7,2,1,15,16,13,-39,14,20,24,-2,6,9,14,3,4,0,2,28,46,15,16,9,-2,10,12,31,82,-2,1,-5,5,4,7,-72,50,4,12,-4,1,4,52,7,7,-6,10,1,16,59,23,33,27,12,17,28,27,37,58,3,15,-6,4,-2,15,2,7,-4,7,25,29,7,1,10,18,19,22,3,-1,7,12,19,22,13,-4,0,19,17,20,54,-22,23,25,28,-14,28,25,48,-20,28,64,6,-3,5,14,16,-2,0,33,22,-12,10,-15,80,131,-38,18,12,38,-22,21,7,9,-2,14,36,27,-59,28,-20,-3,-14,7,2,3,-30,12,1,2,-15,9,-16,0,-23,32,15,33,-28,9,-23,-3,-2,-2,-8,1,18,31,-2,17,-15,14,13,9,-1,3,36,35,-15,51,16,20,15,-1,-1,12,9,19,12,17,6,3,19,30,-10,7,1,4,-11,2,-2,1,-4,11,-28,8,9,20,-2,13,15,69,4,3,-3,3,4,20,6,5,-2,10,7,33,3,1,1,18,6,31,-13,17,0,15,-15,5,-4,4,2,7,-11,6,6,15,-6,4,0,9,9,22,-9,2,0,43,-53,55,9,13,13,4,34,64,9,1,24,27,29,-13,22,10,4,20,235,-83,29,84,106,-25,54,126,52,-2,39,-36,652,1212,-870,51,-2852,-1179,-23,6,14,106,33,122,-51,59,-30,54,-43,8,-13,-14,3,-13,18,-22,-4,-28,-7,-7,13,-52,-204,80,-12,-17,-14,7,-23,-5,-54,18,-27,-5,6,-61,-17,-16,8,-22,48,-22,21,-20,13,-25,34,-27,15,2,19,-9,8,16,71,-31,9,-7,3,-18,12,2,11,-8,6,10,29,-20,-5,-32,-24,-19,-32,12,-31,-1,-13,-10,-14,-1,-13,-26,-51,13,-13,-12,-12,0,-52,20,-27,-13,-13,-14,-19,4,-26,-22,7,-36,12,6,21,-24,83,-30,3,1,-1269,-525,-192,-1957],[793943,288517,12,25,27,16,1,17,8,5,46,-21,-93,-39,-1,-3]],[[793857,285820,174,-26,0,1,-3,9,-15,7,-59,21,-49,47,-9,-32,-16,-18,-23,-9]]]
1261613	n	75.1574,27.6475,75.524,28.0505	[[[751574,280010,24,-49,13,-43,-32,-26,77,-301,275,-5,18,-199,-31,-230,22,-39,67,11,24,-34,13,-156,-24,-18,80,-98,195,-29,89,-262,58,-94,-4,-78,-51,-39,23,-57,-27,-9,21,-114,53,34,245,59,173,-29,35,-310,-14,-153,-133,-49,-162,-24,71,-58,5,-62,38,-1,146,-318,-1,-44,139,-38,50,-38,167,-12,43,-123,247,43,148,-75,92,-108,32,5,7,-24,-61,-31,-14,-226,17,-48,78,-36,90,72,56,86,101,-24,6,-18,53,29,200,132,185,149,167,165,149,178,128,190,107,201,84,209,60,215,37,219,12,222,-12,222,-37,219,-60,215,-13,31,-3269,1318,-275,-495]]]
11664525	p	1264521
1265579	p	1254187
1259056	r	76.9234,24.1865,77.4764,24.6308	[[[769234,244400,6,-166,18,-165,29,-164,41,-161,53,-159,64,-155,74,-151,86,-147,95,-140,106,-135,114,-129,124,-121,132,-113,140,-105,147,-97,154,-88,160,-78,165,-68,169,-59,173,-48,176,-37,179,-27,180,-17,181,-5,181,5,180,17,179,27,176,37,173,48,169,59,165,68,160,78,154,88,147,97,140,105,132,113,124,121,114,129,106,135,95,140,86,147,74,151,64,155,53,159,41,161,29,164,18,165,4,114,-9,6,1,93,-4092,1861,23,-220,-34,-145,60,-215,-21,-141,-95,-128,-54,-141,4,-55,-125,-15,-53,31,-14,-70,-55,-23,-10,-225,-172,-44,-8,-44,27,-41,-49,-13,-17,-29,17,-23,-52,-30,-201,-9,-59,-114,-155,3,-66,28,-45,-27,-2,39,-77,-6,-46,72,-118,18,-7,5,-2,-15,-18,-165,-6,-166]]]
1254274	r	75.6151,29.4131,76.0997,29.8226	[[[756151,297455,1508,-3032,1047,-292,882,1530,2,-1,42,-33,10,-1,1,19,-34,57,0,38,-7,23,-1,4,4,53,14,16,5,21,-10,57,-47,24,-80,0,33,48,6,21,-9,56,19,21,17,36,11,-1,9,10,-24,9,22,72,-4,60,-49,67,-50,49,2,28,-36,-6,-20,7,21,59,52,76,-1,55,28,97,12,15,98,59,28,3,40,-9,38,-68,39,18,87,22,29,-9,72,-46,-5,-118,128,-54,917,1593,-25,-4,-127,-106,-15,-167,-74,-83,-47,29,-115,-131,-37,0,-110,-206,-87,-6,-53,42,-13,71,-39,10,-25,-64,-51,-20,-26,-47,-223,-44,-112,-115,-112,36,-337,19,-67,40,-67,20,-16,7,-35,33,-27,12,-13,9,-3,45,-27,26,-48,28,-37,-14,-4,-8,2,-4,-3,-17,-140,-36,-30,3,-15,44,-15,5,-132,-18,10,66,-33,108,-80,32,-32,17,-40,12,4,25,6,10,-1,16,-8,10,-72,46,-5,57,-42,4,-30,49,-23,149,17,50,-67,-14,-39,18,-41,-68,-73,-29,-101,5,-151,55,-85,111,-81,-26,-170,-140,-113,34,-64,47,-171,-11,-31,-99,-33,-2,-14,-102,33,-37,-65,-83,17,-63,-72,-102,41,-65,-19,-39,-143,19,-142,204,-98,17,-118,-26,-128,7,-85,-30,-9,-181,-60,-55,-110,-51,-20,13]]]
1269154	p	1275817
1278454	n	79.0498,12.4439,79.5102,12.8088	[[[790498,126700,11,-222,33,-219,55,-215,76,-209,97,-201,116,-190,135,-178,151,-165,168,-149,181,-132,194,-114,204,-95,213,-75,219,-54,223,-32,226,-11,226,11,223,32,219,54,213,75,204,95,194,114,181,132,168,149,151,165,135,178,116,190,97,201,76,209,55,215,33,219,11,222,-11,222,-33,219,-40,156,-189,406,-161,27,17,-23,-27,-56,13,-86,-61,-4,-29,-34,-47,-123,26,-41,40,5,55,-45,50,10,32,-24,0,-30,-112,-117,29,-65,-5,-98,-112,-30,57,-91,-67,-49,-13,-108,-160,-66,-93,-77,-157,-13,-82,-136,-212,-150,-120,36,-176,139,90,58,13,38,-18,109,-62,13,-4,24,165,108,133,17,111,80,-24,49,-94,48,-22,85,12,24,104,22,19,135,-139,65,-6,-63,-44,-46,-81,-14,-5,-55,-103,31,-23,-78,30,-117,-20,-27,-99,-21,-64,68,86,115,-39,182,-122,42,-60,48,-154,50,-89,3,-39,18,-13,40,-62,15,-62,104,43,97,-2,68,-92,52,1,33,-164,62,-6,67,28,42,-42,17,-5,15,-67,11,1,-3,-130,-11,-9,-91,-165,-79,-43,9,-91,-64,-10,-15,-4,-23,13,-91,6,-13,41,-34,-10,-19,5,-44,-68,-152,11,-44,-39,12,-48,43,-69,9,-31,-2,-10,-23,-10,-7,-99,-9,-20,-24,-14,0,-10,9,-6,72,7,31,-10,20,-4,44,-26,30,-8,25,-43,15,-10,18,-7,37,-5,6,-12,-6,-3,-4,-5,-35,18,-71,-11,-73,-16,-4,-78,3,-24,9,-14,21,-35,27,-57,9,-822,-429,-7,-26,-33,-219,-11,-222]]]
1274243	n	77.5086,13.2631,77.8815,13.6661	[[[775086,135041,2191,-2410,1538,3472,-50,45,-182,132,-195,114,-204,95,-214,75,-220,54,-224,32,-226,11,-226,-11,-224,-32,-220,-54,-214,-75,-204,-95,-195,-114,-182,-132,-168,-149,-152,-165,-135,-178,-116,-190,-97,-201,-77,-209,-4,-15]]]
1272694	r	89.7051,25.6687,90.3774,26.4383	[[[897051,261543,14,-1,120,-87,58,-148,45,-165,79,-136,131,-167,13,-124,-24,-125,15,-174,56,-92,206,-242,76,-131,54,-71,61,-20,65,26,69,65,3,0,1,1,17,8,17,3,14,-2,12,-10,13,-16,32,-51,34,-28,3,-1,52,-61,-31,-137,-140,-105,-196,-61,187,-103,157,-13,80,-57,-43,-238,-431,-689,-39,-247,184,-897,227,-506,14,-54,5518,1972,-362,1258,-13,-22,-90,-23,-45,-130,-522,-136,-544,-70,-68,5,-45,76,-147,-45,-70,-125,-42,-4,-66,129,-195,1,-33,75,-134,-67,-190,-31,-3,28,-40,-8,-11,68,38,57,66,4,27,-27,46,72,64,-8,19,90,68,-25,86,84,49,1,27,-24,90,52,56,94,78,20,-26,73,120,131,-6,50,-153,46,-121,145,162,35,-27,126,-126,160,48,242,118,62,73,161,29,18,210,4,306,115,22,98,108,59,44,273,57,3,51,41,92,1,-218,757,-1487,1599,-47,13,-295,62,-299,45,-301,27,-302,9,-235,-7,-1883,-1670,-731,-1163]]]
1275230	p	1278685
1271819	n	77.5742,16.0039,78.0208,16.4561	[[[775743,162885,117,-1493,77,-158,118,-190,137,-178,154,-165,170,-149,185,-132,196,-114,208,-95,216,-75,223,-54,227,-32,229,-11,229,11,227,32,223,54,216,75,208,95,196,114,185,132,170,149,154,165,137,178,118,190,98,201,47,128,-1766,2957,-213,30,-229,11,-229,-11,-227,-32,-223,-54,-216,-75,-208,-95,-196,-114,-185,-132,-170,-149,-154,-165,-137,-178,-118,-190,-44,-91,3,-18,64,-96,-43,-149,59,-79,-153,-24,-58,56,-3,-9,-19,-71]]]
1259704	r	79.665,16.2664,80.1009,16.7532	[[[796650,163104,1455,-440,1827,1015,1077,2700,-2548,1133,-147,20,-1664,-1223,0,-3205]]]
1256698	r	85.6545,24.81,85.9975,25.3034	[[[856545,250520,2323,-2420,1107,1739,-286,1547,24,0,22,5,37,24,5,29,25,12,6,11,-8,6,-39,0,-4,3,6,10,20,6,27,-11,16,6,2,8,-48,19,-9,9,1,10,9,5,33,-15,14,3,-4,11,-26,12,29,2,6,10,-13,13,-20,0,-9,9,-4,29,8,6,22,-4,6,29,-23,7,-1,12,-54,-3,-41,11,-67,-2,-156,850,-1352,361,-39,1,-1,10,-539,144,-498,-166,-507,-2348]]]
1256047	n	74.6079,14.3939,75.0589,14.8461	[[[746079,146200,11,-222,34,-219,55,-215,77,-209,97,-201,117,-190,136,-178,153,-165,169,-149,183,-132,195,-114,206,-95,214,-75,221,-54,226,-32,227,-11,227,11,226,32,221,54,214,75,3,2,-120,202,-363,-23,-4,52,-24,11,-34,121,152,143,91,22,99,-64,121,15,-26,72,-153,68,-96,8,-42,53,54,281,36,9,39,69,-12,141,259,-3,28,-56,61,-47,60,125,-7,33,23,-18,53,37,56,148,84,-17,75,15,67,-23,0,-156,29,-89,-72,-3,-7,-31,104,-75,84,-122,5,-77,-66,-71,50,-136,61,51,99,27,33,36,-23,33,121,93,175,28,45,73,0,151,-37,75,154,42,23,60,26,16,17,43,-42,34,-102,-31,-110,130,-105,38,-22,116,59,102,-32,222,166,309,88,45,19,75,-103,112,-53,-27,-42,69,-5,74,55,33,-40,200,1,123,-149,20,-20,108,73,49,60,2,19,41,25,-23,54,3,-5,98,-48,79,-136,178,-153,165,-169,149,-183,132,-195,114,-206,95,-214,75,-221,54,-226,32,-227,11,-227,-11,-226,-32,-221,-54,-214,-75,-206,-95,-195,-114,-183,-132,-169,-149,-153,-165,-136,-178,-117,-190,-97,-201,-77,-209,-55,-215,-34,-219,-11,-222]]]
1261309	n	74.2489,16.2068,74.6141,16.5584	[[[742489,164958,156,-192,112,66,55,190,113,12,-21,-253,13,-184,84,18,174,-107,122,39,46,-14,14,-78,-33,-95,38,-68,-71,-97,90,-182,271,19,-31,-113,-71,-125,22,-138,-98,13,-89,245,-80,-17,-23,-134,-71,35,67,-223,-85,-31,107,-134,-111,-4,58,-71,-63,-76,35,-41,80,9,36,-46,-84,-9,8,-54,85,9,93,-212,-182,-42,18,-183,88,-10,190,135,-82,111,148,-26,120,44,123,-47,6,-139,251,63,48,-23,-5,-215,202,-21,27,-54,159,-14,25,-60,127,-38,76,80,192,-156,83,-93,-90,-76,50,-83,90,52,184,132,170,149,155,165,136,178,119,190,98,201,77,209,56,215,34,219,11,222,-11,222,-34,219,-56,215,-77,209,-90,185,-1985,475,-56,-255,-251,125,29,148,-36,41,-175,-102,-54,4,-111,80,-64,-24,-7,-529,-82,1,-57,283,-125,27,0,-61,-49,-28,-9,159,-14,10,-161,-71,52,-137,51,-16,15,-153,-295,-69]]]
1274987	r	75.2566,11.7776,75.5792,12.0245	[[[752566,119990,175,-228,166,-252,34,-41,24,-50,49,-44,112,-149,64,-125,-7,-14,8,-25,-3,-11,28,-1,30,-59,248,-271,31,-104,33,-39,38,15,17,-25,8,2,13,-8,0,-21,12,-2,2,-15,15,5,4,-18,33,26,41,-12,8,10,-3,8,-20,6,-3,13,26,21,11,-1,-5,-26,5,-7,6,33,13,5,37,-6,42,-28,76,-72,37,-55,14,-15,27,-6,51,-48,13,-25,30,-24,69,-83,7,-19,-12,-6,3,-7,11,5,22,-17,31,-39,2,-9,-6,0,6,-9,7,4,9,-5,2,-12,13,-4,17,-29,25,-3,10,9,39,-41,102,-149,9,-33,-1,-39,68,-31,0,-14,58,7,7,12,20,50,-12,93,7,58,-25,58,1,23,33,74,30,45,20,9,23,-2,66,-27,25,5,24,30,20,3,9,-11,10,-1,45,45,22,7,53,1,36,-35,14,12,7,44,-41,88,-40,0,-18,-41,-10,-6,-40,15,-4,16,24,51,-7,54,52,23,38,7,16,-3,18,6,18,17,26,-4,8,8,-1,18,-31,12,-32,53,15,19,33,74,-16,48,23,54,1,48,25,43,1,14,702,660,-796,0,-17,-27,0,-25,-12,-31,-13,-70,-39,10,-59,-7,-55,14,-19,-8,-11,-21,-25,-5,-32,-22,-6,-31,-29,-15,-37,4,-22,-7,-7,4,-15,43,-14,7,-45,-7,-35,14,-35,3,-17,12,-13,38,2,26,-15,15,-7,27,-44,25,-8,-12,-34,-3,-36,-57,-6,-73,21,-63,-24,-45,-9,-11,-17,2,-31,20,-38,-3,-35,-55,-21,-1,-4,17,9,14,4,29,-13,25,10,40,-6,27,14,26,-6,39,13,17,-14,32,3,23,-17,16,-34,-12,-36,-1,-8,6,-23,105,-47,20,22,54,-4,12,-23,9,7,28,-9,9,-56,-21,-74,-7,-13,32,-14,8,-30,-1,-19,11,17,53,-7,15,11,32,-5,10,-35,6,-49,-4,-53,-22,-24,8,-97,-48,-41,-35,-33,-10,-70,-4,3,55,11,45,12,13,-25,15,-12,22,-17,-3,-17,12,5,51,11,30,-3,77,-8,11,-42,22,-11,22,-52,-6,-50,10,-16,-8,-15,11,-27,4,-12,-8,0,-30,-8,-8,-23,-1,-13,8,-18,33,-44,15,-21,0,-30,-41,-48,-20,-33,17,-6,10,-4,64,-53,21,-94,26,-16,3,-33,-12,-13,-23,-18,-145,-12,-25,-65,-50]]]
1276948	n	77.3687,26.4315,77.7715,26.8691	[[[773687,266500,8,-136,251,-28,-44,-160,-5,-18,-25,5,-1,0,-111,23,-38,-42,14,-85,59,-215,84,-209,105,-201,127,-190,147,-178,165,-165,183,-149,198,-132,212,-114,222,-95,233,-75,92,-21,24,37,128,12,175,101,245,62,95,87,45,110,58,63,265,124,139,117,65,15,111,-47,220,-13,137,40,111,119,22,130,56,116,116,10,103,78,37,11,-550,3100,-3,2,-233,75,-123,27,-40,-12,-18,-101,-447,-164,-97,14,-21,-106,-106,-44,3,114,-154,-111,-146,-10,-35,-57,-174,-38,-135,47,-182,-34,-79,59,1,130,32,4,-5,34,-26,25,-162,2,-11,-283,-130,-288,12,-79,142,-98,-78,-123,-99,-92,-258,-62,-45,2,-1,-1,-49,2,-90,-73,-34,-48,-68,-35,-33,-27,-49,-15,-48,-24,-260,-71,-73,-64,-72,6,-35,-129,-37,-219,-6,-113,32,-53,-35,-16,-3,-40]]]
1261227	n	73.2167,27.3339,73.7233,27.7861	[[[732167,275600,12,-222,36,-219,61,-215,84,-209,106,-201,128,-190,148,-178,167,-165,184,-149,200,-132,213,-114,225,-95,234,-75,241,-54,246,-32,248,-11,217,10,-36,54,-13,176,135,70,211,67,-85,144,-100,-4,-4,8,-3,1,-6,18,-15,30,-1,19,-4,13,3,27,-3,144,38,68,-10,155,195,118,-53,56,47,19,-41,44,51,40,-31,64,57,35,-4,61,32,54,141,119,50,16,81,-44,65,8,16,-14,22,-2,58,-69,51,30,25,-57,116,51,26,-45,181,64,23,25,-27,40,32,28,16,92,135,104,-128,204,41,32,62,-6,60,28,253,222,78,-2,54,-83,47,-35,42,4,92,-77,157,-268,147,13,28,170,12,222,-12,222,-36,219,-61,215,-84,209,-106,201,-128,190,-148,178,-167,165,-184,149,-200,132,-213,114,-225,95,-234,75,-241,54,-246,32,-248,11,-248,-11,-246,-32,-241,-54,-234,-75,-225,-95,-213,-114,-200,-132,-184,-149,-167,-165,-148,-178,-128,-190,-106,-201,-84,-209,-61,-215,-36,-219,-12,-222]]]
1253150	r	79.333,15.669,79.9821,16.3104	[[[793330,161093,3313,-4224,140,-179,3038,1486,-246,2290,-1470,2198,-1455,440,-3320,-2011]]]
1258207	n	82.8503,23.9939,83.2863,24.3662	[[[828504,242843,139,-2226,16,-16,179,-149,194,-132,207,-114,219,-95,227,-75,235,-54,239,-32,241,-11,241,11,239,32,235,54,227,75,219,95,207,114,194,132,179,149,163,165,144,178,124,190,103,201,82,209,58,215,36,219,12,222,-12,222,-36,219,-58,215,-82,209,-103,201,-124,190,-144,178,-27,28,-3773,-819]]]
1262240	r	79.333,13.1422,79.8802,13.4651	[[[793330,133114,343,-1328,630,-364,2256,653,979,283,131,202,-23,13,-34,1,-70,55,-43,48,-18,33,-63,-1,-14,29,-54,20,-3,29,-20,35,-22,5,30,61,56,26,50,-29,51,31,32,2,35,27,43,72,2,41,8,10,8,58,-19,47,11,12,76,-52,19,-42,22,-7,22,-23,14,-3,33,5,10,-6,4,-27,24,-9,18,-51,59,-32,889,1371,-23,59,-84,182,-55,101,-2859,-828,7,-8,-1,-23,-16,-9,12,-114,-120,-37,-65,-47,-78,-46,-31,-31,-36,-52,-80,-71,-16,-4,-42,33,-54,31,-39,-26,-111,1,-28,89,-40,63,39,18,48,34,5,13,-1805,-523],[796559,132075,4,17,48,0,1,-2,-53,-15]]]
1274256	r	79.4372,11.2356,79.8405,11.5861	[[[794373,112706,1796,-156,6,3,40,-2,11,-6,2179,-189,-55,283,-20,781,-31,41,-62,6,-268,123,-205,40,-171,-47,-3,-7,-17,101,-3,65,30,40,11,7,82,20,39,-3,79,-55,82,-22,92,60,118,0,90,26,27,96,-53,520,-74,83,-82,10,-25,56,-17,30,-16,9,-82,158,-45,126,-31,119,-82,-86,-140,425,-52,396,-311,60,-12,-5,-16,2,-13,10,-1,1,-185,36,-2003,-1572,-607,-1583],[796763,112965,80,157,107,103,8,-11,161,150,100,80,62,33,96,21,190,23,-47,-116,-100,-49,-457,-322,-132,-69,-68,0]]]
1273745	r	74.456,29.6216,75.0775,30.1132	[[[744560,299463,701,-39,-39,-56,-31,-57,-34,-108,-62,-130,124,-47,69,-8,117,4,66,-97,33,-72,59,-86,50,-52,-138,-227,-74,-69,-311,-79,-107,-69,-47,-48,-81,-68,-64,-106,-52,-156,-4,-186,11,-86,25,-86,1,-80,152,-8,100,-19,70,-6,124,0,110,-18,23,5,55,85,54,51,0,-1,10,10,47,3,254,-16,-18,-24,-2,-21,3,-15,21,-2,15,5,4,11,-3,15,7,13,16,1,61,147,135,-10,23,-81,129,-56,-47,-44,-31,-89,0,-77,16,-81,-35,-127,-54,-92,2,-1,-9,-11,-6,-38,9,-51,-15,-31,49,-22,120,-32,40,4,640,-616,1057,650,12,-13,38,-10,133,-71,317,55,25,129,-2,71,12,60,-3,67,-24,24,2369,1454,-4,45,-13,194,-14,-34,-47,-58,-132,8,-76,69,-156,-48,-107,-140,-260,3,-66,21,-94,133,-24,119,-291,109,-200,367,-13,88,-52,12,-158,-110,-100,-10,57,143,-136,118,-137,-81,-47,16,0,5,-37,7,-27,-4,-26,-12,-74,-23,-31,52,-60,15,-61,70,-39,15,-64,12,-68,-18,27,37,12,37,-21,63,-65,65,-56,13,-58,-4,-146,-108,-16,-14,-110,-83,-21,17,-149,1,-29,-10,-6,-14,-13,-8,-34,-5,-10,-25,-103,7,-39,-4,-77,-61,-150,58,-30,13,-15,4,-45,18,2,53,3,6,-3,-3,1,27,-59,76,163,268,-229,198,28,36,-35,69,6,50,107,159,-143,73,-77,-3,-62,91,-28,87,102,141,3,59,-23,33,-115,-54,-217,27,-17,17,-1911,-1659]]]
1256388	r	94.3289,26.5355,95.1354,27.3569	[[[943290,270280,536,-930,62,99,95,78,18,-69,27,-66,25,-34,5,-27,9,-4,19,54,70,20,20,33,3,1,10,-35,12,-1,10,10,16,6,21,-26,31,-17,53,27,19,-15,17,-22,19,-6,70,21,-40,2,45,-2,6,3,46,13,27,-2,25,17,67,20,43,-70,27,-4,5,-10,23,5,19,-3,0,-22,10,-20,19,-9,19,-34,-11,-98,31,-41,-34,-21,-3,-8,37,-37,-26,-35,-10,-48,-36,-13,-14,-20,71,-91,45,0,20,-39,18,3,4,4,31,8,2,-1,-10,-69,22,-63,32,-17,-16,-13,-13,-7,-10,-12,0,-9,10,-8,10,-19,-52,-6,-12,-14,-4,-30,7,-14,14,-10,5,-17,-1,-29,13,-14,8,-26,-40,-14,-35,-122,122,-68,71,22,-2,-49,54,-44,-2,-54,73,5,-1,-113,26,28,66,-39,-107,-50,36,1,-1,-48,52,-4,-19,-53,-55,-9,5,-47,-56,-35,16,-46,103,-8,-69,-31,-6,-32,92,17,13,-60,74,-58,22,9,10,64,20,-39,74,-27,12,-59,78,79,75,-62,96,19,-19,-84,99,-58,-4,-37,40,-3,3,-16,-53,-12,56,-56,80,2,-9,-54,50,10,58,-26,10,-68,-82,47,-26,-110,26,-24,-38,-27,27,-33,-131,9,-36,31,-109,-105,11,-31,41,-5,-47,-34,-73,28,23,187,-66,1,-52,-32,-11,27,-99,7,-152,-95,-29,34,-7,-36,918,-1594,278,-8,324,10,323,28,320,47,315,67,310,84,304,102,295,120,286,138,275,153,264,170,251,184,236,199,222,212,205,225,189,237,171,247,153,256,134,265,114,272,94,279,74,283,53,287,32,289,10,291,-10,291,-32,289,-51,274,-2243,1052,-96,-81,-544,-639,0,-75,-89,25,-46,50,-108,-7,-17,24,-26,-29,7,57,74,118,-269,44,-34,54,-257,53,17,43,-81,67,16,98,39,10,14,47,57,26,63,111,43,13,-40,39,-22,-13,15,72,-37,-4,14,22,-33,21,34,-3,10,22,22,-23,3,36,22,-19,23,40,-49,30,30,24,-2,-29,23,7,13,62,-16,-18,-38,22,6,122,-27,50,-55,24,57,108,-552,259,31,-107,-108,31,-52,137,-134,63,-95,-235,-44,-26,-355,43,-271,-620,23,-69,-248,-324,-231,308,-61,36,118,166,-14,176,14,101,88,187,-1,253,270,372,0,10,-1069,501,-1753,-3289]]]
1261739	r	75.8706,29.3522,76.3783,29.8193	[[[758706,294131,325,-251,1289,-358,3463,2040,-2158,2623,-176,8,-38,-34,-15,-65,-183,-183,-28,22,7,73,-139,115,-4,-5,-52,-8,-916,-1592,-1,-1,-128,54,5,118,-72,46,-29,9,-87,-22,-39,-18,-38,68,-40,9,-28,-3,-98,-59,-12,-15,-28,-97,1,-55,-52,-76,-21,-59,20,-7,36,6,-2,-28,50,-49,49,-67,4,-60,-22,-72,24,-9,-9,-10,-11,1,-17,-36,-19,-21,9,-56,-6,-21,-33,-48,80,0,47,-24,10,-57,-5,-21,-14,-16,-4,-53,8,-27,0,-38,34,-57,-1,-19,-10,1,-42,33,-2,1,-882,-1530]]]
1261066	n	68.944,22.2439,69.2075,22.4819	[[[689440,223183,6,-232,87,-191,43,-63,194,-86,225,-75,231,-54,236,-32,238,-11,238,11,236,32,231,54,225,75,216,95,204,114,25,17,-171,86,-166,160,-41,196,156,218,-32,167,236,323,-35,162,-140,115,-96,12,-98,-70,-142,-129,-76,-28,-72,22,-78,34,-93,6,-89,-32,-164,-90,-88,-20,-168,26,-95,82,-141,239,78,102,185,76,78,101,29,134,-38,76,-78,14,-261,-179,-400,-208,-146,-116,-97,-122,-88,-147,-68,-175,-26,-204,-44,-173,-92,-146,-74,-166]]]
13665129	p	7279741
1265828	n	74.6705,26.9458,75.1124,27.3759	[[[746706,272269,2266,-2503,67,5,68,-35,-3,-71,67,-21,315,-7,113,-28,45,-136,32,-15,19,26,37,-2,58,24,212,114,199,132,184,149,166,165,148,178,127,190,106,201,83,209,60,215,37,219,12,222,-12,222,-37,219,-60,215,0,1,-92,-11,-229,10,105,136,2,58,60,78,37,1,-72,137,-127,190,-148,178,-166,165,-184,149,-199,132,-194,104,-345,20,-33,-27,-2,-62,-77,-44,-236,-4,-136,-50,4,-160,-187,-57,-43,145,-94,121,137,89,-53,269,-23,11,-87,-34,-66,28,-19,30,-195,-9,-144,-19,-1503,-1462]]]
1261369	n	74.433,24.4271,74.9164,24.7916	[[[744330,246200,12,-222,35,-219,59,-215,82,-209,103,-201,125,-190,144,-178,163,-165,180,-149,195,-132,89,-49,51,7,85,374,-9,242,167,94,24,118,74,23,128,-24,43,23,16,-39,89,-24,46,-59,-6,-176,63,-76,0,30,72,60,64,18,-24,116,57,7,42,-83,68,28,192,1,91,-47,60,-63,176,43,37,144,59,82,65,42,199,3,20,62,-24,125,113,27,-26,74,6,115,-101,174,98,32,-3,53,53,-24,20,21,81,-6,100,27,23,42,57,2,-69,296,123,43,-4,120,51,29,65,-5,32,140,56,38,24,-19,21,85,-25,8,8,63,-138,13,-28,-30,-72,10,-23,-68,-65,-4,-13,27,-56,-11,-32,21,64,213,60,91,4,101,29,22,-77,282,48,-42,44,38,149,20,-46,291,4,159,91,21,73,-331,55,-108,88,-95,-6,-73,61,-136,76,-81,46,10,-17,-30,31,-88,50,-3,-42,-33,12,-67,10,66,69,-15,-14,-85,34,-3,36,-43,0,-42,37,-24,-3,-56,71,-47,-41,-1,19,-61,24,-27,22,23,3,8,2,-3,380,391,-82,208,-103,201,-125,190,-144,178,-145,147,-71,-19,-92,141,-3,13,-3823,-737,-58,-114,-82,-209,-59,-215,-35,-219,-12,-222]]]
1256382	n	72.1943,23.8432,72.4825,24.0807	[[[721943,240508,697,-2076,296,43,-7,15,37,31,156,-19,70,10,19,12,24,-6,26,4,-1,166,-28,22,16,60,44,41,79,-31,92,-1,103,55,33,-33,59,-3,57,-110,65,-20,23,2,53,52,2,0,1,1,45,-11,21,40,39,-16,4,-13,25,-17,7,3,24,14,4,10,-3,35,52,88,72,11,16,76,40,-5,22,64,78,-40,-9,91,28,4,30,-65,63,-5,31,82,75,-4,35,-107,53,-14,16,-39,51,5,53,29,-16,55,40,42,21,225,49,67,-18,-9,-2,218,-32,7,4,36,-25,0,10,82,-43,-5,-10,30,-196,56,-66,-26,-12,-35,-54,-11,-1,69,-64,36,-18,60,-26,-71,-77,16,-53,-56,-72,29,-209,0,0,-52,-25,-20,-41,33,-93,2,-10,143,-82,144,2,96,-97,-6,-72,46,-19,82,26,41,-52,115,-305,8,-29,9,-70,137,-63,-20,-58,30,-168,13,-20,47,-51,30,-21,66,-29,7,-26,102,-615,-299]]]
1272525	r	92.6787,25.1929,93.8339,26.4439	[[[926787,256147,17,-53,183,-439,35,-70,6753,-3656,2702,1161,309,1137,109,405,-460,1653,-408,1468,11,10,44,6,50,-49,2,88,23,12,35,-37,10,21,-33,35,-1,49,39,14,45,-24,22,20,-64,107,41,23,78,-19,11,113,53,27,13,36,73,-14,2,70,79,-43,23,71,72,-50,50,63,38,-16,55,44,43,-24,1,32,-65,48,52,30,51,-10,-7,74,91,8,37,29,3,-55,25,-8,14,88,-6,16,-3,0,-20,39,-42,149,-17,280,16,124,45,159,75,-2,58,-31,120,12,79,98,99,85,102,19,36,-17,0,53,-11,14,5,10,6,2,0,2,3,-1,11,4,26,-4,30,-26,41,32,-57,22,2,77,30,-10,5,-57,31,58,-56,56,36,34,53,-35,29,53,69,13,4,23,-49,15,15,33,61,-6,32,-65,72,70,81,11,-14,34,-78,2,-9,49,40,93,-79,-6,-5,71,-69,28,39,54,63,-1,-77,49,0,32,129,73,-57,23,-58,-21,-40,28,-20,64,115,-19,27,57,-47,46,-72,2,-17,24,68,35,66,-24,47,60,10,80,35,2,-33,101,53,70,-33,71,99,13,-72,97,67,51,20,59,74,9,-60,81,39,40,58,-2,17,22,-98,60,0,33,27,18,105,-7,-64,106,89,102,-81,23,-11,92,22,31,-58,12,-253,-138,-145,14,-53,27,-199,-36,-26,12,-20,99,-99,7,-122,72,-73,-59,-85,14,-167,-53,-38,-41,26,-112,84,-25,16,-37,-63,-35,-43,-109,-89,-37,-316,18,-49,37,-83,-7,-429,64,-128,111,-70,25,-69,-7,-20,-36,16,-152,-22,-144,-62,-61,-128,-43,-50,-58,70,-77,8,-150,-97,-114,-24,-178,-149,-26,-206,738,-886,3188,-2088,-1445,-5293,-6847]]]
1278173	r	78.3741,11.1982,78.9378,12.0267	[[[783741,115823,5,-14,38,-44,48,-3,3,32,25,57,2,22,59,-15,31,13,52,-1,27,12,33,-3,124,22,74,26,42,5,52,41,49,8,92,-9,22,6,1,-119,-15,-40,-13,-158,26,9,43,-29,1,0,19,-2,21,-24,-2,-37,-17,-24,-3,-22,-8,-50,-23,-60,35,-23,79,-19,6,-13,-37,-3,-21,-7,-7,-8,8,-19,0,-29,5,-12,55,10,37,-12,8,-8,18,-55,-3,-28,-74,-136,-5,-25,3,-71,-43,-6,-14,45,-26,10,-11,-5,-14,-21,-43,6,-23,-22,-30,11,-27,-2,-19,-20,-15,-5,-22,0,2,26,-32,14,-15,-52,1,-13,17,-5,9,-11,-11,-25,24,-24,-27,-31,-13,-74,-61,-28,-4,-20,70,-63,3,-14,40,8,22,-35,22,-42,32,-103,-3,-44,7,-24,118,-8,6,-6,-55,-64,-21,-3,-11,-9,-91,1,-53,-34,-33,-14,390,-1068,1198,-1208,3398,383,79,715,-958,2139,12,11,-84,81,7,96,-25,13,-2,3,-19,12,-8,0,-10,5,-50,-6,-74,-1,-23,41,21,134,53,89,71,58,3,34,-54,1,-14,54,-49,14,-12,58,-201,46,-139,79,-20,3,-33,17,1,19,25,59,73,6,28,84,-30,173,-50,-30,-89,-7,254,215,73,36,-21,275,-120,41,-37,60,-73,47,-68,-40,-178,-48,-302,-58,-87,-56,-71,61,-67,4,-28,14,-34,-11,-7,1,-9,-6,-19,-6,-121,-78,-34,-118,48,-22,-49,-38,23,-205,-206,41,3,143,-142,-3,36,50,28,497,-134,54,1,219,42,96,-7,147,199,134,-3,85,31,65,150,58,46,-18,71,29,-8,180,41,307,-154,63,-207,-9,-36,82,-194,-2,-90,31,17,67,48,3,41,58,-23,78,210,-28,17,90,149,47,-569,1270,-923,-653,-1010,-714,-473,-3015,-2,-12,-8,-50]]]
1258290	r	76.4068,14.3476,77.2338,14.9224	[[[764068,147000,9,-282,6,-57,1625,-743,17,22,15,87,111,147,158,34,-3,49,-46,49,68,32,93,146,-148,50,7,159,126,-6,-23,189,91,49,67,99,62,-16,58,35,14,56,73,31,1,36,63,87,-41,55,44,65,-19,15,13,136,-21,39,66,14,24,71,24,8,-4,61,71,36,4,72,56,58,-54,55,73,3,80,145,218,93,136,3,160,-47,75,48,-11,77,-240,73,-49,40,33,147,-14,130,-161,232,-196,-10,1,227,-5,-155,-34,26,-79,-25,-179,21,-105,-40,-47,-92,-383,-18,-21,-176,-58,-52,-169,68,-50,147,-233,12,-32,-54,-82,-4,31,-38,-99,-24,-58,36,-182,-47,-2,-54,-37,-21,-97,7,-41,-22,-67,90,2,127,-30,5,-64,-45,-7,-8,-1,2,-277,-194,-71,-184,-84,-270,-66,-275,-47,-279,-29,-281,-9,-282]],[[767650,146020,151,-89,2,39,17,-5,5,-126,88,-296,119,-127,33,-105,129,-11,40,-34,78,41,44,-96,72,-22,130,-95,122,-354,164,29,18,67,145,57,255,12,486,-52,6,-75,-40,-101,-115,-172,-140,20,-12,-17,26,-309,1582,-723,143,100,224,179,212,193,198,206,184,219,169,229,48,74,29,982,76,2479,-723,681,-2940,406,-37,-269,-164,4,-19,-63,-1,-24,72,-3,13,-178,32,1,-35,-265,-116,-59,35,-27,6,-120,85,-43,-3,-80,-170,12,-6,-198,-38,-6,-5,24,-133,2,13,-41,-41,-14,-239,-11,-46,12,14,-11,-4,-3,-4,0,-14,7,-30,4,-17,-14,66,-128,2,-37,2,-5,13,-114,58,-91,72,-61,-166,-328,-7,-52,0,-18,-7,-72,-103,-145,-30,-431,-73,-359]]]
1258352	r	79.0728,25.2448,80.0072,25.9117	[[[790728,255396,295,-1952,185,-270,206,-261,224,-248,224,-217,1584,41,1,11,62,139,-75,51,-82,8,-56,-122,-131,-16,-61,39,-70,97,-5,47,-91,93,-37,-32,-8,-76,-66,-106,-74,11,-18,-27,-40,27,-67,101,47,112,24,237,90,157,161,-10,42,58,7,88,85,-36,181,12,126,-60,30,-2,23,33,78,-24,-52,-79,-23,10,-34,-41,-16,-76,23,-8,-6,-29,52,-25,-56,-56,-49,-114,158,-48,64,9,-30,-183,76,-42,69,-17,41,125,-66,87,13,113,189,-67,-9,-43,24,-19,56,32,130,-89,-8,-158,20,-20,171,-26,116,14,179,141,69,21,-37,87,26,27,53,-28,7,36,121,-49,-8,-54,34,-45,126,-16,-14,-48,-167,30,-7,-41,-132,37,-4,-84,-30,-44,578,15,4335,3888,1,5,6,1,198,178,363,2172,-86,109,-209,230,-5520,-1437,-51,44,-73,32,3,92,-36,60,-46,14,-56,-3,24,-38,-3,-20,-81,-110,-44,-26,-107,26,-72,4,-47,-9,-81,-32,-4,-35,7,-16,11,-6,113,-7,38,-24,23,-41,3,-19,-2,-11,-877,-228,-2171,-1931]]]
13353585	p	1265873
1253080	p	1261473
1276977	r	85.4382,25.2868,85.8224,25.7063	[[[854382,255326,61,-142,71,-3,-44,-61,30,-70,170,-52,52,-39,207,-21,48,-81,74,-23,16,104,70,94,72,-33,78,41,173,-1,-15,-194,368,12,183,35,185,-37,23,-39,-45,16,-203,-90,271,-66,-23,-43,307,-26,-99,-5,-44,14,-3,-81,11,-4,5,-20,89,-3,44,-36,68,-1,0,-58,-34,-2,-23,-16,2,-75,-55,-42,-2,-51,17,-22,2,-15,32,-2,7,33,17,23,95,1,14,-13,3,-16,-16,-63,21,-68,52,-16,15,-16,9,-33,-12,-20,-17,-4,-22,6,-7,39,-4,8,-10,0,-12,-20,-41,-30,-17,-52,8,-14,24,-3,44,10,59,25,4,-37,15,-5,11,16,1,15,10,9,12,-4,25,-33,3,-20,-12,-102,-30,-12,8,-24,67,-20,47,3,32,14,34,24,14,20,17,50,199,-7,42,-13,24,-39,26,-25,24,-7,28,18,13,16,-8,14,5,9,23,6,30,49,41,39,-3,19,-23,35,-31,-3,-38,26,25,61,-13,37,9,16,60,38,67,1,10,16,11,96,11,21,63,4,59,21,14,16,41,5,-1,16,-12,7,-1,33,-14,13,-47,-13,-8,7,-58,4,-5,32,10,10,46,19,19,14,2,14,-7,6,-40,-6,-6,21,12,18,0,46,12,16,0,11,-24,3,-42,-15,-24,14,-9,-37,-44,-6,-9,-12,-12,29,22,46,-18,27,-6,25,-30,0,-14,12,-8,50,7,46,-10,29,-44,20,-7,22,0,30,6,24,21,19,76,24,41,22,5,107,-57,4,-36,15,-24,-10,-26,6,-12,33,-39,42,-28,-22,-11,-1,32,44,37,25,142,135,179,85,183,51,276,-39,131,-83,-61,1226,-2981,477,-800,-1737],[856506,254874,24,-72,7,-72,-31,144],[856526,254952,16,32,-1,-63,-15,31],[856949,254845,25,62,-4,-24,-21,-38],[857131,255105,39,88,1,-16,-40,-72],[857169,255201,10,13,25,55,0,-25,-35,-43]],[[854787,254381,102,-238,1414,-833,77,1,48,28,28,-13,12,61,-2,34,-53,5,-14,102,-47,1,-15,-37,-28,2,58,122,-118,52,10,124,-211,23,-58,73,-36,-9,-27,-93,-32,43,-24,-27,-44,111,-31,28,-65,7,33,12,13,62,-17,197,-50,-29,-71,21,-60,-78,-17,17,33,58,-24,34,-56,-21,-32,-45,-40,37,-40,-16,-45,28,-26,-39,-37,-5,-11,19,36,42,-74,23,-62,-41,-149,68,-15,-37,-49,0,-74,43,30,88,-34,11,-12,53,-85,-22,7,-23,31,5,-6,-45,-41,16]],[[856544,253299,42,-40,-13,-108,479,-283,498,166,44,99,-67,19,-12,26,-105,17,-11,131,-93,7,-10,145,-90,-18,26,54,-38,24,2,78,-78,10,-12,-105,-68,68,-26,-94,-146,29,-11,-89,-171,5,-14,-73,-29,4,-30,-42,-54,4,-13,-34]]]
1256750	n	74.2334,21.3242,74.7115,21.7761	[[[742334,215949,379,-420,62,16,-4,72,215,75,51,-49,-5,-112,194,-24,80,17,8,-84,-47,-20,43,-24,-1,-37,-56,0,-38,-69,2,-93,-8,-202,-15,-1,1580,-1752,23,1,-27,252,130,6,18,210,141,133,23,49,-63,47,-87,-20,10,39,47,28,26,163,-51,110,197,38,172,-27,206,-100,172,-143,65,12,99,88,88,34,208,-28,164,-109,72,-3,86,21,577,1026,33,209,12,222,-12,222,-35,219,-57,215,-64,166,-15,6,-57,-12,-35,79,-85,52,20,7,-126,19,-8,52,-417,43,-49,37,-354,45,18,83,-40,100,-257,-19,0,43,34,17,-27,35,26,134,-101,153,-142,-27,-193,17,-83,77,55,90,9,99,-30,48,41,66,-15,32,24,59,-57,73,-146,20,-237,11,-237,-11,-234,-32,-230,-54,-223,-75,-214,-95,-203,-114,-191,-132,-175,-149,-159,-165,-142,-178,-121,-190,-102,-201,-80,-209,-55,-207]]]
1273751	r	78.0397,25.6675,78.6201,26.1352	[[[780397,258900,6,-172,19,-171,31,-170,43,-167,55,-165,67,-161,79,-157,89,-152,100,-146,111,-140,121,-133,129,-125,139,-118,147,-109,154,-100,70,-39,4444,2279,-4,118,-19,171,-31,170,-43,167,-55,165,-67,161,-79,157,-89,152,-100,146,-111,140,-121,133,-129,125,-139,118,-147,109,-154,100,-162,91,-167,81,-173,71,-69,23,-3761,-1536,-30,-71,-55,-165,-43,-167,-31,-170,-19,-171,-6,-172]]]
1253944	n	77.081,10.3638,77.4161,10.8034	[[[770810,104791,1061,-1063,183,-46,222,-32,224,-11,224,11,219,32,250,419,-7,29,7,24,-3,25,44,88,-21,39,0,18,24,13,27,-1,4,24,-16,43,3,21,-8,42,-5,11,0,14,34,26,3,1,43,31,29,9,15,-5,4,1,2,-3,11,-4,10,-17,32,16,13,-3,11,-7,0,-7,426,712,-97,9,-3,36,-39,12,-17,31,-14,29,-20,74,-4,47,17,53,44,53,25,44,0,1,1,2,17,106,47,84,-3,76,30,11,13,-5,9,57,18,9,25,-3,36,5,-11,60,-5,4,3,9,-1,5,5,6,2,5,62,64,31,0,6,16,16,10,18,20,45,0,30,56,-69,112,-83,88,-39,109,-2,3,-314,0,-38,209,-82,168,-82,6,-252,-56,-62,628,-120,17,84,101,-122,29,-45,39,46,110,-218,42,-230,-66,-228,7,-162,85,-35,42,46,134,-210,-14,-56,-19,-455,-1356,11,-43,68,-59,15,-50,290,-70,-6,-39,-59,-114,-51,-303,-44,-97,-70,-18,-11,-24,-84,-5,-329,20,-353,-1052]]]
1254420	n	76.3606,13.0688,76.7107,13.4861	[[[763606,132491,14,-1,25,-150,154,-25,1,-90,-36,-67,-65,-36,9,-118,230,-25,5,-74,181,13,23,-47,109,-37,33,-104,161,-32,1,-52,62,-53,2,-38,27,0,8,-56,182,0,-37,-100,-9,-197,36,-270,86,-19,139,33,10,-79,181,-172,20,-7,61,47,9,53,49,2,389,-34,191,-52,67,44,69,-5,66,-37,23,14,182,132,168,149,152,165,134,178,117,190,97,201,76,209,55,215,33,219,11,222,-11,222,-33,219,-55,215,-76,209,-97,201,-117,190,-134,178,-152,165,-168,149,-182,132,-194,114,-205,95,-213,75,-220,54,-224,32,-226,11,-226,-11,-224,-32,-144,-36,-66,-250,57,-48,-102,-125,-489,-1868]]]
1257800	r	78.3652,27.8666,78.9542,28.2789	[[[783652,281342,7,2,28,-38,19,-38,-27,-64,60,-81,-26,-36,37,-114,86,80,40,-4,75,-59,-15,-32,54,-26,-13,-16,34,-43,57,22,55,-62,121,102,52,-58,150,-60,349,319,52,-59,56,14,4,-36,249,-193,-85,-70,154,-116,-28,-80,13,-33,105,-62,-5,-61,153,71,119,137,70,-30,138,20,38,-29,-42,-48,-22,-14,2,-7,-35,-42,67,-15,23,4,88,-72,137,-34,0,-1,-132,-36,-9,-1,-15,-6,65,-6,44,-65,42,-42,36,-43,21,13,74,-34,64,87,45,32,78,-93,91,-7,72,-41,-17,-15,48,1,-19,20,121,18,7,-4,-12,-8,-51,-18,-9,-26,-55,-27,65,-50,2,-2,100,-26,138,-5,39,-12,56,-5,11,-1,23,-11,67,-34,15,-88,38,-35,27,-43,8,-6,41,-4,0,-14,14,-7,-6,-13,9,-10,-8,-19,21,-12,28,-46,17,-1,72,-31,36,21,68,-69,38,21,41,-6,27,-21,52,-65,83,146,99,-23,20,-19,-1,-36,95,-36,7,17,112,-24,41,46,41,71,31,35,43,77,22,59,69,41,21,62,41,-8,16,-12,28,4,64,58,13,40,-19,38,-2,26,48,35,132,-71,109,-6,42,19,12,15,-19,33,20,34,77,40,88,13,192,-54,18,3,119,60,118,-82,52,25,13,29,-13,24,2,24,23,17,24,6,53,27,34,40,-2,31,-78,49,-4,21,-23,-11,-49,23,132,1458,-355,647,-2245,154,-45,36,-38,47,-68,-43,-58,51,-109,-69,-48,3,-8,12,-4,19,-26,-9,-25,-17,-1591,109,-441,-133,-805,-1314]],[[788291,278980,1,-11,73,-25,41,24,14,17,21,-28,76,-56,-2,-7,685,-228,4,85,-101,89,-227,320,-188,-63,-65,26,-74,46,-60,82,26,-42,-71,-52,-25,-49,-86,-75,-42,-53]]]
1252956	n	77.8491,16.1439,78.3041,16.5792	[[[778491,164439,1767,-2959,213,-30,229,-11,229,11,228,32,222,54,217,75,207,95,197,114,185,132,170,149,154,165,137,178,118,190,98,201,78,209,56,215,33,219,12,222,-12,222,-33,219,-56,215,-78,209,-98,201,-118,190,-137,178,-154,165,-170,149,-185,132,-197,114,-207,95,-8,3,-2520,-473,-23,-20,-154,-165,-137,-178,-118,-190,-98,-201,-47,-126]]]
1256087	p	1267016
1277022	p	1255364
1262852	p	1276609
1278466	n	87.5361,22.7293,88.0238,23.0924	[[[875362,228800,12,-222,35,-219,58,-215,14,-35,1598,-316,-12,73,30,-14,50,17,26,-2,1,14,8,5,51,-6,24,4,11,-16,0,-74,-14,-22,1,-14,20,-4,9,2,51,-7,2,9,-6,5,5,9,61,11,1,-35,-7,-17,4,0,11,6,12,-11,2195,-432,71,72,143,178,123,190,102,201,81,209,58,215,35,219,12,222,-12,222,-35,219,-58,215,-81,209,-102,201,-123,190,-143,178,-160,165,-91,76,-2460,449,-106,-35,-216,-95,-205,-114,-192,-132,-178,-149,-160,-165,-143,-178,-123,-190,-102,-201,-81,-209,-58,-215,-35,-219,-12,-222]]]
1259400	p	1264527
1267267	n	85.3584,21.4039,85.8416,21.8561	[[[853584,216300,12,-222,35,-219,57,-215,80,-209,101,-201,122,-190,141,-178,160,-165,175,-149,191,-132,203,-114,214,-95,224,-75,230,-54,234,-32,237,-11,237,11,234,32,230,54,224,75,214,95,203,114,191,132,175,149,160,165,141,178,122,190,101,201,80,209,57,215,35,219,12,222,-12,222,-35,219,-57,215,-80,209,-101,201,-122,190,-141,178,-160,165,-175,149,-191,132,-203,114,-214,95,-224,75,-230,54,-234,32,-237,11,-237,-11,-234,-32,-230,-54,-224,-75,-214,-95,-203,-114,-191,-132,-175,-149,-160,-165,-141,-178,-122,-190,-101,-201,-80,-209,-57,-215,-35,-219,-12,-222]]]
12503616	n	78.9581,19.9137,79.3372,20.3261	[[[789581,202746,581,-1614,30,-19,156,-178,43,-28,69,-25,17,-17,4,-41,-7,-24,-25,-37,-10,-30,3,-28,7,-12,54,-26,67,-9,50,15,21,22,21,2,38,-22,24,-29,-4,-107,62,-78,21,-57,8,-56,-8,-64,6,-19,28,-37,73,-54,56,-2,98,-56,13,-16,20,-97,27,-79,-5,-17,-16,-16,-17,-1,-38,13,-39,-1,-37,-21,-60,-50,-4,-43,35,-3,72,-20,42,-20,20,-19,9,-24,-6,-37,-46,-73,-123,-79,-18,-35,10,-55,-13,-81,-2,-76,29,-90,25,-12,33,12,34,-2,29,-37,2333,2565,-62,163,-100,201,-121,190,-139,178,-158,165,-174,149,-188,132,-202,114,-212,95,-221,75,-227,54,-233,32,-234,11,-234,-11,-233,-32,-227,-54,-221,-75,-212,-95,-202,-114,-188,-132,-2,-2]]]
1260448	p	1261473
1269784	n	75.8764,15.8592,76.329,16.1861	[[[758764,159600,11,-222,11,-65,129,-150,113,19,-11,53,123,-111,131,-174,-12,-84,28,-41,-4,-69,132,-11,29,-76,190,-14,29,-63,64,19,63,122,-37,234,14,37,-26,221,26,74,10,216,-34,9,15,91,-21,254,134,90,26,34,-1,59,225,-31,56,13,39,58,305,-59,3,25,42,-2,0,62,222,-10,57,-139,-119,-317,-99,-497,-45,-81,124,-47,306,-21,18,-67,142,-76,82,74,198,16,88,195,65,64,115,35,3,69,177,1,97,34,7,87,262,-29,33,-177,270,-4,4,-74,41,-6,7,-81,95,-17,44,55,16,-11,-15,-56,92,-11,0,263,165,16,5,-70,97,-10,12,68,153,29,5,25,-63,212,-133,12,-80,180,-34,143,-1,96,140,10,-5,128,-60,124,-25,129,30,252,-27,101,-195,18,-249,-13,-16,144,9,21,357,-21,67,-45,56,-12,-19,29,-136,178,-21,23,-3,1,-204,39,-60,-129,-63,3,-30,80,17,51,-101,35,24,144,-123,26,23,192,-164,95,-207,95,-216,75,-222,54,-78,11,-40,-13,-78,5,-54,30,-206,10,-229,-11,-227,-32,-222,-54,-216,-75,-207,-95,-197,-114,-184,-132,-170,-149,-154,-165,-136,-178,-118,-190,-98,-201,-77,-209,-56,-215,-34,-219,-11,-222]]]
1266509	n	78.1039,29.4183,78.3322,29.6861	[[[781039,296389,30,-54,75,-92,-8,-34,4,-31,35,-20,3,-11,-9,-40,12,-12,22,-8,108,-28,125,-72,11,-17,-5,-10,-44,-26,-6,-14,5,-14,88,-59,30,-2,8,-32,14,-6,10,12,15,-9,6,-30,-10,-8,-5,-20,17,-10,-29,-29,-4,-23,15,-27,-3,-31,15,-22,31,-22,4,-12,-26,-68,53,-47,130,-57,22,-64,-2,-14,-52,-48,6,-32,19,-3,-3,-15,-7,-9,-46,-9,-59,-30,-16,-61,-29,-20,0,-66,11,-16,4,-4,26,-43,139,-88,58,-28,60,-16,10,-9,-18,-26,-30,-21,1,-31,38,-39,57,-32,0,-30,-9,-23,7,-15,76,-81,-2,-12,-57,-65,3,-12,13,-8,33,7,39,-27,13,13,21,-22,18,5,16,-5,21,-22,7,-27,91,-24,53,-42,15,-1,49,47,63,-8,22,-22,102,-3,23,-31,15,-39,29,-12,25,-37,20,-1,44,40,31,40,12,3,25,-13,35,-37,13,-6,22,0,9,31,33,7,33,21,28,40,-12,21,9,17,79,80,65,20,61,44,4,8,-23,39,2,14,21,16,22,10,26,3,132,374,-1690,1906,-19,-18,-32,-29,-33,-26,-3,-2,-136,-105,-94,-82,-21,-62,-37,-22,-94,-13,-107,-71,-17,-42]]]
1253079	p	1263364
1266385	p	12501153
1261553	p	1254163
1277322	p	1257804
1261754	r	78.8567,22.6503,79.5033,23.2497	[[[788567,229500,7,-196,20,-195,35,-194,48,-191,61,-188,75,-183,87,-179,100,-173,112,-166,123,-160,134,-151,145,-144,154,-134,164,-124,172,-114,179,-104,187,-92,193,-81,198,-69,202,-57,206,-45,209,-32,211,-19,211,-6,211,6,211,19,209,32,206,45,202,57,198,69,193,81,187,92,179,104,172,114,164,124,154,134,145,144,134,151,123,160,112,166,100,173,87,179,75,183,61,188,48,191,35,194,20,195,7,196,-7,196,-20,195,-35,194,-48,191,-61,188,-75,183,-87,179,-100,173,-112,166,-123,160,-134,151,-145,144,-154,134,-164,124,-172,114,-179,104,-187,92,-193,81,-198,69,-202,57,-206,45,-209,32,-211,19,-211,6,-211,-6,-211,-19,-209,-32,-206,-45,-202,-57,-198,-69,-193,-81,-187,-92,-179,-104,-172,-114,-164,-124,-154,-134,-145,-144,-134,-151,-123,-160,-112,-166,-100,-173,-87,-179,-75,-183,-61,-188,-48,-191,-35,-194,-20,-195,-7,-196]]]
7302844	p	1270668
1267486	p	1260137
1261181	r	93.7142,26.9531,94.5043,27.7275	[[[937142,275877,2089,-6346,1390,257,41,-48,39,-106,69,-25,66,2,124,84,60,24,265,-23,54,32,0,52,-37,101,61,44,1927,355,1753,3289,-1035,2911,-230,128,-320,154,-331,134,-341,115,-348,94,-354,74,-359,53,-362,32,-363,11,-363,-11,-362,-32,-359,-53,-354,-74,-348,-94,-341,-115,-331,-134,-320,-154,-309,-172,-296,-189,-281,-207,-194,-163]]]
1263427	p	1260086
1466012	p	1264527
1256620	r	76.4796,20.5384,76.9028,21.1871	[[[764797,209690,550,-775,-17,2,-5,-16,23,-7,-6,-23,9,-12,36,-19,6,-37,10,-22,38,-3,3,-16,15,-4,5,-6,1,-7,19,-16,-27,-20,5,-17,-67,-4,-28,5,-8,-63,11,-18,17,-6,22,-51,-8,-30,-10,-12,5,-20,-22,-28,0,-7,17,-6,9,-45,-13,-32,-33,-29,-12,-21,1,-17,13,-19,-19,-8,-4,-9,7,-13,15,3,-5,-54,37,-28,17,-45,-6,-9,63,-57,9,-18,0,-18,-17,9,-35,1,-1,-9,-29,-4,-12,-28,-15,6,-10,-28,14,-9,-7,-27,-19,-55,-6,0,-14,-33,1,-97,-10,-133,-12,-6,0,-7,176,-5,-1,-31,123,-5,139,11,114,-18,6,30,99,53,188,-32,-1,-124,-8,-73,-9,1,-10,-59,14,-48,-172,-16,-4,-20,-165,39,-30,-33,-41,-63,70,-10,68,-19,84,-12,26,-115,83,22,8,46,75,21,28,120,284,-11,20,-43,6,-37,-6,-87,83,5,2,-62,-11,-35,185,-64,32,-5,-16,-92,0,-47,5,-1,2,-22,79,-14,106,-32,148,-24,-26,-71,-12,-65,85,-22,48,-4,403,13,28,-64,-33,-26,-69,-162,205,-36,-96,-237,200,17,75,-80,-14,-81,-98,-12,-81,-115,141,-34,-81,-200,98,-139,1178,3836,-2630,2651,-1340,-1051,-261,-1130]]]
7279752	p	1275841
1260959	r	75.0498,20.366,75.7543,20.9239	[[[750498,207494,1225,-1670,-4,-10,0,-42,18,-48,-1,-21,-18,-10,-23,1,-58,14,-123,-58,-21,17,-54,-46,-61,-19,-24,-17,-2,-23,9,-30,51,-31,-1,-20,-14,-29,-12,-9,11,-10,-3,-137,-19,-10,-52,1,-18,-37,-5,-37,10,-35,56,-14,58,-24,26,5,104,-11,-34,-32,-15,-30,-9,-28,-1,-29,-35,-82,2,-174,119,-33,9,25,18,16,116,1,24,-5,30,-17,74,-14,11,1,17,22,109,3,-1,14,-17,28,3,108,6,10,9,1,99,1,-20,51,-15,20,89,-5,33,-17,4,-11,63,-17,24,4,-35,57,11,115,1068,-1457,799,562,-206,151,20,222,54,165,23,-14,45,26,6,-38,247,146,91,32,18,-20,220,156,231,43,31,-47,127,-4,-6,-15,170,-25,158,131,34,81,106,58,41,-55,192,134,1,12,82,141,-16,12,25,69,-30,46,54,123,55,-13,24,-121,-33,-42,-51,11,-1,-32,96,20,36,-27,51,8,1540,1084,-15,16,-2188,1266,10,-76,-23,-10,-13,-1,-121,-8,-72,16,-70,61,-13,33,-86,93,-191,81,-50,9,-78,-14,-28,8,-11,17,-4,39,-108,2,0,19,23,29,-1,34,-64,8,-99,27,-5,27,22,37,-9,24,-22,11,8,36,0,70,4,7,-1276,738,-2565,-1745]]]
1270947	r	77.1052,11.2653,77.5837,11.8408	[[[771052,116100,981,-2660,46,4,29,49,78,29,149,-2,9,-35,-124,-73,122,-94,7,-81,42,-8,-3,8,66,14,25,43,30,2,27,-75,-13,-19,109,-23,183,165,69,8,0,77,45,-104,-46,-101,-7,-94,558,-114,-2,4,-66,15,-29,40,3,98,317,-1,-22,245,143,-25,84,-159,172,-85,170,-36,29,15,22,73,166,-104,43,41,52,-45,6,76,58,-59,38,-99,-33,-9,-14,-44,15,-73,50,-26,47,-97,525,-108,506,1063,123,2878,-313,296,-1603,1518,-29,-3,-251,-41,-248,-57,-3,-1,-2338,-2206]]]
1271644	n	77.0584,29.6435,77.4783,29.963	[[[770584,299013,362,-977,80,21,32,-6,58,-40,35,-6,47,-20,16,1,67,35,37,2,37,-8,25,-11,38,-37,19,-32,17,-9,74,3,23,-5,15,-12,-55,-42,-37,-83,3,-30,-100,-56,-131,-18,-40,-119,53,-68,88,-48,12,-85,-23,-97,8,-69,87,-60,23,-25,22,-3,68,-89,20,-75,-5,-10,-32,-16,-29,-35,61,-9,28,5,1,20,14,22,109,-46,27,-20,137,-28,36,7,61,-21,14,6,31,-16,14,21,-5,27,9,14,59,4,23,19,30,8,39,29,28,47,49,-26,37,-38,1,-17,10,-7,14,0,53,-27,66,-49,26,-11,5,-10,13,-4,17,-33,30,-21,19,0,27,18,48,-24,19,-1,44,-25,8,-23,15,-16,19,-11,20,-2,24,4,-7,8,9,2,2,10,12,-6,-2,12,20,9,0,7,-14,-1,-4,6,23,32,16,1,17,20,29,-35,6,15,7,-3,8,-19,27,12,28,-14,21,13,50,-31,-13,-25,27,-15,-5,-13,19,-22,22,-10,1,-9,48,-22,70,-12,54,-28,27,-7,52,-51,12,0,-1,-13,29,-26,83,88,87,-57,13,13,-1,32,19,25,33,-18,2,-10,23,10,27,27,104,-31,11,-14,18,-1,20,-17,38,-18,49,3,69,73,21,-1,23,22,6,-10,13,-3,20,-19,21,0,40,24,39,42,79,-58,48,-18,48,-50,17,23,-6,28,32,44,25,60,-11,4,18,70,23,0,38,12,33,25,18,1,39,-33,236,1076,-1308,1733,-1108,55,-15,-10,-59,-161,-203,-45,-115,38,-17,-12,-138,89,72,81,-62,28,6,18,-751,37,-126,-82,-171,-136,-204,-399]]]
1269655	n	93.3576,26.8639,93.8623,27.3161	[[[933577,270900,13,-222,36,-219,60,-215,83,-209,106,-201,128,-190,147,-178,166,-165,184,-149,199,-132,212,-114,224,-95,233,-75,240,-54,245,-32,247,-11,247,11,245,32,240,54,233,75,224,95,212,114,199,132,184,149,166,165,147,178,128,190,106,201,83,209,60,215,36,219,13,222,-13,222,-36,219,-60,215,-83,209,-106,201,-128,190,-147,178,-166,165,-184,149,-199,132,-212,114,-224,95,-233,75,-240,54,-245,32,-247,11,-247,-11,-245,-32,-240,-54,-233,-75,-224,-95,-212,-114,-199,-132,-184,-149,-166,-165,-147,-178,-128,-190,-106,-201,-83,-209,-60,-215,-36,-219,-13,-222]]]
10265191	p	1273294
1261852	n	81.5183,16.3122,81.9207,16.5019	[[[815183,163547,177,-47,131,24,-89,213,168,-7,122,-54,47,-93,-58,-119,169,-43,359,-26,155,-68,199,46,206,-99,192,-125,155,-27,60,0,454,104,202,160,785,368,188,63,194,41,208,13,-188,338,-2800,810,-240,-340,10,-100,-57,17,-15,-5,-59,-85,9,-1,0,-25,-10,-19,-9,-68,-46,-67,0,-32,-67,-40,-55,-1,-497,-706]]]
1272722	r	77.5389,15.0914,78.2118,15.67	[[[775389,154330,1698,-3416,5031,1274,-550,3235,-3808,1277,-2164,-1928,-207,-442]]]
1258868	n	75.1341,28.4139,75.6284,28.8661	[[[751341,286400,12,-222,37,-219,61,-215,85,-209,107,-201,129,-190,150,-178,169,-165,186,-149,98,-64,130,56,116,-134,157,8,84,-182,59,-25,236,-75,244,-54,248,-32,251,-11,251,11,248,32,244,54,236,75,227,95,216,114,201,132,186,149,169,165,150,178,129,190,107,201,20,49,-24,61,-21,325,-35,56,-287,20,-38,29,-9,53,-255,3,-5,221,-66,77,-61,-6,-31,169,-29,10,24,220,-45,98,-19,166,26,134,-96,161,85,100,-80,-12,-80,112,-17,95,-52,20,14,35,-45,14,-27,57,-71,19,28,85,42,18,-23,78,99,129,14,201,-40,8,0,25,-29,16,-53,-1,-9,30,-190,79,-236,75,-244,54,-248,32,-251,11,-251,-11,-248,-32,-244,-54,-236,-75,-227,-95,-216,-114,-201,-132,-186,-149,-169,-165,-150,-178,-129,-190,-107,-201,-85,-209,-61,-215,-37,-219,-12,-222]]]
1253888	p	1263780
1260454	r	79.9196,24.4708,80.4625,24.9692	[[[799196,246894,2,-19,29,-161,41,-159,52,-156,62,-153,74,-148,84,-144,94,-138,104,-133,113,-126,122,-119,130,-112,138,-103,145,-95,152,-86,157,-77,162,-67,167,-58,171,-47,173,-37,176,-27,178,-16,178,-5,178,5,178,16,176,27,173,37,171,47,167,58,162,67,157,77,152,86,145,95,138,103,130,112,122,119,113,126,104,133,94,138,84,144,74,148,62,153,52,156,41,159,29,161,17,162,6,163,-6,163,-17,162,-29,161,-41,159,-52,156,-62,153,-74,148,-84,144,-94,138,-104,133,-113,126,-122,119,-130,112,-138,103,-145,95,-152,86,-157,77,-162,67,-167,58,-171,47,-173,37,-176,27,-178,16,-178,5,-24,-1,-224,-70,-81,-52,-73,-223,-187,-22,-197,66,-488,12,-88,-44,-62,-35,-43,-65,-98,-34,17,-85,-17,-69,94,-76,61,-101,108,-272,275,-179,36,-82,-5,-102,-78,-187,-124,-184,-170,-166,-382,-247,-92,-137,-133,-94,-66,-139,19,-69,-32,-128,-37,-63,-102,-78,-81,-160,-90,-75,-166,82,-88,135,-17,116,-69,30]]]
1271049	r	80.1238,27.7329,80.8457,28.5941	[[[801238,281409,1415,-3440,613,-640,1952,684,247,512,0,38,-162,75,17,145,-229,22,-43,58,-10,159,49,87,79,35,-23,72,128,71,22,49,76,-21,44,38,2,107,-59,13,-29,33,40,61,60,-38,69,3,28,58,-4,18,7,20,-15,15,-4,20,-84,75,7,69,-162,-4,-193,129,-48,12,-32,18,3,287,-46,42,29,54,-83,33,-98,163,99,26,96,-17,65,53,50,-2,114,-119,69,-18,74,101,-126,147,40,59,97,34,-28,122,52,29,185,-28,85,-89,132,-31,110,27,47,-22,66,55,44,-15,56,-110,110,11,8,56,-53,83,-2,80,132,2,-49,61,7,31,144,116,31,54,-25,34,72,83,23,127,64,6,42,119,115,101,83,-116,58,-20,11,-29,-20,-21,-3,-174,160,-85,-27,-61,50,-42,145,-57,62,138,148,87,118,186,-3,51,-99,43,2,118,-109,13,-19,30,45,42,82,2,48,-31,29,22,22,46,-87,40,-34,86,-118,48,46,376,1059,2193,61,125,-229,167,-308,196,-322,178,-335,159,-345,139,-355,118,-363,98,-369,77,-375,55,-377,33,-170,4,25,-185,-49,-132,-197,94,-209,223,-158,-4,-377,-33,-375,-55,-56,-12,-37,-39,-1027,-1086,-1211,-3303]]]
1271083	r	78.2146,26.1629,78.7036,26.6973	[[[782147,264359,2329,-2730,118,4,193,17,191,28,189,40,186,51,182,61,176,73,172,82,164,92,158,102,150,111,142,120,132,127,123,136,113,142,103,148,68,115,-18,38,-1719,3730,-132,36,-189,40,-191,28,-193,17,-194,6,-194,-6,-193,-17,-191,-28,-189,-40,-186,-51,-182,-61,-176,-73,-172,-82,-164,-92,-158,-102,-82,-61,-14,-77,-352,-1924]]]
1252960	r	78.4845,19.6452,79.149,20.3096	[[[784845,201039,4899,-4587,789,1369,115,350,55,1,132,105,44,73,10,63,23,45,28,-28,48,7,65,21,47,27,18,19,55,93,33,32,106,35,15,12,16,20,34,82,29,24,51,67,33,87,-6,14,-103,18,-161,49,-114,24,-24,19,-73,94,-34,2,-33,-12,-25,12,-29,90,2,76,13,81,-10,55,18,35,123,79,46,73,6,37,-9,24,-20,19,-42,20,-72,20,-35,3,4,43,60,50,37,21,39,1,38,-13,17,1,16,16,5,17,-27,79,-20,97,-13,16,-98,56,-56,2,-73,54,-28,37,-6,19,8,64,-8,56,-21,57,-62,78,4,107,-24,29,-38,22,-21,-2,-21,-22,-50,-15,-67,9,-54,26,-7,12,-3,28,10,30,25,37,7,24,-4,41,-17,17,-69,25,-43,28,-156,178,-30,19,-707,1964,-3991,-762,-619,-1295]]]
1254589	r	79.4808,10.4301,79.7439,10.9388	[[[794808,108259,944,-1557,6,1,-1,-10,41,-66,51,-21,5,-16,0,-57,7,-11,10,-11,84,-4,12,-11,-3,-64,40,-7,19,-35,36,-5,33,-38,-4,-77,17,-36,-14,-27,-34,-9,1150,-1896,220,3819,-8,2,-2,-19,-46,-23,-32,6,-7,-7,-8,-47,-12,13,0,50,-40,-5,-20,-33,-10,0,-13,15,11,25,30,35,-4,102,14,53,-103,-3,-39,12,-42,-13,-3,-26,-12,-7,-25,6,-8,-8,-18,0,-64,62,-77,-24,-8,8,-26,-2,3,-126,-70,-3,-24,26,-16,4,-22,-2,-31,-18,-32,13,-31,-13,-46,5,-3,-93,-6,-20,-11,-11,-27,9,-4,10,-29,15,-92,71,-52,3,-53,-9,2,72,26,12,38,5,16,8,24,0,16,-23,25,-1,40,18,31,2,4,47,-47,3,-12,-19,5,73,43,5,21,11,-4,68,-22,49,-8,37,-36,10,-39,-3,-3,38,65,3,9,11,9,78,-4,30,-50,19,-3,19,7,18,76,0,10,13,1,18,-25,0,-5,9,-5,40,3,42,47,-2,-9,71,53,32,34,12,24,27,4,13,-9,63,12,6,0,62,23,8,2,9,-165,181,-738,39,-987,-1128]],[[797369,108310,27,-13,-15,-6,-5,-37,13,-1,27,-28,14,0,3,5,0,1,6,96,-70,-17]]]
1253736	n	70.042,21.5467,70.3792,21.9661	[[[700420,217787,90,-40,34,-142,83,-34,35,-45,44,-136,78,-61,53,36,54,-339,165,36,123,2,48,-23,-6,-35,71,-61,126,-64,105,-355,-110,-88,-141,-10,59,-210,24,-42,36,-54,65,-23,199,29,220,133,124,20,-1,18,174,67,111,15,76,-75,88,-174,111,-32,60,49,37,-23,0,-157,63,-215,-248,-81,57,-206,474,337,39,89,1,1,88,1,444,315,219,3249,-67,30,-223,75,-230,54,-235,32,-237,11,-237,-11,-77,-11,-11,-10,-98,-8,-5,3,-44,-6,-230,-54,-24,-9,33,-23,75,-183,-8,-286,-212,-134,-54,-14,-39,35,-105,0,10,43,-29,82,15,48,-47,189,-64,73,-5,0,-187,-105,-36,-25,-19,-112,35,-54,-41,-26,13,-159,-39,-78,-133,-39,-19,-41,65,-95,-116,-27,-7,-32,-98,-88,-104,-11,-53,-145,12,-33,109,-3,52,-31,16,-41,-30,-3,-50,-67,-43,58,-67,-41,-39,27,-56,-21,130,-165,-18,-23,-319,19,-86,-54,-57,-17,-30,-112,-9,-54]]]
1261110	r	80.4888,16.5848,81.1056,17.1826	[[[804888,169298,49,-19,18,217,36,66,67,2,203,-84,93,134,378,-196,77,-51,32,-76,65,-18,14,-39,53,6,52,-51,-154,-155,86,-62,-2,-125,-180,-56,-92,-94,28,-82,-8,-120,-74,-159,25,-62,120,-38,180,-216,175,-84,-156,-13,-103,-101,-22,12,-73,-60,-69,-95,-13,5,157,-161,2702,-1675,679,245,231,625,52,-4,87,3,60,-18,57,-31,6,59,11,30,66,11,52,16,46,30,-5,67,-54,142,-24,210,-48,-3,-86,18,-50,-69,1424,3865,-33,26,-220,152,-230,138,-240,123,-247,108,-254,92,-259,76,-264,59,-45,8,0,-44,-25,-204,-73,-38,-110,4,-136,54,-125,11,-12,-257,-104,-116,75,-118,15,-66,-29,-67,17,-25,-82,-174,83,-37,12,-44,-55,-7,-167,-243,-97,-53,-34,59,-127,68,-172,21,-185,81,-280,34,-128,51,-40,-4,-7,24,-79,11,-7,41,-24,-14,-375,47,-38,-79,-157,-25,-60,-50,-28,30,-52,-19,-118,16,-37,27,75,186,96,42,32,63,-287,148,36,75,-145,55,-113,-68,-220,-152,-210,-166,-198,-179,-185,-191,-172,-202,-158,-212,-52,-80,-114,-742]]]
1264793	n	73.3227,18.5239,73.5607,18.9507	[[[733227,185638,10,-64,97,-58,251,67,-122,-102,-2,-45,-44,-37,9,-66,32,-8,103,-5,22,-25,54,-13,231,-32,232,-11,232,11,231,32,225,54,220,75,210,95,74,42,315,3697,-2,3,-187,132,-200,114,-30,13,-1621,-2110,-27,-174,-85,-45,9,-61,-140,-109,39,-50,49,32,25,-30,54,32,48,101,39,-6,28,27,-3,-100,87,19,54,62,66,-83,5,-42,45,-30,-5,-247,35,-61,-5,-73,-284,-205,-126,-230,-39,-7,-18,-84,-75,53,-1,-117,-43,-43,10,-102,-75,-103,-7,-83]]]
1253783	n	70.7997,20.7018,71.2238,21.0461	[[[707997,208200,12,-222,34,-219,58,-215,79,-209,101,-201,72,-113,49,-2,623,36,705,41,94,6,184,120,52,144,17,50,165,29,202,-40,179,-15,103,67,107,108,122,72,146,-42,69,74,236,-12,626,294,-3,22,47,60,43,12,37,63,82,62,-30,27,5,73,-61,47,-31,86,28,101,-68,115,-33,119,-163,-4,-31,54,-63,23,-26,65,57,51,87,30,24,64,-157,169,68,71,53,-33,157,42,144,301,-262,218,-44,-35,-17,-75,-91,-32,-51,23,-43,-68,-39,18,-98,-24,-38,-50,-63,6,22,-34,-112,-16,8,40,-51,59,-73,21,-32,38,38,191,76,47,-34,35,0,41,35,123,101,143,-111,49,-222,75,-228,54,-233,32,-236,11,-236,-11,-233,-32,-228,-54,-222,-75,-214,-95,-202,-114,-189,-132,-175,-149,-158,-165,-141,-178,-121,-190,-101,-201,-79,-209,-58,-215,-34,-219,-12,-222]],[[712037,207953,154,72,-97,-15,-47,-25,-10,-32]]]
1256269	r	75.2888,20.0052,75.9705,20.6641	[[[752888,202221,3384,-2168,3433,1555,-136,1443,-20,-14,-30,-13,-23,-39,-94,27,-67,2,0,-7,-45,16,-48,107,-10,77,7,13,51,40,26,55,23,73,40,14,28,20,-2,42,12,66,1,58,-6,33,-15,7,16,14,2,48,11,-1,-769,1568,62,24,77,-53,44,56,-234,324,-99,-46,-494,1006,-470,72,-1540,-1084,-51,-8,-36,27,-96,-20,1,32,51,-11,33,42,-24,121,-55,13,-54,-123,30,-46,-25,-69,16,-12,-82,-141,-1,-12,-192,-134,-41,55,-106,-58,-34,-81,-158,-131,-170,25,6,15,-127,4,-31,47,-231,-43,-220,-156,-18,20,-91,-32,-247,-146,-6,38,-45,-26,-23,14,-54,-165,-20,-222,324,-237,-118,86,-799,-562,-421,-1439]]]
1256104	n	76.6698,13.5139,77.1313,13.9661	[[[766698,137194,1,-16,33,-219,56,-215,76,-209,97,-201,117,-190,135,-178,152,-165,168,-149,183,-132,194,-114,205,-95,214,-75,220,-54,224,-32,227,-11,227,11,224,32,109,27,736,320,171,123,168,149,152,165,135,178,117,190,97,201,76,209,56,215,33,219,11,222,-11,222,-33,219,-56,215,-76,209,-97,201,-117,190,-135,178,-152,165,-168,149,-183,132,-194,114,-205,95,-214,75,-220,54,-224,32,-227,11,-227,-11,-156,-23,-1041,-1205,47,-71,43,7,-27,-141,49,-259,-43,-138,-132,-16,-197,40,-45,83,4,42,-38,28,-60,-45,-40,-96,-54,-37,-25,-62,-78,-43,-13,-58,-27,-18,38,-34,-25,-20,3,-36,-81,-88,-31,-163,46,-23,8,-50,-48,-319,-125,156,5,126,-32,7]]]
1274237	r	75.9569,19.8493,76.7183,20.5466	[[[759569,203051,136,-1443,4947,-3115,126,45,339,145,328,165,316,186,192,130,383,1204,847,2665,-1386,1036,16,17,12,67,-14,44,-132,93,-62,120,-146,10,-61,18,8,31,-88,-9,-266,107,10,90,-55,127,36,116,-42,-10,-52,25,-14,42,-78,23,-121,-37,-246,41,-94,221,-96,-90,-13,29,-21,-25,-135,21,-52,-124,-167,-7,-134,121,-27,335,-178,-68,-84,-17,-256,8,-41,-20,-17,-68,-57,-100,9,-68,43,-33,22,-30,1,-9,-2,-2,-6,-44,-47,3,-25,-65,-90,-59,-28,-95,-91,-90,-50,7,-9,3,-231,37,-2,-16,-34,-4,-4,1,-17,-8,1,-7,-13,1,3,-108,-52,27,-8,-5,-24,6,-1,0,-42,-8,-57,12,-21,-143,-262,28,-1,-184,-2,-1,2,-21,-9,1,-19,-113,-184,-16,-59,-25,-36,1,26,-42,1,-15,-19,-49,9,-27,-5,-100,50,-2,2,-22,-3,-6,-9,-17,-3,-36,-10,-9,6,-25,0,-1,-12,-61,-8,-6,-93,-8,5,-55,-182,-82,7,-14,-66,35,-66,-52,-33,1,-58,-12,-47,10,1,-33,-26,15,-36,-131,-6,38,-42,-10,-22,4,-19,23,-32,23,-13,-2,-1,36,-70,-4,-25,8,10,-41,-32,-29,-22,-2,-27,39,-18,4,4,13,21,14,8,38,-12,15,-53,2,-5,7,7,27,-11,9,1,13,-20,-9,-32,-35,-44,-29,-14,-23,-8,-31,-16,-7,-10,-29,-23,1,-25,-18,-11,-21,-42,-21,-91,-9,-24,-34,-30,-18,-12,-47,-20,-27,-12,-33,-28,-39,-11,1,-23,-74,-43,-77,-27,-102,-6,-81,-70,-10,-40,4,-17,10,-72,-2,-72,13,6,77,24,81,-37,8,-33,16,-8,12,-40,7,-12,-1,-2,-20,-42,-2,-8,-6,-109,-1,6,61,5,6,-45,1,-19,13,-29,1,-24,-45,-41,-38,-37,-26]]]
1268990	r	86.4986,22.105,87.2583,22.8618	[[[864986,223864,50,-283,15,-59,5485,-2472,799,2081,13,14,101,32,24,27,2,33,17,32,64,38,22,64,-10,49,33,-8,53,-26,15,7,15,56,27,28,33,80,59,95,15,49,79,66,19,-8,47,4,26,-14,12,23,41,-10,9,20,39,1,48,42,33,-6,28,-13,21,36,10,6,27,4,31,16,82,3,9,17,28,15,24,3,16,15,2,14,-12,22,20,38,20,-4,10,7,28,-20,19,23,13,-11,12,2,24,35,-31,32,-42,13,25,57,-80,34,-20,-9,-18,-50,-31,-15,-18,-1,-44,17,-7,4,0,15,-202,-19,-35,2,-18,-19,-45,-19,-94,-87,-22,-12,-46,-16,-125,3,-47,54,-56,77,36,103,-13,39,-24,23,-37,-5,346,3202,-2233,1001,-2152,167,-80,-40,-218,-126,-1132,-2016,-1134,-2572]]]
8541672	n	79.232,19.1828,79.708,19.5561	[[[792320,193300,12,-222,34,-219,57,-215,78,-209,100,-201,120,-190,139,-178,37,-38,516,33,-16,84,40,50,4,65,-81,23,-124,-10,-17,18,-2,36,69,62,-3,80,245,-84,122,-93,105,-3,25,24,96,-12,71,-38,33,23,89,-30,90,3,120,-64,58,-75,426,28,9,14,16,-13,59,4,10,2,2,-1,79,5,-30,13,0,41,24,7,69,-8,8,18,44,-25,5,30,52,-27,58,64,55,-39,98,-18,-3,-30,29,19,35,-17,49,4,8,15,26,-13,20,1,21,22,-29,15,20,103,-41,16,-37,96,-75,14,-48,87,25,145,-98,27,27,57,-192,107,43,198,44,-10,4,22,32,-27,208,-16,21,1,8,35,41,6,13,-43,42,-16,-34,-187,123,-44,217,74,16,45,55,-4,77,43,104,-8,-11,27,85,-5,85,-166,-5,-49,83,-2,21,39,48,10,46,-22,2,-100,140,-102,-35,-152,79,-6,3,28,86,37,51,-132,49,77,100,201,78,209,57,215,34,219,12,222,-12,222,-34,219,-57,215,-78,209,-100,201,-120,190,-139,178,-157,165,-173,149,-188,132,-200,114,-211,95,-220,75,-227,54,-231,32,-233,11,-233,-11,-231,-32,-227,-54,-220,-75,-211,-95,-200,-114,-188,-132,-173,-149,-157,-165,-139,-178,-120,-190,-100,-201,-78,-209,-57,-215,-34,-219,-12,-222]]]
1276084	n	81.7082,21.5039,82.1918,21.9561	[[[817082,217300,12,-222,35,-219,58,-215,79,-209,102,-201,107,-167,6,1,4,66,78,-2,134,-47,90,139,71,35,25,-45,-40,-131,44,-90,47,-27,175,31,206,-9,125,-34,11,78,51,5,6,35,72,23,66,-47,-29,-109,188,-97,14,-55,84,-37,45,27,56,217,190,-42,24,-20,5,-91,52,37,87,-166,-87,-79,-31,-88,39,-88,-7,-63,53,-47,-14,-37,34,-53,-83,-207,234,-11,237,11,235,32,230,54,223,75,215,95,203,114,191,132,175,149,160,165,141,178,122,190,102,201,79,209,58,215,35,219,12,222,-12,222,-35,219,-58,215,-79,209,-102,201,-60,94,-251,-129,-78,-16,-259,243,-324,144,-144,115,-154,13,-75,119,-45,148,-49,50,-160,14,-21,118,-97,96,0,6,-340,177,-75,3,-237,-11,-235,-32,-230,-54,-223,-75,-215,-95,-203,-114,-191,-132,-175,-149,-160,-165,-141,-178,-122,-190,-102,-201,-79,-209,-58,-215,-35,-219,-12,-222]]]
1267573	p	1260771
1270251	r	78.0281,28.4332,78.4392,28.842	[[[780281,286444,1719,-818,14,-47,25,-43,10,-47,1,-16,-16,-22,19,-44,10,-49,31,-65,57,-62,11,-38,52,-41,120,-51,92,4,21,-6,20,10,33,5,20,-36,29,-30,9,5,6,-12,11,-1,27,-20,1,-8,7,3,20,-5,-13,-43,27,-19,47,-55,-10,-14,-73,-46,-19,-27,-15,-8,-27,-3,12,-150,18,-20,3,-25,14,-3,27,-32,21,-10,25,-5,56,12,47,-26,19,1,29,-15,31,-2,104,-68,63,-53,18,5,23,-4,-3,-13,42,11,84,-66,36,14,48,-6,30,4,25,20,65,6,91,95,-5,6,10,8,3,17,72,51,96,53,41,45,32,52,87,21,37,-23,14,22,45,38,59,-27,10,2,11,12,30,-5,-1,-16,29,-8,-6,-19,16,8,34,-29,25,-50,47,85,30,29,48,74,7,0,6,27,-11,43,-22,47,-21,16,12,32,14,11,-7,14,20,8,-5,9,18,40,25,19,-137,114,34,30,-7,6,12,10,-7,3,42,48,-10,9,16,19,31,5,78,63,21,30,-27,24,7,5,-37,37,-1,15,-8,9,-51,14,-7,17,18,18,-5,6,19,27,42,35,-18,20,12,16,-18,8,10,13,-9,25,13,13,7,22,-10,8,9,10,-12,14,10,5,-4,8,103,75,1,27,-30,27,-87,38,-26,19,26,25,2,24,18,27,35,32,-33,15,-58,51,-46,18,-27,-26,-8,6,-38,-4,0,33,-19,19,-10,185,-15,33,-24,30,-6,27,-47,26,61,71,-3,4,94,78,20,-15,13,-21,10,10,5,-3,42,97,-25,13,-22,24,29,72,-74,47,1,10,-28,-2,-21,14,-11,-6,-23,12,9,17,4,-4,6,9,13,2,6,-4,14,12,-5,8,41,42,6,-5,9,8,-28,17,6,6,-16,12,21,23,4,17,21,15,-10,12,12,13,-37,59,26,15,-41,35,48,88,-42,24,-6,-5,-30,28,-7,41,50,54,-38,39,74,59,13,-12,31,21,-9,10,7,7,-21,16,5,4,-5,7,7,3,-5,9,6,5,5,56,-66,51,-52,27,4,4,-12,9,9,9,-7,11,5,4,-11,3,-2,22,-16,9,-20,29,-28,16,-19,20,-1,53,-21,55,-22,-2,-37,-15,-21,8,-40,81,-51,36,-30,8,-40,-2,-58,-25,-37,3,-108,70,-12,39,-58,27,-38,34,-44,5,-34,-12,16,-57,-10,-37,18,-36,-19,-28,16,-23,-141,-37,-21,15,-66,12,-18,12,4,91,-32,72,-25,12,-83,-35,-38,-5,-16,41,21,18,7,16,-46,75,-27,-3,-16,-18,-52,-2,-12,30,-16,16,-17,2,-46,33,-42,-11,-7,29,-26,3,-16,-59,-62,-87,-6,-76,-9,-33,-16,-20,-90,10,-33,17,-26,23,-44,-32,-68,-3,-30,-7,-70,-33,-29,17,23,44,-5,50,-13,16,-36,3,-16,-15,-10,-22,-25,-15,-66,-14,-57,-28,-18,-47,-120,-45,-90,-23,-83,-12,-62,-24,-52,-71,-28,-17,-124,-31,-28,-50,-17,-17,35,-87,35,-7,-15,-33,7,-30,63,-63,51,-41,5,0,-1205,-322,-19,-792]]]
1264839	r	84.2937,23.1487,84.9509,23.7869	[[[842937,234300,8,-233,25,-233,41,-230,57,-228,30,-91,5772,-1798,24,203,97,43,223,-46,31,156,-147,90,113,62,9,26,130,-9,24,83,63,6,20,30,52,147,-24,34,-46,-17,-84,20,6,24,-23,-9,-91,65,-142,38,-21,74,47,7,-2,47,-97,5,-63,41,18,54,-8,55,-23,7,26,137,59,10,34,117,159,90,3,33,-61,103,-29,-4,-72,69,-52,-20,41,213,-43,79,7,85,-151,49,-20,48,3,58,76,42,-2,86,-80,112,7,33,96,47,16,68,-35,18,36,58,-45,30,5,62,201,211,104,60,-13,50,35,93,41,0,61,48,11,64,83,116,-44,112,14,40,-16,51,-145,77,-30,-46,-132,-11,-34,83,30,26,-7,51,-190,68,-2,62,-56,54,5,38,120,3,13,145,79,109,37,-102,-19,-40,16,-283,73,-9,75,125,117,-44,13,135,-55,111,152,319,-19,131,-31,9,8,164,-216,111,-13,33,47,117,-23,64,133,107,-14,60,20,67,38,12,-54,46,-195,148,-206,136,-214,124,-223,110,-231,96,-236,82,-242,68,-246,53,-250,38,-251,23,-253,8,-253,-8,-251,-23,-250,-38,-246,-53,-242,-68,-236,-82,-231,-96,-223,-110,-214,-124,-206,-136,-195,-148,-185,-160,-173,-170,-160,-180,-147,-190,-134,-199,-119,-206,-104,-212,-89,-219,-74,-223,-57,-228,-41,-230,-25,-233,-8,-233]]]
1269551	n	77.9761,28.1839,78.3653,28.6309	[[[779761,285978,18,-384,5,1,106,-31,28,3,45,55,176,-10,81,-28,25,-19,1,-19,-15,-43,-218,-137,-43,-73,-48,-52,-15,27,-22,-13,-24,-32,-18,1,-48,23,9,-201,30,-8,-7,-45,-20,-4,13,-289,29,4,81,50,37,4,25,-18,22,-40,61,-25,14,-30,-3,-38,32,-31,39,-22,-3,-20,-39,-33,-5,-18,24,-35,-48,-25,-18,-22,-11,-47,7,-37,14,-11,26,-5,15,-14,9,-21,-3,-100,-91,-67,6,-60,19,-20,57,-33,-2,-15,-35,-34,-9,-52,26,-39,47,-4,45,-53,7,-25,-15,-23,-1,-15,22,-15,45,-62,-13,-31,-75,-50,-97,44,-82,-10,-21,-12,-23,-60,-46,-75,-11,-7,9,-198,1035,-1403,178,-8,250,11,248,32,243,54,236,75,227,95,215,114,201,132,185,149,169,165,149,178,129,190,107,201,84,209,61,215,37,219,12,222,-12,222,-37,219,-3,13,-7,14,-39,-21,-72,-51,-3,-17,-10,-8,5,-6,-91,-95,-65,-6,-25,-20,-30,-4,-48,6,-36,-14,-84,66,-42,-11,3,13,-23,4,-18,-5,-63,53,-104,68,-31,2,-29,15,-19,-1,-47,26,-56,-12,-25,5,-21,10,-27,32,-14,3,-3,25,-18,20,-12,150,27,3,15,8,19,27,73,46,10,14,-47,55,-27,19,13,43,-20,5,-7,-3,-1,8,-27,20,-11,1,-6,12,-9,-5,-29,30,-20,36,-33,-5,-20,-10,-21,6,-92,-4,-120,51,-52,41,-11,38,-57,62,-31,65,-10,49,-19,44,16,22,-1,16,-10,47,-25,43,-14,47,-1436,683,-205,-45,-236,-75,-227,-95,-15,-8,-120,-108]]]
1256569	n	78.3938,29.1041,78.8128,29.5422	[[[783938,292709,402,-552,82,18,57,-3,37,-37,14,-25,35,-6,15,11,25,-4,19,-8,11,-20,17,-3,31,32,24,12,24,-4,27,-42,25,4,21,-4,5,-12,-2,-14,-14,-4,-53,7,-14,-18,10,-20,14,-4,21,5,33,-22,19,6,9,14,33,-9,17,-55,23,-16,-15,-48,27,-26,42,-24,2,-58,20,-12,12,0,14,42,12,0,15,-15,6,-14,-4,-16,-36,-27,-7,-28,39,-45,-3,-14,-7,-12,-30,11,-16,-12,11,-47,-37,-107,-38,-44,5,-38,-7,-25,27,-37,1,0,38,-19,19,-18,-3,-12,-14,-7,76,-105,687,-138,211,9,251,32,237,53,65,75,4,27,-25,8,46,54,-123,80,-93,75,7,38,42,45,65,43,109,-73,50,-64,16,6,4,15,-12,15,-15,67,53,-28,0,-9,23,-20,82,-58,29,-96,-71,-85,43,-17,175,73,217,114,84,55,913,2574,-48,116,-108,201,-130,190,-151,178,-170,165,-187,149,-203,132,-217,114,-228,95,-103,33,-13,-13,47,-30,337,-275,81,-59,49,-24,-21,-44,-3,-25,-53,-6,-12,-8,-28,12,-125,1,-94,-72,-40,-2,-15,-28,-53,-31,-150,-1,-38,-8,-88,-49,-104,-88,-37,-40,-12,-60,-34,-22,-31,-46,-40,-26,2,-76,-21,-21,-121,-28,-68,-60,-31,-12,-38,-28,2,-22,12,-23,-12,-25,2,-11,22,-12,0,-30,-10,-21,-28,-11,-32,-80,-13,-5,-31,14,-3,32,-33,72,-39,19,-19,-8,-25,-24,-30,-86,-22,-25,5,-42,-53,13,-39,-21,-40,23,-131,98,-19,21,-1355,-1390]]]
1267439	p	1272979
1264647	r	78.981,16.1093,79.6651,16.654	[[[789810,164800,10,-290,29,-288,49,-287,68,-282,87,-277,106,-272,124,-264,142,-256,158,-246,175,-236,191,-224,205,-212,205,-185,1878,-369,93,-19,3320,2011,0,3205,-864,231,-36,-43,-382,-192,-337,61,-84,-29,-105,-101,-265,-3,-99,-32,-79,-64,-66,-224,-151,-108,-28,-3,-372,29,-256,-39,-69,21,-20,14,-32,3,-37,-8,-99,-51,-180,-23,-45,-34,-71,-67,-80,-29,-92,-4,-116,48,-75,13,-23,-3,-12,-9,-5,0,-6,-8,-9,-7,-29,-47,-18,-102,-16,-31,4,-32,-16,-89,-38,-40,-6,-3,-25,-9,-90,-19,-25,-12,-6,-9,-6,-2,-8,-15,-36,-48,-43,-92,-29,-93,-17,-109,7,0,-6,-74,183,-224,-173,-63,-49,-70,-35,-612,40,-156,-7,-140,-111,66,-81,-19,-113,80,-91,5,-51,45,-15,56,-113,39,-19,177,-129,-19,-73,67,-117,35,-93,125,-194,13,-185,210,-145,46,-123,115,-179,69,-64,60,-400,225,-5,-152]]]
1262092	p	1256525
1257379	n	77.4623,8.9445,77.705,9.312	[[[774623,90813,659,-1144,236,-224,105,5,221,32,216,54,211,75,201,95,192,114,179,132,63,57,-15,2,-15,86,8,31,5,12,30,20,43,39,-16,96,-3,6,-1,15,25,25,58,15,8,52,17,2,0,177,-26,30,-1,8,3,5,10,83,11,23,3,2,0,289,-114,-10,-56,9,-34,12,-78,56,-5,27,0,19,-10,103,-11,30,-2,104,86,1,0,-25,71,-23,58,12,13,19,36,26,-31,28,-15,4,-27,35,-34,90,2,37,62,48,28,4,51,28,6,19,4,4,0,1134,-98,79,-28,-6,-71,-5,-47,-24,-45,8,-142,-5,-16,-21,-58,-7,-14,8,-2,29,-16,7,-51,6,-35,34,-86,9,-43,6,-31,-7,-17,9,-11,20,-53,10,-16,25,-28,2,-8,14,-68,11,-15,-13,-15,1,-3,40,18,17,-2,5,-27,6,-51,-1,-35,10,-20,1,-28,-4,-25,5,-1050,33,-190,-2307]]]
1262562	n	78.2457,12.9949,78.5716,13.3777	[[[782457,133116,193,-2182,2064,-985,-38,40,6,62,-47,9,13,138,-33,73,8,163,121,4,42,106,89,-20,101,87,185,18,-11,88,-58,71,10,132,71,49,68,-25,10,71,63,39,72,3,-12,28,-101,32,-40,30,4,33,-43,15,-18,129,62,-15,33,83,41,24,146,13,26,55,-75,52,91,101,185,-25,4,41,27,19,-31,243,-13,8,-121,-40,-50,11,1,108,81,-18,79,25,-1571,1169,-80,-24,-18,53,-121,110,-101,4,35,68,-521,388,-54,-13,-214,-75,-151,-70,-409,-503]]]
1268111	r	79.3794,14.945,80.0925,15.5121	[[[793795,152100,12,-331,33,-329,46,-273,1108,-1717,1175,316,4365,1176,290,1099,101,925,-14,63,-4595,2063,-66,29,-2430,-2556,-13,-134,-12,-331]]]
1254335	n	76.4736,9.2129,76.8076,9.5234	[[[764737,93333,6,-41,141,-1,117,-56,192,39,68,-10,52,34,41,-71,70,-6,35,29,53,-3,14,103,76,73,-75,46,-13,39,79,-12,37,52,129,25,58,-82,39,26,-6,33,54,-20,29,36,87,-81,184,-85,66,-11,10,37,94,-9,27,-95,-48,-49,35,-20,48,-135,66,-31,-13,-30,34,-110,-7,-52,189,0,37,-23,14,-51,-5,-29,-75,-55,4,-45,-142,-83,34,-119,-26,-88,784,-272,80,71,150,165,133,178,114,190,96,201,75,209,54,215,33,219,11,222,-11,222,-33,219,-54,215,-75,209,-96,201,-114,190,-133,178,-38,-22,-2409,-1394,-12,-37,49,-81,88,-14,2,-33,-70,4,-114,-143,-93,-44,-124,-15,-22,-61,-80,-61]]]
1443381	p	1273294
1259408	p	1270668
1266267	n	76.8889,11.9351,77.3397,12.3261	[[[768889,122107,75,-932,2844,-1824,171,60,204,95,193,114,181,132,167,149,152,165,134,178,116,190,96,201,76,209,55,215,33,219,11,222,-11,222,-33,219,-55,215,-76,209,-96,201,-116,190,-134,178,-152,165,-39,34,-19,9,-188,-59,-110,19,-117,-68,-75,52,-266,-10,-121,29,-121,-3,30,-96,2,-156,-54,-42,54,-210,-71,-35,-109,-3,-71,-61,-153,-12,-55,-60,-156,-19,-23,-202,-179,-27,-72,52,-33,-19,9,153,-94,5,-47,-41,-90,60,-57,-3,-28,-49,-99,3,-9,-18,-108,76,-123,43,-179,-19,-15,96,-42,43,11,309,-87,-14,-103,47,53,168,38,0,66,-63,56,-2,49,124,-65,6,-42,58,-3,67,-448,-221,-97,-106,-134,-178,-116,-190,-96,-201,-76,-209,-13,-49],[769694,122575,12,161,99,-23,31,-40,36,-84,-31,-58,-82,-21,-65,65]]]
10263165	p	1273294
1253750	p	1264389
1274315	r	79.228,26.8037,79.7665,27.305	[[[792280,270011,1752,-1974,2263,29,447,1627,6,-1,22,-22,61,16,9,15,-17,63,7,36,20,16,39,9,-4,45,56,17,29,41,23,-11,10,-31,44,14,17,12,7,16,-2,45,13,32,30,21,38,4,25,54,2,45,-15,112,5,18,62,62,34,52,65,26,35,23,16,26,-30,112,-17,29,-3,28,71,34,19,22,43,148,9,55,-19,37,-58,44,-35,36,9,29,62,70,10,31,-21,30,80,30,50,43,13,29,-22,78,83,109,42,39,-25,37,-52,53,-55,11,-43,-7,-47,-16,-34,22,16,37,1,30,-55,85,-13,45,24,41,31,26,100,65,26,-29,32,-9,23,25,20,43,41,20,-30,49,-16,12,-44,15,-33,-8,-54,44,-72,44,1,3,-11,3,-47,30,-12,25,-35,26,-38,-12,-48,18,-11,-13,-24,-79,-42,-14,-29,-26,-14,-4,-60,28,-26,45,-18,0,-16,10,-43,-68,-13,-53,-48,-23,-24,-38,-44,2,-9,-33,-17,-8,-7,-18,24,-22,-15,-31,11,-14,-7,-7,-12,2,4,-25,-28,-6,3,-11,19,0,9,-7,5,-27,-6,-8,-17,2,-23,-33,2,-21,-14,-14,-13,-9,-23,13,-1,-19,-9,-6,5,-10,-49,21,-20,-27,-28,-6,-11,19,-46,42,-14,-13,-30,0,-7,6,-7,32,-110,32,-14,9,-19,23,14,21,-2,17,-18,14,-29,7,-18,-1,-18,-17,-27,14,-69,13,-17,9,-16,2,-38,-14,-42,10,-13,-19,21,-25,-28,-35,6,-5,-11,-27,-26,-43,-33,3,-15,-7,-25,-34,-27,2,-37,-11,-18,-13,-28,-36,-9,-3,-15,11,-35,-16,13,-11,0,-13,-40,2,-8,-6,-30,-1,-17,-10,-10,5,-5,13,-7,0,-8,-7,-15,3,-15,-22,-39,1,-11,-5,-35,24,-5,12,9,37,-34,29,-23,0,-9,24,-14,15,-13,12,-23,4,-3,14,-17,8,-3,34,-27,17,-10,23,3,20,-19,5,-13,45,-12,9,-26,-29,-15,12,11,15,-28,-3,-10,9,15,8,-17,20,0,10,43,-2,4,17,-21,17,-18,3,-9,14,-33,6,-2,13,28,14,-36,49,-19,16,-42,-11,-60,-33,-22,0,-5,7,20,43,-18,4,-52,-24,-21,5,-72,60,-16,4,-22,-16,-26,-47,-14,6,-7,-16,-20,5,-8,-17,-27,-5,-44,21,4,5,14,-10,8,28,-42,35,-40,4,-19,-5,42,-7,-13,-21,-18,-7,-19,3,4,6,-18,16,-22,-38,-18,16,11,24,-5,7,-11,-3,-5,-30,-10,4,-14,9,6,33,-11,5,-39,-34,-13,-3,-7,10,22,20,-19,14,-58,-35,-44,13,1,-22,-6,-6,-10,10,1,30,-27,4,-3,-20,-17,-5,-14,3,5,14,28,23,-14,9,-26,-34,-14,-12,-1,1,5,32,-17,16,-14,3,21,30,-2,5,2,3,-9,17,-41,-23,-11,9,8,13,-1,13,3,12,-4,8,-1,5,-4,3,-3,5,-6,1,-5,4,-21,2,-24,-18,6,-16,-29,8,-35,-26,-12,23,-14,-7,-22,-21,-1,-9,1,-2,1,-5,23,-30,12,-32,7,-38,-10,0,-7,19,-14,-13,-4,-16,7,-48,-6,-8,-10,-3,-8,12,-24,11,-30,-43,27,-25,2,-8,-9,-10,-11,-6,-16,7,-55,-14,-10,9,21,10,-6,15,-24,12,-16,-1,-5,-5,8,-41,-46,15,-9,-23,-29,10,19,19,-28,48,-12,6,-44,-5,-48,26,13,24,0,17,-29,10,16,22,-40,39,-7,33,-10,10,-18,-1,-33,-44,-9,8,-1,35,-11,-2,-20,-28,-10,5,11,13,-29,4,-9,-18,-2,-62,-8,-10,-68,-7,-23,20,-18,27,-27,-17,-19,8,-6,11,2,18,26,78,-14,69,-23,15,-30,9,-9,-8,-26,-6,-5,6,18,16,-25,28,-46,-18,9,28,-6,11,-30,-6,-27,23,-18,1,-3,10,-1,21,6,8,20,-16,7,19,-26,17,5,19,4,9,12,-3,12,37,12,-2,14,8,-11,25,28,27,13,52,0,18,-13,25,11,25,-30,-7,18,18,15,-6,13,14,-4,8,-50,21,-39,59,-23,17,-32,-14,-27,22,-12,-11,30,-34,-38,-8,-23,-13,-7,-14,-30,4,-2,-14,-31,7,-5,8,18,7,-21,23,-49,24,-13,-5,-15,-16,5,-8,19,1,1,-6,-30,-14,-11,21,-1,36,25,57,41,54,-21,6,-5,-27,-8,-5,-8,6,6,28,-18,43,33,2,-13,13,0,26,-12,3,-11,-8,-6,-15,-591,-3016]]]
1254481	p	1256728
1264688	r	92.3276,22.2825,93.3563,23.3198	[[[923276,231714,255,-1415,-9,-696,77,-337,188,-262,332,-125,144,-168,87,-778,70,-304,117,-149,270,-218,108,-151,44,-155,70,-770,-21,-581,38,-167,128,-312,15,-172,333,-1871,183,-51,417,-91,423,-65,427,-38,428,-13,428,13,427,38,423,65,417,91,411,115,401,140,390,164,378,187,364,210,349,232,168,128,-21,67,-356,354,-83,161,-104,330,-10,233,109,394,14,216,-61,196,-225,369,-80,191,-31,210,87,798,329,273,35,-16,94,232,358,394,144,207,19,185,-63,202,-200,358,-79,213,-50,278,19,266,123,180,247,85,194,-46,156,-139,135,-195,209,-159,263,14,260,121,195,157,151,186,229,428,-111,274,-177,362,-202,351,-227,337,-249,324,-272,307,-293,290,-2,2,-3998,-83,-7,-30,-33,29,-4480,-92,10,-34,47,-97,6,-102,-68,-179,-180,-347,-41,-151,-10,-398]]]
1269936	p	1277333
12522807	n	85.8895,20.7338,86.3426,21.1861	[[[858895,209600,12,-222,15,-93,236,6,35,-107,-5,-198,-111,-249,1,-2,101,-201,78,-122,185,-19,97,-47,15,18,18,21,1,0,111,-40,25,-36,-17,-63,104,-51,152,-8,54,-53,118,1,185,-45,18,-61,-27,-125,-82,-126,9,-80,-40,-47,84,-30,-9,-55,122,-55,222,-75,229,-54,233,-32,236,-11,236,11,233,32,229,54,222,75,214,95,202,114,190,132,175,149,158,165,141,178,121,190,5,10,-134,68,-18,59,70,30,18,49,-39,33,-107,-19,-30,15,-66,99,-13,76,-127,58,-68,-27,-109,43,-39,151,3,93,83,167,25,187,-43,227,75,28,9,192,-101,149,54,9,186,-60,21,139,52,57,12,96,-194,731,-1,1,0,3,-11,39,-6,23,-102,88,-36,24,-46,3,-22,32,3,11,-89,62,-202,114,-214,95,-222,75,-229,54,-233,32,-236,11,-236,-11,-233,-32,-229,-54,-222,-75,-214,-95,-202,-114,-190,-132,-174,-149,-159,-165,-141,-178,-121,-190,-101,-201,-79,-209,-58,-215,-34,-219,-12,-222]]]
1278026	p	7279597
1257565	p	1268561
1267758	r	92.1217,24.5248,92.6093,25.2152	[[[921217,251377,24,-7,145,-6,69,-47,55,-20,137,39,80,-16,65,-53,149,-175,139,-111,121,-77,136,-54,179,-42,519,-65,86,-57,160,-206,282,-110,248,-136,38,-186,20,-94,0,-2,1,-1,77,-19,172,-57,2,-1,2,0,2,-30,0,-3,319,-217,1,0,93,-42,2,-1,38,-45,3,-3,-81,-67,-2,-2,245,-97,1,0,94,-85,75,-158,0,-1,32,-174,-30,-112,-138,-198,-357,-85,-203,-62,3,9,21,31,-40,16,-41,31,-62,19,-48,-8,-24,-24,-7,-38,2,-35,-11,-8,-151,37,-21,11,-6,12,5,33,-5,24,-49,31,-21,87,-31,34,-19,2,-51,-30,-27,-2,-27,64,-11,5,-32,-5,-17,8,-61,120,-27,28,-13,-1,-14,-22,17,-79,-12,-41,-10,-12,-15,-4,-25,3,-93,95,-12,24,-7,43,-17,21,-23,4,-67,-26,-10,6,-25,30,-65,46,-6,75,-24,32,-29,17,-38,11,-43,-9,-66,-36,-17,-13,-21,-41,-10,-7,-98,-6,-56,16,-74,1,-112,18,-31,-8,-30,-27,-72,-39,29,-11,6,-9,1,-23,-147,-58,-53,-168,41,-176,0,-1,131,-319,1,-2,19,-162,-4,-156,-27,-155,-509,-1302,-95,-389,-45,-341,-6,-17,27,-16,218,-106,226,-94,231,-79,237,-66,241,-51,244,-37,246,-22,247,-7,247,7,246,22,244,37,241,51,237,66,231,79,226,94,218,106,19,11,584,5574,-1,1,-191,143,-201,132,-210,119,-218,106,-226,94,-231,79,-237,66,-241,51,-244,37,-246,22,-247,7,-247,-7,-246,-22,-244,-37,-241,-51,-237,-66,-231,-79,-226,-94,-218,-106,-210,-119,-201,-132,-82,-62]]]
1275406	r	83.2144,18.3419,83.7149,18.7273	[[[832144,187273,322,-897,8,9,30,-5,24,-24,-6,-46,39,-19,26,-5,78,4,34,27,37,-23,25,-46,8,0,-13,-34,-41,-44,-41,-32,-78,-119,-29,-28,-2,-24,-41,-23,-42,-60,-4,11,-14,-6,-11,-16,11,-15,90,6,9,-127,14,-13,87,3,40,-10,827,-2298,2364,228,1254,2177,-5005,1449]]]
1263101	r	77.5321,11.6534,78.0517,12.0541	[[[775321,117900,5,-173,17,-172,29,-170,40,-168,51,-166,61,-161,313,-296,257,-60,3695,642,728,1625,-42,110,-54,118,-1446,1329,-114,43,-168,50,-170,39,-173,28,-175,17,-175,6,-175,-6,-175,-17,-173,-28,-170,-39,-168,-50,-164,-61,-160,-72,-155,-81,-149,-91,-142,-101,-136,-110,-128,-118,-119,-126,-112,-133,-102,-141,-92,-147,-83,-152,-72,-157,-62,-162,-51,-166,-40,-168,-29,-170,-17,-172,-5,-173]]]
1257001	r	79.9932,16.2436,80.3377,16.6518	[[[799932,163679,2292,-1243,496,29,657,1963,-781,2089,-1587,-138,-1077,-2700]]]
1254345	p	1265873
10929901	p	1265873
1274890	r	85.2003,22.3867,85.871,23.0699	[[[852003,226800,10,-261,27,-260,46,-258,64,-254,81,-250,99,-244,117,-238,117,-205,489,-183,2086,-780,3570,4052,-233,935,-111,41,5,149,-91,-11,-277,56,-64,68,-137,60,-82,7,-47,96,-179,33,-249,89,-68,-17,-136,19,-138,-99,-368,7,16,-95,-22,-41,-348,-72,-54,88,23,26,-109,78,-243,-280,-74,34,-34,64,-127,79,-33,18,-36,-13,-8,63,142,69,23,54,-7,86,58,-19,80,18,64,-70,-7,78,116,22,6,34,41,24,9,272,-28,9,-15,96,49,20,97,-36,23,-46,73,31,119,-24,215,124,-120,65,-11,127,-104,39,42,4,2,63,-34,-54,-5,45,-38,-43,17,67,-45,29,10,60,-29,19,27,51,115,26,-48,124,-83,34,-232,-90,-44,21,-5,-1,-2913,-1226,-154,-173,-163,-213,-149,-221,-132,-231,-117,-238,-99,-244,-81,-250,-64,-254,-46,-258,-27,-260,-10,-261]]]
1256854	r	74.827,21.4447,75.3726,21.9399	[[[748270,216900,5,-167,18,-166,29,-165,41,-163,16,-52,14,1,-12,33,186,45,61,79,26,-59,64,32,2,-20,35,9,25,-22,60,26,19,-17,14,22,28,-23,111,1,91,-148,250,-86,439,-108,361,-200,-3,-55,371,-42,345,-497,26,10,-7,-159,90,-127,44,-139,59,-76,-6,-40,266,-173,20,-7,1517,598,56,49,122,122,113,129,104,136,95,142,84,147,74,153,62,156,52,160,41,163,29,165,18,166,1,34,-220,-58,-286,-89,-190,-231,-123,-39,-29,33,-13,134,-158,40,32,196,-113,-5,41,55,4,72,-366,36,-131,36,-85,138,-15,151,22,85,126,102,191,28,153,-71,6,66,55,9,85,-75,48,5,-55,266,63,73,54,-2,-13,154,-69,43,-16,95,32,24,90,-6,53,22,-4,59,56,-1,-20,137,159,88,9,98,-83,42,-36,155,-214,29,-6,190,-98,75,-145,98,-152,88,-157,79,-163,69,-167,59,-171,48,-143,31,-3114,-1590,-35,-87,-52,-160,-41,-163,-29,-165,-18,-166,-5,-167],[749593,217755,65,43,43,13,167,89,70,12,61,-7,-19,-3,-82,-43,-40,-41,-1,-16,8,-8,35,-4,99,28,33,-2,5,-7,-10,-19,-93,-52,-63,13,-85,-43,-142,21,-51,26]]]
1255134	p	1259229
1270032	n	76.3886,13.7242,76.8499,14.1385	[[[763886,139500,11,-222,33,-219,56,-215,76,-209,97,-201,117,-190,135,-178,153,-165,168,-149,182,-132,195,-114,205,-95,214,-75,221,-54,224,-32,52,-3,13,10,29,-12,36,-1,90,88,52,9,25,-99,157,8,156,22,993,1150,-54,79,6,51,-30,-13,-30,25,-110,137,-43,111,-19,-5,-65,94,-19,45,17,38,296,82,-30,95,25,35,118,8,9,40,152,-1,223,-78,132,-5,-40,205,80,1,25,139,201,123,79,8,-14,168,-251,139,15,69,85,20,38,150,35,-5,-69,188,-97,201,-117,190,-135,178,-153,165,-168,149,-14,10,-1798,127,-1900,-1344,-26,-100,-33,-219,-11,-222]]]
1278580	n	77.1341,20.9339,77.5107,21.386	[[[771341,213141,220,-796,84,9,11,16,3,45,11,22,45,2,110,-27,89,17,30,-17,-38,-83,-1,-41,-133,-35,-20,-19,28,-59,-14,-38,5,-20,-12,-41,55,-7,7,-6,17,-44,1,-24,-21,-2,-24,-30,-5,-13,12,-38,-76,2,-11,-44,-22,1,148,-534,78,19,14,34,33,1,-3,-179,-87,-2,487,-1760,39,-14,229,-54,234,-32,236,-11,236,11,234,32,229,54,223,75,213,95,203,114,190,132,175,149,159,165,140,178,5,7,-243,423,-2,-59,-33,-27,-18,24,-19,10,0,18,-153,17,-52,-5,-8,24,-16,2,-17,17,-80,32,0,19,-20,2,-3,13,-49,5,-7,12,14,13,-11,21,29,73,-57,12,3,67,-47,0,5,33,-16,21,-74,9,-10,110,-53,10,-3,11,-95,13,-14,-3,0,-52,-6,-9,-36,31,-1,14,-43,11,-9,18,-30,21,-9,13,-43,90,0,15,20,94,-4,31,23,7,-2,27,-27,39,-15,2,-6,119,-16,47,-41,-11,4,120,-43,-2,-6,-15,-11,-2,-144,-6,-4,83,-42,3,-33,27,-25,7,-81,7,-97,25,17,86,2,44,-22,106,-208,5,-7,15,3,10,-19,13,4,12,-7,14,-12,9,-18,2,-28,25,-13,52,-26,19,-46,13,15,43,18,2,-1,57,73,10,33,15,15,16,17,54,48,33,22,-26,47,7,16,13,12,22,8,40,50,3,52,65,47,37,16,25,3,20,52,29,77,0,31,-6,31,-30,19,-46,10,-50,-18,-60,2,-19,13,2,1,11,47,68,-621,1078,-222,-10,-234,-32,-229,-54,-223,-75,-213,-95,-203,-114,-190,-132,-175,-149,-56,-58]]]
1274571	r	75.8159,28.286,76.6233,28.8141	[[[758159,285120,201,-96,167,-31,-8,-44,-68,-3,1,-76,-245,-138,-42,-639,4885,-1233,628,489,1,5,-33,19,-41,42,-37,20,-3,52,9,75,-24,94,14,28,19,-4,45,-28,191,-3,21,-5,29,-18,16,-45,-3,-18,-31,-80,2382,1856,-56,323,-2329,2156,-1,15,-16,1,-47,44,-47,-26,-78,35,-77,75,4,37,-201,58,-42,26,-8,52,-9,1,-191,5,-7,-16,-55,-36,-135,-5,-15,-129,0,-104,-15,-19,-2,-16,-26,-32,-102,11,-20,-163,-6,-8,-7,-41,13,-5,-15,-9,0,-5,14,-13,-21,-92,-15,-35,-77,-69,-90,57,-31,-81,-6,-20,-4,-8,-17,-41,-37,-19,-77,-16,13,-37,27,-44,16,-49,4,-40,-10,-59,-123,-38,24,-76,-9,-40,4,-71,-299,-14,10,42,-108,30,-5,-7,-1,-1,-20,5,-75,-117,-12,7,-6,-11,-30,0,-8,-8,5,-6,-3,-10,-59,46,-23,35,-171,65,-21,12,-4,11,-160,21,-96,-57,23,-6,5,-8,16,-48,16,-22,30,-32,23,-42,-1,-87,-26,-86,-37,5,-16,10,-48,13,9,74,34,64,-49,40,-11,19,2,32,-32,7,0,1,-35,8,-25,-23,-92,7,-15,54,-40,13,1,-25,16,-4,-15,-19,0,-10,35,-16,-7,-29,-18,-22,11,-11,33,-30,26,-96,-229,48,12,38,7,10,13,33,-31,-16,-99,17,-17,-13,-8,-1,-18,-9,-6,-20,-44,-6,-16,-9,-25,-18,-16,-4,-22,-11,1,-13,-55,-16,0,-11,-24,-1,-11,-24,-10,-1,-21,-23,8,-27,-8,-20,-40,-9,-7,-9,-32,0,-17,-4,-90,-20,-56,-24,-33,4,-13,-18,-27,-9,-61,-41,1,-45,-26,-33,-180,-74,-109,-12,-27,-18,-11,-5,-60,-36,2,-4,-7,-11,-79,-37,-63,-11,-74,1,-94,38,-125,-9,-3,1,-2,0,-7,3,-120,39,-103,-13,-25,-10,-39,-1,-101,-80,-139,-36,-193,-92,-14,-152,38,-56,-175,-102,-95,-176,19,-97,-19,-126,-71,-46]]]
1253918	p	1275163
1348747	p	1270396
1273766	p	1253573
1254813	p	1276609
1261086	n	82.7433,24.2843,83.2366,24.6461	[[[827434,244195,1070,-1352,3773,819,16,3,26,94,36,219,11,222,-11,222,-36,219,-59,215,-81,209,-104,201,-124,190,-144,178,-163,165,-179,149,-195,132,-207,114,-219,95,-228,75,-235,54,-239,32,-242,11,-242,-11,-239,-32,-235,-54,-228,-75,-219,-95,-207,-114,-195,-132,-179,-149,-100,-101,-7,-137,26,-71,-162,-54,-87,-16,-101,-154,-104,-201,-81,-209,-59,-215,-36,-219,-11,-222,0,-5]]]
1254331	r	79.7305,12.9442,80.1073,13.5236	[[[797305,132827,22,-5,20,-35,3,-29,54,-20,14,-29,63,1,18,-33,43,-48,70,-55,34,-1,27,-15,-4,2,-131,-202,118,-411,-28,-9,-19,-23,1,-25,40,-2,18,-12,9,-1,388,-1347,-13,-9,-45,-11,-12,-16,4,-18,14,-6,21,13,37,-26,16,-41,1,-85,-119,-57,5,-52,10,-14,6,-29,22,-34,36,9,59,27,43,-65,3,-27,26,-45,2,-89,7,-35,-33,-20,-26,1,-2,-10,12,-11,1,-19,7,-3,39,15,7,-8,-11,-47,22,-27,5,-67,11,-7,-2,-67,-7,-26,10,-7,36,13,71,1,12,-5,2,-9,-21,-34,4,-4,106,1,16,-11,32,-2,2,-39,21,-2,16,-10,4,-32,7,-2,106,2,31,-10,47,-2,2,-9,8,-1,36,10,68,2,18,-14,38,-3,14,-13,34,19,18,21,20,94,44,49,12,24,72,5,4,60,41,56,-16,15,-28,8,-6,3,4,4,-200,132,46,3,14,8,41,8,84,81,40,-48,38,-13,5,-6,13,-1,37,-13,9,-17,3,2,6,-7,9,-24,12,-7,51,1,14,6,5,17,33,-4,11,25,46,61,5,26,0,29,-9,27,-35,7,5,6,-90,39,-93,4,-3,41,-69,-4,-10,-25,-40,8,-4,-3,-66,8,-2,134,-3,12,-7,0,-18,19,18,79,10,19,7,60,74,-26,76,-4,10,11,12,1,-1,-53,-9,-45,7,-21,52,-15,17,-11,63,-3,54,-11,115,12,48,25,15,17,142,0,2,16,-13,21,19,22,2,64,80,4,24,19,37,7,25,29,14,7,17,-22,13,-7,-4,-9,-34,3,-44,-30,-33,-2,-5,-93,-28,-1,-10,-4,0,-9,5,-17,52,-53,25,-8,50,1,36,50,7,37,12,17,1,118,-11,27,-12,12,-56,34,110,116,95,234,3,27,-63,-10,66,10,24,15,20,51,-30,81,4,37,6,3,14,1,17,-15,10,-1,13,17,-2,26,-33,34,2,23,45,22,74,0,144,44,37,1,0,57,-28,43,-12,40,11,35,0,68,-1,13,-21,17,0,76,-24,45,-47,17,2,124,58,30,119,84,107,20,48,19,8,8,-1,26,25,0,84,-39,37,13,35,33,22,5,28,-15,205,-11,6,68,0,66,-67,-13,-49,9,-52,-14,-43,-35,-21,-1,-51,15,-32,-2,2,28,11,15,89,58,18,26,6,53,-17,20,-149,4,-111,46,-61,7,-36,50,-67,3,-2,-37,25,-55,-5,-18,-32,-25,-59,-13,-97,31,-55,4,27,233,30,1,10,-8,9,-22,14,-9,-1,-9,-60,-15,-6,-13,8,-7,25,-7,17,4,80,39,4,68,-41,3,-29,-11,-32,-1,-2,28,10,6,-3,40,-20,26,296,2576,-1408,-414,-33,-35,-310,-478,-889,-1371,-59,32,-18,51,-24,9,-4,27,-10,6,-33,-5,-14,3,-22,23,-22,7,-19,42,-76,52,-11,-12,19,-47,-8,-58,-8,-10,-2,-41,-43,-72,-35,-27,-32,-2,-51,-31,-50,29,-56,-26,-30,-61]]]
1263898	p	1258932
1254346	r	75.8559,10.7866,76.1318,11.0223	[[[758559,110207,82,-288,18,-95,12,-14,8,-28,-2,-15,6,-17,-3,0,47,-165,-17,77,91,-382,292,-1346,4,-59,-11,-9,24,18,4,-10,62,13,251,73,49,22,37,76,46,73,39,93,13,110,-4,42,12,81,12,37,32,33,49,31,129,59,179,37,115,-21,33,-20,58,-96,10,-44,5,-75,12,-45,30,-17,14,-53,59,2,30,86,49,111,-33,-82,192,0,14,-13,187,1,141,8,13,4,199,0,79,39,-195,209,-6,36,6,17,11,7,75,-63,15,10,1,74,10,24,5,63,26,0,37,-14,24,-19,60,-17,13,0,9,26,-13,56,1,88,8,8,-43,2,-25,15,-24,37,-9,-8,-11,35,-28,24,8,45,-5,26,8,22,-5,40,-4,26,-14,14,-1,24,5,16,31,10,7,11,6,87,-2,11,-12,3,-7,25,-16,9,-30,1,-27,-9,-21,14,-15,-8,-68,-2,-11,11,-21,-6,-8,4,-7,48,-65,34,-40,41,-22,9,-53,-18,-9,8,-1,17,-8,10,-41,6,-19,-10,-12,1,-18,41,-15,7,-11,38,-18,1,-17,16,-54,8,-22,-31,-85,24,-10,11,1,12,15,10,35,0,7,20,-42,11,-37,1,-54,-19,-34,9,-42,-19,-70,0,-8,18,-26,1,-48,-40,-39,5,-19,14,-93,11,-24,-13,-19,18,-31,-7,-15,3,-27,-15,-33,10,-25,-11,-10,8,-2,42,-6,11,9,34,-14,8,-46,90,2,76,-6,16,-17,13,-2,26,-5,3,-50,-39,-52,-13,-30,0,-15,9,-8,24,-13,5,-65,-6,-30,5,-7,-6,-4,-51,17,-23,2,-17,-28,-13,-8,-14,-52,9,-21,11,-93,83,-11,-2,-5,-18,-9,-4,-39,-2,-11,-7,-8,-19,-14,-13,2,-23,-31,-9,-36,-53,-17,-11,-74,22,-8,24,5,19,-7,43,-19,10,-12,20,-2,25,-36,28,-9,20,-12,9,7,31,-33,46,2,23,11,13,-11,57,-115,-35,-116,-4,-10,-7,-21,27,-15,-12,-50,15],[761028,108590,4,23,-1,-156,-3,133]],[[758863,108972,82,-474,40,-98,5,0,-127,572]]]
1257951	n	76.273,30.8009,76.7911,31.1961	[[[762730,310135,17,19,132,-63,15,-45,-132,-23,6,-22,100,23,59,-33,39,-107,60,2,91,-2,14,-23,100,-523,-10,-50,-89,-40,64,-101,0,-245,203,-202,722,-481,532,-210,2698,1278,560,550,-4,85,-38,219,-63,215,-86,209,-110,201,-132,190,-153,178,-173,165,-190,149,-207,132,-220,114,-233,95,-242,75,-249,54,-254,32,-257,11,-257,-11,-254,-32,-249,-54,-242,-75,-233,-95,-220,-114,-207,-132,-190,-149,-173,-165,-153,-178,-132,-190,-110,-201,-86,-209,-63,-215,-1,-6]]]
1262039	r	77.9303,11.0017,78.59,11.4277	[[[779303,111485,4887,-1468,1710,1965,-1198,1208,-2513,182,0,1,-64,95,-58,141,-52,99,117,118,-29,67,9,41,91,38,-14,20,-51,4,-12,-1,-39,-30,-31,-1,2,32,47,57,-2,10,-28,23,-31,50,-14,8,-70,-13,-11,9,-6,16,15,31,-3,60,-81,5,-56,-83,-18,2,-60,-53,-31,-4,-15,2,15,26,15,124,-77,-30,-28,19,-7,18,-49,4,-5,-51,-23,-3,-55,2,-46,16,-12,-60,4,-25,-61,-4,-36,-27,-37,-17,-81,-7,-32,4,30,86,-30,-4,-92,22,-29,-24,-15,-49,-36,-78,-34,-37,-15,-148,-52,-140,-11,-69,-25,-22,-12,-1,-27,15,-12,-4,3,-47,-26,-21,-11,-23,-12,-10,-42,-5,33,-79,-15,-39,4,-37,8,-11,43,-18,15,-19,61,-20,8,88,51,65,3,14,-2,44,-13,29,13,33,0,105,44,-5,3,-49,-6,-40,-23,-7,-12,-12,-1,-26,19,-23,32,-3,-4,-24,-19,-15,-22,-49,-36,-32,1,-67,-13,-26,18,-13,37,-8,16,-11,63,-4,42,-38,-12,-39,30,-1,23,-13,56,-17,72,-78,70,-10,6,-10,-3,-40,-7,-10,-3,-44,1,-10,20,-20,-33,-32,25,-36,-2,-23,-8,-7,-14,9,-6,-22,-23,-21,-39,-2,-4,-23,18,-9,-2,-9,-20,-4,-30,-42,-51,-26,-136,53,-57,6,-6,-14,-23,6,-34,29,-7,14,-48,3,1,51,-38,12,-18,17,-2,11,15,12,1,10,-8,7,-11,1,-11,-12,-39,1,-21,-45,-26,-7,-8,2,-2,36,-6,11,-85,2,-9,-2,-5,-11,-33,-6,-7,-46,-18,-40,-25,-35,-89,-77,-15,12,-71,4,-20,58,-1,26,-15,33,14,49,-20,6,-34,0,-923,-1402]]]
1278432	p	1258451
1265310	r	80.7595,27.5449,81.3402,28.0471	[[[807595,276955,3,-25,23,-18,51,-18,66,-46,67,-30,30,-33,-11,-31,-28,-6,-36,-27,-36,-36,-21,-41,28,-19,30,-6,34,34,38,-35,14,-37,22,-22,6,-22,15,-7,35,5,89,33,27,-21,81,-12,-1,-18,-20,-47,-19,-15,-49,-15,1,-59,13,-62,-9,-39,-61,-87,-6,-40,17,-108,59,-75,-15,-37,-39,-30,-1,-41,31,-67,6,-59,25,-25,37,-12,8,-21,21,-8,86,5,23,-4,70,-33,28,-23,7,-18,-3,-16,-26,-64,75,-51,6,-17,57,15,35,2,45,16,27,21,18,26,7,81,14,33,18,21,23,-4,13,-29,23,-19,65,4,28,-8,25,-48,38,-19,22,3,45,33,72,70,61,22,26,22,38,15,112,14,23,19,36,-12,32,13,4,16,-10,30,-40,35,-1,62,-8,25,22,4,27,-5,76,31,61,51,-9,38,32,38,22,67,72,55,80,-4,5,-39,27,-19,18,-5,36,15,61,72,7,22,-197,132,-20,28,15,40,79,80,-38,50,23,19,25,58,41,16,55,-26,18,13,23,77,31,3,27,-10,44,-56,37,-10,9,10,67,-40,28,17,14,20,29,10,56,-35,26,-34,90,3,60,-20,9,-10,18,-110,-5,-62,57,-16,51,-5,75,10,24,-11,5,-24,-28,-27,-3,-16,1,-14,17,-28,1,-23,-4,-14,-28,-27,-5,-17,6,-24,45,-35,10,-30,-10,-57,36,-91,79,-8,47,14,21,22,4,21,35,10,106,-73,34,-48,45,-24,28,8,14,17,38,15,78,-24,29,17,31,41,86,55,22,46,24,5,70,47,10,15,-17,54,12,47,73,73,6,21,-29,39,1,60,-10,63,12,30,45,60,15,32,53,-5,15,23,83,47,57,-44,57,16,-14,58,7,39,-2,56,-34,74,10,40,33,29,53,14,22,27,18,60,88,66,13,15,12,10,52,67,14,17,0,1,12,15,6,-3,3,14,24,-57,38,13,49,-19,8,3,27,54,30,31,47,-2,14,16,11,37,53,-28,21,7,13,12,48,9,10,-23,230,95,727,3109,-3189,-1384,45,-5,64,-90,-32,-125,21,-63,-41,-138,9,-52,-32,-40,-190,-61,-50,-85,48,-99,-36,-82,-26,7,-27,-24,-72,16,-37,174,102,126,2,5,-8,6,-8,15,34,101,-20,14,143,90,-67,57,-71,46,-24,-1,-10,-7,-62,-12,-67,24,-18,16,-1,0,-56,45,-3,10,9,13,91,34,-36,38,-24,13,-61,10,-89,-36,-38,-30,22,-30,-68,-99,9,-53,-20,-29,-2,-17,-22,-44,-48,-16,-58,20,-3,-2,-15,7,24,-55,-30,-47,35,-53,-34,-38,-10,6,-10,-11,-57,-85,-89,41,-107,-119,-13,-7,-14,-24,-56,33,6,11,-8,26,28,5,16,37,-57,50,-10,-1,-22,16,-17,-3,-67,-68,-12,-4,-27,-35,-20,19,-8,0,-70,-35,-98,-105,17,-21,-17,-25,-83,16,-9,-9,-62,11,-23,-5,-8,-79,15,-48,-13,-14,-13,2,-21,-41,16,-31,-52,-66,-35,8,-56,-45,-1,0,-11,-10,-26,-20,-7,-1,-31,12,-5,2,-5,1,-26,10,-6,6,-23,54,-34,40,-37,27,-11,11,-15,8,-34,25,-139,75,-62,-71,-31,12,-31,-4,-14,-22,1,-1,-29,-44,-10,-36,19,-22,56,-26,66,-4,47,-59,12,-29,-15,-49,5,-110,-72,-127,7,-18,107,-52,31,-23,-8,-109,-11,-3,-72,53,-31,3,-77,-31,-13,-33,17,-114,-43,-44,-20,-46,-40,-58,-4,-38,-34,-40,-4,-47,-29,-10,-11,-24]]]
1253143	n	71.87,22.9039,72.283,23.3561	[[[718700,232185,270,6,55,370,32,8,11,38,112,9,17,25,84,16,55,-41,96,-246,45,28,136,6,87,99,193,1,14,0,9,-6,1,-1,29,-22,24,-18,-87,-363,-212,0,-35,-50,-91,-42,-48,39,-35,-52,-21,22,-32,-33,13,-18,-109,-48,-34,-107,-159,-7,-59,-36,20,-153,-22,-17,-12,-167,-46,-49,38,-226,1,-6,-2,-4,-46,-91,9,-13,89,-130,-3,-64,34,7,16,-31,-25,-12,76,-145,132,-63,135,32,58,-154,-52,-123,62,-64,98,-3,-31,71,18,114,126,115,116,21,124,-15,84,-39,97,28,24,-72,6,-195,32,-130,-113,-64,-16,-103,25,-86,95,-9,-37,-110,-214,-293,-17,-140,68,-106,45,-28,-55,-156,26,-7,237,-32,239,-11,239,11,237,32,233,54,226,75,216,95,206,114,192,132,178,149,161,165,143,178,123,190,102,201,58,150,-10,10,26,53,-3,153,-36,45,-226,28,48,142,-37,52,-157,57,10,22,-44,55,-185,47,-39,-29,-216,-33,5,-42,-34,-69,-1,-1,-3,-6,-317,-12,8,34,-59,39,20,3,-8,22,56,7,28,149,-21,92,260,39,-40,81,23,93,-28,76,-102,92,-55,193,32,8,48,99,93,57,-19,107,-891,1275,-201,27,-239,11,-239,-11,-237,-32,-233,-54,-226,-75,-216,-95,-206,-114,-192,-132,-146,-123,-7,-19,-16,0,-9,-7,-22,-23,-25,-83,-8,-73,79,-183,-43,-40,-12,-245,-42,-67]]]
1269665	r	87.8477,26.0946,88.4813,26.4829	[[[878477,264574,2287,-2802,12,-174,114,16,2,0,545,-668,8,13,102,299,80,25,78,-25,39,11,-4,31,60,87,1,7,-31,17,-3,32,12,42,8,6,16,9,-2,-13,16,7,13,35,-6,-17,52,31,13,4,23,-1,24,-29,8,-3,15,8,7,13,-4,12,-31,-3,-15,11,4,13,38,22,4,2,7,4,28,22,14,-29,37,0,16,3,13,13,40,1,40,25,6,16,-42,27,15,23,13,4,20,-3,7,-27,20,-11,30,-1,16,37,32,-14,10,16,-23,11,-3,14,18,10,18,-7,35,2,8,35,29,1,6,12,-4,13,-34,20,-1,29,8,2,17,-22,24,27,33,12,1,6,28,6,-6,2,8,-3,2,1,55,11,3,1,6,-19,8,-4,32,26,53,-13,11,8,32,2,25,-19,19,24,10,3,31,-13,19,3,36,42,-1,15,10,16,27,-12,17,6,-6,25,8,15,17,5,-3,-8,14,-12,31,29,0,4,26,8,-14,-19,7,-6,41,10,26,-30,26,10,-6,25,5,13,12,-4,9,-17,9,-1,39,47,40,-13,36,19,27,-17,30,12,34,2,10,9,0,12,-20,13,-6,22,31,6,6,14,19,14,24,-8,5,7,-6,34,16,-9,14,0,25,14,29,5,24,18,39,2,16,16,32,-7,8,20,-18,33,4,4,21,-12,15,11,-23,15,-7,23,52,24,8,23,-22,21,1,10,11,11,33,11,10,20,-17,18,-40,17,-31,6,-11,21,34,-13,12,6,-28,27,-34,5,5,22,-9,15,18,27,1,45,12,16,-1,26,8,14,-10,15,-8,-8,-14,0,-6,14,15,26,-8,27,26,15,-25,18,2,12,10,7,-6,28,26,1,3,24,13,10,1,12,7,-2,0,-10,36,14,16,36,41,31,-8,30,7,17,17,15,5,-7,24,-3,10,16,-3,20,14,23,28,4,2,-6,-11,-4,7,-19,21,17,-3,13,7,7,-6,20,-85,29,-23,-1,27,22,470,268,74,85,48,92,57,43,103,-61,66,-27,94,-4,99,11,75,17,59,-8,-384,721,-800,379,-212,13,-15,-122,-46,-59,-131,36,-74,133,-2,29,-2350,149,-57,-290,-299,-482,-377,-358,-311,-33,-143,124,-322,174,-142,119,-63,95,-65,175,-47,82,-25,-6,-241,178,-9,39,-177,-39,-44,-33]]]
1267904	r	73.7791,17.0912,74.6961,17.6146	[[[737791,172502,84,-44,124,-26,50,-66,77,-40,55,3,154,-60,71,-90,1404,-738,-28,-12,-25,-105,-1,0,-1,-6,39,1,58,-52,4,-100,211,-54,251,-201,139,83,43,-16,22,67,222,-72,60,39,143,-5,44,32,26,134,51,17,43,57,185,-101,40,35,200,56,147,170,72,6,23,77,226,12,234,-109,227,22,6,113,-134,16,41,18,8,34,89,6,10,87,50,8,3,32,-55,66,7,28,180,37,102,-11,-4,-59,22,-3,73,160,-10,114,-158,86,-21,75,48,62,144,59,25,111,-89,22,-143,80,-12,109,-55,53,13,46,-27,80,46,40,-63,49,72,132,198,29,97,43,-38,154,-80,82,74,144,2,58,-43,18,-237,-56,-26,2,-21,48,37,33,0,100,40,50,-24,52,100,101,140,262,109,69,316,-58,189,6,21,-7,-44,-93,558,-30,170,-55,142,-107,267,-11,81,29,98,-50,214,-44,67,85,181,136,1,66,100,86,133,5,236,-33,150,-47,-10,140,59,110,10,84,31,20,120,-28,17,-66,153,-212,34,-172,63,8,48,-35,61,31,120,-20,81,-30,85,-74,106,36,36,15,32,106,-68,180,115,77,-3,66,30,42,-3,92,-23,73,-125,319,-147,310,-50,90,-2742,851,-2433,-1003,-22,-56,-75,-32,-43,30,-72,-30,-37,-53,11,-13,40,-15,3,-9,-10,-39,42,-97,3,-26,1,-11,-41,-1,-2,0,-2,-1,-19,-9,-19,-2,-14,-9,-13,-24,-14,-13,-12,-27,-11,-3,-5,-1,-58,-1,-51,-24,-19,2,-35,15,1,-40,-10,-31,-58,-36,-15,1,-8,0,-7,1,-21,15,-56,69,-18,32,-3,7,-44,47,-12,127,-51,41,-39,14,-11,27,-13,10,-36,2,-29,22,-13,101,-76,46,-8,37,-69,74,-9,12,-67,74,-64,4,-32,23,-36,10,2,-19,13,-17,-1,-62,-13,-29,12,-22,1,-12,27,-66,11,-15,1,-16,-20,-55,1,-9,-11,-20,-59,-11,7,-74,-131,-94,-1,-117,-170,-133,-65,-87,58,-49,-1466,-604,-565,-1370]]]
1252795	p	1268561
1279394	n	72.5331,24.2539,73.026,24.7061	[[[725332,244800,12,-222,36,-219,59,-215,81,-209,104,-201,53,-81,678,-645,117,-111,165,-91,219,-95,228,-75,235,-54,239,-32,242,-11,242,11,239,32,235,54,228,75,219,95,208,114,194,132,180,149,162,165,145,178,124,190,104,201,81,209,59,215,36,219,4,76,-231,12,-27,16,62,69,-7,48,-51,39,142,87,-13,55,68,115,16,100,8,6,-7,40,-59,215,-81,209,-104,201,-124,190,-145,178,-162,165,-180,149,-194,132,-208,114,-219,95,-228,75,-235,54,-239,32,-242,11,-242,-11,-239,-32,-235,-54,-228,-75,-219,-95,-208,-114,-194,-132,-180,-149,-162,-165,-145,-178,-124,-190,-104,-201,-81,-209,-59,-215,-36,-219,-12,-222]]]
1258294	r	84.4973,26.7875,85.1352,27.3146	[[[844973,271900,344,-582,2040,-3443,3063,564,-234,19,-17,134,11,152,-172,78,-126,16,-124,31,-231,107,-84,181,-57,209,-146,191,-224,115,-182,54,5,62,-88,20,-59,21,-4,11,-24,-4,-21,10,-24,28,-25,2,-11,19,-12,-8,8,-19,-17,-14,-10,2,1,31,23,16,-24,12,-6,19,5,4,21,-20,7,25,-8,14,9,-1,0,5,-26,2,20,10,-2,12,-11,2,-12,-7,-15,12,-6,-3,2,-11,-12,9,-16,-6,9,26,13,5,-1,10,-15,6,14,28,23,7,-4,21,-163,61,-49,24,-36,28,-39,13,-57,7,-21,-17,-85,-31,-25,-27,13,-9,20,18,2,-11,-5,-18,-77,16,-131,-43,-1,0,-16,-5,-9,19,-6,1,0,-25,-1,0,-12,-8,-21,41,3,25,-92,34,-15,1,-36,-29,-38,-17,-5,-27,-19,-16,-10,-32,-35,-29,15,2,12,-7,5,-20,-6,-11,-1199,292,-129,81,-58,215,89,228,141,229,99,217,54,397,-21,383,-95,373,-163,363,-254,335,-65,41,-233,-150,-227,-167,-215,-180,-201,-193,-62,-68,-89,-488]],[[850472,268449,880,162,-124,46,-226,-22,-530,-186]]]
13353584	p	1265873
1276810	r	74.3665,21.7352,75.3363,22.5134	[[[743665,220376,223,-172,428,99,119,-71,-48,-24,52,-42,-3,-54,86,-65,-48,-41,-51,26,-100,-38,58,-21,7,-64,27,-9,-27,-28,4,-60,230,-179,16,28,59,10,17,-35,-23,-40,47,14,78,-18,4,-44,67,14,18,-50,-58,-54,44,-24,61,34,48,-75,84,-20,42,-54,-19,-64,2448,-1903,895,456,3114,1590,1255,641,405,1189,-7,1,-59,114,111,16,94,276,-5643,3499,-101,-22,-335,-95,-327,-115,-318,-134,-308,-154,-296,-172,-284,-190,-270,-207,-255,-223,-239,-238,-221,-252,-204,-265,-184,-276,-165,-288,-144,-297,-123,-305,-102,-312,-79,-317,-57,-322,-34,-324,-9,-250]],[[749593,217755,51,-26,142,-21,85,43,63,-13,93,52,10,19,-5,7,-33,2,-99,-28,-35,4,-8,8,1,16,40,41,82,43,19,3,-61,7,-70,-12,-167,-89,-43,-13,-65,-43]]]
1265911	p	1278985
1254343	p	1255947
1259841	p	1278685
1269422	p	1261039
11522307	p	1272013
1264551	r	86.4163,23.9798,87.0839,24.44	[[[864163,244400,1125,-4026,1485,-576,3364,1082,351,235,13,26,102,250,84,255,66,259,48,263,28,266,10,266,-5,121,-3697,875,-184,-107,-87,4,-19,-27,-26,-21,-88,-10,-18,22,-26,7,-35,-9,-142,-99,-31,-7,-86,3,-24,17,-63,5,-56,54,-47,11,-2,29,40,9,27,18,-6,116,-85,7,-61,23,-9,28,5,32,32,114,6,15,-1989,470]]]
1272670	p	1257402
1274862	n	76.4497,14.1256,76.8818,14.5461	[[[764497,144333,1359,-2948,1798,-127,25,-2,109,64,182,132,169,149,153,165,135,178,117,190,97,201,77,209,55,215,34,219,11,222,-11,222,-34,219,-55,215,-77,209,-97,201,-117,190,-135,178,-153,165,-22,19,-1380,631,-10,1,-227,11,-227,-11,-225,-32,-221,-54,-214,-75,-206,-95,-195,-114,-182,-132,-169,-149,-153,-165,-135,-178,-76,-123]]]
1275582	p	6990539
1274119	n	73.2745,17.3039,73.7443,17.7561	[[[732745,175300,11,-222,34,-219,56,-215,78,-209,99,-201,119,-190,137,-178,156,-165,171,-149,186,-132,198,-114,209,-95,217,-75,225,-54,228,-32,231,-11,231,11,228,32,225,54,217,75,209,95,198,114,186,132,156,136,-27,12,-100,105,-47,-30,-49,65,-92,6,-12,42,27,59,35,17,61,-78,47,55,84,-17,60,122,57,38,98,130,116,2,38,43,39,82,-40,45,28,57,-55,91,45,118,-34,88,-75,41,18,49,-15,42,98,43,42,65,-63,72,34,55,90,82,53,7,8,67,74,-9,116,86,-11,66,44,127,-6,42,-281,165,48,120,56,35,-22,99,-96,96,75,103,-110,75,-146,-6,-56,29,92,140,-29,79,35,77,-41,77,-35,18,-11,56,-94,43,4,53,1,1,-58,61,-38,9,-172,89,-38,83,-162,-90,-212,151,-113,-93,-120,-21,-107,65,14,53,-117,89,39,67,-1,97,45,37,11,27,-13,5,-225,54,-228,32,-231,11,-231,-11,-228,-32,-225,-54,-217,-75,-209,-95,-198,-114,-186,-132,-171,-149,-156,-165,-137,-178,-119,-190,-99,-201,-78,-209,-56,-215,-34,-219,-11,-222]]]
1263852	r	80.1062,22.3548,80.6338,22.8452	[[[801062,226000,6,-160,16,-160,29,-158,39,-157,50,-153,61,-150,71,-147,81,-141,91,-136,101,-131,110,-124,118,-117,126,-110,133,-101,140,-94,147,-85,152,-75,157,-66,162,-57,165,-47,168,-36,171,-26,171,-16,173,-5,173,5,171,16,171,26,168,36,165,47,162,57,157,66,152,75,147,85,140,94,133,101,126,110,118,117,110,124,101,131,91,136,81,141,71,147,61,150,50,153,39,157,29,158,16,160,6,160,-6,160,-16,160,-29,158,-39,157,-50,153,-61,150,-71,147,-81,141,-91,136,-101,131,-110,124,-118,117,-126,110,-133,101,-140,94,-147,85,-152,75,-157,66,-162,57,-165,47,-168,36,-171,26,-171,16,-173,5,-173,-5,-171,-16,-171,-26,-168,-36,-165,-47,-162,-57,-157,-66,-152,-75,-147,-85,-140,-94,-133,-101,-126,-110,-118,-117,-110,-124,-101,-131,-91,-136,-81,-141,-71,-147,-61,-150,-50,-153,-39,-157,-29,-158,-16,-160,-6,-160]]]
1275930	p	1258393
12523250	p	1256523
1465873	p	1264527
1259508	p	1268561
1268135	r	87.7843,23.7628,88.2915,24.1847	[[[877843,239411,60,-527,1276,-1255,3736,941,-1262,1534,21,24,5,41,-13,29,-29,-8,-29,-31,-41,49,3,15,2,61,34,43,22,56,33,34,18,59,-26,197,6,28,87,9,47,29,53,-5,1,-20,14,-4,16,5,14,15,16,60,-10,36,-39,40,-7,59,10,26,-21,2,-40,23,-14,19,-23,14,-36,-14,-67,-1,-97,20,65,24,7,19,-4,13,-63,26,-30,-3,-41,-46,-48,-8,-32,2,-31,18,-13,16,-3,68,-6,26,-13,19,-14,18,-89,47,-40,-23,-59,0,-16,-6,4,-26,51,-19,10,-17,-3,-17,-31,-23,-70,6,-60,-66,-51,-74,-21,-10,-41,35,-1,22,-17,15,5,23,-4,13,-21,21,-19,-17,-9,-17,-637,774,-2375,-2436]]]
1269819	n	77.6183,11.4773,78.0187,11.7176	[[[776183,116464,2096,-1691,1454,301,-1,1,-2,29,10,28,-13,15,6,27,31,55,8,70,14,7,30,-7,82,-29,116,-10,11,12,37,-23,15,1,6,25,31,-8,52,35,5,-2,16,36,-398,1840,-3583,-623,-23,-89]]]
10263162	p	1273294
1259228	p	1264621
1271346	r	87.3867,22.3,88,22.8246	[[[873867,227450,2252,-3339,1020,-1106,161,-5,253,8,93,8,2354,4201,-2582,509,-12,11,-11,-6,-4,0,7,17,-1,35,-61,-11,-5,-9,6,-5,-2,-9,-51,7,-9,-2,-20,4,-1,14,14,22,0,74,-11,16,-24,-4,-51,6,-8,-5,-1,-14,-26,2,-50,-17,-30,14,12,-73,-2295,453,-917,-796]]]
10265094	p	1273294
1257851	n	74.7984,13.9339,75.2616,14.3861	[[[747984,141600,11,-222,33,-219,56,-215,76,-209,97,-201,117,-190,136,-178,152,-165,169,-149,182,-132,195,-114,206,-95,214,-75,220,-54,225,-32,227,-11,227,11,225,32,220,54,214,75,206,95,195,114,182,132,169,149,152,165,136,178,117,190,97,201,76,209,56,215,33,219,11,222,-11,222,-33,219,-56,215,-76,209,-97,201,-117,190,-136,178,-152,165,-169,149,-182,132,-195,114,-206,95,-214,75,-220,54,-225,32,-227,11,-227,-11,-225,-32,-220,-54,-203,-71,-18,-16,-15,-92,111,-79,48,-8,40,-77,153,-46,-3,-42,22,-14,-26,-5,-8,-48,-33,-7,28,-55,7,29,38,-27,-55,-49,-37,-4,-99,81,-60,-65,-29,26,-97,-1,-22,29,-60,-35,-58,6,-49,-37,-24,-73,-45,-45,-1,-49,-63,-42,30,-166,56,-20,10,-31,73,52,24,-9,21,-127,58,-14,9,-49,32,-21,-30,-132,-49,-21,-32,-42,17,-15,-57,-28,-34,-50,-192,24,-38,-25,-6,-68,-34,-30,-152,-18,24,37,-5,16,-34,-17,-8,84,49,68,-70,66,-48,-32,-21,-183,-71,-9,-25,-60,-33,-16,-211,188,-101,-22,-40,45,-79,-15,-19,-52,-56,-215,-33,-219,-11,-222]]]
1256343	p	1276032
10263053	p	1273294
1272606	r	77.229,18.2032,77.8884,18.9174	[[[772290,187720,1289,-3218,82,5,31,-32,-58,-108,1,-5,15,-8,-5,-15,19,-48,6,-4,0,-12,103,-256,18,3,53,-22,165,23,132,-100,0,-1,-43,-156,-10,-2,-7,-10,-14,-10,-38,-9,-12,-26,-44,-2,-24,-12,48,-96,9,-124,-55,3,-6,-33,9,-11,-60,-13,1,-11,-7,-5,-10,-1,-5,6,-24,-12,-7,9,-16,-2,-6,-15,3,-6,1,1,6,-12,-9,-7,-3,-2,1,-14,1,2,3,-27,-8,-10,-54,9,-42,-59,-6,-1,-13,-2,-1,-15,-53,-20,-83,-18,31,-55,6,0,61,-67,16,-4,40,6,47,7,35,-7,56,0,0,-5,11,-1,-1,0,30,-4,41,-38,42,-2,27,11,16,-6,8,-17,94,-6,9,15,26,21,1,-2,10,10,87,15,28,35,3,14,90,-26,-3,-69,-4,-26,-1,-87,14,-32,0,-15,29,-53,50,13,4,-38,-4,-29,15,-68,34,-13,-2,-7,50,-19,12,4,37,-13,1,-1,45,-16,18,0,7,4,74,13,40,40,1,13,13,17,30,-17,7,-1,44,-20,11,-3,40,12,17,23,2,0,0,3,27,36,25,12,14,16,28,61,28,2,22,86,-4,6,9,42,-1,33,-19,35,45,55,104,-18,21,-31,97,-77,129,-29,5,-5,-2,-16,12,-7,1,15,110,-91,54,24,61,81,12,-45,58,-42,180,-33,60,-35,-120,-177,-98,-26,-88,-160,-4,-33,83,-81,17,-42,2968,-242,92,265,-1122,2746,-149,-17,20,166,-19,94,-162,271,-12,-31,-57,43,-7,87,19,25,9,75,29,15,10,48,-2,7,9,21,43,57,-4,45,-29,103,-9,171,-18,42,-24,17,-36,76,-64,91,-23,205,-66,0,-73,14,-48,1,-2,0,-1024,2505,-3406,-1309,-377,-145]]]
1264570	p	1257804
1277091	r	74.2112,17.782,75.1369,18.6477	[[[742112,181379,10,-31,71,1,25,-38,-44,-193,-3,-150,165,34,76,-18,236,-187,155,-48,154,-12,61,-62,91,46,87,6,70,123,42,28,253,89,46,-36,18,-64,62,-23,54,-95,68,-47,45,-7,89,38,424,-86,148,-108,47,-61,54,-14,135,28,115,71,138,38,156,8,173,-29,92,39,49,68,90,15,60,-25,73,-124,92,-19,9,-52,21,-11,4,-2,7,-4,1,2,4,7,39,70,35,15,184,-93,104,21,92,81,62,-48,19,-67,44,-8,30,36,87,104,3,85,66,26,51,2,13,-10,2,0,5,81,168,301,3,125,-47,55,6,110,-65,66,-94,175,-15,76,7,144,48,113,-111,101,39,439,28,106,77,80,9,78,211,38,191,-17,16,312,-135,42,-276,-23,-244,41,-159,-27,-70,-38,-7,208,-59,94,21,44,-301,149,-51,7,-183,-132,-110,-59,-192,-47,-129,-94,-146,44,-133,-33,-157,54,-81,5,2,65,-22,24,-156,23,-33,73,-84,7,-3,107,-128,-18,-76,70,-153,-57,-51,17,-163,-73,-109,21,-47,78,-7,152,-37,12,-73,124,-80,-5,-65,-69,-51,7,-123,-71,-137,-20,-64,15,32,-215,-9,-126,-34,-70,-188,-19,-78,-27,-25,-37,-47,-216,-62,-39,-35,-350,-173,-236,34,-59,-20,-130,29,-54,-34,-178,50,-109,-43,-71,38,-86,0,-88,-35,-45,-7,-83,-103,-112,-136,-73,-112,14]],[[744712,186438,14,-39,106,-100,223,-63,34,-102,102,0,167,47,138,-60,24,-50,-79,-65,-33,-177,19,-35,104,-59,127,-180,119,-60,-5,-49,-79,-2,16,-79,-56,-122,-55,-64,-92,-42,-42,-58,85,-125,139,-92,104,-127,61,-25,300,-30,163,-143,150,-40,109,70,135,24,31,32,-20,58,-81,4,-84,70,50,155,232,63,159,92,81,-23,196,-200,-45,-397,-50,-85,-12,-91,23,-61,80,-75,21,-111,92,-45,140,-6,130,87,133,40,152,-79,60,-105,94,-72,-40,-102,-96,-136,-6,-76,141,-96,208,-51,23,-30,-15,-84,154,-165,13,-64,-65,-75,-59,-27,-311,80,-50,-21,-27,-50,6,-81,328,-348,90,-66,402,42,44,40,181,71,243,-7,218,59,43,-2,99,-123,185,-94,134,-40,495,226,31,-29,-30,-88,-117,-81,-202,-301,-3,-46,71,-137,61,-39,139,54,228,41,208,176,142,25,133,-9,31,-204,-84,-309,-109,-196,-16,-74,33,-165,27,-31,59,-7,254,352,83,116,-208,2506,-122,218,-209,321,-230,308,-252,293,-270,276,-125,113,-5225,772,-16,-39]],[[746603,179436,1987,-1616,997,1381,-54,27,-114,20,5,123,-54,46,-77,-9,-126,44,-87,-2,-139,-83,-97,57,-106,19,-48,74,-71,-2,-104,-56,-64,11,-9,69,150,175,39,177,-12,36,-154,42,-103,-45,-48,10,-57,141,-70,74,-67,-38,8,-98,-112,-39,-115,116,-107,22,-127,128,-52,-4,-120,-73,-37,13,-31,87,-181,46,-114,-24,16,-7,-84,-2,-189,-68,-168,-130,-75,-26,-2,-58,56,-91,2,-113,-85,-354]]]
1264414	r	81.8726,20.2902,83.2785,21.5568	[[[818726,209642,6,2,-1,-246,37,-252,131,-139,19,-56,-27,-223,124,-268,20,-122,215,-232,-103,-116,608,-712,5,-1,72,-49,-1,-40,3657,-4285,3175,2481,2023,5995,-41,247,14,8,54,-65,16,54,38,12,17,-98,48,-57,109,84,17,44,46,19,12,44,135,-54,107,26,63,-13,54,66,24,-35,-6,-53,29,-6,44,40,-39,93,38,16,-31,29,36,47,123,63,28,43,30,-2,10,-175,87,63,83,-21,51,32,-72,-121,36,-17,71,27,109,-21,-23,-35,-63,-18,-92,-130,61,-106,118,-33,78,84,41,12,64,-50,19,-49,58,-23,64,21,-11,-48,47,-6,63,-72,65,26,271,-144,140,12,40,-31,162,23,164,-68,97,54,169,200,107,76,40,-21,131,4,78,28,54,62,7,171,59,52,15,143,86,119,-28,118,47,59,19,142,35,35,-39,222,52,143,68,56,82,-23,3,4,103,119,170,-37,59,-59,79,202,-25,84,-59,9,-87,58,-48,111,50,100,39,10,-2,21,-81,16,-1,26,118,109,44,290,-238,66,-127,-16,-149,16,-42,123,-171,42,-31,-86,-91,-94,24,61,-16,79,-97,67,-57,-126,-206,-142,-24,-90,-78,-37,-25,80,-97,80,21,131,-32,72,-96,24,-60,87,21,58,69,-7,-11,76,-151,61,-68,-20,-56,12,-72,53,-149,-6,-120,27,-90,96,30,157,-5,12,-79,205,-58,-1,-78,48,-165,29,-14,-192,-79,-100,-80,-14,-64,58,-54,0,-95,124,-120,-63,-36,180,-88,76,-45,-6,-34,-44,-10,27,-95,11,-27,-39,-104,-21,-129,187,-49,143,-107,185,-120,135,-61,18,-15,-42,-21,18,-226,-109,-119,-19,-38,-93,-54,-37,-62,33,78,-169,-6,-71,-33,-35,-112,51,-237,8,-76,36,-111,103,-47,-16,-99,-98,-56,-14,-59,-72,-354,511,-6263,-1228,42,-25,85,-114,93,-38,17,-33,108,10,25,-63,-35,-65,-14,-111,17,-62,63,-13,21,-141,114,-10,58,-66,26,-5,6,34,142,137,38,3,54,55,124,-33,59,34,66,-13,-301,-476,-243,-270,-105,-57,-109,-118,-227,-53,-306,-152,-298,-253,-187,-322,0,-376,-40,-154,-5,-18,-150,-158,-93,-564,-280,-352,-65,-114,-289,-186,-341,-280,-113,-114,-69,-147]]]
1256369	r	81.5886,24.1329,82.1714,24.6671	[[[815886,244000,7,-175,18,-174,31,-172,44,-170,55,-168,67,-163,79,-159,90,-155,100,-148,112,-142,120,-135,131,-128,139,-119,147,-111,155,-102,162,-92,168,-83,174,-72,178,-62,183,-50,186,-40,188,-28,189,-18,190,-5,118,151,13,143,51,34,-15,195,152,88,74,211,115,-13,51,37,36,194,42,4,66,-67,56,23,9,45,-39,131,31,50,56,-8,50,-146,73,-22,50,-62,221,36,195,261,118,76,91,121,10,72,-100,115,33,54,199,37,112,-79,498,195,-5,73,-91,102,44,136,61,76,138,21,91,-49,127,41,73,-41,44,5,9,41,-87,174,-69,71,5,26,72,7,114,-63,16,0,7,175,-7,175,-18,174,-31,172,-44,170,-55,168,-67,163,-79,159,-90,155,-100,148,-112,142,-120,135,-131,128,-139,119,-147,111,-155,102,-162,92,-168,83,-174,72,-178,62,-183,50,-186,40,-188,28,-189,18,-191,5,-191,-5,-189,-18,-188,-28,-186,-40,-183,-50,-178,-62,-174,-72,-168,-83,-162,-92,-155,-102,-147,-111,-139,-119,-131,-128,-120,-135,-112,-142,-100,-148,-90,-155,-79,-159,-67,-163,-55,-168,-44,-170,-31,-172,-18,-174,-7,-175]]]
1267616	r	74.9101,12.3943,75.3274,12.6872	[[[749101,126496,452,-1123,90,-128,127,-303,59,-163,-1,-17,-9,-5,-13,-28,15,27,18,-10,-6,-4,45,0,0,-9,-34,-2,34,0,8,-10,2,-7,32,-97,29,-27,34,-73,-1,-19,11,-2,28,-43,39,15,22,-10,4,3,13,-23,11,-80,74,-211,121,-204,826,453,10,-3,6,-7,5,-41,8,-10,51,-7,15,-22,12,22,11,3,34,-11,8,-18,-9,-23,7,-27,13,-7,23,-1,56,-22,8,-8,75,19,6,-14,-9,-21,34,-10,16,1,48,60,13,-2,7,-9,2,-9,-13,-7,6,-10,23,-1,6,15,24,10,13,21,3,19,40,13,38,-10,12,3,15,27,40,2,31,34,18,8,-13,27,5,17,17,19,44,9,51,27,-8,54,48,18,35,39,20,6,14,-2,24,-28,20,0,4,33,13,20,31,20,12,39,18,22,89,27,41,22,15,4,15,-4,6,-42,-6,-27,4,-15,26,-3,28,8,20,-10,13,1,14,9,5,40,31,4,-2,-42,-17,-27,15,-14,77,-6,25,54,29,8,15,-5,18,-22,3,-31,14,-18,26,4,41,-6,18,13,15,23,-9,11,-2,21,66,55,11,5,51,-18,49,6,18,24,5,52,29,25,29,61,31,20,16,41,35,26,65,27,-16,43,-69,-3,-13,10,-12,22,2,41,-12,50,0,78,-62,1,-7,23,-45,12,-59,-7,-17,6,-33,-8,-5,7,-14,53,-36,32,-13,24,-3,16,7,28,-37,74,7,78,-12,32,0,17,17,44,3,31,27,37,23,12,48,-11,20,-1,9,6,54,104,100,-29,53,1,48,-18,14,-31,16,-14,26,9,25,44,77,44,10,28,-4,24,13,28,-3,10,-33,5,-127,-10,-24,17,-24,31,-19,54,-27,36,-27,8,-81,-28,-22,74,-40,18,-36,47,-72,16,-34,-27,-46,-12,-16,-40,9,-53,-17,-20,-25,-58,-41,-32,-29,-51,-20,-17,-20,-32,-59,-39,-60,-29,-8,-13,1,-61,-5,-15,-74,-12,-43,20,-44,-7,-14,9,-32,76,-42,19,-30,120,-33,4,-52,-24,9,48,12,13,44,18,3,16,17,28,-5,9,-16,6,-9,53,-10,11,-51,8,-11,15,0,71,22,68,-4,30,-45,-3,-58,25,-23,5,-28,-7,-20,7,-23,-12,-50,-42,-22,-27,-28,-18,-34,-4,-30,16,-19,-14,-9,0,-74,26,-53,74,-8,34,-41,-12,-1,-15,57,-56,15,-49,21,-12,16,7,7,-4,4,-8,-22,-17,9,-26,-17,-20,3,-7,21,-5,-15,-52,-32,-6,-9,4,-18,-12,-16,-27,-43,4,-28,-16,-26,17,-29,-5,-12,4,-6,4,-7,22,-18,20,-28,77,-9,7,-91,3,-25,-4,-26,18,-9,46,-26,12,-4,36,-14,10,-24,6,-22,-6,-21,-19,-1,1,-861,603,-1033,-376]]]
1271558	n	79.7607,19.9539,80.2393,20.4061	[[[797607,201800,12,-222,34,-219,57,-215,79,-209,101,-201,121,-190,139,-178,158,-165,174,-149,189,-132,201,-114,212,-95,221,-75,228,-54,232,-32,235,-11,235,11,232,32,228,54,221,75,212,95,201,114,189,132,174,149,158,165,139,178,121,190,101,201,79,209,57,215,34,219,12,222,-12,222,-34,219,-57,215,-79,209,-101,201,-121,190,-139,178,-158,165,-174,149,-189,132,-201,114,-212,95,-221,75,-228,54,-232,32,-235,11,-235,-11,-232,-32,-228,-54,-221,-75,-212,-95,-201,-114,-189,-132,-174,-149,-158,-165,-139,-178,-121,-190,-101,-201,-79,-209,-57,-215,-34,-219,-12,-222]]]
1259123	r	79.2699,13.3114,79.8871,13.608	[[[792699,134186,631,-1072,1805,523,-5,-13,-48,-34,-39,-18,40,-63,28,-89,111,-1,39,26,54,-31,42,-33,16,4,80,71,36,52,31,31,78,46,65,47,120,37,-12,114,16,9,1,23,-7,8,2859,828,231,66,-12,116,-19,113,-2786,1134,-3355,-1894]]]
1269392	n	72.3715,25.1239,72.8685,25.5761	[[[723715,253500,12,-222,36,-219,59,-215,82,-209,104,-201,126,-190,145,-178,164,-165,180,-149,196,-132,210,-114,220,-95,230,-75,236,-54,241,-32,244,-11,244,11,241,32,236,54,230,75,220,95,210,114,196,132,180,149,164,165,145,178,126,190,104,201,82,209,59,215,36,219,12,222,-12,222,-36,219,-59,215,-82,209,-104,201,-126,190,-145,178,-164,165,-180,149,-196,132,-210,114,-220,95,-230,75,-236,54,-241,32,-244,11,-244,-11,-241,-32,-194,-45,-47,-42,32,-68,-49,-68,124,-142,18,-54,-46,20,-165,-83,-113,-96,-48,-87,-131,20,-60,-74,-15,-55,38,-8,-11,-42,-199,-56,-29,-116,-181,-156,-73,27,-61,-11,-123,-113,-158,-73,-106,-6,-71,43,-109,-4,-34,-64,-82,-209,-59,-215,-36,-219,-12,-222]]]
1257559	n	76.0122,29.9249,76.4095,30.28	[[[760122,299942,42,-41,188,-149,205,-132,219,-114,230,-95,240,-75,247,-54,252,-32,11,-1,-35,14,54,81,14,102,141,78,-27,33,13,41,49,27,-16,32,101,91,1,68,-37,60,27,19,39,-33,22,29,-37,46,42,25,-14,88,64,34,89,7,59,54,-6,31,-160,50,8,98,66,45,7,130,59,51,-18,39,276,310,-88,56,-88,115,-62,-3,-62,58,-73,-16,39,54,-33,85,69,31,-81,70,-18,71,-65,45,12,102,43,-1,38,-79,164,-30,-7,-47,117,-115,33,16,75,-43,-11,-40,80,-52,136,-26,95,-78,40,5,89,73,233,-194,84,40,133,12,43,75,126,120,-176,62,-83,121,23,44,118,6,0,34,28,2,86,-63,18,-97,44,-54,-39,-22,12,-31,257,-63,104,28,-71,186,176,100,-1549,1344,-765,-144,-12,-24,25,-51,36,-12,-90,-61,20,-17,-98,-92,-34,63,-93,18,-103,-58,-53,-90,-58,69,-53,-47,-41,21,-76,-82,-28,5,21,-62,-61,-27,-4,-1,-12,-5,-112,-16,-4,27,-139,-13,-4,46,-31,3,-152,-140,10,-31,50,-17,-43,-20,22,-9,-89,-112,-82,-54,73,-112,-16,-57,22,-50,165,-129,-42,-49,-68,17,-4,-39,67,-10,15,-34,85,-44,13,-47,-61,1,-24,-71,19,-25,77,6,22,-27,-57,-49,1,-15,4,-14,91,21,66,16,26,7,1,-1,2,0,77,-126,-156,-235,24,-58,-104,-105,62,-92,-165,52,-49,-47,6,61,-96,53,-53,-20,8,-35,-88,-86,82,-29,-12,-19,-91,5,-20,-56,24,-5,-43,-41,64,-61,-20,-44,-78,-88,-56,17,-19,-74,54,-23,-171,-106,-28,-58]]]
1258922	n	78.9282,13.9739,79.3917,14.4261	[[[789283,142000,2,-25,287,-728,289,-737,101,-109,168,-149,183,-132,195,-114,205,-95,215,-75,220,-54,225,-32,227,-11,227,11,225,32,220,54,215,75,205,95,195,114,183,132,168,149,153,165,135,178,117,190,97,201,77,209,55,215,33,219,12,222,-12,222,-33,219,-55,215,-77,209,-97,201,-117,190,-135,178,-153,165,-168,149,-183,132,-195,114,-205,95,-215,75,-220,54,-225,32,-227,11,-227,-11,-225,-32,-220,-54,-215,-75,-205,-95,-99,-58,-879,-927,-70,-144,-77,-209,-55,-215,-33,-219,-12,-222]]]
10469921	p	1262180
8430980	n	91.3918,25.124,91.8882,25.4061	[[[913918,251800,12,-222,16,-95,373,-103,391,-41,98,14,201,59,108,13,117,27,168,124,86,35,173,-11,74,-77,67,-114,160,-120,169,-38,256,-11,233,32,103,93,51,161,115,4,129,-59,89,-24,70,51,60,121,64,56,152,19,484,-41,943,108,2,39,-12,222,-36,219,-59,215,-82,209,-104,201,-126,190,-145,178,-163,165,-181,149,-16,11,-633,338,-205,67,-236,54,-241,32,-243,11,-243,-11,-241,-32,-236,-54,-230,-75,-220,-95,-209,-114,-195,-132,-181,-149,-163,-165,-145,-178,-126,-190,-104,-201,-82,-209,-59,-215,-36,-219,-12,-222]]]
1260674	n	78.5674,13.0611,78.9277,13.4191	[[[785674,131999,11,-84,77,-49,4,-119,33,-73,-68,8,-15,-10,112,-875,1309,-126,4,16,91,-26,21,-2,56,-4,7,-2,434,-42,48,13,159,66,21,60,154,142,71,-13,82,-40,15,-6,977,407,-76,2283,-70,76,-168,149,-181,132,-195,114,-204,95,-213,75,-111,27,-90,-83,-2295,-2109]]]
1273232	p	1261731
1268189	n	77.2436,12.3239,77.6501,12.7546	[[[772436,124698,16,-18,90,23,34,-68,67,-19,48,32,57,-252,-48,-56,33,-44,119,-9,8,-79,-42,0,23,-116,-24,0,27,-24,15,-137,157,-23,118,16,172,-303,32,-79,-38,-122,20,-9,212,-75,219,-54,223,-32,226,-11,226,11,223,32,219,54,212,75,205,95,193,114,182,132,167,149,152,165,134,178,116,190,97,201,76,209,55,215,33,219,11,222,-11,222,-33,219,-55,215,-11,29,-370,693,-42,56,-152,165,-167,149,-182,132,-193,114,-112,52,-1933,-1382,-804,-1466]]]
1252840	r	93.8305,25.6789,95.0239,26.5614	[[[938305,263985,1143,-2821,275,-677,-19,-24,1,-59,-78,-35,-28,-244,-69,-92,70,-90,-52,-254,145,-130,-6,-206,89,-61,30,-68,79,-8,54,39,-26,16,168,95,40,14,45,14,136,-17,4,1,5888,-1825,2462,-763,4,6,292,367,264,384,235,398,207,412,176,423,145,432,113,441,82,446,49,449,16,452,-16,452,-49,449,-82,446,-113,441,-145,432,-90,214,-3202,1201,-3531,-279,157,228,-91,42,-11,-17,-34,35,-33,-6,1,23,-66,46,-37,92,-14,157,-53,99,33,105,-48,85,-7,105,12,61,40,18,-47,59,27,126,-40,-35,-103,-90,-136,-75,-191,-351,-162,-84,-131,-115,-60,-180,-77,-67,-89,-29,-22,-39,-109,-249,28,-63,-35,-76,58,-338,-48,-82,14,-38,-21,-63,-110,-100,2,-18,-4,-4,10,-48,-71,22,-168,-5,-57,57,-152,420,-17,245,-2844,-224]]]
1253807	r	78.9702,20.3965,79.8626,21.0793	[[[789702,207562,165,-26,93,31,26,-114,133,23,38,-80,33,-4,160,-4,19,28,51,-37,81,-4,25,-91,133,-14,1830,-2594,2795,-711,3342,2901,-2611,2266,-1913,1661,-1653,-504,-256,-185,-11,0,13,263,-143,72,-39,-29,11,-51,-60,-75,-87,29,-20,-47,-49,31,42,69,-98,23,10,35,-145,42,9,-115,-43,-7,24,-140,-40,-34,-25,-69,-70,46,3,-84,-21,-16,-113,-38,-74,29,-9,-36,-51,-7,-13,26,-80,-73,-19,-152,-22,-26,-92,113,-53,14,-46,-8,-130,-102,-22,-107,-136,-153,-26,-75,35,-34,121,-42,-14,-115,-31,-35,-58,-207,41,-23,-131,-95,-16,10,-52,-26,12,-24,-25,-18,-544,-504,251,-357,-37,-27,18,-113,-76,-17,-68,-75,-213,-50,13,-54,-92,-84]]]
1268341	p	1256639
13353583	p	1254163
11657313	p	1267648
1260222	n	83.1928,18.6173,83.6672,18.9803	[[[831928,187800,11,-222,8,-45,34,0,20,-16,64,-3,17,-20,-7,-21,-113,-32,-1,-1,5,-30,178,-137,3801,-1100,32,28,157,165,138,178,120,190,100,201,78,209,56,215,35,219,11,222,-11,222,-35,219,-56,215,-78,209,-100,201,-120,190,-138,178,-157,165,-172,149,-187,132,-200,114,-20,9,-581,-26,-1805,-81,-30,-16,-187,-132,-172,-149,-157,-165,-138,-178,-120,-190,-100,-201,-78,-209,-56,-215,-35,-219,-11,-222]]]
1265989	p	1258847
1261008	n	76.1657,10.5576,76.515,10.9197	[[[761657,108430,731,-1640,1096,-609,4,-1,18,2,22,18,53,4,79,-38,19,1,80,-95,36,9,-11,-24,-25,-17,13,-19,31,-17,5,-1,7,-6,21,-12,24,41,77,-35,8,-29,31,-23,4,-19,24,-3,38,-20,9,-31,137,-76,11,1,8,-11,368,-204,100,35,203,95,192,114,80,59,0,1918,-32,-44,-21,-9,-45,-39,-42,-11,-48,2,-44,-30,-35,54,-44,20,-3,31,-14,17,3,27,-15,9,-7,28,-13,13,-14,2,-26,-12,-120,-6,-11,17,-36,8,-22,29,-3,27,-28,-4,-6,20,9,39,-28,31,-5,19,7,25,33,22,2,54,15,12,1,31,12,2,20,-13,10,5,2,12,11,2,8,-33,10,-5,12,3,10,11,-1,18,-19,29,-9,39,4,56,22,48,-6,100,5,24,-17,111,-1,37,6,37,-1267,400,1,-8,-158,9,-7,50,-16,6,-130,-6,-88,74,-30,9,-99,-65,-54,33,-101,-7,-66,-88,8,-42,-105,-177,-201,4,-31,18,-60,114,-576,-556]]]
1272640	n	74.327,27.1789,74.833,27.6029	[[[743270,274000,13,-222,36,-219,60,-215,84,-209,106,-201,128,-190,148,-178,166,-165,184,-149,200,-132,213,-114,224,-95,234,-75,213,-47,1427,480,1615,1571,9,160,-13,222,-36,219,-22,77,-254,-17,-28,124,47,140,-58,108,-113,-10,-55,44,-55,-11,-30,48,-169,-66,-43,127,-182,-67,-117,110,37,91,-26,91,25,39,-39,125,165,85,195,144,-154,125,-200,132,-213,114,-81,35,-1559,-497,-2066,-1291,-3,-19,-13,-222]]]
10263049	p	1273294
7302810	p	1269843
1272225	r	84.0245,25.2523,84.4087,25.8904	[[[840245,252614,481,-91,1239,93,1722,733,400,581,-87,3853,-168,380,-51,37,-199,130,-208,118,-217,105,-223,92,-229,78,-235,65,-239,50,-242,37,-244,22,-245,7,-245,-7,-159,-15,-344,-2531,18,5,3,-35,83,-1,9,-28,0,-48,26,-14,2,-35,51,-43,5,-22,-4,-29,-18,-20,-40,-8,-5,-11,29,-25,4,-25,-9,-7,-25,0,-21,9,-22,-5,-61,-97,-22,-22,-44,-13,-39,-11,-19,-34,8,-34,17,-10,7,-5,23,-2,50,10,121,58,33,-5,21,-26,-19,-71,-27,-38,-6,-38,2,-21,50,-53,17,-48,-13,-23,-4,-86,11,-38,-11,-31,28,-50,0,-42,-24,1,2,-33,-18,-17,-39,-3,-1,-16,10,-16,6,-31,-8,-42,-50,-13,-24,-15,-31,12,-47,0,-20,-9,-63,-5,-6,-22,-69,4,7,53,-341,-2513]]]
11520202	p	1254348
13156777	n	79.8878,16.6639,80.334,17.0441	[[[798878,167940,52,-106,119,-190,137,-178,154,-165,171,-149,185,-132,198,-114,208,-95,217,-75,223,-54,228,-32,230,-11,230,11,228,32,223,54,217,75,208,95,198,114,185,132,171,149,154,165,137,178,119,190,98,201,78,209,56,215,34,219,4,86,-122,24,22,280,-79,86,-44,15,24,111,-10,124,36,83,-117,52,16,201,-130,28,-31,43,40,140,-113,127,-120,-32,-65,-70,-78,17,-9,21,-156,10,-3,31,-140,101,-31,-73,-129,30,-82,65,-24,87,45,120,-75,56,-43,-100,4,-74,-53,-68,-171,-33,-24,-110,-144,14,-131,-167,-128,16,-71,-13,-1,-26,-113,-7,-65,37,-68,-4,-44,-220,-310,22,-1725,-1768]]]
1258581	r	87.3448,23.9411,88.0304,24.5281	[[[873448,242943,4395,-3532,2375,2436,86,501,-2428,2180,-2551,753,-41,-23,-240,-159,-229,-172,-217,-186,-202,-199,-188,-210,-173,-222,-156,-231,-140,-240,-122,-248,-105,-254,-64,-194]]]
13494731	p	1267076
1271151	r	90.1153,25.5356,91.19,26.4505	[[[901154,259638,11,-68,40,8,3,-28,190,31,134,67,33,-75,195,-1,66,-129,42,4,70,125,147,45,45,-76,68,-5,544,70,522,136,45,130,90,23,13,22,362,-1258,5929,-3303,1765,1547,432,838,0,6764,-100,-20,-3250,-659,52,-57,-11,-150,-200,-50,-219,96,-147,-192,13,-46,-52,-80,-105,-64,5,-49,130,-46,31,-87,-30,-46,-220,-38,-144,43,-46,52,-103,-23,-58,-83,-90,-29,-167,-156,-3,-130,111,-15,4,-110,-83,-1,-58,67,-134,-70,-251,-3,-182,-92,-78,-106,111,-152,46,-211,-105,100,-42,10,-32,-9,-287,-76,-33,75,-189,59,-235,-119,-313,19,-230,-53,-281,-137,-273,-192,-12,15,62,77,-18,19,-256,-133,-54,109,91,77,-83,52,-201,50,-113,-17,-101,18,-77,-29,18,124,191,78,105,100,54,16,47,70,122,74,-121,181,2,36,55,23,33,-76,113,-25,8,43,-60,42,5,88,66,33,46,-62,116,5,44,65,-158,-12,-30,132,27,-11,1,-58,112,-12,20,31,-79,83,19,22,35,-25,83,8,68,68,-40,71,12,42,0,1,-2173,-440,218,-757,-92,-1,-51,-41,-57,-3,-44,-273,-108,-59,-22,-98,-306,-115,-210,-4,-29,-18,-73,-161,-118,-62,-48,-242,126,-160,27,-126,-162,-35,121,-145,153,-46,6,-50,-120,-131,26,-73,-78,-20,-56,-94,-90,-52,-27,24,-49,-1,-86,-84,-68,25,-19,-90,-64,8,-46,-72,-27,27,-66,-4,-38,-57]]]
1254054	n	82.3147,17.183,82.7845,17.5861	[[[823147,173600,11,-222,12,-77,1355,-1471,224,230,2436,1426,396,106,264,164,-3,66,-34,219,-56,215,-78,209,-99,201,-119,190,-137,178,-155,165,-171,149,-186,132,-198,114,-209,95,-217,75,-224,54,-228,32,-231,11,-231,-11,-228,-32,-224,-54,-217,-75,-209,-95,-198,-114,-186,-132,-171,-149,-155,-165,-137,-178,-119,-190,-99,-201,-78,-209,-56,-215,-34,-219,-11,-222]]]
1265354	n	74.7788,27.6287,75.1622,27.9564	[[[747789,278370,13,-23,154,63,219,-397,-188,-93,13,-32,-97,-48,8,-27,-60,-30,9,-27,-44,-20,54,-192,84,-209,107,-201,128,-190,148,-178,167,-165,185,-149,200,-132,62,-33,2671,1214,-297,2063,-3500,-1181,-36,-13]]]
1256722	n	76.6217,16.5442,77.0337,16.8959	[[[766218,167186,18,-231,88,-4,77,-188,-6,-44,3287,-1268,11,42,0,1,9,33,4,15,35,48,57,23,145,-11,100,-77,26,-21,5,-4,8,-21,1,-2,4,-10,9,-25,116,124,124,161,-657,2446,-235,138,-177,-6,-42,-40,-30,-86,-88,-13,-70,138,-20,243,39,39,88,21,62,93,-49,18,-22,36,-120,28,0,144,-84,24,-226,9,-3,-33,-134,-14,-22,-124,-51,-23,-82,-101,-103,27,-22,39,-124,7,-33,-151,-83,-83,-137,-3,-22,-127,-290,68,1,-27,34,-9,-47,-47,-41,-154,-65,-1,-34,-44,29,-605,-26,-38,-102,-3,-59,26,1,184,74,12,0,30,-117,82,-53,-68,-102,27,2,119,-74,5,1,-35,-26,11,-19,-41,-182,-18,-39,-195,-147,18,-77,-120,17,-173,63,-217,-27,-37,-251,107,22,228,-125,-33,6,230,-18,-469]]]
1275848	n	78.6545,17.2939,79.1251,17.7461	[[[786545,175200,9,-177,421,-1122,105,-135,155,-165,171,-149,186,-132,198,-114,209,-95,217,-75,225,-54,228,-32,231,-11,231,11,228,32,225,54,217,75,209,95,198,114,186,132,171,149,155,165,138,178,119,190,99,201,78,209,56,215,34,219,7,142,-650,699,-1520,1633,-181,9,-231,-11,-228,-32,-215,-52,4,-71,56,-6,-123,-54,-4,-129,-25,-36,23,-18,-337,64,79,-113,-51,10,-77,-109,-78,-42,6,-16,-145,14,-108,-24,-141,-163,-125,27,-15,24,-85,-90,-138,-178,-119,-190,-99,-201,-78,-209,-56,-215,-34,-219,-11,-222]]]
1259124	n	75.0134,12.5452,75.4303,12.9861	[[[750134,126872,861,-603,1,-1,21,19,22,6,24,-6,14,-10,4,-36,26,-12,9,-46,26,-18,25,4,91,-3,9,-7,28,-77,18,-20,7,-22,6,-4,12,-4,29,5,26,-17,28,16,43,-4,16,27,18,12,9,-4,32,6,15,52,-21,5,-3,7,17,20,-9,26,22,17,-4,8,-7,4,-16,-7,-21,12,-15,49,-57,56,1,15,41,12,8,-34,53,-74,74,-26,9,0,19,14,30,-16,34,4,28,18,22,27,50,42,23,12,20,-7,28,7,23,-5,58,-25,45,3,4,-30,-22,-68,0,-71,11,-15,51,-8,10,-11,9,-53,16,-6,5,-9,-17,-28,-3,-16,-44,-18,-12,-13,-9,-48,52,24,33,-4,30,-120,42,-19,32,-76,14,-9,44,7,43,-20,74,12,5,15,-1,61,8,13,60,29,59,39,20,32,20,17,29,51,41,32,25,58,17,20,-9,53,16,40,46,12,34,27,72,-16,36,-47,40,-18,22,-74,81,28,27,-8,27,-36,19,-54,24,-31,24,-17,127,10,33,-5,3,-10,-13,-28,4,-24,-10,-28,-77,-44,-25,-44,-26,-9,-16,14,-14,31,-48,18,-53,-1,-100,29,-54,-104,-9,-6,-20,1,-48,11,-23,-12,-27,-37,-3,-31,-17,-44,0,-17,12,-32,-7,-78,12,-24,169,59,204,95,194,114,182,132,167,149,152,165,135,178,116,190,96,201,76,209,55,215,34,219,11,222,-11,222,-34,219,-55,215,-76,209,-96,201,-116,190,-135,178,-152,165,-167,149,-182,132,-194,114,-204,95,-213,75,-219,54,-223,32,-226,11,-226,-11,-223,-32,-219,-54,-213,-75,-161,-75,-522,-964,-302,-1778]]]
1465826	p	1264527
1255654	n	73.7554,27.8739,74.2646,28.3261	[[[737554,281000,12,-222,37,-219,61,-215,84,-209,107,-201,128,-190,149,-178,168,-165,185,-149,201,-132,214,-114,226,-95,235,-75,242,-54,247,-32,250,-11,250,11,247,32,242,54,235,75,226,95,214,114,201,132,185,149,168,165,149,178,128,190,107,201,84,209,61,215,37,219,12,222,-12,222,-37,219,-61,215,-84,209,-107,201,-128,190,-149,178,-168,165,-185,149,-201,132,-214,114,-226,95,-235,75,-242,54,-247,32,-250,11,-250,-11,-247,-32,-242,-54,-235,-75,-226,-95,-214,-114,-201,-132,-185,-149,-168,-165,-149,-178,-128,-190,-107,-201,-84,-209,-61,-215,-37,-219,-12,-222]]]
1278094	p	1271976
1262678	p	1278083
1278935	r	81.8426,16.3871,82.2197,16.7372	[[[818426,166610,593,-2401,188,-338,201,13,73,31,81,157,117,17,138,-10,110,5,151,112,149,161,147,120,312,-34,221,105,322,226,501,235,152,32,153,86,162,154,-1807,2090,-1773,-440,-191,-321]]]
1278354	n	76.0299,13.0951,76.414,13.5301	[[[760299,133239,23,-30,49,-5,58,34,-13,-45,-44,-7,27,-88,-29,-4,15,-35,-26,-12,-6,-42,40,-78,-9,-131,41,4,18,-50,-25,-88,-28,-1,14,-26,-31,-117,19,-74,76,-209,11,-24,2724,-1260,403,1540,-44,0,25,115,-35,37,18,230,-72,72,-22,67,47,293,-46,88,-11,189,6,19,125,31,217,9,13,83,31,-15,65,85,-29,167,75,61,31,190,44,84,51,63,45,173,-70,60,48,181,20,9,-47,42,-9,5,-2,4,-16,15,-182,132,-194,114,-205,95,0,-17,-26,-34,-34,-1,-126,84,-34,44,-146,36,-4,-2,7,-45,-54,6,-66,-39,-68,50,-33,-223,-278,4,-20,62,-262,-39,44,-127,-13,-39,-79,-69,50,-6,-30,-155,-225,-13,-106,23,17,-186,-124,24,50,84,11,78,-312,8,-44,-97,-60,-27,-48,-92,-98,-58,35,-52,-20,-99,20,-68,-13,-138,-100,-27,-5,-35,-177,2,-7,-47,-109,-34,-97,12,-29,-152,19,-70,-69,0,-262,94,-142,-65,-40,-75,-31,-155,-19,-40,-9,-62,30,-47,-20,-3,5,-39,-28,4,-1,-5,-4,-83]]]
1259811	r	73.9944,17.5341,74.859,18.1396	[[[739944,181144,3927,-4998,2595,-805,149,65,302,154,290,174,279,191,264,208,250,224,15,15,575,1448,-1987,1616,85,354,-2,113,-56,91,2,58,75,26,168,130,189,68,84,2,-76,33,-44,66,-115,5,-81,217,-81,21,-100,78,-51,-2,-66,-26,-3,-85,-117,-140,-44,8,-19,67,-62,48,-92,-81,-104,-21,-184,93,-35,-15,-44,-79,-32,17,-9,52,-92,19,-73,124,-60,25,-90,-15,-49,-68,-92,-39,-173,29,-156,-8,-138,-38,-115,-71,-135,-28,-54,14,-47,61,-148,108,-424,86,-89,-38,-45,7,-68,47,-54,95,-62,23,-18,64,-46,36,-253,-89,-42,-28,-70,-123,-87,-6,-91,-46,-61,62,-154,12,-155,48,-236,187,-76,18,-165,-34,0,2,-86,6,-48,56,-84,21,-109,73,-194,-57,-74,42,-79,102,-137,-38,-157,152,-76,-20,-108,-75,-88,-5,-176,4,-10,45,-66,75,-94,38,-74,6,-103,-54,-112,-14,-91,61,-261,-244]]]
1278294	r	76.4385,22.7593,76.9914,23.2177	[[[764386,230200,7,-171,18,-169,30,-169,41,-166,54,-163,65,-160,76,-155,86,-151,98,-144,107,-139,117,-132,126,-124,134,-117,142,-108,150,-100,156,-90,163,-80,167,-71,173,-60,176,-49,179,-39,182,-28,183,-16,184,-6,184,6,183,16,182,28,179,39,176,49,173,60,167,71,163,80,156,90,150,100,142,108,134,117,126,124,117,132,107,139,98,144,86,151,76,155,65,160,50,152,-1535,2663,-3094,-68,-74,-66,-126,-124,-117,-132,-107,-139,-98,-144,-86,-151,-76,-155,-65,-160,-54,-163,-41,-166,-30,-169,-18,-169,-7,-171]]]
1257459	r	80.2178,26.8042,80.8688,27.3612	[[[802178,271166,113,-2928,3910,-196,1950,2943,20,-10,98,25,-36,109,455,687,-864,837,-3264,925,-43,54,-49,-23,-31,-78,-61,-12,-22,-57,-68,-18,-47,26,-32,-24,-58,24,-135,-186,19,-84,-32,-34,-26,-128,-248,-124,-107,-218,56,-59,-12,-141,-178,-54,-68,-73,-33,-101,-177,-43,-160,59,-95,5,-162,-44,-89,-79,11,-39,-62,-70,35,-71,-19,-118,-41,-67,7,-218,-59,22,-396,-419]]]
1253182	r	77.4725,16.9015,78.2036,17.6387	[[[774725,169579,99,-52,422,-38,-80,-125,10,-37,74,-67,69,54,50,-5,88,-137,23,-102,95,-54,82,97,23,-37,121,-23,49,75,120,8,-13,147,-23,30,94,50,13,132,130,-7,44,42,52,131,-30,187,212,60,22,27,-10,31,79,89,-9,21,-49,6,-164,-60,33,99,62,64,76,0,-1,24,25,-1,28,64,76,75,66,-6,178,-126,175,44,75,58,36,88,92,-31,41,14,-13,38,26,50,61,-9,181,149,187,-21,27,-94,92,-56,-89,-243,-107,11,-36,-82,27,-140,197,-36,57,9,72,-24,19,-40,186,21,69,-79,111,-17,-35,-104,-38,-33,78,-13,16,-34,50,-12,36,25,15,-46,33,-5,5,18,22,-17,21,-65,69,-48,84,22,23,-25,65,126,-1,83,31,30,84,-5,65,-128,-32,-23,-10,-127,-68,-155,100,-44,154,5,96,-89,0,144,70,39,76,208,91,51,1,-28,63,-57,54,0,58,49,80,25,12,67,22,6,76,-60,56,3,128,164,3,36,-44,46,8,47,-104,116,-81,30,3,58,-103,28,-96,-21,-74,27,13,27,-35,17,7,22,-69,15,-41,52,-38,10,-39,99,2729,356,-104,1255,-950,2200,-258,152,-6,45,-90,106,-161,34,-17,54,-40,8,-15,77,17,48,-72,-4,-110,-61,-39,56,-151,50,-37,85,61,116,-121,54,-34,58,-84,-197,-154,91,-10,93,89,128,-27,58,-39,17,-6,67,-126,53,-188,15,40,124,-43,32,-25,82,-69,31,-27,81,-270,83,-99,-27,-136,18,-41,156,80,92,-93,41,-13,83,-86,-84,-53,-21,32,17,-1,40,-66,43,-59,3,-141,96,-42,3,-18,36,-74,-62,-113,18,-69,-29,-84,127,-62,9,-7,-68,-70,-48,-133,3,-51,-30,-25,30,-31,-39,-49,8,-9,-64,41,-1,-2,-42,90,14,101,-28,54,-109,-36,-157,-60,2,-33,-63,1,-190,-6,17,-133,-140,-85,-6,-65,-77,-113,-57,-39,-65,-54,-5,-33,-34,-71,11,-13,31,-102,-11,-31,-68,1,-74,30,-33,18,-126,-36,-27,-14,-151,-4,-42,-93,36,-183,23,0,28,-50,-4,34,200,2,24,-16,-5,-56,-74,-11,-15,0,1,-2,-3,-48,-183,-55,-43,-212,9,-42,-22,-17,-49,4,-31,527,-32,55,-19,198,-90,986,-3044,-10,-21,-119,-190,-137,-178,-155,-165,-171,-149,-186,-132,-197,-114,-209,-95,-217,-75,-224,-54,-229,-32,-230,-11,-230,11,-229,32,-224,54,-150,52,-11,-99,76,-152,-8,-42,-43,1,-53,-54,-58,-10,-75,-75,37,-93,-10,-132,-97,-153]]]
1276832	p	1275004
10281812	p	1273780
1256759	p	1270752
8439888	p	1276300
1263859	p	1273745
1266217	r	78.7158,25.553,79.3021,26.3196	[[[787158,261015,225,-1454,1224,-2221,1919,-1759,3,0,321,-48,28,-3,2021,1797,21,544,-4,3,-19,60,27,29,9,235,-55,-18,-102,-59,-83,-175,-35,-26,-40,-4,-25,16,-127,119,-23,11,-25,3,-27,-10,-11,-16,-104,86,-37,43,-25,53,-7,55,28,92,-78,131,-16,68,5,33,21,47,66,106,2,106,-18,17,-73,28,-35,21,-6,43,-45,60,0,53,18,70,113,-10,57,6,35,29,35,70,63,337,17,61,-10,88,136,-17,79,139,32,82,0,38,-18,23,-48,16,9,13,58,33,57,12,231,-3,53,20,38,24,8,18,-72,17,-229,68,-51,57,-70,54,3,40,40,142,2,42,-38,43,-63,26,6,44,-8,61,-202,126,-8,57,-29,34,23,46,12,49,6,152,-103,57,20,61,36,32,52,-12,35,2,10,25,0,35,-39,73,29,97,39,70,-90,35,-35,41,-10,44,-42,27,-94,32,-56,41,-32,-9,-42,-26,-96,-22,-76,0,15,-157,-72,3,-33,-26,-7,-89,-1421,1674,-2674,-1466,-499,-715]]]
10263061	p	1273294
1253251	r	79.2555,13.819,79.8039,14.301	[[[792555,139061,2008,-871,-2,33,-17,59,-53,80,-104,194,-41,162,-6,57,91,129,45,28,12,20,16,-8,36,22,128,5,14,15,54,9,8,6,5,26,9,10,22,94,229,-21,126,28,212,21,92,-9,105,0,168,40,37,16,6,-12,73,-1,103,40,-4,-17,30,-55,5,-36,-24,-80,14,-153,131,-5,117,-29,41,-49,2,-86,-35,-43,-13,-42,-11,-8,-55,-10,-33,-26,-24,-55,28,-30,118,-34,66,-35,52,12,39,-7,113,-41,203,-47,4,228,7,12,7,43,37,64,-12,43,0,27,1305,680,-2884,3556,-770,-1170,-103,10,3,-49,21,-42,8,-27,-1759,-2671]],[[795747,138316,12,-50,192,100,-19,33,-55,-27,-111,-23,-12,-13,-7,-20]]]
1273770	p	7279741
1275435	r	80.7824,27.1706,81.3412,27.7362	[[[807824,272633,864,-837,854,-90,3750,1142,-234,1710,7,2,19,109,26,8,59,-8,22,-11,8,-17,0,-31,-15,-29,-63,-83,-3,-22,39,-42,150,8,74,53,31,68,-11,7,-43,-2,-48,61,30,104,-26,80,12,64,-4,25,-67,41,-66,59,14,37,5,90,17,36,-30,18,-4,33,7,30,29,49,-54,15,-9,46,-13,17,-102,2,-26,7,18,35,15,78,17,41,-5,60,-94,23,-66,36,-93,680,75,44,90,-64,34,2,-11,86,-34,25,-1,39,-40,53,-19,-1,8,76,16,16,7,53,-81,43,-68,51,-13,26,12,50,-6,17,-35,-9,-1,-13,-73,533,-230,-95,-10,23,-48,-9,-13,-12,-21,-7,-53,28,-11,-37,-14,-16,-47,2,-30,-31,-27,-54,-8,-3,-49,19,-38,-13,-24,57,-3,-14,-6,3,-12,-15,0,-1,-14,-17,-52,-67,-12,-10,-13,-15,-88,-66,-18,-60,-22,-27,-53,-14,-33,-29,-10,-40,34,-74,2,-56,-7,-39,14,-58,-57,-16,-57,44,-83,-47,-15,-23,-53,5,-15,-32,-45,-60,-12,-30,10,-63,-1,-60,29,-39,-6,-21,-73,-73,-12,-47,17,-54,-10,-15,-70,-47,-24,-5,-22,-46,-86,-55,-31,-41,-29,-17,-78,24,-38,-15,-14,-17,-28,-8,-45,24,-34,48,-106,73,-35,-10,-4,-21,-21,-22,-47,-14,-79,8,-36,91,10,57,-10,30,-45,35,-6,24,5,17,28,27,4,14,-1,23,-17,28,-1,14,3,16,28,27,-5,24,-24,11,-75,-10,-51,5,-57,16,5,62,-18,110,-9,10,-60,20,-90,-3,-26,34,-56,35,-29,-10,-14,-20,-28,-17,-67,40,-9,-10,-37,10,-44,56,-27,10,-31,-3,-23,-77,-18,-13,-55,26,-41,-16,-25,-58,-23,-19,38,-50,-79,-80,-15,-40,20,-28,197,-132,-7,-22,-61,-72,-36,-15,-18,5,-27,19,-5,39,-80,4,-72,-55,-22,-67,-32,-38,9,-38,-61,-51,-76,-31,-27,5,-22,-4,8,-25,1,-62,40,-35,10,-30,-4,-16,-32,-13,-36,12,-23,-19,-112,-14,-38,-15,-26,-22,-61,-22,-72,-70,-45,-33,-22,-3,-38,19,-25,48,-28,8,-65,-4,-23,19,-13,29,-23,4,-18,-21,-14,-33,-7,-81,-18,-26,-27,-21,-45,-16,-35,-2,-57,-15,3,-109,27,-28,72,-28,47,-29,-31,-74,-52,-23,-19,-16,-8,-45,-52,-44,-18,-25,-16,-8,-38,6,-9,-25,21,-55,31,-11,9,-24,3,-38,-22,-11,-1,-44,22,-7,16,9,14,-8,3,-16,-27,-46,-3,-25,31,-29,-1,-32,-15,-6,-7,7,3,10,-15,1,-7,-20,10,-15,-6,-13,-17,4,1,14,-18,6,-6,-5,10,-6,-3,-4,-35,-8,3,-42,-15,-14,14,-10,-5,-8,9,-20,14,-4,-1,18,7,9,13,-8,7,-15,-1,-18,-11,-11,-10,-6,-10,17,-14,-8,10,-43,-3,-4,-12,4,-16,-13,22,-7,23,-29,-13,-11,-8,-24,-22,17,-11,-11,-2,-21,22,3,33,-16,-4,-15,-25,7,-7,-29,1,-12,6,-1,6,13,11,-2,5,-21,-38,-24,-3,-36,-26,21,-9,1,-32,-37,-4,-25,-26,-1,-337,-1560]]]
1256029	n	76.7345,15.4039,77.085,15.8211	[[[767345,154917,353,-551,103,-60,207,-95,215,-75,222,-54,226,-32,229,-11,229,11,226,32,222,54,215,75,207,95,197,114,34,24,-67,48,-65,1,-28,26,-63,210,-100,109,-126,54,-34,88,10,127,165,-46,193,-15,33,-23,150,-1,15,403,-52,385,69,242,-12,1,1,22,9,1,-3,29,-12,5,7,53,-4,46,-4,1,1,32,-2,26,-11,0,4,77,37,11,2,12,90,15,289,85,110,122,18,-11,0,353,-64,20,42,36,22,76,0,92,-61,6,7,113,-305,28,4,98,-34,2,17,159,63,-1,23,66,-55,19,13,52,46,-12,35,155,-54,58,-170,149,-183,132,-53,31,-155,-99,-61,-95,-97,-78,-160,-196,-242,-124,-205,-338,-54,-284,-101,-94,-174,-54,-85,-136,-89,-56,-104,-118,-40,-115,-233,-146,-19,-95,40,-157,-42,-69,26,-271,0,-4,2,-23,-40,-59,-204,-128,-27,-229,47,-74,-7,-16,0,-1,-11,-24,-138,-117,-169,-83,-386,-19,-70,8]]]
1266073	n	77.2005,27.5693,77.6939,27.9427	[[[772005,277157,50,-122,106,-201,128,-190,149,-178,167,-165,185,-149,200,-132,213,-114,226,-95,65,-21,19,26,-14,20,82,52,-51,46,247,-114,85,19,100,168,59,27,64,-62,97,-27,141,51,69,-54,-22,-88,95,-135,-15,-26,2410,1659,30,107,36,219,13,222,-13,222,-36,219,-61,215,-84,209,-106,201,-128,190,-149,178,-93,93,-24,-73,-32,-24,-66,-4,-89,51,-40,-28,-93,31,-88,-51,-11,-49,-98,15,-44,-29,-8,-74,-106,-78,-143,75,-64,9,-3358,-2041]]]
1256064	r	77.3926,23.8296,77.9473,24.3501	[[[773926,241000,7,-179,19,-178,31,-176,44,-174,57,-172,69,-167,80,-163,92,-158,102,-151,114,-146,123,-138,133,-131,142,-122,151,-113,158,-104,165,-95,172,-84,177,-74,182,-63,186,-52,190,-41,155,-23,2998,2602,-288,1782,-131,6,-102,25,-110,62,18,68,90,111,-2,28,-87,75,-115,86,-236,-24,-86,-36,-39,46,-202,-66,-7,-65,-57,58,-129,8,-133,88,-47,-15,-19,-66,-76,-59,-165,66,-291,-43,-66,-38,-104,43,-58,-5,-9,26,-64,-41,-13,36,-158,55,-265,17,-39,18,30,98,-86,13,-47,-34,-188,87,-27,107,37,50,-498,36,-119,-50,-172,-84,-165,-95,-158,-104,-151,-113,-142,-122,-133,-131,-123,-138,-114,-146,-102,-151,-92,-158,-80,-163,-69,-167,-57,-172,-44,-174,-31,-176,-19,-178,-7,-179]]]
1269256	r	78.8664,17.3938,79.579,18.0108	[[[788664,178108,4,-3,-4,-35,33,-204,3654,-3928,1161,178,1382,956,76,-110,76,8,147,-53,36,96,20,-13,3,102,63,79,96,61,0,30,-49,47,-9,70,437,303,-394,544,6,40,-48,19,-103,142,-28,48,-8,123,-92,5,-220,306,-18,37,14,31,-85,69,46,61,84,37,81,-6,10,107,-96,149,-144,36,109,114,145,-69,98,253,-1,443,-209,-8,-33,38,28,74,0,127,147,204,-35,47,-19,-11,-105,44,-48,209,-100,13,-143,-189,-135,58,-22,188,15,116,-116,51,-176,-186,-94,35,-63,-13,-72,47,-24,48,-44,-66,-22,7,-308,173,-242,229,-218,79,-53,-23,-460,636,4,-32,-52,-17,-66,32,-173,-166,-390,64,-18,28,-60,-70,-66,-19,-156,-22,-87,14,-142,-137,46,-132,-125,-189,-17,9,-84,-65,-66,-123,-99,-86,-8,-52,21,-22,78,-61,108,-39,-123,-34,-192,-266,-189,21,-128,-23,-73,-27,-55,-85,-34,11,-66,112,-183,25,-110,-126,-38,-9,-65,-178,-66,-84,-34,139,-44,48,-76,26,-248,-22,-84,88,-37,86,-143,-6,-46,-10,-17,-70,-58,-4,39,-42,-43,-67,32,-11,-29,-94,18,-31,-75,28,-114,-4,-7,-70,-89,-16,-69,-62,-113,-12,-20,-146]]]
1273390	r	84.1965,24.8706,84.708,25.3349	[[[841965,252616,1463,-3628,2990,-269,-7,66,42,16,181,-30,8,-60,43,-5,28,23,9,80,-116,30,30,43,68,38,98,-17,21,15,5,95,49,-21,17,35,25,-3,161,349,-3393,3976,-1722,-733]]]
1273574	n	74.3872,15.0439,74.8528,15.4622	[[[743872,152700,11,-222,34,-219,55,-215,77,-209,98,-201,117,-190,136,-178,154,-165,169,-149,184,-132,196,-114,206,-95,215,-75,222,-54,226,-32,228,-11,228,11,226,32,222,54,215,75,206,95,196,114,184,132,169,149,154,165,136,178,117,190,98,201,77,209,55,215,34,219,11,222,-11,222,-34,219,-55,215,-77,209,-98,201,-117,190,-136,178,-154,165,-169,149,-184,132,-73,42,3,-109,-45,-29,24,-16,-94,-67,13,-64,-25,-22,15,-62,69,-31,30,-44,-2,-68,-69,-24,-76,29,-83,-1,-115,-38,-71,24,-98,-121,-403,-79,-65,-57,-104,-173,-185,-85,-112,82,-54,94,-116,65,-35,76,-60,12,-79,110,-100,41,-136,103,-94,19,-184,-164,-141,14,-117,-29,-85,-50,-100,20,12,47,-28,11,-5,58,-60,57,-42,-19,-38,-101,-107,36,-72,-17,-62,-63,-38,-2,-22,-29,-117,-190,-98,-201,-77,-209,-55,-215,-34,-219,-11,-222]]]
13494722	p	1264527
1262663	n	75.13,16.1153,75.514,16.4184	[[[751300,163306,187,-152,107,54,7,-95,-120,-289,221,-27,76,-43,254,-26,134,-39,85,-67,90,-27,-19,-93,62,8,-88,-176,34,-155,-7,-78,168,-55,197,34,119,-83,52,15,30,-92,-46,-156,80,-37,-165,-524,520,-50,138,94,55,-10,73,49,-13,-121,13,-6,152,52,207,95,197,114,185,132,170,149,154,165,18,23,509,1325,4,86,-11,222,-34,219,-56,215,-30,83,-2824,145,-885,-878]]]
9072827	r	76.5087,9.5696,77.0027,10.1814	[[[765087,98044,3988,-2307,168,-41,784,2541,-2057,3035,-1195,542,-1506,-2538,-182,-1232]]]
1273128	p	1267885
1278334	r	84.3687,24.9373,84.8305,25.4024	[[[843687,253349,3393,-3976,64,42,14,67,-51,30,3,30,262,25,28,59,-3,28,-93,42,-4,81,11,46,39,28,110,-3,13,51,-27,40,24,103,-150,20,-20,-27,-124,29,-9,115,-81,68,-47,5,-3,38,-42,26,-6,104,313,-23,-9,41,31,4,17,111,229,-15,122,-62,21,34,51,12,29,128,100,17,90,-35,68,69,59,-3,13,25,13,-3,170,1581,-17,-1,-30,-42,-124,-47,-20,-42,-45,-3,-17,34,-131,38,-43,-15,-114,27,-93,-51,-119,9,-11,-46,-109,-20,-87,-109,-87,22,32,74,-71,14,6,25,73,60,71,-2,94,48,32,23,11,74,73,14,52,-80,67,-5,45,10,12,58,111,9,36,81,1,98,-55,35,-65,-10,-21,-25,-32,22,-68,-8,-17,69,-106,-5,-70,65,-45,-11,-45,-57,-7,-95,-121,27,-32,62,-95,-4,-32,-23,-37,16,-31,-24,9,-29,-59,-11,-45,21,1,4,-14,2,-47,22,53,126,36,-14,31,-1,78,20,0,1,2,0,11,93,55,11,17,-2,18,2,6,8,22,4,47,0,22,14,-3,40,6,22,-9,47,-79,3,4,20,-102,56,-64,101,126,52,120,137,77,199,6,80,129,204,53,202,-3444,-94,-400,-581]]]
1268383	p	1259009
1261727	p	1279159
1267187	p	1260086
1274664	p	1278985
1256431	r	76.4036,16.3392,76.8823,16.7672	[[[764036,166449,12,-163,112,-242,-3,-139,28,-67,150,16,150,-43,53,33,-13,304,105,-24,64,199,289,-6,-9,-169,172,-103,140,30,55,90,263,-32,102,-219,469,-99,105,-431,-318,-50,-70,67,-233,-41,-23,-245,420,-26,154,-227,-61,-400,-137,-119,-125,-6,-149,-44,-120,-76,-70,-134,-61,-58,-82,52,-58,-76,163,-207,-49,-61,-24,-108,33,-87,113,-6,3,-82,166,-11,188,-47,172,24,211,145,179,49,157,125,211,91,146,97,427,173,61,108,104,82,247,-108,434,80,121,46,135,109,102,155,12,100,-25,164,64,61,7,2,-1,-1,119,30,-84,-19,56,16,4,50,-21,287,-292,44,40,279,-78,-5,-246,68,-14,-16,-159,26,-58,116,-269,118,-225,189,-360,70,-187,-82,-103,224,-83,-26,-89,47,-146,20,11,160,-137,142,18,131,-77,188,-88,4,-18,231,18,469,-198,17,-225,-17,-8,-71,-110,-50,-160,-3,-6,-19,-45,-1,-12,-32,-308,32,-131,-99,-4,-182,-228,-112,-182,-4,0,-31,-23,0,-73,57,-110,-53,-35,-55,-66,-22,-61,-58,16,-68,-57,-98,-8,-64,-85,-76,-81,-197]]]
1263824	n	69.1183,22.7622,69.5937,23.0561	[[[691183,228996,173,-112,663,-362,369,-103,993,-88,345,-141,333,-53,188,-94,475,-96,51,-26,53,-36,68,-38,106,-30,108,-12,336,12,126,-32,187,-141,67,-22,8,22,58,215,35,219,12,222,-12,222,-35,219,-58,215,-81,209,-102,201,-123,190,-142,178,-161,165,-177,149,-192,132,-205,114,-217,95,-225,75,-232,54,-236,32,-239,11,-239,-11,-236,-32,-232,-54,-225,-75,-217,-95,-205,-114,-192,-132,-177,-149,-161,-165,-142,-178,-123,-190,-102,-201,-66,-169]]]
8741053	n	84.3374,21.9739,84.72,22.4262	[[[843374,222000,12,-222,35,-219,58,-215,80,-209,102,-201,122,-190,142,-178,160,-165,176,-149,191,-132,205,-114,215,-95,224,-75,231,-54,235,-32,238,-11,238,11,235,32,231,54,224,75,215,95,205,114,52,36,0,1994,-225,1827,-32,17,-215,95,-224,75,-231,54,-235,32,-238,11,-238,-11,-235,-32,-231,-54,-224,-75,-215,-95,-205,-114,-191,-132,-176,-149,-160,-165,-142,-178,-122,-190,-102,-201,-80,-209,-58,-215,-35,-219,-12,-222]]]
1261068	p	1261731
1259892	p	1278815
1270722	r	84.0588,22.6134,85.0174,23.3608	[[[840588,230400,10,-292,31,-290,51,-288,71,-284,92,-279,111,-273,130,-266,148,-257,167,-248,183,-237,200,-226,215,-213,230,-199,243,-185,256,-170,268,-154,277,-138,287,-120,295,-103,156,-44,2685,111,1459,500,177,118,243,185,230,199,215,213,200,226,183,237,167,248,148,257,130,266,111,273,92,279,71,284,51,288,3,24,-259,577,-4,-73,-67,12,-40,-142,-130,19,-31,-76,15,-52,-119,2,-68,-97,-41,-5,35,87,-94,47,54,93,-98,106,-62,11,27,-74,-75,23,-55,-28,-33,18,-16,115,-87,80,8,76,-46,8,-54,55,-73,6,-141,62,24,-2,2,81,-30,89,-44,24,-18,104,297,3,36,103,-122,84,6,99,48,19,-75,40,-13,64,36,57,3,30,-5772,1798,-1037,323,-64,-55,-215,-213,-200,-226,-183,-237,-167,-248,-148,-257,-130,-266,-111,-273,-92,-279,-71,-284,-51,-288,-31,-290,-10,-292]]]
1258637	r	78.8085,29.1582,79.5281,29.8635	[[[788085,296963,278,-2252,808,-662,-8,-15,-52,-43,19,-27,-18,-43,-59,-28,-43,-54,-62,-12,-72,-94,-51,25,-48,-1,-25,-28,7,-17,42,-29,-9,-26,-115,-45,-46,-26,-67,1,-36,17,-23,-50,21,-32,27,-22,24,-7,7,13,28,-16,25,9,11,-4,41,-28,8,-17,61,18,33,48,71,-98,33,8,34,29,53,-4,15,5,135,-15,53,-27,94,-4,9,-8,16,-46,50,-11,51,-34,71,-17,58,-53,17,4,31,-33,-18,-33,163,-8,54,-11,11,8,1,2,1,0,3,1,25,-10,38,6,30,29,-9,15,26,6,19,18,2,-1,1,1,24,-8,40,-41,4,0,41,22,44,43,2,-1,2,2,59,-26,22,21,20,7,75,-66,1,-2,20,-49,1,-1,1,-1,-1,-1,1,-2,-55,-46,65,-32,-126,-103,-23,-26,-21,-27,12,-13,38,-37,47,-27,3,-66,47,-53,28,-50,47,-20,32,-1,26,9,-14,-13,21,-19,6,-15,0,-51,19,14,1,23,28,12,7,13,22,13,16,2,21,-9,20,9,36,46,8,23,34,11,14,16,14,-14,33,-2,47,39,11,34,10,7,3,0,17,-3,50,-8,-21,-47,-6,-10,136,-111,-4,-6,15,-3,1231,-1009,557,318,2024,4134,520,1061,-164,153,-258,212,-273,197,-287,180,-300,164,-311,146,-322,128,-331,109,-338,90,-344,70,-348,51,-352,30,-353,10,-353,-10,-352,-30,-348,-51,-344,-70,-338,-90,-331,-109,-322,-128,-311,-146,-300,-164,-51,-32,-121,-376,-7,-23,-37,-443]]]
13353582	p	12501153
1256418	r	76.4854,23.2106,76.9949,23.6777	[[[764854,232412,68,-76,130,-128,117,-102,116,3,3094,68,1545,2363,25,38,-8,44,-43,171,-55,167,-67,164,-78,160,-90,154,-100,149,-110,142,-120,135,-130,128,-138,120,-147,111,-154,102,-161,93,-167,82,-173,72,-177,62,-181,51,-185,40,-187,28,-189,17,-189,6,-189,-6,-189,-17,-187,-28,-185,-40,-181,-51,-177,-62,-173,-72,-167,-82,-161,-93,-154,-102,-147,-111,-138,-120,-6,-6,-192,-3574]]]
1254372	p	1264521
1256363	n	77.7277,13.2123,77.9644,13.6149	[[[777277,132631,63,-175,2048,-333,254,239,2,27,-3,52,-155,57,-30,-64,-106,21,48,49,-16,176,33,-4,48,36,99,-15,33,25,-1,38,-27,11,10,48,35,23,5,-1,-192,3168,-155,55,-220,54,-214,31,-1559,-3518]]]
1266620	r	78.1191,23.7768,78.613,24.2716	[[[781191,239733,983,-1752,31,-12,175,-61,179,-50,183,-39,184,-28,187,-17,187,-6,187,6,187,17,184,28,183,39,179,50,175,61,171,71,27,13,1537,2735,-23,125,-42,168,-55,165,-66,161,-77,157,-88,152,-99,146,-109,140,-119,133,-128,126,-137,118,-144,109,-153,100,-159,91,-75,37,-1981,-1596,-1484,-1387]]]
1270102	p	1260086
11184474	n	75.0414,30.0627,75.3768,30.5061	[[[750414,304258,23,-84,86,-81,2,-207,-9,-10,847,-3148,42,-17,240,-75,45,-9,1747,836,8,132,67,32,39,-6,32,8,2,3,2,2,-7,12,-24,11,5,26,79,77,-65,54,-2,57,1,0,0,2,121,117,6,63,-34,1,-10,-23,-58,26,123,59,1,1,1,2,-25,22,54,74,10,37,5,58,-6,62,-124,39,-2,37,51,27,-8,74,-29,30,63,33,-100,65,26,146,-89,48,-60,-43,-70,27,-23,70,68,77,-123,62,-104,-25,-31,-18,-11,8,-11,-2,2,10,-11,9,42,121,-31,78,-48,26,9,53,58,30,34,8,87,-36,112,17,13,28,-8,70,-48,-11,-69,60,-81,18,89,272,-71,11,-45,-33,-89,49,-75,-19,13,83,-34,95,-29,10,19,52,-31,50,61,102,-56,64,-94,42,-73,132,-181,-54,-30,75,57,13,-140,186,240,274,36,118,-158,20,-255,11,-255,-11,-252,-32,-248,-54,-240,-75,-231,-95,-219,-114,-205,-132,-189,-149,-147,-141]]]
1271892	p	1260086
1254069	p	1279259
1263661	n	76.2855,10.8661,76.688,11.2162	[[[762855,110353,37,-19,-26,-93,19,-33,178,68,28,-19,127,22,5,-34,84,-27,-44,-169,23,-35,209,-59,102,29,127,-31,-76,-221,-240,15,-36,52,-57,-11,-13,-31,-3,-134,-55,-89,2,-228,75,-55,3,-105,32,2,14,-86,1267,-400,4,17,13,18,36,2,24,13,19,-9,16,9,16,22,-8,18,17,14,16,-5,18,18,35,-4,14,32,-1,31,24,49,31,-4,25,7,25,-10,121,-16,29,12,108,2,5,5,-7,25,4,13,42,3,23,-20,54,-13,15,-47,42,-8,115,7,15,17,7,27,22,10,25,-5,19,-28,7,-21,73,55,8,156,-2,154,62,22,39,-15,66,1,57,8,46,-7,48,28,66,54,77,-5,44,-14,478,359,-3,38,196,219,18,164,-3,62,-33,219,-55,215,-75,209,-96,201,-116,190,-134,178,-150,165,-167,149,-180,132,-193,114,-203,95,-211,75,-218,54,-222,32,-224,11,-97,-5,-13,-101,-166,-33,-74,70,-66,-6,-45,23,-108,-30,36,-89,-5,-57,-40,-58,115,-167,-75,-179,75,-111,-51,-90,-1,-141,-98,-51,-129,-20,-5,-29,41,-55,-18,-45,-53,16,-66,-33,-154,9,-30,-48,-60,-7,-35,-41,-37,-3,-46,-103,-79,-51,-22,12,52,-111,0,-50,-37,-46,-45,-29,-122,14,-64,-49,-110,44,4,-34,-33,-52,-84,-72]]]
7302835	n	78.519,18.7208,78.7479,19.0353	[[[785190,189112,14,-121,155,-111,10,-31,1,-1,0,-3,18,-242,34,-37,0,-1,1,-1,-9,-38,-4,-18,-20,-79,14,-13,72,-69,-64,-163,97,-50,61,-130,-41,-79,111,-80,-62,-145,-71,-20,50,-114,-38,-121,59,-43,135,-20,105,-154,41,-20,288,86,2,0,1,0,87,-15,1242,2875,-98,27,-338,172,-108,-4,-271,-196,-111,-183,-177,-189,-54,-13,-217,49,-219,195,-66,-11,-133,-104,-124,-125,-66,-278,-1,-2,-4,-16,-9,-1,-18,-2,-79,-8,-21,-32,-1,0,-1,-2,-80,-2,-2,0,-17,-97,22,-27,-29,2,-17,-50,-27,-8,-23,-137]]]
13494597	p	1274746
1258201	r	80.6647,15.7137,81.0962,16.238	[[[806647,159218,54,-142,1,1,61,-5,62,-39,79,-26,459,-31,238,-46,160,-87,62,-98,-88,-30,-128,-59,63,-28,14,9,30,-3,-4,-25,91,-63,49,-46,56,-70,14,2,18,20,31,15,33,-3,25,-40,40,-270,-5,-2,-60,20,-41,-24,-6,-60,31,-120,53,-112,4,-17,-5,-24,23,-76,18,-37,-4,-297,-5,1,-21,10,-38,44,-19,93,-11,-3,5,-17,-9,-2,-45,73,2,15,-11,10,-4,21,4,37,10,17,-13,6,-19,-18,-21,44,6,9,-9,45,-12,9,3,19,6,8,11,1,1,9,-9,19,-5,-2,0,-12,-21,-37,7,37,-30,59,-10,64,-32,37,11,-18,2,-20,-16,3,-17,12,-25,46,-4,91,-12,11,-5,37,-12,5,-18,-7,-6,-48,3,-42,24,-74,89,-152,7,-42,25,-50,-1,-71,7,-41,21,-52,63,-99,69,-73,83,-53,-3,-200,93,75,18,-27,77,-54,60,-20,5,-1,17,119,-26,167,96,290,68,142,80,214,5,7,53,19,8,157,33,46,55,138,19,37,75,99,56,-6,115,344,54,265,-83,56,24,90,-3,14,16,19,-2,68,-15,15,11,105,-14,1,0,112,-37,-26,-6,56,4,13,-8,27,-6,58,-6,13,-5,72,13,139,-10,44,60,55,-42,103,42,102,95,-313,29,-163,13,-176,-75,-751,16,-195,57,-186,116,-141,191,-56,88,-51,295,-245,93,-122,76,-69,88,-58,78,-7,66,64,1,82,-67,196,-37,58,-59,75,-45,94,5,120,280,341,164,133,449,271,80,77,-1887,2988,-285,103,-1765,-1324,-378,-1838]],[[808685,158120,495,-569,246,-140,0,-1,291,95,132,113,36,89,-53,100,-149,145,-310,237,-489,278,-92,-66,-107,-281]]]
1269873	n	76.0601,12.0739,76.465,12.5261	[[[760601,123000,12,-222,33,-219,54,-215,76,-209,97,-201,116,-190,134,-178,152,-165,167,-149,181,-132,193,-114,204,-95,213,-75,219,-54,223,-32,225,-11,225,11,223,32,219,54,213,75,204,95,193,114,181,132,78,70,214,402,0,2739,-125,136,-167,149,-181,132,-193,114,-204,95,-213,75,-219,54,-223,32,-225,11,-225,-11,-223,-32,-219,-54,-213,-75,-204,-95,-193,-114,-181,-132,-167,-149,-152,-165,-134,-178,-116,-190,-97,-201,-76,-209,-54,-215,-33,-219,-12,-222]]]
1261910	p	1262321
1271874	r	86.8493,25.9693,87.5187,26.5802	[[[868493,264557,278,-864,456,-1417,2356,-2583,627,209,1215,1688,68,-2,-2,-35,-23,-6,6,-12,22,-15,85,25,69,-4,29,20,13,30,40,19,51,10,17,31,40,-24,-4,-34,33,-29,60,-35,30,-10,50,11,32,26,26,32,4,22,-30,59,-4,94,33,74,64,-17,15,11,6,19,-14,56,13,25,-32,61,-18,56,-19,29,-15,3,-2,24,9,22,10,18,53,21,44,-6,78,2,19,86,12,16,21,-5,3,13,-27,38,-77,61,-9,17,16,27,-6,11,-17,7,-8,16,1,19,-89,16,-23,14,102,142,2,62,14,2,24,-7,121,166,0,32,-12,12,-34,14,-6,72,27,29,6,30,-8,27,21,102,-4,16,25,81,35,58,17,14,-10,41,11,13,36,5,67,-3,9,-13,36,-10,-11,-38,46,3,16,11,11,-2,-12,-50,3,-33,-4,-9,-46,-26,-23,-37,-12,-81,0,-2,662,920,-384,196,-307,52,-331,-16,-323,-84,-278,-149,-115,-144,-170,-327,-61,37,-85,74,-11,39,-107,-54,-121,76,-64,-11,-96,0,-76,13,-15,137,14,29,4,151,-54,37,-46,17,-63,-17,-6,15,-13,5,-3,26,-23,2,-97,-3,0,-24,-12,-38,-36,-10,-27,-26,-11,-31,-79,71,-306,-85,-535,-54,-287,105,-230,274,-166,335,-100,293,-2,0,-115,494,-6,169,-31,190,-114,-4,-145,-108,-302,-283,-128,-87,-120,-38,-252,-79,-281,-88,-311,-166,-103,-225,-164,-167],[872288,263912,53,-29,40,-23,3,-14,-8,-31,-13,18,-22,49,-53,30]]]
13157008	p	1273294
8741024	r	82.5551,18.4082,83.1262,19.0513	[[[825551,185435,71,-94,140,-163,151,-153,162,-144,170,-134,180,-123,187,-111,195,-99,201,-87,207,-74,211,-61,216,-48,217,-34,220,-21,221,-7,221,7,220,21,11,1,1284,1965,-30,3,-12,93,9,30,55,15,31,52,66,61,42,21,-37,48,-26,53,0,11,35,39,57,10,23,32,97,19,11,4,905,1383,-102,1055,-54,83,-128,171,-140,163,-151,153,-162,144,-170,134,-180,123,-187,111,-195,99,-201,87,-207,74,-211,61,-216,48,-217,34,-220,21,-45,2,-2925,-5078]]]
1271780	n	77.9907,28.7236,78.3596,29.008	[[[779908,288539,392,-1303,1205,322,-5,0,-51,41,-63,63,-7,30,15,33,-35,7,-35,87,17,17,28,50,124,31,28,17,52,71,62,24,83,12,90,23,120,45,18,47,57,28,66,14,25,15,10,22,16,15,36,-3,13,-16,5,-50,-23,-44,29,-17,70,33,30,7,68,3,44,32,26,-23,33,-17,90,-10,16,20,9,33,6,76,62,87,16,59,26,-3,7,-29,42,11,46,-33,17,-2,16,-16,12,-30,52,2,16,18,27,3,46,-75,-7,-16,-21,-18,16,-41,38,5,83,35,25,-12,32,-72,-4,-91,18,-12,66,-12,21,-15,141,37,-16,23,19,28,-18,36,10,37,-16,57,34,12,44,-5,62,41,12,27,-6,28,34,64,-7,21,-32,21,-22,40,-8,36,32,32,91,4,18,10,-330,1320,-2169,194,-300,-333,75,-86,23,-85,71,-63,-22,-59,-76,-47,-53,13,-71,-65,77,-94,179,60,31,-145,54,1,-88,-159,-117,-69,3,-19,43,0,-47,-20,131,-114,120,1,75,-26,-225,8,-52,-57,-32,23,-264,32,-89,55,-160,-5,-71,-44,-37,18,-96,-96,-37,24,-21,-15,-18,-50,-78,-55,-1,-95,-85,-3,-31,28]]]
11520375	p	1254348
1273708	n	72.6491,19.8359,72.745,20.1935	[[[726492,198520,9,-100,47,-60,9,14,12,98,110,6,51,34,17,71,57,63,-11,46,33,130,-25,160,10,25,-49,33,-8,187,-106,74,-4,39,176,95,81,145,102,37,63,57,81,14,61,160,0,188,-70,194,4,210,-64,244,0,-556,-44,-152,-89,-183,-102,-153,-79,-65,-112,-46,-24,-111,34,-252,-20,-350,-50,-152,-100,-144]],[[727078,200711,30,75,160,49,99,284,17,165,-5,64,46,472,25,114,-5,1,-69,-92,-31,-108,-62,-440,-180,-466,-25,-118]]]
1258386	p	1257629
1257587	r	82.7651,18.1432,83.3531,18.7951	[[[827651,182429,2,-2,199,-266,217,-252,234,-238,82,-74,786,-165,1556,710,2804,1277,-827,2298,-40,10,-87,-3,-14,13,-9,127,-90,-6,-11,15,1,2,4,6,6,8,14,6,4,-11,42,60,41,23,2,24,29,28,78,119,41,32,41,44,13,34,-8,0,-25,46,-37,23,-34,-27,-78,-4,-26,5,-39,19,6,46,-24,24,-30,5,-8,-9,-322,897,-215,165,33,3,113,32,7,21,-17,20,-64,3,-20,16,-49,-1,-32,29,-26,36,-23,-21,-8,-73,-89,69,0,1,14,45,2,36,17,49,-9,6,-32,2,-99,-24,-5,-18,-13,-1,-112,86,-1,10,-40,21,-47,37,-38,31,-2,-1,-127,98,-905,-1383,44,15,-55,-19,-97,-19,-23,-32,-57,-10,-35,-39,0,-11,26,-53,37,-48,-42,-21,-66,-61,-31,-52,-55,-15,-9,-30,12,-93,30,-3,-1284,-1965,-1101,-1682]]]
1276371	n	83.3621,24.8139,83.8446,25.2662	[[[833621,250400,12,-222,36,-219,59,-215,82,-209,104,-201,125,-190,145,-178,163,-165,180,-149,196,-132,209,-114,219,-95,229,-75,236,-54,241,-32,243,-11,243,11,241,32,236,54,229,75,219,95,209,114,196,132,180,149,8,8,411,1625,174,688,-56,143,-104,201,-125,190,-145,178,-163,165,-180,149,-196,132,-209,114,-219,95,-229,75,-236,54,-241,32,-243,11,-243,-11,-241,-32,-236,-54,-229,-75,-219,-95,-209,-114,-196,-132,-180,-149,-163,-165,-145,-178,-125,-190,-104,-201,-82,-209,-59,-215,-36,-219,-12,-222]]]
1270000	r	76.9476,27.6225,77.5462,28.1072	[[[769476,278185,994,-1960,4893,2973,-83,11,-19,46,75,38,30,47,96,238,-20,44,-255,-1,-18,90,44,54,77,-5,88,30,34,27,13,74,-183,110,-18,123,-140,103,43,92,-172,33,-1056,-147,45,45,23,73,-13,63,-48,45,121,54,61,91,19,52,-12,60,-51,59,-26,49,19,48,-48,12,-75,70,-97,67,-79,33,-92,-10,-30,8,-64,35,-86,13,-90,-48,-91,-9,-92,-66,-22,-63,-36,-66,-30,-30,-27,29,-132,-3,31,-126,6,-59,-44,-65,39,-63,52,-53,-18,-31,-1,-16,40,-93,-10,-28,-47,-28,-16,-68,17,-10,-1,-20,-23,-63,3,-10,7,-5,-2374,-330,-1131,-1563]]]
1276328	r	80.7025,17.4135,81.1574,17.9265	[[[807025,178528,1840,-4334,29,-59,6,0,175,5,174,17,173,27,170,38,168,49,163,59,160,69,154,80,149,88,142,98,135,106,128,115,119,123,111,129,102,137,93,142,82,148,72,153,62,157,51,161,40,164,28,165,17,167,6,168,-6,168,-17,167,-28,165,-40,164,-51,161,-62,157,-72,153,-82,148,-93,142,-102,137,-111,129,-119,123,-128,115,-135,106,-142,98,-149,88,-154,80,-160,69,-163,59,-168,49,-170,38,-173,27,-174,17,-175,5,-175,-5,-174,-17,-173,-27,-170,-38,-168,-49,-163,-59,-160,-69,-154,-80,-149,-88,-142,-98,-135,-106,-112,-101]]]
1278498	p	1277013
1254356	p	1264521
1273618	p	7279741
1267776	n	75.8575,34.3339,76.4027,34.7159	[[[758575,345572,11,-194,39,-219,65,-215,91,-209,114,-201,138,-190,159,-178,180,-165,198,-149,215,-132,229,-114,242,-95,252,-75,260,-54,265,-32,267,-11,267,11,265,32,260,54,252,75,242,95,229,114,215,132,198,149,180,165,159,178,138,190,114,201,91,209,65,215,39,219,13,222,-13,222,-39,219,-65,215,-91,209,-114,201,-138,190,-159,178,-136,125,-652,-312,-1070,-230,-332,-8,-635,225,-349,-62,-159,-121,-208,-291,-133,-137,-72,-32,-269,-71,-653,-406,-165,-142]]]
