1850147	n	138.9533,35.4193,139.88,35.8934	[[[1389534,357300,13,-222,40,-219,66,-215,91,-209,24,-42,2447,101,330,-194,1121,0,351,-266,24,-60,-3,-4,-598,-567,-313,-131,-294,-366,1167,-309,134,71,1075,-475,209,34,248,823,143,173,82,22,172,155,170,242,-188,1002,126,151,439,-97,124,-66,63,-126,503,-111,314,-348,65,-13,-97,282,71,219,103,-124,-7,-235,142,-144,41,57,71,97,65,196,136,-2,35,-150,100,-63,16,127,-365,606,44,73,-209,277,-375,0,-76,-75,-373,42,-424,280,111,183,-284,659,-10,0,-42,11,-545,-241,-157,-208,-485,241,-45,-4,-455,301,-19,7,-450,-358,-546,483,-472,-521,-246,0,-1166,884,-2049,-1035,-93,-36,-37,-122,-40,-219,-13,-222]],[[1397243,357762,224,-444,333,331,0,330,-8,3,-253,-24,-296,-196]],[[1398008,357372,209,-277,133,22,150,-50,300,99,0,351,-242,161,-208,-184,-322,-71,-20,-51]]]
1848354	n	139.5418,35.3538,139.7069,35.5246	[[[1395418,354227,240,-338,324,-179,482,-172,93,8,15,224,-151,115,-63,131,142,90,246,-98,123,-1,-49,181,54,134,-69,62,-183,81,-199,78,93,103,153,33,213,-68,187,26,-1178,608,-82,-22,-143,-173,-248,-823]]]
1853909	n	135.4019,34.4513,135.7576,34.9678	[[[1354019,349678,491,-1628,-160,-133,0,-362,384,-212,17,-27,-487,-860,937,-169,-171,-906,-80,-80,0,-301,140,-301,466,77,1189,-263,35,79,-300,728,10,39,469,560,-68,227,-135,71,-336,371,-4,36,198,350,887,235,75,163,-199,170,-105,558,-103,182,-241,20,-272,150,-219,579,-287,245,-846,-149,-1285,551]]]
1856057	n	136.4749,34.93,137.4244,35.4353	[[[1364749,351708,3016,-833,105,-70,-226,-571,141,-30,194,37,16,245,95,2,40,-214,263,51,-92,463,131,-38,9,-142,48,-213,69,189,13,34,147,316,139,-42,-29,-182,-29,-272,-86,-111,-54,-70,-90,-177,-131,-185,-105,-174,-98,-172,-10,-131,675,-37,188,72,462,-153,629,0,78,257,813,674,276,-107,2837,289,21,14,27,151,13,222,-13,222,-39,219,-66,215,-91,209,-115,201,-90,122,-443,34,-1058,468,-1863,411,-199,303,-102,40,-250,995,-215,114,-390,-52,-476,-551,-684,0,-123,-100,-478,-106,-241,-637,-536,-445,-811,-134,-1162,-428,-50,-192]]]
2128295	n	140.9811,42.7142,141.4665,43.155	[[[1409811,427551,1285,-409,763,294,2104,1782,702,1137,-361,1195,-2019,0,-9,-5,-267,-109,-136,-21,-65,-2,-859,-1662,-1138,-2200]]]
1863967	n	130.2832,33.3832,130.6652,33.6892	[[[1302832,333961,469,-129,1173,518,323,0,1445,261,410,605,-736,591,-404,564,-2,9,-1619,413,-26,-21,-410,-147,-214,24,-135,77,-56,148,-107,18,-50,-77,56,-171,121,-90,114,30,64,-54,114,-53,128,-66,126,51,176,130,195,99,46,-109,42,-77,-51,-196,-29,-148,-86,-112,-179,-18,-149,-58,-278,6,-150,-5,-75,-95,77,-279,-216,-788,-107,-851]]]
1859642	n	139.5891,35.4637,139.799,35.54	[[[1395891,355245,1178,-608,72,10,305,196,340,176,80,96,15,18,-12,139,121,128,-1927,0,-172,-155]]]
1859171	n	135.0772,34.6378,135.2459,34.799	[[[1350772,347417,277,-1039,64,26,727,108,20,237,184,24,65,-221,314,-44,-222,400,258,75,-439,872,-772,135,-476,-573]]]
1857910	n	135.3281,34.7372,135.9956,35.369	[[[1353281,350889,576,-1115,162,-96,1285,-551,846,149,287,-245,219,-579,272,-150,241,-20,103,-182,105,-558,199,-170,72,17,681,527,1448,288,179,474,-312,183,-95,83,-1573,664,412,1639,-381,1162,-93,284,-445,997,-319,-207,0,-1043,-81,10,-269,11,-269,-11,-266,-32,-261,-54,-253,-75,-100,-39,-1,5,-119,-5,-266,-32,-261,-54,-253,-75,-243,-95,-231,-114,-216,-132,-200,-149,-180,-165,-161,-178,-138,-190,-101,-177]]]
6940394	n	139.365,35.7813,139.9354,36.1989	[[[1393650,358571,546,-483,450,358,19,-7,455,-301,45,4,485,-241,157,208,545,241,42,-11,10,0,493,280,17,24,299,198,422,-233,157,-626,8,-3,169,14,543,-180,260,259,581,128,-712,472,301,398,-792,263,-127,112,247,655,-270,238,0,957,-950,-57,-308,74,-511,677,-859,-797,-199,13,-669,-380,296,-491,0,-493,-16,-51,-73,-28,-461,-611,-14,-118,-586,-278,0,-184]]]
1862415	n	132.2504,34.301,132.6337,34.6561	[[[1322505,345634,778,-902,668,-1063,104,12,361,-181,201,-4,73,18,123,32,155,79,208,-95,85,-74,49,-104,-79,-9,-123,-45,-71,-15,53,-121,-19,-78,-34,-74,1300,323,-207,1582,137,1231,-54,34,-230,114,-241,95,-252,75,-259,54,-264,32,-267,11,-267,-11,-264,-32,-259,-54,-252,-75,-241,-95,-230,-114,-214,-132,-198,-149,-180,-165,-90,-100]]]
2111149	n	140.6151,38.2035,140.9558,38.3575	[[[1406152,382900,104,-865,3302,219,-349,1001,-2894,320,-163,-675]]]
2113015	n	140.0552,35.5269,140.2266,35.6541	[[[1400552,356236,86,-83,158,-117,34,-180,31,-188,159,3,-24,-70,1004,-332,266,440,-1254,831,-460,-304]]]
1859307	n	130.6785,33.7436,130.9834,33.9444	[[[1306785,339268,158,-608,1562,-1223,1119,804,12,91,161,95,36,46,-729,435,-134,-15,-161,66,-97,176,-11,13,-181,108,-161,1,-146,-54,69,193,-377,48,-345,-7,-245,-119,-144,61,-118,8,-129,-14,-80,-31,-59,-74]]]
11790342	n	139.6045,35.5642,139.7614,35.6795	[[[1396045,356644,188,-1002,368,213,1013,192,-314,348,-503,111,-63,126,-124,66,-439,97,-126,-151]]]
1853195	n	135.4062,34.5301,135.5202,34.6456	[[[1354063,346408,10,-66,85,-246,-6,-296,-5,-144,803,-355,80,80,171,906,-937,169,-201,-48]]]
1855431	n	138.856,37.8009,139.1892,37.976	[[[1388560,378262,902,-253,2430,1073,-106,678,-461,-172,-412,-41,-231,4,-83,-92,-1295,-710,-727,-471,-17,-16]]]
1863289	n	137.625,34.64,137.79,34.7931	[[[1376250,346750,585,-42,1065,-308,0,984,-1650,547,0,-1181]]]
8469289	n	139.6063,35.54,139.7991,35.6047	[[[1396063,355400,1927,0,1,0,-141,282,-2,123,-160,205,-9,24,-65,13,-1013,-192,-368,-213,-170,-242]]]
1858421	n	130.5586,32.7165,130.752,32.9009	[[[1305586,328394,344,-235,126,-194,21,-66,36,-44,17,-43,-36,-55,-112,-126,-44,-75,-18,-69,25,-107,69,-119,43,-38,551,-58,912,1209,-852,635,-1082,-615]]]
1865689	n	139.2545,35.5272,139.4041,35.63	[[[1392545,356300,582,-1028,313,131,598,567,3,4,-24,60,-351,266,-1121,0]]]
1854383	n	133.836,34.5783,134.184,34.8606	[[[1338360,346362,382,-579,589,60,36,29,172,58,254,129,151,28,344,2,186,-43,91,-77,1101,112,107,63,67,124,-21,65,-22,-10,-94,-15,-82,14,-68,47,154,91,62,23,-515,1572,0,1,-10,31,-14,12,-198,149,-185,113,-2111,245,-376,-2244]],[[1339860,345897,453,46,-120,25,-186,-23,-147,-48]]]
11611609	n	138.9639,35.4705,139.3127,35.6494	[[[1389639,355700,13,-222,8,-42,770,-612,1790,-119,527,144,86,57,294,366,-582,1028,-330,194,-2441,-101,-16,-37,-66,-215,-40,-219,-13,-222]]]
11071717	n	139.799,35.6144,139.9501,35.7166	[[[1397990,356900,365,-606,-16,-127,34,-21,60,143,70,86,139,-54,67,-8,85,-62,117,-20,61,-87,149,97,275,128,-191,252,296,104,-131,195,-231,22,-339,224,-300,-99,-150,50,-133,-22,-183,-122,-44,-73]]]
10987897	n	139.745,35.6973,139.8558,35.7993	[[[1397450,357250,375,0,209,-277,183,122,-209,277,20,51,322,71,208,184,-46,135,-543,180,-169,-14,0,-330,-333,-331,-17,-68]]]
1851717	n	138.1234,34.9181,138.5373,35.2038	[[[1381234,350587,1716,-1138,740,-268,315,144,293,122,386,144,459,211,173,367,-106,25,-140,-75,0,-208,-121,96,30,319,298,182,96,165,-206,216,-1733,1149,-169,-20,-261,-54,-253,-75,-243,-95,-231,-114,-216,-132,-199,-149,-181,-165,-160,-178,-138,-190,-115,-201,-34,-78]]]
1863905	n	139.937,35.6236,140.1084,35.738	[[[1399370,356920,131,-195,3,1,332,-40,116,-114,6,-5,132,31,239,-188,147,-102,76,-72,460,304,72,208,-562,597,-126,-37,-766,72,-260,-460]]]
1859730	n	139.6404,35.768,139.7792,35.8841	[[[1396404,358339,284,-659,44,15,511,67,296,196,253,24,-157,626,-422,233,-299,-198,-17,-24,-493,-280]]]
1860827	n	130.3079,31.3439,130.7767,31.6902	[[[1303079,314809,96,-175,133,-190,154,-178,174,-165,192,-149,208,-132,221,-114,234,-95,244,-75,251,-54,256,-32,258,-11,97,4,-92,308,-300,573,-44,209,20,191,110,409,131,284,162,246,92,344,74,106,272,270,40,83,28,182,-1913,254,-862,-571,47,-69,15,-183,-132,-212,100,-243,-60,-334,-114,-359,-92,-122]],[[1305909,315860,74,-126,111,-71,101,-20,174,-91,587,-94,97,-170,-128,-432,53,-129,789,826,-144,118,-37,-33,-96,-41,-130,-2,-133,39,-35,73,31,266,-32,52,-170,139,-143,31,-255,-16,-244,47,-240,-105,-230,-261]]]
11836117	n	140.1094,36.0571,140.5282,36.2925	[[[1401094,362151,405,-403,2665,-1177,525,286,262,314,331,353,-1864,1401,-1940,-72,-229,-455,-155,-247]]]
1861321	n	139.6577,35.7175,139.7467,35.7762	[[[1396577,357497,424,-280,373,-42,76,75,17,68,-224,444,-511,-67,-44,-15,-111,-183]]]
1863440	p	1850147
11209896	n	130.6608,32.6152,131.0171,32.8374	[[[1306608,327165,2717,-1013,64,49,176,165,156,178,135,190,112,201,88,209,64,215,38,219,13,222,-5,95,-2646,479,-912,-1209]]]
1862627	n	134.6148,34.7701,134.8601,35.0461	[[[1346148,347701,815,61,290,-58,601,598,697,1201,50,463,-392,260,-162,63,-253,75,-260,54,-266,32,-268,11,-268,-11,-266,-32,-63,-14,-255,-2703]]]
1849053	n	139.7867,36.4876,140.1488,36.7417	[[[1397867,366509,319,-1586,1128,-46,2174,1441,-12,38,-93,209,-19,34,-2470,818,-1027,-908]]]
1926099	n	132.5869,33.6161,132.9923,34.0141	[[[1325869,339697,22,-133,113,-65,199,39,142,110,5,100,20,44,40,48,18,59,15,110,-4,105,-25,27,-50,-58,-119,-92,-66,-34,-41,-17,-73,-48,-101,-83,-95,-112]],[[1326037,336620,161,-100,227,-114,240,-95,250,-75,258,-54,170,-21,2580,2052,-229,778,-1714,1136,-281,-164,26,-404,-150,-210,-26,-246,-425,-58,-61,-274,-73,-267,-89,-365,55,-275,15,-297,-205,-411,-311,-260,-270,-153,-148,-123]]]
1857553	n	139.8512,35.7517,139.9553,35.82	[[[1398512,357813,46,-135,242,-161,678,90,75,492,-153,101,-47,0,-581,-128,-260,-259]]]
11837657	n	139.88,35.692,139.963,35.7607	[[[1398800,357166,339,-224,231,-22,260,460,-152,227,-678,-90,0,-351]]]
1862752	p	1853909
1855207	n	135.3056,34.684,135.375,34.7627	[[[1353056,347064,119,6,238,15,219,-194,118,-51,0,583,-196,151,-214,53,-284,-563]]]
1858311	n	133.6122,34.4476,133.8742,34.6362	[[[1336122,346032,385,-983,187,59,157,93,149,58,166,-58,68,75,24,-112,47,-94,63,-46,70,34,251,-178,116,-246,108,-158,189,33,640,1274,-382,579,-2238,-330]]]
1854487	n	131.4104,33.0039,131.6779,33.2652	[[[1314104,330699,193,-147,211,-132,226,-114,239,-95,248,-75,255,-54,261,-32,263,-11,263,11,48,6,468,332,-380,2264,-277,-123,-623,20,-1395,-1850]]]
1863917	n	133.2653,34.3471,133.4428,34.6109	[[[1332653,344870,745,-1399,13,9,713,765,98,205,-74,62,43,167,112,51,125,-3,-481,1382,-1294,-1239]]]
1860243	n	136.5597,36.565,136.8822,36.8038	[[[1365597,365746,232,-96,2993,0,-1118,1976,-437,412,-370,-730,-497,-682,-803,-880]]]
1865387	n	135.375,34.6408,135.4751,34.7555	[[[1353750,346840,62,-27,164,49,153,59,-93,-332,27,-181,201,48,487,860,-17,27,-384,212,-600,-132,0,-583]]]
8469284	p	1850147
1864092	n	139.4372,35.3005,139.5658,35.4227	[[[1394372,353600,83,-444,214,-23,198,-128,34,7,757,877,-240,338,-209,-34,-634,-234,-203,-359]]]
1859924	n	139.94,35.8099,140.0164,35.9045	[[[1399400,358200,153,-101,581,85,30,31,-278,738,-486,92,0,-845]]]
1857871	p	1850147
1849814	p	1856057
1852139	n	132.7413,33.4139,133.2798,33.8213	[[[1327413,336216,2,-38,39,-219,65,-215,89,-209,113,-201,136,-190,158,-178,178,-165,196,-149,212,-132,227,-114,240,-95,249,-75,257,-54,262,-32,264,-11,264,11,262,32,257,54,249,75,240,95,227,114,212,132,196,149,178,165,158,178,136,190,112,199,38,149,163,622,6,96,-13,222,-39,219,-65,215,-24,56,-2734,1101,-2510,-1997]]]
1851100	n	133.9413,34.1039,134.3126,34.5034	[[[1339414,343756,159,-2221,103,-368,6,-22,29,-9,258,-54,264,-32,267,-11,267,11,264,32,258,54,252,75,241,95,229,114,214,132,198,149,179,165,159,178,137,190,114,201,90,209,24,77,-30,10,-127,22,-391,189,135,289,-109,113,-226,64,-210,142,-46,-78,-218,-218,-78,-44,-163,39,-47,100,0,276,-34,124,-52,108,-94,61,-161,-20,-30,-90,-17,-142,-59,-61,-161,157,-124,-214,-71,-71,-351,73,-93,-3,-156,-55,-93,-4,-108,34,-122,86,-181,39,-147,93,-97,22,-51,-6]],[[1341614,344792,88,-137,157,6,189,55,186,8,198,-85,55,-107,-43,-355,180,32,118,141,78,125,-59,81,-159,178,-179,165,-178,134,-561,-196,-70,-45]]]
1849876	n	137.0442,36.4739,137.5001,36.8632	[[[1370442,365241,202,-121,236,-114,248,-95,259,-75,267,-54,271,-32,275,-11,275,11,271,32,267,54,259,75,248,95,236,114,221,132,204,149,184,165,164,178,141,190,118,201,92,209,67,215,41,219,13,222,-13,222,-41,219,-67,215,-92,209,-118,201,-141,190,-164,178,-184,165,-46,33,-5,-12,-46,-168,-135,-180,-113,-271,-331,-178,-172,-196,-346,-57,-573,81,-382,-60,-1037,-884,-553,-1466]]]
1848313	n	139.6035,35.2237,139.7149,35.3546	[[[1396035,352259,8,-17,19,-5,1087,432,-207,18,-173,228,-125,73,-69,-122,-91,113,18,125,-5,162,49,128,11,152,-93,-8,-429,-1279]]]
1856177	n	129.6732,32.5683,129.9981,32.8992	[[[1296732,328930,2,-6,13,-119,37,-101,86,-156,111,-153,229,-124,117,-215,116,43,102,86,165,-45,54,-107,23,-123,60,-61,86,-47,104,-79,203,-362,-2,-141,353,25,-134,-232,-113,-72,-84,107,-107,-30,-63,-77,-121,-19,0,-77,63,-65,107,54,42,-60,-36,-148,-99,-149,-104,-154,-112,-249,-78,-65,-135,-49,-121,-43,-156,-108,64,-125,92,43,135,73,135,-35,63,-30,29,96,227,145,238,182,54,159,36,77,141,7,191,89,204,137,85,184,134,172,253,302,128,167,-56,125,92,71,35,-30,7,-89,77,-83,204,23,73,32,-687,810,-687,187,-58,-23,-44,-61,-51,-31,-36,61,-102,61,-88,79,-51,32,-1379,376,-62,-58,-4,-4]]]
1862540	p	1853909
1863641	n	136.6117,35.3544,136.815,35.6446	[[[1366118,356104,1225,-2438,206,-122,478,106,123,100,0,1192,-851,1504,-237,-28,-262,-54,-255,-75,-244,-95,-183,-90]]]
1849837	p	1853909
1856717	n	131.1562,31.7519,131.5356,32.1461	[[[1311562,319334,1331,-1624,1837,-191,23,103,32,81,145,166,33,91,-283,89,-121,171,-83,254,24,113,-27,182,113,286,379,1072,340,947,50,157,-142,58,-245,75,-252,54,-257,32,-259,11,-259,-11,-257,-32,-252,-54,-245,-75,-234,-95,-223,-114,-209,-132,-192,-149,-174,-165,-155,-178,-133,-190,-111,-201,-88,-209,-63,-215,-38,-219,-5,-88]]]
1851483	p	1853909
1854376	n	137.1164,34.8726,137.4183,35.0413	[[[1371164,349036,312,-310,1768,586,939,1101,-2837,-289,-182,-1088]]]
1861949	p	1856057
1849846	n	137.3013,34.6665,137.4777,34.8151	[[[1373013,347938,202,-204,28,-66,-35,-115,-85,-186,285,-102,-82,-62,-117,27,774,-565,794,1052,-1636,434,-128,-213]]]
1852383	n	134.8799,33.9938,135.2904,34.3352	[[[1348799,342430,50,15,246,127,285,56,203,76,-78,169,-243,212,-76,119,-19,148,-62,-86,-114,-201,-90,-209,-65,-215,-37,-211]],[[1350610,342673,317,-74,269,-177,158,-145,134,-421,171,11,138,-209,103,-162,-30,-137,-382,22,-260,-10,78,-147,-1,-92,-18,-46,-32,-25,-81,-27,-25,-16,-204,-342,166,-19,222,-74,198,-97,97,-89,-12,-147,-84,-152,-253,-112,-87,-31,42,-5,266,-11,266,11,264,32,258,54,251,75,241,95,124,62,-104,391,-1838,2437,-249,-238,-103,-185]]]
1851002	n	138.96,36.2548,139.1105,36.4028	[[[1389600,362548,1493,618,12,140,-1268,721,-237,-21,0,-1458]]]
1856215	n	137.9081,36.5328,138.25,36.8761	[[[1379081,367028,3419,-1700,0,3358,-154,32,-272,32,-274,11,-274,-11,-272,-32,-267,-54,-258,-75,-249,-95,-235,-114,-221,-132,-203,-149,-185,-165,-163,-178,-142,-190,-117,-201,-93,-209,-40,-128]]]
1855612	n	135.7501,34.6363,135.9492,34.7389	[[[1357501,347209,83,-604,728,-242,1118,135,62,158,-1844,733,-72,-17,-75,-163]]]
2112539	n	140.5986,36.8356,141.0145,37.2761	[[[1405986,370500,14,-222,40,-219,67,-215,93,-209,118,-201,142,-190,165,-178,185,-165,205,-149,222,-132,237,-114,249,-95,193,-55,15,20,42,89,50,105,-4,176,25,114,79,52,80,32,149,140,239,56,327,181,254,44,86,24,345,273,141,356,136,880,171,331,27,110,0,929,67,132,0,85,-19,9,-249,95,-260,75,-268,54,-273,32,-276,11,-276,-11,-273,-32,-268,-54,-260,-75,-249,-95,-237,-114,-222,-132,-205,-149,-185,-165,-165,-178,-142,-190,-118,-201,-93,-209,-67,-215,-40,-219,-14,-222]]]
1926004	n	135.0962,34.0659,135.28,34.3235	[[[1350962,343096,1838,-2437,-398,1981,-1122,595,-230,-54,-88,-85]]]
1859740	p	6940394
1850910	p	1853909
11790353	p	1850147
1858729	p	6940394
1853574	n	135.7976,34.8944,135.9549,35.1247	[[[1357976,349608,1573,-664,-482,1597,-679,706,-412,-1639]]]
8715035	p	1850147
1850181	p	1850147
2130629	n	142.059,43.5439,142.681,43.9961	[[[1420590,437700,15,-222,45,-219,74,-215,103,-209,130,-201,157,-190,182,-178,205,-165,226,-149,245,-132,262,-114,276,-95,287,-75,296,-54,302,-32,305,-11,305,11,302,32,296,54,287,75,276,95,262,114,245,132,226,149,205,165,182,178,157,190,130,201,103,209,74,215,45,219,15,222,-15,222,-45,219,-74,215,-103,209,-130,201,-157,190,-182,178,-205,165,-226,149,-245,132,-262,114,-276,95,-287,75,-296,54,-302,32,-305,11,-305,-11,-302,-32,-296,-54,-287,-75,-276,-95,-262,-114,-245,-132,-226,-149,-205,-165,-182,-178,-157,-190,-130,-201,-103,-209,-74,-215,-45,-219,-15,-222]]]
1857843	n	138.9837,36.3305,139.1869,36.5112	[[[1389837,364027,1268,-721,764,761,-394,1045,-1638,-1085]]]
8469285	p	1861321
1859146	n	133.2605,33.3801,133.7995,33.7675	[[[1332605,335500,13,-222,39,-219,64,-215,89,-209,113,-201,136,-190,158,-178,178,-165,131,-100,40,32,84,43,105,18,161,4,232,33,249,86,154,130,-47,162,155,234,810,318,424,158,184,139,644,131,673,86,237,-177,324,-70,27,150,13,222,-13,222,-39,219,-64,215,-89,209,-113,201,-136,190,-158,178,-178,165,-195,149,-213,132,-227,114,-239,95,-118,35,-964,30,-675,21,-52,-10,-95,-34,-4,-2,-200,-71,-224,-80,-196,-98,-213,-132,-195,-149,-178,-165,-158,-178,-136,-190,-113,-201,-5,-12,-193,-740,-7,-113]]]
2112141	n	140.1276,37.34,140.6627,37.5303	[[[1401276,373400,5247,0,50,159,40,219,14,222,-14,222,-39,213,-4711,868,-587,-1903]]]
1856035	n	127.6368,26.2,127.753,26.2468	[[[1276368,262000,1162,0,-80,85,-578,383,-95,-162,-192,-183,-203,24,-14,-147]]]
1859891	p	1856057
2113126	n	139.9332,39.5352,140.412,39.9461	[[[1399332,398937,333,-136,381,-292,230,-264,115,-312,0,-240,202,-418,0,-294,-77,-1385,2023,-244,1320,1157,1,1,172,150,32,99,42,219,14,222,-14,222,-42,219,-70,215,-97,209,-122,201,-147,190,-171,178,-192,165,-213,149,-230,132,-246,114,-259,95,-269,75,-278,54,-284,32,-286,11,-286,-11,-284,-32,-278,-54,-269,-75,-259,-95,-246,-114,-230,-132,-16,-11]]]
1848373	n	136.3904,34.9109,136.6762,35.096	[[[1363904,349868,2576,-759,3,7,-27,182,161,107,-169,19,-24,57,12,51,51,94,12,63,93,151,170,131,-2387,989,-464,-860,-7,-232]]]
1847966	n	134.851,34.4452,135.1049,34.7417	[[[1348510,344765,73,-45,230,-114,242,-95,199,-59,71,83,238,314,278,209,113,244,79,214,151,144,117,128,-19,122,-255,174,-214,-60,-182,-216,-250,-299,-156,-48,-387,-166,-125,-199,-63,-89,-85,-174,-55,-68]],[[1348943,346872,133,-96,294,-102,233,-238,190,-26,375,12,290,-172,337,28,254,100,-277,1039,-1526,-217,-303,-328]]]
1858088	n	130.3668,33.213,130.638,33.345	[[[1303668,333450,464,-752,1071,-568,1177,1127,-678,193,-2034,0]]]
8572994	p	1850147
2130658	n	140.5644,40.5946,141.0268,41.0362	[[[1405644,410076,3,-27,309,-2966,1518,-1137,117,4,288,32,282,54,275,75,263,95,250,114,234,132,83,58,995,1582,7,108,-15,222,-42,219,-71,215,-98,209,-125,201,-66,84,-53,7,-47,21,15,80,-172,176,-196,165,-215,149,-22,12,-17,1,-15,17,-180,102,-61,28,-1,0,-64,-30,-102,-188,-36,-47,25,-63,-99,-60,-16,-68,20,-81,-123,-9,-87,-32,67,-54,64,-27,92,24,80,-24,-39,-39,-40,-74,28,-113,50,-72,-186,-313,-214,-170,-315,-277,-468,-39,-493,181,-301,423,-184,1129,-112,277,-270,-73,-263,-95,-250,-114,-7,-4]]]
2112923	n	140.2073,37.6257,140.7336,37.8375	[[[1402073,377029,4949,-772,314,887,-4334,1231,-929,-1346]]]
2111834	n	140.8581,39.5275,141.4419,39.787	[[[1408581,397000,14,-222,42,-219,70,-215,96,-209,123,-201,147,-190,171,-178,44,-38,38,-2,4056,-251,182,126,192,165,171,178,147,190,123,201,96,209,70,215,42,219,14,222,-14,222,-42,219,-70,215,-96,209,-3,5,-5605,-743,-8,-127]]]
11790374	p	11790342
1851454	p	1850147
1862033	p	1853909
2112664	n	140.0105,35.4254,140.2,35.5601	[[[1400105,354793,1489,-539,406,658,0,357,-1004,332,-18,-48,-76,-145,-183,21,-304,-291,-214,-226,-96,-119]]]
2130188	n	140.4387,41.6858,141.0412,42.0062	[[[1404388,417800,15,-222,43,-219,72,-215,100,-209,47,-76,36,13,533,115,114,66,100,73,595,237,114,184,157,426,102,178,188,120,244,28,242,-55,182,-131,62,-177,-110,-102,-157,-93,-81,-143,94,-142,220,44,451,204,489,3,503,-125,857,-362,464,-99,235,75,55,163,43,219,15,222,-15,222,-43,219,-72,215,-100,209,-126,201,-119,149,-15,7,-179,116,-374,370,-58,40,-238,132,-253,114,-268,95,-278,75,-286,54,-293,32,-295,11,-295,-11,-293,-32,-286,-54,-278,-75,-268,-95,-253,-114,-238,-132,-219,-149,-198,-165,-176,-178,-152,-190,-126,-201,-100,-209,-72,-215,-43,-219,-15,-222]]]
1849796	n	136.3129,34.636,136.5657,34.8594	[[[1363129,346408,18,-48,2235,197,-19,10,-41,34,-105,160,-22,48,22,208,57,196,75,444,301,344,7,7,-2210,586,-72,-68,-246,-2118]]]
1848522	p	1853909
1860704	n	134.7854,34.6872,134.9246,34.9503	[[[1347854,348302,402,-1066,77,-22,551,-299,59,-43,303,328,-695,2303,-697,-1201]]]
2111901	n	140.3418,36.1524,140.5772,36.4501	[[[1403418,362925,1864,-1401,490,171,-78,551,-935,1654,-111,117,-834,484,-396,-1576]]]
1850158	n	134.2989,33.9123,134.6399,34.1864	[[[1342989,340700,13,-222,39,-219,65,-215,89,-209,114,-201,137,-190,158,-178,156,-143,2403,849,-47,-2,-66,40,-52,85,-52,203,-4,99,10,63,66,177,60,39,-32,172,6,260,136,183,-2795,570,-13,3,-71,-98,-114,-201,-89,-209,-65,-215,-39,-219,-13,-222]],[[1346248,340002,151,54,-29,51,-104,-26,-18,-79]]]
1856199	n	138.6559,37.268,139.1325,37.5922	[[[1386559,375196,880,-2186,1990,-330,791,28,75,44,205,149,187,165,165,178,143,190,119,201,93,209,67,215,41,219,10,165,-3597,1403,-303,76,-242,-274,-586,-404,-38,-48]]]
1852225	n	130.852,33.8472,131.0262,34.1761	[[[1308520,339256,181,-108,-87,108,-94,0]],[[1308616,341127,12,-109,65,-101,39,-135,52,-103,255,-21,87,-125,-73,-237,75,-77,43,-110,-37,-115,-57,-145,20,-112,-103,-238,-192,5,-8,-125,143,-56,55,-80,166,-103,105,87,58,227,365,260,454,434,122,187,-781,1423,-81,3,-182,-7,-9,-48,-98,-161,-118,-88,-128,-67,-133,-99,-116,-164]],[[1309104,338908,729,-435,10,14,64,81,-26,75,-35,97,152,-1,20,133,-89,105,113,134,-6,57,28,61,89,122,34,212,-116,98,-305,-87,-271,-192,-81,-214,-154,-177,-124,-79,-32,-4]]]
11611632	p	1850147
1863985	n	136.0088,35.9576,136.4979,36.1455	[[[1360088,360405,4586,-829,93,159,91,209,67,215,40,219,13,222,-13,222,-40,219,-34,108,-1006,306,-3666,-809,-40,-72,-91,-169]]]
13353696	p	1850147
1862462	n	139.2512,35.2897,139.3757,35.3718	[[[1392513,352929,18,-32,290,65,479,83,457,77,-120,478,-148,118,-676,-192,-300,-597]]]
1851604	p	6940394
2110556	n	140.0841,38.0096,140.6256,38.29	[[[1400841,382300,14,-222,41,-219,68,-215,95,-209,12,-21,2546,-1318,1677,352,67,14,153,90,208,149,188,165,167,178,3,5,176,986,-104,865,-5206,0,-50,-159,-41,-219,-14,-222]]]
1864134	n	138.5166,35.0673,138.795,35.2907	[[[1385167,350889,206,-216,168,288,327,183,505,16,263,111,326,119,480,-42,274,-59,234,421,0,912,-247,285,-2536,-2018]]]
1852899	n	129.4557,32.9473,129.9175,33.3747	[[[1294557,332077,374,375,94,201,-14,147,133,80,-1,100,120,54,120,122,-108,79,145,122,64,80,-181,-138,-177,-165,-157,-178,-135,-190,-113,-201,-88,-209,-64,-215,-12,-64]],[[1295521,332258,120,-147,260,0,100,-28,173,-137,107,-28,99,10,75,47,72,-72,34,-54,0,-60,-33,-87,105,-42,110,-58,90,-79,37,-101,-34,-112,-213,-45,42,-252,70,26,72,110,162,-6,72,-25,39,74,42,219,-24,215,131,-42,-15,-128,22,-128,49,-105,192,172,110,-6,14,-91,-138,-49,-7,-86,36,-182,-101,29,-59,6,92,-252,41,-108,146,-85,139,12,116,123,109,67,249,-146,15,-196,80,0,856,522,-2633,2794,-98,-123,-238,-31,-178,138,-93,-37,-147,-74,-25,-141,-48,-273,128,-195,50,-112,22,-65,-106,-83,-71,17,-85,-47,-20,-166,-112,-297]],[[1296312,329569,109,-33,256,-54,72,-9,109,67,976,595,-171,45,-145,-221,-101,-49,-59,128,28,153,145,227,66,61,-44,73,-51,18,-59,-55,-63,-54,-33,5,-5,25,12,87,-7,24,-145,188,-386,151,-182,-251,-27,-293,-88,-61,-22,-166,38,-127,-72,-147,-139,-105,-12,-222]]]
1864624	n	139.3637,35.3122,139.4455,35.36	[[[1393637,353600,120,-478,392,66,306,-32,-83,444,-735,0]]]
1864518	p	1850147
11611478	p	1850147
2110681	n	139.9991,36.0208,140.1647,36.2151	[[[1399991,361685,557,-1477,531,32,568,628,-148,880,-405,403,-1103,-466]]]
1857519	n	137.8225,36.165,138.2176,36.3727	[[[1378225,361650,2558,0,1393,380,-1348,1630,-253,67,-2350,-2077]]]
11790632	p	1850147
2130203	n	141.2459,40.2739,141.7481,40.6856	[[[1412459,403853,85,-109,173,-178,195,-165,214,-149,233,-132,249,-114,262,-95,273,-75,281,-54,287,-32,289,-11,289,11,287,32,281,54,273,75,262,95,249,114,233,132,214,149,195,165,173,178,25,32,-43,63,-177,99,-70,190,-282,295,-99,87,-573,504,-344,207,-72,107,-65,95,-162,-29,-112,-78,-157,-2,-128,66,-281,243,-92,118,-120,193,-330,767,-40,155,-1875,-3003]]]
6697563	p	1853909
1853303	n	130.0706,33.0423,130.4132,33.3961	[[[1300707,331156,980,-733,-82,118,-154,307,-132,172,-43,189,233,-90,273,230,411,246,221,287,167,-95,323,-291,101,0,37,-2,1090,1204,-464,752,-367,382,-469,129,-1188,-305,-680,-708,-257,-1792]]]
11808021	p	1850147
1859884	p	6940394
1865714	p	6940394
1851012	n	135.2615,34.7573,135.392,34.8958	[[[1352615,348039,725,-412,214,-53,366,486,-452,898,-853,-919]]]
1853677	n	139.2792,36.2153,139.4421,36.3593	[[[1392792,362773,1040,-620,241,18,187,70,161,342,-571,1010,-958,-254,-100,-566]]]
1857144	p	1850147
1847963	n	139.2747,35.4013,139.4,35.4906	[[[1392747,354849,841,-836,412,137,0,447,-1167,309,-86,-57]]]
10968247	p	10987897
1858296	n	132.4553,34.0713,132.7781,34.3333	[[[1324553,340881,227,-76,542,16,230,-107,146,45,108,239,-30,191,-261,-103,-20,129,-5,119,-28,116,-83,121,72,10,28,36,11,46,25,43,-82,61,-108,6,-132,-29,-127,-66,-98,-107,132,-253,-127,-147,-233,-119,-187,-171]],[[1325034,343004,3,-131,36,-43,137,-132,125,-250,171,-139,92,-125,-151,-141,98,-119,117,-4,268,123,35,31,30,49,48,43,92,19,21,-30,28,-66,38,-70,50,-39,291,13,467,262,236,66,300,2,149,30,66,74,-2,3,-1442,903,-1300,-323,-3,-6]],[[1326890,341899,89,-86,257,-105,80,5,57,-29,3,-68,24,-17,74,26,87,50,53,97,-63,119,-166,79,-96,18,-199,45,-138,-32,-62,-102]]]
1861436	n	139.1093,36.2737,139.2892,36.4067	[[[1391093,363166,257,-316,1360,-113,82,36,100,566,-463,499,-560,229,-764,-761,-12,-140]]]
11790369	p	1850147
1850692	p	1850147
1859383	n	135.3517,34.4251,135.4125,34.4928	[[[1353517,344655,608,-403,-125,499,-268,177,-6,-83,-191,-170,-18,-20]]]
1857550	n	132.8596,35.2539,133.2244,35.6015	[[[1328596,355100,1502,-2534,132,-16,270,-11,270,11,268,32,263,54,91,27,852,3165,-173,-100,-174,-9,-332,-93,-151,76,-217,147,-143,126,-141,40,0,-140,-99,-122,-168,50,-128,-66,-93,-122,-90,-155,-191,-52,-229,38,-183,-27,-35,-249,-233,17,-242,-55,-573,-22,-53,-10]]]
1856184	n	139.8641,35.82,139.94,35.9148	[[[1398641,358672,712,-472,47,0,0,845,-109,103,-349,-78,-301,-398]]]
6822182	n	140.0522,35.6748,140.1818,35.7854	[[[1400522,357345,562,-597,633,263,101,738,-436,105,-792,-375,-68,-134]]]
11611930	p	1850147
1861310	n	135.3554,34.7423,135.435,34.806	[[[1353554,347574,196,-151,600,132,0,362,-430,143,-366,-486]]]
11611627	n	132.613,34.2268,132.9177,34.6284	[[[1326130,344915,207,-1582,1442,-903,-51,104,-88,98,-18,71,159,28,210,109,191,194,180,77,168,-238,301,173,228,81,118,2682,-19,15,-2455,459,-93,-19,-252,-75,-90,-35,-138,-1239]],[[1328430,342284,9,-16,595,301,2,34,-65,-36,-111,3,-288,-112,-32,-8,-76,-48,-34,-118]]]
1851348	n	136.3447,34.8008,136.648,34.9868	[[[1363447,348594,2210,-586,504,527,232,355,87,219,-2576,759,-457,-1274]]]
1860437	p	1850147
1858428	n	139.2347,36.0478,139.4355,36.2171	[[[1392347,360605,86,-127,1922,383,-282,1310,-241,-18,-1485,-1548]]]
1848689	n	131.211,34.0454,131.713,34.4061	[[[1312110,342475,1272,-1742,456,-278,2935,1497,357,851,-36,63,-137,190,-159,178,-178,165,-198,149,-214,132,-228,114,-241,95,-251,75,-258,54,-264,32,-266,11,-266,-11,-264,-32,-258,-54,-251,-75,-241,-95,-228,-114,-214,-132,-198,-149,-178,-165,-159,-178,-137,-190,-114,-201,-82,-190]]]
1849372	p	1857910
1862599	p	1850147
1859100	n	138.5192,35.5896,138.7622,35.8876	[[[1385193,356388,337,-492,2092,2427,-168,125,-218,132,-233,114,-245,95,-256,75,-58,12,-1251,-2488]]]
1854902	n	138.7619,34.8769,138.9539,35.171	[[[1387619,349799,18,-238,102,-245,46,-96,113,-152,-130,-20,-138,-108,-11,-17,31,-12,253,-75,261,-54,110,-13,1265,1355,-770,1276,-819,310,-234,-421,317,-70,352,-224,149,-213,542,-475,-138,-107,-187,1,-197,-11,-288,46,-405,28,-93,-232,-149,-233]]]
6825489	n	137.9673,36.9239,138.5059,37.2748	[[[1379673,370943,31,-99,93,-209,118,-201,142,-190,165,-178,186,-165,205,-149,222,-132,237,-114,250,-95,260,-75,268,-54,274,-32,276,-11,276,11,274,32,268,54,260,75,250,95,237,114,222,132,205,149,186,165,165,178,142,190,118,201,4,8,52,921,-1267,1184,-541,-438,-802,-472,-379,-146,-426,-75,-669,94,-207,-214,-234,-196,-540,-190,-321,-168]]]
1854747	n	139.026,35.1231,139.2531,35.3558	[[[1390260,352316,364,-671,365,-414,219,272,373,-138,-157,475,36,512,375,281,499,220,197,44,-18,32,-1742,629,-511,-1242]]]
1865294	n	137.0179,34.9036,137.1346,35.0231	[[[1370179,349300,76,-63,909,-201,182,1088,-276,107,-813,-674,-78,-257]]]
1849892	n	133.9541,35.2739,134.5059,35.6332	[[[1339541,355000,14,-222,39,-219,66,-215,91,-209,116,-201,139,-190,162,-178,181,-165,201,-149,217,-132,233,-114,244,-95,255,-75,263,-54,268,-32,270,-11,270,11,268,32,263,54,255,75,244,95,233,114,217,132,201,149,181,165,162,178,139,190,116,201,91,209,66,215,39,219,14,222,-14,222,-39,219,-66,215,-91,209,-116,201,-139,190,-69,76,-387,-121,-373,-99,-150,-154,-94,-16,-95,-4,-487,-79,-123,-210,-195,-113,-243,-69,-641,-104,-1389,-169,-264,176,-524,-121,-5,-27,-14,-222]]]
1849845	n	137.3141,34.7717,137.6028,35.0451	[[[1373141,348151,1636,-434,1153,765,98,1231,-94,86,-199,149,-215,132,-230,114,-243,95,-253,75,-260,54,-266,32,-26,1,-59,-38,-939,-1101,-103,-1161]]]
1861107	n	135.4,34.3718,135.509,34.5	[[[1354000,344751,125,-499,292,-516,278,-17,395,980,-140,301,-699,0,-251,-249]]]
11611487	p	1850147
11612347	p	1863905
2127733	n	141.2947,42.5161,141.9053,42.7586	[[[1412947,426400,15,-222,44,-219,73,-215,101,-209,128,-201,140,-173,829,483,1219,367,869,147,896,14,910,-176,711,-298,16,-3,23,49,73,215,44,219,15,222,-15,222,-34,171,-93,17,-4215,776,-1316,-70,-1,0,-32,-1,-39,-49,-128,-201,-101,-209,-73,-215,-44,-219,-15,-222]]]
2112708	n	140.3718,36.4964,140.7674,36.8261	[[[1403718,366231,2499,-1267,18,97,154,336,550,783,480,1505,98,166,157,198,-103,40,-259,75,-266,54,-272,32,-274,11,-274,-11,-272,-32,-266,-54,-259,-75,-248,-95,-235,-114,-221,-132,-203,-149,-184,-165,-164,-178,-141,-190,-117,-201,-93,-209,-67,-215,-38,-210]]]
2111220	n	140.1716,35.6594,140.3102,35.7939	[[[1401717,357011,733,-417,652,556,-793,789,-491,-190,-101,-738]]]
1849498	n	131.1603,33.9248,131.4138,34.0734	[[[1311603,339528,104,-109,25,-79,50,-35,88,23,77,48,57,49,18,23,70,25,66,35,49,-4,20,-90,31,-64,78,-19,89,14,73,34,82,-131,142,20,498,263,105,90,232,273,274,436,48,47,-41,78,-456,278,-1776,-1178,-3,-27]],[[1313933,339857,92,-43,72,17,41,45,-104,201,-12,-84,-89,-136]]]
1860672	n	139.4901,35.2873,139.5982,35.3889	[[[1394901,353012,166,30,199,-22,176,59,43,-200,76,-6,421,837,-324,179,-757,-877]]]
1861084	n	132.5318,35.1439,133.009,35.51	[[[1325318,352570,92,-126,161,-178,182,-165,200,-149,217,-132,232,-114,244,-95,255,-75,262,-54,267,-32,270,-11,270,11,267,32,262,54,255,75,244,95,232,114,217,132,200,149,182,165,161,178,100,135,-1494,2521,-219,-39,-329,-109,-294,-142,-227,-39,-164,-44,-108,-19,190,-72,102,-74,-61,-47,-142,-29,-330,6,-193,-2,-262,-60,-205,-20,-116,-99,73,-113,226,-129,171,-74,32,-141,1,-134,-27,-169,-81,-256,-119,-166,-127,-183,-176,-102,-455,-111,-253,-109,-184,-47,-1,-7]]]
1849186	p	11071717
1926134	n	132.798,33.8991,133.1017,34.2569	[[[1327980,340127,1714,-1136,982,781,-73,142,-285,613,-552,559,-103,57,-50,68,-73,43,-116,159,-136,-214,-133,4,-180,24,-21,-95,108,0,200,-15,41,-173,-78,-96,-34,-164,-567,-125,-152,-159,-485,-269,-7,-4]],[[1328439,342268,60,-116,132,-67,200,1,227,45,110,88,23,110,94,190,1,10,-252,40,-595,-301]],[[1329548,341982,91,-63,356,165,353,-11,170,150,20,105,-625,100,4,-5,-8,-102,-50,-51,-164,-40,-66,-45,-81,-203]],[[1330169,341363,2,-175,107,-72,174,68,492,420,73,106,-26,42,-56,-9,-105,7,-63,57,-52,74,-161,54,-223,-41,-69,-132,77,-148,29,-81,-51,8,-61,3,-56,-48,-31,-133]]]
1851032	n	136.7704,36.5239,137.0995,36.813	[[[1367704,367626,1118,-1976,150,-179,155,-60,259,-75,267,-54,272,-32,275,-11,245,10,550,1458,-364,1327,-102,76,-37,20,-2788,-504]]]
1855189	n	136.9998,34.776,137.1476,34.9237	[[[1369998,348045,25,-21,159,-191,106,-31,214,-26,225,74,147,-90,140,86,178,33,284,847,-312,310,-909,201,-257,-1192]]]
13353695	p	1850147
2130057	n	140.1742,40.3942,140.7652,40.7083	[[[1401743,405900,14,-222,42,-219,71,-215,98,-209,124,-201,149,-190,173,-178,195,-165,215,-149,233,-132,171,-78,3959,738,121,154,124,201,98,209,71,215,42,219,9,134,-1696,1271,-3986,-377,-32,-3,-68,-147,-71,-215,-42,-219,-14,-222]]]
2129376	n	144.073,42.9333,144.6871,43.2061	[[[1440730,429800,15,-222,37,-184,1049,370,1399,262,222,11,129,-42,68,-99,36,-114,46,-86,91,-81,84,-51,743,-193,310,-38,258,108,774,50,816,-142,4,10,44,219,15,222,-15,222,-44,219,-73,215,-102,209,-129,201,-155,190,-179,178,-202,165,-224,149,-242,132,-258,114,-272,95,-284,75,-292,54,-298,32,-301,11,-301,-11,-298,-32,-292,-54,-284,-75,-272,-95,-258,-114,-242,-132,-224,-149,-202,-165,-179,-178,-155,-190,-129,-201,-102,-209,-73,-215,-44,-219,-15,-222]]]
1853483	n	139.6849,36.2046,139.84,36.3658	[[[1396849,362732,1551,-686,0,1483,-306,129,-1214,-705,-31,-221]]]
1861171	n	137.79,34.6394,137.9477,34.7633	[[[1377900,346400,22,-6,1006,283,549,-9,-1040,965,-537,-249,0,-984]]]
2128815	n	142.8933,42.6939,143.5067,43.1461	[[[1428933,429200,15,-222,44,-219,73,-215,102,-209,128,-201,155,-190,179,-178,202,-165,223,-149,242,-132,258,-114,272,-95,284,-75,292,-54,297,-32,301,-11,301,11,297,32,292,54,284,75,272,95,258,114,242,132,223,149,202,165,179,178,155,190,128,201,102,209,73,215,44,219,15,222,-15,222,-44,219,-73,215,-102,209,-128,201,-155,190,-179,178,-202,165,-223,149,-242,132,-258,114,-272,95,-284,75,-292,54,-297,32,-301,11,-301,-11,-297,-32,-292,-54,-284,-75,-272,-95,-258,-114,-242,-132,-223,-149,-202,-165,-179,-178,-155,-190,-128,-201,-102,-209,-73,-215,-44,-219,-15,-222]]]
6822138	p	6940394
1863431	n	139.043,35.2929,139.2813,35.4824	[[[1390430,354824,341,-1266,1742,-629,300,597,-593,1179,-1790,119]]]
1854703	n	136.4362,35.19,136.6592,35.5192	[[[1364362,352970,437,-1070,1162,428,631,1255,-1943,1609,-287,-2222]]]
1856775	n	130.9073,31.5044,131.2893,31.9561	[[[1309073,315770,1742,-726,144,6,213,27,71,109,1650,2524,-1331,1624,-108,132,-239,52,-256,32,-259,11,-259,-11,-256,-32,-251,-54,-244,-75,-235,-95,-216,-111,0,-12,-166,-3401]]]
1907146	p	6940394
11468431	n	136.2945,34.3632,136.6581,34.6558	[[[1362945,344820,49,-86,138,-190,159,-178,180,-165,199,-149,215,-132,229,-114,242,-95,252,-75,20,-4,1953,2072,-93,93,-158,114,-209,48,-440,5,-171,56,-109,137,11,105,45,137,7,117,-82,41,-2235,-197,-202,-1540]]]
1850311	n	139.5856,36.2953,139.8094,36.4651	[[[1395856,364650,1024,-1697,1214,705,-320,992,-1918,0]]]
1849429	n	138.0828,36.198,138.5547,36.5301	[[[1380828,363660,1348,-1630,105,-49,3266,2405,-10,55,-67,215,-92,209,-83,142,-2773,294,-1694,-1641]]]
6822096	n	140.4648,36.39,140.62,36.4338	[[[1404648,364017,111,-117,1441,0,-95,282,-4,156,-1453,-321]]]
2112312	n	140.4759,36.2246,140.6248,36.39	[[[1404759,363900,935,-1654,-30,212,-23,373,153,217,375,330,79,258,-13,160,-35,104,-1441,0]]]
1859675	n	135.3468,34.7917,135.451,34.9775	[[[1353468,348958,452,-898,430,-143,160,133,-491,1628,-162,96,-389,-816]]]
1855078	n	139.8023,35.9069,139.9434,36.01	[[[1398023,359445,127,-112,792,-263,349,78,143,614,-510,338,-654,0,-247,-655]]]
1860034	p	1856057
7279570	p	1850147
1858445	p	6940394
1856367	p	1850147
11612583	n	131.6773,34.0541,132.0274,34.3061	[[[1316773,341952,177,-1015,1791,-396,1533,581,-485,1566,-211,106,-240,95,-251,75,-258,54,-263,32,-266,11,-266,-11,-263,-32,-258,-54,-251,-75,-115,-46,-374,-891]]]
1858926	p	1856057
1848277	n	133.1394,35.2039,133.6056,35.5829	[[[1331394,352669,158,-117,217,-132,232,-114,244,-95,255,-75,262,-54,268,-32,270,-11,270,11,268,32,262,54,255,75,244,95,232,114,217,132,201,149,182,165,161,178,139,190,115,201,91,209,66,215,40,219,13,222,-13,222,-40,219,-66,215,-91,209,-92,161,-498,-102,-328,-120,-516,-194,-238,-345,-172,-22,-195,21,-198,40,-313,51,-351,149,-298,158,-42,138,-63,118,5,120,28,24,126,134,168,41,120,49,140,34,131,65,-172,87,-220,-10,-204,-20,-201,-69,-70,-37,-113,11,-48,38,70,97,-55,47,-3,-1,-850,-3159]]]
6822129	p	1850147
6822163	p	1850147
1864132	n	138.0728,34.765,138.295,35.0598	[[[1380728,350266,2192,-2616,12,8,18,26,0,1765,-1734,1149,-37,-18,-215,-132,-200,-149,-36,-33]]]
1865005	n	139.385,36.2583,139.5339,36.5049	[[[1393850,363593,571,-1010,706,467,211,1824,-207,175,-1281,-1456]]]
1860735	n	136.815,35.375,136.931,35.4942	[[[1368150,353750,684,0,476,551,-1160,641,0,-1192]]]
6822099	n	140.1499,35.9798,140.4164,36.1748	[[[1401499,361748,148,-880,1587,-1052,166,-18,764,773,-2665,1177]]]
1858067	n	135.9067,34.8678,136.0216,35.0541	[[[1359067,350541,482,-1597,95,-83,312,-183,71,29,189,815,-467,928,-682,91]]]
1856584	p	1853909
1894616	n	127.7207,26.2894,127.8468,26.4418	[[[1277207,264065,37,-211,142,-439,33,-210,-16,-62,47,-27,669,-222,164,268,125,77,60,-13,-156,362,-835,830,-164,-19,-88,-100,-18,-234]]]
6822137	p	6940394
1864031	n	139.1598,36.0605,139.3832,36.2773	[[[1391598,361078,749,-473,1485,1548,-1040,620,-82,-36,-1112,-1659]]]
1907299	p	1850147
1907301	p	1859730
2112576	n	141.1111,38.2721,141.5491,38.6254	[[[1411111,384665,632,-1132,66,179,215,146,271,83,750,138,287,11,206,-68,224,-168,100,-46,119,-31,124,2,89,28,87,-3,116,-89,-89,-213,-53,-66,323,-127,93,-78,4,-53,-41,-54,-34,-61,34,-71,66,-31,146,-5,66,-32,253,-203,51,45,144,152,14,33,54,75,-130,153,-5,216,-41,204,-240,116,78,137,114,53,138,-7,149,-46,-115,130,-192,41,-194,-27,-114,-76,-100,96,-8,81,4,87,-67,111,9,62,115,49,251,60,-31,44,-16,37,-26,32,-57,30,57,95,141,376,39,-100,55,-83,75,-56,111,-27,43,207,5,165,-54,148,-131,156,-144,-142,-157,69,-159,156,-160,122,266,168,-119,85,-225,132,-242,114,-161,60,-2534,-810,-191,-246,-354,-533]]]
11468429	n	136.4375,34.9971,136.787,35.1708	[[[1364375,350960,2387,-989,50,38,444,263,192,-38,70,28,126,-28,226,571,-105,70,-3016,833,-300,-419,-74,-329]]]
1848774	n	138.2949,34.7684,138.369,34.9449	[[[1382950,347684,199,300,110,95,149,186,-107,189,-18,99,81,188,105,141,65,159,137,132,19,8,-740,268,0,-1765]]]
1859093	n	139.6222,36.1238,139.8618,36.2732	[[[1396222,362100,9,-111,511,-677,308,-74,950,57,618,559,-218,192,-1551,686,-437,-290,-190,-342]]]
1857046	p	1853909
6822128	n	139.3488,35.36,139.4575,35.415	[[[1393489,353718,148,-118,735,0,203,359,-575,191,-412,-137,-99,-295]]]
1859393	n	139.8973,35.1744,140.0784,35.4482	[[[1398973,353686,1465,-1942,160,62,185,91,-1301,2585,-74,-57,-280,-81,-127,-113,72,-308,6,-136,-106,-101]]]
1861464	n	129.9293,32.6537,130.3027,33.0207	[[[1299294,328311,687,-810,103,45,240,48,176,130,142,124,296,101,324,-60,120,-1,99,66,303,-25,118,-94,-42,-91,-31,-54,39,-69,90,-47,118,-52,27,-189,-90,-90,-112,-102,-126,-89,-106,-72,-134,-118,-113,-41,-141,18,7,-226,2,-76,994,260,6,4,176,165,156,178,135,190,112,201,89,209,64,215,4,23,-399,774,-191,-3,-486,-304,-167,-24,-247,0,-211,134,-102,129,-170,71,101,44,192,87,145,74,145,129,249,60,153,136,5,220,148,42,7,39,-199,385,-162,232,-2031,-1514,51,-62,174,-177,-152,-37,-299,107,-286,-213]]]
1861602	p	1856057
2130404	n	141.4304,43.0355,141.7158,43.293	[[[1414304,431550,361,-1195,2493,254,-1500,2321,-1354,-1380]]]
1854162	p	1850147
2111684	n	140.2309,35.715,140.4883,35.9096	[[[1402309,357939,793,-789,1652,0,129,471,-1483,1475,-776,-600,-315,-557]]]
1850034	p	1853909
1853008	n	135.0389,34.7855,135.3858,35.097	[[[1350390,349768,858,-1778,772,-135,595,184,853,919,389,816,-589,1139,-173,51,-32,6,-2673,-1202]]]
1864105	n	138.3451,35.0889,138.7703,35.4272	[[[1383451,352200,11,-180,1705,-1131,2536,2018,-622,1318,-1415,46,-1204,-320,-6,-3,-200,-149,-181,-165,-161,-178,-138,-190,-116,-201,-91,-209,-65,-215,-40,-219,-13,-222]]]
1848004	p	1850147
1854083	n	130.4015,33.005,130.6105,33.1297	[[[1304015,330944,30,-14,52,-3,54,-11,56,-40,15,-50,-6,-128,69,-193,-21,-434,3,-21,984,0,854,849,-600,398,-1490,-353]]]
2113164	n	139.9886,35.8215,140.0765,35.9054	[[[1399886,358953,278,-738,601,284,-419,555,-460,-101]]]
1860871	p	1853909
1853992	n	133.1139,34.2805,133.3398,34.5139	[[[1331139,345138,347,-1381,40,-19,159,-113,0,-75,-141,-24,161,-639,77,-59,74,-23,173,84,58,189,-68,205,-198,131,129,123,182,94,165,131,176,503,193,-59,100,-188,-181,-120,0,-75,247,8,215,-55,103,-116,-95,-172,-96,-38,-137,-23,-123,-35,-52,-75,51,-93,119,-9,137,34,301,119,143,103,-745,1399,-1514,268]]]
1857568	p	1853909
1858964	p	1850147
1861212	n	131.98,33.9341,132.2993,34.3393	[[[1319800,342654,474,-1532,117,-181,1504,-1282,237,238,-23,355,-118,396,28,438,118,157,139,77,113,106,48,243,-33,229,-21,145,-66,209,-92,138,265,260,-1938,743,-74,-45,-197,-149,-179,-165,-159,-178,-137,-190,-6,-12]],[[1322109,339477,159,-135,198,8,263,32,86,18,-20,12,-259,89,-275,26,-152,-50]],[[1322673,342536,6,-91,114,-62,166,49,34,25,-295,113,-25,-34]]]
6822188	n	140.7005,38.5197,141.1657,38.7029	[[[1407005,386677,4460,-1479,191,246,-1115,1170,-3328,414,-47,-62,-120,-201,-41,-88]]]
1852663	p	1856057
1861835	n	130.5509,33.5216,130.7513,33.7097	[[[1305510,336380,2,-9,404,-564,736,-591,650,56,211,1536,-1454,289,-159,-86,-390,-631]]]
11612579	p	1850147
1849563	n	139.5765,38.4938,140.1078,38.8258	[[[1395765,385998,42,-54,168,-178,190,-165,209,-149,227,-132,242,-114,255,-95,266,-75,274,-54,280,-32,282,-11,282,11,280,32,274,54,266,75,255,95,242,114,227,132,209,149,190,165,168,178,146,190,120,201,95,209,69,215,42,219,13,222,-13,222,-42,219,-69,215,-40,89,-12,1,-3135,312,-29,-87,-264,-381,-312,-333,-891,-645,-279,-329,-191,-414,-36,-71]]]
6822153	n	127.7477,26.3588,127.9778,26.5095	[[[1277477,264418,835,-830,412,137,-26,210,-50,130,-101,65,-117,45,-41,77,128,160,82,44,107,18,697,3,70,35,36,155,91,42,120,10,58,31,-998,345,-137,-38,-337,-173,-18,-53,-151,-251,-36,0,-49,-104,-115,-49,-126,-15,-334,6]]]
1859951	n	135.7586,34.4729,135.8284,34.5545	[[[1357586,344847,533,-118,164,652,-434,164,-263,-698]]]
1861450	n	136.4652,34.2628,136.9258,34.5704	[[[1364652,343657,83,-113,159,-178,180,-165,198,-149,214,-132,230,-114,19,-7,6,6,15,-15,201,-79,153,-45,119,80,319,114,122,119,11,117,-182,45,264,123,305,79,166,-30,-151,-203,-57,-158,232,-42,308,51,168,117,341,-205,9,73,13,33,1,32,-23,67,199,46,190,-48,94,-129,170,105,178,134,-73,97,54,79,57,65,155,123,-127,-11,-100,32,-73,56,-46,66,78,96,100,35,115,-12,122,-50,90,367,-15,111,-83,100,-90,6,-107,-12,-130,42,-98,95,-27,98,-19,105,-67,118,-99,63,-134,37,-139,2,-105,-34,-109,93,-513,180,-752,410,-145,117,-45,44,-1929,-2047]],[[1367734,342731,16,-103,41,8,252,75,60,24,-10,4,-214,35,-145,-43]],[[1368491,345150,71,-49,178,33,151,92,141,24,-7,70,76,81,-136,-17,-63,-72,-243,-99,-168,-63]],[[1368726,344911,49,-79,57,-78,80,43,113,64,44,81,21,82,-100,17,-70,-74,-194,-56]]]
7303138	n	130.6656,31.5553,130.9239,31.9661	[[[1306657,317202,203,53,520,-171,384,19,281,-231,58,-363,-113,-392,-226,-318,-141,-128,144,-118,1306,217,166,3401,-172,109,-222,114,-234,95,-244,75,-252,54,-256,32,-259,11,-259,-11,-33,-4,-8,-31,-643,-2413]],[[1307021,316164,170,-139,-74,119,-96,20]]]
1848445	n	130.3908,32.2739,130.8652,32.6207	[[[1303908,325088,128,-872,312,711,337,189,-115,140,-168,-16,-302,-124,-182,-29,-10,1]],[[1303988,325932,9,-68,80,-47,37,-78,-47,-129,25,-117,122,-85,62,-35,-30,95,73,31,139,27,51,108,30,167,-13,105,-58,62,32,65,29,77,-64,56,-100,41,-80,-30,-84,-61,-33,-15,-3,39,-29,-4,-148,-204]],[[1304605,323182,32,-88,-6,-30,114,-58,236,-95,246,-75,254,-54,258,-32,261,-11,261,11,258,32,254,54,246,75,236,95,224,114,210,132,194,149,175,165,156,178,134,190,112,201,88,209,64,215,38,219,2,42,-2716,901,-235,-175,-54,-83,30,-121,229,-157,82,-131,-287,2,-113,-38,-83,-101,171,-140,37,-258,-93,-248,-215,-111,-256,-301,-49,-74,39,-282,-14,-121,-93,-110,-261,218,-75,-19,-79,-199,-12,-90]]]
1855425	n	133.2381,33.7354,133.4552,33.9906	[[[1332381,339548,1019,-2194,228,28,245,52,550,195,129,65,-269,2141,-135,22,-549,-30,-189,72,-184,7,-228,-96,-208,23,-301,-92,-52,-178,-56,-15]]]
1864750	n	131.2314,33.0677,131.6591,33.4892	[[[1312314,332800,13,-222,38,-219,64,-215,89,-209,113,-201,135,-190,157,-178,177,-165,196,-149,212,-132,226,-114,238,-95,115,-34,1412,1872,-20,1,-194,62,-181,122,-120,673,76,224,270,30,144,-138,88,-59,201,0,199,30,49,155,85,39,214,44,62,198,-18,93,49,143,50,17,138,435,-99,62,-226,114,-238,95,-10,3,-3651,-1646,-2,-5,-38,-219,-13,-222]]]
1859913	n	135.6745,34.2434,135.9742,34.4847	[[[1356745,344513,43,-539,2013,-1540,183,72,229,114,215,132,198,149,116,107,-1623,1721,-533,118,-472,-89,-334,-166,-35,-79]]]
1861749	n	135.6416,34.6146,135.7584,34.7209	[[[1356416,346624,4,-36,336,-371,135,-71,693,459,-83,604,-887,-235,-198,-350]]]
1855095	n	131.4035,32.4901,131.8714,32.8061	[[[1314035,325800,13,-222,38,-219,16,-54,3247,-404,16,16,-176,170,-62,29,-171,-1,-105,109,-30,127,170,294,56,171,41,43,207,-18,138,39,57,61,179,267,39,109,-10,79,-16,28,-4,17,30,46,48,50,128,93,122,178,160,83,53,136,121,-40,139,-169,80,43,11,148,24,168,28,27,47,23,42,41,3,10,-31,29,-1813,747,-170,7,-261,-11,-259,-32,-254,-54,-246,-75,-236,-95,-225,-114,-210,-132,-194,-149,-175,-165,-156,-178,-134,-190,-112,-201,-88,-209,-64,-215,-38,-219,-13,-222]]]
1864416	p	1853909
2129537	n	143.5788,43.5739,144.2012,44.0261	[[[1435788,438000,15,-222,45,-219,74,-215,103,-209,131,-201,157,-190,182,-178,205,-165,226,-149,245,-132,262,-114,276,-95,288,-75,296,-54,302,-32,305,-11,305,11,302,32,296,54,288,75,276,95,262,114,245,132,226,149,205,165,182,178,157,190,131,201,103,209,74,215,45,219,15,222,-15,222,-45,219,-74,215,-103,209,-131,201,-157,190,-182,178,-205,165,-226,149,-245,132,-262,114,-276,95,-288,75,-296,54,-302,32,-305,11,-305,-11,-302,-32,-296,-54,-288,-75,-276,-95,-262,-114,-245,-132,-226,-149,-205,-165,-182,-178,-157,-190,-131,-201,-103,-209,-74,-215,-45,-219,-15,-222]]]
6822148	n	139.657,37.2639,140.1863,37.7161	[[[1396570,374900,13,-222,41,-219,68,-215,93,-209,119,-201,143,-190,165,-178,187,-165,205,-149,224,-132,238,-114,251,-95,261,-75,270,-54,275,-32,277,-11,277,11,275,32,270,54,261,75,251,95,88,42,219,125,235,327,587,1903,-290,1045,-172,151,-205,149,-224,132,-148,71,-591,168,-397,112,-159,19,-277,11,-277,-11,-275,-32,-270,-54,-261,-75,-251,-95,-238,-114,-224,-132,-205,-149,-187,-165,-165,-178,-143,-190,-119,-201,-93,-209,-68,-215,-41,-219,-13,-222]]]
1860728	n	137.924,34.601,138.1914,34.9955	[[[1379240,349124,756,-2506,476,-72,1430,-534,12,-2,-1854,3934,-5,11,-123,-5,-265,-32,-261,-54,-28,-9,-138,-731]]]
1863209	n	136.8899,34.6977,136.9551,34.9454	[[[1368900,347225,232,-116,322,-124,96,-8,0,406,-177,77,-107,176,-110,124,101,523,53,181,75,146,165,215,0,475,-462,153,-188,-72,0,-2156]]]
1852964	n	139.5127,36.2442,139.688,36.4874	[[[1395127,363050,1285,-608,437,290,31,221,-1024,1697,-518,224,-211,-1824]]]
1860063	n	129.7872,33.2948,130.1644,33.5525	[[[1297873,334545,96,-100,195,-184,523,-287,-68,-74,91,-118,-34,-31,2288,-803,680,708,-965,1343,-126,-47,-107,-95,-44,-245,-114,-105,-119,-49,-280,31,-135,52,-85,89,0,95,-43,101,-93,-89,-121,58,43,114,115,119,43,100,-192,189,-320,155,-243,-114,-170,36,-156,131,14,-196,-178,-196,72,-321,229,-245,44,-138,-92,-59,-132,55,-76,119,-58,120,-171,178,-142,-24,-70,-142,-99,-131]]]
11611628	p	1850147
1862302	n	131.3838,33.9789,131.695,34.1952	[[[1313838,340455,41,-78,20,20,107,-68,42,-156,-14,-96,104,-201,17,18,51,100,29,-63,47,-72,61,-57,69,-13,84,33,22,37,2,37,33,36,14,61,96,75,27,-6,53,78,-5,46,-48,81,139,54,101,-40,175,-157,88,-39,317,-91,1,27,51,31,61,-6,29,-83,5,-66,19,-34,42,-11,71,5,141,60,44,109,-34,127,-89,114,82,106,49,-13,35,-60,45,-33,273,0,114,22,312,113,126,70,63,-13,0,478,-177,1015,-2935,-1497]]]
1858794	p	6940394
6822174	n	139.9143,36.8624,140.3324,37.1987	[[[1399143,371682,1940,-2573,2014,-485,82,110,118,201,27,59,-3326,2993,-114,-23,-260,-75,-249,-95,-232,-112]]]
6822152	n	127.6872,26.2085,127.745,26.3143	[[[1276872,262468,578,-383,0,1031,-47,27,-12,-51,-78,-198,-130,-153,-181,20,-76,-198,-54,-95]]]
2128574	n	140.692,42.9639,141.1808,43.2442	[[[1406920,431900,15,-222,44,-219,73,-215,102,-209,129,-201,156,-190,180,-178,203,-165,224,-149,243,-132,259,-114,273,-95,285,-75,293,-54,299,-32,302,-11,302,11,299,32,293,54,55,15,859,1662,-117,-4,-126,21,-210,94,-246,38,-411,127,-372,34,-106,27,-176,181,78,174,101,133,-111,52,-229,-20,-757,-228,-1027,-117,-137,30,-99,51,-150,149,-99,80,-601,207,-34,-101,-44,-219,-15,-222]]]
2112656	n	140.8437,38.8118,141.3613,39.025	[[[1408437,389472,2671,-1354,2391,226,114,1701,-1698,205,-3170,0,-112,-185,-95,-209,-69,-215,-32,-169]]]
1863018	n	132.058,34.2457,132.3952,34.5657	[[[1320580,343500,7,-120,1903,-730,633,620,337,218,375,169,116,12,-668,1063,-797,924,-227,-67,-241,-95,-229,-114,-215,-132,-197,-149,-180,-165,-159,-178,-137,-190,-114,-201,-90,-209,-65,-215,-39,-219,-13,-222]],[[1322698,342570,295,-113,262,190,195,173,5,46,-13,90,-58,88,-98,18,-141,-58,-157,-82,-122,-131,-168,-221]]]
6822132	p	1850147
11612537	p	1856057
1862636	n	135.9966,35.1289,136.4799,35.3416	[[[1359966,353379,1649,-1367,2834,-723,300,419,50,192,-437,1070,-4373,446,-23,-37]]]
1856243	n	135.9946,35.2969,136.4649,35.6004	[[[1359946,353800,13,-222,29,-162,1,0,4373,-446,287,2222,-8,211,-194,145,-217,132,-232,114,-244,95,-254,75,-194,40,-3287,-1695,-21,-68,-39,-219,-13,-222]]]
6822159	p	6940394
6822184	n	141.1236,39.0045,141.4596,39.2716	[[[1411236,392049,679,-1799,1698,-205,960,1087,9,46,14,222,-14,222,-42,219,-69,215,-96,209,-121,201,-146,190,-57,60,-2815,-667]]]
1848382	n	136.1408,35.01,136.4449,35.2012	[[[1361409,350650,210,-116,2292,-434,464,860,74,329,-2834,723,-206,-1362]]]
1859586	p	6940394
6822147	p	1863967
1857470	n	136.4759,36.3733,136.6409,36.5746	[[[1364759,364826,1649,-1093,-579,1917,-232,96,-838,-920]]]
11611942	n	139.9478,35.7308,140.059,35.8184	[[[1399478,357607,152,-227,766,-72,126,37,68,134,-456,705,-581,-85,-75,-492]]]
1857665	n	133.6885,34.0869,133.9676,34.3973	[[[1336885,343662,73,-114,73,-30,32,28,66,48,76,44,53,76,-13,131,-18,23,-98,98,-46,7,-30,-55,-134,-134,-34,-122]],[[1337270,342478,1335,-1264,602,-345,103,51,214,132,152,115,-103,368,-1467,1459,-286,-111,-274,-183,-227,-190,-49,-32]]]
6825496	p	1853909
1859405	n	139.2429,36.3339,139.5131,36.5471	[[[1392429,363838,463,-499,958,254,1281,1456,-239,422,-2463,-1633]]]
1861164	p	6940394
1858910	n	136.3591,36.1995,136.7083,36.4826	[[[1363591,363746,2199,-1750,25,10,235,114,220,132,203,149,184,165,163,178,141,190,117,201,5,12,-675,586,-1649,1093,-457,-501,-479,-414,-232,-165]]]
1856977	n	138.8769,35.0124,139.0989,35.1645	[[[1388769,351400,770,-1276,1335,944,11,33,104,130,-365,414,-1855,-245]]]
1851193	n	137.0267,35.249,137.2329,35.3742	[[[1370267,353204,199,-303,1863,-411,-1134,1252,-928,-538]]]
6822179	n	140.0958,35.7749,140.2625,35.8788	[[[1400958,358486,424,-632,436,-105,491,190,315,557,-1324,292,-342,-302]]]
1861795	p	1859675
1926054	n	132.9694,33.7081,133.339,33.9773	[[[1329694,338991,229,-778,2813,-1132,100,30,240,95,228,114,86,54,-1009,2174,-292,-74,-356,-68,-266,-91,-197,18,-192,79,-212,81,-93,104,-81,145,-16,30,-982,-781]]]
2110729	n	140.0346,35.8486,140.13,35.955	[[[1400346,359054,419,-555,193,-13,342,302,0,444,-673,318,-281,-496]]]
1861449	n	139.222,35.3526,139.3588,35.485	[[[1392220,354705,593,-1179,676,192,99,295,-841,836,-527,-144]]]
1864572	p	1863967
1848254	p	6940394
1849519	n	133.7257,34.8358,134.2743,35.2761	[[[1337257,350500,13,-222,39,-219,66,-215,91,-209,115,-201,138,-190,160,-178,181,-165,2,-1,674,-294,2111,-245,24,-3,179,53,243,95,196,97,872,752,58,79,115,201,91,209,66,215,39,219,13,222,-13,222,-39,219,-66,215,-91,209,-115,201,-138,190,-160,178,-181,165,-200,149,-216,132,-231,114,-243,95,-254,75,-261,54,-266,32,-269,11,-269,-11,-266,-32,-261,-54,-254,-75,-243,-95,-231,-114,-216,-132,-200,-149,-181,-165,-160,-178,-138,-190,-115,-201,-91,-209,-66,-215,-39,-219,-13,-222]]]
6822216	n	136.9915,35.3204,137.1927,35.4906	[[[1369915,354239,250,-995,102,-40,928,538,732,1164,-2012,-667]]]
6822146	p	1863967
6825498	n	135.4695,34.3564,135.6788,34.4776	[[[1354695,343719,235,-155,1858,410,-43,539,-1189,263,-466,-77,-395,-980]]]
1861864	n	137.626,35.2939,138.0959,35.7251	[[[1376260,356807,681,-3613,-1,-1,1,-3,203,-79,255,-75,263,-54,268,-32,270,-11,270,11,268,32,263,54,255,75,245,95,232,114,217,132,201,149,182,165,161,178,139,190,116,201,91,209,66,215,40,219,13,222,-13,222,-40,219,-66,215,-91,209,-108,187,-3594,999,-148,-57,-232,-114,-217,-132,-190,-141]]]
1850152	n	131.695,33.9752,131.8741,34.0937	[[[1316950,340459,84,-17,381,120,581,-185,141,-89,91,-21,11,-65,-166,-144,-298,-201,14,-105,952,789,-1791,396,0,-478]]]
1860112	n	130.604,31.1539,131.105,31.577	[[[1306040,313005,30,-70,110,-201,133,-190,154,-178,59,-56,94,276,-17,128,-366,42,-197,249]],[[1306978,314727,56,-134,439,-238,222,-331,132,-296,126,-284,13,-191,-69,-502,-93,-326,-265,-386,109,-174,-62,-182,150,-47,251,-54,255,-32,258,-11,258,11,255,32,251,54,243,75,233,95,221,114,90,57,15,21,16,213,248,64,100,-8,103,99,154,178,133,190,28,52,-106,35,88,150,152,88,35,85,33,111,-10,33,-207,96,-237,65,-341,92,-119,90,145,387,172,257,116,121,149,100,243,97,-31,72,-110,201,-133,190,-55,64,-1559,650,-1306,-217,-789,-826]]]
6822097	n	139.9156,36.31,140.1375,36.3866	[[[1399157,363575,143,-475,2075,0,-108,345,-1750,421,-360,-291]]]
1853209	n	139.2397,35.9151,139.4711,36.0406	[[[1392397,360073,1853,-922,461,611,-2265,644,-49,-333]]]
1853140	n	139.7767,38.7946,140.1387,39.1432	[[[1397767,388258,3135,-312,144,188,121,201,95,209,69,215,42,219,14,222,-14,222,-42,219,-69,215,-95,209,-121,201,-146,190,-169,178,-190,165,-210,149,-227,132,-243,114,-256,95,-267,75,-275,54,-123,14,-21,-100,-113,-185,-66,-162,-67,-363,-97,-299,-423,-912,-386,-1153]]]
1861091	n	135.2052,34.3481,135.4311,34.4546	[[[1352052,344305,26,-42,186,-88,307,183,-161,188,-358,-241]],[[1352768,343936,961,-455,582,232,-1023,678,-91,-103,-384,-314,-45,-38]]]
1863627	n	127.745,26.1576,127.8236,26.3116	[[[1277450,262085,80,-85,558,-423,54,82,94,209,-137,24,-184,-37,-161,-4,-70,126,26,188,65,168,344,561,-669,222,0,-1031]]]
1853081	n	138.2281,35.9938,138.7419,36.4378	[[[1382281,361981,120,-219,1874,-1782,252,-30,273,-11,273,11,270,32,265,54,257,75,247,95,235,114,219,132,202,149,184,165,163,178,140,190,117,201,46,104,-1,1,-1035,2618,-35,22,-235,114,-247,95,-257,75,-71,14,-3256,-2397]]]
11612341	n	130.0679,33.3656,130.2939,33.5913	[[[1300679,334999,965,-1343,1188,305,107,851,-1661,1101,-84,0,-103,-16,-106,-80,-55,-83,-9,-69,48,-48,122,-18,88,-31,25,-136,95,-32,320,66,123,3,-62,-128,-116,-87,-136,-49,-129,-15,-39,-28,-107,-72,-115,29,-178,-54,-181,-66]]]
1858836	p	1856057
2130452	n	141.4696,42.681,141.9562,42.9812	[[[1414696,427586,4215,-776,135,134,154,190,129,201,101,209,73,215,44,219,15,222,-15,222,-44,219,-73,215,-101,209,-129,201,-154,190,-179,178,-188,153,-129,25,-992,-329,-2862,-1897]]]
1860635	p	1857910
11611614	n	130.4998,33.701,130.6943,33.9268	[[[1304998,338484,480,-1114,422,-359,159,86,884,1563,-158,608,-244,-305,-210,-138,-210,-27,-474,35,-165,-25,-59,-48,-32,-65,-86,-79,-229,-125,-78,-7]]]
1852607	n	139.1786,37.728,139.6148,38.1014	[[[1391786,379760,106,-678,1943,-1802,21,2,271,54,263,75,253,95,239,114,225,132,207,149,188,165,166,178,144,190,119,201,94,209,68,215,41,219,14,222,-14,222,-41,219,-68,215,-22,51,-2274,807,-684,-595,-654,-387,-232,-133,-373,-139]]]
2129101	n	140.808,42.2996,141.2317,42.5461	[[[1408080,425007,934,-799,107,-402,59,-81,85,-73,205,-120,276,-66,122,-68,-27,-108,-87,-24,-394,61,-43,-39,53,-90,88,-96,66,-54,123,-43,126,-9,125,18,112,34,158,113,565,610,183,147,771,415,110,41,115,29,121,11,118,31,166,120,-69,69,-200,165,-221,149,-240,132,-255,114,-270,95,-280,75,-289,54,-295,32,-298,11,-298,-11,-295,-32,-289,-54,-280,-75,-270,-95,-255,-114,-133,-73]]]
1852472	n	138.006,34.5966,138.292,35.0276	[[[1380060,349944,1854,-3934,287,-44,133,16,38,8,31,36,-152,137,-242,53,-73,199,81,186,143,522,335,267,425,260,-2192,2616,-8,10,-210,-82,-230,-114,-215,-132,-5,-4]]]
6822103	n	140.585,35.8046,140.7743,35.9418	[[[1405850,358155,1483,-109,410,255,-782,1117,-1111,-210,0,-1053]]]
1854093	n	129.6825,32.8311,130.1837,33.1156	[[[1296825,329200,12,-218,1340,-366,-29,17,-204,116,131,110,-37,166,-139,97,-30,356,88,0,51,-239,59,-92,80,80,14,152,-23,239,22,92,73,85,-110,153,-153,153,-136,34,-976,-595,-20,-118,-13,-222]],[[1298319,330431,22,0,189,111,284,86,307,-263,335,-207,20,-207,-84,-228,-95,-147,15,-287,494,-596,2031,1514,-150,216,-980,733,-1532,-203,-856,-522]],[[1298607,328498,687,-187,286,213,-224,81,-524,152,-87,-147,-58,-80,-80,-32]]]
2110480	n	140.1012,35.5709,140.245,35.7011	[[[1401012,356540,1254,-831,184,141,0,744,-733,417,-633,-263,-72,-208]]]
1860098	n	139.4787,36.465,139.8186,36.6509	[[[1394787,365784,105,-313,239,-422,207,-175,518,-224,1918,0,412,273,-319,1586,-2346,-457,-734,-268]]]
2112823	n	140.8297,39.33,141.4106,39.5526	[[[1408297,393835,85,-535,5649,0,19,59,41,219,14,222,-14,222,-41,219,-70,215,-96,209,-122,201,-146,190,-170,178,-44,39,-4076,253,-180,-127,-192,-165,-170,-178,-146,-190,-122,-201,-96,-209,-70,-215,-41,-219,-12,-187]]]
1852984	n	138.7728,37.4453,139.2303,37.6848	[[[1387728,375846,3572,-1393,205,148,187,165,165,178,144,190,118,201,94,209,68,215,22,118,-1551,971,-3024,-1002]]]
2110498	n	139.8354,37.6839,140.3618,38.136	[[[1398354,379100,13,-222,41,-219,68,-215,94,-209,120,-201,143,-190,167,-178,187,-165,207,-149,225,-132,137,-66,1007,-285,158,-19,279,-11,279,11,276,32,122,25,196,122,929,1346,615,1721,-2442,1264,-254,-10,-276,-32,-271,-54,-263,-75,-253,-95,-239,-114,-225,-132,-207,-149,-187,-165,-167,-178,-143,-190,-120,-201,-94,-209,-68,-215,-41,-219,-13,-222]]]
6822111	n	137.6114,36.1292,138.0575,36.5073	[[[1376114,362900,13,-222,40,-219,67,-215,92,-209,117,-201,140,-190,163,-178,184,-165,12,-9,1283,358,2350,2077,-2438,1346,-46,-9,-257,-75,-247,-95,-235,-114,-220,-132,-202,-149,-184,-165,-163,-178,-140,-190,-117,-201,-92,-209,-67,-215,-40,-219,-13,-222]]]
1864985	n	135.202,34.6773,135.334,34.8039	[[[1352020,347855,439,-872,90,26,-10,-185,26,-51,308,27,-4,254,187,10,284,563,-725,412,-595,-184]]]
1848499	p	6940394
11612578	p	1850147
1854803	p	1856057
2112227	n	140.831,39.193,141.4101,39.33	[[[1408310,392622,3,-44,41,-219,70,-215,96,-209,3,-5,2713,119,2861,678,4,73,-14,222,-41,219,-19,59,-5645,0,-72,-678]]]
1860765	n	135.3288,34.3713,135.4417,34.4655	[[[1353288,344391,1023,-678,106,23,-292,516,-608,403,-229,-264]]]
1857766	n	135.1296,35.2282,135.6058,35.6751	[[[1351296,354635,2518,-2336,18,-17,6,0,262,54,255,75,245,95,232,114,217,132,200,149,182,165,161,178,139,190,116,201,91,209,66,215,40,219,13,222,-13,222,-40,219,-35,116,-5,-6,-196,-91,-94,-33,-91,-9,-287,9,-186,55,-24,137,39,180,-3,181,-95,-164,-71,-77,-73,-32,-93,18,-3,48,18,66,-17,98,41,155,-129,68,-176,58,58,152,50,163,-237,-127,-39,-106,-96,-102,-100,-81,-132,-35,-291,-5,-124,-35,-235,-167,124,-272,236,-86,286,53,0,-248,-75,-57,-244,96,-180,9,-127,-159,-95,-166,-113,-75,-55,116,18,82,97,189,46,91,59,134,-111,162,-82,-61,-147,-51,-628,288,11,160,122,-7,100,2,89,54,-55,42,-120,42,-52,204,-130,-72,-135,-166,-112,-73,-25,-30,-13,-161,-107,-16,-17,12,-647,-776]],[[1352939,356608,54,-29,69,136,-5,36,-9,-11,-109,-132]]]
1852736	n	130.1714,31.6331,130.4786,31.9736	[[[1301714,317901,104,-218,23,-96,156,-50,466,-241,130,-87,381,-509,281,-279,60,-90,862,571,609,2342,-2758,492,23,-19,88,-215,65,-206,-57,-440,-177,-271,109,-148,272,-242,-123,49,-325,107,-93,-81,-96,-369]]]
11611626	n	136.0218,36.0646,136.3885,36.2643	[[[1360219,360646,3666,809,-1920,1188,-339,-121,-177,21,-207,-11,-48,-68,154,-218,-146,-248,-127,-146,-147,-238,-492,-506,-125,-301,-92,-161]]]
6822209	p	1856057
6822162	n	139.2433,35.9762,139.48,36.0861	[[[1392433,360478,13,-72,2265,-644,73,28,16,51,0,493,-296,491,-149,36,-1922,-383]]]
6822199	n	140.2538,39.3052,140.7787,39.6661	[[[1402539,395352,404,-2300,4844,1605,-35,184,-69,215,-96,209,-122,201,-147,190,-170,178,-192,165,-211,149,-229,132,-245,114,-258,95,-269,75,-277,54,-282,32,-285,11,-285,-11,-282,-32,-277,-54,-197,-55,-1320,-1157]]]
6822125	n	137.0631,36.6706,137.2032,36.8035	[[[1370631,368034,364,-1327,1037,884,-59,-10,-403,27,-290,160,-473,133,-176,133]]]
1857334	n	132.9034,34.2328,133.1705,34.6025	[[[1329034,342569,252,-40,37,219,-38,92,-73,-67,-130,-144,-46,-26,-2,-34]],[[1329059,343127,60,21,1064,85,408,90,267,187,-67,313,142,75,102,-52,98,-6,99,3,111,-20,143,-66,-347,1381,-1423,887,-505,-192,-33,-21,-119,-2685]],[[1329697,342526,96,-4,80,-34,40,-60,625,-100,19,96,-108,307,-149,222,-200,-41,-212,-182,-191,-204]],[[1330706,342772,58,-176,169,-70,94,45,225,192,189,63,115,92,54,24,48,-19,47,-36,-161,639,-69,-12,-144,-332,-198,-41,37,125,9,157,-39,95,-107,-67,-159,-186,-105,-98,-46,8,-17,-403]]]
6822117	n	136.0729,34.8526,136.3911,35.0535	[[[1360729,348765,2646,-239,72,68,457,1274,7,232,-2292,434,-890,-1769]]]
11468270	n	135.9777,34.6408,136.3375,34.8765	[[[1359777,348204,107,-1028,3245,-768,246,2118,-2646,239,-702,-58,-71,-29,-179,-474]]]
1850892	n	136.9719,35.9039,137.5281,36.3561	[[[1369719,361300,14,-222,40,-219,66,-215,92,-209,117,-201,140,-190,163,-178,183,-165,202,-149,219,-132,234,-114,247,-95,257,-75,265,-54,269,-32,273,-11,273,11,269,32,265,54,257,75,247,95,234,114,219,132,202,149,183,165,163,178,140,190,117,201,92,209,66,215,40,219,14,222,-14,222,-40,219,-66,215,-92,209,-117,201,-140,190,-163,178,-183,165,-202,149,-219,132,-234,114,-247,95,-257,75,-265,54,-269,32,-273,11,-273,-11,-269,-32,-265,-54,-257,-75,-247,-95,-234,-114,-219,-132,-202,-149,-183,-165,-163,-178,-140,-190,-117,-201,-92,-209,-66,-215,-40,-219,-14,-222]]]
1863945	n	137.8437,34.6618,137.9996,34.9124	[[[1378437,347633,1040,-965,199,-3,320,-47,-756,2506,-803,-1491]]]
2111855	n	140.1594,35.2039,140.4131,35.4912	[[[1401594,354254,215,-1990,136,-53,255,-75,262,-54,268,-32,270,-11,270,11,268,32,262,54,183,54,5,31,53,374,90,417,-81,277,-191,521,268,789,-2127,313,-406,-658]]]
11611486	n	134.7253,34.7236,134.8256,34.8302	[[[1347253,347704,191,-39,180,-95,381,-261,251,-73,-402,1066,-601,-598]]]
1852643	p	1853909
1863528	n	138.7081,35.2316,139.0771,35.5461	[[[1387081,354225,622,-1318,247,-285,2310,-306,511,1242,-341,1266,-789,627,-241,10,-270,-11,-171,-21,-1878,-1204]]]
1863293	n	137.593,34.7384,137.9376,35.0261	[[[1375930,348482,320,-551,1650,-547,537,249,803,1491,136,721,-57,35,-230,114,-242,95,-253,75,-260,54,-266,32,-268,11,-268,-11,-266,-32,-260,-54,-253,-75,-242,-95,-230,-114,-216,-132,-36,-27,-99,-1239]]]
6822208	p	1856057
1863482	n	139.4073,36.0825,139.5173,36.2241	[[[1394073,362171,282,-1310,149,-36,669,380,-579,895,-334,141,-187,-70]]]
1859908	n	138.3792,37.1564,138.7439,37.5196	[[[1383792,372748,1267,-1184,2380,1446,-880,2186,-334,-421,-257,-422,-188,-324,-274,-250,-1131,-559,-583,-472]]]
11611659	p	1856057
2111258	n	140.13,35.8496,140.34,35.9816	[[[1401300,358788,1324,-292,776,600,0,702,-166,18,-773,-35,-1161,-549,0,-444]]]
2110506	n	140.2798,39.0939,140.8382,39.464	[[[1402798,392379,20,-44,122,-201,146,-190,170,-178,191,-165,211,-149,229,-132,245,-114,257,-95,268,-75,277,-54,281,-32,285,-11,285,11,281,32,277,54,268,75,257,95,245,114,229,132,211,149,191,165,170,178,146,190,122,201,96,209,35,110,69,646,-74,461,-30,95,-96,209,-122,201,-146,190,-170,178,-7,6,-4794,-1588,-145,-673]]]
1856569	n	135.8007,35.045,136.0262,35.2496	[[[1358007,352409,381,-1162,679,-706,682,-91,512,170,-2123,1876,-79,-48,-52,-39]]]
1852775	n	136.7304,35.4301,136.97,35.7061	[[[1367304,356438,846,-1496,1160,-641,390,52,0,2669,-230,28,-270,11,-270,-11,-268,-32,-263,-54,-254,-75,-245,-95,-232,-114,-218,-132,-146,-110]]]
2129870	n	141.5658,42.9839,142.0681,43.4261	[[[1415658,432930,1500,-2321,1346,-770,275,72,273,95,260,114,242,132,224,149,203,165,181,178,155,190,129,201,102,209,74,215,44,219,15,222,-15,222,-44,219,-74,215,-102,209,-129,201,-155,190,-181,178,-203,165,-224,149,-242,132,-260,114,-273,95,-285,75,-293,54,-299,32,-302,11,-302,-11,-299,-32,-293,-54,-285,-75,-273,-95,-260,-114,-98,-54,-132,-896]]]
11612580	p	1850147
1855757	n	130.9827,33.4126,131.2772,33.6481	[[[1309827,335087,1624,-961,1321,1752,-207,172,-366,25,-312,85,-428,56,-259,47,-170,-20,-217,107,-121,131,-803,-860,-62,-534]]]
2110629	n	140.0418,35.9232,140.2462,36.024	[[[1400418,359999,209,-449,673,-318,1161,549,-1382,459,-531,-32,-130,-209]]]
6822211	p	1856057
1907300	p	1850147
11611642	n	139.4,35.3959,139.521,35.4668	[[[1394000,354150,575,-191,634,234,-1075,475,-134,-71,0,-447]]]
6822136	p	1850147
11611477	n	135.6891,34.5627,135.8312,34.6605	[[[1356891,346146,68,-227,500,-248,297,-44,556,736,-728,242,-693,-459]]]
6698269	p	1856057
7424125	n	129.9753,32.2475,130.4036,32.6822	[[[1299753,323554,44,-224,118,-186,173,-85,215,77,159,-53,80,-13,101,-2,-111,-103,-110,-20,-121,7,-135,-21,-34,-18,79,-61,210,-132,224,-114,236,-95,118,-36,54,46,225,93,55,37,198,383,46,68,237,81,93,53,85,92,42,61,22,77,27,267,-15,80,-27,63,-26,79,-25,847,-95,416,-290,245,-207,14,-195,-48,-175,-64,-259,-55,-204,-98,-133,-22,-102,29,-82,58,-93,51,-126,6,225,-313,49,-197,-103,-217,-135,-167,-121,-199,-54,-196,65,-158,-85,-57,-65,-74,-39,-92,-13,-110]],[[1301290,326537,5,-126,175,-71,85,-83,141,-66,35,-155,-71,-106,155,-7,169,107,247,29,84,41,50,125,174,23,60,79,-9,112,92,65,374,10,137,60,-38,20,-236,95,-246,75,-254,54,-37,4,-1092,-285]],[[1302107,322554,44,-27,81,44,95,17,101,43,108,85,94,97,34,58,-61,80,-164,67,-116,-31,-11,-36,-27,-21,-56,-9,-58,-52,-42,-102,-20,-109,-2,-104]],[[1302131,324365,86,-146,203,-264,228,81,196,39,401,23,186,120,108,23,48,-112,-8,-217,8,-112,36,-50,305,222,108,244,-128,872,-75,6,-37,59,-24,76,-63,41,-79,1,-214,-127,-364,-103,-149,-61,-225,-138,-199,-196,-88,-43,-140,-21,-65,-22,-50,-56,-5,-139]]]
11612457	n	135.9625,35.705,136.4447,35.9681	[[[1359625,359681,82,-80,237,-242,10,-228,-19,-280,188,-141,365,-323,217,-140,62,-130,115,-164,113,-196,0,-10,2295,-697,169,102,201,149,183,165,162,178,140,190,116,201,92,209,66,215,28,155,-4822,1067]]]
1907307	n	139.8247,35.1706,140.0436,35.3762	[[[1398247,353468,2126,-1761,63,39,-1463,1940,-46,-44,-479,120,-61,-169,-140,-123,0,-2]]]
8125829	p	1857910
11612345	n	133.4283,33.7624,133.8195,34.0457	[[[1334283,339835,269,-2141,1,-10,31,-9,1645,-51,57,12,250,75,241,95,228,114,213,132,197,149,179,165,158,178,136,190,114,201,90,209,64,215,39,219,0,1,-1985,878,-1,-1,-336,-253,-148,-141,-108,-128,-131,-125,-165,-100,-211,-57,-247,15,-481,152,-99,16]]]
1863451	n	135.9456,35.065,136.1615,35.339	[[[1359457,353170,1426,-2520,526,0,206,1362,-1663,1378,-3,-1,-243,-95,-232,-114,-17,-10]]]
1850693	p	1850147
11612343	p	1850147
1850559	n	139.4259,36.21,139.6412,36.305	[[[1394260,362241,334,-141,1628,0,190,342,-1285,608,-706,-467,-161,-342]]]
1858681	p	1857910
1863183	n	139.1766,35.805,139.365,35.9335	[[[1391766,358934,1166,-884,246,0,472,521,0,184,-1531,580,-353,-401]]]
1863693	n	137.1192,34.7639,137.3244,34.9312	[[[1371192,347879,23,4,190,-5,170,-66,140,29,-7,-202,179,62,21,186,36,183,133,-44,151,137,230,-67,207,-65,135,50,179,-109,34,-34,128,213,103,1161,-1768,-586,-284,-847]]]
1859952	p	1853909
1855753	n	137.26,35.2539,137.6941,35.7061	[[[1372600,355455,1746,-2849,116,-24,268,-32,270,-11,270,11,268,32,263,54,254,75,245,95,232,114,218,132,191,142,-682,3616,-204,79,-254,75,-263,54,-268,32,-270,11,-270,-11,-268,-32,-263,-54,-254,-75,-245,-95,-232,-114,-218,-132,-200,-149,-182,-165,-161,-178,-107,-146,0,-455]]]
2111836	n	139.9314,36.3444,140.2038,36.6309	[[[1399314,364877,203,-1011,1750,-421,771,2553,-67,50,-220,132,-235,114,-40,15,-2162,-1432]]]
2111669	n	140.6076,37.9439,140.9874,38.2254	[[[1406076,381022,85,-187,120,-201,144,-190,167,-178,188,-165,208,-149,225,-132,240,-114,254,-95,264,-75,272,-54,277,-32,280,-11,280,11,150,17,-32,185,-12,420,72,422,410,1211,206,355,-316,194,-3302,-219,-180,-1013]]]
1862198	n	139.1144,36.1078,139.271,36.285	[[[1391144,361210,454,-132,1112,1659,-1360,113,-206,-1640]]]
1849831	n	134.544,35.3138,134.9946,35.6666	[[[1345440,355400,13,-222,40,-219,66,-215,91,-209,116,-201,139,-190,162,-178,181,-165,201,-149,218,-132,232,-114,245,-95,255,-75,263,-54,267,-32,271,-11,178,7,37,15,1,0,55,21,1475,1222,-998,2080,-98,-25,-40,114,-177,10,-210,-129,-82,117,-207,53,-151,32,-314,10,-754,-32,-441,9,-572,-49,-36,9,-100,-137,-116,-201,-91,-209,-66,-215,-40,-219,-13,-222]]]
6822120	n	135.648,34.4592,135.7459,34.5919	[[[1356480,345320,300,-728,334,166,345,913,-500,248,-469,-560,-10,-39]]]
11611622	n	135.7648,34.6656,135.9885,34.8204	[[[1357648,347389,1844,-733,392,520,-107,1028,-1448,-288,-681,-527]]]
11611941	n	141.0541,38.5444,141.4467,38.8344	[[[1410541,386614,1115,-1170,2625,840,73,160,69,215,41,219,3,48,-968,1418,-2391,-226,-567,-1504]]]
1855395	n	139.3397,36.5784,139.7813,36.9761	[[[1393397,367500,14,-222,40,-219,67,-215,70,-159,32,-24,1167,-877,734,268,2292,3038,-148,334,-144,70,-248,95,-259,75,-267,54,-272,32,-275,11,-275,-11,-272,-32,-267,-54,-259,-75,-248,-95,-236,-114,-221,-132,-204,-149,-185,-165,-163,-178,-142,-190,-117,-201,-93,-209,-67,-215,-40,-219,-14,-222]]]
1849788	n	138.7425,37.5846,139.0752,37.8262	[[[1387425,375922,303,-76,3024,1002,-1290,1161,-902,253,-290,-289,-176,-365,-438,-1261,-190,-378,-41,-47]]]
1864009	n	134.8471,35.1408,135.3815,35.4636	[[[1348471,353182,4683,-1774,173,158,161,178,139,190,115,201,72,164,-2518,2336,-1350,-231,-1475,-1222]]]
11790367	p	1850147
11611617	p	1850147
1856293	n	135.943,34.3945,136.3147,34.7176	[[[1359430,346498,215,-892,1283,-1629,25,-32,114,5,265,32,260,54,252,75,242,95,230,114,215,132,199,149,180,165,33,37,2,17,202,1540,-18,48,-3245,768,-392,-520,-62,-158]]]
1849561	n	131.631,33.0388,131.9026,33.4661	[[[1316310,333732,36,8,38,127,-12,63,-62,-198]],[[1316399,332652,380,-2264,1597,766,-280,122,171,250,43,171,177,183,160,51,75,72,-6,151,106,211,204,295,-182,23,-335,-161,-287,-82,-601,95,-512,167,-109,-161,-455,175,-146,-64]],[[1316453,334183,134,45,159,-66,228,-98,88,32,31,230,180,309,1,1,-111,14,-263,11,-263,-11,-37,-5,-147,-462]]]
1852502	p	6940394
11611646	n	130.4177,31.6648,130.73,31.9937	[[[1304177,316902,1913,-254,11,75,29,101,318,323,209,55,643,2413,-155,79,-234,95,-244,75,-252,54,-154,19,-1475,-693,-609,-2342]]]
2112899	n	140.6728,38.4521,141.1465,38.6674	[[[1406728,385700,13,-222,7,-33,3584,-924,779,144,354,533,-4453,1476,-66,-109,-95,-209,-68,-215,-42,-219,-13,-222]]]
11611938	p	1850147
1852595	n	138.7226,36.4006,139.1713,36.7061	[[[1387226,365055,2374,-1049,237,21,1638,1085,237,1469,1,1,0,1,-161,97,-235,114,-248,95,-258,75,-266,54,-271,32,-274,11,-274,-11,-271,-32,-266,-54,-258,-75,-248,-95,-235,-114,-220,-132,-203,-149,-184,-165,-163,-178,-141,-190,-117,-201,-93,-209,-66,-215,-35,-186]]]
6822202	n	139.8994,39.1639,140.2943,39.5597	[[[1398994,392016,236,-110,258,-95,268,-75,277,-54,282,-32,285,-11,285,11,282,32,277,54,268,75,258,95,244,114,229,132,212,149,154,133,134,618,-404,2300,-2023,244,-30,-549,-284,-971,-249,-803,-317,-285,-318,-117,-150,-246,-132,-376,-42,-233]]]
1850872	p	11612457
11612339	p	1859730
1857276	n	134.8551,34.72,135.1248,34.9966	[[[1348551,349503,695,-2303,1526,217,476,573,-858,1778,-1789,198,-50,-463]]]
11612336	n	138.25,35.6388,138.6443,35.9161	[[[1382500,357662,2693,-1274,1250,2487,-40,19,-245,95,-255,75,-264,54,-268,32,-271,11,-271,-11,-268,-32,-264,-54,-255,-75,-3,-1,-1457,-1159,-37,-64,-45,-103]]]
1854371	p	6940394
11611624	p	1853909
2110959	n	140.104,37.0921,140.6623,37.3401	[[[1401041,373073,4329,-2152,221,131,205,149,186,165,165,178,142,190,119,201,93,209,67,215,41,219,13,222,-13,222,-41,219,-49,159,-5243,0,-235,-327]]]
8573477	p	1850147
11611939	p	1857910
2112319	n	140.34,35.762,140.585,36.0857	[[[1403400,359096,1483,-1475,967,534,0,1053,-1161,1649,-525,-286,-764,-773,0,-702]]]
1861095	n	135.3732,34.4751,135.4251,34.5291	[[[1353732,344928,268,-177,251,249,-293,291,-48,-55,-178,-47,11,-111,-11,-150]]]
11612326	n	134.3227,34.7597,134.6402,35.0561	[[[1343227,349669,1518,-1887,37,37,63,34,67,18,-7,-145,54,-80,100,-36,132,-13,58,9,66,25,64,34,48,35,64,33,54,-17,54,-33,70,-18,479,36,254,2701,-208,62,-260,54,-266,32,-268,11,-268,-11,-266,-32,-260,-54,-253,-75,-243,-95,-230,-114,-216,-132,-199,-149,-180,-165,-58,-65]]]
1849904	n	130.33,33.345,130.5702,33.435	[[[1303301,333832,367,-382,2034,0,-905,900,-323,0,-1173,-518]]]
1861528	p	1856057
11612555	p	1857910
2112343	n	140.1267,36.2853,140.3815,36.6061	[[[1401267,363445,108,-345,103,-247,1940,72,396,1576,-451,1492,-119,25,-271,32,-273,11,-273,-11,-271,-32,-119,-25,-770,-2548]]]
1848188	p	6940394
7422816	p	1863967
2112571	p	11836117
1862912	n	136.955,34.6963,137.0255,34.93	[[[1369550,346977,165,-13,4,170,-92,216,-77,33,0,-406]],[[1369550,348825,18,23,127,268,94,126,37,-259,-202,-403,-42,-256,184,-69,190,-174,42,-36,257,1192,-76,63,-629,0,0,-475]]]
1864549	p	1856057
2111325	n	139.7655,36.6604,140.3104,36.9557	[[[1397655,369448,158,-358,1081,-1673,2455,-813,25,7,249,95,237,114,221,132,204,149,185,165,164,178,142,190,118,201,92,209,67,215,41,219,9,145,-6,1,-2014,485,-3380,448,-48,-109]]]
1848439	p	1857910
11205269	n	138.1836,35.3945,138.5666,35.7664	[[[1381837,356200,14,-222,39,-219,66,-215,92,-209,116,-201,139,-190,161,-178,182,-165,201,-149,218,-132,233,-114,245,-95,255,-75,263,-54,268,-32,111,-5,21,6,1,0,1204,320,-136,1625,-337,492,-2693,1274,-3,2,-33,-30,-161,-178,-139,-190,-116,-201,-92,-209,-66,-215,-39,-219,-14,-222]]]
1848087	n	130.8496,33.5621,131.0692,33.8241	[[[1308496,337282,1393,-1661,803,860,-47,52,-137,286,-310,446,-100,197,-38,261,-24,74,33,334,-214,-44,-195,44,-43,31,2,39,5,40,-1119,-804,-9,-155]]]
1850396	n	135.7756,34.5381,135.9645,34.6498	[[[1357756,345627,93,-82,434,-164,1362,225,-215,892,-1118,-135,-556,-736]]]
1850708	n	135.1568,33.5358,135.64,33.9561	[[[1351568,338684,166,-301,231,-235,333,-162,28,-166,317,-7,297,-176,181,18,93,-126,194,-76,508,-317,108,-125,-232,-30,-363,-42,-152,-227,143,-140,167,-30,107,-92,56,-19,57,-60,116,-182,-55,-111,5,-137,102,-115,117,-84,356,-234,460,-96,169,-54,123,62,213,132,196,149,178,165,158,178,136,190,114,201,89,209,64,215,39,219,13,222,-13,222,-39,219,-64,215,-89,209,-114,201,-136,190,-158,178,-178,165,-196,149,-213,132,-227,114,-240,95,-249,75,-257,54,-262,32,-265,11,-265,-11,-262,-32,-257,-54,-249,-75,-240,-95,-227,-114,-213,-132,-196,-149,-178,-165,-45,-50]]]
6822130	p	1850147
1926020	n	132.3787,32.9938,132.8284,33.4461	[[[1323787,333195,116,-33,109,-68,189,-50,667,117,388,-14,-33,-71,-175,-38,-201,-130,-1,-143,72,-58,108,-41,51,-87,165,51,172,-4,-169,-126,123,-74,116,-157,-122,-93,-224,-43,-111,-146,24,-175,-194,-120,-79,122,-166,100,-15,126,-142,10,-254,48,-254,-59,39,-167,168,21,83,99,144,-78,111,-63,94,-114,-206,-55,-26,-124,53,-135,95,-56,293,-7,106,-32,-25,-73,-74,-72,-44,-34,-44,-9,-223,9,0,-62,136,-32,63,-97,-2,-135,-61,-146,205,0,-117,-121,-197,-27,-439,164,-110,-113,35,-141,-27,-37,102,-64,118,181,214,-82,304,-30,99,-172,152,-229,110,-24,261,-32,263,-11,263,11,261,32,255,54,248,75,238,95,226,114,212,132,195,149,177,165,157,178,136,190,112,201,89,209,64,215,39,219,12,222,-12,222,-39,219,-64,215,-89,209,-112,201,-136,190,-157,178,-177,165,-195,149,-212,132,-226,114,-238,95,-248,75,-255,54,-261,32,-263,11,-263,-11,-261,-32,-255,-54,-248,-75,-238,-95,-226,-114,-198,-124,-5,-206,118,-124,188,130,-39,-282,-18,-59,-76,-53,-165,-13,-73,-40,-54,-114]]]
1857844	n	130.1278,33.4812,130.3155,33.6651	[[[1301278,335913,1661,-1101,216,788,-77,279,-24,-30,-39,-52,-62,-7,-50,-48,-49,28,-122,56,-78,60,101,148,-36,83,-204,-37,-61,38,-140,70,-42,160,93,94,-48,91,-111,64,-126,54,-32,-254,-70,-61,-71,-33,-88,-12,-112,-2,-112,7,-57,-107,29,-124,-173,-118,-102,-34,-14,0]]]
11127679	n	141.2855,42.7516,141.7558,42.9484	[[[1412855,428279,12,-35,101,-209,129,-201,154,-190,129,-128,1316,70,2862,1897,-3595,-265,-1108,-939]]]
6822115	n	135.9749,34.9522,136.0677,35.062	[[[1359749,350450,467,-928,461,1019,-416,79,-512,-170]]]
1865309	n	134.3797,33.7153,134.7512,34.0056	[[[1343797,339136,10,-158,39,-219,64,-215,90,-209,113,-201,137,-190,158,-178,178,-165,197,-149,213,-132,228,-114,133,-53,27,16,80,156,243,39,87,278,284,18,90,166,351,38,128,121,373,152,303,123,189,89,-112,54,-180,-62,-322,-60,0,68,85,13,100,44,88,11,0,63,-563,-16,-145,67,161,228,111,58,133,45,39,95,122,105,-7,148,4,163,-124,51,58,95,-331,170,-120,170,-110,197,-151,-54,-5,-26,-80,-4,-2366,-836]]]
6822165	p	1853209
1848305	p	1850147
11612588	n	138.553,35.4225,138.9163,35.8326	[[[1385530,355896,136,-1625,1415,-46,1863,1195,9,15,91,209,66,215,40,219,13,222,-13,222,-40,219,-66,215,-91,209,-116,201,-140,190,-161,178,-182,165,-201,149,-218,132,-233,114,-79,31,-1,-2,-2092,-2427]]]
13156739	p	11205269
6822210	p	1856057
2128787	n	140.2786,40.0439,140.8543,40.4657	[[[1402786,403361,153,-895,164,-958,50,-64,172,-178,194,-165,214,-149,232,-132,248,-114,261,-95,272,-75,280,-54,286,-32,288,-11,288,11,286,32,280,54,272,75,261,95,248,114,232,132,214,149,194,165,172,178,149,190,123,201,98,209,70,215,42,219,14,222,-14,222,-42,219,-70,215,-98,209,-123,201,-149,190,-172,178,-194,165,-214,149,-232,132,-168,77,-3940,-734,-123,-157,-123,-201,-95,-204]]]
1851606	n	133.4877,34.6032,133.8736,34.8961	[[[1334877,347322,1245,-1290,2238,330,376,2244,-719,313,-249,31,-268,11,-268,-11,-265,-32,-260,-54,-252,-75,-242,-95,-230,-114,-215,-132,-199,-149,-180,-165,-159,-178,-138,-190,-115,-201,-90,-209,-10,-34]]]
2111831	n	139.9291,35.8953,140.0627,35.9999	[[[1399291,359148,109,-103,486,-92,460,101,281,496,-209,449,-984,-237,-143,-614]]]
1861290	n	138.8293,34.7506,139.1483,35.1068	[[[1388293,348789,90,-155,138,-190,160,-178,181,-165,199,-149,216,-132,231,-114,243,-95,253,-75,147,-30,39,37,73,99,167,34,87,102,74,148,157,164,92,194,44,139,107,138,202,113,216,32,74,345,-57,372,-119,229,-301,96,-141,225,106,142,47,190,42,189,-301,38,8,219,107,317,-1335,-944,-1246,-1335]]]
2110579	n	140.245,35.585,140.4962,35.7151	[[[1402450,355850,547,0,1965,651,-208,649,-1652,0,-652,-556,0,-744]]]
1863620	p	1862415
1849592	n	135.8021,35.4296,136.3364,35.7747	[[[1358021,355694,26,-59,9,-17,106,-158,73,-76,108,-40,-93,-30,52,-70,162,-178,182,-165,201,-149,218,-132,232,-114,245,-95,256,-75,196,-40,25,13,3272,1688,20,62,39,219,14,222,-14,222,-39,219,-35,113,-2281,693,4,-149,-69,-167,-4,-185,-2,-94,-98,-108,10,-140,-22,-62,-68,-52,-55,-171,-216,-31,-42,114,-163,107,50,107,100,-1,48,122,-79,188,-76,156,23,81,-139,191,-382,-254,-255,-116,4,-277,137,24,43,-121,-12,-147,-97,-208,182,-118,-11,-131,-95,-45,-202,29,-113,-105,-202,-102,-96,68,-80,94,-340,-66,-140,71,-129,88,-177,109,-115,-12,43,-125,143,-138,40,-39,33,-140,69,-75,71,-53,31,-74,-146,-56,-142,-40,-105,82,-111,-24,-22,-58]]]
1853338	n	135.9573,35.8614,136.4674,36.0405	[[[1359573,359731,52,-50,4826,-1067,12,21,92,209,66,215,40,219,13,222,-4,76,-4582,829,-87,-163,-128,-125,-241,-118,-59,-268]]]
1861641	n	137.673,35.6248,138.2172,35.9758	[[[1376730,358300,13,-222,40,-219,66,-215,92,-209,106,-184,3609,-1003,150,58,233,114,218,132,202,149,182,165,162,178,140,190,116,201,92,209,21,70,-2036,1688,-1055,274,-1695,82,-27,-24,-162,-178,-140,-190,-116,-201,-92,-209,-66,-215,-40,-219,-13,-222]]]
6822214	n	136.5961,35.2328,136.7549,35.3666	[[[1365961,352328,811,134,536,445,241,637,-206,122,-751,-83,-631,-1255]]]
6822141	n	136.1964,36.1148,136.5793,36.3746	[[[1361965,362643,1920,-1188,1010,-307,173,104,202,149,184,165,163,178,141,190,35,61,-2,1,-1,0,-2199,1750,-123,-88,-484,-185,-197,-249,-820,-580,-2,-1]]]
1850742	n	133.8102,34.4455,134.2224,34.6081	[[[1338102,344509,147,-54,-31,166,373,8,772,-117,176,226,127,326,166,222,288,-85,-34,85,-9,19,-26,33,125,98,159,89,122,114,5,176,-105,119,-44,9,-453,-46,-19,-6,-267,-247,-148,-93,-131,60,-44,168,80,64,-589,-60,-640,-1274]],[[1340366,344808,29,-25,95,-39,181,-74,8,-3,83,-59,78,-10,189,211,16,94,-27,11,-64,6,-80,58,-40,29,-114,-22,-171,-97,-89,-11,-77,-44,-17,-25]],[[1340565,345969,128,-111,144,-43,293,41,350,114,186,111,-1101,-112]],[[1341684,344837,531,186,9,146,-186,-45,-287,77,-40,-112,14,-123,-8,-107,-33,-22]]]
1849539	p	1856057
1859210	p	1856057
1852003	n	137.6921,35.9676,138.0784,36.165	[[[1376921,361000,13,-222,40,-219,66,-215,92,-209,117,-201,129,-175,1703,-83,1702,1974,-2558,0,-1278,-357,-13,-71,-13,-222]]]
11612700	n	130.448,33.737,130.5478,33.8555	[[[1304480,337899,77,-77,111,-18,32,-175,-6,-51,784,-208,-480,1114,-27,-3,-82,73,-111,-303,-56,-76,-101,-63,-77,-35,-48,-55,-16,-123]]]
1860748	n	140.4689,35.9208,140.6961,36.1695	[[[1404689,360857,1161,-1649,1111,210,-501,715,-361,818,-315,659,-12,85,-490,-171,-331,-353,-262,-314]]]
1853237	n	131.6324,32.7293,132.0841,33.1291	[[[1316324,329500,13,-222,38,-219,64,-215,88,-209,113,-201,135,-190,156,-178,70,-65,1682,-694,34,-14,6,23,8,31,0,277,94,210,467,-51,189,151,143,-7,183,66,159,112,68,136,-56,56,-293,-36,-129,14,81,115,86,55,87,38,88,65,104,165,-43,71,-92,39,-45,66,126,147,307,200,182,37,207,89,197,-30,-29,100,-205,37,-259,44,-130,-144,-79,-25,-41,46,5,52,-121,-53,-72,28,-54,56,-64,31,-93,-21,-107,-38,-95,148,-150,2,-201,170,-114,66,36,287,160,169,68,184,158,4,386,-20,255,57,39,127,-173,278,-46,-227,-63,-58,-91,-30,-90,15,-91,55,-71,90,-85,164,-79,-6,-19,-125,-34,-112,-134,9,-100,81,-149,22,-104,-45,-173,75,57,118,155,151,271,154,-111,43,-316,-3,-262,-155,-50,21,-1597,-766,-344,-245,-60,-202,-38,-219,-13,-222]]]
11749713	p	1850147
6822190	n	140.712,38.6614,141.1109,38.9433	[[[1407120,387500,14,-222,42,-219,9,-28,28,-3,3328,-414,567,1504,-2595,1315,-113,-53,-227,-132,-209,-149,-190,-165,-168,-178,-146,-190,-120,-201,-96,-209,-68,-215,-42,-219,-14,-222]]]
2110774	n	140.2997,35.46,140.5363,35.6501	[[[1402997,355850,1131,-1249,104,305,603,754,528,403,-401,438,-1965,-651]]]
6822164	p	6940394
1855410	n	138.9462,37.5904,139.3875,37.9082	[[[1389462,378009,1290,-1161,1509,-944,27,7,252,95,239,114,224,132,207,149,187,165,166,178,144,190,119,201,48,108,-1982,1839,-2430,-1073]]]
1850707	p	1857910
11611615	n	133.5584,34.1214,133.8605,34.2595	[[[1335584,342595,139,-173,154,-103,163,-85,164,-117,126,-134,81,-137,27,-93,2167,-539,-1335,1264,-256,-165,-288,-82,-181,159,-170,-54,-283,54,-298,104,-210,101]]]
2110793	n	140.0836,38.29,140.6315,38.5761	[[[1400836,383500,14,-222,41,-219,51,-159,5210,0,163,675,-121,1031,-113,150,-167,178,-189,165,-208,149,-226,132,-241,114,-254,95,-265,75,-272,54,-278,32,-281,11,-281,-11,-278,-32,-272,-54,-265,-75,-254,-95,-241,-114,-226,-132,-208,-149,-189,-165,-167,-178,-145,-190,-120,-201,-94,-209,-69,-215,-41,-219,-14,-222]]]
1863495	n	127.8312,26.305,127.9199,26.3725	[[[1278312,263588,156,-362,147,-32,206,-87,198,-57,180,46,-97,135,-214,160,-105,128,-49,129,-10,77,-412,-137]]]
11612456	n	139.9482,35.1892,140.1808,35.4793	[[[1399482,354482,1301,-2585,2,-5,215,44,254,75,245,95,232,114,77,47,-214,1987,-1489,539,-46,-59,-236,-147,-236,-25,-105,-80]]]
1862373	n	130.7861,33.0939,131.2088,33.5087	[[[1307861,332939,904,-1930,99,-24,12,-3,261,-32,263,-11,263,11,261,32,256,54,248,75,239,95,226,114,212,132,195,149,178,165,157,178,135,190,113,201,89,209,64,215,39,219,13,222,-9,152,-628,774,-1624,961,-785,-235,-1181,-1913]]]
2113077	n	140.4754,35.6063,140.743,35.8155	[[[1404754,357150,208,-649,401,-438,599,458,649,365,552,102,45,-163,222,65,-97,1156,-1483,109,-967,-534,-129,-471]]]
1850108	n	127.6359,26.1461,127.8088,26.2	[[[1276359,261914,85,-280,1567,-173,77,116,-558,423,-1162,0,-9,-86]]]
1864099	n	138.8604,36.1145,139.135,36.3166	[[[1388604,361145,2540,65,206,1640,-257,316,-1493,-618,-996,-1403]]]
1848573	n	130.3042,33.0944,130.5505,33.2698	[[[1303042,331494,106,-9,226,-51,274,-31,32,-53,-5,-86,47,-115,72,-70,208,-129,13,-6,1490,353,-302,833,-1071,568,-1090,-1204]]]
1861699	n	139.5521,36.6052,139.8894,36.909	[[[1395521,366052,2346,457,1027,908,-1081,1673,-2292,-3038]]]
1850745	n	130.4844,32.8394,130.7378,33.0899	[[[1304844,328970,317,-285,425,-291,1082,615,710,1649,-1273,241,-854,-849,-407,-1080]]]
1855580	n	134.3385,34.1291,134.8767,34.3884	[[[1343385,342000,8,-139,2795,-570,39,54,-22,58,32,105,106,151,78,134,-138,-14,-91,42,-114,22,194,36,-18,56,3,75,15,87,135,157,62,139,-190,-62,-176,-171,-163,-22,65,144,106,112,-40,114,-129,-187,-125,-25,-208,-82,-657,28,-266,-167,-288,8,-241,159,-99,102,-41,83,-50,68,-126,6,-264,-37,-122,37,-18,-60,-39,-219,-13,-222]],[[1346572,342882,93,-227,216,-219,358,90,-103,-126,-114,-188,32,-32,215,-80,18,-191,232,11,482,88,338,258,222,94,206,61,-4,20,-65,215,-89,209,-114,201,-137,190,-159,178,-179,165,-197,149,-214,132,-9,4,-392,-586,-156,-66,-219,50,-137,-261,-124,-139]]]
6825495	p	1853909
1852347	n	139.93,36.1685,140.1478,36.31	[[[1399300,361834,428,-135,263,-14,1103,466,155,247,229,455,-103,247,-2075,0,0,-1266]]]
1856068	n	127.7579,26.475,128.2301,26.7602	[[[1277579,267155,7,-26,271,-103,255,44,-14,284,-141,-39,-257,24,-115,-173,-6,-11]],[[1278779,266866,79,-331,-10,-178,8,-155,87,-109,463,-68,153,-77,65,-128,-22,-179,-227,-320,-348,-157,-247,-69,998,-345,63,35,523,488,195,232,157,-65,187,-13,184,25,244,80,53,8,34,26,34,75,6,93,-49,33,-59,12,-29,33,32,89,75,117,88,107,73,63,133,47,449,21,130,38,-1,28,-36,219,-60,215,-83,209,-106,201,-126,190,-147,178,-68,68,-54,-31,-50,-200,-46,-56,-411,-281,-80,-122,78,-172,-537,-292,-425,-100,-105,0,-88,44,-71,138,40,103,70,85,17,84,-139,127,-227,43,-447,-27,-345,16,-71,-16,-4,-79]]]
10963038	p	11071717
2110927	n	140.9209,38.206,141.0495,38.3605	[[[1409209,383255,349,-1001,316,-194,6,10,293,379,322,308,-853,848,-433,-350]]]
2111018	n	140.0134,35.7479,140.1383,35.8499	[[[1400134,358184,456,-705,792,375,-424,632,-193,13,-601,-284,-30,-31]]]
11612482	n	134.7653,34.9768,135.3136,35.3182	[[[1347653,351600,13,-222,40,-219,65,-215,91,-209,115,-201,139,-190,126,-139,359,-239,1789,-198,2643,1189,61,202,40,219,2,36,-4665,1768,-55,-21,-139,-127,-161,-178,-139,-190,-115,-201,-91,-209,-65,-215,-40,-219,-13,-222]]]
1865047	p	10987897
11612340	p	1856057
11612553	n	130.6668,32.7891,131.0474,33.1008	[[[1306668,329009,852,-635,2670,-483,81,144,88,209,64,215,39,219,12,222,-12,222,-39,219,-64,215,-88,209,-112,201,-135,190,-157,178,-176,165,-194,149,-211,132,-225,114,-238,95,-63,19,-1382,-350,-710,-1649]]]
1848593	n	135.7114,34.4758,135.7849,34.5672	[[[1357114,344758,472,89,263,698,-93,82,-297,44,-345,-913]]]
1849414	p	11468270
1907123	p	6940394
13132799	p	11612482
2111859	n	140.8405,39.025,141.1915,39.2049	[[[1408405,391300,14,-222,42,-219,69,-215,95,-209,112,-185,3178,0,-679,1799,-2715,-120,-60,-188,-42,-219,-14,-222]]]
2112077	n	139.7689,36.9109,140.1084,37.168	[[[1397689,369700,9,-142,3385,-449,-1938,2570,-207,-99,-221,-132,-205,-149,-185,-165,-164,-178,-142,-190,-118,-201,-93,-209,-67,-215,-40,-219,-14,-222]]]
1864637	n	138.8024,35.7859,139.2446,36.121	[[[1388024,359900,14,-222,40,-219,66,-215,92,-209,116,-201,140,-190,162,-178,183,-165,202,-149,219,-132,234,-114,121,-47,104,40,2049,1035,353,401,278,738,49,333,-13,72,-86,127,-749,473,-454,132,-2540,-65,-163,-58,-89,-121,-116,-201,-92,-209,-66,-215,-40,-219,-14,-222]]]
2112263	n	141.3499,38.6817,141.8183,39.1261	[[[1413499,388344,901,-1319,40,-19,256,-95,266,-75,101,-19,96,26,95,56,125,142,49,32,63,-3,54,-44,52,-31,67,41,62,151,-55,101,-180,120,-103,155,-68,70,-103,48,88,127,428,258,138,126,23,69,-32,90,-24,193,7,187,41,91,100,30,192,2,75,15,62,28,52,14,54,-26,36,-59,36,-135,28,-48,215,-123,-48,206,-235,504,-47,422,-22,202,127,114,425,-15,-74,-94,-131,-49,69,-102,109,-112,132,-90,130,-38,131,44,37,93,-56,94,-149,43,137,134,96,17,115,-14,-67,116,-78,107,-55,115,-5,146,179,-101,208,-14,401,47,118,-22,-152,161,-191,165,-209,149,-228,132,-243,114,-256,95,-266,75,-275,54,-280,32,-283,11,-283,-11,-280,-32,-275,-54,-266,-75,-239,-89,-844,-955,-114,-1701]]]
1863082	n	135.493,34.0939,135.8766,34.3974	[[[1354930,343564,928,-2586,7,-20,68,-8,267,-11,267,11,263,32,259,54,252,75,241,95,229,114,214,132,198,149,179,165,159,178,137,190,114,201,54,125,-1978,1514,-1858,-410]]]
1861280	n	127.6444,26.0844,127.8011,26.1634	[[[1276444,261634,127,-416,-54,-374,584,0,153,52,163,260,132,97,208,-35,212,179,42,64,-1567,173]]]
6822154	n	139.8924,35.9762,140.0548,36.1699	[[[1398924,360100,510,-338,984,237,130,209,-557,1477,-263,14,-804,-1599]]]
6822212	p	1856057
6822207	n	140.9141,40.3939,141.4334,40.8461	[[[1409141,406200,15,-222,42,-219,71,-215,98,-209,124,-201,149,-190,173,-178,195,-165,215,-149,233,-132,249,-114,263,-95,273,-75,282,-54,287,-32,290,-11,290,11,139,16,1805,2890,-102,402,-115,593,-140,97,-233,132,-249,114,-263,95,-273,75,-282,54,-287,32,-290,11,-290,-11,-287,-32,-282,-54,-273,-75,-263,-95,-249,-114,-233,-132,-93,-65,-864,-1373,-117,-186,-8,-124]]]
11611476	n	130.5203,33.0658,130.8742,33.3297	[[[1305203,332130,302,-833,600,-398,1273,-241,1306,331,48,55,10,14,-881,1881,-1386,358,-95,-40,-1177,-1127]]]
6822171	n	135.3459,34.045,135.5858,34.3737	[[[1353459,343169,912,-2719,259,32,259,54,251,75,241,95,229,114,214,132,34,26,-928,2586,-235,155,-278,17,-106,-23,-582,-232,-270,-312]]]
1851125	n	135.3958,34.5,135.495,34.5657	[[[1353958,345291,293,-291,699,0,0,301,-803,355,-3,-75,-61,-171,-92,-81,-33,-38]]]
11612582	n	130.9499,33.9555,131.3382,34.2562	[[[1309499,341726,763,-1391,94,145,368,-110,308,-68,208,-303,334,-210,86,-18,8,-47,-53,-80,-9,-89,1776,1178,-1308,1791,-208,26,-266,11,-266,-11,-263,-32,-258,-54,-250,-75,-240,-95,-229,-114,-213,-132,-197,-149,-179,-165,-6,-8]]]
6822175	n	139.7774,36.3529,139.9517,36.4923	[[[1397774,364650,320,-992,306,-129,757,46,360,291,-203,1011,-1128,46,-412,-273]]]
1851259	n	137.0183,34.579,137.3993,34.7312	[[[1370183,345824,20,-34,112,4,133,12,510,126,449,-39,1990,581,596,138,-10,53,-774,565,-116,27,7,-191,-65,-172,-78,18,40,156,-15,214,-159,30,-226,-271,-186,-74,-437,-228,-297,-172,-145,-54,-162,-57,-160,-79,-23,-40,-78,-83,-64,66,-34,71,-283,255,-206,-178,-97,-292,-129,-196,-60,-72,-53,-84]]]
11611613	p	1856057
6825500	n	135.2078,34.3056,135.3729,34.4263	[[[1352078,344263,27,-44,139,-56,20,12,-186,88]],[[1352317,343587,802,-531,340,113,270,312,-961,455,-202,-168,-249,-181]]]
1847968	n	139.556,35.2259,139.6464,35.371	[[[1395561,352873,46,-4,56,-108,32,-72,281,-302,59,-128,429,1279,-482,172,-421,-837]]]
11611625	n	131.374,32.2047,131.7349,32.5308	[[[1313740,324200,12,-222,39,-219,63,-215,88,-209,112,-201,134,-190,155,-178,176,-165,193,-149,210,-132,224,-114,236,-95,209,-64,33,132,180,361,121,497,103,199,82,64,55,23,30,48,23,232,76,265,41,87,79,37,117,21,105,51,255,153,-152,201,-173,156,32,194,191,-29,166,-57,218,48,176,171,-3266,406,-29,-41,-112,-201,-88,-209,-63,-215,-39,-219,-12,-222]]]
11612554	n	130.448,32.4806,130.9265,32.7223	[[[1304480,326214,90,-41,54,-18,156,65,1634,263,269,4,-119,-250,-151,-162,-477,-354,2760,-915,121,138,135,190,111,201,89,209,63,215,39,219,11,196,-2657,991,-551,58,66,-60,137,-49,0,-74,-95,-2,-83,-16,-162,-50,-155,12,-111,-50,-212,-167,-689,-297,-181,-118,-92,-138]]]
6822194	n	137.3983,34.6612,137.625,34.8482	[[[1373983,346665,10,-53,283,65,1194,96,481,-1,299,-22,0,1181,-320,551,-1153,-765,-794,-1052]]]
2112980	n	140.3002,37.7144,140.7843,38.0448	[[[1403002,378375,4334,-1231,491,821,2,13,14,222,-14,222,-41,219,-67,215,-94,209,-120,201,-143,190,-166,178,-188,165,-206,149,-225,132,-239,114,-252,95,-263,75,-270,54,-261,30,-1677,-352,-615,-1721]]]
11612472	n	139.9973,36.9013,140.539,37.3073	[[[1399973,372009,25,-22,2736,-2462,569,-512,115,23,260,75,250,95,237,114,222,132,205,149,185,165,165,178,142,190,118,201,93,209,67,215,28,152,-4349,2162,-259,-148,-174,-126,-185,-165,-165,-178,-142,-190,-118,-201,-25,-56]]]
6822112	n	137.8105,36.366,138.2522,36.7022	[[[1378105,365300,13,-216,2457,-1357,253,-67,1694,1641,-22,27,-3408,1694,-168,-123,-184,-165,-164,-178,-141,-190,-117,-201,-92,-209,-67,-215,-40,-219,-14,-222]]]
11611610	n	130.4797,33.3257,130.6475,33.4611	[[[1304797,334350,905,-900,678,-193,95,40,-233,1314,-1445,-261]]]
6822149	n	140.7022,37.4039,141.0402,37.8553	[[[1407022,376257,93,-676,65,-146,119,-201,143,-190,166,-178,187,-165,206,-149,224,-132,238,-114,252,-95,262,-75,270,-54,275,-32,278,-11,278,11,275,32,49,10,-120,2389,-30,98,-138,144,-36,66,15,63,98,134,29,81,2,203,-48,130,-93,102,-35,142,-113,354,-340,502,-35,52,-36,-2,-275,-32,-270,-54,-262,-75,-252,-95,-238,-114,-224,-132,-206,-149,-15,-14,-444,-741,-314,-887]]]
2130054	n	141.3963,42.9218,141.855,43.0609	[[[1413963,429218,3595,265,992,329,-1392,797,-2493,-254,-702,-1137]]]
1859094	n	130.3891,33.638,130.59,33.7579	[[[1303891,336793,1619,-413,390,631,-422,359,-784,208,-17,-142,-156,-156,-75,-98,-159,-45,-134,-109,-133,-134,-129,-101]]]
2129909	n	141.2285,43.155,141.5801,43.4627	[[[1412285,431550,2019,0,1354,1380,142,971,-120,98,-224,149,-243,132,-260,114,-273,95,-285,75,-294,54,-83,9,252,-281,127,-268,4,-461,-167,-438,-259,-382,-266,-290,-669,-534,-755,-423]]]
1850185	n	136.7981,34.7224,136.89,34.9418	[[[1367981,348764,96,-372,73,7,-3,64,113,28,-25,129,-125,143,-129,1]],[[1368218,349195,11,-239,48,-237,157,-7,129,-147,80,-200,4,-150,-77,-167,-40,-172,-101,-185,17,-166,114,-127,221,-113,119,-60,0,2156,-675,37,-3,-35,-4,-188]]]
1863173	n	139.4593,36.1192,139.6231,36.21	[[[1394594,362100,579,-895,199,-13,859,797,-9,111,-1628,0]]]
1850207	n	137.1194,35.1988,137.4337,35.5455	[[[1371195,353742,1134,-1252,1058,-468,456,-34,85,78,161,178,139,190,108,188,-1736,2833,-673,-549,-732,-1164]]]
6825499	p	1853909
2112996	n	140.7333,35.6878,140.8794,35.8301	[[[1407333,358046,97,-1156,279,81,322,123,252,46,119,-96,67,-91,138,-75,81,90,106,237,-51,87,-93,44,-55,18,-69,21,-110,49,-108,187,-415,476,-150,214,-410,-255]]]
1853066	n	135.8119,34.2994,136.0928,34.5606	[[[1358119,344729,1623,-1721,13,-14,30,12,229,114,215,132,198,149,179,165,160,178,137,190,25,43,-1283,1629,-1362,-225,-164,-652]]]
1856434	n	139.3728,38.0229,139.7659,38.4556	[[[1393729,381014,2213,-785,206,77,240,114,226,132,208,149,188,165,167,178,144,190,120,201,95,209,68,215,41,219,14,222,-14,222,-41,219,-68,215,-95,209,-120,201,-144,190,-167,178,-188,165,-208,149,-226,132,-240,114,-254,95,-264,75,-272,54,-278,32,-143,6,-10,-14,-199,-417,-106,-375,-298,-2059,-73,-178,-170,-194,-352,-305]]]
1861677	n	129.6542,33.0953,130.0964,33.3985	[[[1296542,333747,2633,-2794,1532,203,257,1792,-2288,803,-86,-76,-127,-195,-50,-320,67,-226,36,-134,-137,54,-107,85,-74,109,-51,261,-2,3,-70,169,-633,162,-432,-113,-241,94,27,273,-64,88,-190,-238]]]
1858972	p	7303138
1860122	n	133.621,33.9562,133.9167,34.1753	[[[1336210,340457,2025,-895,183,139,179,165,159,178,137,190,114,201,89,209,65,215,6,32,-562,323,-2167,539,22,-79,21,-427,-68,-455,-73,-184,-130,-151]]]
1854979	n	136.5829,36.3155,136.8995,36.565	[[[1365829,365650,579,-1917,667,-578,195,56,247,95,236,114,220,132,203,149,184,165,164,178,141,190,117,201,92,209,67,215,40,219,14,222,-9,153,-164,197,-2993,0]]]
1863310	n	131.8646,34.6539,132.3538,35.0408	[[[1318646,347408,38,-42,180,-165,199,-149,216,-132,231,-114,242,-95,253,-75,261,-54,266,-32,268,-11,268,11,266,32,261,54,253,75,242,95,231,114,216,132,199,149,180,165,160,178,138,190,115,201,91,209,65,215,39,219,14,222,-14,222,-39,219,-65,215,-91,209,-115,201,-138,190,-160,178,-180,165,-13,9,-15,-5,-343,-55,-202,-212,-584,-375,-261,-175,-206,-155,-479,-356,-27,-218,-67,-134,-193,43,-134,-107,-239,-287,-403,-242,-332,-251,-225,-174,-50,-76,-225,-37,-69,-132,-23,-52]]]
6822106	n	139.8,36.01,139.9728,36.1854	[[[1398000,360338,270,-238,654,0,804,1599,-428,135,-682,20,-618,-559,0,-957]]]
1853190	n	133.7913,34.1535,133.9573,34.4509	[[[1337913,344476,31,-47,320,-53,-15,79,-147,54,-189,-33]],[[1338106,342994,1467,-1459,-159,2221,-44,-5,-161,-47,-88,-11,-124,-51,-91,-120,-78,-138,-86,-101,-306,-161,-330,-128]]]
1865290	n	138.638,36.1086,138.96,36.505	[[[1386380,364065,1037,-2625,34,-20,235,-114,247,-95,258,-75,245,-50,168,59,996,1403,0,1458,-2364,1044,-4,-2,-203,-149,-184,-165,-163,-178,-140,-190,-117,-201,-45,-100]]]
6822217	n	136.97,35.4239,137.26,35.7061	[[[1369700,354353,215,-114,2012,667,673,549,0,455,-107,146,-161,178,-182,165,-200,149,-218,132,-232,114,-245,95,-254,75,-263,54,-268,32,-270,11,-270,-11,-230,-28,0,-2669]]]
1856456	p	1857910
1855066	n	130.6059,33.6808,130.8505,33.866	[[[1306059,337097,1454,-289,983,474,9,155,-1562,1223,-884,-1563]]]
1907148	p	1850147
1864557	n	138.0136,35.771,138.4277,36.1762	[[[1380136,359402,2041,-1692,129,26,252,74,1477,1175,29,50,92,209,66,215,40,219,14,222,-6,84,-1869,1778,-2265,-2360]]]
11612473	n	136.4642,35.3583,136.7343,35.6108	[[[1364642,355399,7,-207,1943,-1609,751,83,-1228,2442,-215,-44,-254,-75,-245,-95,-231,-114,-218,-132,-200,-149,-110,-100]]]
2127878	n	140.9211,41.0647,141.4658,41.4814	[[[1409211,412900,15,-222,43,-219,71,-215,99,-209,125,-201,1,0,66,65,145,66,145,-31,135,24,285,-99,240,-28,143,135,223,137,187,41,334,219,102,119,19,50,2,35,-30,-19,-65,-61,-57,-70,-63,10,-6,40,90,88,65,85,87,145,222,-14,225,-124,296,-267,206,-268,144,-260,74,-299,-57,-187,-87,-104,-112,-74,-59,-119,15,-88,-60,-154,-15,-180,89,3,290,32,285,54,276,75,265,95,252,114,86,48,-2,97,38,116,-37,101,-38,228,130,596,5,101,46,260,149,560,81,173,80,212,54,150,122,113,24,105,-43,40,-18,44,80,41,16,33,-30,96,54,49,-85,88,-91,-87,-169,-123,-209,-157,-282,-178,-334,-124,-309,-72,-418,2,-404,144,-407,196,-110,102,-40,82,-203,115,-168,161,-351,307,-425,172,-39,3,-75,-34,-235,-132,-217,-149,-197,-165,-175,-178,-151,-190,-125,-201,-99,-209,-71,-215,-43,-219,-15,-222]]]
1858498	n	131.7789,33.9641,132.0391,34.1122	[[[1317789,339752,7,-55,118,-56,351,11,0,62,-142,0,214,233,184,37,188,-99,227,-171,43,-21,1412,1248,-117,181,-1533,-581,-952,-789]]]
11611224	n	140.8377,39.7129,141.4223,40.0261	[[[1408377,398000,14,-222,42,-219,70,-215,96,-209,4,-6,5612,744,8,127,-14,222,-42,219,-70,215,-96,209,-123,201,-148,190,-170,178,-193,165,-213,149,-230,132,-246,114,-259,95,-270,75,-279,54,-283,32,-287,11,-287,-11,-283,-32,-279,-54,-270,-75,-259,-95,-246,-114,-230,-132,-213,-149,-193,-165,-170,-178,-148,-190,-123,-201,-96,-209,-70,-215,-42,-219,-14,-222]]]
6825490	n	138.6771,36.8539,139.1515,37.2707	[[[1386771,369156,143,-104,222,-132,237,-114,250,-95,260,-75,268,-54,273,-32,276,-11,276,11,273,32,268,54,260,75,250,95,237,114,222,132,204,149,186,165,165,178,142,190,118,201,93,209,67,215,40,219,14,222,-14,222,-40,219,-67,215,-93,209,-118,201,-142,190,-165,178,-186,165,-204,149,-222,132,-56,27,-779,-27,-2650,-3514,-8,-10]]]
6822161	n	139.2119,35.8755,139.425,36.0073	[[[1392119,359335,1531,-580,586,278,14,118,-1853,922,-278,-738]]]
1852849	p	6940394
6825501	p	1853909
6822158	n	125.1401,24.7257,125.4526,24.8852	[[[1251401,248164,105,-121,175,-33,372,40,118,116,-63,204,-79,93,-84,40,-175,61,-134,-18,-39,-102,-21,-106,-79,-19,-86,-33,-10,-122]],[[1252568,247517,20,-183,409,-77,841,13,397,52,205,50,86,77,-78,118,-185,122,-217,95,-174,38,-216,-23,-74,27,-315,281,-51,62,-74,130,-119,277,-79,120,-42,43,-50,34,-108,49,-119,21,-22,9,107,-174,38,-114,-9,-364,-124,-561,-47,-122]]]
11611629	p	1850147
11612571	n	136.0027,34.8707,136.1619,35.065	[[[1360027,348707,702,58,890,1769,-210,116,-526,0,-206,-109,-461,-1019,-189,-815]]]
1862612	n	136.7267,36.7626,137.0493,36.9597	[[[1367267,368038,437,-412,2788,504,-437,229,-178,351,373,429,24,249,202,209,-2936,-205,-20,-38,-16,-97,78,-64,72,-59,2,-239,-50,-189,-339,-668]]]
1854384	n	137.9081,35.9402,138.2402,36.2031	[[[1379081,359676,1055,-274,2265,2360,-120,219,-105,49,-1393,-380,-1702,-1974]]]
1851357	n	138.25,36.5006,138.5999,36.8761	[[[1382500,365328,22,-27,2773,-294,1,-1,1,0,67,60,163,178,142,190,117,201,93,209,66,215,41,219,13,222,-13,222,-41,219,-66,215,-93,209,-117,201,-142,190,-163,178,-185,165,-203,149,-221,132,-235,114,-249,95,-258,75,-267,54,-272,32,-274,11,-274,-11,-272,-32,-154,-32,0,-3358]]]
1861244	n	135.2401,34.0239,135.4367,34.3169	[[[1352402,342640,398,-1981,108,-406,26,-3,266,-11,266,11,264,32,259,54,251,75,127,50,-908,2708,-340,-113,-717,-416]]]
1858286	n	139.6062,35.1281,139.882,35.2669	[[[1396062,352237,137,-40,41,-81,-53,-23,439,-258,39,104,223,152,392,-20,43,155,-13,33,-17,34,-34,40,196,157,-113,162,-193,17,-1087,-432]],[[1398190,351577,174,-225,-1,-71,457,206,-531,528,-43,-24,-52,-141,27,-144,-31,-129]]]
11274040	n	130.1999,32.763,130.5251,33.005	[[[1301999,329975,199,-385,25,162,-184,166,-40,57]],[[1302627,328756,447,-867,164,-83,237,-95,248,-75,30,-6,-5,172,-26,132,-210,405,-118,227,-321,197,-446,-7]],[[1304267,330050,64,-633,82,-180,289,-140,142,-127,407,1080,-984,0]]]
1856698	n	132.5765,34.582,133.1235,35.0261	[[[1325765,348000,13,-222,40,-219,65,-215,90,-209,115,-201,138,-190,160,-178,180,-165,165,-123,1863,-348,564,-106,21,-4,28,11,4,2,505,192,1492,1678,14,75,13,222,-13,222,-40,219,-65,215,-90,209,-115,201,-138,190,-160,178,-180,165,-199,149,-216,132,-230,114,-242,95,-253,75,-260,54,-266,32,-268,11,-268,-11,-266,-32,-260,-54,-253,-75,-242,-95,-230,-114,-216,-132,-199,-149,-180,-165,-160,-178,-138,-190,-115,-201,-90,-209,-65,-215,-40,-219,-13,-222]]]
2131612	n	140.1489,40.6706,140.5956,41.0261	[[[1401489,407567,1,-8,71,-215,98,-209,125,-201,149,-190,37,-38,3986,377,-309,2966,-112,40,-274,75,-282,54,-288,32,-291,11,-291,-11,-288,-32,-111,-22,49,-72,64,-241,-127,-22,-73,68,-125,54,-88,68,-47,65,-98,-27,-66,-24,-7,-68,-41,-212,12,-241,-70,-182,-127,-624,-258,-614,-127,-168,-175,-121,-215,-52,-211,82,-432,-251,-59,-47]]]
2111656	n	140.1564,37.4438,140.7117,37.7029	[[[1401564,376381,299,-1078,4695,-865,98,106,143,190,119,201,94,209,67,215,38,203,-95,695,-4949,772,-279,-174,-112,-190,-94,-209,-24,-75]]]
2112624	n	140.3362,36.4017,140.6217,36.6222	[[[1403362,365998,452,-1497,834,-484,1453,321,0,1,116,625,-2482,1258,-86,-42,-220,-132,-67,-50]]]
1850217	n	138.5007,36.9166,138.9429,37.301	[[[1385007,370639,91,-204,118,-201,142,-190,165,-178,185,-165,205,-149,222,-132,237,-114,250,-95,157,-45,2650,3514,-1990,330,-2380,-1446,-52,-925]]]
2111568	n	140.2,35.4599,140.4128,35.585	[[[1402000,354912,2127,-313,1,2,-1131,1249,-547,0,-184,-141,-266,-440,0,-357]]]
2111749	n	140.1079,35.9781,140.3234,36.0868	[[[1401079,360240,1382,-459,773,35,-1587,1052,-568,-628]]]
1863023	p	1859730
1848375	n	131.1451,33.3208,131.5994,33.678	[[[1311451,334126,707,-871,111,-44,12,-3,3661,1650,0,1,39,219,13,222,-13,222,-39,219,-64,215,-89,209,-113,201,-136,190,-157,178,-50,46,-123,-16,-224,-94,-146,-140,-84,-214,-163,-155,-361,-270,-55,-74,-501,-69,-445,64,-393,12,-66,54,-1321,-1752]]]
2111049	n	140.9642,38.2757,141.175,38.4666	[[[1409642,383605,853,-848,32,30,96,60,102,48,81,54,29,77,-44,90,-95,33,-112,-12,-97,-42,55,197,105,174,147,143,184,106,82,-53,86,-15,86,18,86,50,159,-420,44,-64,176,-3,53,16,-29,229,22,60,-632,1132,-779,-144,-690,-916]]]
2110744	n	140.6192,38.3255,141.0332,38.5432	[[[1406192,384631,123,-1056,2894,-320,433,350,690,916,-3535,911,-112,-98,-167,-178,-145,-190,-120,-201,-61,-134]]]
6825497	n	135.1279,34.264,135.3119,34.3587	[[[1351280,343235,1122,-595,717,416,-802,531,-227,-164,-810,-188]]]
1907125	p	6940394
2128867	n	139.8949,39.9839,140.3114,40.4362	[[[1398949,400093,226,-82,271,-75,280,-54,286,-32,288,-11,288,11,286,32,280,54,271,75,261,95,248,114,232,132,213,149,194,165,172,178,148,190,124,201,97,207,-316,1846,-53,68,-172,178,-194,165,-213,149,-232,132,-248,114,-261,95,-271,75,-280,54,-286,32,-288,11,-288,-11,-286,-32,-280,-54,-2,-1,17,-74,174,-150,351,-267,131,-93,126,-129,-44,-218,-87,-977,-84,-131,-142,-313,49,-215,-155,-441,-738,-1078,-93,-84]]]
1851883	p	6940394
1865412	n	134.1254,34.5247,134.4745,34.9686	[[[1341254,348055,515,-1572,13,5,181,32,160,94,79,21,43,42,203,238,68,23,194,25,78,19,-519,97,-101,40,-80,161,119,5,271,-103,286,-30,503,-109,273,8,-18,112,56,111,106,86,130,38,83,-24,85,-59,105,-52,142,-7,85,49,256,292,56,23,45,-10,30,8,13,82,18,68,13,14,-1532,1904,-106,-22,-253,-75,-242,-95,-208,-103,-843,-726,-72,-99,-114,-201,-91,-209,-30,-101]],[[1341819,346333,21,-65,55,101,-76,-36]],[[1342806,345430,48,-19,253,-75,260,-54,265,-32,78,-3,-4,12,-49,104,-24,91,41,89,-137,1,-347,-76,-358,-32,-26,-6]]]
1861108	n	130.1225,31.9244,130.635,32.2939	[[[1301225,321603,7,-14,101,-98,-55,-168,68,-143,147,-75,180,38,63,100,172,403,33,118,-68,200,-113,70,-229,4,-38,13,-131,-185,-111,-201,-26,-62]],[[1301730,320174,11,-186,159,-128,41,-51,87,-73,2758,-492,1325,623,38,68,87,209,64,215,38,219,12,222,-12,222,-38,219,-64,215,-87,209,-111,201,-134,190,-155,178,-175,165,-193,149,-208,132,-224,114,-235,95,-162,50,-112,-61,-28,-52,-102,-255,-723,-664,-9,-35,9,-145,-18,-33,-84,-28,-35,-39,-3,-9,-96,-266,-32,-66,-123,-104,-211,-123,-198,-54,-304,332,-415,-130,-269,-272,241,-209,0,-243,-177,-215,-133,-94]]]
1863713	n	139.781,35.1487,140.0368,35.3468	[[[1397810,353181,12,-39,259,-87,412,-119,-10,-219,180,-255,-11,-221,-132,-94,-231,-132,531,-528,1474,148,33,31,41,45,-2121,1757,-5,-184,-220,-110,-212,7]]]
1851273	n	130.7302,33.4852,130.9889,33.7282	[[[1307302,335272,1740,-420,785,235,62,534,-1393,1661,-983,-474,-211,-1536]]]
6825492	n	138.2142,37.8029,138.5752,38.243	[[[1382142,378260,114,-54,253,-95,263,-75,38,-7,894,259,1161,630,140,149,127,381,112,186,415,529,93,188,0,392,-344,24,-462,-97,-354,29,-77,-175,-83,-5,-57,119,7,197,57,187,427,791,123,360,-45,21,-253,95,-263,75,-272,54,-105,12,-32,-18,-452,-376,-85,-108,-191,-108,-190,-139,-154,-319,-416,-459,-109,-188,-66,-193,-30,-209,1,-235,152,-293,669,190,277,-306,-117,-150,-322,-295,-107,-164,0,-450,-47,-127,-111,-61,-482,-80,-84,-39,-13,-43]]]
1907309	n	139.6018,35.1318,139.6851,35.2093	[[[1396018,352018,125,-278,18,-214,-46,-106,48,-80,90,-22,162,78,228,-48,108,17,100,39,-48,92,-97,104,-100,182,20,53,-439,258,-169,-75]]]
1855476	n	131.1243,31.3756,131.4731,31.771	[[[1311243,315186,21,-51,111,-201,133,-190,64,-75,44,-29,170,-116,217,50,75,-14,49,-13,65,-82,194,-181,44,-61,28,-101,-5,-114,4,-2,234,-95,244,-75,9,-2,306,47,-13,-42,-11,-26,-23,-33,191,-24,12,31,12,74,37,89,132,155,51,92,97,477,27,70,127,112,48,54,-4,213,-19,45,-34,37,-27,64,12,121,43,98,133,193,28,16,46,164,119,122,319,226,-48,302,225,1008,-1837,191,-1650,-2524]]]
6822195	n	138.7949,35.14,139.0624,35.2622	[[[1387950,351710,819,-310,1855,245,-364,671,-2310,306,0,-912]]]
13132765	p	1862415
2111884	n	141.6483,39.4239,142.0703,39.8761	[[[1416483,396500,14,-222,42,-219,70,-215,96,-209,123,-201,147,-190,170,-178,193,-165,212,-149,230,-132,245,-114,259,-95,269,-75,278,-54,283,-32,286,-11,286,11,283,32,278,54,136,38,0,29,16,143,63,62,122,55,-78,107,-142,68,-76,-59,-99,-185,-226,-141,-254,-20,-179,175,133,105,330,97,158,77,352,340,64,33,26,73,54,31,46,41,10,97,-22,62,-40,35,-50,30,-283,213,-34,105,87,169,-53,59,-18,55,20,66,51,94,-236,-32,-462,-373,-58,131,44,141,134,222,27,146,29,445,73,235,27,48,110,98,39,77,-20,76,-29,70,10,53,-26,49,-236,617,-33,129,-26,223,-42,5,-286,11,-286,-11,-283,-32,-278,-54,-269,-75,-259,-95,-245,-114,-230,-132,-212,-149,-193,-165,-170,-178,-147,-190,-123,-201,-96,-209,-70,-215,-42,-219,-14,-222]]]
1896348	n	131.8979,33.7763,132.2201,34.0941	[[[1318979,339693,54,-26,276,-97,110,-61,247,-294,57,-47,225,-33,630,-182,177,-89,116,-78,124,-63,97,-97,41,-177,-44,-146,-100,-67,-117,15,-87,98,-22,-82,-74,-150,-35,-47,-210,-137,-30,-170,145,9,200,99,299,219,443,211,115,116,-17,156,-210,377,-51,184,18,250,70,80,146,25,243,89,80,81,-1504,1282,-1412,-1248]],[[1321863,339212,71,-235,130,-197,27,64,64,215,39,219,7,120,-92,79,-90,-29,-156,-236]]]
11612557	n	134.8948,35.4403,135.3048,35.7723	[[[1348948,356484,998,-2080,1350,231,647,776,-60,42,-1,197,167,224,279,268,96,84,40,129,124,213,204,117,147,-77,109,132,-5,16,-91,209,-116,201,-136,185,-83,47,-86,140,-85,77,-178,108,-167,-89,-263,-32,-495,-83,-502,-129,17,-130,-410,-243,-158,-88,-182,-18,-229,-13,-283,-160,41,-128,-101,-31,-63,-30,-203,-137,-113,32,-180,48,-29,-8]]]
1864155	n	132.9716,34.487,133.4354,34.7961	[[[1329716,346025,1423,-887,1514,-268,1294,1239,406,1167,-24,23,-199,149,-215,132,-229,114,-242,95,-252,75,-260,54,-265,32,-267,11,-267,-11,-265,-32,-260,-54,-252,-75,-109,-43,-1531,-1721]]]
11611475	n	135.8143,35.0541,136.0883,35.3174	[[[1358143,352492,2118,-1872,416,-79,206,109,-1426,2520,-2,4,-52,-10,-253,-75,-244,-95,-231,-114,-216,-132,-200,-149,-116,-107]]]
1848096	n	139.84,36.1834,139.93,36.3575	[[[1398400,362046,218,-192,682,-20,0,1266,-143,475,-757,-46,0,-1483]]]
1854530	p	6940394
1855670	n	136.7153,36.9392,137.0872,37.2761	[[[1367154,371456,56,-36,57,-154,-83,-503,20,-213,112,-74,107,-342,176,-133,77,-191,-67,-286,-69,-132,2936,205,68,71,-56,561,52,569,-69,190,-84,40,-144,-74,-203,-399,-239,-86,-169,48,-296,281,-194,26,-209,-93,-186,-35,-138,72,72,123,6,218,191,-6,54,72,25,214,-155,53,124,291,240,249,99,153,39,81,114,31,93,98,89,2,-37,-66,-104,-109,143,-99,200,-108,340,-116,128,65,59,133,215,55,163,84,6,195,159,172,-95,36,-260,75,-268,54,-273,32,-276,11,-276,-11,-273,-32,-268,-54,-260,-75,-249,-95,-237,-114,-222,-132,-205,-149,-185,-165,-165,-178,-142,-190,-64,-110]],[[1369053,371436,102,-158,193,-197,89,-107,36,-4,159,45,95,1,132,67,179,52,184,9,165,57,72,80,-15,86,9,84,28,72,-63,74,-146,-45,-109,-104,-77,-42,-96,-11,-100,58,-78,60,-76,20,-70,-15,-73,-44,-91,-26,-89,-4,-70,-26,-59,-40,-49,23,-39,73,-81,35,-62,-73]]]
11612701	n	130.6242,33.2939,130.9042,33.5272	[[[1306242,334611,233,-1314,1386,-358,1181,1913,-1740,420,-650,-56,-410,-605]]]
6822155	n	139.1475,36.3838,139.4892,36.6761	[[[1391475,365112,394,-1045,560,-229,2463,1633,-105,313,-1167,877,-10,3,-265,54,-271,32,-274,11,-274,-11,-271,-32,-265,-54,-258,-75,-20,-8,-237,-1469]]]
1859990	n	133.3947,34.424,133.6507,34.7355	[[[1333947,346109,481,-1382,138,-3,119,46,217,126,110,26,213,-91,-132,-210,-392,-381,620,210,60,36,52,45,72,39,184,29,78,34,66,54,29,70,100,66,444,194,101,32,-385,983,-1277,1323,-112,-5,-265,-32,-108,-23,-413,-1186]]]
9888360	p	1863967
1850523	n	139.7524,34.9,140.1054,35.1635	[[[1397524,349647,46,-84,218,-22,320,-106,124,-86,18,-135,-30,-93,161,-74,50,-47,127,24,148,23,123,-34,179,17,256,44,166,113,94,93,97,129,25,184,-5,167,108,142,57,173,104,130,302,179,343,205,200,4,253,165,46,195,-75,103,-160,178,-181,165,-199,149,-143,87,-1476,-148,-457,-206,-5,-288,23,-110,93,-190,22,-113,-34,-112,-116,-94,12,-102,202,-64,117,-75,23,-140,-45,-88,-68,-37,-184,42,-132,-8,-67,-88,-119,-52,-140,-28,-109,9,-183,22,-125,-7,-4,-111]]]
7303471	p	1857910
