1298824	r	95.7655,16.3218,96.6867,17.2952	[[[957655,167100,11,-222,23,-146,66,-123,1806,-1729,209,-30,230,-11,230,11,227,32,224,54,216,75,208,95,177,102,-384,-1608,114,-326,178,-56,251,31,201,78,576,121,635,212,194,404,166,89,151,241,-91,140,-172,112,-157,269,-481,634,-117,215,-27,108,18,107,101,216,23,118,-17,61,4,57,-18,89,-31,36,-54,18,-103,116,-93,106,-103,169,-14,76,0,9,-2,3,-52,287,-37,92,-28,31,1,5,-1,109,107,88,64,39,98,-205,69,-103,24,-145,-20,-156,28,-101,11,-66,60,-99,24,-52,50,-51,105,-107,23,-46,60,-166,22,-123,-44,-140,8,-66,57,-92,1,-18,71,-147,100,-91,27,-112,16,-23,136,-73,116,-84,232,-100,61,-44,9,-12,17,-7,126,-90,14,-7,16,-16,87,-75,77,-81,71,-37,83,-122,128,-42,179,7,76,-45,65,11,609,64,614,127,65,24,-70,103,127,58,193,104,252,121,273,152,-4,3,-94,95,-9,25,6,23,54,55,25,48,26,167,24,89,19,24,18,7,34,-7,29,12,13,29,-4,87,25,23,30,4,27,-7,15,7,22,39,6,52,41,91,118,-11,16,31,-20,59,-29,-17,-52,-7,-91,43,31,31,-3,18,-10,6,20,12,7,24,-66,19,-52,31,-9,105,-20,52,32,1,16,7,-5,15,10,26,-24,30,-51,14,-107,-3,-35,-19,-57,-42,-22,-39,-2,-38,35,-15,-2,-28,-50,-11,-40,37,-33,-11,-30,18,0,39,-24,61,-57,33,0,22,22,26,-51,24,-48,38,-52,-25,-53,-59,-42,-8,-26,-46,-33,22,-65,-3,4,-34,-35,8,-13,-9,-123,75,-72,-16,-96,16,-26,-43,-33,10,-9,24,-37,13,-20,0,-44,37,-61,-41,-158,-79,-33,2,-6,24,-42,11,-11,-17,16,-22,35,-13,41,-33,-40,11,-27,-1,5,-14,28,-25,-2,-15,-68,6,-19,-4,-10,-9,22,-14,46,0,9,-11,-48,-65,-6,-15,16,-48,-6,-48,-25,-66,-73,94,-15,4,-26,28,-44,-13,-28,-39,-48,28,-29,62,-87,-27,0,31,-16,9,-37,-11,-9,61,-24,15,-24,-15,-24,57,-24,-4,-26,35,-48,12,19,42,-9,11,-4,-22,-42,3,-4,26,-59,20,15,35,2,26,-19,35,2,17,-18,38,-76,26,-15,57,-79,37,-11,77,-43,58,19,29,7,60,-14,60,40,66,-73,18,-8,40,11,16,24,112,-42,55,-25,69,11,3,29,49,61,-3,62,73,-2,9,12,25,51,9,75,44,57,22,44,9,-4,22,-34,22,-55,-14,-120,2,-39,10,54,104,-9,68,23,21,7,20,-2,5,-49,4,-41,-30,-10,4,-12,36,-35,1,-7,5,1,30,-8,35,1,7,33,19,19,35,3,14,-9,15,7,19,-5,29,-5,10,-27,-3,-12,13,-17,0,6,44,-29,18,-8,5,-31,-10,-46,-41,2,63,26,104,-9,11,-67,-36,-17,12,12,17,-32,10,17,13,-8,69,-45,-4,13,12,4,18,-5,50,10,12,154,39,-6,40,9,32,1,48,-2,14,-18,23,126,0,46,-13,49,2,17,8,13,23,4,23,-18,56,24,37,2,47,-37,35,-1,26,-11,13,0,17,-31,68,-8,45,-29,60,-7,68,-11,7,-20,14,-44,-8,-21,13,-32,-10,-9,11,18,50,3,48,-46,6,-15,16,-34,19,-21,4,-29,-10,-65,-55,-1,0,-69,-45,-50,-45,-8,-27,1,-46,64,-135,-44,88,-31,-7,-9,-11,-8,14,-19,-11,-11,14,-8,-14,-15,11,3,-9,-6,-10,-37,33,-92,-19,-40,39,-38,71,15,16,3,17,37,17,38,4,31,64,45,21,16,16,11,27,-12,30,-20,13,-34,72,-40,9,1,23,-22,3,4,13,-6,9,-34,4,-43,-10,-9,9,-18,0,-45,35,-14,51,-5,63,-8,31,36,98,56,215,34,219,12,222,-12,222,-34,219,-56,215,-77,209,-28,57,-537,725,-115,101,-186,132,-197,114,-126,57,-3323,-1879,-9,-172,12,-222,34,-219,56,-215,77,-209,99,-201,118,-190,138,-178,155,-165,46,-40,-39,9,-27,-6,-216,-75,-208,-95,-198,-114,-185,-132,-170,-149,-155,-165,-137,-178,-118,-190,-98,-201,-78,-209,-56,-215,-34,-219,-11,-222],[962492,169667,0,2,116,50,5,-3,9,-11,1,-16,-30,-15,-53,-4,-30,-15,-18,12]]]
1311874	r	95.1771,21.576,96.3657,22.448	[[[951771,217914,41,-74,94,-90,69,-39,35,-51,0,-29,-1,-80,-13,-22,68,-134,65,-30,63,-18,46,-24,29,-56,149,-99,4,-13,15,-9,3,-216,-8,-185,43,-19,15,-19,204,-92,94,-18,195,-61,88,-63,-43,-78,18,-35,64,-53,88,-12,20,-20,12,-44,21,-176,52,-194,92,-85,27,-16,10,64,20,29,13,74,-5,153,44,143,60,148,91,79,10,110,-2,194,16,28,-9,94,16,114,9,30,3,17,4,5,2,7,29,37,16,23,23,52,31,37,10,9,14,15,60,50,91,57,130,53,54,56,0,56,18,42,30,24,7,66,-87,139,-74,94,-24,47,36,43,128,43,71,15,51,-11,42,121,165,168,78,125,167,170,-32,48,65,6,41,80,105,154,91,92,112,65,87,43,94,8,-107,-346,2316,-2892,3853,2030,-11,-61,23,-59,37,-25,71,5,167,46,7,78,-25,112,28,25,26,11,86,4,24,-12,21,-23,4,-60,16,-29,19,-12,21,2,21,11,8,11,13,106,62,38,12,47,546,79,5,-58,33,97,5,64,-13,30,11,53,-25,92,-5,69,-123,103,-21,95,-15,33,97,27,98,-72,15,6,43,59,-50,55,24,48,9,135,18,65,54,59,-6,53,58,85,72,103,29,1,31,42,5,52,-11,8,-9,54,18,21,-21,24,16,55,18,35,-29,35,-44,16,-5,38,22,58,179,113,40,-14,134,49,110,83,18,91,101,108,2,60,20,61,40,60,70,38,9,58,-7,43,39,74,23,86,6,80,-84,5,-41,-43,34,-44,-150,-27,-87,-38,-179,32,-87,-21,-43,47,-62,23,4,152,-62,31,-108,20,-92,27,-60,-47,-67,14,-22,18,-93,523,35,62,75,59,-6,38,-40,42,-79,-76,-7,-2,-514,2893,-1971,-1128,23,-4,-1,-64,46,-43,82,-58,-15,-153,12,-66,-146,-13,-94,30,-68,-125,53,-82,21,-212,-1,-77,22,-415,15,-57,50,-64,-15,0,-22,-17,-77,-5,-24,9,-3,7,-55,33,-33,95,-90,31,-175,2,-104,-29,-166,-33,-73,-23,-68,-9,-9,-9,0,-45,-136,36,-276,-47,-29,-32,-189,-83,-295,-83,-68,29,-27,85,-12,63,-150,89,-83,37,-143,99,-106,58,-29,18,-146,4,-65,62,-50,99,-21,21,-199,13,-128,78,-67,5,-91,-29,-100,0,-37,-38,-21,-87,27,-169,-68,3,-87,-53,0,-9,-24,-9,-117,21,-57,-53,-31,-41,31,-10,152,2,52,-24,23,-71,21,-150,-71,-44,-8,-36,8,-69,26,-24,-40,-43,-55,1,-89,-77,-65,14,-33,35,-20,-13,-3,-15,-35,-51,-73,0,-63,9,-20,-17,-17,1,-66,-51,-21,-42,-6,-76,-53,-6,-40,-14,-98,22,-2,23,-15,18,-24,4,-10,9,-87,0,-63,12,-122,113,-90,35,-77,7,-52,-28,-81,25,-82,-54,-12,-56,21,-193,-32,-82,4,-96,-7,-62,-23,-41,-68,0,-28,-42,-21,-11,-81,3,-16,-19,-71,14,-69,-8,-73,31,0,69,-92,42,-40,47,-31,78,-66,38,-63,-3,-31,-18,-74,-16,-45,13,-10,45,26,29,-33,19,-43,-14,-111,10,-152,42,-90,-23,-47,-48,2,-49,137,-98,58,-50,48,-173,-11,-132,40,-71,131,-73,33,-50,6,-37,-18,-16,-42,24,-92,34,-26,-29,-6,8,-29,-3,-15,-55,-82,-68,-73,-150,-95,-166,0,-223,48,-52,29,-49,10,0,5,-13,14,-9,59,-90,125,-27,17,-38,31,-36,95,-66,41,4,50,13,92,-10,35,-56,25,-70,-1,-81,-18,-42,-387,-6,-2,-10,-81,-6,-47,-77,37,-226,-14,-21,-95,23,-73,-131,7,-51,-2,-103,-18,-52,-93,-76,34,-107,-3,-62,-170,-14,-199,-50,-51,-63,-113,-2,-129,14,-10,9,-68,-1,-19,-9,-73,58,-156,35,-219,11,-59,-5,-36,-16,-5,-24,-37,-59,-52,-40,-85,1,-31,-54,-34,-116,-134,-63]]]
6611854	r	95.6767,19.2013,96.6942,20.331	[[[956767,195563,1668,-3550,7517,2475,72,-100,98,-113,78,19,39,67,74,66,31,190,176,58,24,339,46,14,90,63,2,53,7,11,58,23,8,8,-3,7,-33,34,-25,77,-22,35,-44,48,-24,101,-44,32,20,-15,361,4946,-904,388,-1399,18,-32,24,-78,12,25,51,7,33,-38,145,-29,65,-18,21,-39,23,-27,133,14,21,30,19,41,74,61,36,23,20,26,7,56,-22,53,11,107,79,38,18,28,32,10,26,1,47,-12,38,3,29,85,44,37,33,11,28,27,27,-67,98,4,40,-45,-9,-60,-31,-9,28,16,42,-31,23,-58,-18,-9,28,-38,-16,-19,23,42,31,3,25,-71,7,-48,25,-57,-3,-3,34,-113,72,-62,116,-47,19,-20,-9,-82,57,-70,59,-8,15,-35,7,-19,44,0,49,5,6,-10,31,-62,55,-98,0,-102,59,-86,62,-62,63,-43,62,-62,39,-55,8,-67,0,-70,27,-78,47,-145,0,-136,12,-35,78,29,53,-96,21,-47,-6,-118,-38,-60,-75,-43,-14,-30,-80,-20,-11,-37,-3,-39,6,-22,24,-26,0,-19,-7,-11,7,-20,-11,-11,-18,-13,-3,-4,-17,1,6,-13,3,-23,-2,-2,8,-21,2,-30,-9,-30,6,-14,10,-71,-28,-23,7,-39,-21,-25,-26,-36,-7,-26,9,-21,-5,-17,-17,-10,-28,-16,-13,1,-28,-56,-26,-43,-55,-47,-159,-34,-66,-18,-108,-56,-13,-98,159,-143,64,-73,17,-146,66,-50,9,-63,-9,-91,3,-105,60,-25,-8,-70,7,-11,-35,-62,-49,-41,-16,-16,-38,-37,40,16,68,-36,60,-75,-65,-30,-19,-48,28,-52,-43,-24,59,-36,32,-48,0,-52,-24,-41,32,-52,-48,-212,8,-25,34,-32,119,-38,-27,-35,-15,-97,9,-3,-79,-158,-91,-47,-41,-73,-47,6,-117,-36,-32,-18,23,-17,6,-14,-5,14,-23,-6,-6,3,-42,47,-53,21,-38,-32,-41,-115,-14,-16,-32,70,-65,-21,-52,27,-47,-23,-57,-119,14,-22,43,-67,6,-3,-27,-48,9,7,30,18,18,-38,61,-9,0,-3,-29,-29,31,-6,-17,-11,10,-12,0,5,-18,-41,-16,-20,3,-8,-21,-45,-6,-8,-6,-28,17,8,18,-19,40,-70,41,-37,6,5,23,-9,14,-14,-1,-9,-22,-15,1,-18,12,-16,-6,-37,13,-34,-25,-14,16,-29,-19,-15,11,3,22,-27,3,17,83,3,41,-12,15,-27,-1,-11,10,-11,21,2,25,-23,58,-52,41,-29,11,-20,-4,-10,11,-29,68,-36,18,-13,18,13,95,-23,-1,2,16,-22,0,-37,58,28,37,-25,5,-7,12,-19,-7,-47,28,-16,-10,-1,-21,-11,10,5,40,20,-1,-5,13,-19,14,-35,0,-42,-23,-82,-52,-50,-56,-64,-29,-85,20,-62,44,-85,29,-70,53,-44,12,-203,29,34,-35,-11,-21,12,-58,26,-17,-42,-89,44,-39,9,-40,-26,-45,89,-32,40,16,25,-3,12,-14,4,-19,60,-18,58,-47,-39,-79,32,-87,-12,-52,40,-18,-34,-62,8,-53,10,-18,84,-10,47,-81,13,-51,-3,-35,44,-42,7,-15,-12,-19,25,-21,-4,-134,15,-44,-25,-62,51,-64,25,-56,23,-4,11,-12,75,-36,144,-92,46,-17,67,-43,0,-85,-14,-68,-43,-38,-22,0,-12,-37,-21,-12,3,-41,-22,-10,-22,-39,-20,-15,0,-30,-22,-3,-17,-17,-46,-12,-7,-26,-41,-39,-23,-37,21,-10,1,-18,-39,-31,22,-36,6,-80,30,-33,-6,-30,4,-45,-17,-28,-121,-16,-18,17,-22,-52,-76,-12,16,-68,-45,0,34,-45,13,-38,49,-16,37,-94,-9,-22,34,-14,12,-23,-23,-48,-18,-8,-9,-38,-35,-4,-20,-24,33,-27,9,-41,-105,-127,-40,-64,-64,-31,3,-26,35,-55,70,-47,42,-38,29,5,37,-13,-1,-120,72,-51,12,-62,-3,-29,-50,-75,6,-59,-18,-65,-17,-32,1,-40,-9,-32,50,-51,35,-3,32,-22,40,-63,16,-48,19,-13,2,-38,35,-65,5,-40,-25,-80,13,-27,-9,-22,-16,-6,-20,-26,28,-15,-4,-35,21,-32,33,-14,35,-42,34,-11,19,-52,-41,-115,-3,-100,-71,-3,-38,-30,-69,54,-22,4,-72,-81,0,-33,-14,-62,26,-35,-71,-61,24,-63,3,-77,-134,-61,16,-24,-30,-101,-52,1,-35,-10,-15,-72,15,-42,7,-10,7,-28,27,5,46,-15,17,-89,42,-35,-3,-30,27,-38,-3,-41,-47,-42,-3,-56,-55,-36,-7,-44,9,-56,-61,-88,34,-49,-7,-24,-17,6,-29,-7,-25,9,-27,0,-27,18,-24,-17,-18,-19,-24,-53,-9,-133,-29,-12,-47,-47,-21,-47,-53,-38,-58,29,-50,-53,-26,18,-17,-74,-36,-71,-2,-17,4,-3,-364,-720]]]
8740157	p	1298824
1308465	r	97.3402,16.1116,98.0003,16.6935	[[[973402,166191,301,-1356,162,204,161,130,205,65,291,12,66,-12,119,-42,56,-9,78,19,53,43,46,45,58,30,232,44,254,18,646,-76,91,7,6,-14,12,-76,-37,-49,-98,-103,-37,-68,35,-46,14,-41,31,-134,12,-100,-40,-169,-14,-31,-7,160,-35,193,-211,25,-233,64,-414,185,-164,-29,-181,-70,-160,-105,-104,-131,66,-104,-35,-60,-69,-48,-36,-68,26,-125,57,-109,122,-176,75,-193,47,-252,-21,-219,-136,-93,-99,-313,12,-10,320,111,-19,-74,-34,-219,-2,-29,123,-98,112,-153,64,-444,306,-99,239,228,-50,310,38,363,-13,86,29,135,56,89,64,80,56,112,5,52,14,158,-27,386,8,155,184,268,-2,-3,-26,-93,-66,-151,-35,-155,-31,-71,-18,-81,14,-57,46,-94,26,-86,18,29,36,32,23,30,22,21,67,41,50,55,31,45,2,3,25,-307,5,-63,107,-394,95,-189,32,-95,10,-125,-27,-121,-92,-209,-194,-1129,-57,-138,2899,89,107,139,118,190,98,201,78,209,55,215,34,219,11,222,-11,222,-34,219,-55,215,-78,209,-98,201,-118,190,-137,178,-154,165,-170,149,-70,50,1389,483,0,19,-8,234,-23,233,-40,230,-55,228,-70,224,-86,219,-100,213,-114,207,-93,144,-4628,103,-1384,-744],[976214,164090,20,-16,6,-11,-1,-12,-25,39],[976569,165269,4,27,42,160,420,280,94,62,90,-29,76,-44,60,-57,47,-75,-1,-1,-370,-71,-293,-187,-127,-151,-27,17,-7,13,-8,56]]]
1321218	r	93.3715,22.4897,94.9861,24.0372	[[[933715,237628,33,-238,315,-199,60,-104,137,-179,43,-105,21,-330,-322,-1933,-4,-279,61,-584,19,-113,-6,-91,-35,-85,-115,-151,-80,-106,-63,-163,-14,-173,34,-335,6042,-4394,56,7,24,14,25,-23,10,-35,9,-82,103,-176,13,-56,-29,-141,-9,-9,-5,-18,-9,-5,50,-171,332,-11,163,-51,178,55,8,33,418,-303,-21,-53,8,-56,25,-22,24,-7,54,-35,27,-45,20,-5,38,16,50,42,538,-391,-2,-46,57,-62,33,-78,11,-79,10,-5,40,-67,46,-105,4,-25,40,-62,112,-155,32,-24,142,259,-10,42,13,23,1728,-1257,266,237,1,1,1338,1189,3127,2780,900,2115,13,120,19,561,-19,561,-60,558,-99,553,-137,546,-176,537,-214,525,-250,511,-285,494,-320,477,-353,456,-385,433,-414,410,-443,383,-468,356,-493,326,-514,297,-535,264,-552,231,-567,198,-580,163,-590,127,-431,66,-37,-275,-36,-144,-454,-564,-98,-199,-15,-198,15,-219,-32,-203,-30,-31,-120,-123,-172,10,-144,149,-142,186,-160,118,-572,291,-228,39,-345,80,-283,101,-291,63,-795,-92,-209,94,-395,495,-377,-132,-552,-231,-535,-264,-514,-297,-493,-326,-468,-356,-443,-383,-336,-333]]]
1321937	p	1298824
1300466	r	96.0361,17.0433,97.1047,18.0077	[[[960361,178965,57,-45,10,-27,14,-5,5,-22,23,-18,5,-14,33,-31,10,-18,5,-46,37,-22,19,-54,43,-23,24,-40,18,-5,15,-22,19,-9,4,-19,14,-9,19,-31,20,-230,19,-14,19,-41,14,-67,5,-68,24,-72,4,-98,-21,-92,93,-119,55,-185,18,-104,-14,-132,-19,-39,12,-59,-42,2,-11,-6,17,-36,-2,-9,-40,-11,-13,-11,-7,-30,-56,-20,-4,-8,134,-216,31,-69,38,28,39,-56,34,-98,143,-121,31,-84,84,-101,49,-91,48,-66,53,-48,30,-98,-25,-30,54,-78,24,-62,70,-4,24,-97,59,-49,39,-105,48,-73,39,-129,35,-76,52,-56,108,-73,10,-83,-16,-67,31,-74,-8,-6,-38,6,-22,-5,33,-108,48,-46,13,-2,113,-1738,764,-1031,168,-228,820,-1108,-3,-1,-25,-23,12,-28,23,-13,-18,-84,15,-22,6,-39,30,-21,44,53,23,2,38,-34,-5,-41,46,-1,22,-29,4814,369,33,61,-65,152,-396,673,-63,442,161,273,250,206,204,240,-2,322,-261,218,-334,207,-228,289,-69,62,34,37,49,40,59,38,64,28,24,-63,76,-87,36,-55,78,149,81,383,115,157,53,-131,-13,-324,28,-172,56,-100,91,-94,1088,-762,-18,-60,931,1754,-6643,2323,-2,1,-14,32,-29,32,-9,31,-14,9,-24,-18,-5,-31,-9,-14,-14,0,-15,5,-4,27,-19,13,-23,73,-15,9,0,22,15,9,-10,50,-38,32,-56,31,-47,14,-45,4,-22,22,18,72,-18,22,-25,-5,-37,62,-3,74,23,72,-1,51,20,5,40,-1,30,24,-32,47,0,37,69,72,-4,38,-18,9,-19,27,-24,14,-28,49,-10,5,-8,97,-51,43,17,56,-3,17,-30,4,-29,13,-13,17,-34,6,-42,63,-33,5,0,9,-29,2,16,34,-30,63,-33,4,-5,23,10,18,-26,11,-6,40,-95,80,-81,-9,-33,18,14,9,5,23,-57,22,-21,-3,-11,21,37,70,-24,7,-4,9,-15,5,4,98,-31,31,-10,-3,-5,-14,-24,-4,-9,13,-24,5,-5,14,-33,9,-9,13,-24,5,47,57,33,55,-34,95,18,27,2,44,-33,17,-2,12,17,44,32,19,6,80,-65,46,-188,13,-104,0,16,-49,-93,-77,-20,35,-34,27,-23,6,0,63,-19,5,0,-9,-14,0,-9,13,-29,5,-9,-32,-43,-14,-9,28,-28,9,-52,4,-24,32,-19,9,-5,-23,-19,-9,-47,9,-13,33,-23,12,-12,46,-56,4,-14,36,-9,0,0,9,-38,36,-47,0,-10,13,-52,-4,-5,9,-14,-9,-28,0,-10,49,-42,0,-9,9,-5,45,-33,14,-5,36,-14,0,0,9,-10,0,-27,-35,3,-61,-36,-43,61,-64,-12,-43,-26,-23,-35,-16,-31,41,-81,4,-19,27,-65,-23,-62,28,-42,40,-14,-40,-71,37,-57,-19,-31,32,-123,-20,-6,-49,-84,-25,-42,53,14,36,3,53,17,30,-8,97,4,72,-18,14,-15,31,-19,5,-9,-36,-24,4,0,36,10,9,4,23,19,4,0,18,-42,0,-10,-22,-14,0,-76,35,-27,-34,7,-57,-57,-26,-27,-22,-26,-57,-69,11,-41,19,-28,-26,-89,-2,-15,-15,52,-81,-16,-41,26,-30,12,-5,-42,-35,-17,-24,33,-5,9,-17,41,-14,-21,-51,34,-48,-24,-59,7,-20,0,-62,25,-1,10,-12,56,-3,19,-24,14,-4,29,-68,28,-9,-9,-27,-14,-4,0,-46,94,-8,10,-14,-14,-14,-5,-22,9,0,15,-32,-10,-9,-33,-4,-28,-18,-14,-19,0,-13,-38,0,-9,-9,-5,-23,-24,-13,-14,-55,-51,-4,-48,22,-14,0,-5,14,-9,4,-5,32,-14,13,5,23,-10,0,0,31,-24,9,-14,28,-5,36,-14,4,-23,32,0,13,-34,9,-4,23,-14,0,-5,-23,-19,5,-9,9,-24,-5,-24,-27,-56,-14,-5,-13,43,-72,-93,-9,-2,-33,20,-61,-34,-6]]]
1329221	p	1311874
1328421	r	94.1911,15.8322,95.2563,17.4755	[[[941911,160417,24,-14,32,-2,44,-19,1,-21,-23,-25,0,-11,26,-18,15,-42,-9,-76,130,-134,45,-68,50,-118,109,-216,11,-110,20,-18,74,-2,8,33,19,0,15,-11,67,60,18,40,132,162,29,48,3,16,-14,20,1,27,15,34,40,28,65,26,47,11,13,17,92,73,35,5,62,-17,25,6,107,78,34,38,97,-29,37,0,54,13,-15,3,-11,15,-8,57,9,1,0,6,33,34,27,48,21,36,58,83,68,54,33,18,102,31,0,12,23,-10,88,11,16,10,28,-7,2,-10,17,-3,6,-11,31,4,87,37,66,37,42,29,21,19,81,73,52,14,8,24,9,27,64,118,60,86,-15,3,6,9,13,-7,64,103,362,445,100,84,65,83,57,163,-4,37,11,-19,84,206,-7,43,-45,25,-81,45,-23,39,-7,41,47,49,72,59,3,50,-52,150,-28,32,-53,6,-51,18,-151,135,-53,9,-56,31,-26,44,34,15,14,-37,65,-17,86,1,166,62,58,-15,36,-26,46,19,16,19,6,7,24,56,107,46,58,1,32,17,9,-31,-81,-33,-78,-16,-36,-25,-7,-29,-3,-12,8,-24,45,-17,217,-185,104,-104,28,15,19,38,42,32,173,93,43,36,48,7,32,29,8,35,-3,32,-39,148,-9,78,4,61,29,89,15,29,2,33,109,116,39,50,128,240,35,135,29,61,34,27,21,6,92,-2,56,-25,124,-87,33,-7,20,4,9,10,13,62,-5,140,8,144,13,135,20,96,-9,16,-35,63,-44,134,-1,95,-28,238,-14,27,-22,1,-38,84,-8,59,24,108,-2,11,18,37,129,118,78,53,27,48,13,75,94,88,0,-17,-11,-99,-16,-50,-27,-53,-25,-38,-59,-61,-80,-70,-43,-56,0,-107,10,-56,29,-46,104,-119,29,26,31,15,117,78,167,58,29,17,8,20,6,73,20,110,31,111,26,144,17,54,0,79,11,27,17,23,76,50,97,23,83,3,15,25,13,78,23,79,0,36,-8,18,-27,27,-27,6,-36,-4,-27,14,-14,35,-2,70,10,9,1,-59,16,-44,23,-11,42,1,19,7,33,-30,18,-30,4,-42,-31,-164,90,-19,39,20,30,-14,26,12,58,72,113,62,164,79,61,54,15,35,-50,102,-61,74,-4,29,16,38,36,37,30,18,34,-3,19,-13,38,-51,24,-12,116,-35,48,2,60,37,34,48,-32,137,14,77,45,11,20,-15,12,-32,24,-36,39,-42,40,-128,41,-2,61,39,38,62,4,58,-22,18,0,63,117,177,0,26,-61,71,-102,74,-3,32,7,17,37,14,42,-9,10,-9,18,0,66,-35,14,-14,58,-3,7,39,-33,40,-64,57,-4,31,19,20,58,26,72,56,51,29,51,13,16,31,-14,31,0,21,19,18,70,14,33,36,32,-8,35,-19,14,12,2,43,45,26,-18,26,0,36,51,8,26,20,0,27,-33,26,9,53,50,32,45,0,31,61,27,3,57,83,20,73,37,62,-33,48,-9,36,60,57,20,57,2,77,37,29,56,13,6,62,22,27,44,-21,24,-41,14,-8,24,25,26,51,13,44,0,75,31,81,20,-10,22,5,17,29,22,20,19,44,-12,44,32,9,31,25,-2,44,37,31,-3,37,-19,19,38,-11,23,28,0,20,61,-16,4,1,2121,1990,-2079,1551,-343,-57,23,81,-35,30,-4,37,23,56,2,39,39,61,-5,36,-45,41,-37,17,-14,35,-86,39,-45,-20,-123,-18,-32,-19,-11,-59,13,-41,-23,-33,37,-67,-16,-42,-143,-17,-64,-2,-81,23,-72,41,-22,-12,-24,65,-41,18,3,33,51,69,22,16,0,6,-32,30,-54,5,-92,41,-68,-29,-21,-39,0,-69,22,-88,-47,4,-5,27,-9,0,0,13,-11,-4,-10,15,-34,12,-37,-40,-31,1,-49,15,-19,-13,-6,-31,-71,8,-37,-15,-38,8,0,48,-10,6,-23,-13,-32,0,-12,38,-27,0,-11,23,-50,-7,-7,19,-54,0,-28,-11,13,-27,-17,-10,-11,10,-14,-5,0,15,-45,-12,-3,34,-9,21,-28,0,-28,24,-24,-24,-5,18,-37,-1,-28,15,-20,102,-38,0,-5,23,-39,13,-19,43,10,19,-18,1,-3,10,-19,6,-9,12,7,21,18,10,-31,3,0,25,-34,3,-5,27,14,13,-5,9,-15,5,0,12,-19,0,-29,50,-28,24,-13,31,-12,15,-82,-54,-25,3,-9,12,-21,-1,-30,25,-175,1,-27,36,-18,49,-17,0,-54,22,-40,3,-21,39,13,40,-5,32,-21,3,0,9,-9,0,-3,11,-24,3,-22,40,-41,8,-27,0,-20,-33,-9,-44,2,-63,-10,-29,5,-57,-23,-16,-64,-21,-17,18,-58,12,-22,-17,-9,9,-24,4,-14,23,-23,4,-1,13,19,1,1,5,-52,106,-33,46,-2,35,28,37,-29,41,-57,-1,-56,-9,-42,8,-24,18,-66,4,-33,67,-15,9,-5,18,-9,0,0,18,-14,27,-10,5,-1,126,-108,17,-15,45,-14,23,-19,13,-5,14,-28,-2,-25,13,-49,2,-7,-42,-27,-63,-40,-20,-14,5,-23,-11,-11,-47,-21,5,-11,26,-3,91,-11,41,-23,21,-27,74,-49,93,-49,46,-14,27,-88,3,-37,47,-100,35,-2,30,-19,16,-30,6,-12,18,-29,4,-19,-23,-49,99,4,61,-12,64,-56,36,-10,-4,-8,-18,23,-57,1,-66,-24,-85,34,-170,-4,-30,-46,-32,-8,-26,4,-24,24,-18,8,-16,14,-58,-8,-30,-26,-42,20,-36,10,-50,24,24,30,-20,36,-30,14,-42,-4,-24,-18,-34,-36,-24,-10,-38,6,-30,28,-42,20,-16,14,-38,-26,-116,-20,12,-12,-4,-10,-16,38,-62,4,-18,-8,-24,8,-12,-28,-80,-30,-50,38,-34,12,-24,8,-30,-8,-38,16,-16,160,-12,16,-8,43,7,9,-22,40,-31,16,12,92,24,16,18,18,4,16,-4,12,-12,12,-30,-24,-62,24,-22,42,4,99,-16,19,-15,24,-32,-20,-95,-14,-32,18,-38,12,-4,16,8,22,-22,-8,-4,-18,10,-16,-10,-8,4,-22,22,-12,30,12,36,14,92,-18,20,-86,22,-72,-16,-38,16,-12,42,12,42,22,24,-14,8,-74,-42,-20,-28,-50,-18,-53,7,-53,-6,-12,-1,-16,-24,-58,-26,-8,-20,8,-20,-8,-4,-14,8,5,56,-9,35,-30,12,9,37,-24,38,-13,21,-24,-3,-17,3,2,-1,-61,10,-24,-4,-16,-17,-26,10,-41,-8,-11,-2,-6,35,-18,32,8,24,-4,14,-16,8,-20,-8,-34,16,-26,-26,-12,-32,-16,-18,-18,-40,-4,-38,14,-4,24,-34,12,8,14,-8,4,-20,-8,-38,16,-30,-19,-31,-64,-43,-21,-3,0,-31,-60,8,-4,3,-16,15,17,32,-25,47,-38,17,-20,20,-26,8,-11,39,-25,17,-22,-2,-12,8,-12,-8,14,-48,-8,-19,-24,-21,22,-20,4,-12,-4,-12,14,-25,-3,-89,-29,-70,-27,-42,9,-39,-22,-7,-21,7,-10,-12,7,-28,51,-36,27,-159,-14,-42,-8,-58,-20,-46,8,-18,-8,-20,8,-34,-16,-50,4,-8,20,8,64,-24,12,8,20,-16,48,31,2,1,12,-16,-16,-26,12,-24,22,-22,16,0,26,22,12,-8,24,-42,14,8,24,-16,-42,-22,-16,-24,24,-26,60,-24,-26,-22,54,-40,22,-45,0,-1,-50,-22,-50,14,-30,28,-8,-8,-4,-12,8,-38,-4,-26,-76,-66,-4,-20,4,-22,18,-16,19,-37,-80,-13,-3,42,10,24,-22,58,-12,14,-8,4,-17,-4,21,-30,-26,-34,1,-49,-13,-13,-53,-11,-39,19,-28,39,0,32,13,29,-2,16,-19,12,10,25,1,2,-3,43,-10,0,-10,-13,-44,11,-8,-4,-24,-28,8,-34,-28,0,-2,34,-32,24,-10,-8,-16,8,-16,-8,-58,24,-9,118,-19,3,-38,-42,-91,-59,-65,-20,18,-36,-6,-38,25,-32,5,-43,-4,-17,15,-111,5,-13,30,-26,16,-42,26,-42,28,-8,26,4,24,26,56,12,44,-12,26,-26,34,-20,32,-50,13,-10,32,-57,13,-68,-25,-100,-17,-35,-40,-50,-21,-87,-24,-46,-34,-38,-121,-79,-17,-22,4,-21,48,4,50,42,-52,-75,-52,9,-25,29,-20,-21,-11,-26,-9,-37,9,-40,-8,-37,-25,-49,5,-52,-4,-30,18,-55,-3,-21,15,-68,-3,-86,45,-37,-3,-57,10,-8,3,-166,-29,-22,-18,-118,-28,-88,8,-28,-5,-15,-29,-31,-104,-80,-28,-36,32,-18,80,-14,-12,-18,79,0,33,-22,61,22,31,0,-26,-36,-15,-6,-47,0,-84,24,-28,-12,-22,-28,-12,-6,-1,-20,-11,-10,-22,-2,0,-34,-15,-28,-4,-22,-2,-59,-21,-33,-22,-17,-1,-17,34,-28,1,-35,17,-21,-5,6,-8,-12,-7,-5,-4,1,-11,55,-14,13,-32,8,-18,16,-17,-6,2,-18,-39,-82,-62,-46,-48,-25,-97,32,-87,20,-2,2,-15,36,-51,76,-17,-3,-17,-133,-48,-127,-25,-35,-6,-51,12,-39,-8,-31,17,-12,-8,-30,4,-8,62,-57,38,-51,28,-61,30,-113,1,-51,33,-75,21,-88,29,-77,20,-173,-12,-46,-34,-50,-38,-80,18,-12,-38,-58,-108,-58,-46,16,-16,26,-14,-92,-20,-42,16,-42,-8,-20,-28,-42,-25,1,-5,-7,8,-32,-4,-32,-20,-38,-72,-38,13,-37,-3,-32,-35,-13,-5,-14,20,-27,-2,-47,8,-22,-8,-12,8,-16,-12,-38,-38,-20,-11,-13,-5,-67,24,-54,42,-8,42,-50,7,-130,-11,-124,-33,-94,3,-36,-12,-12,-54,-134,4,-16,30,-26,-18,-4,-88,4,-15,-11,-28,-55,-45,-58,-31,-55,-35,-28,-7,-4,0,-2,-8,-7,-25,-5,-21,8,-5,13,8,16,-12,9,-30,6,-7,-12,17,-39,-6,-34,-12,-20,-4,-41,15,-2,8,38,10,12,29,1,26,-12,38,-50,50,-26,8,-42,16,-16,29,17,13,-1,20,-10,21,-25,8,-15,-6,-42,11,-43,-21,-36,-11,-54,-49,-97,-111,-148,-158,-116,-33,-11,-168,50,3,25,-17,39,-37,25,-10,19,-7,-2,-11,14,-11,-9,-7,7,-17,-17,-48,-18,-70,1,-41,-31,-36,-13,-12,4,-6,13,-12,3,-24,-11,-31,-3,-36,2,-24,9,-9,7,-5,72,-11,-12,-5,-18,-3,-55,6,-3,-8,-15,3,-18,-12,-27,-1,-33,-47,-65,24,-6,8,-8,25,2,37,62,8,60,47,-1,35,-16,27,-21,-6,-24,17,-9,25,-28,42,-74,35,-110,6,-69,-6,-39,-16,-26,-6,-36,-15,-32,-11,-7,-14,-64,-18,-18,-1,-31,8,-15,22,-161,-20,-156,-44,-41,3,-7,-53,-141,-16,-94,4,-29,12,-16,-29,-96,-70,-129,-19,-20,28,-107,-1,-28,-21,-23,-36,-53,-12,-55,-5,10,-21,14,-25,-10,11,-50,-1,-72,-16,-26,-9,-36,-16,-17,-12,0,-8,-90,4,-142,26,-40,4,-34,30,-66,32,-110,7,-11,3,-1,5,-140,-23,-115,-30,-35,-18,-12,-13,5,-14,28,-29,9,-14,-2,-10,-9,2,-33,30,-74,16,-125,-28,-48,12,-41,-16,-46,8,-24,-18,-58,-31,-48,-72,-51,-29,-37,0,-31,43,-71,38,-128,8,-10,-39,-198,0,-9,-2,-2,-22,5,-14,-12,-12,-30,-5,-34,-18,-12,-37,-8,-23,20,-15,-12,20,-26,32,-82,28,-112,-43,-74,-1,-28,-42,-36,20,-66,-4,-16,-20,-22,20,-46,16,-66,-4,-12,8,-14,-8,-49,-30,2,-6,-16,8,-10,19,-5,10,-20,7,-42,-4,-34,-16,-42,-12,-8,-8,-22,-3,-28,11,-46,-30,-46,-56,-61,-4,-39],[942185,161830,19,14,-10,-48,-9,34]],[[942226,163909,16,-27,2,-26,-11,-35,8,-18,23,3,23,59,-2,58,-10,3,-1,13,-13,9,-35,-39]],[[942722,158611,24,-22,5,7,40,27,7,15,-2,25,-27,22,-16,-29,-21,-10,-10,-26,0,-9]],[[942756,159904,26,-21,78,-19,189,-71,182,-23,14,12,-5,32,5,13,48,53,38,32,29,41,16,54,17,31,91,115,-13,35,-32,1,-7,-13,-3,8,-58,-5,-83,28,-11,-2,-33,-40,-86,-67,-49,-18,-86,2,-98,-99,-30,-8,-51,-26,-53,-9,-17,-9,-9,-7,0,-10,-8,3,-1,-13]],[[943771,159807,68,-254,42,-275,11,-134,29,-57,10,-108,78,-123,-10,-86,131,-117,-46,-134,-21,-40,-32,-44,-12,-4,-11,4,-69,-96,31,-8,1,-9,25,7,10,26,28,27,10,28,29,14,34,48,16,11,4,31,26,34,30,0,5,9,-1,27,39,54,-3,63,54,69,-4,11,42,29,30,-1,1,20,8,10,-21,17,-3,45,18,25,4,57,6,3,35,105,51,54,-1,30,10,21,57,57,33,16,9,-12,30,-9,65,-3,52,8,16,16,1,38,-17,6,53,82,25,38,15,51,27,15,-21,33,-15,48,-3,25,15,63,66,11,68,26,60,86,143,91,106,31,87,13,192,-3,59,46,17,30,19,16,31,10,77,2,16,8,29,31,31,67,50,108,84,139,-5,39,-127,9,27,21,77,5,36,-12,50,104,60,59,4,16,43,33,144,154,22,14,79,119,45,114,53,107,69,275,61,193,13,63,4,90,15,111,25,80,38,100,-4,35,-11,15,-18,9,-2,1,-6,19,-47,61,-28,13,4,3,-7,14,-36,57,-21,97,2,100,-7,15,-28,21,-35,-10,-53,-46,-56,-62,-57,-43,-49,-27,-66,-25,-19,-2,-38,-18,-67,-55,-23,-35,-20,-9,-1,-10,-11,2,-49,-43,-195,-210,-42,-56,-38,-87,-1,-16,-21,-16,-132,-184,-17,-13,-49,-84,-43,-53,-108,-90,-37,-26,-28,-6,-33,-26,-37,-72,-41,-59,-9,-54,-30,-53,-36,-106,-74,-135,15,-12,-5,-17,-25,-10,-51,-51,7,-17,-6,-5,-15,10,-23,-22,-100,-178,-10,-12,-126,-150,-10,-25,-72,-37,-70,-85,-44,2,-82,-38,-229,-56,-45,3,-21,2,-109,-39,-52,-5,-25,-19,-31,-101,-7,-61,-32,-75]],[[944512,160523,5,-19,55,-25,21,6,57,168,70,148,-22,-14,-119,-129,-27,-48,-3,-23,-17,-18,-14,-30,-6,-16]],[[944874,162880,29,-27,30,-46,82,-62,90,-6,14,103,17,65,-6,17,-31,10,-28,-1,-115,-43,-82,-10]],[[945113,162341,4,-26,59,-31,28,-15,34,-28,31,-59,-4,-50,-17,-49,49,-82,32,19,37,9,62,-9,50,19,55,83,42,140,28,216,-3,37,-83,115,-104,110,-150,118,-40,25,-41,3,-15,-16,5,-38,-19,-137,47,-119,16,-104,-21,-70,-11,-9,-1,-1,-70,-51]],[[945177,161429,10,-35,14,-7,22,6,92,62,93,115,-1,17,-16,-13,-26,-5,-77,-8,-39,-31,-44,-48,-23,-13,-5,-40]],[[945662,162473,30,-42,56,-117,146,8,112,79,20,18,-1,0,74,68,178,259,120,157,33,78,27,88,53,103,89,129,32,68,113,171,14,41,46,204,0,41,-17,21,-97,-78,-48,-60,-46,-87,-30,-150,-20,-34,-20,-11,-38,-52,-20,-18,-42,-13,-74,3,-76,-28,-109,3,-63,-12,-2,-1,-29,-14,-3,-55,33,-104,18,-103,-3,-45,-23,-80,-23,-65,-27,-46,-24,-32,-58,-54,-74,-47,-147,-69,-49,-36,-10,-15,-15,-35,-6,-36]],[[946155,163428,83,6,10,-1,26,-3,30,-10,18,-6,47,-33,23,-1,54,18,27,27,28,86,51,106,10,60,19,57,58,73,62,41,-79,45,-98,69,-49,19,-43,-1,-27,-8,-23,-24,-16,-41,-13,-72,-40,-116,-116,-226,-42,-65]]]
1285693	n	96.6721,20.4339,97.02,20.9461	[[[966721,207317,790,-2283,82,-19,481,784,-7,8,-82,54,-24,75,-46,109,82,78,191,43,112,1,170,277,-7,28,7,53,-16,66,42,79,81,98,44,-5,47,3,172,281,-17,23,-9,49,15,69,-11,42,-86,63,-5,27,-26,25,11,12,45,7,6,22,-6,0,-18,35,4,12,-18,9,-31,35,-30,19,-36,2,-33,16,-7,71,-21,31,-38,39,-45,25,-3,14,-98,101,-47,70,32,59,11,86,35,98,98,199,-43,113,-23,86,-4,59,-55,11,-101,-11,-114,70,-51,133,36,117,82,82,82,39,-35,164,66,47,16,74,-8,106,-13,57,-147,7,-235,-11,-233,-32,-229,-54,-222,-75,-81,-36,-20,-102,160,-200,28,-62,19,-129,149,-473,-20,-402,-39,-75,-83,32,-75,0,-151,-35,-89,12,-46,-13,-9,-20,15,-19,0,-66,-70,-66,24,-67,-204,-89,-15,-14,5,-57,16,-36,0,-17,-17,-27,-37,0,-20,-11]],[[967592,205013,11,-12,174,-149,190,-132,202,-114,213,-95,221,-75,229,-54,233,-32,235,-11,235,11,233,32,229,54,71,25,21,80,-11,73,8,68,-17,96,17,47,44,50,-23,109,-9,143,85,306,2,75,-3,78,-12,46,-30,58,-10,46,-47,314,-3,147,18,114,-3,38,-64,35,-56,47,0,100,-12,93,3,94,38,56,76,0,44,17,9,68,29,47,38,6,-5,40,-15,49,-653,492,-6,-1,-87,-45,-59,36,-50,7,-82,-58,-43,-199,-12,-90,-59,-86,-32,-69,-42,-115,-90,70,-54,58,-39,6,-40,-17,-7,-20,14,-45,-7,-49,-127,-107,-37,-3,-198,-322,9,-37,5,-229,-47,-10,-137,-1,-226,-368,98,-98,36,-80,-3,-104,22,-13,-55,-33,-70,-20,-20,-82,28,-129,47,-82,-82,-66,-82,-51,-51,-109,-129,66,-125,8,-33,-22,-61,30,-1,0,-1,-1]]]
1308522	r	94.3221,21.7262,95.649,22.8511	[[[943221,221100,18,-499,52,-497,88,-492,121,-486,156,-478,188,-467,215,-443,6871,-476,1080,369,0,29,-35,51,-69,39,-94,90,-41,74,134,63,34,116,31,54,85,-1,52,40,37,59,5,24,36,16,59,5,219,-11,156,-35,73,-58,19,9,68,1,10,-9,129,-14,113,2,51,63,199,50,170,14,3,62,-34,107,93,76,18,52,2,103,-7,51,73,131,95,-23,14,21,-37,226,47,77,81,6,2,10,387,6,18,42,1,81,-25,70,-35,56,-92,10,-50,-13,-41,-4,-95,66,-31,36,-17,38,-125,27,-59,90,-14,9,-5,13,-10,0,-29,49,-48,52,0,223,95,166,73,150,82,68,15,55,29,3,6,-8,26,29,92,-34,42,-24,18,16,-6,37,-33,50,-131,73,-40,71,11,132,-48,173,-58,50,-137,98,-2,49,47,48,90,23,152,-42,111,-10,43,14,33,-19,-26,-29,10,-45,45,-13,74,16,31,18,63,3,66,-38,31,-78,40,-47,92,-42,0,-69,73,-31,69,8,71,-14,16,19,81,-3,21,11,28,42,68,0,23,41,7,62,-4,96,32,82,-21,193,12,56,82,54,81,-25,52,28,77,-7,90,-35,122,-113,63,-12,87,0,10,-9,24,-4,15,-18,2,-23,98,-22,40,14,53,6,6,76,21,42,66,51,17,-1,20,17,63,-9,73,0,35,51,3,15,20,13,33,-35,65,-14,89,77,55,-1,40,43,-26,24,-8,69,8,36,71,44,-21,150,-23,71,-52,24,-152,-2,-50,15,-81,76,19,124,-19,25,-18,4,-31,-5,-62,-18,-22,3,-28,17,-10,31,9,31,40,29,42,12,16,11,-2,17,-76,76,3,50,35,42,19,39,-15,14,-138,25,-60,36,-31,37,1,25,11,23,34,1,71,-43,28,-6,45,7,35,19,16,26,2,26,-50,106,-36,52,-72,49,-173,-75,-40,16,-2,49,84,70,55,9,57,52,23,56,-23,37,-49,-5,-79,5,-38,12,-45,46,-83,119,29,46,-5,87,-15,14,-64,22,-52,-1,-47,10,-56,58,16,54,66,74,44,35,-19,17,-67,30,-32,29,-29,46,4,69,-33,34,114,89,11,35,-22,6,-54,-53,-70,7,-35,21,-5,142,35,54,23,-12,57,-66,50,-8,29,7,44,34,12,36,-39,51,-33,14,-43,4,-24,10,-33,0,-52,32,-5,28,13,13,-38,50,19,68,-14,38,9,34,-17,5,-42,-2,-119,-12,-27,-14,-3,42,-19,42,26,33,-17,24,-39,20,-21,-4,-5,-26,22,-59,-15,-14,-42,21,14,66,-34,2,-54,-15,-11,13,-34,4,-11,-10,-16,11,-21,-15,-66,8,-102,-78,-31,19,-16,49,-28,14,-30,0,6,28,-60,21,24,19,-9,8,0,17,-53,19,26,26,-4,39,-81,-16,-52,17,-71,13,-7,-107,22,-72,-13,-31,-72,7,-39,23,-14,22,-55,50,-5,45,8,50,-30,0,-37,-36,-56,-30,-65,23,-73,-45,-58,32,-102,-2,-57,-17,-41,-2,-21,30,9,33,-17,39,43,12,7,27,-42,10,-4,30,-24,0,-15,49,-28,12,-11,21,-40,-28,-79,-88,-60,-18,-38,6,-34,26,-8,16,-40,-20,-14,-29,11,-53,-13,-29,-33,-17,-14,18,-56,-8,-108,-71,-52,-25,-106,2,-77,40,-58,4,-130,91,-19,105,-58,96,-87,67,-65,40,-2,8,-84,22,-46,69,-20,54,-19,26,-1,86,-52,63,-100,96,-12,50,-72,56,2,91,-18,26,-32,16,-61,16,-78,48,-5,18,14,81,-18,65,-51,34,-98,15,-97,31,-36,94,-117,-12,-121,-35,-144,-98,-29,18,-5,13,-49,4,-19,-10,-24,17,-22,-37,-40,-31,5,-143,-43,9,-20,13,-54,4,-38,30,-65,-44,-62,-14,-185,16,-29,-9,-29,23,-138,-33,-85,7,-10,9,-25,5,-27,53,-46,-18,-83,-9,-49,7,-40,75,-50,9,-73,3,-61,-7,-55,53,4,23,78,2,21,26,-30,18,-10,18,-36,16,-52,-29,-40,-13,-20,13,18,47,-9,45,-114,26,-18,38,5,27,27,48,-26,23,-44,18,-71,69,-9,34,15,36,-15,18,-33,22,-7,123,-44,26,-30,44,-44,37,-47,6,-9,-76,-34,-42,-47,-9,-142,-163,-90,18,-24,-18,-29,-38,-56,-40,-31,0,-31,18,-9,36,-29,42,1,104,-10,39,-20,22,-83,-2,-31,20,-25,27,-5,23,-37,22,-27,-5,-41,4,-16,120,14,22,19,14,9,54,-10,45,9,46,15,9,4,13,10,0,33,59,4,82,-14,4,-25,54,-20,13,-5,14,16,43,152,107,31,29,36,116,2,87,29,36,134,29,136,58,165,60,132,78,91,74,36,20,116,-16,52,-13,49,-47,80,-29,141,-69,98,-25,98,-4,103,21,-425,460,-194,-42,-512,-145,-501,-176,-487,-206,-366,-183,-2953,-2624,-147,-221,-252,-440,-166,-341,-331,-850,-68,-209,-121,-486,-88,-492,-52,-497,-18,-499]],[[954736,218628,32,-48,-8,-9,464,159,107,346,-94,-8,-87,-43,-112,-65,-91,-92,-105,-154,-41,-80,-65,-6]]]
1316752	r	93.4051,19.0712,94.0868,19.9965	[[[934051,199345,16,-140,340,-1096,161,-221,552,-430,63,161,-14,153,-117,301,-40,181,40,468,-64,148,-141,102,-141,80,-65,83,-29,60,-78,90,-108,96,-183,118,-192,-154]],[[934332,199571,21,-17,112,-40,105,28,62,76,73,230,49,-52,119,-94,49,-52,37,124,12,14,-147,177,-492,-394]],[[934683,193664,32,-109,109,-181,96,-128,58,-107,325,-420,9,-42,94,-155,79,-114,50,-135,62,-46,75,-139,90,-136,50,-101,83,-125,44,-116,-6,-44,58,-71,107,0,38,-34,50,-6,56,18,63,-36,2,-1,22,-47,55,-42,10,-80,45,-92,32,-107,30,-164,30,-115,69,-77,69,16,71,79,120,63,30,44,36,83,79,51,10,16,-8,20,-117,88,-9,19,21,16,70,33,31,-30,13,-51,28,-18,63,8,153,65,45,27,49,15,28,29,44,101,-66,20,-47,24,-95,17,-28,48,-63,59,8,52,18,55,3149,884,-50,321,54,293,74,132,-506,607,-1,-31,-63,-144,-171,-243,-25,-19,-83,-26,-29,-17,-11,-42,18,-123,-7,-46,-203,-209,-644,-457,-313,-159,-373,-30,-423,119,-89,61,-16,15,-114,82,-21,4,-2,2,-4,29,-33,39,-28,67,-4,64,-43,23,-1,7,14,28,19,-4,25,-36,28,6,-26,66,-143,99,-94,29,-23,0,-12,17,-35,13,-29,-8,-14,-32,2,-30,-125,-6,-112,45,-5,87,-40,61,-35,24,-50,17,-119,20,-77,30,-18,41,-22,1,-35,14,-20,28,16,15,21,-24,34,-3,30,33,7,80,17,16,-18,72,8,45,-19,48,-20,26,-10,41,-198,310,-22,0,-84,115,-31,-18,-69,-25,-65,-4,-54,32,-52,46,-15,-13,9,-22,-19,-49,-39,-12,-24,46,27,12,23,45,-43,38,-64,26,-17,15,-94,101,-39,10,-44,-7,-75,-25,-66,-42,-31,-6,-21,5,-20,30,-38,12,-49,-41,-31,-42,-59,6,-147,-118,-71,-145,-33,-19,-9,-21,12,-76,-12,-115,-16,-82,-48,-26]],[[934871,195637,40,-68,55,-51,30,-70,22,-16,6,24,-18,66,-78,81,-41,54,-16,-20]],[[935045,195022,59,-45,26,3,36,-11,16,-28,11,-115,26,-102,20,-3,9,93,42,9,50,-6,20,10,53,-50,45,-8,-6,18,-70,49,45,2,104,-73,54,-5,88,24,63,-18,48,-34,122,-61,63,-58,10,11,-10,56,-75,64,-249,78,-63,-18,-57,18,-49,31,-34,61,-84,96,-183,179,-11,25,-28,5,-24,-14,20,-22,27,6,12,-67,46,-62,46,-40,15,-28,-112,3,-59,47,-19,-16,-43,-4]],[[935183,199396,108,-95,124,-46,-165,199,-67,-58]],[[935183,195446,48,-93,40,-36,24,-44,34,-18,-38,80,-48,41,-42,78,-18,-8]],[[935263,194766,1,-39,63,-107,27,-6,34,42,97,28,-172,78,-50,4]],[[935467,199029,80,-90,120,-80,107,-35,-222,266,-36,-33,-49,-28]],[[935958,194736,50,-55,52,-30,36,-40,13,-31,49,-8,44,-18,12,-58,34,-37,48,-14,48,30,67,-43,52,6,2,113,6,72,-63,90,-108,94,-43,89,-27,18,-70,8,-37,-5,-3,-25,-24,-18,-61,-11,-41,-38,-36,-89]],[[935993,196106,12,-47,20,-1,16,66,22,34,71,9,22,30,48,-10,64,-63,96,-58,18,13,-32,47,-21,13,-57,69,-68,26,-40,41,-38,11,-65,-35,0,-62,-53,-53,-15,-30]],[[936005,194423,9,-43,67,-60,39,9,58,43,-23,51,15,78,-22,18,-42,-4,-70,-44,-31,-48]],[[936014,197186,142,53,77,97,122,259,7,-245,122,-98,451,-4,80,85,-751,903,-199,-275,-51,-127,0,-648]],[[936221,194303,23,-19,49,-12,22,-37,47,-105,4,-67,-22,-43,-5,-38,33,30,21,42,25,99,-9,82,-43,52,-61,34,-84,-18]],[[936268,195466,3,-47,55,-32,47,-41,49,18,3,-16,-19,-39,48,-33,32,-40,102,107,10,34,56,75,0,73,12,44,35,65,-138,48,-57,27,-26,-15,-22,-45,-61,8,-64,-26,9,-27,32,-3,-3,-32,-23,-17,-18,-34,-62,-52]],[[936347,194819,101,-103,44,-128,18,-145,56,-72,181,-129,32,-30,44,-104,29,-43,112,-8,145,18,86,41,62,22,39,-16,30,-105,34,-26,-12,-8,-42,28,-24,95,-33,10,-74,-39,-98,-28,-18,-30,50,-58,82,-56,61,-25,2,-11,18,-25,0,-10,-19,-38,51,-155,22,-106,62,-6,40,31,4,-5,3,-18,-27,-22,-58,-12,64,-243,43,-57,75,-40,161,-149,22,7,23,-33,13,-14,-30,-13,21,-43,99,-130,89,-104,106,-13,47,1,48,34,103,30,78,-16,92,-6,43,67,9,-1,4,1,-35,-76,116,3,91,68,15,52,2,1,15,82,-36,87,0,38,34,18,21,51,69,34,40,-17,1,-3,17,26,73,39,154,44,60,36,44,46,27,59,7,55,-37,181,3,144,17,41,-18,12,-20,-19,-12,-107,0,-130,9,-106,13,-30,0,-49,-32,-47,-55,-31,-75,-12,-162,-63,-13,12,8,86,70,141,3,84,-13,25,-48,40,-102,46,-25,23,6,53,-2,61,-15,4,-4,31,-16,3,-46,46,-42,9,12,-20,-35,10,-106,6,-43,8,-10,19,34,51,49,20,17,18,81,183,57,40,0,18,-29,25,-18,54,-14,65,0,32,-8,17,3,25,1,-10,23,-25,20,188,17,50,95,78,50,10,83,-14,69,-53,110,-59,131,-120,149,-39,35,1,-163,90,-184,138,-191,114,-168,25,0,2,-34,54,-73,-6,-130,-60,-85,-20,-118,8,-95,44,-100,106,-78,65,-125,39,-242,181,-61,83,-13,27,-4,48,-38,110,-73,1,-53,42,-76,23,-187,19,-79,20,-33,-3,-68,58,-30,7,-84,-28,-66,-71,-32,-152,-33,-77,-44,-36,-56,-62,-10,-48,-76,-55,-20,-54,22,-42,-6,-40,88,-66,0,-1,-77,-9,-13,3,-81,-14,-4,-94]],[[936399,193557,58,-96,59,-16,-25,-17,57,-92,179,-127,124,-60,70,-20,51,-36,46,-14,14,10,-139,92,-48,356,-34,-4,44,42,13,45,-2,43,-99,81,-60,22,-75,-46,-73,5,-74,55,0,-38,-80,-90,-6,-95]],[[936491,194277,52,-71,54,3,65,-19,11,75,-84,46,-64,4,-33,-11,-1,-27]],[[936499,196343,14,-46,34,-20,32,9,8,26,-31,9,-30,35,-13,32,-11,-6,-3,-39]],[[936555,195749,2,-28,29,-27,100,-31,39,4,11,31,-127,89,-54,-38]],[[936597,194036,136,-119,90,-45,27,15,56,18,18,19,-16,45,-49,25,-50,5,-174,69,-32,-2,-6,-30]],[[936999,196023,50,-68,59,-51,84,-12,34,-26,28,-32,71,24,4,22,-187,77,-107,87,-36,-21]],[[937095,197135,36,-158,79,-124,102,-77,180,-16,-388,467,-9,-92]],[[937353,196430,19,17,163,102,33,40,55,14,-9,11,-53,-3,-176,-97,-32,-84]],[[937423,192809,92,-95,60,42,28,32,-11,16,-35,19,-97,22,-34,-7,-3,-29]],[[937684,195238,44,-54,64,-44,152,-71,90,-65,130,-151,41,-18,106,0,102,7,127,71,36,4,12,24,5,55,-7,54,-222,73,-117,54,-134,87,-126,34,-295,42,-8,-102]],[[937784,196014,26,-36,46,47,64,-5,87,-23,118,-12,18,-7,-38,46,-43,-1,-107,39,-78,2,-93,-50]],[[938165,192600,18,-31,62,-21,84,3,32,57,-13,24,-69,11,-80,-8,-34,-35]],[[938181,195932,6,-44,33,-39,34,-4,-14,17,-12,-1,-6,23,-41,48]],[[939672,193789,7,-99,44,128,9,134,-7,-8,-34,-58,-19,-97]],[[940459,193047,39,-447,370,104,-380,457,-29,-114]]]
1295765	r	92.6376,19.8278,93.3035,20.5314	[[[926376,204396,156,-213,439,-1100,92,-154,176,-215,73,-122,81,205,-81,1030,73,457,-10,164,-173,466,-220,-111,-224,-132,-215,-145,-167,-130]],[[927494,205037,16,-52,280,-202,-56,-10,-148,-52,107,-170,160,79,113,208,-39,225,226,-16,116,-96,47,-162,89,-888,64,-128,97,-97,241,-184,70,-89,20,-67,36,-41,120,-14,200,-3,86,-19,90,-47,-417,-131,-372,-73,-7,-5,-14,-1,-16,-19,-508,-327,-101,-14,-21,-27,-53,-18,2,-14,-47,-4,-42,-61,-58,-181,-62,-72,-41,-119,-69,-150,-4,-26,40,-50,86,-70,356,-211,148,-104,75,-28,5,-28,55,-70,104,-91,47,-33,150,-79,265,-64,34,-2,9,10,-17,97,4,58,18,40,15,12,14,1,21,61,-5,12,4,13,333,676,588,746,215,383,86,436,-49,555,26,285,131,227,134,166,55,105,-2,1,-247,88,-253,72,-257,57,-260,40,-263,25,-264,8,-264,-8,-263,-25,-260,-40,-257,-57,-253,-72,-209,-75]],[[929087,200749,7,-98,49,-55,55,-39,26,-51,34,-168,617,-1086,137,-186,74,-167,46,-434,54,-187,63,0,-29,424,-73,354,-472,1166,-35,145,-14,94,-41,88,-56,82,-64,74,-173,105,-65,66,-59,13,-48,-42,-33,-98]],[[929702,201295,39,-122,18,-295,48,-99,108,-104,202,-274,267,-272,103,-181,40,-264,67,-173,532,-768,124,-276,66,-88,74,50,-45,54,-46,141,-55,315,-183,368,-40,334,70,297,224,128,166,-123,126,-280,156,-497,144,-309,127,128,29,34,-300,556,-205,689,-191,328,-68,159,-15,196,77,-132,114,-115,139,-94,149,-69,140,107,249,-51,294,-94,279,-24,177,55,56,226,43,246,26,249,8,249,-8,249,-26,249,-43,246,-60,243,-77,239,-93,234,-109,227,-124,220,-140,212,-154,203,-167,193,-181,182,-192,171,-204,158,-215,145,-224,132,-233,118,-83,35,-380,-645,-12,-214,32,-255,90,-193,164,-26,129,143,94,404,185,141,-91,-501,-105,-225,-246,-93,-149,-172,-225,-755,-176,-172,-137,-526,30,-318,281,-49,288,180,418,424,317,78,0,-62,-54,-94,-213,-526,-73,0,-2,68,-17,43,-23,39,-26,55,-154,-234,-102,-123,-120,-53,-542,-45,-181,45]]]
1309793	r	95.3365,20.4621,96.3509,21.3077	[[[953365,207297,945,-1979,2202,-697,5643,3121,1354,3512,-5348,1823,-4117,-2966,-639,-962,-40,-1852]]]
1309611	n	98.37,12.2139,98.83,12.6566	[[[983700,124400,11,-222,33,-219,55,-215,63,-173,51,44,645,963,95,229,49,368,5,385,-44,277,-154,203,-127,-166,-90,-319,-37,-258,-188,325,-95,-156,-97,-201,-76,-209,-55,-215,-33,-219,-11,-222]],[[984743,124250,78,-144,135,-48,130,45,56,134,27,557,-27,162,-144,175,-113,-198,-142,-683]],[[985391,122418,80,-183,44,-44,36,-9,224,-32,225,-11,225,11,79,11,105,85,220,122,334,50,66,-38,55,26,194,114,181,132,167,149,152,165,134,178,116,190,97,201,76,209,55,215,33,219,11,222,-11,222,-33,219,-55,215,-76,209,-97,201,-116,190,-134,178,-152,165,-167,149,-181,132,-194,114,-204,95,-212,75,-8,2,-10,-102,72,-147,9,-63,-37,-9,-75,10,-73,2,-32,-34,-70,-216,-132,-214,-81,-211,78,-209,91,-54,107,-9,113,3,111,-16,84,-41,133,-86,83,-15,66,-31,-9,-68,-74,-69,-122,-31,-378,0,-230,-35,-122,-64,-49,-127,-9,-221,-52,-220,22,-106,135,-46,59,-41,246,-239,329,-125,157,-92,66,-161,-88,-200,-210,-126,-891,-182,-193,-62,-164,-113,-118,-186,-11,-192]]]
1319364	n	99.6888,21.4039,100.1463,21.8557	[[[996888,216226,8,-148,35,-219,57,-215,80,-209,101,-201,122,-190,141,-178,160,-165,175,-149,191,-132,203,-114,214,-95,224,-75,230,-54,234,-32,237,-11,237,11,234,32,230,54,224,75,214,95,203,114,191,132,175,149,160,165,16,21,-106,68,-105,128,-73,206,-39,220,-5,167,31,142,62,170,90,168,118,139,104,54,101,19,75,32,26,92,-35,57,-76,74,-147,114,-382,108,-856,16,-360,187,-104,164,-111,558,-171,353,-41,169,22,228,18,37,-25,-1,-2307,-2330]]]
1308318	r	97.6182,23.7376,98.1853,24.1943	[[[976182,240399,895,854,124,221,30,239,-44,102,-102,128,-102,-88,-128,-125,-118,-133,-109,-139,-99,-146,-88,-151,-77,-157,-66,-161,-54,-164,-42,-167,-20,-113]],[[976518,238707,11,-19,99,-146,109,-139,118,-133,128,-125,136,-118,144,-109,152,-100,159,-90,164,-81,170,-71,175,-61,179,-50,181,-39,185,-28,185,-16,187,-6,187,6,185,16,185,28,181,39,179,50,175,61,170,71,164,81,159,90,152,100,144,109,136,118,128,125,118,133,109,139,99,146,88,151,77,157,66,161,54,164,42,167,31,170,18,170,6,172,-6,172,-18,170,-31,170,-42,167,-54,164,-66,161,-63,128,-522,-117,-2151,-789,-134,-82,-403,-426,-185,-136,-137,-37,-146,-14,-217,-66,-196,-124,-514,-470,-198,-84,-213,-62,-39,-18]]]
1293960	r	96.7239,20.167,97.9498,21.6221	[[[967239,213307,1108,-3094,5,0,168,-54,109,-63,82,-62,98,74,70,0,63,-43,43,-43,1,-1,-10,-1,-37,-27,-29,-7,-36,-29,-160,-17,-24,-25,5,-43,-191,-6,-101,46,-75,0,-39,-62,4,-113,-19,-114,90,-35,-28,-78,12,-56,12,-57,8,-106,-16,-74,-66,-47,35,-164,-82,-39,-82,-82,-36,-117,51,-133,114,-70,101,11,55,-11,4,-59,23,-86,43,-113,-98,-199,-35,-98,-11,-86,-32,-59,47,-70,98,-101,3,-14,45,-25,38,-39,21,-31,7,-71,33,-16,36,-2,30,-19,31,-35,18,-9,-4,-12,18,-35,6,0,-6,-22,-45,-7,-11,-12,26,-25,5,-27,86,-63,11,-42,-15,-69,9,-49,17,-23,1,1,31,-41,39,-6,54,-58,90,-70,42,115,32,69,59,86,12,90,43,199,82,58,50,-7,59,-36,87,45,6,1,653,-492,15,-49,5,-40,-38,-6,-29,-47,-9,-68,-44,-17,-76,0,-38,-56,-3,-94,12,-93,0,-100,56,-47,64,-35,3,-38,-18,-114,3,-147,47,-314,10,-46,30,-58,12,-46,3,-78,-2,-75,-85,-306,9,-143,23,-109,-44,-50,-17,-47,17,-96,-8,-68,11,-73,-41,-158,-8,-88,-24,-70,-12,-158,21,-62,-15,-62,-3,-111,-35,-23,-58,6,-129,-3,-59,-27,3,-44,26,-64,9,-53,-41,-61,-53,-50,-3,-120,-38,-56,-17,-70,55,-112,3,-82,-5,-73,29,-26,47,-24,64,-11,53,-56,220,-47,38,-64,0,-100,58,-73,150,-47,44,-38,-9,-120,17,-173,-14,-194,17,-73,47,3,59,32,79,-26,91,-18,50,3,85,41,93,0,35,-52,97,-108,82,-159,53,38,64,21,65,2,50,-26,52,-3,0,47,-26,76,-38,71,-35,158,-30,64,50,38,68,-11,93,-39,53,-8,79,-47,50,-12,56,-47,41,-63,49,8,6,58,-41,79,0,79,12,79,-59,56,-23,76,-50,88,-26,91,33,111,-76,158,-36,-5,-9,45,1,18,26,55,-8,49,-2,89,114,38,11,62,43,58,-12,121,51,102,-25,59,9,26,-12,18,-11,35,14,14,37,16,4,12,-10,54,24,43,-6,44,11,30,18,26,3,60,15,21,3,22,-12,42,-21,14,-17,27,-4,85,-33,22,14,67,1,56,-19,-6,-72,-6,-14,6,-14,21,-56,14,-5,26,-11,4,-41,-21,-25,13,0,19,25,40,25,18,7,26,-14,21,-11,0,-25,-20,-8,1,-9,19,-36,29,-30,3,-8,8,19,37,55,27,5,17,-3,27,41,43,-2,41,23,9,-18,40,22,21,17,41,-10,26,5,39,-22,23,35,170,16,41,58,84,12,37,19,33,27,19,48,57,3,55,40,57,-11,26,4,25,32,54,1,39,30,65,11,71,-49,64,-27,52,3793,-2852,2470,336,227,343,281,494,245,510,210,525,173,536,135,546,97,552,58,558,20,560,-20,560,-58,558,-97,552,-135,546,-173,536,-210,525,-245,510,-281,494,-314,476,-347,455,-378,433,-407,409,-434,383,-460,356,-484,326,-506,296,-525,264,-542,231,-557,198,-570,162,-232,51,-3976,-1640,-1307,-1274]]]
1307835	r	95.093,21.0111,95.8161,21.873	[[[950930,217262,3114,-7151,4117,2966,-621,2761,-2316,2892,-464,-159,-159,-161,-78,-125,-165,-168,-42,-121,-51,11,-71,-15,-128,-43,-36,-43,24,-47,74,-94,87,-139,-7,-66,-30,-24,-18,-42,0,-56,-54,-56,-130,-53,-91,-57,-60,-50,-14,-15,-10,-9,-31,-37,-23,-52,-16,-23,-29,-37,-2,-7,-4,-5,-3,-17,-9,-30,-16,-114,9,-94,-16,-28,2,-194,-10,-110,-91,-79,-60,-148,-44,-143,5,-153,-13,-74,-20,-29,-10,-64,-27,16,-92,85,-52,194,-21,176,-12,44,-20,20,-88,12,-64,53,-18,35,43,78,-88,63,-195,61,-94,18,-204,92,-15,19,-43,19,8,185,-3,216,-15,9,-4,13,-149,99,-29,56,-46,24,-63,18,-65,30,-68,134,13,22,1,80,-1080,-369]]]
1293625	n	98.0382,13.8539,98.4215,14.3061	[[[980382,142504,36,-75,478,-615,56,124,59,-20,54,-106,36,-134,-137,0,122,-352,15,-96,-24,-130,-103,-178,-10,-138,-80,-149,-221,-308,-46,-226,39,-208,137,-412,30,-236,32,-66,75,-57,82,-42,55,-16,42,-42,-18,-97,-58,-161,1,-60,194,-68,220,-54,225,-32,227,-11,77,4,18,149,-43,177,-150,381,22,128,110,140,49,131,12,278,-32,52,-142,164,-31,54,10,119,46,210,12,121,63,0,49,-165,117,-186,137,-165,113,-105,0,-61,-65,-75,6,-77,34,-88,25,-108,0,-444,144,-545,6,-12,85,20,214,75,205,95,195,114,183,132,168,149,153,165,135,178,117,190,97,201,77,209,55,215,33,219,11,222,-11,222,-33,219,-55,215,-77,209,-97,201,-117,190,-135,178,-153,165,-168,149,-183,132,-195,114,-205,95,-214,75,-220,54,-225,32,-227,11,-227,-11,-225,-32,-220,-54,-214,-75,-205,-95,-195,-114,-183,-132,-49,-44]]]
1309233	p	1298824
1299154	r	94.6484,18.2602,95.8074,19.1004	[[[946484,189477,2963,-6219,155,-79,350,-151,360,-129,368,-106,374,-83,379,-60,383,-36,384,-12,384,12,383,36,379,60,374,83,368,106,360,129,350,151,339,173,327,193,312,214,297,232,281,251,263,267,243,283,224,298,203,311,182,323,158,334,136,343,111,350,87,357,63,361,38,365,12,366,-12,366,-38,365,-63,361,-87,357,-111,350,-136,343,-158,334,-154,274,-1800,0,-1804,-128,-38,31,-37,-11,-61,38,-64,53,-24,9,-15,18,-23,9,-91,4,-43,13,-14,18,-19,0,0,-9,-24,-9,-94,5,-42,-28,-25,-32,-33,-9,-14,-14,-26,-56,-84,-18,-76,-26,-47,-50,-6050,-430,-130,-329,-111,-350,-42,-172]]]
1325211	n	95.2243,17.4239,95.625,17.8761	[[[952243,176500,12,-222,34,-219,56,-215,78,-209,99,-201,118,-190,138,-178,156,-165,171,-149,186,-132,198,-114,209,-95,218,-75,224,-54,229,-32,231,-11,231,11,229,32,224,54,218,75,209,95,198,114,186,132,155,135,0,3226,-155,135,-186,132,-198,114,-209,95,-218,75,-224,54,-229,32,-231,11,-231,-11,-229,-32,-224,-54,-218,-75,-209,-95,-198,-114,-186,-132,-171,-149,-156,-165,-138,-178,-118,-190,-99,-201,-78,-209,-56,-215,-34,-219,-12,-222]]]
1298073	r	94.1489,17.9456,95.0161,19.1771	[[[941489,187310,931,-859,1,-2,-7,-19,-10,-6,-17,-7,-29,8,-8,-17,62,-133,17,-92,29,-104,-16,-29,-17,8,-13,-8,-4,-21,4,-21,92,-166,4,-21,-8,-38,21,-75,0,-125,-17,-50,-33,-58,0,-17,29,-4,33,29,17,30,61,39,3,-27,-6,-4,-37,-63,12,-30,27,-12,-10,-30,-25,6,-9,-22,11,-10,-127,33,36,-78,-40,-7,-10,-14,6,-56,12,4,13,-4,25,-26,-5,-4,25,-22,29,9,9,-19,-17,-26,25,-47,46,-45,13,-6,16,-23,17,-37,42,-29,-22,15,126,-176,31,-32,11,-20,66,-75,9,-25,33,-42,16,-33,5,-17,-13,-40,26,-7,24,14,92,-63,43,-45,25,-36,13,-31,10,-83,26,-25,8,-42,29,-12,17,-38,-25,-50,8,-17,4,-8,25,17,25,-9,45,-84,10,-37,7,-42,-3,-103,-22,-59,4,-39,-20,-27,21,-25,8,-25,23,-23,20,8,-5,48,16,12,42,13,50,-21,12,-12,5,-45,22,1,12,20,24,15,51,-39,44,-5,25,16,18,28,31,6,58,-14,19,-10,12,-70,53,-9,14,10,17,-8,50,-80,-13,-16,-12,-42,16,-58,-4,-17,-10,-8,-56,7,7,-103,58,-29,43,-9,21,-12,30,-44,-14,-23,-20,-4,-21,-17,-37,-5,-20,-16,10,-21,-7,-20,-46,-2,-37,6,-22,-24,-38,5,-14,-7,29,-56,33,-43,21,-17,19,5,23,-9,-16,-25,-48,-12,-1,-2,-55,6,-127,115,-39,-14,-12,7,-12,21,-34,33,-8,-8,-8,8,-42,67,-41,33,-17,25,-10,-1,2,-32,-5,-8,21,-42,46,-42,8,-29,-4,-21,-21,-21,-104,-20,97,19,-84,99,-81,-29,-18,-45,-14,14,-12,33,8,34,-4,16,-25,25,-8,-8,-9,-33,-50,-67,-12,-100,8,-58,-12,-42,-13,-21,8,-8,-8,-17,21,-79,31,-39,6,-48,-8,-38,8,-29,-8,-17,21,-21,50,-8,12,-12,76,-38,17,9,-22,33,4,15,36,11,22,-18,190,-14,147,16,5,-6,25,-8,13,-13,29,29,29,10,133,15,21,-8,111,-63,35,-33,42,-67,0,-50,54,-95,-21,-21,0,-75,25,-17,21,-29,-4,-4,-33,25,-46,-17,-29,-33,-26,8,-12,-4,-8,-13,8,-12,38,-21,41,-42,92,-133,25,-50,29,-33,29,-9,38,9,14,27,30,-30,-5,-51,-17,-13,-14,-40,-9,-42,14,-28,8,-58,-6,-11,-9,2,-16,-9,-1,-10,-16,-2,-8,-26,-23,-5,-9,18,-6,-11,-14,2,-6,-9,3,-36,-13,-4,2,-4,39,-18,-5,-10,13,-19,26,18,62,22,28,38,13,-12,66,-3,21,-10,4,-20,-46,-15,-23,-33,7,-13,33,3,43,39,27,-1,-1,-21,-27,-43,6,-21,46,-37,5,-13,28,-18,53,-18,9,10,23,4,19,19,51,95,33,32,61,-4,33,-9,15,-13,33,-13,19,-32,14,-4,5,-14,14,-4,24,-36,58,-40,28,-18,85,-26,5,-9,48,-26,19,-18,34,-68,6,-144,19,-41,81,-8,4,-9,48,-22,28,5,10,9,75,23,75,1,24,-22,14,-5,15,-13,10,-113,25,-58,0,-23,14,-4,5,-14,29,-22,4,-13,24,-18,5,-14,38,-31,5,-14,43,-31,5,-13,24,-18,62,-85,14,-5,5,-13,38,-36,0,-13,10,0,19,-72,6,-50,47,-54,109,1,14,9,5,14,32,18,28,28,5,13,19,19,56,18,48,-85,62,-40,76,-27,24,-35,14,-9,5,-14,14,-9,5,-13,14,-9,5,-14,19,-18,24,-8,104,37,82,-16,36,-55,56,12,39,-75,21,-87,43,-56,36,-115,6,-86,58,21,59,-6,-44,37,163,44,74,30,79,-18,41,15,61,10,126,-71,69,15,46,17,28,1,33,13,5,10,18,4,19,28,18,58,24,23,4,14,52,45,4,14,15,5,56,54,-18,0,8,35,-22,49,0,41,55,78,0,25,50,-6,14,5,38,41,22,3,-3,47,20,27,-6,105,35,26,131,0,29,20,5,27,-7,33,12,66,-43,47,70,3,5,14,9,0,33,27,66,1,9,9,15,51,27,35,23,50,0,18,31,108,-20,23,-12,65,-27,30,-26,21,-41,-5,-31,97,24,29,11,31,1116,240,355,424,-714,1499,-2963,6219,-383,804,-1781,1490,-216,-46,-2518,-3580,244,-289,294,-438,156,-63,245,166,112,-66,156,-70,-677,-130,-370,-5,-182,135,-75,0,0,-75]],[[942270,185380,29,-21,31,4,28,-12,13,-34,17,10,5,33,-27,40,-89,-6,-7,-14]],[[943671,183465,19,-14,25,18,11,27,28,15,-1,14,-31,5,-29,-19,-22,-46]]]
1316574	p	1298824
13589383	p	1298824
1314759	r	97.4242,22.638,98.0758,23.242	[[[974242,229400,7,-198,21,-196,35,-195,48,-193,62,-189,75,-185,88,-180,101,-174,112,-168,124,-161,136,-153,145,-144,156,-135,165,-125,173,-115,181,-105,188,-93,194,-82,200,-69,204,-58,207,-44,211,-33,212,-19,213,-6,213,6,212,19,211,33,207,44,204,58,200,69,194,82,188,93,181,105,173,115,165,125,156,135,145,144,136,153,124,161,112,168,101,174,88,180,75,185,62,189,48,193,35,195,21,196,7,198,-7,198,-21,196,-35,195,-48,193,-62,189,-75,185,-88,180,-101,174,-112,168,-124,161,-136,153,-145,144,-156,135,-165,125,-173,115,-181,105,-188,93,-194,82,-200,69,-204,58,-207,44,-211,33,-212,19,-213,6,-213,-6,-212,-19,-211,-33,-207,-44,-204,-58,-200,-69,-194,-82,-188,-93,-181,-105,-173,-115,-165,-125,-156,-135,-145,-144,-136,-153,-124,-161,-112,-168,-101,-174,-88,-180,-75,-185,-62,-189,-48,-193,-35,-195,-21,-196,-7,-198]]]
1302439	r	94.81,21.0868,95.3152,21.5932	[[[948100,213400,6,-166,17,-164,29,-164,40,-161,51,-159,63,-155,72,-151,84,-146,93,-141,103,-134,112,-128,121,-121,129,-114,136,-105,74,-49,527,-277,10,-4,165,-59,169,-48,172,-37,175,-27,175,-16,177,-6,177,6,175,16,175,27,172,37,169,48,165,59,161,68,156,78,150,88,144,96,136,105,129,114,121,121,112,128,103,134,93,141,14,24,-1599,3672,-54,16,-172,37,-175,27,-175,16,-177,6,-177,-6,-175,-16,-175,-27,-172,-37,-169,-48,-165,-59,-161,-68,-156,-78,-150,-88,-144,-96,-136,-105,-129,-114,-121,-121,-112,-128,-103,-134,-93,-141,-84,-146,-72,-151,-63,-155,-51,-159,-40,-161,-29,-164,-17,-164,-6,-166]]]
1292288	n	97.174,16.6939,97.5278,17.1461	[[[971740,170442,45,-57,166,-166,32,-84,7,-160,-123,-505,-34,-255,83,-202,108,55,90,11,81,-66,-137,-267,-12,-148,2,-146,42,-120,105,-70,14,144,34,127,88,213,74,0,-71,-257,-3,-91,26,-103,91,-120,-146,-209,0,-275,101,-372,2,-4,188,-109,209,-95,217,-75,223,-54,228,-32,230,-11,230,11,228,32,223,54,217,75,209,95,14,8,457,3657,-89,77,-185,132,-197,114,-209,95,-217,75,-223,54,-228,32,-230,11,-230,-11,-228,-32,-223,-54,-217,-75,-209,-95,-108,-62,125,-59,-273,-121,-81,28,-45,-32,-171,-149,-155,-165,-137,-178,-8,-14]]]
1328872	r	93.4824,19.1725,94.6463,20.7766	[[[934824,199965,147,-177,63,75,103,68,119,61,40,-70,23,-74,-150,-36,-49,-108,51,-118,148,-72,-69,-60,165,-199,244,-89,-63,-37,-44,-39,222,-266,33,-11,133,12,68,61,76,180,29,37,179,-8,90,8,73,32,110,27,510,4,41,31,1,141,58,39,87,-11,75,-45,63,-70,54,-85,-149,-23,-49,-87,32,-118,92,-113,-341,27,-240,-18,-192,-126,-343,-472,751,-903,10,11,63,194,131,152,297,-33,-97,-116,-231,-105,-75,-120,-9,-89,388,-467,119,-11,228,162,153,266,5,21,23,-8,24,-60,-4,172,43,47,28,-12,53,-73,0,-49,16,-93,-33,-61,-39,-30,-45,-6,-79,-152,24,-16,-25,-49,-2,1,-77,51,-29,2,-73,-98,0,-46,99,-63,39,-56,22,-23,-175,49,-12,8,-56,13,-59,-19,-8,-10,-38,-3,9,-11,-55,-14,-33,-40,-163,-102,-19,-17,0,1,-99,-85,-9,-45,-49,-80,5,-38,179,-83,252,-175,52,13,36,42,157,84,78,-2,107,-39,43,1,38,-46,-18,7,-118,12,-87,23,-64,5,-46,-47,-93,-93,31,-47,150,-186,249,-157,90,-81,128,-52,43,-30,59,-67,88,-55,92,-41,71,-58,79,-83,37,-52,137,-71,175,-54,59,47,50,18,40,32,10,5,47,-23,-23,-28,-137,-59,-34,-84,15,-18,-27,-13,-115,-54,39,-49,103,-77,73,-16,103,12,81,-25,129,-66,59,16,50,110,33,26,64,17,109,-24,12,-1,25,-25,-9,-75,-58,-123,6,-57,-4,-3,-85,-121,-91,119,-219,140,-146,-3,-149,39,-131,120,-110,59,-69,53,-83,14,-50,-10,-95,-78,-17,-50,-20,-188,-23,25,-1,10,-3,-25,8,-17,0,-32,14,-65,18,-54,29,-25,0,-18,-57,-40,-81,-183,-17,-18,-49,-20,-34,-51,10,-19,43,-8,106,-6,35,-10,-12,20,42,-9,46,-46,16,-3,4,-31,15,-4,2,-61,-6,-53,25,-23,102,-46,48,-40,13,-25,-3,-84,-70,-141,-8,-86,13,-12,162,63,75,12,55,31,32,47,0,49,-13,30,-9,106,0,130,12,107,20,19,18,-12,-17,-41,-3,-144,37,-181,-7,-55,-27,-59,-44,-46,-60,-36,-154,-44,-73,-39,-17,-26,-8,-11,5,-39,33,-20,17,-35,45,-96,36,-8,56,15,68,39,99,93,60,66,139,251,62,63,76,62,187,97,15,41,-4,53,-7,99,19,97,34,58,7,8,24,27,62,35,50,-17,10,-7,-4,-92,506,-607,190,342,99,257,70,-152,-42,-229,-98,-210,-99,-92,-12,-46,380,-457,3236,-979,216,46,2143,4485,-420,939,-2999,5824,-2684,2964,-2866,1783,-2670,-7801],[938181,195932,41,-48,6,-23,12,1,14,-17,-34,4,-33,39,-6,44]],[[938050,197292,5,-74,14,-40,2,-130,60,29,15,63,-5,97,-16,47,-38,49,-37,-41]]]
1309937	r	96.1922,21.5146,97.1026,22.493	[[[961922,224480,514,-2893,7,2,79,76,40,-42,6,-38,-75,-59,-35,-62,93,-523,22,-18,67,-14,60,47,92,-27,108,-20,62,-31,-4,-152,62,-23,43,-47,87,21,179,-32,87,38,150,27,-34,44,41,43,84,-5,-6,-80,-23,-86,-39,-74,7,-43,-9,-58,-70,-38,-40,-60,-20,-61,-2,-60,-101,-108,-18,-91,-110,-83,-134,-49,-40,14,-179,-113,-22,-58,5,-38,44,-16,29,-35,-18,-35,-16,-55,21,-24,-18,-21,9,-54,11,-8,-5,-52,-31,-42,-29,-1,-72,-103,-58,-85,6,-53,-54,-59,-18,-65,-9,-135,-24,-48,50,-55,-43,-59,-15,-6,-98,72,-97,-27,15,-33,21,-95,123,-103,5,-69,25,-92,-11,-53,13,-30,-5,-64,-33,-97,68,-72,12,-44,1,0,12,-46,76,-124,-17,-6,75,-103,79,-29,121,-9,134,-86,25,-44,-23,-95,50,-52,54,-39,50,-47,36,-105,73,-22,77,-146,55,-40,29,11,57,-14,66,-52,50,-20,47,-46,31,-16,21,6,33,23,24,-1,48,-34,100,11,88,34,55,0,86,-45,75,-21,61,-59,118,-48,127,-38,105,70,77,100,38,34,23,111,48,37,68,104,11,66,23,27,-12,44,7,17,-14,22,14,31,-5,78,-11,34,-38,48,-11,67,-28,67,30,103,34,72,-4,100,26,30,175,13,118,55,52,45,53,0,18,23,45,2,45,27,35,-7,183,21,64,48,29,-16,109,4,98,57,79,102,27,48,4,15,-9,63,-2,83,12,50,31,50,7,51,20,30,61,-2,69,45,69,0,137,-16,238,44,54,77,67,28,137,40,4,62,97,55,60,20,113,8,76,52,28,63,102,51,101,80,13,148,-25,89,-13,31,-39,42,-14,57,0,86,19,59,-49,39,-85,51,-59,82,-20,101,16,71,66,62,55,0,44,-46,-27,-108,30,-13,14,-18,23,-37,5,-32,37,-20,63,-12,22,-13,52,-74,51,-43,1,-49,17,-29,130,-152,70,-145,19,-27,114,-100,2,-52,-9,-22,-34,-43,-5,-21,6,-7,46,-4,20,-13,22,-69,81,-125,28,-24,73,-26,34,-30,29,-39,23,-74,69,-49,20,-29,6,-34,16,-24,0,-37,-72,-40,-25,7,-12,-3,-11,-55,-32,-32,-3,-11,52,-80,100,-89,46,-19,16,-14,96,-19,10,-12,-5,-39,58,-119,1,-15,-6,-35,-23,-51,5,-39,30,-25,-3,-50,16,-24,62,-15,19,-17,6,-16,0,-24,-22,-59,-1,-30,20,-95,40,-110,6,-39,-27,-58,-1,-19,-17,-8,-216,15,-63,39,-144,16,-27,16,-29,32,-38,20,-5,23,-34,47,-76,67,-77,44,-81,11,-29,54,-26,16,-7,-35,10,-49,-3,-115,-17,-39,15,-34,-1,-23,-30,-26,-31,20,-31,-37,-20,17,-22,-11,-40,0,-45,-66,-29,-1,-54,-42,-23,-48,-78,-96,-21,-9,-33,-2,-57,15,-16,16,-41,-6,-58,-47,-24,-33,-7,-47,-28,1,-39,69,-9,32,-17,20,-91,75,-27,12,-52,-22,-104,25,-14,-29,-5,-38,-44,-53,-146,-22,-69,-93,-4,-58,-140,-114,-39,-47,-43,-74,-115,-54,-71,-49,-41,-39,15,-85,20,-54,-13,-39,-47,1,-62,-55,-58,-62,-20,-48,-24,-20,-68,10,-2,-2,1641,-1087,122,61,357,207,342,229,325,249,307,268,287,286,267,304,245,319,222,333,198,346,173,357,149,368,122,375,95,382,69,387,41,391,14,392,-14,392,-41,391,-69,387,-95,382,-122,375,-149,368,-173,357,-198,346,-222,333,-245,319,-267,304,-227,226,-6929,350,-353,-450]]]
1308567	n	99.438,21.6239,99.9216,22.0739	[[[994380,218500,12,-222,35,-219,58,-215,80,-209,101,-201,122,-190,142,-178,159,-165,176,-149,191,-132,203,-114,215,-95,224,-75,230,-54,235,-32,237,-11,105,5,1846,1864,444,448,21,21,-8,145,-35,219,-58,215,-80,209,-101,201,-122,190,-142,178,-159,165,-145,123,-29,-27,-127,-17,-76,52,-59,80,-76,65,-607,293,-155,38,-199,-94,-100,-143,-99,-79,-201,97,-45,59,-92,173,-19,20,-154,-21,-230,-54,-224,-75,-215,-95,-203,-114,-191,-132,-176,-149,-159,-165,-142,-178,-122,-190,-101,-201,-80,-209,-58,-215,-35,-219,-12,-222]]]
1319389	p	1298824
1481927	p	1298824
1285173	n	94.6303,20.3141,95.1097,20.6612	[[[946303,204600,12,-222,34,-219,57,-215,79,-209,101,-201,121,-190,140,-178,24,-25,1105,34,4,11,13,-10,1851,59,2,16,38,-15,242,8,49,8,64,81,39,14,27,1,0,-9,57,-5,15,-8,81,-18,5,-6,228,40,2,2,121,190,101,201,79,209,57,215,34,219,12,222,-12,222,-34,219,-57,215,-79,209,-101,201,-121,190,-140,178,-158,165,-174,149,-189,132,-94,54,-3,-20,-17,-41,8,-51,29,-33,31,-55,-4,-50,6,-31,-23,4,-19,36,-10,0,-29,18,-101,-1,-9,-9,-68,-9,-81,26,-33,-17,-2,-16,-49,-38,-1,-33,13,-62,52,-138,7,-61,-19,-66,-8,-84,-152,-126,-60,-71,-67,40,-87,22,-39,-2,-111,-96,-52,-76,-69,-52,-83,-37,-156,-58,-117,-20,-125,-47,-126,-13,-72,13,-5,14,-148,-6,-24,-14,-43,3,-75,17,49,68,30,65,19,106,10,234,-38,75,-83,247,-116,293,-68,71,-144,125,-46,34,-40,-18,-202,-114,-189,-132,-174,-149,-158,-165,-140,-178,-121,-190,-101,-201,-79,-209,-57,-215,-34,-219,-12,-222]]]
1290596	r	95.801,18.3131,97.2989,19.4675	[[[958010,190950,779,-6981,1899,-837,11656,3035,24,51,201,509,166,521,130,530,93,537,31,298,-6469,6062,-176,-58,-31,-190,-74,-66,-39,-67,-78,-19,-98,113,-72,100,-7517,-2475,-425,-1063]]]
1480266	p	1298824
1292037	n	94.9419,19.0939,95.4581,19.5961	[[[949420,193200,12,-222,34,-219,57,-215,78,-209,100,-201,120,-190,139,-178,157,-165,173,-149,188,-132,200,-114,211,-95,220,-75,227,-54,231,-32,233,-11,233,11,231,32,227,54,220,75,211,95,200,114,188,132,173,149,157,165,139,178,105,166,5,-3,151,159,139,178,120,190,100,201,79,209,57,215,34,219,12,222,-12,222,-34,219,-57,215,-79,209,-100,201,-120,190,-139,178,-157,165,-173,149,-187,132,-201,114,-211,95,-220,75,-227,54,-231,32,-233,11,-233,-11,-231,-32,-227,-54,-220,-75,-211,-95,-201,-114,-187,-132,-173,-149,-157,-165,-139,-178,-105,-166,-4,3,-152,-159,-139,-178,-120,-190,-100,-201,-78,-209,-57,-215,-34,-219,-12,-222]]]
1298987	p	6611854
1312609	r	94.3044,19.6256,95.4141,20.3765	[[[943044,203019,2999,-5824,420,-939,1156,309,3994,1320,-8,-39,9,-26,250,-28,25,7,179,50,542,85,214,102,202,62,21,-1,-33,39,-61,103,-39,78,-41,109,-11,53,2,96,96,32,24,23,30,0,145,85,98,61,177,154,443,261,129,30,131,55,4,35,-8,44,-22,24,-7,-2,-30,27,-45,7,-8,-4,-50,51,4,27,-23,9,-10,23,-24,4,-139,84,-18,19,-12,49,-57,124,-15,3,-17,43,-120,115,-17,3,-10,14,-33,9,-53,56,-41,15,-2,-31,-33,-1,-20,14,-5,54,-33,4,-34,-18,-24,49,-49,18,-26,1,-14,-11,-49,-76,-33,-4,-126,10,-49,32,-9,41,14,167,-41,38,-76,30,-52,-27,-126,15,-74,67,-61,103,6,53,52,67,74,73,46,64,-100,-1,-46,-7,-34,45,-54,8,499,1963,21,4,39,-9,3,86,-28,13,-11,3,222,873,-1485,-256,20,83,-93,-5,-114,-40,-53,4,-193,66,-66,-23,-9,-23,-15,-4,-4,-37,-14,-13,-72,-41,-33,-5,-33,-37,-43,-24,-38,0,-56,-25,-21,-20,-368,-63,-5,6,-81,18,-15,8,-57,5,0,9,-27,-1,-39,-14,-64,-81,-49,-8,-242,-8,12,-5,-50,20,-2,-16,-1851,-59,-13,10,-4,-11,-4932,-156],[946987,198743,120,28,99,23,-219,-51]]]
1325259	p	1285693
1321275	r	96.2155,20.0451,96.8986,21.1882	[[[962155,207742,1239,-2204,40,15,22,-15,56,-17,63,-77,56,-21,27,12,14,15,41,6,38,-26,19,-5,150,3,12,-17,76,-8,117,-34,33,24,10,16,5,107,-9,12,0,36,-8,24,26,48,11,46,24,15,12,22,6,37,11,18,0,34,31,14,16,53,18,-6,12,13,16,2,59,-20,39,19,52,37,52,-30,37,-12,34,1,26,8,36,33,55,18,22,0,23,-15,21,-34,35,-85,16,-77,-2,-85,11,-63,34,-67,55,-85,31,-72,2,-144,23,-108,-76,-20,-20,-30,-18,-54,1,-1,-1,-1,18,-48,43,-41,18,-35,-13,-74,-1,-4,-56,-19,-95,-1,-37,-26,-28,-43,-26,-45,-22,-85,-42,-67,24,-48,21,-103,22,-35,-8,-19,-50,6,-22,-6,-19,-37,9,-46,48,-69,-2,-58,19,-70,0,-75,10,-41,43,-94,-6,-65,12,-53,26,-26,39,-21,35,-45,33,-24,38,-17,18,-20,8,-61,35,-52,-1,-16,-34,-37,17,-6,24,12,19,-3,-10,-19,-24,-21,-26,-60,4,-85,18,-41,95,-89,27,-37,26,-59,42,-39,10,-33,-5,-43,110,-75,-14,-28,-35,-30,-9,-18,4,-17,41,-19,63,-84,13,-29,-5,-20,19,-83,50,-94,18,-48,-1,-25,18,-31,36,-34,-36,-42,-45,-37,-49,-58,699,-1243,904,-388,846,509,-242,3976,-1,2,-16,-15,22,20,6,45,14,28,24,-2,61,-30,33,22,125,-8,129,-66,51,109,82,51,82,66,-47,82,-28,129,20,82,70,20,55,33,-22,13,3,104,-36,80,-98,98,-481,-784,-82,19,-790,2283,-1580,4565,-1632,-628,-1354,-3512]],[[967200,209253,81,36,222,75,229,54,233,32,235,11,148,-7,-12,56,28,78,-90,35,19,114,-4,113,39,62,75,0,101,-46,191,6,-5,43,24,25,160,17,36,29,29,7,37,27,10,1,-44,44,-63,43,-70,0,-98,-74,-82,62,-109,63,-168,54,-133,-4,-66,-54,-63,-16,-230,147,-112,89,-17,58,-21,-11,-26,-2,-42,-23,-54,-107,-60,-16,-31,-70,-12,-50,-239,-145,62,-41,6,-150,10,-40,-7,-88,-39,-188,-67,-191,-11,-58]],[[968300,206167,137,1,47,10,-5,229,-9,37,-170,-277]],[[968668,206766,37,3,127,107,7,49,-14,45,7,20,40,17,-31,41,-173,-282]]]
1307741	r	96.6733,24.5479,98.5307,26.5061	[[[966733,248223,44,-52,2,-24,13,-15,23,2,42,-33,-39,-34,-3,-23,18,-31,42,4,15,-10,-14,-19,-43,-16,-9,-17,0,-28,46,0,29,-9,-10,-23,-28,-7,-17,-13,-11,-54,-33,-58,31,-65,17,-17,18,5,28,-21,-29,-14,-8,-35,32,-1,66,23,-2,36,46,62,65,22,111,-13,89,9,26,-41,22,14,14,45,55,-7,29,7,13,-47,26,10,50,37,35,-18,25,-27,8,0,10,-18,19,0,20,-27,-11,-36,45,-23,47,-5,9,-31,-18,-26,-6,-27,47,-24,-3,-32,17,-20,22,3,9,31,-4,22,22,9,11,-35,3,20,27,-11,26,5,48,-24,52,26,52,-26,62,-15,151,-53,12,5,12,-5,62,-57,26,-71,89,-134,60,-50,31,-53,128,-44,56,-47,57,-3,65,-65,53,-36,56,-29,32,9,66,-51,42,-44,134,-37,5,-13,29,-27,45,-23,4,-13,15,-5,15,-18,7,-75,56,-251,-26,-68,-51,-30,-29,-59,-36,-24,-53,-74,86,-14,79,-1,4,-9,25,0,28,-50,110,-18,94,-35,30,-50,71,-63,136,45,53,3,31,12,43,3,21,-36,-6,-13,30,-7,10,-10,5,-27,10,-9,74,0,43,36,66,-4,13,-33,60,-22,-5,-14,-34,-22,5,-27,-13,-23,80,-41,36,14,54,-9,30,-19,1,-37,64,-35,3,-23,37,13,33,33,119,83,26,76,43,17,37,39,39,-3,27,23,139,-3,0,-9,10,-1,30,-43,93,-60,27,-2,-31,89,-13,168,-4,252,14,86,-6,60,-40,73,-46,53,-24,39,-27,66,14,59,33,10,33,96,0,86,109,10,26,30,20,0,-20,79,30,66,-7,76,30,60,135,-8,140,-54,57,3,91,38,24,21,-19,0,32,37,57,-18,3,35,-24,21,8,53,-12,14,19,20,14,-2,39,44,37,97,-53,1,-28,24,12,48,3,51,-9,24,0,44,32,18,9,72,141,137,9,48,18,12,19,33,-5,2,0,23,15,4,-5,23,-15,0,-5,-9,-25,0,-10,18,-24,9,0,36,-15,9,-5,-22,-15,-14,-34,1,-5,18,5,22,-23,-7,-17,9,6,48,-5,14,-25,4,-10,32,-49,15,0,27,18,12,3,36,18,26,-18,33,39,45,21,12,6,-18,18,0,9,24,40,0,0,22,-28,29,0,21,39,33,0,12,30,21,-5,46,-37,26,-6,18,58,11,-5,18,-35,1,-15,18,24,18,-9,33,-54,107,0,24,51,65,-15,23,-24,8,-9,36,19,26,-30,2,-22,20,27,30,39,36,45,-9,3,-19,22,0,22,-18,37,10,26,-21,9,-38,-14,-36,23,-36,15,16,22,6,3,-28,45,5,0,-14,-15,-4,53,6,-3,63,54,-21,19,-62,4,-43,37,24,30,-6,-22,-57,15,27,20,0,3,-28,35,19,56,-37,25,-4,5,-48,21,2,-2,36,10,-9,5,-45,-18,-11,2,-18,25,-21,40,-9,5,-18,18,0,0,-19,-11,-21,35,3,-3,-17,39,0,7,-42,48,-20,31,-49,43,-12,20,5,-10,22,1,42,18,-3,20,-21,-6,-46,-25,-32,35,-11,14,-30,0,-33,38,-14,26,43,66,15,51,48,72,21,86,60,57,-39,15,39,45,-9,33,15,15,-18,105,-18,48,42,57,-18,50,21,-1,-54,25,-18,78,6,36,-21,49,-13,1,36,40,58,20,5,15,22,0,17,25,1,33,87,63,48,83,89,9,72,-21,69,-17,105,121,33,50,63,-27,90,-27,64,9,54,86,63,31,94,-49,18,-54,90,-14,113,9,95,56,72,2933,-760,-88,167,-50,331,19,684,-56,362,40,89,180,54,159,112,166,231,229,450,240,790,226,240,367,-175,115,-164,70,-141,101,-80,210,20,209,109,455,538,161,102,411,188,114,106,177,424,131,218,143,98,184,30,37,73,-19,142,18,381,-31,97,-42,88,-52,263,3,67,48,68,184,154,112,124,52,156,-10,488,17,125,101,16,822,-265,148,-74,294,-268,128,-20,227,71,205,95,145,108,101,150,126,440,54,125,380,428,31,81,4,124,20,116,60,66,76,53,70,75,133,344,87,167,132,111,236,249,114,74,173,7,39,-16,-203,409,-382,650,-428,625,-472,599,-514,570,-554,538,-591,504,-626,467,-659,429,-688,390,-714,347,-738,304,-758,260,-776,214,-789,167,-799,120,-806,72,-810,24,-810,-24,-806,-72,-799,-120,-723,-153,-3119,-13142,3157,-818,-18,-20,-145,-17,-50,25,-65,-15,-30,-31,-115,-2,-45,-18,-15,-14,-119,-38,-11,-126,-28,-32,-19,-2,-17,-27,-116,3,0,-42,-9,-23,-14,0,0,9,-89,9,-30,0,-19,-9,-20,14,-67,12,-38,-71,-49,8,-20,44,18,72,-42,-1,-38,66,-51,-39,-10,14,10,20,-56,-32,20,62,-18,37,-30,-47,2,17,-21,-17,-23,9,19,36,7,59,-14,0,0,9,-29,14,-76,8,-23,-10,-30,-76,20,-47,-1,-48,-37,-40,-3,-40,-33,-9,-151,-229,-20,9,-37,-3,-46,18,-31,-19,-104,5,-20,31,-14,5,-15,18,-10,31,-64,1,-20,-9,-84,0,-5,9,-10,0,-10,23,-60,22,-24,18,-5,14,-10,0,-5,14,-15,9,-5,13,-24,23,-30,13,0,9,-55,32,-64,-4,-45,-27,-5,-14,-24,-18,-25,-4,-20,-14,-78,10,-25,-69,-46,-38,-35,-105,-20,-14,-10,-45,-15,-14,-10,0,-20,-25,-11,-50,-37,-41,0,-20,-29,-67,-26,-36,4,-128,27,-29,52,-19,24,-27,29,-5,-32,-68,54,-57,0,-95,8,-32,-14,-33,-5,-56,-51,-98,-9,-38,-21,-40,-43,-43,-79,-146,-124,-103,-51,-7,-14,21,-30,0,-24,-30,16,-38,3,-49,-27,-21,-19,-27,38,-57,-44,-27,0,-30,-21,-22,-6,-43,-21,-16,5,-80,-50,-45,-28,36,-27,-8,-3,-27,-56,-49,-39,-4,-2,-16,-48,-36,-46,-14,6,23,-24,-4,-27,15,-34,-11,-53,3,-36,42,-23,5,-34,-37,-38,-26,-13,-31,-13,-13,-15,3,-21,47,-23,-1,-24,-26,-30,-6,-31,15,-54,-2,0,-15]]]
1327659	r	94.1801,20.5267,95.3405,21.3861	[[[941801,209000,14,-394,41,-392,68,-388,95,-384,122,-376,148,-369,172,-359,77,-135,5012,506,-57,-30,93,-49,70,-52,144,-125,68,-71,116,-293,83,-247,38,-75,-10,-234,-19,-106,-30,-65,-49,-68,75,-17,43,-3,24,14,148,6,5,-14,72,-13,126,13,125,47,117,20,156,58,83,37,69,52,52,76,111,96,39,2,87,-22,67,-40,60,71,152,126,8,84,19,66,-7,61,-52,138,-13,62,1,33,49,38,2,16,33,17,81,-26,68,9,9,9,101,1,29,-18,10,0,19,-36,23,-4,-6,31,4,50,-31,55,-29,33,-8,51,17,41,6,55,18,49,45,44,172,-37,3,119,-41,60,-3,93,-26,-4,-19,64,0,9,3275,331,40,1852,-3648,1916,-527,277,-4796,2519,-129,-87,-324,-249,-305,-270,-287,-287,-265,-304,-244,-321,-221,-334,-198,-347,-172,-359,-148,-369,-122,-376,-95,-384,-68,-388,-41,-392,-14,-394]]]
1308937	r	95.9461,22.4627,97.0974,23.4647	[[[959461,230718,2814,-5788,6012,-303,76,44,313,208,297,226,281,243,262,261,244,275,224,290,203,302,181,315,159,325,135,333,112,341,87,347,63,352,38,355,12,356,-12,356,-38,355,-63,352,-87,347,-112,341,-135,333,-159,325,-181,315,-203,302,-224,290,-244,275,-262,261,-281,243,-297,226,-313,208,-326,188,-339,168,-350,147,-360,126,-368,103,-374,81,-379,58,-383,35,-384,12,-384,-12,-383,-35,-379,-58,-374,-81,-368,-103,-360,-126,-350,-147,-339,-168,-326,-188,-313,-208,-297,-226,-281,-243,-262,-261,-244,-275,-224,-290,-203,-302,-181,-315,-159,-325,-135,-333,-77,-233]]]
1303406	r	96.2136,17.5204,97.2271,18.4357	[[[962136,179705,22,0,14,9,5,-9,52,4,10,-13,47,0,38,-36,0,-9,9,0,14,-36,56,-4,12,-46,23,-12,13,-33,47,-9,19,9,5,23,19,-9,24,-32,52,-4,28,-9,9,-28,43,14,9,32,29,-5,9,-13,14,0,0,9,19,-5,0,-63,23,-6,34,-27,20,-35,93,77,-16,49,104,0,188,-13,65,-46,-6,-80,-32,-19,-17,-44,2,-12,33,-17,-2,-44,-18,-27,34,-95,-33,-55,-47,-57,24,-5,9,-13,33,-9,5,-14,24,-5,9,-13,24,4,5,14,10,3,31,-31,-4,-98,15,-5,4,-9,24,-7,-37,-70,11,-21,21,3,57,-22,-5,-23,-14,-9,33,-18,81,9,95,-80,6,-40,26,-11,-10,-18,5,-23,33,-4,30,-63,-16,-34,29,-2,0,-9,33,-5,42,-63,34,-6,13,-17,29,-13,30,-4,3,-17,-17,-56,51,-43,8,-97,10,-5,28,-49,24,-14,19,-27,18,-9,4,-38,-69,-72,0,-37,32,-47,-30,-24,-40,1,-20,-5,1,-51,-23,-72,3,-74,37,-62,25,5,18,-22,-18,-72,22,-22,45,-4,47,-14,56,-31,38,-32,10,-50,-15,-9,0,-22,15,-9,23,-73,19,-13,4,-27,15,-5,14,0,9,14,5,31,24,18,14,-9,9,-31,29,-32,14,-32,2,-1,5159,-1804,173,90,281,167,270,186,257,201,242,217,227,232,210,246,194,258,175,270,156,281,137,289,117,298,97,304,75,309,54,314,32,316,11,318,-11,318,-32,316,-54,314,-75,309,-97,304,-117,298,-137,289,-156,281,-175,270,-194,258,-210,246,-227,232,-242,217,-257,201,-270,186,-281,167,-293,150,-302,131,-311,112,-317,93,-324,72,-327,52,-330,31,-332,10,-332,-10,-330,-31,-327,-52,-324,-72,-317,-93,-311,-112,-302,-131,-293,-150,-281,-167,-270,-186,-257,-201,-242,-217,-227,-232,-210,-246,-194,-258,-175,-270,-156,-281,-137,-289,-117,-298,-97,-304,-75,-309,-54,-314,-32,-316,-4,-113]]]
13589382	p	1298824
1308415	p	1308465
1296736	r	94.8162,22.1747,96.2276,23.6313	[[[948162,227067,16,-120,41,-4,27,5,37,-22,5,-23,25,-27,31,-20,83,2,20,-22,10,-39,-1,-104,29,-42,9,-36,31,-18,31,0,56,40,29,38,24,18,90,-18,142,163,47,9,34,42,9,76,47,-6,44,-37,30,-44,44,-26,7,-123,33,-22,15,-18,-15,-36,9,-34,71,-69,44,-18,26,-23,-27,-48,-5,-27,18,-38,114,-26,9,-45,-18,-47,20,-13,40,13,52,29,36,-16,10,-18,30,-18,-21,-26,-78,-2,-4,-23,55,-53,61,7,73,-3,50,-9,40,-75,49,-7,83,9,46,18,27,-53,25,-5,10,-9,85,-7,138,33,29,-23,29,9,185,-16,62,14,65,44,38,-30,54,-4,20,-13,43,-9,-5,143,40,31,22,37,24,-17,19,10,49,-4,5,-13,29,-18,144,98,121,35,117,12,36,-94,97,-31,98,-15,51,-34,18,-65,-14,-81,5,-18,78,-48,61,-16,32,-16,18,-26,-2,-91,72,-56,12,-50,100,-96,52,-63,1,-86,19,-26,20,-54,46,-69,84,-22,2,-8,65,-40,87,-67,58,-96,19,-105,130,-91,58,-4,77,-40,106,-2,52,25,108,71,56,8,14,-18,33,17,13,29,-11,53,14,29,40,20,8,-16,34,-26,38,-6,60,18,79,88,40,28,11,-21,28,-12,15,-49,24,0,4,-30,42,-10,-7,-27,-43,-12,17,-39,-9,-33,21,-30,41,2,57,17,102,2,58,-32,73,45,65,-23,56,30,37,36,30,0,-8,-50,5,-45,55,-50,14,-22,39,-23,72,-7,13,31,-22,72,7,107,71,-13,52,-17,81,16,4,-39,-26,-26,53,-19,0,-17,9,-8,-24,-19,60,-21,-6,-28,30,0,28,-14,16,-49,31,-19,102,78,66,-8,21,15,16,-11,11,10,34,-4,11,-13,54,15,34,-2,-14,-66,42,-21,15,14,-22,59,5,26,21,4,39,-20,17,-24,-26,-33,19,-42,3,-42,27,14,119,12,42,2,17,-5,-9,-34,14,-38,-19,-68,38,-50,-13,-13,5,-28,52,-32,33,0,24,-10,43,-4,33,-14,39,-51,-12,-36,-44,-34,-29,-7,-50,8,-57,66,-23,12,-35,-54,5,-142,35,-21,70,-7,54,53,22,-6,-11,-35,-114,-89,33,-34,-4,-69,29,-46,32,-29,67,-30,19,-17,-44,-35,-66,-74,-16,-54,56,-58,47,-10,52,1,64,-22,15,-14,5,-87,-29,-46,83,-119,45,-46,38,-12,79,-5,49,5,23,-37,-23,-56,-57,-52,-55,-9,-84,-70,2,-49,40,-16,173,75,72,-49,36,-52,50,-106,-2,-26,-16,-26,-35,-19,-45,-7,-28,6,-71,43,-34,-1,-11,-23,-1,-25,31,-37,60,-36,138,-25,15,-14,-19,-39,-35,-42,-3,-50,76,-76,2,-17,-16,-11,-24,-7,-18,-5,-11,-8,-29,-21,-9,-31,10,-31,28,-17,22,-3,62,18,31,5,18,-4,19,-25,-19,-124,81,-76,50,-15,-31,10,31,41,57,53,117,-21,24,9,0,9,87,53,68,-3,-27,169,21,87,37,38,100,0,91,29,67,-5,128,-78,199,-13,21,-21,50,-99,65,-62,146,-4,29,-18,106,-58,143,-99,83,-37,150,-89,12,-63,27,-85,68,-29,295,83,189,83,29,32,276,47,136,-36,0,45,9,9,68,9,73,23,166,33,104,29,175,-2,90,-31,33,-95,55,-33,3,-7,24,-9,77,5,22,17,15,0,-50,64,-15,57,-22,415,1,77,-21,212,-53,82,68,125,94,-30,146,13,-12,66,15,153,-82,58,-46,43,1,64,-23,4,1971,1128,353,450,-2814,5788,-2719,5595,-489,-15,-744,-68,-738,-114,-728,-158,-715,-201,-700,-245,-681,-287,-526,-261,-1592,-3745,-900,-2115,548,-593,425,-460,-103,-21,-98,4,-98,25,-141,69,-80,29,-49,47,-52,13,-116,16,-36,-20,-91,-74,-132,-78,-165,-60,-136,-58,-134,-29,-29,-36,-2,-87,-36,-116,-31,-29,-152,-107,-16,-43,5,-14,20,-13,25,-54,14,-4,-4,-82,-33,-59,-10,0,-4,-13,-15,-9,-9,-46,10,-45,-9,-54,-19,-14,-14,-22]]]
1295087	n	95.7248,17.1048,96.1952,17.5333	[[[957248,173100,11,-222,34,-219,56,-215,78,-209,98,-201,119,-190,138,-178,155,-165,171,-149,185,-132,198,-114,127,-58,41,24,2042,1155,1243,703,8,170,-11,222,-34,219,-56,215,-78,209,-98,201,-119,190,-138,178,-155,165,-171,149,-185,132,-198,114,-209,95,-217,75,-224,54,-109,15,-2347,-1043,-78,-124,-98,-201,-78,-209,-56,-215,-34,-219,-11,-222]]]
1315056	n	96.9546,24.4463,97.4371,24.886	[[[969546,245915,71,-180,104,-201,124,-190,145,-178,163,-165,179,-149,195,-132,208,-114,219,-95,146,-48,2025,176,148,81,195,132,179,149,163,165,145,178,124,190,104,201,82,209,59,215,35,219,12,222,-12,222,-35,219,-59,215,-82,209,-104,201,-124,190,-145,178,-163,165,-179,149,-195,132,-18,10,-14,-36,-57,39,-86,-60,-72,-21,-51,-48,-66,-15,-26,-43,-38,14,0,33,-14,30,-35,11,25,32,6,46,-20,21,-18,3,-1,-42,10,-22,-20,-5,-43,12,-31,49,-48,20,-7,42,-39,0,3,17,-35,-3,11,21,0,19,-18,0,-5,18,-40,9,-25,21,-2,18,18,11,-5,45,-10,9,2,-36,-21,-2,-5,48,-25,4,-56,37,-35,-19,-3,28,-20,0,-15,-27,21,55,-34,4,-32,-20,-3,25,-134,18,-225,10,-44,-56,0,-24,54,-107,9,-33,-24,-18,15,-18,35,-1,5,-18,-58,-11,6,-18,37,-26,5,-46,-30,-21,0,-12,-39,-33,0,-21,28,-29,0,-22,-40,0,-9,-24,-18,0,-6,18,-21,-12,-39,-45,18,-33,-18,-26,-3,-36,-18,-12,0,-27,49,-15,10,-32,25,-4,5,-14,-6,-48,17,-9,23,7,-5,-22,5,-18,34,-1,15,14,5,22,15,-9,0,-36,24,-9,10,-18,25,0,5,9,15,0,5,-23,-15,-4,0,-23,5,-2,-19,-33,-18,-12,-9,-48,-141,-137,-9,-72,-32,-18,0,-44,9,-24,-3,-51,-12,-48,28,-24,53,-1,-37,-97,-39,-44,-14,2,-19,-20,12,-14,-8,-53,24,-21,-3,-35,-57,18,-32,-37,19,0,-24,-21,-91,-38,-57,-3,-140,54,-135,8,-30,-60,7,-76,-30,-66,20,-79,-20,0,-26,-30,-109,-10,0,-86,-33,-96,-33,-10,-14,-59,27,-66,24,-39,46,-53,40,-73,6,-60,-14,-86,4,-252,13,-168,31,-89,-27,2,-93,60,-30,43,-10,1,0,9,-139,3,-27,-23,-39,3,-37,-39,-43,-17,-26,-76,-119,-83,-33,-33,-37,-13,-3,23,-64,35,-1,37,-30,19,-54,9,-36,-14,-80,41,13,23,-5,27,34,22,5,14,-60,22,-13,33,-66,4,-43,-36,-74,0,-10,9,-5,27,-10,10,-30,7,6,13,-21,36,-43,-3,-31,-12,-53,-3,-136,-45,-71,63,-30,50,-66,24]]]
1298482	p	1311874
1292443	p	1298824
1326703	n	95.3657,16.3499,95.7755,16.7461	[[[953658,165200,5,-117,2050,-1584,2042,3110,-66,123,-1,1,-37,71,-165,144,-185,132,-197,114,-208,95,-216,75,-223,54,-227,32,-230,11,-230,-11,-227,-32,-223,-54,-216,-75,-208,-95,-197,-114,-185,-132,-164,-144,4,-20,-19,5,-146,-155,-118,-153,71,-339,1,-145,-14,-86,-15,-14,-77,-27,-193,-37,-91,-53,-18,-15,-27,-104,26,-37,2,-66,-59,-86,-8,-50,-11,-222]]]
1294041	r	95.1889,19.5563,95.8342,20.5318	[[[951889,197799,4878,-2236,364,720,-4,3,2,17,36,71,17,74,26,-18,50,53,58,-29,53,38,21,47,47,47,29,12,9,133,24,53,18,19,24,17,27,-18,27,0,25,-9,29,7,17,-6,7,24,-34,49,61,88,-9,56,7,44,55,36,3,56,47,42,3,41,-27,38,3,30,-42,35,-17,89,-46,15,-27,-5,-7,28,-7,10,-15,42,15,72,35,10,52,-1,30,101,-16,24,134,61,-3,77,-24,63,71,61,-26,35,14,62,0,33,72,81,22,-4,69,-54,38,30,71,3,3,100,41,115,-19,52,-34,11,-35,42,-33,14,-21,32,4,35,-28,15,20,26,16,6,9,22,-13,27,25,80,-5,40,-35,65,-2,38,-19,13,-16,48,-40,63,-32,22,-35,3,-50,51,9,32,-1,40,17,32,18,65,-6,59,50,75,3,29,-12,62,-72,51,1,120,-37,13,-29,-5,-42,38,-70,47,-35,55,-3,26,64,31,40,64,105,127,-9,41,-33,27,20,24,35,4,9,38,18,8,23,48,-12,23,-34,14,9,22,-37,94,-49,16,-13,38,-34,45,45,0,-16,68,76,12,22,52,18,-17,121,16,17,28,-4,45,6,30,-30,33,-6,80,-22,36,39,31,-1,18,-21,10,23,37,41,39,7,26,46,12,17,17,22,3,0,30,20,15,22,39,22,10,-3,41,21,12,12,37,22,0,43,38,14,68,0,85,-67,43,-46,17,-144,92,-75,36,-11,12,-23,4,-25,56,-51,64,25,62,-15,44,4,134,-25,21,12,19,-7,15,-44,42,3,35,-13,51,-47,81,-84,10,-10,18,-8,53,34,62,-40,18,12,52,-32,87,39,79,-58,47,-60,18,-4,19,-12,14,-25,3,-40,-16,-89,32,26,45,-9,40,-44,39,42,89,-26,17,-12,58,11,21,-34,35,-20,50,-10,60,-11,18,-28,14,37,36,-9,55,-45,24,7,14,-13,71,-40,38,95,30,66,-6,-887,1109,-2202,697,-1157,-1553,-222,-873,11,-3,28,-13,-3,-86,-39,9,-21,-4,-499,-1963,54,-8,34,-45,46,7,100,1,-46,-64,-74,-73,-52,-67,-6,-53,61,-103,74,-67,126,-15,52,27,76,-30,41,-38,-14,-167,9,-41,49,-32,126,-10,33,4,49,76,14,11,26,-1,49,-18,24,-49,34,18,33,-4,5,-54,20,-14,33,1,2,31,41,-15,53,-56,33,-9,10,-14,17,-3,120,-115,17,-43,15,-3,57,-124,12,-49,18,-19,22,-13,51,-31,66,-40,24,-4,10,-23,23,-9,-4,-27,50,-51,8,4,45,-7,30,-27,7,2,22,-24,8,-44,-4,-35,-131,-55,-129,-30,-443,-261,-177,-154,-98,-61,-145,-85,-30,0,-24,-23,-96,-32,-2,-96,11,-53,41,-109,39,-78,61,-103,33,-39,-21,1,-202,-62,-214,-102,-542,-85,-179,-50]]]
1295395	p	1298824
1328121	n	95.166,16.0639,95.6295,16.5127	[[[951660,162900,12,-222,33,-219,56,-215,77,-209,99,-201,118,-190,136,-178,155,-165,170,-149,184,-132,197,-114,208,-95,216,-75,86,-20,-89,195,-43,163,28,125,79,100,97,89,76,96,61,0,-50,-193,-70,-122,-41,-119,31,-187,88,-185,197,-28,229,-11,229,11,227,32,223,54,216,75,208,95,197,114,184,132,170,149,155,165,136,178,118,190,99,201,77,209,56,215,0,5,-582,1035,-2050,1584,-56,44,-63,-9,-223,-54,-216,-75,-208,-95,-197,-114,-184,-132,-170,-149,-155,-165,-136,-178,-118,-190,-37,-73,18,-23,10,-34,-10,-30,-36,-10,-29,-2,-15,-29,-77,-209,-56,-215,-33,-219,-12,-222]]]
1325814	r	94.4293,17.1609,95.0484,18.1397	[[[944293,180009,4,-26,24,-40,8,-26,18,-16,42,-92,4,-12,-10,-26,10,-20,170,-268,42,-90,34,-50,140,-260,26,-66,8,-58,-20,-38,-26,-28,12,-18,14,-46,-10,-12,22,-24,32,-60,26,-140,-15,-38,-65,-68,14,-36,16,-8,38,-50,12,-42,27,-53,11,-62,-6,-40,-11,-19,-25,-2,-31,-29,-34,-110,3,-27,-44,-28,35,-7,35,7,8,-16,-28,-8,5,-9,-5,-14,26,-16,14,-31,-6,-16,-27,36,-31,2,0,-56,12,-13,10,-33,58,-9,11,-19,2,-19,43,-4,32,19,27,-89,73,-25,66,-42,38,20,24,-18,58,-58,80,-62,26,-50,8,-34,24,-34,30,-12,24,-24,-20,-22,-8,-74,-18,-18,-12,10,-8,-6,-26,-40,26,-46,-4,-18,-22,-16,-16,8,-8,-4,-34,-54,18,-24,66,-30,12,-20,0,-50,-32,-50,12,-42,20,-26,-12,-28,16,-10,22,6,20,-6,30,-36,16,8,12,-4,30,-30,20,-62,-8,-12,26,-72,14,-114,-13,-47,7,-34,-9,-34,5,-25,20,14,12,28,18,16,8,42,24,68,22,16,48,-52,-6,-36,-15,-35,18,-11,9,22,33,24,2,-3,9,-10,-16,-29,42,-40,42,-88,26,-22,-18,-28,-16,-92,-39,-96,-49,-56,-46,-26,1,-16,25,-12,16,2,22,-12,12,-24,12,-2,42,-66,20,-18,54,18,22,-4,24,-22,8,-20,-4,-22,-23,-56,-17,-25,-120,110,-80,29,-6,14,10,16,-38,62,-8,34,-46,22,-34,36,-38,-74,-20,-12,-12,-30,-26,-26,-38,-62,10,-8,-6,-4,-32,-142,-18,-16,-20,-54,4,-22,34,-32,32,-68,92,-132,42,-100,4,-26,-8,-34,30,-50,25,-116,-17,-16,4,-8,-8,-22,-18,-16,-12,-54,38,-80,-16,-16,56,-36,12,-64,-4,-61,49,-99,19,23,29,-4,12,-18,30,-6,19,-16,2,-30,100,-35,37,-47,88,-3,14,-27,49,-46,49,-93,27,-74,23,-21,11,-41,3,-91,11,-26,21,-5,11,47,23,11,14,-5,40,20,27,63,7,42,49,-2,25,-13,28,2,5,-14,19,-13,14,-23,15,-45,108,-17,1,-126,10,-5,14,-27,0,-18,9,0,5,-18,15,-9,33,-67,66,-4,24,-18,42,-8,56,9,57,1,29,-41,-28,-37,2,-35,33,-46,52,-106,-1,-5,-19,-1,1,-13,23,-4,14,-23,24,-4,9,-9,22,17,58,-12,17,-18,64,21,23,16,-5,57,10,29,-2,63,9,44,20,33,27,0,41,-8,22,-40,24,-3,3,-11,9,0,0,-9,21,-3,5,-32,-13,-40,21,-39,40,-3,54,-22,17,0,18,-49,27,-36,175,-1,30,-25,21,1,9,-12,25,-3,82,54,12,-15,13,-31,28,-24,29,-50,19,0,0,-12,15,-5,5,-9,-14,-13,5,-27,34,-3,0,-25,31,-3,-18,-10,-7,-21,9,-12,19,-6,3,-10,18,-1,-10,-19,19,-43,39,-13,5,-23,38,0,20,-102,28,-15,37,1,5,-18,24,24,28,-24,28,0,9,-21,3,-34,45,12,0,-15,14,5,11,-10,17,10,-13,27,28,11,54,0,7,-19,50,7,11,-23,27,0,12,-38,32,0,23,13,10,-6,0,-48,38,-8,37,15,71,-8,6,31,19,13,49,-15,31,-1,37,40,34,-12,10,-15,11,4,0,-13,9,0,5,-27,47,-4,-22,88,0,69,21,39,68,29,92,-41,54,-5,32,-30,0,-6,-22,-16,-51,-69,-3,-33,41,-18,24,-65,22,12,72,-41,81,-23,64,2,143,17,16,42,-37,67,23,33,-13,41,11,59,32,19,123,18,45,20,86,-39,14,-35,37,-17,45,-41,5,-36,-39,-61,-2,-39,-23,-56,4,-37,35,-30,-23,-81,343,57,-678,8837,-1116,-240,-11,-31,-24,-29,31,-97,41,5,26,-21,27,-30,12,-65,20,-23,-31,-108,0,-18,-23,-50,-27,-35,-15,-51,-9,-9,-66,-1,-33,-27,-9,0,-5,-14,-70,-3,43,-47,-12,-66,7,-33,-5,-27,-29,-20,-131,0,-35,-26,6,-105,-20,-27,3,-47,-22,-3,-38,-41,-14,-5,-50,6,0,-25,-55,-78,0,-41,22,-49,-8,-35,18,0,-56,-54,-15,-5,-4,-14,-52,-45,-4,-14,-24,-23,-18,-58,-19,-28,-18,-4,-5,-10,-33,-13,-28,-1,-46,-17,-69,-15,-126,71,-61,-10,-41,-15,-79,18,-74,-30,-163,-44,44,-37,-59,6,-58,-21,-6,86,-36,115,-43,56,-21,87,-39,75,-56,-12,-36,55,-82,16,-104,-37,-24,8,-19,18,-5,14,-14,9,-5,13,-14,9,-5,14,-14,9,-24,35,-76,27,-62,40,-48,85,-56,-18,-19,-19,-5,-13,-28,-28,-32,-18,-5,-14,-14,-9,-109,-1,-47,54,-6,50,-19,72,-10,0,0,13,-38,36,-5,13,-14,5,-62,85,-24,18,-5,13,-43,31,-5,14,-38,31,-5,14,-24,18,-4,13,-29,22,-5,14,-14,4,0,23,-25,58,-10,113,-15,13,-14,5,-24,22,-75,-1,-75,-23,-10,-9,-28,-5,-48,22,-4,9,-81,8,-19,41,-6,144,-34,68,-19,18,-48,26,-5,9,-85,26,-28,18,-58,40,-24,36,-14,4,-5,14,-14,4,-19,32,-33,13,-15,13,-33,9,-61,4,-33,-32,-51,-95,-19,-19,-23,-4,-9,-10,-53,18,-28,18,-5,13,-46,37,-6,21,27,43,1,21,-27,1,-43,-39,-33,-3,-7,13,9,19,14,14,46,15,-4,20,-21,10,-66,3,-13,-63,-28,14,-8,-14,78,-140,50,-68,16,-42,18,-16,70,-124,18,-18,54,-116,42,-142,24,-158,4,-58,-16,-142,4,-34,12,-16,-38,-34,-36,-70,-38,-35,-36,-4,-33,-15,-18,-32,-109,-45,-27,-57,-7,9,2,22,-44,39,-52,-14,-56,14,-32,-28]],[[944643,171889,4,-56,58,-24,16,8,16,-8,10,8,32,-24,2,-34,28,0,-8,34,20,24,-174,76,-4,-4]],[[944889,171757,19,-12,2,-16,-13,-29,0,-32,28,-39,39,-19,53,11,13,13,-1,49,24,32,-154,67,-10,-25]],[[945083,171702,10,-27,-10,-24,3,-42,80,13,-19,37,-18,16,-4,22,-16,-7,-26,12]],[[945460,173140,41,8,26,-10,16,17,24,4,61,-10,-35,14,-131,33,-2,-56]],[[945680,173129,24,-38,-9,-37,30,-12,9,-35,-5,-56,14,-8,8,4,-8,20,8,20,58,26,16,24,12,1,-112,73,-45,18]],[[945884,173151,29,-110,30,-4,50,18,20,28,74,42,14,-8,-22,-24,-12,-42,12,-42,38,-16,72,16,86,-22,18,-20,-14,-92,-12,-36,12,-30,22,-22,8,-4,16,10,18,-10,8,4,-22,22,-16,-8,-12,4,-18,38,14,32,20,95,-24,32,-19,15,-99,16,-42,-4,-24,22,24,62,-12,30,-12,12,-16,4,-18,-4,-16,-18,-92,-24,-16,-12,-40,31,-9,22,-18,-3]]]
1323815	n	96.061,25.3839,96.559,25.8361	[[[960610,256100,12,-222,35,-219,60,-215,82,-209,105,-201,125,-190,146,-178,164,-165,181,-149,196,-132,210,-114,221,-95,230,-75,237,-54,242,-32,244,-11,244,11,242,32,237,54,230,75,221,95,210,114,196,132,181,149,164,165,146,178,125,190,105,201,82,209,60,215,35,219,12,222,-12,222,-35,219,-60,215,-82,209,-105,201,-125,190,-146,178,-164,165,-181,149,-196,132,-210,114,-221,95,-230,75,-237,54,-242,32,-244,11,-244,-11,-242,-32,-237,-54,-230,-75,-221,-95,-210,-114,-196,-132,-181,-149,-164,-165,-146,-178,-125,-190,-105,-201,-82,-209,-60,-215,-35,-219,-12,-222]]]
1285899	r	95.6512,20.0839,96.6037,20.7742	[[[956512,204621,887,-1109,-66,6,-95,-30,40,-38,13,-71,-7,-14,45,-24,9,-55,-37,-36,28,-14,11,-18,10,-60,20,-50,203,-29,44,-12,70,-53,85,-29,62,-44,85,-20,64,29,50,56,82,52,42,23,35,0,19,-14,5,-13,-20,1,-5,-40,11,-10,1,21,16,10,47,-28,19,7,7,-12,25,-5,-28,-37,37,-58,22,0,-2,-16,23,1,-13,-95,13,-18,36,-18,29,-68,10,-11,20,4,29,-11,52,-41,23,-58,-2,-25,11,-21,11,-10,27,1,12,-15,-3,-41,-17,-83,27,-3,-3,-22,15,-11,29,19,14,-16,34,25,37,-13,16,6,18,-12,15,-1,9,22,14,1,9,-14,-5,-23,37,-6,70,-41,19,-40,-8,-18,28,-17,8,6,45,6,8,21,20,-3,41,16,-5,18,12,0,11,-10,6,17,29,-31,3,29,9,0,38,-61,-18,-18,-7,-30,48,-9,3,27,67,-6,22,-43,119,-14,23,57,-27,47,21,52,-70,65,16,32,115,14,32,41,-21,38,-47,53,-3,42,6,6,-14,23,14,5,17,-6,18,-23,36,32,-6,117,73,47,47,41,158,91,3,79,97,-9,35,15,38,27,32,-119,25,-34,212,-8,52,48,41,-32,52,24,48,0,36,-32,24,-59,52,43,48,-28,30,19,75,65,36,-60,-16,-68,37,-40,16,38,41,16,62,49,11,35,70,-7,25,8,105,-60,91,-3,63,9,50,-9,146,-66,73,-17,143,-64,98,-159,56,13,18,108,34,66,47,159,43,55,56,26,-1,28,16,13,10,28,17,17,21,5,26,-9,36,7,25,26,39,21,23,-7,71,28,14,-10,30,-6,30,9,21,-2,2,-8,23,2,13,-3,-1,-6,4,17,13,3,11,18,20,11,11,-7,19,7,26,0,22,-24,39,-6,37,3,20,11,30,80,43,14,60,75,118,38,47,6,96,-21,-29,-53,35,-78,136,-12,145,0,78,-47,70,-27,67,0,55,-8,62,-39,43,-62,62,-63,86,-62,102,-59,98,0,62,-55,10,-31,-5,-6,0,-49,19,-44,35,-7,8,-15,70,-59,82,-57,20,9,47,-19,62,-116,113,-72,3,-34,57,3,48,-25,71,-7,-3,-25,-42,-31,19,-23,38,16,9,-28,58,18,31,-23,-16,-42,9,-28,60,31,45,9,-4,-40,67,-98,-27,-27,-11,-28,-37,-33,-85,-44,-3,-29,12,-38,-1,-47,-10,-26,-28,-32,-38,-18,-107,-79,-53,-11,-56,22,-26,-7,-23,-20,-61,-36,-41,-74,-30,-19,-14,-21,27,-133,39,-23,18,-21,29,-65,38,-145,-7,-33,-25,-51,78,-12,32,-24,1399,-18,-699,1243,49,58,45,37,36,42,-36,34,-18,31,1,25,-18,48,-50,94,-19,83,5,20,-13,29,-63,84,-41,19,-4,17,9,18,35,30,14,28,-110,75,5,43,-10,33,-42,39,-26,59,-27,37,-95,89,-18,41,-4,85,26,60,24,21,10,19,-19,3,-24,-12,-17,6,34,37,1,16,-35,52,-8,61,-18,20,-38,17,-33,24,-35,45,-39,21,-26,26,-12,53,6,65,-43,94,-10,41,0,75,-19,70,2,58,-48,69,-9,46,19,37,22,6,50,-6,8,19,-22,35,-21,103,-24,48,42,67,22,85,26,45,28,43,37,26,95,1,56,19,1,4,13,74,-18,35,-43,41,-18,48,1,1,-1,1,18,54,20,30,76,20,-23,108,-2,144,-31,72,-55,85,-34,67,-11,63,2,85,-16,77,-35,85,-21,34,-23,15,-22,0,-55,-18,-36,-33,-26,-8,-34,-1,-37,12,-52,30,-52,-37,-39,-19,-59,20,-16,-2,-12,-13,-18,6,-16,-53,-31,-14,0,-34,-11,-18,-6,-37,-12,-22,-24,-15,-11,-46,-26,-48,8,-24,0,-36,9,-12,-5,-107,-10,-16,-33,-24,-117,34,-76,8,-12,17,-150,-3,-19,5,-38,26,-41,-6,-14,-15,-27,-12,-56,21,-63,77,-56,17,-22,15,-40,-15,-1239,2204,-5643,-3121]]]
1296645	n	96.5437,24.0039,97.0152,24.4561	[[[965437,242300,12,-222,36,-219,58,-215,82,-209,103,-201,124,-190,144,-178,163,-165,179,-149,194,-132,207,-114,219,-95,227,-75,235,-54,239,-32,241,-11,241,11,239,32,235,54,227,75,219,95,207,114,194,132,179,149,163,165,144,178,124,190,80,155,-1,8,0,1,-103,2004,-100,154,-144,178,-163,165,-179,149,-194,132,-207,114,-219,95,-227,75,-235,54,-239,32,-241,11,-241,-11,-239,-32,-235,-54,-227,-75,-219,-95,-207,-114,-194,-132,-179,-149,-163,-165,-144,-178,-124,-190,-103,-201,-82,-209,-58,-215,-36,-219,-12,-222]]]
1308078	r	94.3496,15.8467,95.4826,17.0947	[[[943496,160365,19,-18,91,146,151,68,196,27,-1,2,-17,3,-2,10,-28,7,-16,-10,-88,-11,-23,10,0,-12,-102,-31,-33,-18,-68,-54,-58,-83,-21,-36]],[[944048,160105,45,-3,229,56,82,38,44,-2,70,85,72,37,10,25,126,150,-196,-152,-358,-154,-124,-80]],[[944205,160705,76,37,39,45,-34,-9,-81,-73]],[[944346,160816,210,240,271,443,-280,-344,-64,-103,-13,7,-6,-9,15,-3,-60,-86,-64,-118,-9,-27]],[[944711,162930,26,-44,56,-31,53,-9,151,-135,51,-18,53,-6,28,-32,52,-150,-3,-50,-72,-59,-47,-49,7,-41,23,-39,81,-45,3,17,3,45,-59,31,-4,26,70,51,5,82,-13,165,-22,56,11,81,-8,97,32,47,-18,-7,-36,26,-58,15,-166,-62,-86,-1,-65,17,-14,37,-34,-15],[944874,162880,82,10,115,43,28,1,31,-10,6,-17,-17,-65,-14,-103,-90,6,-82,62,-30,46,-29,27]],[[945021,159811,357,114,-53,1,-87,-13,-106,-31,-111,-71]],[[945232,162951,34,-7,7,29,36,25,78,16,81,33,-9,31,-32,-17,-58,-1,-107,-46,-24,-56,-6,-7]],[[945623,159619,43,-264,233,-39,249,121,566,529,178,107,161,134,127,240,74,192,268,435,138,321,92,121,185,104,-10,-141,-75,-83,-86,-47,-39,-39,-7,-200,-22,-87,-39,-91,-78,-98,-91,-77,-73,-84,-94,-499,-292,-350,-376,-245,-368,-187,-274,-180,89,-162,122,-135,104,-18,27,184,90,-210,44,-185,98,-141,251,-78,201,18,173,82,140,117,102,124,288,625,127,188,416,266,399,549,-7,17,-37,43,-19,60,-22,98,-93,204,-22,107,11,433,52,204,110,87,27,50,247,319,94,38,222,-8,182,76,241,40,49,61,29,50,132,129,44,64,-56,-186,-117,-179,-159,-134,-183,-54,-236,-31,-172,-86,-130,-130,-187,-288,-53,-142,4,-154,167,-324,18,-177,1686,2322,0,-1,14,-13,47,-9,10,-9,-14,-41,-46,-45,23,-41,78,-74,75,104,29,26,141,84,55,63,28,56,38,51,-2,17,-46,69,10,14,33,24,21,-27,51,5,15,-10,17,1,21,7,45,53,-2,96,49,137,39,32,137,91,-4,98,-13,71,23,33,42,36,161,19,107,5,64,-21,78,-52,52,2,36,10,10,30,-10,34,-54,67,-13,37,-93,73,-53,66,-22,71,59,19,131,-3,52,14,32,18,42,41,14,4,5,14,23,9,28,32,33,9,74,73,0,36,-24,9,-14,13,-84,0,-47,-27,-56,-5,-19,9,-14,22,-5,59,14,27,1,21,17,11,18,51,-17,58,12,10,25,-9,6,5,7,26,-4,40,-30,73,2,23,56,87,40,34,4,14,66,14,79,27,0,9,28,0,33,19,23,4,5,9,56,28,5,9,23,9,33,36,55,88,41,35,25,5,37,-14,33,-22,42,0,19,18,14,5,9,13,94,19,23,18,19,28,32,18,70,0,1,-68,9,-18,14,-4,15,-18,65,-4,38,14,4,9,14,4,37,41,43,5,9,-14,0,-36,-70,-18,-4,-9,-24,-14,0,-32,19,-13,84,14,14,9,51,8,75,29,34,32,23,62,31,28,66,10,33,-23,66,1,66,49,95,138,-2,66,-41,58,6,42,17,26,37,30,91,53,193,37,77,27,15,14,14,86,-1,145,-90,427,-20,160,41,50,61,31,93,1,10,-9,70,-4,47,-14,-56,236,-31,74,-4,66,23,73,98,31,68,86,86,7,188,-28,100,36,-64,132,-50,155,-67,352,-86,25,-35,-17,-139,27,-190,-9,-93,-53,0,-112,-9,-115,-60,-64,-59,4,-50,55,-29,2,-59,-111,-47,13,-61,31,-201,-9,-70,-18,-253,-135,-71,-24,-38,24,-14,18,-9,0,-19,45,-5,77,-10,5,-23,40,-19,18,-14,5,-24,31,-10,59,-9,9,-44,3,7,56,8,13,0,45,355,2684,-702,321,-2121,-1990,-4,-1,-61,16,0,-20,-23,-28,-38,11,19,-19,3,-37,-37,-31,2,-44,-31,-25,-32,-9,12,-44,-19,-44,-22,-20,-17,-29,-22,-5,-20,10,-31,-81,0,-75,-13,-44,-26,-51,-24,-25,-14,8,-24,41,-44,21,-22,-27,-6,-62,-56,-13,-37,-29,-2,-77,-20,-57,-60,-57,9,-36,33,-48,-37,-62,-20,-73,-57,-83,-27,-3,-31,-61,-45,0,-50,-32,-9,-53,33,-26,0,-27,-26,-20,-51,-8,0,-36,18,-26,-45,-26,-2,-43,-14,-12,-35,19,-32,8,-33,-36,-70,-14,-19,-18,0,-21,14,-31,-16,-31,-51,-13,-51,-29,-72,-56,-58,-26,-19,-20,4,-31,64,-57,33,-40,-7,-39,-58,3,-14,14,-66,35,-18,0,-10,9,-42,9,-37,-14,-7,-17,3,-32,102,-74,61,-71,0,-26,-117,-177,0,-63,22,-18,-4,-58,-38,-62,-61,-39,-41,2,-40,128,-39,42,-24,36,-12,32,-20,15,-45,-11,-14,-77,32,-137,-34,-48,-60,-37,-48,-2,-116,35,-24,12,-38,51,-19,13,-34,3,-30,-18,-36,-37,-16,-38,4,-29,61,-74,50,-102,-15,-35,-61,-54,-164,-79,-113,-62,-58,-72,-26,-12,-30,14,-39,-20,-90,19,31,164,-4,42,-18,30,-33,30,-19,-7,-42,-1,-23,11,-16,44,-1,59,-10,-9,2,-70,14,-35,27,-14,36,4,27,-6,27,-27,8,-18,0,-36,-23,-79,-13,-78,-15,-25,-83,-3,-97,-23,-76,-50,-17,-23,-11,-27,0,-79,-17,-54,-26,-144,-31,-111,-20,-110,-1,-17,66,31,-5,-95,-7,-24,-46,-67,-11,-9,-81,-22,-66,-57,-11,-31,-125,-24,-60,-49,11,-51,47,-63,33,-59,44,-162,29,-156,-3,-146,-12,-66,-7,-161,5,-17,33,-36,4,-15,14,2,40,34,29,46,7,-43,-101,-106,-1,-142,26,-6,30,-23,75,-40,88,-36,-8,-12,-88,11,-99,-18,-58,-71,-196,-612,-117,-173,-84,-171,35,-167,151,-317,29,-438,-78,-441,-156,-413,-210,-353,-536,-485,-264,-343],[950534,162983,37,51,0,-44,-37,-7]],[[945796,160132,0,1,500,619,250,468,129,499,-32,301,-18,-46,-25,-80,-15,-111,-4,-90,-13,-63,-61,-193,-69,-275,-53,-107,-45,-114,-79,-119,-22,-14,-144,-154,-43,-33,-4,-16,-60,-59,-50,-104,-36,12,-77,-5,-27,-21,127,-9,5,-39,-84,-139,-50,-109]],[[945979,163145,9,-78,17,-64,62,257,4,6,2,29,29,14,80,111,66,13,-10,1,-83,-6,42,65,116,226,40,116,13,72,16,41,23,24,27,8,43,1,49,-19,98,-69,79,-45,-62,-41,-58,-73,-19,-57,-10,-60,-51,-106,-28,-86,-27,-27,-54,-18,-23,1,-47,33,-18,6,27,-80,21,7,74,-3,42,13,20,18,38,52,20,11,20,34,30,150,46,87,48,60,97,78,17,-21,0,-41,-46,-204,-14,-41,-113,-171,-32,-68,-89,-129,-53,-103,-27,-88,-33,-78,-120,-157,-178,-259,-74,-68,42,12,212,171,158,233,61,253,53,139,234,258,53,156,0,580,-34,224,-17,-79,-13,-135,-8,-144,5,-140,-13,-62,-9,-10,-20,-4,-33,7,-124,87,-56,25,-92,2,-21,-6,-34,-27,-29,-61,-35,-135,-128,-240,-39,-50,-109,-116,-2,-33,-15,-29,-29,-89,-4,-61]],[[946492,162378,16,-77,36,-57,7,-14,-4,-3,28,-13,47,-61,6,-19,2,-1,-9,86,-129,159]],[[946608,165179,8,-59,38,-84,22,-1,14,-27,28,-238,1,-95,44,-134,35,-63,-96,619,26,85,0,91,43,56,80,70,59,61,25,38,27,53,16,50,11,99,0,17,-94,-88,-13,-75,-27,-48,-78,-53,-129,-118,-18,-37,2,-11,-24,-108]]]
1320944	p	1298824
1319573	n	98.4896,9.9875,98.6599,10.2061	[[[984896,101978,9,-72,32,-114,202,-323,9,-454,62,-322,5,-99,-15,-205,10,-99,34,-79,91,-144,18,-93,78,-99,175,146,293,400,543,1129,157,230,-24,14,-202,95,-211,75,-217,54,-221,32,-224,11,-224,-11,-221,-32,-159,-40]]]
1329239	p	1292037
1309289	p	1312609
1292507	n	97.5689,15.7439,97.9636,16.1205	[[[975689,160624,70,-402,-2,-48,66,-83,274,-252,275,-347,542,-369,209,-246,-62,-274,153,-41,57,-130,-7,-654,-30,-60,-93,-84,-12,-61,39,-78,47,-52,85,-4,229,11,227,32,222,54,216,75,207,95,197,114,184,132,170,149,154,165,136,178,118,190,98,201,77,209,56,215,34,219,11,222,-11,222,-34,219,-56,215,-77,209,-98,201,-118,190,-136,178,-66,71,-2901,-89,-17,-42,-114,-149,-149,-62,-89,-16,-52,-47,-25,-74,-4,-102]]]
1327854	r	92.175,20.4671,93.3143,21.6161	[[[921750,211756,58,-177,75,-138,235,-206,66,-149,59,-154,408,-321,54,-121,105,-896,71,-158,173,-259,553,-1508,102,-456,102,-212,171,-90,103,-31,205,-141,102,-32,144,-22,60,-59,36,-87,74,-105,364,-341,130,-196,91,-463,108,-159,691,-603,1063,479,-70,636,-39,104,-281,399,-59,113,-42,62,-96,115,-166,307,-16,50,1,19,244,-164,367,-597,211,-273,159,-291,51,-338,6,-20,5650,2546,3,18,51,480,16,483,-16,483,-51,480,-83,476,-117,471,-149,462,-181,451,-211,440,-242,426,-271,410,-299,392,-326,374,-351,352,-374,330,-397,306,-417,282,-436,255,-453,227,-467,199,-481,170,-491,141,-500,109,-506,79,-496,46,74,-1206,25,-253,106,-501,359,-1014,18,-101,19,-102,-91,-162,-195,-191,-208,-126,-26,140,-29,41,-6,26,-14,5,6,42,-18,11,-8,53,16,58,-18,30,-15,57,3,24,-19,56,-22,33,-22,104,-7,10,-24,12,-16,37,0,57,19,31,-25,22,-40,99,-10,59,0,51,-24,31,-6,33,-8,10,20,71,-2,13,-33,79,-39,46,-53,-21,-14,-10,-10,-27,-48,-7,-44,-17,-33,14,-18,-2,-22,78,-17,27,-55,-8,-39,15,-10,-6,-31,3,-12,-7,-7,-19,6,-40,-18,-28,3,-20,-32,1,-17,-8,-14,7,-5,-5,-1,-28,36,-59,-10,-6,0,-32,-116,25,-283,-58,-2,22,-33,6,-4,8,-20,7,-28,1,-15,13,-12,23,-23,3,-6,-10,-48,-12,-48,-3,-57,-17,-19,0,4,-5,-10,-14,-1,-7,-151,14,-228,73,-107,55,-84,83,-70,175,-20,168,-43,163,-132,164,-320,101,-382,-428,-316,4,-166,-24,-112,-196,-135,-426,-279,-377,-54,-175,-2,-196,71,-397,-12,-195,-56,-296,-34,-157]]]
1328218	n	97.0048,24.0239,97.4763,24.4636	[[[970048,243412,103,-2014,101,-154,144,-178,162,-165,179,-149,195,-132,207,-114,218,-95,228,-75,234,-54,240,-32,241,-11,241,11,240,32,234,54,228,75,218,95,207,114,195,132,179,149,162,165,144,178,124,190,104,201,81,209,59,215,35,219,12,222,-12,222,-35,219,-59,215,-81,209,-104,201,-124,190,-144,178,-162,165,-179,149,-195,132,-207,114,-218,95,-144,47,-1999,-173,-2,0,-18,-1,-148,-82,-195,-132,-179,-149,-162,-165,-144,-178,-124,-190,-80,-154]]]
1292313	n	95.625,17.4267,96.0257,17.8761	[[[956250,174887,155,-135,186,-132,198,-114,209,-95,218,-75,224,-54,110,-15,2352,1045,76,122,99,201,78,209,56,215,34,219,12,222,-12,222,-34,219,-56,215,-78,209,-99,201,-118,190,-138,178,-156,165,-171,149,-186,132,-198,114,-209,95,-218,75,-224,54,-229,32,-231,11,-231,-11,-229,-32,-224,-54,-218,-75,-209,-95,-198,-114,-186,-132,-155,-135,0,-3226]]]
1291193	r	96.3947,16.4993,96.9106,17.0783	[[[963947,167792,25,-69,42,-55,-24,-112,-11,-16,8,-40,73,-18,-40,-66,14,-60,-7,-60,-19,-29,43,-58,11,-77,79,-37,15,-57,76,-26,18,-38,-2,-17,19,-35,-2,-26,-15,-35,59,-20,4,-26,42,-3,4,22,9,-11,-19,-42,48,-12,26,-35,24,4,24,-57,24,15,24,-15,9,-61,37,11,16,-9,0,-31,87,27,29,-62,48,-28,28,39,44,13,26,-28,15,-4,73,-94,25,66,6,48,-16,48,6,15,48,65,-9,11,-46,0,-22,14,10,9,19,4,68,-6,2,15,-28,25,-5,14,27,1,40,-11,-41,33,-35,13,-16,22,11,17,42,-11,6,-24,33,-2,158,79,61,41,44,-37,20,0,37,-13,9,-24,33,-10,26,43,96,-16,72,16,123,-75,13,9,35,-8,-4,34,65,3,33,-22,26,46,42,8,53,59,52,25,48,-38,51,-24,-22,-26,0,-22,57,-33,24,-61,0,-39,30,-18,33,11,40,-37,50,11,2,28,-35,15,2,38,22,39,57,42,35,19,107,3,51,-14,24,-30,-10,-26,5,-15,-16,-7,-32,-1,20,-52,9,-105,52,-31,66,-19,-7,-24,-20,-12,10,-6,3,-18,-31,-31,91,-43,52,7,29,17,20,-59,-16,-31,-118,11,-41,-91,-6,-52,-22,-39,-15,-7,-27,7,-30,-4,-25,-23,4,-87,-13,-29,-29,-12,-34,7,-18,-7,-19,-24,-24,-89,-26,-167,-25,-48,-54,-55,-6,-23,9,-25,94,-95,4,-3,-273,-152,-252,-121,-193,-104,-127,-58,70,-103,504,187,241,274,395,295,128,372,191,234,131,177,47,123,-34,36,403,280,171,152,178,251,-101,101,-15,86,70,63,149,23,144,347,62,225,148,230,22,154,-49,136,-97,113,-128,92,-136,69,0,74,129,-12,220,-50,129,-12,-73,80,-59,84,-44,88,-29,95,331,-76,108,63,78,447,181,310,56,136,-42,194,-172,202,-143,147,-4578,-350,-57,-66,-60,-747,11,-7,7,-68,29,-60,8,-45,31,-68,0,-17,11,-13,1,-26,37,-35,-2,-47,-24,-37,18,-56,-4,-23,-13,-23,-17,-8,-49,-2,-46,13,-40,0,-40,-501,29,-18,-6,-44,17,0,12,-13,27,3,5,-10,5,-29,-7,-19,9,-15,-3,-14,-19,-35,-33,-19,-1,-7,8,-35,-1,-30,7,-5,35,-1,12,-36,10,-4,41,30,49,-4,2,-5,-7,-20,-23,-21,9,-68,-54,-104,39,-10,120,-2,55,14,34,-22,4,-20,0,-2,-44,-9,-57,-22,-75,-44,-51,-9,-12,-25,2,-9,-62,-73,-61,3,-29,-49,-11,-3]]]
1317397	n	95.5712,16.2239,95.9542,16.661	[[[955713,163499,617,-1097,190,-66,223,-54,227,-32,230,-11,230,11,227,32,223,54,216,75,208,95,197,114,185,132,170,149,154,165,137,178,118,190,98,201,78,209,56,215,33,219,12,222,-12,222,-33,219,-1,1,-1741,1667,-2042,-3110]]]
1295301	n	99.6403,20.3164,100.1197,20.6762	[[[996403,204500,12,-222,34,-219,57,-215,80,-209,100,-201,121,-190,63,-80,214,86,207,35,405,-1,176,57,168,149,90,163,133,361,114,154,180,113,222,70,546,76,46,23,49,-10,104,-77,64,-88,23,-97,36,-92,96,-78,116,-138,108,-35,117,1,145,-28,132,-77,66,-83,49,-96,79,-110,263,-159,96,151,77,154,7,34,20,23,76,199,57,215,34,219,12,222,-12,222,-34,219,-57,215,-80,209,-100,201,-121,190,-140,178,-158,165,-174,149,-189,132,-202,114,-213,95,-221,75,-228,54,-233,32,-235,11,-235,-11,-233,-32,-228,-54,-221,-75,-213,-95,-202,-114,-189,-132,-174,-149,-158,-165,-140,-178,-121,-190,-100,-201,-80,-209,-57,-215,-34,-219,-12,-222]]]
1311909	r	93.4789,18.6022,94.2563,19.2625	[[[934789,188730,20,-26,16,-1,34,-28,15,-17,26,-75,-12,-20,11,-9,2,-16,20,-15,11,-30,46,-84,9,-11,2,-9,-16,-14,6,-3,13,11,14,-6,8,-15,-4,-22,12,-7,13,-24,18,-1,28,-19,85,-98,15,-38,-1,-27,16,-6,21,-47,-2,-32,-13,-35,16,-40,-17,-17,19,8,26,-5,44,-27,3,-11,18,-16,-7,-14,28,-28,2,-14,-7,-13,29,-5,32,-34,63,-114,77,-11,37,-23,48,-48,83,-69,25,-36,63,-40,26,-9,56,-45,74,-85,245,-195,59,-61,61,-64,16,-39,-2,-44,30,-69,19,-23,17,-9,14,3,-1,26,55,-42,164,-32,6,-5,16,-39,-3,-9,9,6,32,-7,26,14,45,-8,16,7,43,3,55,-15,60,-26,54,12,18,-5,7,-13,13,6,-6,25,12,15,26,7,56,-6,32,36,45,4,9,15,33,10,19,15,12,51,67,43,149,191,92,227,30,241,-19,96,-90,227,-27,121,5,110,57,299,-21,243,-71,71,-12,-1,26,156,-177,-90,-36,-12,-37,29,-147,-81,-57,-15,-81,5,-22,-5,-27,22,-72,12,-11,9,-99,27,-21,17,-65,16,-12,-2,-70,19,-86,65,-200,209,-21,-9,-1,7,10,36,-1,21,-48,49,-16,0,-19,-9,7,-10,-7,-17,-49,-57,-104,-85,-72,-42,-30,-33,-11,-2,-8,27,-17,0,-58,-31,-11,-11,5,-8,-40,-4,-78,-31,-39,-19,-46,-34,-97,-44,-105,-2,-111,28,-33,0,-27,-7,-78,-44,-16,0,-9,-4,-84,-6,-4,1,-13,-2,-43,-4,-5,10,-19,7,-7,13,-20,5,-27,-10,-20,1,-21,-25,-28,-13,-8,-15]],[[936677,190439,20,-112,92,-131,71,-14,75,24,104,-21,110,-83,63,-89,55,-95,79,-106,157,-108,437,-165,197,-99,520,-485,417,-137,129,-144,101,-88,137,96,-22,17,-28,63,-19,76,1,56,20,11,86,37,23,13,237,273,36,106,12,82,47,151,10,111,-32,129,-167,203,-67,112,-53,199,-23,661,22,116,32,85,-2,86,-83,122,-322,305,-50,71,5,143,56,129,95,64,118,-56,39,-97,14,-251,45,-102,264,-134,209,128,160,209,118,110,112,135,-2,306,-30,194,-3149,-884,-18,-55,-8,-52,63,-59,28,-48,95,-17,47,-24,66,-20,-44,-101,-28,-29,-49,-15,-45,-27,-153,-65,-63,-8,-28,18,-13,51,-31,30,-70,-33,-21,-16,9,-19,117,-88,8,-20,-10,-16,-79,-51,-36,-83,-30,-44,-120,-63,-62,-69,31,-69,-32,-230]],[[937717,186224,28,-67,0,-18,24,-23,22,-12,29,-67,12,-1,13,-14,45,7,32,16,60,53,-6,24,11,20,-18,19,-1,31,12,33,5,65,15,41,-10,47,-28,18,-24,52,-6,27,-10,10,-4,23,4,109,27,79,-49,-38,-24,-22,-2,-17,-19,-21,43,-114,0,-51,-12,-42,-18,-21,-38,-11,-13,8,-17,-3,-4,-21,-20,-7,-16,-33,-13,-6,-21,-69,-9,-4]],[[938070,187161,14,-16,36,-5,41,14,33,24,6,11,-7,22,-11,-1,-4,8,9,32,-19,22,-17,9,2,7,-12,6,-5,17,-6,-40,-24,-16,4,-18,-33,-22,-7,-14,0,-40]],[[940291,190954,14,-74,161,-69,101,-1,234,63,141,0,-73,-68,-268,-168,16,-66,28,-77,16,-65,-26,-27,-103,-180,-22,-76,-98,-170,-21,-127,13,-137,128,-347,-166,-185,-45,-294,60,-295,151,-182,39,28,98,46,116,-152,199,-114,212,-51,155,39,-18,114,3,146,46,136,107,81,-16,-284,58,-188,55,-65,976,1388,-11,62,-79,325,-102,320,-124,312,-144,304,-165,294,-185,284,-204,271,-223,258,-239,244,-256,228,-243,190,-89,-25,34,-386,-27,-131,-131,-264,-47,-126,-8,-153,60,-217,12,-102,-47,-162,-53,-105]]]
1316703	r	95.754,21.1254,96.896,22.0238	[[[957540,215838,621,-2761,5348,-1823,1632,628,2098,1425,1307,1274,-855,565,-1641,1087,2,2,68,-10,24,20,20,48,58,62,62,55,47,-1,13,39,-20,54,-15,85,41,39,71,49,115,54,43,74,39,47,140,114,4,58,69,93,146,22,44,53,5,38,14,29,104,-25,52,22,27,-12,91,-75,17,-20,9,-32,39,-69,28,-1,7,47,24,33,58,47,41,6,16,-16,57,-15,33,2,21,9,78,96,23,48,54,42,29,1,45,66,40,0,22,11,20,-17,31,37,31,-20,30,26,1,23,-15,34,17,39,3,115,-10,49,7,35,26,-16,29,-54,81,-11,77,-44,76,-67,34,-47,5,-23,38,-20,29,-32,27,-16,144,-16,63,-39,216,-15,17,8,1,19,27,58,-6,39,-40,110,-20,95,1,30,22,59,0,24,-6,16,-19,17,-62,15,-16,24,3,50,-30,25,-5,39,23,51,6,35,-1,15,-58,119,5,39,-10,12,-96,19,-16,14,-46,19,-100,89,-52,80,3,11,32,32,11,55,12,3,25,-7,72,40,0,37,-16,24,-6,34,-20,29,-69,49,-23,74,-29,39,-34,30,-73,26,-28,24,-81,125,-22,69,-20,13,-46,4,-6,7,5,21,34,43,9,22,-2,52,-114,100,-19,27,-70,145,-130,152,-17,29,-1,49,-51,43,-52,74,-22,13,-63,12,-37,20,-5,32,-23,37,-14,18,-30,13,27,108,-44,46,-55,0,-66,-62,-16,-71,20,-101,59,-82,85,-51,49,-39,-19,-59,0,-86,14,-57,39,-42,13,-31,25,-89,-13,-148,-101,-80,-102,-51,-28,-63,-76,-52,-113,-8,-60,-20,-97,-55,-4,-62,-137,-40,-67,-28,-54,-77,-238,-44,-137,16,-69,0,-69,-45,-61,2,-20,-30,-7,-51,-31,-50,-12,-50,2,-83,9,-63,-4,-15,-27,-48,-79,-102,-98,-57,-109,-4,-29,16,-64,-48,-183,-21,-35,7,-45,-27,-45,-2,-18,-23,-53,0,-52,-45,-118,-55,-175,-13,-26,-30,4,-100,-34,-72,-30,-103,28,-67,11,-67,38,-48,11,-34,5,-78,-14,-31,14,-22,-7,-17,12,-44,-23,-27,-11,-66,-68,-104,-48,-37,-23,-111,-38,-34,-77,-100,-105,-70,-127,38,-118,48,-61,59,-75,21,-86,45,-55,0,-88,-34,-100,-11,-48,34,-24,1,-33,-23,-21,-6,-31,16,-47,46,-50,20,-66,52,-57,14,-29,-11,-55,40,-77,146,-73,22,-36,105,-50,47,-54,39,-50,52,23,95,-25,44,-134,86,-121,9,-79,29,-75,103,17,6,-76,124,-12,46,-1,0,-12,44,-68,72,-5,58,-546,-79,-12,-47,-62,-38,-13,-106,-8,-11,-21,-11,-21,-2,-19,12,-16,29,-4,60,-21,23,-24,12,-86,-4,-26,-11,-28,-25,25,-112,-7,-78,-167,-46,-71,-5,-37,25,-23,59,11,61,-3853,-2030]]]
1302849	n	97.4823,16.6876,97.8747,17.1161	[[[974823,167229,88,-77,185,-132,165,-95,1871,-42,308,-7,66,30,198,114,185,132,171,149,154,165,137,178,119,190,98,201,78,209,56,215,34,219,11,222,-11,222,-34,219,-56,215,-78,209,-98,201,-119,190,-137,178,-154,165,-171,149,-185,132,-198,114,-208,95,-217,75,-223,54,-228,32,-230,11,-230,-11,-228,-32,-223,-54,-217,-75,-208,-95,-15,-8,-2,-14,1,-1,-455,-3642]]]
1325443	r	92.8993,21.7181,94.4198,23.246	[[[928993,219973,92,-91,474,-413,502,-383,527,-351,552,-318,572,-285,591,-249,608,-212,621,-175,633,-137,640,-99,646,-59,649,-20,649,20,646,59,640,99,633,137,621,175,608,212,591,249,572,285,552,318,248,166,1708,4382,331,850,298,764,-1728,1257,-13,-23,10,-42,-142,-259,-32,24,-112,155,-40,62,-4,25,-46,105,-40,67,-10,5,-11,79,-33,78,-57,62,2,46,-538,391,-50,-42,-38,-16,-20,5,-27,45,-54,35,-24,7,-25,22,-8,56,21,53,-418,303,-8,-33,-178,-55,-163,51,-332,11,-50,171,9,5,5,18,9,9,29,141,-13,56,-103,176,-9,82,-10,35,-25,23,-24,-14,-56,-7,-6042,4394,9,-87,-81,-675,3,-156,22,-120,-3,-125,-185,-344,-230,-430,-151,-186,-195,-157,-260,-121,-263,-14,-209,159,-135,195,-156,139,-194,46,-247,-85,-123,-180,-19,-266,50,-278,79,-213,200,-358,63,-202,-19,-185,-144,-207,-358,-394,-94,-232,-35,16,-329,-273,-87,-798,31,-210,80,-191,225,-369,61,-196,-14,-216,-109,-394,10,-233,104,-330,83,-161,356,-354,21,-69,103,-340,84,-1172,-6,-100,-47,-125,-77,-44,-98,-15,-218,-94,-49,7,-13,-16,-4,-123,186,-311,-222,-63,-152,62,-137,99,-181,54,-267,44,-94,-7,-119,-43,-21,-57,15,-74,-13,-678,29,-81,-180,-70,-123,-26,-97,-73,-183,-333,-19,-131,31,-134,65,-129,30,-68,17,-71,3,-71,-9,-69,-19,-24,-22,-21,-68,-37,-64,-3,-61,27,-53,58,-129,176,-164,88,-148,-45,-69,-200]]]
1313479	r	96.652,18.9546,97.9752,20.3005	[[[966520,194675,5471,-5126,109,-3,500,16,499,46,494,77,488,108,479,138,468,167,456,196,442,224,425,251,407,276,387,301,366,325,342,346,206,238,-7,19,-89,93,-266,206,-56,91,39,107,93,15,114,-9,96,37,79,197,-91,173,-140,187,-64,240,-16,100,-74,193,-6,71,333,433,331,279,86,107,66,146,-6,56,-38,49,-33,127,-21,199,9,182,88,123,205,29,167,23,623,296,80,70,146,165,24,21,5,46,16,474,-16,474,-49,473,-82,468,-114,462,-145,455,-176,444,-207,432,-236,419,-265,403,-291,386,-318,367,-342,346,-366,325,-387,301,-407,276,-292,174,-478,-65,-3785,-962,-5,-41,-49,-8,-21,31,-385,-99,19,-36,26,-76,0,-47,-52,3,-50,26,-65,-2,-64,-21,-53,-38,-60,116,-3250,-826,-846,-509,-360,-4946,23,-17,24,-101,44,-48,22,-35,25,-77,33,-34,3,-7,-8,-8,-58,-23,-7,-11,-2,-53,-90,-63,-46,-14,-24,-339]]]
