3530597	r	-99.5548,19.0487,-98.9402,19.5928	[[[-995548,195277,74,-274,2123,-3662,480,116,84,-140,519,-356,914,-68,100,-272,633,-134,54,48,135,223,142,96,454,-66,46,-43,133,114,66,184,16,181,-90,215,119,56,-128,149,150,42,-38,82,-36,24,-66,78,-13,27,7,102,-27,44,29,47,-17,16,42,26,1,0,15,9,27,2,0,1,25,7,36,-5,2,8,3,0,1,1,22,27,85,-26,23,76,-55,18,-228,72,26,177,-105,32,93,529,24,9,18,98,51,65,-367,349,27,95,-277,157,-385,174,29,236,87,181,-118,256,79,252,-105,42,-30,13,-265,108,1,2,14,26,3,27,14,16,-13,-3,-6,17,-4,2,-180,-85,-69,14,-136,134,6,106,-32,10,166,213,59,75,-45,83,-3,1,-2,10,-55,102,7,61,-58,22,-13,-17,-20,-26,-29,-10,-38,-13,-131,-216,-113,-72,-28,-81,98,-45,-69,-95,22,-28,-28,-36,18,-8,-24,-12,-168,51,-10,-27,56,-21,-34,-33,118,-59,60,-152,-161,58,-40,-24,-53,13,-223,76,-54,-40,-11,-38,-26,-85,0,-15,-73,-223,144,-38,-5,-16,-12,3,-37,-28,-13,-42,7,-5,-12,-19,-27,-79,-34,0,19,-85,-100,-57,10,-18,-4,-16,13,-10,-6,-27,34,-18,11,-25,-4,-6,-3,1,-49,-30,-15,-13,-14,-5,-28,-51,-36,-42,-176,-77,41,19,23,21,89,35,-41,71,14,28,10,5,-28,20,-77,-20,-21,9,-37,34,-58,38,-7,9,-2,33,-43,-50,-16,-7,-5,5,-6,-2,-5,-11,-8,3,-6,-8,-69,110,-108,-57,-12,9,-8,25,-14,2,-13,-25,-96,-28,-50,34,-16,-6,-37,12,-15,-13,0,-13,-19,-8,-12,12,-17,-8,-9,10,-21,6,-19,19,-31,10,-15,-12,-26,6,2,-7,-14,-15,-54,-21,-30,5,-3,-4,-64,-3,-33,-21,-14,7,-3,-4,-20,6,-8,-5,-41,8,-11,-19,-28,-12,-40,-44,-24,1,-22,-14,-27,3,-18,-34,-56,-7,-65,2,-7,-7,-4,2,4,7,-25,-3,-16,9,-3,1,-7,-9,-9,2,-11,12,-17,-15,-8,11,-29,109,-68,2,-30,-6,18,49,0,59,36,73,42,-35,45,-13,39,-33,30,1,12,-16,10,-3,69,0,23,26,51,30,17,24,29,12,9,14,-11,45,34,22,49,188,-209,165,-596,232,-1104,136],[-992548,194047,-21,-42,9,32,12,10],[-992658,193982,7,8,7,-2,-14,-6],[-992640,193989,1,5,10,0,-11,-5],[-992587,194046,11,2,-4,-17,-7,15]]]
3981609	r	-117.2999,32.1719,-116.524,32.5711	[[[-1172999,324395,55,-49,-51,116,-4,-67]],[[-1172537,324208,26,-98,31,-37,13,-73,35,-113,39,4,-1,80,-25,72,-17,105,-13,-7,-1,5,-10,15,-1,6,-4,3,-11,16,-61,22]],[[-1171251,325317,9,-71,0,-20,-3,-97,4,-77,0,-199,18,-41,11,-93,4,-27,0,-3,1,-3,16,-96,7,-45,111,-169,99,-172,15,-62,22,-3,4,-8,12,-44,13,1,22,-39,151,-354,485,-926,151,-118,432,-85,184,-96,149,-132,107,-144,176,-410,26,-65,2,1,210,132,193,149,175,165,156,178,134,190,111,201,35,81,1249,-964,1419,650,20,192,70,59,11,51,-61,78,-197,107,-40,-36,-352,24,-29,60,-52,-8,-55,39,30,106,-98,46,103,52,-141,256,-18,136,-537,448,-14,213,-55,227,-60,37,-120,291,-52,224,-30,21,57,27,22,56,30,503,-4333,-368,0,-26,-9,0]]]
3526683	p	3530597
3521081	r	-98.7306,18.5216,-97.8124,19.5639	[[[-987306,190164,821,-3611,204,-897,77,-39,244,-105,249,-90,256,-73,259,-58,264,-42,265,-24,267,-9,267,9,265,24,264,42,259,58,256,73,249,90,244,105,235,120,226,134,217,148,207,161,194,174,183,185,163,189,-129,309,0,1337,110,-38,226,-54,231,-32,233,-11,233,11,231,32,226,54,219,75,211,95,200,114,187,132,173,149,157,165,138,178,120,190,100,201,79,209,56,215,34,219,12,222,-12,222,-34,219,-56,215,-9,23,-2032,844,0,6,61,46,4,9,-3,11,-67,53,-31,43,-7,18,0,54,-12,19,5,27,-35,-68,6,-53,-48,-49,-406,438,0,2529,-37,29,-137,93,-143,84,-148,75,-153,66,-157,56,-161,47,-163,36,-166,26,-167,16,-168,5,-168,-5,-167,-16,-166,-26,-163,-36,-161,-47,-157,-56,-153,-66,-148,-75,-143,-84,-78,-53,738,-3182,-1901,-1043,-1545,0,-694,-786],[-982218,188111,108,25,219,75,145,65,378,-1143,-850,978],[-981800,188368,22,13,-3,-2,-19,-11]]]
3529612	r	-99.2177,19.4847,-98.7088,20.1224	[[[-992177,198593,366,-421,-30,15,-56,-99,-39,32,32,-121,101,-54,-1,-13,35,13,46,-3,287,14,51,-301,29,-32,26,-59,32,-49,19,46,142,-164,-66,-47,-3,-8,-26,-97,-98,13,-60,-43,-1,-10,-15,-2,-164,-117,-27,-88,50,-15,11,-16,17,-4,-6,-55,88,-9,33,32,6,-3,-31,-127,-15,-5,21,-11,5,-11,-31,-47,-32,-101,-12,-21,-24,1,7,-28,-199,-172,410,-531,29,10,20,26,13,17,58,-22,-7,-61,55,-102,2,-10,3,-1,32,-58,13,-25,-59,-75,245,-392,4,-2,6,-17,13,3,-14,-16,-3,-27,-15,-28,609,-248,32,12,117,14,4,231,142,71,72,-3,2840,1469,-31,115,-78,209,-100,201,-121,190,-139,178,-157,165,-174,149,-133,93,-15,-13,-81,128,-139,178,-157,165,-174,149,-90,63,314,204,-2416,2409,-1398,-2631],[-991004,195885,81,14,-72,-13,-9,-1],[-990175,197718,78,-25,37,-12,-115,37]]]
3991164	r	-100.6339,20.3139,-100.0574,20.9295	[[[-1006339,206727,180,-2859,63,-67,175,-149,189,-132,201,-114,213,-95,222,-75,228,-54,233,-32,235,-11,235,11,233,32,228,54,222,75,213,95,201,114,189,132,175,149,158,165,140,178,1,1,4,-3,1827,3072,-91,189,-111,197,-125,189,-138,180,-149,172,-162,163,-172,152,-182,141,-192,129,-201,118,-208,105,-215,91,-221,79,-226,64,-229,51,-233,36,-235,22,-83,3,-887,-837,-1324,-1249,56,-48,-19,-13,-175,-149,-158,-165,-85,-107],[-1004718,206138,2,1,10,0,-12,-1]]]
3998655	n	-102.2908,20.6458,-101.3178,21.5312	[[[-1022908,211197,1873,-2501,8,-3,33,14,41,-10,25,9,30,-5,17,39,40,17,-5,4,12,12,13,32,78,-25,28,15,11,20,27,-5,77,31,41,-41,11,-29,23,-24,10,-31,-26,-8,0,-35,-18,-51,-30,-22,-46,-48,-7,1,28,-32,11,-29,15,-7,-1,-5,10,-2,7,-11,13,4,10,-8,-28,-30,-33,-1,-5,-13,-17,-2,-12,-35,-55,9,-38,-12,2,-16,-9,-8,-12,4,-12,-13,1,-7,1114,-1488,1936,-393,744,916,240,1115,13,-32,70,-146,81,-143,91,-137,100,-131,108,-124,118,-118,91,-80,1308,292,227,75,-29,55,322,26,-1,-18,92,-1,36,8,10,309,10,114,375,-29,4,56,43,-3,19,-33,10,0,6,-26,41,-2,58,46,32,165,104,89,86,13,5,37,87,94,32,-5,6,110,-79,11,16,64,-70,20,37,20,6,42,49,0,-8,57,-53,5,24,53,-176,9,-2,-57,-33,3,-42,97,82,3,25,172,-111,-18,6,19,-110,44,33,49,188,-18,16,147,-533,977,-107,67,-28,145,16,5,-76,141,-49,-41,-70,15,-18,-37,-31,32,-87,14,69,255,-68,74,14,53,24,23,4,-1,-125,229,819,2968,1,2,-120,103,-380,264,-405,228,-278,124,-1006,-903,10,-126,100,-98,-187,-34,-78,59,-34,-5,-63,-55,-35,1,-467,-420,52,-35,0,-43,88,-102,-38,-170,5,-123,52,-111,-23,-154,-108,-34,-89,-93,-133,18,-105,57,-110,-103,-12,-60,-31,-23,-52,10,-22,42,-264,-34,-27,-81,-111,28,-71,-22,-30,-22,19,-39,-16,-31,-88,-29,136,-138,-113,-17,-53,-75,-26,-147,-101,-11,-58,-49,-46,5,-56,-41,-87,-19,-18,-16,15,-75,-93,-69,-110,3,-37,-110,-80,36,-21,-21,-45,-43,-146,-20,15,152,-20,36,-4282,-761]]]
4013708	n	-106.988,31.2678,-106.0717,31.7749	[[[-1069880,317200,25,-443,76,-439,126,-431,175,-418,221,-401,267,-380,308,-357,348,-329,384,-298,416,-264,445,-228,468,-190,488,-149,503,-108,512,-65,518,-22,518,22,512,65,503,108,488,149,468,190,445,228,416,264,384,298,149,141,-277,146,-417,103,-232,86,-102,125,-347,170,-62,66,-20,48,-13,59,-42,100,-98,153,-420,427,-116,175,-163,429,-11,-5,-44,72,-166,204,-51,84,-45,47,-153,335,-227,158,-18,26,-40,133,-15,23,-25,20,-337,182,-55,19,-99,12,-38,11,-44,26,-304,-24,-12,-31,-21,-17,-115,-27,-49,5,-52,36,-17,19,-40,20,-59,50,-39,6,-19,69,-17,25,-11,7,-24,2,-36,21,-381,1,-259,0,-258,1,-259,1,-259,0,-258,1,-259,0,-259,1,-258,1,-259,0,-259,1,-259,0,-258,1,-259,1,-259,0,-259,1,-259,1,-107,0,-18,-106,-25,-443]]]
3979770	r	-103.9735,20.5848,-103.1063,21.2694	[[[-1039735,207200,13,-359,37,-358,63,-355,43,-175,3577,154,4,-8,26,-62,48,-14,92,16,8,26,91,1,41,55,142,6,184,-74,18,-46,20,3,-9,-47,68,-21,100,42,13,45,67,13,97,-40,196,-13,-2,-22,311,0,10,-34,168,-55,71,-21,3,-9,54,39,-19,10,-3,97,4,21,0,72,-19,20,0,2,-16,19,-15,8,-11,23,29,45,59,-43,60,33,1,2,5,1,22,12,35,-17,46,14,-38,5,33,124,42,31,0,1,-5,10,20,45,-28,-4,-19,11,5,77,40,22,-20,36,-14,7,5,9,-43,77,3,9,-6,9,14,18,14,49,1,0,0,3,-28,4,3,32,-12,-2,0,36,28,2,-5,54,28,28,5,13,-16,7,-35,-8,-16,19,25,12,-3,9,13,8,-3,5,18,15,3,12,-23,3,-2,16,-12,10,7,18,-47,60,7,18,1,2,11,4,17,-4,29,-7,47,12,51,-26,152,23,14,11,25,8,56,-6,37,-4,39,11,5,4,16,11,31,-3,58,21,14,-12,4,1,2,6,14,-4,9,27,3,2,15,37,66,35,2,16,16,-5,25,12,25,47,29,20,-5,28,11,9,-22,56,39,19,2,3,6,7,7,0,12,-1,30,14,3,7,33,11,11,19,8,-16,5,-3,1757,1515,243,315,48,62,-523,2841,-81,35,-358,127,-365,104,-372,82,-376,58,-380,35,-382,12,-382,-12,-380,-35,-376,-58,-372,-82,-365,-104,-358,-127,-348,-148,-336,-170,-325,-190,-310,-209,-295,-228,-279,-246,-261,-262,-242,-278,-222,-293,-202,-305,-180,-317,-157,-327,-135,-337,-111,-344,-86,-350,-63,-355,-37,-358,-13,-359]]]
4005539	r	-103.6198,20.2939,-103.1354,20.9023	[[[-1036198,205200,12,-222,34,-219,57,-215,80,-209,100,-201,121,-190,140,-178,158,-165,175,-149,189,-132,202,-114,212,-95,222,-75,228,-54,233,-32,235,-11,235,11,233,32,228,54,222,75,212,95,202,114,189,132,175,149,158,165,140,178,70,110,-1254,1513,-327,212,-17,-62,20,-178,-157,16,-125,-4,-13,5,-26,26,7,39,-5,8,53,90,-62,6,-40,-6,-159,-75,-80,-15,-67,-116,-129,27,-4,-13,-29,6,-116,32,-55,23,-24,-81,35,-14,-18,-58,-25,12,-4,-9,37,-25,-36,-28,-39,16,-65,3,18,45,-49,13,3,-13,-10,-36,-9,1,-40,25,-14,46,-13,2,-4,8,34,55,148,157,95,86,-8,85,-168,55,-10,34,-311,0,2,22,-196,13,-97,40,-67,-13,-13,-45,-100,-42,-68,21,9,47,-20,-3,-18,46,-184,74,-142,-6,-41,-55,-91,-1,-8,-26,-92,-16,-48,14,-26,62,-17,-34,-80,-209,-57,-215,-34,-219,-12,-222]],[[-1034071,207098,47,-60,-7,-18,12,-10,2,-16,23,-3,-3,-12,-18,-15,3,-5,-13,-8,3,-9,-25,-12,16,-19,35,8,16,-7,-5,-13,-28,-28,5,-54,-28,-2,0,-36,12,2,-3,-32,28,-4,0,-3,-1,0,-14,-49,-14,-18,6,-9,-3,-9,43,-77,-5,-9,14,-7,20,-36,-40,-22,-5,-77,19,-11,28,4,-20,-45,5,-10,0,-1,7,-13,-11,-15,-21,-76,92,-54,-61,-73,2,-7,13,-13,4,7,15,-1,33,9,0,-11,14,-10,-11,-36,8,-5,-11,-19,20,-12,32,75,66,-21,4,9,9,-4,10,33,65,-23,1,7,7,-3,3,12,7,-4,10,4,89,-2,11,-6,20,4,-8,20,13,1,11,14,21,-10,-3,-13,35,-21,5,-25,62,10,7,55,38,-19,59,57,3,18,-31,17,36,58,21,-14,24,-2,11,-19,-8,21,45,62,0,56,11,0,-4,33,12,8,-28,38,40,-5,3,9,35,-12,12,6,0,-2,5,1,-4,-18,309,-31,28,27,25,4,26,18,30,-10,-10,23,2,8,5,-1,10,52,17,21,-7,47,4,41,39,44,-9,69,-11,20,-15,-9,-7,15,6,33,10,6,-12,2,-14,57,-16,24,2,37,4,-3,2,10,-7,11,3,20,17,27,1,24,11,4,-1,10,17,15,-44,15,-45,39,-18,25,-4,16,6,10,-35,31,33,-29,1287,1665,123,194,-1757,-1515,93,-64,-98,67,-8,16,-11,-19,-33,-11,-3,-7,-30,-14,-19,1,-8,-10,-39,-19,22,-56,-11,-9,5,-28,-29,-20,-25,-47,-25,-12,-16,5,-2,-16,-66,-35,-15,-37,-3,-2,-9,-27,-14,4,-2,-6,-4,-1,-14,12,-58,-21,-31,3,-21,-15,-39,-11,-93,10,-25,-8,-14,-11,-152,-23,-51,26,-47,-12,-46,11,-11,-4,-8,-20]]]
3523349	r	-90.1542,20.5446,-89.2617,21.3413	[[[-901542,209700,12,-328,34,-327,57,-325,79,-320,102,-314,123,-308,144,-299,165,-290,184,-279,204,-267,222,-254,239,-240,255,-225,270,-208,284,-192,134,-78,1398,1808,70,-62,151,-116,158,-107,166,-97,172,-87,178,-75,183,-65,186,-53,190,-42,193,-30,194,-18,195,-6,195,6,194,18,193,30,190,42,186,53,183,65,178,75,172,87,166,97,158,107,151,116,142,125,134,134,124,142,113,149,103,156,92,162,81,167,68,172,57,175,44,179,32,181,19,183,7,183,-7,183,-19,183,-32,181,-44,179,-57,175,-68,172,-81,167,-92,162,-103,156,-113,149,-124,142,-134,134,-142,125,-151,116,-158,107,-166,97,-49,25,1283,1660,-1716,-162,-1390,-232,-795,0,-1084,-173,-1004,-348,-179,-31,-172,-60,-607,-418,-527,-183,-308,-34,-120,-35,-218,-96,-195,-155,-68,-172,-102,-314,-79,-320,-57,-325,-34,-327,-12,-328],[-897104,208127,106,-50,-2,0,-104,50]]]
3514674	p	3530597
3995465	r	-100.982,25.1824,-100.1674,26.291	[[[-1009820,261385,291,-382,103,-97,-3,-38,265,-112,118,-669,-9,-518,286,-97,425,-22,72,-245,45,-36,-131,-503,-113,-87,-148,-394,368,-668,195,-274,19,-155,159,-252,74,-379,-30,-60,536,-58,62,-193,6,-7,31,-108,296,-360,102,9,18,-3,140,17,25,-11,33,-3,142,45,114,-12,209,-199,-7,-25,-23,-23,3,-43,27,-3,89,15,88,9,343,-95,216,-30,87,-175,-701,56,-103,-65,-330,59,-125,0,-36,45,-194,15,-19,-1,356,-1156,1216,-2273,521,2695,-182,-942,1,0,220,-47,223,-33,224,-20,226,-7,226,7,224,20,114,17,130,790,43,-1,17,-8,33,-38,35,-20,77,-25,10,-23,104,-35,26,-19,131,69,77,40,4,-16,-10,-29,40,-6,215,58,117,44,-112,158,-77,368,54,25,26,32,49,19,28,31,31,23,31,13,26,-3,37,25,0,16,-38,52,32,22,51,-74,28,5,68,57,24,7,61,61,12,48,23,27,49,41,29,15,11,-20,23,13,25,-12,-5,-7,4,-3,13,1,9,11,2,-8,-9,-10,18,-18,19,3,20,-12,-3,-17,39,-2,17,-13,10,-38,14,-2,39,13,27,21,8,6,-21,22,-34,20,-109,156,-19,20,-27,10,-29,34,-23,12,-42,64,-22,10,-14,39,-25,35,-14,8,-8,35,-72,97,-2,24,-12,12,-17,45,-27,24,1,6,-9,0,-28,46,-22,8,-1,19,-10,8,-10,29,-17,12,-32,48,-27,19,1,9,-16,14,-6,42,-30,17,-35,57,11,78,-12,13,-264,-46,-4,16,-27,23,18,25,-6,56,18,29,6,36,-8,20,-35,11,-8,39,23,16,31,7,8,15,-45,31,-10,18,3,10,43,33,-8,10,-4,53,-12,0,0,42,-14,4,0,18,-14,8,3,12,22,17,-42,-1,22,36,28,15,67,3,29,10,-7,70,2,115,-20,0,32,3,6,0,0,1,6,15,3,8,8,6,23,-4,10,6,1,0,2,1,5,14,13,-1,15,-11,18,7,32,2,31,24,101,24,118,17,28,-7,60,36,46,10,8,12,34,6,-18,45,2,37,-1,5,-2,8,-8,42,-2,10,-27,4,-94,45,-8,6,2,13,-62,10,3,7,-123,64,-4,-17,-25,43,-44,53,36,-43,-145,343,392,2199,-79,34,-231,75,-237,54,-243,32,-244,11,-244,-11,-243,-32,-237,-54,-231,-75,-221,-95,-174,-95,0,2855,-293,62,-350,52,-353,32,-354,10,-354,-10,-353,-32,-350,-52,-345,-73,-339,-93,-332,-113,-323,-133,-313,-151,-301,-170,-288,-187,-274,-204,-259,-220,-89,-87]]]
3530589	n	-99.0583,19.0164,-98.6319,19.6651	[[[-990583,194680,118,-256,-87,-181,-29,-236,385,-174,277,-157,-27,-95,367,-349,-51,-65,-2,-12,-16,-86,-24,-9,-93,-529,105,-32,-26,-177,228,-72,55,-18,-23,-76,-85,26,-22,-27,-1,-1,-3,0,-2,-8,-36,5,-25,-7,0,-1,-27,-2,-15,-9,-1,0,-42,-26,17,-16,-29,-47,27,-44,-7,-102,13,-27,66,-78,36,-24,38,-82,-150,-42,128,-149,-119,-56,90,-215,-16,-181,-66,-184,-133,-114,-46,43,-454,66,-57,-39,633,-167,873,-337,1535,-147,694,786,-66,1311,23,220,-30,11,66,-23,87,85,48,31,48,23,114,17,3,14,-265,511,36,343,22,2,49,23,32,2,2,62,46,-13,16,20,-19,26,-4,32,-42,-5,-16,6,-38,-4,-28,35,16,160,1,2,29,276,23,65,-151,29,11,24,79,209,57,215,34,219,12,222,-12,222,-34,219,-57,215,-79,209,-100,201,-120,190,-139,178,-111,117,-19,-10,-2840,-1469,-72,3,-142,-71,-2,-117,-2,-114,-117,-14,-32,-12,-208,84,-80,-251],[-988150,193074,27,10,4,1,-31,-11]]]
3996069	r	-116.0225,31.3629,-114.6498,32.7187	[[[-1160225,323047,36,-627,1691,-2207,21,-312,2430,-3659,417,229,1398,-1824,969,3340,147,64,189,-140,84,57,554,214,417,121,28,18,26,251,74,-131,273,-190,402,-202,506,-927,-150,-347,19,-286,-58,-872,58,-869,155,-342,228,74,426,-851,1098,221,-15,79,78,64,0,60,44,85,-18,91,90,46,27,64,37,258,-36,414,252,774,106,59,57,252,48,22,110,-27,51,29,95,128,24,107,-90,479,-116,172,-127,281,-8,305,94,335,-4,213,25,24,-150,70,-219,407,-159,23,-146,-14,-180,76,-143,-56,-46,6,-314,231,-20,217,-30,57,-82,-6,-104,40,-18,754,104,417,-327,1078,144,316,-274,230,-31,54,-362,266,-51,101,-59,21,113,161,-10,88,63,77,96,74,16,47,175,127,1,28,141,63,33,85,236,186,47,159,-27,113,14,107,-53,140,45,35,45,-24,50,16,9,32,-71,61,-8,90,132,76,68,118,96,86,-65,179,-9,108,42,134,61,30,221,-27,68,14,29,43,157,44,119,-58,20,-51,193,-79,99,24,59,56,79,-14,84,26,26,114,-48,51,100,79,-41,164,92,37,-25,104,143,189,-32,18,-113,-56,-70,48,30,176,53,30,43,88,-101,225,18,62,-18,68,75,41,82,-62,50,10,41,99,67,6,138,114,30,97,142,111,23,124,129,171,33,114,96,139,-6488,-446,-5106,-380,-29,-428,80,-2071,-1483,-815]],[[-1148002,317631,36,-205,55,-126,272,-243,232,-106,99,23,53,-42,34,14,-32,-82,78,-52,66,4,66,54,26,-9,15,-58,72,-12,33,26,-44,133,-167,122,-8,31,156,-109,80,-125,123,-45,62,5,13,-66,59,-7,30,28,70,3,25,34,-20,88,-151,260,-471,319,-165,161,-88,121,-85,215,2,18,29,-43,12,11,-36,54,-120,99,-106,44,-165,19,-137,-61,-3,-495]]]
4014338	r	-106.8645,27.8554,-104.8401,30.0602	[[[-1068645,296495,2694,-7879,-32,-782,191,-256,187,27,3095,-9051,2409,2861,356,-50,-14,458,187,221,171,23,112,185,-22,84,15,37,158,187,38,-16,155,246,326,-24,258,-67,35,37,53,-7,-77,145,137,43,413,60,94,-38,32,-43,57,17,77,115,-40,66,24,71,-61,107,14,142,47,35,-12,55,155,-20,23,278,48,33,74,-339,240,-36,-76,701,-99,252,-62,-9,-13,23,-4,142,-66,77,-71,-3,9018,10714,-415,447,-719,678,-767,636,-813,589,-855,542,-894,490,-927,438,-958,384,-985,327,-1006,270,-1024,211,-1038,152,-1047,91,-1051,30,-1051,-30,-1047,-91,-1038,-152,-340,-70,-4269,-3764]]]
3531673	r	-87.3053,20.8668,-86.7006,21.572	[[[-873053,211700,9,-280,30,-278,48,-276,68,-272,86,-268,78,-193,3989,-1465,237,509,176,533,3,15,25,-19,1,48,90,283,69,167,36,66,86,29,60,39,42,20,13,-11,16,-17,2,-12,17,-6,-1,-12,50,20,18,1,6,-11,10,18,15,41,-8,-8,-9,3,-21,28,-8,50,3,54,32,116,75,219,92,226,67,132,86,128,23,18,25,-6,10,23,-1,30,-8,-13,-30,-4,-25,9,-25,26,-8,-6,-15,3,-11,-20,-10,-5,-42,-8,38,7,33,69,36,50,32,57,27,94,-493,-57,-158,303,14,61,6,95,13,49,17,32,-143,-1,-69,572,-6,488,21,117,89,248,20,155,-21,125,-154,505,-108,46,-257,6,-209,67,-94,-14,-38,-122,-108,34,-91,46,-63,65,-44,201,-45,86,-65,81,-45,102,-532,728,-65,61,-198,-71,-272,-115,-263,-132,-253,-148,-242,-163,-208,-159,-76,-114,-105,-92,-93,-38,-169,-169,-189,-217,-174,-227,-157,-238,-141,-246,-123,-255,-105,-262,-86,-268,-68,-272,-48,-276,-30,-278,-9,-280]],[[-867499,212731,103,-303,196,-301,194,-138,-269,440,-110,238,-31,210,-83,-146]]]
3522790	r	-99.4141,19.4046,-99.2067,19.5367	[[[-994141,194301,30,6,68,-2,29,-109,8,-11,17,15,11,-12,9,-2,7,9,3,-1,16,-9,25,3,-4,-7,4,-2,7,7,65,-2,56,7,18,34,27,-3,22,14,24,-1,40,44,28,12,11,19,41,-8,8,5,20,-6,3,4,14,-7,33,21,64,3,3,4,30,-5,54,21,14,15,-2,7,26,-6,15,12,31,-10,19,-19,21,-6,9,-10,17,8,12,-12,19,8,0,13,15,13,37,-12,16,6,50,-34,96,28,13,25,14,-2,8,-25,12,-9,108,57,69,-110,6,8,8,-3,5,11,6,2,5,-5,16,7,43,50,2,-33,7,-9,58,-38,37,-34,21,-9,77,20,28,-20,-10,-5,-14,-28,41,-71,-89,-35,-23,-21,-41,-19,176,77,36,42,28,51,14,5,15,13,49,30,3,-1,4,6,-11,25,-34,18,6,27,-13,10,4,16,-10,18,100,57,-19,85,34,0,27,79,12,19,-7,5,13,42,37,28,12,-3,5,16,-144,38,73,223,0,15,26,85,-226,162,-189,-41,-6,2,-31,-1,-23,25,-26,-6,-21,3,13,10,-9,12,4,24,19,4,-10,14,-78,35,-76,23,-8,-12,-6,0,-23,18,-2,-15,-7,14,4,7,-22,-15,-6,14,4,6,-14,-5,-10,16,-5,-8,-16,0,6,-6,-12,-10,-6,11,3,6,-15,-2,-10,-14,-5,4,-1,-14,-3,10,-16,5,2,-7,-9,3,-7,-11,-2,-24,-26,7,1,-14,-9,-6,-6,-32,-24,-29,-7,0,-8,-25,-8,3,0,-12,-8,6,-3,-5,-11,2,0,-7,-15,-2,2,-17,-19,2,-1,-11,-25,9,-19,-11,-5,10,-19,4,-2,-9,-13,2,-1,-16,-30,8,-13,-2,-8,-10,-10,7,-11,-10,7,-10,-19,-2,-3,-20,-25,-24,6,-14,-4,-11,-6,-7,-9,4,-6,-13,-11,-3,3,-8,-10,-2,3,-8,-21,-16,-11,13,-17,-10,-15,4,4,-17,-459,-99,209,-165,-49,-188,-34,-22,11,-45,-9,-14,-29,-12,-17,-24,-51,-30,-23,-26,-69,0,-10,3,-12,16,-30,-1,-39,33,-45,13,-42,35,-36,-73,0,-59,-18,-49]]]
4004898	r	-112.8755,28.2254,-109.085,30.2016	[[[-1128755,286745,54,-203,49,-40,-23,-61,3,-9,246,-31,133,-143,187,-74,127,-85,88,-230,54,-9,27,-50,71,-52,119,62,96,91,-77,38,-34,79,-149,75,-46,73,-82,53,-138,136,-558,354,-147,26]],[[-1126136,287062,117,-295,-39,-93,62,38,28,11,242,-39,3,0,2,0,43,9,139,27,7,16,72,126,13,7,-11,14,-1,87,36,132,9,21,-42,40,-10,15,-13,98,-1,9,0,1,-1,10,-16,-1,-62,35,-17,17,-124,-54,-149,17,-94,11,-92,-44,-82,-1,0,-16,-14,-2,7,-165,-12,-31]],[[-1125843,288765,15,-10,-2,-1,52,-36,50,-36,88,27,-75,-23,93,6,135,-111,10,-16,9,6,25,-12,6,-10,111,-47,108,-53,218,-100,41,-48,20,-70,1,-1,1,-4,9,3,224,-31,22,-22,9,-101,7,-6,1,-13,23,-11,14,-13,17,0,61,-26,192,13,101,-50,124,31,8,0,105,-58,163,-170,9,-3,28,-31,150,-18,79,-138,25,13,4,-1,2,4,105,54,177,-23,50,-41,-12,-23,22,-22,31,11,54,-54,-3,-23,31,-8,2,1,6,-6,206,166,144,54,71,-31,3,-3,2,1,39,-17,83,47,-35,14,55,-23,-5,17,2,2,-4,5,-11,38,-26,15,-38,54,-115,38,-4,25,2,23,36,11,-51,42,-2,14,19,64,-44,20,34,75,-5,18,22,79,41,64,87,98,50,195,80,94,67,53,6,34,11,13,-6,14,5,28,-43,98,38,41,99,96,65,242,45,98,18,135,7,26,1,23,63,95,196,108,-79,18,-106,-107,66,65,11,-36,-93,-45,-44,-66,-13,4,7,159,25,147,34,67,38,33,114,51,-55,75,35,79,-7,3,-371,693,5,13,-19,15,-12,22,-75,84,1,6,24,2,-51,22,-39,43,-10,26,-53,45,-171,192,42,150,-58,125,47,82,63,51,-46,8,7,54,24,54,37,27,-30,13,-16,37,-70,69,-1,4,-2,-1,-42,41,-44,164,144,126,24,73,2,1,-2,0,5,14,-31,-10,-23,3,-14,-15,-69,-22,-93,-95,-113,-94,-128,3,-52,-35,-80,8,-25,-7,-88,2,-37,18,-37,-16,-1,0,-36,-6,-127,1,-77,-61,-125,-91,-187,-137,-42,-21,-195,0,-103,80,-21,25,-8,-3,-32,25,-69,-41,-34,19,-132,-123,-33,-70,-52,-75,-71,-57,13,-43,-38,-82,-118,-373,-83,-420,-7,-106,-12,-12,-36,-7,42,-54,-9,-118,-22,-42,14,-68,-2,-27,8,-95,-35,-88,46,-68,11,-126,1,-1,3,-40,98,-88,7,-54,-37,-71,45,-49,-19,-48,-50,-88,-40,-102,-3,-5,94,79,-111,-93,-16,-48,-9,-18,-64,-35,-143,-181,-72,-49,-236,-136,-53,-32,-22,31,-23,-55,-41,-10,12,-11,-105,-63,-53,-13]],[[-1124177,293682,65,-235,173,-119,371,-140,155,-179,82,-44,36,118,-26,81,16,47,72,57,93,37,505,-5,224,-137,25,-29,141,-330,131,-276,-22,-250,-134,-394,12,-5,-42,-95,44,-24,63,28,121,3,9,-3,87,-68,29,-61,-60,-89,93,-28,114,-111,145,-289,-92,-169,-92,-131,-13,-60,-30,-55,49,11,102,-34,17,-183,-10,-40,25,-41,26,-79,-8,-110,42,-85,-31,-67,68,23,24,-46,5,-16,23,-94,27,-87,-2,-7,-83,-67,-67,-50,-54,-35,7,-36,137,-65,414,-6,131,-54,51,-50,55,-88,18,-59,46,-64,12,-25,-8,-20,23,-11,3,-7,125,-82,12,-21,43,-15,49,-32,127,-111,-32,-80,18,-40,147,-53,16,-62,25,-149,324,-61,261,-96,12,-5,65,-43,119,-135,279,-233,11,-1,58,-91,41,-26,32,-130,-51,-54,-55,-37,-115,-44,-13,0,43,-13,-50,15,-8,-2,-71,0,-7,6,-6,-6,-10,0,-16,-26,-21,-21,-33,4,48,-74,77,-59,50,-67,-1,-14,35,-32,51,-68,14,-72,-21,-24,173,-93,20,-41,-18,-23,237,-142,68,-97,200,-165,221,-133,721,-614,28,-108,72,-108,161,-444,95,-88,54,-113,105,-284,-5,-144,678,-155,626,-284,537,-140,412,-167,184,-124,97,-115,22,-75,-10,-87,-43,-29,22,-29,-15,-22,76,-87,2,-70,-40,-35,27,-37,33,2,13,-71,90,-17,82,-108,58,3,25,-78,64,14,50,-25,-3,-47,51,-28,6,-49,67,33,72,-21,49,-52,70,-167,264,-44,603,-198,4,-21,101,27,-314,446,226,195,31,-25,2,82,242,137,25,88,649,-87,77,-48,150,-38,277,36,-68,528,237,-10,28,22,342,-83,-68,255,279,14,316,72,-28,639,-27,63,52,342,451,-196,90,309,10104,521,8939,4963,-3545,7034,-7912,4376,-8632,100,-13238,-8334]],[[-1123206,283821,5,-53,38,20,143,-68,52,84,6,75,-38,-10,-69,39,-23,-41,-38,-11,-9,17,-31,-46,-36,-6]],[[-1122979,287351,2,-58,79,-175,38,-25,16,43,-20,84,-115,131]],[[-1119721,288081,55,7,27,73,-80,-46,-2,-34]]]
4012176	r	-108.0671,23.9546,-106.2537,25.7799	[[[-1080671,248306,17,-18,41,-32,47,-19,65,-6,59,45,31,108,11,166,-271,-244]],[[-1080603,247864,16,-70,42,-71,44,-32,112,-58,110,-144,90,-180,57,-170,46,-367,39,-154,95,-134,866,-705,747,-427,274,-62,-126,154,-426,227,-168,127,-310,310,-153,102,-77,72,-43,106,241,-41,237,-109,219,-156,190,-179,152,84,124,-35,413,-390,65,-33,145,-51,63,-53,36,-70,11,-134,22,-62,59,-86,203,-149,71,-32,76,-13,77,22,197,115,199,-125,146,-189,181,-117,299,90,101,74,266,246,42,90,-76,65,-267,-96,-141,31,91,116,132,75,160,31,169,-17,101,-43,0,-8,15,2,26,-11,-25,-10,-25,-26,23,-5,-39,-23,31,-8,-13,-46,19,8,12,-41,17,10,166,-215,235,-390,33,-12,-1,-85,51,-53,11,-126,52,-15,1,-2,-1,-25,-6,-17,5,5,-6,-153,-68,-102,-45,-34,-101,-56,-51,1,-41,-23,-4,-67,-34,-14,34,-10,50,30,-3,25,27,-4,-36,-41,33,-4,71,6,33,-2,-12,-38,-37,-60,-13,-32,-328,225,-189,78,-14,-40,-33,26,-38,5,61,-57,-12,-32,149,-87,123,-70,42,-43,101,-38,27,-16,38,-30,73,-58,-169,81,-111,62,-155,69,-338,199,0,2,-23,29,-14,-9,-14,8,-4,18,-17,-5,-13,7,3,7,-22,4,-561,332,-34,32,-89,-10,72,8,-333,197,-103,25,-53,27,-94,79,-116,27,-118,60,-26,29,-9,-11,-22,11,-2,9,30,-1,-8,20,-89,71,-271,75,-34,32,2,101,-10,52,-30,46,-64,58,-80,50,-68,-3,-30,-105,16,-39,-58,-98,-23,15,21,28,-27,52,25,22,-14,22,43,25,-75,-8,-50,47,-62,-18,-15,-27,44,-79,-24,19,58,-90,362,-194,26,-25,1221,-689,334,-208,1198,-783,7,-5,181,-155,153,-103,439,-327,138,-21,18,50,18,-8,114,-113,7,-40,-2,0,2,-1,13,-74,-20,5,-170,150,-57,31,-34,-37,166,-143,126,-73,10,-56,110,-105,648,-406,1433,-899,528,-472,127,-74,193,-67,490,-343,262,-262,5969,3160,69,101,351,600,306,619,262,636,216,650,169,662,121,670,73,677,24,679,-24,679,-73,677,-121,670,-169,662,-216,650,-262,636,-306,619,-351,600,-393,577,-433,552,-471,526,-509,496,-543,464,-574,431,-605,396,-631,359,-656,320,-677,281,-591,203,-9896,-8921,43,-241,-13,-160,-124,-108,120,-79,137,-143,112,-178,47,-180,-73,-218,-160,10,-162,105,-77,68,-174,99,-95,33,-109,11,-37,-32],[-1075613,243582,22,-26,159,-90,80,-68,-38,5,-199,150,-24,29],[-1074991,243778,5,11,4,-2,-9,-9]]]
3995402	r	-101.5089,19.1352,-100.8686,19.9201	[[[-1015089,197624,122,-100,32,-102,12,-214,-35,-157,63,-164,33,36,284,97,64,125,2,1,157,-305,-81,-27,40,-42,-34,-15,-17,-67,-34,-26,23,-77,35,-4,-5,-86,-72,-77,26,-107,149,-33,31,-84,-15,-75,138,174,87,16,307,-598,-20,-100,-99,-16,19,-47,63,-20,-14,-30,24,-18,-93,5,-19,-47,5,-29,80,-57,-10,-87,-57,-120,-77,21,-123,-19,56,-74,-26,-21,-16,-102,26,-65,-139,-143,-77,-85,-22,-16,-9,-24,24,-22,17,-48,93,17,34,113,14,-42,25,11,5,-19,13,23,104,-69,40,18,46,104,150,101,9,38,-40,37,-63,-46,-45,137,33,28,67,-16,68,23,-10,58,22,41,50,64,42,-29,3,39,77,41,1,2,1182,-2307,801,-1564,133,4,389,36,385,61,380,84,374,107,366,130,355,153,91,46,292,794,92,4905,-1272,1528,-4527,0,-253,-1110,-10,-5,-46,-90,-108,4,-34,34,-82,-37,16,-110,-64,-103,-23,-159]]]
3981254	r	-104.2557,24.4681,-102.7085,26.1346	[[[-1042557,255400,16,-431,46,-429,78,-426,108,-420,137,-413,168,-404,196,-393,223,-380,251,-366,277,-351,301,-333,325,-315,346,-295,367,-274,386,-251,404,-228,418,-203,433,-178,444,-152,455,-125,462,-98,469,-71,472,-42,475,-14,475,14,75,7,0,-4132,550,-16,299,9,367,6009,217,-46,336,-51,340,-30,24,-1,2,-29,-81,7,8,-58,-57,-32,50,-57,-85,-56,77,-26,28,-40,-66,-46,36,-77,239,-197,-21,-35,30,-27,3,-73,-46,-37,-26,-86,-56,-13,-9,-42,1632,-1385,83,-56,191,-22,145,-84,207,8,115,-109,67,11,92,-76,36,6,13,44,103,-43,19,22,-42,180,362,174,-2,330,-966,603,92,156,61,213,-308,119,500,-22,-258,142,-183,236,-345,146,-33,471,60,12,326,90,320,110,311,128,301,146,290,163,277,181,264,197,249,212,233,226,217,240,198,252,181,263,161,273,140,283,121,290,99,297,77,302,56,306,33,308,11,310,-11,310,-33,308,-56,306,-77,302,-99,297,-121,290,-140,283,-161,273,-181,263,-198,252,-217,240,-233,226,-249,212,-264,197,-277,181,-290,163,-301,146,-311,128,-320,110,-326,90,-333,70,-336,51,-340,30,-341,10,-341,-10,-235,-21,162,941,-288,99,-389,107,-396,84,-402,60,-404,36,-407,12,-407,-12,-404,-36,-402,-60,-396,-84,-389,-107,-381,-131,-371,-152,-359,-174,-345,-195,-331,-216,-314,-234,-297,-253,-263,-254,-747,645,-25,-22,-325,-315,-301,-333,-277,-351,-251,-366,-223,-380,-196,-393,-168,-404,-137,-413,-108,-420,-78,-426,-46,-429,-16,-431]]]
3514663	p	3530597
3985606	r	-101.7172,21.6415,-100.3814,22.7311	[[[-1017172,224009,1166,-4881,2514,-2634,132,-79,1046,37,1,0,3267,114,3217,112,588,2235,1427,4449,-90,277,-134,332,-157,322,-179,312,-200,301,-221,288,-241,273,-260,259,-277,242,-294,224,-308,207,-323,187,-335,167,-346,146,-355,124,-364,103,-370,81,-374,57,-378,35,-380,12,-380,-12,-378,-35,-374,-57,-370,-81,-364,-103,-355,-124,-346,-146,-335,-167,-323,-187,-308,-207,-294,-224,-277,-242,-260,-259,-241,-273,-221,-288,-85,-127,-1763,1140,-233,-303,-274,-411,-245,-428,-215,-442,-131,-326]]]
4019233	r	-102.8586,21.3846,-101.7015,22.3894	[[[-1028585,218800,12,-354,37,-352,62,-348,86,-345,110,-338,133,-331,156,-323,179,-312,200,-300,220,-287,240,-274,259,-258,276,-242,293,-224,308,-206,321,-187,334,-167,253,-106,5377,3121,7,67,-49,50,-53,-40,21,69,-41,78,17,40,-40,-13,-7,52,-121,-132,-83,27,-16,101,-128,38,-29,-26,3,106,58,96,-22,44,-16,-19,-175,17,-218,-31,-30,2,-10,37,-121,15,5,-40,-60,-14,-204,27,1,6,18,15,6,73,154,61,-84,104,115,94,111,-44,75,135,8,15,57,42,51,114,-22,31,134,67,6,127,25,-2,2,176,176,-20,8,113,788,270,10,-23,50,18,83,-34,-54,-76,-14,-122,52,-32,-39,-53,93,-7,51,-41,114,-27,252,-27,91,-66,28,-69,65,-37,71,-307,121,-102,69,10,106,-59,-18,-34,1257,730,9,263,-12,354,-37,352,-62,348,-86,345,-110,338,-133,331,-156,323,-179,312,-200,300,-220,287,-240,274,-259,258,-276,242,-293,224,-308,206,-321,187,-334,167,-345,146,-286,100,-6229,-1482,-49,-48,-240,-274,-220,-287,-200,-300,-179,-312,-156,-323,-133,-331,-110,-338,-86,-345,-62,-348,-37,-352,-12,-354]]]
3988086	r	-102.1288,24.4223,-100.4659,26.3972	[[[-1021288,250191,78,-188,334,-669,381,-648,426,-624,471,-598,513,-568,552,-536,590,-502,625,-467,657,-428,686,-388,713,-346,15,-6,9424,1552,781,3227,0,1,382,1576,-573,1245,-1216,2273,-356,1156,19,1,194,-15,36,-45,125,0,330,-59,103,65,701,-56,-87,175,-216,30,-343,95,-88,-9,-89,-15,-27,3,-3,43,23,23,7,25,-209,199,-114,12,-142,-45,-33,3,-25,11,-140,-17,-18,3,-102,-9,-296,360,-31,108,-6,7,-62,193,-536,58,30,60,-74,379,-159,252,-19,155,-195,274,-368,668,148,394,113,87,131,503,-45,36,-72,245,-425,22,-286,97,9,518,-118,669,-265,112,3,38,-103,97,-291,382,-7,10,-262,143,-183,59,-202,101,-212,192,-60,100,-485,-138,-172,322,-417,237,-385,404,-151,84,-22,-48,-737,250,-45,-100,-64,-24,-238,75,-18,-94,-233,-256,-836,-28,-504,714,-532,-723,-221,128,-462,178,-143,155,-189,107,-194,739,-142,-979,-138,20,-70,117,-249,-23,-684,174,-31,8,172,-1052,-754,-5,29,-90,-288,-866,863,-185,91,-579,30,-71,-2956,-875,10,-2068,-377,-7307]]]
4005492	r	-100.283,25.2959,-99.4239,26.032	[[[-1002830,254204,207,-68,237,-54,242,-32,244,-11,244,11,212,28,-273,-1119,1485,544,83,-52,183,118,55,-23,115,27,68,69,77,-23,50,40,92,-29,5,86,65,11,40,39,72,-2,43,43,3,45,2,1,1,29,-66,59,-59,125,66,74,19,63,1045,-805,56,57,64,9,79,49,65,164,87,119,-43,86,75,113,-42,92,35,71,-32,16,64,66,16,66,149,20,33,117,3420,1254,8,203,-13,342,-37,341,-61,337,-86,334,-109,327,-133,321,-155,312,-178,301,-199,291,-220,278,-239,265,-258,250,-275,234,-291,217,-307,199,-126,71,-1017,-876,-1107,-1433,-88,88,-182,149,-196,132,-16,9,31,21,-12,46,-83,209,-104,201,-126,190,-146,178,-164,165,-182,149,-196,132,-210,114,-222,95,-230,75,-237,54,-243,32,-244,11,-244,-11,-23,-3,-391,-2191,145,-343,8,-10,25,-43,4,17,123,-64,-3,-7,62,-10,-2,-13,8,-6,94,-45,27,-4,2,-10,8,-42,2,-8,1,-5,-2,-37,18,-45,-34,-6,-8,-12,-46,-10,-60,-36,-28,7,-118,-17,-101,-24,-31,-24,-32,-2,-18,-7,-15,11,-13,1,-5,-14,-2,-1,-3,-2,-8,-4,-2,0,-21,4,-8,-6,0,-1,-3,-7,-6,-15,0,-1,-6,0,-32,-3,20,0,-2,-115,7,-70,-29,-10,-67,-3,-28,-15,-22,-36,42,1,-22,-17,-3,-12,14,-8,0,-18,14,-4,0,-42,12,0,4,-53,8,-10,-43,-33,-3,-10,10,-18,45,-31,-8,-15,-31,-7,-23,-16,8,-39,35,-11,8,-20,-6,-36,-18,-29,6,-56,-18,-25,27,-23,4,-16,264,46,12,-13,-11,-78,35,-57,30,-17,6,-42,16,-14,-1,-9,27,-19,32,-48,17,-12,10,-29,10,-8,1,-19,22,-8,28,-46,9,0,-1,-6,27,-24,17,-45,12,-12,2,-24,72,-97,8,-35,14,-8,25,-35,14,-39,22,-10,42,-64,23,-12,29,-34,27,-10,19,-20,109,-156,34,-20,21,-22,-8,-6,-27,-21,-39,-13,-14,2,-10,38,-17,13,-39,2,3,17,-20,12,-19,-3,-18,18,9,10,-2,8,-9,-11,-13,-1,-4,3,5,7,-25,12,-23,-13,-11,20,-29,-15,-49,-41,-23,-27,-12,-48,-61,-61,-24,-7,-68,-57,-28,-5,-51,74,-32,-22,38,-52,0,-16,-37,-25,-26,3,-31,-13,-31,-23,-28,-31,-49,-19,-26,-32,-54,-25,77,-368,112,-158,-117,-44,-215,-58,-40,6,10,29,-4,16,-77,-40]]]
3533462	r	-100.5566,16.6374,-99.2121,17.4561	[[[-1005566,171026,2368,-800,846,-315,683,-240,517,-189,498,-134,686,-233,166,-79,208,-109,21,-64,-7,-22,17,-7,1,-3,232,-223,0,-3,4,0,3,-3,72,-43,-1,-2,3,-2,12,-57,20,36,-23,-42,87,-30,-82,28,34,-149,51,-56,6,8,-11,-16,13,0,5,-5,140,14,15,16,-33,-6,41,8,33,24,15,32,12,13,-55,40,-16,-5,40,-13,-43,14,-4,-3,-70,-21,-12,57,-37,-16,41,18,-4,38,69,3,0,24,30,19,162,59,86,-18,148,-45,-60,18,57,-28,65,-75,4,-72,-57,-32,45,25,-53,-20,-39,5,-13,3,-51,-66,-4,-24,-17,-76,-36,-21,16,9,-46,-17,6,-6,-3,-1,87,-63,6,2,57,1,12,-3,-12,19,17,-28,85,-16,7,22,35,21,38,-8,-31,17,71,-40,25,-33,3,-35,-17,-38,-11,-16,-103,51,-55,-25,-40,-12,25,-28,102,-6,13,-85,37,9,50,-16,13,-6,2,1,20,-6,53,64,40,6,-49,9,101,-19,588,-443,15,-8,169,-128,232,-106,289,-131,229,-77,5,-3,7,-2,17,-5,272,-81,225,-54,-460,126,507,-138,14,278,-14,-277,35,-8,484,50,625,-20,1202,-179,672,-154,591,-151,121,386,104,428,74,434,45,438,15,440,-15,440,-45,438,-30,178,-3386,1710,40,35,-126,9,-228,115,-46,-72,57,88,-38,88,40,45,-61,90,-66,-28,-57,75,-92,-24,-13,-41,-118,-18,45,45,2,61,-75,98,29,41,-49,70,-4,60,-41,-15,33,-94,-32,-48,-45,68,-90,-29,-16,109,-54,-34,-35,5,-55,101,61,41,-96,77,62,2,40,27,-66,81,-102,-2,-34,-39,-15,28,-83,10,-256,-21,-42,67,4,-48,-33,-18,35,-13,5,-59,-57,-433,-256,22,5,-37,-538,-15,-274,389,-23,-7,-184,334,36,5,55,80,62,138,-197,100,-93,-105,-181,19,-67,-16,-16,76,-129,2,-20,27,7,-29,-30,28,-13,-136,-50,-63,-36,-3,-5,-63,-113,57,-19,-10,-59,48,-46,-6,-9,30,-79,-40,-68,189,-10,187,-64,68,-109,30,-40,41,-424,513,-1863,942,-68,-30,-402,-207,-388,-233,-371,-256,-353,-279,-334,-301,-312,-321,-290,-340,-266,-358,-241,-374,-215,-388,-189,-401,-18,-47]],[[-999180,168230,55,-34,68,-21,45,38,0,17,-31,-14,-44,35,-32,-5,-2,-20,-38,8,-21,-4]]]
3515431	n	-99.4444,19.4909,-99.0895,19.6084	[[[-994444,195141,596,-232,459,99,-4,17,15,-4,17,10,11,-13,21,16,-3,8,10,2,-3,8,11,3,6,13,9,-4,6,7,4,11,-6,14,25,24,3,20,19,2,-7,10,11,10,10,-7,8,10,13,2,30,-8,1,16,13,-2,2,9,19,-4,5,-10,19,11,25,-9,1,11,19,-2,-2,17,15,2,0,7,11,-2,3,5,8,-6,0,12,8,-3,8,25,7,0,24,29,6,32,9,6,-1,14,26,-7,2,24,7,11,9,-3,-2,7,16,-5,3,-10,1,14,5,-4,10,14,15,2,-3,-6,6,-11,12,10,-6,6,16,0,5,8,10,-16,14,5,-4,-6,6,-14,22,15,-4,-7,7,-14,2,15,23,-18,6,0,8,12,76,-23,78,-35,10,-14,-19,-4,-4,-24,9,-12,-13,-10,21,-3,26,6,23,-25,31,1,6,-2,189,41,226,-162,11,38,54,40,223,-76,53,-13,40,24,161,-58,-60,152,-118,59,34,33,-56,21,10,27,168,-51,24,12,-18,8,28,36,-22,28,69,95,-98,45,28,81,113,72,11,19,-682,169,-49,74,-407,176,-66,-8,-32,-84,-79,-52,-18,-14,-11,-23,-7,7,-14,-13,6,-6,-9,-7,-8,4,-73,-64,-119,77,-6,2,-1413,-762]],[[-991306,195361,32,-10,-6,-106,136,-134,69,-14,180,85,-245,392,-166,-213]]]
3981461	r	-103.4579,20.328,-102.9363,20.9339	[[[-1034578,205495,4,-8,13,-2,14,-46,40,-25,9,-1,10,36,-3,13,49,-13,-18,-45,65,-3,39,-16,36,28,-37,25,4,9,25,-12,18,58,-35,14,24,81,55,-23,116,-32,29,-6,4,13,129,-27,67,116,80,15,159,75,40,6,62,-6,-53,-90,5,-8,-7,-39,26,-26,13,-5,125,4,157,-16,-20,178,17,62,327,-212,1254,-1513,0,-1,640,-773,1733,2601,-1653,3422,-17,7,-78,28,-243,-315,-123,-194,-1287,-1665,2,-2,-6,-10,4,-16,18,-25,45,-39,44,-15,-17,-15,1,-10,-11,-4,-1,-24,-1,-3,-16,-24,-1,-9,-1,-6,-1,-5,7,-11,-2,-10,-4,3,-2,-37,16,-24,14,-57,12,-2,-10,-6,-6,-33,7,-15,15,9,11,-20,9,-69,0,-1,-5,-5,-34,-38,-4,-41,7,-47,-17,-21,-10,-52,-5,1,-2,-8,10,-23,-30,10,-26,-18,-25,-4,-28,-27,-14,1,-295,30,4,18,-5,-1,0,2,-12,-6,-35,12,-3,-9,-40,5,28,-38,-12,-8,4,-33,-11,0,0,-56,-45,-62,8,-21,-11,19,-24,2,-21,14,-36,-58,31,-17,-3,-18,-59,-57,-38,19,-7,-55,-62,-10,-5,25,-35,21,3,13,-21,10,-11,-14,-13,-1,8,-20,-20,-4,-11,6,-89,2,-10,-4,-7,4,-3,-12,-7,3,-1,-7,-65,23,-10,-33,-9,4,-4,-9,-66,21,-32,-75,-20,12,11,19,-8,5,11,36,-14,10,0,11,-33,-9,-15,1,-4,-7,-13,13,-2,7,61,73,-92,54,21,76,11,15,-7,13,-42,-31,-33,-124,37,2,1,-7,-15,-10,-31,-4,-35,17,-2,-8,-25,-5,-8,-17,-53,-18,-58,37,-1,6,-29,-45,11,-23,15,-7,18,-9,-2,-13,19,-20,8,-32,-8,-41,-4,-20,3,-97,19,-10,-54,-39,-3,9,-71,21,8,-85,-95,-86,-148,-157,-34,-55]]]
3530139	p	3530597
3515001	n	-93.3545,16.5239,-92.8854,16.9761	[[[-933545,167500,11,-222,34,-219,56,-215,77,-209,99,-201,118,-190,137,-178,155,-165,170,-149,185,-132,197,-114,208,-95,217,-75,223,-54,228,-32,230,-11,230,11,228,32,223,54,217,75,208,95,197,114,185,132,170,149,155,165,137,178,118,190,99,201,77,209,56,215,34,219,11,222,-11,222,-34,219,-56,215,-77,209,-99,201,-118,190,-137,178,-155,165,-170,149,-185,132,-197,114,-208,95,-217,75,-223,54,-228,32,-230,11,-230,-11,-228,-32,-223,-54,-217,-75,-208,-95,-197,-114,-185,-132,-170,-149,-155,-165,-137,-178,-118,-190,-99,-201,-77,-209,-56,-215,-34,-219,-11,-222]]]
3520339	r	-99.2482,25.2666,-97.8402,26.5263	[[[-992482,261627,1556,-4713,1163,-1747,2273,-2072,386,-187,580,-237,15,-5,1359,2228,817,0,11,74,546,-70,30,-313,466,18,2,93,300,-31,20,128,332,251,242,-290,-11,-294,151,21,2,-21,725,1,1,65,19,0,5,904,111,-2,-351,483,192,-1,-1,203,39,0,-16,445,30,98,-29,0,7,232,-145,130,70,68,0,541,198,-45,242,-32,245,-11,245,11,242,32,238,54,231,75,222,95,210,114,197,132,182,149,164,165,146,178,126,190,105,201,83,209,59,215,36,219,12,222,-12,222,-36,219,-59,215,-72,181,-201,0,-635,-69,-575,75,-139,-6,-311,-149,-213,-66,-96,44,-82,243,-198,40,-471,-112,-90,4,-6,5,-21,-4,-22,1,-49,2,-73,107,-33,-15,-10,-71,9,-16,-54,2,-183,50,-3,-14,15,0,-9,-42,-19,18,-4,5,-7,7,6,32,-130,35,-23,22,-50,4,-618,286,64,24,108,-13,-16,69,59,32,7,28,-32,12,-28,-34,-44,-14,-150,49,-59,-5,-50,-75,-4,3,-14,-16,-1,-15,-1,-11,19,-27,41,-10,-4,-15,-1,-4,-2,-6,-42,-5,-19,6,-6,2,-4,5,-16,20,-11,46,-6,28,-11,17,-26,14,-39,5,-18,3,0,4,14,92,20,16,-92,126,-25,-15,-29,-5,-35,4,-5,-2,4,-8,-12,-5,-7,18,7,6,51,-1,40,23,-79,109,-27,30,23,29,-20,69,-108,2,-13,-61,-105,2,5,87,-22,38,-77,-42,37,-73,-5,-10,-3,0,-1,-3,-19,-14,-3,-2,-44,-1,0,1,6,34,-67,20,0,100,57,147,-35,5,-13,-71,-28,44,-5,-23,-9,13,-35,2,-1,-11,-33,-19,-28,24,-9,17,-22,1,17,98,-73,8,-29,-157,-35,19,-25,5,24,142,-11,-11,14,83,3,0,-239,125,-145,43,-13,24,-32,-10,-87,25,-19,-21,-15,25,-117,-56,-97,-8,-6,-16,-110,123,-286,103,-313,74,-288,140,-590,-205,-131,25,-110,63,-53,46,-153,133,-80,20,-89,11,-21,50,128,136,-99,89,-118,43,-130,10,-137,-11,40,167,-105,121,-344,196,-151,166,-54,38,-90,3,-70,-39,-77,-20,-111,56,-62,-63,-85,-17,-97,22,-97,58,-228,-43,-369,244,-155,-139,-87,156,-87,56,-242,6,-171,-63,-64,-12,-59,19,-66,89,-49,28,-197,8,-188,-23,-191,29,-209,154,-25,113,64,127,88,128,43,114,-21,128,-115,281,-121,135,-32,7,-44,-63,-300,-508,-263,-525,-224,-539,-185,-551,-145,-560,-103,-568,-35,-322]]]
3515428	p	3530597
3515807	r	-99.7701,19.5141,-99.1137,19.8593	[[[-997701,197116,214,-215,1939,-1624,1104,-136,1413,762,-80,27,86,-29,119,-77,73,64,8,-4,9,7,-6,6,14,13,7,-7,11,23,18,14,79,52,32,84,66,8,407,-176,49,-74,682,-169,120,197,38,13,-410,531,199,172,-7,28,24,-1,12,21,32,101,31,47,-5,11,-21,11,15,5,31,127,-6,3,-33,-32,-88,9,6,55,-17,4,-11,16,-50,15,27,88,164,117,15,2,1,10,61,44,-39,5,136,-19,26,97,3,8,66,47,-142,164,-19,-46,-32,49,-26,59,-29,32,-51,301,-287,-14,-46,3,-35,-13,1,13,-101,54,-32,121,39,-32,56,99,30,-15,-366,421,-1034,-839,-4449,-427,-16,-64,-25,-147]]]
3827409	p	3530597
4011743	r	-105.0481,23.6631,-104.2719,24.3769	[[[-1050481,240200,8,-233,25,-233,41,-230,58,-228,74,-223,89,-219,105,-213,120,-206,134,-198,148,-190,161,-180,173,-171,186,-160,196,-148,207,-136,215,-123,224,-110,232,-97,237,-82,243,-68,248,-53,250,-38,253,-23,254,-7,254,7,253,23,250,38,248,53,243,68,237,82,232,97,224,110,215,123,207,136,196,148,186,160,173,171,161,180,148,190,134,198,120,206,105,213,89,219,74,223,58,228,41,230,25,233,8,233,-8,233,-25,233,-41,230,-58,228,-74,223,-89,219,-105,213,-120,206,-134,198,-148,190,-161,180,-173,171,-186,160,-196,148,-207,136,-215,123,-224,110,-232,97,-237,82,-243,68,-248,53,-250,38,-253,23,-254,7,-254,-7,-253,-23,-250,-38,-248,-53,-243,-68,-237,-82,-232,-97,-224,-110,-215,-123,-207,-136,-196,-148,-186,-160,-173,-171,-161,-180,-148,-190,-134,-198,-120,-206,-105,-213,-89,-219,-74,-223,-58,-228,-41,-230,-25,-233,-8,-233]]]
3523466	n	-97.7496,25.6539,-97.2504,26.0347	[[[-977496,258800,12,-222,36,-219,59,-215,83,-209,105,-201,126,-190,145,-178,165,-165,181,-149,197,-132,210,-114,222,-95,230,-75,238,-54,242,-32,245,-11,245,11,242,32,238,54,230,75,222,95,210,114,197,132,181,149,165,165,145,178,126,190,105,201,83,209,59,215,36,219,12,222,-12,222,-36,219,-59,215,-55,138,-26,-150,-184,-157,-234,-66,-174,112,-227,-149,-40,-56,28,-183,71,-228,-5,-195,-203,-83,-100,28,-41,65,-30,73,-68,52,-79,1,-17,-46,-4,-61,-43,-37,-96,16,0,-3,-10,-51,10,-37,15,-12,-2,-13,-7,-5,-32,5,-62,-11,-34,6,-91,86,3,64,-32,2,2,72,-30,10,-10,11,-4,112,-124,18,1,35,-9,24,-34,-1,-52,-20,-16,-11,-39,-52,-10,-4,-36,11,-5,30,46,24,16,15,8,36,-5,15,-8,4,-20,-4,-61,-54,-79,-45,-15,-1,-13,6,16,43,-7,17,-12,4,-42,-42,-23,-13,-22,-3,-6,6,-2,57,13,98,-19,33,-11,-5,-62,-74,-53,-36,-93,-16,-19,7,-14,31,7,48,-6,34,-8,16,-27,24,-10,24,29,22,-7,10,7,10,-4,5,10,7,3,15,7,2,-7,28,-11,13,-54,1,8,29,13,-1,2,8,-15,21,-17,16,-51,2,-7,20,13,20,-94,88,-39,26,-47,17,-30,34,-89,29,0,18,-11,25,-23,24,-56,8,0,-15,18,-43,-3,-25,-25,-30,-23,-6,-9,6,-14,48,23,122,-163,65,-105,136,-83,160,-95,131,-10,7,-7,-33,-73,4,-56,39,-11,16,18,36,-5,33,-45,32,-184,82,-197,39,-21,1,-113,-113,-145,-178,-126,-190,-105,-201,-83,-209,-59,-215,-36,-219,-12,-222]],[[-976349,260178,2,-50,72,-41,8,32,-82,59]],[[-974376,258692,14,-22,22,-4,2,-57,13,-15,33,0,-1,8,-64,91,-19,53,0,-54]]]
3515302	r	-100.1399,18.878,-99.3351,19.7345	[[[-1001399,190377,83,-127,184,-244,201,-232,216,-219,231,-206,244,-190,257,-175,268,-159,90,-45,2433,349,240,1446,142,-64,219,-75,227,-54,231,-32,233,-11,233,11,231,32,227,54,35,12,71,-372,101,9,1651,1256,-2123,3662,-74,274,-1939,1624,-214,215,-188,189,-75,40,-278,-43,-308,-69,-302,-87,-296,-106,-288,-124,-44,-22,-1919,-6517]]]
3532624	p	3515431
4018390	p	4005492
4005867	p	3995465
4006702	r	-116.879,31.4261,-116.074,32.2321	[[[-1168790,320722,3,-30,34,-347,99,-215,231,-265,384,-78,340,-9,120,-128,19,-301,-8,-28,11,-30,2,-53,-9,-37,4,-71,10,-25,2,-1,0,-8,20,-6,6,-12,44,-48,17,-11,29,-3,24,9,64,-2,50,-18,14,12,31,3,61,-8,14,-21,31,-19,40,-8,21,-23,58,-36,-16,15,3,4,-20,14,8,9,28,-12,-3,-4,-8,4,7,-6,5,5,73,-34,160,-186,5,-19,16,-5,2,-2,21,-5,16,-19,21,-9,18,-39,40,10,5,-10,30,-12,13,1,-39,13,14,24,32,-9,-10,-21,15,21,15,-10,0,-8,47,-4,12,-5,7,-13,75,13,28,-4,48,-40,96,-120,2,-38,5,36,-31,40,8,7,-14,21,2,7,-17,23,-19,-3,-11,15,21,22,22,-12,-27,24,3,8,26,-13,-5,8,3,5,62,-11,5,-3,7,1,3,0,-8,-8,-11,7,10,-8,-25,-15,-3,-15,16,-17,33,15,-3,4,-15,-7,-11,16,23,12,24,-34,-16,-19,41,-49,-38,-10,-6,12,-7,-5,5,-14,-10,-3,3,-30,6,2,-4,24,32,12,9,-6,6,-20,22,6,5,10,-3,-10,21,-29,6,-28,13,-146,-26,-216,-19,-79,-40,-73,-5,-30,-9,-1,2,-25,-78,-129,-33,-95,-81,-165,-49,-71,-175,-108,-175,36,-27,15,-1,2,-2,0,-270,155,-133,26,-5,4,-7,-2,-5,1,-1,7,-24,3,-13,10,-6,0,0,-8,-49,19,-4,-12,-3,1,-4,5,-1,-4,-3,1,-2,5,-2,-5,-2,1,-3,5,-7,-3,-142,28,63,-94,0,-1,29,-44,259,-275,251,-28,4,-2,-5,-11,20,1,0,-8,-11,-2,-6,-12,-15,6,0,-11,5,-6,11,2,25,-24,6,6,10,-10,0,9,8,-6,-3,12,13,-6,1,7,10,-5,7,4,13,-18,20,0,3,-13,13,3,-3,-8,11,-3,-1,-17,-6,-7,-13,3,-7,-6,7,-7,14,3,-4,-13,8,2,-1,-11,12,6,13,-30,25,-13,-2,-6,12,-2,-6,-13,12,-4,7,-15,6,8,6,-5,13,4,-13,-23,8,7,2,-15,5,10,11,-3,-6,-16,13,-4,-5,-29,10,5,0,-13,8,4,0,-6,7,0,7,-8,16,4,-4,-8,8,-12,27,-7,10,-13,-1,-7,-6,2,-1,-11,7,1,1,-13,17,4,1,-7,8,1,-6,-10,13,0,-7,-7,13,-1,22,-32,5,-14,-2,-15,11,-23,-17,-86,7,1,-57,-195,-61,-161,-23,-153,197,-216,-231,5,-135,-27,39,5,-39,-115,55,-137,234,-147,52,-95,379,-270,71,-102,25,-73,36,-60,104,-66,134,-44,197,-148,135,-48,88,-70,129,-142,198,28,335,67,330,85,322,104,313,122,304,138,292,156,280,171,266,187,251,201,236,215,218,227,200,239,182,250,162,260,142,268,122,275,100,282,78,287,56,290,34,293,11,294,-11,294,-34,293,-56,290,-78,287,-100,282,-122,275,-142,268,-162,260,-182,250,-200,239,-218,227,-236,215,-251,201,-266,187,-86,53,-3103,-115,-773,-354,-306,236,-1724,-1366]]]
3514450	p	3530597
3827407	p	3530597
3514783	r	-96.5874,18.7546,-95.8631,19.5486	[[[-965874,191800,10,-278,7,-71,1069,-2428,24,-28,201,-203,213,-190,227,-177,238,-162,248,-147,258,-131,267,-115,274,-98,280,-81,285,-63,289,-46,291,-27,293,-9,293,9,291,27,289,46,285,63,280,81,274,98,267,115,258,131,172,102,-19,5,-355,161,-224,180,212,118,229,-57,317,-305,154,105,46,35,-46,31,-359,328,-201,258,-181,313,-145,368,-140,703,-69,122,-140,27,-260,-4,-240,51,-202,128,-160,176,-111,192,-144,505,-95,143,-63,184,-34,236,-98,138,-255,-107,-115,72,-26,146,53,-3,17,-10,95,-150,-14,-30,-16,-15,42,31,-110,173,-16,5,-111,4,-43,30,-49,-3,-44,11,-51,56,-45,9,-538,437,-238,131,-121,180,-81,216,-63,378,-144,327,-15,141,104,242,-52,192,-337,372,-108,175,-34,117,-3,-2,-248,-147,-238,-162,-227,-177,-213,-190,-174,-176,-741,-1423,-369,-969,-17,-162,-10,-278]]]
3526617	n	-97.3843,19.1591,-96.5561,19.7561	[[[-973843,194259,1,-23,27,-263,45,-260,63,-258,81,-252,98,-248,115,-240,131,-233,147,-224,162,-215,5,-6,2216,-446,3601,163,695,32,52,53,177,204,162,215,147,224,131,233,115,240,98,248,13,42,-1707,736,49,63,121,190,99,201,79,209,57,215,34,219,12,222,-12,222,-34,219,-57,215,-79,209,-99,201,-121,190,-139,178,-157,165,-173,149,-188,132,-201,114,-211,95,-220,75,-227,54,-231,32,-234,11,-234,-11,-231,-32,-227,-54,-220,-75,-211,-95,-201,-114,-188,-132,-173,-149,-157,-165,-139,-178,-121,-190,-99,-201,-79,-209,-38,-143,-450,194,-1792,-1671,-83,-77]]]
3522551	r	-100.1865,26.8848,-99.3255,27.9482	[[[-1001864,274800,15,-389,42,-388,71,-384,99,-379,127,-373,153,-365,180,-354,206,-344,230,-331,254,-316,277,-301,298,-285,318,-266,337,-247,355,-227,370,-206,385,-183,397,-161,408,-137,417,-113,425,-89,430,-63,434,-38,436,-13,436,13,434,38,430,63,425,89,220,59,-5,5,-110,133,-398,290,-94,84,-42,109,2,205,-26,112,-65,79,-80,18,-87,4,-86,30,-153,110,-38,57,-180,224,197,326,26,87,-20,92,-43,72,-45,58,-23,45,22,202,145,432,38,192,-20,194,-69,178,-109,164,-143,153,-29,17,-114,51,-25,34,-20,81,-17,28,-61,34,-27,34,-82,18,-20,-5,-158,56,66,105,172,170,36,94,11,106,31,78,-127,-1,-1,0,33,61,25,19,4,3,43,64,4,30,-7,15,-3,6,-2,53,32,67,21,119,0,28,-23,53,-8,54,-52,156,5,64,30,94,36,39,18,20,35,57,5,41,6,45,8,14,24,17,4,3,-1,4,-1,11,-4,35,-16,48,-12,13,-7,8,-18,20,-20,13,-16,8,-7,0,-40,27,-7,3,-35,5,-39,17,-4,2,-10,0,-58,-10,-2,1,-19,-3,-38,4,-41,-18,-48,-10,-28,1,-22,16,8,61,23,74,-4,67,-2,29,11,42,20,74,5,110,28,86,18,16,23,21,11,41,28,49,-7,11,-37,54,-88,42,-49,37,-64,119,-18,65,-9,29,-22,40,-99,67,-1,0,-42,28,-7,-8,-168,49,-59,43,-89,143,-50,-18,-16,34,45,17,-10,17,-99,43,-59,-22,-34,1,-30,-7,-60,-30,-22,31,-39,4,-29,-49,20,-21,-81,-40,-114,-4,-37,42,-101,171,-31,28,-3,-2,-32,22,-16,6,-9,0,-13,6,-52,-7,-59,0,-72,26,-29,71,-61,-53,-28,-80,12,35,-24,0,-53,40,-50,69,-124,173,-76,44,-28,87,-7,10,-81,-51,-67,67,53,29,-8,13,32,17,14,-19,11,7,-15,20,-34,-18,-19,37,11,4,-8,16,76,27,-27,58,-69,38,-179,52,-94,46,-122,127,-86,134,-116,95,-12,10,-247,44,-1,54,-118,114,-134,99,-52,12,-13,96,28,218,-15,96,-75,88,-93,47,-78,56,-33,112,86,156,39,102,-25,47,-155,64,-175,153,-156,181,-12,19,-283,-207,-318,-266,-298,-285,-277,-301,-254,-316,-230,-331,-206,-344,-180,-354,-153,-365,-127,-373,-99,-379,-71,-384,-42,-388,-15,-389]]]
3532497	p	3530597
3985241	p	3995465
3981369	p	3981461
3827598	p	3529612
6957079	p	3530597
3514519	p	3530589
3526700	p	3530597
3996322	r	-107.0097,22.4867,-105.3664,24.1949	[[[-1070097,239546,1077,-1080,287,-483,123,-431,162,-197,183,-178,131,-180,93,-470,109,-203,426,-135,180,-124,291,-297,221,-314,149,-166,261,-123,79,-117,109,-242,35,-45,-4,-21,772,-689,585,-748,28,-99,-94,-59,25,-68,-12,-3,-60,24,3,-57,219,-211,53,-96,3,-36,-22,-8,19,-14,-20,-8,23,-59,87,-85,42,-108,177,-92,57,-50,-18,-342,20,-81,39,-19,-35,-68,36,-1,20,32,97,-16,24,23,0,28,16,7,40,25,-23,8,149,-48,654,-534,367,-362,334,-243,5,6,104,-49,184,-59,84,-62,1883,-2218,105,105,113,83,124,56,137,23,-199,-267,24,-69,44,-45,43,-33,19,-33,65,-61,420,-243,171,-156,443,-533,809,-743,332,-480,94,-559,68,0,89,115,94,-47,90,-130,68,-142,-160,-101,70,-174,4,4,503,436,472,465,437,493,402,519,364,542,325,562,284,581,243,597,200,611,157,621,112,630,68,634,22,638,-22,638,-15,138,-3372,6397,-180,156,-533,405,-560,372,-586,337,-608,300,-628,264,-645,224,-660,186,-671,144,-681,104,-686,63,-689,21,-689,-21,-686,-63,-198,-30,-4324,-2289]],[[-1064796,232503,60,11,6,51,-23,22,-35,-10,-8,-74]],[[-1064711,232342,74,-61,6,78,-22,10,-22,21,-36,-48]]]
4004330	r	-101.7717,20.3575,-100.981,20.8669	[[[-1017717,206458,1672,-2883,2093,1096,-35,57,-23,14,-12,17,-7,38,4,17,13,14,26,0,10,-20,1,-37,14,-14,13,-3,23,15,6,20,16,17,2,11,-11,22,5,18,27,-28,20,-7,46,19,22,18,56,6,22,19,19,32,6,56,21,71,-12,25,0,21,-20,26,3,25,26,56,-14,39,13,27,37,20,37,37,27,7,50,37,22,7,43,0,37,-11,10,3,3,13,-14,23,-3,25,11,38,15,11,49,-28,3,-2,24,-29,43,-24,31,3,13,-5,20,-36,17,2,19,12,40,-1,9,30,30,0,12,-12,1,-4,-11,-27,0,-46,-10,-28,3,-11,4,-2,2,-4,5,2,5,-2,28,15,-8,19,10,19,31,18,42,14,16,-8,13,10,9,-23,22,13,106,-10,4,-14,-21,-5,2,-73,-22,-42,-64,-41,9,-45,12,-21,-27,5,-12,-7,-5,-65,5,-23,-5,1,-9,-15,11,-1,-1,-10,-13,4,3,-10,137,58,32,1,52,-56,21,4,63,-6,9,-8,41,-9,3,-32,36,-107,0,-43,23,4,1,-17,12,2,0,48,38,-1,21,-15,23,-142,-12,-36,92,5,5,-36,-7,-1,-7,-26,-31,-19,3,-14,54,-12,0,8,10,3,-1,27,17,61,61,-52,5,13,44,25,7,-2,4,11,29,13,37,29,19,31,1,21,94,16,190,-31,-3,77,9,23,151,62,95,3,8,4,13,-17,-2,-22,22,-31,13,0,16,27,12,-20,23,12,17,-14,4,-15,34,-1,1,-26,21,0,11,5,5,12,-10,28,-3,48,24,29,45,21,6,14,33,0,1,-18,31,-25,0,-19,19,-16,43,-67,36,-4,7,-15,10,-3,2,-12,-13,-30,2,-9,17,-18,23,-10,11,-17,79,-18,-1,-30,-13,-12,6,-10,16,0,-6,-22,11,-17,-20,-22,3,-24,21,-10,12,-19,1,-23,71,-38,66,58,28,-40,7,-21,21,-19,50,0,37,173,82,-12,11,-23,67,-21,28,33,75,-3,1,59,-22,1,-1,20,0,3,15,1,5,25,-29,-10,-3,12,33,22,0,156,52,293,-30,9,-33,-28,-20,1,-22,-8,-50,13,-44,-12,-13,8,-41,8,-23,33,-45,22,-5,24,13,30,-6,19,-20,19,-64,5,-15,-6,173,397,6,0,-2,8,820,1888,-552,645,-310,-36,0,16,-55,70,12,176,-6,32,-86,150,-60,19,12,49,-21,9,-7,-6,-7,0,-5,0,-34,0,-29,7,-15,4,-3,-2,-9,-5,-46,5,-7,8,-36,-16,-19,2,-11,-8,-48,5,-11,2,-44,-9,-40,-34,-4,-12,-14,-9,-6,-15,-1,-3,-18,-17,-126,-77,-1,1,3,5,-374,-73,-305,-80,14,-26,-64,-57,-44,-3,-76,10,-4,-7,-129,30,-119,132,-15,-126,-234,81,-194,7,-39,-3,-3,-86,-25,-1,-23,9,-133,19,5,39,-72,5,-17,0,-8,-6,-16,8,-132,9,1,14,1,10,-210,14,-6,26,-10,0,-19,33,-43,3,-4,-56,-375,29,-10,-114,-10,-309,-36,-8,-92,1,1,18,-322,-26,29,-55,-227,-75,-2220,-496,-744,-916]]]
3827408	p	3530597
3827406	p	3530597
3516266	r	-92.8033,14.5463,-92.0738,15.4697	[[[-928033,151121,1034,-1130,1921,-1920,530,-516,-5,-4,-67,62,-10,0,-26,-29,101,-88,25,-33,153,-125,28,-29,3,-13,-6,-4,5,-6,9,-6,-2,7,13,0,8,-10,-2,-7,-5,2,4,-7,9,-9,0,5,8,1,9,-7,1,-11,-6,0,9,-20,-9,-10,8,5,10,-8,150,-139,-2,-11,10,5,35,-35,4,-10,-28,-27,8,-39,-49,-27,35,17,251,-184,377,-312,266,-236,26,-32,29,30,-2,38,3,3,111,-101,551,-644,45,-44,202,30,180,212,76,204,144,387,214,386,39,153,-9,188,-177,493,-7,72,13,146,-6,78,-93,247,-21,83,-9,211,49,120,208,235,113,300,-29,622,34,329,118,116,84,23,8,19,19,4,-1,16,30,-9,5,26,7,4,38,-9,18,-25,16,-3,4,0,17,36,29,-25,112,47,102,115,198,443,-941,1187,31,25,10,49,10,9,-216,270,-67,-14,-21,15,-5,-13,7,-11,-6,-6,-98,124,-75,162,-3,121,-1,66,66,174,185,309,488,814,290,485,-374,85,-378,60,-381,37,-383,12,-383,-12,-381,-37,-378,-60,-374,-85,-366,-108,-359,-131,-349,-154,-338,-176,-325,-197,-312,-217,-296,-237,-280,-254,-262,-273,-243,-288,-223,-303,-202,-316,-59,-107,46,-27,121,-174,81,-411,108,-204,-158,58,-108,145,-62,188,-19,186,-88,85,-4,2,-39,-70,-158,-340,-23,-59]]]
3514670	n	-93.1621,17.7639,-92.7039,18.2161	[[[-931621,179141,40,-106,99,-201,119,-190,138,-178,155,-165,172,-149,186,-132,199,-114,209,-95,219,-75,224,-54,230,-32,231,-11,231,11,230,32,224,54,219,75,209,95,199,114,186,132,172,149,155,165,138,178,119,190,99,201,79,209,56,215,34,219,11,222,-11,222,-34,219,-56,215,-79,209,-99,201,-119,190,-138,178,-155,165,-172,149,-186,132,-199,114,-209,95,-219,75,-224,54,-230,32,-231,11,-231,-11,-230,-32,-224,-54,-219,-75,-209,-95,-199,-114,-186,-132,-172,-149,-155,-165,-138,-178,-119,-190,-95,-194,-13,-480,-31,-1151]]]
4014875	r	-101.0807,20.2219,-100.6105,20.7528	[[[-1010807,205235,15,6,64,-5,20,-19,6,-19,-13,-30,5,-24,45,-22,23,-33,41,-8,13,-8,44,12,50,-13,22,8,20,-1,33,28,30,-9,-52,-293,0,-156,-33,-22,3,-12,29,10,-5,-25,-15,-1,0,-3,1,-20,22,-1,-1,-59,-75,3,-28,-33,-67,21,-11,23,-82,12,-37,-173,-19,0,752,-1655,887,-495,989,455,2026,321,-247,3939,-3252,503,-49,22,-157,69,-820,-1888,2,-8,-6,0,-173,-397]]]
3529947	r	-99.5971,18.4983,-98.8841,19.1458	[[[-995971,189190,4,-119,6,-62,513,-454,2770,-3212,665,-360,55,2,241,23,238,37,73,16,50,295,285,1659,793,1172,-206,122,-4,52,0,2,21,20,5,17,-27,47,78,38,3,40,9,18,-15,6,-1,20,5,7,1,1,1,1,23,6,209,-40,35,-2,16,23,41,8,66,27,-9,11,1,35,-8,24,-27,19,8,19,108,-29,1,1,59,-15,4,8,61,39,69,75,21,20,15,16,1,0,5,-4,8,6,19,-3,16,-14,-12,-2,92,11,0,5,23,3,10,29,16,-4,3,9,25,0,27,21,8,-1,5,9,25,3,6,11,15,5,4,17,21,3,44,22,24,24,-29,14,-26,41,-31,10,-13,11,-11,-2,-29,-23,-53,3,-30,24,44,122,-13,50,-1,21,6,10,-15,38,690,1019,-873,337,-633,167,-85,-57,-135,-223,-54,-48,-333,70,-300,64,-100,272,-914,68,-519,356,-84,140,-480,-116,-1740,-1324,-880,-827]]]
3981941	r	-105.4877,20.9431,-104.2524,22.1072	[[[-1054877,217170,248,-455,145,-405,343,-299,227,-118,718,-438,386,-171,175,-150,136,11,61,127,137,-23,125,-77,97,-114,78,-129,43,-202,92,-193,16,-104,-179,-83,-169,-272,-107,-189,-126,-465,174,-582,96,-795,-168,-214,32,-279,-95,-239,39,-84,4689,-1545,764,-252,49,14,391,137,380,162,368,184,354,206,339,228,323,248,304,267,286,285,264,302,243,318,221,332,196,345,173,356,147,365,121,374,94,381,68,385,41,389,14,391,-14,391,-41,389,-68,385,-94,381,-121,374,-147,365,-173,356,-196,345,-221,332,-243,318,-264,302,-286,285,-304,267,-323,248,-339,228,-354,206,-368,184,-380,162,-391,137,-399,114,-406,88,-412,64,-415,38,-417,13,-417,-13,-415,-38,-412,-64,-406,-88,-399,-114,-391,-137,-380,-162,-368,-184,-354,-206,-339,-228,-323,-248,-304,-267,-286,-285,-264,-302,-243,-318,-221,-332,-196,-345,-173,-356,-86,-215]]]
3530580	n	-99.3853,23.5139,-98.8947,23.9661	[[[-993853,237400,11,-222,36,-219,58,-215,81,-209,103,-201,124,-190,144,-178,161,-165,179,-149,193,-132,206,-114,218,-95,227,-75,233,-54,239,-32,240,-11,240,11,239,32,233,54,227,75,218,95,206,114,193,132,179,149,161,165,144,178,124,190,103,201,81,209,58,215,36,219,11,222,-11,222,-36,219,-58,215,-81,209,-103,201,-124,190,-144,178,-161,165,-179,149,-193,132,-206,114,-218,95,-227,75,-233,54,-239,32,-240,11,-240,-11,-239,-32,-233,-54,-227,-75,-218,-95,-206,-114,-193,-132,-179,-149,-161,-165,-144,-178,-124,-190,-103,-201,-81,-209,-58,-215,-36,-219,-11,-222]]]
3982912	p	3985606
4013704	n	-110.1932,27.2639,-109.6868,27.7161	[[[-1101932,274900,13,-222,36,-219,60,-215,84,-209,106,-201,128,-190,148,-178,167,-165,184,-149,200,-132,213,-114,224,-95,234,-75,241,-54,246,-32,248,-11,248,11,246,32,241,54,234,75,224,95,132,70,-18,20,45,-1,1,158,-140,1,1,379,400,-2,48,-51,58,93,-78,60,0,440,55,0,9,-286,263,-7,184,-64,67,99,-185,169,289,167,45,-40,54,133,60,215,36,219,13,222,-13,222,-36,219,-60,215,-84,209,-106,201,-128,190,-148,178,-167,165,-184,149,-200,132,-213,114,-224,95,-234,75,-241,54,-246,32,-248,11,-248,-11,-246,-32,-241,-54,-234,-75,-224,-95,-213,-114,-200,-132,-184,-149,-167,-165,-148,-178,-128,-190,-106,-201,-84,-209,-60,-215,-36,-219,-13,-222]]]
3526682	p	3530589
3530517	r	-94.8123,17.0692,-93.97,18.4516	[[[-948123,183282,283,-573,0,1,1,-1,1434,-8661,393,-2375,3879,-980,484,174,615,267,2,1,1332,1324,0,4635,-1691,1166,195,174,203,208,188,219,173,230,156,241,140,251,123,258,104,265,86,272,68,276,48,280,29,282,6,188,-51,-23,-158,-166,-108,-11,-61,120,10,82,-40,6,376,193,12,127,-69,198,-160,-29,-8,15,31,5,-40,71,-45,-9,-25,-44,-57,57,-93,-52,-77,4,40,-74,-71,33,-42,-29,-80,33,-71,92,-225,110,-105,-59,44,-107,-96,-34,-132,32,-51,-20,-74,62,-2,120,-49,-27,-722,-184,-345,-49,0,5,16,7,0,20,-355,-77,-7,-5,-780,-112,-180,-67,-124,-16,-215,-7,-13,2,-50,69,48,-69,-80,-16,2,79,-6,5,2,-85,-39,-12,-192,-31,-215,-24,-82,-5,-151,2,-165,66,-307,30,-124,56,-317,221,-59,15,-474,955,-244,285,-653,610,-206,320,-179,448,-558,-1234],[-946360,178522,71,13,0,-1,-71,-12],[-946205,178312,65,3,0,-1,-65,-2],[-945971,181277,6,-11,116,-50,-116,49,-6,12],[-945879,179808,3,33,1,0,-4,-33],[-945719,178119,11,10,-10,-10,-1,0],[-945708,176459,98,95,-97,-95,-1,0],[-945696,180941,0,1,186,-234,-186,233],[-945154,180647,0,1,13,9,-13,-10],[-944811,176426,11,-10,-1,0,-10,10],[-944733,175406,4,30,1,1,-5,-31],[-944655,174877,0,1,36,2,-36,-3],[-944578,174872,23,-23,0,-1,-23,24],[-944432,176113,2,0,17,-8,-19,8],[-943810,179125,19,-8,49,-92,-49,91,-19,9],[-942736,178498,101,1,1,-1,-102,0],[-942217,174498,1,0,73,-155,-74,155],[-942154,173493,2,-13,45,-72,29,-156,-30,156,-45,72,-1,13],[-942117,173690,3,-50,-1,-1,-2,51],[-942076,174990,42,-80,-23,-20,22,20,-41,80],[-942018,173734,30,26,5,25,-5,-26,-30,-25],[-941845,176874,58,-66,0,-25,-1,25,-57,66],[-941632,176430,39,-30,39,-13,-39,12,-39,31],[-941393,175774,133,79,14,22,-13,-22,-134,-79]],[[-941134,182199,828,236,12,4,-552,-117,-270,-113,-18,-10]]]
3516355	r	-98.5401,21.9454,-97.6927,23.118	[[[-985401,223490,1162,-2749,2002,1036,70,-176,99,-202,112,-196,126,-189,139,-180,151,-172,163,-162,112,-98,276,238,131,-149,146,-145,156,-136,166,-127,174,-116,181,-105,189,-94,195,-82,200,-71,205,-58,208,-45,211,-32,213,-20,214,-6,214,6,213,20,211,32,208,45,205,58,93,33,-187,416,-72,193,-86,112,-169,362,-41,228,135,-321,552,-942,170,72,27,13,-679,1178,-108,358,-29,1218,-249,653,-14,24,-47,80,-38,111,-7,45,-150,-37,-113,339,-181,757,217,249,-175,590,199,818,5,275,-18,158,-29,100,-57,6,-100,-128,-33,-136,40,-307,-7,-103,-84,-94,-117,-58,-119,2,-90,82,-22,142,38,151,343,732,-23,200,-193,208,267,-70,68,9,50,64,-8,140,32,75,334,326,76,145,303,1037,106,112,12,-161,-11,-578,115,1228,-114,1246,-337,73,-505,78,-510,46,-511,16,-511,-16,-510,-46,-505,-78,-498,-108,-490,-138,-479,-168,-235,-99,-2773,-7037],[-979828,223021,1,5,9,-2,-10,-3],[-979022,223265,105,-19,-13,-3,-14,2,-78,20]],[[-978432,226849,256,99,215,290,116,320,-41,190,-98,-123,-169,-423,-66,-86,-152,-155,-61,-112]]]
4003757	p	4005492
3515463	p	3530597
3984583	p	3995465
3980760	r	-102.5692,18.9109,-101.7141,19.7231	[[[-1025692,195366,7981,-6257,158,80,338,200,74,50,-397,1709,-1087,4688,-2396,1395,-4671,-1865]]]
3530757	p	3521081
3522732	p	3515807
3513966	p	3529612
3530569	p	3529612
4004886	r	-111.6208,30.7244,-110.2592,31.4991	[[[-1116208,313100,15,-383,44,-381,72,-378,101,-374,130,-366,157,-359,184,-349,210,-338,235,-325,259,-312,283,-296,304,-280,325,-261,345,-244,362,-223,378,-202,393,-181,406,-158,417,-135,426,-111,434,-87,439,-62,444,-38,445,-13,445,13,444,38,439,62,434,87,426,111,417,135,406,158,393,181,378,202,362,223,345,244,325,261,304,280,283,296,259,312,235,325,210,338,184,349,157,359,130,366,101,374,72,378,44,381,15,383,-7,172,-4408,0,0,60,-3547,-8,-117,12,-274,89,-514,166,-515,165,-515,165,-514,166,-515,166,-515,166,-515,164,-514,167,-780,241,-4,-9,-130,-366,-101,-374,-72,-378,-44,-381,-15,-383]]]
4005775	p	3981254
3997479	r	-109.3197,25.5002,-108.6804,26.0798	[[[-1093197,257900,7,-190,21,-188,14,-82,129,-85,83,-111,12,-33,25,-16,26,-28,11,-60,-19,-50,-90,-76,-27,-48,-1,-15,53,-127,86,-173,99,-167,41,-60,98,2,354,-107,259,-246,217,-276,234,-196,38,197,-166,215,-684,528,-82,84,-58,110,-27,115,42,45,257,-173,313,-135,125,-24,95,-43,68,-99,79,-206,121,-235,131,-113,176,10,255,133,261,-74,204,144,320,449,203,134,484,140,241,102,160,135,148,315,142,201,221,404,118,119,99,-151,-39,-153,20,3,54,110,97,61,38,59,16,-11,20,32,131,-70,149,229,46,40,27,-14,61,85,42,2,40,41,109,-202,151,-191,114,-1,0,-61,63,32,91,-45,-4,-429,251,521,-6,157,-21,188,-34,187,-47,185,-61,181,-74,178,-86,173,-99,167,-110,161,-122,154,-133,147,-143,138,-152,130,-162,120,-170,110,-178,101,-184,89,-191,78,-195,67,-201,55,-203,43,-207,31,-208,19,-209,6,-209,-6,-208,-19,-207,-31,-203,-43,-201,-55,-195,-67,-191,-78,-184,-89,-178,-101,-170,-110,-162,-120,-152,-130,-143,-138,-133,-147,-122,-154,-110,-161,-99,-167,-86,-173,-74,-178,-61,-181,-47,-185,-34,-187,-21,-188,-7,-190]],[[-1091161,255363,226,-232,108,-30,203,-43,207,-31,208,-19,209,-6,25,1,457,36,6,-1,136,20,203,43,201,55,81,28,29,55,-16,24,-51,62,-35,106,1,171,68,31,127,-37,87,-13,80,151,77,82,-19,96,66,-27,-14,-70,75,-17,-44,61,44,19,-35,85,-95,143,-43,121,-43,3,-66,932,68,129,92,101,-106,11,117,108,127,11,80,132,26,-14,26,40,-56,29,18,25,-15,4,-12,-49,-398,-322,-96,-195,22,-323,-28,-65,-45,-2,-55,-28,-31,-26,-25,-66,15,-40,20,-37,-10,-55,-102,-139,-532,-486,-79,-17,-38,-41,-8,-47,17,-118,-9,-46,-71,-128,-19,-62,-26,-2,-95,49,-56,194,-72,92,-108,-40,-77,-8,-339,116,-127,-42,-69,-100,-46,-118,-62,-94,-62,-40,-217,-90]]]
3522210	r	-99.1097,19.7785,-98.5084,20.4884	[[[-991097,202020,318,-796,2416,-2409,828,-455,1621,-575,830,6443,-51,35,-217,127,-225,114,-232,99,-239,85,-244,70,-248,55,-251,39,-254,24,-255,8,-255,-8,-254,-24,-251,-39,-248,-55,-244,-70,-239,-85,-232,-99,-225,-114,-217,-127,-207,-141,-197,-153,-186,-164,-175,-176,-161,-187,-149,-196,-134,-204,-121,-213,-105,-219,-90,-226,-74,-231,-33,-133]]]
3522507	r	-97.0628,16.7285,-96.3666,17.4001	[[[-970628,171421,379,-109,-16,-43,-60,-189,-47,-192,-33,-195,-20,-196,-7,-197,7,-197,20,-196,33,-195,47,-192,60,-189,72,-185,84,-179,97,-174,108,-168,119,-160,130,-153,141,-144,149,-135,159,-125,166,-115,174,-104,181,-93,187,-81,191,-70,196,-57,200,-45,202,-32,204,-19,205,-7,205,7,204,19,202,32,200,45,196,57,191,70,187,81,181,93,174,104,166,115,159,125,149,135,141,144,130,153,119,160,108,168,97,174,84,179,72,185,60,189,17,70,393,-113,11,30,68,213,52,216,38,220,22,222,8,222,-8,222,-22,222,-38,220,-52,216,-68,213,-81,209,-96,202,-109,197,-122,189,-134,181,-147,172,-158,162,-169,152,-179,141,-188,130,-196,118,-204,105,-211,91,-216,79,-221,64,-226,51,-228,36,-230,22,-231,7,-231,-7,-230,-22,-228,-36,-226,-51,-221,-64,-216,-79,-211,-91,-204,-105,-196,-118,-188,-130,-179,-141,-169,-152,-158,-162,-147,-172,-134,-181,-122,-189,-109,-197,-96,-202,-81,-209,-68,-213,-14,-59]]]
4000900	r	-112.0068,23.114,-109.6949,25.7128	[[[-1120068,245144,51,-81,261,-85,348,-142,146,-155,113,-34,69,-73,364,-183,259,-213,379,-287,492,-330,198,-180,307,-382,-22,185,90,126,74,166,-34,66,-19,24,46,-58,247,50,51,-39,264,38,412,94,360,-27,284,-41,698,-285,-17,29,-662,258,812,-316,90,-14,-55,9,18,-20,1637,-814,440,-211,648,-406,-317,199,295,-202,354,-176,310,-160,250,-166,430,-266,231,-190,66,-137,228,-141,334,-266,221,-158,373,-386,111,-99,24,-128,114,-19,179,-114,358,-316,625,-697,600,-597,104,-110,702,-598,617,-387,1160,-465,-1074,430,184,-79,1196,-498,361,-200,256,-173,-8,5,36,-30,259,-233,199,-259,-49,64,212,-379,110,-99,34,-56,15,4,181,-289,108,-209,18,-73,-30,-29,36,-34,3,-62,61,5,-19,-33,110,-59,20,-58,-24,-64,61,-26,16,-73,127,-137,115,-252,42,-49,50,-12,73,-127,75,-296,6,-223,41,-50,16,-290,194,-667,33,-223,99,-261,728,247,447,310,-24,-246,52,-25,45,166,502,-241,61,290,-355,151,8,15,47,-36,53,0,138,78,-267,514,187,-146,66,58,22,340,123,132,121,-8,-378,688,-62,413,-434,-6,-129,75,309,96,67,563,523,223,827,-577,72,353,-283,37,-597,288,24,1209,356,-321,321,64,-17,136,90,162,371,-135,64,140,161,-108,159,42,21,48,95,60,-5,59,39,45,157,29,25,56,78,32,133,-20,90,22,105,91,97,27,-24,62,-20,-5,3,96,-23,16,61,16,28,140,-50,146,-5,100,-115,185,-10,73,46,23,-25,87,-24,-90,27,100,12,287,99,224,-82,-186,92,180,-14,10,-204,176,63,-54,-80,147,-127,109,6,-37,-11,65,-68,36,-309,340,-130,46,-78,65,-37,28,-56,46,13,-35,-27,69,-60,35,23,-13,-6,8,-53,26,-107,62,-46,65,31,-56,-114,206,71,-128,-69,181,-18,137,28,99,4,17,1,4,0,1,36,139,-9,79,24,36,58,-2,137,122,15,89,48,35,15,84,-22,28,0,7,-37,58,-80,13,67,-11,-5,7,-107,56,-37,91,-4,23,7,-94,-16,207,-20,11,-525,-232,274,121,-364,-131,-411,-82,-177,71,-4,4,-8,0,-26,11,-180,6,-97,38,-44,25,7,-11,-35,58,-6,123,1,64,-9,25,-47,400,-43,47,16,132,-60,85,-44,217,-40,38,-68,76,-120,20,93,-16,-112,65,-146,85,-81,32,77,-39,-109,56,-63,79,32,-40,-19,37,-105,28,-54,84,42,-65,-28,58,-68,39,-33,33,-132,14,-55,29,46,-32,-154,105,-70,-13,34,7,-56,12,-100,97,-10,8,0,5,-51,51,-70,12,47,-8,-17,14,-41,11,-14,22,-167,26,-46,12,-37,74,-72,92,-2,100,-21,27,15,-22,-86,128,-84,44,27,-14,-12,10,-114,35,-61,71,4,-49,-4,58,-156,77,-26,32,1,-20,-3,90,5,48,-6,-4,43,35,29,15,-38,75,-16,8,27,-37,-27,38,-75,18,74,-18,-119,64,-7,-9,-37,-40,-328,78,-28,-21,-74,5,66,-10,-107,16,-11,-39,-25,-48,-3,-2,-57,-45,-205,-39,-63,-61,-59,-129,3,-117,31,-132,-20,-42,39,-59,-43,-62,27,-190,13,3,78,-118,83,-9,-38,4,44,-27,84,-39,-7,-76,40,42,-57,-60,-2,-74,6,-2,-3,-19,96,-11,6,-2,9,-22,-45,-340,-188,-57,-9,2,1,3,-50,15,-36,-1,16,-3,-45,9,-260,-46,216,38,-82,-2,-528,-12,-508,71,-328,75,-112,25,411,-95,-506,117,-538,165,58,-18,-65,25,-48,41,30,-26,-19,54,5,13,-117,63,-34,72,-18,66,-70,28,60,-32,-292,156,9,-5,-48,141,-133,156,-131,245,31,57,-122,66,97,-59,-146,88,18,-10,-15,56,-266,317,32,125,-49,85,12,53,-28,-54,36,69,-5,13,2,-5,3,13,-15,24,-4,9,18,19,-68,36,16,-9,-64,87,-1,50,1,-39,45,72,-38,84,2,105,-2,-103,4,105,74,106,-46,-66,49,57,-13,99,-15,118,-282,317,-82,100,-52,83,2,63,-63,222,-30,81,-4,-9,47,110,-22,-53,32,33,-26,95,-46,180,10,131,-5,200,63,171,5,29,-77,-212,85,235,12,110,12,79,40,129,-37,-67,105,191,113,99,15,4,117,18,56,103,-13,45,12,153,-3,-42,16,49,81,171,146,169,4,72,-12,-64,33,172,-1,-3,18,68,-14,38,6,39,40,96,-75,38,1,58,-12,18,-16,51,-59,63,-2,4,-13,140,-19,26,-22,36,-55,72,15,83,-15,29,-37,67,5,44,-14,-33,17,40,33,29,-18,10,2,5,-49,13,32,-9,-35,21,0,1,2,48,-112,79,-22,16,0,61,-25,4,-15,6,19,43,-12,-27,15,14,55,13,2,2,-21,20,26,-24,2,15,0,-3,7,7,-5,5,1,2,-63,64,-43,-10,-12,-2,-65,29,39,-31,-57,46,9,53,-30,33,-1,18,-35,7,17,-4,-48,54,-59,102,-2,-31,3,37,-6,2,-2,4,-127,115,-16,101,0,14,1,0,-29,46,28,-44,-4,116,3,9,-16,35,-6,22,-72,35,5,34,5,4,-4,4,4,21,-24,31,19,56,-12,8,18,8,-204,112,-55,73,-3,5,-70,40,-16,-11,-10,-1,-2,-8,-6,-4,-6,-32,-33,-15,-178,47,2,-1,-18,19,-96,110,19,107,-15,-86,27,90,-59,64,-135,33,143,-49,-172,60,-7,4,-9,42,-70,27,69,-35,-142,72,-22,128,-39,60,-2,63,-56,53,-15,45,10,40,-68,50,9,25,-133,52,-110,113,-65,172,-18,177,66,43,-23,45,-68,53,-76,183,-92,50,-80,191,15,114,-74,93,-14,67,48,118,40,-5,38,47,-38,64,17,48,25,21,-64,27,-67,42,6,74,33,22,-39,78,-92,73,8,57,-162,68,-75,72,-28,170,-144,232,-42,101,-29,240,-96,73,-69,167,-51,65,-9,114,71,32,-13,111,59,46,-3,63,-73,149,76,72,-47,94,-126,24,-35,31,-37,1,-26,-48,-69,2,-56,46,-50,-13,-42,-44,-85,21,-19,45,63,79,-19,27,-72,-76,-196,12,-36,34,-38,-40,-102,3,-101,46,-51,90,-88,50,-73,145,-6,74,-52,42,-131,29,-56,145,-384,-188,-998,-570,-955,-629,-909,-685,-858,-738,-803,-788,-746,-835,-684,-878,-621,-917,-554,-952,-411,-834,91,-115,200,-187,199,-124,7,-72,-38,-31,-222,148,-34,-41,124,-137,229,-169,204,-240,198,-204,172,-155,142,-323,198,-515,-41,-247,-20,-112,13,-176,68,-105,116,69,98,46,104,-50,62,9,-459,-431,16,15,-22,88,-95,57,-76,138,12,128,-133,-30,-138,107,-167,-29,-237,13,-554,-6,-114,2,-174,92,-178,-133],[-1118184,244672,142,-17,63,-40,-55,35,-68,12,-82,10],[-1118031,245465,148,-43,228,-37,168,37,78,31,-302,-284,26,24,-140,84,-206,188],[-1117812,244625,3,0,1,0,-4,0],[-1117509,244424,8,-5,1,-10,-9,15],[-1117403,244248,-1,-5,-9,15,10,-10],[-1117336,244060,69,-42,36,-75,-7,15,-4,4,-36,63,-58,35],[-1117330,245440,1,-1,47,-31,-38,4,-10,28],[-1117231,243943,121,-78,49,-67,-1,0,-137,124,-32,21],[-1116997,243589,25,51,-11,23,17,-35,-23,-55,-8,16],[-1116988,245776,33,33,0,3,2,-2,-35,-34],[-1116941,243791,29,25,45,-12,-60,-73,4,8,-18,52],[-1116913,245869,28,-1,-1,1,19,-25,-17,0,-29,25],[-1116862,245867,55,-3,141,258,-156,-286,-40,31]],[[-1119812,247423,55,-11,90,30,-57,46,-42,47,-46,-112]],[[-1108055,256444,196,-400,206,-105,121,42,-64,497,-71,280,46,178,-79,20,-34,172,-91,-25,-94,-150,-117,-204,-19,-305]],[[-1107339,252778,41,-115,9,-63,91,-6,64,49,62,73,32,175,100,139,45,54,-12,43,-58,-57,-83,-9,-100,-2,-179,-179,-12,-102]],[[-1107174,250543,9,-53,0,-91,32,-107,84,7,80,-101,147,5,64,-91,18,-139,10,-93,73,-79,56,-91,-3,-85,48,-139,0,-5,2,-1,7,-19,72,-24,46,-26,-6,4,70,-138,-51,-67,-7,-65,11,1,1,-10,177,24,78,-19,14,-7,-4,5,38,-59,112,-42,257,-168,2,-77,-56,-71,-33,-47,-80,-15,115,-15,-19,3,19,-11,74,87,40,6,226,2,127,32,47,37,14,31,-143,170,-69,100,8,-27,-58,178,-10,8,-42,70,-3,27,-124,179,11,92,35,177,-7,48,3,27,-28,95,13,-43,-7,44,-63,72,13,-43,-18,58,2,83,1,10,-78,60,-1,-34,1,39,-11,3,-62,35,6,54,-33,19,-4,12,-39,13,-53,32,-111,8,67,-5,-74,26,-282,73,-258,35,37,-16,-100,44,54,-24,-117,97,-49,58,-75,203,-3,15,-10,19,-6,17,-9,12,3,-6,-21,40,-17,12,-26,36,-45,16,20,-14,-27,19,-41,-55,18,-52,-29,-90,-1,-33,-10,-75,4,-106,4,10,-47,-111],[-1105670,248731,43,7,21,-3,-64,-4]],[[-1106782,237645,307,-306,702,-523,248,-108,-602,378,-655,559]],[[-1106104,249063,150,-61,114,-76,70,-35,-226,147,-107,40,-1,-15]],[[-1105869,248286,7,-4,39,-46,-4,27,5,-39,58,-3,-49,2,10,-11,38,7,-6,-16,54,32,-18,-11,51,-1,2,-62,31,20,-31,-21,27,-17,21,32,-16,-24,36,-1,2,52,-3,4,13,19,-27,37,-18,2,-28,36,2,14,21,95,-10,7,0,1,-21,19,-27,-11,23,9,-5,4,-23,-15,-98,-39,-28,-48,-21,-15,-6,-32,0,-1,-1,-2]],[[-1104157,245696,14,-30,1,-20,84,43,-78,-40,11,-23,92,-35,-22,-39,-60,-13,47,-10,-8,-16,4,-16,31,26,-58,-47,33,-28,7,3,3,-13,112,23,-10,-68,-37,-29,34,8,-3,-22,31,-16,-4,-6,23,-3,59,-31,89,14,-67,-67,-47,-18,-45,0,-73,-36,118,-26,-84,18,-8,-67,8,-5,-13,-9,169,-27,-132,22,60,-37,-39,-69,-17,-14,13,2,6,-36,-1,-2,65,5,-60,-37,3,0,16,-82,1,-2,-4,-4,9,-7,22,-42,3,23,-6,-44,133,57,-122,-52,8,-15,74,-56,7,-3,0,-3,70,25,-67,-24,76,-34,3,-12,-29,-56,74,8,36,-6,9,-31,48,20,-176,-73,-65,-2,43,-18,-14,-4,15,-36,27,29,-47,-50,26,6,12,-29,0,-1,5,19,-9,-35,28,-85,36,34,-3,11,35,33,44,-7,-39,14,157,-56,-78,-154,14,-17,18,17,27,-47,1,-6,-33,-34,36,-60,24,9,196,-15,29,123,-13,-18,66,93,103,47,-54,149,33,-91,23,16,-43,122,12,47,36,56,86,22,64,8,44,115,-14,13,2,7,-14,43,-56,13,-62,115,-10,49,11,11,-33,88,-36,-1,14,0,-75,11,-97,113,-106,73,141,-209,-143,212,-24,14,-78,55,-32,4,-114,29,-61,-43,42,29,-16,2,23,95,-45,-48,54,58,-1,23,4,14,-5,17,0,-11,-3,67,-60,22,44,-16,-7,24,-40,36,-1,20,-63,39,-4,3,-59,78,-9,92,-103,64,-67,12,-37,-58,24,-19,-7,-24,-155,-117]],[[-1104092,244821,8,-23,66,19,25,47,-99,-43]],[[-1099395,243250,212,-341,1,-76,-51,-118,2,-21,-8,-28,18,-50,-5,37,7,-49,287,-736,156,-169,-109,119,35,-51,126,-162,5,-9,-17,-66,-3,-13,101,-41,-38,41,39,-42,3,0,9,-4,283,-32,85,-22,24,3,85,-16,101,-28,22,-9,19,167,-15,-133,37,151,-15,27,1,1,-3,4,-70,132,-15,106,-76,146,-35,80,-19,22,-12,24,-129,153,-69,56,-36,68,-10,26,-78,82,-25,104,-5,5,-1,1,-123,132,-28,80,-54,72,-37,70,-1,1,2,-23,-5,65,-71,142,-112,123,-71,156,-102,103,6,-7,-15,117,-75,109,-21,5,-20,25,-34,0,3,-122,-1,-13,-34,-113,-21,-261]],[[-1099190,242528,60,-171,126,-365,56,-82,-242,618]],[[-1099046,243330,36,-79,96,-105,-7,17,-76,94,-49,73]],[[-1098574,242576,24,-97,68,-72,-92,169]]]
7280708	p	3530597
3516109	r	-97.879,18.0067,-96.9218,18.88	[[[-978790,184600,11,-299,30,-298,51,-295,72,-292,91,-286,110,-280,129,-273,15,-27,4924,-2482,291,46,306,68,300,87,293,105,285,124,277,141,266,158,255,174,242,190,229,205,214,218,199,232,182,243,166,254,148,264,129,273,110,280,91,286,72,292,51,295,30,298,2,53,-65,62,-4046,2684,-387,257,-2175,1443,-77,-33,-2384,-2265,-72,-152,-110,-280,-91,-286,-72,-292,-51,-295,-30,-298,-11,-299]]]
3523760	p	3530597
3991328	r	-105.6987,20.0611,-104.6367,21.1229	[[[-1056987,204069,85,-220,148,-322,197,-395,271,-132,198,-271,157,-273,91,-79,173,-103,78,-92,57,-167,64,-537,202,-119,342,-172,354,-151,363,-129,372,-106,378,-83,383,-60,386,-35,388,-12,388,12,386,35,383,60,378,83,372,106,363,129,354,151,342,172,330,194,315,213,300,232,283,250,266,267,246,282,226,298,205,310,183,323,160,333,137,342,113,350,88,357,63,360,38,364,13,366,-13,366,-38,364,-63,360,-88,357,-113,350,-137,342,-160,333,-183,323,-205,310,-226,298,-70,80,-4689,1545,27,-59,23,-262,-40,-297,-157,-174,-206,-183,-90,7,-119,7,-73,76,-109,-36,-90,-133,-69,-144,-87,-177,-169,-147,-70,-129,-127,-36,-330,-252,-210,-393,-150,-182,-92,17,-62,-61,-43,-110,-68,-213,-91,-143,-110,-242,-179,-113,-101,32,-91,16,-115,-113,-98,-103,120,-117,188,139,358,-188,363,-28,311,-147,225,55,188,155,80,78,201,-82,313,-274,264,-571,301,-140,122,-126,2,-3,9,-14,9,-3,48,-50,11,-14,-7,9,-21,-275,-19,-28,-8,-57,-13,-40,-37,-38,-1,-35,-9,-11,-5,1,11,-26,-4,-30,-105,-115,-113,-130,-203,-77,-140,-181,-277,-181,-310,-12,-695,-66,-168,-96,-144,-37,-704,6,-448,-55,-1075,-640,-156,-168]]]
3531732	r	-91.0301,18.2344,-89.0812,20.6747	[[[-910301,191075,9196,-8731,421,93,160,46,9712,14085,-9505,7219,-4309,2959,-43,-557,-230,-848,3,-436,151,-820,-12,-400,-126,-564,-16,-219,26,-556,-94,-500,-7,-763,-28,-202,0,-89,28,-118,302,-541,46,-176,-13,-178,-44,-136,-95,-422,-391,-404,-898,-605,-578,-393,-192,-290,-191,-418,-67,-236,8,-165,37,-162,22,-222,-21,-207,-94,-420,-158,-1940,-123,-329,-270,-338,-337,-263,-328,-106,-207,-140,-789,-952,-782,-498,-164,-58]]]
3827606	p	3515807
4013728	n	-101.2076,29.0939,-100.7574,29.4851	[[[-1012076,293200,13,-222,37,-219,61,-215,85,-209,108,-201,130,-190,151,-178,170,-165,187,-149,203,-132,217,-114,228,-95,238,-75,245,-54,251,-32,252,-11,252,11,251,32,245,54,238,75,228,95,217,114,203,132,187,149,104,101,-50,36,-76,135,80,214,-211,344,-129,146,-200,131,-478,198,-79,59,-194,220,-235,185,-727,293,-109,62,-98,81,-81,95,-60,104,-37,139,-37,286,-82,171,-302,94,-575,156,-66,-52,-170,-165,-151,-178,-130,-190,-108,-201,-85,-209,-61,-215,-37,-219,-13,-222]]]
3519537	r	-92.9051,16.17,-92.0519,17.2997	[[[-929051,162209,37,-19,353,-154,362,-131,370,-108,376,-85,74,-12,6960,6125,-22,219,-63,368,-88,363,-112,356,-137,349,-159,340,-182,329,-205,316,-225,303,-245,289,-265,272,-282,255,-299,236,-314,217,-328,197,-341,176,-353,154,-362,131,-370,108,-376,85,-382,61,-385,36,-386,12,-386,-12,-385,-36,-382,-61,-376,-85,-370,-108,-250,-90,-502,-10396]]]
3526485	p	3529947
3995523	r	-101.9779,26.2612,-100.6645,27.4038	[[[-1019779,269300,12,-310,34,-308,56,-306,78,-302,101,-297,121,-290,143,-283,163,-273,182,-263,201,-252,219,-240,236,-226,253,-212,267,-197,280,-181,80,-44,-1305,-1688,260,-168,321,-179,684,-174,249,23,70,-117,138,-20,142,979,194,-739,189,-107,143,-155,462,-178,221,-128,532,723,504,-714,836,28,233,256,18,94,238,-75,64,24,45,100,737,-250,22,48,151,-84,194,-203,240,65,462,156,399,163,2101,1354,289,278,314,343,288,361,261,376,233,392,204,404,174,416,144,424,112,433,81,438,48,441,16,444,-16,444,-48,441,-81,438,-112,433,-144,424,-174,416,-204,404,-222,374,-3447,938,-247,-319,-227,147,-294,163,-304,146,-315,128,-323,110,-331,90,-336,70,-341,51,-344,30,-345,10,-345,-10,-344,-30,-341,-51,-336,-70,-331,-90,-323,-110,-315,-128,-304,-146,-294,-163,-280,-181,-267,-197,-253,-212,-236,-226,-219,-240,-201,-252,-182,-263,-163,-273,-143,-283,-121,-290,-101,-297,-78,-302,-56,-306,-34,-308,-12,-310]]]
3530240	r	-97.0752,18.5204,-96.5525,19.1754	[[[-970752,191591,57,-276,868,-4243,381,-1863,146,-5,247,8,246,23,243,38,241,54,236,68,232,83,224,97,218,111,210,124,201,137,191,150,180,160,169,172,157,182,144,191,130,200,116,208,102,214,87,220,72,225,56,229,40,233,25,234,8,235,-8,235,-25,234,-40,233,-56,229,-72,225,-87,220,-102,214,-116,208,-130,200,-144,191,-157,182,-169,172,-180,160,-191,150,-149,101,-3601,-163]]]
3985710	n	-110.1016,22.8722,-109.7966,23.115	[[[-1101016,230294,32,-118,85,-67,80,-207,35,-95,184,-299,166,-189,159,-157,278,-218,213,-126,128,-37,111,-59,200,1,391,19,-75,75,12,80,167,75,259,6,80,22,144,99,125,100,182,162,26,200,68,43,-1365,1546,-8,0,-237,-32,-232,-54,-225,-75,-216,-95,-205,-114,-192,-132,-178,-149,-160,-165,-32,-40]]]
3530594	p	3516355
4026082	n	-102.4319,17.916,-101.9641,18.1861	[[[-1024319,180020,111,-40,1322,-364,590,-288,390,-168,147,10,136,81,168,91,157,170,199,141,94,170,638,84,468,-159,258,-109,-10,183,-34,219,-56,215,-78,209,-99,201,-119,190,-138,178,-156,165,-171,149,-186,132,-199,114,-210,95,-218,75,-224,54,-230,32,-231,11,-231,-11,-230,-32,-224,-54,-218,-75,-210,-95,-199,-114,-186,-132,-171,-149,-156,-165,-138,-178,-119,-190,-99,-201,-78,-209,-56,-215,-4,-21]]]
3530599	n	-92.067,18.4253,-91.6149,18.7633	[[[-920670,186500,11,-222,34,-219,57,-215,78,-209,8,-16,22,47,61,76,83,66,-38,59,-13,44,-6,43,-18,59,106,-82,120,-34,129,5,129,37,0,74,-143,11,-64,50,32,56,137,26,92,-18,46,-25,46,3,198,158,61,21,73,-9,57,-80,-35,-117,-18,-105,101,-45,273,5,125,22,118,47,-29,-70,-46,-67,117,26,100,82,62,114,0,120,-65,66,-539,335,-273,293,-312,72,-808,32,-4,0,-20,-75,-34,-219,-11,-222]],[[-920438,185531,48,-97,119,-190,139,-178,156,-165,172,-149,187,-132,200,-114,210,-95,219,-75,226,-54,207,-29,-49,79,62,151,251,290,28,141,-109,118,-397,112,-176,112,45,-1,9,13,-2,24,10,32,143,-68,-42,124,-100,102,-132,75,-136,47,130,204,-243,-85,-125,30,-113,90,-202,96,61,-316,212,-203,280,-164,267,-198,-184,39,-199,86,-160,117,-65,130,-61,47,-134,-20,-221,-64,-132,24,-98,46,-179,141,-122,-73]],[[-918427,186512,70,-21,194,0,303,53,309,127,524,304,-205,-347,343,66,288,229,393,524,59,-4,-61,123,-42,67,-214,-75,-393,-243,-543,-277,-280,-63,-440,-177,-109,-65,-151,-151,-45,-70]],[[-918126,184505,66,-193,35,-56,187,26,226,54,219,75,210,95,151,86,-85,36,-611,157,-255,129,-69,-155,87,-133,144,-125,105,-133,-118,-12,-111,17,-99,49,-82,83]]]
3530870	r	-100.3142,16.8827,-98.6858,17.9757	[[[-1003142,175500,14,-430,1008,-509,1,0,1863,-942,424,-513,40,-41,109,-30,64,-68,10,-187,68,-189,79,40,9,-30,46,6,59,-48,19,10,113,-57,5,64,36,2,50,63,6,68,6,68,1,0,30,-28,-7,29,20,-27,129,-2,16,-76,67,16,181,-19,92,105,1,0,197,-100,-62,-138,-55,-80,-36,-5,184,-334,23,7,274,-389,538,15,-6,37,1,0,256,-22,8,64,34,259,15,110,-5,59,-12,4,-23,9,33,18,-4,48,42,-67,256,21,83,-10,15,-28,34,39,102,2,65,-79,1,-2,-29,-20,-11,-7,-50,-2,-12,0,96,-77,-61,-41,55,-101,35,-5,54,34,16,-109,90,29,45,-68,32,48,-33,94,41,15,4,-60,49,-70,-29,-41,75,-98,-2,-61,-45,-45,118,18,13,41,92,24,57,-75,66,28,61,-90,-40,-45,38,-88,-10,-16,227,-115,126,-9,-40,-35,3386,-1710,1443,-729,292,174,433,298,412,325,388,349,365,374,338,395,310,416,281,434,252,451,219,466,188,479,155,489,121,498,87,505,52,509,17,511,-17,511,-52,509,-87,505,-121,498,-155,489,-188,479,-219,466,-252,451,-226,349,-2001,-88,-4439,-194,-7583,-331,-105,-187,-219,-466,-188,-479,-155,-489,-121,-498,-87,-505,-52,-509,-17,-511]]]
3979802	n	-102.5431,19.7338,-102.051,20.2061	[[[-1025430,199108,44,-164,79,-209,100,-201,120,-190,140,-178,158,-165,173,-149,189,-132,201,-114,212,-95,220,-75,228,-54,232,-32,234,-11,234,11,232,32,228,54,220,75,212,95,201,114,189,132,173,149,158,165,13,16,-3524,3039,-25,-22,-71,-74,-333,-1180,-237,-837]],[[-1024760,201218,3520,-3036,4,-3,26,22,157,165,140,178,120,190,101,201,79,209,57,215,34,219,12,222,-12,222,-34,219,-57,215,-79,209,-101,201,-120,190,-140,178,-111,116,-845,547,-197,67,-228,54,-232,32,-234,11,-234,-11,-232,-32,-228,-54,-220,-75,-212,-95,-202,-114,-188,-132,-174,-149,-157,-165,-13,-16]]]
3521168	r	-97.7798,20.2016,-97.0667,20.7673	[[[-977798,205300,7,-197,20,-197,35,-194,47,-192,61,-189,74,-185,86,-180,99,-174,110,-167,122,-160,133,-153,143,-144,152,-135,162,-125,170,-115,178,-104,185,-93,190,-82,137,-48,339,475,68,-79,118,-119,126,-111,133,-103,140,-95,146,-85,152,-77,157,-67,162,-57,164,-48,168,-36,170,-27,172,-16,172,-5,172,5,172,16,116,18,1722,1056,8,9,91,138,81,143,71,148,61,152,50,156,39,158,28,161,17,162,5,162,-5,162,-17,162,-28,161,-39,158,-50,156,-61,152,-71,148,-81,143,-91,138,-101,132,-109,126,-118,119,-126,111,-133,103,-140,95,-146,85,-152,77,-157,67,-162,57,-85,25,260,365,-4293,431,-137,-106,-152,-135,-143,-144,-133,-153,-122,-160,-110,-167,-99,-174,-86,-180,-74,-185,-61,-189,-47,-192,-35,-194,-20,-197,-7,-197]]]
3529986	p	3515807
3985604	r	-115.4232,30.9867,-113.5435,32.7124	[[[-1154232,314647,1686,-4509,263,-68,1025,-203,1817,1691,645,600,70,569,-26,560,229,607,-6,1273,-51,-156,36,-414,-37,-258,-27,-64,-90,-46,18,-91,-44,-85,0,-60,-78,-64,15,-79,-1098,-221,-426,851,-228,-74,-155,342,-58,869,58,872,-19,286,150,347,-506,927,-402,202,-273,190,-74,131,-26,-251,-28,-18,-417,-121,-554,-214,-84,-57,-189,140,-147,-64,-969,-3340]],[[-1150530,322452,59,-21,51,-101,362,-266,31,-54,274,-230,-144,-316,327,-1078,-104,-417,18,-754,104,-40,82,6,30,-57,20,-217,314,-231,46,-6,143,56,180,-76,146,14,159,-23,219,-407,150,-70,18,36,3,0,7,-5,99,-29,21,-2,53,23,165,-19,78,-32,30,-3,86,-24,77,-57,129,-213,70,-68,299,-140,146,-28,590,26,364,-107,46,-45,136,-69,227,-223,2,-4,4,-3,6,-6,132,-113,4,-38,69,-25,76,-65,1,-16,60,-36,122,-105,11,-4,5,-8,105,-25,210,-64,129,-181,0,-2,1,-1,4,0,202,-51,34,-20,88,-61,228,-74,323,-189,260,-110,25,-19,-3,1,41,-32,28,-22,-5,-47,11,-32,-3,2,-32,29,14,-32,127,-74,140,-144,86,-57,-3,2,86,-58,-1,1,41,-28,61,-23,-3,2,135,-50,295,-109,311,-197,300,-109,215,-46,744,1,323,-26,-4,0,86,-7,15,5,-1,1,36,14,44,17,-21,70,69,196,-51,2,35,85,35,25,105,-87,45,21,6,2,105,47,-78,1833,228,359,1266,2410,458,-3102,669,133,518,-1107,-34,1752,-534,935,261,30,692,485,357,1022,96,-19,110,233,324,-69,95,244,43,26,-304,103,-330,16,303,560,-6415,1986,-595,180,-933,289,-4092,1265,-367,113,-15,5,47,-50,-26,-114,-84,-26,-79,14,-59,-56,-99,-24,-193,79,-20,51,-119,58,-157,-44,-29,-43,-68,-14,-221,27,-61,-30,-42,-134,9,-108,65,-179,-96,-86,-68,-118,-132,-76,8,-90,71,-61,-9,-32,-50,-16,-45,24,-45,-35,53,-140,-14,-107,27,-113,-47,-159,-236,-186,-33,-85,-141,-63,-1,-28,-175,-127,-16,-47,-96,-74,-63,-77,10,-88,-113,-161]],[[-1148130,325574,70,-48,108,54,10,161,-85,204,159,265,53,71,227,167,76,74,117,169,83,175,73,249,-3,9,-53,-76,-33,-114,-129,-171,-23,-124,-142,-111,-30,-97,-138,-114,-67,-6,-41,-99,-50,-10,-82,62,-75,-41,18,-68,-18,-62,101,-225,-43,-88,-53,-30,-30,-176]],[[-1148125,325234,31,-121,52,154,-83,-33]],[[-1148058,325375,22,-91,73,216,-95,-125]],[[-1147913,316760,30,-157,30,-160,47,115,-107,202]],[[-1147442,317895,49,-125,88,-121,165,-161,464,-314,-19,35,-406,428,-341,258]],[[-1147116,317103,8,-31,62,-45,18,14,-88,62]],[[-1146842,317560,706,-301,197,58,51,112,-66,81,-204,60,-233,15,-451,-25]]]
3985344	r	-101.0224,20.6934,-100.455,21.1616	[[[-1010224,208738,28,-161,43,-171,54,-168,66,-164,77,-160,88,-154,98,-149,109,-143,8,-9,49,-22,3252,-503,394,275,1324,1249,30,119,30,173,18,175,6,175,-6,175,-18,175,-30,173,-43,171,-54,168,-66,164,-77,160,-88,154,-98,149,-109,143,-118,135,-128,129,-136,119,-144,112,-151,102,-159,93,-164,82,-170,73,-110,39,-316,-208,6,-103,30,-3,82,79,53,-45,-15,-16,93,-65,11,25,52,-13,-15,-63,77,-34,-5,-84,-636,-26,-92,-35,-192,-13,-96,-27,-1078,-707,73,-87,-160,-5,-87,-68,-47,-4,-14,10,-364,-239,81,-65,-23,-42,-38,12,23,-38,-22,-8,-99,90,-94,-61,7,-150,-125,-29,-24,-31,9,-49,-43,-14,-6,-55,-91,17,-50,44,-59,13,-10,-85,-45,33,-12,-38,-19,-8,3,34,-26,-32,27,-59,-16,-8,62,-5,-66,-28,19,-47,-129,4,-23,-104,-89,38,-209,-228,-21,-16,-57,-232]]]
3530937	p	3530589
4005509	r	-103.0962,22.2306,-101.8637,23.2945	[[[-1030961,227486,3,-100,33,-312,55,-310,77,-306,98,-300,120,-294,139,-286,160,-277,178,-267,197,-255,215,-243,231,-229,247,-215,261,-199,275,-183,288,-165,298,-148,308,-130,317,-111,219,-62,-304,-788,445,106,7397,1760,188,281,202,352,178,363,151,373,125,382,97,388,70,394,42,396,14,399,-14,399,-42,396,-70,394,-97,388,-125,382,-151,373,-178,363,-202,352,-227,338,-250,325,-273,308,-293,291,-314,272,-332,253,-349,233,-364,210,-338,168,-1617,-1135,-7088,-4324]]]
3531023	n	-88.5368,18.4551,-88.0632,18.7461	[[[-885368,185200,11,-222,34,-219,55,-208,66,65,310,229,100,-11,93,-49,103,-28,88,12,199,69,109,52,68,18,52,-18,96,-89,76,-44,59,9,58,31,77,21,619,5,57,-9,0,26,41,35,42,19,122,20,85,184,218,310,44,158,275,492,235,294,241,481,53,16,112,62,46,55,-96,68,-88,-20,-101,-76,-84,-94,-54,-79,18,189,73,132,28,76,-56,32,-79,36,-25,-43,-171,-192,-198,-152,-198,-78,30,108,47,90,60,75,306,257,-200,69,-226,54,-230,32,-232,11,-232,-11,-230,-32,-226,-54,-218,-75,-210,-95,-200,-114,-187,-132,-172,-149,-156,-165,-138,-178,-120,-190,-99,-201,-78,-209,-57,-215,-34,-219,-11,-222]],[[-880802,185142,24,-156,104,-72,20,-5,11,69,11,222,-11,222,-11,70,-119,-134,-14,-63,-15,-153]]]
3531200	p	3530589
4012406	r	-108.0423,27.3719,-106.251,29.4481	[[[-1080423,284100,25,-679,75,-676,125,-670,174,-662,223,-650,270,-636,317,-619,361,-599,405,-577,447,-552,487,-525,524,-496,560,-464,593,-431,624,-396,651,-359,677,-320,699,-280,718,-239,734,-198,747,-154,757,-111,763,-66,767,-22,767,22,763,66,421,62,3879,2712,360,1973,-3095,9051,-187,-27,-191,256,32,782,-1999,5844,-750,21,-767,-22,-763,-66,-757,-111,-747,-154,-734,-198,-718,-239,-699,-280,-677,-320,-651,-359,-624,-396,-593,-431,-560,-464,-524,-496,-487,-525,-447,-552,-405,-577,-361,-599,-317,-619,-270,-636,-223,-650,-174,-662,-125,-670,-75,-676,-25,-679]]]
3530367	n	-92.374,16.0139,-91.9061,16.4661	[[[-923739,162400,11,-222,34,-219,56,-215,77,-209,98,-201,118,-190,137,-178,154,-165,170,-149,184,-132,197,-114,208,-95,216,-75,223,-54,227,-32,229,-11,229,11,227,32,223,54,216,75,208,95,197,114,184,132,170,149,154,165,137,178,118,190,98,201,77,209,56,215,34,219,11,222,-11,222,-34,219,-56,215,-77,209,-98,201,-118,190,-137,178,-154,165,-170,149,-184,132,-197,114,-208,95,-216,75,-223,54,-227,32,-229,11,-229,-11,-227,-32,-223,-54,-216,-75,-208,-95,-197,-114,-184,-132,-170,-149,-154,-165,-137,-178,-118,-190,-98,-201,-77,-209,-56,-215,-34,-219,-11,-222]]]
3988214	p	4004330
3530049	p	3530597
3996663	r	-110.8185,18.9438,-104.0231,20.0662	[[[-1108185,193016,57,-31,51,30,39,-31,69,32,11,28,-50,59,92,139,-32,33,-2,62,-67,13,14,-88,-51,-11,10,-54,-74,-35,-44,-23,-23,-123]],[[-1052253,196447,356,-298,190,-127,189,-180,89,-12,127,35,133,-9,292,-245,17,-554,51,-63,68,-63,60,-77,26,-104,-50,-188,4,-84,308,-122,106,-207,116,-464,235,-263,357,-241,774,-390,79,93,64,16,71,-19,96,-15,76,20,161,90,101,20,143,-49,23,-116,-57,-272,-21,-268,72,-45,216,6,273,63,68,5,104,-35,22,-47,11,-57,74,-66,117,-21,111,10,82,-28,31,-135,48,-106,8,-5,-18,-6,-2,24,-28,1,-25,-82,260,-50,76,-26,209,-97,211,-48,109,-37,228,-39,446,-100,363,-96,139,-87,181,-75,8,-9,8,3,151,-62,10,-19,-17,-15,34,-16,7,-14,-13,-37,38,-21,-25,-12,30,0,34,-67,9,-2,14,-25,125,102,112,138,98,-55,72,-84,-3,-22,36,-45,2,50,21,26,32,8,-5,23,7,10,-13,14,-23,102,73,71,179,23,139,-58,-16,-148,-1,0,1,-1,-3,-21,12,-8,9,-31,38,-2,2,9,97,94,115,-18,20,-13,133,-95,97,-167,-11,-128,-19,-24,-71,-10,0,4,-19,-7,-18,-3,-5,30,35,32,-110,-74,-33,-5,-2,-18,-4,-3,-24,-70,10,-79,-29,-26,11,-29,-34,-14,15,-29,-17,-42,46,-48,31,23,43,-2,87,-31,213,-67,223,-77,86,-29,8,-26,12,19,45,-16,-6,-20,11,19,153,-53,335,-111,595,-245,47,-23,1,2,234,-96,34,-4,9,25,-29,22,187,386,66,-1,11,30,142,-26,111,217,64,45,21,-20,24,21,18,-38,34,-12,99,38,46,-18,62,19,-67,92,49,25,-25,4,20,68,93,73,-48,70,11,62,-23,56,22,23,-39,39,12,33,-103,92,-23,57,-146,107,-70,82,-41,10,14,44,0,1,332,656,-1191,4107,-736,2538,-1755,2297,-8238,-4215]]]
3518723	r	-96.7361,17.5004,-95.523,18.6387	[[[-967361,180900,13,-386,39,-384,66,-380,92,-376,117,-369,142,-361,166,-352,190,-340,213,-328,235,-314,256,-298,275,-281,295,-264,311,-245,328,-225,342,-203,334,-171,25,-13,364,-158,378,-135,385,-112,393,-88,398,-63,401,-38,403,-12,403,12,401,38,398,63,393,88,385,112,378,135,367,160,356,182,342,203,328,225,311,245,295,264,275,281,256,298,235,314,213,328,190,340,166,352,142,361,96,303,40,296,-2436,5310,-116,254,-399,870,-294,150,-367,160,-110,39,-4643,-73,-3090,-2733,-41,-73,-166,-352,-142,-361,-117,-369,-92,-376,-66,-380,-39,-384,-13,-386]]]
3529982	r	-99.1356,18.4835,-98.6485,19.0311	[[[-991356,185356,143,-84,198,-101,204,-88,210,-75,214,-62,219,-49,221,-35,223,-20,224,-7,224,7,223,20,221,35,219,49,214,62,210,75,204,88,198,101,191,113,182,124,173,136,164,146,153,156,142,165,131,174,118,181,48,86,-821,3611,-1535,147,-690,-1019,15,-38,-6,-10,1,-21,13,-50,-44,-122,30,-24,53,-3,29,23,11,2,13,-11,31,-10,26,-41,29,-14,-24,-24,-44,-22,-21,-3,-4,-17,-15,-5,-6,-11,-25,-3,-5,-9,-8,1,-27,-21,-25,0,-3,-9,-16,4,-10,-29,-23,-3,0,-5,-92,-11,12,2,-16,14,-19,3,-8,-6,-5,4,-1,0,-15,-16,-21,-20,-69,-75,-61,-39,-4,-8,-59,15,-1,-1,-108,29,-8,-19,27,-19,8,-24,-1,-35,9,-11,-66,-27,-41,-8,-16,-23,-35,2,-209,40,-23,-6,-7,-9,1,-20,15,-6,-9,-18,-3,-40,-78,-38,27,-47,-5,-17,-21,-20,4,-54,206,-122,-793,-1172,-285,-1659]]]
3518135	p	3529612
3518407	n	-98.6678,19.095,-98.3165,19.5061	[[[-986678,192261,7,-132,73,-194,100,-201,120,-190,139,-178,157,-165,173,-149,145,-102,697,0,1901,1043,-698,3007,-72,18,-231,32,-233,11,-233,-11,-231,-32,-227,-54,-219,-75,-212,-95,-200,-114,-187,-132,-173,-149,-157,-165,-139,-178,-120,-190,-14,-27,-16,-160,28,-35,38,4,16,-6,42,5,4,-32,19,-26,-16,-20,-46,13,-2,-62,-32,-2,-49,-23,-22,-2,-36,-343,265,-511,-3,-14,-114,-17,-48,-23,-48,-31,-87,-85,-36,12,-23,-220]]]
3992619	r	-100.8564,28.403,-100.3226,28.9805	[[[-1008564,287000,8,-194,21,-194,36,-191,50,-190,64,-186,77,-182,91,-177,104,-171,116,-165,129,-158,139,-150,151,-142,160,-133,170,-124,179,-113,187,-102,194,-92,201,-80,206,-69,210,-56,215,-44,217,-32,219,-19,220,-6,220,6,219,19,217,32,215,44,210,56,206,69,201,80,194,92,163,89,-8,69,-39,57,-81,60,-72,79,-13,111,52,74,290,137,-414,144,-202,124,-136,204,-10,110,17,241,-43,96,-101,70,-233,98,-114,74,13,173,-365,423,-125,223,-252,966,-59,98,-43,51,-52,103,-41,54,-66,34,-145,4,-65,31,-35,71,64,125,-29,77,-56,34,-147,66,-30,37,-55,158,-120,108,-118,78,-55,68,-5,131,-19,105,-41,84,-71,62,74,176,-182,-61,-201,-80,-194,-92,-187,-102,-179,-113,-170,-124,-160,-133,-151,-142,-139,-150,-129,-158,-116,-165,-104,-171,-91,-177,-77,-182,-64,-186,-50,-190,-36,-191,-21,-194,-8,-194]]]
3521342	r	-87.4743,20.3491,-86.8745,20.9849	[[[-874743,206300,8,-243,26,-242,42,-240,58,-237,75,-232,91,-228,106,-221,122,-215,136,-206,151,-198,163,-188,177,-177,188,-166,20,-16,1030,1435,546,546,423,246,89,86,35,-35,15,5,25,-17,16,17,14,-1,8,20,14,-2,5,12,32,18,64,56,44,20,34,32,-4,2,6,17,92,90,46,53,171,101,107,112,149,239,8,5,11,25,38,27,29,10,39,49,11,25,38,32,-22,19,835,888,679,927,1,103,7,15,-3216,1181,-107,-31,-241,-85,-235,-101,-228,-114,-219,-129,-209,-141,-200,-155,-188,-166,-177,-177,-163,-188,-151,-198,-136,-206,-122,-215,-106,-221,-91,-228,-75,-232,-58,-237,-42,-240,-26,-242,-8,-243]]]
4013720	n	-105.7248,27.9639,-105.2152,28.4161	[[[-1057248,281900,12,-222,37,-219,61,-215,84,-209,107,-201,128,-190,149,-178,168,-165,186,-149,200,-132,215,-114,226,-95,235,-75,243,-54,247,-32,250,-11,250,11,247,32,243,54,235,75,226,95,215,114,200,132,186,149,168,165,149,178,128,190,107,201,84,209,61,215,37,219,12,222,-12,222,-37,219,-61,215,-84,209,-107,201,-128,190,-149,178,-168,165,-186,149,-200,132,-215,114,-226,95,-235,75,-243,54,-247,32,-250,11,-250,-11,-247,-32,-243,-54,-235,-75,-226,-95,-215,-114,-200,-132,-186,-149,-168,-165,-149,-178,-128,-190,-107,-201,-84,-209,-61,-215,-37,-219,-12,-222]]]
4013516	r	-104.1524,18.8292,-103.0498,19.7079	[[[-1041524,195827,1191,-4107,1488,-513,2,7,3,-9,404,-139,594,-264,-3,-20,115,5,-8,-31,-9,-6,-1,-14,-12,-7,-1,-9,75,-39,17,26,35,3,114,-51,0,-6,-15,-28,24,-13,1,8,8,1,-1,22,14,2,989,-439,3,-5,-2,-12,10,-3,5,-19,11,7,2,19,567,-252,15,-88,-9,-33,-25,-10,69,-38,-39,-257,13,-15,-20,-30,20,-26,6,-42,-21,-61,15,-72,32,21,51,-6,-11,-9,-6,-65,14,-39,-52,2,-14,-12,3,-36,-33,-56,-66,-27,55,-7,30,-60,13,-58,15,-4,43,-51,2,-21,19,-39,2,-14,-29,-29,31,-6,10,-17,29,-22,10,-1,9,13,1,76,22,20,13,22,-2,81,21,11,50,6,22,18,8,44,-2,35,9,27,57,-4,21,16,88,19,20,-3,30,-25,33,-17,19,11,18,52,11,8,-5,14,-42,55,-11,39,1,32,10,11,17,4,42,3,37,-9,43,57,48,15,5,20,-7,22,-36,36,-19,9,-24,48,11,16,19,7,71,-8,11,-24,11,-7,38,19,27,74,2845,-1264,63,64,275,318,252,334,228,350,204,362,179,375,152,385,126,393,98,401,71,406,42,409,3,97,-5160,2472,-4311,2421,-69,-35,-293,-173,-281,-192,-267,-208,-252,-224,-236,-240,-156,-180]]]
4006163	r	-103.7978,22.5228,-101.9925,24.0386	[[[-1037977,231800,20,-562,60,-559,99,-554,138,-547,176,-538,214,-526,250,-511,286,-496,321,-477,353,-457,386,-434,414,-410,444,-384,153,-117,10790,6582,1617,1135,2331,1636,-205,505,-250,511,-286,496,-321,477,-353,457,-386,434,-414,410,-444,384,-469,356,-493,328,-516,296,-535,265,-553,232,-568,198,-581,163,-591,128,-599,91,-604,55,-607,19,-607,-19,-604,-55,-599,-91,-591,-128,-581,-163,-568,-198,-553,-232,-535,-265,-516,-296,-493,-328,-469,-356,-444,-384,-414,-410,-386,-434,-353,-457,-321,-477,-286,-496,-250,-511,-214,-526,-176,-538,-138,-547,-99,-554,-60,-559,-20,-562]]]
3518692	r	-100.3367,19.9689,-99.5537,20.8111	[[[-1003367,201698,667,-1151,221,-149,248,-145,257,-130,266,-114,274,-97,279,-80,284,-62,289,-45,290,-27,292,-9,292,9,290,27,289,45,284,62,279,80,274,97,266,114,257,130,34,19,1988,2358,58,180,66,268,47,272,29,275,10,275,-10,275,-29,275,-47,272,-66,268,-85,264,-103,258,-121,251,-137,243,-154,234,-171,224,-185,213,-199,201,-214,188,-225,175,-238,161,-248,145,-257,130,-266,114,-274,97,-279,80,-284,62,-289,45,-290,27,-292,9,-41,-1,-533,-896,-1827,-3072,-966,-2444]]]
3986172	n	-109.9336,22.9604,-109.4875,23.2761	[[[-1099336,231155,4,-5,1,0,1365,-1546,380,241,271,30,191,203,-48,90,40,143,187,97,224,153,450,153,195,98,305,5,110,133,344,132,58,134,97,37,113,196,107,68,67,91,-96,148,-142,178,-161,165,-178,149,-192,132,-205,114,-217,95,-226,75,-232,54,-237,32,-239,11,-239,-11,-237,-32,-232,-54,-226,-75,-217,-95,-205,-114,-192,-132,-178,-149,-161,-165,-142,-178,-123,-190,-103,-201,-81,-209,0,-1]]]
4005937	p	3995465
3979844	p	4005509
3827414	p	3530597
3483849	r	-99.5403,21.3101,-98.3282,22.4153	[[[-995403,223957,771,-9404,33,-26,394,-262,410,-239,427,-213,440,-186,453,-159,462,-131,471,-102,477,-74,482,-44,483,-15,483,15,482,44,477,74,471,102,462,131,453,159,440,186,427,213,410,239,394,262,373,287,353,308,331,330,307,349,281,367,256,383,228,398,190,393,-269,1088,-688,2311,-1162,2749,-3780,177,46,-321,-53,368,-67,3,-65,211,-1284,225,-602,-87,-1117,60,147,-320,-3227,151]]]
3522307	r	-97.3971,18.5669,-96.9608,19.1331	[[[-973971,188500,6,-185,19,-185,32,-182,44,-181,56,-177,69,-173,28,-60,2537,-1683,180,-5,194,6,194,18,192,30,189,42,186,54,182,65,177,77,78,39,-1087,5315,-111,10,-194,6,-194,-6,-194,-18,-192,-30,-189,-42,-186,-54,-182,-65,-177,-77,-172,-87,-165,-98,-158,-108,-150,-117,-142,-127,-133,-135,-123,-143,-114,-151,-102,-157,-92,-164,-80,-169,-69,-173,-56,-177,-44,-181,-32,-182,-19,-185,-6,-185]]]
3523149	p	3516355
3526798	r	-100.1891,17.9229,-98.9034,18.5344	[[[-1001891,182815,24,-229,69,-402,97,-397,124,-391,150,-382,176,-371,202,-360,225,-346,249,-332,271,-315,58,-60,10070,439,200,268,225,346,202,360,176,371,150,382,124,391,65,265,-2436,2637,-1208,654,-2257,-619,-2,-28,8,-28,-3,-45,-26,-47,-34,-19,-9,-30,-35,-51,5,-39,-16,-48,-18,-8,-10,11,-35,7,-14,-13,-19,15,-15,-24,-25,7,-9,-265,-8,-7,-21,4,-11,-17,-17,6,0,53,-71,26,-18,53,-28,36,7,14,-7,7,6,4,-18,13,-26,-2,-1,-1,-1,0,-6,-42,-17,-21,-12,-122,-62,-30,14,-15,-8,-19,-73,24,-28,-33,-14,-7,-2,-32,-14,-16,-17,-39,-2,-16,16,-41,-17,-26,10,-13,-9,-30,3,-15,-23,14,-22,4,-56,37,-27,-7,-39,31,-4,-30,-63,17,-18,-1,-7,-8,28,-8,7,-10,-7,-5,-19,6,-12,-3,14,-12,0,-22,-9,-14,-31,-15,-21,-54,1,-26,-25,25,-3,37,-22,-16,-12,2,-111,-171,-175,98,-47,2,-93,-18,-91,30,-67,75,-45,35,-34,5,-86,54,18,67,44,95,-16,37,-13,0,-27,30,-11,0,-17,22,-6,-3,-10,9,-3,-4,-11,28,-9,-3,-12,7,-4,-8,-9,-1,-31,15,-16,-7,-6,-48,-9,-6,-61,32,-46,-2,-49,11,-1,0,-4823,-1323]]]
3980194	p	4013516
4005143	n	-111.1436,27.8389,-110.6458,28.1461	[[[-1111436,279843,10,-2,142,-151,98,8,146,-77,88,-104,-69,-69,-29,-94,176,8,283,8,185,189,196,60,217,22,234,-120,205,-156,169,-161,-91,-13,-56,-25,-126,-99,76,-44,45,-56,34,-56,44,-49,68,-28,159,-19,52,-21,229,-286,44,-19,44,-100,95,82,96,160,44,132,-8,135,-38,86,-84,35,-149,-21,198,208,103,143,40,167,7,277,52,98,118,3,118,-65,53,-107,3,-128,15,-91,40,-92,78,-133,-303,-112,-106,-25,0,-74,370,78,351,24,351,-28,709,-157,163,-62,61,-37,15,93,13,222,-13,222,-36,219,-61,215,-84,209,-106,201,-129,190,-148,178,-168,165,-185,149,-200,132,-214,114,-225,95,-235,75,-242,54,-247,32,-249,11,-249,-11,-247,-32,-242,-54,-235,-75,-225,-95,-214,-114,-200,-132,-185,-149,-168,-165,-148,-178,-129,-190,-106,-201,-84,-209,-4,-13]]]
3995019	r	-109.9456,26.4242,-108.6248,27.7711	[[[-1099456,269971,344,-451,74,-142,33,-149,140,-309,149,-212,76,-353,77,-345,248,-353,469,-463,162,-129,430,-154,310,-129,303,-41,23,99,140,94,432,32,740,-124,362,-150,12,73,-105,20,-199,99,18,73,34,63,-35,62,-110,21,-123,15,-76,52,29,110,87,104,123,130,169,-41,58,-182,111,83,117,52,29,-140,70,-110,140,-15,181,-15,58,-110,-58,-94,76,-41,53,-182,-228,77,-204,52,-111,-26,76,-73,286,-31,292,-98,303,-240,292,-406,437,-287,368,-469,217,-238,109,-393,51,-345,3437,1018,324,273,365,349,338,369,311,389,281,406,252,422,220,435,188,448,155,458,121,465,87,472,52,476,18,478,-18,478,-52,476,-87,472,-121,465,-155,458,-188,448,-220,435,-252,422,-281,406,-311,389,-338,369,-365,349,-389,327,-413,304,-433,278,-453,253,-471,225,-486,198,-499,168,-336,91,-4132,-4242,-445,139,-56,-33,-150,175,371,143,5,100,-406,26,-147,132,-289,-167,222,-202,-98,-69,-190,67,-263,7,-9,286,-55,0,0,-440,78,-60,-58,-93,-48,51,-400,2,-1,-379,140,-1,-1,-158,-45,1,130,-138,25,7,7,40,29,-2,-29,-159,-117,-93,6,-52,-27,-39,-187,-2,0,-111,106,-1,0,-48,-53,-63,2,-73,569,0,48,-34,123,-4,-1689,-1734,59,-317,7,-206,251,-558,-209,135,-282,397,-94,133,-38,-103]]]
3523183	p	3530517
4013714	n	-103.6985,19.4739,-103.2215,19.9262	[[[-1036985,197000,11,-222,34,-219,57,-215,79,-209,100,-201,121,-190,139,-178,157,-165,174,-149,188,-132,201,-114,211,-95,221,-75,227,-54,231,-32,234,-11,234,11,231,32,227,54,221,75,211,95,201,114,188,132,174,149,157,165,139,178,121,190,100,201,79,209,57,215,34,219,11,222,-11,222,-34,219,-57,215,-79,209,-100,201,-121,190,-139,178,-157,165,-174,149,-188,132,-201,114,-211,95,-221,75,-227,54,-231,32,-234,11,-234,-11,-231,-32,-227,-54,-221,-75,-211,-95,-201,-114,-188,-132,-174,-149,-157,-165,-139,-178,-121,-190,-100,-201,-79,-209,-57,-215,-34,-219,-11,-222]]]
3514321	p	3529947
3515715	p	3530589
4004867	r	-106.4585,26.2223,-104.8815,27.6056	[[[-1064585,269300,17,-463,51,-461,84,-457,117,-451,150,-443,182,-433,213,-422,243,-409,272,-393,301,-376,327,-358,353,-338,376,-317,399,-294,420,-269,438,-245,455,-218,470,-191,483,-164,493,-134,503,-105,509,-76,513,-45,516,-15,516,15,513,45,509,76,503,105,493,134,483,164,470,191,455,218,438,245,420,269,399,294,376,317,353,338,327,358,301,376,272,393,243,409,213,422,182,433,150,443,117,451,84,457,51,461,17,463,-17,463,-51,461,-84,457,-117,451,-150,443,-182,433,-213,422,-243,409,-272,393,-301,376,-327,358,-353,338,-376,317,-399,294,-326,210,-6808,931,-200,-54,-483,-164,-470,-191,-455,-218,-438,-245,-420,-269,-399,-294,-376,-317,-353,-338,-327,-358,-301,-376,-272,-393,-243,-409,-213,-422,-182,-433,-150,-443,-117,-451,-84,-457,-51,-461,-17,-463]]]
3515696	r	-97.7685,19.4335,-97.0557,20.1447	[[[-977685,198200,9,-253,26,-252,43,-250,61,-246,78,-243,94,-237,70,-146,424,-409,2,-2,830,-802,1,-1,660,-638,224,-96,250,-89,256,-73,260,-58,264,-41,266,-25,107,-3,1792,1671,1411,1846,-3399,3518,-1862,76,-52,-30,-217,-147,-206,-161,-196,-173,-96,-97,-970,-1673,-52,-211,-43,-250,-26,-252,-9,-253]]]
3817746	p	3529612
3515062	r	-98.5914,19.6984,-98.1033,20.4616	[[[-985914,197785,343,-359,21,-16,65,-33,240,-103,248,-88,252,-72,258,-57,260,-41,263,-24,264,-8,264,8,263,24,260,41,258,57,252,72,248,88,240,103,233,118,224,132,215,145,204,159,5,4,-2242,6658,-160,15,-264,8,-264,-8,-263,-24,-260,-41,-258,-57,-252,-72,-66,-24,-21,-162,-830,-6443]]]
4018400	r	-103.0347,18.4871,-101.7247,19.5406	[[[-1030347,190900,15,-420,43,-418,72,-414,100,-409,128,-402,156,-393,182,-383,208,-370,233,-357,258,-342,280,-324,301,-307,323,-287,341,-266,359,-245,375,-222,389,-198,402,-173,277,-99,6137,749,275,188,341,266,323,287,301,307,280,324,258,342,233,357,208,370,182,383,120,302,-464,363,-7981,6257,-786,39,-2123,-680,-1592,-2474,-24,-99,-72,-414,-43,-418,-15,-420]]]
3988392	p	3981609
7280711	p	3530597
4002224	r	-102.55,21.1197,-101.3492,21.9128	[[[-1025500,213617,1292,-1712,1300,-708,4282,761,20,-36,-15,-152,146,20,66,64,80,-36,37,110,110,-3,93,69,-15,75,18,16,87,19,56,41,46,-5,58,49,101,11,26,147,53,75,113,17,-136,138,88,29,16,31,-19,39,30,22,71,22,111,-28,27,81,264,34,22,-42,52,-10,31,23,12,60,110,103,105,-57,133,-18,89,93,108,34,23,154,-52,111,-5,123,38,170,-88,102,0,43,-52,35,467,420,35,-1,63,55,34,5,78,-59,187,34,-100,98,-10,126,2322,2085,-2514,2634,-1018,-591,-1257,-730,18,34,-106,59,-69,-10,-121,102,-71,307,-65,37,-28,69,-91,66,-252,27,-114,27,-51,41,-93,7,39,53,-52,32,14,122,54,76,-83,34,-50,-18,-10,23,-788,-270,-8,-113,-176,20,-2,-176,-25,2,-6,-127,-134,-67,22,-31,-51,-114,-57,-42,-8,-15,-75,-135,-111,44,-115,-94,84,-104,-154,-61,-6,-73,-18,-15,-1,-6,204,-27,60,14,-5,40,121,-15,10,-37,30,-2,218,31,175,-17,16,19,22,-44,-58,-96,-3,-106,29,26,128,-38,16,-101,83,-27,121,132,7,-52,40,13,-17,-40,41,-78,-21,-69,53,40,49,-50,-7,-67,-5377,-3121,-394,-229]]]
3516035	p	3529947
3520271	p	3520339
3532881	p	3521081
3980190	p	3995465
3981984	r	-103.1454,20.5821,-102.4208,21.312	[[[-1031453,211521,390,-2121,47,-97,1653,-3422,3307,-60,213,699,50,9,-1,34,99,16,17,-204,88,-3,10,94,28,33,-9,83,115,62,-18,39,-1,1,-16,5,6,18,-22,51,18,32,19,12,11,63,-41,-11,-11,5,15,99,12,23,9,8,30,44,-153,160,-44,24,314,1033,4,2,-1,6,32,107,207,71,27,162,128,-16,89,70,-68,35,-49,124,35,123,-37,64,18,85,-104,90,829,2732,-66,87,-144,111,-278,187,-290,170,-302,152,-311,133,-321,114,-327,93,-333,73,-338,53,-340,31,-342,11,-342,-11,-340,-31,-338,-53,-333,-73,-327,-93,-321,-114,-311,-133,-302,-152,-290,-170,-278,-187,-265,-204,-250,-220,-156,-158]]]
3531576	r	-94.13,17.2459,-93.1559,18.4081	[[[-941300,182113,2,-126,74,-62,51,20,132,-32,96,34,-44,107,105,59,225,-110,71,-92,80,-33,42,29,71,-33,-40,74,77,-4,93,52,57,-57,25,44,45,9,40,-71,-31,-5,8,-15,160,29,69,-198,-12,-127,-376,-193,40,-6,-10,-82,61,-120,108,11,158,166,51,23,131,59,175,50,6,-108,455,146,79,-351,-674,-4106,0,-4635,7940,1424,201,7607,-3182,1166,20,123,-32,-1,-5,37,-94,60,16,131,-21,65,-63,48,-58,-29,-108,183,-21,92,-67,-27,-45,94,-67,11,101,361,-29,5,94,40,-13,1,-50,40,26,56,15,11,22,37,-142,42,-5,45,-1091,-322,-1021,-354,-7,1,-9,-7,-623,-217,328,224,441,69,62,44,20,27,-302,110,-351,-126,-112,-89,-87,-104,-189,-62,-188,-90,-53,-121,-13,-4,6,-12,-22,-51,32,28,7,-13,-39,-31,-26,24,-115,-33,-73,-23,9,9,68,107,-111,-34,-16,-98,-1259,-401,-34,-11,1,0,-272,-86,-954,-272,-40,-50],[-938382,183081,14,12,114,22,5,0,-133,-34]]]
3526357	n	-95.225,16.2143,-94.7859,16.6561	[[[-952250,165389,1436,-2477,179,-105,97,145,62,55,120,19,81,59,-58,180,583,0,99,67,437,621,197,176,230,117,266,43,110,-43,140,-101,127,-114,70,-83,46,-145,9,-109,40,-103,20,53,55,215,34,219,11,222,-11,222,-34,219,-55,215,-78,209,-98,201,-118,190,-137,178,-154,165,-171,149,-184,132,-197,114,-208,95,-216,75,-223,54,-228,32,-229,11,-229,-11,-228,-32,-223,-54,-216,-75,-208,-95,-197,-114,-184,-132,-171,-149,-154,-165,-137,-178,-103,-167]],[[-950215,162560,713,-417,198,68,208,95,87,51,-294,83,291,25,259,60,38,27,36,31,-10,-7,-206,-45,-126,-14,-285,-20,-340,-20,-348,33,-221,50]]]
8858085	p	4005539
3532592	p	3521081
3521912	r	-93.7469,18.149,-92.658,18.5922	[[[-937469,183656,302,-110,66,87,63,53,711,218,115,86,57,60,129,60,139,44,84,9,39,-44,70,-164,427,126,5,-45,142,-42,-22,-37,-15,-11,-26,-56,50,-40,13,-1,-94,-40,29,-5,-101,-361,67,-11,45,-94,67,27,21,-92,108,-183,58,29,63,-48,21,-65,-16,-131,94,-60,5,-37,32,1,-20,-123,3182,-1166,4979,2828,-1,28,-35,344,-59,341,-2,8,-17,-97,-9,-214,80,-155,-68,-279,-131,266,-81,969,-130,314,-42,66,-94,13,-94,-46,-43,-105,-78,-129,-209,-275,-475,-426,-489,-281,-841,-203,-1570,-26,-1,1,-22,-1,-20,0,-2,-1,-527,-19,-18,1,0,19,-79,-3,0,5,6,3,-14,0,6,-3,0,-5,-81,-3,-1,2,-1,-2,-13,0,0,1,-1,-1,-42,-2,0,6,-1,-6,-12,0,-1,7,-1,-7,-44,-2,-2,7,0,-7,-35,-1,-15,5,1,41,-7,16,-87,49,87,-56,3,-56,-38,-1,3,18,-4,-18,-91,-3,-119,-4,2,57,-6,-9,1,-40,-97,-12,-471,-16,-176,0,-238,-10,-1321,37,-1077,-124,-443,-95,-1502,-543]]]
3982213	r	-114.7601,18.2199,-103.0455,19.172	[[[-1147601,183460,6,-12,12,-2,32,-26,21,-27,10,-3,9,7,2,-5,7,12,4,-6,0,8,26,16,41,7,24,11,24,-12,1,-20,17,19,1,-15,6,-5,11,3,4,6,15,4,-3,31,20,10,-3,15,14,12,31,-1,30,-21,3,-11,-15,-7,-10,-20,4,6,11,-4,6,7,14,1,-3,7,14,1,5,16,61,14,19,8,4,-6,7,2,-4,11,24,14,22,-2,20,-15,14,5,7,-6,13,3,2,-12,28,-25,27,0,-3,4,11,6,10,25,43,36,16,1,24,35,34,21,11,18,16,10,-12,26,-25,17,5,7,-7,0,-10,20,-40,24,-1,9,-38,1,-6,-26,-10,-7,-25,12,-27,-9,-28,4,-31,-21,-33,11,-23,-6,-23,5,-9,-5,-8,9,-19,0,6,-6,-7,-1,-2,-10,-50,-3,-26,6,-7,14,-5,-15,-14,3,-34,22,-20,27,-29,-1,-7,8,-11,-4,-2,4,-39,-9,-4,-12,-32,-13,-20,-23,-21,2,-5,7,5,2,-2,7,-9,3,-4,-14,-13,4,3,-10,-30,0,-9,-16,-3,-16,9,-24,-26,-32,0,-30,-10,-22,3,-23,-10,-19,6,-15,-8,-11]],[[-1110555,187806,10,-13,-1,11,24,11,31,-16,-4,11,10,17,-2,10,14,14,24,9,-1,-4,15,1,1,-12,1,7,19,-12,15,-1,19,12,9,19,15,5,12,-19,8,-50,20,-10,0,-7,43,-9,-15,-18,5,-11,11,-3,6,10,34,-7,6,9,14,-12,-3,-27,-7,-4,4,-15,-13,-14,15,3,19,-19,2,-24,8,-2,-2,-9,8,4,-2,5,13,3,21,-5,0,-12,-35,-25,14,-16,-4,-28,21,-25,10,6,13,19,20,0,4,-13,4,4,6,-7,0,-17,25,1,10,-5,59,54,9,-4,-6,-6,12,2,11,-24,13,-11,15,2,33,-14,5,5,13,-6,11,1,17,-14,-13,-10,1,-14,40,-41,19,1,22,22,55,-15,25,2,5,-10,9,3,14,-12,-4,-7,10,-3,0,-5,4,7,8,-2,9,-19,27,-3,-4,-14,13,-11,-6,-26,12,20,14,-4,8,-8,-7,-29,59,-21,-3,-17,-28,-15,5,-14,-6,-26,5,-4,-2,-8,37,-28,26,-7,18,8,7,13,-8,36,4,15,45,-28,8,-13,16,-4,0,9,15,15,1,30,-6,20,13,9,22,-1,15,-9,5,5,10,-12,18,8,14,-11,33,-2,19,6,30,24,11,-5,10,13,15,5,-5,10,8,17,-5,13,30,91,-4,28,9,7,-8,29,15,26,-7,25,-10,7,4,13,-6,5,9,12,-4,15,-10,10,-6,31,1,41,31,63,23,7,8,18,50,-7,-50,19,-3,10,5,4,-21,4,-5,7,0,12,12,7,-24,7,-12,67,8,53,11,4,-8,14,-12,-4,-35,49,-50,49,-4,17,-26,9,-4,11,-9,3,1,13,-7,10,14,3,-12,5,3,17,-22,3,4,9,-10,-1,-3,18,-22,7,-4,14,-14,-6,-14,6,-3,26,15,8,-6,12,9,10,-10,-2,0,20,-10,-4,-6,18,-8,4,10,5,-5,21,-16,-7,-18,2,-9,24,5,20,-15,15,-17,5,-23,-10,-10,-26,-14,3,-11,-10,-50,21,-13,22,11,11,-9,-1,1,9,-19,4,0,9,-8,-4,-13,28,5,11,-22,8,4,11,-10,1,-7,14,-9,0,5,2,-9,3,-1,10,-15,-5,4,8,-5,19,-12,0,-32,-17,-6,2,4,8,-10,-1,-3,-11,-14,24,-12,3,10,42,-5,24,-14,-5,-11,-34,-10,2,1,5,-15,13,-1,11,-5,-8,-27,-6,-10,16,21,13,6,18,-25,10,1,8,-8,-8,-13,13,-17,-5,-12,-14,1,-14,24,-10,-8,-12,-18,-5,-9,6,-5,-11,-22,-3,-9,19,-7,-19,-9,1,-4,-8,-14,4,14,-33,0,-38,-18,-8,-11,19,-23,-26,-22,-2,9,-8,-19,-1,-3,-19,-7,-8,-10,-1,-5,-28,-10,-1,-1,-5,9,-19,20,-19,-4,-7,-15,-1,-1,-12,11,-22,-22,-26,-18,20,1,-8,-8,3,19,-18,3,-11,-9,-29,-8,-1,-8,8,-3,-4,14,-17,-6,-11,-8,3,1,-12,-10,8,-7,-13,-21,-9,-10,-12,-8,9,-10,-2,-4,10,-12,-3,-28,10,-2,8,-8,-2,-2,6,-34,-28,6,-26,-6,-1,5,-6,-9,-9,-36,14,-18,-3,-11,9,-15,-1,1,-19,-14,-13,5,-7,-17,-3,-11,-12,10,-6,-7,-11,-20,2,-6,6,3,9,13,6,-6,6,-32,-8,-12,7,-19,-5,-4,8,-15,8,-19,-12,16,-17,22,6,24,-17,23,6,-5,-25,-18,-22,-10,-6,-15,9,0,-9,2,-6,16,0,12,-8,-3,-21,6,-11,-16,-25,14,1,5,-13,13,2,16,-13,2,-35,-8,-16,-11,5,1,-7,-10,-10,-8,-1,-6,13,-14,-3,10,-25,-4,-8,9,-4,-41,-13,-36,-26,-22,-59]],[[-1041435,189536,528,-253,1107,-534,94,-90,-5,-15,35,-36,32,-23,56,-70,113,-94,441,-267,1075,-731,46,-40,507,-493,14,-39,14,-9,6,15,28,-28,342,-286,140,-257,-238,-274,33,-100,137,-28,308,-177,182,-118,150,-109,97,-111,83,-57,359,-389,520,-1161,247,-427,742,-303,445,-246,181,-118,179,42,350,-117,168,-98,528,-175,179,21,354,-142,1402,2116,-441,3402,-1295,575,-2845,1264,-27,-74,-38,-19,-11,7,-11,24,-71,8,-19,-7,-11,-16,24,-48,19,-9,36,-36,7,-22,-5,-20,-48,-15,-43,-57,-37,9,-42,-3,-17,-4,-10,-11,-1,-32,11,-39,42,-55,5,-14,-11,-8,-18,-52,-19,-11,-33,17,-30,25,-20,3,-88,-19,-21,-16,-57,4,-9,-27,2,-35,-8,-44,-22,-18,-50,-6,-21,-11,2,-81,-13,-22,-22,-20,-1,-76,-9,-13,-10,1,-29,22,-10,17,-31,6,29,29,-2,14,-19,39,-2,21,-43,51,-15,4,-13,58,-30,60,-55,7,66,27,33,56,-3,36,14,12,52,-2,-14,39,6,65,11,9,-51,6,-32,-21,-15,72,21,61,-6,42,-20,26,20,30,-13,15,39,257,-69,38,25,10,9,33,-15,88,-567,252,-2,-19,-11,-7,-5,19,-10,3,2,12,-3,5,-989,439,-14,-2,1,-22,-8,-1,-1,-8,-24,13,15,28,0,6,-114,51,-35,-3,-17,-26,-75,39,1,9,12,7,1,14,9,6,8,31,-115,-5,3,20,-594,264,-404,139,-3,9,-2,-7,-1488,513,-332,-657,-14,-44,41,-10,70,-82,146,-107,23,-57,103,-92,-12,-33,39,-39,-22,-23,23,-56,-11,-62,48,-70,-93,-73,-20,-68,25,-4,-49,-25,67,-92,-62,-19,-46,18,-99,-38,-34,12,-18,38,-24,-21,-21,20,-64,-45,-111,-217,-142,26,-11,-30,-66,1,-187,-386,29,-22,-9,-25,-34,4,-234,96,-1,-2]]]
3523908	p	3530589
3528756	n	-99.2135,22.5139,-98.7265,22.9661	[[[-992135,227400,12,-222,35,-219,58,-215,80,-209,102,-201,123,-190,143,-178,160,-165,177,-149,192,-132,205,-114,216,-95,225,-75,232,-54,236,-32,239,-11,239,11,236,32,232,54,225,75,216,95,205,114,192,132,177,149,160,165,143,178,123,190,102,201,80,209,58,215,35,219,12,222,-12,222,-35,219,-58,215,-80,209,-102,201,-123,190,-143,178,-160,165,-177,149,-192,132,-205,114,-216,95,-225,75,-232,54,-236,32,-239,11,-239,-11,-236,-32,-232,-54,-225,-75,-216,-95,-205,-114,-192,-132,-177,-149,-160,-165,-143,-178,-123,-190,-102,-201,-80,-209,-58,-215,-35,-219,-12,-222]]]
3515011	n	-97.6505,20.738,-97.211,21.1861	[[[-976505,209600,12,-222,34,-219,58,-215,79,-209,101,-201,121,-190,141,-178,158,-165,175,-149,190,-132,202,-114,196,-87,1388,-139,19,2,229,54,222,75,214,95,202,114,190,132,175,149,158,165,131,166,-571,947,-699,1271,-516,1302,-204,9,-236,-11,-233,-32,-229,-54,-222,-75,-214,-95,-202,-114,-190,-132,-175,-149,-158,-165,-141,-178,-121,-190,-101,-201,-79,-209,-58,-215,-34,-219,-12,-222]]]
3815415	p	3521081
3520064	r	-95.5315,15.975,-94.9337,16.2912	[[[-955315,161525,6,-13,88,-18,0,-79,88,-93,92,288,-274,-85]],[[-954659,159759,3,-4,4,-5,307,4,62,100,6,31,-11,-35,-68,-89,-303,-2]],[[-952890,162065,14,-343,47,-551,21,-29,0,1,-1,17,6,-3,-7,18,-1,14,125,93,128,39,83,12,12,17,-20,12,12,114,39,30,29,21,31,13,-2,10,1,1,41,31,173,1,18,0,8,-4,0,-50,4,53,7,0,0,1,23,0,3,-38,5,38,106,0,2,2,0,-82,-43,-46,46,46,2,86,97,87,193,-31,78,-13,117,51,-48,73,-14,60,57,49,21,6,116,12,132,0,201,-40,375,-7,472,67,253,61,441,53,150,28,-878,515,-223,50,-200,73,-14,100,17,24,-179,105,-923,-285,84,-128,6,-47,-24,-24,-136,0,-10,72,-12,15,-5,3,-57,62,-2,-1,-22,26,-4,37,-250,-163,-230,-179,-170,-106,-165,-137,-156,8]]]
4004885	n	-100.5982,19.2139,-100.1217,19.6625	[[[-1005982,194400,12,-222,34,-219,57,-215,79,-209,100,-201,120,-190,139,-178,157,-165,173,-149,188,-132,200,-114,212,-95,220,-75,226,-54,232,-32,233,-11,233,11,232,32,226,54,220,75,212,95,200,114,188,132,173,149,157,165,139,178,120,190,100,201,79,209,57,215,34,219,12,222,-12,222,-34,219,-57,215,-79,209,-100,201,-120,190,-139,178,-157,165,-173,149,-188,132,-200,114,-212,95,-220,75,-226,54,-52,7,-53,-37,-2716,-1874,-14,-92,-12,-222]]]
3994489	r	-103.1639,20.1441,-102.3947,20.5881	[[[-1031639,201599,90,-158,6991,1039,603,675,8,494,-2109,2172,-3307,60,-1733,-2601,-543,-1681]]]
4000821	n	-102.2595,20.1139,-101.7805,20.5661	[[[-1022595,203400,11,-222,35,-219,57,-215,79,-209,101,-201,121,-190,140,-178,104,-109,858,-555,194,-66,228,-54,232,-32,235,-11,235,11,232,32,228,54,222,75,212,95,202,114,188,132,175,149,157,165,140,178,121,190,101,201,79,209,57,215,35,219,11,222,-11,222,-35,219,-57,215,-79,209,-101,201,-121,190,-140,178,-157,165,-175,149,-188,132,-202,114,-212,95,-222,75,-228,54,-232,32,-235,11,-235,-11,-232,-32,-228,-54,-222,-75,-212,-95,-202,-114,-188,-132,-175,-149,-157,-165,-140,-178,-121,-190,-101,-201,-79,-209,-57,-215,-35,-219,-11,-222]]]
3515887	r	-99.7323,19.7402,-99.0779,20.2814	[[[-997323,199100,9,-243,25,-242,42,-239,58,-237,74,-233,91,-227,106,-221,31,-56,3676,352,1034,839,1398,2631,-318,796,-45,114,-79,54,-218,128,-226,114,-234,101,-240,85,-246,71,-250,55,-253,40,-255,23,-257,8,-257,-8,-255,-23,-253,-40,-250,-55,-246,-71,-240,-85,-234,-101,-226,-114,-218,-128,-209,-142,-199,-154,-187,-166,-175,-178,-163,-187,-150,-198,-135,-206,-121,-215,-106,-221,-91,-227,-74,-233,-58,-237,-42,-239,-25,-242,-9,-243]]]
4013706	p	3981254
3996387	r	-101.3856,22.9623,-99.8944,24.3378	[[[-1013856,236500,15,-450,48,-448,80,-444,111,-438,141,-430,172,-422,201,-409,230,-397,258,-382,284,-366,310,-348,333,-328,357,-308,377,-286,396,-262,415,-237,430,-212,445,-186,456,-159,467,-130,475,-102,482,-74,485,-44,488,-15,488,15,485,44,482,74,475,102,467,130,456,159,445,186,430,212,415,237,396,262,377,286,357,308,333,328,310,348,284,366,258,382,230,397,201,409,172,422,141,430,111,438,80,444,48,448,15,450,-15,450,-48,448,-80,444,-111,438,-141,430,-172,422,-201,409,-230,397,-258,382,-284,366,-310,348,-333,328,-357,308,-377,286,-396,262,-415,237,-430,212,-445,186,-456,159,-467,130,-475,102,-482,74,-485,44,-488,15,-488,-15,-485,-44,-482,-74,-475,-102,-467,-130,-456,-159,-445,-186,-430,-212,-415,-237,-396,-262,-377,-286,-357,-308,-333,-328,-310,-348,-284,-366,-258,-382,-230,-397,-201,-409,-172,-422,-141,-430,-111,-438,-80,-444,-48,-448,-15,-450]]]
4019260	r	-110.2401,30.2923,-108.4321,31.334	[[[-1102401,313272,70,-8437,292,-180,664,-355,690,-317,712,-278,732,-237,748,-195,762,-153,771,-109,778,-66,782,-22,782,22,778,66,771,109,762,153,748,195,732,237,505,197,6001,9372,-3271,0,33,50,-9906,16,21,-67,-1364,0,-428,0,-427,-1,-2738,0]]]
3526323	p	3523349
3530103	r	-87.0228,20.2608,-86.7353,20.5959	[[[-870228,203554,39,-229,137,-423,29,-201,70,-93,161,70,527,459,96,109,40,69,43,100,94,70,94,52,42,51,48,171,251,449,117,165,305,238,164,164,128,323,353,579,118,145,19,32,-22,69,-47,36,-47,0,-21,-37,-67,-147,-156,-114,-179,-62,-125,27,-220,-126,-134,-28,-92,18,-249,96,-110,23,-35,14,-48,30,-64,25,-85,-1,-83,-43,-158,-134,-73,-28,-313,-409,-398,-701,-118,-388,-31,-420]]]
3983058	p	3998655
8858086	p	3529612
4005297	n	-108.3071,25.2338,-107.8313,25.6861	[[[-1083071,253935,1,-254,76,-147,126,-190,145,-178,164,-165,181,-149,196,-132,209,-114,221,-95,230,-75,237,-54,241,-32,244,-11,244,11,241,32,237,54,230,75,221,95,209,114,196,132,181,149,164,165,145,178,126,190,104,201,82,209,60,215,35,219,12,222,-12,222,-35,219,-60,215,-82,209,-104,201,-126,190,-145,178,-164,165,-181,149,-196,132,-209,114,-221,95,-230,75,-237,54,-241,32,-244,11,-244,-11,-241,-32,-237,-54,-230,-75,-221,-95,-209,-114,-119,-81,358,-66,157,-172,-95,-94,-254,-170,240,-391,-12,-138,-56,-30,7,-34,-62,-43,-27,-121,77,-31,76,-244,-39,-40,-271,80,-324,-36,-70,-84,-148,-58,-54,-157,-105,-610,-124,31,-23,-55,-21,-1]]]
4005270	r	-101.4445,20.8137,-101.0167,21.4691	[[[-1014445,211623,125,-229,-4,1,-24,-23,-14,-53,68,-74,-69,-255,87,-14,31,-32,18,37,70,-15,49,41,76,-141,-16,-5,28,-145,107,-67,533,-977,-16,-147,-188,18,-33,-49,110,-44,-6,-19,111,18,-25,-172,-82,-3,42,-97,33,-3,2,57,176,-9,-24,-53,53,-5,8,-57,-49,0,-6,-42,-37,-20,70,-20,-16,-64,79,-11,-6,-110,-32,5,-87,-94,-5,-37,-86,-13,-104,-89,-32,-165,-58,-46,169,-12,-1,-10,244,-30,-5,-39,133,-19,23,-9,25,1,3,86,39,3,194,-7,234,-81,15,126,119,-132,129,-30,4,7,76,-10,44,3,64,57,-14,26,305,80,374,73,-2,-6,126,77,18,17,1,3,6,15,14,9,4,12,40,34,44,9,11,-2,48,-5,11,8,19,-2,36,16,7,-8,46,-5,9,5,3,2,15,-4,29,-7,39,0,-32,42,43,40,-94,258,62,68,-84,19,-8,26,42,-7,-110,189,25,28,-180,7,1,69,135,26,-39,118,390,94,167,164,-100,59,-17,22,27,10,-114,16,-22,40,-47,7,-1,36,29,-4,-21,31,10,38,-250,87,-101,-28,-28,12,-61,-43,-88,79,38,64,-78,88,-64,148,86,48,44,-20,41,43,42,-10,20,20,-9,80,27,12,-60,42,15,25,-25,25,-99,62,19,30,59,-2,35,56,-43,23,55,23,13,33,-19,86,77,105,-31,37,16,54,18,33,91,28,-15,39,39,133,-25,25,-49,-23,-75,92,-93,17,-86,-35,-13,37,-68,13,67,154,-121,-2,-1,144,-184,-14,-52,129,53,7,-21,110,-284,-59,-22,22,98,143,8,63,84,52,178,28,-1145,2328,-98,-3,-312,-29,-309,-47,-92,-21,-819,-2968]],[[-1010867,208600,60,-19,86,-150,6,-32,-12,-176,55,-70,0,-16,310,36,138,565,57,232,-241,-185,-287,-110,-23,9,-112,-85,-37,1]]]
3980187	p	3991164
4005219	r	-109.0259,25.1453,-108.0477,26.3151	[[[-1090259,254445,9,-34,43,-27,752,-96,382,-92,311,-117,328,-158,68,-40,327,-135,306,-127,18,25,437,-26,10,-2,-51,-35,205,3,366,-76,751,-242,406,-159,49,-29,141,-53,52,-43,383,-144,14,-38,270,-111,185,-129,140,-120,308,-354,86,-116,-44,-426,15,-91,56,71,101,308,96,80,10,77,74,59,55,272,-53,205,25,106,41,38,20,-18,337,1032,23,24,7,-27,55,16,0,-30,75,-1,-1,270,21,1,23,55,124,-31,105,610,54,157,148,58,70,84,324,36,271,-80,39,40,-76,244,-77,31,27,121,62,43,-7,34,56,30,12,138,-240,391,254,170,95,94,-157,172,-396,73,1862,5693,-114,64,-474,230,-490,202,-504,172,-514,142,-524,111,-530,79,-536,48,-130,4,-2511,-5218,-251,-521,4,429,-91,45,-63,-32,0,61,-114,1,-151,191,-109,202,-40,-41,-42,-2,-61,-85,-27,14,-46,-40,-149,-229,-131,70,-20,-32,-16,11,-38,-59,-97,-61,-54,-110,-28,-5,22,-6,-18,-25,56,-29,-26,-40,-26,14,-80,-132,-127,-11,-117,-108,106,-11,-92,-101,-68,-129,66,-932,43,-3,43,-121,95,-143,35,-85,-44,-19,44,-61,-75,17,14,70,-66,27,19,-96,-77,-82,-318,-604,75,-43,-22,-130,-99,-155,-108,-327,-1149,-18,-37,-12]]]
3986984	p	3998655
3517270	p	3530589
3524348	r	-100.2461,24.2109,-98.8571,25.3921	[[[-1002461,246539,10,-32,165,-399,192,-388,220,-376,246,-362,272,-346,296,-330,319,-311,341,-291,360,-271,379,-248,396,-225,412,-201,425,-176,436,-150,447,-123,454,-97,460,-70,388,-34,5512,1824,72,62,319,311,296,330,272,346,246,362,220,376,192,388,165,399,135,407,106,416,76,420,46,424,15,426,-15,426,-46,424,-76,420,-106,416,-135,407,-165,399,-192,388,-220,376,-246,362,-272,346,-296,330,-319,311,-341,291,-360,271,-237,154,-4328,-2941,92,-73,45,34,25,71,96,42,9,58,168,19,65,-24,29,40,37,-12,37,38,28,-16,66,33,20,35,-14,22,39,-16,12,43,71,49,15,-15,78,22,-5,38,43,3,0,59,62,61,52,24,-2,-21,32,7,-7,51,31,-4,-2,43,27,-1,-20,-138,342,-35,-68,-423,358,-56,16,137,204,-37,-44,-238,-76,19,-47,-359,418,-84,-43,-274,-246,53,-112,63,-63,-345,-62,24,-20,58,-51,4,-45,-81,36,-5,-3,-26,45,0,-2,-63,53,1,-2,-45,21,-3,-17,-56,-113,4,6,71,5,59,-99,30,-47,-44,-50,12,-40,71,-42,7,-79,76,-127,3,-10,32,-43,-1,-9,38,-156,-60,-141,-112,29,213,-136,-3,27,-153,-55,35,-10,-72,-109,7,-86,115,-177,-3,-74,-73,-62,11,-143,-36,-38,-45,9,-80,-46,-59,-94,35,-44,-10,-6,-109,-131,59,-133,-24,-82,109,-48,1,-36,-55,29,-99,56,-51,-12,-52,-45,-12,-75,48,-77,-21,-13,-49,-42,-17,-115,94,-5,94,-51,-27,-52,28,5,47,36,28,-12,22,-36,-1,-54,-67,-87,45,-10,93,-44,-8,-9,-39,-32,-5,-66,48,-51,-2,-21,48,-81,30,-97,-8,-120,55,-26,-33,-110,56,-26,-41,-63,21,-27,-17,-34,47,-154,-60,-61,-100,-110,-42,-33,-38,22,-63,-61,-103,-251,-111,-81,-136,-132,-32,-27,13,-5,44,-31,9,-46,-61,-55,-2,-28,29,-76,-39,-3,-22,-63,15,17,-60,-70,-39,7,-33,29,6,19,-33,-112,-11,-1,1,-2,0,-2,3,-41,37,-5,2,-21,-29,-34,6,-15,9,-11,3,-26,-76,54,-64,-18,-33,-107,-42,-72,36,-7,-19,-40,0,51,-85,-26,-73,166,-188,-3038,-2065]]]
3980180	p	3995523
3531862	p	4005492
3980605	r	-101.6045,20.2464,-101.0007,20.5472	[[[-1016045,203575,75,-1067,1953,67,23,-42,19,-10,22,-38,339,5,4,13,-25,28,38,-5,3,15,27,-1,35,33,11,19,1442,50,3,-16,-8,-25,16,-15,-1,-23,10,-17,-10,-15,-2,-38,7,-29,12,0,10,14,28,-5,47,15,28,28,4,28,46,34,105,21,21,45,17,10,281,9,9,-10,-2,-17,16,-12,46,14,15,20,-5,8,1379,48,-752,1655,-31,0,-21,19,-7,21,-28,40,-66,-58,-28,14,-43,24,-1,23,-12,19,-21,10,-3,24,20,22,-11,17,6,22,-16,0,-6,10,13,12,1,30,-79,18,-11,17,-23,10,-17,18,-1,1,-1,5,0,3,13,30,-2,12,-10,3,-7,15,-36,4,-43,67,-19,16,0,19,-31,25,-1,18,-33,0,-6,-14,-45,-21,-24,-29,1,-11,2,-37,10,-28,-5,-12,-11,-5,-21,0,-1,26,-34,1,-4,15,-17,14,-23,-12,-12,20,-16,-27,-13,0,-22,31,2,22,-13,17,-8,-4,-95,-3,-151,-62,-9,-23,3,-77,-190,31,-94,-16,-1,-21,-19,-31,-37,-29,-29,-13,-4,-11,-7,2,-44,-25,-5,-13,-61,52,-17,-61,1,-27,-10,-3,0,-8,-54,12,-3,14,31,19,7,26,7,1,-5,36,-92,-5,12,36,-23,142,-21,15,-38,1,0,-48,-12,-2,-1,17,-23,-4,0,43,-36,107,-3,32,-41,9,-9,8,-63,6,-21,-4,-52,56,-32,-1,-137,-58,-3,10,13,-4,1,10,-11,1,9,15,5,-1,-5,23,5,65,12,7,27,-5,-12,21,-9,45,64,41,22,42,-2,73,21,5,-4,14,-106,10,-22,-13,-9,23,-13,-10,-16,8,-42,-14,-31,-18,-10,-19,8,-19,-28,-15,-5,2,-5,-2,-2,4,-4,2,-3,11,10,28,0,46,11,27,-1,4,-12,12,-30,0,-9,-30,-40,1,-19,-12,-17,-2,-20,36,-13,5,-31,-3,-43,24,-24,29,-52,30,-15,-11,-11,-38,3,-25,14,-23,-3,-13,-10,-3,-37,11,-43,0,-22,-7,-50,-37,-27,-7,-37,-37,-37,-20,-13,-27,14,-39,-26,-56,-3,-25,20,-26,0,-21,12,-25,-21,-71,-6,-56,-19,-32,-22,-19,-56,-6,-22,-18,-46,-19,-20,7,-27,28,-5,-18,11,-22,-2,-11,-16,-17,-6,-20,-23,-15,-13,3,-14,14,-1,37,-10,20,-26,0,-13,-14,-4,-17,7,-38,12,-17,23,-14,35,-57,-2093,-1096]]]
3531865	p	4005492
3518387	p	3515302
3516843	r	-96.1607,15.9638,-95.0814,17.1473	[[[-961607,163200,19,-582,59,-579,99,-575,136,-567,175,-557,210,-538,5085,1566,74,-261,-42,-152,429,-324,172,-598,-10,-157,64,-238,177,27,17,64,85,29,199,1,303,2,68,89,11,35,0,-2,36,114,252,66,-7,19,7,8,38,43,18,5,252,71,-48,74,-16,25,-35,155,0,1,233,321,12,7,135,81,345,71,24,46,34,4,135,16,16,32,1,1,88,31,-51,69,0,-1,-21,29,-47,551,-14,343,156,-8,165,137,170,106,230,179,250,163,4,-37,22,-26,2,1,57,-62,5,-3,12,-15,10,-72,136,0,24,24,-6,47,-84,128,923,285,-4963,8560,-147,-53,-548,-240,-532,-275,-511,-307,-236,-163,-1349,-2327,-2494,-4513,-13,-394],[-955315,161525,274,85,-92,-288,-88,93,0,79,-88,18,-6,13]]]
3523011	r	-100.5042,24.6398,-99.1264,25.6294	[[[-1005042,249003,54,-108,230,-392,258,-377,284,-362,309,-343,334,-325,356,-304,377,-282,171,-112,208,141,3038,2065,-166,188,26,73,-51,85,40,0,7,19,72,-36,107,42,18,33,-54,64,26,76,11,-3,15,-9,34,-6,21,29,5,-2,41,-37,2,-3,2,0,1,-1,112,11,-19,33,-29,-6,-7,33,70,39,-17,60,63,-15,3,22,76,39,28,-29,55,2,46,61,31,-9,5,-44,27,-13,132,32,81,136,251,111,61,103,-22,63,33,38,110,42,61,100,154,60,34,-47,27,17,63,-21,26,41,110,-56,26,33,120,-55,97,8,81,-30,21,-48,51,2,66,-48,32,5,9,39,44,8,10,-93,87,-45,54,67,36,1,12,-22,-36,-28,-5,-47,52,-28,51,27,5,-94,115,-94,42,17,13,49,77,21,75,-48,45,12,12,52,-56,51,-29,99,36,55,48,-1,82,-109,133,24,131,-59,6,109,44,10,94,-35,46,59,-9,80,38,45,143,36,62,-11,74,73,177,3,86,-115,109,-7,10,72,55,-35,-27,153,136,3,-29,-213,141,112,156,60,9,-38,43,1,10,-32,127,-3,79,-76,42,-7,40,-71,50,-12,47,44,99,-30,-11,-130,113,-4,17,56,-21,3,2,45,-53,-1,2,63,-45,0,3,26,-36,5,45,81,51,-4,20,-58,62,-24,63,345,112,-63,246,-53,43,274,-418,84,47,359,76,-19,44,238,-204,37,-16,-137,-358,56,68,423,-342,35,20,138,-27,1,2,-43,-31,4,7,-51,-32,-7,2,21,-52,-24,-62,-61,0,-59,-43,-3,5,-38,-78,-22,-15,15,-71,-49,-12,-43,-39,16,14,-22,-20,-35,-66,-33,-28,16,-37,-38,-37,12,-29,-40,-65,24,-168,-19,-9,-58,-96,-42,-25,-71,-45,-34,-92,73,4660,3167,-145,353,-202,405,-230,392,-258,377,-284,362,-233,258,-1630,-597,-3420,-1254,-33,-117,-149,-20,-16,-66,-64,-66,32,-16,-35,-71,42,-92,-75,-113,43,-86,-87,-119,-65,-164,-79,-49,-64,-9,-56,-57,-1045,805,-19,-63,-66,-74,59,-125,66,-59,-1,-29,-2,-1,-2,-37,-1,-8,-20,-20,-17,-18,-6,-5,-72,2,-40,-39,-65,-11,-5,-86,-92,29,-50,-40,-77,23,-68,-69,-115,-27,-55,23,-183,-118,-83,52,-1485,-544,-2051,-1447,-892,-933,-382,-1576]]]
3979673	n	-101.7327,17.4953,-101.3143,17.8661	[[[-1017327,177827,345,-254,263,-170,242,-350,32,-370,294,-80,158,-70,42,-180,158,11,94,-110,126,0,42,-140,272,70,294,-40,384,-311,94,-130,80,-131,-25,-179,-136,-19,10,-111,620,-200,247,-110,13,13,137,178,119,190,99,201,78,209,56,215,34,219,12,222,-12,222,-34,219,-56,215,-78,209,-99,201,-119,190,-137,178,-156,165,-171,149,-186,132,-198,114,-209,95,-218,75,-224,54,-229,32,-231,11,-231,-11,-229,-32,-224,-54,-218,-75,-209,-95,-198,-114,-186,-132,-171,-149,-156,-165,-5,-7]]]
4023117	r	-101.3319,20.8599,-100.3646,21.6648	[[[-1013319,215757,2,-46,502,-1020,1145,-2328,-178,-28,-84,-52,-8,-63,-98,-143,22,-22,284,59,21,-110,-53,-7,52,-129,184,14,1,-144,121,2,-67,-154,68,-13,13,-37,86,35,93,-17,75,-92,49,23,25,-25,-39,-133,15,-39,-91,-28,-18,-33,-16,-54,31,-37,-77,-105,19,-86,-13,-33,-55,-23,43,-23,-35,-56,-59,2,-19,-30,99,-62,25,-25,-15,-25,60,-42,-27,-12,9,-80,-20,-20,-42,10,-41,-43,-44,20,-86,-48,64,-148,78,-88,-38,-64,88,-79,61,43,28,-12,101,28,250,-87,-10,-38,21,-31,-29,4,1,-36,47,-7,22,-40,114,-16,-27,-10,17,-22,100,-59,-167,-164,-390,-94,39,-118,-135,-26,-1,-69,180,-7,-25,-28,110,-189,-42,7,8,-26,84,-19,-62,-68,94,-258,-43,-40,32,-42,7,0,7,6,21,-9,-12,-49,37,-1,112,85,23,-9,287,110,241,185,21,16,209,228,89,-38,23,104,129,-4,-19,47,66,28,-62,5,16,8,-27,59,26,32,-3,-34,19,8,12,38,45,-33,10,85,59,-13,50,-44,91,-17,6,55,43,14,-9,49,24,31,125,29,-7,150,94,61,99,-90,22,8,-23,38,38,-12,23,42,-81,65,364,239,14,-10,47,4,87,68,160,5,-73,87,1078,707,96,27,192,13,92,35,636,26,5,84,-77,34,15,63,-52,13,-11,-25,-93,65,15,16,-53,45,-82,-79,-30,3,-6,103,316,208,2773,1817,-127,317,-161,334,-185,325,-207,312,-228,298,-248,285,-268,268,-285,251,-303,233,-318,214,-333,194,-345,174,-25,10,-5634,-196,-311,-182,-318,-214,-303,-233,-74,-66]]]
3517517	p	3522507
3991043	p	3988086
3515044	p	3529612
3982266	r	-116.7018,32.2206,-115.8742,32.6361	[[[-1167018,325125,30,-21,52,-224,120,-291,60,-37,55,-227,14,-213,537,-448,18,-136,141,-256,-103,-52,98,-46,-30,-106,55,-39,52,8,29,-60,352,-24,40,36,197,-107,61,-78,-1,-6,-10,-45,-70,-59,-20,-192,-646,-296,3103,115,1223,45,184,-7,26,15,1262,46,-37,627,1484,815,-80,2071,29,428,-2269,-176,-5847,-474,-30,-503,-22,-56,-57,-27]]]
3988258	n	-102.9592,19.8339,-102.4869,20.2318	[[[-1029591,200600,12,-222,34,-219,57,-215,79,-209,100,-201,121,-190,140,-178,157,-165,174,-149,189,-132,201,-114,212,-95,221,-75,228,-54,232,-32,234,-11,234,11,232,32,228,54,221,75,212,95,201,114,189,132,174,149,69,72,571,2021,-43,162,-79,209,-100,201,-121,190,-140,178,-157,165,-139,119,-3585,-533,-76,-119,-100,-201,-79,-209,-57,-215,-34,-219,-12,-222]]]
3991347	r	-114.9441,30.5782,-112.4377,32.1152	[[[-1149441,311558,141,-736,211,-777,269,-763,327,-746,383,-727,437,-703,490,-678,538,-646,-198,286,-142,304,66,338,-45,165,-91,242,118,246,65,87,-80,163,-54,135,37,452,-70,149,-53,92,46,144,-33,157,-12,108,-14,334,-44,99,-19,71,-35,57,-160,82,-672,273,-183,124,-106,177,-5,207,180,154,14,72,-247,166,-257,231,-201,310,-47,422,49,193,42,336,-645,-600]],[[-1144099,316339,494,-255,287,-119,-25,19,-260,110,-323,189,-173,56]],[[-1142733,315453,135,-67,212,-62,-347,129]],[[-1142307,315295,218,-172,499,-178,411,-22,465,-3,304,-3,-323,26,-744,-1,-215,46,-300,109,-311,197,-4,1]],[[-1140255,315017,13,-43,54,67,38,66,46,56,42,75,-105,87,-35,-25,-35,-85,51,-2,-69,-196]],[[-1140060,315238,93,28,97,29,9,10,33,18,7,28,42,48,-22,35,4,18,73,77,162,95,-38,15,53,18,37,23,-90,119,-14,-18,-39,-8,-42,5,-42,12,-9,130,30,78,-66,133,-12,183,140,-30,58,-79,-3,-35,39,-26,165,-140,118,9,77,-30,38,7,19,53,13,3,1,1,154,22,197,-87,8,-64,74,-42,70,32,137,-63,379,-170,9,-5,5,-1,56,-25,268,-10,-14,-31,58,-29,43,9,9,-8,43,-69,628,-270,409,-261,249,-319,-10,-263,-13,-26,12,-69,33,-60,129,-420,95,-266,-4,-33,-79,-70,-185,27,-29,-26,-41,-17,11,-9,-7,-6,212,-162,369,-24,269,-76,96,-199,615,-85,74,-12,460,-98,1049,-172,740,-185,479,0,47,-91,35,-23,20,-39,414,-204,169,-93,177,-55,16,28,31,36,-2,52,62,-20,88,-102,33,-146,86,-191,121,-40,-33,-38,-2,-91,122,-442,98,-223,-16,-297,-14,-92,-64,-91,-90,-90,-74,-28,-54,-75,-14,-79,-125,279,-83,207,-38,112,-18,28,1,4,-27,46,-7,-2,-16,24,-81,-19,2,-145,309,-713,25,-332,-25,-392,-110,-635,-179,-309,149,-312,340,-1108,297,-475,2798,5550,42,-46,184,173,334,516,87,-47,170,172,678,146,196,420,-20,301,81,16,19,-108,102,27,612,293,142,-88,402,224,-305,206,-120,16,-198,267,88,176,5,278,387,75,-17,48,-115,48,0,641,315,-7,2,324,181,-1,-40,302,115,59,-93,24,-268,-30,0,51,-105,0,-5,42,-101,3,-1,-40,72,-3,1,-90,48,-2,3,-180,-118,0,-6,-130,-107,2,-10,128,-305,0,0,-181,-303,-1,972,1927,-2637,815,-4092,1265,-4058,1255,-276,87,-303,-560,330,-16,304,-103,-43,-26,-95,-244,-324,69,-110,-233,-96,19,-357,-1022,-692,-485,-261,-30,534,-935,34,-1752,-518,1107,-669,-133,-458,3102,-1266,-2410,-228,-359,78,-1833,-106,-48,1,1,-49,-23]]]
3981791	p	3979770
3519907	r	-95.7782,17.9753,-94.7565,18.7622	[[[-957782,185168,2343,-5107,158,-108,318,-189,21,-11,2454,1270,-5,24,-14,26,-32,33,-12,46,-33,14,-10,12,-5,57,11,7,9,-2,20,-19,6,5,0,-11,25,0,6,7,-3,11,4,-1,3,-16,9,-5,-6,-8,16,-1,-8,-16,14,-13,13,2,3,-20,12,-8,-1,-11,8,-7,8,-29,16,-13,106,41,27,-2,24,6,4154,2150,558,1234,-127,317,-177,286,-210,117,-472,43,-168,79,-1307,196,-216,86,-91,131,-51,209,-130,143,-135,85,0,13,-21,0,-13,8,0,5,-21,-16,17,14,-126,80,0,7,20,36,-5,4,4,12,-9,10,7,9,-6,8,6,21,-22,2,-14,-7,2,7,-10,7,-12,0,3,17,-22,-12,-10,18,-8,-1,-2,-8,-17,5,0,9,-5,-4,1,7,-11,2,-8,21,-10,-26,-20,4,-2,-8,-23,-10,-59,16,-247,156,-4,9,0,23,2,6,10,-1,-17,17,4,11,-11,10,10,15,-10,19,4,9,-7,0,5,10,-17,-6,-2,-19,-7,-4,-40,0,-35,16,-35,30,4,20,-7,-6,-6,6,4,13,-18,16,-46,8,-2,12,-16,-1,-13,23,-13,-11,-16,-1,-11,4,-148,125,-104,52,0,7,23,19,-2,15,-16,13,-19,6,0,-13,-9,7,-3,-13,-15,28,-14,9,-7,-11,-5,10,-7,-4,-7,7,-23,-20,-1,-20,-145,27,-669,13,-15,-1,-72,28,-34,26,11,-26,-4,-14,11,-21,-791,-58,-1305,40,-884,144,-806,293,-156,112,-63,-84,-90,-137,208,-107,660,-217,400,-244,-167,-136,-214,114,-220,192,-185,103,-224,37,-359,102,-7,-11,-177,-315,-154,-326,-132,-335,-109,-343,-85,-348,-61,-353,-5,-46]]]
4012721	p	4014875
8858087	p	3515302
4013712	n	-100.7985,19.4675,-100.3215,19.9116	[[[-1007985,196900,11,-222,35,-219,56,-215,79,-209,100,-201,121,-190,139,-178,157,-165,174,-149,188,-132,201,-114,211,-95,221,-75,227,-54,52,-7,2773,1913,14,90,11,222,-11,222,-35,219,-56,215,-79,209,-100,201,-121,190,-139,178,-157,165,-174,149,-188,132,-201,114,-211,95,-221,75,-220,52,-2486,-1009,-90,-141,-100,-201,-79,-209,-56,-215,-35,-219,-11,-222]]]
3523513	r	-97.3956,19.7853,-96.5945,20.4223	[[[-973956,201371,3399,-3518,4154,929,111,231,107,270,89,276,69,281,50,284,30,288,2,69,-466,521,-349,577,-84,88,-108,38,-60,35,-104,84,-99,103,-128,283,-190,198,-615,496,-688,781,-273,243,-147,175,-46,120,-4654,-2852]]]
3815453	p	3521081
7280718	p	3530597
4004887	n	-112.4212,30.4939,-111.8988,30.9461	[[[-1124212,307200,12,-222,38,-219,62,-215,86,-209,110,-201,132,-190,153,-178,172,-165,190,-149,206,-132,220,-114,231,-95,242,-75,248,-54,254,-32,256,-11,256,11,254,32,248,54,242,75,231,95,220,114,206,132,190,149,172,165,153,178,132,190,110,201,86,209,62,215,38,219,12,222,-12,222,-38,219,-62,215,-86,209,-110,201,-132,190,-153,178,-172,165,-190,149,-206,132,-220,114,-231,95,-242,75,-248,54,-254,32,-256,11,-256,-11,-254,-32,-248,-54,-242,-75,-231,-95,-220,-114,-206,-132,-190,-149,-172,-165,-153,-178,-132,-190,-110,-201,-86,-209,-62,-215,-38,-219,-12,-222]]]
3533005	p	3516355
4019827	r	-101.0047,19.7672,-100.2491,20.2995	[[[-1010047,199662,22,-12,3,-34,-17,-47,11,-4,3,-10,-9,-19,11,-12,26,5,16,17,38,-2,55,17,32,4,-102,-365,1272,-1528,6195,2515,-209,360,-667,1151,-2738,1297,-2026,-321,-989,-455,-610,-2197,-23,9,-74,-5,-10,-44,3,-17,33,-12,8,-15,-12,-66,11,-15,20,-4,-2,0,-9,-32,-93,-31,-39,-37,-55,-30,-19,-28,-45,-19,-11,-14]]]
3526992	r	-98.3188,19.8105,-97.6795,20.5295	[[[-983188,204333,1224,-3636,863,-2561,4,0,248,-24,249,-7,249,7,248,24,245,38,243,53,238,69,233,82,227,98,219,110,212,125,202,137,192,149,182,161,170,172,158,181,145,192,132,199,117,208,103,214,87,220,73,225,56,230,41,232,24,234,8,235,-8,235,-24,234,-41,232,-18,74,-1488,2139,-111,75,-212,125,-219,110,-227,98,-233,82,-238,69,-243,53,-245,38,-248,24,-249,7,-249,-7,-248,-24,-245,-38,-243,-53,-238,-69,-233,-82,-227,-98,-219,-110,-212,-125,-202,-137,-192,-149,-80,-70]]]
3994616	r	-108.7394,29.6999,-107.0806,31.1401	[[[-1087394,304200,18,-471,53,-469,88,-465,124,-459,157,-451,191,-441,224,-429,256,-415,287,-401,316,-383,344,-364,371,-344,396,-322,420,-299,441,-274,461,-249,479,-222,494,-195,508,-166,519,-136,529,-107,535,-77,541,-46,542,-16,542,16,541,46,535,77,529,107,519,136,508,166,494,195,479,222,461,249,441,274,420,299,396,322,371,344,344,364,316,383,287,401,256,415,224,429,191,441,157,451,124,459,88,465,53,469,18,471,-18,471,-53,469,-88,465,-124,459,-157,451,-191,441,-224,429,-256,415,-287,401,-316,383,-344,364,-371,344,-396,322,-420,299,-441,274,-461,249,-479,222,-494,195,-508,166,-519,136,-529,107,-535,77,-541,46,-542,16,-542,-16,-541,-46,-535,-77,-529,-107,-519,-136,-508,-166,-494,-195,-479,-222,-461,-249,-441,-274,-420,-299,-396,-322,-371,-344,-344,-364,-316,-383,-287,-401,-256,-415,-224,-429,-191,-441,-157,-451,-124,-459,-88,-465,-53,-469,-18,-471]]]
3993179	r	-101.8625,19.0918,-101.2343,19.7613	[[[-1018625,195836,1087,-4688,21,-8,276,-79,281,-63,285,-44,287,-27,288,-9,288,9,287,27,285,44,281,63,276,79,269,96,263,113,254,129,245,145,235,159,223,174,210,187,197,200,183,211,168,223,92,139,-1182,2307,-1,-2,-77,-41,-3,-39,-42,29,-50,-64,-22,-41,10,-58,-68,-23,-67,16,-33,-28,45,-137,63,46,40,-37,-9,-38,-150,-101,-46,-104,-40,-18,-104,69,-13,-23,-5,19,-25,-11,-14,42,-34,-113,-93,-17,-17,48,-24,22,9,24,22,16,77,85,139,143,-26,65,16,102,26,21,-56,74,123,19,77,-21,57,120,10,87,-80,57,-5,29,19,47,93,-5,-24,18,14,30,-63,20,-19,47,99,16,20,100,-307,598,-87,-16,-138,-174,15,75,-31,84,-149,33,-26,107,72,77,5,86,-35,4,-23,77,34,26,17,67,34,15,-40,42,81,27,-157,305,-2,-1,-64,-125,-284,-97,-33,-36,-63,164,35,157,-12,214,-32,102,-109,89,-3549,-1777]]]
3988333	r	-101.8446,27.2669,-100.3954,28.5024	[[[-1018446,278600,16,-422,46,-420,77,-416,108,-411,138,-404,167,-395,196,-384,223,-373,9,-12,6373,-1951,2733,-743,365,147,418,199,403,223,385,245,366,268,347,289,324,308,300,326,277,343,250,358,223,373,196,384,167,395,138,404,108,411,77,416,46,420,16,422,-16,422,-46,420,-77,416,-108,411,-29,86,-7580,4669,-336,-30,-468,-69,-461,-95,-454,-123,-444,-149,-432,-174,-418,-199,-403,-223,-385,-245,-366,-268,-347,-289,-324,-308,-300,-326,-277,-343,-250,-358,-223,-373,-196,-384,-167,-395,-138,-404,-108,-411,-77,-416,-46,-420,-16,-422]]]
3515358	p	3521081
3518221	p	3515302
4004198	p	3979802
8858088	p	4005492
3827596	p	3529612
3530531	p	3526617
3521922	p	3521168
3520235	r	-100.5829,21.229,-99.4621,22.631	[[[-1005829,216678,2755,-2870,2372,-1483,211,-20,491,-15,491,15,489,45,484,75,479,104,470,133,459,162,448,189,433,216,417,243,399,267,380,291,358,313,72,72,-782,9542,-1619,1774,-106,45,-459,162,-470,133,-479,104,-484,75,-489,45,-491,15,-491,-15,-489,-45,-484,-75,-479,-104,-470,-133,-459,-162,-194,-82,-748,-2332,-1427,-4449,-588,-2235]]]
3527023	r	-98.267,17.3433,-97.2931,18.2703	[[[-982669,178100,11,-305,31,-304,52,-301,72,-298,93,-292,112,-286,131,-278,151,-269,168,-260,185,-248,202,-236,218,-223,233,-209,246,-193,259,-178,271,-162,281,-144,290,-126,298,-107,305,-89,310,-69,314,-50,318,-30,318,-10,318,10,318,30,314,50,310,69,305,89,298,107,290,126,281,144,271,162,259,178,246,193,233,209,218,223,202,236,185,248,168,260,151,269,131,278,112,286,93,292,72,298,52,301,31,304,11,305,-11,305,-31,304,-52,301,-72,298,-93,292,-112,286,-96,202,-4883,2462,-303,153,-166,-26,-310,-69,-305,-89,-298,-107,-290,-126,-281,-144,-271,-162,-259,-178,-246,-193,-233,-209,-218,-223,-202,-236,-185,-248,-168,-260,-151,-269,-131,-278,-112,-286,-93,-292,-72,-298,-52,-301,-31,-304,-11,-305]]]
3996426	p	3981254
4018348	r	-102.6056,20.3649,-101.9653,21.1905	[[[-1026056,205821,2109,-2172,4294,3202,-1114,1488,-1,7,12,13,12,-4,9,8,-2,16,38,12,55,-9,12,35,17,2,5,13,33,1,28,30,-10,8,-13,-4,-7,11,-10,2,1,5,-15,7,-11,29,-28,32,7,-1,46,48,30,22,18,51,0,35,26,8,-10,31,-23,24,-11,29,-41,41,-77,-31,-27,5,-11,-20,-28,-15,-78,25,-13,-32,-12,-12,5,-4,-40,-17,-17,-39,-30,5,-25,-9,-41,10,-33,-14,-8,3,-1873,2501,-1300,708,-829,-2732,104,-90,-18,-85,37,-64,-35,-123,49,-124,68,-35,-89,-70,-128,16,-27,-162,-207,-71,-32,-107,1,-6,-4,-2,-314,-1033,44,-24,153,-160,-30,-44,-9,-8,-12,-23,-15,-99,11,-5,41,11,-11,-63,-19,-12,-18,-32,22,-51,-6,-18,16,-5,1,-1,18,-39,-115,-62,9,-83,-28,-33,-10,-94,-88,3,-17,204,-99,-16,1,-34,-50,-9,-213,-699]]]
3815324	r	-98.08,19.0486,-97.5312,19.6894	[[[-980800,192577,406,-438,48,49,-6,53,35,68,-5,-27,12,-19,0,-54,7,-18,31,-43,67,-53,3,-11,-4,-9,-61,-46,0,-6,3702,-1537,115,102,173,176,162,187,148,197,134,205,120,213,105,220,90,226,74,232,58,235,41,239,25,240,8,242,-8,242,-25,240,-41,239,-58,235,-74,232,-90,226,-105,220,-120,213,-134,205,-81,108,-830,802,-162,110,-216,127,-224,114,-232,100,-238,85,-244,70,-247,55,-251,40,-254,23,-254,8,-254,-8,-254,-23,-251,-40,-247,-55,-244,-70,-238,-85,-112,-48,0,-3988]]]
3980777	r	-101.536,19.92,-100.912,20.2714	[[[-1015360,201400,8,-220,23,-219,38,-217,53,-215,62,-192,691,-1137,4527,0,102,365,-32,-4,-55,-17,-38,2,-16,-17,-26,-5,-11,12,9,19,-3,10,-11,4,17,47,-3,34,-22,12,11,14,45,19,19,28,55,30,39,37,93,31,9,32,-18,4,-11,15,12,66,-8,15,-33,12,-3,17,10,44,74,5,23,-9,610,2197,-887,495,-1379,-48,5,-8,-15,-20,-46,-14,-16,12,2,17,-9,10,-281,-9,-17,-10,-21,-45,-105,-21,-46,-34,-4,-28,-28,-28,-47,-15,-28,5,-10,-14,-12,0,-7,29,2,38,10,15,-10,17,1,23,-16,15,8,25,-3,16,-1442,-50,-11,-19,-35,-33,-27,1,-3,-15,-38,5,25,-28,-4,-13,-339,-5,-22,38,-19,10,-23,42,-1132,-39,-22,-55,-67,-210,-53,-215,-38,-217,-23,-219,-8,-220]]]
3515942	p	3515807
3533426	r	-95.5348,17.3465,-94.6405,18.3282	[[[-955348,178724,1,-12,67,-389,94,-385,120,-378,145,-369,170,-360,194,-348,218,-336,240,-321,262,-305,282,-288,301,-270,318,-251,336,-230,350,-208,363,-186,376,-163,386,-139,394,-115,402,-90,407,-64,410,-39,412,-13,412,13,410,39,407,64,402,90,394,115,386,139,284,123,-1435,8662,0,-1,-283,573,-4154,-2150,-24,-6,-27,2,-106,-41,-16,13,-8,29,-8,7,1,11,-12,8,-3,20,-13,-2,-14,13,8,16,-16,1,6,8,-9,5,-3,16,-4,1,3,-11,-6,-7,-25,0,0,11,-6,-5,-20,19,-9,2,-11,-7,5,-57,10,-12,33,-14,12,-46,32,-33,14,-26,5,-24,-2454,-1270,-288,-149,-118,-880]]]
3516225	r	-100.0591,18.3355,-99.2677,18.9129	[[[-1000591,185600,9,-280,29,-280,48,-276,67,-273,85,-269,104,-262,121,-256,138,-247,67,-102,2855,783,1,0,49,-11,46,2,61,-32,9,6,6,48,16,7,31,-15,9,1,4,8,12,-7,9,3,11,-28,3,4,10,-9,6,3,17,-22,11,0,27,-30,13,0,16,-37,-44,-95,-18,-67,86,-54,34,-5,45,-35,67,-75,91,-30,93,18,47,-2,175,-98,111,171,12,-2,22,16,3,-37,25,-25,-1,26,21,54,31,15,9,14,0,22,-14,12,12,3,19,-6,7,5,-7,10,-28,8,7,8,18,1,63,-17,4,30,39,-31,27,7,56,-37,22,-4,23,-14,-3,15,9,30,-10,13,17,26,-16,41,2,16,17,39,14,16,2,32,14,7,28,33,73,-24,8,19,-14,15,62,30,12,122,17,21,6,42,1,0,1,1,26,2,18,-13,-6,-4,7,-7,-7,-14,28,-36,18,-53,71,-26,0,-53,17,-6,11,17,21,-4,8,7,9,265,25,-7,15,24,19,-15,14,13,35,-7,10,-11,18,8,16,48,-5,39,35,51,9,30,34,19,26,47,3,45,-8,28,2,28,2257,619,-2770,3212,-513,454,-104,93,-1127,27,-1810,-260,-59,-46,-215,-192,-201,-205,-186,-216,-171,-228,-156,-239,-138,-247,-121,-256,-104,-262,-85,-269,-67,-273,-48,-276,-29,-280,-9,-280]]]
3979846	r	-102.1021,19.5836,-101.4485,20.1912	[[[-1021021,197231,2396,-1395,3549,1777,-13,11,23,159,64,103,-16,110,82,37,34,-34,108,-4,46,90,10,5,253,1110,-691,1137,-959,1575,-3710,-1415,-989,-2665,-187,-601]]]
3521476	r	-93.771,15.2001,-92.6037,16.2391	[[[-937710,159128,118,-66,1032,-669,1679,-1304,150,-71,258,-204,2187,-1795,16,-6,355,-305,180,-164,35,-55,919,-1002,799,-547,151,-284,193,-118,408,-166,478,-371,21,12,322,224,307,244,289,263,272,281,251,297,232,313,209,326,187,340,164,350,140,360,115,368,90,374,65,380,38,383,13,384,-13,384,-38,383,-65,380,-90,374,-115,368,-140,360,-164,350,-21,38,-355,597,-20,31,-232,313,-251,297,-272,281,-289,263,-307,244,-322,224,-337,203,-48,24,-5137,377,-167,-61,-362,-159,-350,-181,-337,-203,-322,-224,-307,-244,-289,-263,-272,-281,-251,-297,-232,-313,-209,-326,-187,-340,-164,-350,-8,-21]]]
3521305	p	3530597
