524901	r	36.6959,55.1422,38.3772,56.2073	[[[366959,559305,13,-46,73,-177,94,-173,113,-170,133,-165,152,-160,170,-154,188,-148,204,-140,220,-133,51,-26,27,3,-54,-68,-111,-168,-92,-171,-71,-175,-52,-176,-31,-179,-10,-174,2957,-2003,-10,-53,252,-111,160,-109,-29,-13,-62,4,-62,-21,13,-7,-25,-11,-56,17,-29,-3,41,18,-47,38,52,31,-3,10,-130,-35,10,-6,-37,-24,-11,6,-67,-21,-20,51,-48,-8,-19,12,8,15,-28,18,19,7,-2,20,-35,9,-182,11,20,80,-238,14,-12,-57,-35,-24,-120,8,-9,-117,-129,11,-17,10,-11,24,21,9,-35,21,-23,-1,-35,39,-19,-3,-11,6,7,16,-44,9,-3,-23,-53,9,-10,-29,-96,6,44,382,-427,25,30,28,-12,5,-17,57,28,18,-9,13,7,12,-18,-5,60,63,-20,13,-19,-6,-39,4,-6,-5,20,-9,-158,4,-3,-96,-750,13,-166,4,1,9,-118,0,-10,-424,-107,-5,-14,-247,83,-45,77,-95,28,25,24,-7,5,4,34,-4,-4,-5,-18,1,-34,-33,-14,3,34,-19,12,-19,163,-27,-78,-47,276,-130,-136,-89,146,-73,-71,-43,458,-222,25,-13,-12,-13,41,-9,86,-7,-5,-15,10,-1,1,-17,199,-95,8,-47,23,0,30,-40,44,-19,-19,-13,157,-75,33,22,227,-85,20,-73,-37,-65,27,-18,-36,-30,89,-43,7,-17,43,6,6,-13,43,-13,101,9,89,-11,-2,-44,46,0,0,-14,-47,-10,-313,-59,-32,2,-34,-82,-29,10,-54,-29,-58,10,-30,-9,-44,11,-49,-20,-45,-6,46,-40,-34,-17,-31,-1,-15,-18,-13,-75,48,-4,-12,-36,-86,17,5,-26,-23,-8,0,-11,-22,-2,-16,-13,96,0,26,-12,7,-19,-12,-40,-31,-36,38,-60,-37,-19,26,-25,-14,-18,44,-3,58,-16,50,-25,-1,-15,28,-5,-34,-31,47,-37,8,-56,20,-12,66,-90,41,-32,13,-2,15,-56,15,8,18,-4,44,8,12,12,37,-7,20,-21,40,14,54,-9,16,22,22,5,61,7,32,-10,-55,-57,17,-8,22,8,14,-58,4,-104,-14,-9,-33,-2,29,-24,51,-20,42,-30,5,-25,47,-24,52,-17,14,-35,23,3,41,-6,-8,12,199,9,-3,28,468,21,-6,50,315,15,-13,87,155,4,9,-31,49,30,40,-3,6,10,32,-11,14,12,-2,49,-13,10,2,24,-26,68,10,22,-11,26,61,62,10,34,-55,-4,-22,168,13,2,16,42,-33,3,-29,155,81,-3,43,13,23,17,68,26,41,-4,49,-17,59,29,52,40,-31,14,-7,13,47,51,19,-4,20,17,44,19,20,-5,28,9,153,-52,-11,-23,23,-12,-7,-16,107,-35,20,26,38,-19,189,5,43,41,24,70,-90,49,37,23,194,-102,35,-62,85,5,40,-28,-18,-19,-2,-24,17,-41,-24,1,-44,-12,9,-61,162,-38,8,20,-11,56,101,7,66,-3,10,93,188,9,319,79,153,33,49,5,13,102,50,178,-7,1,45,78,-2,35,28,13,-83,-11,-11,17,46,17,-19,22,2872,-330,2328,-803,148,-51,2120,433,54,134,73,183,-1112,1566,937,1292,41,-29,57,-9,95,-1,26,-7,18,-14,2,-28,19,-1,95,-49,103,67,-197,99,26,18,-37,14,25,12,-24,32,-43,-2,-44,-25,-78,39,123,170,-1,5,6,1,26,2,-2,17,-11,-1,10,13,-2,8,-54,9,0,5,-6,2,-1,2,18,42,36,-15,111,89,31,42,-2,2,4,1,719,991,-615,530,15,36,42,744,-72,178,1780,2729,-3529,313,-397,88,-1711,572,-1108,-338,-3967,220,-499,-527,-226,-74,-5376,-2049],[371342,554425,20,-13,0,-4,-4,-2,5,-3,1,-14,-7,-7,-15,43],[374029,552965,0,2,26,-3,-26,1],[377863,556195,95,47,-32,-16,-63,-31],[378219,558334,54,-27,1,-1,-55,28],[378400,558092,3,-30,0,-1,-3,31],[378431,557792,1,0,24,-10,-25,10],[378432,558150,6,-2,-5,1,-1,1],[378445,557856,3,24,130,0,-130,-1,-3,-23],[378453,558135,0,1,1,-1,-1,0],[378455,558134,19,-12,24,-17,-43,29],[378481,557786,19,3,-18,-3,-1,0],[378603,557842,78,78,0,-1,-78,-77],[378632,557456,173,34,-159,-32,-14,-2],[378728,557301,6,-4,0,-1,-6,5],[378772,557203,99,13,-29,-4,-70,-9],[378825,557493,27,6,1,0,-28,-6],[379174,557445,1,0,18,-20,-19,20],[379174,557446,5,3,-4,-4,-1,1],[379309,557298,67,-29,-22,9,-45,20]],[[369008,553149,21,-21,42,-17,40,25,10,31,56,-3,51,75,-4,9,-86,11,20,44,-55,10,-6,-15,-13,1,17,-37,-10,-63,-29,-32,-23,5,-31,-23]]]
498817	r	29.445,59.3949,31.2053,60.3961	[[[294450,597626,88,-60,296,-165,325,-149,353,-132,377,-114,397,-95,414,-75,426,-54,140,-10,-161,-277,4004,1059,1104,-791,-31,-32,44,-25,49,-12,9,18,114,-82,-12,-12,39,-7,5,-3,-5,-27,29,-47,78,-8,34,-16,39,-28,-80,-38,-96,-58,113,-48,152,80,3448,-2469,371,71,386,89,-182,298,383,32,393,46,385,60,377,72,367,84,355,96,342,108,327,119,311,130,294,139,275,149,256,158,234,166,213,174,190,180,166,186,142,191,117,195,91,199,66,202,39,203,13,204,-13,204,-39,203,-66,202,-91,199,-117,195,-142,191,-166,186,-190,180,-213,174,-234,166,-256,158,-275,149,-294,139,-311,130,-327,119,-342,108,-355,96,-333,76,2586,1315,-288,233,-343,242,-374,229,-402,217,-431,203,-455,189,-479,173,-500,157,-520,140,-537,123,-279,53,-2705,-1623,-34,115,-108,215,-149,209,-189,201,-228,190,-264,178,-298,165,-328,149,-356,132,-380,114,-400,95,-417,75,-430,54,-438,32,-443,11,-443,-11,-438,-32,-430,-54,-417,-75,-400,-95,-380,-114,-356,-132,-328,-149,-298,-165,-264,-178,-228,-190,-189,-201,-149,-209,-108,-215,-65,-219,-14,-140,661,227,1756,-4,1480,-336,356,-173,151,-160,-6,-106,-63,-97,-19,-121,69,-136,126,-126,131,-82,89,-3,159,-368,159,-54,366,-124,623,-32,168,-8,-3,-31,-30,-20,-65,-1,-62,-60,56,-1,133,-22,86,-3,34,-10,12,-16,22,7,-10,-17,15,5,7,-5,15,9,48,-15,153,0,70,-15,65,4,59,-9,51,4,138,-9,29,-10,-13,-32,53,-7,11,16,-10,-11,-41,5,10,23,35,-11,5,8,43,4,99,-4,10,34,-34,-3,-2,5,54,6,22,-27,-21,-10,34,-6,12,-16,-9,-7,47,-12,0,-14,9,2,-6,11,22,1,88,-24,-3,-10,9,9,84,8,39,17,20,-6,4,7,20,-1,19,9,1,-12,18,-1,14,-14,1,-23,-25,-8,-69,3,-41,-10,-28,-23,2,-31,41,-19,37,10,54,-5,11,-3,-8,-6,10,-6,114,-13,-5,-5,-85,-39,-149,21,-218,-32,-30,-17,-45,-62,2,-8,112,-20,-42,-69,-113,17,-12,-13,30,-9,102,-108,116,-36,144,-4,23,10,36,-3,-42,-138,-48,10,-67,-77,79,-25,-58,-65,-1,-1,-134,-62,-26,-39,-110,-15,-133,5,-11,-19,44,-22,-64,-34,22,-12,-66,-54,89,-24,-22,-8,-26,3,-21,-1,-3,-10,-76,17,-4,-13,-28,-13,-4,-4,-301,13,-69,4,-2491,468,-31,6,-586,221,-3045,283,-547,70,0,-2128]],[[296574,600255,418,-152,176,-41,121,-47,48,-52,532,-212,56,36,41,46,39,22,-20,46,-71,48,-40,19,-738,251,-449,60,-113,-24]]]
1496747	r	82.11,54.4759,83.7486,55.4933	[[[821100,550200,17,-310,53,-308,87,-305,122,-302,156,-296,189,-290,221,-282,253,-273,284,-264,312,-251,72,-50,2838,616,-31,-182,-12,-203,12,-203,34,-202,57,-200,79,-198,102,-194,123,-190,144,-185,165,-179,184,-172,204,-165,221,-157,239,-148,255,-139,270,-129,284,-118,297,-107,175,-55,7008,4394,-75,70,-204,165,-221,157,-239,148,-211,115,2922,635,-3,67,-53,308,-87,305,-122,302,-156,296,-189,290,-221,282,-253,273,-284,264,-312,251,-341,240,-367,226,-391,211,-415,197,-436,180,-456,164,-473,146,-489,128,-502,109,-514,90,-522,70,-530,50,-534,31,-536,10,-536,-10,-534,-31,-530,-50,-522,-70,-514,-90,-502,-109,-489,-128,-473,-146,-456,-164,-436,-180,-415,-197,-391,-211,-367,-226,-341,-240,-312,-251,-284,-264,-253,-273,-221,-282,-189,-290,-156,-296,-122,-302,-87,-305,-53,-308,-17,-310]]]
1486209	r	60.0071,56.4814,61.2226,57.1961	[[[600071,568059,9,-16,57,-28,59,-9,18,-13,24,-5,-20,14,-10,31,43,30,63,-15,25,2,52,10,55,35,64,-24,22,-20,25,0,6,17,25,1,25,-9,20,13,-31,31,10,39,52,-25,44,-9,13,-18,-15,-19,32,-20,28,-4,13,-15,-47,-31,-27,1,-70,23,-12,-30,23,-20,-1,-14,-18,-9,-39,0,-47,-44,23,-5,8,-61,23,-12,26,9,54,-6,26,8,-4,32,14,5,4,16,23,-5,27,6,37,-29,29,-6,48,-53,61,-14,23,-12,24,-1,19,19,18,-8,2,-9,113,15,12,-8,-1,-14,9,-1,-2,-10,24,0,12,-16,-7,-12,-18,-5,15,-24,43,-18,35,-7,90,-51,39,-1,17,-23,62,-15,5,-8,49,-17,35,-34,64,-23,9,-11,8,8,30,-9,16,-26,-7,-16,16,-17,-4,-15,-26,-1,150,-115,61,21,172,-67,307,-44,201,-70,-21,-47,94,-86,-5,-53,65,7,22,-24,-51,-42,13,-4,-33,-32,5,-17,43,-23,68,5,20,-12,73,11,52,-47,13,-49,-16,-4,38,-39,213,-32,56,-19,23,-11,3,-10,-15,-47,26,-19,91,11,32,-7,20,-18,40,-1,25,5,12,34,63,-18,548,89,-306,-50,338,-119,18,-7,-42,-41,27,-17,5,4,377,-159,-86,-83,-21,-20,595,-127,23,52,58,13,-5,-14,49,16,62,9,53,-19,14,-18,-34,1,7,-10,-110,-1,-10,-6,229,-23,61,-34,39,-60,17,12,5,40,-50,30,-3,11,3445,-1216,2538,145,861,865,-1997,3856,-314,-39,5,59,-20,222,-59,219,-98,215,-137,209,-172,201,-208,190,-241,178,-272,165,-299,149,-325,132,-347,114,-365,95,-381,75,-392,54,-400,32,-404,11,-404,-11,-400,-32,-392,-54,-41,-9,-1,0,-2,0,-2268,-1322,446,-1641,-22,-80,-21,1,-85,-263,-5,-13,55,7,51,-65,44,-4,190,-741,-1023,95,-47,-32,-17,-1,-12,-37,-52,-27,4,-10,-17,-5,-9,10,-24,-8,-22,4,11,15,-10,11,-13,-7,-20,1,-14,-9,-38,28,21,31,-8,15,-60,0,24,17,-37,15,16,45,-9,16,-18,10,-25,-1,-4,8,36,22,-17,30,8,7,-20,5,-28,20,18,20,-44,-2,50,14,-12,11,11,2,-5,4,-69,5,-20,21,13,18,-6,12,-25,9,-3,12,-41,-2,-10,5,-58,-17,-2,1,68,21,-95,-23,92,29,-99,-29,63,23,-73,-9,-38,7,-19,22,-47,-5,-18,6,-39,-43,-35,-5,-22,5,-4,36,41,38,-40,22,-11,-4,-39,6,-60,-39,-44,-3,-7,10,22,8,-4,15,-25,2,-17,-9,-28,13,-90,11,3,7,-23,0,-1,8,-28,3,-64,-12,-32,-18,-53,-59,-18,-42,-32,19,-30,2,-58,-3,-65,-17,-44,2,-25,-12,-45,5,-52,-17,-42,-38,-31,30,-39,-19],[601273,568106,30,-3,-4,-2,-26,5],[602665,567105,1,8,25,11,-18,20,17,9,82,-1,3,27,33,-4,1,-27,56,-4,4,-11,91,12,-89,-15,-3,-31,-55,2,-74,-12,-10,10,7,12,-21,-1,-15,-9,-35,4],[602833,567649,48,7,33,-3,12,38,29,5,33,-130,-34,-8,-17,-12,-58,5,8,65,-31,12,-23,21],[602913,568791,89,-20,-9,2,-80,18]]]
520555	r	43.0501,55.8677,44.7113,56.7956	[[[430501,564900,12,-200,13,-72,6521,-1350,94,-197,353,13,0,-6,-97,-3,-2,-18,2,-1,0,-3,28,-15,9,-21,119,38,48,0,8,-19,2,-4,-4,7,-73,-4,-89,-35,-10,8,1,-12,-97,-15,25,-28,-76,-44,-27,-31,-32,6,42,-88,8,0,58,67,13,-37,74,6,-7,52,12,2,21,-19,58,16,43,28,-8,31,13,3,2,-9,47,30,21,-8,12,3,3,-4,9,-25,26,-33,-2,-20,49,-110,-182,-14,-82,-52,-38,-49,-1,-22,176,11,1,-7,-123,-7,1,-4,123,6,-242,-13,38,-82,5,0,1,-12,14,-30,21,-4,7,-19,5,-27,-7,-5,107,-226,-10,12,-42,20,-14,-2,-7,13,-44,13,-58,3,-44,-7,-121,-77,76,-8,92,9,47,-14,73,-50,20,-4,56,-72,23,-6,146,-133,-86,78,354,-744,-395,-1136,28,-29,174,-157,191,-150,209,-143,226,-135,240,-126,255,-118,267,-107,280,-98,291,-87,300,-76,308,-65,315,-54,321,-42,325,-30,328,-18,329,-6,329,6,328,18,325,30,321,42,315,54,308,65,300,76,291,87,280,98,267,107,255,118,240,126,226,135,209,143,191,150,174,157,156,162,136,169,116,173,95,176,75,180,54,183,32,183,11,185,-11,185,-32,183,-54,183,-75,180,-95,176,-116,173,-136,169,-156,162,-174,157,-191,150,-209,143,-167,100,1495,319,-3,54,-41,234,-69,231,-95,228,-122,225,-148,219,-174,214,-198,206,-222,199,-245,191,-266,181,-288,171,-307,161,-324,148,-342,137,-357,124,-371,110,-383,97,-393,83,-402,68,-410,53,-415,38,-418,23,-418,8,-339,-423,-1,1,-228,154,-246,146,-263,137,-278,127,-292,116,-306,106,-317,94,-328,83,-337,70,-344,58,-350,46,-355,32,-358,20,-360,6,-360,-6,-358,-20,-355,-32,-350,-46,-344,-58,-337,-70,-328,-83,-317,-94,-306,-106,-292,-116,-278,-127,-263,-137,-246,-146,-228,-154,-210,-163,-190,-170,-170,-176,-148,-182,-127,-188,-104,-191,-82,-195,-59,-197,-35,-199,-12,-200],[437561,562186,1,7,5,-12,-6,5],[440822,563086,43,-50,15,-18,-58,68]],[[437302,562740,49,-102,19,1,13,33,-9,4,46,46,43,27,-2,6,-159,-15]]]
551487	r	48.7294,55.376,49.8514,56.204	[[[487294,554402,249,-88,422,-127,436,-112,448,-96,458,-78,466,-62,472,-44,477,-26,478,-9,478,9,477,26,472,44,466,62,458,78,448,96,436,112,422,127,407,144,389,157,370,172,349,185,327,198,304,210,279,220,252,230,226,239,198,247,168,253,139,259,109,264,78,268,47,269,15,271,-15,271,-47,269,-78,268,-109,264,-139,259,-168,253,-198,247,-226,239,-252,230,-279,220,-304,210,-327,198,-349,185,-370,172,-389,157,-407,144,-422,127,-436,112,-448,96,-458,78,-466,62,-472,44,-477,26,-478,9,-478,-9,-477,-26,-472,-44,-466,-62,-210,-36,-327,-1355,-540,-2235,-23,1,-1,-17,19,-2,-586,-2427,-345,-1426]]]
1508291	r	60.7268,54.686,62.3737,55.5831	[[[607268,552836,853,-3530,62,-57,280,-225,306,-214,329,-202,351,-189,372,-176,392,-161,409,-146,424,-131,439,-114,450,-98,461,-80,444,-60,-70,-115,96,-30,450,-117,461,-100,472,-83,481,-64,486,-46,491,-28,493,-10,493,10,491,28,486,46,481,64,472,83,461,100,450,117,435,134,419,150,401,165,381,180,360,194,337,208,313,219,287,231,261,241,232,251,204,258,173,266,144,272,112,276,80,281,48,282,16,284,-16,284,-48,282,-80,281,-112,276,-144,272,-173,266,-204,258,-232,251,-261,241,-287,231,-313,219,-337,208,-360,194,-381,180,-401,165,-419,150,-435,134,-450,117,-461,100,-472,83,-429,57,-54,-89,-114,35,-439,114,-450,98,-461,80,-469,63,-475,45,-479,27,-481,9,-481,-9,-295,-16,-5950,-2496,-71,-91,-169,-259,-66,-124]]]
1496153	r	72.2135,54.322,74.5265,55.658	[[[722135,549900,25,-437,74,-435,124,-431,171,-426,220,-418,267,-409,312,-398,357,-386,399,-371,441,-355,480,-338,518,-319,552,-299,585,-277,615,-255,643,-231,667,-206,689,-180,709,-154,724,-127,737,-100,747,-71,753,-43,756,-14,756,14,753,43,747,71,737,100,724,127,709,154,689,180,667,206,643,231,615,255,585,277,552,299,518,319,480,338,441,355,399,371,357,386,312,398,267,409,220,418,171,426,124,431,74,435,25,437,-25,437,-74,435,-124,431,-171,426,-220,418,-267,409,-312,398,-357,386,-399,371,-441,355,-480,338,-518,319,-552,299,-585,277,-615,255,-643,231,-667,206,-689,180,-709,154,-724,127,-737,100,-747,71,-753,43,-756,14,-756,-14,-753,-43,-747,-71,-737,-100,-724,-127,-709,-154,-689,-180,-667,-206,-643,-231,-615,-255,-585,-277,-552,-299,-518,-319,-480,-338,-441,-355,-399,-371,-357,-386,-312,-398,-267,-409,-220,-418,-171,-426,-124,-431,-74,-435,-25,-437]]]
499099	r	49.6004,52.7174,50.9314,53.8016	[[[496004,531884,2076,-1371,-144,-64,30,-8,20,8,78,-47,4,8,102,43,3654,-2415,310,100,303,114,291,126,277,137,261,148,244,158,227,167,209,176,102,99,3332,-2089,187,80,512,254,484,273,453,292,298,218,-3864,9405,-173,47,-621,141,-634,116,-114,16,-1559,-280,-2157,-2466,-19,10,-98,12,5,13,-77,40,-38,42,-52,19,-99,58,0,-26,-325,6,7,42,-489,22,-16,-115,-322,21,11,92,-137,3,-13,-26,-17,1,-1,-6,-97,8,-9,-41,-18,1,-3,-9,4,-37,20,-1,-34,-34,-29,-186,-39,2,-111,6,-55,-70,-37,-108,216,-19,-10,-97,-162,7,-24,-110,-422,8,-14,14,-27,3,-5,-19,-8,0,-1,51,-187,-3,1,-27,-51,-3,-19,6,-16,-1,5,-11,-66,-2,1,-33,132,-9,114,15,101,-6,20,-16,63,2,152,-20,196,-46,185,-7,-13,-123,123,9,206,-2,0,62,116,12,170,17,3,-24,-55,-32,9,-20,180,7,2,67,178,-31,8,131,-67,-4,-60,16,-183,-1,7,85,-122,8,16,96,-315,18,33,193,161,-9,18,94,155,-9,13,93,119,-1,0,19,50,-1,28,44,21,7,1,15,-32,3,-4,23,71,13,106,-27,93,-50,69,6,207,-7,167,-68,8,7,26,-12,0,-8,95,-46,26,-5,61,-41,116,-58,-1925,-2200,-2160,-1068]]]
501175	r	39.0094,46.8042,40.2389,47.5486	[[[390094,469752,4,-4,137,-177,155,-170,170,-162,185,-155,200,-146,213,-137,225,-127,238,-116,248,-106,257,-94,266,-83,274,-70,279,-59,284,-45,289,-33,290,-19,292,-7,292,7,290,19,289,33,284,45,279,59,274,70,266,83,257,94,194,82,85,-342,56,-9,309,-35,312,-21,313,-7,313,7,312,21,309,35,306,49,300,62,293,76,285,88,277,102,266,113,255,125,242,136,229,147,214,156,199,166,182,175,166,182,148,189,129,196,110,201,91,205,71,209,51,212,31,213,10,215,-6,126,-2183,888,-4267,2795,-18,12,-1885,265,-99,-43,-304,-148,-288,-162,-35,-23,-89,-1218,-98,-130,-824,-1093,347,-61,160,-255,16,-300,-16,-82,-70,-53,-91,-3,-79,-17,-34,-95,-34,-322,54,-80,186,-45,-112,-280,29,-110,151,-88,267,245,227,161,253,26,261,-121,-2,-72,-128,-56,-428,-73,-214,-141,-74,-157,-68,-417,-94,-145,-181,-42,-1088,178,-64,-25,-90,-53,-110,-48,-118,-10,-99,40,-76,122,-93,42,-129,-5,-81,-51,-69,-59,-212,-71,-296,-394]]]
479561	r	55.1598,54.2691,56.7802,55.2109	[[[551598,547400,17,-308,52,-307,87,-304,120,-300,154,-295,187,-288,219,-281,250,-271,279,-262,309,-251,337,-238,362,-225,387,-210,410,-196,431,-179,450,-163,468,-145,483,-127,496,-109,507,-89,516,-70,523,-51,528,-30,530,-10,530,10,528,30,523,51,516,70,507,89,496,109,483,127,468,145,450,163,431,179,410,196,387,210,362,225,337,238,309,251,279,262,250,271,219,281,187,288,154,295,120,300,87,304,52,307,17,308,-17,308,-52,307,-87,304,-120,300,-154,295,-187,288,-219,281,-250,271,-279,262,-309,251,-337,238,-362,225,-387,210,-410,196,-431,179,-450,163,-468,145,-483,127,-496,109,-507,89,-516,70,-523,51,-528,30,-530,10,-530,-10,-528,-30,-523,-51,-516,-70,-507,-89,-496,-109,-483,-127,-468,-145,-450,-163,-431,-179,-410,-196,-387,-210,-362,-225,-337,-238,-309,-251,-279,-262,-250,-271,-219,-281,-187,-288,-154,-295,-120,-300,-87,-304,-52,-307,-17,-308]]]
1502026	r	92.2002,55.6296,93.5531,56.4502	[[[922002,560400,16,-268,47,-268,78,-265,108,-261,139,-257,168,-252,197,-244,225,-237,252,-228,278,-218,303,-208,327,-196,348,-184,369,-170,389,-157,405,-141,421,-127,435,-111,447,-94,457,-78,465,-61,471,-44,476,-26,477,-9,477,9,476,26,471,44,465,61,457,78,447,94,435,111,421,127,405,141,389,157,369,170,348,184,327,196,303,208,278,218,163,147,-3818,3761,-1747,1721,-764,753,-379,-7,-476,-26,-471,-44,-465,-61,-457,-78,-447,-94,-435,-111,-421,-127,-405,-141,-389,-157,-369,-170,-348,-184,-327,-196,-303,-208,-278,-218,-252,-228,-225,-237,-197,-244,-168,-252,-139,-257,-108,-261,-78,-265,-47,-268,-16,-268]]]
472045	r	38.2729,51.2874,40.1287,52.179	[[[382729,517936,1855,-2316,6440,-2746,9463,1466,85,117,216,359,179,367,139,374,100,378,60,382,21,383,-21,383,-60,382,-100,378,-139,374,-179,367,-216,359,-253,349,-290,338,-324,326,-358,312,-390,296,-49,33,-8843,1193,-5372,-1340,-240,-182,-358,-312,-324,-326,-290,-338,-253,-349,-216,-359,-179,-367,-104,-281]]]
472757	r	43.699,48.1778,45.3471,49.2162	[[[436990,487100,17,-348,51,-347,86,-343,119,-339,152,-334,185,-325,216,-318,247,-307,277,-295,305,-284,333,-269,358,-254,383,-238,405,-221,426,-203,445,-184,462,-164,478,-143,490,-123,502,-101,510,-79,517,-57,522,-34,524,-12,524,12,522,34,517,57,510,79,502,101,490,123,478,143,462,164,445,184,426,203,244,133,-1020,1230,168,26,355,71,347,87,338,102,327,116,315,130,302,143,287,156,271,168,253,180,236,190,216,200,196,209,175,217,153,225,131,230,107,236,85,239,60,243,36,245,13,246,-13,246,-36,245,-60,243,-85,239,-107,236,-131,230,-153,225,-175,217,-196,209,-216,200,-236,190,-253,180,-271,168,-287,156,-302,143,-315,130,-327,116,-338,102,-347,87,-355,71,-362,56,-366,40,-369,24,-371,8,-371,-8,-369,-24,-366,-40,-362,-56,-355,-71,-347,-87,-338,-102,-327,-116,-315,-130,-302,-143,-287,-156,-222,-138,-1302,1572,-112,-23,-490,-123,-478,-143,-462,-164,-445,-184,-426,-203,-405,-221,-383,-238,-358,-254,-333,-269,-305,-284,-277,-295,-247,-307,-216,-318,-185,-325,-152,-334,-119,-339,-86,-343,-51,-347,-17,-348]]]
511196	r	55.1789,57.5433,57.0604,58.4775	[[[551789,580800,13,-202,37,-202,62,-199,86,-198,111,-193,134,-190,157,-184,179,-179,201,-171,221,-165,241,-156,260,-148,278,-139,294,-128,309,-118,323,-107,335,-95,346,-84,356,-71,364,-59,370,-46,376,-33,378,-20,380,-6,380,6,378,20,376,33,215,27,955,2303,-1688,-4073,407,-116,523,-126,537,-108,549,-89,558,-69,566,-50,571,-30,144,-2,8533,3531,-564,3036,-433,832,-153,114,-364,236,-392,224,-419,209,-443,194,-467,178,-487,162,-505,144,-523,126,-537,108,-549,89,-558,69,-566,50,-571,30,-573,10,-573,-10,-91,-5,-636,-1534,-63,28,-309,118,-323,107,-335,95,-346,84,-356,71,-364,59,-370,46,-376,33,-378,20,-380,6,-380,-6,-378,-20,-376,-33,-370,-46,-364,-59,-356,-71,-346,-84,-335,-95,-323,-107,-309,-118,-294,-128,-278,-139,-260,-148,-241,-156,-221,-165,-201,-171,-179,-179,-157,-184,-134,-190,-111,-193,-86,-198,-62,-199,-37,-202,-13,-202]]]
542420	r	38.4703,44.6751,39.5069,45.3413	[[[384703,450318,636,-1808,80,-92,201,-199,219,-190,235,-179,252,-168,267,-155,280,-143,293,-129,304,-116,314,-101,322,-87,330,-71,336,-56,340,-39,343,-25,345,-8,345,8,343,25,340,39,336,56,330,71,322,87,314,101,304,116,221,97,2349,2574,20,85,33,244,12,245,-12,245,-33,244,-57,242,-78,239,-100,235,-121,229,-143,223,-162,217,-182,208,-201,199,-219,190,-235,179,-252,168,-163,95,-1418,-26,-1,0,-4178,-76,-2,0,-800,-14,-2009,-2979]]]
498677	r	45.3853,51.1464,46.632,51.9186	[[[453854,515400,13,-248,39,-246,65,-245,89,-241,115,-237,140,-232,163,-225,186,-219,209,-210,231,-202,251,-191,270,-181,289,-169,280,-144,578,365,7,-6,221,-169,238,-159,254,-149,269,-139,283,-127,296,-115,307,-103,317,-90,326,-77,333,-63,339,-50,344,-35,346,-22,348,-7,348,7,346,22,344,35,339,50,333,63,326,77,317,90,307,103,296,115,283,127,269,139,254,149,238,159,221,169,203,178,184,185,164,193,143,198,123,205,101,209,79,212,57,216,34,217,11,218,-11,218,-34,217,-57,216,-79,212,-101,209,-123,205,-143,198,-164,193,-184,185,-203,178,-221,169,-238,159,-254,149,-269,139,-45,20,445,281,-194,148,-270,181,-289,169,-306,157,-321,145,-336,130,-349,117,-360,102,-371,88,-378,72,-386,56,-390,40,-394,25,-395,8,-395,-8,-394,-25,-390,-40,-386,-56,-378,-72,-371,-88,-360,-102,-349,-117,-336,-130,-321,-145,-306,-157,-289,-169,-270,-181,-251,-191,-231,-202,-209,-210,-186,-219,-163,-225,-140,-232,-115,-237,-89,-241,-65,-245,-39,-246,-13,-248]]]
1488754	r	64.8053,56.7542,66.2547,57.5458	[[[648053,571500,16,-259,46,-258,77,-255,108,-252,138,-248,167,-243,196,-235,223,-229,251,-220,276,-210,301,-200,324,-189,346,-178,366,-164,386,-151,403,-136,418,-122,432,-107,444,-92,453,-75,462,-59,468,-42,472,-25,474,-9,474,9,472,25,468,42,462,59,453,75,444,92,432,107,418,122,403,136,386,151,366,164,346,178,324,189,301,200,276,210,251,220,223,229,196,235,167,243,138,248,108,252,77,255,46,258,16,259,-16,259,-46,258,-77,255,-108,252,-138,248,-167,243,-196,235,-223,229,-251,220,-276,210,-301,200,-324,189,-346,178,-366,164,-386,151,-403,136,-418,122,-432,107,-444,92,-453,75,-462,59,-468,42,-472,25,-474,9,-474,-9,-472,-25,-468,-42,-462,-59,-453,-75,-444,-92,-432,-107,-418,-122,-403,-136,-386,-151,-366,-164,-346,-178,-324,-189,-301,-200,-276,-210,-251,-220,-223,-229,-196,-235,-167,-243,-138,-248,-108,-252,-77,-255,-46,-258,-16,-259]]]
482283	r	48.556,53.1739,50.0824,53.9462	[[[485560,536353,4349,-3566,1545,655,42,-98,124,-209,158,-201,190,-190,220,-178,249,-165,273,-149,297,-132,317,-114,335,-95,348,-75,358,-54,366,-32,369,-11,24,1,880,144,2160,1068,669,765,16,61,18,222,-18,222,-55,219,-84,203,-116,-12,0,-62,-206,2,-123,-9,13,123,-185,7,-196,46,-152,20,-63,-2,-20,16,-101,6,-114,-15,-132,9,-1,33,66,2,-5,11,16,1,19,-6,51,3,-1,27,187,3,1,-51,8,0,5,19,27,-3,14,-14,422,-8,24,110,162,-7,10,97,-216,19,37,108,55,70,111,-6,-75,75,-220,178,-249,165,-273,149,-142,63,13,10,-14,10,-4,54,122,-19,87,3,36,-23,9,4,8,-8,65,-13,21,-13,75,37,-142,109,-97,-50,19,-20,-47,-23,-153,24,2,46,-13,-1,3489,1481,-27,35,-251,281,-224,216,-11038,1511,-304,-113,-433,-186,-412,-202,-388,-218,-364,-233,-338,-246,-310,-259,-281,-270,-251,-281,-220,-291,-188,-298,-154,-305,-81,-207],[496918,535741,106,81,-46,-36,-60,-45],[497108,535842,158,37,-4,-30,-43,19,-111,-26],[497195,535879,43,18,3,-19,-29,-7,-17,8]]]
554840	r	52.4902,56.4611,53.6681,57.2408	[[[524902,568500,16,-256,45,-254,76,-252,105,-249,135,-245,164,-239,191,-233,219,-226,246,-217,270,-208,295,-197,317,-187,339,-175,359,-162,378,-149,394,-135,410,-121,423,-105,435,-90,444,-74,452,-58,459,-42,279,-15,1570,878,3445,1926,313,1090,-2435,3316,-322,439,-87,14,-452,58,-459,42,-462,25,-464,9,-464,-9,-462,-25,-459,-42,-452,-58,-444,-74,-435,-90,-423,-105,-410,-121,-394,-135,-378,-149,-359,-162,-339,-175,-317,-187,-295,-197,-270,-208,-246,-217,-219,-226,-191,-233,-164,-239,-135,-245,-105,-249,-76,-252,-45,-254,-16,-256]]]
1510853	r	83.0445,52.9481,84.4492,53.761	[[[830445,533600,14,-269,44,-269,73,-266,102,-262,130,-258,158,-252,186,-246,211,-237,237,-229,261,-219,285,-209,307,-197,327,-184,347,-171,364,-157,381,-142,396,-127,409,-111,419,-95,430,-79,437,-61,442,-44,447,-26,448,-9,448,9,447,26,442,44,437,61,430,79,419,95,409,111,396,127,205,77,-677,979,137,14,325,45,319,58,312,71,303,82,294,95,283,105,271,117,257,127,243,136,228,146,212,155,194,162,176,170,157,176,137,183,118,187,96,191,76,195,54,197,33,199,11,200,-11,200,-33,199,-54,197,-76,195,-96,191,-118,187,-137,183,-157,176,-176,170,-194,162,-212,155,-228,146,-243,136,-257,127,-271,117,-283,105,-294,95,-303,82,-312,71,-319,58,-325,45,-328,33,-332,19,-333,7,-333,-7,-332,-19,-328,-33,-325,-45,-319,-58,-312,-71,-303,-82,-294,-95,-283,-105,-114,-49,-704,1018,-227,-31,-430,-79,-419,-95,-409,-111,-396,-127,-381,-142,-364,-157,-347,-171,-327,-184,-307,-197,-285,-209,-261,-219,-237,-229,-211,-237,-186,-246,-158,-252,-130,-258,-102,-262,-73,-266,-44,-269,-14,-269]]]
479123	r	47.6622,53.9027,49.0664,54.7573	[[[476622,543300,16,-279,46,-279,78,-276,108,-272,138,-267,168,-262,197,-255,224,-246,252,-238,277,-227,302,-216,326,-204,347,-191,368,-178,388,-163,404,-147,420,-132,434,-115,446,-99,455,-81,464,-64,470,-45,474,-28,476,-9,476,9,474,28,470,45,464,64,455,81,446,99,434,115,420,132,404,147,388,163,368,178,347,191,326,204,64,45,1228,4344,-40,63,-197,255,-224,246,-252,238,-277,227,-302,216,-326,204,-347,191,-368,178,-388,163,-404,147,-420,132,-434,115,-446,99,-455,81,-464,64,-470,45,-474,28,-476,9,-476,-9,-474,-28,-470,-45,-464,-64,-455,-81,-446,-99,-434,-115,-420,-132,-404,-147,-388,-163,-368,-178,-347,-191,-326,-204,-302,-216,-277,-227,-252,-238,-224,-246,-197,-255,-168,-262,-138,-267,-108,-272,-78,-276,-46,-279,-16,-279]]]
2023469	r	103.6575,51.8995,104.9406,52.6633	[[[1036575,522070,41,-107,123,-251,150,-245,176,-239,201,-231,225,-222,248,-213,270,-203,291,-191,310,-179,329,-167,347,-152,361,-139,376,-123,387,-109,399,-92,407,-76,415,-60,420,-42,423,-26,426,-8,426,8,423,26,420,42,415,60,407,76,399,92,387,109,376,123,361,139,347,152,329,167,310,179,291,191,270,203,248,213,225,222,201,231,176,239,150,245,123,251,97,256,69,258,42,261,14,262,-14,262,-42,261,-69,258,-97,256,-123,251,-150,245,-176,239,-201,231,-225,222,-248,213,-270,203,-291,191,-310,179,-329,167,-347,152,-361,139,-376,123,-147,41,-4919,-2479,-3731,-1880,-405,-204]]]
2022890	r	134.5371,48.0842,135.6629,48.8358	[[[1345371,484600,12,-246,36,-245,60,-242,83,-240,107,-235,130,-230,108,-159,206,-149,499,-184,397,-55,178,19,-157,-108,-156,-328,-8,-147,153,-109,269,-168,285,-156,299,-143,313,-130,325,-116,336,-101,344,-87,353,-71,359,-56,363,-40,367,-24,368,-8,368,8,367,24,363,40,359,56,353,71,344,87,336,101,325,116,313,130,299,143,285,156,269,168,251,180,234,190,215,200,194,209,174,217,152,224,130,230,107,235,83,240,60,242,36,245,12,246,-12,246,-36,245,-60,242,-83,240,-107,235,-130,230,-152,224,-174,217,-194,209,-215,200,-234,190,-251,180,-269,168,-285,156,-299,143,-313,130,-325,116,-336,101,-344,87,-353,71,-359,56,-363,40,-367,24,-368,8,-368,-8,-367,-24,-363,-40,-359,-56,-353,-71,-344,-87,-336,-101,-325,-116,-313,-130,-299,-143,-285,-156,-269,-168,-251,-180,-234,-190,-215,-200,-194,-209,-174,-217,-152,-224,-130,-230,-107,-235,-83,-240,-60,-242,-36,-245,-12,-246]]]
468902	r	39.1657,57.2504,40.4942,58.0096	[[[391657,576300,15,-248,46,-247,75,-246,104,-242,134,-237,162,-233,191,-226,217,-219,243,-211,269,-202,292,-192,315,-181,336,-170,357,-158,374,-144,392,-132,406,-117,420,-102,431,-88,441,-72,449,-56,455,-41,458,-24,461,-8,461,8,458,24,455,41,449,56,441,72,431,88,420,102,406,117,392,132,374,144,357,158,336,170,315,181,292,192,269,202,243,211,142,143,-313,817,-1340,3497,-147,385,-154,68,-374,144,-392,132,-406,117,-420,102,-431,88,-441,72,-449,56,-455,41,-458,24,-461,8,-461,-8,-458,-24,-455,-41,-449,-56,-441,-72,-431,-88,-420,-102,-406,-117,-372,-125,-3067,-2593,-22,-75,-46,-247,-15,-248]]]
2013348	r	131.1543,42.7742,132.4505,43.4799	[[[1311543,430998,11,-242,46,-343,76,-340,106,-335,136,-330,166,-322,193,-314,221,-304,247,-292,244,-250,12,7,519,-190,116,79,-40,121,8,123,53,122,132,123,301,82,274,165,197,80,156,94,2,107,-129,5,-586,-110,103,275,-44,92,-201,42,18,158,59,149,116,56,244,-156,83,-9,169,7,222,72,147,29,41,-26,33,148,-45,135,-29,137,75,157,182,93,153,-70,149,-92,171,32,26,113,-39,162,-7,145,238,117,781,752,185,233,113,265,-106,-98,-173,-83,-153,-9,-45,129,41,7,231,122,36,55,17,64,43,56,109,30,119,-55,109,-123,132,-104,191,9,141,109,-56,95,-166,61,-190,8,0,75,278,155,63,172,-4,212,79,280,99,104,251,138,52,62,31,89,19,13,-3215,1419,-1273,57,-291,-228,-298,-267,-213,-219,13,-154,-9,-129,-113,-155,-118,-90,-99,-115,-54,-228,-5,-376,-43,-180,-122,-139,-324,-211,-145,-134,-95,-157,-19,-201,78,-132,99,-121,50,-171,-59,-184,-146,-130,-151,-80]],[[1317570,429901,335,-155,468,-135,460,-3,318,235,58,120,31,95,-15,31,-24,106,8,47,-286,116,-166,152,-207,103,-285,39,329,-206,0,-73,-193,44,-204,76,-209,33,-213,-80,64,-45,35,-57,38,-170,-68,0,-110,38,-40,-58,52,-101,166,-90,-342,-62]],[[1318260,433179,60,-80,140,-45,109,19,50,19,-343,151,-16,-64]],[[1318397,430812,2,-52,28,-34,12,6,-26,33,4,14,36,16,68,-11,38,19,35,34,19,-12,62,56,-6,4,5,4,35,14,113,68,2,-4,-40,-64,-3,-23,19,-24,24,-2,26,8,50,37,11,4,-46,-47,16,-8,-5,-14,16,-16,53,-5,50,-47,22,8,55,-30,70,-15,-14,-16,1,-13,11,0,-5,-19,-25,-10,18,-16,17,4,6,10,113,-27,28,13,37,0,14,20,56,31,34,4,34,-12,42,17,0,3,13,2,32,16,38,-6,29,-21,3,-19,-4,-8,-17,0,-44,-105,19,-5,6,7,33,0,15,-8,1,30,18,36,3,59,-23,53,73,56,7,15,9,5,122,84,44,14,50,32,9,21,351,189,20,-7,1,13,14,3,14,18,-4,6,33,25,19,-5,15,20,1,9,-1,0,34,26,208,238,4,-9,11,-5,10,5,-12,24,42,48,44,37,49,26,29,34,48,17,16,17,70,29,25,23,-11,14,8,12,40,8,28,22,39,8,14,32,32,14,-5,7,34,13,139,20,-95,42,27,3,71,6,21,-16,59,36,23,34,22,2,38,-19,29,0,53,33,26,3,23,35,55,7,22,-16,27,-1,7,5,-5,16,-26,25,52,46,27,9,171,18,49,16,51,-5,34,16,36,-2,27,25,26,11,6,23,48,11,2,19,32,5,72,-2,4,11,-22,38,5,19,80,29,-14,19,-59,27,-18,-2,-28,28,-41,21,7,15,-9,23,-87,17,-6,37,36,18,19,23,19,28,-11,21,-40,-3,-337,-179,-54,14,-48,-10,-74,1,-127,-19,-47,-24,-198,-20,-177,-40,-16,13,-73,-22,-1,-21,-78,-212,-130,-8,-127,56,1,2,23,9,23,0,38,-31,133,6,68,184,4,37,133,42,18,-14,146,34,194,19,46,23,142,22,73,-1,56,11,43,-11,266,141,-13,1,-15,21,9,28,-4,28,-41,-1,-19,-8,-20,10,-13,28,-30,-15,-52,-1,-71,26,-19,-9,-58,1,-13,-6,-25,16,-76,1,-14,-40,-26,-14,-17,0,-49,-16,-37,-21,-65,4,-14,9,-50,-15,-15,4,-9,29,-77,34,-15,4,-8,-5,-25,13,-216,29,-6,-8,-40,10,-48,30,-64,55,-47,0,0,5,-73,-11,-24,6,-63,0,-15,6,-1,-6,-37,0,-8,-5,12,-7,-1,-10,-90,-61,-35,-11,-17,-20,-58,-17,-24,-21,-3,-14,-23,-9,-17,-23,-61,-10,-63,3,-13,12,-9,-3,-3,-40,-14,-14,-38,-10,-70,0,-2,-11,36,-36,8,-40,-14,-37,40,-14,13,-17,19,0,10,-10,-7,-31,-1,0,-110,48,-6,-32,-37,-58,-188,-32,-194,-56,-349,-221,-120,-102,-115,-158,-33,-69,-9,-6,-9,-33,-157,-336,-295,-369,-27,-106,12,-4,-20,-3,-29,-20,-13,-33,-25,-27],[1318985,431070,75,45,114,-30,-2,-6,-37,-28,-12,0,-87,12,2,11,-13,1,-2,-9,-38,4]],[[1322877,428904,16,-77,164,-275,1448,1942,-1254,554,-45,-106,-131,-76,-164,-10,87,-101,51,-115,-17,-108,-121,-86,102,-207,-17,-268,-85,-480,46,-316,-12,-147,-68,-124]]]
532096	r	47.0452,42.5915,47.8027,43.4073	[[[470452,431152,3425,-2732,747,-2189,46,-18,234,-78,239,-67,245,-55,249,-42,253,-31,254,-19,256,-6,256,6,254,19,253,31,249,42,245,55,239,67,131,43,-509,189,-245,261,-117,339,-5,395,19,110,44,101,-63,0,15,163,-66,486,17,102,-39,54,-61,240,-36,53,-21,11,12,2,4,19,-15,-3,-24,6,-64,27,-11,-3,-2,1,0,5,-31,11,-105,52,-26,20,-11,19,-18,-5,-36,24,-10,-8,-33,16,20,4,73,64,-75,-59,-25,-5,-204,101,-28,30,5,9,-21,5,-22,23,-7,15,8,7,-19,5,-71,106,-17,2,-25,25,-17,36,-1,-16,-32,19,12,9,-9,15,2,-14,-13,-2,-36,22,-18,-2,-31,11,-40,25,-8,17,-74,88,-18,22,-60,19,-4,5,-62,76,-48,39,-17,3,-81,43,-73,29,-5,6,9,11,-70,24,4,6,-20,-9,-26,10,-158,81,1,11,-15,8,12,-9,-6,-6,-7,10,-18,1,-121,59,-35,44,-28,57,-7,-2,-52,54,73,-94,3,-12,-11,-14,-31,6,-37,17,5,7,38,10,-16,13,-52,-11,-52,22,38,15,-12,15,21,9,-38,30,31,-31,-59,-24,-266,229,-7,61,12,10,-16,3,-10,11,-16,-2,-24,158,45,6,4,170,31,171,34,135,9,7,-12,-5,-5,5,12,2,-9,4,4,37,35,199,30,25,60,92,-1,107,-24,74,35,132,70,172,9,19,-36,7,6,21,-71,218,47,105,201,227,111,78,319,143,160,105,97,197,60,49,50,68,-2,127,-31,88,-50,87,-71,40,-161,-82,-198,-49,-248,-289,-162,46,-66,146,18,186,82,169,-136,333,-6,276,-206,-5,-378,-28,-375,-45,-370,-64,-364,-81,-355,-99,-126,-41,-2200,-2558],[474528,430808,23,191,44,45,93,75,-14,-64,-31,-56,1,-63,-38,-165,-1,-19,25,-12,8,-30,-35,3,-24,-225,-2,-4,-49,324]]]
1489425	r	84.3752,56.1417,85.6248,56.8261	[[[843752,563763,91,-134,174,-214,199,-206,223,-200,246,-190,267,-181,289,-171,308,-161,326,-149,343,-136,358,-124,372,-110,385,-97,394,-83,404,-68,411,-53,416,-38,420,-23,422,-8,422,8,420,23,416,38,411,53,404,68,394,83,385,97,372,110,358,124,343,136,326,149,308,161,289,171,217,147,623,531,95,99,174,214,149,219,122,225,96,228,69,231,41,234,14,234,-14,234,-41,234,-69,231,-96,228,-122,225,-149,219,-174,214,-199,206,-223,200,-246,190,-46,32,-2032,-631,-33,74,-135,209,-171,201,-206,190,-238,178,-269,165,-297,149,-321,132,-344,114,-362,95,-377,75,-388,54,-396,32,-400,11,-400,-11,-396,-32,-388,-54,-377,-75,-362,-95,-344,-114,-321,-132,-297,-149,-269,-165,-238,-178,-206,-190,-171,-201,-135,-209,-97,-215,-59,-219,-20,-222,20,-222,59,-219,97,-215,135,-209,171,-201,206,-190,238,-178,200,-122,-2194,-681]]]
515003	n	54.7371,51.5439,55.4629,51.9961	[[[547371,517700,17,-222,53,-219,86,-215,120,-209,152,-201,183,-190,213,-178,239,-165,264,-149,286,-132,305,-114,322,-95,336,-75,345,-54,352,-32,356,-11,356,11,352,32,345,54,336,75,322,95,305,114,286,132,264,149,239,165,213,178,183,190,152,201,120,209,86,215,53,219,17,222,-17,222,-53,219,-86,215,-120,209,-152,201,-183,190,-213,178,-239,165,-264,149,-286,132,-305,114,-322,95,-336,75,-345,54,-352,32,-356,11,-356,-11,-352,-32,-345,-54,-336,-75,-322,-95,-305,-114,-286,-132,-264,-149,-239,-165,-213,-178,-183,-190,-152,-201,-120,-209,-86,-215,-53,-219,-17,-222]]]
1503901	r	85.3575,54.99,86.8425,55.6287	[[[853575,553500,16,-278,47,-277,79,-274,111,-271,141,-266,171,-261,200,-253,229,-245,257,-236,283,-226,308,-215,332,-204,355,-190,376,-176,395,-162,185,-66,8617,301,219,103,355,190,332,204,308,215,283,226,257,236,229,245,200,253,171,261,141,266,111,271,79,274,47,277,16,278,-16,278,-10,61,-6378,1238,0,23,18,24,-84,1,-2,-35,-324,62,37,64,-8,14,22,24,16,2,-4,31,-10,1,-16,-26,-8,1,0,27,-39,107,20,31,-44,21,-21,-35,10,-36,-61,-48,0,-15,74,-17,-1,-4,-21,4,16,-37,46,-12,-33,0,-42,30,-73,-6,-37,-66,-48,-11,-8,2,-9,6,28,14,15,22,-66,-23,0,-11,-8,0,-134,26,12,6,0,52,112,-33,64,21,4,7,-23,19,-84,21,-29,17,-126,-9,-71,7,-6,7,-65,5,-23,-5,-64,-57,-4402,853,-740,144,-2182,-2461,-8,-48,-16,-278]]]
1496990	r	86.575,53.33,87.6719,54.1765	[[[865750,534923,218,-158,323,-206,345,-192,366,-179,384,-163,401,-149,417,-133,431,-116,443,-99,452,-82,460,-64,467,-45,470,-28,473,-9,473,9,470,28,467,45,460,64,452,82,443,99,431,116,417,133,264,98,1442,6533,-210,134,-345,192,-366,179,-384,163,-401,149,-417,133,-431,116,-443,99,-452,82,-80,11,-1385,-997,-5797,-5596,-258,-249]]]
500096	r	38.9635,54.2008,40.4365,55.0592	[[[389635,546300,15,-281,48,-279,78,-277,110,-274,140,-269,169,-263,199,-255,227,-248,255,-239,281,-228,305,-217,330,-205,352,-192,372,-178,392,-164,409,-148,425,-133,439,-116,452,-99,461,-81,469,-64,476,-46,479,-27,482,-9,482,9,479,27,476,46,469,64,461,81,452,99,439,116,425,133,409,148,392,164,372,178,352,192,330,205,305,217,281,228,255,239,227,248,199,255,169,263,140,269,110,274,78,277,48,279,15,281,-15,281,-48,279,-78,277,-110,274,-140,269,-169,263,-199,255,-227,248,-255,239,-281,228,-305,217,-330,205,-352,192,-372,178,-392,164,-409,148,-425,133,-439,116,-452,99,-461,81,-469,64,-476,46,-479,27,-482,9,-482,-9,-479,-27,-476,-46,-462,-63,-5454,-3932,-12,-215]]]
580497	r	47.507,45.9796,48.573,46.7204	[[[475070,463500,11,-242,34,-242,57,-239,79,-236,101,-232,123,-227,144,-220,165,-214,184,-206,203,-197,221,-187,239,-177,254,-166,270,-154,284,-141,296,-128,307,-114,318,-100,327,-86,333,-70,340,-55,344,-40,347,-23,349,-8,349,8,347,23,344,40,340,55,333,70,327,86,318,100,307,114,296,128,284,141,270,154,254,166,239,177,221,187,203,197,184,206,165,214,144,220,123,227,101,232,79,236,57,239,34,242,11,242,-11,242,-34,242,-57,239,-79,236,-101,232,-123,227,-144,220,-165,214,-184,206,-203,197,-221,187,-239,177,-254,166,-270,154,-284,141,-296,128,-307,114,-318,100,-327,86,-333,70,-340,55,-344,40,-347,23,-349,8,-349,-8,-347,-23,-344,-40,-340,-55,-333,-70,-327,-86,-318,-100,-307,-114,-296,-128,-284,-141,-270,-154,-254,-166,-239,-177,-221,-187,-203,-197,-184,-206,-165,-214,-144,-220,-123,-227,-101,-232,-79,-236,-57,-239,-34,-242,-11,-242]]]
511565	r	44.3924,52.8275,45.6565,53.5725	[[[443924,532000,13,-244,39,-242,66,-241,92,-237,117,-233,143,-228,166,-223,191,-214,213,-207,236,-199,256,-188,277,-178,295,-167,312,-154,329,-142,343,-129,356,-115,368,-100,379,-86,386,-71,394,-55,399,-40,402,-24,404,-8,404,8,402,24,94,9,0,924,291,-29,304,-18,305,-7,305,7,304,18,301,30,297,41,293,54,285,65,278,76,270,86,259,98,248,107,236,117,223,126,208,134,194,142,178,150,161,156,144,163,126,167,108,173,88,176,70,179,49,182,30,183,10,184,-10,184,-30,183,-49,182,-70,179,-88,176,-108,173,-126,167,-144,163,-161,156,-178,150,-194,142,-208,134,-223,126,-236,117,-248,107,-259,98,-270,86,-278,76,-285,65,-293,54,-297,41,-301,30,-304,18,-305,7,-305,-7,-304,-18,-291,-29,0,924,-94,9,-402,24,-404,8,-404,-8,-402,-24,-399,-40,-394,-55,-386,-71,-379,-86,-368,-100,-356,-115,-343,-129,-329,-142,-312,-154,-295,-167,-277,-178,-256,-188,-236,-199,-213,-207,-191,-214,-166,-223,-143,-228,-117,-233,-92,-237,-66,-241,-39,-242,-13,-244]]]
523750	r	52.1836,55.3665,53.0791,56.1135	[[[521836,556849,15,-45,49,-16,117,-21,-7,-41,29,-30,33,-6,45,-38,36,-15,15,-2,-217,-1420,686,-1442,277,-37,426,-39,429,-24,431,-8,431,8,429,24,426,39,420,56,413,71,403,86,393,101,380,115,367,129,350,142,334,156,314,167,295,178,274,189,251,199,228,207,203,216,178,223,152,228,125,234,98,238,70,241,43,244,14,244,-14,244,-43,244,-70,241,-98,238,-125,234,-152,228,-178,223,-203,216,-228,207,-251,199,-274,189,-295,178,-314,167,-334,156,-350,142,-367,129,-380,115,-393,101,-403,86,-413,71,-420,56,-426,39,-429,24,-431,8,-431,-8,-429,-24,-426,-39,-71,-10,-629,-4115,-378,-90]]]
535121	r	39.0161,52.1855,40.2088,52.9945	[[[390161,523515,92,-78,274,-204,296,-194,316,-180,335,-168,351,-155,368,-139,382,-125,394,-109,405,-94,414,-77,422,-60,427,-43,430,-26,433,-8,433,8,430,26,427,43,422,60,414,77,405,94,394,109,382,125,368,139,351,155,335,168,316,180,296,194,274,204,252,215,229,225,204,234,179,241,152,248,126,253,98,258,70,261,31,186,-4075,4084,-387,89,-414,77,-422,60,-427,43,-430,26,-433,8,-433,-8,-430,-26,-427,-43,-422,-60,-414,-77,-405,-94,-394,-109,-382,-125,-368,-139,-351,-155,-335,-168,-316,-180,-296,-194,-87,-65,-279,-4987]]]
548408	r	48.8544,58.1774,50.7236,59.0226	[[[488544,586000,17,-276,52,-276,86,-272,120,-270,153,-264,185,-259,218,-252,248,-244,279,-235,307,-224,334,-214,361,-202,384,-189,408,-175,428,-162,448,-146,465,-130,480,-114,494,-97,504,-81,513,-62,520,-46,525,-27,527,-9,294,5,193,494,2957,7545,-361,86,-494,97,-504,81,-513,62,-520,46,-525,27,-527,9,-527,-9,-525,-27,-520,-46,-513,-62,-504,-81,-494,-97,-480,-114,-465,-130,-448,-146,-428,-162,-408,-175,-384,-189,-361,-202,-334,-214,-307,-224,-279,-235,-248,-244,-218,-252,-185,-259,-153,-264,-120,-270,-86,-272,-52,-276,-17,-276]],[[497087,582273,145,-40,414,-99,425,-84,434,-69,442,-54,448,-39,451,-23,454,-8,454,8,451,23,448,39,442,54,434,69,425,84,414,99,400,112,385,126,369,139,351,151,331,163,310,174,288,184,265,194,239,202,214,211,188,217,159,223,132,228,103,232,74,235,45,238,15,238,-15,238,-45,238,-74,235,-103,232,-132,228,-159,223,-188,217,-214,211,-239,202,-265,194,-288,184,-310,174,-331,163,-351,151,-369,139,-385,126,-400,112,-414,99,-425,84,-434,69,-442,54,-448,39,-451,23,-454,8,-454,-8,-71,-3,-2688,-6859]]]
8504951	p	498817
569696	r	46.67,55.8046,48.0121,56.4554	[[[466700,561300,13,-213,37,-212,62,-210,86,-207,110,-204,134,-199,156,-194,179,-188,201,-181,221,-173,240,-165,260,-155,277,-146,293,-135,309,-124,322,-112,335,-101,346,-88,355,-75,363,-61,370,-49,374,-34,378,-21,379,-7,356,6,65,255,169,-35,333,-57,339,-45,344,-31,346,-20,348,-6,348,6,346,20,344,31,339,45,333,57,326,68,317,81,307,92,296,103,283,114,269,124,111,59,1699,2148,3,39,-12,195,-34,195,-57,193,-79,190,-101,187,-122,183,-144,178,-164,172,-184,166,-203,159,-221,151,-238,143,-254,134,-79,36,-1217,324,-1231,329,-287,26,-346,20,-348,6,-348,-6,-77,-5,73,288,-84,18,-363,61,-370,49,-374,34,-378,21,-379,7,-379,-7,-378,-21,-374,-34,-370,-49,-363,-61,-355,-75,-346,-88,-335,-101,-322,-112,-309,-124,-293,-135,-277,-146,-260,-155,-240,-165,-221,-173,-201,-181,-179,-188,-156,-194,-134,-199,-110,-204,-86,-207,-62,-210,-37,-212,-13,-213],[473514,560889,60,12,110,21,-170,-33]]]
480562	r	37.0751,53.7527,38.1708,54.5629	[[[370751,540100,9,-168,28,-168,47,-166,64,-164,83,-161,100,-158,117,-153,135,-149,150,-142,166,-137,180,-131,195,-122,207,-115,220,-107,232,-98,241,-89,251,-80,260,-69,266,-59,272,-49,278,-39,280,-27,284,-17,284,-5,284,5,284,17,280,27,278,39,272,49,266,59,260,69,251,80,241,89,232,98,220,107,155,85,300,2245,2210,1871,1075,1306,-139,153,-214,203,-236,194,-258,185,-277,174,-296,163,-314,152,-329,139,-345,126,-358,113,-369,98,-380,85,-388,69,-395,54,-401,39,-160,9,-1038,-635,-4698,-2874,-203,-124,940,-187,-20,-12,-180,-131,-166,-137,-150,-142,-135,-149,-117,-153,-100,-158,-83,-161,-64,-164,-47,-166,-28,-168,-9,-168]]]
554234	r	19.8831,54.4002,21.144,55.068	[[[198831,546561,51,-180,94,-235,121,-231,146,-226,171,-220,196,-213,219,-205,242,-196,263,-186,283,-176,303,-165,200,-96,2401,-75,2887,-89,2125,-66,89,32,337,141,321,153,303,165,283,176,263,186,242,196,219,205,196,213,171,220,146,226,121,231,94,235,67,238,41,240,14,241,-14,241,-41,240,-67,238,-94,235,-121,231,-146,226,-171,220,-196,213,-138,128,-59,-32,-702,-42,-1087,115,-552,295,-415,69,-1868,-88,-188,19,-76,40,-91,73,-75,76,-30,50,25,89,65,30,88,14,94,38,1297,689,142,105,-279,50,-137,18,-264,-192,-1516,-733,-754,-239,-414,-54,-1598,122,-622,-66,-686,26,-413,-62,-54,13,-212,-150,-242,-196,-219,-205,-196,-213,-112,-144,221,-424,65,-195,29,-236,-54,-163,-261,-375,-150,-169,-96,-77,-54,-72,-9,-46,18,-113,-9,-46,-39,-49,-35,-12,-41,-8,-56,-40,0,-1]]]
538560	r	35.62,51.3745,36.76,52.0856	[[[356200,517300,12,-232,36,-232,61,-229,85,-227,108,-223,132,-217,154,-212,175,-205,197,-198,218,-189,236,-180,255,-169,273,-159,288,-148,303,-136,317,-122,329,-110,340,-96,349,-82,357,-67,363,-53,368,-38,371,-23,373,-8,373,8,371,23,368,38,363,53,357,67,349,82,340,96,329,110,317,122,303,136,288,148,273,159,255,169,236,180,218,189,197,198,175,205,154,212,132,217,108,223,85,227,61,229,36,232,12,232,-12,232,-36,232,-61,229,-85,227,-108,223,-132,217,-154,212,-175,205,-197,198,-218,189,-236,180,-255,169,-273,159,-288,148,-303,136,-317,122,-329,110,-340,96,-349,82,-357,67,-363,53,-368,38,-371,23,-373,8,-373,-8,-371,-23,-368,-38,-363,-53,-357,-67,-349,-82,-340,-96,-329,-110,-317,-122,-303,-136,-288,-148,-273,-159,-255,-169,-236,-180,-218,-189,-197,-198,-175,-205,-154,-212,-132,-217,-108,-223,-85,-227,-61,-229,-36,-232,-12,-232]]]
487846	r	41.525,44.8234,42.4321,45.4156	[[[415250,451600,314,-3037,112,-128,71,-70,7571,-131,26,22,180,179,163,186,145,194,128,200,108,206,90,210,70,214,27,116,-471,114,122,162,109,170,93,175,76,179,60,182,42,184,26,186,9,187,-9,187,-26,186,-42,184,-60,182,-76,179,-93,175,-109,170,-124,165,-139,159,-153,152,-167,144,-180,136,-192,128,-203,119,-214,109,-224,98,-232,88,-239,78,-247,65,-251,55,-257,42,-259,31,-262,18,-263,6,-263,-6,-262,-18,-259,-31,-257,-42,-251,-55,-247,-65,-239,-78,-232,-88,-224,-98,-214,-109,-203,-119,-192,-128,-180,-136,-167,-144,-153,-152,-139,-159,-124,-165,-109,-170,-93,-175,-76,-179,-60,-182,-41,-180,-870,210,-77,-102,-118,-185]]]
571476	r	33.7244,52.9114,34.9156,53.6286	[[[337244,532700,12,-235,39,-233,63,-232,89,-228,113,-225,137,-219,161,-214,184,-207,206,-199,227,-191,247,-182,266,-171,285,-160,301,-149,317,-137,331,-124,344,-110,355,-97,364,-83,373,-68,380,-53,385,-39,387,-23,390,-7,390,7,387,23,385,39,380,53,373,68,364,83,355,97,344,110,331,124,317,137,301,149,285,160,266,171,247,182,227,191,206,199,184,207,161,214,137,219,113,225,89,228,63,232,39,233,12,235,-12,235,-39,233,-63,232,-89,228,-113,225,-137,219,-161,214,-184,207,-206,199,-227,191,-247,182,-266,171,-285,160,-301,149,-317,137,-331,124,-344,110,-355,97,-364,83,-373,68,-380,53,-385,39,-387,23,-390,7,-390,-7,-387,-23,-385,-39,-380,-53,-373,-68,-364,-83,-355,-97,-344,-110,-331,-124,-317,-137,-301,-149,-285,-160,-266,-171,-247,-182,-227,-191,-206,-199,-184,-207,-161,-214,-137,-219,-113,-225,-89,-228,-63,-232,-39,-233,-12,-235]]]
480060	r	35.2891,56.5238,36.5109,57.1962	[[[352891,568600,13,-220,39,-219,65,-217,91,-214,116,-211,141,-206,165,-200,188,-194,212,-187,232,-179,254,-170,273,-161,292,-150,309,-140,325,-128,340,-116,352,-104,364,-90,374,-78,383,-64,389,-50,395,-36,397,-21,400,-7,400,7,397,21,395,36,389,50,383,64,374,78,364,90,352,104,340,116,325,128,309,140,292,150,273,161,254,170,232,179,212,187,188,194,165,200,141,206,116,211,91,214,65,217,39,219,13,220,-13,220,-39,219,-65,217,-91,214,-116,211,-141,206,-165,200,-188,194,-212,187,-232,179,-254,170,-273,161,-292,150,-309,140,-325,128,-340,116,-352,104,-364,90,-374,78,-383,64,-389,50,-395,36,-397,21,-400,7,-400,-7,-397,-21,-395,-36,-389,-50,-383,-64,-374,-78,-364,-90,-352,-104,-340,-116,-325,-128,-309,-140,-292,-150,-273,-161,-254,-170,-232,-179,-212,-187,-188,-194,-165,-200,-141,-206,-116,-211,-91,-214,-65,-217,-39,-219,-13,-220]]]
532288	r	58.3745,53.0204,59.6455,53.7815	[[[583745,534000,14,-249,40,-249,68,-246,95,-243,120,-239,147,-234,171,-227,196,-220,220,-212,242,-203,264,-193,284,-182,304,-171,320,-158,4466,-770,233,14,411,41,405,56,398,73,389,88,379,103,366,117,354,132,338,146,321,158,304,171,284,182,264,193,242,203,220,212,196,220,171,227,147,234,120,239,95,243,68,246,40,249,14,249,-14,249,-40,249,-68,246,-95,243,-120,239,-147,234,-171,227,-196,220,-220,212,-242,203,-264,193,-284,182,-304,171,-321,158,-338,146,-354,132,-366,117,-379,103,-389,88,-398,73,-405,56,-411,41,-413,25,-416,8,-368,-8,-5174,-1943,-158,-177,-171,-227,-147,-234,-120,-239,-95,-243,-68,-246,-40,-249,-14,-249]]]
555312	r	40.384,56.6797,41.4491,57.3213	[[[403840,570000,12,-210,38,-209,62,-208,87,-205,112,-201,135,-197,158,-191,181,-186,202,-178,224,-171,243,-163,262,-153,280,-144,297,-133,311,-123,326,-111,338,-99,349,-87,359,-74,367,-61,374,-48,378,-34,324,-17,268,259,1960,1892,3004,2900,-142,108,-243,163,-262,153,-280,144,-297,133,-311,123,-326,111,-338,99,-349,87,-359,74,-367,61,-374,48,-378,34,-382,20,-383,7,-383,-7,-382,-20,-378,-34,-374,-48,-367,-61,-359,-74,-349,-87,-338,-99,-326,-111,-311,-123,-297,-133,-280,-144,-262,-153,-243,-163,-224,-171,-202,-178,-181,-186,-158,-191,-135,-197,-112,-201,-87,-205,-62,-208,-38,-209,-12,-210]]]
520494	r	59.321,57.5789,60.619,58.267	[[[593210,579200,14,-227,41,-226,70,-224,96,-221,123,-217,150,-213,175,-207,200,-200,225,-193,247,-185,269,-175,291,-166,310,-155,328,-144,345,-132,361,-120,375,-107,386,-94,398,-80,406,-66,414,-52,89,-7,3796,238,251,61,375,107,361,120,345,132,328,144,310,155,291,166,269,175,247,185,225,193,200,200,175,207,150,213,123,217,96,221,70,224,41,226,14,227,-14,227,-41,226,-70,224,-96,221,-123,217,-150,213,-175,207,-200,200,-225,193,-247,185,-269,175,-291,166,-310,155,-328,144,-345,132,-361,120,-375,107,-386,94,-398,80,-406,66,-414,52,-419,37,-423,22,-424,7,-424,-7,-423,-22,-419,-37,-414,-52,-406,-66,-398,-80,-386,-94,-375,-107,-361,-120,-345,-132,-328,-144,-310,-155,-291,-166,-269,-175,-247,-185,-225,-193,-200,-200,-175,-207,-150,-213,-123,-217,-96,-221,-70,-224,-41,-226,-14,-227]]]
2014407	r	106.8733,51.3778,108.3267,52.2823	[[[1068733,518300,15,-296,47,-294,77,-292,108,-288,138,-283,168,-277,196,-270,224,-261,252,-251,277,-241,301,-228,325,-216,347,-202,368,-188,387,-173,403,-156,420,-139,433,-122,445,-105,455,-85,463,-68,469,-48,474,-29,475,-10,475,10,474,29,469,48,463,68,455,85,445,105,433,122,420,139,403,156,387,173,368,188,347,202,325,216,301,228,277,241,252,251,224,261,196,270,168,277,138,283,108,288,77,292,47,294,15,296,-15,296,-47,294,-77,292,-108,288,-138,283,-168,277,-196,270,-224,261,-252,251,-277,241,-301,228,-325,216,-347,202,-368,188,-387,173,-403,156,-420,139,-433,122,-445,105,-455,85,-463,68,-469,48,-474,29,-475,10,-475,-10,-474,-29,-469,-48,-463,-68,-455,-85,-445,-105,-433,-122,-420,-139,-403,-156,-387,-173,-368,-188,-347,-202,-325,-216,-301,-228,-277,-241,-252,-251,-224,-261,-196,-270,-168,-277,-138,-283,-108,-288,-77,-292,-47,-294,-15,-296]]]
473247	r	39.7262,55.8044,41.0294,56.518	[[[397262,561400,15,-247,43,-246,72,-244,100,-241,128,-237,155,-231,182,-226,208,-218,233,-210,256,-201,280,-191,302,-181,321,-169,341,-157,359,-144,374,-130,277,-83,8908,1449,19,17,208,218,182,226,69,103,-3274,4721,-40,12,-402,102,-412,87,-422,72,-429,56,-436,40,-438,25,-441,8,-441,-8,-438,-25,-436,-40,-429,-56,-422,-72,-412,-87,-402,-102,-389,-117,-374,-130,-359,-144,-341,-157,-321,-169,-302,-181,-280,-191,-256,-201,-233,-210,-208,-218,-182,-226,-155,-231,-128,-237,-100,-241,-72,-244,-43,-246,-15,-247]]]
581049	r	40.1727,64.0959,41.5996,65.0041	[[[401727,641265,399,-65,658,-86,668,-68,678,-48,684,-29,686,-10,686,10,684,29,678,48,668,68,658,86,642,105,626,122,606,141,583,156,558,174,531,188,502,203,469,217,436,230,400,241,362,253,324,262,284,270,242,278,199,285,156,289,112,293,67,296,23,297,-23,297,-67,296,-112,293,-156,289,-199,285,-242,278,-284,270,-324,262,-362,253,-400,241,-436,230,-469,217,-502,203,-531,188,-558,174,-583,156,-606,141,-626,122,-642,105,-658,86,-668,68,-678,48,-684,29,-686,10,-686,-10,-684,-29,-678,-48,-529,-54,51,-65,123,-88,391,-216,171,-143,122,-163,446,-955,142,-179,228,-113,323,-103,253,-134,29,-202,-195,107,-245,47,-100,-5,-107,43,-226,-69,-123,-84,-11,-10,-47,-17,-30,-52,0,-1,-32,-29,-43,-109,21,-367,65,-407,238,-342,333,-179,9,-58,34,-44,-24,-38,40,-13,-3,-20,-150,-14,47,-42,56,-165,-31,-225,-93,-20,-11,1,-8,10,-36,5,-23,17,-7,-9,-33,-8,-456,63,-273,95,-147,21,-1449,-65,-241,23,-116,-2887,-58,-1427]],[[401908,645756,40,-14,1411,0,997,-100,222,41,34,56,-29,41,-34,39,-49,85,-26,98,-160,125,-341,59,-460,16,-490,153,-342,207,-47,225,-98,102,-252,110,-323,67,-53,-1310]],[[401967,647215,51,-15,504,-211,333,-256,198,-228,204,-129,437,-95,266,10,107,134,-14,93,-28,107,-19,487,-127,245,-244,225,-300,142,-1111,115,-232,-5,-25,-619]]]
2025339	r	112.7627,51.5896,114.2173,52.4904	[[[1127627,520400,15,-295,47,-293,77,-291,108,-287,139,-282,167,-276,197,-268,224,-260,251,-250,278,-240,302,-228,325,-215,347,-201,368,-187,387,-172,404,-156,420,-139,434,-121,445,-104,456,-86,463,-67,470,-48,473,-29,476,-9,476,9,473,29,470,48,463,67,456,86,445,104,434,121,420,139,404,156,387,172,368,187,347,201,325,215,302,228,278,240,251,250,224,260,197,268,167,276,139,282,108,287,77,291,47,293,15,295,-15,295,-47,293,-77,291,-108,287,-139,282,-167,276,-197,268,-224,260,-251,250,-278,240,-302,228,-325,215,-347,201,-368,187,-387,172,-404,156,-420,139,-434,121,-445,104,-456,86,-463,67,-470,48,-473,29,-476,9,-476,-9,-473,-29,-470,-48,-463,-67,-456,-86,-445,-104,-434,-121,-420,-139,-404,-156,-387,-172,-368,-187,-347,-201,-325,-215,-302,-228,-278,-240,-251,-250,-224,-260,-197,-268,-167,-276,-139,-282,-108,-287,-77,-291,-47,-293,-15,-295]]]
578072	r	36.0593,50.2673,37.1006,50.9327	[[[360594,506000,11,-218,34,-216,55,-215,78,-212,99,-208,120,-204,140,-198,161,-192,180,-185,198,-177,216,-168,233,-159,249,-149,263,-138,277,-127,289,-115,301,-103,188,-54,124,79,70,23,122,2,98,-20,206,-77,221,-33,275,-127,319,-45,90,-23,122,-53,127,-7,340,-8,340,8,339,21,337,35,331,50,314,61,1025,389,437,103,46,21,263,138,249,149,233,159,216,168,198,177,180,185,161,192,140,198,120,204,99,208,78,212,55,215,34,216,11,218,-11,218,-34,216,-55,215,-78,212,-99,208,-120,204,-140,198,-161,192,-180,185,-198,177,-216,168,-233,159,-249,149,-263,138,-277,127,-289,115,-301,103,-310,89,-319,77,-326,63,-331,50,-337,35,-339,21,-340,8,-340,-8,-339,-21,-337,-35,-331,-50,-326,-63,-319,-77,-310,-89,-301,-103,-289,-115,-277,-127,-263,-138,-249,-149,-233,-159,-216,-168,-198,-177,-180,-185,-161,-192,-140,-198,-120,-204,-99,-208,-78,-212,-55,-215,-34,-216,-11,-218]]]
553915	r	35.6013,54.1393,36.6881,54.8988	[[[356013,545300,14,-256,43,-254,71,-252,100,-249,127,-245,154,-239,180,-233,207,-225,231,-217,255,-208,277,-198,299,-186,320,-175,338,-162,356,-149,371,-135,386,-121,399,-105,409,-90,419,-75,426,-58,432,-41,436,-25,437,-9,437,9,436,25,432,41,426,58,419,75,409,90,399,105,386,121,371,135,59,24,91,1265,186,2566,130,1791,-6381,1290,-359,-79,-399,-105,-386,-121,-371,-135,-356,-149,-338,-162,-320,-175,-299,-186,-277,-198,-255,-208,-231,-217,-207,-225,-180,-233,-154,-239,-127,-245,-100,-249,-71,-252,-43,-254,-14,-256]]]
8504952	p	498817
491687	r	31.3989,54.4019,32.677,55.1581	[[[313989,547800,14,-247,41,-246,70,-245,97,-241,123,-236,150,-232,176,-225,201,-218,225,-210,248,-202,271,-191,291,-180,311,-169,329,-157,347,-144,361,-131,376,-117,388,-102,399,-87,408,-72,415,-56,420,-40,424,-25,426,-8,426,8,424,25,420,40,415,56,408,72,399,87,388,102,376,117,361,131,347,144,329,157,311,169,291,180,271,191,248,202,225,210,201,218,176,225,150,232,103,198,-3948,3160,-723,579,-1315,1053,-283,6,-426,-8,-424,-25,-420,-40,-415,-56,-408,-72,-399,-87,-388,-102,-376,-117,-361,-131,-347,-144,-329,-157,-311,-169,-291,-180,-271,-191,-248,-202,-225,-210,-201,-218,-176,-225,-150,-232,-123,-236,-97,-241,-70,-245,-41,-246,-14,-247]]]
491422	r	39.1494,43.395,40.7909,44.0993	[[[391494,440234,4,-6,39,-27,79,-24,34,-42,51,-16,27,-20,57,-21,22,-33,52,-31,81,-25,37,-4,38,-26,47,-23,20,-1,68,-36,60,-40,49,-45,12,-10,-5,-4,6,4,9,-7,-7,-4,10,5,19,-10,65,-10,58,-18,34,-33,24,-7,22,-16,117,-129,85,-45,123,-35,121,-73,106,-105,200,-259,48,-49,39,-30,43,0,49,-9,65,-33,103,-70,216,-185,24,-2,15,-8,92,-94,70,-35,32,-41,-131,-59,652,-734,1166,-819,448,-444,151,-94,410,-124,158,-90,71,-96,84,-217,26,-43,0,-21,23,-31,12,-4,59,-48,161,-72,221,-153,731,-285,115,44,4,-2,77,-87,28,-4,70,12,47,-17,49,-43,-6,-5,95,-64,60,-66,9,0,-9,-6,25,-33,26,-60,131,-368,51,-103,75,-118,75,-82,2,-3,1,0,10,-2,7,9,12,-5,54,86,57,37,36,-32,34,-51,8,4,7,-7,-10,-5,13,-11,42,-7,45,18,38,4,103,-17,179,-105,55,-13,3,0,77,-5,12,-9,47,-84,13,-11,26,-7,-10,89,12,51,14,10,-90,16,-7,-7,-24,-3,-12,20,-8,-4,14,-30,-9,-1,-13,18,-17,4,-29,7,-36,45,-17,-12,-12,4,-16,-7,-45,15,4,14,-22,-4,-4,8,10,11,-27,12,23,24,-2,8,-37,-2,-5,14,-20,10,4,22,-31,-9,-19,6,1,14,32,1,-46,8,-14,-5,-38,18,-45,4,4,12,22,0,-5,12,-37,-12,25,26,21,0,3,15,-9,8,38,6,8,14,19,1,4,9,-15,1,52,48,21,29,24,52,-5,28,-15,13,5,10,-42,9,0,6,-31,14,-10,-6,1,-17,-9,5,-7,-5,-8,14,-19,-4,-91,-39,-10,10,-43,1,31,-24,-11,-7,-41,22,-10,-2,3,-23,-18,-13,-10,9,-17,-6,-15,-14,4,-20,-59,-4,-3,-7,-64,-32,-6,14,6,11,27,11,-37,10,4,6,-10,5,1,15,-10,14,12,16,-8,6,-14,4,-11,-5,-17,20,-6,-3,-5,-5,18,-43,-18,16,-12,-9,5,13,-12,-5,-9,5,4,7,-23,36,17,7,-15,16,13,0,-10,15,4,17,13,2,-5,15,15,19,9,1,4,14,-20,-6,-13,3,0,-17,-13,-15,-12,3,-1,-6,-20,11,0,6,10,-4,4,7,-11,8,26,19,11,1,-8,17,16,3,-10,10,13,25,21,11,-7,5,3,10,-17,-1,-21,18,-73,26,-2,20,-52,26,7,5,-4,18,29,-17,0,-8,60,-11,52,26,8,20,24,-7,20,-14,30,-2,7,7,-13,8,-21,4,-3,-4,-3,8,-49,6,1,10,22,16,-8,9,6,12,-14,11,-21,-22,-33,-7,-14,3,2,27,-14,-7,-8,-20,-13,4,-8,-4,8,26,-11,0,-11,-25,-34,11,16,4,10,19,-14,-8,9,15,-20,6,0,-17,9,-5,-7,-5,-19,12,14,-2,-3,13,-8,-6,-15,6,10,13,-18,4,10,8,-4,37,9,14,-26,-1,9,29,-53,-4,-9,-30,-9,-2,33,-60,-11,3,-23,-9,-1,13,-17,7,-4,34,-19,21,10,29,-22,4,0,-21,-24,-7,10,42,15,17,9,-1,6,21,18,0,-5,17,-21,-1,-22,20,13,13,-5,5,-13,6,-13,-6,1,-8,12,-4,-24,-8,-5,19,28,24,27,1,5,9,18,2,14,11,4,17,-15,-7,2,14,-7,0,-30,-13,-35,13,-3,-4,11,-5,-17,-12,-55,37,-9,0,-4,-11,31,-50,-6,-17,-17,-5,-6,-30,-16,-5,2,9,-19,13,-20,-3,16,45,-30,36,-25,-8,19,-25,-2,-13,-15,-8,-30,6,6,20,17,3,-2,14,-15,5,-1,3,9328,3594,-148,287,-179,289,-2575,862,-5398,682,-5496,-2464,-1,0,1,9,-20,8,-8,-15,-20,-12,8,32,-19,-4,-30,34,24,11,-16,11,27,29,-3,7,-16,8,-5,16,-58,3,-19,59,-6,-12,-8,8,-4,16,7,10,-8,0,-1,6,14,9,5,-6,-11,-5,10,-4,20,5,32,27,1,-13,21,-22,-4,-8,-15,1,-16,-11,9,-16,11,0,-3,-11,-10,-4,8,-6,24,14,-5,-15,13,-1,7,12,5,-4,-9,-10,19,0,-24,-8,6,-16,33,-12,10,4,23,-14,8,21,-6,20,10,2,7,-10,27,-1,14,14,-28,14,-52,-6,7,26,25,1,9,11,21,-2,16,-11,12,6,18,-6,14,15,-48,2,-40,11,-18,-19,-31,-15,-14,9,-17,-8,17,17,71,20,-9,17,18,9,-21,16,-30,-9,-35,-22,-35,-4,-6,21,-28,31,1,15,-23,9,0,14,21,-6,-11,11,-10,-4,-18,8,-18,-9,-4,10,-37,-3,-3,4,-9,-8,-26,7,4,9,-45,18,-4,11,17,18,26,23,30,10,11,15,-28,5,-31,-21,-2,-9,-27,-8,-28,-17,-30,-35,-19,5,5,-6,-8,-2,18,-6,-1,-6,-18,-23,63,1,17,-13,-12,5,-6,-10,30,-14,18,-5,6,4,-4,11,20,0,23,-4,6,-9,-13,-10,34,-3,0,-8,13,-7,-12,-3,-18,18,12,-25,-22,-19,28,-15,21,-49,-1,-11,-27,-18,-17,17,11,0,11,15,-22,4,-10,-9,-33,8,9,10,-24,-3,-131,110,44,56,-22,2,-6,-12,-45,-13,-17,26,-38,19,7,11,42,-20,20,-2,31,19,-22,7,-18,-19,-52,18,-31,2,18,10,-8,5,10,9,34,11,-1,20,-13,-12,-1,10,-11,-9,-17,-1,-6,-8,14,-10,-9,-8,-24,-9,-13,8,23,15,13,23,-10,19,-31,-2,-20,-14,14,48,-10,1,-9,-18,-8,21,-10,-14,-20,-9,-18,45,15,23,21,7,-3,7,-2,5,20,9,-2,-2,18,8,-5,2,-19,10,11,1,10,13,37,6,-10,20,-24,10,10,28,20,12,16,-1,-3,6,14,9,15,-5,9,7,-4,15,-6,-5,-32,10,-6,-7,20,30,-3,27,-13,5,-34,-22,-20,-41,-27,-5,-3,-6,-18,10,4,-11,-22,11,-42,51,17,37,-15,-5,-14,4,-35,-12,-8,5,-12,-19,-3,-27,15,-45,-88,-27,-21,-16,-15,-1,8,5,-14,8,1,8,51,2,-4,9,-22,-1,-23,12,-25,-2,37,25,-10,15,13,23,-14,-10,-7,-28,-17,-7,-22,25,3,8,-18,-2,-4,4,23,35,36,26,-5,15,-21,-1,-15,-32,-34,-35,-38,37,-24,7,-1,25,-27,23,0,11,-17,8,2,7,-25,4,-20,13,22,4,1,27,16,5,16,18,13,0,9,16,33,14,-85,-20,-56,-25,-39,38,-10,1,-4,14,-11,-2,-19,22,-20,-1,-32,15,-7,17,-35,23,-63,19,-5,-7,-1,37,18,28,50,16,41,-24,8,2,23,-21,18,-2,0,-11,22,-14,19,-3,-2,-8,12,-4,12,5,54,-17,28,17,25,-6,6,9,31,14,38,5,-14,10,14,3,-6,13,-40,-25,-22,8,-11,31,7,23,-36,27,-53,-14,-13,-18,-48,37,2,13,-18,15,-21,6,-23,17,-23,76,-29,8,-5,-4,11,-7,-14,-22,-15,29,-7,-26,-31,-13,-29,-2,-21,-8,-15,6,-26,-11,-7,-21,42,-50,22,-4,9,4,-5,6,17,-2,-10,-48,-42,-30,-29,-7,10,8,-7,12,-23,2,-24,36,-32,20,-20,-1,-1,27,-12,8,3,17,-13,-7,-6,15,-23,18,-12,-6,0,12,-16,1,-1,8,-4,-4,2,10,-53,16,4,12,-19,7,11,8,-4,7,-17,5,-3,7,-22,1,-1,10,-23,2,-7,6,4,7,-9,5,-7,-5,-11,19,-34,3,-9,17,-20,3,-4,16,-7,-8,-33,21,-39,-1,10,4,-9,9,9,16,3,-6,27,22,-10,4,-18,-18,14,28,-39,-10,-40,-26,18,22,-4,7,-16,-5,2,-9,-12,-11,-6,3,2,13,-17,0,10,-11,-31,28,-11,1,0,8,17,10,2,-6,16,-2,43,18,2,7,-13,8,3,14,-17,18,-25,3,-61,-27,-43,0,4,11,-8,7,20,9,-29,0,-15,23,-26,-12,-11,10,3,15,23,25,-9,2,-25,-17,-33,-7,-13,-9,4,11,-8,2,-1,19,-27,12,6,16,-10,10,-12,-1,-3,-7,-16,0,-9,-19,-25,-4,11,11,-33,7,-36,-12,24,-5,-34,0,17,25,-16,-2,-27,10,-25,28,-2,9,18,7,-3,11,-12,-5,-6,12,-24,-12,-16,3,15,61,-16,-19,6,3,1,-6,-9,-38,-21,-12,-21,3,-12,-6,-16,14,1,-8,-12,-6],[393530,439155,38,58,4,-20,-26,-15,-16,-23],[397094,435762,0,13,26,-45,-5,3,-21,29],[399201,434437,15,22,12,-1,-5,-3,-1,-13,-3,5,-18,-10]]]
472231	p	472757
498698	r	44.6133,53.8621,45.7267,54.5179	[[[446133,541900,12,-214,36,-214,59,-212,83,-209,105,-205,129,-201,150,-195,172,-190,192,-182,212,-174,232,-166,249,-157,265,-147,282,-136,296,-125,310,-113,321,-101,332,-89,341,-75,348,-63,355,-48,359,-35,363,-21,364,-7,364,7,363,21,359,35,355,48,348,63,341,75,332,89,321,101,310,113,296,125,282,136,265,147,249,157,232,166,212,174,192,182,172,190,150,195,129,201,105,205,83,209,59,212,36,214,12,214,-12,214,-36,214,-59,212,-83,209,-105,205,-129,201,-150,195,-172,190,-192,182,-212,174,-232,166,-249,157,-265,147,-282,136,-296,125,-310,113,-321,101,-332,89,-341,75,-348,63,-355,48,-359,35,-363,21,-364,7,-364,-7,-363,-21,-359,-35,-355,-48,-348,-63,-341,-75,-332,-89,-321,-101,-310,-113,-296,-125,-282,-136,-265,-147,-249,-157,-232,-166,-212,-174,-192,-182,-172,-190,-150,-195,-129,-201,-105,-205,-83,-209,-59,-212,-36,-214,-12,-214]]]
569223	r	37.2234,58.7805,38.5766,59.4795	[[[372234,591300,14,-229,43,-227,73,-226,100,-223,129,-219,156,-214,182,-208,209,-202,234,-194,258,-186,281,-177,302,-167,324,-156,342,-145,360,-133,376,-121,390,-108,404,-94,414,-81,424,-66,431,-52,437,-37,440,-23,443,-7,443,7,440,23,437,37,431,52,424,66,414,81,404,94,390,108,376,121,360,133,342,145,324,156,302,167,281,177,258,186,234,194,209,202,182,208,156,214,129,219,100,223,73,226,43,227,14,229,-14,229,-43,227,-73,226,-100,223,-129,219,-156,214,-182,208,-209,202,-234,194,-258,186,-281,177,-302,167,-324,156,-342,145,-360,133,-376,121,-390,108,-404,94,-414,81,-424,66,-431,52,-437,37,-440,23,-443,7,-443,-7,-440,-23,-437,-37,-431,-52,-424,-66,-414,-81,-404,-94,-390,-108,-376,-121,-360,-133,-342,-145,-324,-156,-302,-167,-281,-177,-258,-186,-234,-194,-209,-202,-182,-208,-156,-214,-129,-219,-100,-223,-73,-226,-43,-227,-14,-229]]]
472459	r	39.2845,58.9132,40.4755,59.5268	[[[392845,592200,12,-201,39,-199,63,-199,88,-195,114,-192,137,-188,161,-183,183,-177,206,-171,227,-163,247,-155,267,-147,284,-137,302,-127,316,-117,331,-106,344,-95,355,-83,365,-70,373,-59,379,-45,385,-33,387,-20,390,-6,390,6,387,20,385,33,379,45,373,59,365,70,355,83,344,95,331,106,316,117,302,127,284,137,267,147,247,155,227,163,206,171,183,177,161,183,137,188,114,192,88,195,63,199,39,199,12,201,-12,201,-39,199,-63,199,-88,195,-114,192,-137,188,-161,183,-183,177,-206,171,-227,163,-247,155,-267,147,-284,137,-302,127,-316,117,-331,106,-344,95,-355,83,-365,70,-373,59,-379,45,-385,33,-387,20,-390,6,-390,-6,-387,-20,-385,-33,-379,-45,-373,-59,-365,-70,-355,-83,-344,-95,-331,-106,-316,-117,-302,-127,-284,-137,-267,-147,-247,-155,-227,-163,-206,-171,-183,-177,-161,-183,-137,-188,-114,-192,-88,-195,-63,-199,-39,-199,-12,-201]]]
1501321	r	64.6125,55.0346,66.0675,55.8654	[[[646125,554500,15,-272,47,-270,77,-268,108,-265,139,-260,167,-255,197,-247,224,-240,252,-231,277,-221,302,-210,325,-198,348,-186,368,-173,387,-158,404,-144,420,-128,434,-112,445,-96,456,-79,464,-61,469,-45,474,-26,476,-9,476,9,474,26,469,45,464,61,456,79,445,96,434,112,420,128,404,144,387,158,368,173,348,186,325,198,302,210,277,221,252,231,224,240,197,247,167,255,139,260,108,265,77,268,47,270,15,272,-15,272,-47,270,-77,268,-108,265,-139,260,-167,255,-197,247,-224,240,-252,231,-277,221,-302,210,-325,198,-348,186,-368,173,-387,158,-404,144,-420,128,-434,112,-445,96,-456,79,-464,61,-469,45,-474,26,-476,9,-476,-9,-474,-26,-469,-45,-464,-61,-456,-79,-445,-96,-434,-112,-420,-128,-404,-144,-387,-158,-368,-173,-348,-186,-325,-198,-302,-210,-277,-221,-252,-231,-224,-240,-197,-247,-167,-255,-139,-260,-108,-265,-77,-268,-47,-270,-15,-272]]]
473249	r	44.2566,42.7358,45.0834,43.2068	[[[442566,430400,8,-199,27,-198,44,-197,62,-193,78,-191,95,-186,112,-182,128,-175,142,-169,158,-162,172,-154,185,-145,197,-136,209,-127,220,-116,230,-105,238,-93,247,-83,253,-70,212,12,427,-40,378,-90,36,-8,72,-30,204,-5,270,6,270,20,267,32,263,45,259,58,253,70,247,83,238,93,230,105,220,116,209,127,197,136,185,145,172,154,158,162,142,169,128,175,112,182,95,186,78,191,62,193,44,197,27,198,8,199,-8,199,-13,95,-7569,1374,-124,-147,-128,-175,-112,-182,-95,-186,-78,-191,-62,-193,-44,-197,-27,-198,-8,-199]]]
515012	r	35.5359,52.6401,36.6241,53.2999	[[[355359,529700,12,-216,35,-215,58,-213,80,-210,104,-206,125,-202,147,-197,168,-190,188,-184,207,-175,226,-167,244,-158,260,-147,275,-137,289,-126,303,-114,314,-102,324,-89,333,-76,341,-63,347,-49,351,-35,354,-21,356,-7,356,7,354,21,351,35,347,49,341,63,333,76,324,89,314,102,303,114,289,126,275,137,260,147,244,158,226,167,207,175,188,184,168,190,147,197,125,202,104,206,80,210,58,213,35,215,12,216,-12,216,-35,215,-58,213,-80,210,-104,206,-125,202,-147,197,-168,190,-188,184,-207,175,-226,167,-244,158,-260,147,-275,137,-289,126,-303,114,-314,102,-324,89,-333,76,-341,63,-347,49,-351,35,-354,21,-356,7,-356,-7,-354,-21,-351,-35,-347,-49,-341,-63,-333,-76,-324,-89,-314,-102,-303,-114,-289,-126,-275,-137,-260,-147,-244,-158,-226,-167,-207,-175,-188,-184,-168,-190,-147,-197,-125,-202,-104,-206,-80,-210,-58,-213,-35,-215,-12,-216]]]
1490624	r	72.7927,60.8304,74.3075,61.6896	[[[727927,615639,746,-1317,1786,-3156,1543,-2727,467,-53,573,-46,578,-27,580,-9,580,9,578,27,573,46,566,64,556,82,543,99,529,116,513,132,493,149,472,163,449,179,424,192,397,205,368,218,338,228,307,239,274,248,239,256,205,263,169,269,132,274,94,277,57,280,19,281,-19,281,-57,280,-94,277,-132,274,-169,269,-205,263,-239,256,-274,248,-307,239,-338,228,-368,218,-397,205,-424,192,-449,179,-472,163,-493,149,-513,132,-529,116,-543,99,-556,82,-566,64,-573,46,-578,27,-580,9,-580,-9,-578,-27,-573,-46,-566,-64,-556,-82,-543,-99,-529,-116,-513,-132,-493,-149,-472,-163,-449,-179,-421,-191]]]
558418	r	45.3539,42.881,46.1892,43.739	[[[453539,429589,107,-56,326,-149,338,-132,349,-116,358,-99,367,-81,373,-64,379,-46,381,-27,383,-9,383,9,381,27,379,46,373,64,367,81,358,99,349,116,338,132,326,149,311,163,296,178,84,58,1046,5408,-121,144,-224,228,-243,217,-262,205,-280,192,-296,178,-311,163,-326,149,-338,132,-349,116,-358,99,-367,81,-373,64,-379,46,-381,27,-383,9,-383,-9,-381,-27,-379,-46,-373,-64,-367,-81,-358,-99,-349,-116,-338,-132,-108,-50,-118,-2612,-49,-1083,-158,-3482]]]
524305	r	32.1644,68.632,34.1584,69.3392	[[[321645,689700,21,-221,60,-220,99,-218,139,-216,178,-211,216,-207,252,-202,289,-195,323,-188,357,-179,388,-171,418,-162,447,-151,473,-140,498,-129,520,-117,540,-104,557,-91,573,-78,586,-65,596,-50,604,-36,609,-21,612,-8,612,8,609,21,604,36,596,50,586,65,573,78,557,91,540,104,65,15,-1147,1226,482,17,483,29,477,40,469,51,458,62,446,73,432,83,416,93,398,103,379,111,357,121,335,128,311,136,285,144,258,149,231,156,202,160,173,165,142,168,111,172,80,174,48,175,16,176,-16,176,-48,175,-80,174,-111,172,-142,168,-173,165,-202,160,-231,156,-258,149,-285,144,-311,136,-335,128,-357,121,-379,111,-398,103,-416,93,-337,65,-103,-28,-179,-27,105,54,28,28,-392,64,-458,62,-278,30,-23,-2,-280,-81,-210,-155,-73,-111,-14,-74,19,-156,24,28,44,-44,44,-71,25,-50,-20,-30,-97,-75,-20,-31,107,-297,8,-138,-115,-111,-19,-60,-899,-307,-175,-103,-74,-114,-214,-250,-498,-71,-572,-13,-940,-202,-230,-1,-900,-6,-483,-176,-161,-235,-33,-223,-217,-262,-34,5,-1,5,-77,-4,-8,211,52,312,70,191,372,255,481,87,510,27,217,40,510,94,572,44,280,67,757,313,1186,337,323,244,-326,169,-357,-37,-359,-103,-336,-29,-4,211,-342,51,-752,-57,192,124,232,51,475,29,894,205,-281,184,-498,28,-940,-75,-63,-52,-190,-51,-236,-32,-200,-2,261,210,834,59,314,107,285,200,231,114,-176,2,-489,-6,-488,-17,-483,-29,-477,-40,-469,-51,-458,-62,-446,-73,-432,-83,-378,-84,-100,107,-101,-3,-604,-36,-596,-50,-586,-65,-573,-78,-557,-91,-540,-104,-520,-117,-498,-129,-473,-140,-447,-151,-418,-162,-388,-171,-357,-179,-323,-188,-289,-195,-252,-202,-216,-207,-178,-211,-139,-216,-99,-218,-60,-220,-21,-221]]]
484646	r	40.8812,52.3926,42.0099,53.0874	[[[408812,526717,83,-216,108,-218,132,-212,154,-207,175,-201,197,-193,217,-185,237,-176,255,-165,272,-156,289,-144,303,-132,316,-120,329,-108,340,-93,349,-81,357,-66,363,-51,368,-37,371,-22,373,-8,373,8,371,22,368,37,363,51,357,66,349,81,340,93,329,108,316,120,303,132,289,144,272,156,255,165,237,176,217,185,197,193,175,201,154,207,132,212,108,218,85,221,60,225,37,226,12,227,-12,227,-37,226,-60,225,-85,221,-108,218,-132,212,-154,207,-175,201,-197,193,-217,185,-237,176,-255,165,-272,156,-289,144,-303,132,-316,120,-329,108,-340,93,-349,81,-357,66,-363,51,-368,37,-371,22,-373,8,-373,-8,-371,-22,-368,-37,-363,-51,-357,-66,-349,-81,-340,-93,-329,-108,-316,-120,-303,-132,-289,-144,-194,-111,-485,-946,-1,-1,-778,-1514,-1,-1,-371,-722]]]
509820	r	33.5673,61.4074,35.1327,62.1526	[[[335673,617800,17,-244,50,-242,83,-241,117,-237,148,-234,181,-228,211,-222,242,-215,270,-207,298,-198,325,-189,351,-178,373,-166,396,-155,417,-142,435,-129,451,-115,467,-101,479,-85,490,-71,499,-56,505,-39,510,-24,512,-8,512,8,510,24,505,39,499,56,490,71,479,85,467,101,451,115,435,129,417,142,396,155,373,166,351,178,325,189,298,198,270,207,242,215,211,222,181,228,148,234,117,237,83,241,50,242,17,244,-17,244,-50,242,-83,241,-117,237,-148,234,-181,228,-211,222,-242,215,-270,207,-298,198,-325,189,-351,178,-373,166,-396,155,-417,142,-435,129,-451,115,-467,101,-479,85,-490,71,-499,56,-505,39,-510,24,-512,8,-512,-8,-510,-24,-505,-39,-499,-56,-490,-71,-479,-85,-467,-101,-451,-115,-435,-129,-417,-142,-396,-155,-373,-166,-351,-178,-325,-189,-298,-198,-270,-207,-242,-215,-211,-222,-181,-228,-148,-234,-117,-237,-83,-241,-50,-242,-17,-244]]]
484907	r	38.4615,46.9334,39.3117,47.5466	[[[384615,472400,9,-201,29,-199,48,-198,36,-106,118,50,94,20,56,50,186,292,343,190,412,115,1605,178,183,-9,95,9,67,35,124,183,84,69,102,-14,5,-101,-133,-137,-182,-120,-140,-51,-1830,-158,-327,-115,-91,-89,-198,-270,-85,-57,-129,-50,-152,-226,-106,-42,15,-33,70,-128,6,-6,245,-91,274,-42,232,4,0,68,-63,31,-29,28,-20,33,-37,44,724,0,198,22,376,94,363,40,530,124,567,-16,185,16,143,50,116,68,133,61,451,35,61,48,-32,93,35,-5,31,4,35,-8,23,-8,39,34,19,-6,16,4,19,19,5,21,-31,12,-5,16,-39,11,-64,35,-9,30,-39,57,-10,33,-9,3,-5,40,14,79,36,28,-12,24,6,15,8,12,-2,1,39,86,322,41,366,-24,270,115,77,8,252,149,148,47,142,-29,176,-65,189,-36,177,63,295,-110,414,-15,19,-3,824,1093,-133,171,-155,170,-171,163,-186,155,-201,147,-214,137,-227,127,-238,117,-249,106,-259,95,-268,82,-274,71,-281,58,-286,46,-290,33,-292,19,-293,7,-293,-7,-292,-19,-290,-33,-286,-46,-281,-58,-274,-71,-268,-82,-259,-95,-249,-106,-238,-117,-227,-127,-214,-137,-201,-147,-186,-155,-171,-163,-155,-170,-139,-177,-121,-183,-103,-188,-85,-192,-67,-195,-48,-198,-29,-199,-9,-201]],[[388550,469358,257,-17,293,-7,293,7,292,19,124,14,581,772,-27,-9,-449,-357,-341,-215,-200,-90,-177,-37,-385,25,-154,-34,-107,-71]]]
543878	r	40.3288,57.4269,41.5691,58.1131	[[[403288,578859,1340,-3497,153,-88,305,-154,324,-142,339,-131,356,-119,368,-106,381,-92,392,-79,400,-66,407,-51,413,-36,416,-22,418,-7,418,7,416,22,413,36,407,51,400,66,392,79,381,92,368,106,356,119,339,131,324,142,305,154,286,163,265,174,244,183,221,190,197,198,172,205,148,210,121,215,95,219,68,221,41,224,14,224,-14,224,-41,224,-68,221,-95,219,-121,215,-148,210,-172,205,-197,198,-221,190,-244,183,-265,174,-286,163,-305,154,-324,142,-339,131,-356,119,-368,106,-381,92,-392,79,-400,66,-407,51,-413,36,-416,22,-418,7,-418,-7,-416,-22,-413,-36,-407,-51,-400,-66,-392,-79,-381,-92,-368,-106,-356,-119,-339,-131,-324,-142,-305,-154,-286,-163,-265,-174,-244,-183,-221,-190,-197,-198,-172,-205,-108,-154]]]
2021851	r	136.3803,50.1471,137.6397,50.9529	[[[1363803,505500,13,-263,40,-263,68,-260,93,-257,120,-252,145,-247,170,-240,194,-232,218,-224,240,-214,261,-204,282,-193,301,-180,318,-167,335,-154,350,-139,364,-124,375,-109,386,-93,394,-76,401,-60,407,-43,410,-26,412,-9,412,9,410,26,407,43,401,60,394,76,386,93,375,109,364,124,350,139,335,154,318,167,301,180,282,193,261,204,240,214,218,224,194,232,170,240,145,247,120,252,93,257,68,260,40,263,13,263,-13,263,-40,263,-68,260,-93,257,-120,252,-145,247,-170,240,-194,232,-218,224,-240,214,-261,204,-282,193,-301,180,-318,167,-335,154,-350,139,-364,124,-375,109,-386,93,-394,76,-401,60,-407,43,-410,26,-412,9,-412,-9,-410,-26,-407,-43,-401,-60,-394,-76,-386,-93,-375,-109,-364,-124,-350,-139,-335,-154,-318,-167,-301,-180,-282,-193,-261,-204,-240,-214,-218,-224,-194,-232,-170,-240,-145,-247,-120,-252,-93,-257,-68,-260,-40,-263,-13,-263]]]
466806	r	47.2578,56.2944,48.5222,56.99	[[[472578,566400,14,-229,41,-228,67,-226,94,-223,120,-219,146,-214,86,-106,1308,-566,5419,-1445,260,23,403,52,396,67,387,81,377,94,365,108,351,121,336,133,320,146,302,156,283,167,262,177,241,187,219,194,195,202,170,209,146,214,120,219,94,223,67,226,41,228,14,229,-14,229,-41,228,-67,226,-94,223,-120,219,-146,214,-170,209,-195,202,-219,194,-241,187,-262,177,-283,167,-302,156,-320,146,-336,133,-351,121,-365,108,-377,94,-387,81,-396,67,-403,52,-408,37,-412,22,-413,8,-413,-8,-412,-22,-408,-37,-403,-52,-396,-67,-387,-81,-377,-94,-365,-108,-351,-121,-336,-133,-320,-146,-302,-156,-283,-167,-262,-177,-241,-187,-219,-194,-195,-202,-170,-209,-146,-214,-120,-219,-94,-223,-67,-226,-41,-228,-14,-229]]]
487495	r	55.4053,53.516,56.4947,53.9651	[[[554053,536400,12,-213,35,-211,58,-210,81,-207,99,-196,3835,-203,6767,1105,7,135,-12,213,-35,211,-58,210,-81,207,-103,204,-126,199,-147,194,-168,188,-188,180,-208,173,-226,165,-243,155,-261,145,-275,135,-290,124,-302,113,-315,100,-325,88,-333,75,-341,61,-347,49,-352,34,-355,21,-356,7,-356,-7,-355,-21,-352,-34,-347,-49,-341,-61,-333,-75,-325,-88,-315,-100,-302,-113,-290,-124,-275,-135,-261,-145,-243,-155,-226,-165,-208,-173,-188,-180,-168,-188,-147,-194,-126,-199,-103,-204,-81,-207,-58,-210,-35,-211,-12,-213]]]
2051523	r	100.73,55.6363,102.4899,56.6237	[[[1007301,561300,18,-323,57,-321,94,-319,130,-315,168,-309,202,-302,238,-295,271,-285,305,-274,335,-263,365,-249,394,-236,420,-221,445,-205,468,-188,489,-171,508,-152,525,-133,539,-114,551,-94,560,-73,568,-53,573,-32,576,-10,576,10,573,32,568,53,560,73,551,94,539,114,525,133,508,152,489,171,468,188,445,205,420,221,394,236,365,249,335,263,305,274,271,285,238,295,202,302,168,309,130,315,94,319,57,321,18,323,-18,323,-57,321,-94,319,-130,315,-168,309,-202,302,-238,295,-271,285,-305,274,-335,263,-365,249,-394,236,-420,221,-445,205,-468,188,-489,171,-508,152,-525,133,-539,114,-551,94,-560,73,-568,53,-573,32,-576,10,-576,-10,-573,-32,-568,-53,-560,-73,-551,-94,-539,-114,-525,-133,-508,-152,-489,-171,-468,-188,-445,-205,-420,-221,-394,-236,-365,-249,-335,-263,-305,-274,-271,-285,-238,-295,-202,-302,-168,-309,-130,-315,-94,-319,-57,-321,-18,-323]]]
514734	r	57.9516,50.7884,59.2249,51.6933	[[[579516,512000,17,-222,52,-219,85,-215,119,-209,150,-201,41,-43,37,7,756,81,68,-13,47,-47,9,-63,-1,-60,14,-35,227,-109,269,-85,270,-15,230,103,118,179,91,215,123,182,215,76,228,39,403,154,150,-81,302,-199,124,-131,33,-138,15,-132,72,-112,200,-70,757,-11,468,-7,430,-126,315,-259,77,-422,-63,-187,-111,-147,-145,-118,-164,-106,-79,-135,1,-1,218,-452,30,-31,191,-24,505,23,102,-101,-73,-386,28,-134,177,-114,254,-15,297,51,210,12,307,73,438,125,424,143,409,160,391,176,371,193,351,207,329,221,305,235,280,246,254,257,227,268,198,276,170,284,139,290,110,295,78,299,47,302,16,303,-16,303,-47,302,-78,299,-110,295,-139,290,-170,284,-198,276,-227,268,-254,257,-280,246,-305,235,-329,221,-351,207,-371,193,-391,176,-409,160,-424,143,-438,125,-450,107,-460,88,-468,69,-475,49,-478,30,-481,10,-481,-10,-478,-30,-475,-49,-468,-69,-460,-88,-450,-107,-202,-57,1095,-2266,-232,-7,-348,-32,-341,-54,-332,-75,-318,-95,-301,-114,-283,-132,-260,-149,-237,-165,-209,-178,-181,-190,-150,-201,-119,-209,-85,-215,-52,-219,-17,-222]]]
485239	r	50.0377,61.2781,51.6192,62.0953	[[[500377,615825,104,-213,152,-240,184,-233,216,-228,247,-221,276,-212,304,-203,332,-193,358,-182,381,-171,404,-159,425,-145,445,-132,461,-118,476,-103,489,-88,501,-73,509,-57,516,-40,520,-25,523,-8,523,8,520,25,516,40,509,57,501,73,489,88,476,103,461,118,445,132,425,145,404,159,381,171,358,182,332,193,304,203,276,212,247,221,216,228,184,233,152,240,118,243,86,247,51,248,17,250,-17,250,-51,248,-86,247,-118,243,-152,240,-184,233,-216,228,-247,221,-276,212,-110,73,-1491,-308,-59,170,-89,182,-114,178,-138,175,-162,170,-185,165,-207,158,-229,152,-249,144,-269,137,-286,127,-304,119,-319,109,-333,98,-346,88,-358,77,-367,66,-376,54,-383,43,-387,30,-391,18,-392,6,-392,-6,-391,-18,-387,-30,-383,-43,-376,-54,-367,-66,-358,-77,-346,-88,-333,-98,-319,-109,-304,-119,-286,-127,-269,-137,-249,-144,-229,-152,-207,-158,-185,-165,-162,-170,-138,-175,-114,-178,-89,-182,-64,-185,-39,-185,-13,-187,13,-187,39,-185,64,-185,89,-182,114,-178,138,-175,162,-170,185,-165,207,-158,229,-152,116,-67,-2279,-471]]]
1497543	r	75.5906,60.4607,77.5094,61.3993	[[[755906,609300,20,-307,62,-306,102,-303,143,-299,182,-294,221,-287,259,-280,296,-271,332,-260,365,-250,399,-238,429,-224,458,-210,485,-194,511,-179,533,-163,554,-144,571,-127,588,-108,601,-89,611,-70,620,-50,625,-30,627,-10,627,10,625,30,620,50,611,70,601,89,588,108,571,127,554,144,533,163,511,179,485,194,458,210,429,224,399,238,365,250,332,260,296,271,259,280,221,287,182,294,143,299,102,303,62,306,20,307,-20,307,-62,306,-102,303,-143,299,-182,294,-221,287,-259,280,-296,271,-332,260,-365,250,-399,238,-429,224,-458,210,-485,194,-511,179,-533,163,-554,144,-571,127,-588,108,-601,89,-611,70,-620,50,-625,30,-627,10,-627,-10,-625,-30,-620,-50,-611,-70,-601,-89,-588,-108,-571,-127,-554,-144,-533,-163,-511,-179,-485,-194,-458,-210,-429,-224,-399,-238,-365,-250,-332,-260,-296,-271,-259,-280,-221,-287,-182,-294,-143,-299,-102,-303,-62,-306,-20,-307]]]
2027667	r	103.3553,52.2274,104.484,52.867	[[[1033553,524494,21,-42,135,-219,157,-213,180,-206,202,-198,222,-190,243,-181,261,-171,278,-159,295,-149,311,-136,324,-123,337,-110,348,-97,113,-26,7860,3961,-16,62,-87,227,-111,224,-135,219,-157,213,-180,206,-202,198,-222,190,-243,181,-261,171,-278,159,-295,149,-311,136,-264,100,-8525,-4176]]]
529237	p	524901
518255	r	37.432,44.6323,38.0585,44.9174	[[[374320,447186,45,-18,149,-128,125,-141,144,-127,204,-88,103,69,127,-30,141,-66,335,-93,79,-11,65,21,174,110,307,6,279,-72,506,-200,262,-61,328,-33,308,28,201,127,22,203,-136,182,-183,195,-12,24,-2,11,-4,0,-29,58,6,10,-6,1,-1,18,-20,13,-4,9,18,12,5,-4,-9,9,17,6,-37,-12,-21,41,5,5,-9,5,-11,21,1,1,25,-14,-24,19,3,2,204,-68,441,-217,144,-32,4,-9,28,-21,32,-11,13,-20,12,28,74,-50,399,-346,1438,1024,-4038,1602,-2227,-1988],[378634,446952,5,13,6,-1,9,-6,-20,-6]]]
550280	p	524901
523523	r	43.1983,43.192,44.0417,43.7983	[[[431983,435000,9,-201,27,-201,45,-199,63,-196,80,-193,97,-189,114,-183,130,-178,146,-171,161,-164,175,-156,188,-147,202,-137,213,-128,224,-118,235,-106,243,-95,251,-83,259,-71,264,-59,268,-45,273,-33,274,-20,276,-7,276,7,274,20,273,33,268,45,264,59,259,71,251,83,243,95,235,106,224,118,213,128,202,137,188,147,175,156,161,164,146,171,130,178,114,183,97,189,80,193,63,196,45,199,27,201,9,201,-6,125,-4022,2187,-1234,671,-46,-8,-264,-59,-259,-71,-251,-83,-243,-95,-235,-106,-224,-118,-213,-128,-202,-137,-188,-147,-175,-156,-161,-164,-146,-171,-130,-178,-114,-183,-97,-189,-80,-193,-63,-196,-45,-199,-27,-201,-9,-201]]]
2013159	r	128.4603,61.4352,130.9797,62.6248	[[[1284603,620300,27,-389,81,-387,134,-384,187,-380,239,-372,291,-364,340,-355,389,-343,435,-331,480,-316,523,-301,564,-284,601,-266,637,-247,670,-227,700,-205,727,-184,751,-160,772,-138,789,-113,802,-88,814,-63,820,-38,824,-13,824,13,820,38,814,63,802,88,789,113,772,138,751,160,727,184,700,205,670,227,637,247,601,266,564,284,523,301,480,316,435,331,389,343,340,355,291,364,239,372,187,380,134,384,81,387,27,389,-27,389,-81,387,-134,384,-187,380,-239,372,-291,364,-340,355,-389,343,-435,331,-480,316,-523,301,-564,284,-601,266,-637,247,-670,227,-700,205,-727,184,-751,160,-772,138,-789,113,-802,88,-814,63,-820,38,-824,13,-824,-13,-820,-38,-814,-63,-802,-88,-789,-113,-772,-138,-751,-160,-727,-184,-700,-205,-670,-227,-637,-247,-601,-266,-564,-284,-523,-301,-480,-316,-435,-331,-389,-343,-340,-355,-291,-364,-239,-372,-187,-380,-134,-384,-81,-387,-27,-389]]]
521118	r	51.1749,55.2791,52.2695,56.0409	[[[511749,556400,13,-236,41,-235,68,-233,83,-204,488,-729,158,-167,219,-201,242,-192,264,-183,284,-172,303,-161,322,-150,337,-138,353,-124,367,-112,378,-97,389,-83,398,-69,405,-54,410,-38,414,-23,415,-8,415,8,414,23,410,38,405,54,398,69,389,83,378,97,367,112,353,124,337,138,322,150,303,161,7,5,-647,1362,217,1420,-15,2,-36,15,-45,38,-33,6,-29,30,7,41,-117,21,-49,16,-15,45,378,90,481,3149,-102,31,-295,76,-304,65,-311,53,-316,42,-320,30,-323,18,-324,6,-324,-6,-323,-18,-320,-30,-316,-42,-311,-53,-304,-65,-295,-76,-286,-86,-276,-97,-264,-108,-250,-116,-237,-126,-222,-134,-206,-142,-189,-149,-124,-114,-883,583,-346,-105,-353,-124,-337,-138,-322,-150,-303,-161,-284,-172,-264,-183,-242,-192,-219,-201,-196,-208,-172,-215,-146,-221,-121,-226,-94,-230,-68,-233,-41,-235,-13,-236]]]
563708	r	42.7403,55.8974,43.8008,56.4988	[[[427403,563485,9811,-4511,794,2280,-354,744,-60,55,-23,6,-56,72,-20,4,-73,50,-47,14,-92,-9,-76,8,121,77,44,7,58,-3,44,-13,7,-13,14,2,42,-20,10,-12,-107,226,7,5,-5,27,-7,19,-21,4,-14,30,-1,12,-5,0,-38,82,242,13,-123,-6,-1,4,123,7,-1,7,-176,-11,1,22,38,49,82,52,182,14,-49,110,2,20,-26,33,-9,25,-3,4,-12,-3,-21,8,-47,-30,-2,9,-13,-3,8,-31,-43,-28,-58,-16,-21,19,-12,-2,7,-52,-74,-6,-13,37,-58,-67,-8,0,-42,88,32,-6,27,31,76,44,-25,28,97,15,-1,12,10,-8,89,35,73,4,4,-7,-2,4,-8,19,-48,0,-119,-38,-9,21,-28,15,0,3,-2,1,2,18,97,3,0,6,-353,-13,-94,197,-8265,1710,-120,-82,-280,-219,-254,-229,-227,-237,-199,-246,-170,-252,-129,-238],[437302,562740,159,15,2,-6,-43,-27,-46,-46,9,-4,-13,-33,-19,-1,-49,102]]]
487928	r	37.0033,50.9483,38.3431,51.6316	[[[370033,512800,11,-217,34,-216,56,-214,78,-212,100,-207,122,-203,142,-198,162,-192,182,-184,201,-176,219,-168,235,-159,252,-148,266,-138,281,-126,292,-115,304,-102,314,-90,323,-76,330,-63,335,-49,340,-36,343,-21,345,-7,345,7,343,21,340,36,335,49,330,63,323,76,150,43,5,-30,1,0,340,-35,343,-22,345,-7,345,7,343,22,340,35,335,49,136,26,3432,4339,-65,107,-142,198,-162,191,-182,184,-201,177,-219,167,-235,159,-252,148,-266,138,-281,126,-292,115,-304,102,-314,89,-323,77,-330,63,-335,49,-340,35,-343,22,-345,7,-345,-7,-343,-22,-340,-35,-335,-49,-330,-63,-323,-77,-150,-42,-6,32,-340,36,-343,21,-345,7,-345,-7,-343,-21,-340,-36,-335,-49,-330,-63,-323,-76,-314,-90,-304,-102,-292,-115,-281,-126,-266,-138,-252,-148,-235,-159,-219,-168,-201,-176,-182,-184,-162,-192,-142,-198,-122,-203,-100,-207,-78,-212,-56,-214,-34,-216,-11,-217]]]
2026609	r	127.2823,49.8284,128.2319,50.7316	[[[1272823,506948,15,-65,33,-63,19,-68,59,-88,322,-291,169,-95,147,-228,84,-272,-23,-231,-79,-101,-232,-196,-101,-112,-133,-254,-77,-108,-136,-116,157,-146,445,-252,93,-111,11,-222,-9,-116,-39,-78,-91,-91,-82,-117,-57,-125,-11,-120,239,-296,502,-226,1736,-554,122,-119,-8,-223,-31,-192,-61,-181,-104,-189,-636,-667,-199,-379,77,-524,272,-320,124,-187,-18,-148,-113,-159,-93,-227,-49,-248,10,-154,223,-5,459,10,457,29,453,48,448,67,439,86,430,104,418,122,405,139,390,156,374,172,355,188,335,202,314,216,291,228,268,240,242,251,217,261,189,269,162,276,134,283,104,288,75,292,45,294,15,295,-15,295,-45,294,-75,292,-104,288,-134,283,-162,276,-189,269,-217,261,-242,251,-268,240,-172,135,-1963,1053,-329,113,-418,122,-430,104,-439,86,-448,67,-453,48,-457,29,-459,10,-459,-10,-457,-29,-453,-48,-448,-67,-439,-86,-181,-44,-5,-7,-35,-77]]]
519336	r	30.5642,58.1489,31.9758,58.8911	[[[305642,585200,15,-243,45,-241,76,-240,105,-236,134,-233,162,-227,191,-221,218,-214,244,-207,269,-197,293,-188,315,-177,337,-166,357,-154,376,-141,392,-129,407,-114,421,-100,432,-86,442,-70,450,-55,456,-40,459,-24,462,-8,462,8,459,24,456,40,450,55,442,70,432,86,421,100,407,114,392,129,376,141,357,154,337,166,315,177,293,188,269,197,244,207,218,214,191,221,162,227,134,233,105,236,76,240,45,241,15,243,-15,243,-45,241,-76,240,-105,236,-134,233,-162,227,-191,221,-218,214,-244,207,-269,197,-293,188,-315,177,-337,166,-357,154,-376,141,-392,129,-407,114,-421,100,-432,86,-442,70,-450,55,-456,40,-459,24,-462,8,-462,-8,-459,-24,-456,-40,-450,-55,-442,-70,-432,-86,-421,-100,-407,-114,-392,-129,-376,-141,-357,-154,-337,-166,-315,-177,-293,-188,-269,-197,-244,-207,-218,-214,-191,-221,-162,-227,-134,-233,-105,-236,-76,-240,-45,-241,-15,-243]]]
496015	r	39.3996,47.4988,40.7455,48.014	[[[393996,477600,12,-235,34,-234,56,-231,79,-229,101,-225,122,-220,143,-214,164,-207,183,-199,202,-191,115,-94,708,-100,25,4,4213,684,6161,-921,55,45,200,190,182,197,162,206,142,212,121,218,100,223,78,227,56,229,34,232,11,233,-11,233,-34,232,-56,229,-78,227,-100,223,-121,218,-142,212,-162,206,-182,197,-200,190,-218,180,-235,170,-251,159,-266,148,-232,112,-160,4,-3597,-1090,-3629,0,40,-121,8,-63,-73,-286,-165,-251,-253,-169,-330,-45,-1002,180,-306,14,-606,-81,-295,33,-228,52,-431,-81,-59,-2,-39,-161,-34,-234,-12,-235]]]
1494114	r	86.0774,53.5172,87.1805,54.2161	[[[860774,537916,50,-100,155,-244,182,-238,208,-231,233,-221,256,-213,280,-202,301,-191,322,-178,340,-166,358,-152,374,-138,389,-123,401,-108,413,-92,421,-76,429,-59,122,-12,5797,5596,-1478,-382,-72,170,-126,209,-160,201,-193,190,-223,178,-252,165,-278,149,-301,132,-321,114,-339,95,-353,75,-364,54,-371,32,-374,11,-374,-11,-371,-32,-364,-54,-353,-75,-339,-95,-321,-114,-301,-132,-278,-149,-252,-165,-223,-178,-193,-190,-160,-201,-126,-209,-91,-215,-55,-219,-19,-222,19,-222,55,-219,91,-215,126,-209,160,-201,193,-190,40,-32,-2690,-696]]]
500004	r	38.1994,57.7087,39.4806,58.3913	[[[381994,580500,13,-223,41,-222,69,-221,95,-217,122,-214,147,-209,173,-204,198,-197,221,-189,245,-182,265,-172,287,-163,306,-153,324,-142,341,-130,356,-118,370,-105,381,-92,393,-79,401,-65,408,-51,414,-36,417,-22,419,-7,419,7,417,22,414,36,408,51,401,65,393,79,381,92,370,105,356,118,341,130,324,142,306,153,287,163,265,172,245,182,221,189,198,197,173,204,147,209,122,214,95,217,69,221,41,222,13,223,-13,223,-41,222,-69,221,-95,217,-122,214,-147,209,-173,204,-198,197,-221,189,-245,182,-265,172,-287,163,-306,153,-324,142,-341,130,-356,118,-370,105,-381,92,-393,79,-401,65,-408,51,-414,36,-417,22,-419,7,-419,-7,-417,-22,-414,-36,-408,-51,-401,-65,-393,-79,-381,-92,-370,-105,-356,-118,-341,-130,-324,-142,-306,-153,-287,-163,-265,-172,-245,-182,-221,-189,-198,-197,-173,-204,-147,-209,-122,-214,-95,-217,-69,-221,-41,-222,-13,-223]]]
470451	p	524901
463829	p	524901
1510018	n	84.8308,52.3039,85.5692,52.7561	[[[848308,525300,18,-222,53,-219,88,-215,122,-209,155,-201,187,-190,215,-178,244,-165,268,-149,291,-132,311,-114,327,-95,341,-75,352,-54,358,-32,362,-11,362,11,358,32,352,54,341,75,327,95,311,114,291,132,268,149,244,165,215,178,187,190,155,201,122,209,88,215,53,219,18,222,-18,222,-53,219,-88,215,-122,209,-155,201,-187,190,-215,178,-244,165,-268,149,-291,132,-311,114,-327,95,-341,75,-352,54,-358,32,-362,11,-362,-11,-358,-32,-352,-54,-341,-75,-327,-95,-311,-114,-291,-132,-268,-149,-244,-165,-215,-178,-187,-190,-155,-201,-122,-209,-88,-215,-53,-219,-18,-222]]]
8504960	p	498817
504341	r	27.7416,57.5045,28.9184,58.1355	[[[277416,578200,13,-206,37,-206,63,-203,88,-202,111,-197,136,-193,159,-188,181,-182,204,-176,224,-168,244,-159,263,-151,281,-141,298,-131,313,-120,327,-109,340,-98,350,-85,361,-72,368,-60,375,-47,380,-34,383,-20,385,-7,385,7,383,20,380,34,375,47,368,60,361,72,350,85,340,98,327,109,313,120,298,131,281,141,263,151,244,159,224,168,204,176,181,182,159,188,136,193,111,197,88,202,63,203,37,206,13,206,-13,206,-37,206,-63,203,-88,202,-111,197,-136,193,-159,188,-181,182,-204,176,-224,168,-244,159,-263,151,-281,141,-298,131,-313,120,-327,109,-340,98,-350,85,-361,72,-368,60,-375,47,-380,34,-383,20,-385,7,-385,-7,-383,-20,-380,-34,-375,-47,-368,-60,-361,-72,-350,-85,-340,-98,-327,-109,-313,-120,-298,-131,-281,-141,-263,-151,-244,-159,-224,-168,-204,-176,-181,-182,-159,-188,-136,-193,-111,-197,-33,-75,160,-35,164,-98,85,-198,-125,-135,-233,-89,-210,-47,-9,-140]]]
8504949	p	498817
496348	p	524901
579492	r	47.57,51.7134,48.3112,52.3466	[[[475701,517473,38,-12,305,-86,313,-73,320,-60,326,-47,330,-34,333,-20,334,-7,334,7,333,20,330,34,326,47,320,60,313,73,305,86,295,97,284,110,271,120,259,132,244,141,229,152,212,160,195,168,176,176,158,183,138,188,118,194,97,199,76,201,54,205,33,206,11,207,-11,207,-33,206,-54,205,-76,201,-97,199,-118,194,-138,188,-158,183,-176,176,-195,168,-212,160,-229,152,-244,141,-259,132,-271,120,-284,110,-295,97,-305,86,-313,73,-320,60,-326,47,-330,34,-333,20,-334,7,-334,-7,-333,-20,-330,-34,-326,-47,-320,-60,-258,-60,-398,-5765]]]
580922	r	40.7119,44.7172,41.5281,45.2905	[[[407119,450000,9,-190,26,-189,44,-188,60,-185,78,-182,94,-178,6,-10,4688,-1706,132,22,256,55,250,67,243,79,235,89,227,101,217,110,207,121,195,130,182,139,169,146,156,155,141,161,126,168,110,173,94,178,78,182,60,185,44,188,26,189,9,190,-9,190,-26,189,-44,188,-60,185,-78,182,-94,178,-110,173,-126,168,-141,161,-156,155,-169,146,-182,139,-195,130,-207,121,-217,110,-227,101,-235,89,-243,79,-250,67,-256,55,-260,43,-263,31,-266,19,-267,6,-267,-6,-266,-19,-263,-31,-260,-43,-256,-55,-250,-67,-243,-79,-37,-14,-518,-223,-124,-63,-207,-121,-195,-130,-182,-139,-169,-146,-156,-155,-141,-161,-126,-168,-110,-173,-94,-178,-78,-182,-60,-185,-44,-188,-26,-189,-9,-190]]]
2119441	r	142.2099,46.593,143.2388,47.3144	[[[1422099,469500,11,-238,34,-238,56,-235,79,-232,101,-228,122,-223,143,-217,164,-211,183,-202,202,-194,220,-184,237,-174,253,-163,269,-152,282,-138,213,-92,623,459,893,348,342,62,310,0,73,31,96,142,104,31,137,-44,57,-114,48,-320,198,-591,173,-285,244,-154,312,-14,780,123,280,96,58,-24,33,9,316,98,306,113,294,126,282,138,269,152,253,163,237,174,220,184,18,18,-27,90,-222,345,-20,65,-131,36,-163,88,-146,110,-77,101,62,251,279,33,333,-23,222,87,7,144,-103,96,-124,15,-130,-184,-156,20,-163,85,-88,97,219,-7,4,122,-91,193,-57,207,-31,205,-326,719,-370,512,-12,125,102,449,15,211,-174,625,-24,236,-68,183,-113,119,-306,113,-316,98,-325,84,-332,69,-338,55,-342,38,-345,24,-347,8,-347,-8,-345,-24,-342,-38,-338,-55,-332,-69,-325,-84,-316,-98,-306,-113,-294,-126,-282,-138,-269,-152,-253,-163,-237,-174,-220,-184,-202,-194,-183,-202,-164,-211,-143,-217,-122,-223,-101,-228,-79,-232,-56,-235,-34,-238,-11,-238]],[[1431730,468135,65,-205,142,-130,112,-19,24,2,82,106,143,217,90,165,-186,85,-231,52,-194,-83,-47,-190]]]
563464	p	498677
496285	r	39.0722,64.2323,40.1992,64.7834	[[[390722,645600,17,-214,48,-214,81,-211,113,-209,144,-205,174,-201,205,-195,234,-190,262,-182,288,-174,315,-166,339,-156,362,-147,383,-136,403,-125,421,-113,438,-101,451,-89,464,-75,475,-62,483,-49,489,-35,493,-21,496,-7,496,7,493,21,489,35,483,49,475,62,464,75,451,89,134,31,116,2887,-84,8,-285,140,-426,284,-478,208,-1735,480,-389,61,-291,-41,-114,-126,-14,-35,-9,-8,-2,-18,-43,-104,-37,-47,1,-38,1,0,-78,-192,-54,-182,50,10,-150,-104,-24,-55,-72,-6,-200,-52,64,-70,-26,-8,-80,-34,-13,1,-58,-45,5,-8,37,5,-43,-14,19,-2,14,-18,16,16,12,-1,-9,-17,-18,-5,-11,1,-11,8,-6,-13,4,-2,-3,-1,-1696,-102,-1223,363,-600,253,-425,156,-109,172,-277,65,-544,-9,-1065,169,-249,87,-48,-56,-144,-205,-113,-209,-81,-211,-48,-214,-17,-214],[398513,646032,27,34,44,19,165,-7,104,22,10,44,31,10,35,-2,42,-13,47,4,21,9,29,-2,10,-19,54,6,104,-107,-232,5,-394,-64,-13,6,-43,-2,-38,-19,-3,0,23,36,-23,40]],[[398242,646798,161,18,142,19,168,5,489,-168,181,-44,835,-41,329,-62,149,-45,414,-176,199,-164,161,-223,438,-161,53,1310,-76,16,-379,12,-699,-95,-375,10,-264,94,-163,77,-163,12,-787,-88,-502,-112,-226,-94,-85,-100]],[[399437,647280,368,14,215,80,-154,61,-369,-16,-60,-139]],[[400348,647606,407,-36,697,-227,303,-62,212,-66,25,619,-885,-22,-606,-119,-153,-87]]]
462444	r	59.0797,54.8363,60.0997,55.5037	[[[590797,551700,12,-218,37,-218,62,-215,86,-213,111,-209,133,-204,157,-199,179,-192,201,-186,221,-177,241,-169,259,-160,278,-149,293,-138,309,-128,322,-115,335,-103,346,-90,356,-77,363,-63,370,-50,375,-35,377,-22,380,-7,135,3,4262,5510,-34,24,-259,160,-278,149,-293,138,-309,128,-322,115,-335,103,-346,90,-356,77,-363,63,-370,50,-375,35,-377,22,-380,7,-380,-7,-377,-22,-375,-35,-370,-50,-363,-63,-356,-77,-346,-90,-335,-103,-322,-115,-309,-128,-293,-138,-278,-149,-259,-160,-241,-169,-221,-177,-201,-186,-179,-192,-157,-199,-133,-204,-111,-209,-86,-213,-62,-215,-37,-218,-12,-218]]]
484972	r	47.7878,52.7482,49.1057,53.5718	[[[477878,531600,14,-269,44,-269,73,-265,101,-263,130,-258,157,-252,184,-245,211,-238,235,-229,261,-219,283,-208,305,-197,326,-184,345,-171,363,-157,379,-143,394,-127,406,-111,418,-95,427,-78,435,-61,441,-44,444,-26,446,-9,446,9,444,26,441,44,435,61,427,78,418,95,406,111,394,127,379,143,363,157,345,171,326,184,305,197,283,208,172,145,773,1834,-1148,1715,-3393,2782,-50,9,-435,61,-441,44,-444,26,-446,9,-446,-9,-444,-26,-441,-44,-435,-61,-427,-78,-418,-95,-406,-111,-394,-127,-379,-143,-363,-157,-345,-171,-326,-184,-305,-197,-283,-208,-261,-219,-235,-229,-211,-238,-184,-245,-157,-252,-130,-258,-101,-263,-73,-265,-44,-269,-14,-269]]]
1512236	r	90.8775,53.3659,92.21,54.0561	[[[908775,535897,33,-52,161,-211,183,-205,205,-196,227,-189,247,-179,266,-169,284,-159,300,-147,316,-135,331,-122,343,-109,354,-96,364,-81,372,-68,379,-52,384,-38,387,-23,389,-7,389,7,303,18,121,583,74,-20,306,-69,313,-57,319,-44,322,-32,326,-19,327,-6,327,6,326,19,322,32,319,44,313,57,306,69,298,80,289,92,278,103,266,114,253,123,239,134,223,142,208,151,190,158,173,166,154,172,135,178,116,182,95,187,74,190,53,192,32,194,11,195,-11,195,-32,194,-53,192,-74,190,-95,187,-116,182,-135,178,-154,172,-173,166,-190,158,-208,151,-223,142,-239,134,-253,123,-266,114,-278,103,-289,92,-298,80,-306,69,-313,57,-319,44,-322,32,-326,19,-134,2,-717,-760,-120,150,-192,190,-223,178,-250,165,-277,149,-300,132,-320,114,-338,95,-351,75,-363,54,-369,32,-373,11,-373,-11,-369,-32,-363,-54,-351,-75,-338,-95,-320,-114,-300,-132,-277,-149,-250,-165,-223,-178,-192,-190,-160,-201,-125,-209,-91,-215,-55,-219,-18,-222,18,-222,55,-219,91,-215,125,-209,160,-201,192,-190,223,-178,250,-165,207,-111,-1841,-693]]]
1504826	n	61.5241,56.1839,62.3359,56.6361	[[[615241,564100,19,-222,59,-219,97,-215,134,-209,170,-201,205,-190,237,-178,268,-165,295,-149,320,-132,341,-114,361,-95,375,-75,386,-54,394,-32,398,-11,398,11,394,32,386,54,375,75,361,95,341,114,320,132,295,149,268,165,237,178,205,190,170,201,134,209,97,215,59,219,19,222,-19,222,-59,219,-97,215,-134,209,-170,201,-205,190,-237,178,-268,165,-295,149,-320,132,-341,114,-361,95,-375,75,-386,54,-394,32,-398,11,-398,-11,-394,-32,-386,-54,-375,-75,-361,-95,-341,-114,-320,-132,-295,-149,-268,-165,-237,-178,-205,-190,-170,-201,-134,-209,-97,-215,-59,-219,-19,-222]]]
2122104	r	157.8991,52.6236,159.3381,53.5022	[[[1578991,530600,16,-289,47,-288,78,-286,108,-282,139,-276,169,-271,197,-264,225,-255,253,-246,279,-235,303,-224,327,-211,349,-198,370,-183,388,-169,407,-153,421,-136,436,-120,448,-102,375,-68,-18,22,-60,108,-36,117,62,-68,385,-164,232,-98,255,-25,90,14,213,65,198,159,112,201,-46,196,164,2,101,52,38,90,-22,123,-84,95,-202,105,5,72,-251,-2,-306,55,-205,124,47,203,134,51,400,38,120,78,-15,78,-190,338,195,-50,137,-76,142,-14,209,140,118,115,36,81,-58,85,-164,128,112,30,103,42,98,60,96,80,-141,176,-104,103,-144,50,-263,12,-241,38,-258,69,-258,33,-235,-72,278,-148,126,-86,73,-113,-299,-15,-360,31,-289,125,-82,268,95,134,140,134,30,102,-229,40,-159,52,31,121,113,128,83,77,156,93,399,95,172,61,127,86,73,62,34,14,2,-3,42,-2,-46,-12,11,-11,-18,-11,17,-16,-19,1,24,-9,62,0,33,15,24,-1,31,10,20,-3,56,11,43,-2,9,5,12,-2,-2,-8,3,7,54,-2,40,-8,16,-12,-5,-6,16,8,42,-4,43,-16,24,-28,6,-29,-15,-3,16,2,19,-42,27,-28,28,-2,13,31,12,8,16,3,4,-2,-1,2,25,7,49,2,20,-14,-26,1,28,-2,52,-36,3,-20,-14,-7,27,-3,74,-78,34,-22,32,-12,109,-110,-3,-11,2,-130,21,3,2,-9,22,2,-1,27,-19,9,-4,45,17,16,8,2,24,-24,0,-6,-28,1,-8,-7,47,-17,52,-63,-21,-50,27,-18,-18,-43,8,-44,21,-12,17,-1,25,-41,37,-19,7,38,16,0,-3,-27,-69,-102,25,-51,-31,14,-57,9,-28,-22,-34,-62,-8,-36,4,-5,30,3,10,-9,-5,-64,39,-24,36,-69,29,-4,16,-11,19,0,30,23,-27,8,19,29,31,12,53,2,75,-87,-8,-2,36,-31,12,-13,15,-41,-4,-2,9,-11,12,-31,1,-6,-7,-16,-27,-11,28,-70,-27,-29,-56,-7,26,-14,10,-20,103,-48,25,-31,36,-27,11,-39,-52,-11,55,-36,9,-33,17,-7,93,21,43,39,23,9,14,-2,32,18,95,9,-8,18,15,42,16,17,31,12,292,208,5,1,7,7,54,38,16,4,7,12,934,665,944,571,-328,-155,438,207,112,52,-30,12,188,114,1605,580,423,94,163,14,187,39,336,180,161,61,334,-9,139,-39,-21,56,-139,276,-169,271,-197,264,-225,255,-253,246,-279,235,-303,224,-327,211,-349,198,-370,183,-388,169,-407,153,-421,136,-436,120,-448,102,-457,84,-466,65,-472,47,-476,29,-478,9,-478,-9,-476,-29,-472,-47,-466,-65,-457,-84,-448,-102,-436,-120,-421,-136,-407,-153,-388,-169,-370,-183,-349,-198,-327,-211,-303,-224,-279,-235,-253,-246,-225,-255,-197,-264,-169,-271,-139,-276,-108,-282,-78,-286,-47,-288,-16,-289],[1586614,529661,7,6,12,-25,-19,19],[1586631,529632,4,7,4,-9,-8,2],[1586633,529616,7,11,17,-34,-4,1,-20,22]]]
468809	p	524901
508101	p	524901
532535	p	524901
577206	r	56.034,59.0073,57.606,59.6159	[[[560340,594100,17,-263,50,-263,84,-260,117,-256,149,-252,181,-247,213,-240,242,-232,272,-224,299,-214,327,-204,351,-192,376,-181,397,-167,418,-153,437,-139,454,-125,468,-108,482,-93,492,-77,501,-60,507,-43,512,-25,514,-9,514,9,512,25,507,43,501,60,492,77,482,93,468,108,454,125,437,139,418,153,397,167,376,181,351,192,327,204,299,214,272,224,242,232,213,240,181,247,149,252,117,256,84,260,50,263,17,263,-17,263,-50,263,-84,260,-117,256,-149,252,-181,247,-213,240,-242,232,-55,46,-974,-104,-6955,-737,21,49,-14,14,-41,-8,-54,-58,-17,-9,-75,-8,0,18,-108,20,-87,27,62,35,33,59,82,194,-15,3,-97,-29,-29,10,-21,18,-75,1,-7,-142,-380,-282,-5796,-615,-48,-252,-17,-263]]]
472761	r	41.531,47.0891,42.769,47.9309	[[[415310,475100,14,-275,39,-274,66,-272,92,-268,118,-264,142,-258,168,-251,191,-243,213,-234,236,-223,257,-213,277,-201,296,-189,313,-174,329,-161,344,-145,357,-130,369,-114,379,-97,388,-80,394,-62,400,-45,403,-27,405,-9,405,9,403,27,400,45,394,62,388,80,379,97,369,114,357,130,344,145,329,161,313,174,296,189,277,201,257,213,236,223,213,234,191,243,168,251,142,258,118,264,92,268,66,272,39,274,14,275,-14,275,-39,274,-66,272,-92,268,-118,264,-142,258,-168,251,-191,243,-213,234,-236,223,-257,213,-277,201,-296,189,-313,174,-329,161,-344,145,-357,130,-369,114,-379,97,-388,80,-394,62,-400,45,-403,27,-405,9,-405,-9,-403,-27,-400,-45,-394,-62,-388,-80,-379,-97,-369,-114,-357,-130,-344,-145,-329,-161,-313,-174,-296,-189,-277,-201,-257,-213,-236,-223,-213,-234,-191,-243,-168,-251,-142,-258,-118,-264,-92,-268,-66,-272,-39,-274,-14,-275]]]
1498894	r	59.6525,54.6928,60.7294,55.4071	[[[596525,548094,195,-120,296,-160,313,-148,330,-136,344,-124,357,-110,370,-96,379,-83,388,-68,395,-53,400,-38,403,-23,405,-7,405,7,403,23,400,38,395,53,388,68,379,83,370,96,357,110,344,124,330,136,313,148,296,160,277,171,257,180,236,190,214,199,191,206,167,213,143,219,118,223,92,228,66,231,40,232,13,234,-13,234,-40,232,-66,231,-92,228,-118,223,-143,219,-167,213,-191,206,-214,199,-236,190,-257,180,-277,171,-296,160,-313,148,-330,136,-344,124,-357,110,-370,96,-379,83,-388,68,-395,53,-400,38,-403,23,-357,6,-151,-195,-4262,-5510,-210,-272]]]
518970	r	39.5933,47.111,40.6086,47.5909	[[[395933,475209,4267,-2795,3208,-1304,85,31,288,122,276,135,262,146,248,158,232,169,215,179,198,187,179,197,160,204,140,210,119,217,99,221,77,225,55,228,33,230,12,231,-12,231,-33,230,-55,228,-54,156,-5779,864,-4213,-684,-7,-16]]]
523064	r	44.3656,43.065,45.1058,43.5194	[[[443656,432300,9,-194,15,-117,7133,-1295,245,-44,-4236,4544,-169,-29,-253,-56,-248,-68,-241,-80,-233,-92,-225,-102,-215,-113,-204,-124,-194,-132,-181,-142,-167,-150,-155,-158,-139,-165,-125,-171,-109,-177,-93,-181,-77,-186,-60,-189,-44,-192,-25,-193,-9,-194]]]
1493467	r	80.7326,51.2209,81.6873,51.819	[[[807327,515200,10,-196,30,-194,51,-193,71,-191,91,-187,110,-183,129,-179,147,-172,165,-166,182,-159,198,-152,214,-142,228,-134,241,-124,254,-114,265,-104,276,-92,284,-81,293,-69,299,-56,304,-45,308,-32,311,-19,312,-6,312,6,311,19,308,32,304,45,299,56,293,69,284,81,276,92,265,104,254,114,241,124,228,134,214,142,198,152,182,159,165,166,147,172,129,179,110,183,91,187,71,191,51,193,30,194,10,196,-10,196,-30,194,-51,193,-71,191,-91,187,-110,183,-129,179,-147,172,-165,166,-182,159,-198,152,-214,142,-228,134,-241,124,-254,114,-265,104,-276,92,-284,81,-293,69,-299,56,-304,45,-308,32,-311,19,-312,6,-312,-6,-311,-19,-308,-32,-304,-45,-299,-56,-293,-69,-284,-81,-276,-92,-265,-104,-254,-114,-241,-124,-228,-134,-214,-142,-198,-152,-182,-159,-165,-166,-147,-172,-129,-179,-110,-183,-91,-187,-71,-191,-51,-193,-30,-194,-10,-196]]]
523812	p	524901
499292	n	55.5335,53.1723,56.4171,53.5986	[[[555335,533800,18,-222,54,-219,90,-215,125,-209,158,-201,190,-190,220,-178,248,-165,274,-149,296,-132,317,-114,291,-83,28,1,2,0,3125,52,104,30,317,114,296,132,274,149,248,165,220,178,11,11,26,-17,228,82,297,132,275,149,248,165,221,178,190,190,158,201,125,209,90,215,54,219,18,222,-18,222,-54,219,-90,215,-125,209,-158,201,-190,190,-221,178,-79,52,-5063,-826,-1941,102,-42,-28,-220,-178,-190,-190,-158,-201,-125,-209,-90,-215,-54,-219,-18,-222]]]
549479	p	524901
576432	p	524901
560465	p	524901
8504953	p	498817
2014006	n	131.6488,43.5739,132.2712,44.0261	[[[1316488,438000,15,-222,45,-219,74,-215,103,-209,131,-201,157,-190,182,-178,205,-165,226,-149,245,-132,262,-114,276,-95,288,-75,296,-54,302,-32,305,-11,305,11,302,32,296,54,288,75,276,95,262,114,245,132,226,149,205,165,182,178,157,190,131,201,103,209,74,215,45,219,15,222,-15,222,-45,219,-74,215,-103,209,-131,201,-157,190,-182,178,-205,165,-226,149,-245,132,-262,114,-276,95,-288,75,-296,54,-302,32,-305,11,-305,-11,-302,-32,-296,-54,-288,-75,-276,-95,-262,-114,-245,-132,-226,-149,-205,-165,-182,-178,-157,-190,-131,-201,-103,-209,-74,-215,-45,-219,-15,-222]]]
532615	p	524901
543460	r	40.781,56.0593,41.8592,56.6201	[[[407810,563639,1449,-2089,128,-77,258,-134,272,-125,287,-115,300,-104,311,-92,321,-82,331,-69,337,-57,344,-45,348,-32,351,-19,353,-6,353,6,351,19,348,32,344,45,337,57,331,69,321,82,311,92,300,104,287,115,272,125,258,134,241,144,224,152,206,160,186,167,166,174,146,179,124,184,103,189,80,191,57,194,35,196,11,197,-11,197,-35,196,-57,194,-80,191,-103,189,-124,184,-146,179,-166,174,-186,167,-206,160,-224,152,-241,144,-258,134,-75,35,-720,35,-2,0,-4915,242,-3,1,-548,27,-288,-100,-287,-115,-272,-125,-258,-134,-241,-144,-224,-152,-206,-160,-186,-167,-166,-174,-146,-179,-124,-184,-103,-189,-80,-191,-57,-194,-35,-196,-9,-158]]]
487150	p	524901
579464	p	524901
462745	p	524901
546230	r	38.3198,54.7673,39.305,55.2165	[[[383199,551363,2360,-3399,232,-60,321,-70,329,-57,335,-45,339,-33,342,-19,343,-7,343,7,342,19,339,33,335,45,329,57,321,70,313,82,303,93,292,105,279,115,266,126,250,135,235,144,218,154,200,161,182,168,162,174,142,181,121,185,99,190,78,193,56,195,34,197,11,198,-11,198,-34,197,-8,28,-3601,1042,-6197,-802]]]
539110	p	524901
2019528	r	132.3633,42.6884,133.486,43.2579	[[[1323633,429145,30,12,278,61,15,40,-3,70,18,66,73,29,89,-12,150,-51,578,-74,166,-43,32,-107,-25,-135,0,-131,71,-156,73,-54,266,-63,203,-134,132,-59,112,20,110,92,81,52,107,24,183,5,460,-40,121,40,-41,30,-49,61,-46,46,220,53,361,285,236,9,110,-122,-7,-208,-73,-233,-91,-194,181,-43,109,-53,-3,-9,17,2,20,-13,9,-1,5,-2,73,-121,-69,-176,123,-224,-11,-10,7,-1,-1,-7,9,2,0,-21,11,-5,8,-27,10,-6,-4,-24,9,-5,1,6,13,3,4,-16,9,3,-5,-15,19,14,-2,18,10,1,34,-30,64,-25,-16,-33,37,-12,40,10,73,-26,8,-15,-8,-35,-19,-20,3,-15,35,6,1,-4,7,5,8,-7,-4,26,7,19,36,-15,44,50,38,-6,0,-15,19,-16,-14,-14,-3,-17,25,-12,5,-12,-56,-31,4,-10,65,18,22,-5,16,-13,52,38,78,11,-3,9,-37,16,-4,14,19,33,48,16,-4,24,-13,2,2,12,-13,3,-3,14,19,15,18,-7,-3,18,1,1,24,15,17,-13,6,13,-12,6,42,26,8,-8,16,3,7,-14,11,6,7,-7,8,1,-13,25,12,14,19,-1,16,-14,6,6,16,-2,-2,17,-18,10,1,10,13,8,-19,13,2,21,-17,4,34,82,2,0,27,11,9,11,12,-2,0,11,13,6,25,1,12,11,-21,30,16,15,31,-11,16,17,18,4,12,-17,7,1,2,8,-20,15,7,15,-27,8,-8,21,19,21,4,19,24,17,-11,35,31,30,-16,-7,-14,2,-27,44,-16,4,-20,-4,9,-8,-14,1,14,-2,-20,-46,-84,-49,-74,23,29,70,101,71,111,32,516,73,266,9,207,-82,-39,-33,-103,-111,396,-209,12,-23,-27,-26,44,-14,39,-34,4,-16,37,-27,11,-25,-16,-33,28,-5,32,-43,10,36,33,18,15,1,0,6,34,1,38,-19,25,-30,-17,-10,9,-34,5,-4,48,7,10,-17,1,-10,-15,-4,8,-6,-10,-7,19,-68,37,-13,5,4,-11,-59,-101,-7,-52,34,-2,-12,-29,25,-1,10,-24,7,-17,16,-5,-4,-51,16,11,14,-35,-19,-35,-3,7,-20,16,5,-5,6,20,-1,56,-36,-1,0,-135,18,-115,-33,-183,-118,-123,-53,171,-122,110,-110,133,-80,243,-30,957,0,200,54,160,130,292,294,145,78,612,195,198,23,591,-23,427,79,241,77,237,141,148,50,20,145,12,273,-12,273,-37,272,-60,270,-84,266,-108,262,-130,256,-153,249,-175,241,-195,232,-216,222,-235,212,-253,199,-270,187,-287,174,-301,159,-314,144,-327,129,-337,113,-347,96,-354,80,-361,62,-365,44,-369,27,-370,9,-370,-9,-45,-3,-4280,-2072,-784,-1052,-72,-227,-16,-70],[1328897,427685,3,7,-1,1,14,-8,-16,0]],[[1323997,428521,4,-104,14,-97,49,-32,111,12,124,-35,96,-90,78,-102,61,-63,49,-27,88,-15,85,34,21,37,-102,70,-176,172,-9,173,46,155,-63,159,-81,152,-117,39,-90,-160,-52,-155,-87,-53,-49,-70]]]
563523	r	38.2007,55.5256,38.8719,55.9931	[[[382007,557413,615,-530,3488,-1627,689,125,117,39,299,126,-24,29,88,7,380,54,369,75,354,95,337,114,-1026,4011,-2067,-1585,-3562,-153,-42,-744,-15,-36]]]
576279	p	524901
6418220	p	524901
517121	p	524901
537832	p	524901
503550	r	42.955,43.765,43.3987,44.1533	[[[429550,439231,1945,-1581,57,10,254,56,249,67,242,80,235,90,226,102,216,112,205,122,194,132,182,140,169,149,155,156,108,126,-1392,2016,-3045,525,0,-969,5,-1,-5,-2,0,-23,25,-16,9,-101,-24,0,-10,10,0,-1200]]]
6418146	p	524901
528293	r	39.7042,44.32,40.4429,44.8545	[[[397042,445508,51,-158,77,-182,93,-177,109,-173,125,-167,140,-162,154,-154,168,-146,181,-139,193,-130,205,-120,215,-110,225,-101,233,-89,241,-78,248,-67,253,-55,258,-43,261,-31,263,-19,265,-6,265,6,263,19,261,31,258,43,253,55,248,67,241,78,233,89,225,101,215,110,205,120,193,130,181,139,168,146,154,154,66,77,-478,3514,-91,70,-193,130,-205,120,-215,110,-78,35,-6127,-3037]]]
463355	p	524901
1497337	r	87.1044,68.961,89.0893,69.7332	[[[871044,693500,23,-254,70,-254,117,-251,163,-248,208,-243,253,-239,296,-232,338,-224,378,-216,418,-207,455,-197,490,-186,523,-174,554,-161,583,-148,609,-135,632,-120,653,-105,671,-90,686,-73,699,-58,707,-42,713,-25,717,-8,717,8,713,25,707,42,699,58,686,73,671,90,653,105,632,120,609,135,583,148,554,161,523,174,146,56,-6853,3376,3205,-1580,393,52,411,66,398,75,383,84,366,93,349,101,329,109,309,116,286,123,263,129,238,135,212,141,187,144,159,149,130,153,103,155,73,157,45,158,14,159,-14,159,-45,158,-73,157,-103,155,-130,153,-159,149,-187,144,-212,141,-238,135,-263,129,-286,123,-309,116,-329,109,-349,101,-366,93,-383,84,-398,75,-411,66,-422,56,-432,46,-439,36,-445,26,-449,15,-451,6,-451,-6,-449,-15,-445,-26,-439,-36,-432,-46,-422,-56,-411,-66,-398,-75,-383,-84,-366,-93,-349,-101,-329,-109,-309,-116,-263,-113,4480,-2207,-5741,2828,-139,-22,-632,-120,-609,-135,-583,-148,-554,-161,-523,-174,-490,-186,-455,-197,-418,-207,-378,-216,-338,-224,-296,-232,-253,-239,-208,-243,-163,-248,-117,-251,-70,-254,-23,-254]]]
582432	r	51.7755,54.6817,52.8645,55.2152	[[[517755,549000,12,-206,35,-205,58,-204,81,-201,103,-197,126,-193,147,-188,168,-182,188,-175,207,-168,226,-159,170,-105,8133,1215,304,140,882,405,3,12,35,205,12,206,-12,206,-35,205,-58,204,-81,201,-103,197,-126,193,-147,188,-168,182,-188,175,-207,168,-226,159,-244,151,-260,141,-275,131,-290,120,-303,109,-314,97,-324,85,-334,73,-341,60,-347,47,-351,33,-355,20,-356,7,-356,-7,-355,-20,-351,-33,-347,-47,-341,-60,-334,-73,-324,-85,-314,-97,-303,-109,-290,-120,-275,-131,-260,-141,-244,-151,-226,-159,-207,-168,-188,-175,-168,-182,-147,-188,-126,-193,-103,-197,-81,-201,-58,-204,-35,-205,-12,-206]]]
554233	p	524901
546105	p	498817
516215	p	524901
522377	n	41.6244,44.4122,42.2556,44.8326	[[[416244,446300,15,-222,46,-219,75,-215,105,-209,132,-201,159,-190,185,-178,208,-165,229,-149,249,-132,265,-114,280,-95,292,-75,80,-14,2416,224,173,74,249,132,229,149,208,165,185,178,159,190,132,201,105,209,75,215,46,219,15,222,-15,222,-46,219,-75,215,-105,209,-132,201,-159,190,-185,178,-208,165,-229,149,-249,132,-222,95,-2270,39,-655,11,-94,-31,-265,-114,-249,-132,-229,-149,-208,-165,-185,-178,-159,-190,-132,-201,-105,-209,-75,-215,-46,-219,-15,-222]]]
510808	r	59.3074,56.5311,60.2988,57.1608	[[[593074,569100,13,-227,41,-227,29,-96,869,0,-46,-157,-35,-196,-12,-197,12,-197,35,-196,58,-195,81,-192,104,-189,126,-184,148,-180,168,-174,189,-167,209,-161,227,-152,244,-144,261,-135,277,-125,291,-115,303,-104,270,-79,5975,1431,-11,43,-52,47,-73,-11,-20,12,-68,-5,-43,23,-5,17,33,32,-13,4,51,42,-22,24,-65,-7,5,53,-94,86,21,47,-201,70,-307,44,-172,67,-61,-21,-150,115,26,1,4,15,-16,17,7,16,-16,26,-30,9,-8,-8,-9,11,-64,23,-35,34,-49,17,-5,8,-62,15,-17,23,-39,1,-90,51,-35,7,-43,18,-15,24,18,5,7,12,-12,16,-24,0,2,10,-9,1,1,14,-12,8,-113,-15,-2,9,-18,8,-19,-19,-24,1,-23,12,-61,14,-48,53,-29,6,-37,29,-27,-6,-23,5,-4,-16,-14,-5,4,-32,-26,-8,-54,6,-26,-9,-23,12,-8,61,-23,5,47,44,39,0,18,9,1,14,-23,20,12,30,70,-23,27,-1,47,31,-13,15,-28,4,-32,20,15,19,-13,18,-44,9,-52,25,-10,-39,31,-31,-20,-13,-25,9,-25,-1,-6,-17,-25,0,-22,20,-64,24,-55,-35,-52,-10,-25,-2,-63,15,-43,-30,10,-31,20,-14,-24,5,-18,13,-59,9,-57,28,-9,16,39,19,31,-30,42,38,52,17,45,-5,25,12,44,-2,65,17,58,3,30,-2,32,-19,18,42,53,59,32,18,64,12,28,-3,1,-8,23,0,-3,-7,90,-11,28,-13,17,9,25,-2,4,-15,-22,-8,7,-10,44,3,60,39,39,-6,11,4,40,-22,-41,-38,4,-36,22,-5,35,5,39,43,18,-6,47,5,19,-22,38,-7,73,9,-63,-23,99,29,-92,-29,95,23,-68,-21,2,-1,58,17,10,-5,41,2,3,-12,25,-9,6,-12,-13,-18,20,-21,69,-5,5,-4,-11,-2,12,-11,-50,-14,44,2,-18,-20,28,-20,20,-5,-8,-7,17,-30,-36,-22,4,-8,25,1,18,-10,9,-16,-16,-45,37,-15,-24,-17,60,0,8,-15,-21,-31,38,-28,14,9,20,-1,13,7,10,-11,-11,-15,22,-4,24,8,9,-10,17,5,-4,10,52,27,12,37,17,1,47,32,1023,-95,-190,741,-44,4,-51,65,-55,-7,5,13,85,263,21,-1,22,80,-446,1641,-7270,1075,-95,-49,-283,-166,-263,-176,-241,-185,-219,-193,-195,-201,-171,-207,-146,-213,-120,-218,-94,-222,-67,-224,-41,-227,-13,-227]],[[602665,567105,35,-4,15,9,21,1,-7,-12,10,-10,74,12,55,-2,3,31,89,15,-91,-12,-4,11,-56,4,-1,27,-33,4,-3,-27,-82,1,-17,-9,18,-20,-25,-11,-1,-8]],[[602833,567649,23,-21,31,-12,-8,-65,58,-5,17,12,34,8,-33,130,-29,-5,-12,-38,-33,3,-48,-7]]]
548114	r	42.3146,43.6159,43.099,44.1025	[[[423146,439100,9,-192,26,-192,43,-190,60,-187,77,-184,94,-180,109,-176,125,-169,140,-164,155,-156,168,-149,181,-140,194,-132,205,-122,216,-112,225,-102,234,-90,242,-80,248,-67,254,-56,258,-44,262,-31,264,-19,265,-7,265,7,264,19,262,31,258,44,254,56,248,67,242,80,234,90,225,102,216,112,205,122,194,132,181,140,168,149,155,156,140,164,125,169,109,176,45,85,-1440,1171,-5012,1728,-187,65,-728,-543,-59,-80,-109,-176,-94,-180,-77,-184,-60,-187,-43,-190,-26,-192,-9,-192]]]
566199	r	49.069,53.8856,50.171,54.5344	[[[490690,542100,12,-212,35,-211,59,-210,82,-207,104,-203,127,-199,149,-193,170,-187,190,-180,210,-173,229,-164,247,-155,263,-145,279,-135,293,-124,306,-112,318,-100,328,-87,338,-75,345,-62,351,-48,356,-35,359,-20,360,-7,360,7,359,20,356,35,351,48,345,62,338,75,328,87,318,100,306,112,293,124,279,135,263,145,247,155,229,164,210,173,190,180,170,187,149,193,127,199,104,203,82,207,59,210,35,211,12,212,-12,212,-35,211,-59,210,-82,207,-104,203,-127,199,-149,193,-170,187,-190,180,-210,173,-229,164,-247,155,-263,145,-279,135,-293,124,-306,112,-318,100,-328,87,-338,75,-345,62,-351,48,-356,35,-359,20,-360,7,-360,-7,-359,-20,-356,-35,-351,-48,-345,-62,-338,-75,-328,-87,-318,-100,-306,-112,-293,-124,-279,-135,-263,-145,-247,-155,-229,-164,-210,-173,-190,-180,-170,-187,-149,-193,-127,-199,-104,-203,-82,-207,-59,-210,-35,-211,-12,-212]]]
518557	r	37.8034,53.6612,38.9005,54.3712	[[[378034,537592,162,-90,261,-127,275,-116,287,-106,298,-94,307,-83,317,-70,323,-58,329,-46,333,-32,336,-20,338,-7,338,7,336,20,333,32,329,46,323,58,317,70,307,83,249,78,352,-525,378,68,374,83,364,97,353,112,339,125,325,137,308,150,292,162,273,172,254,183,232,192,211,201,189,208,164,216,141,221,116,226,91,230,65,234,39,235,13,236,-13,236,-39,235,-65,234,-91,230,-116,226,-141,221,-164,216,-189,208,-211,201,-232,192,-254,183,-273,172,-292,162,-308,150,-325,137,-339,125,-353,112,-364,97,-374,83,-382,69,-389,54,-394,38,-398,23,-399,8,-399,-8,-398,-23,-394,-38,-29,-5,-1047,-1271,-2210,-1871,-300,-2245,-89,-659]]]
8504948	p	498817
502971	p	524901
461835	p	524901
553287	r	44.9084,49.766,45.9116,50.414	[[[449084,500900,10,-212,33,-211,53,-209,75,-207,95,-203,116,-198,135,-193,155,-187,173,-180,191,-173,209,-163,224,-155,240,-145,253,-135,267,-123,279,-112,289,-100,299,-88,308,-74,314,-62,319,-48,324,-35,327,-20,328,-7,328,7,327,20,324,35,319,48,314,62,308,74,299,88,289,100,279,112,267,123,253,135,240,145,224,155,209,163,191,173,173,180,155,187,135,193,116,198,95,203,75,207,53,209,33,211,10,212,-10,212,-33,211,-53,209,-75,207,-95,203,-116,198,-135,193,-155,187,-173,180,-191,173,-209,163,-224,155,-240,145,-253,135,-267,123,-279,112,-289,100,-299,88,-308,74,-314,62,-319,48,-324,35,-327,20,-328,7,-328,-7,-327,-20,-324,-35,-319,-48,-314,-62,-308,-74,-299,-88,-289,-100,-279,-112,-267,-123,-253,-135,-240,-145,-224,-155,-209,-163,-191,-173,-173,-180,-155,-187,-135,-193,-116,-198,-95,-203,-75,-207,-53,-209,-33,-211,-10,-212]]]
518976	p	569696
496527	n	37.0292,54.6939,37.7545,55.0549	[[[370292,549200,19,-222,56,-219,94,-215,129,-209,164,-201,197,-190,228,-178,258,-165,284,-149,308,-132,329,-114,347,-95,361,-75,372,-54,379,-32,383,-11,383,11,379,32,372,54,361,75,347,95,329,114,308,132,284,149,258,165,118,92,206,2303,-6475,388,-119,-93,-197,-190,-164,-201,-129,-209,-94,-215,-56,-219,-19,-222]]]
515027	p	524901
555129	p	524901
524294	r	41.5182,55.3594,42.5218,55.8557	[[[415182,555700,10,-187,32,-186,54,-184,75,-182,95,-179,116,-175,135,-170,155,-165,173,-159,192,-152,208,-145,224,-136,162,-86,8362,1730,1,3,32,186,10,187,-10,187,-32,186,-54,184,-75,182,-95,179,-116,175,-135,170,-155,165,-173,159,-192,152,-208,145,-224,136,-240,128,-254,118,-267,109,-279,99,-289,88,-300,77,-307,66,-314,54,-320,43,-324,30,-327,19,-328,6,-328,-6,-327,-19,-324,-30,-320,-43,-314,-54,-307,-66,-300,-77,-289,-88,-279,-99,-267,-109,-254,-118,-240,-128,-224,-136,-208,-145,-192,-152,-173,-159,-155,-165,-135,-170,-116,-175,-95,-179,-75,-182,-54,-184,-32,-186,-10,-187]]]
550478	r	46.2164,42.9761,46.9636,43.5239	[[[462164,432500,8,-179,24,-179,40,-176,56,-175,71,-172,86,-167,101,-164,115,-158,129,-152,142,-146,155,-138,167,-131,179,-123,189,-113,199,-105,207,-94,216,-85,222,-74,229,-63,234,-52,238,-41,241,-29,244,-18,244,-5,244,5,244,18,241,29,238,41,234,52,229,63,222,74,216,85,207,94,199,105,189,113,179,123,167,131,155,138,142,146,129,152,115,158,101,164,86,167,71,172,56,175,40,176,24,179,8,179,-8,179,-24,179,-40,176,-56,175,-71,172,-86,167,-101,164,-115,158,-129,152,-142,146,-155,138,-167,131,-179,123,-189,113,-199,105,-207,94,-216,85,-222,74,-229,63,-234,52,-238,41,-241,29,-244,18,-244,5,-244,-5,-244,-18,-241,-29,-238,-41,-234,-52,-229,-63,-222,-74,-216,-85,-207,-94,-199,-105,-189,-113,-179,-123,-167,-131,-155,-138,-142,-146,-129,-152,-115,-158,-101,-164,-86,-167,-71,-172,-56,-175,-40,-176,-24,-179,-8,-179]]]
522942	r	53.7728,55.8163,54.7472,56.3637	[[[537728,560900,10,-179,31,-178,52,-177,73,-174,92,-172,113,-167,131,-163,150,-158,169,-152,186,-146,202,-138,218,-131,232,-123,247,-113,259,-104,271,-95,281,-84,290,-74,299,-63,305,-52,310,-41,315,-29,317,-18,319,-6,319,6,317,18,315,29,310,41,305,52,299,63,290,74,281,84,271,95,259,104,247,113,232,123,218,131,202,138,186,146,169,152,150,158,131,163,113,167,92,172,73,174,52,177,31,178,10,179,-10,179,-31,178,-52,177,-73,174,-92,172,-113,167,-131,163,-150,158,-169,152,-186,146,-202,138,-218,131,-232,123,-247,113,-259,104,-271,95,-281,84,-290,74,-299,63,-305,52,-310,41,-315,29,-317,18,-319,6,-319,-6,-70,-4,-4104,-1669,-8,-11,-113,-167,-92,-172,-73,-174,-52,-177,-31,-178,-10,-179]]]
483551	p	524901
536164	p	524901
569154	r	41.6594,43.9382,42.4407,44.4508	[[[416594,442200,9,-184,25,-184,41,-182,58,-179,75,-177,90,-172,105,-168,121,-163,135,-157,148,-150,163,-142,174,-135,187,-126,197,-117,208,-107,217,-98,226,-86,232,-77,240,-65,244,-53,249,-42,252,-30,255,-18,255,-6,255,6,255,18,252,30,249,42,244,53,240,65,232,77,226,86,217,98,208,107,197,117,125,85,232,173,4,3,163,142,148,150,135,157,121,163,105,168,90,172,75,177,58,179,41,182,25,184,9,184,-9,184,-25,184,-41,182,-58,179,-75,177,-90,172,-105,168,-121,163,-135,157,-148,150,-163,142,-174,135,-187,126,-197,117,-140,72,-5211,-482,-126,-110,-148,-150,-135,-157,-121,-163,-105,-168,-90,-172,-75,-177,-58,-179,-41,-182,-25,-184,-9,-184]]]
473972	p	524901
542634	p	524901
461740	p	524901
490971	p	524901
515024	r	38.7693,55.5893,39.477,56.0855	[[[387693,559931,1033,-4038,4467,179,151,80,218,131,202,140,185,146,169,153,150,159,131,165,113,168,92,173,72,175,52,178,32,180,10,180,-10,180,-32,180,-52,178,-72,175,-92,173,-113,168,-131,165,-150,159,-169,153,-185,146,-202,140,-218,131,-233,123,-246,115,-259,105,-271,95,-281,85,-290,75,-299,63,-305,52,-310,41,-314,30,-317,17,-319,6,-319,-6,-317,-17,-314,-30,-310,-41,-305,-52,-299,-63,-123,-32,-220,-683]]]
481453	p	524901
1512165	r	89.9323,56.0866,91.0677,56.5874	[[[899323,562700,12,-208,36,-206,61,-205,58,-139,10140,-1076,91,71,196,176,175,183,153,189,131,195,108,199,84,202,61,205,36,206,12,208,-12,208,-36,206,-61,205,-84,202,-108,199,-131,195,-153,189,-175,183,-196,176,-217,169,-236,161,-254,151,-271,142,-287,132,-302,121,-315,110,-328,98,-338,85,-348,73,-356,61,-361,47,-367,34,-370,20,-371,7,-371,-7,-370,-20,-367,-34,-361,-47,-356,-61,-348,-73,-338,-85,-328,-98,-315,-110,-302,-121,-287,-132,-271,-142,-254,-151,-236,-161,-217,-169,-196,-176,-175,-183,-153,-189,-131,-195,-108,-199,-84,-202,-61,-205,-36,-206,-12,-208]]]
1500973	r	93.8202,51.3234,95.0598,52.0966	[[[938202,517100,14,-253,39,-252,66,-249,93,-247,117,-242,143,-237,168,-230,191,-223,214,-215,236,-206,257,-195,278,-185,296,-173,313,-160,330,-148,344,-133,358,-120,369,-104,380,-89,388,-74,395,-57,400,-41,404,-25,405,-8,405,8,404,25,400,41,395,57,388,74,380,89,369,104,358,120,344,133,330,148,313,160,296,173,278,185,257,195,236,206,214,215,191,223,168,230,143,237,117,242,93,247,66,249,39,252,14,253,-14,253,-39,252,-66,249,-93,247,-117,242,-143,237,-168,230,-191,223,-214,215,-236,206,-257,195,-278,185,-296,173,-313,160,-330,148,-344,133,-358,120,-369,104,-380,89,-388,74,-395,57,-400,41,-404,25,-405,8,-405,-8,-404,-25,-400,-41,-395,-57,-388,-74,-380,-89,-369,-104,-358,-120,-344,-133,-330,-148,-313,-160,-296,-173,-278,-185,-257,-195,-236,-206,-214,-215,-191,-223,-168,-230,-143,-237,-117,-242,-93,-247,-66,-249,-39,-252,-14,-253]]]
484912	p	524901
520068	n	38.1992,55.8193,38.7726,56.0961	[[[381992,558371,72,-178,3562,153,2067,1585,33,103,-132,100,-264,165,-291,149,-315,132,-337,114,-355,95,-370,75,-381,54,-389,32,-392,11,-392,-11,-389,-32,-72,-11,-1655,-2536]]]
467978	r	38.0242,52.313,38.9958,52.907	[[[380242,526100,11,-194,31,-194,52,-191,72,-190,92,-186,112,-182,131,-177,150,-171,168,-165,185,-158,202,-150,217,-142,232,-133,246,-123,258,-113,270,-103,280,-92,290,-80,298,-68,304,-57,309,-44,314,-31,316,-19,318,-7,318,7,316,19,314,31,309,44,304,57,298,68,290,80,280,92,270,103,258,113,246,123,232,133,217,142,202,150,185,158,168,165,150,171,131,177,112,182,92,186,72,190,52,191,31,194,11,194,-11,194,-31,194,-52,191,-72,190,-92,186,-112,182,-131,177,-150,171,-168,165,-185,158,-202,150,-217,142,-232,133,-246,123,-258,113,-270,103,-280,92,-290,80,-298,68,-304,57,-309,44,-314,31,-316,19,-318,7,-318,-7,-316,-19,-314,-31,-309,-44,-304,-57,-298,-68,-290,-80,-280,-92,-270,-103,-258,-113,-246,-123,-232,-133,-217,-142,-202,-150,-185,-158,-168,-165,-150,-171,-131,-177,-112,-182,-92,-186,-72,-190,-52,-191,-31,-194,-11,-194]]]
511510	p	524901
516264	p	524901
1489530	r	67.4925,57.7981,69.0075,58.6019	[[[674925,582000,16,-263,49,-262,81,-259,112,-256,144,-252,175,-246,204,-239,234,-232,262,-224,288,-213,315,-204,339,-192,361,-179,384,-167,403,-153,420,-139,438,-124,451,-109,464,-93,474,-76,483,-60,489,-42,494,-26,495,-9,495,9,494,26,489,42,483,60,474,76,464,93,451,109,438,124,420,139,403,153,384,167,361,179,339,192,315,204,288,213,262,224,234,232,204,239,175,246,144,252,112,256,81,259,49,262,16,263,-16,263,-49,262,-81,259,-112,256,-144,252,-175,246,-204,239,-234,232,-262,224,-288,213,-315,204,-339,192,-361,179,-384,167,-403,153,-420,139,-438,124,-451,109,-464,93,-474,76,-483,60,-489,42,-494,26,-495,9,-495,-9,-494,-26,-489,-42,-483,-60,-474,-76,-464,-93,-451,-109,-438,-124,-420,-139,-403,-153,-384,-167,-361,-179,-339,-192,-315,-204,-288,-213,-262,-224,-234,-232,-204,-239,-175,-246,-144,-252,-112,-256,-81,-259,-49,-262,-16,-263]]]
495344	p	524901
1497917	r	71.8665,60.7431,73.1791,61.4569	[[[718665,611000,16,-233,47,-233,78,-230,109,-228,139,-223,169,-219,198,-212,227,-206,253,-199,280,-190,304,-180,328,-171,351,-159,371,-148,390,-136,408,-124,423,-110,437,-96,449,-83,460,-67,467,-53,474,-38,477,-23,480,-8,480,8,477,23,474,38,467,53,460,67,449,83,437,96,423,110,408,124,390,136,371,148,351,159,328,171,276,164,-3118,5511,-315,58,-460,67,-467,53,-474,38,-477,23,-480,8,-480,-8,-477,-23,-474,-38,-467,-53,-460,-67,-449,-83,-437,-96,-423,-110,-408,-124,-390,-136,-371,-148,-351,-159,-328,-171,-304,-180,-280,-190,-253,-199,-227,-206,-198,-212,-169,-219,-139,-223,-109,-228,-78,-230,-47,-233,-16,-233]]]
518659	p	499099
1496503	r	73.273,62.2656,77.632,64.1854	[[[732730,633370,29777,-10714,281,48,1307,269,1265,307,1218,344,1166,379,1109,413,1047,446,980,475,910,504,836,529,757,553,676,575,592,593,506,609,416,624,326,634,233,643,141,648,47,651,-47,651,-141,648,-233,643,-326,634,-416,624,-506,609,-592,593,-676,575,-757,553,-836,529,-910,504,-980,475,-1047,446,-1109,413,-1166,379,-1218,344,-1265,307,-1307,269,-1342,229,-1373,190,-1397,147,-1415,107,-1427,63,-1434,22,-1434,-22,-1427,-63,-1415,-107,-1397,-147,-1373,-190,-1342,-229,-1307,-269,-1265,-307,-1218,-344,-1166,-379,-1109,-413,-1047,-446,-980,-475,-910,-504,-836,-529,-757,-553,-676,-575,-592,-593,-506,-609,-416,-624,-326,-634,-171,-472]]]
578740	p	501175
1538637	p	1489425
580724	r	43.3583,55.1246,44.3217,55.6754	[[[433583,554000,10,-180,31,-179,52,-178,71,-176,92,-172,111,-169,130,-164,148,-159,167,-153,183,-146,200,-140,195,-118,1357,-552,227,-58,295,-64,301,-52,307,-41,311,-29,314,-18,315,-6,315,6,314,18,311,29,307,41,301,52,295,64,288,74,278,85,267,95,256,105,244,115,230,123,216,131,200,140,183,146,167,153,148,159,130,164,111,169,92,172,71,176,52,178,31,179,10,180,-10,180,-31,179,-52,178,-71,176,-92,172,-111,169,-130,164,-148,159,-167,153,-183,146,-200,140,-216,131,-230,123,-244,115,-256,105,-267,95,-278,85,-288,74,-295,64,-301,52,-307,41,-311,29,-314,18,-315,6,-315,-6,-314,-18,-311,-29,-307,-41,-301,-52,-295,-64,-288,-74,-278,-85,-267,-95,-256,-105,-244,-115,-230,-123,-216,-131,-200,-140,-183,-146,-167,-153,-148,-159,-130,-164,-111,-169,-92,-172,-71,-176,-52,-178,-31,-179,-10,-180]]]
496638	r	37.8135,56.11,38.5212,56.6003	[[[378135,562073,1711,-572,397,-88,3529,-313,1440,349,-2001,4370,-140,30,-326,55,-331,43,-336,31,-338,18,-340,7,-340,-7,-338,-18,-336,-31,-331,-43,-326,-55,-318,-67,-310,-79,-300,-89,-177,-62,-489,-3479]]]
1500665	n	85.7817,54.4829,86.5583,54.8861	[[[857817,546600,19,-222,56,-219,93,-215,128,-209,163,-201,196,-190,227,-178,256,-165,282,-149,54,-23,6138,1146,79,184,56,219,19,222,-19,222,-56,219,-93,215,-128,209,-163,201,-196,190,-227,178,-256,165,-282,149,-306,132,-327,114,-344,95,-359,75,-370,54,-376,32,-381,11,-381,-11,-376,-32,-370,-54,-359,-75,-344,-95,-327,-114,-306,-132,-282,-149,-256,-165,-227,-178,-196,-190,-163,-201,-128,-209,-93,-215,-56,-219,-19,-222]]]
515879	r	53.0734,54.1689,53.8912,54.7625	[[[530734,542729,206,-128,254,-140,269,-129,283,-118,295,-108,307,-96,317,-84,326,-71,333,-60,339,-46,343,-33,346,-20,348,-7,348,7,346,20,343,33,298,41,2877,1743,-6429,4092,-135,-35,-307,-96,-77,-28,-175,-677,-938,-3610,-117,-450]]]
516436	r	36.1178,54.8266,37.0447,55.3103	[[[361178,551100,11,-185,31,-185,53,-183,73,-181,93,-177,114,-174,133,-169,152,-163,170,-158,187,-150,205,-144,220,-135,235,-127,249,-118,262,-108,273,-98,284,-87,293,-77,302,-65,308,-54,314,-42,318,-30,320,-18,322,-6,322,6,320,18,318,30,314,42,308,54,302,65,293,77,284,87,273,98,262,108,249,118,2,1,1100,1617,-121,890,-47,24,-5,25,-42,30,-51,20,-29,24,33,2,14,9,-4,104,-14,58,-22,-8,-17,8,55,57,-32,10,-61,-7,-22,-5,-16,-22,-54,9,-40,-14,-20,21,-37,7,-12,-12,-44,-8,-18,4,-15,-8,-15,56,-13,2,-41,32,-66,90,-20,12,-8,56,-14,11,-7031,1039,-218,-134,-205,-144,-187,-150,-170,-158,-152,-163,-133,-169,-114,-174,-93,-177,-73,-181,-53,-183,-31,-185,-11,-185]]]
563514	r	43.8367,46.0157,44.6832,46.6043	[[[438368,463100,9,-193,27,-191,45,-190,63,-188,80,-184,98,-180,114,-176,131,-170,146,-163,161,-157,176,-149,189,-140,202,-132,215,-122,225,-112,235,-102,244,-91,252,-79,260,-68,265,-56,269,-44,274,-31,275,-19,277,-6,277,6,275,19,274,31,269,44,265,56,260,68,252,79,244,91,235,102,225,112,215,122,202,132,189,140,176,149,161,157,146,163,131,170,114,176,98,180,80,184,63,188,45,190,27,191,9,193,-9,193,-27,191,-45,190,-63,188,-80,184,-98,180,-114,176,-131,170,-146,163,-161,157,-176,149,-189,140,-202,132,-215,122,-225,112,-235,102,-244,91,-252,79,-260,68,-265,56,-269,44,-274,31,-275,19,-277,6,-277,-6,-275,-19,-274,-31,-269,-44,-265,-56,-260,-68,-252,-79,-244,-91,-235,-102,-225,-112,-215,-122,-202,-132,-189,-140,-176,-149,-161,-157,-146,-163,-131,-170,-114,-176,-98,-180,-80,-184,-63,-188,-45,-190,-27,-191,-9,-193]]]
569273	p	524901
517836	p	514734
566532	r	47.8852,41.7675,48.5721,42.3386	[[[478852,420700,9,-198,26,-197,43,-195,60,-193,77,-189,93,-186,110,-180,125,-175,140,-168,154,-161,168,-153,181,-144,193,-135,205,-126,215,-115,225,-105,234,-93,241,-82,248,-69,253,-58,258,-45,262,-32,263,-20,265,-6,265,6,263,20,262,32,258,45,253,58,248,69,241,82,234,93,225,105,215,115,205,126,152,106,-192,224,-429,179,-476,73,-460,142,-297,222,-519,854,-3,33,-26,15,-69,114,-94,215,-39,217,-77,207,-179,181,-364,258,-274,285,-1182,1635,-165,-66,-225,-105,-215,-115,-205,-126,-193,-135,-181,-144,-168,-153,-154,-161,-140,-168,-125,-175,-110,-180,-93,-186,-77,-189,-60,-193,-43,-195,-26,-197,-9,-198]]]
554787	p	524901
1503277	p	1494114
8504958	p	498817
476077	r	30.0417,56.0619,31.0383,56.6181	[[[300417,563400,11,-182,32,-181,53,-179,74,-178,94,-174,115,-170,135,-166,154,-160,172,-155,190,-148,207,-140,222,-133,238,-125,253,-115,265,-106,276,-96,288,-86,297,-75,305,-64,312,-53,318,-41,322,-30,324,-18,326,-6,326,6,324,18,322,30,318,41,312,53,305,64,297,75,288,86,276,96,265,106,253,115,238,125,222,133,207,140,190,148,172,155,154,160,135,166,115,170,94,174,74,178,53,179,32,181,11,182,-11,182,-32,181,-53,179,-74,178,-94,174,-115,170,-135,166,-154,160,-172,155,-190,148,-207,140,-222,133,-238,125,-253,115,-265,106,-276,96,-288,86,-297,75,-305,64,-312,53,-318,41,-322,30,-324,18,-326,6,-326,-6,-324,-18,-322,-30,-318,-41,-312,-53,-305,-64,-297,-75,-288,-86,-276,-96,-265,-106,-253,-115,-238,-125,-222,-133,-207,-140,-190,-148,-172,-155,-154,-160,-135,-166,-115,-170,-94,-174,-74,-178,-53,-179,-32,-181,-11,-182]]]
575505	p	524901
503977	p	524901
2027456	n	131.8811,43.1578,132.4989,43.5861	[[[1318811,433600,15,-222,40,-199,87,7,615,-127,213,-138,-97,-215,236,25,78,110,37,154,105,161,170,95,134,-7,76,-96,-5,-169,-66,-115,-270,-184,50,-3,61,10,17,23,23,9,3,14,24,21,58,17,17,20,35,11,90,61,1,10,-12,7,8,5,37,0,1,6,15,-6,63,0,24,-6,73,11,0,-5,47,0,64,-55,48,-30,40,-10,6,8,216,-29,25,-13,8,5,15,-4,77,-34,9,-29,15,-4,50,15,14,-9,65,-4,37,21,49,16,17,0,26,14,14,40,76,-1,25,-16,13,6,58,-1,19,9,71,-26,52,1,30,15,13,-28,20,-10,19,8,41,1,4,-28,-9,-28,15,-21,13,-1,-266,-141,-43,11,-56,-11,-73,1,-142,-22,-46,-23,-194,-19,-146,-34,-18,14,-133,-42,-4,-37,-68,-184,-133,-6,-38,31,-23,0,-23,-9,-1,-2,127,-56,130,8,78,212,1,21,73,22,16,-13,177,40,198,20,47,24,127,19,74,-1,48,10,54,-14,337,179,40,3,11,-21,-19,-28,-19,-23,-36,-18,6,-37,87,-17,9,-23,-7,-15,41,-21,28,-28,18,2,59,-27,12,-16,46,63,115,210,65,41,215,79,76,341,158,64,96,-33,308,-178,104,-119,-14,-35,-56,-33,-34,-120,-51,-57,-240,-96,-83,-49,-7,-88,94,-68,419,-159,171,-108,56,-135,-147,-162,-105,-40,-83,5,-88,22,-103,13,-15,-44,0,-128,80,28,260,114,244,132,224,149,204,165,180,178,156,190,130,201,102,209,74,215,44,219,15,222,-15,222,-44,219,-74,215,-102,209,-130,201,-156,190,-180,178,-204,165,-224,149,-244,132,-260,114,-274,95,-285,75,-294,54,-300,32,-303,11,-303,-11,-300,-32,-294,-54,-285,-75,-274,-95,-260,-114,-244,-132,-224,-149,-204,-165,-180,-178,-156,-190,-130,-201,-102,-209,-74,-215,-44,-219,-15,-222]],[[1320011,432477,110,-48,1,0,7,31,-10,10,-19,0,-13,17,-40,14,14,37,-8,40,-1,1,-32,-57,-9,-45]],[[1321209,431949,95,-42,64,9,329,140,-19,1,-22,16,-55,-7,-23,-35,-26,-3,-53,-33,-29,0,-38,19,-22,-2,-23,-34,-59,-36,-21,16,-71,-6,-27,-3]],[[1321681,432102,26,-25,5,-15,296,126,-28,3,-49,-16,-171,-18,-27,-9,-52,-46]]]
479411	r	53.0194,63.2695,54.3606,63.8705	[[[530194,635700,14,-197,43,-195,72,-194,99,-192,128,-188,154,-184,181,-179,207,-174,232,-167,256,-159,278,-152,300,-144,320,-134,340,-125,356,-115,373,-104,387,-92,400,-81,410,-70,420,-57,428,-44,433,-33,436,-19,439,-6,439,6,436,19,433,33,428,44,420,57,410,70,400,81,387,92,373,104,356,115,340,125,320,134,300,144,278,152,256,159,232,167,207,174,181,179,154,184,128,188,99,192,72,194,43,195,14,197,-14,197,-43,195,-72,194,-99,192,-128,188,-154,184,-181,179,-207,174,-232,167,-256,159,-278,152,-300,144,-320,134,-340,125,-356,115,-373,104,-387,92,-400,81,-410,70,-420,57,-428,44,-433,33,-436,19,-439,6,-439,-6,-436,-19,-433,-33,-428,-44,-420,-57,-410,-70,-400,-81,-387,-92,-373,-104,-356,-115,-340,-125,-320,-134,-300,-144,-278,-152,-256,-159,-232,-167,-207,-174,-181,-179,-154,-184,-128,-188,-99,-192,-72,-194,-43,-195,-14,-197]]]
495136	p	524901
571741	p	524901
1504682	r	95.1597,55.8862,96.2803,56.5138	[[[951597,562000,12,-205,36,-205,59,-202,84,-200,106,-197,129,-192,152,-187,173,-181,193,-174,214,-167,232,-159,251,-150,268,-140,283,-131,298,-119,311,-109,324,-97,334,-84,343,-73,351,-59,357,-47,362,-33,365,-20,366,-7,366,7,365,20,362,33,357,47,351,59,343,73,334,84,324,97,311,109,298,119,283,131,268,140,251,150,232,159,214,167,193,174,173,181,152,187,129,192,106,197,84,200,59,202,36,205,12,205,-12,205,-36,205,-59,202,-84,200,-106,197,-129,192,-152,187,-173,181,-193,174,-214,167,-232,159,-251,150,-268,140,-283,131,-298,119,-311,109,-324,97,-334,84,-343,73,-351,59,-357,47,-362,33,-365,20,-366,7,-366,-7,-365,-20,-362,-33,-357,-47,-351,-59,-343,-73,-334,-84,-324,-97,-311,-109,-298,-119,-283,-131,-268,-140,-251,-150,-232,-159,-214,-167,-193,-174,-173,-181,-152,-187,-129,-192,-106,-197,-84,-200,-59,-202,-36,-205,-12,-205]]]
1503772	r	68.1767,60.5835,69.8833,61.4165	[[[681767,610000,18,-272,55,-272,91,-269,126,-265,162,-261,197,-255,231,-248,263,-241,295,-231,325,-222,354,-210,382,-199,408,-187,431,-172,454,-159,474,-144,493,-129,508,-112,523,-96,534,-79,544,-62,551,-45,556,-26,558,-9,558,9,556,26,551,45,544,62,534,79,523,96,508,112,493,129,474,144,454,159,431,172,408,187,382,199,354,210,325,222,295,231,263,241,231,248,197,255,162,261,126,265,91,269,55,272,18,272,-18,272,-55,272,-91,269,-126,265,-162,261,-197,255,-231,248,-263,241,-295,231,-325,222,-354,210,-382,199,-408,187,-431,172,-454,159,-474,144,-493,129,-508,112,-523,96,-534,79,-544,62,-551,45,-556,26,-558,9,-558,-9,-556,-26,-551,-45,-544,-62,-534,-79,-523,-96,-508,-112,-493,-129,-474,-144,-454,-159,-431,-172,-408,-187,-382,-199,-354,-210,-325,-222,-295,-231,-263,-241,-231,-248,-197,-255,-162,-261,-126,-265,-91,-269,-55,-272,-18,-272]]]
1498920	r	87.5421,53.3063,88.7036,54.0737	[[[875421,534625,73,-61,267,-194,288,-183,307,-172,326,-159,342,-146,358,-133,371,-118,384,-104,394,-88,403,-73,410,-57,416,-41,419,-25,421,-8,421,8,419,25,416,41,410,57,403,73,394,88,384,104,371,118,358,133,342,146,326,159,307,172,288,183,267,194,245,204,223,213,198,222,174,229,149,235,122,240,95,244,69,248,41,250,14,251,-14,251,-41,250,-69,248,-95,244,-122,240,-149,235,-174,229,-198,222,-223,213,-245,204,-267,194,-288,183,-307,172,-326,159,-342,146,-358,133,-371,118,-384,104,-394,88,-403,73,-410,57,-416,41,-419,25,-421,8,-421,-8,-419,-25,-416,-41,-410,-57,-403,-73,-394,-88,-384,-104,-371,-118,-358,-133,-342,-146,-97,-48,-358,-1621,-806,-3650]]]
508751	p	524901
517161	p	524901
491023	r	56.07,59.4772,57.41,60.0106	[[[560700,596700,14,-223,43,-222,72,-220,99,-217,127,-213,155,-209,181,-203,206,-196,232,-189,50,-36,4322,458,380,282,7,142,75,-1,21,-18,29,-10,97,29,15,-3,-82,-194,-33,-59,-62,-35,87,-27,108,-20,0,-18,75,8,17,9,54,58,41,8,14,-14,-21,-49,6955,737,65,200,43,222,14,223,-14,223,-43,222,-72,220,-99,217,-127,213,-155,209,-181,203,-206,196,-232,189,-255,182,-279,172,-299,163,-320,152,-339,141,-357,130,-372,118,-387,105,-399,92,-410,79,-420,64,-427,51,-432,36,-437,22,-438,7,-438,-7,-437,-22,-432,-36,-427,-51,-420,-64,-410,-79,-399,-92,-387,-105,-372,-118,-357,-130,-339,-141,-320,-152,-299,-163,-279,-172,-255,-182,-232,-189,-206,-196,-181,-203,-155,-209,-127,-213,-99,-217,-72,-220,-43,-222,-14,-223]]]
561347	r	52.1025,57.8438,53.2175,58.4362	[[[521025,581400,12,-194,36,-193,60,-191,82,-189,106,-185,129,-182,150,-176,172,-171,193,-165,212,-157,232,-150,249,-142,266,-132,282,-123,297,-113,310,-103,321,-91,333,-80,341,-68,349,-57,355,-44,360,-31,363,-19,365,-6,365,6,363,19,360,31,355,44,349,57,341,68,333,80,321,91,310,103,297,113,282,123,266,132,249,142,232,150,212,157,193,165,172,171,150,176,129,182,106,185,82,189,60,191,36,193,12,194,-12,194,-36,193,-60,191,-82,189,-106,185,-129,182,-150,176,-172,171,-193,165,-212,157,-232,150,-249,142,-266,132,-282,123,-297,113,-310,103,-321,91,-333,80,-341,68,-349,57,-355,44,-360,31,-363,19,-365,6,-365,-6,-363,-19,-360,-31,-355,-44,-349,-57,-341,-68,-333,-80,-321,-91,-310,-103,-297,-113,-282,-123,-266,-132,-249,-142,-232,-150,-212,-157,-193,-165,-172,-171,-150,-176,-129,-182,-106,-185,-82,-189,-60,-191,-36,-193,-12,-194]]]
2013952	n	102.2362,57.7739,103.0838,58.2261	[[[1022362,580000,20,-222,61,-219,102,-215,140,-209,177,-201,214,-190,248,-178,279,-165,308,-149,335,-132,356,-114,376,-95,392,-75,403,-54,412,-32,415,-11,415,11,412,32,403,54,392,75,376,95,356,114,335,132,308,149,279,165,248,178,214,190,177,201,140,209,102,215,61,219,20,222,-20,222,-61,219,-102,215,-140,209,-177,201,-214,190,-248,178,-279,165,-308,149,-335,132,-356,114,-376,95,-392,75,-403,54,-412,32,-415,11,-415,-11,-412,-32,-403,-54,-392,-75,-376,-95,-356,-114,-335,-132,-308,-149,-279,-165,-248,-178,-214,-190,-177,-201,-140,-209,-102,-215,-61,-219,-20,-222]]]
483826	p	524901
463835	r	48.2897,55.548,48.877,56.1293	[[[482897,555787,19,-6,307,-79,317,-67,323,-55,329,-44,334,-31,336,-19,338,-6,338,6,336,19,334,31,329,44,323,55,317,67,307,79,155,47,586,2427,-19,2,1,17,23,-1,540,2235,-164,87,-262,122,-274,111,-287,101,-299,90,-307,79,-317,67,-323,55,-329,44,-316,29,-1604,-2949,100,-7,112,1,10,-12,-234,-3,-1379,-2536]]]
517963	p	496015
498687	r	53.2771,56.1894,54.3228,56.7415	[[[532771,564800,12,-190,33,-189,56,-188,78,-185,99,-182,120,-178,142,-174,161,-167,181,-162,199,-155,217,-147,234,-139,250,-130,264,-120,278,-111,291,-100,301,-90,312,-79,320,-67,328,-55,333,-43,338,-31,340,-19,291,-5,158,64,4888,1988,55,102,78,185,56,188,33,189,11,186,-6860,2619,-3445,-1926,-51,-122,-56,-188,-33,-189,-12,-190]]]
471430	r	53.4246,56.8505,54.6049,57.3867	[[[534246,571821,2435,-3316,8379,1196,862,123,8,19,66,218,39,219,14,220,-14,220,-39,219,-66,218,-91,214,-117,211,-142,206,-166,201,-189,194,-213,188,-234,179,-255,170,-275,161,-294,150,-311,140,-327,128,-342,117,-355,104,-366,91,-377,77,-385,64,-391,50,-397,36,-401,22,-402,7,-402,-7,-401,-22,-397,-36,-391,-50,-385,-64,-377,-77,-366,-91,-355,-104,-342,-117,-327,-128,-311,-140,-294,-150,-275,-161,-255,-170,-234,-179,-213,-188,-189,-194,-140,-168]]]
1492663	n	60.1791,59.3739,61.0338,59.8261	[[[601791,595147,9,-12,186,-201,224,-190,259,-178,293,-165,323,-149,349,-132,374,-114,394,-95,410,-75,422,-54,431,-32,435,-11,435,11,431,32,422,54,410,75,394,95,374,114,349,132,323,149,293,165,259,178,224,190,186,201,147,209,106,215,64,219,21,222,-21,222,-64,219,-106,215,-147,209,-186,201,-224,190,-259,178,-293,165,-323,149,-349,132,-374,114,-394,95,-410,75,-422,54,-431,32,-435,11,-71,-2,-2129,-1641,-1909,-1471]]]
579460	r	42.7221,51.2695,43.6179,51.8304	[[[427221,515500,9,-183,29,-183,48,-181,66,-179,85,-175,104,-172,121,-167,138,-162,155,-156,170,-149,186,-142,201,-134,214,-125,226,-117,238,-107,249,-97,259,-86,267,-76,274,-64,281,-54,285,-41,289,-30,292,-18,293,-6,293,6,292,18,289,30,285,41,281,54,274,64,267,76,259,86,249,97,238,107,226,117,214,125,201,134,186,142,170,149,155,156,138,162,121,167,104,172,85,175,66,179,48,181,29,183,9,183,-9,183,-29,183,-48,181,-66,179,-85,175,-104,172,-121,167,-138,162,-155,156,-170,149,-186,142,-201,134,-214,125,-226,117,-238,107,-249,97,-259,86,-267,76,-274,64,-281,54,-285,41,-289,30,-292,18,-293,6,-293,-6,-292,-18,-289,-30,-285,-41,-281,-54,-274,-64,-267,-76,-259,-86,-249,-97,-238,-107,-226,-117,-214,-125,-201,-134,-186,-142,-170,-149,-155,-156,-138,-162,-121,-167,-104,-172,-85,-175,-66,-179,-48,-181,-29,-183,-9,-183]]]
463343	r	34.789,51.9888,35.931,52.6912	[[[347890,523400,12,-230,37,-228,61,-227,85,-224,108,-220,132,-215,154,-209,176,-203,197,-195,218,-187,237,-178,256,-168,272,-157,289,-145,304,-134,317,-122,330,-108,340,-95,350,-81,357,-67,364,-52,369,-37,372,-23,373,-7,373,7,372,23,369,37,364,52,357,67,350,81,340,95,330,108,317,122,304,134,289,145,272,157,256,168,237,178,218,187,197,195,176,203,154,209,132,215,108,220,85,224,61,227,37,228,12,230,-12,230,-37,228,-61,227,-85,224,-108,220,-132,215,-154,209,-176,203,-197,195,-218,187,-237,178,-256,168,-272,157,-289,145,-304,134,-317,122,-330,108,-340,95,-350,81,-357,67,-364,52,-369,37,-372,23,-373,7,-373,-7,-372,-23,-369,-37,-364,-52,-357,-67,-350,-81,-340,-95,-330,-108,-317,-122,-304,-134,-289,-145,-272,-157,-256,-168,-237,-178,-218,-187,-197,-195,-176,-203,-154,-209,-132,-215,-108,-220,-85,-224,-61,-227,-37,-228,-12,-230]]]
462755	p	524901
502965	r	38.0596,55.2524,38.611,55.6883	[[[380596,554090,1112,-1566,4402,2732,-3488,1627,-719,-991,-4,-1,2,-2,-31,-43,41,33,-152,-121,-36,15,-18,-42,1,-2,6,-2,0,-5,54,-9,2,-8,-10,-13,11,1,2,-17,-26,-2,-6,-1,1,-5,-123,-170,78,-39,44,25,43,2,24,-32,-25,-12,37,-14,-26,-18,197,-99,-103,-67,-95,49,-19,1,-2,28,-18,14,-26,7,-95,1,-57,9,-41,29,-937,-1292]]]
513471	p	498817
518879	p	524901
8505053	p	524901
1496511	r	74.3466,65.1479,78.9134,67.0121	[[[743466,660800,48,-610,147,-607,243,-601,340,-595,433,-583,527,-571,616,-556,705,-538,789,-518,870,-495,948,-472,1022,-445,1090,-417,1155,-387,1215,-355,1269,-322,1318,-288,1361,-252,1398,-215,1430,-177,1455,-138,1475,-100,1487,-59,1493,-20,1493,20,1487,59,1475,100,1455,138,1430,177,1398,215,1361,252,1318,288,1269,322,1215,355,1155,387,1090,417,1022,445,948,472,870,495,789,518,705,538,616,556,527,571,433,583,340,595,243,601,147,607,48,610,-48,610,-147,607,-243,601,-340,595,-433,583,-527,571,-616,556,-705,538,-789,518,-870,495,-948,472,-1022,445,-1090,417,-1155,387,-1215,355,-1269,322,-1318,288,-1361,252,-1398,215,-1430,177,-1455,138,-1475,100,-1487,59,-1493,20,-1493,-20,-1487,-59,-1475,-100,-1455,-138,-1430,-177,-1398,-215,-1361,-252,-1318,-288,-1269,-322,-1215,-355,-1155,-387,-1090,-417,-1022,-445,-948,-472,-870,-495,-789,-518,-705,-538,-616,-556,-527,-571,-433,-583,-340,-595,-243,-601,-147,-607,-48,-610]]]
1538636	n	59.6748,57.0533,60.5052,57.4861	[[[596748,572600,20,-222,59,-219,99,-215,138,-209,174,-201,209,-190,161,-118,4684,-693,2268,1322,2,0,371,217,40,87,59,219,20,222,-20,222,-59,219,-99,215,-138,209,-174,201,-209,190,-243,178,-274,165,-302,149,-327,132,-350,114,-368,95,-384,75,-395,54,-403,32,-407,11,-407,-11,-403,-32,-395,-54,-384,-75,-368,-95,-350,-114,-327,-132,-302,-149,-274,-165,-243,-178,-209,-190,-174,-201,-138,-209,-99,-215,-59,-219,-20,-222]]]
1538635	r	92.9966,55.9265,94.1032,56.5735	[[[929966,563749,4518,-4450,61,-6,377,-21,378,-7,378,7,377,21,373,35,369,48,362,61,354,75,345,87,333,100,322,112,307,123,293,134,276,145,259,154,240,164,220,172,109,98,815,2126,-60,204,-86,206,-110,203,-133,198,-156,193,-179,186,-200,180,-220,172,-240,164,-259,154,-276,145,-293,134,-307,123,-322,112,-333,100,-345,87,-354,75,-362,61,-369,48,-373,35,-377,21,-378,7,-378,-7,-377,-21,-373,-35,-369,-48,-362,-61,-354,-75,-345,-87,-333,-100,-322,-112,-307,-123,-293,-134,-276,-145,-259,-154,-240,-164,-220,-172,-200,-180,-179,-186,-147,-182]]]
527191	r	39.963,52.5961,40.997,53.2239	[[[399630,529100,12,-205,33,-205,55,-202,77,-200,98,-197,119,-192,140,-187,159,-181,179,-175,197,-167,214,-159,232,-149,246,-141,262,-130,275,-120,287,-108,299,-97,308,-85,316,-72,324,-60,329,-46,334,-34,337,-20,338,-7,338,7,337,20,334,34,329,46,324,60,316,72,308,85,299,97,287,108,275,120,262,130,246,141,232,149,214,159,197,167,86,84,778,1514,8,146,-12,205,-33,205,-55,202,-77,200,-98,197,-119,192,-140,187,-159,181,-179,175,-197,167,-214,159,-232,149,-246,141,-262,130,-275,120,-287,108,-299,97,-308,85,-316,72,-324,60,-329,46,-334,34,-337,20,-338,7,-338,-7,-337,-20,-334,-34,-329,-46,-324,-60,-316,-72,-308,-85,-299,-97,-287,-108,-275,-120,-262,-130,-246,-141,-232,-149,-214,-159,-197,-167,-179,-175,-159,-181,-140,-187,-119,-192,-98,-197,-77,-200,-55,-202,-33,-205,-12,-205]]]
548605	r	41.5882,57.1465,42.6717,57.7335	[[[415883,574400,11,-192,35,-191,58,-190,80,-187,103,-184,125,-179,146,-175,168,-170,187,-163,206,-156,225,-148,242,-141,259,-131,274,-122,288,-112,301,-101,313,-91,323,-79,332,-67,339,-56,345,-44,350,-31,353,-19,354,-6,354,6,353,19,350,31,345,44,339,56,332,67,323,79,313,91,301,101,288,112,274,122,259,131,242,141,225,148,206,156,187,163,168,170,146,175,125,179,103,184,80,187,58,190,35,191,11,192,-11,192,-35,191,-58,190,-80,187,-103,184,-125,179,-146,175,-168,170,-187,163,-206,156,-225,148,-242,141,-259,131,-274,122,-288,112,-301,101,-313,91,-323,79,-332,67,-339,56,-345,44,-350,31,-353,19,-354,6,-354,-6,-353,-19,-350,-31,-345,-44,-339,-56,-332,-67,-323,-79,-313,-91,-301,-101,-288,-112,-274,-122,-259,-131,-242,-141,-225,-148,-206,-156,-187,-163,-168,-170,-146,-175,-125,-179,-103,-184,-80,-187,-58,-190,-35,-191,-11,-192]]]
542374	p	524901
504003	p	498817
2123628	r	150.0334,59.4323,151.6086,59.9724	[[[1500334,596911,612,-196,731,-187,1067,-25,316,-41,351,-142,700,-97,457,-97,82,-229,33,-88,205,-83,300,-4,-24,-152,548,-104,301,-56,585,74,560,76,576,58,8,-11,-26,-231,-5,-3,-7,12,-13,0,17,-16,-2,-2,-305,-79,-22,-2,-12,19,6,-24,-289,-75,-604,-32,-668,-95,-775,-192,319,-97,830,97,559,60,305,-31,345,-85,261,12,88,-189,-214,-145,-129,-111,398,-75,632,161,339,7,488,-15,160,136,20,129,-30,-16,105,54,68,14,26,11,-4,22,-51,2,-36,11,-170,21,-184,-3,179,3,-51,28,-89,24,-82,-1,-3,7,41,22,82,90,16,5,31,0,71,28,16,-1,13,-14,-21,29,23,24,-5,16,15,27,50,62,-25,12,-86,-9,-10,1,-283,109,-95,146,118,129,304,-35,210,40,8,-1,12,5,440,85,-29,-4,33,4,19,4,567,101,690,-12,566,-15,369,-36,510,-138,455,-33,248,120,91,188,150,143,251,32,285,-65,263,-206,97,-77,-298,9,-14,-57,127,-51,325,-85,164,-91,-12,-98,87,-117,108,-73,66,-40,178,-29,466,-29,183,-67,31,96,52,268,17,270,-17,270,-52,268,-86,267,-120,262,-154,259,-186,252,-219,246,-249,238,-280,229,-308,220,-336,208,-361,197,-387,185,-409,171,-430,157,-449,143,-467,127,-482,112,-495,95,-506,78,-515,61,-523,44,-526,27,-529,8,-529,-8,-526,-27,-523,-44,-515,-61,-506,-78,-495,-95,-482,-112,-467,-127,-449,-143,-430,-157,-409,-171,-387,-185,-361,-197,-336,-208,-308,-220,-280,-229,-249,-238,-219,-246,-186,-252,-9,-15]]]
571170	r	52.5025,54.2623,53.185,54.8177	[[[525025,543235,80,-38,253,-106,265,-96,274,-86,283,-75,292,-64,297,-53,303,-41,307,-29,310,-18,311,-6,311,6,310,18,307,29,303,41,297,53,292,64,283,75,274,86,265,96,209,88,999,3848,-78,64,-197,140,-213,133,-227,124,-240,115,-253,106,-265,96,-274,86,-283,75,-292,64,-297,53,-303,41,-307,29,-310,18,-311,6,-287,-5,-304,-140,-2384,-4797]]]
530088	p	524901
536398	p	524901
537737	r	46.1362,52.8398,47.0638,53.4002	[[[461362,531200,10,-183,30,-183,49,-181,69,-178,88,-176,107,-171,125,-167,144,-162,160,-156,177,-149,192,-142,208,-133,221,-126,235,-116,246,-107,258,-97,268,-86,276,-76,284,-64,291,-54,295,-41,300,-30,302,-18,303,-6,303,6,302,18,300,30,295,41,291,54,284,64,276,76,268,86,258,97,246,107,235,116,221,126,208,133,192,142,177,149,160,156,144,162,125,167,107,171,88,176,69,178,49,181,30,183,10,183,-10,183,-30,183,-49,181,-69,178,-88,176,-107,171,-125,167,-144,162,-160,156,-177,149,-192,142,-208,133,-221,126,-235,116,-246,107,-258,97,-268,86,-276,76,-284,64,-291,54,-295,41,-300,30,-302,18,-303,6,-303,-6,-302,-18,-300,-30,-295,-41,-291,-54,-284,-64,-276,-76,-268,-86,-258,-97,-246,-107,-235,-116,-221,-126,-208,-133,-192,-142,-177,-149,-160,-156,-144,-162,-125,-167,-107,-171,-88,-176,-69,-178,-49,-181,-30,-183,-10,-183]]]
548395	p	548408
1510350	p	1496747
561887	r	29.5869,59.3031,30.576,59.7554	[[[295869,595800,12,-181,34,-180,58,-179,81,-177,103,-173,125,-170,147,-165,168,-159,187,-154,207,-147,226,-140,243,-133,259,-124,275,-114,289,-106,301,-96,314,-85,324,-75,332,-64,340,-52,346,-41,351,-30,354,-18,355,-6,355,6,354,18,351,30,346,41,340,52,332,64,324,75,314,85,301,96,289,106,275,114,259,124,243,133,226,140,151,107,-3066,2196,-152,-80,-113,48,96,58,80,38,-39,28,-34,16,-78,8,-29,47,5,27,-5,3,-39,7,12,12,-114,82,-9,-18,-49,12,-44,25,31,32,-1104,791,-4004,-1059,-1208,-430,-16,-84,-12,-181]]]
541406	p	524901
498525	r	42.6679,54.5788,43.9521,55.3178	[[[426679,549500,14,-243,41,-242,69,-239,95,-237,122,-232,148,-228,174,-221,198,-214,221,-206,245,-198,267,-188,287,-177,307,-166,324,-154,342,-142,357,-128,370,-114,383,-101,393,-85,402,-71,409,-55,415,-40,418,-23,420,-8,420,8,418,23,415,40,409,55,402,71,393,85,383,101,370,114,357,128,342,142,324,154,307,166,287,177,267,188,245,198,221,206,198,214,174,221,148,228,122,232,95,237,69,239,41,242,14,243,-14,243,-41,242,-69,239,-21,54,-3046,1236,-1357,552,-2739,1112,-387,-37,-409,-55,-402,-71,-393,-85,-383,-101,-370,-114,-357,-128,-342,-142,-324,-154,-307,-166,-287,-177,-267,-188,-245,-198,-221,-206,-198,-214,-174,-221,-148,-228,-122,-232,-95,-237,-69,-239,-41,-242,-14,-243]]]
466885	r	37.8851,46.4102,38.6851,46.8619	[[[378851,466280,36,-104,77,-175,93,-172,109,-166,125,-162,140,-155,155,-149,168,-142,181,-133,194,-126,205,-116,215,-106,225,-97,234,-86,242,-76,248,-64,253,-54,259,-41,261,-30,264,-18,265,-6,265,6,264,18,261,30,259,41,253,54,248,64,242,76,234,86,225,97,215,106,205,116,194,126,181,133,168,142,155,149,140,155,125,162,109,166,93,172,77,175,61,178,43,181,26,182,8,183,-8,183,-26,182,-43,181,-61,178,-77,175,-93,172,-109,166,-125,162,-140,155,-133,129,-305,-80,-200,-20,-785,136,-169,-44,-224,-108,-206,-134,-117,-123,-15,-97,31,-218,-16,-95,-68,-53,-230,-123,-50,-70,12,-113,50,-148,38,-211,54,56,48,120,9,58,387,133,426,-14,428,-110,397,-152,136,-74,191,-140,124,-180,-66,-187,-162,-54,-1131,-68,-1486,293,-68,69,-168,229,-8,50,-22,35,0,1,-5,90,17,107,51,68,-23,16,-9,-1,15,-5,-2,-8,-27,-15,-53,-58,-19,-12,-14,2,7,-11,-33,-22,-19,3,9,-4,-7,-7,-42,34,-49,-21,-15,13,-3,-20,-35,-14,-305,-239,-89,-42,-23,-8,-44,-8,54,10,-69,-33,-196,-41,-485,-15,-225,-41,-196,-105,-334,-301,-335,-164,-545,-120,-576,-20,-396,125]]]
570427	r	51.7044,52.4416,52.8156,53.1184	[[[517044,527800,11,-221,36,-221,59,-218,83,-216,105,-212,128,-207,151,-202,171,-195,192,-188,212,-180,230,-171,249,-162,265,-151,281,-141,296,-129,309,-116,320,-105,332,-91,340,-78,348,-64,354,-51,359,-36,362,-22,363,-7,363,7,362,22,359,36,354,51,348,64,340,78,332,91,320,105,309,116,296,129,281,141,265,151,249,162,230,171,212,180,192,188,171,195,151,202,128,207,105,212,83,216,59,218,36,221,11,221,-11,221,-36,221,-59,218,-83,216,-105,212,-128,207,-151,202,-171,195,-192,188,-212,180,-230,171,-249,162,-265,151,-281,141,-296,129,-309,116,-320,105,-332,91,-340,78,-348,64,-354,51,-359,36,-362,22,-363,7,-363,-7,-362,-22,-359,-36,-354,-51,-348,-64,-340,-78,-332,-91,-320,-105,-309,-116,-296,-129,-281,-141,-265,-151,-249,-162,-230,-171,-212,-180,-192,-188,-171,-195,-151,-202,-128,-207,-105,-212,-83,-216,-59,-218,-36,-221,-11,-221]]]
558146	p	487928
569742	r	53.6368,56.4801,54.6595,56.9701	[[[536368,567415,6847,-2614,316,79,317,94,305,104,292,116,278,126,263,136,246,144,228,154,209,161,190,169,170,175,148,180,127,186,104,190,82,193,58,196,36,198,11,198,-11,198,-36,198,-58,196,-82,193,-104,190,-127,186,-148,180,-170,175,-190,169,-209,161,-228,154,-172,101,-8379,-1196,-313,-1090]]]
535330	p	524901
579870	p	524901
2014022	r	103.135,52.4762,104.1283,53.0577	[[[1031350,527500,11,-201,33,-201,53,-198,76,-196,95,-193,117,-189,136,-183,156,-178,174,-171,193,-163,210,-156,225,-147,242,-138,255,-127,269,-118,280,-106,225,-73,7183,3519,-6,15,-95,193,-117,189,-136,183,-156,178,-174,171,-193,163,-210,156,-225,147,-242,138,-255,127,-269,118,-280,106,-292,95,-301,83,-309,71,-316,58,-322,46,-326,33,-329,20,-330,6,-330,-6,-288,-18,-4116,-1987,-48,-77,-95,-193,-76,-196,-53,-198,-33,-201,-11,-201]]]
11238229	p	524901
7496732	n	52.6168,53.5139,53.3197,53.9661	[[[526168,538580,1477,-3184,302,-85,351,-75,361,-54,369,-32,372,-11,372,11,369,32,361,54,351,75,337,95,320,114,299,132,276,149,250,165,222,178,192,190,159,201,126,209,90,215,55,219,18,222,-18,222,-55,219,-90,215,-126,209,-159,201,-192,190,-222,178,-250,165,-276,149,-299,132,-320,114,-337,95,-351,75,-361,54,-369,32,-372,11,-372,-11,-369,-32,-361,-54,-351,-75,-337,-95,-320,-114,-299,-132,-276,-149,-250,-165,-222,-178,-75,-76]]]
8504964	p	498817
468250	r	38.7477,55.1371,39.499,55.6054	[[[387477,555473,1919,-3308,2744,-794,16,4,274,70,265,81,255,91,244,100,232,109,219,118,206,125,190,133,175,139,159,146,141,152,124,156,106,161,87,165,69,167,48,169,30,171,10,172,-10,172,-30,171,-48,169,-69,167,-87,165,-106,161,-124,156,-141,152,-159,146,-175,139,-190,133,-206,125,-219,118,-232,109,-244,100,-201,71,-4023,-161,-1249,-420]]]
1485724	r	84.3552,55.4167,85.4248,56.0233	[[[843552,557200,11,-198,34,-198,57,-196,80,-193,101,-190,124,-186,144,-180,165,-175,185,-169,204,-161,222,-154,239,-145,256,-135,270,-126,285,-116,297,-105,308,-93,319,-82,328,-70,335,-57,341,-46,345,-32,348,-19,350,-7,350,7,348,19,345,32,341,46,335,57,328,70,319,82,308,93,297,105,285,116,270,126,256,135,239,145,222,154,204,161,185,169,165,175,144,180,124,186,101,190,80,193,57,196,34,198,11,198,-11,198,-34,198,-57,196,-80,193,-101,190,-124,186,-144,180,-165,175,-185,169,-204,161,-222,154,-239,145,-256,135,-270,126,-285,116,-297,105,-308,93,-319,82,-328,70,-335,57,-341,46,-345,32,-348,19,-350,7,-350,-7,-348,-19,-345,-32,-341,-46,-335,-57,-328,-70,-319,-82,-308,-93,-297,-105,-285,-116,-270,-126,-256,-135,-239,-145,-222,-154,-204,-161,-185,-169,-165,-175,-144,-180,-124,-186,-101,-190,-80,-193,-57,-196,-34,-198,-11,-198]]]
535729	p	498817
12750521	p	1494114
1511494	n	85.6176,55.8539,86.4224,56.3061	[[[856176,560800,19,-222,58,-219,96,-215,133,-209,169,-201,203,-190,235,-178,265,-165,293,-149,317,-132,339,-114,357,-95,372,-75,383,-54,391,-32,394,-11,383,11,2028,443,142,59,293,149,265,165,235,178,203,190,169,201,133,209,96,215,58,219,19,222,-19,222,-58,219,-96,215,-133,209,-169,201,-203,190,-235,178,-265,165,-293,149,-317,132,-339,114,-357,95,-372,75,-383,54,-391,32,-394,11,-394,-11,-391,-32,-383,-54,-372,-75,-357,-95,-339,-114,-317,-132,-293,-149,-265,-165,-235,-178,-203,-190,-169,-201,-133,-209,-96,-215,-58,-219,-19,-222]]]
1489246	r	61.0355,53.9071,62.1045,54.4056	[[[610355,540900,12,-206,34,-206,57,-204,79,-201,102,-197,123,-194,102,-132,100,2,488,-61,67,-47,37,-70,74,-99,132,-120,167,-94,179,6,165,182,32,172,-54,171,-203,324,-35,58,-78,199,563,24,250,78,185,176,182,138,262,33,800,-72,155,-85,287,-364,167,-82,742,-104,34,-316,77,-92,179,-40,187,25,106,94,53,146,35,184,954,0,133,-73,135,-37,129,17,220,166,143,9,151,-33,141,-49,76,-194,19,-128,62,-93,202,-84,353,-65,1119,-42,-3,603,-9,60,2,191,880,20,36,90,57,204,34,206,12,206,-12,206,-34,206,-57,204,-79,201,-102,197,-123,194,-144,188,-165,182,-185,175,-204,168,-222,160,-239,151,-255,141,-270,131,-285,120,-297,109,-308,98,-319,85,-327,73,-335,60,-340,46,-345,34,-348,20,-350,7,-350,-7,-348,-20,-345,-34,-340,-46,-335,-60,-327,-73,-319,-85,-308,-98,-297,-109,-285,-120,-270,-131,-255,-141,-239,-151,-222,-160,-204,-168,-185,-175,-165,-182,-144,-188,-123,-194,-102,-197,-79,-201,-57,-204,-34,-206,-12,-206]]]
580054	p	501175
551847	p	532096
1538634	r	60.2197,55.4879,61.1803,55.9407	[[[602197,557600,10,-178,31,-177,51,-176,71,-173,92,-171,110,-166,130,-162,148,-157,166,-152,183,-144,200,-138,215,-130,229,-122,243,-113,255,-103,267,-94,278,-84,286,-74,294,-63,301,-51,306,-41,310,-29,313,-17,314,-6,314,6,313,17,310,29,306,41,301,51,294,63,286,74,278,84,267,94,255,103,243,113,229,122,215,130,200,138,183,144,166,152,148,157,130,162,110,166,92,171,71,173,51,176,31,177,10,178,-10,178,-31,177,-51,176,-71,173,-92,171,-110,166,-130,162,-148,157,-34,31,-7716,416,-21,-13,-200,-138,-183,-144,-166,-152,-148,-157,-130,-162,-110,-166,-92,-171,-71,-173,-51,-176,-31,-177,-10,-178]]]
466990	r	42.4538,43.9231,42.9584,44.316	[[[424538,440959,5012,-1728,0,1200,10,-10,24,0,-9,101,-25,16,0,23,5,2,-5,1,0,969,-2796,1627,-211,-82,-228,-103,-219,-113,-208,-124,-197,-133,-184,-142,-171,-151,-156,-158,-143,-166,-126,-171,-112,-178,-94,-182,-79,-187,-61,-189,-27,-122]]]
547523	r	36.2254,56.0758,37.1217,56.6116	[[[362255,563300,10,-184,33,-184,53,-181,75,-180,96,-176,117,-173,136,-168,156,-162,174,-157,192,-149,210,-143,225,-134,241,-126,256,-117,268,-108,280,-97,291,-87,64,-16,2665,1379,3420,2105,-18,489,-3563,1379,-6,0,-330,6,-330,-6,-329,-18,-325,-30,-322,-42,-316,-53,-309,-65,-301,-76,-291,-87,-280,-97,-268,-108,-256,-117,-241,-126,-225,-134,-210,-143,-192,-149,-174,-157,-156,-162,-136,-168,-117,-173,-96,-176,-75,-180,-53,-181,-33,-184,-10,-184]]]
1486910	r	63.2893,67.2093,64.8507,67.8107	[[[632893,675100,16,-197,51,-195,83,-195,116,-191,148,-188,180,-185,211,-179,241,-173,270,-167,297,-160,324,-152,349,-144,373,-135,395,-124,416,-115,433,-104,451,-93,465,-81,478,-69,489,-57,498,-45,504,-32,508,-19,511,-7,511,7,508,19,504,32,498,45,489,57,478,69,465,81,451,93,433,104,416,115,395,124,373,135,349,144,324,152,297,160,270,167,241,173,211,179,180,185,148,188,116,191,83,195,51,195,16,197,-16,197,-51,195,-83,195,-116,191,-148,188,-180,185,-211,179,-241,173,-270,167,-297,160,-324,152,-349,144,-373,135,-395,124,-416,115,-433,104,-451,93,-465,81,-478,69,-489,57,-498,45,-504,32,-508,19,-511,7,-511,-7,-508,-19,-504,-32,-498,-45,-489,-57,-478,-69,-465,-81,-451,-93,-433,-104,-416,-115,-395,-124,-373,-135,-349,-144,-324,-152,-297,-160,-270,-167,-241,-173,-211,-179,-180,-185,-148,-188,-116,-191,-83,-195,-51,-195,-16,-197]]]
562820	p	524901
540761	r	40.1657,45.1544,40.9743,45.7256	[[[401657,454400,9,-187,26,-186,43,-184,60,-182,77,-179,93,-175,109,-170,125,-165,139,-159,154,-152,168,-144,181,-137,193,-127,205,-119,215,-109,224,-98,234,-89,241,-77,247,-66,254,-54,257,-42,261,-31,264,-18,264,-6,264,6,264,18,261,31,257,42,254,54,247,66,241,77,234,89,224,98,215,109,205,119,193,127,181,137,168,144,154,152,139,159,125,165,109,170,93,175,77,179,60,182,43,184,26,186,9,187,-9,187,-26,186,-43,184,-60,182,-77,179,-93,175,-109,170,-125,165,-139,159,-154,152,-168,144,-181,137,-193,127,-205,119,-215,109,-224,98,-234,89,-241,77,-247,66,-254,54,-257,42,-261,31,-264,18,-264,6,-128,-3,-1509,-571,-1655,-626,-70,-69,-139,-159,-125,-165,-109,-170,-93,-175,-77,-179,-60,-182,-43,-184,-26,-186,-9,-187]]]
1492517	r	63.0926,55.7825,64.1874,56.3975	[[[630926,560900,11,-201,36,-200,58,-199,81,-196,104,-192,126,-189,148,-183,169,-177,189,-171,209,-164,227,-155,245,-147,262,-138,276,-127,292,-118,304,-106,316,-95,326,-83,335,-71,343,-58,349,-46,353,-32,357,-20,358,-7,358,7,357,20,353,32,349,46,343,58,335,71,326,83,316,95,304,106,292,118,276,127,262,138,245,147,227,155,209,164,189,171,169,177,148,183,126,189,104,192,81,196,58,199,36,200,11,201,-11,201,-36,200,-58,199,-81,196,-104,192,-126,189,-148,183,-169,177,-189,171,-209,164,-227,155,-245,147,-262,138,-276,127,-292,118,-304,106,-316,95,-326,83,-335,71,-343,58,-349,46,-353,32,-357,20,-358,7,-358,-7,-357,-20,-353,-32,-349,-46,-343,-58,-335,-71,-326,-83,-316,-95,-304,-106,-292,-118,-276,-127,-262,-138,-245,-147,-227,-155,-209,-164,-189,-171,-169,-177,-148,-183,-126,-189,-104,-192,-81,-196,-58,-199,-36,-200,-11,-201]]]
470546	r	28.0832,60.3816,29.4168,61.0384	[[[280832,607100,14,-215,43,-214,71,-212,99,-209,127,-206,154,-201,180,-196,134,-123,34,-3,195,-43,222,-9,53,7,198,124,247,201,202,115,26,35,34,32,86,32,118,12,128,-12,127,-32,110,-42,-16,85,-42,72,-67,61,-93,54,202,63,226,-42,186,9,76,219,100,191,235,64,521,-20,116,23,205,98,127,22,529,-13,122,45,172,130,347,164,166,115,83,24,8,-2,47,-51,28,-13,31,-50,-24,-35,-40,-18,-105,-136,-31,-2,-77,11,-36,-13,2,-29,67,-25,52,14,206,-71,26,-103,-35,11,-202,26,-101,-122,47,-140,276,-266,86,-140,-216,-7,-57,-203,48,-162,-22,-228,7,-205,249,-165,128,-183,81,-213,-44,-173,-192,-53,-246,82,-420,247,-732,216,-194,120,-62,96,-48,196,-61,83,-134,47,-205,16,-204,-16,-140,-47,146,-203,640,-508,891,-993,1,-1,131,-15,431,-35,434,-21,436,-7,436,7,434,21,431,35,425,49,417,62,409,76,397,88,385,102,371,113,354,125,337,137,319,147,298,157,277,166,254,174,231,183,205,189,180,196,154,201,127,206,99,209,71,212,43,214,14,215,-14,215,-43,214,-71,212,-99,209,-127,206,-154,201,-180,196,-205,189,-231,183,-254,174,-277,166,-298,157,-319,147,-337,137,-354,125,-371,113,-385,102,-397,88,-409,76,-417,62,-425,49,-431,35,-434,21,-436,7,-376,-6,-22,-108,-261,-481,-263,-278,-28,-16,-58,-14,-344,73,-419,-37,-162,26,-303,-41,-260,-96,-50,-34,-24,-1,-7,-20,-99,-73,17,-21,-187,-24,-674,-358,21,-18,-26,-21,-47,11,-571,-306,-44,19,-187,-138,-7,-9,-23,-13,-657,-484,-222,-79,-12,-9,-19,-2,-632,-223,-199,-194,-409,-179,-110,-71,-4,-59],[286931,606732,212,15,23,-9,-39,-41,-162,23,-34,12]],[[285567,606120,50,-175,138,-141,240,-38,351,248,-36,162,-76,109,-56,107,-133,58,-158,13,-132,-32,-145,-136,-43,-175]]]
502018	p	524901
582846	p	524901
471656	r	38.1635,55.1363,38.9396,55.5473	[[[381635,552341,19,-46,92,-174,1453,-758,6197,802,-1919,3308,-199,-6,-1168,-211,-4402,-2732,-73,-183]]]
526480	r	42.7531,44.1008,43.4126,44.4888	[[[427531,442708,2019,-1175,3045,-525,1531,2992,-94,72,-184,124,-196,116,-205,106,-215,97,-223,86,-230,75,-237,64,-242,53,-246,42,-250,30,-251,17,-253,6,-253,-6,-251,-17,-250,-30,-246,-42,-242,-53,-237,-64,-230,-75,-223,-86,-215,-97,-205,-106,-196,-116,-184,-124,-173,-134,-160,-141,-148,-148,-133,-155,-119,-161,-105,-166,-89,-171,-73,-174,-37,-114]]]
472732	p	524901
553399	r	40.079,48.0095,40.8966,48.7461	[[[400791,481917,498,-210,33,-34,2,-19,-23,-24,-73,-34,42,-31,236,-72,-100,-18,8,-17,110,-3,89,-19,-48,-28,49,-18,-42,-47,13,-4,-6,-8,163,-17,11,-18,253,36,12,25,80,9,51,-21,19,-14,5,3,1760,-741,1074,-453,160,-4,1787,-41,146,92,285,204,264,215,243,227,220,237,196,245,172,254,147,261,121,267,94,272,68,275,41,277,14,279,-14,279,-41,277,-68,275,-94,272,-121,267,-147,261,-172,254,-196,245,-220,237,-243,227,-264,215,-285,204,-304,191,-322,176,-338,163,-354,147,-367,132,-379,115,-390,98,-399,81,-405,63,-411,45,-415,28,-416,9,-416,-9,-362,-24,-199,-1064,-832,-4447]]]
1510469	n	85.914,54.1939,86.6861,54.5969	[[[859140,544200,19,-222,55,-219,92,-215,128,-209,162,-201,195,-190,225,-178,255,-165,280,-149,305,-132,325,-114,342,-95,357,-75,367,-54,375,-32,378,-11,378,11,375,32,367,54,357,75,342,95,325,114,305,132,280,149,255,165,225,178,195,190,162,201,128,209,92,215,55,219,19,222,-19,222,-55,219,-92,215,-128,209,-162,201,-195,190,-225,178,-255,165,-280,149,-50,21,-6104,-1140,-81,-188,-55,-219,-19,-222]]]
569591	r	37.0326,55.0161,37.9339,55.2958	[[[370326,551477,121,-890,7098,-426,1794,1510,-1,8,-25,146,-2328,803,-2872,330,19,-22,-46,-17,11,-17,83,11,-28,-13,2,-35,-45,-78,7,-1,-50,-178,-13,-102,-49,-5,-153,-33,-319,-79,-188,-9,-10,-93,-66,3,-101,-7,11,-56,-8,-20,-162,38,-9,61,44,12,24,-1,-17,41,2,24,18,19,-40,28,-85,-5,-35,62,-194,102,-37,-23,90,-49,-24,-70,-43,-41,-189,-5,-38,19,-20,-26,-107,35,7,16,-23,12,11,23,-153,52,-28,-9,-20,5,-44,-19,-20,-17,-19,4,-47,-51,7,-13,31,-14,-52,-40,-59,-29,-49,17,-41,4,-68,-26,-23,-17,-43,-13,-81,3,29,-155,33,-3,-16,-42,-13,-2,22,-168,55,4,-10,-34,-61,-62,11,-26,-10,-22,26,-68,-2,-24,13,-10,2,-49,-14,-12,-32,11,-6,-10,-40,3,-49,-30,-9,31,-155,-4,13,-87,-315,-15,6,-50,-468,-21,3,-28,-199,-9,8,-12,-41,6,-23,-3,-14,35,-52,17]]]
1511330	n	61.0475,56.7839,61.8725,57.2361	[[[610475,570100,20,-222,60,-219,98,-215,136,-209,173,-201,209,-190,241,-178,272,-165,299,-149,326,-132,347,-114,366,-95,381,-75,392,-54,401,-32,404,-11,404,11,401,32,392,54,381,75,366,95,347,114,326,132,299,149,272,165,241,178,209,190,173,201,136,209,98,215,60,219,20,222,-20,222,-60,219,-98,215,-136,209,-173,201,-209,190,-241,178,-272,165,-299,149,-326,132,-347,114,-366,95,-381,75,-392,54,-401,32,-404,11,-404,-11,-401,-32,-392,-54,-381,-75,-366,-95,-347,-114,-326,-132,-299,-149,-272,-165,-241,-178,-209,-190,-173,-201,-136,-209,-98,-215,-60,-219,-20,-222]]]
2026643	r	132.3911,48.4392,133.4489,49.1408	[[[1323911,487900,11,-229,34,-229,56,-226,79,-224,101,-220,121,-215,143,-209,163,-202,183,-195,202,-187,219,-177,237,-168,253,-157,267,-145,281,-134,294,-121,306,-108,315,-95,324,-81,331,-67,337,-52,342,-37,344,-23,346,-7,346,7,344,23,342,37,337,52,331,67,324,81,315,95,306,108,294,121,281,134,267,145,253,157,237,168,219,177,202,187,183,195,163,202,143,209,121,215,101,220,79,224,56,226,34,229,11,229,-11,229,-34,229,-56,226,-79,224,-101,220,-121,215,-143,209,-163,202,-183,195,-202,187,-219,177,-237,168,-253,157,-267,145,-281,134,-294,121,-306,108,-315,95,-324,81,-331,67,-337,52,-342,37,-344,23,-346,7,-346,-7,-344,-23,-342,-37,-337,-52,-331,-67,-324,-81,-315,-95,-306,-108,-294,-121,-281,-134,-267,-145,-253,-157,-237,-168,-219,-177,-202,-187,-183,-195,-163,-202,-143,-209,-121,-215,-101,-220,-79,-224,-56,-226,-34,-229,-11,-229]]]
510291	p	498817
567311	p	498817
1498693	p	1512236
561627	r	43.2595,43.8814,43.8418,44.4186	[[[432595,441008,1392,-2016,96,-139,132,-16,242,-17,243,-6,243,6,242,17,240,29,237,40,233,51,228,62,221,72,215,83,207,93,197,102,189,112,177,120,166,128,155,136,142,143,128,149,115,155,100,160,86,165,70,168,56,171,39,173,24,175,8,176,-8,176,-24,175,-39,173,-56,171,-70,168,-86,165,-100,160,-115,155,-128,149,-142,143,-155,136,-166,128,-177,120,-189,112,-197,102,-207,93,-215,83,-221,72,-228,62,-233,51,-237,40,-240,29,-242,17,-243,6,-243,-6,-242,-17,-6,-1,-83,-162,-1531,-2992]]]
468082	p	521118
523426	r	36.2625,55.2064,37.1335,55.6573	[[[362625,553900,10,-175,30,-174,50,-173,69,-170,75,-140,6790,-1004,-33,26,34,31,-28,5,1,15,-50,25,-58,16,-44,3,14,18,-26,25,37,19,-38,60,31,36,12,40,-7,19,-26,12,-96,0,16,13,22,2,0,11,23,8,-5,26,86,-17,12,36,-48,4,13,75,15,18,31,1,34,17,-46,40,45,6,49,20,44,-11,30,9,58,-10,54,29,29,-10,34,82,32,-2,313,59,47,10,0,14,-46,0,2,44,-89,11,-101,-9,-43,13,-6,13,-43,-6,-7,17,-89,43,36,30,-27,18,37,65,-20,73,-227,85,-33,-22,-157,75,19,13,-44,19,-30,40,-23,0,-8,47,-199,95,-1,17,-10,1,5,15,-86,7,-41,9,12,13,-25,13,-458,222,71,43,-146,73,136,89,-276,130,78,47,-163,27,-12,19,-34,19,14,-3,34,33,18,-1,4,5,-34,4,-5,-4,-24,7,-28,-25,-77,95,-83,45,14,247,107,5,10,424,118,0,-1,-9,166,-4,750,-13,3,96,158,-4,-20,9,6,5,39,-4,19,6,20,-13,-60,-63,18,5,-7,-12,9,-13,-28,-18,17,-57,12,-5,-30,-28,427,-25,-44,-382,96,-6,10,29,53,-9,3,23,44,-9,-7,-16,11,-6,19,3,35,-39,23,1,35,-21,-21,-9,11,-24,17,-10,129,-11,9,117,120,-8,35,24,12,57,238,-14,-20,-80,182,-11,35,-9,2,-20,-19,-7,28,-18,-8,-15,19,-12,48,8,20,-51,67,21,11,-6,37,24,-10,6,130,35,3,-10,-52,-31,47,-38,-41,-18,29,3,56,-17,25,11,-13,7,62,21,62,-4,29,13,-160,109,-252,111,10,53,-2679,1814,-42,6,-302,29,-304,17,-306,5,-306,-5,-304,-17,-302,-29,-298,-40,-293,-51,-286,-61,-279,-72,-270,-83,-259,-92,-249,-102,-236,-111,-224,-120,-209,-127,-194,-136,-178,-142,-162,-148,-144,-155,-126,-159,-108,-164,-89,-167,-69,-170,-50,-173,-30,-174,-10,-175],[369008,553149,31,23,23,-5,29,32,10,63,-17,37,13,-1,6,15,55,-10,-20,-44,86,-11,4,-9,-51,-75,-56,3,-10,-31,-40,-25,-42,17,-21,21]]]
8504959	p	498817
515083	r	44.7478,43.0668,45.3746,43.5762	[[[447478,434491,3563,-3822,141,18,223,38,220,49,214,59,208,69,202,79,195,88,186,98,177,106,167,115,156,122,145,130,134,136,121,143,108,148,14,23,94,2064,-14,27,-94,152,-108,148,-121,143,-134,136,-145,130,-156,122,-167,115,-177,106,-186,98,-195,88,-202,79,-208,69,-214,59,-220,49,-223,38,-225,28,-228,16,-229,5,-229,-5,-228,-16,-225,-28,-223,-38,-220,-49,-214,-59,-208,-69,-202,-79,-195,-88,-186,-98,-177,-106,-167,-115,-156,-122,-145,-130,-134,-136,-113,-133]]]
1508054	p	1512236
1488253	n	94.1872,55.8839,94.9928,56.3361	[[[941872,561100,20,-222,58,-219,96,-215,133,-209,169,-201,203,-190,236,-178,265,-165,293,-149,317,-132,339,-114,358,-95,372,-75,383,-54,391,-32,395,-11,395,11,391,32,383,54,372,75,358,95,339,114,317,132,293,149,265,165,236,178,203,190,169,201,133,209,96,215,58,219,20,222,-20,222,-58,219,-96,215,-133,209,-169,201,-203,190,-236,178,-265,165,-293,149,-317,132,-339,114,-358,95,-372,75,-383,54,-391,32,-395,11,-395,-11,-391,-32,-383,-54,-372,-75,-358,-95,-339,-114,-317,-132,-293,-149,-265,-165,-236,-178,-203,-190,-169,-201,-133,-209,-96,-215,-58,-219,-20,-222]]]
559029	p	498817
1502603	p	1508291
8436165	p	498817
472278	r	46.8289,51.6987,47.6117,52.3814	[[[468289,520400,12,-223,35,-222,59,-221,82,-217,105,-214,127,-209,149,-203,170,-197,190,-190,210,-182,229,-172,246,-163,263,-153,279,-142,293,-130,307,-118,318,-105,328,-92,338,-79,345,-64,351,-51,356,-37,359,-21,360,-8,360,8,359,21,356,37,351,51,345,64,111,26,19,279,398,5765,18,257,-208,58,-338,79,-345,64,-351,51,-356,37,-359,21,-360,8,-360,-8,-359,-21,-356,-37,-351,-51,-345,-64,-338,-79,-328,-92,-318,-105,-307,-118,-293,-130,-279,-142,-263,-153,-246,-163,-229,-172,-210,-182,-190,-190,-170,-197,-149,-203,-127,-209,-105,-214,-82,-217,-59,-221,-35,-222,-12,-223]]]
577881	r	57.9196,53.6754,58.8804,54.2446	[[[579196,539600,10,-186,31,-185,51,-184,72,-182,91,-178,111,-174,129,-170,149,-164,166,-158,183,-151,199,-144,215,-136,229,-127,243,-119,256,-108,267,-98,277,-88,287,-77,294,-66,301,-54,306,-42,310,-30,313,-19,314,-6,314,6,313,19,310,30,306,42,301,54,294,66,287,77,277,88,267,98,256,108,243,119,229,127,215,136,199,144,183,151,166,158,149,164,129,170,111,174,91,178,72,182,51,184,31,185,10,186,-10,186,-31,185,-51,184,-72,182,-91,178,-111,174,-129,170,-149,164,-166,158,-183,151,-199,144,-215,136,-229,127,-243,119,-256,108,-267,98,-277,88,-287,77,-294,66,-301,54,-306,42,-310,30,-313,19,-314,6,-314,-6,-313,-19,-310,-30,-306,-42,-301,-54,-294,-66,-287,-77,-277,-88,-267,-98,-256,-108,-243,-119,-229,-127,-215,-136,-199,-144,-183,-151,-166,-158,-149,-164,-129,-170,-111,-174,-91,-178,-72,-182,-51,-184,-31,-185,-10,-186]]]
555980	p	499292
584243	p	491422
569955	r	48.9811,52.5068,50.3391,53.1884	[[[489811,528113,77,-124,211,-282,240,-273,270,-263,298,-252,324,-239,349,-226,373,-212,395,-196,415,-181,434,-163,450,-146,466,-128,478,-109,489,-90,497,-70,504,-51,508,-30,511,-10,511,10,508,30,504,51,497,70,489,90,478,109,466,128,450,146,434,163,415,181,395,196,373,212,349,226,324,239,98,83,-1567,1036,-3654,2415,-102,-43,-4,-8,-78,47,-20,-8,-30,8,144,64,-2076,1371,-4947,-812,-773,-1834,-473,-1125]]]
480089	n	53.3518,54.3945,54.0978,54.8361	[[[533518,546967,2607,-1660,2140,-1362,319,66,344,95,326,114,306,132,282,149,256,165,226,178,196,190,163,201,128,209,92,215,56,219,19,222,-19,222,-56,219,-92,215,-128,209,-163,201,-196,190,-226,178,-256,165,-282,149,-306,132,-326,114,-344,95,-358,75,-369,54,-377,32,-380,11,-380,-11,-377,-32,-369,-54,-358,-75,-344,-95,-326,-114,-306,-132,-282,-149,-256,-165,-226,-178,-196,-190,-162,-199]]]
532675	r	57.0448,57.703,58.5752,58.2	[[[570448,581100,17,-266,49,-265,81,-263,114,-259,145,-255,177,-249,206,-243,236,-235,265,-226,292,-216,317,-206,342,-195,366,-182,387,-169,407,-155,425,-140,442,-126,456,-110,468,-94,480,-77,487,-61,494,-43,499,-26,500,-9,500,9,499,26,494,43,487,61,480,77,468,94,456,110,442,126,425,140,407,155,387,169,366,182,342,195,317,206,292,216,265,226,236,235,206,243,177,249,145,255,114,259,81,263,49,265,17,266,-17,266,-49,265,-81,263,-47,106,-14916,0,-47,-106,-81,-263,-49,-265,-17,-266]]]
572525	r	41.652,51.0885,42.548,51.6515	[[[416520,513700,10,-184,29,-183,48,-182,66,-180,85,-176,103,-172,121,-168,139,-163,154,-156,171,-150,186,-142,201,-135,213,-126,227,-117,238,-107,249,-97,259,-87,267,-76,274,-65,281,-54,285,-41,289,-30,292,-18,293,-6,293,6,292,18,289,30,285,41,281,54,274,65,267,76,259,87,249,97,238,107,227,117,213,126,201,135,186,142,171,150,154,156,139,163,121,168,103,172,85,176,66,180,48,182,29,183,10,184,-10,184,-29,183,-48,182,-66,180,-85,176,-103,172,-121,168,-139,163,-154,156,-171,150,-186,142,-201,135,-213,126,-227,117,-238,107,-249,97,-259,87,-267,76,-274,65,-281,54,-285,41,-289,30,-292,18,-293,6,-293,-6,-292,-18,-289,-30,-285,-41,-281,-54,-274,-65,-267,-76,-259,-87,-249,-97,-238,-107,-227,-117,-213,-126,-201,-135,-186,-142,-171,-150,-154,-156,-139,-163,-121,-168,-103,-172,-85,-176,-66,-180,-48,-182,-29,-183,-10,-184]]]
490172	n	28.6757,59.6739,29.445,60.0026	[[[286757,598143,6,-8,188,-201,226,-190,261,-178,296,-165,325,-149,353,-132,377,-114,397,-95,414,-75,426,-54,435,-32,439,-11,439,11,435,32,426,54,414,75,397,95,377,114,353,132,325,149,296,165,88,60,0,2128,-1787,227,-1049,45,-409,-81,-311,-146,-481,-364,-269,-136,-77,-13,-265,13,506,-288,36,-144,-234,-291,-347,-263,-100,-38,-75,-12,-269,-97,-128,-26,-237,45,-116,-19,-378,-264,-135,-37,-182,26,-294,102,-181,2,-327,-105,-161,-22,-189,59,-55,44,-97,116,-53,45,-29,11]]]
565614	p	524901
565197	p	524901
571306	r	43.7243,44.4615,44.6157,45.0985	[[[437243,447800,10,-208,29,-208,47,-205,66,-203,85,-200,103,-195,120,-190,137,-183,154,-177,170,-170,185,-161,200,-152,213,-142,225,-133,237,-121,248,-110,257,-98,266,-86,272,-74,280,-60,284,-48,287,-34,291,-20,291,-7,291,7,291,20,287,34,284,48,280,60,272,74,266,86,257,98,248,110,237,121,225,133,213,142,200,152,185,161,170,170,154,177,137,183,120,190,103,195,85,200,66,203,47,205,29,208,10,208,-10,208,-29,208,-47,205,-66,203,-85,200,-103,195,-120,190,-137,183,-154,177,-170,170,-185,161,-200,152,-213,142,-225,133,-237,121,-248,110,-257,98,-266,86,-272,74,-280,60,-284,48,-287,34,-291,20,-291,7,-291,-7,-291,-20,-287,-34,-284,-48,-280,-60,-272,-74,-266,-86,-257,-98,-248,-110,-237,-121,-225,-133,-213,-142,-200,-152,-185,-161,-170,-170,-154,-177,-137,-183,-120,-190,-103,-195,-85,-200,-66,-203,-47,-205,-29,-208,-10,-208]]]
2026895	r	127.9577,50.5593,129.0623,51.2427	[[[1279577,509100,11,-229,36,-229,59,-226,82,-224,105,-219,127,-215,149,-209,171,-202,190,-195,211,-187,229,-177,247,-167,264,-157,280,-146,293,-133,307,-122,319,-108,329,-94,339,-81,345,-67,352,-52,357,-37,360,-23,361,-7,361,7,360,23,357,37,352,52,345,67,339,81,329,94,319,108,307,122,293,133,280,146,264,157,247,167,229,177,211,187,190,195,171,202,149,209,127,215,105,219,82,224,59,226,36,229,11,229,-11,229,-36,229,-59,226,-82,224,-105,219,-127,215,-149,209,-171,202,-190,195,-211,187,-229,177,-247,167,-264,157,-280,146,-293,133,-307,122,-319,108,-329,94,-339,81,-29,6,-6738,-1829,-111,-155,-127,-215,-105,-219,-82,-224,-59,-226,-36,-229,-11,-229]]]
1505453	n	69.0872,55.8839,69.8928,56.3361	[[[690872,561100,20,-222,58,-219,96,-215,133,-209,169,-201,203,-190,236,-178,265,-165,293,-149,317,-132,339,-114,358,-95,372,-75,383,-54,391,-32,395,-11,395,11,391,32,383,54,372,75,358,95,339,114,317,132,293,149,265,165,236,178,203,190,169,201,133,209,96,215,58,219,20,222,-20,222,-58,219,-96,215,-133,209,-169,201,-203,190,-236,178,-265,165,-293,149,-317,132,-339,114,-358,95,-372,75,-383,54,-391,32,-395,11,-395,-11,-391,-32,-383,-54,-372,-75,-358,-95,-339,-114,-317,-132,-293,-149,-265,-165,-236,-178,-203,-190,-169,-201,-133,-209,-96,-215,-58,-219,-20,-222]]]
540103	p	520555
582750	r	36.6565,54.2109,37.5817,54.801	[[[366565,543341,76,-62,212,-151,229,-143,244,-134,259,-124,272,-114,285,-103,295,-92,305,-81,313,-69,321,-57,326,-44,330,-32,333,-19,335,-7,335,7,78,4,4698,2874,6,106,-11,196,-33,194,-55,193,-76,191,-97,187,-118,183,-29,38,-5869,1728,-153,-21,-321,-57,-313,-69,-305,-81,-295,-92,-285,-103,-272,-114,-259,-124,-244,-134,-229,-143,-18,-13,-270,-3718]]]
8504950	p	498817
539147	r	56.3793,57.0897,57.5607,57.7303	[[[563793,574100,13,-210,37,-208,63,-207,88,-204,112,-201,137,-196,159,-191,182,-185,204,-178,226,-170,245,-162,264,-153,282,-143,299,-133,314,-122,328,-111,341,-99,352,-86,362,-74,370,-61,377,-48,381,-34,385,-20,386,-7,386,7,385,20,381,34,377,48,370,61,362,74,352,86,341,99,328,111,314,122,299,133,282,143,264,153,245,162,226,170,204,178,182,185,159,191,137,196,112,201,88,204,63,207,37,208,13,210,-13,210,-37,208,-63,207,-88,204,-112,201,-137,196,-159,191,-182,185,-204,178,-226,170,-245,162,-264,153,-282,143,-299,133,-314,122,-328,111,-341,99,-352,86,-362,74,-370,61,-377,48,-381,34,-385,20,-386,7,-386,-7,-385,-20,-381,-34,-377,-48,-370,-61,-362,-74,-352,-86,-341,-99,-328,-111,-314,-122,-299,-133,-282,-143,-264,-153,-245,-162,-226,-170,-204,-178,-182,-185,-159,-191,-137,-196,-112,-201,-88,-204,-63,-207,-37,-208,-13,-210]]]
547475	r	31.7814,52.4806,32.6986,53.0394	[[[317814,527600,10,-183,29,-182,49,-180,68,-178,87,-175,106,-171,124,-167,141,-161,159,-155,175,-149,190,-141,205,-134,219,-125,232,-116,244,-106,255,-97,265,-86,273,-75,281,-65,287,-53,292,-41,296,-30,299,-18,300,-6,300,6,299,18,296,30,292,41,287,53,281,65,273,75,265,86,255,97,244,106,232,116,219,125,205,134,190,141,175,149,159,155,141,161,124,167,106,171,87,175,68,178,49,180,29,182,10,183,-10,183,-29,182,-49,180,-68,178,-87,175,-106,171,-124,167,-141,161,-159,155,-175,149,-190,141,-205,134,-219,125,-232,116,-244,106,-255,97,-265,86,-273,75,-281,65,-287,53,-292,41,-296,30,-299,18,-300,6,-300,-6,-299,-18,-296,-30,-292,-41,-287,-53,-281,-65,-273,-75,-265,-86,-255,-97,-244,-106,-232,-116,-219,-125,-205,-134,-190,-141,-175,-149,-159,-155,-141,-161,-124,-167,-106,-171,-87,-175,-68,-178,-49,-180,-29,-182,-10,-183]]]
2019309	r	124.1133,56.3243,125.3267,56.9957	[[[1241133,566600,13,-220,39,-218,65,-217,90,-214,115,-210,140,-206,164,-200,187,-193,210,-187,231,-179,252,-169,271,-161,290,-150,307,-139,322,-128,338,-116,350,-104,361,-90,372,-78,380,-64,386,-49,392,-36,395,-22,397,-7,397,7,395,22,392,36,386,49,380,64,372,78,361,90,350,104,338,116,322,128,307,139,290,150,271,161,252,169,231,179,210,187,187,193,164,200,140,206,115,210,90,214,65,217,39,218,13,220,-13,220,-39,218,-65,217,-90,214,-115,210,-140,206,-164,200,-187,193,-210,187,-231,179,-252,169,-271,161,-290,150,-307,139,-322,128,-338,116,-350,104,-361,90,-372,78,-380,64,-386,49,-392,36,-395,22,-397,7,-397,-7,-395,-22,-392,-36,-386,-49,-380,-64,-372,-78,-361,-90,-350,-104,-338,-116,-322,-128,-307,-139,-290,-150,-271,-161,-252,-169,-231,-179,-210,-187,-187,-193,-164,-200,-140,-206,-115,-210,-90,-214,-65,-217,-39,-218,-13,-220]]]
536162	r	51.9899,54.3317,52.7409,54.8032	[[[519899,546000,10,-176,29,-174,49,-174,69,-171,87,-168,106,-164,124,-160,142,-155,159,-149,176,-143,191,-135,205,-129,220,-120,233,-111,245,-102,255,-93,266,-83,274,-72,282,-62,288,-51,293,-40,297,-29,300,-17,301,-5,301,5,275,16,2333,4694,-7206,-1077,-60,-92,-87,-168,-69,-171,-49,-174,-29,-174,-10,-176]]]
461698	p	498817
558082	r	39.7599,47.905,40.3937,48.1957	[[[397599,480150,20,-52,82,-57,101,-110,142,-218,18,-99,-22,-157,-35,-80,-107,-152,-28,-88,6,-71,5,-16,3629,0,2399,727,39,114,50,202,29,203,10,204,-4,93,-1760,741,-5,-3,-19,14,-51,21,-80,-9,-12,-25,-253,-36,-11,18,-163,17,6,8,-13,4,42,47,-49,18,48,28,-89,19,-110,3,-8,17,100,18,-236,72,-42,31,73,34,23,24,-2,19,-33,34,-498,210,-1690,40,-164,-127,-506,-632,-119,-198,-22,-232,153,-311,-13,-93,-27,-14,-67,12,-548,-70,-107,-49,-82,-93]]]
1500607	r	91.7818,57.8599,93.1781,58.6001	[[[917819,582300,15,-242,45,-241,74,-239,104,-236,132,-232,161,-226,189,-221,215,-213,241,-206,266,-197,290,-187,313,-177,333,-165,353,-154,371,-141,388,-128,403,-114,416,-100,428,-85,437,-71,445,-55,451,-39,454,-24,457,-8,457,8,454,24,451,39,445,55,437,71,428,85,416,100,403,114,388,128,371,141,353,154,333,165,313,177,290,187,266,197,241,206,215,213,189,221,161,226,132,232,104,236,74,239,45,241,15,242,-15,242,-45,241,-74,239,-104,236,-132,232,-161,226,-189,221,-215,213,-241,206,-266,197,-290,187,-313,177,-333,165,-353,154,-371,141,-388,128,-403,114,-416,100,-428,85,-437,71,-445,55,-451,39,-454,24,-457,8,-457,-8,-454,-24,-451,-39,-445,-55,-437,-71,-428,-85,-416,-100,-403,-114,-388,-128,-371,-141,-353,-154,-333,-165,-313,-177,-290,-187,-266,-197,-241,-206,-215,-213,-189,-221,-161,-226,-132,-232,-104,-236,-74,-239,-45,-241,-15,-242]]]
1494573	n	59.7838,56.2139,60.5962,56.6636	[[[597838,564400,19,-222,59,-219,96,-215,135,-209,170,-201,205,-190,238,-178,267,-165,296,-149,320,-132,342,-114,360,-95,376,-75,386,-54,395,-32,398,-11,398,11,395,32,386,54,376,75,360,95,342,114,320,132,296,149,267,165,238,178,205,190,170,201,135,209,96,215,59,219,19,222,-19,222,-59,219,-96,215,-135,209,-170,201,-205,190,-238,178,-267,165,-261,131,-130,28,21,20,-246,102,-342,114,-360,95,-376,75,-386,54,-223,18,-3012,-721,-869,-209,-67,-50,-205,-190,-170,-201,-135,-209,-96,-215,-59,-219,-19,-222]]]
527717	n	55.5571,52.7958,56.3029,53.1776	[[[555571,529700,18,-222,13,-54,2595,-627,6,2,10,15,28,-10,17,10,3,9,-11,2,13,7,-1,10,-16,11,-20,-2,-4,4,11,34,56,2,9,-11,24,-1,22,13,6,18,34,16,-8,6,-35,-5,-6,5,23,23,-4,11,42,2,4,7,46,-13,100,-84,583,79,11,-83,346,15,7,-73,53,-11,-9,34,27,10,77,-9,-32,-14,-2,-16,53,-41,-26,-36,-92,-16,-35,-14,-64,-44,-24,-33,-37,-84,10,-30,4,-4,2280,-550,261,143,246,165,218,178,188,190,156,201,124,209,88,215,54,219,18,222,-18,222,-54,219,-88,215,-124,209,-156,201,-188,190,-218,178,-246,165,-271,149,-294,132,-314,114,-287,82,-3125,-52,-104,-30,-314,-114,-294,-132,-271,-149,-246,-165,-218,-178,-188,-190,-156,-201,-124,-209,-88,-215,-54,-219,-18,-222]]]
539283	r	55.1627,52.3879,56.4145,53.0059	[[[551627,527700,13,-250,41,-249,67,-246,93,-244,119,-239,145,-234,169,-228,193,-220,217,-213,239,-203,261,-193,280,-183,300,-171,317,-158,334,-146,349,-132,362,-118,373,-103,385,-88,392,-73,400,-57,405,-40,409,-25,410,-8,410,8,409,25,405,40,400,57,392,73,385,88,373,103,362,118,349,132,334,146,317,158,300,171,280,183,261,193,239,203,217,213,193,220,169,228,145,234,119,239,93,244,67,246,26,161,-4749,1146,-4,4,-10,30,37,84,24,33,64,44,35,14,92,16,26,36,-53,41,2,16,32,14,-77,9,-27,-10,9,-34,-53,11,-7,73,-346,-15,-11,83,-583,-79,-100,84,-46,13,-4,-7,-42,-2,4,-11,-23,-23,6,-5,35,5,8,-6,-34,-16,-6,-18,-22,-13,-24,1,-9,11,-56,-2,-11,-34,4,-4,20,2,16,-11,1,-10,-13,-7,11,-2,-3,-9,-17,-10,-28,10,-10,-15,-6,-2,-5229,1262,-45,-33,-239,-203,-217,-213,-193,-220,-169,-228,-145,-234,-119,-239,-93,-244,-67,-246,-41,-249,-13,-250]]]
492094	r	37.7304,45.0445,38.5096,45.5261	[[[377304,452500,9,-181,24,-179,42,-179,58,-176,74,-173,90,-169,91,-143,6108,-855,155,102,174,132,162,140,148,147,135,153,120,160,105,164,90,169,74,173,58,176,42,179,24,179,9,181,-9,181,-24,179,-42,179,-58,176,-74,173,-90,169,-105,164,-120,160,-135,153,-148,147,-162,140,-174,132,-186,123,-197,115,-208,105,-216,95,-225,86,-232,74,-239,64,-244,52,-248,41,-251,30,-254,17,-255,6,-255,-6,-254,-17,-251,-30,-248,-41,-244,-52,-239,-64,-232,-74,-225,-86,-216,-95,-208,-105,-197,-115,-186,-123,-174,-132,-162,-140,-148,-147,-135,-153,-120,-160,-105,-164,-90,-169,-74,-173,-58,-176,-42,-179,-24,-179,-9,-181]]]
483029	r	39.7336,45.579,40.5064,46.121	[[[397336,458500,8,-177,25,-177,41,-175,58,-172,73,-170,89,-166,104,-161,120,-157,133,-150,147,-145,161,-137,173,-129,184,-121,196,-113,205,-103,215,-94,223,-83,230,-73,237,-63,242,-51,246,-41,250,-29,251,-17,253,-6,253,6,251,17,92,11,612,232,1655,626,42,31,161,137,147,145,133,150,120,157,104,161,89,166,73,170,58,172,41,175,25,177,8,177,-8,177,-25,177,-41,175,-58,172,-73,170,-89,166,-104,161,-120,157,-133,150,-147,145,-161,137,-173,129,-184,121,-196,113,-205,103,-215,94,-223,83,-230,73,-237,63,-242,51,-246,41,-250,29,-251,17,-253,6,-253,-6,-251,-17,-250,-29,-246,-41,-242,-51,-237,-63,-230,-73,-223,-83,-215,-94,-205,-103,-196,-113,-184,-121,-173,-129,-161,-137,-147,-145,-133,-150,-120,-157,-104,-161,-89,-166,-73,-170,-58,-172,-41,-175,-25,-177,-8,-177]]]
501215	n	38.1522,50.8939,38.8678,51.3461	[[[381522,511200,17,-222,52,-219,85,-215,119,-209,150,-201,180,-190,209,-178,236,-165,260,-149,282,-132,301,-114,318,-95,330,-75,341,-54,347,-32,351,-11,351,11,347,32,341,54,330,75,318,95,301,114,282,132,260,149,236,165,209,178,180,190,150,201,119,209,85,215,52,219,17,222,-17,222,-52,219,-85,215,-119,209,-150,201,-180,190,-209,178,-236,165,-260,149,-282,132,-301,114,-318,95,-330,75,-341,54,-347,32,-351,11,-351,-11,-347,-32,-341,-54,-330,-75,-318,-95,-301,-114,-282,-132,-260,-149,-236,-165,-209,-178,-180,-190,-150,-201,-119,-209,-85,-215,-52,-219,-17,-222]]]
480716	r	38.7736,43.8941,39.4604,44.375	[[[387736,442627,20,-15,800,-767,181,-111,186,-47,450,-52,228,-64,182,-88,107,-127,226,-353,111,-73,221,-49,164,-120,269,-309,283,-217,2130,-1273,26,-21,57,38,-32,0,-39,30,-48,49,-200,259,-106,105,-121,73,-123,35,-85,45,-117,129,-22,16,-24,7,-34,33,-58,18,-65,10,-19,10,-10,-5,7,4,-9,7,-6,-4,5,4,-12,10,-49,45,-60,40,-68,36,-20,1,-47,23,-38,26,-37,4,-81,25,-52,31,-22,33,-57,21,-27,20,-51,16,-34,42,-79,24,-39,27,-4,6,12,6,-1,8,16,-14,12,6,21,-3,21,12,9,38,-1,6,-6,-3,16,19,-15,-61,16,-3,24,12,6,-12,12,5,3,-11,-18,-7,2,-9,25,-28,27,-10,16,2,-17,-25,34,0,-24,5,36,12,33,-7,-11,-11,25,4,9,19,16,0,3,7,12,1,10,-10,-6,-16,27,-12,1,-19,8,-2,-4,-11,13,9,33,7,25,17,9,-2,-23,-25,-3,-15,11,-10,26,12,15,-23,29,0,-20,-9,8,-7,-4,-11,43,0,61,27,25,-3,17,-18,-3,-14,13,-8,-2,-7,-43,-18,-16,2,-2,6,-17,-10,0,-8,11,-1,31,-28,-10,11,17,0,-2,-13,6,-3,12,11,-2,9,16,5,4,-7,-18,-22,40,26,39,10,-14,-28,18,18,10,-4,-27,-22,-3,6,-9,-16,9,-9,-10,-4,39,1,33,-21,7,8,4,-16,20,-3,9,-17,34,-3,11,-19,7,5,9,-5,-4,-7,7,-6,23,-2,1,-10,22,-1,3,-7,17,-5,4,-7,-11,-8,19,-7,-4,-12,53,-16,-2,-10,4,4,1,-8,16,-1,0,-12,12,6,23,-18,6,-15,13,7,-3,-17,12,-8,1,-27,20,1,32,-20,24,-36,23,-2,7,-12,-10,-8,29,7,42,30,10,48,-17,2,5,-6,-9,-4,-22,4,-42,50,7,21,26,11,15,-6,21,8,29,2,31,13,7,26,15,-29,14,22,-11,7,5,4,29,-8,23,-76,23,-17,21,-6,18,-15,-2,-13,48,-37,13,18,53,14,36,-27,-7,-23,11,-31,22,-8,40,25,6,-13,-14,-3,14,-10,-38,-5,-31,-14,-6,-9,-25,6,-28,-17,-54,17,-12,-5,-12,4,2,8,-19,3,-22,14,0,11,-18,2,-23,21,-8,-2,-41,24,-50,-16,-18,-28,1,-37,5,7,63,-19,35,-23,7,-17,32,-15,20,1,19,-22,11,2,4,-14,10,-1,39,-38,56,25,85,20,-33,-14,-9,-16,-13,0,-16,-18,-16,-5,-1,-27,-22,-4,20,-13,25,-4,-2,-7,17,-8,0,-11,27,-23,1,-25,24,-7,38,-37,34,35,15,32,21,1,5,-15,-36,-26,-23,-35,4,-4,18,2,-3,-8,22,-25,17,7,7,28,14,10,-13,-23,10,-15,-37,-25,25,2,23,-12,22,1,4,-9,-51,-2,-1,-8,14,-8,-8,-5,15,1,21,16,88,27,-15,45,3,27,12,19,8,-5,35,12,14,-4,15,5,-17,-37,42,-51,22,-11,-4,11,18,-10,3,6,27,5,20,41,34,22,13,-5,3,-27,-20,-30,6,7,32,-10,6,5,4,-15,-9,-7,-15,5,-14,-9,3,-6,-16,1,-20,-12,-10,-28,24,-10,10,-20,88,68,158,139,145,146,131,153,117,159,103,164,88,168,72,172,56,176,41,177,24,179,9,180,-9,180,-24,179,-41,177,-56,176,-72,172,-88,168,-103,164,-117,159,-131,153,-145,146,-158,139,-170,132,-182,123,-193,114,-202,105,-211,95,-220,84,-226,75,-233,63,-239,52,-242,41,-246,29,-247,18,-249,6,-249,-6,-247,-18,-246,-29,-242,-41,-239,-52,-233,-63,-226,-75,-220,-84,-211,-95,-202,-105,-193,-114,-182,-123,-170,-132,-158,-139,-46,-47],[391663,440204,47,7,3,15,29,9,12,-12,-14,-14,8,-20,-21,10,-50,-8,-14,13],[391894,440234,12,3,18,20,16,-1,0,-9,19,-13,-4,-10,-19,-4,-5,-14,-12,3,0,8,-25,17],[392265,440137,17,15,33,12,4,-22,-28,2,-26,-7]]]
583350	n	38.3546,56.1739,39.1158,56.6261	[[[383546,565089,368,-804,1002,-2188,271,-91,360,-95,375,-75,386,-54,394,-32,398,-11,398,11,394,32,386,54,375,75,360,95,342,114,319,132,296,149,267,165,237,178,205,190,170,201,134,209,97,215,59,219,19,222,-19,222,-59,219,-97,215,-134,209,-170,201,-205,190,-237,178,-267,165,-296,149,-319,132,-342,114,-360,95,-375,75,-386,54,-394,32,-398,11,-398,-11,-394,-32,-386,-54,-375,-75,-360,-95,-342,-114,-319,-132,-296,-149,-267,-165,-237,-178,-180,-167]]]
506043	p	524901
464625	p	511565
827329	r	42.5865,55.6863,43.5927,56.2448	[[[425865,559700,11,-186,32,-184,54,-183,75,-181,95,-178,116,-174,136,-169,156,-163,174,-158,192,-151,209,-143,225,-136,240,-127,255,-118,268,-108,280,-98,290,-87,300,-77,309,-65,315,-54,321,-42,325,-30,328,-19,329,-6,329,6,328,19,325,30,321,42,315,54,309,65,300,77,290,87,280,98,268,108,255,118,240,127,225,136,209,143,192,151,174,158,156,163,136,169,116,174,95,178,75,181,54,183,32,184,3,51,-6269,2883,-61,-8,-315,-54,-309,-65,-300,-77,-290,-87,-280,-98,-268,-108,-255,-118,-240,-127,-225,-136,-209,-143,-192,-151,-174,-158,-156,-163,-136,-169,-116,-174,-95,-178,-75,-181,-54,-183,-32,-184,-11,-186]]]
1506271	r	85.4001,51.6375,86.4399,52.2825	[[[854001,519600,12,-211,33,-210,55,-208,78,-206,98,-202,120,-197,141,-192,160,-187,180,-179,198,-171,215,-163,233,-155,248,-144,263,-134,277,-123,289,-111,300,-100,310,-87,318,-74,326,-61,331,-48,335,-35,339,-20,340,-7,340,7,339,20,335,35,331,48,326,61,318,74,310,87,300,100,289,111,277,123,263,134,248,144,233,155,215,163,198,171,180,179,160,187,141,192,120,197,98,202,78,206,55,208,33,210,12,211,-12,211,-33,210,-55,208,-78,206,-98,202,-120,197,-141,192,-160,187,-180,179,-198,171,-215,163,-233,155,-248,144,-263,134,-277,123,-289,111,-300,100,-310,87,-318,74,-326,61,-331,48,-335,35,-339,20,-340,7,-340,-7,-339,-20,-335,-35,-331,-48,-326,-61,-318,-74,-310,-87,-300,-100,-289,-111,-277,-123,-263,-134,-248,-144,-233,-155,-215,-163,-198,-171,-180,-179,-160,-187,-141,-192,-120,-197,-98,-202,-78,-206,-55,-208,-33,-210,-12,-211]]]
579514	p	520555
557775	r	40.1725,55.3385,41.1275,55.8815	[[[401725,556100,10,-178,31,-176,51,-176,71,-173,91,-170,110,-166,129,-162,147,-157,165,-151,182,-144,198,-137,214,-130,228,-121,241,-113,254,-104,266,-93,275,-84,285,-74,292,-62,299,-52,304,-40,309,-29,311,-17,312,-6,312,6,311,17,309,29,304,40,299,52,292,62,285,74,275,84,266,93,254,104,241,113,228,121,214,130,198,137,182,144,165,151,147,157,129,162,110,166,91,170,71,173,51,176,31,176,10,178,-10,178,-31,176,-51,176,-71,173,-91,170,-110,166,-129,162,-147,157,-165,151,-182,144,-198,137,-214,130,-228,121,-241,113,-254,104,-266,93,-275,84,-285,74,-292,62,-299,52,-304,40,-309,29,-311,17,-312,6,-312,-6,-311,-17,-309,-29,-304,-40,-299,-52,-292,-62,-285,-74,-275,-84,-266,-93,-254,-104,-241,-113,-228,-121,-214,-130,-198,-137,-182,-144,-165,-151,-147,-157,-129,-162,-110,-166,-91,-170,-71,-173,-51,-176,-31,-176,-10,-178]]]
570479	r	46.7605,42.5471,47.4441,43.0899	[[[467606,428200,8,-178,23,-178,40,-176,54,-174,71,-171,85,-167,100,-163,114,-157,127,-152,141,-145,153,-138,166,-130,176,-122,187,-113,197,-104,205,-95,213,-84,220,-74,226,-62,232,-52,235,-41,239,-29,240,-17,242,-6,242,6,240,17,239,29,235,41,232,52,226,62,220,74,213,84,205,95,197,104,187,113,176,122,166,130,153,138,141,145,69,83,-564,1653,-3108,2479,-190,-23,-235,-41,-232,-52,-226,-62,-220,-74,-213,-84,-205,-95,-197,-104,-187,-113,-176,-122,-166,-130,-153,-138,-141,-145,-127,-152,-114,-157,-100,-163,-85,-167,-71,-171,-54,-174,-40,-176,-23,-178,-8,-178]]]
1502061	n	59.7639,59.5439,60.6223,59.9961	[[[597639,597700,22,-222,64,-219,106,-215,148,-209,187,-201,225,-190,261,-178,294,-165,324,-149,352,-132,375,-114,396,-95,412,-75,425,-54,433,-32,437,-11,72,2,4051,3122,-2,2,-187,201,-225,190,-261,178,-294,165,-324,149,-352,132,-375,114,-396,95,-412,75,-425,54,-433,32,-437,11,-437,-11,-433,-32,-425,-54,-412,-75,-396,-95,-375,-114,-352,-132,-324,-149,-294,-165,-261,-178,-225,-190,-187,-201,-148,-209,-106,-215,-64,-219,-22,-222]]]
578120	r	53.6385,53.8258,54.6015,54.3942	[[[536385,541100,10,-186,31,-185,51,-183,72,-182,91,-177,111,-175,130,-169,149,-164,166,-158,184,-151,200,-144,215,-136,230,-127,244,-118,256,-108,267,-98,278,-88,287,-77,295,-65,302,-54,307,-42,311,-31,313,-18,315,-6,315,6,313,18,311,31,307,42,302,54,295,65,287,77,278,88,267,98,256,108,244,118,230,127,215,136,200,144,184,151,166,158,149,164,130,169,111,175,91,177,72,182,51,183,31,185,10,186,-10,186,-31,185,-51,183,-72,182,-91,177,-111,175,-130,169,-149,164,-166,158,-184,151,-200,144,-215,136,-230,127,-244,118,-256,108,-267,98,-278,88,-287,77,-295,65,-302,54,-307,42,-311,31,-313,18,-315,6,-315,-6,-313,-18,-311,-31,-185,-25,-1164,-329,-2108,-1278,-53,-67,-111,-175,-91,-177,-72,-182,-51,-183,-31,-185,-10,-186]]]
499717	r	33.804,55.9659,34.856,56.5541	[[[338040,562600,11,-192,34,-192,56,-190,78,-187,100,-184,122,-181,142,-175,162,-170,182,-163,200,-157,218,-148,236,-141,251,-131,266,-122,280,-113,292,-101,304,-91,313,-79,322,-68,330,-56,335,-44,339,-31,343,-19,344,-6,344,6,343,19,339,31,335,44,330,56,322,68,313,79,304,91,292,101,280,113,266,122,251,131,236,141,218,148,200,157,182,163,162,170,142,175,122,181,100,184,78,187,56,190,34,192,11,192,-11,192,-34,192,-56,190,-78,187,-100,184,-122,181,-142,175,-162,170,-182,163,-200,157,-218,148,-236,141,-251,131,-266,122,-280,113,-292,101,-304,91,-313,79,-322,68,-330,56,-335,44,-339,31,-343,19,-344,6,-344,-6,-343,-19,-339,-31,-335,-44,-330,-56,-322,-68,-313,-79,-304,-91,-292,-101,-280,-113,-266,-122,-251,-131,-236,-141,-218,-148,-200,-157,-182,-163,-162,-170,-142,-175,-122,-181,-100,-184,-78,-187,-56,-190,-34,-192,-11,-192]]]
567990	r	50.1509,55.0902,51.1291,55.6498	[[[501509,553700,11,-183,31,-182,52,-181,73,-178,93,-175,112,-172,133,-167,150,-161,169,-156,187,-148,203,-142,219,-134,233,-125,248,-116,260,-107,272,-96,282,-87,291,-75,300,-65,306,-53,312,-41,316,-30,318,-18,320,-6,320,6,318,18,316,30,312,41,306,53,300,65,291,75,282,87,272,96,260,107,248,116,233,125,219,134,203,142,187,148,169,156,150,161,133,167,112,172,93,175,73,178,52,181,31,182,11,183,-11,183,-31,182,-52,181,-73,178,-93,175,-112,172,-133,167,-150,161,-169,156,-187,148,-203,142,-219,134,-233,125,-248,116,-260,107,-272,96,-282,87,-291,75,-300,65,-306,53,-312,41,-316,30,-318,18,-320,6,-320,-6,-318,-18,-316,-30,-312,-41,-306,-53,-300,-65,-291,-75,-282,-87,-272,-96,-260,-107,-248,-116,-233,-125,-219,-134,-203,-142,-187,-148,-169,-156,-150,-161,-133,-167,-112,-172,-93,-175,-73,-178,-52,-181,-31,-182,-11,-183]]]
831165	p	537737
483019	r	32.9873,59.3638,34.0727,59.9162	[[[329873,596400,11,-181,35,-179,58,-179,81,-176,103,-173,125,-169,146,-164,168,-160,187,-153,207,-147,226,-140,242,-132,260,-123,274,-115,289,-105,301,-96,314,-85,323,-74,332,-64,340,-53,346,-41,351,-29,353,-18,355,-6,355,6,353,18,351,29,346,41,340,53,332,64,323,74,314,85,301,96,289,105,274,115,260,123,242,132,226,140,207,147,187,153,168,160,146,164,125,169,103,173,81,176,58,179,35,179,11,181,-11,181,-35,179,-58,179,-81,176,-103,173,-125,169,-146,164,-168,160,-187,153,-207,147,-226,140,-242,132,-260,123,-274,115,-289,105,-301,96,-314,85,-323,74,-332,64,-340,53,-346,41,-351,29,-353,18,-355,6,-355,-6,-353,-18,-351,-29,-346,-41,-340,-53,-332,-64,-323,-74,-314,-85,-301,-96,-289,-105,-274,-115,-260,-123,-242,-132,-226,-140,-207,-147,-187,-153,-168,-160,-146,-164,-125,-169,-103,-173,-81,-176,-58,-179,-35,-179,-11,-181]]]
501231	r	39.0473,49.8631,40.0927,50.5369	[[[390473,502000,11,-220,33,-220,56,-217,78,-215,99,-211,121,-206,141,-201,161,-194,181,-188,199,-179,217,-170,234,-161,249,-151,265,-140,278,-128,290,-116,302,-104,312,-91,320,-78,327,-64,333,-50,338,-36,340,-21,342,-8,342,8,340,21,338,36,333,50,327,64,320,78,312,91,302,104,290,116,278,128,265,140,249,151,234,161,217,170,199,179,181,188,161,194,141,201,121,206,99,211,78,215,56,217,33,220,11,220,-11,220,-33,220,-56,217,-78,215,-99,211,-121,206,-141,201,-161,194,-181,188,-199,179,-217,170,-234,161,-249,151,-265,140,-278,128,-290,116,-302,104,-312,91,-320,78,-327,64,-333,50,-338,36,-340,21,-342,8,-342,-8,-340,-21,-338,-36,-333,-50,-327,-64,-320,-78,-312,-91,-302,-104,-290,-116,-278,-128,-265,-140,-249,-151,-234,-161,-217,-170,-199,-179,-181,-188,-161,-194,-141,-201,-121,-206,-99,-211,-78,-215,-56,-217,-33,-220,-11,-220]]]
13631665	n	36.5319,55.9459,37.2335,56.2232	[[[365320,560855,100,-149,125,-154,143,-150,160,-145,177,-138,192,-131,207,-124,222,-116,234,-108,246,-99,236,-82,4973,1895,-2036,351,2,1,-54,22,-5,8,20,16,47,-27,11,11,-6,13,26,7,-22,42,40,13,-43,24,-50,67,-26,15,-58,11,-55,-14,-72,-1,-32,13,-91,17,-39,25,-29,-11,35,-26,-51,-2,-159,105,144,140,45,0,7,-13,41,1,-9,21,34,31,-27,7,-1,8,-101,-7,-5,9,-38,1,-117,-21,-12,-61,-44,-2,-4,-5,8,-37,35,-15,-7,-5,-38,6,-13,-4,-32,11,-32,-10,-10,-20,-24,-12,63,-39,-15,-8,1,-10,-64,2,-11,-5,103,-64,-22,-11,-56,13,-2,-33,-19,-21,-11,-10,-36,-5,7,-8,16,5,-4,-9,-1641,283,-2477,-1282],[369694,562147,13,33,24,9,-5,11,15,2,6,-13,41,-1,-33,-27,0,-18,-20,-17,-41,11,0,10],[370088,561764,25,57,52,15,-15,24,36,10,47,3,9,-13,-42,-7,19,-64,-23,-15,-7,-27,-21,-19,-79,14,1,1,-2,21],[370177,561726,17,5,19,-10,-1,-1,-35,6]]]
510225	p	498817
537281	r	40.3942,44.3367,41.1633,44.9315	[[[403942,448146,9,-66,478,-3514,49,-358,131,-88,214,-126,225,-115,236,-105,244,-94,252,-82,259,-69,265,-58,270,-45,273,-32,276,-20,277,-6,277,6,276,20,273,32,270,45,265,58,259,69,252,82,244,94,236,105,225,115,214,126,202,136,190,145,175,153,162,161,146,169,130,175,115,181,97,185,81,190,63,193,45,196,27,198,9,198,-9,198,-27,198,-45,196,-63,193,-81,190,-37,71,-3935,1432,-1198,437,-199,-44,-259,-69,-252,-82,-244,-94,-236,-105,-225,-115,-214,-126,-202,-136,-190,-145,-175,-153,-100,-100]]]
1505429	r	82.8154,54.3017,83.8806,54.9352	[[[828154,544539,19,-18,221,-180,241,-171,260,-162,277,-151,294,-141,308,-129,323,-117,335,-104,346,-91,356,-78,363,-64,370,-51,375,-36,378,-21,380,-8,380,8,378,21,375,36,370,51,363,64,356,78,346,91,335,104,323,117,308,129,294,141,277,151,260,162,241,171,221,180,201,188,179,195,157,201,134,208,110,211,86,216,62,218,37,221,13,221,-13,221,-37,221,-62,218,-86,216,-110,211,-134,208,-157,201,-179,195,-201,188,-221,180,-241,171,-260,162,-277,151,-294,141,-308,129,-323,117,-72,22,-317,-199,-7008,-4394,-352,-220]]]
502011	p	510808
534595	p	524901
470444	r	41.6651,55.0308,42.6749,55.5316	[[[416651,553200,11,-189,33,-189,53,-186,75,-185,96,-181,117,-177,136,-172,156,-167,174,-161,193,-154,209,-146,226,-138,241,-129,256,-120,268,-111,281,-100,291,-89,301,-78,309,-67,316,-55,322,-43,326,-30,329,-19,330,-6,330,6,329,19,326,30,322,43,316,55,309,67,301,78,291,89,281,100,268,111,256,120,241,129,226,138,209,146,193,154,174,161,156,167,136,172,117,177,96,181,75,185,53,186,33,189,11,189,-11,189,-33,189,-53,186,-75,185,-96,181,-117,177,-136,172,-156,167,-174,161,-193,154,-209,146,-226,138,-133,71,-8324,-1722,-120,-25,-31,-180,-11,-189]]]
565955	r	37.1199,56.1735,37.8627,56.6216	[[[371199,564731,18,-489,1843,-2287,3967,-220,1108,338,492,3505,-2,1,-263,121,-276,110,-289,100,-300,90,-309,78,-318,67,-326,55,-125,16,-5220,-1485]]]
493160	r	58.1819,52.4224,59.1581,53.0176	[[[581819,527200,11,-195,31,-193,52,-193,73,-189,92,-187,113,-182,132,-177,150,-172,169,-166,186,-158,202,-150,219,-143,233,-133,247,-123,259,-114,272,-103,281,-91,291,-81,299,-68,306,-57,311,-44,315,-32,318,-19,319,-6,319,6,318,19,315,32,311,44,306,57,299,68,291,81,281,91,272,103,259,114,247,123,233,133,219,143,202,150,186,158,169,166,150,172,132,177,113,182,92,187,73,189,52,193,31,193,11,195,-11,195,-31,193,-52,193,-73,189,-92,187,-113,182,-132,177,-150,172,-169,166,-186,158,-202,150,-219,143,-233,133,-247,123,-259,114,-272,103,-281,91,-291,81,-299,68,-306,57,-311,44,-315,32,-318,19,-319,6,-319,-6,-318,-19,-315,-32,-311,-44,-306,-57,-299,-68,-291,-81,-281,-91,-272,-103,-259,-114,-247,-123,-233,-133,-219,-143,-202,-150,-186,-158,-169,-166,-150,-172,-132,-177,-113,-182,-92,-187,-73,-189,-52,-193,-31,-193,-11,-195]]]
581357	n	32.8212,67.3539,33.9988,67.8061	[[[328212,675800,28,-222,85,-219,140,-215,195,-209,247,-201,297,-190,344,-178,388,-165,428,-149,465,-132,495,-114,523,-95,544,-75,560,-54,572,-32,577,-11,577,11,572,32,560,54,544,75,523,95,495,114,465,132,428,149,388,165,344,178,297,190,247,201,195,209,140,215,85,219,28,222,-28,222,-85,219,-140,215,-195,209,-247,201,-297,190,-344,178,-388,165,-428,149,-465,132,-495,114,-523,95,-544,75,-560,54,-572,32,-577,11,-577,-11,-572,-32,-560,-54,-544,-75,-523,-95,-495,-114,-465,-132,-428,-149,-388,-165,-344,-178,-297,-190,-247,-201,-195,-209,-140,-215,-85,-219,-28,-222]]]
1497173	p	1510853
2015833	n	127.7802,51.1539,128.4998,51.6061	[[[1277802,513800,17,-222,52,-219,86,-215,119,-209,151,-201,181,-190,211,-178,237,-165,261,-149,284,-132,303,-114,319,-95,333,-75,342,-54,349,-32,353,-11,353,11,349,32,342,54,333,75,319,95,303,114,284,132,261,149,237,165,211,178,181,190,151,201,119,209,86,215,52,219,17,222,-17,222,-52,219,-86,215,-119,209,-151,201,-181,190,-211,178,-237,165,-261,149,-284,132,-303,114,-319,95,-333,75,-342,54,-349,32,-353,11,-353,-11,-349,-32,-342,-54,-333,-75,-319,-95,-303,-114,-284,-132,-261,-149,-237,-165,-211,-178,-181,-190,-151,-201,-119,-209,-86,-215,-52,-219,-17,-222]]]
499161	r	41.1167,46.1866,41.9633,46.7734	[[[411167,464800,9,-192,27,-191,46,-189,62,-188,81,-183,97,-180,115,-175,130,-169,147,-163,161,-156,176,-149,189,-140,202,-131,214,-122,225,-112,236,-101,244,-91,252,-79,259,-68,265,-56,270,-43,274,-31,275,-19,277,-6,277,6,275,19,274,31,270,43,265,56,259,68,252,79,244,91,236,101,225,112,214,122,202,131,189,140,176,149,161,156,147,163,130,169,115,175,97,180,81,183,62,188,46,189,27,191,9,192,-9,192,-27,191,-46,189,-62,188,-81,183,-97,180,-115,175,-130,169,-147,163,-161,156,-176,149,-189,140,-202,131,-214,122,-225,112,-236,101,-244,91,-252,79,-259,68,-265,56,-270,43,-274,31,-275,19,-277,6,-277,-6,-275,-19,-274,-31,-270,-43,-265,-56,-259,-68,-252,-79,-244,-91,-236,-101,-225,-112,-214,-122,-202,-131,-189,-140,-176,-149,-161,-156,-147,-163,-130,-169,-115,-175,-97,-180,-81,-183,-62,-188,-46,-189,-27,-191,-9,-192]]]
486968	n	37.7339,54.6739,38.4606,55.1261	[[[377339,547854,114,-110,228,-178,257,-165,284,-149,308,-132,329,-114,346,-95,361,-75,372,-54,379,-32,383,-11,383,11,379,32,372,54,361,75,346,95,329,114,308,132,284,149,257,165,228,178,197,190,164,201,129,209,94,215,56,219,19,222,-19,222,-56,219,-5,10,-519,747,-60,58,-228,178,-257,165,-284,149,-308,132,-329,114,-346,95,-361,75,-372,54,-379,32,-383,11,-383,-11,-379,-32,-372,-54,-361,-75,-346,-95,-329,-114,-267,-115,-718,-604,-206,-2307]]]
504935	r	43.6367,43.479,44.4233,44.046	[[[436367,437600,8,-187,14,-101,4022,-2187,616,-335,40,5,251,42,246,55,241,66,235,77,227,88,218,99,209,109,199,119,188,128,176,136,164,145,149,152,136,159,122,165,106,170,91,176,74,179,59,182,42,185,25,186,8,187,-8,187,-25,186,-42,185,-59,182,-74,179,-91,176,-106,170,-122,165,-136,159,-149,152,-164,145,-176,136,-188,128,-199,119,-209,109,-218,99,-227,88,-235,77,-241,66,-246,55,-251,42,-254,31,-256,18,-257,6,-257,-6,-256,-18,-254,-31,-251,-42,-246,-55,-9,-2,-1719,-851,-129,-114,-149,-152,-136,-159,-122,-165,-106,-170,-91,-176,-74,-179,-59,-182,-42,-185,-25,-186,-8,-187]]]
493231	r	40.9527,56.5931,41.9002,57.1308	[[[409527,567056,131,-116,195,-150,211,-142,229,-134,243,-126,258,-116,249,-99,4915,-242,198,50,295,87,283,97,272,107,258,116,243,126,229,134,211,142,195,150,176,156,157,162,138,167,118,172,97,176,76,179,54,181,33,183,11,184,-11,184,-33,183,-54,181,-76,179,-97,176,-118,172,-138,167,-157,162,-176,156,-195,150,-211,142,-229,134,-243,126,-258,116,-272,107,-283,97,-295,87,-304,76,-312,65,-320,53,-325,42,-329,30,-332,18,-302,5,-4405,-4252]]]
495394	p	480562
572665	p	520555
564719	r	36.6543,56.4731,37.6911,56.9783	[[[366543,567400,11,-193,34,-193,58,-191,79,-189,102,-185,24,-36,785,-303,3563,-1379,5220,1485,490,140,2,2,-8181,3425,-91,-36,-271,-123,-256,-132,-240,-142,-222,-149,-204,-158,-186,-164,-165,-171,-145,-176,-123,-181,-102,-185,-79,-189,-58,-191,-34,-193,-11,-193]]]
512023	p	563523
485630	p	524901
514284	p	524901
493702	p	487846
543704	r	45.9824,60.9368,47.3176,61.5832	[[[459824,612600,15,-211,43,-211,71,-208,99,-206,127,-203,154,-198,180,-192,206,-187,230,-179,255,-172,277,-164,299,-154,318,-145,338,-134,355,-123,371,-112,385,-99,398,-88,409,-74,418,-62,426,-48,431,-34,434,-21,437,-7,437,7,434,21,431,34,426,48,418,62,409,74,398,88,385,99,371,112,355,123,338,134,318,145,299,154,277,164,255,172,230,179,206,187,180,192,154,198,127,203,99,206,71,208,43,211,15,211,-15,211,-43,211,-71,208,-99,206,-127,203,-154,198,-180,192,-206,187,-230,179,-255,172,-277,164,-299,154,-318,145,-338,134,-355,123,-371,112,-385,99,-398,88,-409,74,-418,62,-426,48,-431,34,-434,21,-437,7,-437,-7,-434,-21,-431,-34,-426,-48,-418,-62,-409,-74,-398,-88,-385,-99,-371,-112,-355,-123,-338,-134,-318,-145,-299,-154,-277,-164,-255,-172,-230,-179,-206,-187,-180,-192,-154,-198,-127,-203,-99,-206,-71,-208,-43,-211,-15,-211]]]
1487281	p	1486209
1490256	p	1497337
527012	n	42.8802,49.8339,43.5798,50.2861	[[[428802,500600,17,-222,50,-219,83,-215,116,-209,147,-201,176,-190,205,-178,230,-165,255,-149,276,-132,294,-114,310,-95,324,-75,333,-54,339,-32,343,-11,343,11,339,32,333,54,324,75,310,95,294,114,276,132,255,149,230,165,205,178,176,190,147,201,116,209,83,215,50,219,17,222,-17,222,-50,219,-83,215,-116,209,-147,201,-176,190,-205,178,-230,165,-255,149,-276,132,-294,114,-310,95,-324,75,-333,54,-339,32,-343,11,-343,-11,-339,-32,-333,-54,-324,-75,-310,-95,-294,-114,-276,-132,-255,-149,-230,-165,-205,-178,-176,-190,-147,-201,-116,-209,-83,-215,-50,-219,-17,-222]]]
490996	p	13631665
2027468	n	132.957,43.9339,133.583,44.3861	[[[1329570,441600,15,-222,45,-219,74,-215,104,-209,131,-201,158,-190,183,-178,206,-165,228,-149,247,-132,263,-114,278,-95,289,-75,298,-54,304,-32,307,-11,307,11,304,32,298,54,289,75,278,95,263,114,247,132,228,149,206,165,183,178,158,190,131,201,104,209,74,215,45,219,15,222,-15,222,-45,219,-74,215,-104,209,-131,201,-158,190,-183,178,-206,165,-228,149,-247,132,-263,114,-278,95,-289,75,-298,54,-304,32,-307,11,-307,-11,-304,-32,-298,-54,-289,-75,-278,-95,-263,-114,-247,-132,-228,-149,-206,-165,-183,-178,-158,-190,-131,-201,-104,-209,-74,-215,-45,-219,-15,-222]]]
477494	p	518557
472234	r	47.8449,55.5816,48.5898,56.161	[[[478449,558700,11,-190,33,-190,55,-188,76,-185,98,-182,119,-179,139,-173,159,-168,178,-162,196,-154,214,-148,231,-139,246,-130,260,-121,274,-110,286,-101,298,-90,307,-78,315,-67,323,-56,328,-43,317,-30,1364,2507,234,3,-10,12,-112,-1,-100,7,1604,2949,6,11,-20,6,-307,78,-315,67,-323,56,-328,43,-333,31,-335,19,-337,6,-337,-6,-335,-19,-333,-31,-328,-43,-323,-56,-315,-67,-307,-78,-298,-90,-286,-101,-274,-110,-260,-121,-246,-130,-152,-92,-1330,-1681,-16,-95,-11,-190]]]
6695754	r	73.7596,61.9325,75.2004,62.6075	[[[737596,622700,15,-221,46,-220,77,-217,107,-215,137,-212,166,-207,195,-201,222,-194,249,-188,275,-180,299,-170,322,-161,344,-151,364,-140,384,-129,400,-117,416,-104,429,-91,441,-78,451,-64,460,-50,465,-36,469,-22,471,-7,471,7,469,22,465,36,460,50,451,64,441,78,429,91,416,104,400,117,384,129,364,140,344,151,322,161,299,170,275,180,249,188,222,194,195,201,166,207,137,212,107,215,77,217,46,220,15,221,-15,221,-46,220,-77,217,-107,215,-137,212,-166,207,-195,201,-222,194,-249,188,-275,180,-299,170,-322,161,-344,151,-364,140,-384,129,-400,117,-416,104,-429,91,-441,78,-451,64,-460,50,-465,36,-469,22,-471,7,-471,-7,-469,-22,-465,-36,-460,-50,-451,-64,-441,-78,-429,-91,-416,-104,-400,-117,-384,-129,-364,-140,-344,-151,-322,-161,-299,-170,-275,-180,-249,-188,-222,-194,-195,-201,-166,-207,-137,-212,-107,-215,-77,-217,-46,-220,-15,-221]]]
540251	r	37.6357,44.7572,38.3909,45.1376	[[[376357,450634,190,-1460,4038,-1602,2712,214,75,85,123,165,108,171,93,175,76,178,60,183,42,184,26,186,9,187,-9,187,-26,186,-42,184,-60,183,-76,178,-93,175,-55,87,-6399,896,-84,-56,-179,-136,-166,-145,-153,-152,-139,-158,-71,-95]]]
2025527	r	102.4813,52.79,103.6786,53.5115	[[[1024814,531500,12,-236,39,-236,64,-233,89,-231,113,-226,138,-221,162,-216,185,-208,207,-201,228,-192,248,-183,268,-173,286,-162,303,-150,318,-137,333,-125,345,-112,357,-97,367,-84,375,-68,381,-54,387,-39,268,-16,1379,666,4116,1987,949,458,4,17,39,236,12,236,-12,236,-39,236,-64,233,-89,231,-113,226,-138,221,-162,216,-185,208,-207,201,-228,192,-248,183,-268,173,-286,162,-303,150,-318,137,-333,125,-345,112,-357,97,-367,84,-375,68,-381,54,-387,39,-389,23,-392,8,-392,-8,-389,-23,-387,-39,-381,-54,-375,-68,-367,-84,-357,-97,-345,-112,-333,-125,-318,-137,-303,-150,-286,-162,-268,-173,-248,-183,-228,-192,-207,-201,-185,-208,-162,-216,-138,-221,-113,-226,-89,-231,-64,-233,-39,-236,-12,-236]]]
463082	p	482283
491250	p	524901
491280	p	524901
501283	r	32.3793,53.6652,33.3406,54.2348	[[[323794,539500,10,-186,31,-186,51,-184,72,-181,91,-178,111,-175,130,-169,148,-165,166,-158,183,-151,200,-145,215,-136,229,-127,243,-118,256,-109,267,-98,277,-88,287,-77,294,-65,301,-55,306,-42,311,-30,313,-18,314,-7,314,7,313,18,311,30,306,42,301,55,294,65,287,77,277,88,267,98,256,109,243,118,229,127,215,136,200,145,183,151,166,158,148,165,130,169,111,175,91,178,72,181,51,184,31,186,10,186,-10,186,-31,186,-51,184,-72,181,-91,178,-111,175,-130,169,-148,165,-166,158,-183,151,-200,145,-215,136,-229,127,-243,118,-256,109,-267,98,-277,88,-287,77,-294,65,-301,55,-306,42,-311,30,-313,18,-314,7,-314,-7,-313,-18,-311,-30,-306,-42,-301,-55,-294,-65,-287,-77,-277,-88,-267,-98,-256,-109,-243,-118,-229,-127,-215,-136,-200,-145,-183,-151,-166,-158,-148,-165,-130,-169,-111,-175,-91,-178,-72,-181,-51,-184,-31,-186,-10,-186]]]
572154	r	33.3604,58.0947,34.4796,58.6853	[[[333604,583900,12,-193,36,-192,59,-191,83,-188,107,-185,129,-181,151,-176,173,-171,193,-164,213,-157,233,-149,250,-141,267,-132,283,-123,298,-112,311,-102,323,-92,333,-79,343,-68,351,-56,356,-44,362,-32,364,-19,366,-6,366,6,364,19,362,32,356,44,351,56,343,68,333,79,323,92,311,102,298,112,283,123,267,132,250,141,233,149,213,157,193,164,173,171,151,176,129,181,107,185,83,188,59,191,36,192,12,193,-12,193,-36,192,-59,191,-83,188,-107,185,-129,181,-151,176,-173,171,-193,164,-213,157,-233,149,-250,141,-267,132,-283,123,-298,112,-311,102,-323,92,-333,79,-343,68,-351,56,-356,44,-362,32,-364,19,-366,6,-366,-6,-364,-19,-362,-32,-356,-44,-351,-56,-343,-68,-333,-79,-323,-92,-311,-102,-298,-112,-283,-123,-267,-132,-250,-141,-233,-149,-213,-157,-193,-164,-173,-171,-151,-176,-129,-181,-107,-185,-83,-188,-59,-191,-36,-192,-12,-193]]]
8504946	p	498817
548442	r	31.4543,59.1704,32.6257,59.7696	[[[314543,594700,12,-196,38,-195,62,-193,87,-191,112,-188,135,-183,158,-179,180,-173,203,-166,223,-160,243,-151,262,-143,280,-134,296,-125,312,-114,325,-103,338,-93,350,-81,358,-69,367,-57,373,-44,378,-32,382,-19,383,-7,383,7,382,19,378,32,373,44,367,57,358,69,350,81,338,93,325,103,312,114,296,125,280,134,262,143,243,151,223,160,203,166,180,173,158,179,135,183,112,188,87,191,62,193,38,195,12,196,-12,196,-38,195,-62,193,-87,191,-112,188,-135,183,-158,179,-180,173,-203,166,-223,160,-243,151,-262,143,-280,134,-296,125,-312,114,-325,103,-338,93,-350,81,-358,69,-367,57,-373,44,-378,32,-382,19,-383,7,-383,-7,-382,-19,-378,-32,-373,-44,-367,-57,-358,-69,-350,-81,-338,-93,-325,-103,-312,-114,-296,-125,-280,-134,-262,-143,-243,-151,-223,-160,-203,-166,-180,-173,-158,-179,-135,-183,-112,-188,-87,-191,-62,-193,-38,-195,-12,-196]]]
563379	p	485239
534838	n	39.1433,50.7539,39.8567,51.2061	[[[391433,509800,17,-222,52,-219,85,-215,117,-209,150,-201,180,-190,209,-178,235,-165,259,-149,281,-132,301,-114,316,-95,330,-75,339,-54,346,-32,350,-11,350,11,346,32,339,54,330,75,316,95,301,114,281,132,259,149,235,165,209,178,180,190,150,201,117,209,85,215,52,219,17,222,-17,222,-52,219,-85,215,-117,209,-150,201,-180,190,-209,178,-235,165,-259,149,-281,132,-301,114,-316,95,-330,75,-339,54,-346,32,-350,11,-350,-11,-346,-32,-339,-54,-330,-75,-316,-95,-301,-114,-281,-132,-259,-149,-235,-165,-209,-178,-180,-190,-150,-201,-117,-209,-85,-215,-52,-219,-17,-222]]]
470676	r	33.7507,54.8945,34.8493,55.5255	[[[337507,552100,12,-206,35,-206,59,-204,81,-201,105,-197,126,-193,149,-189,169,-182,190,-175,209,-168,228,-159,246,-151,262,-141,278,-131,292,-121,306,-109,317,-97,327,-85,336,-73,344,-60,350,-47,355,-33,358,-21,359,-6,359,6,358,21,355,33,350,47,344,60,336,73,327,85,317,97,306,109,292,121,278,131,262,141,246,151,228,159,209,168,190,175,169,182,149,189,126,193,105,197,81,201,59,204,35,206,12,206,-12,206,-35,206,-59,204,-81,201,-105,197,-126,193,-149,189,-169,182,-190,175,-209,168,-228,159,-246,151,-262,141,-278,131,-292,121,-306,109,-317,97,-327,85,-336,73,-344,60,-350,47,-355,33,-358,21,-359,6,-359,-6,-358,-21,-355,-33,-350,-47,-344,-60,-336,-73,-327,-85,-317,-97,-306,-109,-292,-121,-278,-131,-262,-141,-246,-151,-228,-159,-209,-168,-190,-175,-169,-182,-149,-189,-126,-193,-105,-197,-81,-201,-59,-204,-35,-206,-12,-206]]]
1497951	r	89.8319,55.679,91.0081,56.1959	[[[898319,560100,13,-216,37,-216,63,-214,88,-211,111,-207,136,-203,159,-197,181,-191,203,-184,224,-176,245,-167,263,-159,280,-148,298,-137,313,-126,327,-115,339,-102,350,-89,361,-76,368,-63,375,-49,379,-36,383,-21,385,-7,385,7,383,21,379,36,375,49,368,63,361,76,350,89,339,102,327,115,313,126,298,137,280,148,263,159,245,167,224,176,203,184,181,191,159,197,136,203,111,207,88,211,63,214,37,216,13,216,-13,216,-37,216,-63,214,-37,88,-301,32,-10140,1076,-155,17,-25,-20,-203,-184,-181,-191,-159,-197,-136,-203,-111,-207,-88,-211,-63,-214,-37,-216,-13,-216]]]
547560	p	524901
6853140	n	62.6606,57.3939,63.4994,57.8461	[[[626606,576200,21,-222,60,-219,100,-215,139,-209,176,-201,211,-190,245,-178,277,-165,305,-149,330,-132,353,-114,372,-95,388,-75,399,-54,407,-32,411,-11,411,11,407,32,399,54,388,75,372,95,353,114,330,132,305,149,277,165,245,178,211,190,176,201,139,209,100,215,60,219,21,222,-21,222,-60,219,-100,215,-139,209,-176,201,-211,190,-245,178,-277,165,-305,149,-330,132,-353,114,-372,95,-388,75,-399,54,-407,32,-411,11,-411,-11,-407,-32,-399,-54,-388,-75,-372,-95,-353,-114,-330,-132,-305,-149,-277,-165,-245,-178,-211,-190,-176,-201,-139,-209,-100,-215,-60,-219,-21,-222]]]
500019	p	498817
478724	p	498817
465057	p	524901
507338	p	524901
1510205	r	85.6442,55.4079,86.9158,55.9766	[[[856442,556700,14,-236,40,-235,25,-86,4402,-853,64,57,23,5,65,-5,6,-7,71,-7,126,9,29,-17,84,-21,23,-19,-4,-7,-64,-21,-112,33,0,-52,-12,-6,134,-26,8,0,0,11,66,23,-15,-22,-28,-14,9,-6,8,-2,48,11,37,66,73,6,42,-30,33,0,-46,12,-16,37,21,-4,1,4,-74,17,0,15,61,48,-10,36,21,35,44,-21,-20,-31,39,-107,0,-27,8,-1,16,26,10,-1,4,-31,-16,-2,-22,-24,8,-14,-37,-64,324,-62,2,35,84,-1,-18,-24,0,-23,5145,-998,130,68,284,173,264,182,242,192,220,201,196,208,172,216,147,221,120,226,95,230,68,233,40,235,14,236,-14,236,-40,235,-68,233,-95,230,-120,226,-147,221,-172,216,-196,208,-220,201,-242,192,-264,182,-284,173,-304,161,-322,150,-338,138,-184,64,-9455,-2067,-34,-65,-95,-230,-68,-233,-40,-235,-14,-236]]]
577893	n	39.5537,44.5659,40.185,44.9961	[[[395537,447700,15,-222,45,-219,76,-215,104,-209,133,-201,160,-190,185,-178,208,-165,230,-149,250,-132,266,-114,137,-47,4504,2233,-2,30,-45,219,-76,215,-104,209,-133,201,-160,190,-185,178,-208,165,-230,149,-250,132,-266,114,-280,95,-293,75,-301,54,-307,32,-310,11,-310,-11,-307,-32,-301,-54,-293,-75,-280,-95,-266,-114,-250,-132,-230,-149,-208,-165,-185,-178,-160,-190,-133,-201,-104,-209,-76,-215,-45,-219,-15,-222]]]
2021618	r	117.5872,49.804,118.4728,50.376	[[[1175872,500900,9,-187,29,-186,47,-185,66,-182,84,-179,102,-176,119,-170,137,-165,153,-159,169,-152,184,-145,198,-137,211,-128,224,-118,236,-109,246,-99,255,-88,264,-78,272,-66,277,-54,282,-42,286,-31,288,-18,290,-6,290,6,288,18,286,31,282,42,277,54,272,66,264,78,255,88,246,99,236,109,224,118,211,128,198,137,184,145,169,152,153,159,137,165,119,170,102,176,84,179,66,182,47,185,29,186,9,187,-9,187,-29,186,-47,185,-66,182,-84,179,-102,176,-119,170,-137,165,-153,159,-169,152,-184,145,-198,137,-211,128,-224,118,-236,109,-246,99,-255,88,-264,78,-272,66,-277,54,-282,42,-286,31,-288,18,-290,6,-290,-6,-288,-18,-286,-31,-282,-42,-277,-54,-272,-66,-264,-78,-255,-88,-246,-99,-236,-109,-224,-118,-211,-128,-198,-137,-184,-145,-169,-152,-153,-159,-137,-165,-119,-170,-102,-176,-84,-179,-66,-182,-47,-185,-29,-186,-9,-187]]]
539061	p	498817
472072	p	524901
482965	r	38.4941,45.3311,39.4059,45.941	[[[384941,456200,10,-210,29,-209,49,-207,68,-205,86,-201,105,-196,123,-192,141,-185,158,-178,173,-171,190,-163,203,-153,218,-143,231,-134,242,-122,254,-111,263,-99,30,-10,4178,76,87,33,254,111,242,122,231,134,218,143,203,153,190,163,173,171,158,178,141,185,123,192,105,196,86,201,68,205,49,207,29,209,10,210,-10,210,-29,209,-49,207,-68,205,-86,201,-105,196,-123,192,-141,185,-158,178,-173,171,-190,163,-203,153,-218,143,-231,134,-242,122,-254,111,-263,99,-271,87,-280,74,-285,61,-291,47,-294,35,-297,20,-298,7,-298,-7,-297,-20,-294,-35,-291,-47,-285,-61,-280,-74,-271,-87,-263,-99,-254,-111,-242,-122,-231,-134,-218,-143,-203,-153,-190,-163,-173,-171,-158,-178,-141,-185,-123,-192,-105,-196,-86,-201,-68,-205,-49,-207,-29,-209,-10,-210]]]
496278	p	524305
565381	p	524901
470252	n	34.151,57.3639,34.989,57.8161	[[[341510,575900,20,-222,60,-219,100,-215,139,-209,176,-201,211,-190,245,-178,276,-165,305,-149,330,-132,353,-114,372,-95,387,-75,399,-54,406,-32,411,-11,411,11,406,32,399,54,387,75,372,95,353,114,330,132,305,149,276,165,245,178,211,190,176,201,139,209,100,215,60,219,20,222,-20,222,-60,219,-100,215,-139,209,-176,201,-211,190,-245,178,-276,165,-305,149,-330,132,-353,114,-372,95,-387,75,-399,54,-406,32,-411,11,-411,-11,-406,-32,-399,-54,-387,-75,-372,-95,-353,-114,-330,-132,-305,-149,-276,-165,-245,-178,-211,-190,-176,-201,-139,-209,-100,-215,-60,-219,-20,-222]]]
582182	r	36.9382,44.7186,37.6547,45.2213	[[[369382,450703,118,-47,847,-178,337,-175,373,-101,144,-107,149,-54,172,-44,135,-17,262,-70,952,-628,189,-185,35,-126,-34,8,0,26,-3,-19,-7,-3,-6,8,5,-8,-8,-1,-2,6,-6,-7,-3,6,4,-10,-5,7,3,-8,-7,5,-8,-6,-4,5,2,-5,-32,-10,1,-25,-10,-8,-9,4,-5,-14,16,-36,54,-46,-106,-89,0,-75,254,-214,333,-676,199,-307,149,-111,460,-182,2227,1988,-190,1460,-93,720,-93,62,-228,133,-240,123,-250,111,-260,99,-269,87,-276,74,-282,61,-287,47,-291,35,-293,20,-295,7,-295,-7,-293,-20,-291,-35,-287,-47,-282,-61,-276,-74,-269,-87,-260,-99,-250,-111,-240,-123,-228,-133,-215,-144,-202,-153,-187,-163,-171,-171,-72,-82]]]
571159	r	51.8842,53.3284,52.8206,53.9916	[[[518842,536600,12,-217,35,-216,59,-214,83,-211,106,-208,128,-203,150,-198,171,-191,192,-184,212,-177,231,-167,249,-159,265,-148,281,-138,296,-126,309,-115,321,-102,331,-90,340,-76,348,-63,355,-49,358,-36,362,-21,364,-7,364,7,362,21,358,36,355,49,348,63,340,76,331,90,321,102,309,115,296,126,281,138,141,79,-2623,5653,-99,13,-358,36,-362,21,-364,7,-364,-7,-362,-21,-358,-36,-355,-49,-348,-63,-340,-76,-331,-90,-321,-102,-309,-115,-296,-126,-281,-138,-265,-148,-249,-159,-231,-167,-212,-177,-192,-184,-171,-191,-150,-198,-128,-203,-106,-208,-83,-211,-59,-214,-35,-216,-12,-217]]]
562321	p	563523
468866	r	32.2094,54.7771,33.1907,55.3429	[[[322094,550600,4,-78,3222,-2578,103,-23,307,-54,313,-42,317,-30,319,-18,321,-6,321,6,319,18,317,30,313,42,307,54,301,65,292,77,283,87,273,98,261,108,248,117,234,127,220,135,203,143,187,150,170,158,151,163,133,168,113,174,93,177,73,180,52,183,32,184,10,185,-10,185,-32,184,-52,183,-73,180,-93,177,-113,174,-133,168,-151,163,-170,158,-187,150,-203,143,-220,135,-234,127,-248,117,-261,108,-273,98,-283,87,-292,77,-301,65,-307,54,-313,42,-317,30,-319,18,-321,6,-321,-6,-319,-18,-317,-30,-313,-42,-307,-54,-301,-65,-292,-77,-283,-87,-273,-98,-261,-108,-248,-117,-234,-127,-220,-135,-203,-143,-187,-150,-170,-158,-151,-163,-133,-168,-113,-174,-93,-177,-73,-180,-52,-183,-32,-184,-10,-185]]]
542327	p	511196
562319	p	524901
1485439	r	84.4571,53.4223,85.4229,53.9977	[[[844571,537100,11,-188,31,-188,51,-185,72,-184,92,-180,111,-176,130,-172,149,-166,167,-160,184,-153,201,-145,216,-138,230,-128,245,-120,256,-109,269,-100,278,-89,288,-77,296,-67,302,-54,308,-43,312,-31,314,-18,316,-6,316,6,314,18,312,31,308,43,302,54,296,67,288,77,278,89,269,100,256,109,245,120,230,128,216,138,201,145,184,153,167,160,149,166,130,172,111,176,92,180,72,184,51,185,31,188,11,188,-11,188,-31,188,-51,185,-72,184,-92,180,-111,176,-130,172,-149,166,-167,160,-184,153,-201,145,-216,138,-230,128,-245,120,-256,109,-269,100,-278,89,-288,77,-296,67,-302,54,-308,43,-312,31,-314,18,-316,6,-316,-6,-314,-18,-312,-31,-308,-43,-302,-54,-296,-67,-288,-77,-278,-89,-269,-100,-256,-109,-245,-120,-230,-128,-216,-138,-201,-145,-184,-153,-167,-160,-149,-166,-130,-172,-111,-176,-92,-180,-72,-184,-51,-185,-31,-188,-11,-188]]]
1496476	r	64.2856,61.6204,66.4944,62.6596	[[[642856,621400,24,-340,71,-338,117,-336,164,-331,210,-325,255,-318,298,-310,341,-300,381,-289,421,-276,459,-263,494,-248,527,-233,559,-215,587,-198,614,-180,637,-160,659,-140,676,-120,692,-99,703,-77,713,-56,720,-33,722,-11,722,11,720,33,713,56,703,77,692,99,676,120,659,140,637,160,614,180,587,198,559,215,527,233,494,248,459,263,421,276,381,289,341,300,298,310,255,318,210,325,164,331,117,336,71,338,24,340,-24,340,-71,338,-117,336,-164,331,-210,325,-255,318,-298,310,-341,300,-381,289,-421,276,-459,263,-494,248,-527,233,-559,215,-587,198,-614,180,-637,160,-659,140,-676,120,-692,99,-703,77,-713,56,-720,33,-722,11,-722,-11,-720,-33,-713,-56,-703,-77,-692,-99,-676,-120,-659,-140,-637,-160,-614,-180,-587,-198,-559,-215,-527,-233,-494,-248,-459,-263,-421,-276,-381,-289,-341,-300,-298,-310,-255,-318,-210,-325,-164,-331,-117,-336,-71,-338,-24,-340]]]
548652	r	36.843,56.6357,37.9152,57.1854	[[[368430,569909,8481,-3551,2,-1,21,2,46,18,281,127,265,136,248,146,231,155,211,162,192,170,171,176,150,182,128,187,106,192,82,194,59,197,36,199,12,200,-12,200,-36,199,-59,197,-82,194,-106,192,-128,187,-150,182,-171,176,-192,170,-211,162,-231,155,-248,146,-265,136,-281,127,-296,116,-308,106,-320,94,-331,83,-340,70,-348,58,-354,45,-358,33,-362,20,-363,6,-363,-6,-362,-20,-358,-33,-354,-45,-348,-58,-340,-70,-331,-83,-320,-94,-308,-106,-296,-116,-281,-127,-265,-136,-248,-146,-231,-155,-211,-162,-192,-170,-171,-176,-150,-182,-41,-60]]]
583589	p	524901
473778	p	524901
2014927	n	100.1926,54.3439,100.9674,54.7961	[[[1001926,545700,19,-222,55,-219,93,-215,128,-209,162,-201,196,-190,226,-178,256,-165,281,-149,306,-132,326,-114,343,-95,358,-75,369,-54,376,-32,380,-11,380,11,376,32,369,54,358,75,343,95,326,114,306,132,281,149,256,165,226,178,196,190,162,201,128,209,93,215,55,219,19,222,-19,222,-55,219,-93,215,-128,209,-162,201,-196,190,-226,178,-256,165,-281,149,-306,132,-326,114,-343,95,-358,75,-369,54,-376,32,-380,11,-380,-11,-376,-32,-369,-54,-358,-75,-343,-95,-326,-114,-306,-132,-281,-149,-256,-165,-226,-178,-196,-190,-162,-201,-128,-209,-93,-215,-55,-219,-19,-222]]]
555111	p	524901
565348	r	39.6317,48.1917,40.1623,48.6688	[[[396317,485869,386,15,198,53,1191,-99,261,-103,198,-174,76,-260,12,-73,22,-58,24,-41,10,-30,-41,-84,-94,-21,-93,4,-46,-7,26,-156,96,-81,105,-56,314,-459,106,-256,77,-136,96,-86,-226,-149,-174,-148,-212,-119,-129,-9,-46,-13,-4,-29,-40,-5,8,-63,-259,-144,689,-292,204,16,98,24,4,-7,-14,-45,-28,-23,11,-17,-4,-9,-16,-13,21,-6,25,9,-6,-20,7,-2,35,7,23,13,46,0,3,21,25,30,14,10,21,2,12,13,19,-1,-4,14,-31,10,-11,14,20,8,22,-3,11,8,10,40,209,51,215,-33,143,-169,-25,-195,-131,-182,-171,-134,-479,-244,-25,-20,1690,-40,832,4447,-243,74,-301,76,-307,62,-313,49,-318,35,-320,21,-321,7,-321,-7,-320,-21,-318,-35,-313,-49,-307,-62,-301,-76,-293,-89,-284,-101,-273,-114,-261,-125,-174,-95,-18,-45]]]
561667	r	37.9147,44.3607,38.4885,44.7825	[[[379147,446548,184,-161,31,-44,-6,-65,-53,-59,-56,-48,-21,-33,55,-79,164,-88,400,-328,158,-88,116,-32,330,89,113,-22,6,-35,-30,-10,-17,4,-9,-20,-28,-11,1,-11,18,-11,71,-22,11,-7,43,-225,85,-82,368,-189,245,-271,200,-333,251,-307,396,-188,711,-20,109,-76,105,-114,455,-55,106,71,187,143,174,152,160,160,144,166,129,174,113,179,97,183,79,188,63,192,44,193,27,196,9,196,-9,196,-27,196,-44,193,-63,192,-79,188,-97,183,-113,179,-129,174,-144,166,-160,160,-174,152,-60,46,-489,-39,-2712,-214,-1438,-1024]]]
532657	p	524901
548602	r	28.02,59.0746,29.2056,59.6854	[[[280200,593387,9,-27,97,15,17,-22,36,5,22,-6,-2,70,-55,-2,-124,-33]],[[280353,593000,14,-23,8,4,14,-22,-13,1,84,-142,138,-187,160,-182,184,-176,206,-170,227,-162,247,-155,267,-146,284,-136,301,-127,317,-116,331,-106,344,-94,355,-83,365,-70,373,-58,379,-45,385,-33,387,-20,390,-6,390,6,387,20,385,33,379,45,373,58,365,70,355,83,344,94,331,106,317,116,301,127,284,136,267,146,247,155,227,162,206,170,184,176,160,182,138,187,113,192,88,194,64,197,38,199,13,200,-13,200,-38,199,-64,197,-88,194,-113,192,-138,187,-160,182,-184,176,-206,170,-227,162,-3,2,-3566,1135,-379,32,-387,20,-390,6,-390,-6,-387,-20,-385,-33,-379,-45,-373,-58,-365,-70,-355,-83,-344,-94,-331,-106,-317,-116,-301,-127,-284,-136,-267,-146,-247,-155,-227,-162,-206,-170,-184,-176,-160,-182,-138,-187,-84,-142,10,-10,448,-121,214,-117,236,-297,94,-91,118,-72,28,-13,29,33,-167,49,-54,191,22,11,35,-23,73,-30,163,-36,8,-30,40,-22,88,-35,86,-23,89,-49,70,-57,54,-60,6,-21,-31,-37,-14,-45,40,-21,5,-18,7,18,17,-13,-40,-34,7,-25,-72,-24,-52,-29,18,6,-4,-10,-50,-52,-88,-7,-16,-26,31,0,-10,-4,7,-18,-34,0,-36,-16,-18,1,4,-30,-21,2,14,2,1,14,-17,18,-59,-10,-52,2,-14,-8,-52,-5,-14,7,-56,-14,20,-5,1,-5,7,-9,-19,3,4,-10,-22,4,-3,7,-37,-4,-8,9,-36,-3,18,-6,-36,-16,-5,9,-10,0,-11,-13,12,-3,-3,-9,-27,6,-40,-20,-10,-89,31,-7,-33,-5,72,-9,16,-24,-40,-32,4,-20,-36,-36,14,-29,-32,-33,5,-18,-19,-18,-25,-9,-22,-28,-21,-8,-178,-19,-38,-10,-29,-20,-15,6,-8,-7,-15,7,-78,-16,-64,11,-1,6,20,9,18,-1,6,9,-6,2,-6,-9,-6,5,-24,-3,-7,6,-27,0,35,8,-35,-5,-3,6,-27,1,-13,-6,29,4,9,-5,-12,-3,15,-4,-65,2,-30,-7,53,15,-53,-7,21,10,3,-5,24,4,1,7,-3,0,17,33,-21,-5,-7,-14,-4,15,-51,-9,-4,12,2,-12,-33,-8,-12,8,-2,-11,-143,-2,5,15,-51,-11,-8,-13,-2,0],[280381,592983,13,6,11,-3,-19,-8,-5,5],[280395,592959,3,18,15,-13,-18,-5],[280408,592979,15,4,31,-4,-44,-7,-2,7],[280413,592959,7,3,3,-1,-1,-2,-9,0],[280432,592988,3,4,12,1,2,-4,-17,-1],[280435,592972,19,7,1,0,10,4,-5,-12,-25,1],[280462,592972,4,2,12,1,-5,-2,-11,-1],[280470,592994,2,0,15,-5,-10,1,-7,4],[280582,592973,13,4,21,5,-23,-9,-11,0],[280599,592971,11,5,2,-1,-7,-4,-6,0],[280604,592966,16,3,-1,-1,-12,-5,-3,3],[280633,592972,29,6,0,-2,-24,-6,-5,2],[281609,593438,4,2,2,-5,-3,1,-3,2],[281640,594091,10,-4,10,-6,-13,1,-7,9],[281840,593512,5,2,1,-2,-4,-2,-2,2],[281844,593487,2,4,4,2,2,-3,-8,-3],[281856,594009,49,-14,19,-13,-2,-10,-47,20,-19,17],[281884,593483,16,32,7,-34,-15,-13,-8,15],[281934,593553,34,44,19,9,13,-21,-10,-16,-38,-23,-18,7],[282029,593738,46,-18,9,-10,-55,28]]]
547840	r	46.3355,43.5781,47.0845,44.1219	[[[463355,438500,8,-178,24,-177,40,-175,56,-174,71,-170,86,-166,102,-162,115,-157,130,-151,142,-145,156,-138,167,-129,179,-122,189,-113,200,-104,208,-93,216,-84,223,-74,229,-62,235,-52,238,-40,242,-29,244,-18,245,-6,245,6,244,18,242,29,238,40,235,52,229,62,223,74,216,84,208,93,200,104,189,113,179,122,167,129,156,138,142,145,130,151,115,157,102,162,86,166,71,170,56,174,40,175,24,177,8,178,-8,178,-24,177,-40,175,-56,174,-71,170,-86,166,-102,162,-115,157,-130,151,-142,145,-156,138,-167,129,-179,122,-189,113,-200,104,-208,93,-216,84,-223,74,-229,62,-235,52,-238,40,-242,29,-244,18,-245,6,-245,-6,-244,-18,-242,-29,-238,-40,-235,-52,-229,-62,-223,-74,-216,-84,-208,-93,-200,-104,-189,-113,-179,-122,-167,-129,-156,-138,-142,-145,-130,-151,-115,-157,-102,-162,-86,-166,-71,-170,-56,-174,-40,-175,-24,-177,-8,-178]]]
567434	n	57.3827,58.2,58.2373,58.5161	[[[573827,582900,21,-222,61,-219,102,-215,142,-209,31,-35,7832,0,31,35,142,209,102,215,61,219,21,222,-21,222,-61,219,-102,215,-142,209,-179,201,-215,190,-250,178,-282,165,-310,149,-337,132,-360,114,-379,95,-395,75,-406,54,-415,32,-419,11,-419,-11,-415,-32,-406,-54,-395,-75,-379,-95,-360,-114,-337,-132,-310,-149,-282,-165,-250,-178,-215,-190,-179,-201,-142,-209,-102,-215,-61,-219,-21,-222]]]
513883	n	50.9635,53.1539,51.7166,53.6061	[[[509635,533800,18,-222,54,-219,90,-215,125,-209,158,-201,190,-190,220,-178,248,-165,274,-149,296,-132,317,-114,334,-95,348,-75,359,-54,365,-32,369,-11,369,11,365,32,359,54,348,75,334,95,317,114,296,132,274,149,248,165,220,178,190,190,158,201,125,209,90,215,54,219,18,222,-18,222,-54,219,-90,215,-125,209,-158,201,-190,190,-220,178,-248,165,-274,149,-296,132,-317,114,-334,95,-348,75,-359,54,-365,32,-369,11,-369,-11,-365,-32,-359,-54,-348,-75,-334,-95,-317,-114,-296,-132,-274,-149,-248,-165,-220,-178,-190,-190,-158,-201,-125,-209,-90,-215,-54,-219,-18,-222]]]
1536289	r	59.9173,55.8766,61.5791,56.4959	[[[599173,559635,4237,-228,7716,-416,4181,-225,147,183,199,296,138,257,-4426,5457,-2538,-145,-3068,-1646,-11,1,-2,-8,-6573,-3526]]]
473127	p	524901
476368	p	524901
477377	p	524901
497271	p	524901
518657	p	524901
518740	p	524901
521500	p	524901
535270	p	524901
543254	p	524901
543344	p	524901
1512086	p	1496747
6418787	p	524901
8504947	p	498817
1493197	r	65.8009,66.2056,67.4191,66.8544	[[[658009,665300,18,-212,51,-211,87,-210,120,-207,154,-203,186,-198,219,-194,249,-187,280,-180,308,-173,336,-164,362,-155,386,-145,410,-135,430,-123,450,-113,467,-100,482,-87,495,-75,507,-62,516,-48,522,-34,527,-21,529,-7,529,7,527,21,522,34,516,48,507,62,495,75,482,87,467,100,450,113,430,123,410,135,386,145,362,155,336,164,308,173,280,180,249,187,219,194,186,198,154,203,120,207,87,210,51,211,18,212,-18,212,-51,211,-87,210,-120,207,-154,203,-186,198,-219,194,-249,187,-280,180,-308,173,-336,164,-362,155,-386,145,-410,135,-430,123,-450,113,-467,100,-482,87,-495,75,-507,62,-516,48,-522,34,-527,21,-529,7,-529,-7,-527,-21,-522,-34,-516,-48,-507,-62,-495,-75,-482,-87,-467,-100,-450,-113,-430,-123,-410,-135,-386,-145,-362,-155,-336,-164,-308,-173,-280,-180,-249,-187,-219,-194,-186,-198,-154,-203,-120,-207,-87,-210,-51,-211,-18,-212]]]
523392	r	52.2561,67.355,53.7439,67.9249	[[[522561,676400,16,-186,48,-186,79,-184,111,-181,141,-179,172,-174,200,-170,230,-165,257,-158,283,-151,309,-145,333,-136,355,-127,377,-118,395,-109,414,-98,429,-88,443,-77,456,-66,466,-54,474,-42,480,-31,484,-18,487,-6,487,6,484,18,480,31,474,42,466,54,456,66,443,77,429,88,414,98,395,109,377,118,355,127,333,136,309,145,283,151,257,158,230,165,200,170,172,174,141,179,111,181,79,184,48,186,16,186,-16,186,-48,186,-79,184,-111,181,-141,179,-172,174,-200,170,-230,165,-257,158,-283,151,-309,145,-333,136,-355,127,-377,118,-395,109,-414,98,-429,88,-443,77,-456,66,-466,54,-474,42,-480,31,-484,18,-487,6,-487,-6,-484,-18,-480,-31,-474,-42,-466,-54,-456,-66,-443,-77,-429,-88,-414,-98,-395,-109,-377,-118,-355,-127,-333,-136,-309,-145,-283,-151,-257,-158,-230,-165,-200,-170,-172,-174,-141,-179,-111,-181,-79,-184,-48,-186,-16,-186]]]
2127202	r	176.937,64.4839,178.0943,64.9811	[[[1769370,646809,86,-159,111,-157,135,-154,158,-150,180,-145,202,-139,223,-134,242,-127,261,-120,280,-112,295,-104,311,-96,325,-87,337,-77,348,-68,358,-58,366,-48,349,-35,-63,80,-180,298,-79,267,28,148,71,82,180,112,92,115,137,235,79,100,246,154,105,92,-10,98,-48,115,29,120,190,348,130,-54,203,10,42,39,0,15,-34,31,54,28,24,-19,161,47,79,-10,19,39,-10,19,-50,16,-18,-7,-40,5,-26,-6,-26,15,-59,6,-18,13,-31,6,8,8,-47,10,-16,-12,-106,13,-57,-1,-78,-5,101,266,-1535,140,-456,-106,-802,-322,-432,-122,-412,-68,-947,-11,-476,-75,-489,-302]],[[1769515,648033,493,-111,156,-130,92,-48,142,-16,139,18,266,66,1235,137,809,200,154,78,-24,157,-218,116,-516,137,91,116,44,45,76,44,-146,213,-93,91,-109,38,-167,30,-95,74,-58,79,-243,-75,-295,-104,-280,-112,-261,-120,-242,-127,-223,-134,-202,-139,-180,-145,-158,-150,-135,-154,-52,-74]],[[1772301,649503,82,-47,193,-19,405,-91,217,-20,801,39,236,-39,95,-36,68,-39,57,-52,54,-77,25,-72,-38,-82,13,-57,93,-115,226,-180,91,-115,-537,-13,-256,-42,-232,-88,211,-114,166,-34,408,17,206,-22,127,-68,22,-107,-115,-144,433,-27,187,-43,708,-290,179,-49,-314,-146,-95,-72,233,-57,495,15,451,-127,246,-26,1826,9,104,-17,140,-63,68,-72,46,-90,53,-79,105,-33,1059,170,18,0,32,83,37,164,13,164,-13,164,-37,164,-62,162,-87,160,-111,157,-135,154,-158,150,-180,145,-202,139,-223,134,-242,127,-261,120,-280,112,-295,104,-311,96,-325,87,-337,77,-348,68,-358,58,-366,48,-372,37,-377,27,-381,16,-382,5,-382,-5,-381,-16,-377,-27,-372,-37,-366,-48,-358,-58,-348,-68,-215,-49]]]
