2464470	r	9.5663,36.5252,10.592,37.1261	[[[95663,368413,49,-102,6,-23,-5,-15,146,-178,2,-18,-7,-1,28,-25,38,-21,13,-24,12,-3,7,-18,29,-26,-3,-15,12,-41,38,-24,34,0,30,-27,25,-50,21,-18,134,-82,8,-12,25,-10,10,-16,16,0,-5,-9,19,-5,12,-16,18,-3,6,-13,21,4,25,-21,10,-2,-1,-5,7,4,26,-21,73,-4,36,-9,17,7,16,-9,9,10,12,-7,11,11,19,-9,46,-3,12,-11,5,5,66,-18,22,3,24,-8,5,-18,43,-23,2,-9,33,-16,8,4,15,-6,22,-19,6,5,26,-8,11,4,74,-12,37,-21,-6,-10,6,-9,-9,6,-24,-3,-2,-8,15,-8,39,-51,22,4,78,-51,141,-60,-13,-78,41,-9,11,-18,98,76,107,112,46,-9,20,5,60,-9,-64,-80,33,-33,49,3,19,-7,57,-39,37,-40,-33,-18,-40,-131,-34,-77,-16,-19,77,-87,78,-24,36,-30,40,-61,-23,-14,28,-34,-1,-34,-25,-44,-52,-33,-61,-28,115,-115,68,57,35,7,40,-10,51,-112,-37,-27,-9,-27,-16,-21,41,-92,32,-49,59,-16,55,-5,82,4,96,30,27,-10,49,-36,11,-31,0,-37,28,-23,19,-2,7,-58,34,-99,-7,-29,6,-15,103,6,75,-11,30,-12,40,-7,137,-196,66,74,30,47,10,-17,129,-175,4248,-207,-11,28,-16,59,37,31,87,39,34,10,25,-4,45,6,2,-8,14,-2,62,29,-9,59,13,11,7,36,-23,48,29,25,-4,36,-11,20,-25,12,-1,7,-6,-2,-18,9,-7,17,-18,2,-18,23,-19,9,-19,25,-5,22,-26,26,-44,1,-5,-11,-13,-3,-71,-8,-44,-20,-19,-23,-9,-1,-13,9,-5,-10,-32,-17,-40,-1,-9,29,117,122,-2,23,93,79,53,28,137,127,-6,51,29,27,-1,57,-43,38,-18,8,-14,28,34,38,29,-4,-17,25,-30,23,-31,12,22,14,90,2,21,-11,37,13,29,-4,40,-17,23,-1,-12,24,2,27,13,11,12,26,-21,66,26,106,9,130,33,92,1,35,101,86,18,5,3,18,32,35,47,15,8,22,-11,20,28,6,-2,20,3,-11,7,-1,83,7,18,6,0,11,3,-5,19,0,69,13,18,19,-3,20,2,-7,39,2,128,19,29,12,-4,23,3,-7,46,10,11,11,-9,4,13,7,2,-7,11,3,0,13,23,7,27,28,76,23,9,6,-3,8,139,26,14,11,143,32,182,67,74,38,24,30,3,53,69,14,39,41,4,30,18,36,-2,40,14,34,3,76,16,14,36,6,23,23,14,50,-4,13,10,76,5,16,24,22,-2,32,15,21,-26,42,11,-6,12,9,24,58,-5,24,9,24,-15,21,4,12,19,7,3,9,-7,11,-15,4,-1,9,26,4,19,13,-5,16,6,15,8,-2,-1,-18,22,12,1,-13,6,0,39,43,17,35,-9,23,16,25,4,32,15,21,53,7,7,5,-37,81,-19,34,-14,-2,-181,-130,-143,-403,-66,-230,-78,-279,-195,-162,-310,-61,-507,-209,-202,8,-138,-29,-477,45,-352,176,-265,289,-65,117,9,12,35,-14,-57,25,4,6,51,-23,-51,24,10,14,8,-1,-42,24,12,-4,20,26,-19,-26,53,-24,-17,11,5,33,51,64,11,3,-29,-7,-3,5,12,7,54,1,15,-5,-11,5,22,13,-65,32,-46,5,-51,-5,1,30,89,-4,9,11,98,-60,8,6,33,-14,5,8,-28,13,17,17,23,-15,-3,-22,4,25,-44,32,-1,35,13,14,13,0,-9,6,9,13,15,0,-8,12,11,11,8,-3,-5,5,18,7,13,-10,-10,16,-46,31,64,-42,-7,11,9,12,11,-4,-12,7,20,27,9,-2,9,10,-12,-1,5,17,13,19,16,0,-12,2,-1,6,2,15,11,0,-8,4,4,8,21,14,9,-6,-4,3,13,9,16,0,5,-9,5,4,3,36,-8,17,-10,-1,-8,-14,-6,8,10,27,-11,7,0,14,19,6,13,-15,7,1,3,16,36,47,14,9,7,-2,20,24,14,-5,10,20,5,-3,-5,-11,25,37,-6,4,3,29,11,23,9,-3,9,11,55,19,14,0,2,-6,3,19,17,1,4,-8,-20,-18,22,17,-2,11,18,12,-33,63,-13,3,6,5,-27,3,-20,13,11,24,-102,115,-167,191,2,4,-2,33,-18,9,-12,21,-14,2,-11,-6,-11,12,-34,20,0,3,-8,1,-9,5,0,-1,-1,8,37,-14,-28,16,-24,0,-38,22,-373,145,-150,123,-308,254,-377,504,-81,492,432,341,69,-144,59,122,-32,96,-54,68,-42,5,-47,2,18,-67,0,-68,-170,-22,-103,-26,-68,-3,-25,9,-39,28,-45,8,-11,-1,-28,-21,-39,0,-26,16,-7,42,-17,5,-44,-12,-9,-13,-17,-5,-52,-4,-52,7,-46,-33,-36,-16,-6,42,-36,17,-33,1,-37,-10,-39,-63,-39,-23,-63,-24,-71,-43,-48,-23,-4,-43,-47,-44,-5,-26,12,-54,51,-104,-2,-24,-45,-76,5,-68,-81,-127,-38,-34,-10,-62,-35,-60,4,-33,-17,-4,-52,-49,-2,-54,-14,-21,-184,-112,-70,-51,-43,-31,-72,-33,18,-65,-3,-32,-26,-45,-31,-32,-48,2,8,-19,20,-7,11,-16,-6,-36,378,-870,-27,0,-37,-12,-76,-62,-13,-22,-26,-7,-3,-39,-35,-39,-11,5,-9,20,-49,-25,-73,-59,-54,34,-113,8,-194,0,-55,-74,-27,-64,-113,17,-35,11,-29,23,40,24,41,8,64,-7,11,6,-44,98,11,24,19,2,23,-11,70,-11,19,1,22,11,12,23,8,45,51,59,-10,65,80,37,3,17,-17,42,8,35,22,41,46,27,-19,56,-39,67,-4,24,-34,38,-11,24,-194,70,-12,14,-15,-9,-80,-20,-137,-60,-69,-23,-38,3,-23,-9,11,37,-4,11,-177,331,-102,-30,-36,3,-28,12,-84,-2,-31,10,-27,-3,-77,15,-60,28,-114,10,-13,11,-12,-13,-57,-17,-108,25,-52,13,-78,25,-15,7,-4,23,-20,14,-68,14,-21,23,-4,24,-31,-1,-60,-48,-33,-38,-5,-18,11,-17,-25,-43,-7,-71,27,-33,-6,-46,-23,9,-12,13,-34,4,-33,-18,-43,-3,-22,-14,-14,0,-53,-51,2,-21,-12,-28,-34,-27,-6,-37,-50,-23,-43,-114,-20,-74,-44,-51,-10,-53,-53,-2,-22,5,-79,-11,-49,-16,-74,5,-25,16,-22,4,-28,-5,-21,10,-27,41,-45,14,-27,-3,-21,12,-1,10,-27,4,-22,23,-11,-2,-101,-104,-6,-22,-60,-29,-33,-25,-63,-9,-57,16,-35,-6,-11,-21,-25,-2,-25,-12,-11,-18,-22,-9,-33,-2,-8,-19,-57,-15,-7,-11,-21,-7,-5,-15,16,-38,-29,-21,-39,1,-25,-16,-3,-10,-18,-6,-7,8,-15,4,-52,-8,-22,-24,6,-26,-5,-3,-22,-2,-13,-9,-7,4,-16,47,13,27,-29,32,-22,5,-96,-9,-94,-33,-113,-59,-39,3,-87,-25,-80,-43,-10,-25,-64,-49,-7,-21],[100852,368498,148,-98,0,-97,-14,8,-25,-1,-35,61,1,18,12,8,-36,50,-12,-4,-39,55],[102161,367923,78,106,440,69,-78,-13,19,-74,-50,-72,-31,-25,-67,-51,-130,56,-112,3,-69,1]],[[101737,371213,7,0,0,-8,13,0,-10,-2,0,-8,37,-7,40,-35,82,-20,-7,-5,6,-4,-12,-8,14,-10,17,14,12,-8,2,5,39,0,16,7,25,-3,6,-7,6,8,35,-3,4,9,15,-8,46,8,-20,125,-210,8,-84,-3,-4,-10,-35,-18,2,-7,-41,-5,-1,-5]]]
2467454	r	9.7111,34.1681,11.3431,35.2785	[[[97111,342815,438,-613,593,8,44,-6,-4,36,-22,53,30,15,62,73,158,-60,59,-34,37,1,14,-11,25,-119,69,-71,38,-19,-8,-20,10,-22,-26,-22,8,-17,66,-41,35,-44,92,-56,25,-23,28,-7,24,-25,10,0,41,-103,12,-5,111,69,84,4,58,27,16,31,-40,1,-22,42,46,39,-7,42,5,28,10,21,24,18,28,4,37,31,7,-6,10,5,7,23,53,-1,13,10,62,-17,31,3,33,26,30,9,39,1,55,18,165,-141,37,-18,91,-18,12,-19,47,-33,94,50,14,-16,26,2,20,-9,25,-33,-15,-15,5,-13,24,2,13,12,8,-15,-8,-14,11,-14,29,12,-2,-7,11,7,29,1,-6,-12,-23,3,5,-4,-4,-5,16,1,-1,-13,13,-1,-46,-18,9,-6,31,4,-10,-16,72,70,10,-10,-6,-7,4,-9,-37,-42,11,0,-5,-15,-51,-16,6,-5,51,20,27,26,-32,-41,15,4,27,23,3,-11,-13,-22,-25,-19,7,-1,-11,-11,-26,4,14,-8,4,-14,9,2,35,44,37,135,11,6,-8,-16,16,28,5,163,40,30,60,105,119,141,43,117,84,182,118,197,43,58,15,-4,6,8,9,-4,-6,16,20,37,112,118,22,16,29,10,22,19,54,82,119,19,17,6,18,20,32,9,52,-54,-8,12,6,6,-8,-4,-35,37,1,13,44,34,69,22,51,-3,3,-62,6,-7,-7,70,22,8,44,2,39,-12,8,-12,2,-39,2,22,8,2,-6,19,6,28,25,0,40,13,26,36,1,20,38,40,15,46,-7,30,9,12,-3,12,18,7,-4,12,29,5,-8,15,4,41,14,16,1,26,11,13,37,-27,-3,-26,12,-2,14,8,26,-23,16,-2,8,-22,37,-20,24,-42,21,-16,34,23,17,24,40,-5,49,22,65,61,3,29,12,20,60,40,63,8,31,-4,44,30,36,15,75,-12,57,11,15,11,9,41,-4,17,15,39,25,13,25,32,-34,31,-2,20,14,4,-11,8,18,-2,-5,11,15,-2,9,8,-8,4,-5,18,14,-12,-3,9,14,-4,0,12,9,2,-6,28,12,1,18,-15,9,30,23,4,9,11,-3,8,-43,15,-1,5,1,1,59,49,-11,-16,16,-21,43,18,24,-3,-2,-7,-43,-16,-1,-14,32,-14,42,-2,63,-42,92,-42,80,-13,49,10,30,0,5,-13,12,10,93,19,93,42,25,39,9,65,-5,36,72,15,2,-2,37,-6,41,2,34,6,23,12,19,22,34,8,153,211,19,9,24,22,105,144,181,177,29,55,22,14,1,10,15,-7,-43,40,47,-23,0,20,16,-6,3,17,11,-8,17,28,18,9,0,9,34,14,9,13,56,42,9,-7,12,16,-12,3,13,1,74,48,54,11,0,11,9,-4,30,22,58,7,2,2,222,27,5,-40,-4,40,19,3,5,-19,-12,-5,1,-19,1,18,16,7,-7,18,546,68,-3,-3,-57,-7,-76,-26,31,3,-24,-9,-40,-5,-11,3,-2,13,0,-14,37,-7,186,57,8,1,14,6,1,0,112,44,146,69,49,28,56,51,66,78,28,49,7,27,-4,11,-36,-15,-1,-18,-7,15,-18,-5,-1,-25,-8,33,5,4,8,-6,31,23,11,-1,7,15,0,24,-24,-6,-11,-14,-13,4,-11,21,56,90,13,143,19,17,21,-3,2,-13,36,23,16,-4,11,5,6,25,42,48,64,92,-10,33,19,24,6,-1,4,28,26,3,30,18,14,-1,33,13,7,27,-24,26,14,30,30,36,15,9,14,-3,11,20,19,-1,9,20,23,5,4,-3,12,14,4,-4,12,4,1,-7,4,6,11,-9,33,-8,23,-78,366,73,75,48,76,12,162,124,44,48,-48,34,37,56,55,52,95,127,-17,23,2,47,32,60,18,19,15,-1,12,81,49,37,49,1,22,19,-24,-18,-42,0,0,2,19,15,24,0,0,28,-4,-1,25,42,4,-27,20,-3,0,-10,-21,0,14,-14,-5,-7,14,12,5,48,18,10,23,-3,-10,3,5,5,22,0,-53,45,17,30,16,-13,22,-7,16,35,17,-14,-9,-54,22,-13,8,29,16,0,-13,2,0,20,12,9,9,-7,-9,10,34,29,-11,-4,-18,29,-2,26,10,27,-10,17,-5,23,132,120,2,0,93,60,6,1,4,-7,-2,7,22,1,6,-7,-5,7,29,39,12,-5,-8,13,26,30,9,-6,-8,15,6,15,194,119,365,140,-4,15,5,3,7,43,-70,110,16,-25,-15,28,4,19,-9,7,10,4,-9,6,11,11,-14,16,4,20,19,24,1,-30,6,9,10,-8,10,2,9,14,-5,14,14,-3,34,33,7,15,-7,8,29,16,7,-3,-1,10,49,28,0,18,9,18,-4,35,30,42,-6,12,9,25,20,8,5,13,39,29,25,33,80,56,15,21,109,66,1,50,-6,-7,46,57,13,31,-4,36,7,72,22,40,1,17,-34,117,3,38,14,23,4,51,-3,25,23,55,-39,123,29,126,-12,7,-26,0,4,4,7,-2,29,8,2,15,-8,4,16,-2,8,28,165,152,15,10,31,27,373,153,107,111,8,6,102,34,10,83,28,22,3,10,79,82,5,37,1,0,0,1,4,33,18,5,14,18,13,2,-6,36,5,30,-19,39,-2,31,7,47,13,46,22,25,-7,65,18,-6,10,5,-8,39,-36,44,-18,53,-48,1,-8,35,49,37,-813,209,-68,96,-128,98,82,72,103,70,22,21,-4,8,-15,17,-13,-8,-11,9,-5,-4,-83,67,48,31,-112,109,-7,20,-20,19,-9,-5,-31,24,-71,69,-115,-172,-9,-27,-93,-80,-168,-79,-73,-11,-127,-48,-142,-18,24,32,9,69,-11,63,-44,89,-48,34,-75,99,-17,45,-41,47,-66,104,-32,66,-7,44,-14,25,9,11,14,53,-9,168,9,59,-53,32,-15,32,-30,38,1,57,-39,119,-68,14,-69,4,-123,29,-38,-134,-36,-64,-15,-14,-2,-14,-10,-4,-10,-26,-28,-8,7,-19,-14,-14,29,-17,-4,-18,11,-11,32,-7,10,-19,-105,-13,-62,-40,-26,-41,-25,42,-110,-49,-13,-14,7,-16,-76,-38,3,-14,-18,-21,6,-8,-32,-38,-16,-7,-9,-21,-301,61,-60,20,9,12,-49,18,-62,43,-7,-3,-28,11,-34,40,-20,8,-12,20,-97,52,-73,117,-44,-14,-39,53,-161,-85,-187,-71,-83,-23,-66,-32,-78,-49,-95,-36,9,-30,16,-22,-1,-19,62,-42,45,-94,56,32,77,-89,70,-157,-89,-59,-2213,0,-947,-439,-415,174,-100,-8,-62,-20,-117,-19,-81,-44,-99,-18,-5,-16,-17,-11,-80,-25,-125,-14,-66,23,-36,-15,6,-37,-18,-103,-59,-61,-24,4,-26,17,-32,4,-5,-13,-21,-16,-21,-46,-75,-26,-54,-36,-22,-37,-30,-19,-23,-50,-140,-98,-63,-16,-90,-105,-84,-48,-43,-15,-41,-30,-59,-60,-18,-35,20,-30,-26,-26,2,-27,-21,-20,45,-89,52,-139,0,-5,1,-4,-1,1,4,-170,-146,-178,-199,-368,-54,-107,-117,-320,-23,-34,-10,-55,-154,-106,-147,-143,-237,-407,58,-34,-31,-63,-78,-241,-59,-126,-25,-72,-16,-104,3,-48,-8,-66,-142,-53,-120,4,-11,-166,57,-31,5,-109,-88,-144,-59,-115,-41,-152,2,-17,77,-98,12,-27,-6,-13,-21,-9,-91,5,-72,-10,-23,-14,-79,-175,29,-21,188,-89,-80,-79,-202,-175,54,-30,43,-118,41,16,30,-1,32,18,77,23,73,-21,127,-40,175,-110,168,-52,86,-54,72,-29,37,-87,16,-15,8,-22,27,-16,18,-61,-12,-23,-37,-23,-41,-13,-21,-15,-7,-19,532,-29,372,-94,-127,-34,-141,-151,-254,-206,-77,45,-33,-11,-10,-53,-18,-18,-15,-6,-10,-18,-67,-37,-40,-11,-16,-20,-28,-16,-23,-3,-92,-83,-24,-50,-83,-50,-50,-20,-14,-16,-65,-27,-53,33,-50,79,-46,52,-18,41,-69,-55,-7,-29,9,-68,-15,-63,8,-23,22,-26,1,-34,18,-32,-7,-5,4,-26,-31,-16,-20,-24,-26,-7,-21,-18,-67,-8,-59,-38,-24,-42,-5,-34,-30,-31,-28,-89,-22,-42,-51,-55,-101,-61,-69,-104,-38,-3,-25,-43,-86,0,-45,-31,-139,-37,-80,40,-51,-27,-53,16,-62,-24,-65,10,-117,-58,-98,-6,-15,-11,-6,-34,-25,-27,-60,-16,-45,-37,-146,-31,-52,12,-46,-10,-5,-19,-50,-24,-41,-13,-43,8,-30,-11,-8,-22,-22,-19,58,-47,78,-50,24,-32,52,-43,13,-63,33,-93,33,-43,60,-58,5,-43,-13,-16,23,-34,17,-13,31,-52,-207,36,-297,35],[103215,344107,51,-11,-2,8,-20,8,26,9,11,-14,0,20,23,-1,22,5,-10,13,15,-19,7,0,5,9,168,37,6,-4,-11,-27,-54,-7,-22,-17,-7,-28,-15,-10,-33,-1,-30,9,-71,-24,-49,-7,-9,23,7,18,-8,11]],[[103036,343714,1,-41,13,-7,27,-43,59,-11,6,4,4,-15,19,-8,33,1,9,12,0,36,-19,69,-39,32,-18,59,-26,2,-14,-31,-24,-30,-5,-19,-26,-10]],[[109641,346567,194,-108,103,-41,7,-6,46,-27,21,-1,24,-19,18,-4,15,-16,12,6,11,-11,29,-8,17,-12,95,-23,82,-33,15,-15,17,-4,60,-55,31,-17,32,-42,7,0,12,13,-11,26,-13,11,10,26,23,1,6,11,53,-9,13,8,21,9,9,11,23,15,6,0,11,10,319,207,101,84,26,7,24,-5,16,12,87,16,4,15,15,12,-5,6,22,12,-24,-10,-38,31,-40,6,-21,22,-1,-6,-15,5,-23,-6,-45,5,-29,34,-99,0,-1,1,-3,15,-26,12,-58,-22,-39,-5,-49,1,-171,15,1,-14,-1,0,-128,1,-3,5,-56,6,-55,-9,-121,0,0,-1,-173,2,-60,7,-47,0,-13,-6,-39,0,-134,-88,-97,-63]],[[111213,346788,19,-1,3,-8,2,-3,0,-1,15,-30,-3,-15,-20,-18,14,-9,13,-32,-5,-41,21,10,25,-7,6,9,4,-9,184,60,506,254,451,158,33,4,4,8,485,170,2,3,1,-2,-6,-10,-8,1,-5,-20,18,-22,-13,23,10,7,8,-7,-7,7,13,9,7,-6,-9,-6,10,5,9,-10,13,7,-7,19,-11,2,-14,18,20,36,16,-5,31,21,1,14,-13,18,5,22,7,12,-31,26,2,12,-7,9,-22,2,-4,3,5,33,-6,8,-29,9,-8,16,-42,31,-15,3,-86,54,-42,56,2,2,-6,22,23,23,0,17,-8,-4,0,8,-19,6,-6,-6,-38,21,6,1,3,15,18,2,-5,13,18,-1,8,5,-5,9,18,4,10,-7,5,4,-1,-7,17,-13,13,-42,24,-1,8,7,30,-13,12,9,40,9,23,12,-1,9,-18,5,-8,19,-35,30,2,16,-11,6,10,5,1,10,-7,5,-15,-6,-10,13,-3,27,16,20,34,11,26,-7,2,12,-43,25,-10,-2,-20,23,175,51,57,-54,25,9,16,-24,23,-6,1,20,19,14,-27,14,0,8,-14,-5,-16,13,-18,0,-2,9,-30,14,-59,43,-18,35,-165,21,-68,30,-14,-3,7,-12,-4,-5,-43,6,-53,25,-11,13,2,10,-43,27,-18,4,-16,16,15,24,-8,11,7,-12,-27,-25,-10,11,9,12,7,-1,-5,3,6,8,10,-3,-11,6,-22,-24,-39,14,-17,-6,-14,17,-9,-4,3,-9,41,-27,-17,-26,-22,-3,-18,-12,5,-21,-6,-12,8,-9,-12,-16,12,-4,0,-9,4,0,-6,-7,-82,-108,-108,-82,-15,7,-5,20,10,24,-31,-6,-25,16,-25,-15,7,-20,12,-1,18,-19,34,-14,4,-9,-54,-96,-6,5,-26,-9,0,-20,29,-32,7,-40,81,-63,-50,39,15,-26,-22,-225,-239,-36,-147,80,-1,0,-3,2,-16,70,5,0,-6,7,-5,19,-9,-5,-3,4,-8,2,-15,-13,-29,-3,-28,6,-15,14,4,-18,24,-27,-7,-90,8,-64,-16,-90,-24,7,8,-10,14,-6,-7,-39,-33,-40,-25,-3,-16,-13,-48,-4,-18,-11,14,-32,-62,-82,-14,-37,-72,-41,-58,-14,-4,8,-1,-12,-37,-7,2,-11,-11,-12,9,3,8,-26,20,-15,-36,-35,-31,8,30,-8,-100,-98,3,-6,-13,-10]],[[112900,347756,22,-13,-2,-18,-7,-4,19,-13,12,0,1,-18,93,-56,31,-31,18,7,-1,9,-29,10,2,12,-22,7,4,7,-7,8,6,7,-19,-5,-25,24,-7,-2,-6,35,12,18,-12,16,-15,-11,-24,4,-14,17,-28,-6,-2,-4]],[[113040,348258,25,-33,18,-8,-2,-10,9,-1,32,-33,14,2,13,-10,13,9,14,-4,18,6,17,-4,7,-14,22,8,15,-11,20,5,1,8,-4,-3,-8,7,8,6,18,-9,2,-11,12,-8,16,10,19,-6,6,-10,7,11,-33,22,-67,20,-33,2,-20,16,-7,15,-37,16,-19,20,-1,12,-30,12,-51,6,-4,-27,-10,-11]],[[113055,347485,5,-22,12,-21,12,1,102,77,85,36,46,8,69,-8,37,9,8,0,-6,13,-49,20,-42,7,-131,-24,-54,2,3,-18,-54,-3,-13,-18,-9,-1,6,-24,-12,-29,-15,-5]]]
2464915	r	10.2629,35.4358,11.0499,36.0901	[[[102629,358700,5,-85,684,-1045,253,-1605,90,-99,183,-165,201,-149,218,-132,233,-114,245,-95,198,-58,35,-104,-17,-58,-17,-20,5,-16,24,-1,45,-68,-28,-20,4,-40,21,-12,20,17,48,-44,26,3,11,15,16,5,-8,14,3,11,20,-21,55,11,90,2,-15,22,16,-12,15,1,24,-22,17,-40,1,-36,8,-15,33,-22,14,6,-11,8,2,11,35,-8,35,4,-44,50,6,7,69,-47,2,0,-35,32,-161,178,-122,167,1965,2121,885,-255,239,73,74,22,-48,59,-16,64,5,2,18,22,-6,16,-20,-28,-32,127,35,118,5,-1,-2,-22,33,-5,-10,12,-8,68,7,31,18,21,11,2,28,-7,26,17,0,5,-20,-14,-13,10,26,22,5,-3,7,6,10,-8,-11,-23,6,3,9,30,-8,16,17,16,-7,3,27,53,-6,25,-17,7,11,-15,-14,2,0,21,-14,-3,0,14,-6,-12,-14,5,7,9,-4,13,2,-10,-7,-4,-24,11,-8,19,6,6,-9,1,-3,6,12,11,-13,-5,-20,13,12,12,12,-2,21,-22,14,-3,-35,33,6,6,1,58,-12,-2,-18,-35,16,-23,-29,-20,-72,12,-13,-1,-80,39,-101,19,-601,-172,-202,63,-103,32,-194,86,-24,18,-492,377,1,8,11,1,12,12,-29,27,8,15,-14,-3,-144,111,-12,17,6,4,-62,87,-20,70,-100,80,-18,24,-35,-14,-202,506,-120,98,-138,64,-160,148,-219,272,-38,91,-57,221,-44,97,-49,64,-74,180,-129,340,-15,108,-184,-37,-257,-75,-245,-95,-234,-114,-218,-132,-202,-149,-182,-165,-162,-178,-140,-190,-116,-201,-92,-209,-66,-215,-40,-219,-13,-222]],[[108270,357367,8,-45,18,-23,3,-8,-7,-4,8,3,15,-22,1,-16,6,3,6,-19,2,9,3,-4,3,-19,-11,-10,7,-1,10,22,-59,130,8,61,-9,2,-12,-59]],[[108307,356188,23,-219,2,2,105,86,1,8,62,58,20,-15,46,2,107,20,-6,17,71,16,-22,139,51,28,78,2,49,16,44,35,5,-5,18,10,3,17,-657,-217]],[[108346,355832,113,-1047,1,2,13,49,43,32,75,-36,-8,17,79,25,10,-6,18,85,29,15,15,21,28,-23,63,47,111,55,40,4,0,-26,77,-3,51,-2,90,17,49,20,4,3,-56,49,-32,49,60,57,-15,20,26,14,-15,27,12,5,43,-17,19,8,17,47,38,23,13,47,17,16,16,-1,14,-10,15,5,-77,26,-59,43,-42,10,-42,45,-43,-19,2,-6,-65,-26,-74,-18,8,-46,-9,-57,-106,30,-38,19,8,79,-11,87,50,211,-7,34,-46,96,1,41,-119,-110,-4,-13,-60,-47,-52,-71,-18,-14,-2,79,-22,55,-25,27,-58,-18,-20,0,-66,41,-77,-66]],[[108382,354358,47,16,14,78,26,61,-1,0,-86,-155]],[[109071,355932,20,-23,25,3,17,-7,-15,-29,13,-15,-1,-10,53,3,17,-7,13,-29,40,7,40,-12,6,-16,-11,-23,11,-7,39,4,0,-11,-14,-3,1,-35,-18,-21,36,-4,3,-14,-69,-13,30,-19,2,-16,-8,-9,19,-5,-17,-7,37,-48,1,-14,13,-3,56,-50,6,-12,-16,-7,6,-7,40,-12,12,-17,13,-4,-5,-13,-4,-1,28,2,24,1,5,-55,29,-18,16,3,-11,25,29,23,40,1,50,-16,19,1,45,7,31,14,9,13,67,14,24,-22,19,-8,36,11,8,20,18,0,-16,11,-24,65,17,7,30,29,11,-3,-1,-16,36,-11,8,32,10,-1,3,-12,11,2,5,-9,73,27,16,-39,43,15,0,6,95,21,6,7,25,-1,9,-27,0,123,22,137,36,102,80,129,10,38,-3,30,12,12,-9,35,10,56,15,19,12,-5,-7,4,8,4,-8,2,1,12,13,-2,1,-21,1,21,-15,3,-12,15,-10,23,-10,24,-2,5,-17,40,-17,16,-1,1,-9,9,-59,30,-72,24,-32,5,-46,-11,8,-7,5,9,53,1,51,-13,50,-22,66,-59,21,-33,9,-27,-7,0,-12,0,-36,17,-42,32,-17,0,-7,7,-69,14,-18,10,-23,-4,-128,16,-26,-6,-58,14,-21,16,-3,21,-48,15,-20,14,-26,5,-8,9,-28,6,-15,24,3,33,-8,-1,-30,23,-29,4,-31,-4,-30,3,1,1,-10,0,-16,2,-27,11,5,-1,-6,2,-22,-5,-36,6,-21,24,-8,9,15,17,-4,9,-8,-16,-10,5,8,-8,-23,-23,-13,6,22,17,-3,4,-9,-4,-5,7,14,7,-6,8,-20,-9,-10,14,39,18,23,-19,-22,22,-46,-21,-19,-16,40,-13,-281,-92,40,-9,39,-31,-33,-46,2,-35,20,-29,-7,-4,7,-18,-7,-3,2,-20,19,-28,-3,-147,-49,-42,-33,22,-53,-32,-5,-14,6,-2,-16,-4,21,-20,-26,0,-10,8,-25,4,-13,-3,4,-12,31,-9,1,-10,-17,-3,-37,23,-17,0,-9,-7,2,-10,20,-10,1,-16,-25,-3,1,-7,23,-6,10,-42,-15,-14,-27,8,-16,-1]],[[110006,357673,22,4,38,-8,23,-13,4,4,3,-16,-14,-20,32,5,13,32,-19,19,-18,36,-63,-3,-4,-24,-17,-16]],[[110201,357924,21,-23,-8,0,22,-4,100,3,57,22,57,51,5,5,-6,19,-34,18,-13,32,-32,-1,-23,7,-70,-26,-20,-40,-34,-25,-22,-38]]]
2464960	p	2464470
2473449	r	9.2697,35.0202,10.3921,36.1383	[[[92697,357005,6,-45,64,-85,25,-14,82,-68,48,-72,42,-25,62,-55,25,-84,11,-15,117,-27,91,-73,57,-30,104,-88,53,-27,82,-82,2,-39,24,-58,103,-143,15,-3,30,15,28,4,34,-1,91,-30,0,-21,10,-13,-6,-2,1,-16,9,-1,-9,-19,12,-13,-2,-19,18,-11,-3,-25,36,8,27,-18,-5,-8,7,-14,17,-11,18,1,5,-29,59,-38,15,-5,62,13,62,45,4,-46,-31,-86,-15,-2,-3,-11,-17,3,-2,-12,-10,6,2,-6,-15,-4,-5,-11,-32,3,-10,-9,-8,5,-34,-11,-10,0,-28,18,-29,-7,-24,-27,-10,-24,10,-66,70,-15,72,-5,66,-49,46,-17,26,-21,96,-27,-15,-31,20,-17,36,-116,40,-48,-1,-74,9,-34,217,-92,21,-159,126,-78,103,-38,20,-47,0,-22,-25,-28,-25,-10,3,-29,-14,-26,4,-27,37,-62,-8,-111,21,-56,23,-9,1,-10,22,-7,6,-5,-7,-5,19,-1,-1,-5,45,-33,12,-16,27,-6,-48,-25,6,-35,36,-20,5,-12,-178,-125,-81,-16,-47,-24,-19,-65,-22,-29,-17,-9,-7,-26,-15,-5,-5,-45,-62,-27,-6,-43,162,-33,199,-82,147,-27,172,-50,33,-74,-13,-6,0,-12,-18,-18,22,-21,21,-7,16,-28,15,-9,3,-25,10,-7,-3,-10,9,-4,-20,-27,-22,-8,13,-48,37,-46,16,-50,11,-8,1,-32,10,-19,14,0,5,-30,19,-10,-3,-11,33,-33,-9,-19,15,-13,10,-56,33,-23,-3,-21,15,-5,4,-14,53,-24,11,4,37,-10,0,-17,16,-5,21,7,48,60,78,31,61,53,82,-43,32,-11,16,2,46,-60,-3,-11,8,-9,-6,-17,21,-3,29,-29,18,-3,3,9,28,-20,37,9,19,-9,5,10,21,-15,-6,-10,41,-6,14,-15,28,10,7,-13,15,14,32,-16,25,6,35,-11,1,-6,25,-11,5,-12,-8,-12,21,3,0,-7,17,1,17,-24,18,-1,-5,-6,7,-10,15,-1,-2,-9,14,-13,4,-17,10,1,28,-58,24,-6,16,-14,35,-5,0,-7,40,-11,10,-12,10,0,-3,-8,19,4,3,-6,-7,-3,14,-8,82,19,89,-61,-11,-95,7,-96,29,-60,24,-32,20,-6,3,-11,298,-126,7,17,185,-94,93,20,61,-25,47,-4,118,13,144,8,276,-101,103,4,101,-6,311,-52,20,18,44,-2,2,8,41,15,26,44,-3,16,-19,9,-16,30,26,7,15,23,14,6,2,14,36,-1,24,-8,36,1,81,32,6,9,21,-1,56,49,212,38,70,21,50,38,29,50,58,-12,113,-41,3,-15,24,-33,-3,-55,8,-44,23,-54,109,-99,66,-29,11,-13,59,-13,39,-24,-8,-25,-59,-68,13,-10,-27,-81,8,-79,29,-117,-21,-2,-16,-16,-13,-39,31,-20,18,-44,0,-22,53,-93,-53,-139,-29,-48,79,-47,109,-134,-71,-137,116,-18,-24,-45,-35,-28,-24,4,-14,-12,329,-156,226,-66,1,-1,-53,148,-45,89,21,20,-2,27,26,26,-20,30,18,35,59,60,41,30,43,15,84,48,90,105,63,16,140,98,23,50,30,19,22,37,54,36,75,26,21,46,21,16,5,13,32,-4,26,-17,24,-4,59,61,18,103,-6,37,36,15,66,-23,125,14,80,25,17,11,5,16,99,18,81,44,117,19,62,20,100,8,415,-174,947,439,269,1951,-350,2213,0,1,-253,1605,-1073,1639,15,-4,30,-20,54,155,23,22,57,108,60,90,27,68,17,-4,40,118,10,55,-7,21,9,25,-2,63,-21,153,-8,256,6,41,-85,36,-159,113,-94,45,-77,1,-103,15,-1,66,9,23,52,7,-21,8,-6,11,31,112,12,20,52,48,-43,24,-55,3,-5,12,28,26,12,31,-13,21,-20,-2,-17,11,-8,29,-18,18,-7,20,5,32,11,15,-18,43,8,37,-4,35,19,60,-1,29,-11,22,15,26,22,2,-5,9,-114,19,-182,-6,-23,4,-18,-13,-67,-27,-158,-37,-68,-78,-18,8,-20,-2,-11,-15,9,-28,-17,-21,-46,-49,-67,-53,11,-43,22,-38,56,-14,-4,-30,24,-32,-7,-27,13,-65,-100,26,-497,-89,-17,13,-43,14,-2,17,-23,16,9,33,-51,21,-12,47,6,17,-9,16,5,32,-13,22,-28,0,-5,17,4,35,-16,7,-10,-21,-47,-294,81,-282,-13,-42,-859,32,0,15,8,21,-6,9,-19,2,-31,-9,3,-37,-309,12,-20,5,-11,-4,-404,15,10,30,-1,27,-3,13,-25,17,37,46,-2,15,-39,15,-1,26,-8,8,-46,13,-43,-11,-16,21,-14,5,-3,33,-13,13,-27,-13,-158,-1,0,-1,-162,-1,-12,-49,6,-51,-139,-88,-10,29,-4,185,-13,34,-6,97,-176,173,-40,-16,-29,-20,-28,-4,-120,-14,-68,8,-103,29,-94,37,-12,23,-28,25,-8,-28,-15,-207,-257,-197,-156,-67,-78,-134,-80,-51,-106,-44,-144,-103,-74,-28,-68,-57,-125,-58,-48,-52,-101,-72,9,-86,-109,-51,-32,-68,-68,-58,-72,-36,-12,-30,-73,-28,-59,-40,-17,-22,-54,-36,-55,-65,-172,-116,-126,-60,-120,-71,-8,-19,-25,-15,-65,-18,-27,-23,-12,-46,-23,-27,-65,-20,-198,1,-39,-59,13,-25,18,-126,1,-94,17,-18,7,-58,34,-14,25,-27,51,-28,41,-15,49,-2,28,-21,18,-1,10,-29,15,-8,1,-8,-52,-58,83,-72,-8,1,-8,-7,0,-21,9,-3,-6,-14,9,-6,-7,2,4,-35,-6,2,-4,-13,-19,-15,-11,-2,-8,-25,0,-15,14,0,0,-18,-104,-72,6,-93,-32,-55,-79,-100,42,-14,20,-17,14,-2,1,-14,15,-4,13,-20,12,-5,-172,11,-77,-1,-14,-10,104,-71,13,-16,17,-29,-3,-29,13,-35,37,-31,-6,-13,54,-36,33,-11,7,-12,18,-7,11,-15,111,-20,8,9,26,-11,6,-9,18,-1,36,-17,14,-24,-3,-22,24,-20,1,-29,-43,-19,-17,-16,-63,-1,-30,-8,-9,-17,9,-13,26,-15,-27,-40,-15,-9,-15,4,-18,41,-14,4,-56,-9,-61,-33,-18,-2,-37,13,-33,0,-29,-8,-144,20,-27,-16,-15,1,-30,-30,-30,20,-1,-19,20,-11,-2,-17,-75,-2,-61,-26,-15,-17,0,-31,25,-20,-3,-18,-30,0,-6,-19,-21,-10,-10,0,-22,18,-16,-4,-7,-5,10,-2,-4,-8,-21,-11,-5,6,-11,-3,2,-13,-48,8,-19,-4,-11,11,-2,16,-17,12,-6,-31,-17,3,-54,-11,-31,-62,-33,-4,0,-12,-27,-15,-32,-51,-74,-45,-47,7,-29,-25,-58,16,-17,16,-123,38,-99,71,-75,30,-73,-33,-178,-5,-225,123,-109,75,-97,14,-118,-13,-53,-42,-11,-17,-45,-130,-2,-17]]]
2472706	r	8.8696,36.7234,10.281,37.5423	[[[88696,374963,2,5,3,-6,32,5,26,-20,9,3,18,14,-1,22,-9,2,3,-6,-18,6,-8,10,-7,2,1,-5,-22,12,-9,-3,6,-1,-6,-12,4,-5,-17,-3,-7,-20]],[[88987,375186,48,-41,37,-6,28,8,0,-4,24,-1,-2,-5,4,6,29,5,8,11,26,1,1,9,23,13,75,3,45,37,19,9,17,0,-7,6,21,5,47,-12,55,-58,27,-8,22,13,24,64,29,31,-7,13,-12,13,-10,-1,-31,15,-5,18,-15,4,-22,22,-2,40,-19,18,-18,9,-5,-8,-33,4,-2,-53,-28,-12,-13,-26,-12,-6,-57,6,-36,-10,-13,7,-11,-14,-121,-11,-21,-43,-75,-27,-5,-11,-24,-13,-3,-20]],[[90746,370821,57,-14,82,-48,39,-44,31,-22,52,-62,21,-51,14,-65,21,-42,20,-8,35,22,15,22,47,-10,17,-25,26,-1,117,31,40,-14,54,32,10,15,19,5,94,-9,52,10,47,-3,40,13,176,-47,6,-21,22,-3,10,-28,23,-7,-8,-19,28,-40,65,-44,8,-11,-1,-31,41,-26,-12,-26,21,-22,-9,-39,21,-29,-2,-10,-38,-33,-1,-13,13,-14,44,-16,-6,-16,64,-26,8,-37,-9,-24,3,-21,-8,-5,-2,-48,-8,2,-11,-37,16,-36,-10,-43,-24,-25,8,-2,-32,-22,-15,-19,-40,-11,49,-23,-3,-16,7,-2,6,7,17,-22,11,-5,15,8,21,-20,15,7,14,-6,2,-11,34,4,37,-33,54,-19,-4,-7,13,-17,16,-10,44,-59,16,-10,4,-22,53,-34,25,-42,49,-37,-1,-7,18,-12,-1,-8,54,-23,-28,-9,-17,-15,-48,-54,-37,-31,-32,-47,35,-47,4,-23,55,-19,52,-30,53,-9,-3,-8,16,-21,26,-21,105,-11,55,-20,53,8,48,-5,8,-11,0,-53,25,-48,12,-9,53,-11,10,-26,35,-13,10,-16,35,-21,22,-1,0,7,16,6,6,-4,21,9,-5,21,-11,-4,0,6,26,7,-7,10,12,1,-7,8,9,15,-11,2,-6,18,11,1,8,18,35,-4,15,9,-2,12,18,4,10,-14,-2,-18,20,-15,8,-21,11,-8,41,6,35,-8,12,-7,22,-42,31,-9,49,-39,17,-2,42,-26,28,-45,150,-84,54,-14,13,-12,27,-4,11,-30,-20,-35,26,-11,37,-37,-28,-19,-76,-25,-38,-68,0,-15,-14,-18,-34,-16,-28,-36,-19,-32,-2,-35,-18,1,-16,-32,-17,0,-10,-11,-11,-18,7,-19,-6,-31,9,-8,11,-47,-39,-13,-7,-17,-4,-19,10,-30,-6,-8,10,-20,-30,-44,-46,-34,-12,-20,10,-24,-45,-57,3,-22,17,-26,28,-20,27,-42,31,-17,44,-6,12,-8,57,0,15,-15,44,-20,2,-15,20,-11,20,7,12,-15,24,-6,12,-18,42,-16,-7,-18,27,1,3,-7,12,-2,-7,-10,19,-11,-10,-11,5,-9,8,-2,0,-10,33,-13,-13,-13,23,1,13,-19,17,4,17,-21,-1,-26,11,-16,4,9,22,14,34,6,22,22,14,-1,-2,13,22,-7,14,17,32,9,23,16,29,-11,20,8,17,-7,13,7,13,27,22,11,5,60,11,28,32,18,17,1,35,49,42,29,6,16,30,28,15,3,41,30,39,2,56,29,23,-5,12,7,82,5,40,33,49,23,-5,15,30,23,48,14,41,4,3,7,36,13,42,38,44,24,31,-6,41,10,9,7,-5,36,20,96,-10,6,3,5,11,-3,24,49,42,27,30,64,3,22,110,60,22,4,6,17,46,15,5,9,13,0,8,17,19,14,49,21,42,82,68,21,64,49,10,25,80,43,87,25,39,-3,113,59,94,33,96,9,22,-5,29,-32,-13,-27,16,-47,7,-4,13,9,22,2,5,3,-6,26,22,24,52,8,15,-4,7,-8,18,6,3,10,25,16,39,-1,29,21,-16,38,5,15,21,7,7,11,57,15,8,19,33,2,22,9,11,18,25,12,25,2,11,21,35,6,57,-16,63,9,33,25,60,29,6,22,101,104,11,2,22,-23,27,-4,1,-10,21,-12,27,3,45,-14,27,-41,21,-10,28,5,22,-4,25,-16,74,-5,49,16,79,11,22,-5,53,2,10,53,44,51,20,74,43,114,50,23,6,37,34,27,12,28,-2,21,53,51,14,0,22,14,43,3,33,18,34,-4,12,-13,23,-9,6,46,-27,33,7,71,25,43,-11,17,5,18,33,38,60,48,31,1,4,-24,21,-23,68,-14,20,-14,4,-23,15,-7,78,-25,52,-13,108,-25,57,17,12,13,13,-11,114,-10,60,-28,77,-15,27,3,31,-10,84,2,28,-12,36,-3,102,30,177,-331,4,-11,-11,-37,23,9,38,-3,69,23,137,60,80,20,15,9,12,-14,194,-70,-15,33,3,32,13,30,43,10,29,-10,20,-20,34,-87,19,-22,18,-1,39,43,50,16,12,15,-97,95,-8,16,3,31,-9,11,-26,4,-11,-21,-24,-4,-22,6,-15,22,32,43,120,73,6,11,-14,52,28,26,1,6,6,36,-11,16,-40,13,-2,13,14,0,48,-2,31,32,26,45,3,32,-18,65,72,33,43,31,70,51,184,112,14,21,2,54,52,49,17,4,-4,33,35,60,10,62,38,34,81,127,-5,68,45,76,2,24,-51,104,-12,54,5,26,47,44,4,43,48,23,71,43,63,24,39,23,39,63,37,10,33,-1,36,-17,6,-42,36,16,46,33,52,-7,52,4,17,5,9,13,44,12,17,-5,7,-42,26,-16,39,0,28,21,11,1,45,-8,39,-28,25,-9,68,3,103,26,170,22,0,68,-18,67,-12,44,-9,112,16,44,78,75,2,16,-28,-7,9,-15,-25,1,2,-7,21,2,-7,-11,-21,-5,-13,5,-45,-24,21,1,10,6,10,-3,-31,-18,-16,1,16,-31,-13,3,-12,-8,3,-7,11,-1,-15,-27,-9,39,-8,-28,7,-1,-3,-70,27,-65,15,-16,1,-4,20,-125,-46,-8,-15,8,-4,-9,-35,3,-6,-8,-6,7,-25,3,-16,-7,-39,0,-2,-5,-12,8,-17,-14,-14,10,12,8,-6,4,7,5,-82,20,-40,35,-37,7,0,8,10,2,-13,0,0,8,-7,0,1,5,41,5,-2,7,35,18,4,10,6,13,-10,0,0,-5,-3,8,11,10,-4,8,-20,-36,-10,-2,0,3,0,4,-9,0,0,-5,0,-5,-15,-4,-29,0,-6,7,-2,3,-29,-8,-2,-7,-43,3,-6,6,-3,3,-4,-3,-3,-2,-13,0,-3,0,-40,2,-12,17,-21,12,-43,-1,-49,11,-23,31,-6,29,-17,8,18,-1,-29,22,-40,-10,15,7,18,27,-8,15,-41,-2,36,25,2,31,24,19,97,140,48,34,31,5,11,-5,7,8,18,3,52,-7,51,5,82,-10,83,14,46,-4,14,3,-16,-1,0,9,13,3,7,-9,23,17,52,10,100,-3,31,-13,41,5,28,-11,9,-33,-6,-56,-15,-49,12,-3,21,16,26,0,3,-9,-30,-5,16,-10,13,4,24,-8,7,-12,-16,35,19,7,12,-12,-17,-12,19,-36,-5,12,17,13,14,9,9,-6,28,25,11,-1,38,36,123,135,162,48,94,0,-19,46,-22,10,-23,-3,-10,5,-70,-14,-23,4,-62,-6,-88,26,-55,-5,-61,9,-62,-7,-13,1,-2,8,-95,3,-57,18,-26,12,-7,6,173,99,-501,143,-324,238,-630,76,-13,26,-29,26,-2,28,-10,13,-31,16,-16,22,-28,17,-31,51,6,6,3,-5,2,22,7,-1,4,14,7,-4,-5,-13,7,13,-20,17,-24,-13,-23,0,-15,-10,-28,-4,-16,-9,-65,13,-439,-157,-16,2,-167,-37,-52,-1,-35,12,-37,-14,-10,7,-11,-3,-63,6,-152,28,-17,5,-48,6,-5,1,-17,9,-6,-5,-175,32,-2,2,-4,-1,-265,48,-18,7,-42,25,15,33,-3,17,-14,-37,-15,4,12,11,-5,4,-11,-10,-14,9,16,23,-24,3,15,57,-22,-70,-24,-4,-29,7,-9,17,-117,-68,-2,-14,-27,-3,-35,-27,-43,-49,-61,-46,-96,-20,-243,-137,0,-62,22,0,-7,-20,41,4,41,-20,43,4,19,-15,14,-2,-13,3,-3,9,29,17,36,37,13,5,26,-6,25,-31,-3,-10,-14,-1,16,0,21,8,-28,14,-5,29,41,-1,20,-22,9,-2,1,23,15,14,13,-5,4,9,33,6,11,-2,-1,-9,8,-3,-6,12,14,-2,0,-5,29,9,76,-25,15,-10,11,1,86,-27,-2,-14,9,6,-4,7,399,-130,3,-163,-110,-185,-35,-38,114,-51,-33,-51,-60,-71,-42,-15,-31,-3,-17,-11,-60,-2,-52,-41,-70,-8,-20,-13,-40,-46,-48,-35,-91,-44,-62,-7,-52,4,-66,13,-68,26,-39,-9,-38,1,-77,11,-33,20,-24,-5,-48,5,-26,12,-9,15,-12,-1,-37,47,12,36,27,-4,-28,7,3,24,1,13,12,13,4,28,33,-5,-1,-5,4,7,16,-2,-50,7,-3,14,-40,47,-33,6,-8,2,-9,13,0,-6,-18,13,6,4,10,-10,8,5,7,5,34,-5,5,-6,-9,12,-84,19,-50,12,-71,52,-24,32,-2,66,14,35,41,105,-18,76,-19,-20,-9,-25,-34,-30,-18,-2,2,5,-9,2,-9,3,4,5,4,4,-7,3,-4,1,-9,3,4,11,0,1,-2,3,-5,8,7,19,-11,10,11,14,-17,4,8,6,0,17,-14,8,-55,32,31,58,9,1,24,-14,23,-3,12,-22,1,-2,30,-7,-8,36,-4,17,9,74,-2,4,57,-25,57,68,5,-1,-3,3,4,5,24,1,6,6,-10,7,27,10,10,2,-1,1,7,2,5,-1,5,-13,9,12,25,-7,-12,-21,-18,5,-29,-32,-14,3,-7,-5,-25,-44,-25,-6,-14,-12,4,-11,-40,-20,5,-12,-11,-2,4,-15,18,-4,-31,-22,-5,-12,12,-16,12,9,17,-2,-2,-28,21,23,28,16,49,8,22,-10,29,67,69,79,25,16,-17,-4,-20,11,-29,-3,-20,11,-4,14,12,15,18,2,-5,5,10,15,44,24,39,-13,39,-34,66,-13,6,4,-18,38,-16,-3,-26,22,6,15,22,-9,46,-1,46,54,28,6,6,-6,-12,-16,14,-18,16,23,26,19,10,-1,11,-14,14,6,4,12,-19,4,0,18,20,21,9,-2,5,-16,58,28,39,-5,57,21,5,15,-8,6,-48,5,-3,6,-35,8,9,17,6,6,63,4,1,4,39,-3,50,9,137,75,21,25,-9,-2,-7,33,-7,1,14,-39,-18,-11,-9,9,-10,46,-31,-10,7,-13,-7,-7,-10,16,16,14,32,5,56,-8,-10,-30,14,33,57,-1,-37,3,-26,15,-62,45,-24,29,-27,85,-51,76,13,135,-38,48,-7,35,10,40,-10,13,6,11,-23,23,-11,-8,-4,12,-8,2,-24,-16,-34,-10,-58,23,-65,-15,-22,12,-9,25,-8,-9,-12,3,-8,25,-11,-3,-6,-31,-58,14,-31,-8,-34,5,0,-12,-49,-7,-58,-39,-26,-8,-362,7,-17,6,-7,6,-17,1,-23,7,-64,33,-24,30,19,29,-19,5,-19,15,-17,25,12,7,-57,-15,-9,3,-3,-6,-26,6,-14,16,-16,-12,-14,10,-13,-25,-36,7,-10,-6,5,-8,-26,-4,-9,6,6,-6,-12,-2,-221,-71,-97,-2,-1,4,-9,-4,-37,-1,0,12,-13,-8,-22,13,2,13,-21,3,-38,-13,2,-11,-14,-10,-29,-1,-22,9,-8,-9,-36,0,-27,8,-38,42,-11,-30,-26,-4,-43,-30,2,2,-5,-1,-24,1,0,8,-12,-16,-36,-8,-47,-10,-209,-88,-248,-136,59,-25,-13,-2,-28,-29,-19,0,-49,-29,-36,-8,-21,-24,-36,-14,-52,9,-15,-9,2,-9,-15,-6,-15,2,-2,-6,-29,-5,-27,2,-6,3,-33,18,-11,26,-26,11,-11,22,-30,32,-13,5,-26,-4,-22,-19,-16,2,-19,-11,-9,3,-15,-8,-34,-6,-40,-37,-38,0,-19,15,-12,2,0,-10,-22,-3,3,-6,-12,-9,-57,-18,-8,-16,-19,-10,0,-11,-27,1,4,-14,-6,-10,-32,-18,-17,-2,-4,-9,-32,-22,-34,-5,-30,-22,-65,-26,-55,-3,-7,-3,9,-7,-9,-12,-77,-38,-230,-82,-98,-12,-25,19,-20,-4,-10,13,-28,7,-20,19,-39,-9,-55,21,-68,-3,-129,10,-12,-6,-17,6,-26,-6,-13,-23,-32,-10,-18,-16,-25,11,-7,-8,-19,3,-13,-12,-45,-4,-25,12,-8,-13,18,-7,2,-8,-11,-30,-165,-112,-17,-5,-23,8,0,-7,-27,-12,-4,-12,-41,-21,-35,12,7,-8,-15,4,0,-5,-11,0,4,-10,-10,0,-4,-10,-27,2,-28,-11,-6,-12,-39,-3,13,-5,0,-9,-38,-11,-3,-8,-42,-19,-50,-9,-37,-18,-44,13,-13,-6,-38,5,-102,-20,-54,9,-18,-4,-10,11,-40,0,-20,-12,-12,-18,-28,5,-19,-18,-14,0,-4,-17,-40,5,-5,-11,-6,1,-10,10,-25,-16,-1,-10,-19,-4,-6,-13,-24,-3,-18,-11,-27,5,-48,-20,-11,3,-8,14,-32,1,-7,-9,16,-6,-7,-17,-33,-16,-48,8,-14,14,-7,-4,9,-6,-6,-2,-8,10,-13,-7,-38,-1,-12,6,4,13,-8,5,-9,-20,-33,-7,-67,5,-65,16,-16,15,14,24,-9,3,-12,25,19,21,-30,-7,-17,5,12,43,-26,18,4,60,-25,7,-43,-31,-20,-4,-11,-15,-28,-5,-23,-29,-50,-20,-32,-29,-34,-14,-9,-14,-22,-11,-34,-33,-33,-51,-43,-23,-6,-10,6,-19,-11,-15,-1,-17,-14,-12,0,-26,-20,-3,-18,5,0,-17,-45,-55,-36,-28,-14,-20,-59,-40,1,-9,-28,-24,-53,-26,-23,-21,-11,0,-15,-11,-15,5,-2,-12,-37,-7,-28,-32,-39,-23,-57,-15,-10,-8,10,-5,-10,-37,-44,-24,-17,-1,7,-3,-4,-9,-21,-3,-26,12,-37,6,-91,-18,-15,-11,-49,-7,-61,-5,-28,7,-39,-18,79,-66,-1,-22,15,-63,52,-57,14,-5,9,-15,30,-22,10,-1,8,-16,37,-1,41,-16,-24,-67,-32,-50,-51,-19,-18,5,-38,-4,-37,-26,-7,-23,11,-31,-34,-17,-29,-38,-10,1,-9,-37,-18,-7,-45,-61,-7,-31,-21,-27,-1,-33]]]
2473164	p	2464470
2467243	p	2467454
11204413	p	2464470
2473247	p	2464470
2468369	r	9.2474,33.2699,10.4802,34.3651	[[[92474,341854,282,-441,47,-23,40,-1,75,-25,23,1,102,-39,23,-56,0,-16,9,-6,49,-9,10,-9,25,1,349,-100,-39,5,-27,-14,-46,-3,-23,-19,-53,-24,-45,-10,-5,-8,5,-40,-17,-27,-1,-14,-37,-20,-37,-44,-37,10,-8,7,-42,-11,-81,1,-57,-48,-38,3,-54,-40,-15,-22,-3,-24,-42,-5,-33,-38,-53,-14,45,-51,-5,-23,-65,-39,-39,-10,-31,-19,1,-58,-68,-113,-30,-35,9,-66,-56,-1026,241,-588,393,-660,224,-316,57,-367,113,-255,28,-23,80,-24,89,-35,48,6,57,-5,290,-55,143,-33,81,-34,106,-63,66,-104,20,-52,22,-68,62,-325,36,-47,413,52,148,4,113,66,79,-13,-48,-193,22,-108,195,-163,93,-34,111,76,51,12,113,-19,164,-2,77,-14,-26,-20,-32,3,-34,-11,-60,-4,-112,-38,-24,-31,-32,-81,-46,-65,-82,-69,-63,-17,-59,-34,-6,-21,-22,-19,1,-49,-14,-40,-109,-185,26,-80,-34,-63,-126,-109,-146,-5,-45,7,-106,41,-24,-10,-12,-21,-69,-2,-28,-21,-1,-13,61,14,50,-38,52,-5,13,-32,46,-18,23,-45,61,-21,97,-63,65,-70,149,-47,51,-38,14,-75,84,-48,59,-68,128,-39,48,-24,63,-51,24,-8,73,-6,101,-31,36,-13,42,-33,61,-132,23,-92,-10,-55,53,-51,17,-25,116,-335,266,-232,315,-404,32,-26,177,24,92,-20,82,-44,169,-42,55,-19,245,-40,127,66,243,83,157,19,283,12,212,-4,141,68,126,38,86,15,342,-53,374,-11,241,196,53,3,63,-35,173,69,211,100,209,121,109,75,-3,25,-131,127,40,60,21,52,211,-1,56,65,92,49,98,37,-41,0,-31,17,-22,21,-19,33,29,11,23,-5,14,8,-1,14,8,1,3,11,43,1,12,6,39,32,3,12,12,3,9,15,37,22,7,10,29,10,59,1,30,25,74,35,69,-2,154,44,121,17,53,18,109,-6,2,-13,16,-3,44,-37,20,-1,33,16,115,13,6,6,28,-2,17,11,40,11,44,-3,3,8,35,13,44,29,36,6,19,10,17,53,13,14,34,11,19,54,25,29,5,21,-20,26,-4,24,24,28,84,144,18,7,47,40,37,12,9,13,-8,10,10,17,44,10,56,-9,53,65,89,36,8,48,55,55,2,45,-12,23,16,26,5,30,21,25,22,11,25,53,30,30,31,-2,19,6,26,67,25,28,8,58,-24,37,28,47,-10,20,0,42,20,25,46,20,4,22,-6,12,13,37,28,29,10,59,30,14,12,17,27,3,39,28,13,45,83,75,101,4,19,-20,23,-2,7,24,42,34,1,29,14,21,-1,33,44,-3,12,7,-18,19,-2,15,29,43,11,59,-15,39,-15,3,-9,9,-5,5,-1,2,-1,2,-2,23,-1,10,1,4,0,1,5,18,89,44,21,-22,50,-8,7,3,1,22,41,2,20,-26,22,35,51,28,13,19,18,-5,9,11,22,-3,2,24,-10,26,11,9,-2,-10,7,9,29,8,4,-12,25,-3,36,-25,0,-22,-15,-3,0,-9,26,12,-14,46,7,-1,7,16,19,15,14,-3,1,7,1,-7,33,-11,97,-3,-10,20,-34,28,-70,29,-119,28,-100,12,-27,17,-24,6,-79,7,-76,24,-36,27,-26,1,-15,-9,-18,27,-28,10,-6,-18,-14,-6,-90,33,70,-25,-139,51,-10,18,-18,-3,-9,12,-75,34,10,-2,12,14,-1,13,-5,-6,-10,7,3,14,-35,-43,32,54,-30,-39,-165,93,-3,11,-64,42,-11,22,20,23,23,-3,11,6,-1,7,-11,-12,-14,10,13,1,-3,9,9,-6,-8,6,11,-2,-6,7,17,-13,-5,10,-15,6,-43,-47,-35,15,-16,-18,-150,85,-49,20,-176,152,-113,85,6,15,-6,11,-154,127,-28,14,-38,3,-11,49,-62,77,-56,49,-123,79,-112,92,-32,10,-6,-12,-18,-3,-32,33,-19,-1,-14,29,-21,16,-23,9,-21,-2,-6,7,4,14,-14,18,-194,116,-114,84,-78,65,-26,11,-24,18,-117,116,-64,60,-30,17,-150,142,-71,73,-171,205,-32,66,0,22,39,13,5,8,-38,-18,-11,5,-13,-15,-7,2,8,10,-6,8,-20,-12,-3,5,27,13,26,-7,-17,10,33,17,14,0,-11,2,-65,-28,-31,34,-91,165,56,39,13,21,-7,-1,-6,-17,-33,-2,1,6,-82,-14,-13,52,39,7,-1,25,85,-2,52,-32,4,3,-62,33,-120,1,-93,28,-93,153,-199,368,-120,297,-63,192,-49,188,-38,250,-31,69,-13,51,0,28,17,16,-21,157,-11,25,-26,18,-15,21,16,35,-13,16,15,2,6,13,-8,24,16,18,-1,31,26,116,5,113,-21,38,11,29,-5,29,-15,20,-33,13,-16,32,-17,7,-13,18,5,80,36,32,67,19,2,6,-29,-12,-11,14,8,14,-8,15,-13,-12,-24,-2,-5,13,15,15,-25,33,-20,9,-26,-2,-14,16,-94,-50,-47,33,-12,19,-91,18,-37,18,-165,141,-55,-18,-39,-1,-30,-9,-33,-26,-31,-3,-62,17,-13,-10,-53,1,-7,-23,-10,-5,-7,6,-37,-31,-28,-4,-24,-18,-10,-21,-5,-28,7,-42,-46,-39,22,-42,40,-1,-16,-31,-58,-27,-84,-4,-111,-69,-12,5,-14,34,-27,69,-10,0,-24,25,-28,7,-25,23,-92,56,-35,44,-66,41,-8,17,26,22,-10,22,8,20,-38,19,-69,71,-25,119,-14,11,-37,-1,-59,34,-158,60,-62,-73,-30,-15,22,-53,4,-36,-44,6,-593,-8,-438,612,-156,12,-418,-46,-465,-66,-289,-50,-198,-3,-99,-14,2,-42,-46,-18,-21,-39,-26,-21,-3,-11,45,-44,10,-30,-2,-40,-9,-14,-43,-36,-20,-5,-50,8,-10,-1,-2,0,-4,-1,-10,-1,-23,-9,-11,-36,-19,-22,-32,-6,-13,-1,-27,3,-42,-6,-61,-3,-29,8,-7,-3,-5,-22,-6,-4,-11,-3,-19,1,-72,33,-50,4,-11,-10,-34,6,-16,-2,-15,-2,-6,-3,-19,-9,-18,-40,-48,-63,-18,5,-19,-12,-15,9,-29,-5,-41,15,-31,1,-30,-48,-3,-1,-30,-10,-62,-3,-44,-10,-121,17,-276,80,-170,22,2,21,-36,48,-76,-53,-41,-20,-42,4,-44,22,-18,1,-55,-26,-66,-5,-32,-13,-140,11,-82,-7,-36,-24,-68,-16,-66,-26,-14,-18,-94,-54,-120,-33,-99,-76,-41,-8,-28,7,-29,-2,-30,-18,-85,-84]],[[100428,341979,112,153,358,598,57,144,-4,-5,-15,4,-43,-58,-118,-197,-84,-182,-43,-117,-119,-141,-60,-105,-40,-30,-1,-64]],[[101848,343516,2,-8,18,12,148,54,-1,5,-16,2,-26,23,-14,-8,-12,2,3,26,-37,27,-11,-13,-1,-26,-14,-16,-4,-41,8,-15,-29,-5,4,-12,-18,-7]]]
2473744	n	10.38,36.3528,10.6838,36.6163	[[[103800,363838,79,5,17,-2,50,-43,69,-19,109,17,35,-2,99,-24,199,-69,89,-22,26,-30,147,-102,28,-12,208,228,110,155,254,-214,-92,-139,67,-29,1,-8,122,168,17,12,17,2,5,-4,11,14,-9,5,-7,-6,-14,8,9,9,10,-4,15,21,15,-9,3,3,-3,2,0,11,47,56,66,65,46,34,116,63,137,49,105,6,101,-52,16,-18,-5,-17,16,-23,31,-1,132,74,10,-3,55,19,14,-12,37,25,36,15,35,3,7,-10,27,12,14,10,11,1,49,23,159,133,82,33,8,5,-1450,1913,-256,-74,-247,-95,-235,-114,-220,-132,-203,-149,-184,-165,-163,-178,-80,-108,0,-1310]]]
2467242	p	2467454
2468353	r	8.0417,34.0506,9.5607,34.8102	[[[80417,343286,47,-110,158,-136,598,-424,117,-148,179,-267,25,-175,696,-265,605,-228,54,-10,7,-20,60,26,41,2,113,32,123,19,29,0,15,-11,13,-109,-4,-15,-29,-29,-2,-21,11,-50,4,-124,12,-22,29,-19,90,-37,6,-38,20,-19,3,-12,-55,-86,3,-101,-14,-4,-15,-29,-13,-3,-5,-19,10,-11,4,-20,27,-20,-19,-33,10,-35,22,-31,1,-17,5,-6,6,-7,6,4,13,-5,14,-28,11,-3,16,-51,23,-27,2,-13,63,-4,13,0,61,29,56,-6,38,8,73,-3,46,-25,32,-1,46,38,44,20,15,0,21,17,121,28,36,-10,17,9,76,-9,78,19,28,-9,18,10,31,5,38,-6,42,7,26,-3,31,16,58,1,27,-9,21,11,21,-7,21,14,29,6,51,-13,17,10,43,-4,47,9,37,-7,34,-18,17,5,70,-7,43,11,40,-8,66,5,18,-13,23,-2,66,-29,162,-4,58,12,41,-16,5,7,15,-1,14,-10,5,7,11,-5,30,5,47,-6,26,9,19,-7,33,16,16,0,16,-10,25,12,26,-3,13,6,11,-5,19,11,10,-4,15,11,19,-2,26,8,16,-3,17,8,77,8,5,0,15,-7,16,7,12,-7,13,6,30,-1,47,16,46,2,50,-7,28,5,3,-19,30,3,19,-6,0,-21,30,-21,73,-2,4,-102,-4,154,60,127,71,39,61,9,30,14,18,22,80,18,69,0,47,-18,45,-9,65,24,179,26,23,25,28,13,35,-18,95,-3,86,31,142,8,38,-9,161,-5,84,-21,67,-1,43,-14,120,32,48,-11,65,13,95,-10,112,8,51,17,49,31,-1,26,16,15,-12,12,12,21,-10,30,9,28,7,2,-8,19,2,29,-9,14,4,12,53,-6,63,13,66,-3,20,-7,25,5,54,-4,100,20,54,-5,65,-21,70,23,32,-3,59,-20,356,-40,62,6,30,10,62,1,61,15,85,4,44,14,134,15,60,-8,27,7,32,-1,159,42,43,24,71,1,60,24,42,31,25,0,56,31,34,11,29,21,82,19,20,28,43,18,50,38,34,10,53,1,60,41,93,35,89,12,71,44,135,10,63,17,87,-38,40,13,183,12,116,35,329,17,239,136,85,84,30,18,29,2,28,-7,41,8,99,76,120,33,94,54,14,18,66,26,68,16,36,24,82,7,140,-11,32,13,66,5,55,26,18,-1,44,-22,42,-4,41,20,76,53,36,-48,-2,-21,170,-22,276,-80,121,-17,44,10,62,3,14,5,16,5,3,1,1,3,29,45,31,-1,41,-15,29,5,15,-9,19,12,18,-5,48,63,18,40,3,2,16,7,6,3,6,1,9,1,16,2,34,-6,11,10,50,-4,72,-33,19,-1,11,3,6,4,5,22,7,3,29,-8,61,3,42,6,27,-3,13,1,32,6,19,22,11,36,23,9,10,1,4,1,2,0,10,1,50,-8,20,5,43,36,9,14,2,40,-10,30,-45,44,3,11,26,21,21,39,46,18,-2,42,33,131,-61,105,-9,23,0,29,2,41,18,79,34,96,-36,36,-82,330,2,11,126,54,37,30,57,83,-152,26,-382,96,-20,126,-166,517,-6,8,-47,10,-42,41,-31,11,-9,17,-35,16,-17,22,-32,18,-29,4,-45,33,-10,37,-29,17,-10,33,-10,10,-4,77,-177,-13,-53,16,-83,2,-43,7,-41,32,-29,9,-21,34,-49,33,-4,18,19,35,-3,9,-211,9,-58,30,-82,8,-118,24,-81,2,-73,-30,-23,-14,-29,-34,-21,-50,-41,5,-45,-3,-41,60,-122,13,24,63,137,105,28,40,2,14,40,13,48,43,8,14,-53,46,11,25,-6,25,6,28,55,64,5,36,14,6,13,18,3,35,65,39,-24,45,-153,-80,-42,-30,-141,-42,-24,27,-57,27,68,76,-164,10,-34,141,-139,-52,-28,-16,-61,-52,-96,63,-17,21,-42,19,69,149,5,34,11,8,45,82,37,44,41,137,20,6,-8,12,-14,6,-2,23,-20,14,-12,40,4,41,15,24,-22,48,29,67,72,68,1,12,-70,54,-8,13,-25,14,-4,11,-29,13,0,24,11,25,-62,82,-75,58,-117,58,-66,55,-77,40,-19,34,-52,1,-264,-23,-56,-131,-374,130,28,36,-4,33,14,31,-8,11,-47,-31,-30,8,-13,-5,-47,-35,-68,15,-109,-23,-23,-14,-30,-44,-14,-5,-55,15,-61,29,-50,11,-16,-1,-99,-35,-61,-30,-29,-31,-16,-41,-7,-64,-58,-10,-51,-82,-17,7,-11,63,-16,13,-87,46,-67,1,-40,10,-30,-1,-15,8,-14,39,-15,13,-50,19,-55,46,-117,25,-47,-16,-21,3,-43,22,-79,85,-58,31,-121,94,-171,179,-83,55,-45,91,-9,39,-35,81,-223,351,-274,-98,-196,-102,-124,-83,-78,-30,-145,-83,-81,-17,-142,-46,-155,-72,-71,-20,-68,-27,-50,-33,-174,-146,-145,-94,-20,-6,-55,3,-94,-7,-34,8,-79,-94,-213,-97,-221,-127,-84,-65,-121,-68,-76,-28,-649,-466,-7,-14,3,-16,-345,34,-72,-10,-40,4,-23,7,-91,61,-53,27,-48,14,-99,-5,-95,57,-72,63,-29,59,-62,57,-41,17,-56,7,-33,17,-195,130,-75,40,-113,38,-144,20,-75,26,-127,74,-112,38,-27,16,-78,19,-24,18,-99,14,-28,16,-31,37,-19,9,-18,19,-106,37,-69,46,-115,48,-93,-45,-47,7,-92,32,-40,-11,-14,3,-1,-7,-17,-3,5,-6,-3,-1,0,-1,-9,0,8,-17,-9,-4,5,-24,-10,-8,3,-14,-31,-20,-6,-27,-6,-8,0,-1,-3,-3,-6,-8,-3,-2,-5,-4,-14,-2,-118,-121,-13,-5,-4,-23,-72,-82,-20,-4,-36,4,-15,-6,-19,7,-110,-14,-41,-31,-26,-64,-9,-48,43,-70,37,-26,50,-29,87,-28,60,-10,23,5,98,-4,31,-22,7,-9,1,-26,-7,-15,-47,-49,-16,7,10,-35,-10,-16,-19,-1,-5,6,-3,-7,-8,4,-23,-8,-29,9,-196,-89,-20,-15,-6,-21,-16,-3,26,-109,21,-27,41,-34,-79,-6,-15,5,-31,-11,-39,23,-19,-2,-47,-17,16,-44,-20,13,-22,-28,-26,-4,-14,-17,-28,-2,-22,-12,-21,5,-24,-13,-4,-6,11,-33,-16,-18,-8,-24,4,-23,-6,-15,-39,-8,-9,-18,40,-13,16,-16,-1,-8,33,-9,33,-20,59,-16,-1,-28,-15,-9,-84,-3,-64,9,0,-32,-49,-4,-24,8,-103,-30,-107,34,-41,0,-17,-10,-18,0,15,-31,3,-31,-7,-37,-46,28,-21,0,-31,20,-8,-21,28,-39,-19,-1,-7,-10,59,-71,1,-23,-22,-3,-14,-9,-18,6,-29,-2,-11,-11,-9,-36,-35,2,-17,-10,-35,-77,17,-46,-13,-7,-25,4,-104,-17,25,3,-29,-38,-214,-564,-122,-245,-74,-82,-114,-146,-45,-83,22,-29,59,-23,92,-125,-95,-80,-87,-142,-54,-49,-125,-142,-148,-218,-26,-72]]]
7870240	p	2464470
2473493	p	2464915
2473540	p	2464470
2469140	p	2464915
2470384	n	10.6946,33.6798,10.946,33.8963	[[[106947,337013,150,-93,228,-114,21,-8,-180,271,-190,-43,-29,-13]],[[107279,337625,4,-8,16,-13,4,-29,-7,-53,-4,-3,1,-8,6,0,11,-33,32,-32,3,-37,13,-10,9,-30,-1,-26,9,-14,-7,-38,38,-30,11,-21,-7,-15,28,-24,-17,-15,-11,-25,17,2,-5,5,7,22,10,7,-1,-5,29,-12,6,-13,21,-1,35,-33,3,-16,27,-38,24,-14,18,-42,33,-21,58,11,8,3,13,1,53,10,-1,0,4,5,12,6,10,-4,13,3,2,-2,13,2,53,93,1,19,7,32,20,31,23,23,77,46,18,2,71,60,16,-4,38,24,73,7,47,12,37,-14,34,-36,64,-50,1062,1518,-161,163,-10,-5,2,-2,-12,-19,11,-6,9,4,9,-8,15,-41,23,-27,10,-28,-14,-23,-2,-29,-21,-13,-2,-7,-12,8,-8,-2,11,-5,-13,2,-6,-2,11,-2,-47,-7,6,-3,-81,-4,-15,5,-13,-12,-39,-3,-72,18,-58,-11,-67,13,-56,22,-25,17,-14,-2,-4,-12,-12,8,-25,-10,-21,0,-86,33,-128,7,-808,145,-9,-1,-12,-3,-3,-8,-29,-2,-240,-75,-9,-30,6,3,3,-7,-24,-46,11,-5,14,11,35,7,-10,-7,0,-18,-14,-9,2,-28,13,-2,11,-20,-5,1,0,-8,-16,16,-8,-28,14,-12,4,-19,20,-7,21,-23,4,-20,-2,-19,-32,-37,-24,18,-2,11,-15,5,-10,-44,1,-11,9,-7,-7,-6,8,0,13,-15,-5,-22,19,-14,16,-70,8,-8,-17,-82,14,-19,-9,-57,9,-3,5,-14,-17,-15,21,-105,-10,-74,5,-48,-28,-79,-59,-69,12,-41,-27,-16,-29,10,5,-9,-10,-4,7,-8,-7,-2,2,-8,-33,-37,-19,-34,-16,-12,3,-15,-14,-20,0,-17]]]
2472479	p	2464470
2473626	p	2464470
2472431	n	10.9518,32.9139,11.4883,33.3244	[[[109518,331400,13,-222,38,-219,33,-109,127,-18,181,-13,149,-29,104,108,130,42,70,11,3,-69,-33,-218,2,-129,-19,-18,-3,-37,-19,-23,-34,-23,-17,-41,-27,-27,0,-21,35,-7,29,-15,22,-33,77,-66,-1,-43,-15,-31,38,-108,-3,-78,58,-51,203,-361,51,-32,226,-114,238,-95,247,-75,256,-54,260,-32,263,-11,263,11,260,32,256,54,247,75,238,95,226,114,211,132,195,149,177,165,157,178,135,190,113,201,89,209,64,215,38,219,13,222,-13,222,-35,200,-5,2,-344,165,-71,28,-106,52,-24,18,-40,15,-17,20,-37,19,-36,15,122,-86,17,-43,40,-26,76,-37,42,-46,-6,0,-2,-24,12,2,-14,-8,-2,-10,8,-4,-18,-4,4,-22,-25,-3,-19,-17,23,-30,33,-5,14,5,-10,-7,-41,-1,-8,5,-11,-15,9,17,-23,22,-47,-28,6,7,-5,3,-33,-26,-33,-3,25,12,-11,2,-46,-14,-49,-6,-79,22,-67,36,-16,14,-151,0,-2,-5,-1,5,-54,0,-11,-26,-5,5,-22,-3,-7,-8,-92,-4,-120,21,-112,38,-135,21,-125,35,-208,42,-233,71,-47,20,-57,8,-254,-14,-175,35,-64,2,-19,6,1,6,-9,-17,-202,-27,-6,-8,33,8,-4,-9,21,11,23,-5,-8,-11,-55,-17,-66,7,-63,27,-24,28,-15,-2,-9,14,5,12,-42,52,-38,65,-4,25,16,27,0,5,-41,129,-25,30,8,-2,-4,5,-141,129,-162,112,-97,119,6,14,-15,24,-24,3,-20,19,-24,71,9,-3,-2,12,46,9,11,-6,-9,-14,37,29,19,133,13,31,-1058,-213,-80,-75,-157,-178,-135,-190,-113,-201,-89,-209,-64,-215,-38,-219,-13,-222]],[[111596,333189,21,-11,74,-21,63,1,76,-23,98,-42,140,-38,34,-18,20,-1,151,-50,130,-28,217,-85,31,2,33,-8,26,-19,52,-18,69,-6,20,-13,23,10,5,3,-20,11,-185,78,-157,81,-119,74,-196,74,-167,47,-7,3,-89,18,-73,34,-270,-55]],[[113595,332522,79,-69,106,-111,1,0,66,-54,31,-15,5,-6,20,-12,12,-3,6,-7,7,-4,152,-44,1,1,-68,35,-5,15,-5,-5,-19,8,-17,22,-18,7,-67,56,-49,33,-66,33,-14,16,-44,20,-4,11,-59,43,-51,30]]]
2473457	r	8.2452,34.6274,9.3394,35.7909	[[[82452,349211,77,-58,1,-15,-20,-12,6,-4,44,-34,2,-72,42,-76,10,-197,54,-51,19,-29,32,-91,-14,-46,2,-19,49,-61,-4,-14,-23,-18,-3,-9,11,-20,37,-13,16,-16,-8,-43,32,-26,4,-10,-20,-19,0,-12,38,-33,-15,-45,10,-14,20,-87,8,-65,-40,-130,4,-168,15,-35,76,-118,26,-82,17,-20,23,-13,14,-19,197,-52,63,-42,103,-43,69,-46,106,-37,18,-19,19,-9,31,-37,28,-16,99,-14,24,-18,78,-19,27,-16,112,-38,127,-74,75,-26,144,-20,113,-38,75,-40,195,-130,33,-17,57,-7,40,-17,62,-57,29,-59,72,-63,95,-57,99,5,48,-14,53,-27,91,-61,23,-7,40,-4,72,10,345,-34,-3,16,7,14,649,466,76,28,121,68,84,65,221,127,213,97,79,94,34,-8,94,7,55,-3,20,6,145,94,174,146,50,33,68,27,71,20,155,72,142,46,81,17,145,83,78,30,124,83,196,102,274,98,34,39,63,47,55,33,52,16,85,17,193,-6,26,9,39,22,54,52,36,-6,135,81,168,88,239,79,103,85,48,24,44,11,11,10,2,7,13,33,34,33,6,15,-1,42,-5,15,-17,11,-2,0,-30,4,-11,19,2,20,-55,-14,-36,15,-35,-29,-29,2,-49,-10,-74,11,-34,12,4,38,35,65,-53,149,11,18,88,36,23,33,-5,37,-24,15,-1,10,11,12,-11,26,3,75,36,-3,57,-38,52,8,14,63,72,76,6,36,19,15,56,0,53,17,85,55,115,30,144,14,44,80,26,26,12,63,19,34,57,75,37,-9,39,5,24,-12,89,18,95,-12,61,49,53,22,54,41,6,25,24,26,68,6,27,20,38,10,41,-1,43,-30,90,-22,33,-1,65,20,23,1,36,48,51,35,20,4,49,-23,21,0,78,53,37,-4,36,-35,17,-2,68,31,40,-8,18,5,23,-10,37,-4,57,9,59,40,147,211,314,367,-33,23,-25,34,-43,27,-31,56,-19,-8,-20,13,-26,40,-16,10,-68,18,-91,48,-190,78,-46,11,-30,34,-85,69,-14,31,-5,-4,-31,20,-15,27,-22,22,1,35,23,41,44,63,31,19,-3,40,14,67,-1,30,-12,51,-3,69,-41,43,-101,147,40,11,206,99,22,-10,100,70,-74,41,-32,24,-19,25,-135,72,-62,16,-144,63,-104,9,-144,50,3,30,-6,29,-35,45,-74,54,-34,26,-34,18,-10,5,-26,14,-43,15,-64,24,-14,10,-18,12,-21,14,-155,132,0,68,15,22,5,35,14,5,6,13,5,38,21,26,6,26,78,96,24,51,221,344,17,32,53,97,21,24,99,162,148,124,82,82,211,141,152,93,77,38,44,36,50,27,37,29,44,47,38,27,229,86,37,18,16,10,46,70,7,6,2,3,3,2,6,4,5,0,2,1,4,-1,39,-1,26,15,0,10,-63,-9,-28,12,-35,42,-9,24,-29,31,1,8,23,13,39,9,9,10,-13,22,-35,22,-28,42,10,51,-13,47,-26,12,-93,14,-19,28,-3,46,-21,14,-45,7,-34,59,-28,14,-19,45,-42,-1,-26,-14,-24,0,-29,-26,-53,-1,-58,17,5,20,-14,26,5,36,-8,4,8,4,9,31,33,13,-13,9,6,5,-34,18,-5,10,-8,-1,-7,37,-229,-61,-107,-13,-21,-16,-26,10,-43,-34,-111,7,-24,55,-69,50,1,25,-70,16,-11,-13,-57,13,-102,53,-4,7,14,6,-5,15,9,19,-11,68,22,9,23,33,-21,14,5,10,-5,42,68,65,18,28,-63,40,-26,33,-52,33,-53,4,-24,2,-4,12,14,52,18,32,11,19,-77,-50,-5,15,-33,-1,-4,3,-7,6,-43,14,-13,17,-5,0,-12,1,-19,15,-20,4,-28,-8,-3,-11,-2,-1,-15,0,-3,-4,-3,-4,-43,-2,-25,-11,-21,-17,1,-14,-13,-13,-32,-7,-17,3,-33,40,-78,66,-45,64,-31,-13,-63,5,-5,-6,11,-6,-4,-4,-29,-2,-12,-8,7,-21,-5,-6,10,-6,3,-12,-9,-5,-3,-13,-1,-3,-24,-15,-44,-10,-34,-32,10,-27,-44,-40,7,-6,-18,-16,6,-10,-6,-14,-14,28,2,23,-42,33,0,17,-15,7,0,13,-16,9,-21,-5,-59,14,-3,8,-62,28,-48,12,-36,25,-20,43,-1,27,-49,57,-1,-7,-47,-3,-76,-34,-65,1,-59,-17,-47,22,-23,-3,-14,9,-79,6,-71,-3,-32,18,-29,-3,3,16,27,8,1,11,-26,7,-8,9,-6,40,-27,20,-17,32,-29,160,64,13,35,-3,24,16,16,-4,2,7,-27,10,-87,73,-69,22,-59,13,-119,-11,36,49,9,1,1,0,10,1,18,-9,32,12,20,-6,0,8,1,5,11,7,13,8,-2,9,0,1,11,13,51,6,10,10,1,0,21,-2,7,9,34,37,33,1,7,13,23,4,12,26,19,-6,8,-3,44,6,22,13,11,19,21,10,-73,-1,-29,28,-21,-3,-25,23,-21,7,-10,17,-23,-7,-48,9,-11,11,-74,-22,-50,-7,-23,8,-21,-14,-41,-5,-31,17,-7,16,-37,6,-71,41,-26,-5,-14,5,-12,-7,-61,11,-25,-10,-27,18,-37,13,-55,-6,-27,8,-13,16,-35,4,-30,25,-47,12,-58,40,-28,12,-66,8,-37,20,-18,21,-64,16,-17,13,-24,0,-94,34,-88,4,-37,13,-81,10,-26,9,-17,20,-21,10,-1,12,-108,63,-26,6,-31,22,-54,10,-69,62,-23,46,-55,45,-16,27,-64,20,-64,-6,-107,17,-64,36,-32,31,-27,-9,-18,3,-27,-7,-5,-59,-45,-24,-92,3,-28,11,-34,-14,-2,-12,-14,0,-24,-16,-18,1,-17,-13,-60,23,-32,-6,-17,19,-20,2,-20,16,-24,1,-22,-7,-1,-15,-21,-14,-40,30,-2,22,32,29,-13,68,-17,-2,-6,17,-21,4,3,7,-22,-4,1,8,-8,-4,-12,10,-25,-4,-7,5,-20,-14,3,-5,-20,-20,-13,10,-3,-6,-30,-6,-12,-12,-10,4,-21,-10,-12,3,2,-8,-18,-1,4,-7,-8,-4,-20,14,-16,0,-5,10,9,5,-26,1,-8,10,-11,-6,-10,15,-33,-15,-16,12,-12,-7,-28,4,24,-66,-1,-37,-17,-112,-16,-50,3,-17,-45,-4,3,-7,-14,-5,-19,-23,-5,12,-7,0,-9,-21,-18,12,-2,-20,-16,-14,-17,-3,0,-9,-11,-6,-42,-6,-20,29,-18,-3,-11,14,-10,-1,-25,15,-13,-5,4,-5,-49,-113,-19,10,-26,-10,-19,9,-21,-5,-10,14,-29,9,-11,8,-1,10,-11,1,-13,-35,5,-24,-9,-16,37,-34,-5,-55,15,-19,33,-4,5,-17,-14,-10,8,-8,34,-9,-12,-19,-10,-51,5,-10,17,-7,-8,-42,5,-16,-13,-26,-26,-8,-3,-10,14,-10,-13,-24,6,-7,16,3,3,-5,-10,-17,20,-23,-2,-33,17,-19,28,-7,-7,-12,10,-19,-24,-7,-5,-8,28,-13,-28,-5,7,-19,-13,8,-7,-4,5,-11,16,-6,-19,-5,-9,-19,-18,1,-5,-18,-16,-17,-23,2,-17,-8,0,-7,14,-6,-9,-16,7,-16,-22,-32,-26,1,-19,-36,17,-5,-15,-10,4,-15,10,-1,8,11,7,-4,-3,-21,-20,-8,-43,-5,-22,-22,-1,-9,0,1,-554,-47,-9,21,-21,16,-21,38,-24,-10,45,85,-44,16,-47,-4,-46,13,-214,16,-110,-2,-123,8,-86,16,-120,-22,-127,26,-22,-8,-104,-11,-14,-16,-30,-10,-13,3,-9,13,-31,-11,-21,0,-9,7,-106,-44,-30,-5,-23,-97,-56,-30,-43,-54,-30,-24,-11,-37,-48,-24,-33,1,-67,-25,48,18,-650,-56,11,-101,98,-835,-3,-295,-358,-709,-109,-349,-3,-64,244,-198,-14,-42,4,-25,22,-33,-2,-84,23,-168,-4,-54,-7,-13,6,-86,-54,-14,-5,-47,6,-47,8,-24,71,-67,45,-76,7,-86,50,-52,8,-8,31,-33,57,-13,12,0,32,-2,39,-2,112,-26,30,-35,3,-4,21,-13,143,-46,93,-63,50,-25,25,-45,30,-14,24,-3,4,-16,41,-10,13,-26,23,-12,54,18,57,-10,25,2,55,-25,43,-33,75,-28,23,11,42,-15,85,-7,66,20,31,-5,17,11,67,14,15,-3,9,8,13,-10,-220,-197,-60,-105,-163,-187,-26,-55,-70,-62,-26,-73,-19,-22,7,-51,-7,-16,-2,-72,-16,-48,-120,-176,-45,-55,-51,-42,15,11,216,132,230,114,243,95,254,75,260,54,266,32,189,8,2818,-2282,-11,-198,-40,-219,-65,-215,-91,-209,-115,-201,-138,-190,-160,-178,-181,-165,-199,-149,-216,-132,-230,-114,-243,-95,-254,-75,-260,-54,-266,-32,-269,-11,-269,11,-266,32,-260,54,-254,75,-243,95,-230,114,-216,132,-199,149,-181,165,-160,178,-138,190,-115,201,-91,209,-65,215,-40,219,-11,187,-99,-13,-59,-43,-20,-9,-24,0,-7,-16,-57,-61,-32,8,-48,-16,-164,-104]],[[83521,350866,61,68,181,165,4,3,-1,0,-153,-70,-41,-45,-18,-73,-10,-16,-21,-6,-2,-26]]]
13132712	p	2464470
13132711	p	2464470
2470173	n	10.8407,33.2893,11.1866,33.6398	[[[108407,335000,13,-222,39,-219,64,-215,89,-209,113,-201,136,-190,157,-178,178,-165,195,-149,213,-132,226,-114,239,-95,59,-18,79,16,1058,213,0,1,26,31,16,7,10,-6,48,-4,11,-6,43,8,11,7,19,24,21,11,36,-7,10,4,77,-1,3,-2,270,55,-65,30,-4,0,-48,21,-1,4,-41,19,-198,221,-176,157,-63,-19,-8,-33,-21,-9,-53,-47,-25,-13,-36,1,-21,-16,-37,-3,-37,7,-9,10,-19,4,8,-7,-19,-5,-6,4,6,9,-5,11,-12,8,-18,0,1,14,27,0,1,11,-15,23,5,16,18,4,25,-27,15,-5,87,5,44,28,11,14,-156,-40,87,289,-31,89,-11,11,-4,32,-10,15,4,6,-34,97,-67,89,-22,39,2,36,-10,12,11,78,-37,107,241,324,-11,10,3,31,13,14,20,-12,0,3,-7,5,6,7,-1,4,-10,8,2,4,7,7,-46,454,-34,96,-346,449,-133,138,-175,96,-421,163,-101,56,-20,-10,-11,-26,18,-21,29,-5,1,21,7,6,14,4,9,-6,6,-34,-6,-51,-21,-23,-18,7,-7,-16,-21,8,-9,-4,-4,-11,-18,3,-8,-15,-23,-1,-2,-5,-54,11,-13,-1,-7,-7,-14,4,-6,-4,-25,14,-2,10,-16,-5,-39,26,-13,-7,-17,1,-23,18,-114,16,-2,1,-16,-14,-51,44,-3,4,-3,-1,2,-3,52,-47,-1,-16,-10,-14,-28,-13,-16,-2,-34,12,-19,-10,-29,-4,-43,-19,-3,-16,-15,-7,-40,1,-5,7,-19,-16,16,0,-12,-11,-6,-2,-4,7,-6,-12,-19,-8,-35,-30,-3,-12,-17,2,19,-6,-12,-41,7,-22,11,-11,12,0,33,-19,29,-9,27,1,34,-14,30,-48,3,-24,40,-42,12,-32,35,-21,14,-27,2,-14,-22,-12,29,11,14,-43,29,-32,17,-5,6,-12,7,-46,-14,-34,-34,-28,8,-21,-16,-43,-28,-25,-6,-25,-24,-28,-60,-51,-3,-24,-27,-6,7,-27,-41,-18,6,-15,-4,-15,-11,1,-96,-43,-56,-15,-223,-44,-120,-35,-95,-36,-138,-21,-38,-20,-19,-46,-21,-13,-26,-9,0,-7]]]
2471059	n	8.2962,34.7239,8.8438,35.1758	[[[82962,349465,11,-187,40,-219,65,-215,91,-209,115,-201,138,-190,160,-178,181,-165,199,-149,216,-132,230,-114,243,-95,254,-75,260,-54,266,-32,269,-11,269,11,266,32,260,54,254,75,243,95,230,114,216,132,199,149,181,165,160,178,138,190,115,201,91,209,65,215,40,219,11,198,-2818,2282,-189,-8,-266,-32,-260,-54,-254,-75,-243,-95,-230,-114,-216,-132,-15,-11,-44,-37,-136,-98,-4,-3,-181,-165,-61,-68,-1,-7,-55,-114,-34,-25,-6,-39,-269,-589,16,-83,8,-10,-67,-428,-26,-33,25,3,43,-43,-2,-17,-20,4,-11,-10,-23,16,-23,-22,-67,28,-26,-18,-2,-11,-19,-3]]]
2467815	p	2464470
2472675	p	2464470
2469473	r	9.7064,32.2498,11.5999,33.9156	[[[97064,332866,423,-355,238,-172,177,-138,357,-103,316,-62,418,83,20,-21,36,-22,52,-15,14,-54,24,-16,27,-7,-31,-279,54,-235,-89,-583,54,-162,-70,-35,-16,-25,69,-7,67,-38,15,-20,13,-73,29,-17,159,-47,57,15,18,10,36,99,29,44,42,35,54,-4,30,7,54,-12,74,1,314,-69,91,50,98,16,198,-33,78,-8,26,7,35,-10,71,24,106,-39,20,6,13,50,36,32,27,46,7,34,25,10,41,32,49,2,51,19,49,-28,72,23,96,56,38,7,17,-7,26,-30,20,-9,25,-26,42,17,49,-22,15,-2,21,9,35,-5,33,38,69,36,159,52,152,112,173,149,179,130,143,68,357,109,29,31,14,3,45,-13,21,2,29,-7,22,15,37,5,12,9,2,32,15,13,74,15,50,27,12,25,64,-8,16,7,7,12,18,3,23,-16,24,30,19,5,14,-30,118,37,6,-7,21,-3,21,-28,26,16,54,3,24,16,22,40,58,52,33,5,85,39,54,5,38,56,81,47,112,32,115,54,62,8,33,13,44,-1,15,20,29,4,58,25,14,9,25,36,27,4,37,23,49,8,12,12,2,18,38,33,56,8,21,30,39,6,62,64,5,-83,-7,-6,0,-112,190,4,19,-19,220,-25,422,-30,382,-40,-23,-42,-25,-25,-101,-57,-25,-8,-110,-103,-90,-42,-60,-40,-13,-89,-28,-35,-75,-30,-54,-37,-64,-18,-39,2,-44,19,-95,-6,-32,-11,-26,-26,259,-303,96,-64,270,-11,614,-63,442,-64,104,-22,45,0,63,19,28,1,44,-2,88,-22,66,49,67,15,33,-6,69,-41,62,-21,44,-4,69,21,30,-1,132,-14,64,-14,35,4,48,-10,104,-3,100,-44,17,-2,81,6,93,-14,85,-3,65,14,36,-7,52,-24,39,-29,43,-4,35,6,18,12,25,40,46,32,42,-1,35,-22,53,40,626,-84,-33,110,-38,219,-13,222,13,222,38,219,64,215,89,209,113,201,135,190,157,178,80,75,-79,-16,-59,18,-239,95,-226,114,-213,132,-195,149,-178,165,-157,178,-136,190,-113,201,-89,209,-64,215,-39,219,-13,222,0,7,-132,-43,-179,-5,-29,-9,-29,-48,-14,-39,-23,-6,12,-11,-14,-11,-30,-11,-39,-4,-23,9,-15,-9,-8,-1,-25,66,-54,-28,-385,-70,0,5,-77,65,-68,38,-92,18,-87,1,-7,-2,-53,48,-46,66,34,100,-4,22,9,10,-5,30,-35,60,-56,42,-37,22,-6,-4,-17,5,-15,-11,-11,8,-9,-4,-31,37,1,47,8,18,56,0,0,-6,5,5,0,-5,4,5,0,-5,4,5,0,-5,6,5,-1,4,-68,0,-6,21,16,80,46,67,22,18,27,8,26,23,59,24,38,24,81,75,46,12,29,-8,11,52,27,65,4,51,13,27,4,3,14,10,-2,1,6,5,19,8,16,-2,19,16,15,37,12,86,-19,41,-30,115,-9,117,3,72,6,20,28,23,2,-5,8,6,22,31,19,71,29,-9,-17,8,21,-2,-33,5,-2,8,7,11,10,69,42,79,-21,39,-12,47,-63,116,4,4,-39,38,-84,52,-65,10,-70,-17,-125,-8,-35,-20,-22,-22,-110,-28,-30,-14,-53,-38,-79,-40,0,-12,-112,-85,-102,-50,-136,-19,-39,4,-4,-14,-39,-16,-23,-3,-10,11,-85,-17,-16,-8,-3,-19,-76,-31,7,-18,-11,-10,-62,-16,-79,-7,-59,25,-214,-51,-691,-86,-98,19,7,-15,-97,3,-33,11,-1,7,-1,-7,-14,3,-19,-15,-7,-16,-7,1,14,-46,-26,-12,0,9,15,3,0,22,-36,25,-25,3,-4,12,-29,-8,-7,-9,2,10,-11,-9,10,-26,-2,-24,-22,3,-9,-11,-18,5,-13,-19,-51,-28,-22,-35,-20,26,-41,-2,-1,-22,-7,-3,-50,8,-21,22,-82,-41,-7,-3,-1,-7,-4,-12,-1,-4,1,-10,2,-23,1,-2,1,-2,9,-8,5,-6,15,-3,15,-39,-11,-59,-29,-43,2,-15,18,-19,-12,-7,-44,3,1,-33,-14,-21,-1,-29,-42,-34,-7,-24,-23,2,-19,20,-101,-4,-83,-75,-13,-45,-39,-28,-27,-3,-12,-17,-30,-14,-10,-59,-28,-29,-13,-37,6,-12,-4,-22,-46,-20,-20,-25,0,-42,10,-20,-28,-47,24,-37,-8,-58,-25,-28,-26,-67,-19,-6,-31,2,-30,-30,-25,-53,-22,-11,-21,-25,-5,-30,-16,-26,12,-23,-2,-45,-55,-55,-8,-48,-89,-36,-53,-65,-56,9,-44,-10,-10,-17,8,-10,-9,-13,-37,-12,-47,-40,-18,-7,-84,-144,-24,-28,4,-24,20,-26,-5,-21,-25,-29,-19,-54,-34,-11,-13,-14,-17,-53,-19,-10,-36,-6,-44,-29,-35,-13,-3,-8,-44,3,-40,-11,-17,-11,-28,2,-6,-6,-115,-13,-33,-16,-20,1,-44,37,-16,3,-2,13,-109,6,-53,-18,-121,-17,-154,-44,-69,2,-74,-35,-30,-25,-59,-1,-29,-10,-7,-10,-37,-22,-9,-15,-12,-3,-3,-12,-39,-32,-12,-6,-43,-1,-3,-11,-8,-1,1,-14,-14,-8,-23,5,-29,-11,19,-33,22,-21,31,-17,41,0,-98,-37,-92,-49,-56,-65,-211,1,-21,-52,-40,-60,131,-127,3,-25,-109,-75,-209,-121,-211,-100,-173,-69,-63,35,-53,-3,-241,-196,-374,11,-342,53,-86,-15,-126,-38,-141,-68,-212,4,-283,-12,-157,-19,-243,-83,-127,-66,-245,40,-55,19,-169,42,-82,44,-92,20,-177,-24,-32,26],[106947,337013,29,13,190,43,180,-271,-21,8,-228,114,-150,93]],[[107075,337322,2,-8,16,4,17,-9,24,-41,26,-12,8,-21,35,-1,14,-9,0,22,-16,28,-2,48,5,28,12,18,0,20,-11,10,-3,18,-11,4,-6,-5,4,-11,-19,-16,-45,-11,-30,-19,-20,-37]],[[107441,338885,8,-9,-7,-1,0,-2,240,75,-19,-1,-148,-37,-74,-25]],[[107672,336942,10,-10,-3,-15,20,-14,23,-2,39,-31,17,-28,5,-5,5,4,-7,24,8,25,-8,18,13,14,0,19,-18,6,-70,2,-34,10,8,-9,-8,-8]],[[107735,338962,808,-145,128,-7,-12,4,-63,35,-16,23,4,28,-8,3,-8,1,13,-5,-1,-8,-8,-1,-3,-21,-7,-1,-10,25,10,11,-13,-7,8,-21,-5,-7,-17,-1,-42,21,-7,-3,-32,7,-26,17,-61,25,-124,37,-11,-1,0,-8,-32,-4,-12,13,-32,6,-14,11,-21,-7,-18,2,-7,12,-29,10,-7,-8,-1,6,-17,-3,3,-5,-7,-2,-4,7,-11,-3,-1,7,-8,0,2,-12,-17,-4,-13,10,-11,0,-15,29,-38,0,23,-14,3,-12,-13,-17,-30,-2,-129,-23,-21,4,-20,-2]],[[107806,337035,21,-20,29,0,21,-13,14,-15,-2,-15,10,-4,11,13,-31,44,-10,37,3,68,-53,-93,-13,-2]],[[108552,337126,26,-30,30,-21,68,-90,36,-35,5,-1,-127,162,-38,15]],[[108596,335994,16,-9,10,-36,52,-48,25,-65,13,64,21,46,-2,59,-52,29,-26,5,-36,-13,-21,-32]],[[108689,336539,16,-40,11,-10,9,-74,11,-29,44,-22,44,-4,33,-22,13,-22,15,30,-13,6,2,25,9,17,9,2,-7,4,-1,20,-6,-19,-167,142,-1,30,-17,-14,-4,-20]],[[108886,339139,5,-10,18,1,28,-14,32,-5,57,-39,28,-9,18,-20,62,-8,11,-13,68,-23,7,-1,-11,7,8,4,24,-19,17,-3,31,-29,10,5,161,-163,137,-139,318,-244,195,-101,201,-77,174,-91,82,-98,-7,39,-8,106,12,50,-77,46,-80,26,-33,2,-13,10,3,-15,-11,-8,-23,-1,-25,8,-12,-10,-19,-1,-68,7,-72,33,-68,51,-57,32,-44,38,-108,120,-56,38,-134,58,-75,52,-43,34,-81,85,-132,102,-135,78,-109,48,-85,56,-43,17,-55,5,-23,-17]],[[109152,336797,28,-95,31,-48,42,-90,13,-1,-82,138,-24,83,45,50,88,76,11,-1,12,11,32,12,36,-1,12,10,-7,13,37,34,1,15,16,16,12,77,30,75,15,29,24,16,7,18,4,1,1,7,31,83,-156,-43,-126,-316,-133,-169]],[[109651,336941,10,-8,-2,-11,24,-20,1,-13,16,27,27,21,-39,-48,12,-41,14,0,1,7,2,-11,-26,-21,-20,-1,-4,-5,0,-11,13,-2,-2,-6,43,19,21,17,5,29,9,14,4,-3,-8,12,77,56,48,50,4,22,-12,60,9,200,23,105,57,128,27,24,9,-5,4,11,9,-3,13,7,12,-6,1,8,13,0,12,14,20,9,52,7,9,-12,15,14,18,1,1,-6,26,18,15,-8,-9,11,11,9,9,-5,-8,6,8,9,7,-3,-2,10,17,1,-5,5,13,21,18,-4,-13,6,4,8,11,10,12,-4,-7,7,29,33,11,-3,21,18,5,-5,9,11,57,33,10,-5,-3,5,45,35,50,9,26,-10,5,-12,18,-1,15,10,5,22,20,17,-17,27,-3,19,20,28,-25,-12,-26,6,-40,46,-572,-441,-167,-65,-63,-45,-45,-83,-10,-33,23,1,-10,-41,6,-3,-10,-5,3,-18,10,0,-8,-1,-5,-17,14,-34,19,-11,-12,1,0,-14,8,-21,7,11,-6,-14,8,0,-24,-56,8,-39,-12,-12,1,-16,-22,-14,9,-5,-10,-6,-1,-16]],[[109763,336808,11,8,15,-3,1,10,7,-1,10,-24,17,-3,2,9,3,-12,16,-3,-4,-7,24,-20,3,-50,47,-56,-4,-37,19,-28,8,-41,-5,-36,17,3,11,20,11,50,-60,158,-65,68,-44,14,-29,0,-11,-19]],[[109808,336536,12,-39,11,6,20,20,-2,47,-32,-16,-9,-18]],[[109847,336503,6,-15,12,3,38,32,26,-6,6,29,-8,37,-8,-5,10,-23,-43,1,13,-8,8,-15,-16,19,-28,-10,-16,-39]],[[109895,336496,28,-5,23,-25,18,0,1,6,10,-5,9,-13,-14,6,24,-29,45,-25,-5,-20,15,-1,-12,-9,-41,-1,-85,26,-5,-3,101,-56,421,-163,175,-96,133,-138,346,-449,34,-96,46,-454,6,6,18,-22,7,3,-8,16,15,6,17,-42,6,1,91,-117,-89,117,-46,114,-6,27,6,4,7,37,-16,37,11,18,-28,76,-6,38,11,22,-16,41,11,25,-37,87,-15,78,-48,96,-144,167,-47,69,-47,43,-41,54,-67,40,-57,58,-3,28,27,6,-40,17,-3,11,-6,-8,-3,12,-9,-5,-15,6,3,5,-14,7,-74,95,-36,29,-18,2,-46,-14,-48,-4,-37,8,-68,26,-68,40,-56,43,-49,51,-45,30,-49,59,-51,2,-29,13,-18,-8]],[[110526,337936,32,-29,3,-12,27,5,2,23,10,7,9,-4,-19,18,-4,26,4,15,8,5,6,-5,1,8,-5,10,-8,-4,-66,-51,0,-12]],[[110659,329552,196,-349,71,-70,-7,-63,21,-58,51,-59,1,-43,13,-26,111,-138,37,-87,-11,-52,5,-58,-17,-70,-11,-200,-22,-129,89,-278,31,-119,39,-363,11,-213,-419,-421,116,-169,261,-630,220,-627,578,-1249,193,-204,41,-110,395,66,254,97,158,5,191,50,165,-109,-9,-22,-35,-16,-16,-22,-6,-86,-79,-41,-43,-17,-32,-4,-41,-19,-27,-38,-45,-46,-45,-14,-82,-7,-81,-22,-312,-222,-168,-63,-71,1,-92,-23,-62,-29,-29,-27,-99,-16,-37,-47,-28,2,-125,-38,-45,2,-258,-563,1039,434,666,261,314,156,50,11,106,53,419,117,64,11,50,27,169,49,191,72,247,127,320,185,301,84,236,292,225,167,49,647,-147,224,-16,11,-319,381,-326,200,-66,17,-77,41,-34,55,-22,84,-38,94,-17,76,-36,27,-6,20,8,42,-102,64,-22,31,-1,19,21,45,63,46,8,34,19,21,8,74,-10,95,53,49,3,15,-11,27,2,36,17,131,-14,98,2,48,-64,327,139,679,3,149,-14,138,-40,151,39,159,-31,140,-16,139,44,136,155,242,33,221,90,84,-80,262,25,315,48,344,89,112,246,506,-12,82,23,185,-56,9,-12,-8,-32,2,-37,-15,-29,-3,-25,4,-12,14,-27,6,-42,-2,-102,16,-47,17,-74,11,-31,18,-66,17,-64,39,-39,12,-11,10,-4,-9,-28,1,-44,15,35,-200,13,-222,-13,-222,-38,-219,-64,-215,-89,-209,-113,-201,-135,-190,-157,-178,-177,-165,-195,-149,-211,-132,-226,-114,-238,-95,-247,-75,-256,-54,-260,-32,-263,-11,-263,11,-260,32,-256,54,-247,75,-238,95,-226,114,-51,32]],[[110899,334541,37,-107,6,43,39,51,-1,11,21,26,7,22,20,21,10,27,3,45,14,7,10,17,2,19,-7,10,8,20,35,-1,3,-28,14,-23,2,10,-11,21,6,33,88,53,-40,47,-14,-10,-11,10,-241,-324]],[[111021,333641,156,40,49,61,5,81,-44,51,-9,23,48,1,17,-11,-5,-13,23,-19,30,-42,5,-19,-4,-14,89,88,-18,25,-11,-4,-112,71,-93,87,-17,4,0,11,-14,16,-17,-23,12,-19,0,-19,30,-15,3,-9,-35,24,-3,19,-16,13,-16,-15,15,-17,7,-29,-13,26,-6,5,31,-89,-87,-289],[111097,333985,24,-26,-19,17,-5,9],[111145,333957,5,20,-2,7,3,-7,-6,-20]],[[111218,332800,97,-119,162,-112,141,-129,-12,17,-12,7,8,2,5,24,-12,35,-54,50,-122,53,-59,50,-22,24,-2,22,-10,-1,-10,11,-71,104,-21,-25,0,1,-6,-14]],[[111333,333696,176,-157,198,-221,41,-19,-13,37,9,26,-11,17,6,26,-11,4,-46,61,-102,81,-92,89,-135,62,-20,-6]],[[111801,333274,65,-30,73,-34,89,-18,-47,25,-19,-5,-20,20,-51,12,-32,21,-58,9]],[[112851,332811,44,-28,31,-11,16,7,-11,15,-52,30,-5,-3,-23,-10]],[[113224,332660,8,-10,20,0,9,-5,-1,-7,13,2,55,-30,83,-23,23,-17,77,-30,19,-17,17,-5,82,-61,49,-51,32,-16,48,-39,22,-9,-106,111,-79,69,-26,16,-200,93,-16,1,-102,38,-22,-1,-5,-9]],[[113869,331838,151,0,-15,13,-68,15,-26,24,-12,-10,-6,-26,-22,-11,-2,-5]],[[113921,332245,19,-21,140,-77,96,-81,13,-6,-15,8,-6,15,6,-1,39,-27,26,-2,45,-19,9,-7,-17,43,-122,86,-64,27,-11,9,1,5,-152,44,-7,4]]]
2468579	r	10.3323,36.3829,11.1366,37.1431	[[[103323,365770,9,-29,40,1,32,17,5,10,13,-9,9,1,19,23,44,20,71,8,13,3,5,11,44,-1,26,-26,5,-22,19,-25,19,-9,18,-23,18,-2,7,-17,18,-9,6,2,1,-7,25,-12,11,-20,4,-36,-29,-25,23,-48,-7,-36,-13,-11,9,-59,-62,-29,-14,2,-2,8,-45,-6,-25,4,-34,-10,-87,-39,-37,-31,16,-59,49,-120,-73,-8,-31,-17,-42,-154,3,-29,11,-14,37,-16,57,-83,-4,-11,24,-49,-3,-27,-34,-42,-3,-16,-33,-25,5,-31,43,-49,-3,-15,15,-24,1,-17,-17,-16,-3,-29,-47,-41,3,-20,-7,-13,8,-24,22,-23,-1,-8,-19,-2,0,-12,-14,-5,17,-57,-1,-23,-13,-25,24,-19,13,-24,65,-68,7,-96,120,-199,127,9,0,1310,80,108,163,178,184,165,203,149,220,132,235,114,247,95,256,74,1450,-1913,32,-42,302,138,795,166,1,-7,1,7,30,7,31,33,13,6,30,2,39,36,54,104,91,98,87,175,-23,15,-2359,1556,54,121,118,201,141,190,163,178,184,165,204,149,220,132,236,114,248,95,258,75,266,54,125,15,-28,16,-4,10,-40,219,-13,222,13,222,40,219,67,215,93,209,118,201,50,67,-27,-1,-42,-23,-12,-13,9,-4,-3,-11,-55,-37,-24,-6,-3,-9,-32,11,0,-21,-16,-4,-7,-11,-19,6,0,-13,-32,0,-7,-27,-18,-16,-18,1,-1,-8,-139,-71,-30,1,-8,-19,-21,3,-2,-14,-11,-1,-8,-11,-17,2,-7,-16,-23,-3,4,-10,-13,-2,-78,-73,-194,-156,-176,-99,-150,-73,-209,-85,-73,-22,-59,-7,-28,-9,-54,11,-43,-16,-31,5,-16,11,-20,-9,-30,-1,-34,14,-8,22,-23,-12,-16,21,-12,-7,-10,4,-2,12,-45,6,-33,-10,-2,-12,-36,-18,-12,0,-9,8,4,5,-12,-3,-7,6,-66,-19,-33,-22,-27,6,-39,-14,-67,-9,-27,9,1,9,-9,1,-8,20,-12,5,-14,5,-36,-3,-48,15,13,-37,24,-15,-7,-16,5,-12,-88,-39,-12,-20,-34,-24,-22,-6,-42,1,-14,-10,-53,-7,-15,-21,-4,-32,-16,-25,9,-23,-17,-35,-39,-43,-6,0,-1,13,-22,-12,1,18,-8,2,-6,-15,5,-16,-19,-13,-26,-4,1,-9,15,-4,7,-11,-3,-9,-19,-7,-4,-12,15,-21,-9,-24,5,-24,-24,-58,-12,-9,-11,6,26,-42,-15,-21,2,-32,-24,-22,-5,-16,-10,-76,4,-13,-14,-50,-23,-23,-36,-6,-16,-14,-3,-76,-14,-34,2,-40,-18,-36,-4,-30,-39,-41,-69,-14,-3,-53,-24,-30,-74,-38,-182,-67,-143,-32,-14,-11,-139,-26,3,-8,-9,-6,-76,-23,-27,-28,-23,-7,0,-13,-11,-3,-2,7,-13,-7,9,-4,-11,-11,-46,-10,-3,7,4,-23,-29,-12,-128,-19,-39,-2,-2,7,3,-20,-18,-19,-69,-13,-19,0,-3,5,0,-11,-18,-6,-83,-7,-7,1,-3,11,2,-20,-28,-6,11,-20,-8,-22,-47,-15,-32,-35,-3,-18,-18,-5,-101,-86,-1,-35,-33,-92,-9,-130,-26,-106,21,-66,-12,-26,-13,-11,-2,-27,12,-24,-23,1,-40,17,-29,4,-37,-13,-21,11,-90,-2,-22,-14,31,-12,30,-23,17,-25,-29,4,-34,-38,14,-28,18,-8,43,-38,1,-57,-29,-27,6,-51,-137,-127,-53,-28,-93,-79,2,-23,-117,-122]],[[107893,371267,0,-22,32,-30,-7,-25,-11,3,0,-4,21,-21,8,-3,4,6,9,-12,15,7,3,-5,9,11,18,1,12,7,31,-13,31,12,12,-1,-10,2,6,2,-3,3,12,2,-3,-6,12,9,17,-13,15,4,35,-6,35,11,-3,71,-3,4,-23,-11,-25,26,-12,49,-28,16,-31,41,2,20,9,3,-4,6,-13,-3,-3,23,-34,-23,3,-12,11,-7,-18,-31,-21,-8,-3,-12,-33,-22,-9,1,-1,-7,-11,3,-53,-46]],[[109040,370374,9,-8,-6,-3,6,-12,13,5,7,-7,15,2,14,-22,-11,-22,-22,-16,1,-8,-21,-3,15,-8,-5,-4,16,-16,41,-15,-5,2,13,9,221,132,236,114,78,30,-8,14,-26,8,-2,-19,-10,-5,-13,4,-18,-8,-43,20,-37,-10,-12,3,-10,-9,-14,8,-4,-15,-29,-2,-5,7,-11,-13,-15,0,-15,-9,-13,4,-14,21,-5,-11,-26,5,6,-5,-10,-11,-15,9,-45,-16,-5,-26,-17,-7,-38,19,-1,-6,-20,-7,-24,-3,-12,8,-6,-10,-59,42,6,-11,-9,1,-1,-13,-18,-13,30,-3,1,-14,-21,-10,-12,4,1,-5,-16,0,27,-23,32,-13,-12,-13,1,-14,-9,-4,-24,11,-15,-10]],[[110175,370686,3,-4,174,36,191,22,60,-115,-14,-86,-103,-119,-25,-106,22,-111,98,-143,22,-90,37,-69,173,-207,64,-100,24,-98,17,-214,27,-98,46,-78,69,-90,60,-62,-19,22,-25,43,-14,36,-2,95,-34,95,-13,92,6,28,-12,15,4,13,-9,17,5,55,-13,19,5,23,-15,36,3,22,-71,113,-55,45,-25,10,-17,26,6,15,-18,28,-132,140,-81,151,-17,71,-4,58,12,98,36,79,7,8,24,-5,-14,5,6,9,8,-2,-8,4,7,2,-2,8,18,-5,-9,-18,13,18,7,-1,-3,4,7,-2,6,8,32,-4,6,19,18,-6,4,8,-26,7,-1,8,9,10,17,-1,-12,14,14,28,-15,4,-25,23,-27,13,-83,82,-7,29,10,26,-8,-1,-1,16,-19,19,7,5,-7,3,-4,-7,-11,26,-17,2,-3,-5,0,7,-2,-6,-7,2,2,8,-5,-4,-3,9,-14,6,-2,-6,-7,7,-10,-3,-23,6,1,44,9,-1,-28,24,-43,4,-59,43,-5,-15,11,-30,18,-21,13,-35,-31,-20,-38,4,2,-7,-19,-18,-66,-21,-22,-17,-9,-17,-27,-7]],[[111074,368324,60,-5,26,17,4,-5,28,27,8,24,13,11,5,41,26,14,-2,20,-74,-84,-67,-22,-5,-24,11,16,4,-13,6,-1,3,9,12,-2,4,-8,-8,-6,16,-5,-11,-6,-37,3,-13,10,6,-10,-15,-1]],[[111282,368807,73,-92,10,19,1,16,-26,22,-58,35]]]
2464701	r	8.3568,30.2289,11.3418,33.2348	[[[83568,325026,2315,-1375,2120,-1289,415,-217,-1,-2,98,-61,1684,-1033,138,-141,113,-190,183,-716,27,-105,285,-1101,282,-1101,285,-1099,283,-1101,283,-1101,284,-1100,282,-1101,286,-1100,283,-1101,566,-2200,284,-1101,285,-1100,283,-1101,283,-1100,283,-1101,354,162,41,-160,87,31,78,8,201,52,122,41,23,23,313,155,50,36,103,46,95,52,19,17,104,32,35,4,131,44,104,47,63,42,173,84,1025,367,457,-3,305,193,40,50,171,138,150,84,102,199,150,167,118,55,193,344,67,99,100,94,473,268,52,24,608,897,715,954,171,108,196,382,73,70,61,177,201,333,69,203,58,144,74,308,9,115,42,91,70,84,-72,126,-124,474,-48,311,-48,547,190,505,-284,305,-88,474,52,177,-163,110,-49,154,-158,324,-214,381,-59,225,-315,707,-127,398,-32,254,-82,100,-52,110,-31,155,51,114,104,85,36,79,272,311,321,284,548,812,92,252,355,307,743,374,100,10,27,-6,35,-34,102,0,83,-17,60,3,53,18,23,0,36,-50,62,27,42,-53,110,17,97,0,171,71,29,24,20,65,18,29,60,33,19,-5,34,-35,24,-66,17,-9,111,-5,74,-14,198,196,150,190,16,178,218,269,331,260,168,292,-23,131,-51,76,-35,30,-91,36,-17,26,21,5,-16,7,2,5,20,-3,4,13,-18,-1,4,14,24,11,22,-9,-10,13,6,6,48,8,-43,2,-31,-13,-31,4,-8,9,13,17,12,-2,0,9,29,3,12,-5,15,12,-38,10,45,4,-19,15,16,16,1,-9,15,-12,11,-1,-3,6,13,13,7,-2,-8,8,-10,-2,1,11,34,3,12,-9,5,18,-5,2,28,17,-19,-4,-5,9,-31,-9,-10,4,0,6,14,-4,17,8,-6,9,16,7,11,-4,9,9,-3,12,-14,0,-1,8,-25,-1,25,13,0,14,-22,-1,27,9,8,22,11,-2,8,-35,-6,-5,3,-9,9,3,11,-20,-7,-4,9,0,1,5,4,-5,3,10,8,2,23,-1,0,11,-10,-4,-22,6,-4,11,9,4,-6,18,24,6,15,12,-44,-2,4,8,-7,15,28,1,-3,6,10,3,14,-9,5,9,-5,8,38,7,-23,8,-2,12,-9,-12,-10,12,-6,-13,-20,-7,-23,4,17,17,-3,7,-19,-2,2,20,30,16,-12,15,39,3,-4,28,-9,2,-2,10,-38,-4,-6,19,10,10,6,25,4,-18,46,-23,8,2,-5,38,19,-8,28,9,-14,23,29,19,19,2,-2,8,-23,12,-29,-6,-18,9,10,2,17,21,37,-1,8,-9,11,0,1,13,19,14,-5,9,9,9,-20,4,-10,-4,-11,7,44,8,47,-10,10,7,9,29,213,-9,61,-14,222,-73,54,-10,54,16,37,-10,143,93,107,83,20,7,99,-15,173,52,186,84,659,875,4,197,977,507,288,157,413,280,327,128,167,72,172,61,156,73,172,55,267,113,258,563,45,-2,125,38,28,-2,37,47,99,16,29,27,62,29,92,23,71,-1,168,63,312,222,81,22,82,7,45,14,45,46,27,38,41,19,32,4,43,17,79,41,6,86,16,22,37,21,0,1,5,12,0,5,-163,108,-191,-50,-158,-5,-254,-97,-395,-66,-41,110,-193,204,-578,1249,-220,627,-261,630,-116,169,419,421,-11,213,-39,363,-31,119,-89,278,22,129,11,200,17,70,-5,58,11,52,-37,87,-111,138,-13,26,-1,43,-51,59,-21,58,7,63,-71,70,-399,710,-58,51,3,78,-38,108,15,31,1,43,-77,66,-22,33,-29,15,-35,7,0,21,27,27,17,41,34,23,19,23,3,37,19,18,-2,129,33,218,-3,69,-70,-11,-130,-42,-104,-108,-149,29,-181,13,-127,17,-626,84,-53,-40,-35,22,-42,1,-46,-32,-25,-40,-18,-12,-35,-6,-43,4,-39,29,-52,24,-36,7,-65,-14,-85,3,-93,14,-81,-6,-17,2,-100,44,-104,3,-48,10,-35,-4,-64,14,-132,14,-30,1,-69,-21,-44,4,-62,21,-69,41,-33,6,-67,-15,-66,-49,-88,22,-44,2,-28,-1,-63,-19,-45,0,-104,22,-442,64,-614,63,-270,11,-96,64,-259,303,26,26,32,11,95,6,44,-19,39,-2,64,18,54,37,75,30,28,35,13,89,60,40,90,42,110,103,25,8,101,57,25,25,23,42,-382,40,-422,30,-220,25,-19,19,-190,-4,0,112,7,6,-5,83,-62,-64,-39,-6,-21,-30,-56,-8,-38,-33,-2,-18,-12,-12,-49,-8,-37,-23,-27,-4,-25,-36,-14,-9,-58,-25,-29,-4,-15,-20,-44,1,-33,-13,-62,-8,-115,-54,-112,-32,-81,-47,-38,-56,-54,-5,-85,-39,-33,-5,-58,-52,-22,-40,-24,-16,-54,-3,-26,-16,-21,28,-21,3,-6,7,-118,-37,-14,30,-19,-5,-24,-30,-23,16,-18,-3,-7,-12,-16,-7,-64,8,-12,-25,-50,-27,-74,-15,-15,-13,-2,-32,-12,-9,-37,-5,-22,-15,-29,7,-21,-2,-45,13,-14,-3,-29,-31,-357,-109,-143,-68,-179,-130,-173,-149,-152,-112,-159,-52,-69,-36,-33,-38,-35,5,-21,-9,-15,2,-49,22,-42,-17,-25,26,-20,9,-26,30,-17,7,-38,-7,-96,-56,-72,-23,-49,28,-51,-19,-49,-2,-41,-32,-25,-10,-7,-34,-27,-46,-36,-32,-13,-50,-20,-6,-106,39,-71,-24,-35,10,-26,-7,-78,8,-198,33,-98,-16,-91,-50,-314,69,-74,-1,-54,12,-30,-7,-54,4,-42,-35,-29,-44,-36,-99,-18,-10,-57,-15,-159,47,-29,17,-13,73,-15,20,-67,38,-69,7,-103,-12,-29,-130,51,-43,111,32,71,-44,105,-131,27,-152,65,-149,262,-109,142,37,181,-34,89,-44,77,-113,-157,-133,-94,-15,-127,6,-104,-17,-79,-44,-103,6,-88,-57,-55,-103,72,-75,-54,-112,80,-53,17,-100,-6,-109,13,-79,41,-74,112,-90,21,-51,84,-60,24,-57,-111,-180,-70,-72,-102,-152,-138,43,-131,-48,-39,-39,4,-167,75,-102,12,-27,28,-11,-12,-63,16,-20,-10,-25,5,-26,-7,-32,-29,-32,-181,-83,-70,-120,-92,-4,-63,-44,176,-71,13,-56,77,-52,62,-78,247,-140,83,-9,133,-87,41,-10,25,-66,-39,-52,23,-131,-54,-86,-81,-38,-155,0,-208,109,-31,72,-75,28,-17,23,29,78,-38,45,-302,97,-99,92,-104,-4,-87,18,-21,142,-54,57,-62,37,-69,-31,-138,-22,-23,40,-10,59,-98,167,-30,38,-1,50,-72,38,-15,61,-22,19,-29,-17,-28,16,-23,73,-22,37,3,55,-21,14,-70,10,-37,36,-20,-4,-25,-21,-31,-12,-69,83,-57,9,-54,-16,-66,25,-67,-40,-38,-3,-9,47,-41,25,-99,-12,-53,-53,-156,-17,2,-91,-99,-18,-117,-12,-34,-15,-47,-57,-87,37,-16,-14,-75,-35,-184,-39,-58,-32,-11,-26,-96,-69,-42,51,-30,8,-102,-37,-90,10,-43,-52,-67,17,-378,-261,-502,-220,-2602,-580,-8545,-1463]]]
2473499	p	2464470
2464168	p	2464470
2467920	n	10.5962,36.4988,10.9675,36.8033	[[[105962,366544,2359,-1556,54,147,65,140,232,434,310,487,379,571,218,277,96,148,-1496,841,-125,-15,-266,-54,-258,-75,-248,-95,-236,-114,-220,-132,-204,-149,-184,-165,-163,-178,-141,-190,-118,-201,-54,-121]]]
2467246	p	2464915
2473551	n	10.8398,33.64,11.0592,33.88	[[[108398,337282,10,-8,43,-63,38,-36,49,-33,14,-16,38,-15,127,-162,18,-4,37,-40,26,-81,0,-38,-12,-44,-62,-73,-7,-31,6,-55,-13,-10,1,-30,167,-142,6,19,-1,34,7,13,-2,56,12,105,19,52,65,68,23,11,3,-5,20,6,32,-7,68,44,21,2,1,-2,133,169,126,316,156,43,-31,-83,-1,-7,12,3,9,17,36,-7,47,21,16,2,10,33,45,83,63,45,167,65,572,441,-17,51,-1,43,3,7,10,-1,19,-76,0,-14,66,51,-3,-2,-14,12,-8,41,-82,98,-174,91,-201,77,-195,101,-318,244,-137,139,-1062,-1518]]]
2473483	p	2464915
2467959	n	10.8094,36.7192,11.1355,37.074	[[[108094,368500,13,-222,40,-219,4,-10,28,-16,1496,-841,42,63,147,162,207,262,69,82,81,122,74,49,29,28,97,61,36,39,90,69,103,48,61,37,56,38,15,5,87,52,55,14,64,41,93,7,20,-8,0,-1,67,22,74,84,-1,5,7,12,11,2,4,6,-4,14,14,34,25,12,-5,24,7,31,55,107,-73,92,-24,15,-87,73,-51,59,-60,62,-69,90,-46,78,-27,98,-17,214,-24,98,-64,100,-173,207,-37,69,-22,90,-98,143,-22,111,25,106,103,119,14,86,-60,115,-191,-22,-174,-36,3,-3,-13,-11,-60,-15,-10,-9,-20,4,-13,-15,-17,6,-3,-20,-18,11,-13,-1,-3,-17,-40,-11,-22,0,-11,1,1,-18,-8,-7,-70,3,2,-6,-17,-14,2,-6,-18,1,0,-15,-10,2,-11,-10,-41,-8,3,-12,-28,-15,-39,1,-8,3,-2,13,-26,-14,-13,24,-78,-30,-236,-114,-221,-132,-13,-9,5,-2,-9,-21,-20,5,-12,-8,4,-4,2,5,20,-4,-2,-9,-12,2,5,-13,-16,3,1,11,-2,-12,22,-4,17,24,39,-27,-15,-75,-14,-17,-12,2,13,-10,-7,-21,-17,-4,-33,8,-60,38,-15,1,19,-15,-14,-5,9,-18,-6,-8,-7,1,-15,-32,-42,-9,3,-9,-10,-11,15,-13,-28,-29,14,-15,-17,-4,-17,6,14,-22,-12,-8,-43,5,10,-16,-20,-16,-18,3,9,-7,-1,-10,-24,-1,-5,-15,10,-6,-10,-4,-2,-18,-35,0,-17,-15,-14,3,7,-46,-19,1,-4,-10,-40,5,-1,-7,-16,-1,-1,-9,-13,3,2,-8,-17,-15,-7,-3,-12,6,1,-20,-39,0,-13,-11,4,-10,-7,-9,-46,-35,-36,-17,-3,0,-50,-67,-118,-201,-93,-209,-67,-215,-40,-219,-13,-222]]]
2473496	r	10.8031,35.4543,11.0458,35.705	[[[108031,356977,276,-789,657,217,-3,-17,-18,-10,-5,5,-44,-35,-49,-16,-78,-2,-51,-28,22,-139,-71,-16,6,-17,-107,-20,-46,-2,-20,15,-62,-58,-1,-8,-105,-86,-2,-2,-36,-41,12,-19,7,-50,26,-32,84,71,66,-41,20,0,58,18,25,-27,22,-55,2,-79,18,14,52,71,60,47,4,13,119,110,-1,-41,46,-96,7,-34,-50,-211,11,-87,-8,-79,38,-19,106,-30,9,57,-8,46,74,18,65,26,-2,6,43,19,42,-45,42,-10,59,-43,77,-26,-15,-5,-14,10,-16,1,-17,-16,-13,-47,-38,-23,-17,-47,-19,-8,-43,17,-12,-5,15,-27,-26,-14,15,-20,-60,-57,18,-27,313,276,-28,-2,4,1,5,13,-13,4,-12,17,-40,12,-6,7,16,7,-6,12,-56,50,-13,3,-1,14,-37,48,17,7,-19,5,8,9,-2,16,-30,19,69,13,-3,14,-36,4,18,21,-1,35,14,3,0,11,-39,-4,-11,7,11,23,-6,16,-40,12,-40,-7,-13,29,-17,7,-53,-3,1,10,-13,15,15,29,-17,7,-25,-3,-20,23,16,1,27,-8,15,14,-10,42,-23,6,-1,7,25,3,-1,16,-20,10,-2,10,9,7,17,0,37,-23,17,3,-1,10,-31,9,-4,12,13,3,25,-4,10,-8,26,0,-21,20,16,4,-6,2,5,14,53,32,33,-22,49,42,3,147,-19,28,-2,20,7,3,-7,18,7,4,-20,29,-2,35,33,46,-39,31,-40,9,281,92,-40,13,-9,-7,-27,-9,-66,19,-21,14,-71,16,-43,2,-131,47,-34,-4,-24,7,-29,17,-21,-4,-28,5,-8,11,-50,13,-2,16,1,-9,-16,-12,-5,4,7,5,-10,-2,6,6,-7,-5,-3,3,30,22,-30,-20,-39,1,-31,19,-6,12,-43,11,0,-8,-8,-1,-30,13,-12,35,-11,7,-35,-1,-16,7,-28,-5,-155,51,-30,23,11,13,-6,8,4,-9,-14,-11,-8,7,8,13,-52,2,-103,59,-28,24,-13,36,-239,-73],[109182,356477,64,21,-11,-38,-34,8,-19,9],[109435,355417,9,3,-5,-5,-4,2]],[[108459,354785,26,-242,568,500,-77,3,0,26,-40,-4,-111,-55,-63,-47,-28,23,-15,-21,-29,-15,-18,-85,-10,6,-79,-25,8,-17,-75,36,-43,-32,-13,-49,-1,-2]],[[109723,356542,30,-3,31,4,29,-4,30,-23,8,1,-3,-33,15,-24,28,-6,8,-9,26,-5,20,-14,48,-15,3,-21,21,-16,58,-14,26,6,128,-16,23,4,18,-10,69,-14,7,-7,17,0,42,-32,36,-17,12,0,5,5,-7,22,-21,33,-66,59,-50,22,-51,13,-53,-1,-5,-9,-8,7,46,11,32,-5,72,-24,59,-30,9,-9,1,-1,-6,10,-290,202,-397,-37]]]
2472774	r	8.6758,36.3354,9.8641,37.1976	[[[86758,369639,41,-47,4,6,49,-3,19,19,50,4,3,8,11,-3,4,5,8,-9,57,-15,44,23,18,33,17,-2,42,19,-8,-31,5,-15,19,-9,16,0,30,9,24,20,52,9,18,-3,8,7,38,-8,14,6,20,-7,28,25,6,16,26,0,39,-30,30,-50,23,-13,28,4,-6,-9,27,-20,15,6,7,17,-11,24,-9,1,-13,-11,11,13,1,27,16,-1,23,17,17,-29,-9,-19,37,-22,-32,18,-1,-15,-14,-12,8,-10,-13,-8,-5,6,-5,-3,12,-15,10,8,27,-31,33,-13,64,-7,100,16,276,102,12,16,12,0,35,19,8,19,34,20,16,1,25,18,64,2,32,13,258,165,245,175,132,-75,45,-16,106,-68,66,-5,11,-15,38,-24,16,-39,-18,-11,-13,-33,26,-66,43,-66,25,-21,13,-73,34,-6,12,9,6,-23,-27,-14,7,-7,13,3,22,-5,8,9,24,-35,-107,-59,-5,-31,-33,-37,-28,-54,1,-51,13,-36,44,-6,37,-16,13,-18,162,-63,24,-15,75,-16,34,-30,36,-4,30,-40,27,-13,50,-62,29,0,15,-7,42,-44,33,-17,33,-2,0,-18,20,-11,11,-3,17,7,-16,-101,-34,1,-28,12,-28,-6,-15,-11,9,-43,18,-19,6,-56,20,-46,-60,-27,5,-38,-11,-24,-29,-21,-36,-2,-2,-7,-9,5,-47,-18,-12,-10,3,-7,-22,-13,-30,5,-30,-12,-11,5,-21,-7,-17,16,-8,-11,-22,7,-31,-14,-28,17,-24,0,-21,-28,-57,-21,0,-46,-49,-30,-5,-14,-23,-8,4,-6,-25,-14,3,-17,-12,-9,15,-7,-1,-20,-16,-12,-59,-10,-34,-28,-41,-102,31,-43,81,0,19,20,25,-2,-8,-40,-21,-21,28,-76,-69,-20,-112,-47,-40,-51,49,-48,242,-34,13,-30,27,-17,53,-8,11,1,9,22,32,10,45,-21,24,4,25,-7,219,14,85,-9,92,-54,25,4,2,-11,14,-7,19,3,28,-8,14,-18,44,-2,0,-29,40,-17,10,-24,9,-1,11,11,21,-6,13,-49,-15,-8,-4,-16,22,-18,4,-17,-10,-22,21,-70,6,-5,28,1,26,-46,-42,-34,20,-25,-1,-42,-23,-22,-27,1,-5,-39,-17,-25,29,-41,24,-10,-39,-23,-9,-39,16,-17,10,-42,-21,-12,33,-23,8,-16,-32,8,-18,-4,-1,-12,30,-11,1,-6,-9,-6,3,-15,-7,-11,-21,12,16,-21,-23,-12,-9,-31,9,-11,-13,-16,-26,-3,-1,-9,10,-9,-33,-4,-29,3,-8,-5,2,-21,147,-220,59,-6,10,-9,29,-7,17,-19,96,-164,4,-24,20,-24,0,-18,38,-42,44,-13,-15,-47,28,-8,17,-29,31,-28,70,-16,3,-10,-32,-41,-52,-29,51,-52,-53,-33,46,-172,34,-60,10,-36,-6,-25,8,-16,-6,-31,-87,-71,78,-141,-16,-4,-60,8,-13,-7,-24,-18,-13,-18,-2,-27,-18,-17,-14,-1,-11,-26,-45,-40,-45,-28,-23,-1,-38,-31,-1,-7,77,-27,-32,-62,-37,-50,35,-46,41,-22,-5,-27,11,-46,-40,-22,-36,-116,-38,-28,-31,18,-8,31,-33,-8,-70,4,-102,-13,12,-24,-6,-20,11,-25,51,-28,19,-16,14,-28,71,-53,48,-19,40,-3,39,-12,17,-12,68,-19,19,-12,48,-1,58,-9,33,-37,46,-27,12,1,20,-15,15,-34,26,-9,17,-19,49,-18,-3,-10,8,-1,9,-15,6,-30,-6,-14,-17,-8,-33,-40,-25,0,-10,-9,24,-9,19,-32,54,1,17,-7,52,14,28,-20,67,-23,7,-10,33,-16,13,-17,-7,-15,6,-33,31,-65,-9,-71,-17,-40,5,-10,-35,-9,28,-49,148,-31,34,10,30,14,64,57,59,33,50,15,38,29,100,21,-1,8,33,3,41,28,14,0,23,-19,17,14,17,-9,2,-6,-11,-9,5,-6,21,3,5,-10,10,0,1,-12,25,-6,-8,-8,20,-23,24,0,42,-36,54,13,11,-10,26,13,36,-15,25,4,8,-10,27,10,24,-3,21,6,51,-11,17,2,17,-10,33,1,15,-7,17,5,2,-10,9,14,28,-7,5,8,12,-6,7,4,2,-7,43,-3,37,18,-5,11,-9,2,9,12,14,-15,15,1,26,-22,17,2,13,-18,15,-2,2,-10,16,-12,11,-54,27,-43,31,-31,6,-66,7,-12,-4,-27,46,-78,54,33,-2,28,49,51,-2,38,9,18,-5,12,38,15,4,22,18,27,26,15,25,5,11,9,3,17,31,7,35,-3,3,9,20,6,13,-7,12,14,15,0,3,14,40,7,20,25,32,12,21,18,58,15,47,29,14,27,29,26,36,16,51,44,16,3,25,38,-25,71,-18,16,51,1,35,22,61,52,66,85,2,20,-25,65,15,117,38,21,79,19,83,-30,114,32,29,-13,48,56,19,-1,42,20,22,21,93,47,40,31,11,-2,35,21,39,10,41,-21,11,7,46,-4,3,-6,27,6,5,-6,9,9,29,-18,53,5,-1,-8,27,-9,1,-14,32,-33,0,-20,10,-11,36,-5,52,31,21,-2,40,28,38,6,58,26,25,-2,30,-17,20,0,7,14,20,1,9,-7,69,12,33,32,39,19,8,-12,9,0,80,-49,121,-29,60,-41,7,-50,28,-19,115,-3,51,-45,74,-17,22,-77,23,-36,9,7,61,-1,24,-11,44,-6,38,20,16,16,19,-17,96,6,85,-29,44,11,25,14,137,-9,136,-49,23,-40,7,0,-8,-17,14,-3,13,-29,16,3,19,-7,6,6,9,-16,31,164,59,10,79,42,56,19,19,24,44,25,7,16,162,52,9,-7,73,-5,41,-27,9,-19,278,102,-37,111,42,41,-68,39,102,57,25,-1,61,28,27,47,50,62,46,-28,42,-6,33,28,41,-10,30,55,50,63,4,119,24,27,105,97,36,21,21,1,99,39,60,-1,50,6,17,8,-13,18,6,5,8,43,27,26,16,32,16,47,10,66,17,19,20,69,17,12,11,21,15,5,12,14,43,17,41,13,35,-8,54,10,-1,9,54,24,-6,15,7,29,-34,99,-7,31,2,6,-2,21,-19,2,-28,23,0,37,-11,31,-52,37,-11,4,-11,4,-8,-1,-90,-28,-82,-4,-55,5,-59,16,-32,49,-41,92,16,21,9,27,37,27,-50,109,-4,3,-37,10,-35,-7,-68,-57,-115,115,61,28,52,33,25,44,1,34,-28,34,23,14,-40,61,-36,30,-78,24,-77,87,16,19,34,77,40,131,33,18,-37,40,-57,39,-19,7,-49,-3,-33,33,64,80,-60,9,-20,-5,-46,9,-107,-112,-98,-76,-11,18,-41,9,13,78,-141,60,-78,51,-22,-4,-39,51,-15,8,2,8,24,3,9,-6,-6,9,6,10,-37,21,-74,12,-11,-4,-26,8,-6,-5,-22,19,-15,6,-8,-4,-33,16,-2,9,-43,23,-5,18,-24,8,-22,-3,-66,18,-5,-5,-12,11,-46,3,-19,9,-11,-11,-12,7,-9,-10,-16,9,-17,-7,-36,9,-73,4,-26,21,-7,-4,1,5,-10,2,-25,21,-21,-4,-6,13,-18,3,-12,16,-19,5,5,9,-16,0,-10,16,-25,10,-8,12,-134,82,-21,18,-25,50,-30,27,-34,0,-38,24,-12,41,3,15,-29,26,-7,18,-12,3,-13,24,-38,21,-28,25,7,1,-2,18,-146,178,5,15,-6,23,-49,102,7,21,-68,-21,-42,-82,-28,-12,-21,-9,-19,-14,-8,-17,-13,0,-5,-9,-46,-15,-6,-17,-22,-4,-110,-60,-3,-22,-30,-64,-42,-27,-24,-49,-11,3,-3,-5,10,-6,-20,-96,5,-36,-9,-7,-41,-10,-31,6,-44,-24,-42,-38,-36,-13,-3,-7,-41,-4,-48,-14,-30,-23,5,-15,-49,-23,-40,-33,-82,-5,-12,-7,-23,5,-56,-29,-39,-2,-41,-30,-15,-3,-30,-28,-6,-16,-42,-29,-35,-49,-17,-1,-32,-18,-11,-28,-5,-60,-22,-11,-13,-27,-13,-7,-17,7,-20,-8,-29,11,-23,-16,-32,-9,-14,-17,-22,7,2,-13,-14,1,-22,-22,-34,-6,-22,-14,-4,-9,-11,16,1,26,-1,1,-16,20,-17,-4,-13,19,-23,-1,13,13,-33,13,0,10,-8,2,-5,9,10,11,-19,11,7,10,-12,2,-3,7,-27,-1,0,1,7,17,-42,16,-12,18,-24,6,-12,15,-20,-7,-20,11,-2,15,-44,20,-15,15,-57,0,-12,8,-44,6,-31,17,-27,42,-28,20,-17,26,-3,22,45,57,-10,24,12,20,46,34,30,44,-10,20,6,8,-10,30,4,19,7,17,39,13,-11,47,-9,8,6,31,-7,19,11,18,10,11,17,0,16,32,18,-1,2,35,19,32,28,36,34,16,14,18,0,15,38,68,76,25,28,19,-37,37,-26,11,20,35,-11,30,-27,4,-13,12,-54,14,-150,84,-28,45,-42,26,-17,2,-49,39,-31,9,-22,42,-12,7,-35,8,-41,-6,-11,8,-8,21,-20,15,2,18,-10,14,-18,-4,2,-12,-15,-9,-35,4,-8,-18,-11,-1,6,-18,11,-2,-9,-15,7,-8,-12,-1,7,-10,-26,-7,0,-6,11,4,5,-21,-21,-9,-6,4,-16,-6,0,-7,-22,1,-35,21,-10,16,-35,13,-10,26,-53,11,-12,9,-25,48,0,53,-8,11,-48,5,-53,-8,-55,20,-105,11,-26,21,-16,21,3,8,-53,9,-52,30,-55,19,-4,23,-35,47,32,47,37,31,48,54,17,15,28,9,-54,23,1,8,-18,12,1,7,-49,37,-25,42,-53,34,-4,22,-16,10,-44,59,-16,10,-13,17,4,7,-54,19,-37,33,-34,-4,-2,11,-14,6,-15,-7,-21,20,-15,-8,-11,5,-17,22,-6,-7,-7,2,3,16,-49,23,40,11,15,19,32,22,-8,2,24,25,10,43,-16,36,11,37,8,-2,2,48,8,5,-3,21,9,24,-8,37,-64,26,6,16,-44,16,-13,14,1,13,38,33,2,10,-21,29,9,39,-21,22,12,26,-41,26,1,31,-8,11,-65,44,-28,40,8,19,-23,7,-10,28,-22,3,-6,21,-176,47,-40,-13,-47,3,-52,-10,-94,9,-19,-5,-10,-15,-54,-32,-40,14,-117,-31,-26,1,-17,25,-47,10,-15,-22,-35,-22,-20,8,-21,42,-14,65,-21,51,-52,62,-31,22,-39,44,-82,48,-57,14,1,33,21,27,7,31,45,61,18,7,9,37,10,-1,29,38,34,17,-11,31,7,23,37,26,38,4,18,-5,51,19,32,50,24,67,-41,16,-37,1,-8,16,-10,1,-30,22,-9,15,-14,5,-52,57,-15,63,1,22,-79,66,39,18,28,-7,61,5,49,7,15,11,91,18,37,-6,26,-12,21,3,4,9,-7,3,17,1,44,24,10,37,-10,5,10,8,57,15,39,23,28,32,37,7,2,12,15,-5,15,11,11,0,23,21,53,26,28,24,-1,9,59,40,14,20,36,28,15,19,-96,-48,-798,-260,-301,-98,-106,-52,-279,-240,-98,-38,-134,-72,-80,-124,-1,0,-8,-13,1,0,-219,-338,-271,-265,-82,-66,-206,-155,-50,-18,-303,-113,-413,-281,-224,-64,-854,0,-245,-37,-163,-55],[87612,369575,8,7,5,23,6,-9,-5,-11,-14,-10],[87607,369570,-1,1,6,4,-5,-5]]]
2581754	p	2468579
2469264	p	2472706
13132710	p	2464470
2468106	p	2473496
2470191	n	10.5181,35.423,10.8468,35.7232	[[[105181,355111,122,-167,161,-178,35,-32,14,-1,4,6,-30,27,-25,6,-5,32,67,-15,25,-26,15,3,14,-20,18,18,-2,6,-19,24,-44,23,-20,67,27,21,14,25,28,6,15,34,10,6,74,-7,43,11,43,29,28,4,19,12,23,-1,21,-15,27,-2,54,-18,20,-21,41,3,27,-9,43,10,17,-11,2,-21,20,-2,8,-20,-6,-85,24,-88,37,-1,38,78,3,34,147,108,23,38,20,-94,1,-49,54,-20,7,-11,16,-6,36,3,41,-6,53,-35,1,-11,113,74,26,-29,23,-46,70,3,-5,-59,51,27,1,17,85,-25,9,7,8,29,-14,11,2,13,72,-9,70,-34,44,82,15,59,67,-3,108,-16,-46,-129,81,-33,76,-51,70,-24,61,-139,71,-8,32,-54,75,-30,-18,-29,-1,-29,60,0,-3,-76,158,15,-7,-21,35,-36,86,0,38,70,30,32,99,-30,7,51,65,-13,58,18,86,155,-55,7,-26,15,-15,28,42,41,19,36,7,30,-43,10,26,59,36,46,-114,1047,-6,-5,-26,32,-7,50,-12,19,36,41,-23,219,-276,789,-885,255,-1965,-2121]]]
2473634	n	8.4318,35.9439,8.9883,36.3607	[[[84318,361700,13,-222,41,-219,66,-215,92,-209,117,-201,140,-190,163,-178,183,-165,202,-149,219,-132,235,-114,246,-95,257,-75,265,-54,270,-32,273,-11,273,11,270,32,265,54,257,75,246,95,235,114,219,132,202,149,183,165,163,178,140,190,117,201,92,209,66,215,41,219,13,222,-13,222,-41,219,-66,215,-92,209,-117,201,-140,190,-125,136,-1575,221,-2102,294,-57,-27,-219,-132,-202,-149,-183,-165,-163,-178,-140,-190,-117,-201,-92,-209,-66,-215,-41,-219,-13,-222]]]
2473572	n	10.8187,35.2839,11.0851,35.6243	[[[108187,354007,119,-163,161,-178,182,-165,201,-149,217,-132,232,-114,245,-95,255,-75,263,-54,268,-32,270,-11,238,10,-179,184,-237,311,-50,364,122,205,-39,435,52,250,70,269,274,201,-459,117,-153,153,-83,196,-29,-10,-16,39,-73,-27,-5,9,-11,-2,-3,12,-10,1,-8,-32,-36,11,1,16,-11,3,-30,-29,-17,-7,24,-65,16,-11,-18,0,-8,-20,-36,-11,-19,8,-24,22,-67,-14,-9,-13,-31,-14,-45,-7,-19,-1,-50,16,-40,-1,-29,-23,11,-25,-16,-3,-29,18,-5,55,-24,-1,-313,-276,14,-22,56,-49,-4,-3,-49,-20,-90,-17,-51,2,-568,-500,-17,-30,1,0,-26,-61,-14,-78,-47,-16,-195,-351]],[[110453,356151,9,-35,88,29,-51,85,-1,-10,-1,13,-5,8,-8,2,-1,-12,8,-2,-8,-4,7,-4,-12,5,-15,-19,-10,-56]]]
2470088	r	8.1537,36.3063,9.0768,37.0085	[[[81537,364969,16,-27,16,-6,12,5,4,-13,11,-1,6,-42,-4,-12,-28,-24,-22,-45,47,-24,28,-32,40,-53,25,-53,39,-19,33,-27,113,2,60,13,23,-3,38,-20,12,-57,32,-30,32,-3,19,-17,30,-2,15,-12,39,11,41,-3,35,9,21,-11,24,6,1,-1,20,5,17,-18,46,-9,37,1,42,13,53,-7,11,-15,36,-11,34,-23,22,-27,18,-1,28,16,46,12,20,0,19,15,80,19,21,13,62,-33,68,9,57,-12,10,-41,23,-42,47,13,29,27,12,0,41,-19,12,8,67,-10,10,-22,-14,-7,10,-9,1,9,56,3,98,17,57,51,15,34,8,5,63,-138,20,-192,-9,-222,421,-59,10,-50,-27,-32,8,-10,-15,12,-6,-2,12,-15,-20,-25,-34,-5,12,-4,10,-17,-15,-25,-47,-29,-13,-20,-20,-7,-47,-51,-41,-17,-11,-34,45,-2,52,-13,42,4,14,-6,36,5,4,-10,33,7,21,14,64,-4,2,5,13,-4,7,6,59,1,49,9,60,-15,17,5,20,-19,13,10,18,2,5,20,20,-14,30,-13,15,0,3,-7,16,-5,62,5,11,-9,26,29,20,0,9,12,-2,13,10,-9,19,0,-3,11,17,3,5,-7,10,7,-15,19,8,42,26,11,13,26,0,30,-7,10,14,2,12,-8,9,1,3,9,13,5,13,-4,1,25,40,-1,33,18,2,-7,9,0,13,13,4698,-658,-39,30,0,28,-13,20,41,9,36,-13,16,16,-5,27,-17,11,-44,9,10,23,30,30,43,7,27,12,-12,36,14,3,19,-9,15,4,3,7,-26,30,11,24,14,2,14,-7,20,-30,17,-5,18,37,-19,13,-10,26,8,10,6,-10,27,-4,34,-34,13,-5,27,5,11,29,-31,4,-12,20,31,11,29,-29,24,2,1,26,-16,29,53,7,13,15,-31,46,-53,27,6,16,25,22,-47,23,-28,2,-4,20,-13,12,-4,17,27,61,28,40,-25,37,-32,7,-54,30,-11,47,-25,44,1,55,-33,1,-2,14,19,17,-5,19,-9,6,-31,-16,-16,1,-7,18,26,20,-19,21,-55,0,-19,34,-14,-5,-19,13,-36,3,-5,26,-25,35,-8,2,-7,-13,-40,22,-30,71,-18,22,-3,47,10,18,-1,16,-42,24,1,12,10,7,43,-1,16,20,4,22,-21,35,18,7,40,-13,-2,28,7,4,29,-13,17,8,-9,16,81,7,75,36,63,10,14,13,32,4,30,-12,78,2,24,7,53,-1,54,17,81,36,180,-19,102,13,70,-4,33,8,8,-31,31,-18,38,28,36,116,40,22,-11,46,5,27,-41,22,-35,46,37,50,32,62,-77,27,1,7,38,31,23,1,45,28,45,40,11,26,14,1,18,17,2,27,13,18,24,18,13,7,60,-8,16,4,-78,141,87,71,6,31,-8,16,6,25,-10,36,-34,60,-46,172,53,33,-51,52,52,29,32,41,-3,10,-70,16,-31,28,-17,29,-28,8,15,47,-44,13,-38,42,0,18,-20,24,-4,24,-96,164,-17,19,-29,7,-10,9,-59,6,-147,220,-2,21,8,5,29,-3,33,4,-10,9,1,9,26,3,13,16,-9,11,9,31,23,12,-16,21,21,-12,7,11,-3,15,9,6,-1,6,-30,11,1,12,18,4,32,-8,-8,16,-33,23,21,12,-10,42,-16,17,9,39,39,23,-24,10,-29,41,17,25,5,39,27,-1,23,22,1,42,-20,25,42,34,-26,46,-28,-1,-6,5,-21,70,10,22,-4,17,-22,18,4,16,15,8,-13,49,-21,6,-11,-11,-9,1,-10,24,-40,17,0,29,-44,2,-14,18,-28,8,-19,-3,-14,7,-2,11,-25,-4,-92,54,-85,9,-219,-14,-25,7,-24,-4,-45,21,-32,-10,-9,-22,-11,-1,-53,8,-27,17,-13,30,-242,34,-49,48,40,51,112,47,69,20,-28,76,21,21,8,40,-25,2,-19,-20,-81,0,-31,43,41,102,34,28,59,10,16,12,1,20,-15,7,12,9,-3,17,25,14,-4,6,23,8,5,14,49,30,0,46,57,21,21,28,24,0,28,-17,31,14,22,-7,8,11,17,-16,21,7,11,-5,30,12,30,-5,22,13,-3,7,12,10,47,18,9,-5,2,7,36,2,29,21,11,24,-5,38,60,27,-20,46,-6,56,-18,19,-9,43,15,11,28,6,28,-12,34,-1,16,101,-17,-7,-11,3,-20,11,0,18,-33,2,-33,17,-42,44,-15,7,-29,0,-50,62,-27,13,-30,40,-36,4,-34,30,-75,16,-24,15,-162,63,-13,18,-37,16,-44,6,-13,36,-1,51,28,54,33,37,5,31,107,59,-24,35,-8,-9,-22,5,-13,-3,-7,7,27,14,-6,23,-12,-9,-34,6,-13,73,-25,21,-43,66,-26,66,13,33,18,11,-16,39,-38,24,-11,15,-66,5,-106,68,-45,16,-132,75,-245,-175,-258,-165,-32,-13,-64,-2,-25,-18,-16,-1,-34,-20,-8,-19,-35,-19,-12,0,-12,-16,-276,-102,-100,-16,-64,7,-33,13,-27,31,-10,-8,-12,15,5,3,5,-6,13,8,-8,10,14,12,1,15,32,-18,-37,22,9,19,-17,29,-23,-17,-16,1,-1,-27,-11,-13,13,11,9,-1,11,-24,-7,-17,-15,-6,-27,20,6,9,-28,-4,-23,13,-30,50,-39,30,-26,0,-6,-16,-28,-25,-20,7,-14,-6,-38,8,-8,-7,-18,3,-52,-9,-24,-20,-30,-9,-16,0,-19,9,-5,15,8,31,-42,-19,-17,2,-18,-33,-44,-23,-57,15,-8,9,-4,-5,-11,3,-3,-8,-50,-4,-19,-19,-49,3,-4,-6,-41,47,-547,-181,-186,-63,32,-265,-9,-120,34,-103,205,-252,1,-1,-4,-27,10,-21,-38,-22,-6,-46,61,22,15,-9,23,-1,34,-12,43,-53,-9,-121,-179,-103,-693,-225,-344,-57,-374,21,-387,-38,-309,-123,-64,-159,234,-99,2,-25,-10,-43,7,-9,-11,-17,59,10,15,-7,12,-25,72,-5,27,14,144,-146,-86,-351,-228,-351,-225,-200,-1210,-592,-646,-196,-8,-4,-280,-144,-74,-73,-162,-159,-14,-239,-1,-6,-10,-6,-27,-2,-30,-18,-23,-1,-14,11,-28,-6,6,-17,-21,-5]]]
2465840	r	8.9209,34.2647,10.0636,35.4953	[[[89209,348102,223,-351,35,-81,9,-39,45,-91,83,-55,171,-179,121,-94,58,-31,79,-85,43,-22,21,-3,47,16,117,-25,55,-46,50,-19,15,-13,14,-39,15,-8,30,1,40,-10,67,-1,87,-46,16,-13,11,-63,17,-7,51,82,58,10,7,64,16,41,29,31,61,30,99,35,16,1,50,-11,61,-29,55,-15,14,5,30,44,23,14,109,23,68,-15,47,35,13,5,30,-8,47,31,8,-11,-14,-31,4,-33,-28,-36,374,-130,56,131,264,23,52,-1,19,-34,77,-40,66,-55,117,-58,75,-58,62,-82,-11,-25,0,-24,29,-13,4,-11,25,-14,8,-13,70,-54,-1,-12,-72,-68,-29,-67,22,-48,-15,-24,-4,-41,12,-40,20,-14,2,-23,14,-6,8,-12,-20,-6,-41,-137,-37,-44,-45,-82,-11,-8,-5,-34,-69,-149,42,-19,17,-21,96,-63,61,52,28,16,139,52,34,-141,164,-10,-68,-76,57,-27,24,-27,141,42,42,30,153,80,24,-45,-65,-39,-3,-35,-13,-18,-14,-6,-5,-36,-55,-64,-6,-28,6,-25,-11,-25,53,-46,-8,-14,-48,-43,-40,-13,-2,-14,-28,-40,-137,-105,-24,-63,122,-13,41,-60,45,3,41,-5,21,50,29,34,23,14,73,30,81,-2,118,-24,82,-8,58,-30,211,-9,3,-9,-19,-35,4,-18,49,-33,21,-34,29,-9,41,-32,43,-7,83,-2,53,-16,177,13,4,-77,10,-10,10,-33,29,-17,10,-37,45,-33,29,-4,32,-18,17,-22,35,-16,9,-17,31,-11,42,-41,47,-10,6,-8,166,-517,20,-126,382,-96,152,-26,-57,-83,-37,-30,-126,-54,-2,-11,82,-330,36,-36,-34,-96,-18,-79,-2,-41,0,-29,9,-23,61,-105,-33,-131,99,14,198,3,289,50,465,66,418,46,156,-11,2,0,53,-4,184,-24,58,-7,31,-5,53,-7,123,-24,-31,52,-17,13,-23,34,13,16,-5,43,-60,58,-33,43,-33,93,-13,63,-52,43,-24,32,-78,50,-58,47,22,19,8,22,30,11,43,-8,41,13,50,24,5,19,46,10,52,-12,146,31,45,37,60,16,25,27,6,34,15,11,98,6,117,58,65,-10,62,24,53,-16,51,27,80,-40,139,37,45,31,86,0,25,43,38,3,69,104,101,61,51,55,22,42,28,89,30,31,5,34,24,42,59,38,67,8,21,18,26,7,20,24,31,16,-4,26,7,5,-18,32,-1,34,-22,26,-8,23,15,63,-9,68,7,29,69,55,18,-41,46,-52,50,-79,53,-33,65,27,14,16,50,20,83,50,24,50,92,83,23,3,28,16,16,20,40,11,67,37,10,18,15,6,18,18,10,53,33,11,77,-45,254,206,141,151,127,34,-372,94,-532,29,7,19,21,15,41,13,37,23,12,23,-18,61,-27,16,-8,22,-16,15,-37,87,-72,29,-86,54,-168,52,-175,110,-127,40,-73,21,-77,-23,-32,-18,-30,1,-41,-16,-43,118,-54,30,202,175,80,79,-188,89,-29,21,79,175,23,14,72,10,91,-5,21,9,6,13,-12,27,-77,98,-2,17,41,152,59,115,88,144,-5,109,-57,31,11,166,120,-4,142,53,8,66,-3,48,16,104,25,72,59,126,78,241,31,63,-58,34,237,407,147,143,154,106,10,55,23,34,117,320,54,107,199,368,146,178,-4,170,-226,66,-329,156,14,12,24,-4,35,28,24,45,-116,18,71,137,-109,134,-79,47,29,48,53,139,-53,93,0,22,-18,44,-31,20,13,39,16,16,21,2,-29,117,-8,79,27,81,-13,10,59,68,8,25,-39,24,-59,13,-11,13,-66,29,-109,99,-23,54,-8,44,3,55,-24,33,-3,15,-113,41,-58,12,-29,-50,-50,-38,-70,-21,-212,-38,-56,-49,-21,1,-6,-9,-81,-32,-36,-1,-24,8,-36,1,-2,-14,-14,-6,-15,-23,-26,-7,16,-30,19,-9,3,-16,-26,-44,-41,-15,-2,-8,-44,2,-20,-18,-311,52,-101,6,-103,-4,-276,101,-144,-8,-118,-13,-47,4,-61,25,-93,-20,-185,94,-7,-17,-298,126,-3,11,-20,6,-24,32,-29,60,-7,96,11,95,-89,61,-82,-19,-14,8,7,3,-3,6,-19,-4,3,8,-10,0,-10,12,-40,11,0,7,-35,5,-16,14,-24,6,-28,58,-10,-1,-4,17,-14,13,2,9,-15,1,-7,10,5,6,-18,1,-17,24,-17,-1,0,7,-21,-3,8,12,-5,12,-25,11,-1,6,-35,11,-25,-6,-32,16,-15,-14,-7,13,-28,-10,-14,15,-41,6,6,10,-21,15,-5,-10,-19,9,-37,-9,-28,20,-3,-9,-18,3,-29,29,-21,3,6,17,-8,9,3,11,-46,60,-16,-2,-32,11,-82,43,-61,-53,-78,-31,-48,-60,-21,-7,-16,5,0,17,-37,10,-11,-4,-53,24,-4,14,-15,5,3,21,-33,23,-10,56,-15,13,9,19,-33,33,3,11,-19,10,-5,30,-14,0,-10,19,-1,32,-11,8,-16,50,-37,46,-13,48,22,8,20,27,-9,4,3,10,-10,7,-3,25,-15,9,-16,28,-21,7,-22,21,18,18,0,12,13,6,-33,74,-172,50,-147,27,-199,82,-162,33,6,43,62,27,5,45,15,5,7,26,17,9,22,29,19,65,47,24,81,16,178,125,-1,2,-2,4,-2,6,-36,20,-6,35,48,25,-27,6,-12,16,-45,33,1,5,-19,1,7,5,-6,5,-22,7,-1,10,-23,9,-21,56,8,111,-37,62,-4,27,14,26,-3,29,25,10,25,28,0,22,-6,13,-14,34,-103,38,-126,78,-21,159,-50,-22,-43,-48,-36,-14,-58,-2,-206,21,-17,0,-51,18,-51,4,-11,7,-40,58,-125,0,-17,-3,-31,-37,-35,-24,-36,-3,-71,-19,-38,-15,-11,-15,-36,-3,-20,-12,-21,-29,-62,-1,-156,-19,-17,1,-8,11,0,-10,-11,-7,-15,-8,-39,1,-4,1,-2,-1,-5,0,-6,-4,-3,-2,-2,-3,-7,-6,-46,-70,-16,-10,-37,-18,-225,-85,-4,-1,-33,-24,-5,-3,-44,-47,-23,-19,-14,-10,-50,-27,-24,-20,-20,-16,-77,-38,-152,-93,-211,-141,-82,-82,-148,-124,-99,-162,-21,-24,-70,-129,-221,-345,-24,-50,-78,-96,-6,-26,-21,-26,-5,-38,-6,-13,-14,-5,-5,-35,-15,-22,0,-68,155,-132,21,-14,18,-12,14,-10,67,-25,40,-14,26,-14,10,-5,34,-18,108,-80,35,-45,6,-29,-2,-21,-1,-9,144,-50,94,-8,10,-1,23,-10,121,-53,35,-9,27,-7,135,-72,19,-25,32,-24,24,-13,50,-28,-100,-70,-22,10,-206,-99,-24,-7,-16,-4,101,-147,41,-43,3,-69,7,-29,1,-3,4,-19,1,-30,-14,-67,3,-40,-31,-19,-44,-63,-23,-41,0,-5,-1,-30,19,-19,3,-3,15,-27,19,-12,12,-8,5,4,10,-22,4,-9,85,-69,30,-34,46,-11,116,-47,74,-30,27,-15,64,-34,35,-9,33,-9,16,-10,26,-40,20,-13,19,8,31,-56,43,-27,25,-34,33,-23,-314,-367,-147,-211,-59,-40,-57,-9,-12,1,-25,3,-16,6,-7,4,-18,-5,-40,8,-68,-31,-17,2,-32,31,-4,4,-37,4,-48,-33,-30,-20,-21,0,-49,23,-1,-1,-19,-3,-36,-25,-15,-10,-36,-48,-23,-1,-65,-20,-4,0,-29,1,-90,22,-43,30,-41,1,-38,-10,-5,-4,-7,-5,-15,-11,-68,-6,-24,-26,-6,-25,-54,-41,-53,-22,-61,-49,-40,5,-55,7,-89,-18,-24,12,-37,-5,-2,0,-37,9,-57,-75,-19,-34,-12,-63,-26,-26,-44,-80,-144,-14,-115,-30,-85,-55,-53,-18,-56,1,-19,-15,-6,-36,-72,-76,-14,-63,-52,-8,-57,38,-36,3,-3,-75,11,-26,-11,-12,1,-10,24,-15,5,-37,-23,-33,-88,-36,-11,-18,53,-149,-35,-65,-4,-38,34,-12,74,-11,49,10,29,-2,35,29,36,-15,55,14,-2,-20,11,-19,32,-4,17,-11,5,-15,1,-42,-6,-16,-34,-32,-13,-33,-2,-7,-11,-10,-44,-11,-48,-25,-103,-84,-239,-80,-168,-87,-135,-81,-36,6,-54,-52,-39,-22,-26,-9,-1,0,-192,6,-85,-18,-52,-15,-55,-33,-63,-48,-34,-38]]]
2464648	r	7.4798,33.0784,8.6481,34.5324	[[[74798,338939,51,-389,136,-550,70,-172,287,-466,102,-519,86,-256,636,-927,766,-1119,150,-392,1,-42,14,-1325,153,-468,257,-237,368,-94,415,-33,-96,215,-173,347,-125,288,-37,107,-35,185,-46,144,-286,38,-166,473,40,500,542,140,566,179,615,367,856,585,341,222,639,500,523,361,797,576,393,145,475,221,65,25,347,231,799,617,148,190,390,220,347,229,258,182,159,158,205,283,217,259,252,214,85,178,96,177,-4,102,-73,2,-30,21,0,21,-19,6,-30,-3,-3,19,-28,-5,-50,7,-46,-2,-47,-16,-30,1,-13,-6,-12,7,-16,-7,-15,7,-82,-8,-17,-8,-16,3,-26,-8,-19,2,-15,-11,-10,4,-19,-11,-11,5,-13,-6,-26,3,-25,-12,-16,10,-16,0,-33,-16,-19,7,-26,-9,-47,6,-30,-5,-11,5,-5,-7,-14,10,-15,1,-5,-7,-41,16,-58,-12,-162,4,-66,29,-23,2,-18,13,-66,-5,-40,8,-43,-11,-70,7,-17,-5,-34,18,-37,7,-47,-9,-43,4,-17,-10,-51,13,-29,-6,-21,-14,-21,7,-21,-11,-27,9,-58,-1,-31,-16,-26,3,-42,-7,-38,6,-31,-5,-18,-10,-28,9,-78,-19,-76,9,-17,-9,-36,10,-121,-28,-21,-17,-15,0,-44,-20,-46,-38,-32,1,-46,25,-73,3,-38,-8,-56,6,-61,-29,-13,0,-63,4,-2,13,-23,27,-16,51,-11,3,-14,28,-13,5,-6,-4,-6,7,-5,6,-1,17,-22,31,-10,35,19,33,-27,20,-4,20,-10,11,5,19,13,3,15,29,14,4,-3,101,55,86,-3,12,-20,19,-6,38,-90,37,-29,19,-12,22,-4,124,-11,50,2,21,29,29,4,15,-13,109,-15,11,-29,0,-123,-19,-113,-32,-41,-2,-60,-26,-7,20,-54,10,-605,228,-696,265,-25,175,-179,267,-117,148,-598,424,-158,136,-47,110,26,72,148,218,125,142,54,49,87,142,95,80,-92,125,-59,23,-22,29,45,83,114,146,74,82,122,245,214,564,29,38,-25,-3,-37,-33,0,-11,-22,7,-36,-6,-17,-22,-37,-14,-39,-44,-3,-30,-18,-16,13,-29,-108,15,-49,-20,-15,2,-44,28,-11,-9,-67,5,-31,14,-1,-14,18,-21,1,-10,-30,1,-54,-45,0,-20,-55,-17,14,-25,-14,-23,10,-15,-171,-27,-44,2,-75,-10,-250,-211,-68,-142,-53,-15,-16,3,-3,8,-67,-11,-94,-29,-132,-59,-30,-5,-129,14,-28,-13,-27,0,-8,-7,-3,-24,2,-31,-18,-17,-21,-11,-70,-5,-6,-16,-18,-4,2,-16,-19,-15,-19,-2,3,-17,-14,-4,-3,-14,-27,-8,19,-21,-9,-24,44,-11,-41,-28,-43,-12,-45,-1,-3,-21,-11,-7,-24,3,-51,-12,-80,14,-22,-20,-20,-4,-24,2,-10,8,-28,-1,-36,14,-32,-2,-47,-35,-6,-16,-28,-5,-61,-37,-35,6,-69,-21,-87,1,-17,18,-30,9,-74,40,-107,37,-22,-13,-196,-351,-376,-1183,-90,-163,-125,-126,-189,-83,-614,-82,-22,-3,-388,-162,-274,-236,-245,-270,-404,-347,-217,-188,-138,-270,-31,-737,-208,-1004]],[[78578,331882,142,-41,1107,-673,195,-84,204,-54,210,-12,209,40,223,-115,117,-154,177,-5,9,78,2,136,-104,51,-78,26,-104,44,-37,23,-199,69,-69,35,-69,12,-33,34,-59,12,-568,231,-72,20,-65,30,-93,30,-114,47,-51,35,-43,3,-358,145,-42,12,-123,10,-187,4,-127,11]]]
2469274	p	2464470
2465030	r	8.9244,35.4773,9.8595,36.4653	[[[89244,364402,42,-24,1,-16,-10,-18,3,-47,18,-22,30,-71,40,-22,7,13,8,-2,25,-35,5,-26,36,-3,19,-13,14,5,19,-34,55,0,19,-21,-26,-20,7,-18,16,-1,31,16,9,-6,5,-19,-19,-17,2,-14,33,-1,-1,-55,25,-44,11,-47,54,-30,32,-7,25,-37,-28,-40,-27,-61,4,-17,13,-12,4,-20,28,-2,47,-23,-25,-22,-6,-16,53,-27,31,-46,-13,-15,-53,-7,16,-29,-1,-26,-24,-2,-29,29,-31,-11,12,-20,31,-4,-11,-29,-27,-5,-13,5,-34,34,-27,4,-6,10,-8,-10,10,-26,19,-13,-18,-37,-17,5,-20,30,-14,7,-14,-2,-11,-24,26,-30,-3,-7,-15,-4,-19,9,-14,-3,12,-36,-27,-12,-43,-7,-30,-30,-10,-23,44,-9,17,-11,5,-27,-16,-16,-36,13,-41,-9,13,-20,0,-28,49,-37,15,-21,27,-5,80,6,5,-9,-8,-8,-41,-8,-21,-17,-4,-41,9,-4,36,7,4,-14,36,-30,6,-13,41,10,48,-86,-2,-13,40,-10,14,-12,-6,-41,27,-20,-10,-16,16,-21,-2,-24,51,-28,-29,-4,-1,-12,20,-12,29,-37,44,-12,5,-34,32,-15,3,-18,-8,-20,19,-5,-4,-25,11,-9,-2,-22,14,-8,3,-9,83,10,58,-13,53,3,42,-19,74,13,6,7,37,-8,51,5,34,-78,-62,-51,-28,-95,50,-28,8,-40,35,6,15,-31,59,-18,11,-22,10,-3,-8,-45,-172,-146,8,-9,-6,-5,21,-12,2,-36,-24,-45,8,-40,-40,-37,3,-68,-5,-4,14,-41,19,-19,1,-45,61,-91,-794,-4320,31,-17,41,5,21,14,23,-8,50,7,74,22,11,-11,48,-9,23,7,10,-17,21,-7,25,-23,21,3,29,-28,73,1,-21,-10,-11,-19,-22,-13,-44,-6,-8,3,-19,6,-12,-26,-23,-4,-3,-6,-4,-7,-33,-1,-34,-37,-7,-9,-21,2,-1,0,-10,-10,-32,-4,-19,-2,-5,-6,-6,-7,0,-1,2,-9,-13,-8,-11,-7,-1,-5,0,-8,-16,4,-4,2,-32,-12,-18,9,-5,-1,-6,0,-9,-1,-36,-49,119,11,59,-13,20,-6,12,-4,37,-12,87,-73,27,-10,-2,-7,-16,4,-24,-16,-35,3,-64,-13,29,-160,17,-32,27,-20,6,-40,8,-9,26,-7,-1,-11,-27,-8,-3,-16,29,3,32,-18,71,3,79,-6,14,-9,23,3,47,-22,59,17,65,-1,76,34,47,3,1,7,49,-57,1,-27,20,-43,36,-25,48,-11,62,-29,3,-8,59,-14,21,5,16,-9,0,-13,15,-7,0,-17,42,-33,-2,-23,14,-28,6,14,-6,10,18,16,-7,6,44,40,-10,27,34,32,44,10,24,15,3,16,10,5,-3,12,-10,6,5,6,-7,21,12,8,29,2,4,4,-11,6,5,6,63,-5,22,10,9,3,45,-64,78,-66,33,-40,17,-3,32,7,12,13,0,14,21,17,25,11,33,2,10,0,3,4,3,4,15,0,2,1,3,11,28,8,20,-4,19,-15,12,-1,5,0,13,-17,28,-9,15,-5,7,-6,4,-3,33,1,5,-15,77,50,-11,-19,-18,-32,-14,-52,4,-12,24,-2,53,-4,52,-33,26,-33,63,-40,-18,-28,-68,-65,5,-42,-5,-10,21,-14,-23,-33,-22,-9,11,-68,-9,-19,5,-15,-14,-6,4,-7,102,-53,57,-13,11,13,70,-16,-1,-25,69,-50,24,-55,111,-7,43,34,26,-10,21,16,107,13,229,61,7,-37,8,1,5,-10,34,-18,-6,-5,13,-9,-33,-13,-9,-31,-8,-4,8,-4,-5,-36,14,-26,-5,-20,58,-17,53,1,29,26,24,0,26,14,42,1,19,-45,28,-14,34,-59,45,-7,21,-14,3,-46,19,-28,93,-14,26,-12,13,-47,-10,-51,28,-42,35,-22,13,-22,-9,-10,-39,-9,-23,-13,-1,-8,29,-31,9,-24,35,-42,28,-12,63,9,8,-11,17,-1,156,19,62,1,21,29,20,12,36,3,11,15,38,15,71,19,36,3,35,24,31,37,17,3,125,0,40,-58,11,-7,51,-4,51,-18,17,0,206,-21,58,2,36,14,43,48,50,22,-217,92,-9,34,1,74,-40,48,-36,116,-20,17,15,31,-96,27,-26,21,-46,17,-66,49,-72,5,-70,15,-10,66,10,24,24,27,29,7,28,-18,10,0,34,11,8,-5,10,9,32,-3,5,11,15,4,-2,6,10,-6,2,12,17,-3,3,11,15,2,31,86,-4,46,-62,-45,-62,-13,-15,5,-59,38,-5,29,-18,-1,-17,11,-7,14,5,8,-27,18,-36,-8,3,25,-18,11,2,19,-12,13,9,19,-9,1,-1,16,6,2,-10,13,0,21,-91,30,-34,1,-28,-4,-30,-15,-15,3,-103,143,-24,58,-2,39,-82,82,-53,27,-104,88,-57,30,-91,73,-117,27,-11,15,-25,84,-62,55,-42,25,-48,72,-82,68,-25,14,-64,85,-6,45,2,17,45,130,11,17,53,42,118,13,97,-14,109,-75,225,-123,178,5,73,33,75,-30,99,-71,123,-38,17,-16,58,-16,29,25,47,-7,74,45,32,51,27,15,0,12,33,4,31,62,54,11,17,-3,6,31,17,-12,2,-16,11,-11,19,4,48,-8,-2,13,11,3,5,-6,21,11,4,8,-10,2,7,5,16,4,22,-18,10,0,21,10,6,19,30,0,3,18,-25,20,0,31,15,17,61,26,75,2,2,17,-20,11,1,19,30,-20,30,30,15,-1,27,16,144,-20,29,8,33,0,37,-13,18,2,61,33,56,9,14,-4,18,-41,15,-4,15,9,27,40,-26,15,-9,13,9,17,30,8,63,1,17,16,43,19,-1,29,-24,20,3,22,-14,24,-36,17,-18,1,-6,9,-26,11,-8,-9,-111,20,-11,15,-18,7,-7,12,-33,11,-54,36,6,13,-37,31,-13,35,3,29,-17,29,-13,16,-104,71,14,10,77,1,172,-11,-12,5,-13,20,-15,4,-1,14,-14,2,-20,17,-42,14,79,100,32,55,-6,93,104,72,0,18,-14,0,0,15,8,25,11,2,19,15,4,13,6,-2,-4,35,7,-2,-9,6,6,14,-9,3,0,21,8,7,8,-1,-83,72,52,58,-1,8,-15,8,-10,29,-18,1,-28,21,-49,2,-41,15,-51,28,-25,27,-34,14,-7,58,-17,18,-1,94,-18,126,-13,25,39,59,198,-1,65,20,23,27,12,46,27,23,65,18,25,15,8,19,120,71,126,60,172,116,55,65,54,36,17,22,59,40,73,28,12,30,72,36,68,58,32,68,109,51,-9,86,101,72,48,52,125,58,68,57,74,28,144,103,106,44,80,51,78,134,156,67,257,197,15,207,8,28,28,-25,12,-23,94,-37,103,-29,68,-8,120,14,28,4,29,20,40,16,176,-173,6,-97,13,-34,4,-185,10,-29,139,88,-6,51,12,49,162,1,-1443,2364,89,44,-81,169,7,22,178,160,202,66,15,74,-8,18,-8,80,34,128,-27,71,-3,61,-17,48,-22,30,100,28,-6,10,5,18,-8,15,-26,21,-33,12,-19,75,-23,36,1,19,38,22,-20,8,-7,20,-17,11,4,6,40,-1,6,46,-5,9,-58,35,-30,5,-8,9,23,4,22,21,-45,-4,-39,10,-291,-106,-9,19,-41,27,-73,5,-9,7,-162,-52,-7,-16,-44,-25,-19,-24,-56,-19,-79,-42,-59,-10,-31,-164,-9,16,-6,-6,-19,7,-16,-3,-13,29,-14,3,8,17,-7,0,-23,40,-136,49,-137,9,-25,-14,-44,-11,-85,29,-96,-6,-19,17,-16,-16,-38,-20,-44,6,-24,11,-61,1,-9,-7,-23,36,-22,77,-74,17,-51,45,-115,3,-28,19,-7,50,-60,41,-121,29,-80,49,-9,0,-8,12,-39,-19,-33,-32,-69,-12,-9,7,-20,-1,-7,-14,-20,0,-30,17,-25,2,-58,-26,-38,-6,-40,-28,-21,2,-52,-31,-36,5,-10,11,0,20,-32,33,-1,14,-27,9,1,8,-53,-5,-29,18,-9,-9,-5,6,-27,-6,-3,6,-46,4,-11,-7,-41,21,-39,-10,-35,-21,-11,2,-40,-31,-93,-47,-22,-21,-42,-20,-19,1,-48,-56,-29,13,-114,-32,-83,30,-79,-19,-38,-21,-15,-117,25,-65,-2,-20,-66,-85,-61,-52,-35,-22,-51,-1,18,-16,25,-71,-25,-38,-16,-3,-51,-44,-36,-16,-29,-26,-14,-27,-47,-29,-58,-15,-21,-18,-32,-12,-20,-25,-40,-7,-3,-14,-15,0,-12,-14,-13,7,-20,-6,-3,-9,-35,3,-31,-7,-3,-17,-11,-9,-25,-5,-26,-15,-18,-27,-4,-22,-38,-15,5,-12,-9,-18,2,-38,-49,-51,2,-28,-54,-33,-46,78,4,27,-7,12,-6,66,-31,31,-27,43,-11,54,-16,12,-2,10,-15,2,-13,18,-17,-2,-26,22,-15,-1,-14,15,-9,-12,9,-2,5,-11,-37,-18,-43,3,-2,7,-7,-4,-12,6,-5,-8,-28,7,-9,-14,-2,10,-17,-5,-15,7,-33,-1,-17,10,-17,-2,-51,11,-21,-6,-24,3,-27,-10,-8,10,-25,-4,-36,15,-26,-13,-11,10,-54,-13,-42,36,-24,0,-20,23,8,8,-25,6,-1,12,-10,0,-5,10,-21,-3,-5,6,11,9,-2,6,-17,9,-17,-14,-23,19,-14,0,-41,-28,-33,-3,1,-8,-100,-21,-38,-29,-50,-15,-59,-33,-64,-57,-30,-14,-34,-10,-148,31,-28,49,35,9,-5,10,17,40,9,71,-31,65,-6,33,7,15,-13,17,-33,16,-7,10,-67,23,-28,20,-52,-14,-17,7,-54,-1,-19,32,-24,9,10,9,25,0,33,40,17,8,1,13,5,1,-6,30,-9,15,-8,1,3,10,-49,18,-17,19,-26,9,-15,34,-20,15,-12,-1,-46,27,-33,37,-58,9,-48,1,-19,12,-68,19,-17,12,-39,12,-40,3,-48,19,-71,53,-14,28,-19,16,-51,28,-11,25,6,20,-12,24,-180,19,-81,-36,-54,-17,-53,1,-24,-7,-78,-2,-30,12,-32,-4,-14,-13,-63,-10,-75,-36,-81,-7,9,-16,-17,-8,-29,13,-7,-4,2,-28,-40,13,-18,-7,21,-35,-4,-22,-16,-20,-43,1,-10,-7,-1,-12]]]
2468018	r	7.7326,32.5026,10.0117,34.1854	[[[77326,333747,166,-473,286,-38,46,-144,35,-185,37,-107,125,-288,173,-347,128,-284,50,12,119,-4,89,-7,-2,0,127,-11,187,-4,123,-10,42,-12,358,-145,43,-3,51,-35,114,-47,93,-30,65,-30,72,-20,568,-231,59,-12,33,-34,69,-12,69,-35,199,-69,37,-23,104,-44,78,-26,104,-51,-2,-136,-28,-250,-1,-85,19,-29,190,-169,83,-83,125,-101,67,-64,64,-31,435,-449,-81,-205,785,-1032,135,-320,136,-1405,96,-1033,117,-330,13,-12,241,-223,1,-15,8545,1463,2602,580,502,220,378,261,67,-17,43,52,90,-10,102,37,30,-8,42,-51,96,69,11,26,58,32,184,39,75,35,16,14,87,-37,47,57,34,15,117,12,99,18,-2,91,156,17,53,53,99,12,41,-25,9,-47,38,3,67,40,66,-25,54,16,57,-9,69,-83,31,12,25,21,20,4,37,-36,70,-10,21,-14,-3,-55,22,-37,23,-73,28,-16,29,17,22,-19,15,-61,72,-38,1,-50,30,-38,98,-167,10,-59,23,-40,138,22,69,31,62,-37,54,-57,21,-142,87,-18,104,4,99,-92,302,-97,38,-45,-29,-78,17,-23,75,-28,31,-72,208,-109,155,0,81,38,54,86,-23,131,39,52,-25,66,-41,10,-133,87,-83,9,-247,140,-62,78,-77,52,-13,56,-176,71,63,44,92,4,70,120,181,83,29,32,7,32,-5,26,10,25,-16,20,12,63,-28,11,-12,27,-75,102,-4,167,39,39,131,48,138,-43,102,152,70,72,111,180,-24,57,-84,60,-21,51,-112,90,-41,74,-13,79,6,109,-17,100,-80,53,54,112,-72,75,55,103,88,57,103,-6,79,44,104,17,127,-6,94,15,157,133,-77,113,-89,44,-181,34,-142,-37,-262,109,-65,149,-27,152,-105,131,-71,44,-111,-32,-51,43,29,130,103,12,16,25,70,35,-54,162,89,583,-54,235,31,279,-27,7,-24,16,-14,54,-52,15,-36,22,-20,21,-418,-83,-316,62,-357,103,-177,138,-238,172,-423,355,-315,404,-266,232,-116,335,-17,25,-53,51,10,55,-23,92,-61,132,-42,33,-36,13,-101,31,-73,6,-24,8,-63,51,-48,24,-128,39,-59,68,-84,48,-14,75,-51,38,-149,47,-65,70,-97,63,-61,21,-23,45,-46,18,-13,32,-52,5,-50,38,-61,-14,1,13,28,21,69,2,12,21,24,10,106,-41,45,-7,146,5,126,109,34,63,-26,80,109,185,14,40,-1,49,22,19,6,21,59,34,63,17,82,69,46,65,32,81,24,31,112,38,60,4,34,11,32,-3,26,20,-77,14,-164,2,-113,19,-51,-12,-111,-76,-93,34,-195,163,-22,108,48,193,-79,13,-113,-66,-148,-4,-413,-52,-36,47,-62,325,-22,68,-20,52,-66,104,-106,63,-81,34,-143,33,-290,55,-57,5,-48,-6,-89,35,-80,24,-28,23,-113,255,-57,367,-224,316,-393,660,-241,588,56,1026,-9,66,30,35,68,113,-1,58,31,19,39,10,65,39,5,23,-45,51,53,14,33,38,42,5,3,24,15,22,54,40,38,-3,57,48,81,-1,42,11,8,-7,37,-10,37,44,37,20,1,14,17,27,-5,40,5,8,45,10,53,24,23,19,46,3,27,14,39,-5,-349,100,-25,-1,-10,9,-49,9,-9,6,0,16,-23,56,-102,39,-23,-1,-75,25,-40,1,-47,23,-282,441,-239,-136,-329,-17,-116,-35,-183,-12,-40,-13,-87,38,-63,-17,-135,-10,-71,-44,-89,-12,-93,-35,-60,-41,-53,-1,-34,-10,-50,-38,-43,-18,-20,-28,-82,-19,-29,-21,-34,-11,-56,-31,-25,0,-42,-31,-60,-24,-71,-1,-43,-24,-159,-42,-32,1,-27,-7,-60,8,-134,-15,-44,-14,-85,-4,-61,-15,-62,-1,-30,-10,-62,-6,-356,40,-59,20,-32,3,-70,-23,-65,21,-54,5,-100,-20,-54,4,-25,-5,-20,7,-66,3,-63,-13,-53,6,-4,-12,9,-14,-2,-29,8,-19,-7,-2,-9,-28,10,-30,-12,-21,12,-12,-16,-15,1,-26,-49,-31,-51,-17,-112,-8,-95,10,-65,-13,-48,11,-120,-32,-43,14,-67,1,-84,21,-161,5,-38,9,-142,-8,-86,-31,-95,3,-35,18,-28,-13,-23,-25,-179,-26,-65,-24,-45,9,-47,18,-69,0,-80,-18,-18,-22,-30,-14,-61,-9,-71,-39,-60,-127,4,-154,-96,-177,-85,-178,-252,-214,-217,-259,-205,-283,-159,-158,-258,-182,-347,-229,-390,-220,-148,-190,-799,-617,-347,-231,-65,-25,-475,-221,-393,-145,-797,-576,-523,-361,-639,-500,-341,-222,-856,-585,-615,-367,-566,-179,-542,-140,-40,-500]]]
2464041	n	9.861,36.1739,10.3801,36.5458	[[[98610,364000,13,-222,40,-219,67,-215,92,-209,117,-201,141,-190,163,-178,184,-165,203,-149,220,-132,235,-114,247,-95,258,-75,266,-54,271,-32,273,-11,273,11,271,32,266,54,258,75,247,95,235,114,220,132,203,149,184,165,163,178,80,108,0,986,-127,-9,-120,199,-7,96,-65,68,-13,24,-24,19,13,25,1,23,-17,57,14,5,0,12,19,2,1,8,-22,23,-8,24,7,13,-3,20,47,41,3,29,17,16,-1,17,-15,24,3,15,-43,49,-5,31,33,25,3,16,34,42,3,27,-24,49,4,11,-57,83,-37,16,-11,14,-3,29,42,154,31,17,73,8,-38,92,-4238,206,-27,-24,-163,-178,-141,-190,-117,-201,-92,-209,-67,-215,-40,-219,-13,-222]]]
