5128581	r	-74.8368,40.2198,-73.3964,41.3274	[[[-748368,408600,9,-203,26,-201,43,-200,61,-198,77,-194,94,-189,102,-173,457,26,-37,-77,-69,-173,-54,-177,-39,-179,-23,-181,-8,-181,3,-78,131,-24,2469,-448,967,-820,-1,-3,4,1,2,-1,36,10,35,-5,28,-12,66,-6,65,-52,-4,-16,-13,-11,-13,1,-21,-23,-21,-1,-13,-8,520,-442,167,-952,-261,-547,2905,-637,735,-28,22,71,122,533,75,475,15,670,-48,346,-35,200,-104,189,-286,123,200,-394,29,-192,73,-141,-50,-54,-393,192,-876,237,-260,24,-512,-68,-73,17,-15,3,-160,90,-344,81,-132,231,-132,142,2,1,129,75,57,84,40,234,0,13,-6,138,115,112,160,35,113,56,25,76,39,120,57,425,35,28,57,-39,90,89,58,40,40,5,201,-23,250,305,219,264,46,-22,-290,-411,-31,-115,111,-11,203,52,147,44,67,145,55,54,-142,60,322,-136,162,-55,232,385,28,180,30,123,64,263,-28,3,5,17,22,71,64,119,63,-32,86,119,-65,26,13,16,65,-25,70,96,-61,25,361,584,24,49,342,680,104,404,6,189,1,33,6,222,-142,857,39,437,-12,178,-144,148,-200,110,-108,164,-71,134,-74,338,-46,82,-28,85,30,142,61,84,99,79,187,110,22,-201,-84,-163,-35,-169,165,-218,329,-226,119,-102,98,-156,106,-343,37,-378,-2,-367,-227,-79,8,-124,40,-149,2,-204,-39,-193,-2,-67,-25,-153,-26,-72,-196,-571,114,-33,-150,-275,92,-52,39,-130,-66,-118,-104,-208,-65,-104,0,-78,55,-130,330,-9,278,79,363,-9,320,23,-74,129,-148,130,29,229,53,90,118,13,117,-5,54,42,13,44,331,-86,127,75,-265,275,5,32,62,67,1,10,350,293,96,60,121,18,217,0,26,40,9,10,-1010,107,-34,178,-84,-8,-1,-17,-48,-57,7,-28,-35,-35,5,-13,-65,7,0,319,15,25,16,9,31,43,40,28,32,47,-2,14,23,-4,-55,78,37,49,31,26,39,17,18,-5,4,6,-12,19,1,4,-1,1,2,4,0,3,1,0,3,5,14,0,18,36,-9,54,19,0,3,13,6,1,2,3,-2,17,7,2,4,20,-20,52,-57,38,-33,44,-172,26,-3,2,0,2460,-115,77,-29,2,-256,7,-256,-7,-255,-19,-253,-31,-249,-45,-246,-56,-239,-69,-234,-80,-226,-92,-217,-102,-209,-114,-198,-123,-187,-133,-175,-142,-15,-15,218,-416,-102,13,-228,17,-229,6,-229,-6,-228,-17,-93,-12,0,554,-274,20,-276,7,-276,-7,-275,-20,-273,-35,-269,-47,-264,-61,-259,-74,-251,-87,-244,-99,-235,-111,-204,-111,95,-151,-98,-17,-255,-59,-249,-71,-242,-84,-235,-96,-226,-107,-216,-118,-206,-128,-194,-139,-182,-148,-169,-156,-155,-165,-141,-172,-125,-179,-110,-185,-94,-189,-77,-194,-61,-198,-43,-200,-26,-201,-9,-203],[-742563,407133,1,1,37,24,-38,-25],[-741641,406901,7,-2,-5,2,-2,0],[-741177,407122,53,57,17,-33,91,60,-151,-100,22,-40,-32,56],[-740472,406909,12,2,21,-9,3,-14,-12,-2,-15,7,-9,16],[-740407,407002,22,-11,1,-4,-15,-1,-8,16]],[[-742529,405074,21,-60,78,-20,146,29,193,72,167,20,125,84,167,75,152,72,83,0,58,-19,318,219,485,481,-79,119,-104,87,-27,107,32,40,-17,64,-36,43,-68,8,-138,-60,-130,-57,-158,-43,-275,40,-173,59,-115,-60,-94,-91,-26,-155,-35,-278,-36,-151,-57,-96,-115,-72,-141,-52,-88,-87,27,-119,-5,-104,-89,-40,-46,-55]],[[-740400,406198,100,-143,251,-83,68,-76,-26,-63,-110,-40,79,-87,157,-12,465,52,94,31,58,60,146,0,142,-4,57,-64,141,52,-57,183,-94,139,16,93,83,82,58,43,84,40,172,36,220,51,142,-32,173,-75,173,-92,94,-56,26,-48,-74,-79,-136,-103,-607,-194,-890,-254,0,-135,424,127,845,290,446,59,120,-30,37,-9,450,-29,88,1,14,0,10,0,39,1,4,0,544,7,556,8,63,87,-308,9,-313,3,-360,4,-368,3,-5,151,151,113,279,45,125,-80,-6,-91,-84,-51,115,-24,95,35,162,95,661,236,566,58,207,29,751,101,-616,2068,-960,144,-277,301,-387,-85,-207,-318,61,-310,12,-59,-72,-70,-58,69,-64,77,-89,183,-309,99,-149,-5,-111,-118,-18,-107,327,-101,35,-117,-61,-117,-116,-54,-72,64,-76,129,-104,102,-157,-15,-88,-228,142,-187,-24,-65,-50,-137,-215,211,-441,52,-378,-210,-94,59,-168,-24,-215,88,-216,-156,-266,-299,-26,-185,-99,-160,-110,-41,-103,-48,-71,-37,-42,-60,-136,-123,27,-131,-110,-155,-120,-103,-42,-191]],[[-740169,406993,147,47,264,100,35,132,1,135,258,365,130,200,-67,167,13,143,91,156,130,195,-13,118,-100,24,-48,-87,-64,-146,-478,-755,-162,-228,-88,-259,-49,-307]],[[-735741,405751,999,225,778,176,-43,145,0,-1,-431,-107,-331,-77,-895,-209,-77,-152]]]
5368361	r	-118.6682,33.6595,-117.674,34.3769	[[[-1186682,341768,96,0,0,-73,43,-1,0,-37,88,0,-1,-37,36,0,23,-29,-16,-8,0,-15,27,9,64,-72,9,6,10,-7,13,-31,140,0,0,20,502,-191,-344,-559,64,-11,-684,-347,243,-21,276,-7,59,31,127,3,81,-26,120,46,34,-8,-29,-516,127,-10,39,-34,157,155,198,246,39,-22,314,-232,18,-23,-566,-300,40,-49,101,-88,148,-205,77,-139,22,-26,686,10,52,-115,3,-7,147,-314,100,-217,2,-4,25,-73,58,-81,-4,-183,-7,-21,-790,9,-130,-132,858,7,-99,-59,-7,-69,-125,-72,-58,-102,48,-99,76,-94,6,-25,248,143,530,169,20,-17,21,-11,27,2,1,48,19,0,2,9,0,2,65,56,123,31,2,-129,-12,-3,5,-29,17,4,14,-44,-24,0,0,-27,-28,-92,26,-4,0,-22,71,0,9,-28,-81,0,-6,-15,9,-24,-8,-70,-26,5,0,-5,-62,0,-1,-42,-11,0,-4,-11,11,-12,4,-40,-19,-5,19,-5,0,-33,-13,0,-11,-9,-1,-17,-75,0,-53,-87,-287,-472,171,-101,263,-39,449,39,197,117,175,155,449,0,263,10,130,18,309,434,21,-11,41,71,132,-62,15,170,90,49,-3,61,-14,38,-34,53,9,65,31,52,383,325,-42,174,0,34,-8,0,-7,28,14,47,-26,0,-3,15,355,602,228,73,234,-124,37,0,0,36,270,0,-2,5,20,15,-3,6,12,2,7,-9,19,7,26,-4,-1,51,88,0,1,7,17,-33,9,1,-8,9,7,34,-26,0,-1,90,89,0,0,-35,20,0,0,-37,66,0,0,-90,24,1,10,-12,172,55,262,222,113,251,-197,175,-100,255,75,-11,69,8,-11,13,0,76,46,0,14,41,-26,16,-43,-33,-41,-20,-11,14,-22,-2,-13,29,-32,-10,-30,45,136,282,9,4,36,2,45,-18,43,53,-33,41,-28,-3,-1,10,-21,1,3,18,5,12,14,-6,6,37,-3,4,28,57,8,1,12,-19,26,5,0,-14,29,-4,-4,27,-31,7,-9,16,-18,-2,-4,2,31,64,-432,313,-400,509,0,2174,-1089,-142,-1152,35,-235,70,-1274,-871,-528,-362,-258,-463,-504,-417,-558,531,-652,0,0,-374,-867,184,-8,-61,-37,-4,-22,10,-47,8,-1,-20,0,-125],[-1183984,340229,10,6,102,59,-112,-65],[-1183089,337416,48,0,0,-18,19,-6,0,10,-13,0,0,14,18,0,0,18,23,0,0,7,14,0,-1,-7,13,0,0,-47,-120,1,-1,28],[-1182987,337977,107,27,11,-23,5,-5,-123,1],[-1182308,342071,11,-4,-10,3,-1,1],[-1182272,338001,32,59,1,-2,-33,-57],[-1182252,338112,9,-18,3,-30,-12,48],[-1181761,339180,7,-3,61,-29,-68,32],[-1181445,340600,40,21,-38,-21,-2,0],[-1179930,339499,19,13,52,33,51,33,-122,-79],[-1178914,340136,49,0,-3,-34,23,-1,44,13,-7,-72,-19,-1,1,32,-46,3,-1,-11,-13,-1,-28,72]],[[-1186681,341950,96,0,0,13,-95,20,-1,-33]],[[-1180174,338172,1,-72,55,1,-1,10,21,-2,13,4,-1,5,57,1,-29,18,81,1,0,9,22,0,0,9,123,1,-5,-9,42,-8,-7,0,0,-38,17,0,0,9,6,-8,15,1,4,20,2,-16,39,6,0,-11,38,0,1,16,88,-16,2,-35,-42,-1,0,-37,219,1,0,-27,42,1,0,-18,-41,-1,1,-63,64,0,0,19,21,1,-1,17,45,0,-1,27,45,1,0,-27,64,1,2,-37,21,0,1,-36,45,0,-1,18,42,0,-1,18,90,-1,1,-23,62,18,-43,42,63,0,0,-25,79,-6,25,65,69,134,72,211,13,15,55,63,-21,9,93,44,8,-17,49,15,86,3,16,-43,38,-8,-35,-30,39,-18,25,5,3,-12,12,-3,-1,-9,34,-17,11,1,4,4,-8,17,13,4,-6,14,50,-7,25,12,4,-20,26,13,27,-2,20,15,17,-11,33,11,23,-26,27,1,16,-8,22,6,3,-9,40,0,19,-11,28,0,0,-14,48,-5,7,-13,7,5,13,-7,39,18,49,2,24,19,22,-5,15,-23,-9,-15,6,-4,-10,-9,20,-16,136,-16,148,174,6,-9,28,33,17,-2,21,-5,9,-20,20,-14,10,-66,10,-14,-3,-35,19,0,40,-30,9,7,-4,21,7,15,-7,17,13,16,1,-20,20,-13,0,-11,18,-20,25,-3,-2,-8,9,-6,6,24,25,1,16,27,1,18,13,9,-28,23,15,16,9,33,25,20,3,16,-33,26,1,17,20,8,-10,5,6,7,-6,4,13,10,9,33,16,-11,8,15,22,-15,-12,-12,18,-12,2,-2,9,10,46,6,7,6,-6,28,-21,15,2,14,-7,5,1,16,7,2,9,-3,-3,-7,15,2,-7,-17,23,-23,-11,-11,11,-4,9,9,17,-9,13,13,-19,13,-18,2,11,26,45,-10,-11,24,51,-11,-3,65,9,2,-81,11,-25,13,-37,17,-11,2,-53,-1,-31,-2,-10,-3,-34,-21,-14,-5,-4,-3,-98,-35,-2,0,-3,-1,-99,11,-12,1,-5,0,-125,38,-63,-5,-19,27,-25,13,8,20,25,12,0,14,-33,-17,-100,-28,-99,-17,-31,-20,-56,-59,-4,-1,-2,-3,-8,-3,-19,-9,0,3,-37,-12,-54,-3,-9,34,-22,-1,-11,7,-11,14,4,9,-32,19,-1,4,-46,33,-6,-4,-7,5,-17,-23,-76,-16,-10,6,-29,-7,-13,-26,2,-56,-50,-1,0,-10,-48,1,0,12,-30,-1,-1,22,-57,-1,0,39,-282,6,1,-10,-25,-5,5,-33,48,12,8,-18,-43,-11,-3,10,-42,-11,4,-9,-11,-3,6,-17,11,3,6,-18,-162,-41,17,61,-60,-1,0,-17,-43,0,0,-16,-37,0,-51,-21,-44,0,-2,90,-41,-5,0,5,-87,-1,1,-86,-482,-3,-68,21,-5,-21,-13,0,-66,35,-10,-4,-8,4,0,-37,43,1,1,-72,22,0,0,-19,-22,0,1,-54,-53,-2,-4,-36,-162,-1,0,-19,-43,0,0,-4,-12,-1,1,-12,-34,0,1,-16,-21,-1,0,-22,-11,0,0,-17,-23,-1,0,-18,-2,0,-3,-19,22,-1,-3,15,13,4,0,-18,28,2,1,-12,-52,-17,13,-8,1,-20,-27,0]]]
5110302	p	5128581
4887398	r	-87.9891,41.2221,-87.0866,42.2747	[[[-879891,416070,657,-873,611,-2327,72,-12,249,-31,250,-19,252,-6,252,6,250,19,249,31,245,43,241,55,235,66,80,28,40,-711,281,-49,307,-38,309,-23,311,-8,311,8,309,23,307,38,193,34,-33,313,-317,3027,-95,0,0,2,1,465,-5,0,-2,370,14,-17,-118,1130,1998,1465,1570,1151,-2499,-334,34,153,23,175,8,176,-8,176,-23,175,-39,174,-53,171,-68,169,-83,165,-98,160,-111,155,-124,150,-137,143,-149,136,-161,129,-172,120,-182,112,-192,102,-200,93,-41,17,-2597,-773,-181,-39,-130,-434,-859,-819,-14,-1,-11,52,-72,-1,-2,-144,-3,177,-18,30,-48,1,0,-126,-11,0,0,-9,-95,1,0,-11,-23,11,-16,0,8,-9,1,-100,-20,0,4,-69,-179,-9,1,-101,-8,0,-1,-19,9,0,2,-128,-28,0,0,-19,-37,-1,10,-13,-41,5,63,-13,5,-3,-367,-350,0,-470,335,-306,3,-66,-92,-940,376,-445,5,-103,-718,-1433]]]
5133273	p	5128581
4699066	r	-96.0248,29.1995,-94.9207,30.2261	[[[-960248,296200,8,-220,25,-220,41,-217,57,-215,73,-211,89,-206,104,-201,118,-194,133,-187,147,-179,160,-171,172,-161,184,-150,194,-140,205,-128,214,-117,222,-104,229,-91,236,-77,241,-64,245,-50,249,-36,250,-22,252,-7,252,7,248,22,0,-610,203,-17,161,-5,176,467,165,-103,230,-125,238,-112,246,-98,253,-83,259,-69,263,-53,267,-39,219,-19,988,2512,-23,34,37,0,408,1039,205,-170,39,37,-56,44,77,-34,0,-81,-8,-5,103,18,10,7,1,24,-21,23,7,5,-67,73,-1,26,20,10,111,-114,56,105,52,-56,29,12,33,2,66,20,30,2,38,-12,-8,-5,3,-9,27,4,6,-11,17,-2,19,-23,131,43,110,35,18,11,14,23,3,-3,34,57,84,16,16,-3,0,13,4,-13,20,0,2,91,-28,2,-7,-46,-36,-9,-14,81,5,11,-19,14,14,13,-6,9,22,18,12,-2,4,14,59,1,-2,-27,212,120,479,8,15,0,-8,13,38,28,20,23,-3,13,-10,22,-8,-2,-4,3,-8,7,-33,50,-45,29,2,-2,-31,20,-4,-1,47,-29,66,-76,-111,-3,2,-65,-8,-25,-278,-5,9,21,-53,0,-21,13,-6,-3,4,-24,-55,-1,-88,-48,3,-5,-36,-3,-37,7,1,10,-27,14,-122,90,7,7,-19,2,69,29,-28,51,-94,-40,-26,20,129,52,-13,42,-158,-63,-141,113,217,92,-32,117,39,1,7,-8,0,-87,251,2,9,-44,77,27,-72,-25,-10,50,-247,-2,-1,81,-9,11,-46,-1,-251,918,26,12,30,28,20,35,45,25,27,24,23,33,14,37,20,7,72,-41,24,-32,14,-43,39,-69,36,-42,45,-36,1,0,49,-27,63,-23,146,-19,26,-13,12,-22,-5,-63,8,-55,20,-44,33,-40,113,91,-14,21,-2,19,5,71,2,28,-20,49,-33,40,-41,29,-15,6,-31,12,-153,19,-70,29,-44,43,-4,4,-39,97,-45,57,-25,24,-74,44,-59,20,-67,1,-67,-22,-44,-35,-35,-71,-58,-35,-11,-14,-83,300,73,30,123,41,-116,-38,-80,-32,-161,588,1992,938,60,210,38,219,12,222,-12,222,-38,219,-61,215,-86,209,-109,201,-131,190,-151,178,-171,165,-189,149,-204,132,-219,114,-230,95,-239,75,-247,54,-252,32,-254,11,-174,-7,-77,-44,-1124,-2143,-125,47,-501,88,62,-109,27,-80,-46,-25,23,-31,30,31,58,-178,7,-149,32,-56,45,-190,2,-84,-50,-97,-318,-37,-2,116,42,6,0,-27,21,0,-1,27,63,8,-52,214,-93,-1,0,18,-63,-1,0,-42,-163,-2,-2,4,-12,142,8,0,-1,21,-6,0,-2,8,1,-8,-6,0,-14,61,-73,-2,0,-8,38,-32,12,-19,-49,0,0,15,-12,6,-5,0,-1,-21,-65,0,1,-80,55,-3,1,-13,64,1,1,-94,-22,0,-1,46,-12,-1,-14,-11,1,-15,16,0,0,-20,-32,-1,0,7,-30,-36,-153,-2,1,-20,-10,0,0,-6,10,0,0,-33,146,2,0,-30,24,-1,52,16,89,2,2,-103,53,1,-7,-109,0,-5,-748,-89,-78,-80,-2,144,-136,-1,102,-180,-63,-65,-14,0,0,-15,-237,-243,-43,26,-36,11,-40,2,-27,-10,-56,-7,-196,133,28,-20,-17,-25,1,-82,50,-4,-6,-102,7,-114,-20,0,0,-78,-39,0,0,51,-49,0,0,-82,-22,58,-116,102,-13,-11,1,-59,-77,-1,0,-17,-72,0,-1,10,-121,65,-1,43,14,0,0,19,-29,0,-1,16,-114,-1,1,-123,-11,0,-5,-55,-48,-3,0,-5,-13,0,0,-8,-22,0,0,-14,-44,0,-10,-53,-162,0,-8,4,0,29,-40,0,0,-28,-708,1,675,-2,0,-20,-36,0,1,-34,36,0,45,-36,14,-51,-1,-36,-92,0,0,15,-32,-1,1,-26,-59,0,0,-38,-28,0,0,-19,-82,0,0,-12,-110,-1,0,-47,24,1,0,-85,-35,0,0,-7,-1295,-141,-1551,-169,-58,-113,-89,-206,-73,-211,-57,-215,-41,-217,-25,-220,-8,-220],[-955633,298451,1,55,16,-3,0,16,20,1,0,-17,107,0,0,-47,-3,-4,-141,-1],[-953559,299398,34,0,-33,-61,-1,61],[-951549,295605,45,-46,-19,-10,-19,4,-6,5,-1,47],[-951531,295515,49,-49,-48,-6,-1,55],[-950893,297576,27,-20,-7,-7,-9,6,-10,7,-1,14],[-950803,297608,12,12,12,-7,-12,-13,-12,8],[-950784,295611,26,-22,-10,4,-16,18],[-950782,297639,12,6,-2,7,16,3,3,-14,-8,-1,2,-8,-16,-2,-7,9]],[[-956256,299946,8,-7,10,9,19,-17,9,14,35,18,29,-25,30,25,295,2,0,-8,21,-13,16,12,28,-25,74,-104,-8,0,8,-11,-13,-2,19,-15,5,4,36,-66,-2,-21,11,-3,-11,0,-1,-17,23,1,9,-26,17,6,0,-6,25,0,1,5,13,-7,-87,-1,1,-83,93,0,0,-26,-28,8,32,-12,-30,-27,39,1,0,23,15,-4,0,-49,17,0,0,-12,28,1,1,-112,245,-1,-49,86,-1,1,-154,272,-28,1,1,-21,-16,1,0,-14,-25,0,1,-18,-28,0,-6,-26,-34,20,-1,33,-42,1,-1,18,-12,-5,-17,27,14,5,0,97,-29,-8,1,-11,-26,0,-1,-7,-76,106,-38,34,12,2,-1,6,-13,3,9,1,-1,5,-13,-1,-7,9,22,2,-7,30,-21,-2,-7,12,19,3,-1,29,-9,0,-1,-19,-10,0,0,-11,-20,-1,-141,226,-80,145,-64,72,-35,63,359,4,17,0,223,203,-80,69,102,56,75,59,-26,-13,-50,-46,-104,-55,78,-70,-223,-201,-417,-6,42,0,12,-32,30,-44,63,-69,128,-227,-32,-2,1,-36,48,3,2,-5,-21,0,1,-30,16,10,12,-20,13,6,-12,-8,14,-33,7,0,0,-7,26,0,24,-32,-22,-18,15,-29,-203,-1,0,6,-15,7,-8,-13,-64,-1,3,9,-8,8,45,45,11,28,0,33,12,0,0,11,-13,0,-1,27,29,2,0,17,-28,0,-14,-17,11,-1,-2,-80,-14,-24,-39,-39,-6,-19,-64,-5,-9,7,-9,-7,-13,11,-18,-26]],[[-954348,300701,48,-248,0,2,15,9,3,-4,17,14,-10,23,-1,23,-25,0,-17,33,19,10,-11,14,12,7,-9,51,48,6,-32,45,62,37,-42,60,-23,-9,40,-56,-67,-36,-22,6,-5,13]],[[-950394,296356,8,-25,31,-184,159,0,11,1,117,2,-116,-1,-1,10,-161,-3,-36,200,-12,0]]]
5308655	r	-112.8693,33.0143,-111.2506,34.0928	[[[-1128693,337532,536,-328,0,38,686,0,0,-128,173,0,0,128,174,0,0,-128,173,0,0,-73,86,0,0,-73,87,0,0,274,-35,0,0,20,22,0,0,25,-22,0,0,98,261,0,0,-143,-140,0,0,-129,608,1,0,-506,-191,-1,-82,-13,-225,-19,-102,13,-40,-3,-54,-28,-115,-116,-4,-7,4,-2,4,7,117,117,53,26,37,1,100,-14,230,20,88,14,180,1,0,-71,-174,0,0,-145,-173,0,0,-145,-152,0,1132,-692,89,-179,400,-2,2,-144,61,0,40,23,1,19,16,9,-34,21,19,-1,1,9,13,-13,10,7,-26,22,34,3,-26,14,1,14,27,-16,0,14,9,-9,13,3,8,25,95,1,0,-110,61,-1,15,-32,-167,-1,-1,-73,-171,-1,0,-144,173,0,-1,-36,33,0,0,-23,17,0,0,19,36,1,1,-32,-54,-1,0,-18,-31,0,0,-200,85,0,0,72,85,0,0,-36,-7,-4,8,0,1,-722,-75,0,24,-47,51,-6,0,-2,-50,6,31,-61,19,-1,-19,0,16,-31,91,-182,-1,-76,-76,0,-5,-80,-86,0,-4,-64,36,0,2,-145,68,0,0,-73,-20,0,1,-46,12,-3,-9,-8,0,-10,-90,-5,1,-181,-119,-1,-54,8,1,-50,173,1,1,-66,85,0,-4,-291,-160,0,-1,-66,-96,0,1,66,-88,0,1,-145,347,-3,1,-288,170,1,0,-75,-83,-1,1,-70,-87,0,0,-127,342,3,-2,125,-84,1,1,139,6,4,-7,0,1,145,84,0,1,-145,264,1,2,-26,15,-1,2,-32,28,0,3,-53,27,0,1,-33,37,-1,0,-31,43,0,-1,-38,29,0,2,-76,-110,0,0,-291,171,1,1,-146,-85,0,0,72,-175,1,1,-75,88,1,-3,47,215,-158,0,-32,46,0,0,-73,133,-1,-1,37,-9,0,-1,25,48,0,0,-133,19,0,143,-108,118,0,19,-40,-78,0,96,-71,0,-71,50,0,66,-138,0,-9,4,0,36,-75,-126,-1,0,-69,84,0,0,-74,-85,-1,2,-70,87,1,-1,-295,252,3,0,56,48,0,1,-20,-20,0,0,-36,63,1,0,35,85,0,0,-35,255,1,1,143,131,1,-1,144,45,-1,0,-144,44,0,0,-73,43,1,1,-72,84,0,0,142,9,0,0,436,-9,0,-2,144,12,3,-1,208,58,145,67,-90,161,-188,174,-179,188,-169,53,-42,3542,419,661,1085,0,-15,10,0,8,19,67,0,0,36,-61,0,11,19,8,0,0,12,4,6,38,0,0,55,87,2,0,15,-12,0,0,8,12,0,0,10,26,0,-2,43,39,0,1,72,-66,-2,1,2,424,438,168,-1,1,133,8,0,0,-133,509,-4,-1,282,-186,-2,-4,5,0,5,78,-1,0,71,16,0,0,74,10,37,86,0,-2,239,1271,1312,89,72,1,0,1442,1156,-138,257,-173,272,-193,261,-214,251,-202,206,1450,819,-76,119,-256,345,-282,331,-308,315,-332,297,-354,278,-374,259,-395,237,-315,164,-2670,-2395,0,98,-523,-1,0,129,44,0,0,70,43,1,0,72,22,0,0,36,22,0,-1,39,-87,6,37,64,22,-6,95,148,-35,13,-20,-38,-32,-13,-5,-13,-9,0,-17,-49,-25,-3,-10,87,-44,76,0,247,-521,0,0,-795,69,0,42,27,36,12,26,1,1,-111,-348,-1,-1,-66,-19,-4,-5,-13,7,-21,-25,-20,-7,7,22,13,0,10,-23,1,-21,11,34,1,16,9,-79,4,-22,-10,-2,6,-60,0,-10,-73,-55,8,-41,-9,-231,0,1,-36,21,0,1,-36,-22,-1,0,1,-55,0,0,-10,33,-1,0,-26,-55,0,-1,34,-10,2,0,-17,-11,-19,-74,0,0,68,63,7,1,33,-66,0,-130,-1,-1,-35,-43,0,0,33,-524,0,0,-142,-194,-1,0,36,-67,-1,-1,20,-40,7,0,11,-45,-1,-1,146,-174,-8,0,221,-173,1,0,-147,-220,-2,-51,149,-15,0,5,-70,-11,-3,-41,22,-18,-4,3,417,64,0,-6,53,-11,14,6,32,-5,43,-47,0,0,31,54,0,3,-28,30,0,0,55,-18,0,0,18,18,0,0,129,-24,0,-9,-57,-141,0,-1,73,87,0,1,54,0,19,43,0,0,36,22,0,0,36,-66,-1,-1,38,-511,0,-1,-46,-171,-1,-1,-181,-2,-214,131,-1,0,33,43,0,1,-36,-175,2,0,-339,-1,592,-433,-1,39,44,38,19,-11,498,-537,-4,0,-20,-75,3,-7,-91,-102,-31,2,-12,-176,-6,4,-141,-694,1677,-228,-32,-356,-69,-350,-89,-342,-108,-334,-127,-322,-145,-311,-161,-297,-179,-283,-195,-267,-209,-250,-224,-232,-237,-213,-249,-193,-261,-173,-270,-151,-280,-129,-287,-99,-274],[-1122210,338401,-76,29,5,0,71,-29],[-1126813,337389,0,143,87,0,0,146,87,-1,0,181,43,1,0,72,-44,0,1,182,87,0,0,-724,-261,0],[-1123753,332035,1,122,49,-98,-1,-25,-49,1],[-1123751,331890,0,72,46,0,3,-42,21,1,2,41,24,0,56,-111,-24,1,0,38,-22,0,1,-39,-23,1,0,38,-84,0],[-1123665,331454,0,145,86,0,0,73,42,-1,0,-37,44,1,0,-1,1,-36,16,0,62,-129,-87,-1,0,-14,-164,0],[-1123450,331380,0,37,43,0,-1,39,37,-76,-79,0],[-1123023,330581,0,71,34,-71,-34,0],[-1122867,337799,113,1,3,-264,11,0,1,-46,-92,223,-1,17,-6,0,-29,69],[-1122556,337048,47,0,2,-14,62,0,0,14,17,0,0,-12,52,-1,-1,-67,-23,-4,1,-20,21,0,0,-55,-86,1,-1,-40,44,0,0,-27,-11,1,0,-8,-28,1,-46,109,42,0,0,36,-56,-1,-36,87],[-1122526,338268,150,2,-3,7,39,61,23,85,-40,-152,194,-1,0,-38,83,-1,0,-36,-87,1,1,72,-360,0],[-1122375,336926,84,0,0,-37,-67,-1,0,10,-16,-1,-1,29],[-1122338,338053,163,-3,-21,-45,19,43,-161,5],[-1122331,336666,24,1,-22,-36,-2,35],[-1122317,338423,11,8,9,-1,-20,-7],[-1122290,336696,0,9,5,0,-5,-9],[-1122268,336736,0,6,13,24,2,3,-15,-33],[-1122266,337736,0,4,56,-28,-56,24],[-1122266,337741,0,2,14,10,1,26,0,-26,-15,-12],[-1122227,336799,2,7,0,-7,-2,0],[-1122210,337712,35,-64,32,-34,-36,26,-31,72],[-1122207,336816,3,148,117,-1,-116,0,-2,-147,-2,0],[-1122204,337912,12,22,-4,71,5,-71,-13,-22],[-1122035,337613,6,-636,-2,0,0,-14,-1,0,-3,650],[-1121694,336390,0,5,1,-4,9,-67,-10,66],[-1121506,338838,0,9,25,0,0,10,10,0,0,-18,1,-11,-32,0,-4,10],[-1120998,337056,0,9,11,0,5,18,11,0,0,9,-11,0,0,7,68,0,0,12,11,0,1,17,74,1,2,-53,-11,0,0,18,-11,0,0,-36,-34,-1,0,18,-22,0,1,18,-11,0,0,-9,-23,0,-1,-28,-22,0,0,9,-22,0,0,-9,-16,0],[-1120998,337156,0,95,1,5,338,3,1,-58,-171,2,3,-71,-65,-2,-2,36,22,0,0,9,-22,0,-6,9,1,-10,-11,0,0,10,-6,0,1,-27,12,0,1,-9,-13,-1,1,-17,-46,0,-1,17,-22,0,0,9,-16,0],[-1120824,337076,0,18,19,0,0,-18,-19,0],[-1120766,337002,0,18,23,0,0,-18,-23,0],[-1120573,337126,86,0,1,-139,-85,-3,-2,142],[-1120335,337005,0,14,22,0,0,-15,-22,1],[-1119956,337302,0,163,44,0,0,17,1,-8,6,0,0,8,35,0,0,-26,-20,0,0,-23,-11,0,0,9,-11,0,-1,-30,39,0,4,8,0,-9,196,1,0,26,-20,0,0,118,43,0,0,-36,44,0,0,182,174,0,1,145,-95,-1,-30,-12,-7,2,35,11,53,1,-1,72,22,0,0,-36,108,0,1,-327,-43,0,-1,-11,0,-62,44,0,-1,-72,-260,-1,-1,-144,336,-5,-337,2,0,148,-163,-1,-10,-8,0,6,-65,0,0,-35,22,1,0,-55,-6,0,6,-36,-43,0,-1,18,-87,0],[-1119956,337736,0,47,22,0,0,-9,22,0,0,18,21,0,0,18,22,0,0,-35,33,0,-6,-2,6,-17,11,0,0,19,43,-1,-22,-1,0,-17,11,0,0,-12,-15,-25,-23,1,-11,-19,-28,0,0,36,-86,-1],[-1119956,337792,0,18,22,0,0,-18,-22,0],[-1119891,337420,0,8,11,0,0,-8,-11,0],[-1119847,337828,0,6,15,0,0,13,50,0,0,-18,11,0,0,-18,-54,-1,0,18,-22,0],[-1119782,337629,0,74,22,0,0,17,-22,0,0,36,11,18,76,0,0,-54,-54,0,0,-17,98,-1,0,-55,-22,0,0,18,-22,0,0,-36,-87,0],[-1119782,337763,0,11,7,0,-7,-11],[-1119607,337846,0,1,30,-8,-30,7],[-1116347,332962,319,328,-1,-156,58,1,0,-67,-57,-1,-3,-107,-16,0,0,-37,-132,-1,-167,1,-1,39]],[[-1127177,336605,53,-32,0,33,43,-1,-1,37,44,0,0,181,-86,1,0,-146,-44,0,1,-73,-10,0]],[[-1124962,334648,131,0,0,36,21,-1,0,36,17,0,-17,1,0,18,-11,0,0,18,-11,0,0,35,-65,0,0,-35,-21,0,0,-35,-44,0,0,-73]],[[-1124962,334865,171,1,0,71,-4,-20,-31,0,0,20,-136,0,0,-72]],[[-1124864,334377,77,-153,0,24,171,-1,-1,217,-247,-87],[-1124787,334267,0,16,16,0,0,-16,-16,0]],[[-1124787,334502,86,0,-1,73,45,-1,0,36,15,0,-27,10,-98,-3,0,-24,-20,0,1,-9,19,4,1,-13,-1,-36,-19,0,-1,-37],[-1124712,334588,0,5,9,0,0,-5,-9,0],[-1124669,334593,0,9,10,0,0,-9,-10,0]],[[-1124787,334648,20,-2,66,0,-1,55,-85,1,0,-54]],[[-1124701,334175,85,0,0,35,-85,0,0,-35]]]
4560349	r	-75.6031,39.5671,-74.5678,40.3461	[[[-756031,399800,0,-2,2114,-1402,152,54,176,33,615,234,243,-76,66,8,178,24,207,92,83,-10,40,6,-3,-50,46,-41,115,62,72,58,48,21,65,10,307,14,56,7,40,18,38,40,29,44,30,58,27,83,-2,-11,66,0,19,11,25,1,23,-24,-9,-27,24,32,3,-33,-18,0,-11,-13,30,-13,3,-14,24,-1,-38,-21,-146,-133,-148,-90,-166,37,-54,-52,-14,1,-13,-8,-240,-52,-58,-20,-304,-109,-170,-27,-222,-11,-28,-5,-398,-71,-564,-194,-3,-2,729,-483,127,-158,464,-704,1077,140,3652,-1360,145,40,260,95,246,114,230,132,212,149,193,165,171,178,147,190,123,201,96,209,70,215,42,219,14,222,-14,222,-42,219,-70,215,-96,209,-123,201,-147,190,-171,178,-193,165,-212,149,-128,73,-734,37,-2436,3096,-121,559,-182,51,-280,54,-285,32,-288,11,-288,-11,-285,-32,-280,-54,-271,-75,-260,-95,-248,-114,-231,-132,-214,-149,-193,-165,-172,-178,-148,-190,-123,-201,-15,-32,62,-53,-85,-16,-271,-75,-260,-95,-246,-114,-231,-132,-213,-149,-194,-165,-171,-178,-148,-190,-123,-201,-97,-209,-69,-215,-43,-219,-14,-222],[-751332,399550,2,10,2,3,5,7,14,13,-23,-33],[-751304,399589,6,6,103,59,114,49,117,37,106,11,102,29,43,25,71,55,43,55,18,59,45,69,71,48,229,72,-158,-137,-380,-473,-2,-1,-105,143,-62,-32,-95,-69,-38,-11,-92,18,-70,26,-66,-38],[-751289,399141,6,-23,-2,-13,-4,36]]]
4726206	r	-99.1284,28.8602,-97.8957,29.9318	[[[-991284,294200,14,-366,41,-365,68,-361,95,-357,121,-350,147,-343,173,-334,197,-323,220,-311,244,-298,265,-283,285,-267,305,-251,323,-232,339,-214,355,-193,369,-173,380,-151,391,-129,400,-106,407,-84,412,-59,415,-36,418,-12,418,12,415,36,412,59,407,84,400,106,391,129,380,151,369,173,355,193,339,214,323,232,305,251,285,267,265,283,244,298,220,311,197,323,173,334,45,105,-1762,1479,-2665,2238,68,50,42,28,145,64,-21,5,-43,-7,-60,13,-25,25,-7,25,-132,-27,-32,37,-36,-17,-11,17,-42,-21,-68,71,23,18,22,-6,51,24,-25,30,-14,70,-23,63,8,1,15,-25,112,48,-35,54,2,29,-17,9,11,8,-1,6,-47,60,-142,-98,-27,15,83,-50,-122,-103,-11,21,-44,-22,-5,17,5,25,21,6,-4,7,11,6,-12,26,-13,-3,-3,8,-125,-63,-562,472,4,12,-8,20,-11,-1,0,45,13,-1,11,19,-22,20,22,18,3,20,-21,0,4,93,15,0,-3,79,16,8,13,29,12,-1,-11,24,-55,1,2,-52,-21,-2,14,-15,-7,-5,4,-12,-12,-46,-25,6,-4,-26,-12,-3,10,-15,2,-53,-13,0,1,-14,14,-13,-11,-71,-2928,2458,-245,-97,-369,-173,-355,-193,-339,-214,-323,-232,-305,-251,-285,-267,-265,-283,-244,-298,-220,-311,-197,-323,-173,-334,-147,-343,-121,-350,-95,-357,-68,-361,-41,-365,-14,-366]]]
5125771	p	5128581
5391811	r	-117.3098,32.5317,-116.6287,33.1142	[[[-1173098,327129,121,-709,208,-185,81,-41,137,-39,83,-6,133,18,51,18,51,27,8,-16,224,-8,-21,63,-82,136,353,360,87,-52,18,-24,148,-208,20,-47,108,-258,31,-229,17,-248,61,-286,10,-78,9,0,0,26,4191,356,-1851,882,1470,-700,17,11,158,125,148,134,138,142,126,149,115,156,102,162,89,167,77,172,63,175,49,179,35,181,21,183,7,183,-7,183,-21,183,-35,181,-47,170,109,17,-6,45,-36,188,-51,185,-66,182,-79,178,-93,173,-105,168,-119,162,-112,132,-2938,-1089,-3,281,59,1,-8,39,27,22,14,-2,-3,20,-13,7,-33,3,-106,-6,-19,9,0,-1,-31,16,-76,-31,-20,-2,-25,-41,-20,-2,-27,-26,-122,-40,-32,-14,-9,-11,-25,-1,-10,-6,-127,3,-54,14,-26,20,0,-32,-85,-1,0,74,-6,0,6,14,-1,58,-43,1,0,36,-43,0,0,36,-85,0,-4,123,0,27,93,-1,81,-1,5,289,43,-1,0,17,20,-2,77,292,114,201,13,0,13,10,1,18,7,2,-7,26,30,21,-3,15,15,8,19,-5,13,-18,12,11,-6,8,7,19,54,32,-4,10,2,0,-1,2,13,0,0,17,-9,-1,-10,10,-36,4,-14,18,3,13,110,3,1,69,301,-1,2,-35,84,0,-2,51,19,-12,33,15,7,9,28,-7,-1,49,139,0,0,24,29,2,0,12,7,1,-9,37,43,1,-1,74,43,-1,-2,-73,14,-4,0,-37,-10,0,0,-36,320,-2,-1,36,87,2,-1,77,-265,-2,0,39,-94,0,2,36,-135,0,-3,-50,-41,-8,-2,-15,-41,-1,3,144,-176,-3,0,36,-173,2,0,-36,-45,-1,0,-37,-44,-1,0,73,-17,0,0,24,-19,0,0,8,14,1,0,19,-34,0,0,-6,-75,-44,2,-37,-48,-3,5,-70,-21,0,30,-12,25,5,4,-51,-34,0,1,-18,31,-2,-25,-28,17,-2,-44,-45,8,22,-10,-12,-2,15,-19,2,-22,21,0,-17,-16,-22,-14,-8,-15,4,-11,-14,1,-18,-8,-7,14,-5,3,-9,-13,-25,-9,5,-5,-19,-10,-6,-40,-16,-33,-5,-11,-36,60,-5,31,-27,-8,-18,-11,-1,-1,-11,-12,-7,-13,3,-4,-10,-16,-8,-56,-5,-43,12,11,14,-47,9,6,31,-36,27,-58,-7,-15,-21,-18,-2,3,-25,-13,-9,-19,-1,-13,-11,-37,1,3,11,-9,2,-6,11,5,5,-35,10,10,-12,-50,-49,-16,-9,-27,3,-10,18,-42,16,10,21,-18,-2,-6,9,-13,3,-3,31,-50,25,-17,17,-4,21,-10,-7,-73,67,-38,-27,-2,-64,-20,-44,9,-22,-9,-14,13,-6,7,-18,-3,-29,9,-13,-7,-10,-38,-4,-10,-48,-67,-33,-31,-29,145,0,1,34,7,-10,4,5,-8,21,46,54,-6,3,4,63,-16,54,14,19,11,-1,9,-12,-10,-33,9,-15,21,-8,-5,-20,85,-1,70,-41,49,-57,-25,-99,-66,-270,31,-3,-37,-141,-251,21,53,220,-325,-3,-5,-3,-1,-141,-174,-2,0,-370,-86,1,0,36,-217,1,-1,36,-29,0,-13,12,79,62,-136,3,-69,2,-15,-14,-29,-3,0,-14,-50,25,-22,-20,-44,-10,-52,0,-4,38,-109,-1,1,-35,-66,0,2,-291,-43,-1,-5,-19,10,-25,-13,-4,8,-25,43,1,-1,-37,-22,0,0,-36,-13,-10,-30,25,28,-145,8,-96,2,-18,36,-83,12,-68,9,-150,12,-28,1,-51,-47,-160,-9,-14,-16,3,-9,-42,-9,-15,-37,-41,-32,-5,-25,15,-2,-6,-10,9,-9,-1,-10,5,-5,6,-36,-37,-16,0,-3,-33,-17,-9,-13,-35,1,-4,-15,-19,14,-45,-1,-6,24,-62,0,-2,-11,-43,11,-13,7,1,23,-13,193,-352,37,-207,-8,-168,-4,-1,-4,-13,6,-18,-4,-62,-12,-35,-8,-5,7,-9,-7,-19,10,-9,4,-17,0,-6,-10,-13,-15,-6,12,-26,-1,-32,8,-17,-3,-46,-530,-4],[-1172266,326904,5,55,1,1,16,-88,-18,18,-4,14],[-1172009,327135,48,26,25,0,26,-9,17,-22,-5,-22,-12,29,-99,-2],[-1171999,326754,43,77,72,-4,107,-64,-222,-9],[-1171845,327047,37,-11,0,-2,-37,13],[-1171680,326986,17,-10,23,-43,307,-173,135,-707,30,0,10,-45,-83,60,-72,242,-71,136,-44,85,-131,193,-17,24,-66,90,-38,148],[-1171168,328930,1,52,92,0,0,-24,-16,-13,-56,-16,-21,1]]]
5110266	p	5128581
4684888	r	-97.1602,32.3026,-96.1388,33.1252	[[[-971602,328850,65,-622,-21,6,-1,-82,30,-1,5,-50,137,46,203,-1,0,-38,38,0,3,1,1,1,3,0,29,12,-4,10,7,2,-10,8,-2,14,86,20,0,19,-24,3,1,26,323,2,-2,62,16,1,14,-7,-2,33,-22,53,41,0,0,7,28,1,22,9,15,17,1,30,15,3,9,-15,17,-9,115,-25,36,12,13,17,7,28,6,1,10,-28,16,-19,42,-14,-1,0,-3,-217,0,-1,-6,-281,-13,4,2,16,-16,23,3,5,19,-1,3,23,-4,14,-19,12,5,53,0,1,-10,31,-1,0,0,1,-37,6,-10,20,-22,-13,-9,2,-32,58,-5,-3,3,-18,-1,2,1,-4,-3,-3,-6,-2,-36,11,-1,1,-5,26,-2,1,-3,2,0,1,-1,-1,-2,2,-8,-7,-11,-10,0,-1,-1,0,-14,13,-10,-1,-11,-15,18,-26,-16,-10,4,-18,-27,6,-3,-4,5,-36,-5,-308,9,-1,-11,-103,31,1,2,9,140,0,0,-28,84,-1,2,-74,-28,-2,-6,-90,-55,0,-1,-70,-22,-2,-16,-14,0,-11,-66,1,1,-71,105,-1,0,-74,-17,0,1,-147,-135,1,-10,-23,2,-117,9,-5,-9,-3,-2,-73,9,-39,12,-13,55,-9,0,-13,-47,-9,-10,-28,-16,-21,-4,-23,-13,0,11,-166,-16,-35,-1,-76,-20,-81,-87,-115,-20,-44,-15,-79,5,-24,-9,-163,-2,-38,126,59,40,-74,7,2,60,-97,19,-17,1,-99,5,-5,16,3,22,-5,8,-18,15,-12,-11,-15,-49,-19,-13,-12,-13,-29,2,-12,3,-8,19,-6,2,-16,-40,-5,-1,-5,-63,15,3,-4,-9,-5,-37,-15,0,-7,-11,-2,-5,6,1,-30,8,13,32,15,-10,-41,-36,0,-111,-53,-16,-111,2,-6,11,-29,5,-5,8,-5,48,-22,14,-15,57,-36,-1,-10,8,-5,-1,-7,-72,1,-1,28,-35,-17,-28,0,68,-54,102,-52,128,-32,33,-43,25,13,-33,29,57,29,18,29,82,28,5,71,23,53,26,12,60,4,5,109,16,32,32,22,37,4,3,241,8,0,0,13,6,1,2,59,-32,0,2,18,-19,2,18,22,-34,39,36,-5,-9,18,17,9,0,16,-50,-8,-36,17,11,-3,6,11,25,1,11,19,1,24,14,7,16,-4,-5,11,10,39,-5,29,-40,24,16,10,19,-7,4,13,15,5,17,-6,16,-18,18,10,2,-9,9,11,-1,28,7,6,299,-1771,186,-1107,84,-21,216,-43,219,-31,220,-18,222,-6,222,6,220,18,219,31,216,43,212,54,208,67,202,77,195,89,188,99,181,110,171,119,162,129,151,137,141,145,129,153,117,160,105,166,91,171,79,176,19,54,1057,-970,83,27,275,105,267,121,257,135,246,149,233,162,221,175,207,187,191,198,176,208,160,217,143,226,124,233,107,240,88,245,68,249,50,252,29,255,2,43,-906,177,81,150,84,190,70,194,54,197,39,201,24,201,8,203,-8,203,-24,201,-39,201,-54,197,-70,194,-84,190,-99,185,-113,178,-127,173,-99,117,-1577,-167,-1185,-414,-981,233,1,32,-5,9,-43,-5,-63,5,-16,-11,-43,11,-9,25,20,18,-12,37,4,18,-12,20,1,14,19,19,3,20,0,24,-2,5,-2,0,-5,17,-26,-6,-1,-15,-83,-3,-154,6,-17,-23,-14,1,8,18,-1,11,-9,1,-1,15,-16,5,-8,14,-18,5,-5,-4,-18,12,-8,-2,1,7,-12,-1,4,6,-9,2,-2,11,-11,-3,-1,11,-13,2,0,16,-10,2,3,9,-11,0,-5,12,-12,2,-17,19,-24,8,-9,-4,-34,12,-27,-49,-39,14,-210,1,4,20,27,35,2,267,14,40,-8,29,-248,-87,-556,-227,-376,-109,-15,-6,11,-17,1,-44,-39,0,-22,-155,144,-6,0,-39,-12,2,-9,-46,-86,0,0,13,-49,0,-3,-23,-10,2,-29,-18,-2,0,-4,6,-3,46,-14,8,-4,-32,-8,-4,4,-4,-5,-7,-36,-15,-25,34,-16,-9,-2,-21,-8,-10,-24,0,0,-27,-13,-1,0,14,-32,0,-5,-2,4,-19,-6,0,-5,28,-25,-4,0,-25,-24,1,0,6,-9,0,-2,19,20,7,1,58,-55,0,-1,-82,22,-12,31,-1,2,-154,-55,0,0,-19,-23,0,-4,-29,-3,-1,-36,-1,-1,32,-180,1,-3,10,9,0,10,21,32,5,1,7,12,4,9,39,-1,0,-82,1,1,15,-78,0,-1,34,-47,2,-1,-16,-49,2,1,-56,-83,-5,0,-1,-1,-81,-7,-23,7,-23,-19,-26,-30,2,-6,0,-2,1,-3,-12,-5,-22,-2,-7,-1,-4,22,-39,-27,-38,3,-2,11,-10,1,-1,42,14,26,0,36,-16,-49,1,-1,-16,-92,3,3,-23,-41,0,-9,-6,103,-65,-15,-18,0,-6,-2,-3,2,0,0,-2,28,-4,-60,-2,-1,10,-40,-26,-6,0,0,-3,-11,-7,1,-24,-28,6,-282,-179,33,-196,0,-1,-5,-4,-47,-5,0,-35,-19,0,-1,-130,22,-1,0,-55,-22,1,-1,-33,-35,12,-46,35,-112,129,-40,31,-151,7,-4,-488,42,0,2,-110,-50,-1,0,-55,-57,1,-6,27,-17,-6,-587,8,0,35,-604,0],[-970340,328166,83,-4,-5,0,-78,4],[-971210,328339,0,1,3,-1,-3,0],[-970673,325239,15,6,34,-4,71,32,21,52,-7,60,-9,1,-10,19,-5,28,11,12,30,-9,37,8,-4,18,9,15,15,-12,6,8,19,-1,-12,11,-5,4,36,1,286,-5,-1,-93,-49,-16,-28,-29,-11,-25,-4,-96,-53,-7,-35,-23,-18,-41,-6,-74,-78,-27,-22,-31,-22,-10,-197,138,-14,90],[-970486,325489,2,36,10,20,9,12,35,18,13,26,14,2,-10,-6,4,-21,-13,-31,2,-14,-7,1,-4,-12,-20,-14,3,-18,-10,0,-28,1],[-970403,325603,17,2,4,-5,-21,3],[-968706,330441,0,5,7,0,0,-1,-7,-4]]]
4160021	r	-82.3433,29.8376,-81.3135,30.9237	[[[-823433,303300,15,-388,44,-387,73,-383,46,-172,5738,-3594,4381,1693,-147,459,-257,1180,-87,182,-322,1096,-12,412,32,211,575,1,60,58,78,118,41,155,6,136,-29,88,-51,82,-74,83,-64,52,-149,85,-7,30,4,106,21,131,-6,87,-25,107,-39,87,-749,51,-87,51,-149,138,-120,36,-105,46,-51,50,-48,120,-63,114,-40,21,-12,3,-3,48,22,175,-7,226,20,83,90,33,94,-31,76,-78,51,-101,18,-101,4,-231,28,-183,81,-140,160,-104,-37,289,37,848,73,269,19,170,-55,75,-35,22,-6,46,-21,48,-74,21,-79,-11,-137,-46,-64,-12,-236,83,-7,79,-13,122,65,248,24,226,-43,116,-120,134,-48,92,-15,135,1,125,-41,98,-144,51,0,68,111,7,106,-11,101,-25,92,-39,-8,125,-43,68,-53,58,-32,97,9,45,47,139,11,55,6,11,-280,56,-441,64,-445,38,-447,12,-447,-12,-445,-38,-441,-64,-435,-88,-428,-113,-419,-136,-407,-161,-394,-183,-380,-205,-363,-226,-346,-247,-326,-266,-306,-283,-284,-300,-260,-316,-236,-330,-211,-343,-185,-354,-157,-363,-130,-372,-101,-379,-73,-383,-44,-387,-15,-388]],[[-814924,308742,19,-61,89,-192,29,-88,7,-84,-7,-257,96,-767,74,-35,75,90,34,197,-63,301,1,152,154,276,96,357,32,254,-116,37,-421,111,-99,-291]]]
4691930	r	-97.9672,32.2549,-96.9535,33.0866	[[[-979672,327300,14,-358,42,-357,69,-354,96,-350,123,-343,149,-335,175,-327,199,-316,224,-305,247,-292,268,-277,290,-262,309,-245,151,-104,2704,1819,-235,-158,42,-117,83,-187,97,-181,111,-177,124,-169,137,-162,150,-155,160,-145,172,-137,182,-127,191,-116,200,-105,208,-94,214,-83,220,-70,225,-58,230,-45,232,-33,234,-20,235,-6,235,6,234,20,233,33,229,45,225,58,220,70,214,83,208,94,67,35,-26,152,-99,585,-386,2293,-7,-6,1,-28,-9,-11,-2,9,-18,-10,-16,18,-17,6,-15,-5,-4,-13,-19,7,-16,-10,40,-24,5,-29,-10,-39,5,-11,-16,4,-14,-7,-1,-24,-11,-19,-25,-1,-6,-11,-11,3,36,-17,50,8,0,-16,-16,-9,8,-18,-36,5,34,-39,-18,-22,19,-2,-2,-18,32,0,-2,-59,-6,-1,0,-13,-8,0,-3,-241,-37,-4,-32,-22,-16,-32,-5,-109,-60,-4,-26,-12,-23,-53,-4,-71,-83,-28,-18,-29,-57,-29,33,-29,-25,-13,-33,43,-128,32,-102,52,-68,54,28,1,35,16,1,-28,72,-1,1,7,-8,5,1,10,-57,36,-14,15,-55,25,-3,4,-3,3,-11,29,2,-10,-3,12,-1,4,0,1,16,110,111,53,36,0,10,41,-32,-15,-8,-13,-1,30,5,-6,11,2,0,7,37,15,9,5,-3,4,63,-15,1,5,40,5,-2,16,-19,6,-3,8,-2,12,13,29,13,12,49,19,11,15,-15,12,-8,18,-22,5,-16,-3,-5,5,-1,99,-19,17,-60,97,-7,-2,-40,74,-126,-59,2,38,9,163,-5,24,15,79,0,2,20,42,87,115,20,81,1,76,16,35,-11,166,13,0,4,23,16,21,10,28,47,9,0,13,-55,9,-12,13,-9,39,2,73,9,3,-9,5,-2,117,10,23,135,-1,-1,147,17,0,0,74,-105,1,-1,71,66,-1,0,11,16,14,22,2,1,70,55,0,6,90,28,2,-2,74,-84,1,0,28,-140,0,-2,-9,-31,-1,11,103,-9,1,5,308,-5,36,3,4,27,-6,-4,18,16,10,-18,26,11,15,10,1,14,-13,1,0,0,1,11,10,8,7,2,-2,1,1,0,-1,5,-3,5,-26,37,-12,6,2,3,3,-1,4,0,-2,-1,7,0,3,-1,4,0,4,4,3,1,1,0,-1,32,-58,9,-2,22,13,10,-20,37,-6,0,-1,1,0,10,-31,0,-1,-5,-53,19,-12,4,-14,-3,-23,-19,1,-3,-5,16,-23,-2,-16,13,-4,6,281,0,1,3,217,1,0,-42,14,-16,19,-10,28,-6,-1,-7,-28,-13,-17,-36,-12,-115,25,-17,9,-9,15,-15,-3,-1,-30,-15,-17,-22,-9,-28,-1,0,-7,-41,0,22,-53,2,-33,-14,7,-16,-1,2,-62,-323,-2,-1,-26,24,-3,0,-19,-86,-20,2,-14,10,-8,-7,-2,4,-10,-29,-12,-3,0,-1,-1,-3,-1,-38,0,0,38,-203,1,-137,-46,-5,50,-30,1,1,82,21,-6,-65,622,-264,251,-1,16,-16,1,-451,429,-218,95,1,41,72,-2,108,202,-159,1,-15,45,32,0,0,69,37,-1,-12,8,12,17,1,58,-65,1,-1,55,-30,0,-16,-15,10,-4,-25,-36,-8,0,14,73,17,-1,0,35,-37,-1,-1,10,-66,1,-26,-11,0,-36,-63,5,4,50,-9,0,35,40,-14,8,129,140,21,31,-31,12,-31,-13,-32,21,-76,3,-41,24,-109,-42,-125,0,-47,-136,-67,24,0,32,12,0,0,11,38,-9,16,37,-53,2,0,82,-27,0,0,19,-52,-9,-49,-21,-126,-104,67,-2,0,-6,-76,0,-81,-69,10,-7,16,5,20,-7,7,-5,-2,-6,25,-8,9,-15,7,1,23,-17,-65,-69,51,-42,-21,-28,-64,1,19,-33,-32,0,-14,6,0,13,-23,49,0,86,-6,1,-14,-79,-9,3,11,-14,-3,-39,-1272,552,-119,-94,-167,-151,-155,-160,-142,-168,-130,-176,-115,-182,-98,-183,-2362,1351,-223,-229,-247,-292,-224,-305,-199,-316,-175,-327,-149,-335,-123,-343,-96,-350,-69,-354,-42,-357,-14,-358],[-972610,330081,-11,-40,-7,-4,7,-10,-32,0,-31,-13,-9,-24,59,-59,35,-2,0,-21,-34,-1,-5,-110,-26,-1,-2,-12,-25,0,0,-25,-9,0,0,25,-23,0,0,-22,-56,1,0,-8,-25,0,0,29,61,0,-4,89,-135,2,-8,-45,0,-41,-150,65,65,98,6,-10,168,-3,0,51,77,0,19,44,-17,13,34,13,1,21,77,0],[-973859,328479,37,-66,2,-4,-39,70],[-973255,329948,25,44,13,-61,-38,17],[-973251,330350,0,31,16,0,-1,-16,-5,0,-5,-16,-5,1],[-973013,325609,3,33,15,14,-14,-14,-4,-33],[-972851,325697,0,2,1,-2,-1,0],[-972736,329722,12,0,-1,-5,-11,5],[-972719,330083,1,1,8,0,-4,-1,-5,0],[-972574,329652,1,17,14,0,0,-24,-15,7],[-972396,326385,269,182,0,-1,-269,-181],[-972002,326493,0,1,4,4,-4,-5],[-971946,326464,0,22,1,-22,-1,0],[-971813,326090,6,-4,-1,0,-5,4]],[[-973505,330354,89,5,79,65,0,23,-25,1,-31,12,-51,35,-1,-36,-60,1,0,-106]],[[-970673,325239,14,-90,197,-138,22,10,22,31,78,27,6,74,18,41,35,23,53,7,4,96,11,25,28,29,49,16,1,93,-286,5,-36,-1,5,-4,12,-11,-19,1,-6,-8,-15,12,-9,-15,4,-18,-37,-8,-30,9,-11,-12,5,-28,11,-19,8,-1,7,-60,-21,-52,-71,-32,-34,4,-15,-6]],[[-970486,325489,28,-1,10,0,-3,18,20,14,4,12,7,-1,-2,14,13,31,-4,21,10,6,-14,-2,-13,-26,-35,-18,-9,-12,-10,-20,-2,-36]]]
5392171	r	-122.3535,37.1232,-121.4211,37.6066	[[[-1223535,372177,21,-43,94,-166,107,-161,120,-155,133,-148,55,-54,3821,0,877,-211,258,50,79,48,213,-105,135,112,-43,32,31,22,-107,80,1,1,-2,0,60,6,34,-3,27,17,15,27,54,3,-17,29,31,37,27,16,16,-13,22,-5,20,-35,-22,-14,-17,-3,1,-10,97,2,-10,36,42,12,-49,101,310,191,183,-184,-20,-13,11,-10,17,12,12,-11,7,4,25,-24,-57,-37,27,-26,56,37,-11,11,82,54,47,-46,-79,-56,26,-26,119,82,-32,24,24,21,-38,6,-31,18,26,18,0,8,-54,55,-146,-95,-42,41,-8,-3,7,4,-83,81,11,8,-6,6,9,6,-11,16,-22,8,-10,-7,-31,23,43,26,48,-13,37,-18,10,6,45,-13,24,17,88,-84,35,1,68,-66,-6,-4,59,-25,11,23,53,-2,152,-48,4,8,12,-4,-4,-7,85,-27,35,12,65,50,135,57,-11,17,19,8,11,-17,52,22,122,84,43,1,-1,70,-183,0,-1,72,-270,-1,-2,144,-40,0,-40,-9,-5,9,-160,0,-17,-33,-36,-15,-9,-15,-17,-1,-12,-23,3,-18,-30,0,-56,-28,-57,-10,0,-17,-92,0,2672,1647,-811,592,-1,1,-188,138,-338,-48,-7,149,-6,54,-2305,820,-457,38,-993,631,-144,-54,-19,4,-23,-2,-29,-30,-6,-2,-24,-28,-2,-3,-5,-5,-5,-16,-210,173,-276,-204,-26,-72,-24,16,-28,-4,-32,-55,-62,25,-16,17,-13,-8,-33,36,2,1,-13,16,-27,22,-16,9,-11,2,-2,-2,-25,8,-5,-5,2,6,-11,0,-52,-8,2,7,-30,-13,-20,-22,-63,89,-42,-9,-36,-49,21,-12,-8,-9,26,-107,-89,-100,-5,-3,-3,-3,-7,-1,-7,-3,-88,-17,-126,9,-3,-1,-3,-4,-11,-2,-31,24,-26,8,-18,-25,-28,17,-22,-22,-31,-12,-8,7,8,38,-8,27,-24,-2,-43,23,-68,3,-6,-2,-61,-71,-194,-154,406,-499,280,-197,-148,-155,1,29,-133,-1,-21,23,-108,174,-114,129,-138,-12,-108,68,-40,0,-16,-26,0,-8,-5,0,-1535,-2439,-306,-345,-46,-39],[-1220818,374779,251,-158,-26,16,-1,-163,-75,5,-140,8,-53,18,3,0,158,200,-10,6,-107,68],[-1220648,373416,4,-3,19,-18,-23,21],[-1220519,374592,41,2,-9,-3,-31,0,-1,1],[-1220463,374600,102,49,-101,-49,-1,0],[-1220411,375612,5,5,16,20,13,-12,-34,-13]]]
4671654	r	-98.2854,29.9219,-97.2137,30.6072	[[[-982854,302700,12,-310,22,-200,1456,-474,4661,-1518,3002,-979,158,128,244,226,226,240,208,252,188,264,169,274,147,282,126,291,98,282,-1351,606,161,149,159,168,145,176,132,185,118,191,103,198,88,203,73,208,57,211,40,214,25,216,8,217,-8,217,-25,216,-40,214,-57,211,-73,208,-88,203,-103,198,-118,191,-10,14,-1855,-372,-1734,0,-8,21,177,50,56,31,118,37,47,-110,76,24,-9,20,75,24,-27,65,49,15,-16,21,10,1,-6,13,-12,-10,-133,-41,91,30,-17,43,-148,-48,16,-35,-4,-7,-110,-36,-55,-31,-26,62,3,18,-15,44,-17,-6,-12,43,-72,-24,7,-12,26,-51,22,-42,-33,-12,-15,2,41,17,-30,60,-103,-31,9,-24,5,1,4,-7,12,3,3,-8,11,3,-3,7,11,4,3,-7,33,10,-48,-16,18,-44,32,-13,8,-14,-74,-14,-36,-25,-4,-1,-302,0,3,11,13,3,-9,21,-60,-18,3,-7,-10,-2,1,39,8,26,-35,-1,13,-20,-40,-52,-513,0,-47,-73,-14,-5,2,-14,-13,-19,-2,-1,-307,-73,1,4,40,21,-2,18,-128,-39,-2,3,0,1,-67,-26,7,-18,-91,-22,37,-90,-40,97,-39,94,0,1,-6,5,-3,2,-1,2,-5,0,-21,1,-11,1,-13,-8,36,-120,-169,-53,155,49,-160,-38,-18,36,-23,-11,-7,17,-69,-21,15,-41,-24,-20,-132,-40,-3,8,-17,-5,-22,11,-15,-24,-11,4,-22,-19,-8,-44,-10,-11,-26,22,-34,-27,-35,-36,9,-7,-1,0,1,-1,-14,-8,-1,-21,-11,-7,10,-25,-2,-7,-1,-2,-1,-2,-2,-1,-26,0,-1,-3,-5,0,-23,46,-26,18,-74,20,-52,-12,-10,27,-22,-4,-2,19,-74,-17,-40,-60,-46,24,-11,13,-420,-101,-1931,-460,1,-15,37,-191,51,-189,64,-185,79,-182,92,-177,106,-171,118,-164,130,-158,26,-28,-1969,-435,-1,-33],[-979216,303565,0,1,1,-6,-1,5],[-979135,303857,5,8,-4,-8,-1,0],[-979126,303872,2,4,4,-3,-4,2,-2,-3],[-979041,303935,10,-10,0,-1,-10,11],[-978641,304855,0,1,9,15,-9,-16],[-978607,304279,3,-1,0,-1,-3,2],[-978602,304278,5,5,0,-1,-5,-4],[-978597,304790,0,44,1,0,-1,-44],[-978558,304498,69,30,11,9,-10,-9,-70,-30],[-978472,304759,6,9,1,0,-7,-9],[-978465,304712,24,-49,0,-1,-24,50],[-978462,304734,36,15,-36,-16,0,1],[-978455,303880,3,3,-2,-3,-1,0],[-978453,303857,0,1,8,-68,-8,67],[-978440,303708,0,1,370,81,-370,-82],[-978403,303754,28,36,11,15,-10,-15,-29,-36],[-978353,304401,1,0,29,-13,-30,13],[-978350,304783,3,-4,0,-1,-3,5],[-978175,304097,48,59,-47,-59,-1,0],[-978161,304621,55,18,-9,-3,-46,-15],[-977995,305397,1,1,0,-1,-1,0],[-977959,305028,51,26,2,0,-53,-26],[-977959,305028,39,23,15,4,-3,-1,-11,-3,-40,-23],[-977940,305477,1,0,1,-2,-2,2],[-977893,305058,67,-22,-2,0,-65,22],[-977882,305437,47,14,1,0,-48,-14],[-977872,305505,1,3,0,-3,9,-10,-10,10],[-977848,304208,1,0,9,-2,-10,2],[-977805,304069,27,44,1,0,-28,-44],[-977770,303943,24,45,1,0,-25,-45],[-977753,305034,56,20,-2,-1,-54,-19],[-977705,305050,6,3,3,1,-9,-4],[-977687,305414,26,8,-25,-8,-1,0],[-977685,305410,17,-38,-7,-16,6,16,-16,38],[-977677,305062,27,20,-12,-10,-15,-10],[-977667,305320,86,-21,-1,-6,0,6,-85,21],[-977618,304783,19,-8,0,-1,-19,9],[-977616,305080,15,4,1,0,-16,-4],[-977560,305583,8,-71,26,-233,-34,304],[-977514,304540,51,-43,-2,1,-49,42],[-977483,304563,1,1,-1,-2,0,1],[-976469,304774,8,-3,2,-1,-10,4],[-976140,305827,54,16,-5,14,33,10,13,-30,-86,-28,-9,18]]]
4509177	r	-83.4283,39.5271,-82.4391,40.3929	[[[-834283,402393,464,-5960,121,-87,283,-180,299,-165,311,-150,324,-133,334,-117,344,-100,351,-82,358,-64,362,-47,365,-27,367,-10,367,10,365,27,362,47,358,64,351,82,344,100,334,117,324,133,311,150,299,165,283,180,268,193,251,207,233,219,214,230,194,241,173,249,151,258,130,266,106,271,84,276,59,279,36,282,12,283,-12,283,-36,282,-59,279,-84,276,-106,271,-130,266,-151,258,-173,249,-194,241,-214,230,-233,219,-251,207,-268,193,-283,180,-299,165,-311,150,-324,133,-334,117,-344,100,-351,82,-358,64,-362,47,-365,27,-367,10,-367,-10,-365,-27,-362,-47,-358,-64,-351,-82,-344,-100,-334,-117,-324,-133,-311,-150,-299,-165,-283,-180,-268,-193,-251,-207,-66,-61]]]
4460243	r	-81.1806,34.8969,-80.1157,35.7909	[[[-811806,355807,1757,-2607,-279,-2069,245,-96,7,-38,22,-50,-23,-58,11,-17,23,22,56,-34,15,6,8,-11,-17,-12,6,-39,9,-13,-1,19,10,3,2,-33,55,9,9,-39,220,125,998,-389,22,-45,34,-35,-55,-16,-34,-21,196,-225,11,35,14,-9,10,11,-7,12,-11,0,5,18,6,4,17,-18,10,3,-9,19,46,26,64,-66,32,11,30,-72,12,-13,30,15,22,20,3,24,11,9,18,2,7,12,26,5,18,17,19,-6,24,19,16,4,4,10,16,1,5,11,3284,-1279,221,170,243,213,226,227,207,237,188,249,3,4,-501,460,166,52,277,103,268,117,258,132,247,145,235,158,221,171,208,181,193,193,177,203,160,211,143,220,126,227,107,234,88,238,69,243,49,246,30,248,10,249,-10,249,-30,248,-49,246,-69,243,-88,238,-107,234,-126,227,-143,220,-146,192,-553,371,-692,463,-637,428,-1296,405,-90,13,-302,24,-304,8,-304,-8,-302,-24,-300,-41,-295,-57,-99,-24,0,-558,-17,5,-250,63,-254,48,-258,35,-260,21,-261,7,-261,-7,-260,-21,-258,-35,-254,-48,-250,-63,-245,-75,-238,-89,-230,-101,-222,-113,-213,-125,-202,-136,-190,-146,-179,-157,-166,-166,-152,-174,-86,-113],[-809957,350813,5,25,-11,15,38,10,16,-46,-48,-4]]]
4259418	r	-86.7538,39.3114,-85.6574,40.233	[[[-867538,397700,13,-301,38,-299,63,-296,89,-293,112,-288,72,-146,563,-217,1642,326,-4,-86,9,-195,24,-195,41,-193,57,-190,74,-187,88,-183,104,-178,119,-172,38,-48,442,-262,1623,-963,178,-105,57,-13,245,-45,249,-31,250,-20,252,-6,252,6,250,20,249,31,245,45,241,57,236,68,230,81,222,92,214,103,205,114,194,124,184,134,172,142,160,151,147,159,133,166,119,172,104,178,88,183,74,187,57,190,41,193,24,195,9,195,-9,195,-24,195,-41,193,-57,190,-74,187,-88,183,-35,58,656,-119,178,147,170,160,-1709,2561,-908,0,0,-33,274,4,-24,-37,-13,0,-1,-36,15,0,0,26,22,0,5,28,17,0,0,21,274,0,-1,-101,-45,-5,-552,-6,-16,-2,-1,0,-53,-6,-87,-35,-1,23,-46,0,1,-23,-46,-1,-3,0,-1,37,-47,-1,-1,36,-46,0,0,7,-12,0,2,-8,0,-1,-7,0,-5,10,0,-10,-14,0,-3,11,-9,0,0,-10,-188,-1,0,8,7,0,-7,3,0,50,-18,0,0,13,-45,0,-79,-2,1,-73,-144,-1,0,55,13,0,0,18,-13,-1,-11,0,-98,-4,4,47,-145,0,0,-29,-15,0,0,-5,15,0,-4,-14,-1,-1,-34,0,0,13,-10,0,-1,-13,-174,1,-1,0,-49,1,1,27,-28,-4,0,-24,-163,0,0,39,-56,-19,-38,0,1,35,45,0,0,18,-46,0,0,73,70,0,0,-11,9,0,0,11,1,-9,14,-1,0,10,93,-4,-2,67,-8,8,-83,1,-1,37,-47,0,0,13,-47,0,47,2,0,57,-46,-1,0,55,11,0,0,2,-9,9,-3,0,0,3,-1936,1933,-1213,-15,-8,-5,-206,-149,-194,-160,-180,-168,-164,-178,-150,-186,-134,-192,-116,-199,-100,-205,-82,-209,-65,-213,-46,-215,-28,-218,-9,-218,9,-218,28,-218,26,-122,-1630,197,-128,-262,-112,-288,-89,-293,-63,-296,-38,-299,-13,-301]]]
5391959	r	-122.8162,37.4144,-122.0748,38.0479	[[[-1228162,379917,57,-65,145,-97,158,-274,149,-107,167,-48,144,-125,65,-171,145,-27,128,-82,37,72,107,47,136,26,272,-78,245,-213,194,-43,130,-124,146,-49,100,-78,76,-64,82,-71,100,-67,91,-111,4,-4,58,56,102,24,5,1,1,0,92,-40,13,4,16,5,24,8,28,9,67,22,102,-2,72,67,-4,9,-57,108,-33,96,18,66,-113,44,-7,6,-93,78,46,50,-18,70,-25,91,89,3,141,-71,37,-69,-10,-54,16,-33,22,-42,105,-45,-5,86,48,13,19,3,49,10,91,84,-102,115,-68,12,-43,6,-142,98,18,61,-37,47,-272,88,-8,101,6,56,119,-50,114,63,-7,14,8,-2,448,-41,-56,185,-3,146,-330,-6,-1,34,-10,-1,-4,8,-6,-4,7,-5,-12,-10,-21,6,-2,2,48,17,52,67,97,-14,83,-13,59,50,-42,60,-2,3,-39,71,-9,-6,-152,75,-238,74,-125,44,0,12,6,-2,15,1,-1,39,22,0,-1,36,-29,0,21,61,76,160,-116,-1,0,-9,-16,-18,-57,-7,0,21,-58,-10,7,-48,-35,-12,-44,7,-6,10,-41,15,-38,-8,-11,5,-2796,-507]],[[-1225224,375932,34,-35,-10,-156,52,-132,-28,-156,-24,-115,-5,-24,85,-214,109,-87,18,-82,40,23,11,54,81,18,68,2,161,-61,140,-200,48,-392,116,-231,1667,1191,2,2,59,42,0,12,12,14,30,4,41,29,-5,10,-1,22,49,56,24,2,-3,4,-57,149,-69,34,-254,32,-48,7,0,239,-451,-1,-1,-94,-252,30,-38,69,-118,45,15,45,14,43,40,-16,79,-29,52,50,-24,34,-72,103,-200,43,-5,40,-2,12,30,107,65,78,-61,117,4,48,4,50,-78,5,-42,310,-2,21,96,-21,33,-7,3,7,29,84,138,-17,80,151,-120,98,-78,95,-49,67,-37,78,14,98,-56,52,-8,122,-103,125,-104,69,-102,7,-446,-58,-130,54,-95,-199,-118,-37,-82,-6,-93,-54,16,-288,51,-274,52,-166,14,-48,72,-383,-12,-378,-58,-205,-15,-54,-44,-38,-55,1,-44,-33,-49,-13]],[[-1224297,379643,84,-160,111,-164,139,-38,87,-79,-35,-125,263,-40,170,27,190,17,84,-125,65,-98,16,-44,40,-111,-94,-24,17,-70,121,20,39,-153,21,-83,13,-43,9,-32,-345,93,-257,-54,93,-249,69,-108,119,-25,-8,-10,-22,-106,-7,-35,36,-10,181,-52,22,47,102,-11,-25,-75,101,-52,63,-38,120,-4,322,-76,130,1,19,18,-23,-99,0,-19,-188,25,-34,4,-134,-53,96,-185,-88,-75,96,-59,-31,-29,-265,0,640,-781,432,409,-69,1,101,-1,1,-36,64,0,6,-8,7,8,8,0,75,37,-6,29,11,6,-4,6,98,44,11,21,20,10,17,18,13,4,48,-5,28,7,16,-8,-1,10,-21,14,20,0,-1,42,19,0,-15,13,1,52,12,9,36,-25,0,25,22,3,0,26,-64,44,14,15,34,27,-6,4,500,557,-215,493,-506,178,-16,20,-444,1480,-93,3,-900,321,-68,-42,-178,-11,-57,-49,-96,-10,-39,-4,-103,23,-200,62,-37,-87,104,-159,-92,-74,-237,-91,-25,-9,-5,-25,-22,-117,-161,60,-159,22]]]
5809844	r	-122.8733,47.3435,-121.705,47.985	[[[-1228733,476100,10,-217,2285,-207,48,72,-1,23,-77,-1,-347,135,-85,61,-58,135,-11,130,23,110,54,94,77,82,377,-558,269,-218,247,87,-74,74,74,69,-286,758,-76,200,-47,65,-88,73,-91,47,-71,66,-29,125,94,21,557,-406,162,62,150,144,89,161,-22,117,169,25,482,-76,100,17,32,49,62,61,51,85,-8,119,-60,77,-93,60,-105,40,-90,21,139,157,-37,101,-104,85,-60,101,-63,338,-12,146,-104,245,-253,153,-598,252,22,-100,188,-242,39,-74,169,-473,49,-226,-45,-147,-212,32,-48,77,29,91,-16,74,-175,31,-104,-31,-113,-75,-989,-971,-7,-14,23,-161,43,-173,58,-171,75,-168,28,-49,-552,-23,-84,-60,-228,-90,-741,-203,-10,-214]],[[-1227552,474700,8,-165,2001,-521,27,126,133,235,76,255,80,188,131,211,17,174,-262,72,-75,135,-11,174,-5,84,-99,166,-328,-143,-92,-59,-119,-77,-232,-111,-513,-169,56,102,190,140,95,106,36,53,-809,73,-90,-163,-77,-172,-60,-176,-43,-178,-26,-180,-9,-180]],[[-1227312,477989,392,337,81,106,75,189,86,87,97,17,299,10,81,41,-61,120,-324,288,-103,-97,-137,-148,-122,-155,-106,-160,-92,-163,-75,-168,-58,-171,-33,-133]],[[-1225805,476630,12,-143,47,-108,69,-83,-19,-115,-83,-166,74,-54,129,18,153,-24,214,-215,221,-28,102,102,82,55,-82,27,-47,46,-18,73,-18,56,-37,46,4,76,-108,83,77,24,53,36,81,77,-97,74,-62,146,-23,144,-29,182,-58,65,-97,69,-112,55,-102,22,-99,-32,-11,-78,9,-103,-39,-101,-112,-107,-58,-55,-16,-64]],[[-1225560,479842,79,-42,89,-78,89,-48,126,-11,47,20,-412,166,-18,-7]],[[-1225166,473916,363,-94,51,23,196,65,-74,68,166,28,66,-78,-24,-103,-100,-52,-45,-13,58,-15,764,130,-129,65,-188,63,-162,85,-127,169,-30,102,-10,203,-22,105,-73,87,-90,48,-45,66,65,141,-154,-51,-180,-131,-150,-152,-62,-117,-64,-642]],[[-1224594,476685,53,-163,15,-101,-1,-57,-21,-102,71,-114,9,-167,-80,-247,14,-38,74,-107,16,-49,-11,-111,-21,-26,-70,-47,-29,-133,407,-167,95,-246,81,42,174,67,61,45,18,43,3,3,1,0,33,-39,35,-118,-1,-401,0,-30,58,-122,274,-259,56,-88,37,7,195,-165,-30,0,1,-34,51,-2,0,-11,18,0,-86,-169,302,-1,135,-114,1,6,159,2,0,-21,53,1,0,64,10,21,155,1,24,0,156,0,4,-66,18,-22,16,0,-16,20,4,25,-9,14,33,0,0,-51,25,0,0,51,158,-2,0,-4,54,0,9,-14,146,0,1,-54,195,1,14,14,909,0,-1,-14,106,0,1,14,3382,0,-1714,628,-543,303,78,25,281,114,262,132,243,149,219,165,195,178,169,190,139,201,111,209,79,215,48,219,16,222,-16,222,-48,219,-79,215,-111,209,-139,201,-169,190,-195,178,-219,165,-243,149,-262,132,-7,3,587,497,-3013,-494,-311,6,-1674,677,-4,-21,-27,-220,-129,-165,-296,-172,-97,-115,-76,-136,-49,-164,-17,-197,78,-150,107,-106,37,-156,5,-27,-486,1,-6,-22,-40,-174,-20,-25,-76,-63,-121,-219,-10,-40,-1,-113]],[[-1224444,479405,11,-36,20,-214,59,-50,131,18,219,69,46,-27,11,-62,17,-52,63,-2,48,29,31,62,-656,265]]]
5419384	r	-105.5438,39.3703,-104.191,40.1078	[[[-1055438,397208,508,33,-4,-31,-8,-210,8,-210,27,-209,44,-207,62,-204,78,-201,96,-197,112,-191,128,-185,143,-179,158,-170,172,-163,185,-153,86,-62,1066,497,20,-107,70,-215,96,-209,122,-201,147,-190,171,-178,192,-165,211,-149,86,-49,2686,1042,3928,238,418,25,33,112,48,225,29,227,3,81,1837,-389,83,143,148,303,121,309,95,316,68,319,41,322,14,324,-14,324,-41,322,-68,319,-95,316,-121,309,-148,303,-172,295,-197,286,-221,275,-186,201,-1948,215,-339,-215,-31,54,-145,209,-113,141,-1413,424,-2127,-586,-1860,-47,-1498,-1714,-99,42,-78,15,0,-6,-11,-1,11,-10,-6,-1,-9,12,11,16,19,3,38,-8,18,11,-3,27,14,22,-20,59,2,-64,-29,5,0,-7,-111,-15,-1,-37,-21,-1,-39,26,-47,4,-13,13,2,-76,84,0,0,-60,-36,-32,25,-14,59,-16,-11,-8,20,-5,26,6,-1,70,162,0,0,-20,-71,-81,-2676,-1392],[-1051651,397446,26,16,-21,-13,-5,-3]]]
4140963	r	-77.5312,38.6628,-76.5342,39.1917	[[[-775312,389693,2678,-1178,126,-660,160,-90,964,-994,74,1,70,100,67,190,79,13,100,-6,102,35,192,3,222,50,53,132,-23,191,-18,197,-11,87,-49,73,29,50,5,3,87,-38,1,51,10,1,5,12,157,123,21,-80,31,-53,-32,-78,-50,-64,-19,-111,38,-106,48,-30,78,-45,5,-34,-72,2,-63,-32,-50,-94,-5,-157,-45,-74,40,-50,66,-35,38,4,1951,757,2713,-1131,197,82,-956,3647,-1644,522,-571,-133,-1223,590,-471,581,-1446,-766,24,-14,-32,20,-17,9,12,12,-10,8,-11,6,-13,-12,-41,25,-15,-17,-21,11,-8,-9,-22,11,-14,-9,-36,-48,-20,-43,-1,-1,-1,-2,12,-9,-14,5,-15,-24,-19,-58,-830,-439,-195,102,-1064,237,-1308,-1219],[-770425,388334,5,3,1,0,-6,-3],[-770417,388395,47,3,36,47,-11,-44,-57,-8,-15,2],[-770416,388716,23,-23,3,-11,0,1,-26,33],[-770390,388320,11,-16,0,-4,-11,20],[-770339,388570,10,-18,8,-41,11,-13,-12,-8,-6,-24,-1,26,-1,48,-9,30]],[[-771037,386678,724,281,-60,3,-83,45,-163,-33,-189,-34,-79,-48,-76,-64,-61,-89,-13,-61]]]
4644585	r	-87.2687,35.5949,-86.2286,36.6177	[[[-872687,359200,8,-213,26,-211,42,-210,60,-207,75,-204,92,-199,108,-194,123,-187,138,-181,152,-173,165,-164,179,-156,190,-145,202,-135,212,-124,221,-112,230,-101,238,-87,244,-75,250,-62,254,-48,258,-35,259,-21,261,-7,261,7,259,21,258,35,254,48,250,62,244,75,238,87,52,23,802,3491,2,0,4,27,28,121,1066,826,2226,724,66,99,106,190,90,194,74,199,59,202,41,205,25,207,9,208,-9,208,-25,207,-41,205,-59,202,-74,199,-90,194,-106,190,-121,183,-135,176,-149,169,-162,161,-176,152,-186,142,-198,131,-209,121,-217,110,-226,98,-233,86,-240,73,-245,60,-249,48,-253,33,-255,21,-256,7,-256,-7,-255,-21,-253,-33,-249,-48,-245,-60,-240,-73,-233,-86,-226,-98,-217,-110,-209,-121,-198,-131,-186,-142,-176,-152,-162,-161,-149,-169,-135,-176,-93,-140,-52,41,-2953,-3024,904,-207,-80,-79,-152,-173,-138,-181,-123,-187,-108,-194,-92,-199,-75,-204,-60,-207,-42,-210,-26,-211,-8,-213]]]
4544349	r	-98.2249,34.767,-96.8892,36.0523	[[[-982249,354700,16,-378,45,-376,75,-374,105,-368,61,-165,3394,497,-5,-136,8,-196,23,-196,39,-194,54,-192,70,-188,84,-184,99,-179,113,-173,2,-3,-1759,-465,23,-114,82,-288,105,-284,127,-278,148,-270,170,-261,191,-252,209,-241,229,-229,246,-216,264,-203,278,-188,293,-173,306,-156,318,-140,328,-122,338,-105,345,-86,350,-67,356,-48,359,-29,360,-10,360,10,359,29,356,48,350,67,345,86,338,105,328,122,318,140,306,156,293,173,278,188,264,203,246,216,229,229,209,241,191,252,170,261,148,270,127,278,105,284,82,288,59,293,35,295,12,296,-12,296,-33,272,-1697,188,95,144,104,189,89,194,73,198,57,202,41,204,25,206,8,207,-8,207,-25,206,-41,204,-57,202,-73,198,-89,194,-104,189,-119,182,-134,176,-114,130,1018,259,-5,116,-31,262,-53,260,-73,256,-93,252,-114,247,-132,239,-152,233,-170,223,-188,214,-204,204,-220,192,-235,180,-248,167,-262,153,-273,139,-284,124,-293,109,-301,93,-308,76,-314,60,-317,43,-320,26,-322,8,-322,-8,-320,-26,-317,-43,-314,-60,-308,-76,-301,-93,-293,-109,-284,-124,-273,-139,-262,-153,-248,-167,-235,-180,-220,-192,-204,-204,-188,-214,-170,-223,-152,-233,-132,-239,-114,-247,-93,-252,-73,-256,-53,-260,-31,-262,-11,-263,10,-235,-2161,305,-5,-12,-134,-362,-105,-368,-75,-374,-45,-376,-16,-378]]]
5520993	r	-107.0823,31.4097,-105.8971,32.1893	[[[-1070823,317751,58,0,258,-1,259,0,259,-1,259,0,259,-1,259,-1,259,0,259,-1,258,-1,259,0,259,-1,259,0,258,-1,259,-1,259,0,258,-1,259,0,259,-1,258,-1,259,0,381,-1,36,-21,24,-2,11,-7,17,-25,19,-69,39,-6,59,-50,40,-20,17,-19,52,-36,49,-5,115,27,21,17,12,31,304,24,44,-26,38,-11,99,-12,55,-19,337,-182,25,-20,15,-23,40,-133,18,-26,227,-158,153,-335,45,-47,51,-84,166,-204,44,-72,11,5,163,-429,116,-175,420,-427,98,-153,42,-100,13,-59,20,-48,62,-66,347,-170,102,-125,232,-86,417,-103,341,-179,39,-13,172,157,246,256,226,270,204,282,183,293,161,303,136,311,113,317,88,324,63,328,38,330,13,332,-13,332,-38,330,-63,328,-88,324,-113,317,-136,311,-161,303,-183,293,-204,282,-226,270,-246,256,-266,243,-283,227,-300,210,-315,194,-138,73,-8881,-2976,-2,-3,-88,-324,-63,-328,-38,-330,-7,-181]]]
4930956	r	-71.4523,42.0172,-70.597,42.7388	[[[-714523,424700,1347,-1541,743,-1655,501,233,152,39,1538,-115,450,-164,-21,-142,198,78,3010,-1093,47,240,75,73,94,-64,96,-146,112,-257,37,-14,111,102,12,11,-257,306,-83,163,51,171,-220,165,-252,351,-177,198,-125,83,-47,2,-4,30,-2,297,-26,68,-255,238,-198,135,-222,105,-476,100,-244,142,-427,345,-6,-118,72,-159,118,-140,130,-60,-2,-59,-81,-103,-118,-39,-113,133,-110,-67,-163,-68,-54,-16,-26,12,16,27,98,13,55,18,-16,44,10,39,85,4,70,31,-113,111,-9,101,-112,8,-123,-122,-225,103,-3,120,-151,4,-64,85,-68,52,-100,-16,-33,-34,-78,-35,-59,17,-63,-14,-64,33,-81,-22,-18,12,-84,136,45,103,124,60,153,11,-54,91,-77,56,-97,34,-113,24,118,131,142,-59,167,-95,188,23,-105,43,-10,9,-71,62,-8,39,-6,29,100,30,21,-7,115,-33,163,-159,43,-3,105,-10,-38,47,-40,49,-27,94,-32,220,-7,15,77,58,-12,40,92,170,21,150,7,12,47,21,273,-246,247,59,-126,61,-133,84,-48,64,206,-125,757,-293,106,93,-822,311,-237,179,-1,2,60,35,161,-12,77,11,66,35,169,120,30,21,45,45,54,37,86,15,85,26,-21,57,-98,88,-40,100,-102,-54,-135,-104,-139,-51,24,95,42,77,62,59,83,48,-74,68,166,94,511,159,1014,190,76,68,56,88,93,91,116,58,57,-6,22,-32,10,-20,186,-20,48,22,108,60,83,78,50,84,69,56,145,0,0,61,-52,81,28,90,13,73,-98,30,-133,7,-87,34,-38,79,20,146,-273,-103,-124,-72,-82,-91,19,-267,-46,-91,-178,84,-12,127,-558,39,-180,176,98,-5,82,12,155,61,-569,203,-211,168,-9,67,-1787,-682,-1101,-894,-463,-51,-751,-477,-2216,-450],[-710066,423747,-24,-62,-14,-35,38,97],[-712163,423658,22,-6,28,-9,-50,15]],[[-708033,427319,207,-230,75,74,-102,225,-180,-69]]]
5746545	r	-123.4434,45.1414,-122.0118,46.0127	[[[-1234434,455200,9,-209,29,-209,49,-206,67,-204,86,-200,105,-196,122,-191,140,-184,157,-178,173,-170,188,-162,203,-153,216,-143,230,-133,241,-122,252,-110,118,-45,271,-11,1408,-62,2661,-897,9,-1,267,7,266,18,264,31,260,43,256,55,250,66,243,78,236,89,227,100,217,110,58,33,-23,72,63,-10,270,-32,272,-19,274,-6,274,6,272,19,270,32,266,43,262,56,256,68,250,80,241,91,232,102,223,113,211,122,200,132,187,141,174,149,159,157,145,164,129,171,113,176,96,180,80,185,62,188,44,191,27,192,9,193,-9,193,-27,192,-44,191,-62,188,-80,185,-96,180,-113,176,-129,171,-145,164,-159,157,-174,149,-187,141,-200,132,-211,122,-223,113,-232,102,-241,91,-250,80,-256,68,-262,56,-149,24,854,892,-106,91,-237,178,-253,166,-268,155,-281,142,-294,129,-306,115,-316,101,-324,85,-332,71,-337,56,-342,39,-345,24,-346,8,-346,-8,-345,-24,-342,-39,-337,-56,-332,-71,-324,-85,-316,-101,-306,-115,-294,-129,-281,-142,-268,-155,-77,-50,433,-757,-165,4,-297,-7,-295,-21,-293,-34,-289,-47,-284,-61,-277,-74,-271,-86,-261,-99,-252,-110,-241,-122,-230,-133,-216,-143,-203,-153,-188,-162,-173,-170,-157,-178,-140,-184,-122,-191,-105,-196,-86,-200,-67,-204,-49,-206,-29,-209,-9,-209]]]
4990729	r	-83.5128,41.949,-82.5365,42.6275	[[[-835128,420123,52,-31,207,-111,217,-101,225,-90,233,-78,239,-67,245,-56,248,-43,252,-31,255,-18,255,-7,255,7,255,18,252,31,248,43,245,56,23,6,-78,187,-70,166,-25,459,199,696,37,844,26,141,48,256,187,323,10,12,83,91,37,74,173,187,162,91,443,116,302,30,297,70,124,62,141,42,85,20,-58,89,309,119,662,254,327,200,1057,1011,37,29,464,358,358,33,327,107,266,191,127,161,-7,15,-79,127,-3193,-676,-7,-129,-645,-14,-1,5,-255,-54,-137,78,-13,91,-31,762,-543,-18,0,-7,-163,0,-3,5,-473,-13,46,-894,-398,-10,-1,73,-199,-5,-3,77,-196,-4,4,-76,-6,0,-184,-4,-7,-4,2,-38,-77,92,-1,23,73,2,0,4,-201,-10,-362,115,-267,-70,-259,-263,-17,-171,-231,-5,31,-654,-1169,-31,13,-294,-211,-146,223,-142,12,-282,1172,27,2,-46,4,-100,-251,-8,-52,-28,-39,-3,-6,-18,-9,-1,1,-23,-27,-1,-8,69,-142,0,0,-3,335,-213,67,-277,-133,-137,0,-13,293,5,3,-73,-381,-7,-695,-717,-962,-1835],[-833168,424420,136,4,-7,-68,-125,-22,-4,86]]]
5506956	r	-115.5848,35.5764,-114.4105,36.6856	[[[-1155848,365220,2234,-2051,-196,-75,-234,-114,-219,-132,-203,-149,-183,-165,-162,-178,-141,-190,-116,-201,-92,-209,-66,-215,-40,-219,-14,-222,14,-222,40,-219,61,-201,3106,220,-3097,-219,-7,-37,-14,-222,14,-222,40,-219,66,-215,92,-209,116,-201,140,-190,163,-178,183,-165,202,-149,218,-132,234,-114,246,-95,257,-75,264,-54,270,-32,272,-11,272,11,270,32,264,54,257,75,246,95,231,113,304,-2514,13,-1,371,-30,372,-10,372,10,371,30,368,49,363,69,356,88,349,107,340,125,328,143,317,160,303,177,288,193,272,207,254,221,237,235,217,246,197,258,175,268,154,276,131,284,109,290,84,296,61,299,36,302,13,303,-13,303,-36,302,-61,299,-84,296,-109,290,-131,284,-154,276,-175,268,-197,258,-13,14,-2843,-956,4,66,-13,222,-40,219,-66,215,-93,209,-116,201,-141,190,-162,178,-184,165,-202,149,-185,111,-467,393,-34,-156,55,0,-7,-31,-63,24,-257,75,-265,54,-270,32,-273,11,-273,-11,-270,-32,-265,-54,-127,-37,-827,2629,-319,-61,-383,-94,-374,-115,-365,-134,-352,-153,-340,-171,-325,-190,-309,-206,-292,-222,-273,-237,-54,-53]]]
4645421	n	-90.4142,34.6492,-89.6334,35.1307	[[[-904142,349195,50,-177,79,-214,95,-208,112,-204,127,-196,143,-190,158,-181,171,-172,185,-163,197,-153,209,-141,220,-130,230,-118,238,-105,247,-92,253,-79,258,-64,264,-51,267,-36,269,-22,270,-7,270,7,269,22,267,36,264,51,258,64,253,79,247,92,238,105,230,118,220,130,209,141,197,153,185,163,171,172,158,181,143,190,127,196,60,109,-1949,1676,-27,-19,0,-30,-53,8,-124,-5,1,-93,-55,0,-4,-16,11,0,0,-40,50,0,0,-38,-353,0,-1,10,-90,0,0,-10,-262,2,0,2,-279,0,-420,2,-749,-1,-147,0,0,-1,-564,-1,-420,2,-2373,-754]],[[-903084,349999,7,-42,1308,-8,2704,859,-237,260,-1518,161,-14,-12,-33,-19,-39,-15,-100,-16,-88,22,-170,87,-301,31,-36,-19,-52,-36,-83,-71,-32,-60,-46,-207,-145,-312,-13,-118,14,-106,-42,-49,-94,-64,21,1,-71,-22,-160,-20,-77,-1,-86,10,-94,-4,-111,-12,-64,-15,-48,-22,-45,-35,-210,-70,-45,-76]]]
4641239	r	-90.7405,34.9944,-89.6256,35.6255	[[[-907405,351926,5840,-619,301,-31,444,-47,1518,-161,237,-260,-2704,-859,420,-2,564,1,0,1,147,0,749,1,420,-2,279,0,0,-2,262,-2,0,10,90,0,1,-10,353,0,0,38,-50,0,0,40,-11,0,4,16,55,0,-1,93,124,5,53,-8,0,30,27,19,14,11,2,74,22,15,22,0,0,71,89,1,3,102,-47,40,23,7,22,-3,1,-20,39,-15,-7,30,123,-16,-6,-24,23,-1,1,-52,112,-47,3,6,-93,40,5,85,102,0,-1,-17,-34,1,-3,-8,2,-35,25,-18,6,-29,63,-21,2,49,37,0,16,-15,2,-34,24,0,-1,14,13,20,2,54,-17,-1,-8,16,-2,51,-135,7,0,-8,-35,-1,16,-2,-32,-6,-8,6,2,21,-7,7,-31,4,9,24,36,-3,8,5,19,-10,22,-2,22,21,-1,26,-25,-4,-3,6,-13,-12,-14,15,34,28,-14,7,-75,3,-39,-5,-10,6,-50,1,0,22,-98,1,1,16,-81,-4,-27,-15,-11,0,-7,10,-36,-8,8,113,-14,0,1,51,-13,0,0,48,12,19,-10,20,0,32,-151,25,-1,21,94,-14,-1,72,19,0,0,159,264,-53,38,15,70,-8,51,-47,130,-53,7,177,26,0,0,-18,43,-2,7,54,4,-7,19,3,0,6,97,10,-2,-51,59,-5,-33,30,-19,8,-2,19,26,9,0,-25,29,0,0,-10,27,0,0,9,39,-2,1,11,10,3,-16,10,-30,51,-13,8,3,79,28,0,0,6,-17,2,-2,13,32,0,8,38,-6,1,1,26,-47,-16,-32,1,-9,33,-14,0,-19,-15,-17,14,1,35,-14,0,0,29,-99,-28,1,18,39,11,42,31,-19,31,-1,23,7,-1,0,7,-30,14,4,11,17,1,2,14,22,10,18,-10,6,11,23,0,0,-15,17,1,0,5,83,-3,-1,27,-81,2,3,72,-39,37,-18,29,39,15,16,14,15,26,-1,15,6,0,-2,21,14,-18,12,-4,120,-2,24,-43,8,-40,35,-21,30,14,-1,-10,43,13,5,-41,59,38,7,28,40,18,75,27,264,61,128,-1,19,-15,81,-8,4,20,76,13,-3,8,14,4,4,-9,49,13,18,-21,26,-3,5,-15,19,-13,-8,121,-206,-1,-188,13,-219,-50,-189,-11,-68,8,-189,-14,-281,1,278,145,-3,79,-24,10,-3,63,-23,0,-1,13,-121,7,0,6,-13,-1,0,10,-57,-2,0,-32,32,0,6,-95,-8,-12,-24,16,-10,-13,-6,3,-5,-63,-14,-15,-31,1,3,27,-20,0,1,37,-20,0,2,15,16,-1,1,34,-25,-1,1,44,-97,1,1628,2329,-196,116,-225,115,-233,102,-242,90,-247,77,-254,63,-258,50,-261,35,-263,22,-265,7,-265,-7,-263,-22,-261,-35,-258,-50,-254,-63,-247,-77,-242,-90,-233,-102,-201,-103,-645,1475,-5651,-3382,-73,-261,-74,-368,-38,-318],[-898371,351514,3,117,123,176,111,50,9,-37,-24,-99,26,-8,0,-23,16,-36,-14,-25,53,-32,31,-7,-9,-35,-16,3,-3,-55,-24,2,3,40,-15,0,-5,-39,-37,1,0,-26,-14,-2,-38,1,-176,34],[-897986,351216,27,14,4,-5,-26,-13,-5,4],[-897964,351208,18,21,59,28,22,-30,-30,-22,-3,7,-25,-35,-31,31,-10,0]]]
4299276	r	-86.4169,37.7306,-85.2814,38.7694	[[[-864169,382500,14,-340,42,-338,70,-335,98,-331,125,-325,151,-319,177,-309,203,-300,227,-289,250,-276,273,-263,294,-248,314,-232,332,-216,349,-197,365,-180,380,-160,391,-140,402,-120,412,-99,418,-77,425,-55,427,-34,430,-11,430,11,427,34,425,55,418,77,412,99,402,120,391,140,380,160,365,180,349,197,115,75,672,7599,-141,120,-314,232,-332,216,-349,197,-365,180,-380,160,-391,140,-402,120,-412,99,-418,77,-425,55,-427,34,-430,11,-430,-11,-427,-34,-425,-55,-418,-77,-412,-99,-402,-120,-391,-140,-380,-160,-365,-180,-349,-197,-332,-216,-314,-232,-294,-248,-273,-263,-250,-276,-227,-289,-203,-300,-177,-309,-151,-319,-125,-325,-98,-331,-70,-335,-42,-338,-14,-340]]]
4347778	r	-77.0911,39.0357,-76.2309,39.6261	[[[-770911,393526,704,-1609,471,-581,1223,-590,571,133,1644,-522,608,279,-2,28,57,79,118,29,37,-40,998,458,163,12,-14,110,-77,40,-283,198,-107,120,-138,-55,-62,34,-176,118,-71,80,-36,66,-20,121,-31,40,35,22,1,353,215,-89,158,-85,-48,-189,148,-12,130,1,65,63,77,64,101,-23,-34,-95,-6,-134,172,109,292,219,59,102,-246,3,-262,184,-201,262,-157,277,328,-85,82,-52,166,-232,90,-97,154,-80,103,89,7,67,-330,341,-73,124,63,56,554,-105,26,41,-71,132,112,67,108,10,99,23,91,105,-63,0,22,182,-214,79,-275,52,-18,12,-141,90,763,152,44,-16,93,-33,198,-457,75,-465,301,293,-101,167,-147,190,-169,178,-176,152,34,11,-8,125,-42,219,-69,215,-96,209,-122,201,-147,190,-169,178,-192,165,-211,149,-229,132,-245,114,-258,95,-268,75,-277,54,-282,32,-285,11,-285,-11,-282,-32,-277,-54,-268,-75,-258,-95,-245,-114,-229,-132,-211,-149,-192,-165,-169,-178,-147,-190,-72,-118,1467,-1433,-1429,1396,-245,-47,-268,-75,-257,-95,-245,-114,-228,-132,-211,-149,-106,-91,9,-7,-92,-53,-210,-149,-191,-165,-170,-178,-100,-130]],[[-762727,391516,87,-78,119,197,96,209,69,215,42,219,5,73,-32,-47,-218,-419,-167,-205,-1,-164]]]
4951305	p	4930956
5454711	r	-107.1769,34.6459,-106.1231,35.4642	[[[-1071769,350800,11,-284,34,-283,56,-280,78,-277,100,-271,122,-266,142,-259,163,-251,182,-241,201,-231,218,-219,236,-208,252,-194,266,-180,281,-166,292,-150,304,-134,315,-117,322,-100,330,-82,336,-65,340,-46,343,-28,345,-9,345,9,343,28,340,46,336,65,330,82,322,100,315,117,304,134,292,150,281,166,266,180,252,194,236,208,218,219,201,231,182,241,163,251,142,259,122,266,100,271,78,277,56,280,34,283,11,284,-11,284,-34,283,-2,11,-2091,307,-2659,1075,-1446,585,-3208,1297,-59,-67,-172,-227,-154,-237,-134,-244,-115,-251,-94,-256,-74,-261,-54,-264,-31,-267,-11,-268,11,-268,31,-267,54,-264,44,-158,-288,-12,-30,-247,-11,-284]]]
5263045	r	-88.6332,42.7131,-87.3391,43.4601	[[[-886332,430100,8,-194,26,-193,43,-192,60,-189,77,-186,93,-182,109,-177,124,-171,139,-165,154,-158,167,-150,181,-142,192,-133,204,-123,215,-113,224,-103,233,-91,240,-81,247,-68,252,-56,257,-44,261,-32,262,-19,264,-7,264,7,262,19,205,25,83,51,461,471,1935,975,5690,1517,9,204,-12,275,-36,273,-61,272,-85,267,-109,263,-131,258,-154,250,-177,243,-197,233,-217,224,-237,212,-256,201,-273,188,-288,174,-304,160,-317,145,-330,130,-340,113,-350,97,-357,80,-364,62,-369,45,-372,27,-373,9,-373,-9,-372,-27,-369,-45,-364,-62,-309,-69,776,-2464,-348,1105,-145,-10,-250,-31,-246,-42,-242,-54,-53,-15,-8,115,-110,18,-261,32,-262,19,-264,7,-264,-7,-262,-19,-261,-32,-257,-44,-252,-56,-247,-68,-240,-81,-233,-91,-224,-103,-215,-113,-204,-123,-192,-133,-181,-142,-167,-150,-154,-158,-139,-165,-124,-171,-109,-177,-93,-182,-77,-186,-60,-189,-43,-192,-26,-193,-8,-194]]]
5318313	r	-111.4711,31.7267,-110.3511,32.5461	[[[-1114711,320449,61,-137,156,-294,179,-284,200,-274,221,-263,240,-249,259,-236,277,-220,293,-205,308,-188,321,-171,335,-152,345,-133,355,-114,362,-93,369,-74,374,-52,377,-32,379,-11,379,11,377,32,374,52,369,74,362,93,355,114,345,133,335,152,321,171,308,188,293,205,277,220,259,236,240,249,221,263,200,274,179,284,156,294,134,302,110,309,86,315,62,318,37,321,10,267,-3132,249,49,166,38,219,13,222,-13,222,-38,219,-64,215,-87,209,-112,201,-134,190,-155,178,-175,165,-193,149,-210,132,-224,114,-235,95,-246,75,-253,54,-81,10,-9,-24,-211,85,-246,75,-253,54,-258,32,-260,11,-260,-11,-258,-32,-253,-54,-246,-75,-236,-95,-223,-114,-210,-132,-193,-149,-175,-165,-156,-178,-134,-190,-111,-201,-88,-209,-63,-215,-39,-219,-12,-222,12,-222,39,-219,63,-215,88,-209,111,-201,134,-190,156,-178,97,-92,-2754,-1225]]]
5350937	r	-120.2108,36.469,-119.2736,37.1736	[[[-1202108,365954,95,-170,149,-224,166,-215,183,-206,200,-197,215,-185,89,-67,1574,286,4586,833,151,27,461,334,1007,526,56,84,115,205,99,211,81,215,63,219,45,222,28,223,9,225,-9,225,-28,223,-45,222,-63,219,-81,215,-99,211,-115,205,-131,198,-148,191,-162,183,-177,174,-191,164,-204,153,-215,143,-227,131,-237,119,-246,106,-254,92,-261,80,-267,65,-272,51,-275,37,-278,22,-279,7,-220,-6,-1685,-2965,-328,-288,-3,1,-45,7,-46,-41,1,-13,24,-14,-2276,-1998,-530,-465]]]
5389489	r	-122.1563,38.209,-120.9627,38.9578	[[[-1221563,386800,9,-199,24,-197,3,-12,1413,-618,3434,-2871,36,-283,758,-530,6188,1405,39,185,26,210,6,163,-60,27,-73,33,-2454,2080,40,12,-16,11,48,9,26,-24,22,7,-19,28,-60,12,-46,-15,-3,5,-11,-9,-20,-3,-266,225,-10,15,331,700,30,-2,0,67,55,114,-151,48,-5,113,1,17,25,41,1,35,22,74,41,31,-293,0,-2,36,-41,-1,-9,-12,-23,8,15,4,-36,0,-34,10,-45,28,-2,5,-3,3,0,7,-5,14,1,115,-94,36,-222,-1,-36,28,1,116,-72,1,-3,-43,-16,-2,-1633,1297,-956,-515,-3230,670,-337,70,-154,-55,-223,-94,-215,-105,-205,-116,-196,-126,-184,-135,-173,-145,-160,-154,-148,-161,-133,-169,-119,-175,-105,-181,-89,-186,-73,-190,-57,-194,-42,-196,-24,-197,-9,-199],[-1213179,386025,147,117,-104,-83,-43,-34],[-1212220,386197,4,0,0,-3,-4,3]]]
4180439	r	-84.917,33.3859,-83.753,34.2522	[[[-849170,339500,8,-200,23,-200,39,-198,55,-195,70,-192,84,-188,22,-40,752,-160,2240,-785,25,-28,20,47,49,74,32,10,23,14,182,153,94,60,58,27,86,-23,80,-22,75,-2,0,-27,-95,1,-1,-49,-101,1,0,-65,-10,-1,-21,-20,-15,0,-7,-10,28,-18,0,-19,22,0,-3,-60,86,-2,16,-6,-4,-43,16,-11,-3,-17,4,-3,2,12,2,-15,23,1,1,-12,2,26,35,-1,3,-17,30,-32,7,26,48,30,-3,52,7,23,27,-2,-1,-78,37,0,-1,-77,14,0,2,11,43,0,-1,-34,-41,14,-52,1,-3,-61,9,6,15,-7,-4,-6,-14,5,-5,-5,-1,-33,-64,2,1,6,-40,1,16,35,65,-4,3,23,-62,6,2,22,-37,0,-11,-15,-4,15,-38,0,1,37,-2,-16,-12,0,0,16,-30,4,4,60,-9,4,0,19,-2,-18,-78,20,-54,-12,13,-52,-110,1,2,-82,72,0,-1,20,42,0,6,32,-5,18,24,-4,-5,-5,11,-17,8,-73,-2,-16,-9,-1,14,-33,-2,-63,-12,0,4,29,-94,4,8,-33,-4,-33,-13,-16,13,5,-5,-16,5,-25,-22,1,-2,-39,22,-1,-3,-128,100,-2,0,-74,97,-1,1,-90,-28,-15,-7,-23,7,-1,-1,-10,28,-3,0,-22,40,0,1,-11,8,-1,18,3,24,-5,206,-228,59,-3,-5,11,11,0,7,-14,16,0,9,14,56,0,5,-5,2,5,29,-1,-1,-25,-15,0,2,-71,-46,-5,-4,-18,-4,77,-12,0,-2,-18,-14,9,6,-58,12,0,1,-5,-10,-3,1,-6,1511,-1680,98,-274,138,-62,231,-87,237,-75,242,-61,247,-49,250,-34,252,-21,253,-7,253,7,252,21,250,34,247,49,242,61,237,75,231,87,223,100,215,112,206,124,196,134,184,145,173,155,161,164,148,172,133,181,120,187,104,193,89,198,74,203,57,207,42,209,24,211,9,212,-9,212,-24,211,-42,209,-57,207,-74,203,-89,198,-104,193,-120,187,-133,181,-148,172,-25,26,-182,-22,-2810,-335,-1175,615,-212,220,-25,3,18,3,6,6,5,5,5,-5,36,26,12,22,95,45,-45,52,-40,-17,-53,23,-18,41,-27,19,-1,-1,-13,-1,-25,-25,-56,-18,-55,0,-39,18,-5,4,-20,16,-4,8,-10,20,-3,7,7,15,31,1,13,9,-9,26,-10,8,-33,0,-26,-18,-10,-24,-36,-9,-55,17,-94,5,-17,14,-12,30,1,37,-37,63,-28,31,-19,56,-14,12,-19,-1,-19,-9,-50,-47,-12,-3,-64,-4,-65,-19,-102,-19,-109,9,-39,-20,-12,-40,9,-19,-7,-1,60,-28,26,-37,-14,-97,-26,-40,-40,-4,-6,-5,-691,88,-1575,2717,-117,-16,-234,-45,-230,-58,-225,-71,-218,-83,-212,-94,-204,-106,-195,-117,-186,-127,-175,-138,-164,-146,-153,-155,-140,-163,-127,-170,-113,-177,-99,-183,-84,-188,-70,-192,-55,-195,-39,-198,-23,-200,-8,-200],[-845216,337873,41,19,15,-29,-55,4,-1,6],[-843474,339671,0,10,6,-11,-6,1],[-843450,339668,37,25,-6,7,7,5,18,-1,2,-5,26,3,-1,7,102,-34,64,-1,68,-20,124,-59,-49,23,-392,50]]]
4164138	r	-80.6892,25.474,-80.1053,26.0934	[[[-806892,256700,12,-222,36,-219,60,-215,27,-70,3111,-395,478,-232,55,151,9,491,35,193,140,124,153,136,207,426,16,223,641,8,55,194,127,6,4,130,43,-36,16,10,34,-32,56,24,0,-15,-18,-18,-2,-13,-32,0,-31,-67,-41,-54,-56,-45,-76,-45,0,-62,44,-11,28,-17,25,-19,39,-21,-92,-77,-14,-12,-15,-106,62,-79,127,-6,16,23,30,42,21,521,10,-11,62,30,75,67,23,111,-111,80,0,19,1,41,110,4,-1,4,-126,65,-181,78,46,107,11,63,34,116,-9,470,-153,-4,5,30,192,226,64,-1,77,58,-73,23,4,5,3,1,79,-16,102,106,25,-107,3,-156,2,-102,-68,-453,0,-415,68,0,53,972,37,669,26,478,54,659,-13,-3,1,21,-5,0,1,19,4,20,17,-2,19,182,26,139,15,11,-1,16,-303,-6,-7,-37,81,2,5,-167,-22,-1,1,-18,3,-66,-301,17,-165,-168,-21,-1,0,-13,-10,-1,-1,12,-15,0,0,9,-6,0,1,-21,-9,-1,-1,38,-20,-1,0,-19,-19,0,0,19,-12,-1,1,39,10,0,0,37,-11,10,0,21,-60,9,-2,51,151,3,-1,37,35,1,1,19,7,0,-4,14,-33,-2,0,23,-22,0,-3,61,-7,1,1,-62,-36,0,-2,-44,-12,-11,-49,-3,-1,-14,-40,1,1,-74,-28,1,-2,-15,-3,15,-13,1,-5,-21,20,-1,-6,-50,-21,-1,-2,-9,43,-4,1,-37,21,1,0,-36,-48,-2,-1,18,-7,-1,1,-17,-47,0,0,10,12,0,-2,43,-23,0,-9,23,15,1,-1,15,-14,0,-1,4,4,64,18,-1,0,6,-10,-1,0,10,-11,0,-1,16,-7,0,4,-156,-9,3,-3,-9,-2,-67,42,1,1,-73,-122,-2,1,-35,-39,-1,-2,70,40,1,-2,65,-27,-1,-113,-3,1,-28,-22,0,-46,-43,-85,-37,-1,-1,-22,-20,-4,-13,162,4,1,-22,2,-50,-80,-2,1,-37,-8,0,1,-27,-14,-1,0,-9,24,1,2,-55,79,2,1,-17,182,4,-10,-21,-19,-9,11,-15,-51,-60,1,-44,9,0,1,-7,-39,-1,0,7,-19,0,-471,299,-632,0,-289,-284,-57,-34,-706,0,9,-363,88,0,-30,-18,-2040,-185,-52,-103,-70,-170,-14,-43,2682,-1136,-2236,947,-4,-5,-126,-190,-105,-201,-82,-209,-60,-215,-36,-219,-1,-27,-80,23,-34,-52,-105,-201,-82,-209,-60,-215,-36,-219,-12,-222],[-802077,260467,11,20,15,-7,0,-11,-19,3,1,-5,-8,0],[-802070,259952,87,0,154,4,72,-319,-308,195,-5,120],[-801942,260471,0,18,16,1,-1,-19,-15,0]],[[-802028,254795,114,-55,12,70,17,44,19,79,-16,51,-88,-37,-29,-49,-29,-103]]]
5074472	r	-96.5679,40.8102,-95.4201,41.7366	[[[-965679,412951,2105,-2122,371,98,37,-170,65,-211,82,-206,100,-202,118,-197,134,-190,150,-183,166,-176,181,-166,194,-158,208,-148,220,-136,231,-126,242,-114,251,-102,259,-89,267,-76,272,-63,277,-49,281,-35,284,-21,284,-7,284,7,284,21,281,35,277,49,272,63,267,76,259,89,251,102,242,114,231,126,220,136,208,148,194,158,181,166,166,176,150,183,134,190,118,197,100,202,82,206,65,211,46,213,28,214,7,149,19,-3,99,200,84,208,65,213,47,214,28,217,10,218,-10,218,-28,217,-47,214,-65,213,-84,208,-101,204,-119,198,-135,193,-152,185,-168,177,-183,168,-197,159,-210,149,-222,138,-234,127,-245,115,-253,103,-263,90,-269,76,-275,64,-281,49,-284,36,-286,21,-288,7,-288,-7,-112,-8,0,1442,-400,10,-412,-10,-410,-31,-407,-51,-401,-70,-394,-91,-386,-110,-375,-128,-364,-148,-350,-164,-335,-182,-318,-198,-301,-213,-282,-228,-261,-241,-240,-253,-218,-265,-194,-275,-170,-284,-145,-292,-120,-298,-93,-304,-68,-308,-35,-271]]]
4487042	r	-79.1259,35.3509,-78.1387,36.161	[[[-791259,355446,14,-14,205,-178,219,-168,231,-155,244,-143,255,-129,264,-115,273,-101,281,-87,287,-71,251,-48,818,-70,3108,-658,137,34,329,101,320,118,310,136,299,152,286,167,272,182,256,197,241,209,223,222,205,234,185,244,166,253,145,262,48,104,-1552,4932,-189,127,-286,167,-299,152,-246,108,-654,-491,0,-1,-2095,-1573,-690,-263,-26,60,2,24,-63,-20,-30,-38,-2,21,-20,-1,1,10,-18,-2,-1,-16,-52,-55,-2,-8,15,-14,27,-5,-13,-18,2,-7,-6,-2,-14,23,-28,0,-13,-30,29,-3,-22,-9,-1,0,-11,3,-3,-8,-75,-29,3,62,-35,-2,0,-4,-47,1,0,-8,-49,1,0,-23,-18,-1,4,-24,1,-1,1,-7,-129,93,-20,0,1,14,-12,3,-3,-34,13,0,0,-7,-28,1,-3,7,-8,-11,10,-27,-30,-3,-8,-24,-14,0,0,-28,-62,10,-5,-6,-7,-51,18,-16,12,5,16,-7,-19,-8,11,-19,-6,-3,4,-7,-47,2,-1,-15,26,-1,1,-10,-26,0,-2,-6,0,-3,-3,-10,-1,1,-2,-6,6,-2,-35,-14,-1,-1,-1,-18,19,-4,-31,-22,-33,10,5,-18,-11,-7,6,-6,-32,-39,12,1,11,-11,0,30,14,0,0,23,28,16,11,-2,0,-15,-38,-22,37,0,-9,-41,-11,-2,-2,-20,5,0,-48,-52,0,8,-7,-4,15,-12,20,12,-29,-70,-31,3,-28,-29,-20,3,-35,20,-2,-23,42,0,-7,-7,-35,0,-3,7,-92,-4,-9,26,-11,0,-13,20,21,0,-5,31,-39,3,6,-22,43,-59,-62,2,-1,8,-37,0,1,-19,-45,0,1,20,9,0,0,16,-16,55,-7,3,-2,30,-5,10,-315,-120,-17,0,0,-6,-9,-4,-23,1,0,-10,-83,-31,-180,-268,-2,0,-23,-8,-12,2,-13,-13,22,-17,3,-1,-1940,-2877],[-787556,359222,1,24,48,-5,-49,-19]]]
4393217	r	-95.0448,38.563,-93.8849,39.5003	[[[-950447,393275,163,-754,448,-2073,903,-358,-23,-30,-100,-103,-32,-43,0,-61,460,0,-1,-38,11,0,0,-36,-11,0,1,-69,95,-1,-7,70,99,2,0,35,230,0,0,35,508,5,0,73,141,-5,175,5,11,-7,0,-33,43,0,0,39,96,0,0,-41,48,2,2,-16,43,1,0,-18,93,-1,1,-107,-47,0,0,-37,-93,0,-46,-50,1,-240,-141,-1,0,-38,-45,0,0,-26,46,-10,0,-72,-47,0,-1,-583,232,0,0,-36,47,0,0,-36,-47,0,0,-36,47,1,0,-37,-186,1,0,-74,-33,1,0,-73,-62,0,0,-145,97,0,0,-37,-97,-1,1,-110,52,0,24,-7,20,8,0,74,23,0,-2,71,137,1,1,-21,24,1,-1,-33,94,-1,0,52,188,1,1,-219,-71,0,0,-36,-10,0,-12,1,-1,35,-93,1,1,-147,185,0,1,75,185,-1,-4,117,22,62,-17,71,0,114,46,0,0,73,139,0,5,-145,136,2,-4,20,8,34,-8,4,0,16,37,1,13,24,1,-51,15,2,10,-19,22,0,1,-33,137,1,0,20,39,0,3,40,-43,0,0,8,-17,0,0,5,-62,0,0,-41,-52,-1,1,23,-34,6,8,13,51,1,-2,13,12,22,21,6,1,6,14,-4,13,7,7,21,28,14,12,29,10,6,-4,50,12,7,21,-28,0,-7,7,-1,304,-387,-86,-483,177,-1643,183,-65,271,-80,278,-66,282,-52,286,-37,288,-22,290,-7,290,7,288,22,286,37,282,52,278,66,271,80,264,94,256,107,246,120,236,132,224,144,211,155,198,166,184,175,169,185,153,193,137,200,34,59,-419,242,17,11,189,138,176,148,164,156,151,164,136,172,122,178,107,184,91,190,75,193,59,197,42,200,25,201,9,202,-9,202,-25,201,-42,200,-59,197,-75,193,-91,190,-107,184,-122,178,-136,172,-151,164,-164,156,-176,148,-189,138,-200,129,-210,117,-220,107,-228,95,-235,84,-196,58,587,745,-244,157,-267,150,-280,135,-290,122,-299,106,-308,90,-314,75,-321,58,-324,42,-327,25,-329,8,-329,-8,-91,-7,19,192,-223,-57,-5607,-1188,328,-268,-83,-47,-248,-159,-13,-9],[-946543,388546,2,38,49,0,0,144,87,0,6,5,1,34,-94,-1,0,71,25,0,1,35,22,0,2,35,-50,1,0,96,325,-413,-41,-2,-1,-41,8,-2,-7,-2,1,-11,-8,0,0,-41,-52,-2,-12,14,-26,5,0,-35,-175,-1,0,6,-12,1,1,67,-52,-1]],[[-948441,389747,55,-6,0,17,18,2,-1,21,-72,0,0,-34]],[[-947611,388110,3,-145,372,-1,0,53,-19,0,0,13,19,0,-1,80,-91,0,3,-30,-99,0,0,29,-23,0,0,-8,-23,0,1,-66,-49,0,1,74,-94,1]]]
5367929	p	5368361
5304391	p	5308655
5139568	p	5128581
5417598	r	-105.375,38.4524,-104.265,39.1204	[[[-1053750,388300,12,-285,36,-283,59,-281,83,-277,105,-273,128,-267,150,-259,171,-251,192,-242,211,-232,231,-220,248,-208,265,-194,281,-181,295,-166,308,-150,17,-7,7678,1766,57,85,150,259,128,267,105,273,83,277,59,281,36,283,12,285,-12,285,-36,283,-59,281,-83,277,-105,273,-128,267,-150,259,-171,251,-192,242,-211,232,-231,220,-40,34,-3322,-157,-3168,-149,-2,0,-2184,-102,-70,-78,-192,-242,-171,-251,-150,-259,-128,-267,-105,-273,-83,-277,-59,-281,-36,-283,-12,-285]]]
4791259	r	-76.2279,36.3016,-75.7925,37.2854	[[[-762279,368333,4,-27,239,-611,162,-53,438,-74,417,-357,35,-45,33,-17,138,-27,22,-63,45,-83,36,-13,25,-26,3,-34,30,-35,-20,-59,-29,-34,-41,10,-24,-14,-32,16,-66,-31,-52,-10,-60,-2,-25,-12,-11,-25,-51,-29,-150,-14,-14,-1159,375,0,387,-2461,220,-17,362,-10,-79,135,196,-12,149,-70,67,-48,195,5,444,35,57,7,-274,344,-89,155,53,459,-22,266,-127,-6,-78,-200,-63,-117,-36,7,21,-102,38,-79,62,-74,90,-86,-208,116,-250,259,-121,242,175,72,-216,113,-218,168,-173,197,-82,205,3,160,60,191,0,120,-8,24,-1,2,183,0,2,-3,67,-84,282,-139,17,-141,38,-141,208,-64,409,0,101,27,0,69,-42,90,-28,93,-7,275,-2,7,-2,10,281,0,5,-11,5,-14,-7,-54,137,-349,74,-341,143,-243,32,-172,141,-245,32,-132,62,-655,27,-109,122,23,112,27,-44,199,-149,407,-410,1644,-2,11,-6,24,218,15,-380,1069,-467,909,-513,1931,178,572,-496,123,-846,169,-30,-38,-171,-420,-4,-29,-30,-31,-13,-47,-22,-44,-2,-42,-23,-31,-158,-426,-98,40,-260,43,-45,19,-54,12,-4,-1,-15,-4,5,-82,-2,-12,-30,1,-76,18,-20,-42,-30,-4,28,-56,69,-53,-99,-125,-14,-22,-10,-49,-20,-19,28,-62,24,-30,35,-25,-22,-16,-4,-58,-29,-21,48,-26,29,0,10,-11,83,-38,-25,-73,-66,-68,-55,-36,-34,-61,2,-25,-26,-27,-29,-2,-16,19,-51,28,-33,3,-38,-6,-33,12,-58,42,-43,-34,-5,-10],[-759674,365505,251,-1,1,0,-8,-8,-68,-62,-122,-4,-49,68,-5,7]],[[-759743,371565,79,-217,173,-98,132,100,9,234,8,149,69,381,0,2,-470,-551]],[[-759286,371122,141,1,150,50,130,58,152,198,217,207,205,131,129,94,54,141,-9,89,-56,-21,-59,-107,-163,-35,-181,13,-117,43,-78,72,-61,130,65,221,95,134,131,68,23,99,-69,117,-55,29,-374,-438,-38,-72,-8,-398,44,-190,75,-144,15,-205,-110,-115,-38,-62,-78,-45,-109,-7,-23,-56]]]
5378538	p	5391959
4174757	r	-82.6944,27.6439,-82.056,28.2348	[[[-826944,280052,73,-252,24,31,5,42,51,111,12,79,-19,70,-45,83,-101,-164]],[[-826841,279694,18,-62,29,2,2,-4,-30,-3,30,-104,10,-14,214,53,84,86,1,-174,257,-43,97,-21,115,-37,42,-21,94,-69,103,-123,41,-70,34,-91,13,-70,4,-74,-45,-5,32,-44,15,11,13,-237,7,-346,11,-100,1147,-7,-5,793,296,226,58,-257,29,-132,198,-416,27,-230,-82,-151,-323,-323,-72,-103,-279,-174,-10,-14,249,-553,768,-330,100,-13,249,-11,249,11,247,32,241,54,235,75,226,95,213,114,201,132,184,149,168,165,148,178,128,190,107,201,84,209,50,178,68,-25,93,137,98,184,-1377,2974,-225,72,-242,54,-136,17,-1,79,-663,-1,0,-70,-192,-25,-157,-35,5,46,10,0,-2,82,-1,0,21,224,-204,-259,-35,0,0,25,-32,2,1,-12,-14,1,0,13,-19,5,-97,0,23,-15,1,-19,31,-2,0,-8,-27,-11,-3,-8,-28,10,-13,-6,5,-12,-2,-7,-68,67,-185,149,-201,132,-214,114,-226,95,-235,75,-242,54,-234,30,-1264,-2064,296,-255,-3,104,3,32,21,0,1,-478,-329,0,-28,7],[-826395,280099,0,2,33,-43,57,-42,-18,8,-43,36,-29,39],[-826245,279972,10,-7,275,-134,0,-34,-58,10,-34,15,-150,111,-43,39],[-822645,281659,11,13,13,-8,3,5,-12,8,4,5,13,-8,3,4,-12,9,13,-8,3,4,-12,8,34,-13,19,-16,-9,-22,-49,6,-22,13]]]
4553433	r	-96.5812,35.6256,-95.2686,36.6305	[[[-965811,361500,13,-314,38,-313,63,-310,88,-307,112,-301,136,-294,160,-286,182,-277,205,-268,225,-255,245,-243,265,-230,282,-215,299,-199,314,-183,329,-166,341,-148,352,-130,131,-40,2521,3204,-2117,-2691,40,-35,249,-190,264,-176,277,-162,290,-147,301,-130,311,-115,319,-98,327,-81,332,-63,336,-45,340,-27,341,-9,341,9,340,27,336,45,332,63,327,81,319,98,311,115,301,130,290,147,277,162,264,176,249,190,233,203,217,214,198,226,180,236,161,245,141,253,120,260,99,266,78,270,55,274,34,276,11,278,-11,278,-34,276,-55,274,-78,270,-99,266,-120,260,-141,253,-161,245,-180,236,-198,226,-217,214,-233,203,-249,190,-264,176,-277,162,-290,147,-301,130,-311,115,-244,75,-1587,-2017,1945,2472,-212,162,-299,199,-314,183,-329,166,-341,148,-352,130,-362,111,-370,91,-377,72,-382,51,-384,31,-387,10,-387,-10,-384,-31,-382,-51,-377,-72,-370,-91,-362,-111,-352,-130,-341,-148,-329,-166,-314,-183,-299,-199,-282,-215,-265,-230,-245,-243,-225,-255,-205,-268,-182,-277,-160,-286,-136,-294,-112,-301,-88,-307,-63,-310,-38,-313,-13,-314]]]
5037649	r	-93.9488,44.5674,-92.8135,45.4666	[[[-939488,449100,10,-209,29,-209,47,-206,67,-204,85,-201,104,-196,121,-190,128,-171,217,69,18,-43,97,-183,113,-178,129,-172,144,-166,160,-159,174,-151,187,-142,200,-134,211,-124,223,-114,232,-103,242,-92,249,-81,252,-67,1341,979,1524,323,1,199,699,0,4,412,272,172,-71,-2,4,534,70,20,11,10,-27,41,3,21,16,7,49,0,39,9,21,19,61,108,49,56,9,23,-5,15,-113,7,-53,-3,158,326,-3,3,38,101,12,0,-8,4,-2,1,0,1,-6,3,-47,29,-1,7,-10,73,-2,17,16,85,-9,173,-20,52,-49,33,2,349,204,0,-1,-109,187,1,16,42,0,67,24,0,261,705,1604,648,1410,1009,235,168,-74,174,-99,187,-117,183,-133,177,-150,171,-164,163,-179,155,-194,146,-206,137,-218,128,-230,117,-240,106,-250,94,-257,83,-265,71,-270,58,-275,45,-279,33,-281,20,-283,6,-283,-6,-281,-20,-36,-4,0,-816,-288,30,-312,11,-312,-11,-309,-32,-304,-54,-294,-75,-282,-95,-268,-114,-251,-132,-232,-149,-210,-165,-186,-178,-39,-46,-786,611,-130,-58,-239,-122,-228,-133,-216,-143,-201,-153,-187,-162,-172,-170,-155,-178,-139,-185,-122,-191,-104,-196,-85,-201,-67,-204,-48,-207,-29,-209,-10,-209,5,-117,112,-18,-37,-50,-121,-190,-104,-196,-85,-201,-67,-204,-47,-206,-29,-209,-10,-209],[-933962,447970,69,16,3,0,-72,-16],[-932315,448269,6,6,12,4,-18,-10]]]
4281730	r	-98.0928,37.0903,-96.5872,38.2898	[[[-980928,376900,16,-392,49,-391,80,-387,112,-382,143,-376,173,-367,204,-358,232,-346,260,-333,287,-319,312,-303,337,-287,360,-268,380,-249,401,-229,418,-207,435,-185,448,-162,461,-138,472,-114,479,-89,486,-64,491,-39,492,-12,492,12,491,39,486,64,479,89,472,114,461,138,448,162,435,185,418,207,401,229,380,249,360,268,337,287,312,303,287,319,260,333,232,346,204,358,173,367,143,376,112,382,80,387,49,391,16,392,-16,392,-49,391,-80,387,-112,382,-143,376,-173,367,-204,358,-232,346,-260,333,-287,319,-312,303,-337,287,-360,268,-380,249,-401,229,-418,207,-435,185,-448,162,-461,138,-472,114,-479,89,-486,64,-491,39,-492,12,-492,-12,-491,-39,-486,-64,-479,-89,-472,-114,-461,-138,-448,-162,-435,-185,-418,-207,-401,-229,-380,-249,-360,-268,-337,-287,-312,-303,-287,-319,-260,-333,-232,-346,-204,-358,-173,-367,-143,-376,-112,-382,-80,-387,-49,-391,-16,-392]]]
4671240	p	4691930
5325738	r	-119.5552,34.9306,-118.4848,35.7151	[[[-1195552,353700,11,-287,34,-287,57,-283,80,-280,102,-275,123,-270,145,-261,165,-254,185,-244,204,-234,222,-222,239,-210,256,-197,271,-182,284,-168,298,-151,309,-136,319,-119,328,-101,335,-83,341,-66,345,-47,349,-28,350,-9,350,9,349,28,345,47,341,66,335,83,328,101,319,119,309,136,298,151,284,168,271,182,256,197,239,210,222,222,204,234,185,244,165,254,145,261,123,270,102,275,80,280,57,283,34,287,11,287,-11,287,-34,287,-57,283,-80,280,-102,275,-123,270,-145,261,-165,254,-185,244,-204,234,-222,222,-239,210,-256,197,-217,146,-494,0,-8136,-2973,-23,-190,-11,-287]]]
5150529	r	-82.0172,41.1465,-81.1546,41.9037	[[[-820172,416847,236,-1905,869,-1557,309,-1911,1,-9,5515,2124,25,115,4,33,229,-48,1275,328,61,195,57,261,34,263,11,264,-11,264,-34,263,-57,261,-80,257,-102,253,-123,247,-145,241,-165,233,-185,224,-204,215,-222,204,-240,193,-256,181,-270,167,-285,154,-298,140,-309,124,-319,109,-328,93,-335,77,-341,60,-346,43,-349,26,-350,8,-350,-8,-349,-26,-346,-43,-341,-60,-289,-66,404,-1415,-56,-1,-227,-17,-225,-28,-221,-39,-218,-50,-213,-60,-207,-71,-201,-81,-193,-91,-185,-100,-55,-34]]]
4335045	r	-90.5777,29.2953,-89.3512,30.4939	[[[-905777,299900,7,-193,22,-191,36,-190,50,-188,64,-185,78,-180,91,-175,105,-170,116,-164,129,-157,140,-149,151,-140,161,-132,171,-122,180,-112,188,-102,194,-91,202,-79,207,-68,211,-56,215,-44,218,-31,166,-15,-1331,-3383,334,-132,459,-151,470,-124,479,-98,484,-69,489,-42,491,-14,81,2,-39,60,83,86,166,-25,90,-113,110,4,117,10,16,6,0,68,-164,76,-135,123,-89,161,-21,187,82,-23,58,-44,40,-62,31,-76,11,266,-11,81,-32,64,-46,52,-59,52,6,165,31,95,82,60,154,58,-228,187,-232,127,-252,73,-287,23,-98,20,-100,52,-426,351,-96,61,-59,-56,-44,-10,-43,37,-53,91,97,-1,81,17,158,59,0,68,-68,-7,-205,7,63,138,151,170,59,102,151,-118,233,-303,162,-132,74,75,-132,74,35,56,135,23,167,-23,191,-74,1092,-639,296,-90,339,126,308,-281,166,-51,72,224,14,138,43,24,75,-30,236,-50,24,-62,-44,-122,-20,4,-46,-36,-46,-55,-24,-50,0,-64,21,-35,24,-19,16,-19,20,-46,40,-69,53,-63,61,-27,214,104,115,23,49,-92,-28,-69,-55,-58,-29,-72,45,-115,29,48,27,22,34,19,52,48,130,-17,49,-73,14,-151,-27,-63,418,195,417,226,399,250,380,271,265,217,-106,52,-164,55,24,33,6,11,45,30,-143,54,-251,-23,-235,131,-274,81,-96,61,-57,101,-59,223,-52,117,-285,296,-56,120,32,4,98,-4,-69,96,-99,49,-242,60,347,58,831,-196,194,70,-257,228,-16,44,4,21,-4,48,-205,75,96,48,40,13,-133,100,-263,138,-88,110,298,-83,487,-269,280,-57,276,-17,310,-58,115,-70,119,-104,139,-85,174,-14,0,68,-335,264,-149,77,46,2,42,8,49,3,67,-13,-116,123,-205,9,-231,-23,-199,28,-114,107,-68,169,23,185,159,160,93,18,220,-28,97,10,121,50,52,49,106,180,143,130,152,112,91,128,-44,176,134,-4,123,-36,104,-61,83,-73,109,-179,72,-60,125,-3,-22,-66,-20,-140,-19,-67,93,69,97,195,83,71,74,-1,233,-54,37,-2,7,27,-73,41,-77,107,-60,121,-79,115,54,67,20,20,-398,596,-11,0,1,16,-52,77,-18,11,-142,169,0,60,-662,991,-22,-33,-74,-62,-106,-51,-205,-45,-98,-35,-142,-105,-56,-124,-1,-360,-43,-214,-113,-220,-155,-183,-173,-109,-219,-48,-229,4,-220,71,-188,153,-236,242,37,113,143,165,25,63,-82,43,-346,-137,-156,-42,-275,7,-168,39,-108,101,-100,194,-70,186,-15,161,53,149,37,43,93,110,217,96,268,-7,259,-95,188,-165,101,81,9,7,-7,89,-34,96,30,105,77,47,8,5,282,85,12,4,42,248,60,71,44,53,136,99,133,171,-104,58,-174,176,-137,45,-273,-68,-36,-69,55,-46,79,-23,38,1,6,51,51,25,55,-14,25,-62,-23,-80,-51,-48,-138,-83,-54,-15,-151,21,-61,-6,-7,-34,-136,-239,-32,57,-39,36,-38,25,-28,25,65,95,112,259,103,124,-68,123,-7,13,-68,0,-37,-134,-59,-128,-88,-126,-219,-249,-27,-85,-26,-42,-90,7,-139,43,-159,72,-131,92,-56,103,-30,147,-80,59,-231,37,-191,-322,-278,-272,-691,-431,-199,-78,-207,-43,-675,-52,-167,-47,-240,-66,-232,7,-227,55,-399,97,-31,18,2,25,-50,3,-273,158,-729,60,-409,143,-341,262,-189,367,45,457,235,312,686,518,-121,-32,-207,-68,-202,-79,-194,-91,-188,-102,-180,-112,-171,-122,-161,-132,-151,-140,-140,-149,-129,-157,-116,-164,-105,-170,-91,-175,-78,-180,-64,-185,-50,-188,-36,-190,-22,-191,-7,-193],[-902459,297516,28,145,48,-15,-76,-130]],[[-901199,295055,9,-93,172,-179,99,-48,133,31,144,21,54,-7,-25,-8,-8,-44,44,-66,39,-27,38,-21,57,0,51,30,77,-11,66,-64,36,-86,56,-45,147,19,52,-9,41,38,2,71,-17,27,-17,-18,0,28,-8,53,-16,9,-11,-44,-35,-16,-72,-20,-90,37,-100,106,-3,35,103,-10,35,42,-58,80,-97,43,-110,25,-79,32,-46,39,-75,40,-207,68,-140,-12,-88,13,-89,-7,-64,-52]],[[-899453,302610,209,-32,108,12,188,46,110,11,218,-67,358,-264,215,-17,344,98,188,-23,83,-174,-17,-95,-26,-68,-7,-65,50,-82,71,-40,207,-56,70,-41,162,60,158,-7,331,-53,175,39,160,65,72,7,-2053,3075,-1374,-2329]],[[-896129,301685,170,-126,117,29,-88,133,-39,-17,-63,-18,-97,-1]],[[-894940,297788,40,-423,133,72,98,227,83,48,62,-42,50,-92,71,-93,130,-45,-48,136,-31,147,-61,123,-139,71,-34,37,-48,35,-123,65,-149,-116,-34,-150]]]
5412347	p	5419384
5856195	r	-158.2377,21.2542,-157.6472,21.7099	[[[-1582377,215429,17,-13,67,-90,12,-288,5,-208,119,-175,107,-68,179,-142,63,-141,47,-269,187,-88,92,-135,135,-155,105,-270,89,-336,119,-58,45,-39,46,-18,163,45,188,18,367,77,238,37,181,72,52,154,-93,75,-121,95,-163,162,-71,162,86,-68,221,-177,51,33,-63,155,-6,135,57,-61,78,-89,86,-41,37,127,46,41,69,-42,100,-41,122,-88,-44,-87,-109,-60,-101,-45,-109,-46,28,-67,-22,-67,28,-81,6,-101,158,5,11,-8,10,-63,-26,-2,0,-16,-8,-7,8,-33,-16,-1,36,0,-2,-11,166,12,231,1,10,8,1,8,10,0,-9,9,1,6,-10,29,-13,5,-14,0,-52,57,159,113,-4,21,2,1,15,-6,14,14,14,4,0,-55,-1,0,1,-2,-1,-29,42,-95,20,-27,48,-86,-1,-16,21,6,19,-25,164,-76,154,-61,-1,-1,4,-8,4,5,11,-8,2,-10,-8,1,10,-7,10,-2,4,15,26,-10,4,-6,9,1,46,-19,22,-18,36,-8,75,-104,7,-13,1,0,-7,-2,3,-10,11,-26,14,-11,14,-24,35,-16,43,-20,158,5,12,9,22,-6,9,11,-2,16,60,46,48,27,5,6,158,75,55,6,27,2,2,1,133,15,268,63,60,-48,7,-72,-32,-62,9,-32,37,-14,71,10,48,21,21,6,5,5,9,5,-1,5,82,85,220,187,2,1,2,3,11,9,17,2,9,10,-1,12,5,5,15,1,10,18,6,-8,2,9,28,11,23,54,0,6,16,17,-17,17,0,19,-13,-7,-34,33,-209,103,-216,135,-107,156,-35,115,45,114,-35,87,-129,122,-165,97,-18,141,29,181,147,139,-28,74,-124,-32,-245,30,-109,-46,-16,-114,151,-96,-96,-126,-66,-73,-101,35,-21,74,-151,49,-78,128,-92,115,-123,49,-93,27,-34,168,-21,108,-19,168,51,60,80,-1,1,73,-1,154,-95,140,-76,83,-101,35,-76,-19,-27,114,-28,61,-108,55,-63,175,-135,122,-129,169,47,180,-86,88,-6,88,-86,41,-6,107,-163,127,-65,83,-57,61,-73,41,-129,8,-318,-84,-209,-181,-153,-121,-94,-188,-72,-111,14,-58,-80,-66,-210,-152,-181,-99,-47,-58,-35,-122,-155,34,-126,-31,-165,-6,-281,16,-86,-4,-163,-186,-172,-226,-18,-27]]]
5323810	p	5368361
4498303	p	4487042
4167147	r	-81.7057,28.3419,-80.9543,28.7691	[[[-817057,285600,12,-222,37,-219,61,-215,85,-209,107,-201,129,-190,149,-178,21,-20,1755,128,983,-104,-22,-49,-5,-51,194,2,0,-58,212,4,-20,34,-68,65,73,-67,18,-33,13,-44,38,-19,0,-16,15,0,-5,12,6,-3,0,-10,-14,0,1,-43,21,0,-1,49,-2,1,27,-13,91,-65,48,-11,4,-45,20,0,0,-9,-19,0,-4,-174,19,0,1,-14,20,0,0,8,115,0,0,-8,10,0,0,17,2,-89,82,4,0,-18,-82,-4,1,-42,607,2,-26,23,-11,0,0,13,-54,53,-22,32,-10,42,0,109,-22,0,0,26,22,0,-3,158,840,-431,0,-23,46,0,129,-66,75,17,236,75,227,95,216,114,201,132,186,149,169,165,149,178,129,190,107,201,85,209,61,215,37,219,12,222,-12,222,-37,219,-61,215,-85,209,-107,201,-129,190,-149,178,-113,109,-2932,-465,-404,108,-1898,905,-8,-2,-227,-95,-216,-114,-201,-132,-186,-149,-169,-165,-149,-178,-129,-190,-107,-201,-85,-209,-61,-215,-37,-219,-12,-222],[-813282,283953,5,-3,-2,-2,-3,5]]]
4297983	r	-84.973,37.5272,-83.8969,38.4454	[[[-849730,377433,81,-104,223,-246,242,-234,261,-221,278,-207,295,-192,310,-176,324,-160,337,-143,347,-125,358,-106,365,-88,371,-69,377,-49,380,-30,381,-10,381,10,380,30,377,49,371,69,365,88,358,106,347,125,337,143,324,160,310,176,295,192,278,207,261,221,242,234,223,246,201,258,180,267,157,275,135,284,111,289,86,295,62,299,38,301,12,303,-12,303,-38,301,-62,299,-86,295,-111,289,-135,284,-157,275,-180,267,-201,258,-223,246,-242,234,-261,221,-278,207,-295,192,-310,176,-324,160,-337,143,-347,125,-358,106,-365,88,-371,69,-119,16,-1473,-1739,-1856,-2190,-2620,-3092]]]
5387877	r	-117.5237,33.8031,-117.2788,34.0258	[[[-1175237,339457,73,1,36,-26,12,-22,-8,-40,-27,-17,0,-20,-22,-35,11,-18,13,-70,13,-6,23,-63,-10,-43,16,0,0,-82,28,6,1,-1,65,-79,-20,-10,35,-37,-17,-6,9,-11,-6,-3,38,-48,25,15,11,18,26,19,14,-13,40,10,50,-13,39,-21,1,-24,13,-5,44,13,1,17,-16,14,18,16,30,11,553,-853,896,569,12,129,79,1,-1,100,24,0,0,18,-24,0,0,33,45,-6,174,1,-1,165,-42,0,0,-19,-65,0,0,-19,-22,0,0,-19,-88,0,0,37,-52,-1,7,73,17,0,0,23,27,0,2,43,65,0,0,-29,15,0,7,9,0,27,215,2,-44,109,-9,0,-2,36,19,1,0,5,39,-1,0,14,21,0,0,-18,23,1,-2,114,-150,29,-42,3,-40,17,-17,45,-50,-6,-12,11,-14,-1,-1,11,-22,1,-3,8,2,27,38,8,-13,15,-21,11,0,1,30,0,-12,25,8,18,-3,21,23,41,-4,35,6,36,-8,50,16,15,4,-6,10,7,16,0,0,16,-23,-1,-1,46,-22,-1,-1,32,-124,0,-43,20,15,12,22,0,2,15,9,5,32,2,13,12,29,1,5,-36,45,-1,0,38,52,1,0,35,-17,0,-15,-12,-33,12,-32,0,0,21,-10,0,1,-14,-7,-1,-19,8,-21,-1,-58,28,-16,0,0,10,-23,-4,0,-8,-22,0,1,-20,-30,0,2,66,-14,0,-10,-12,-132,0,-14,22,11,13,11,-6,13,4,-3,5,10,15,-18,9,8,12,-110,0,-62,0,-29,-13,-12,-15,-192,92,-865,-157,-47,-476,-14,0,-1,-8,-32,-1,-1,-8,-238,1,-1,-9,-21,0,-1,-9,-87,0,0,-35,-44,-1,-4,-98]]]
4683416	r	-98.0289,27.2401,-96.8501,28.3591	[[[-980289,278000,13,-366,41,-365,67,-362,93,-357,120,-350,145,-343,169,-334,194,-323,218,-312,240,-298,261,-283,281,-267,300,-251,318,-233,335,-213,349,-194,359,-170,110,130,-46,105,-149,37,-196,-74,-24,37,-15,28,-16,71,204,92,-120,206,-363,323,142,0,-105,207,-341,305,-38,239,314,-188,253,-223,798,-1030,33,-93,4,-86,39,-63,133,-24,107,19,55,48,10,64,-33,68,183,241,96,38,63,-143,157,125,82,43,108,37,-75,137,124,66,230,204,193,77,-43,-187,-20,-195,38,-113,80,-36,72,13,16,34,71,-51,46,-9,-4,-21,-79,-87,-72,-35,-104,-13,-199,11,35,-39,19,-35,26,-31,55,-31,-121,-101,-363,-172,190,-119,142,39,215,216,645,238,112,72,29,224,412,1034,142,149,31,101,34,200,171,438,63,106,106,178,122,202,14,24,36,82,26,221,33,111,50,81,118,133,97,159,32,158,-76,130,-889,337,-157,135,-189,359,-33,105,84,284,-5,15,-1,3,-4,13,-19,57,-22,70,-75,-90,-45,-18,-71,-28,-4,1,-120,3,-95,57,-323,-67,-230,36,-14,10,-125,97,-13,10,-27,20,-23,36,-95,141,-44,65,135,46,31,11,39,5,83,-22,32,-42,8,-44,14,-22,28,-9,29,-9,78,-36,76,-14,56,11,13,46,12,41,1,4,40,25,15,9,277,20,201,-7,361,-13,141,34,118,28,-30,-67,-12,-40,-25,-38,-68,-52,-1,-1,245,15,337,129,69,27,236,27,169,-48,45,-34,99,-74,126,-147,113,-169,-205,0,0,-74,95,-11,167,-20,222,149,788,1004,367,590,11,-32,0,-27,14,-14,50,5,165,299,67,80,104,96,25,47,-13,63,-14,139,66,387,-30,115,-103,78,-73,-30,-37,-18,-11,-11,16,-33,37,-45,-162,-171,-487,-178,-103,-166,-18,-127,-49,-134,-68,-115,-76,-71,-116,-42,4,47,43,96,1,104,-100,144,-141,110,-183,69,-222,25,-86,98,189,220,413,371,-159,45,-41,96,41,110,84,84,121,19,141,-37,78,-78,-67,-103,273,61,388,145,352,195,160,214,62,0,66,-145,-57,-305,66,-102,-33,-51,-31,-37,-34,-27,-39,-22,358,-106,114,44,137,199,106,204,37,121,-103,97,-300,251,-318,233,-239,152,-3917,995,-84,-2,-410,-36,-406,-60,-401,-83,-394,-106,-385,-129,-375,-152,-363,-172,-349,-194,-335,-213,-318,-233,-300,-251,-281,-267,-261,-283,-240,-298,-218,-312,-194,-323,-169,-334,-145,-343,-120,-350,-93,-357,-67,-362,-41,-365,-13,-366]],[[-974952,272466,131,-19,410,-36,81,-2,58,91,11,137,-140,85,-364,-158,-187,-98]],[[-973923,272401,334,10,81,7,42,324,263,834,588,1338,21,48,814,1566,835,1166,396,554,109,105,-86,89,-149,-33,-79,-264,-65,-104,-338,-278,-81,-68,-272,-296,-547,-1069,-63,0,-72,109,-114,73,-235,85,45,-159,56,-112,-11,-94,-121,-304,-136,-261,-98,-212,-24,-50,-152,-326,-142,-299,-91,-218,-173,-471,-315,-607,-195,-1028,-25,-55]],[[-970430,278703,86,-183,57,195,141,194,354,369,410,553,881,881,0,1,-52,87,-218,312,-87,108,-18,-28,-53,-100,-74,-72,-138,-29,-585,-892,0,-49,192,-47,4,-61,-63,-111,-47,-64,-295,-284,-363,-477,-132,-303]],[[-969451,281265,169,67,281,66,-10,12,-261,283,-18,18,-45,-82,-116,-364]]]
4297999	p	4297983
4508722	r	-85.0017,38.746,-84.0183,39.3165	[[[-850017,391300,11,-251,31,-250,53,-248,73,-245,93,-240,114,-235,132,-229,152,-222,170,-213,187,-205,204,-194,220,-183,235,-172,249,-159,261,-147,274,-132,283,-119,293,-104,302,-88,307,-73,314,-57,317,-41,320,-25,322,-8,322,8,320,25,317,41,314,57,307,73,302,88,293,104,283,119,274,132,261,147,249,159,235,172,220,183,204,194,187,205,170,213,152,222,132,229,114,235,93,240,73,245,53,248,31,250,11,251,-11,251,-31,250,-53,248,-73,245,-93,240,-114,235,-132,229,-53,77,-233,90,-905,-107,-3525,-415,-4497,-529,-19,-65,-53,-248,-31,-250,-11,-251]]]
5392900	r	-118.062,33.527,-117.4732,33.96	[[[-1180620,338477,3,-15,26,0,-14,-47,7,-28,8,0,0,-34,42,-174,267,-16,1,-64,107,1,-1,72,27,0,-1,20,-13,8,52,17,-1,12,-28,-2,0,18,-13,-4,3,-15,-22,1,3,19,2,0,0,18,23,1,0,17,11,0,0,22,21,1,-1,16,34,0,-1,12,12,1,0,4,43,0,0,19,162,1,4,36,53,2,-1,54,22,0,0,19,-22,0,-1,72,-43,-1,0,37,8,-4,10,4,66,-35,13,0,5,21,68,-21,482,3,-1,86,87,1,0,-5,41,5,2,-90,44,0,51,21,37,0,0,16,43,0,0,17,60,1,-17,-61,162,41,-6,18,-11,-3,-6,17,11,3,-4,9,42,11,3,-10,43,11,-8,18,-48,-12,-5,33,25,5,-1,10,282,-6,0,-39,57,1,1,-22,30,1,0,-12,48,-1,0,10,50,1,-2,56,13,26,29,7,10,-6,76,16,17,23,7,-5,6,4,46,-33,1,-4,32,-19,-4,-9,11,-14,11,-7,22,1,9,-34,54,3,37,12,0,-3,19,9,8,3,2,3,4,1,56,59,31,20,99,17,100,28,33,17,0,-14,-25,-12,-8,-20,25,-13,19,-27,63,5,125,-38,5,0,12,-1,99,-11,3,1,2,0,98,35,4,3,14,5,34,21,10,3,31,2,59,2,54,-25,-8,33,-15,9,7,8,-26,10,-3,62,-22,13,0,1,-287,176,-130,80,0,-1,-63,39,-281,203,-817,260,-96,0,-113,-251,-262,-222,-172,-55,-10,12,-24,-1,0,90,-66,0,0,37,-20,0,0,35,-89,0,1,-90,26,0,-7,-34,8,-9,-9,-1,-17,33,-1,-7,-88,0,1,-51,-26,4,-19,-7,-7,9,-12,-2,3,-6,-20,-15,2,-5,-270,0,0,-36,-37,0,-234,124,-228,-73,-355,-602]],[[-1180428,337741,3,0,482,-2,0,-19,20,0,25,-54,87,1,1,-73,174,2,0,-37,21,0,1,-38,11,0,0,-17,-11,0,0,-23,-21,0,0,-31,21,0,0,17,22,0,-1,54,130,3,1,-73,9,0,0,-12,7,0,0,-10,-15,0,1,-104,22,0,0,9,21,1,0,36,1,-45,42,1,8,-19,124,1,-1,19,87,1,4,-35,0,-2,10,-6,-22,-56,-40,-74,-91,-136,101,1,0,-65,272,8,0,-22,241,0,0,-25,5,-3,-8,-11,-2,-2,1,-7,0,-4,0,-5,45,-22,-98,-129,5,-3,-27,-43,7,-4,-6,-8,18,-39,76,72,17,7,20,0,85,-54,-85,-91,27,-62,4,-87,2,-3,18,-27,6,-9,1,0,54,-37,15,-11,152,-50,58,-49,70,-33,3,-2,40,-64,3,-2,7,-7,13,-12,30,-14,66,-11,5,-1,1,0,13,-5,38,-14,-5,-6,16,-1,29,-24,17,9,42,-17,77,-13,63,-25,15,157,102,53,315,-89,57,-54,17,-1,1,-16,10,-9,8,-3,-5,22,19,17,15,-11,39,-51,10,-53,6,-9,356,-339,34,27,0,51,39,-1,-14,-91,7,-88,-9,-75,151,-93,0,164,727,-232,1131,254,-375,1156,-52,592,-1556,516,-235,299,29,440,-18,12,12,12,-22,15,-8,-15,-16,11,-9,-33,-13,-10,6,-4,-6,-7,10,-5,-20,-8,-1,-17,33,-26,-3,-16,-25,-20,-9,-33,-15,-16,28,-23,-13,-9,-1,-18,-16,-27,-25,-1,-6,-24,-9,6,2,8,-25,3,-18,20,0,11,-20,13,-1,20,-13,-16,7,-17,-7,-15,4,-21,-9,-7,-40,30,-19,0,3,35,-10,14,-10,66,-20,14,-9,20,-21,5,-17,2,-28,-33,-6,9,-148,-174,-136,16,-20,16,10,9,-6,4,9,15,-15,23,-22,5,-24,-19,-49,-2,-39,-18,-13,7,-7,-5,-7,13,-48,5,0,14,-28,0,-19,11,-40,0,-3,9,-22,-6,-16,8,-27,-1,-23,26,-33,-11,-17,11,-20,-15,-27,2,-26,-13,-4,20,-25,-12,-50,7,6,-14,-13,-4,8,-17,-4,-4,-11,-1,-33,16,-1,1,1,9,-12,3,-3,12,-25,-5,-39,18,35,30,-38,8,-16,43,-86,-3,-49,-15,-8,17,-93,-44,21,-9,-55,-63,-13,-15,-72,-211,-69,-134,-25,-65,-79,6,0,25,-63,0,43,-42,-62,-18,-1,23,-19,0,-71,1,1,-18,-42,0,1,-18,-45,0,-1,36,-21,0,-2,37,-64,-1,0,27,-45,-1,1,-27,-45,0,1,-17,-21,-1,0,-19,-64,0,-1,63,41,1,0,18,-42,-1,0,27,-219,-1,0,37,42,1,-2,35,-88,16,-1,-16,-38,0,0,11,-39,-6,-2,16,-4,-20,-15,-1,-6,8,0,-9,-17,0,0,38,7,0,-42,8,5,9,-123,-1,0,-9,-22,0,0,-1,117,-7,24,-108,-9,0,0,-25,-43,1,2,-50,45,1,0,-58,-25,-16,42,1,0,-10,-17,0,0,-27,-27,0,0,-27,-16,0,0,19,-11,0,0,-22,-8,-6,19,-1,1,-74,-47,0,0,10,-57,0,-2,127,17,0,1,-27,40,0,0,15,-19,-1,0,24,-42,0,-1,35,-23,0,-1,72,-92,2,-2,-74,-305,2,0,-113,-12,-68],[-1177171,337485,62,-48,41,-32,-103,80]]]
5399020	r	-121.5886,37.5992,-120.836,38.3538	[[[-1215886,382090,251,-717,550,-752,12,-105,34,-18,173,-51,109,-75,170,-166,133,-167,1,-76,-137,85,-213,179,-206,84,-44,34,152,-1319,1289,-521,1130,-2513,3649,3189,-65,114,-114,169,-127,163,-87,97,866,241,-14,108,-9,47,-314,23,34,72,81,211,63,215,46,218,27,220,9,221,-9,221,-27,220,-46,218,-63,215,-81,211,-98,207,-115,201,-132,195,-147,188,-163,179,-177,171,-13,12,-190,-43,-6188,-1405]]]
5206379	r	-80.4349,40.1068,-79.5651,40.7732	[[[-804349,404400,10,-218,27,-217,47,-215,64,-212,83,-209,100,-204,118,-199,134,-192,150,-185,166,-178,180,-168,195,-159,208,-149,220,-139,231,-127,242,-115,251,-103,259,-90,266,-76,272,-64,278,-49,280,-36,284,-21,284,-7,284,7,284,21,280,36,278,49,272,64,266,76,259,90,251,103,242,115,231,127,220,139,208,149,195,159,180,168,166,178,150,185,134,192,118,199,100,204,83,209,64,212,47,215,27,217,10,218,-10,218,-27,217,-47,215,-64,212,-83,209,-100,204,-118,199,-134,192,-150,185,-166,178,-180,168,-195,159,-208,149,-220,139,-231,127,-242,115,-251,103,-259,90,-266,76,-272,64,-278,49,-280,36,-284,21,-284,7,-284,-7,-284,-21,-280,-36,-278,-49,-272,-64,-266,-76,-259,-90,-251,-103,-242,-115,-231,-127,-220,-139,-208,-149,-195,-159,-180,-168,-166,-178,-150,-185,-134,-192,-118,-199,-100,-204,-83,-209,-64,-212,-47,-215,-27,-217,-10,-218]]]
5045360	r	-93.2279,44.6147,-92.5155,45.2244	[[[-932279,447757,71,2,19,0,625,-2,50,-15,0,-25,-10,0,-5,-12,3,-19,-23,-5,0,7,-14,-2,0,-78,-18,0,0,-13,18,0,0,-24,-22,-12,5,-14,17,-9,-1,-61,2344,-1064,734,-218,71,-46,244,52,272,73,265,86,256,98,247,109,237,121,225,132,212,141,199,152,184,160,170,169,153,176,137,183,120,188,103,194,84,199,66,202,48,204,28,207,10,207,-10,207,-28,207,-48,204,-66,202,-84,199,-103,194,-120,188,-137,183,-153,176,-170,169,-184,160,-199,152,-212,141,-225,132,-237,121,-247,109,-256,98,-265,86,-272,73,-200,43,-1410,-1009,-1604,-648,-261,-705,-24,0,0,-67,-16,-42,-187,-1,1,109,-204,0,-2,-349,49,-33,20,-52,9,-173,-16,-85,13,-97,63,-38,-12,0,-38,-101,3,-3,-158,-326,53,3,113,-7,5,-15,-9,-23,-49,-56,-61,-108,-21,-19,-39,-9,-49,0,-16,-7,-3,-21,27,-41,-11,-10,-70,-20,-4,-534]]]
5072006	r	-97.124,40.454,-96.2159,41.146	[[[-971240,408000,10,-226,29,-226,48,-223,68,-221,86,-216,105,-212,122,-206,140,-200,157,-192,173,-184,189,-175,203,-166,217,-154,229,-144,242,-132,252,-119,262,-107,271,-94,278,-79,284,-66,289,-52,293,-36,296,-23,297,-7,297,7,296,23,293,36,289,52,284,66,278,79,271,94,262,107,252,119,242,132,229,144,217,154,203,166,189,175,173,184,157,192,140,200,122,206,105,212,86,216,68,221,48,223,29,226,10,226,-10,226,-29,226,-48,223,-68,221,-86,216,-11,22,-614,895,-72,77,-189,175,-203,166,-217,154,-229,144,-242,132,-252,119,-262,107,-271,94,-278,79,-284,66,-289,52,-293,36,-296,23,-297,7,-297,-7,-296,-23,-293,-36,-289,-52,-284,-66,-278,-79,-271,-94,-262,-107,-252,-119,-242,-132,-229,-144,-217,-154,-203,-166,-189,-175,-173,-184,-157,-192,-140,-200,-122,-206,-105,-212,-86,-216,-68,-221,-48,-223,-29,-226,-10,-226]]]
5879400	r	-151.9951,60.2045,-147.8051,62.2355	[[[-1519951,612200,45,-664,135,-661,223,-656,311,-647,398,-636,483,-622,566,-605,532,-483,144,31,-64,174,-832,852,-53,92,-14,104,124,211,432,291,52,187,219,77,438,42,350,223,334,143,460,292,444,141,463,84,383,28,754,-74,128,32,260,141,127,32,673,64,665,146,223,105,144,138,122,160,673,691,210,141,113,52,271,74,124,11,138,31,177,137,99,31,562,33,1606,397,396,235,343,365,234,-153,294,-74,193,33,-156,378,134,196,240,134,228,39,-204,-456,190,-371,421,-249,490,-91,1160,-17,66,17,39,61,9,76,-15,59,-33,9,136,85,46,-2,41,-62,118,-96,134,-56,2967,-137,332,131,117,118,111,181,81,211,87,423,136,186,177,148,178,98,473,183,190,103,382,289,1087,348,2205,250,250,-74,-137,-68,1383,75,330,-75,-155,-124,-103,-28,-880,1,-367,-80,-196,-28,-5,-16,-234,-54,-3528,-772,-1055,-1219,-687,-330,-356,-101,-1926,-225,-2258,-342,1429,-731,347,-191,1893,0,515,-121,2501,-635,594,-178,658,-207,2315,-486,-719,76,-398,141,-190,32,-956,0,-170,24,-444,181,-339,98,-359,63,-711,44,-262,-43,-806,-292,-471,-59,-659,-220,-1815,204,-112,32,-220,142,-354,127,-161,221,-122,252,-126,183,-522,144,-655,-131,-1508,-557,-1600,-518,-2628,-1167,-176,-137,-278,-110,-1815,-100,-231,-80,-215,-187,-262,-95,-731,-11,-204,-198,56,-161,158,-232,181,-206,228,-187,211,-474,121,-180,323,-234,67,-137,20,-281,-21,-211,-75,-273,90,-41,1060,-422,1114,-387,1165,-351,1209,-313,1249,-274,1283,-234,1312,-193,1335,-151,1352,-108,1365,-65,1370,-22,1370,22,1365,65,1352,108,1335,151,1312,193,1283,234,1249,274,1209,313,1165,351,1114,387,1060,422,1000,454,378,196,-51,10,-231,21,-181,43,-28,105,-403,68,-439,-177,-438,-242,-574,-186,-362,-285,-211,-66,-173,66,51,149,154,161,135,102,564,313,750,303,360,222,260,71,228,-22,98,-164,134,-115,530,31,24,-93,0,-62,195,-50,168,86,322,191,445,388,144,15,136,40,230,156,-71,81,-17,80,-5,80,-38,94,-88,104,-181,152,-79,92,-100,209,-12,194,79,164,176,121,0,63,-339,-120,-438,-262,-341,-313,-49,-267,-114,-92,-116,-36,-123,-21,-131,-50,-243,-217,-98,-63,-46,387,82,121,274,45,38,55,-60,263,-9,92,69,97,96,50,244,51,-38,84,-61,66,-79,44,-95,23,0,63,137,0,0,68,-584,0,-69,-20,-131,-90,-110,-21,-259,-4,-202,-26,-193,-65,-233,-122,-121,-40,-87,-9,-53,-41,-19,-142,-24,-93,-64,-76,-87,-51,-230,-45,-224,-131,-122,-54,-116,-21,-362,21,0,74,150,54,110,109,150,247,118,124,273,150,124,105,328,188,904,88,382,96,-104,123,-161,19,-617,-134,-83,-8,-52,20,-84,90,-66,20,-335,-68,-351,-127,-350,-81,-336,72,1173,378,630,99,661,6,290,-57,449,-183,292,-39,213,63,-153,145,-476,277,207,-22,364,-94,183,-21,132,48,14,120,-24,155,17,155,98,112,107,65,48,72,-79,132,-368,273,-72,103,195,-16,319,-161,169,-28,129,38,335,178,113,94,347,414,56,113,-1,119,31,93,150,43,-289,165,-500,-56,-518,-160,-343,-147,-618,-411,-347,-128,-395,55,0,74,419,116,90,52,75,80,201,165,102,59,-115,57,-246,32,-123,47,189,72,854,98,268,118,198,54,625,81,360,123,142,32,59,-50,-88,-186,169,-60,100,-123,85,-142,196,-176,75,-128,64,-48,79,-22,226,22,284,108,225,253,347,520,551,454,354,218,296,92,102,65,284,246,-43,642,-135,661,-223,656,-311,647,-398,636,-483,622,-566,605,-646,587,-724,564,-799,540,-869,514,-938,485,-1000,454,-1060,422,-1114,387,-1165,351,-1209,313,-1249,274,-1283,234,-1312,193,-1335,151,-1352,108,-1365,65,-1370,22,-1370,-22,-1365,-65,-1352,-108,-1335,-151,-1312,-193,-1283,-234,-1249,-274,-1209,-313,-1165,-351,-1114,-387,-1060,-422,-1000,-454,-938,-485,-869,-514,-799,-540,-724,-564,-646,-587,-566,-605,-483,-622,-398,-636,-311,-647,-223,-656,-135,-661,-45,-664],[-1493505,609075,1681,-10,1152,-281,251,-255,-169,35,-191,74,-126,83,-129,60,-225,55,-2244,239]],[[-1482301,607297,79,-236,277,-246,258,-186,107,-70,569,443,-69,95,-203,17,0,68,182,71,-11,128,-129,130,-172,80,-174,56,-583,-56,53,-31,151,-112,-335,-151]],[[-1481368,608264,17,-133,80,-125,111,-30,286,25,636,-89,153,51,375,280,66,71,224,289,-13,13,28,242,-271,198,-645,248,-574,-80,-183,6,0,-62,379,-126,-116,-122,-299,-145,-169,-194,-19,-115,-40,-98,-26,-104]],[[-1480504,609501,115,-54,191,-31,817,-328,73,-46,86,-85,36,-53,25,32,398,636,311,647,223,656,133,654,-68,-33,-295,-90,-380,-212,-342,-251,-178,-205,61,-11,144,-51,-137,-138,-156,-272,-122,-142,-95,-44,-224,-31,-91,-56,-47,-64,5,-28,26,-25,16,-57,-364,-196,-161,-122]]]
4300488	n	-82.9966,38.1839,-82.4234,38.6361	[[[-829966,384100,14,-222,41,-219,68,-215,95,-209,120,-201,145,-190,168,-178,188,-165,209,-149,226,-132,241,-114,254,-95,265,-75,273,-54,278,-32,281,-11,281,11,278,32,273,54,265,75,254,95,241,114,226,132,209,149,188,165,168,178,145,190,120,201,95,209,68,215,41,219,14,222,-14,222,-41,219,-68,215,-95,209,-120,201,-145,190,-168,178,-188,165,-209,149,-226,132,-241,114,-254,95,-265,75,-273,54,-278,32,-281,11,-281,-11,-278,-32,-273,-54,-265,-75,-254,-95,-241,-114,-226,-132,-209,-149,-188,-165,-168,-178,-145,-190,-120,-201,-95,-209,-68,-215,-41,-219,-14,-222]]]
5505411	p	5506956
4469146	r	-80.371,35.5956,-79.563,36.4843	[[[-803709,357566,162,-184,185,-184,191,-167,692,-463,243,-124,258,-112,267,-98,274,-84,280,-70,285,-54,288,-39,292,-23,292,-8,292,8,292,23,288,39,285,54,280,70,274,84,267,98,258,112,248,126,238,139,226,152,214,163,200,174,67,66,382,-464,237,73,304,112,18,8,-440,3266,-9,-7,2,-6,-58,-9,-9,-18,17,-6,6,-16,-2,-9,-14,-4,-7,-22,3,24,-19,10,-13,-9,-14,4,-17,20,-8,-5,9,-9,-3,-9,-8,17,11,10,17,-22,13,-4,8,9,11,1,22,-12,5,18,-5,7,-13,-1,-5,5,6,21,21,9,18,-1,12,15,21,14,-600,4444,-235,45,-329,44,-331,27,-333,9,-333,-9,-331,-27,-329,-44,-325,-62,-318,-78,-225,-69,-319,-3033,-3629,-3954,0,-1],[-799636,360941,9,31,2,9,-11,-40]]]
4719457	p	4684888
5101798	p	5128581
5261457	r	-89.8875,42.7151,-88.9125,43.4285	[[[-898875,430700,11,-234,31,-234,52,-231,72,-229,93,-224,112,-220,132,-214,150,-207,169,-199,186,-191,202,-181,218,-171,233,-161,246,-148,260,-137,271,-124,281,-111,290,-96,299,-83,305,-68,311,-53,269,-33,284,176,1033,640,4235,2622,5,111,-11,234,-31,234,-52,231,-72,229,-93,224,-112,220,-132,214,-150,207,-169,199,-186,191,-202,181,-218,171,-233,161,-246,148,-260,137,-271,124,-281,111,-290,96,-299,83,-305,68,-311,53,-315,39,-317,23,-319,7,-319,-7,-317,-23,-315,-39,-311,-53,-305,-68,-299,-83,-290,-96,-281,-111,-271,-124,-260,-137,-246,-148,-233,-161,-218,-171,-202,-181,-186,-191,-169,-199,-150,-207,-132,-214,-112,-220,-93,-224,-72,-229,-52,-231,-31,-234,-11,-234]]]
4407066	r	-90.5851,38.258,-89.727,39.0847	[[[-905851,384143,98,-108,196,-188,212,-178,226,-166,239,-155,252,-141,263,-129,273,-115,282,-100,289,-86,297,-71,301,-55,306,-40,308,-24,309,-7,309,7,308,24,306,40,301,55,297,71,289,86,282,100,273,115,263,129,252,141,239,155,226,166,212,178,196,188,180,198,164,207,146,214,127,222,109,228,90,233,71,237,50,240,30,243,10,243,-10,243,-30,243,-50,240,-71,237,-90,233,-109,228,-127,222,-146,214,-164,207,-180,198,-196,188,-212,178,-41,30,-845,-403,-32,105,-71,184,-86,181,-102,175,-116,170,-130,164,-143,157,-156,149,-168,141,-179,132,-190,122,-200,112,-208,102,-217,91,-224,80,-230,68,-235,56,-239,43,-243,32,-244,19,-246,6,-246,-6,-244,-19,-243,-32,-239,-43,-109,-27,414,-4224,-1456,-1727,-528,-626]]]
5336899	p	5391811
5174035	r	-84.0697,41.2766,-83.0502,41.9877	[[[-840697,416600,11,-251,33,-249,54,-248,76,-244,97,-240,117,-235,138,-229,157,-221,176,-213,195,-204,211,-194,228,-183,244,-171,257,-159,271,-146,284,-133,294,-118,304,-104,312,-88,319,-73,325,-57,329,-41,332,-24,333,-9,333,9,332,24,329,41,325,57,319,73,312,88,304,104,294,118,284,133,271,146,257,159,244,171,228,183,211,194,195,204,176,213,157,221,138,229,117,235,97,240,76,244,54,248,33,249,11,251,-11,251,-33,249,-54,248,-76,244,-97,240,-117,235,-138,229,-157,221,-47,56,-4035,1282,-274,22,-3839,-709,-51,-40,-211,-194,-195,-204,-176,-213,-157,-221,-138,-229,-117,-235,-97,-240,-76,-244,-54,-248,-33,-249,-11,-251]]]
5099836	p	5128581
5511077	r	-120.3929,39.3087,-119.2924,39.9826	[[[-1203929,395300,13,-296,37,-295,62,-292,87,-288,111,-284,134,-277,158,-270,145,-211,521,36,4861,334,4096,-141,9,10,158,197,141,205,124,212,105,218,87,222,68,227,49,229,29,232,10,232,-10,232,-29,232,-49,229,-68,227,-87,222,-105,218,-124,212,-141,205,-158,197,-174,189,-190,180,-205,170,-219,159,-231,147,-244,136,-254,122,-264,110,-273,96,-280,82,-287,67,-291,53,-296,38,-298,23,-299,8,-299,-8,-1,0,0,972,-300,8,-381,-10,-380,-29,-376,-48,-372,-67,-365,-86,-356,-105,-348,-122,-336,-139,-324,-157,-310,-172,-295,-188,-278,-203,-261,-216,-242,-229,-222,-241,-202,-251,-179,-261,-158,-270,-134,-277,-111,-284,-87,-288,-62,-292,-37,-295,-13,-296]]]
5289282	p	5308655
4920423	r	-85.6596,40.7284,-84.6003,41.5316	[[[-856596,411300,11,-263,34,-261,57,-260,78,-255,101,-252,122,-246,143,-239,163,-232,183,-223,202,-214,220,-203,237,-192,253,-179,268,-167,282,-153,294,-139,306,-124,315,-108,325,-93,331,-76,338,-60,342,-43,345,-26,346,-8,346,8,345,26,342,43,338,60,331,76,325,93,315,108,306,124,294,139,282,153,268,167,253,179,237,192,220,203,202,214,183,223,163,232,143,239,122,246,101,252,78,255,57,260,34,261,11,263,-11,263,-34,261,-57,260,-78,255,-101,252,-122,246,-143,239,-163,232,-183,223,-202,214,-220,203,-237,192,-253,179,-268,167,-282,153,-294,139,-306,124,-315,108,-325,93,-331,76,-338,60,-342,43,-345,26,-346,8,-346,-8,-345,-26,-342,-43,-338,-60,-331,-76,-325,-93,-315,-108,-306,-124,-294,-139,-282,-153,-268,-167,-253,-179,-237,-192,-220,-203,-202,-214,-183,-223,-163,-232,-143,-239,-122,-246,-101,-252,-78,-255,-57,-260,-34,-261,-11,-263]]]
5110629	r	-79.2419,42.5751,-78.3486,43.3368	[[[-792419,427233,70,-82,162,-168,178,-159,191,-150,203,-141,216,-131,227,-120,238,-109,246,-97,254,-85,262,-73,267,-59,272,-47,276,-34,278,-20,279,-7,279,7,278,20,276,34,193,33,-31,257,47,-3,258,-7,258,7,257,18,254,31,251,44,247,55,242,67,235,78,227,90,219,100,210,111,199,121,189,130,176,139,164,147,150,155,136,161,122,168,106,173,91,178,75,182,59,186,42,187,25,190,8,190,-8,190,-25,190,-42,187,-59,186,-75,182,-91,178,-106,173,-122,168,-136,161,-130,134,-2617,-1039,3482,1383,-37,73,-131,212,-149,206,-168,199,-184,189,-202,181,-216,170,-232,160,-245,148,-257,136,-270,123,-279,110,-289,97,-297,82,-303,68,-309,53,-313,38,-315,23,-317,7,-317,-7,-315,-23,-313,-38,-309,-53,-303,-68,-297,-82,-289,-97,-279,-110,-177,-81,15,-31,46,-174,6,-101,46,-797,-7,-108,-21,-120,87,1,4,-42,-14,-53,-58,-33,-46,-57,-30,-24,-23,-5,-49,-30,-14,-33,0,-23,31,-18,25,-22,22,-68,-52,-99,2,-7,74,-86,136,-124,57,-44,288,-52,78,-99,-57,-88,-65,-180,-116,-129,22,-147,128,-106,249,-149,235,-99,237,-62,159,-94,-20,-15,32,-20,81,-112,20,-57,-99,-410,-98,-109,-343,-382,-563,-374,-1534,-547,-691,-247]]]
4464368	r	-79.4006,35.6164,-78.4613,36.3677	[[[-794006,358136,74,-161,98,-176,111,-169,125,-164,137,-156,150,-149,161,-140,172,-132,183,-122,191,-112,201,-102,208,-90,215,-80,221,-68,226,-55,229,-44,233,-31,235,-19,61,-2,1456,2159,-3,1,-22,17,13,13,12,-2,23,8,2,0,180,268,83,31,0,10,23,-1,9,4,0,6,17,0,315,120,5,-10,2,-30,7,-3,16,-55,0,-16,-9,0,-1,-20,45,0,-1,19,37,0,1,-8,62,-2,-43,59,-6,22,39,-3,5,-31,-21,0,13,-20,11,0,9,-26,92,4,3,-7,35,0,7,7,-42,0,2,23,35,-20,20,-3,28,29,31,-3,29,70,-20,-12,-15,12,7,4,0,-8,48,52,-5,0,2,20,11,2,9,41,-37,0,38,22,0,15,-11,2,-28,-16,0,-23,-14,0,0,-30,-11,11,-12,-1,32,39,-6,6,11,7,-5,18,33,-10,31,22,-19,4,1,18,1,1,35,14,-6,2,2,6,1,-1,3,10,0,3,2,6,26,0,-1,10,-26,1,1,15,47,-2,-4,7,6,3,-11,19,19,8,-16,7,-12,-5,-18,16,7,51,5,6,62,-10,0,28,14,0,8,24,30,3,-10,27,8,11,3,-7,28,-1,0,7,-13,0,3,34,12,-3,-1,-14,20,0,129,-93,-1,7,-1,1,-4,24,18,1,0,23,49,-1,0,8,47,-1,0,4,35,2,-3,-62,75,29,3,8,11,-3,23,9,-29,3,13,30,28,0,14,-23,6,2,-2,7,13,18,-27,5,-15,14,2,8,52,55,1,16,18,2,-1,-10,20,1,2,-21,30,38,63,20,-2,-24,26,-60,690,263,2095,1573,-105,227,-125,225,-143,218,-160,210,-177,201,-192,191,-208,180,-221,169,-234,157,-247,143,-257,131,-268,116,-276,102,-284,87,-290,72,-296,56,-299,40,-302,25,-303,8,-303,-8,-302,-25,-299,-40,-296,-56,-290,-72,-266,-81,-610,-1903,-2640,-3355],[-789300,358854,15,56,-13,-48,-2,-8],[-788591,358827,83,32,-1,-7,-17,-37,-65,12],[-788351,358834,10,23,-10,5,39,11,16,-7,-6,-13,-36,-27,-13,8]]]
4171563	r	-82.8292,27.6577,-82.4417,27.9183	[[[-828292,278062,7,-12,238,-208,125,22,-185,180,-67,114,-118,-96]],[[-828066,278247,106,-94,271,-193,117,-83,178,-182,47,-63,132,-181,123,-67,155,-17,58,-7,19,-44,-11,-217,24,-87,54,-44,68,-17,185,0,162,60,112,147,35,182,-70,163,122,307,15,65,28,52,134,152,42,100,2,121,-55,211,-7,53,-8,66,320,168,12,8,-32,44,-319,-35,-131,45,-150,52,-9,-13,-11,19,-84,30,-155,81,-215,112,-118,42,-102,-83,14,-30,1,-8,-18,5,-2,-9,-39,-1,-13,-33,-9,-51,45,0,1,-34,-132,1,-2,34,-93,-76,0,-6,-8,0,0,-1,10,-1,-14,-2,-5,-4,-1,-1,0,-12,17,3,-1,-7,-36,0,-1,-1,-2,-1,19,-1,-34,1,2,-7,-5,0,-5,8,-6,-5,0,-6,7,-1,-5,-10,10,3,-7,-2,-7,-6,-7,-6,0,-2,-1,10,-11,2,7,10,-6,5,7,0,-5,10,-71,1,-29,-2,0,-7,-12,-1,0,-5,12,1,0,-11,-19,0,0,-10,-46,-2,-13,-9,2,-9,-17,3,-13,-15,-10,0,56,-13,44,7,-1,-15,18,0,0,-36,-27,-22,-10,0,5,-4,-578,-472],[-827538,278110,7,-1,0,-1,-7,2],[-827385,278361,1,-6,0,-1,-1,7],[-827381,278379,1,0,4,-4,-5,4],[-827370,278473,1,-6,-1,0,0,6],[-827331,278316,4,5,27,-4,1,-16,0,-1,-1,17,-26,4,-5,-5],[-827298,278368,0,-1,-27,-5,27,6],[-827323,278406,3,-13,-1,0,-2,13],[-827311,278827,0,1,12,0,0,-1,-12,0],[-827296,278307,4,-6,0,-1,-4,7],[-827291,278836,11,1,0,-15,7,-9,-7,8,0,15,-11,0],[-827277,278837,0,2,1,-2,-1,0],[-827263,278269,0,1,14,0,0,-1,-14,0],[-827158,278909,0,1,4,-45,16,-1,-16,0,-4,45],[-827119,278279,2,1,-2,-2,0,1],[-827099,278878,1,0,0,-14,24,1,0,-1,-24,0,-1,14],[-827082,278253,0,12,1,0,-1,-12],[-827040,278973,15,0,60,2,1,-9,-9,-1,10,-10,0,-16,-34,1,-6,15,-9,0,0,-14,-28,0,0,32],[-827011,278938,0,-1,-16,1,16,0],[-827006,279074,2,10,16,0,23,-16,0,-18,-41,-1,0,25],[-827004,278954,1,-42,9,-2,-10,2,0,42],[-826962,278927,1,-1,-1,0,0,1],[-826881,278929,1,-3,12,-1,-12,0,-1,4],[-826836,278930,2,-1,-2,0,0,1],[-826799,278268,6,27,-5,-27,-1,0],[-826794,278952,0,1,23,3,-23,-4],[-826786,278379,5,-2,-1,0,-4,2],[-826579,278934,-1,0,-150,4,151,-4],[-826722,278701,0,1,3,0,-3,-1],[-826719,278835,1,0,0,-4,27,31,0,1,-27,-32,-1,4],[-826709,278877,18,-14,-1,0,-17,14],[-826644,278429,5,0,-5,-1,0,1],[-826165,278637,17,7,-16,-7,-1,0],[-826105,278735,1,0,0,-6,-1,6]],[[-828047,277842,372,-327,138,-328,31,-166,81,-223,112,-177,124,-24,9,124,-67,220,-147,345,-119,180,-409,398,-125,-22]],[[-825336,276577,919,216,-249,553,-38,-53,-158,-281,-69,-41,-91,-27,-79,-50,-33,-117,-33,-78,-169,-122]]]
5359777	p	5392900
4705349	r	-99.9068,26.9773,-98.9015,28.0533	[[[-999068,279217,100,-88,155,-64,25,-47,-39,-102,-86,-156,33,-112,78,-56,93,-47,75,-88,15,-96,-28,-218,13,-96,52,-12,134,-99,118,-114,1,-54,247,-44,12,-10,116,-95,86,-134,122,-127,94,-46,179,-52,69,-38,27,-58,-76,-27,8,-16,-11,-4,19,-37,34,18,15,-20,-11,-7,-14,19,-32,-17,8,-13,-53,-29,67,-67,81,51,7,-10,28,-87,76,-44,124,-173,50,-69,53,-40,24,0,16,45,34,38,27,15,8,-7,4,-45,17,-19,72,-26,37,0,31,8,43,-1,13,-6,9,0,16,-6,32,-22,3,2,31,-28,101,-171,37,-42,114,4,88,44,-1,1,-21,7,-5,9,7,29,22,20,39,-4,16,-34,66,33,30,7,34,-1,59,22,99,-43,10,-17,-45,-17,16,-34,50,18,89,-143,59,-43,159,-46,4,5,12,0,42,-28,1,0,99,-67,22,-40,27,-94,64,-119,49,-37,88,-42,44,-65,-28,-49,-11,-41,-41,-37,-28,-86,-5,-110,-31,-116,6,-96,-23,-74,-8,-61,22,-16,28,-1,48,10,41,18,38,-4,19,3,1,0,59,9,9,0,44,-19,38,-6,5,-2,45,-25,37,-23,14,-15,18,-20,5,-6,7,-21,9,-27,6,-50,-28,-20,-8,-14,-11,-86,-35,-57,-54,-59,-30,-94,-5,-64,52,-156,8,-54,23,-53,0,-28,-21,-119,-32,-67,2,-53,10,-21,-4,-30,-43,-64,-29,-22,-33,-61,128,1,-31,-78,-11,-106,-36,-94,-172,-170,-66,-105,158,-56,20,5,50,-4,32,-14,18,-26,20,-14,50,-28,17,-28,20,-81,25,-34,114,-51,29,-17,143,-153,109,-164,69,-178,20,-194,-38,-192,-145,-432,-22,-202,23,-45,45,-58,43,-72,20,-92,-26,-87,-197,-326,180,-224,38,-57,153,-110,86,-30,87,-4,80,-18,65,-79,26,-112,-1,-163,378,79,381,103,373,125,362,147,351,167,339,188,323,207,308,226,291,243,272,259,252,275,232,289,211,302,187,314,165,324,140,332,116,341,90,346,65,351,39,354,13,355,-13,355,-39,354,-65,351,-90,346,-116,341,-140,332,-165,324,-187,314,-211,302,-232,289,-252,275,-272,259,-291,243,-308,226,-323,207,-339,188,-351,167,-362,147,-373,125,-381,103,-388,81,-393,58,-396,35,-398,11,-398,-11,-396,-35,-393,-58,-388,-81,-381,-103,-373,-125,-362,-147,-351,-167,-339,-188,-323,-207,-264,-194]]]
5525577	r	-102.3109,33.2018,-101.4091,33.9582	[[[-1023109,335800,9,-247,29,-247,48,-244,67,-241,86,-237,104,-231,122,-226,139,-218,156,-210,171,-202,188,-191,201,-181,216,-169,228,-157,240,-144,250,-131,261,-116,268,-102,276,-88,283,-71,287,-57,291,-40,294,-24,295,-8,295,8,294,24,291,40,287,57,283,71,276,88,268,102,261,116,250,131,240,144,228,157,216,169,201,181,188,191,171,202,156,210,139,218,122,226,104,231,86,237,67,241,48,244,29,247,9,247,-9,247,-29,247,-48,244,-67,241,-86,237,-104,231,-122,226,-139,218,-156,210,-171,202,-188,191,-201,181,-216,169,-228,157,-240,144,-250,131,-261,116,-268,102,-276,88,-283,71,-287,57,-291,40,-294,24,-295,8,-295,-8,-294,-24,-291,-40,-287,-57,-283,-71,-276,-88,-268,-102,-261,-116,-250,-131,-240,-144,-228,-157,-216,-169,-201,-181,-188,-191,-171,-202,-156,-210,-139,-218,-122,-226,-104,-231,-86,-237,-67,-241,-48,-244,-29,-247,-9,-247]]]
5295903	p	5308655
7289169	n	-119.7711,45.8944,-118.6019,46.6317	[[[-1197711,462900,10,-223,32,-223,52,-221,73,-217,93,-214,114,-210,132,-203,152,-197,169,-190,188,-182,204,-173,219,-163,235,-153,248,-142,261,-130,273,-118,140,-52,2205,2242,156,-1,11,-8,0,-15,50,0,-14,-11,-33,-2,-3,-21,104,-1,0,-17,-53,0,0,-9,-23,-8,-30,3,0,-22,-17,-2,-4,-12,-59,9,-53,-36,115,-5,87,-32,53,67,-44,-57,24,-11,31,-30,37,-18,20,1,21,44,0,-60,179,-89,38,-14,-41,-61,133,-12,93,-1,-1758,-2235,226,-98,261,-98,270,-85,278,-73,284,-60,288,-46,293,-34,295,-20,296,-7,296,7,295,20,293,34,288,46,284,60,278,73,270,85,261,98,252,109,241,120,229,131,108,70,236,-200,101,51,252,144,238,155,223,166,207,175,190,185,172,193,154,200,134,207,115,212,95,217,74,221,53,224,32,226,10,227,-10,227,-32,226,-53,224,-74,221,-95,217,-115,212,-134,207,-154,200,-172,193,-190,185,-207,175,-223,166,-238,155,-252,144,-264,132,-277,120,-288,107,-297,94,-305,80,-312,66,-317,51,-322,37,-152,10,26,59,-152,56,-293,93,-300,78,-308,65,-313,51,-317,37,-320,21,-321,8,-321,-8,-320,-21,-317,-37,-313,-51,-308,-65,-300,-78,-293,-93,-284,-105,-273,-118,-261,-130,-248,-142,-235,-153,-219,-163,-204,-173,-188,-182,-169,-190,-152,-197,-132,-203,-114,-210,-93,-214,-73,-217,-52,-221,-32,-223,-10,-223],[-1192640,461970,1,16,30,19,139,-1,15,-15,0,-15,-28,-3,-157,-1],[-1192415,462635,2,1,44,-25,-46,24],[-1192369,462611,249,-208,-50,41,-108,86,-91,81],[-1192357,462693,16,17,16,0,-32,-19,0,2],[-1192326,461959,2,42,46,-4,-14,-46,-34,8],[-1192185,462299,5,11,61,6,71,-16,180,-25,159,-37,-11,-14,-50,5,-45,-6,-16,9,-46,1,0,5,-10,-1,7,29,-36,6,0,-21,-28,0,0,18,-239,1,-2,29],[-1192094,462384,45,-24,11,-5,-46,20,-10,9],[-1192038,462355,12,-3,-8,1,-4,2],[-1192002,463055,502,510,0,-637,-183,-1,4,74,-71,-1,-22,-9,-14,-15,1,25,-158,1,-59,53],[-1191960,462461,4,101,119,0,-1,-18,21,0,6,9,12,-1,0,-7,27,-2,13,0,8,18,5,-18,52,0,0,18,35,0,-3,-56,-138,2,-1,-36,-53,0,1,19,-26,0,-2,-42,-48,6,-4,8,-27,-1],[-1191919,462927,105,0,-3,-37,27,0,-2,-38,-100,1,-27,74],[-1191871,462328,182,-51,-8,0,-174,51],[-1191849,462586,0,12,42,-1,5,-13,-47,2],[-1191837,462562,0,16,7,0,-1,-16,-6,0],[-1191687,462779,1,37,105,2,-1,-37,-105,-2],[-1191644,462453,1,25,13,0,0,-7,39,0,1,36,-26,0,1,36,13,0,1,18,101,0,0,-57,-93,-118,1,48,-26,0,0,18,-26,1],[-1191521,462877,21,15,0,-30,-21,15]]]
4499612	r	-80.6821,35.7567,-79.9828,36.4596	[[[-806821,361000,9,-235,29,-234,47,-233,66,-229,84,-225,101,-220,120,-215,136,-207,153,-200,169,-191,183,-182,198,-172,211,-161,224,-149,235,-137,245,-125,256,-110,263,-98,271,-83,112,-27,3629,3954,252,2402,-116,67,-245,125,-256,110,-263,98,-271,83,-277,68,-281,53,-286,39,-288,23,-289,7,-289,-7,-288,-23,-286,-39,-281,-53,-277,-68,-271,-83,-263,-98,-256,-110,-245,-125,-235,-137,-224,-149,-211,-161,-198,-172,-183,-182,-169,-191,-153,-200,-136,-207,-120,-215,-101,-220,-84,-225,-66,-229,-47,-233,-29,-234,-9,-235]]]
5295985	p	5308655
4776222	r	-76.4914,36.2782,-76.047,36.9698	[[[-764914,365506,1674,-1,1122,-2377,32,43,98,56,127,-31,0,-67,-73,-71,-89,-43,528,-125,77,-35,372,70,424,103,152,46,-382,2431,-375,0,14,1159,150,14,51,29,11,25,25,12,60,2,52,10,66,31,32,-16,24,14,41,-10,29,34,20,59,-30,35,-3,34,-25,26,-36,13,-45,83,-22,63,-138,27,-33,17,-35,45,-417,357,-438,74,-162,53,-239,611,-4,27,5,10,43,34,58,-42,33,-12,38,6,33,-3,51,-28,16,-19,29,2,26,27,-2,25,34,61,55,36,66,68,25,73,-83,38,-10,11,-29,0,-48,26,29,21,4,58,22,16,-35,25,-24,30,-28,62,20,19,10,49,14,22,99,125,-69,53,-28,56,30,4,20,42,76,-18,30,-1,2,12,-5,82,-33,-7,-178,34,-186,50,-118,42,-214,130,-53,32,-147,81,-51,16,-77,13,-144,3,2,-10,-285,-53,-52,6,-29,-140,-20,-262,-29,-3,13,180,-25,1,-41,15,-167,9,-202,53,-188,-184,-40,-301,-22,-22,-20,-20,38,-24,-8,-30,-19,2,-8,-10,17,-20,-2,-23,17,-13,-7,-5,-2,-28,-22,-35,-62,-39,-67,-79,-204,-223,-173,-291,-30,-286,-70,-447,-234,-1909],[-764203,368662,185,10,36,-14,-30,11,-191,-7],[-764037,368137,2,6,0,-12,-2,6],[-764016,368191,11,12,0,-5,-11,-7],[-763887,368353,35,23,-1,-3,-34,-20]],[[-761980,362836,25,-54,40,3,38,5,-91,44,-12,2]]]
4158476	p	4164138
4693003	p	4684888
5313457	p	5308655
4700168	p	4684888
5586437	r	-116.5325,43.252,-115.7089,43.9681	[[[-1165325,436637,239,-368,51,0,0,36,100,0,0,13,31,-7,0,31,19,0,0,-37,49,-1,1,-36,-101,0,0,-11,-100,1,0,-26,100,0,0,-18,-50,0,-23,11,0,-29,-27,0,0,-5,44,-68,40,0,0,-6,16,0,0,6,125,-1,0,-19,-125,1,1,-54,99,-1,0,-22,26,0,0,-14,75,-1,0,-27,-14,0,0,-11,-157,17,1885,-2909,71,12,0,-122,122,-398,187,-23,320,-23,321,-8,321,8,320,23,317,38,313,53,307,68,301,83,293,97,283,110,273,124,261,136,249,149,234,160,220,171,204,181,187,190,170,199,151,207,133,213,113,219,93,225,73,228,53,231,31,233,11,234,-11,234,-31,233,-53,231,-73,228,-93,225,-113,219,-133,213,-151,207,-170,199,-187,190,-204,181,-220,171,-234,160,-249,149,-261,136,-273,124,-283,110,-293,97,-301,83,-307,68,-313,53,-317,38,-320,23,-321,8,-321,-8,-320,-23,-309,-37,0,-506,-124,21,-273,33,-276,20,-277,7,-277,-7,-276,-20,-217,-26,-655,-2497]]]
4752186	p	4776222
5509403	p	5506956
5350734	p	5392171
5811696	r	-117.9503,47.3072,-116.7924,48.0128	[[[-1179503,476600,11,-231,33,-230,56,-227,77,-225,99,-221,120,-216,140,-211,161,-203,180,-196,198,-188,216,-178,233,-169,248,-158,263,-146,277,-135,289,-122,301,-109,310,-95,318,-81,326,-67,332,-53,336,-37,339,-23,340,-7,340,7,339,23,336,37,223,36,-44,530,122,-14,291,-19,293,-7,293,7,291,19,289,33,285,45,281,57,274,70,267,82,258,94,249,105,238,115,226,126,214,136,200,145,186,154,171,161,154,169,138,175,121,181,104,186,85,190,66,193,48,196,28,198,10,198,-10,198,-28,198,-48,196,-66,193,-85,190,-104,186,-121,181,-138,175,-154,169,-171,161,-186,154,-200,145,-214,136,-226,126,-238,115,-249,105,-258,94,-267,82,-274,70,-281,57,-285,45,-289,33,-291,19,-293,7,-293,-7,-291,-19,-289,-33,-285,-45,-38,-8,-40,476,-324,22,-340,7,-340,-7,-339,-23,-336,-37,-332,-53,-326,-67,-318,-81,-310,-95,-301,-109,-289,-122,-277,-135,-263,-146,-248,-158,-233,-169,-216,-178,-198,-188,-180,-196,-161,-203,-140,-211,-120,-216,-99,-221,-77,-225,-56,-227,-33,-230,-11,-231]]]
4315588	r	-91.644,30.0459,-90.736,30.8341	[[[-916440,304400,7,-181,919,-2203,12,-15,188,-199,204,-189,216,-176,230,-164,242,-150,252,-136,262,-122,271,-106,278,-91,284,-75,289,-58,293,-42,296,-26,297,-8,297,8,296,26,293,42,289,58,284,75,278,91,271,106,262,122,252,136,242,150,230,164,216,176,204,189,188,199,173,210,157,219,140,227,123,235,104,241,87,247,67,251,48,255,30,256,9,258,-9,258,-30,256,-48,255,-67,251,-87,247,-104,241,-123,235,-140,227,-157,219,-173,210,-188,199,-204,189,-216,176,-230,164,-242,150,-252,136,-262,122,-271,106,-278,91,-284,75,-289,58,-293,42,-296,26,-297,8,-297,-8,-296,-26,-293,-42,-289,-58,-284,-75,-278,-91,-271,-106,-262,-122,-252,-136,-242,-150,-230,-164,-216,-176,-204,-189,-188,-199,-173,-210,-157,-219,-140,-227,-123,-235,-104,-241,-87,-247,-67,-251,-48,-255,-30,-256,-9,-258]]]
5142036	p	5128581
4781708	r	-77.8844,37.2112,-77.0356,37.8889	[[[-778844,375500,9,-222,27,-220,45,-219,63,-216,81,-212,98,-207,115,-202,130,-196,147,-188,162,-180,176,-172,190,-161,203,-152,214,-141,226,-129,236,-117,245,-104,253,-92,260,-78,266,-64,270,-51,274,-36,276,-21,278,-8,278,8,276,21,274,36,270,51,266,64,260,78,253,92,245,104,236,117,226,129,160,105,-540,170,-110,-26,-45,32,-98,19,-94,52,-36,129,273,205,156,-156,149,-57,418,8,56,-20,174,-90,38,-7,106,90,176,172,162,180,147,188,130,196,115,202,98,207,81,212,63,216,45,219,27,220,9,222,-9,222,-27,220,-45,219,-63,216,-81,212,-98,207,-115,202,-130,196,-147,188,-162,180,-176,172,-190,161,-203,152,-214,141,-226,129,-236,117,-245,104,-253,92,-260,78,-266,64,-270,51,-274,36,-276,21,-278,8,-278,-8,-276,-21,-274,-36,-270,-51,-266,-64,-260,-78,-253,-92,-245,-104,-236,-117,-226,-129,-214,-141,-203,-152,-190,-161,-176,-172,-162,-180,-147,-188,-130,-196,-115,-202,-98,-207,-81,-212,-63,-216,-45,-219,-27,-220,-9,-222]]]
5509952	p	5506956
5812944	r	-122.8335,46.8857,-121.7828,47.4651	[[[-1228335,474346,1308,-831,66,70,78,58,347,122,130,95,75,186,52,-246,-107,-168,-149,-140,-75,-166,-35,-54,-50,-77,-140,-91,-28,-92,253,-133,775,-237,150,-1,9,16,106,189,-37,167,-252,351,172,38,135,64,101,98,76,142,-187,214,19,94,-2448,637,-197,-165,-147,-140]],[[-1228058,473761,77,-46,67,-72,54,-139,15,-76,5,-275,-26,-192,-86,-147,464,-933,58,36,4,62,-27,71,-33,57,-18,21,33,42,57,53,45,23,2,-49,58,83,64,46,12,59,-243,288,-55,139,45,142,156,170,39,82,12,100,20,85,66,35,89,26,74,60,3,3,-696,443,-5,-3,-211,-118,-119,-76]],[[-1227346,471596,143,-289,51,-25,84,-42,57,0,113,56,127,100,43,155,14,99,-42,113,-99,43,-199,14,-127,-14,-56,-85,-57,-99,-52,-26]],[[-1227036,470971,1023,-2059,3,0,268,-30,270,-19,272,-6,272,6,270,19,209,23,101,538,92,-37,293,-95,305,-75,314,-54,320,-32,324,-11,324,11,320,32,314,54,305,75,293,95,278,114,261,132,240,149,217,165,193,178,167,190,138,201,109,209,79,215,48,219,16,222,-16,222,-38,172,-3414,511,4486,-671,91,116,121,182,103,187,85,191,66,194,48,198,29,198,9,200,-9,200,-22,150,-2573,0,-1,-14,-106,0,1,14,-909,0,-14,-14,-195,-1,-1,54,-146,0,-9,14,-54,0,0,4,-158,2,0,-51,-25,0,0,51,-33,0,9,-14,-4,-25,16,-20,-16,0,-18,22,-4,66,-335,-1,-10,-21,0,-64,-53,-1,0,21,-159,-2,-1,-6,-135,114,-302,1,86,169,-18,0,0,11,-51,2,-1,34,30,0,-195,165,-37,-7,27,-43,17,-185,-49,-154,-110,-105,-326,-66,-192,-63,-178,-85,-3,-2,-62,-45,93,14,-109,-16,7,-5,-55,-39,-26,-39,-5,0,0,24,-26,8,0,-31,-27,0,-19,-42,16,-15,1,-46,-28,2,1,-8,14,-1,-12,-20,5,-19,3,5,10,-6,34,6,3,-12,100,-72,172,-82,-25,-16,19,-13,-86,55,-14,-10,5,-7,-25,-14,2,-11,51,-31,-26,-16,-53,28,0,-27,-24,10,-23,-31,31,-24,-14,-9,-4,-1,-12,10,-21,-5,11,-12,-18,-6,-13,13,-15,-4,13,-14,-25,-8,-21,21,-18,-29,3,-3,-25,-8,-149,34,-38,32,-64,27,-272,160,-137,60,1,4,-63,44,1,-21,-67,29,25,0,24,10,-16,38,-29,7,-16,-3,56,-42,-22,-6,-34,31,-65,24,-146,97,-70,15,-31,0,-32,-10,-2,-21,85,-75,18,-24,3,-273,-37,-103,-46,-47,-51,-84,-23,-13,-5,-26,13,-23,-6,-10,-25,-21,-9,-19,-19,-5,0,8,-23,-3,9,-3,0,-10,66,0,0,-5,-13,2,-1,-21,-46,1,-34,-40,37,1,1,-11,36,-1,-169,-260,-807,-812,-336,-237,-177,-73],[-1225529,472402,13,0,-11,-18,-2,18],[-1225515,472427,14,0,-1,-4,-9,-14,-4,18],[-1222278,473466,2,32,24,-12,0,-17,-16,-3,-10,0]],[[-1225315,473569,42,-106,90,-90,78,-52,71,-6,68,49,44,78,20,96,5,201,43,59,51,24,-363,94,-11,-112,-34,-60,-65,-80,-39,-95]],[[-1224747,473496,55,-132,197,113,132,96,185,135,435,124,75,3,-77,40,-764,-130,-58,15,-97,-28,-74,-103,-9,-133]]]
5122520	p	5128581
5391710	r	-117.4265,33.9806,-116.9165,34.3113	[[[-1174265,342283,86,-51,14,1,-39,28,-12,0,-1,8,26,0,-52,40,-17,-1,-5,-25]],[[-1174031,342113,45,-44,32,-15,61,-68,41,-30,54,-73,60,-137,36,-1,2,-17,25,-42,20,-1,14,54,70,0,38,4,10,7,6,-7,-88,-82,70,0,2,17,27,0,38,18,158,-164,-1,-74,-15,1,0,-13,7,1,-2,-32,10,-2,0,-51,-44,-1,0,9,-26,0,-2,9,-16,0,0,9,-43,32,0,14,-16,0,1,-39,14,-35,-45,0,1,-97,-14,0,-2,-16,-11,15,-4,-3,32,-29,0,-16,58,-32,18,-23,-75,0,-1,18,-44,0,0,-73,-43,0,0,-18,55,0,0,-18,-12,0,0,-55,-22,0,0,-17,-21,0,1,-91,-22,0,0,-73,-65,0,1,-109,-23,0,0,-17,22,0,1,-128,43,-1,0,-17,33,0,1,-36,10,4,1,-9,-9,-3,12,-28,-31,-36,-30,-16,-6,-9,-10,3,-10,-24,7,-5,-24,-17,33,-117,-26,-21,-56,22,48,43,0,15,-5,10,-34,12,-88,58,0,-18,-19,18,-16,2,1,-69,-29,0,-19,-81,192,-92,12,15,29,13,172,0,-8,-12,18,-9,-10,-15,3,-5,-13,-4,-11,6,-11,-13,14,-22,132,0,10,12,14,0,-2,-66,30,0,-1,20,22,0,0,8,23,4,0,-10,16,0,58,-28,21,1,19,-8,7,1,-1,14,10,0,0,-21,32,0,33,-12,15,12,17,0,0,-35,-52,-1,0,-38,-45,1,-5,36,-29,-1,-13,-12,-32,-2,-9,-5,-2,-15,-22,0,-15,-12,43,-20,124,0,1,-32,22,1,1,-7,558,218,260,-69,0,-12,45,0,892,-236,79,234,191,0,0,5,23,3,-9,11,-43,17,45,29,-13,5,-15,-12,-6,0,-2,-1,-2,1,-4,0,-3,5,16,12,-33,60,54,4,1,15,-12,0,-17,30,-18,5,-11,-4,-33,13,-11,-7,-3,10,-29,3,-71,26,-17,-5,-2,17,14,-3,19,29,-1,36,93,-5,6,20,0,1,-13,7,17,9,2,30,10,0,98,290,6,0,0,19,4,10,-4,-2,16,9,132,1,0,14,77,1,0,-5,36,-2,1,-7,-14,-6,6,-5,-5,-2,1,-32,-15,0,-2,-29,-57,-4,2,-30,146,-1,-2,73,6,0,2,36,-18,0,-7,7,4,-7,-18,0,-10,-6,0,6,-16,0,0,7,17,0,26,13,15,-6,8,16,30,0,-1,-12,82,0,-1,21,55,0,-3,33,-83,-2,-1,-32,-94,0,0,16,62,54,0,28,-38,2,-2,28,-40,-1,1,34,-161,-1,-3,72,-37,-2,86,253,1663,1798,-1745,60,-2179,-416,-211,-4,0,-458,-45,0,-1,71,-50,1,-2,-36,-83,1,-1,-37,84,-2,0,-36,50,-1,6,-114,-138,0,0,17,-64,0,1,16,-17,1,0,21,-24,0,-1,19,-99,1,15,75,10,0,2,108,-48,0,0,5,-18,0,-7,-6,0,-24,5,0,1,-16,-23,0,-1,-21,-18,-10,26,-18,5,4,20,-12,-38,-46,-10,7,3,4,-38,22,-57,-11,-14,-14,-10,11,17,23,-5,10,11,26,-14,9,-22,-9,-18,8,-21,-21,-19,14,-7,-30,6,-11,-8,-22,-22,13,-4,-27,344,-266,4,-22,-13,-7,21,-17,-9,-13,-17,18,-81,-47,-10,27,15,33,-23,14,24,35,-88,60,-15,18,-38,2,-11,11,-13,-3,-34,16,69,-5,5,6,11,-9,-10,18,-150,123,-27,-77],[-1173317,342008,14,110,3,0,0,-126,-17,16],[-1170991,340773,44,132,0,-133,-44,1]],[[-1173838,340435,105,33,0,15,-28,-7,-3,23,-47,-1,0,7,21,0,0,5,-19,0,-15,-14,-14,-61]]]
5780993	r	-112.1014,40.5277,-111.3652,40.9897	[[[-1121014,408271,2,-457,56,1,0,-27,-56,0,0,-77,10,0,1,-19,84,1,2,-73,93,0,0,-72,179,0,-2,-146,-36,1,1,-106,-25,-7,0,-36,832,4,182,10,146,-10,80,-10,46,-6,177,3,40,-38,-10,-37,-28,-19,2,-69,12,-19,-9,-5,345,-658,528,0,2520,437,4,63,-14,222,-43,219,-57,172,2300,209,-6,140,-33,261,-56,259,-78,255,-100,251,-121,245,-142,239,-162,231,-182,223,-66,71,-6414,-1087,574,-573,-147,-1,0,-72,-48,0,0,145,-95,0,0,-36,-286,-2],[-1120394,408128,0,65,210,-210,-66,0,-48,37,0,72,-48,0,0,36,-48,0]],[[-1118827,405513,28,-70,88,0,1,-37,59,0,0,-36,24,0,0,-73,108,0,16,-20,22,20,91,0,9,5,-2,8,21,4,19,26,46,13,0,-7,19,6,1,9,30,0,0,-28,57,0,37,28,1,-10,23,1,0,18,25,-1,0,37,7,0,3,23,39,5,0,8,48,0,0,36,45,0,0,37,98,-1,0,36,-50,1,1,36,49,0,-1,36,96,0,0,38,-143,-1,-1,35,-47,0,0,25,8,5,-5,-5,15,-5,34,-1,-1,-19,27,0,-1,37,19,4,77,-14,16,2,0,5,-88,32,2,-7,-12,-2,-16,8,-25,1,-1,-7,15,1,-1,-6,-14,-1,-33,4,1,5,-17,-2,7,3,0,14,-8,-1,-5,15,-5,-1,-4,-43,-14,-11,-21,28,14,0,2,15,-6,-4,-6,4,-7,-11,-13,14,-6,-3,0,23,23,-1,-6,29,7,0,-1,21,-19,4,0,13,-28,40,-1,46,20,0,-9,14,7,21,-22,23,-30,-2,11,-4,14,-32,-14,-2,-10,34,-10,-4,4,-24,-13,0,-5,25,-63,10,-4,14,-9,0,1,-8,-36,4,0,-21,-21,1,-12,7,0,-19,-7,0,0,18,-20,-2,-2,20,-27,2,-28,14,-6,-15,-41,0,1,36,-61,12,-17,15,-50,20,-196,-373,38,0,0,56,23,0,0,16,-8,5,32,0,0,5,11,-10,-28,0,0,-18,12,0,0,-11,16,-17,-3,-27,7,0,0,-12,-7,-6,40,0,-1,-19,17,0,10,-15,-26,-2,0,-16,47,-2,0,-33,-50,14,-45,23,-9,14,-30,10,-54,12,2,-13,77,-22,10,-11,32,-15,15,-22,25,1,1,-9,14,-2,4,-20,-9,-28,-37,4,0,25,-119,0,3,36,-19,0,0,90,-106,-201],[-1118617,405654,1,2,2,0,0,-2,-3,0],[-1118579,405976,12,4,0,11,18,0,65,-8,48,3,-5,-40,-10,0,5,18,-14,7,5,-25,-69,4,-9,5,0,12,-22,0,-2,-17,-17,0,-5,26],[-1118575,405629,1,2,2,-1,0,-2,-3,1],[-1118574,405928,0,4,36,3,6,1,0,-9,77,3,0,9,19,0,0,-38,-98,-1,3,-8,-6,0,-15,9,-4,13,-10,0,-8,14],[-1118544,405620,2,2,2,-2,-2,-1,-2,1],[-1118531,405742,0,56,5,0,4,7,5,-16,-5,-20,37,-1,0,-36,-37,0,4,8,-13,2],[-1118531,406023,0,18,47,0,0,-18,-47,0],[-1118482,405442,0,10,14,0,0,-10,-14,0],[-1118477,405610,1,2,2,0,0,-3,-3,1],[-1118461,405435,7,16,9,-9,0,-8,-16,1],[-1118455,405753,18,0,0,6,31,0,0,-8,16,0,0,-18,-48,0,-5,-6,4,23,-16,3],[-1118447,405598,1,2,2,-1,-1,-2,-2,1],[-1118423,405437,22,1,2,5,0,17,22,0,-8,-40,-37,0,-1,17],[-1118345,405578,15,0,0,-21,9,2,0,-8,-23,5,-1,22],[-1118321,405562,0,16,12,1,0,-17,-12,0],[-1118297,405561,0,18,19,0,-7,-17,-12,-1],[-1118259,405551,0,27,55,-4,1,-23,-56,0],[-1118194,405570,31,-13,0,-6,-18,0,-13,19],[-1118192,405939,10,14,8,-5,22,4,46,-39,-45,0,-14,6,-1,7,-26,13],[-1118191,405768,0,10,4,0,-4,-10],[-1118185,405778,14,-2,-4,-7,-9,-1,-1,10],[-1118181,405708,3,15,27,1,0,-7,2,6,14,1,2,8,13,0,-6,-19,-25,0,0,-17,12,-1,-1,-37,-11,0,-1,-36,-25,0,8,86,-12,0],[-1118151,405775,0,29,48,2,0,-18,20,0,0,-15,27,6,0,-12,11,0,0,-7,20,0,0,-6,-55,3,-1,16,-4,-5,-19,1,1,7,-14,2,2,8,-12,0,0,-18,-17,0,0,7,-7,0],[-1118113,405611,14,11,-3,19,20,1,2,8,24,-4,0,-20,-13,0,0,-20,7,-3,-8,0,-1,-7,1,-9,13,0,18,-17,6,12,19,-14,-14,-14,-23,3,5,4,-7,19,-53,-22,-7,53],[-1118096,405713,3,11,37,0,6,-21,-6,7,-23,-3,-1,6,-16,0],[-1118064,405689,7,-2,-6,-10,-1,12],[-1118056,405731,0,10,14,0,0,-10,-14,0]]]
4068590	r	-87.0084,34.2006,-85.9492,35.2602	[[[-870084,351314,1836,-3792,-41,-14,0,-13,-15,-8,15,31,24,3,1,8,-32,23,-117,-68,0,-43,-183,4,-2,-142,-10,0,0,-6,-94,2,-1,-13,-18,0,4,22,-6,0,-1,-9,-51,3,0,29,-29,1,-3,11,-34,0,0,31,-22,0,-4,-219,-387,5,1,73,33,0,1,56,-66,2,-1,-43,-22,0,-4,-123,-44,1,1,36,-44,1,2,72,-150,4,-1,-10,-20,-3,20,0,0,-11,-19,0,1,-8,26,0,-1,-15,-23,0,23,-3,0,-16,-21,0,17,-2,2,-19,-18,-4,18,0,2,-22,-18,1,0,-19,18,0,0,-10,52,-1,-2,-77,9,-1,-45,0,-12,-21,-5,3,1,-17,-13,0,13,-2,2,-22,-14,-1,1,-11,149,0,1,70,90,-2,2,104,6,0,50,-250,26,3,7,214,87,-1,-1,-36,90,-2,2,36,89,-1,-2,-74,225,0,15,11,30,-10,-8,-21,-1,-166,-252,4,28,-37,326,-5,0,-72,-17,1,-1,-34,12,0,-1,-9,-11,0,-5,-244,-178,3,-1,-9,-194,4,-4,59,-158,-48,-1,-8,100,-2,20,-43,1,-7,2,-4,14,-63,26,-22,22,0,13,-10,89,-1,14,35,114,1,13,-11,106,44,300,-3,25,30,0,19,15,0,0,23,-68,1,1,38,23,1,68,25,1,82,46,0,0,-18,23,0,0,-74,24,0,0,-17,21,0,0,-18,21,0,0,-20,21,1,-1,-55,-43,1,-1,18,-34,0,1,-37,23,0,-3,-145,-35,0,0,23,-44,0,0,-5,-23,0,0,-18,-46,0,0,-37,-69,1,0,-37,-12,0,0,-36,-23,0,0,-35,113,-1,0,-74,-57,1,-3,-79,-13,0,0,6,-75,1,-3,-37,-91,-1,-1,-54,-45,0,-4,-72,20,-1,0,-18,23,-1,1,-17,44,0,3,-18,45,0,1,-26,23,-1,8,-11,46,-1,0,19,24,0,5,19,94,-1,3,-12,8,85,-29,0,5,146,26,-1,1,12,27,0,0,-11,122,-2,-2,-109,12,-1,0,-36,60,-2,0,-18,-24,0,-2,-55,148,-2,9,293,40,0,5,-57,18,-2,0,-33,61,1,18,37,64,-1,-1,-10,18,-12,35,-1,-2,-34,83,-2,-8,-224,-86,0,0,11,52,0,0,20,-4,6,-49,4,1,19,-37,0,-1,-22,1,-26,34,-1,0,-43,26,-1,-2,-38,42,0,1,19,43,-2,0,20,12,-1,0,37,33,0,0,17,24,0,0,19,-81,1,4,105,50,-1,0,16,80,3,1836,-3791,96,3,417,34,414,56,409,79,401,101,392,122,382,143,370,164,356,183,341,202,324,220,306,238,287,253,266,268,244,282,222,295,197,306,174,316,147,325,122,332,95,338,69,342,41,345,13,347,-13,347,-41,345,-69,342,-95,338,-122,332,-147,325,-174,316,-197,306,-222,295,-244,282,-266,268,-287,253,-306,238,-324,220,-341,202,-356,183,-370,164,-382,143,-392,122,-401,101,-409,79,-414,56,-417,34,-419,11,-419,-11,-417,-34,-414,-56,-409,-79,-401,-101,-392,-122,-382,-143,-370,-164,-356,-183,-341,-202,-283,-193],[-869312,347125,5,0,0,-2,-5,0,0,2],[-868999,346383,0,2,2,0,0,-2,-2,0],[-868807,346403,0,9,10,0,0,-9,-10,0],[-868798,346356,0,7,12,-1,0,-6,-12,0],[-868798,346379,1,15,22,-1,-4,-15,-19,1],[-868779,347113,2,71,11,-1,6,-4,2,-51,-3,-15,-18,0],[-868777,347217,0,17,8,0,0,-17,-8,0],[-868776,347249,1,51,9,0,-3,-51,-7,0],[-868579,346713,160,-3,0,-14,-16,0,0,-5,-104,2,0,9,-20,0,0,9,-10,1,0,-11,-9,0,-1,12],[-868537,345796,88,4,0,-17,-8,-1,0,-6,8,1,-1,-17,-86,0,-1,36],[-868511,347184,31,38,-30,1,0,35,68,-1,0,38,22,0,1,138,46,-1,-2,-63,44,-1,3,73,119,0,11,-22,-2,-126,45,-1,1,36,231,-476,-44,-1,-2,-114,-38,0,-1,-19,-63,0,2,105,-50,0,0,29,-38,0,-3,-73,-46,1,4,72,27,0,0,20,-4,14,-12,0,1,13,-24,0,1,52,20,5,-1,13,37,0,0,11,-22,0,0,20,-113,1,1,147,-65,0,1,73,-67,1,-2,-73,0,11,-50,1,-37,23],[-868500,345839,45,0,0,-5,-45,0,0,5],[-868468,346643,32,16,-1,-42,14,8,6,-7,-20,-15,0,-16,24,-1,-24,-3,-1,-9,11,0,1,-17,-26,6,-16,80],[-868448,345822,0,12,7,0,0,-12,-7,0],[-868438,346513,11,4,-11,5,0,16,11,0,0,-25,-11,0],[-868376,347139,0,10,7,0,0,-10,-7,0],[-868375,346678,0,31,13,0,1,-32,-14,1],[-868344,346637,0,72,43,-1,0,-72,-43,1],[-868328,345940,5,1,1,-3,-5,-1,-1,3],[-868263,345946,0,5,15,-3,-15,-2],[-868246,345948,0,3,7,0,0,-3,-7,0],[-868240,347491,6,2,5,-10,-11,1,0,7],[-868181,346752,0,5,20,0,-1,-5,-19,0],[-868170,346153,0,10,45,0,0,11,44,0,0,22,40,0,0,-7,-7,0,-2,-66,-32,0,0,28,15,-1,0,6,-103,-3],[-868110,346762,0,2,4,0,0,-2,-4,0],[-868085,346508,0,17,12,0,-1,-17,-11,0],[-868036,346038,0,10,8,0,0,-10,-8,0],[-868019,346045,11,3,0,-8,-11,5],[-868009,346011,1,28,9,-1,1,-21,2,31,12,0,6,-7,0,7,43,-1,0,-14,18,0,-6,-7,-12,4,0,-16,-40,2,0,-13,29,-3,-1,-7,12,-4,-51,0,1,22,-24,0],[-867969,346705,0,19,9,0,0,-19,-9,0],[-867941,346009,0,2,6,0,0,-3,-6,1],[-867935,346413,10,0,1,-20,-11,-1,0,21],[-867921,346705,0,17,13,0,1,-17,-14,0],[-867918,346778,30,0,5,-10,-35,0,0,10],[-867906,346716,13,0,0,-11,-13,0,0,11],[-867886,346009,2,37,87,-1,-1,-37,-88,1],[-867879,346668,11,0,1,68,44,-91,-46,-19,1,38,-11,4],[-867651,346180,25,0,-4,-41,3,40,-24,1],[-867629,345934,1,36,71,0,2,21,-9,1,0,13,9,0,1,27,12,0,1,30,117,-242,-36,2,1,55,-22,0,-1,-27,-8,4,-1,85,-138,-5]]]
4853828	r	-94.2147,41.1999,-93.14,41.8876	[[[-942147,415800,11,-249,32,-247,54,-246,75,-242,96,-238,116,-233,136,-226,156,-220,174,-211,193,-202,209,-192,226,-182,241,-170,255,-158,269,-144,280,-132,292,-117,301,-103,309,-87,316,-73,321,-56,326,-41,329,-24,330,-8,330,8,329,24,326,41,321,56,316,73,39,11,-87,277,39,3,304,37,299,53,295,67,288,82,280,95,271,110,261,122,250,135,238,147,224,158,211,169,195,179,179,188,162,197,145,204,127,211,109,217,89,221,70,226,50,228,30,231,10,231,-10,231,-30,231,-41,188,-589,0,14,46,44,200,27,201,9,203,-9,203,-27,201,-44,200,-61,198,-78,194,-95,190,-112,184,-127,179,-22,27,-121,-2,-6942,-147,-146,-3,-38,-54,-112,-184,-95,-190,-78,-194,-21,-68,3268,-1384,-4007,1698,-52,-42,-209,-192,-193,-202,-174,-211,-156,-220,-136,-226,-116,-233,-96,-238,-75,-242,-54,-246,-32,-247,-11,-249]]]
5349755	r	-117.5243,34.0101,-117.33,34.2902	[[[-1175243,340334,98,1,399,-234,865,157,19,81,29,0,-1,69,16,-2,19,-18,0,18,88,-58,34,-12,5,-10,0,-15,-48,-43,56,-22,26,21,-33,117,24,17,-7,5,10,24,10,-3,6,9,30,16,31,36,-12,28,9,3,-1,9,-10,-4,-1,36,-33,0,0,17,-43,1,-1,128,-22,0,0,17,23,0,-1,109,65,0,0,18,0,55,22,0,-1,91,21,0,0,17,22,0,0,55,12,0,0,18,-55,0,0,18,43,0,0,73,44,0,1,-18,75,0,-18,23,-58,32,0,16,-32,29,4,3,11,-15,2,16,14,0,-1,97,45,0,-14,35,-1,39,16,0,0,-14,43,-32,0,-9,16,0,2,-9,26,0,0,-9,44,1,0,51,-10,2,2,32,-7,-1,0,13,15,-1,1,74,-158,164,-38,-18,-27,0,-2,-17,-70,0,88,82,-6,7,-10,-7,-38,-4,-70,0,-14,-54,-20,1,-25,42,-2,17,-36,1,-60,137,-54,73,-41,30,-61,68,-32,15,-45,44,27,77,150,-123,10,-18,-11,9,-5,-6,-69,5,34,-16,13,3,11,-11,38,-2,15,-18,88,-60,-24,-35,23,-14,-15,-33,10,-27,81,47,17,-18,9,13,-21,17,13,7,-4,22,-344,266,4,27,22,-13,8,22,-6,11,7,30,19,-14,21,21,18,-8,22,9,14,-9,-11,-26,5,-10,-17,-23,10,-11,14,14,57,11,38,-22,-3,-4,10,-7,38,46,-20,12,-5,-4,-26,18,18,10,1,21,23,0,-1,16,-5,0,0,24,7,6,18,0,0,-5,48,0,-2,-108,-10,0,-15,-75,99,-1,1,-19,24,0,0,-21,17,-1,-1,-16,64,0,0,-17,138,0,-6,114,-50,1,0,36,-84,2,1,37,83,-1,2,36,50,-1,1,-71,45,0,0,458,-1500,209,0,-234,-185,-883,100,5,2,-285,94,-1,-357,-289,-3,-170,9,0,-10,-44,0,-10,0,-97,-22,1,-46,-219,-23,-1,-1,-112,0,-1,-1,-170,0,-58],[-1174428,342424,30,1,-8,-14,6,-4,30,2,7,-6,-1,-27,-32,0,-32,39,0,9],[-1174265,342283,5,25,17,1,52,-40,-26,0,1,-8,12,0,39,-28,-14,-1,-86,51],[-1173838,340435,14,61,15,14,19,0,0,-5,-21,0,0,-7,47,1,3,-23,28,7,0,-15,-105,-33]]]
5373900	r	-121.3276,37.2042,-120.5123,37.9765	[[[-1213276,373822,20,-18,220,-164,233,-152,79,-46,839,533,80,-169,96,-170,111,-165,123,-159,137,-152,148,-144,160,-137,171,-128,181,-118,190,-109,199,-99,207,-88,213,-77,219,-66,224,-55,228,-42,231,-31,233,-18,234,-6,234,6,84,7,3059,3786,-72,153,-96,170,-111,165,-123,159,-137,152,-148,144,-160,137,-171,128,-181,118,-190,109,-101,50,837,532,-94,166,-142,211,-159,204,-176,196,-191,185,-206,176,-220,164,-233,152,-245,140,-256,127,-265,113,-202,73,-668,-584,-3649,-3189,-794,-2170]]]
5134086	r	-78.0753,42.8256,-77.1953,43.4923	[[[-780753,431600,10,-219,29,-217,49,-216,67,-213,87,-210,105,-205,123,-199,140,-193,157,-186,174,-177,189,-170,204,-159,217,-150,230,-139,243,-127,253,-116,262,-103,272,-90,279,-77,285,-64,290,-49,294,-36,296,-21,298,-8,298,8,296,21,294,36,290,49,285,64,279,77,272,90,262,103,253,116,243,127,230,139,217,150,204,159,189,170,174,177,157,186,10,14,-633,322,132,118,147,150,132,157,119,163,104,168,89,173,73,176,57,180,41,183,25,183,8,185,-8,185,-25,183,-41,183,-57,180,-73,176,-89,173,-104,168,-119,163,-132,157,-147,150,-160,143,-172,135,-184,126,-194,117,-205,108,-214,98,-222,87,-229,76,-235,65,-241,54,-246,42,-248,30,-250,18,-252,6,-252,-6,-250,-18,-248,-30,-246,-42,-241,-54,-235,-65,-229,-76,-222,-87,-214,-98,-205,-108,-194,-117,-184,-126,-172,-135,-160,-143,-147,-150,-132,-157,-37,-50,-535,272,-109,-98,-174,-177,-157,-186,-140,-193,-123,-199,-105,-205,-87,-210,-67,-213,-49,-216,-29,-217,-10,-219]]]
5303929	p	5308655
4744709	p	4140963
5380184	r	-119.5969,34.0071,-118.9145,34.6267	[[[-1195969,340458,123,-109,199,-155,180,-123,22,65,18,66,133,50,79,91,-110,71,-324,139,-105,-46,-132,-10,-83,-39]],[[-1194810,343760,14,-15,18,-19,26,-2,22,15,28,19,40,-8,60,-10,72,-56,98,-136,66,9,66,-22,117,-111,85,-62,87,-56,70,-80,26,-42,46,-3,48,13,69,9,43,-6,62,-40,59,-56,93,-60,109,-136,95,-46,84,-33,34,-26,-329,-399,126,-28,84,-95,190,-403,386,0,228,96,113,-215,10,2,53,-85,51,-82,14,-20,39,-39,37,-77,23,2,38,23,9,43,18,0,36,-28,5,-11,-15,-26,13,-17,107,-24,41,-26,-2,-2,111,-67,23,-14,-9,5,173,-120,6,6,56,-36,251,-158,222,-60,58,45,-136,28,-53,19,-2,24,27,3,169,-36,105,-23,49,-26,239,-124,226,-19,302,-175,107,-4,58,-18,365,927,-24,25,-54,-25,-46,6,-2,-9,-71,-1,-1,-83,-144,-2,-23,15,-2,27,11,11,33,12,12,20,-37,1,-13,11,-3,7,15,11,4,11,-10,10,-46,17,-1,7,-37,0,-8,10,8,16,-17,8,-10,20,8,16,21,-4,39,47,27,-10,8,3,-8,29,8,9,20,-2,-9,39,39,16,14,49,9,-2,7,-19,21,-25,36,-11,28,5,82,46,0,30,24,3,0,79,60,9,166,260,109,0,0,11,10,-11,19,0,134,340,-770,2545,-19,3,-233,19,-233,6,-233,-6,-11,-1,170,451,-111,67,-232,120,-240,107,-249,93,-255,80,-261,66,-265,51,-269,37,-272,23,-272,7,-272,-7,-272,-23,-39,-5,-1327,-2471]],[[-1189507,341917,15,-119,32,0,28,69,-3,-2,-5,3,11,7,2,6,-1,2,4,16,-83,18]]]
4188985	r	-85.44,31.9411,-84.379,32.979	[[[-854400,321094,181,-163,291,-232,309,-216,325,-198,340,-179,352,-160,364,-140,374,-120,383,-98,389,-78,395,-55,397,-33,400,-11,400,11,397,33,395,55,389,78,383,98,374,120,364,140,352,160,340,179,325,198,309,216,291,232,274,248,253,262,233,276,211,288,189,300,165,309,140,318,116,325,91,331,65,335,40,338,13,339,-13,339,-40,338,-65,335,-91,331,-116,325,-140,318,-165,309,-189,300,-211,288,-233,276,-253,262,-274,248,-291,232,-309,216,-325,198,-340,179,-352,160,-364,140,-374,120,-383,98,-389,78,-395,55,-397,33,-400,11,-316,-9,-2828,-5872,-550,-1141,-806,-1673]]]
4956184	r	-72.2139,41.9516,-71.5932,42.5684	[[[-722139,422600,7,-167,41,-189,254,-799,13,-25,112,-184,127,-178,143,-171,158,-165,172,-156,185,-147,198,-138,209,-128,220,-117,230,-107,239,-95,247,-83,254,-72,259,-58,263,-46,268,-33,269,-20,271,-6,271,6,126,10,70,33,84,47,1517,1065,-360,4344,-256,210,-1064,438,-117,9,-271,6,-271,-6,-269,-20,-268,-33,-263,-46,-259,-58,-254,-72,-247,-83,-239,-95,-230,-107,-220,-117,-209,-128,-198,-138,-185,-147,-172,-156,-158,-165,-143,-171,-127,-178,-112,-184,-96,-189,-78,-193,-62,-196,-44,-199,-26,-201,-9,-202]]]
5374732	r	-117.413,33.7124,-116.6828,34.3069	[[[-1174130,338019,790,-457,236,6,2,-144,521,-300,0,15,170,2,0,58,34,12,-2,14,30,8,15,-6,-7,-23,39,0,0,-15,-5,0,0,-16,-47,-6,-11,-24,133,1,-2,101,-10,0,10,32,-1,153,302,0,1,-73,85,0,-1,73,44,0,-1,34,-42,-5,-1,44,-44,0,1,39,25,-15,-11,23,30,0,0,27,43,0,2,73,935,950,55,13,233,203,3221,512,519,753,3,24,8,195,-8,195,-23,194,-38,192,-53,190,-68,187,-82,182,-97,178,-110,172,-123,166,-137,158,-148,151,-160,142,-170,133,-181,124,-190,114,-198,103,-206,92,-213,80,-51,16,-81,-16,-1663,-1798,-86,-253,37,2,3,-72,161,1,-1,-34,40,1,2,-28,38,-2,0,-28,-62,-54,0,-16,94,0,1,32,83,2,3,-33,-55,0,1,-21,-82,0,1,12,-30,0,-8,-16,-15,6,-26,-13,-17,0,0,-7,16,0,0,-6,10,6,18,0,-4,7,7,-7,18,0,-2,-36,-6,0,2,-73,-146,1,-2,30,57,4,2,29,15,0,-1,32,5,2,-6,5,14,6,-1,7,-36,2,0,5,-77,-1,0,-14,-132,-1,-12,-7,-4,-10,0,-19,-6,0,-98,-290,-10,0,-2,-30,-17,-9,13,-7,0,-1,-6,-20,-93,5,1,-36,-19,-29,-14,3,2,-17,17,5,71,-26,29,-3,3,-10,11,7,33,-13,11,4,18,-5,17,-30,12,0,-1,-15,-54,-4,33,-60,-16,-12,3,-5,4,0,2,-1,2,1,6,0,15,12,13,-5,-45,-29,43,-17,9,-11,-23,-3,0,-5,-191,0,-79,-234,-892,236,-45,0,0,12,-260,69,-558,-219,0,-38,23,1,0,-16,-16,0,-10,-7,-4,6,-16,-15,8,-50,-6,-36,4,-35,-23,-41,3,-21,-8,-18,12,-25,-30,0,0,-1,21,-11,13,-15,-38,-8,-2,-27,3,-8,22,-1,1,-11,14,1,12,-11,50,6,17,-45,40,-17,42,-3,150,-29,2,-114,-23,-1,0,18,-21,0,0,-14,-39,1,0,-5,-19,-1,2,-36,9,0,44,-109,-215,-2,0,-27,-7,-9,-15,0,0,29,-65,0,-2,-43,-27,0,0,-23,-17,0,-7,-73,52,1,0,-37,88,0,0,19,22,0,0,19,65,0,0,19,42,0,1,-165,-174,-1,-45,6,0,-33,24,0,0,-18,-24,0,1,-100,-79,-1,-12,-129,-896,-569,-5,-12],[-1170951,340725,7,-1,-3,-4,-4,5]],[[-1170991,340773,44,-1,0,133,-44,-132]]]
4119403	r	-92.8063,34.3228,-91.7983,35.0635	[[[-928063,347500,11,-279,33,-278,55,-276,77,-272,98,-268,119,-261,139,-255,160,-247,178,-237,197,-227,214,-216,231,-204,247,-191,261,-177,275,-163,286,-148,298,-132,308,-115,316,-98,324,-82,329,-63,333,-46,336,-27,338,-9,338,9,336,27,333,46,329,63,324,82,316,98,308,115,298,132,286,148,275,163,261,177,247,191,231,204,214,216,90,103,-346,220,102,102,180,208,163,217,145,225,128,232,108,239,90,244,70,249,50,252,30,254,11,255,-11,255,-30,254,-50,252,-70,249,-90,244,-108,239,-128,232,-145,225,-163,217,-180,208,-196,197,-211,186,-225,175,-4,2,-5213,-1759,-3222,-904,-23,-193,-11,-279]]]
4466033	r	-79.3658,34.6496,-78.3942,35.4355	[[[-793658,350500,10,-262,31,-261,52,-258,72,-255,92,-251,112,-245,132,-239,150,-231,167,-223,186,-213,201,-202,218,-191,232,-180,245,-166,259,-152,270,-139,280,-123,290,-108,297,-93,305,-76,309,-59,314,-43,316,-26,318,-8,318,8,316,26,314,43,309,59,305,76,297,93,290,108,280,123,270,139,259,152,245,166,232,180,218,191,201,202,186,213,167,223,150,231,132,239,112,245,92,251,72,255,52,258,31,261,10,262,-10,262,-31,261,-52,258,-72,255,-92,251,-112,245,-132,239,-150,231,-167,223,-186,213,-201,202,-218,191,-232,180,-245,166,-135,79,-1940,411,-818,70,-2,0,-1371,118,-254,-63,-297,-93,-290,-108,-280,-123,-270,-139,-259,-152,-245,-166,-232,-180,-218,-191,-201,-202,-186,-213,-167,-223,-150,-231,-132,-239,-112,-245,-92,-251,-72,-255,-52,-258,-31,-261,-10,-262]]]
5358705	r	-118.1025,33.5642,-117.7839,33.8179	[[[-1181025,337366,120,-56,102,-87,415,-352,66,-56,537,-455,162,-95,24,-14,297,-172,499,-150,512,-287,2,1,70,58,5,19,-7,20,61,21,-4,5,12,11,-3,23,26,22,-4,24,7,22,41,18,18,2,5,13,10,0,16,69,-6,34,18,43,12,8,14,-18,24,7,2,-9,1,0,1,-8,62,-65,65,-15,4,4,-71,23,-32,27,2,9,-19,27,-32,27,-16,1,5,6,-52,19,-71,12,-30,14,-23,21,-40,64,-73,35,-58,49,-152,50,-70,48,-26,39,-4,87,-27,62,85,91,-85,54,-20,0,-17,-7,-76,-72,-18,39,6,8,-7,4,27,43,-5,3,98,129,-45,22,-1,16,10,13,-5,3,0,25,-241,0,0,22,-272,-8,0,65,-101,-1,91,136,40,74,22,56,-10,6,0,2,-4,35,-87,-1,1,-19,-124,-1,-8,19,-42,-1,-1,45,0,-36,-21,-1,0,-9,-22,0,-1,104,15,0,0,10,-7,0,0,12,-9,0,-1,73,-130,-3,1,-54,-22,0,0,-17,-21,0,0,31,21,0,0,23,11,0,0,17,-11,0,-1,38,-21,0,0,37,-174,-2,-1,73,-87,-1,-25,54,-20,0,0,19,-482,2,-3,0,12,68,0,113,305,-2,2,74,92,-2,1,-72,23,0,1,-35,42,0,0,-24,19,1,0,-15,-40,0,-1,27,-17,0,2,-127,57,0,0,-10,47,0,-1,74,-19,1,8,6,0,22,11,0,0,-19,16,0,0,27,27,0,0,27,17,0,0,10,-42,-1,25,16,0,58,-45,-1,-2,50,43,-1,0,25,9,0,-24,108,-117,7,0,-8,-81,-1,29,-18,-57,-1,1,-5,-13,-4,-21,2,1,-10,-55,-1,-107,-1,-1,64,-267,16,-383,-325,-31,-52,-9,-65,34,-53,14,-38,3,-61,-90,-49,-15,-170]]]
4174715	r	-84.7259,30.0575,-83.8342,30.827	[[[-847258,304400,9,-253,29,-252,47,-250,67,-247,84,-242,103,-237,120,-231,138,-223,154,-215,170,-206,185,-196,200,-184,212,-173,226,-161,237,-148,248,-133,257,-120,266,-104,273,-89,279,-74,284,-57,210,-30,175,85,116,18,317,-17,15,46,58,106,83,114,90,69,52,1,50,-21,32,-27,-5,-16,205,0,59,25,57,92,65,21,59,-12,28,-26,16,-25,30,-12,77,-60,44,-120,54,-88,101,36,206,115,644,49,4,1,257,120,248,133,237,148,226,161,212,173,200,184,185,196,170,206,154,215,138,223,120,231,103,237,84,242,67,247,47,250,29,252,9,253,-9,253,-29,252,-47,250,-67,247,-84,242,-103,237,-120,231,-138,223,-154,215,-170,206,-185,196,-200,184,-212,173,-226,161,-237,148,-248,133,-257,120,-266,104,-273,89,-279,74,-284,57,-288,42,-290,25,-292,8,-292,-8,-290,-25,-288,-42,-284,-57,-279,-74,-273,-89,-266,-104,-257,-120,-248,-133,-237,-148,-226,-161,-212,-173,-200,-184,-185,-196,-170,-206,-154,-215,-138,-223,-120,-231,-103,-237,-84,-242,-67,-247,-47,-250,-29,-252,-9,-253]]]
5145215	p	5128581
5352423	p	5368361
4684724	n	-95.9592,29.7771,-95.4879,30.1876	[[[-959592,299700,12,-222,37,-219,62,-215,86,-209,109,-201,130,-190,152,-178,171,-165,188,-149,205,-132,94,-49,1295,141,0,7,35,0,0,85,-24,-1,0,47,110,1,0,12,82,0,0,19,28,0,0,38,59,0,-1,26,32,1,0,-15,92,0,1,36,-14,51,-45,36,-36,0,-1,34,36,0,0,20,-675,2,708,-1,0,28,40,0,0,-29,8,-4,162,0,10,53,44,0,0,14,22,0,0,8,13,0,0,5,48,3,5,55,11,0,-1,123,114,1,1,-16,29,0,0,-19,-14,0,1,-43,121,-65,1,-10,72,0,0,17,77,1,-1,59,13,11,116,-102,22,-58,0,82,49,0,0,-51,39,0,0,78,20,0,-7,114,6,102,-50,4,-1,82,17,25,-28,20,196,-133,56,7,27,10,40,-2,36,-11,43,-26,237,243,0,15,14,0,63,65,-102,180,136,1,5,23,0,5,10,14,-19,31,-310,241,49,-86,-245,1,-1,112,-28,-1,0,12,-17,0,0,49,-15,4,0,-23,-39,-1,30,27,-32,12,28,-8,0,26,-93,0,-1,83,87,1,-13,7,-1,-5,-25,0,0,6,-17,-6,-9,26,-23,-1,1,17,11,0,-11,3,2,21,-36,66,-5,-4,-19,15,13,2,-8,11,8,0,-74,104,-28,25,-16,-12,-21,13,0,8,-295,-2,-30,-25,-29,25,-35,-18,-9,-14,-19,17,-10,-9,-8,7,18,26,13,-11,9,7,9,-7,64,5,6,19,39,39,14,24,2,80,-11,1,14,17,28,0,0,-17,-29,-2,1,-27,13,0,0,-11,-12,0,0,-33,-11,-28,-45,-45,8,-8,-3,-9,64,1,8,13,15,-7,0,-6,203,1,-15,29,22,18,-24,32,-26,0,0,7,-7,0,-14,33,12,8,-13,-6,-12,20,-16,-10,-1,30,21,0,-2,5,-48,-3,-1,36,32,2,-128,227,-63,69,-30,44,-12,32,-42,0,402,6,-1893,1329,-56,-12,-239,-75,-230,-95,-218,-114,-205,-132,-188,-149,-171,-165,-92,-108,-60,-70,-130,-190,-109,-201,-86,-209,-62,-215,-37,-219,-12,-222],[-956206,300541,2,-81,-1,0,-1,81],[-959094,300951,175,2,3,-147,-1,0,-3,146,-174,-1],[-958779,300808,1,0,0,-42,-1,42],[-958778,300766,33,1,0,-1,6,-385,364,-137,-364,136,0,1,-6,385,-33,0],[-958375,300244,21,2,164,-63,-164,62,-21,-1],[-958190,300183,25,4,19,-6,0,-1,-18,6,-26,-3],[-958145,300179,18,-19,-3,2,-15,17],[-958125,300159,134,-52,157,-57,9,0,-6,-1,-3,1,-37,11,-229,87,-25,11],[-957411,298317,-657,-4,0,1,657,3],[-957994,300264,12,104,3,-12,-15,-92],[-957825,300050,21,3,8,-2,-29,-1],[-957796,300051,2,0,4,-2,-6,2],[-957790,300049,3,-1,1,-1,-4,2],[-957786,300047,6,-3,14,-20,-20,23],[-957211,299812,-503,190,-2,1,505,-191],[-957236,299950,63,-134,7,-18,-1,0,-69,152],[-957171,299797,4,1,1,-3,-5,2],[-957163,299794,78,-29,187,-126,-188,125,-77,30],[-956206,298796,1,169,0,-169,-1,0],[-955772,298804,10,0,50,-6,-60,6]],[[-956160,300541,35,-63,64,-72,80,-145,141,-226,20,1,0,11,10,0,1,19,9,0,1,-29,-19,-3,7,-12,21,2,7,-30,-22,-2,7,-9,13,1,1,-5,-9,-1,13,-3,1,-6,-12,-2,38,-34,76,-106,1,7,26,0,-1,11,29,8,0,-97,-14,-5,17,-27,12,5,1,-18,42,-1,1,-33,34,-20,6,26,28,0,-1,18,25,0,0,14,16,-1,-1,21,28,-1,154,-272,1,-1,222,-171,85,-67,-802,1299,-33,23,-359,-4],[-955741,300296,28,0,0,-16,11,-2,-9,-6,-6,4,3,-11,20,14,23,0,1,-28,-43,-3,-7,12,5,4,-10,5,-16,27]],[[-955633,298451,141,1,3,4,0,47,-107,0,0,17,-20,-1,0,-16,-16,3,-1,-55]],[[-954959,299147,2,-144,78,80,-65,106,-9,-15,-1,-4,-3,-23,-2,0]]]
4883817	r	-88.7582,41.4564,-87.9173,41.9354	[[[-887582,417600,10,-215,28,-215,47,-212,65,-210,83,-206,101,-201,118,-196,135,-190,152,-183,167,-175,182,-167,196,-157,209,-147,222,-137,233,-125,243,-114,253,-101,249,-85,1557,990,0,5,-97,-2,2,-36,-96,-2,1,-36,-98,-2,-2,73,48,1,0,36,46,1,-1,35,-48,-1,-1,38,50,1,-2,54,95,2,4,-91,19,0,7,-6,0,6,26,1,-6,72,47,1,-2,73,17,0,10,-16,12,-5,1,-23,15,0,-9,-28,54,1,2,-51,17,1,1,-16,24,0,54,34,-1,33,55,1,40,26,-2,47,79,2,590,375,2490,-88,718,1433,-5,103,-376,445,-655,-98,-745,-420,1,-5,-9,0,-50,-28,0,-11,-19,0,-4,-2,1,-10,47,5,-1,10,49,1,-1,16,27,1,2,-16,22,0,4,-74,-7,0,-2,-13,8,-15,-57,-46,-41,-1,7,-123,2,-60,-64,-1,7,-29,-135,-3,-1,9,-6,-1,3,-66,-97,-3,-12,43,-6,-8,5,-14,-14,3,-28,-6,-10,-1,-3,61,-18,5,-29,-13,16,-45,-40,-15,0,-3,-7,-3,-25,20,-34,3,-11,17,-41,-5,10,-5,-9,-3,2,-58,-146,-4,0,-5,75,3,1,-13,29,1,0,-8,-29,-17,1,-11,-8,-7,-27,-43,-12,-17,-25,-16,0,-1,-23,-3,-23,-14,-50,-1,0,-16,-47,-35,1,-23,-24,-14,-22,-54,3,-79,-132,-1,-1,36,-61,-1,-4,73,-1,11,-29,-2,-1,25,-60,-1,-7,0,1,-16,1,-19,-97,-2,1,-36,-49,-1,-1,18,-49,0,-8,235,7,1,0,8,-8,0,0,28,97,2,0,5,-90,-1,0,15,40,20,-1,32,-50,4,-1,68,97,2,-3,83,46,1,149,2,3,132,0,13,-59,0,0,28,-39,-1,-2,31,1,14,97,2,3,297,-16,-1,0,10,17,3,-163,-4,-99,-12,-5,-107,-31,110,25,5,1,27,-6,0,1,15,-10,0,1,36,17,0,8,85,-85,4,-4,14,27,5,3,29,-28,-7,9,55,1,-14,85,-1,6,57,31,30,15,-4,-30,-46,-7,-36,48,3,1,1,0,13,3,0,3,14,30,1,1,0,1,30,48,19,11,1,10,0,1,31,46,1,-5,-32,12,0,2,55,33,-4,0,5,-93,5,6,42,-16,0,-101,-94,-1,16,85,78,-46,-2,-9,-28,-19,1,1,26,-29,-1,-197,-26,-150,542,-220,266,-4065,369,-91,-109,-135,-190,-118,-196,-101,-201,-83,-206,-65,-210,-47,-212,-28,-215,-10,-215],[-882462,418153,14,-1,0,-16,-9,0,-5,17],[-882314,418181,19,2,-1,-5,-18,3]],[[-882246,416949,1,-12,23,0,1,-24,-23,0,2,-36,47,0,2,-53,25,0,0,-19,31,1,12,0,-4,20,0,1,9,0,0,15,71,2,-2,31,-13,0,0,6,111,0,-2,36,-91,-1,-62,-36,-20,70,-118,-1]],[[-881957,416966,1,-12,62,1,10,-5,-1,5,26,0,1,-18,18,1,-1,46,-20,-1,-1,22,20,0,-1,24,-2,0,-112,-63]],[[-881465,417174,17,-10,38,-14,40,23,-75,30,-20,-29]]]
5516233	r	-102.2849,34.8459,-101.3751,35.5941	[[[-1022849,352200,10,-245,29,-243,49,-242,67,-238,87,-235,105,-229,122,-223,141,-216,157,-208,173,-199,189,-189,204,-178,217,-168,230,-155,242,-143,253,-129,262,-115,271,-101,279,-87,285,-71,290,-55,293,-40,296,-24,298,-8,298,8,296,24,293,40,290,55,285,71,279,87,271,101,262,115,253,129,242,143,230,155,217,168,204,178,189,189,173,199,157,208,141,216,122,223,105,229,87,235,67,238,49,242,29,243,10,245,-10,245,-29,243,-49,242,-67,238,-87,235,-105,229,-122,223,-141,216,-157,208,-173,199,-189,189,-204,178,-217,168,-230,155,-242,143,-253,129,-262,115,-271,101,-279,87,-285,71,-290,55,-293,40,-296,24,-298,8,-298,-8,-296,-24,-293,-40,-290,-55,-285,-71,-279,-87,-271,-101,-262,-115,-253,-129,-242,-143,-230,-155,-217,-168,-204,-178,-189,-189,-173,-199,-157,-208,-141,-216,-122,-223,-105,-229,-87,-235,-67,-238,-49,-242,-29,-243,-10,-245]]]
5145476	r	-81.9485,40.83,-81.0898,41.3647	[[[-819485,410524,20,-150,45,-211,64,-208,82,-204,99,-200,116,-195,133,-188,149,-182,164,-174,178,-165,193,-156,205,-146,74,-45,7050,2240,6,46,9,214,-9,214,-28,212,-45,211,-64,208,-82,204,-99,200,-116,195,-133,188,-149,182,-164,174,-178,165,-193,156,-205,146,-218,135,-229,125,-239,113,-45,18,-148,-57,-5515,-2124,-728,-941]]]
5814616	p	5746545
4049979	r	-87.3749,33.0056,-86.1995,34.0241	[[[-873749,336648,1097,-1732,1681,-4059,198,-119,267,-140,278,-125,287,-109,294,-93,302,-77,306,-60,311,-43,313,-26,315,-9,315,9,313,26,311,43,306,60,302,77,294,93,287,109,278,125,267,140,256,154,244,168,229,181,216,193,199,204,184,215,166,225,148,234,130,241,111,247,92,253,71,258,51,261,31,264,11,264,-11,264,-1,12,1207,-70,47,236,38,328,13,330,-13,330,-38,328,-64,325,-89,322,-114,315,-139,309,-162,300,-185,291,-208,280,-229,268,-249,255,-269,241,-286,226,-304,209,-320,192,-333,174,-347,156,-358,136,-368,116,-376,96,-382,75,-388,53,-391,33,-393,11,-393,-11,-391,-33,-388,-53,-382,-75,-376,-96,-368,-116,-358,-136,-347,-156,-333,-174,-320,-192,-304,-209,-286,-226,-269,-241,-249,-255,-229,-268,-208,-280,-185,-291,-162,-300,-139,-309,-62,-172]]]
4076784	r	-86.8038,31.9417,-85.8031,32.7983	[[[-868037,323700,11,-280,32,-279,54,-277,74,-273,96,-268,116,-262,136,-255,156,-248,174,-238,192,-228,209,-216,225,-205,241,-191,255,-178,267,-163,280,-149,291,-132,300,-115,309,-99,315,-81,321,-64,326,-46,328,-27,329,-9,329,9,328,27,326,46,321,64,315,81,309,99,300,115,291,132,280,149,267,163,255,178,241,191,225,205,209,216,192,228,174,238,156,248,136,255,116,262,96,268,74,273,29,149,-1871,4064,-32,21,-267,163,-280,149,-291,132,-300,115,-309,99,-315,81,-321,64,-326,46,-328,27,-329,9,-329,-9,-328,-27,-326,-46,-321,-64,-315,-81,-309,-99,-300,-115,-291,-132,-280,-149,-267,-163,-255,-178,-241,-191,-225,-205,-209,-216,-192,-228,-174,-238,-156,-248,-136,-255,-116,-262,-96,-268,-74,-273,-54,-277,-32,-279,-11,-280]]]
4994358	r	-86.1167,42.5698,-85.202,43.2761	[[[-861167,429100,9,-201,27,-200,44,-198,62,-196,79,-193,96,-188,113,-183,128,-177,144,-171,159,-163,173,-156,187,-147,199,-137,210,-128,222,-117,98,-45,-170,-161,99,-69,222,-134,233,-123,243,-112,253,-100,261,-87,59,-16,472,26,2722,149,626,34,119,55,463,246,103,62,209,145,196,154,182,164,167,171,151,180,135,187,119,192,101,198,83,203,65,205,47,209,28,211,9,211,-9,211,-28,211,-47,209,-65,205,-83,203,-101,198,-56,90,-40,-8,-45,197,-63,202,-82,198,-99,193,-115,189,-133,182,-148,176,-163,168,-178,160,-192,150,-205,142,-217,131,-228,120,-239,110,-247,97,-256,85,-262,73,-269,60,-273,47,-277,34,-279,20,-281,7,-281,-7,-279,-20,-277,-34,-273,-47,-269,-60,-262,-73,-256,-85,-247,-97,-239,-110,-228,-120,-217,-131,-205,-142,-192,-150,-178,-160,-163,-168,-148,-176,-133,-182,-115,-189,-3,-4,150,-58,-94,-111,-128,-177,-113,-183,-96,-188,-79,-193,-62,-196,-44,-198,-27,-200,-9,-201]]]
5308480	p	5308655
5224151	r	-71.8667,41.4003,-71.2277,42.0868	[[[-718667,417800,9,-210,27,-208,46,-207,63,-204,81,-201,13,-26,229,37,23,-174,43,-195,60,-192,76,-189,92,-185,108,-179,124,-174,139,-168,153,-160,166,-153,179,-144,192,-134,203,-125,213,-115,223,-105,231,-93,239,-81,246,-69,251,-58,256,-44,259,-33,116,-8,59,58,287,626,27,177,-12,525,-49,155,-133,203,54,101,137,95,112,184,22,203,-35,199,-19,31,1,0,22,7,23,-1,11,4,-29,-1,8,2,0,11,1,-6,9,2,-4,-6,21,-1,1,13,-13,18,21,29,-87,19,-40,22,-43,42,-13,-19,-199,77,-1,0,52,69,48,29,26,0,-11,-6,-11,4,6,-5,58,-5,60,3,84,-19,88,1,35,10,-73,11,-65,32,4,4,44,-14,14,3,0,7,23,-24,40,18,-30,49,7,-1,25,-12,10,-11,-3,-15,18,-22,12,15,-1,-16,-14,-1,-4,-9,11,-16,16,-6,-1,-6,27,-7,1,4,44,3,0,4,13,-13,7,-9,-3,-41,9,-50,-6,-6,39,-8,15,-19,48,-26,22,-4,17,11,32,48,-6,34,6,53,18,38,23,17,38,14,6,15,10,-2,8,18,7,-3,3,5,-29,11,-10,21,-1,38,16,59,-10,11,-2,11,18,55,-7,22,-14,-9,16,10,15,-4,63,39,-75,-6,-14,3,-19,62,-81,67,-92,52,-18,19,17,7,3,15,13,-3,5,-33,17,-9,3,12,-8,7,8,26,42,45,-41,11,-24,15,-31,-23,-38,0,-9,12,28,-5,28,17,2,10,17,-2,18,17,-10,15,3,27,16,6,0,1,-31,-8,-17,14,-34,83,-15,11,-16,-5,16,6,12,3,4,10,8,-1,17,-55,11,31,-8,16,-1,42,-1,-15,-18,0,-15,14,11,50,-26,35,-9,37,4,7,19,3,-20,-2,9,17,53,17,18,3,26,-7,14,14,-5,6,10,0,-40,58,-91,74,-8,3,-24,-16,2,30,5,4,-5,-3,2,37,33,119,10,-4,3,-10,13,1,103,-113,84,-129,48,-144,6,-63,10,-116,53,-85,31,-50,185,-125,189,-90,94,-28,44,80,24,217,16,22,16,22,91,-20,1,-1,381,504,238,184,-234,2157,-422,483,-2999,-191,-1061,-745,-72,-118,-81,-163,-49,-120,-104,33,-59,-83,-175,84,-676,-323,-18,-25,-116,-191,-98,-196,-81,-201,-63,-204,-46,-207,-27,-208,-9,-210]],[[-714010,414685,22,-66,62,14,85,62,80,75,47,54,58,129,52,193,31,220,-5,216,-13,82,-33,61,-60,37,-93,17,-150,-352,-26,-163,109,-92,-34,-43,-17,-37,-27,-33,-66,-30,36,-120,-58,-224]],[[-713594,416420,26,-104,209,-52,52,-157,-65,-182,0,-104,65,-65,156,52,104,234,13,222,-143,65,-130,143,-52,104,-78,130,-118,-104,-39,-182]],[[-713578,414725,32,-142,84,-36,112,44,119,96,199,-23,132,119,0,1006,-11,-6,-147,-66,-30,-39,6,-146,-10,-71,-33,-53,-98,-104,-33,-104,42,-115,126,-131,-112,-69,-313,-106,-65,-54]],[[-713088,416708,70,-112,118,0,0,671,-41,-65,-74,-176,-53,-179,-20,-139]]]
4634946	r	-84.4502,35.528,-83.3899,36.3921	[[[-844501,359600,11,-283,34,-281,56,-279,79,-275,101,-271,122,-264,143,-258,164,-249,183,-240,202,-230,220,-219,237,-206,254,-193,268,-179,282,-165,294,-149,306,-134,316,-116,325,-100,332,-82,338,-64,342,-46,345,-28,347,-9,347,9,345,28,342,46,338,64,332,82,325,100,316,116,306,134,294,149,282,165,268,179,254,193,237,206,220,219,202,230,183,240,164,249,143,258,122,264,101,271,79,275,56,279,34,281,11,283,-11,283,-34,281,-56,279,-79,275,-101,271,-122,264,-143,258,-164,249,-183,240,-202,230,-220,219,-237,206,-254,193,-268,179,-282,165,-294,149,-306,134,-316,116,-325,100,-332,82,-338,64,-342,46,-345,28,-347,9,-347,-9,-345,-28,-342,-46,-338,-64,-332,-82,-325,-100,-316,-116,-306,-134,-294,-149,-282,-165,-268,-179,-254,-193,-237,-206,-220,-219,-202,-230,-183,-240,-164,-249,-143,-258,-122,-264,-101,-271,-79,-275,-56,-279,-34,-281,-11,-283]]]
5513343	p	5506956
4694482	p	4684888
4341513	r	-94.2406,32.1036,-93.3089,32.9364	[[[-942406,325200,11,-272,31,-272,53,-268,73,-266,93,-261,113,-255,132,-248,152,-240,169,-232,187,-221,204,-211,219,-199,235,-186,248,-173,261,-159,272,-144,283,-128,293,-112,300,-96,307,-80,313,-61,317,-45,319,-27,321,-8,100,2,0,590,100,-3,275,8,275,23,272,38,268,53,264,68,258,82,251,97,243,110,234,124,224,136,213,148,201,160,188,171,175,181,160,190,146,199,130,206,114,213,97,219,80,224,62,228,45,230,27,233,9,234,-9,234,-27,233,-45,230,-62,228,-80,224,-97,219,-114,213,-130,206,-146,199,-160,190,-175,181,-188,171,-201,160,-213,148,-224,136,-234,124,-243,110,-251,97,-258,82,-264,68,-268,53,-272,38,-275,23,-275,8,-100,-3,0,590,-100,2,-321,-8,-319,-27,-317,-45,-313,-61,-307,-80,-300,-96,-293,-112,-283,-128,-272,-144,-261,-159,-248,-173,-235,-186,-219,-199,-204,-211,-187,-221,-169,-232,-152,-240,-132,-248,-113,-255,-93,-261,-73,-266,-53,-268,-31,-272,-11,-272],[-937397,325322,51,2,-45,-2,-6,0],[-937386,323375,1,95,0,-1,-1,-94],[-937378,324095,19,0,1,0,-20,0],[-937305,325081,33,3,-33,-4,-52,20,52,-19],[-937347,323910,8,-2,-7,1,0,-72,-1,73],[-937323,325326,1,1,18,6,-19,-7],[-937313,325703,5,0,-5,-1,3,-88,-3,89],[-937306,325334,11,5,0,-1,-11,-4],[-937300,325802,7,-1,-7,0,0,1],[-937300,323918,2,-4,41,-74,-41,73,-2,5],[-937300,325793,28,0,-28,-1,0,1],[-937296,323972,7,10,1,0,-8,-10],[-937295,325339,24,37,3,10,-1,-7,-26,-40],[-937267,323476,0,22,1,-22,-1,0],[-937250,324098,31,-24,108,-21,-108,20,-31,25],[-937099,325720,1,51,0,-51,-1,0],[-937072,324009,19,-18,-1,0,-18,18],[-937055,325610,1,-34,43,1,1,19,-1,-20,-43,-1,-1,35],[-936967,324592,-1,0,-45,32,46,-32],[-937017,323608,1,-13,14,-9,-15,9,0,13],[-937011,324442,70,20,-1,0,-69,-20],[-936996,323704,6,4,0,-1,-6,-3],[-936969,325476,1,0,0,-46,-1,46],[-936949,324025,1,0,10,-12,-11,12],[-936945,324239,15,-2,-15,1,0,1],[-936926,324292,50,24,-51,-24,1,0],[-936936,324011,0,11,0,-12,0,1],[-936905,324603,24,3,1,0,-25,-3],[-936863,324171,5,-6,-1,-5,0,5,-4,6],[-936768,324524,14,2,-1,0,-13,-2],[-936699,325676,8,7,-7,-7,-1,0],[-936652,325730,38,32,-37,-32,-1,0],[-936616,324579,0,1,1,0,-1,-1],[-936500,324622,1,0,43,-73,-44,73],[-936433,325710,6,36,-5,-36,27,-5,-28,5],[-936398,324396,10,0,0,-1,-10,1],[-936344,325583,1,-7,12,-14,-13,14,0,7],[-936339,325705,22,15,1,0,-23,-15],[-936313,325633,4,-2,18,-4,-19,4,-3,2],[-936304,324200,1,1,1,0,-2,-1],[-936279,325552,27,-7,43,-34,-44,34,-26,7],[-936147,325391,1,0,51,-78,-52,78]]]
4676740	r	-97.6464,25.8403,-97.1375,26.2282	[[[-976464,260247,49,-22,45,-32,5,-33,-18,-36,11,-16,56,-39,73,-4,7,33,10,-7,95,-131,83,-160,105,-136,163,-65,-23,-122,14,-48,9,-6,23,6,25,30,3,25,-18,43,0,15,56,-8,23,-24,11,-25,0,-18,89,-29,30,-34,47,-17,39,-26,94,-88,-13,-20,7,-20,51,-2,17,-16,15,-21,-2,-8,-13,1,-8,-29,54,-1,11,-13,7,-28,-7,-2,-3,-15,-10,-7,4,-5,-7,-10,7,-10,-29,-22,10,-24,27,-24,8,-16,6,-34,-7,-48,14,-31,19,-7,93,16,53,36,62,74,11,5,19,-33,-13,-98,2,-57,6,-6,22,3,23,13,42,42,12,-4,7,-17,-16,-43,13,-6,15,1,79,45,61,54,20,4,8,-4,5,-15,-8,-36,-16,-15,-46,-24,5,-30,36,-11,10,4,39,52,16,11,52,20,34,1,9,-24,-1,-35,124,-18,4,-112,10,-11,30,-10,-2,-72,32,-2,-3,-64,91,-86,34,-6,62,11,32,-5,7,5,2,13,-15,12,-10,37,10,51,0,3,96,-16,43,37,4,61,17,46,79,-1,68,-52,30,-73,41,-65,100,-28,203,83,5,195,-71,228,-28,183,40,56,227,149,174,-112,234,66,184,157,28,162,133,29,482,-29,656,52,18,87,-32,447,-25,286,-86,272,-130,19,-106,-60,-42,-148,-19,-181,-38,-157,-73,-108,-91,-64,-245,-101,-56,-50,-14,-45,-30,-13,-105,46,-53,42,-36,59,-48,165,6,137,118,241,13,175,142,-59,103,23,68,92,34,149,-119,47,-125,22,-274,5,-124,21,-94,45,-71,44,-55,20,-123,117,-48,268,9,201,-166,-73,-54,51,-7,23,-53,15,44,-66,39,-37,-1963,-860,1,2,-52,6,40,304,53,-6,92,686,-59,90,-30,16,-60,9,21,106,2,36,-7,38,24,130,-26,3,-47,-337,57,-9,41,-13,34,-40,15,-37,-3,-17,-13,-15,13,-32,-80,-588,-58,7,-50,-353,43,-7,-221,-97,-6,7,-175,258,-40,68,-101,121,-36,6,-38,-72,-109,-64,-43,-191,-155,44,4,-20,36,-24,108,-29,-81,-383,-185,-81,-8,9,-33,11,-9,-21,17,-13,-36,-16],[-976349,260178,82,-59,-8,-32,-72,41,-2,50],[-976012,260445,31,271,22,31,8,33,25,13,120,17,149,-210,-355,-155],[-974376,258746,19,-53,64,-91,1,-8,-33,0,-13,15,-2,57,-22,4,-14,22,0,54]],[[-972005,262201,122,-708,90,-295,129,-170,30,108,-10,179,-63,480,-67,255,-47,232,-184,-81]]]
4276873	p	4393217
4776024	r	-77.0363,36.8827,-76.3859,37.4016	[[[-770363,370576,4587,-1749,336,253,61,44,21,1,12,11,3,17,38,13,23,-4,18,-16,-8,-37,14,-21,24,-20,27,-6,81,43,108,31,25,25,38,55,22,35,32,26,27,10,-36,45,-19,102,-18,106,-188,112,-240,216,-136,98,-68,38,-86,25,-132,11,-61,39,17,58,29,22,96,56,0,62,-666,113,-215,43,-134,238,178,380,-110,422,-37,377,-191,36,-289,-386,-217,66,-231,77,-249,358,-142,64,-918,0,-199,63,-371,224,-43,9,-70,-91,-189,-285,-166,-294,-142,-303,-117,-309,-91,-315,-38,-188]],[[-769413,372538,98,-85,235,22,188,117,110,98,50,95,-3,267,36,103,97,76,39,-184,-11,-228,18,-195,128,-81,138,-33,372,-140,176,-32,75,-37,46,-87,36,-102,47,-81,100,-56,50,58,36,99,54,70,190,38,415,31,145,67,208,-131,167,-215,65,-266,-25,-77,-67,-205,14,-136,74,-114,480,-336,171,36,222,-317,709,-275,127,-144,111,-395,138,-37,159,57,136,98,-94,73,-12,-10,-41,31,-10,-4,13,-50,13,-10,-6,-4,-24,9,-13,16,-17,3,-197,319,-175,-70,-9,14,22,10,0,1,1,3,1,3,-1,5,-13,49,-5,20,-65,85,0,5,-3,19,-8,51,0,16,0,40,0,2,0,1,22,39,-20,23,-4,27,35,84,3,8,-1,7,-1,7,-2,10,-43,58,86,80,23,-2,12,60,24,-4,-6,37,-20,7,-38,-5,-73,22,-12,19,-24,-1,-48,24,-320,367,-19,8,-135,159,18,20,-11,10,12,13,-106,148,3,25,-16,25,-6,5,-77,-20,1,-4,-17,3,-392,440,-23,-31,-28,-4,-4,-18,-33,3,-1755,1859,-216,-108,-327,-188,-310,-206,-294,-221,-274,-235,-256,-250,-234,-263,-5,-7]]]
4076598	r	-88.5376,30.2605,-87.5438,31.1208	[[[-885376,306900,11,-282,32,-280,53,-278,74,-275,94,-270,115,-263,135,-257,153,-249,172,-239,190,-229,206,-218,180,-167,183,46,225,99,199,1,179,-231,62,0,23,54,19,34,18,40,15,77,259,-122,616,-118,292,-96,-86,-211,16,-95,100,-31,168,-17,4,5,208,-5,22,-35,17,-62,45,-28,114,63,62,122,99,729,-18,419,21,178,94,339,21,163,21,86,95,113,20,80,-5,119,10,2,-11,11,-1,33,952,-1,25,717,-33,302,-9,31,-22,31,-31,27,-38,23,-51,15,-27,20,5,30,20,32,1,-4,74,-33,107,-2,127,-19,217,-100,113,-127,300,-760,56,-200,-34,-147,-97,-121,-107,-178,-81,-193,-19,-167,36,-58,70,-85,68,-106,30,-122,10,-119,27,-108,52,-97,79,-89,78,-63,87,-51,99,-37,115,-20,149,-9,11,20,-15,48,132,142,34,48,41,0,91,-78,17,-77,-88,-221,-25,-109,74,-122,385,-315,214,115,265,164,1932,3731,-28,249,-53,278,-74,275,-94,270,-115,263,-135,257,-153,249,-172,239,-190,229,-206,218,-223,206,-237,193,-252,179,-265,164,-276,149,-287,132,-297,117,-305,99,-311,82,-317,64,-322,46,-324,28,-325,9,-325,-9,-324,-28,-322,-46,-317,-64,-311,-82,-305,-99,-297,-117,-287,-132,-276,-149,-265,-164,-252,-179,-237,-193,-223,-206,-206,-218,-190,-229,-172,-239,-153,-249,-135,-257,-115,-263,-94,-270,-74,-275,-53,-278,-32,-280,-11,-282],[-880155,307271,8,65,48,-70,12,-127,0,-17,-16,12,-22,35,-24,61,-6,41]],[[-881246,302657,197,-28,282,-24,-323,156,-90,-50,-66,-54]]]
4155966	r	-80.2682,26.0641,-80.0871,26.2119	[[[-802682,261938,3,-146,162,0,2,-146,82,0,165,-209,1,-62,26,0,0,-15,10,0,1,18,33,-1,3,-16,0,15,7,0,-1,33,15,-9,11,-39,10,-1,-6,16,132,-1,1,-17,10,0,3,-122,24,-18,15,1,1,-8,-13,-1,2,-8,7,7,0,-8,-16,0,-2,8,1,-24,-16,-5,1,-116,-7,-1,0,-18,4,-135,4,5,-3,-36,67,-24,38,15,67,8,-3,-25,29,4,-1,7,11,-10,2,0,0,-2,203,-194,301,-17,-3,66,-1,18,22,1,-5,167,-81,-2,7,37,303,6,35,16,48,215,100,658,-163,-1,10,147,40,148,-58,0,0,-19,-58,-1,-1,12,-100,-3,-6,-18,-98,-27,-38,-1,-34,28,-22,-28,8,-25,19,0,0,-9,20,1,0,7,30,1,3,-109,21,1,1,-27,30,0,0,-10,21,1,0,-19,21,1,1,-38,34,1,-8,-26,1,-21,-318,34,-41,23,-1,32,4,5,22,-3,18,77,17,33,2,27,5,0,6,-17,13,13,-2,19,-13,-2,2,6,17,2,7,16,22,10,16,1,33,27,-92,27,-2,-11,-255,-9,-30,-7,-65,-1,-32,6,-92,-6,1,-59,-42,0,-1,-16,-20,3,-18,-22,1,-45,37,0,1,-56,41,0,0,-21,-25,-9,25,0,4,0,108,0,9,2,62,15,-1,10,-61,4,0,17,-41,0,0,27,7,0,0,9,85,2,0,-17,50,0,0,9,10,0,1,-27,-9,0,0,-28,-19,0,7,-38,1,-2,3,-3,2,-1,5,-4,102,5,1,-28,-100,19,-17,11,-6,14,-80,-2,0,-19,-61,0,0,20,-78,1,0,-12,-53,0,-13,-5,0,-15,-37,0,0,-36,-106,-1,-13,-4,1,4,-163,1,-3,144,-323,0]]]
5393049	r	-118.8792,34.1619,-118.32,34.6661	[[[-1188792,344721,2149,-1366,200,-255,934,0,40,29,-2,5,16,23,-8,16,43,-9,350,250,10,0,4,11,30,21,136,-1,3,71,36,0,1,56,32,22,59,-3,0,46,272,194,2,-24,44,1,0,-26,22,0,-1,-37,22,0,0,27,34,0,0,-9,22,0,0,-9,11,0,0,-9,22,0,-2,-75,44,0,1,37,78,-1,0,-37,-12,0,0,-37,45,-1,0,38,22,-1,1,37,38,1,-2,-111,40,1,0,219,75,3,1,27,1,99,-59,2,6,39,-11,2,12,7,-8,3,2,8,-20,2,-29,28,12,22,34,8,31,-29,1,-19,10,-15,19,-11,2,205,757,541,-725,1019,-20,45,-30,33,-179,165,-198,149,-215,132,-229,114,-242,95,-252,75,-259,54,-264,32,-267,11,-267,-11,-264,-32,-259,-54,-252,-75,-242,-95,-229,-114,-215,-132,-198,-149,-179,-165,-159,-178,-138,-190,-114,-201,-90,-209,-65,-215,-21,-120]],[[-1186182,342762,482,-612,652,0,558,-531,504,417,258,463,528,362,-69,0,1,-37,-249,1,0,-37,-30,0,-66,9,-30,11,-31,-4,-15,29,-6,2,-7,-16,-11,4,15,38,-37,0,0,-29,9,-4,-21,0,-1,9,-23,-3,-87,14,12,49,-23,1,0,17,45,0,0,18,-6,0,1,37,-45,0,0,18,-62,0,-1,-18,-31,0,-2,-36,-28,0,-5,-11,-13,-59,-46,-5,-32,31,-10,28,14,0,3,21,52,0,0,32,23,0,1,36,-45,0,1,72,17,0,-1,21,9,-6,21,6,2,65,31,5,13,11,0,18,-43,-3,-21,17,-22,8,-3,77,-84,1,0,-25,14,-15,-14,-12,-23,-2,-32,12,-17,-1,0,21,13,2,13,16,-8,4,-10,-7,0,7,-727,7,-111,67,-302,-228,-80,19,-49,-35,32,-72,-2,-7,-4,-11,35,-51,-132,-24,-34,28,-24,0,-23,-4,-67,-41,-13,7,-18,32,-133,49,-21,-4,-43,-155,8,-51,-14,-1,2,-32,-41,-46,-83,30,-30,3,-108,-17],[-1184560,342849,65,48,-5,7,16,14,30,27,7,-6,121,108,112,-103,28,21,28,-27,-29,-20,15,-14,-166,-127,-18,17,-82,-60,-86,80,-36,35]]]
4612862	r	-85.8507,34.6043,-84.7693,35.4957	[[[-858507,350500,11,-291,35,-291,58,-287,80,-284,103,-280,124,-272,147,-266,166,-257,187,-248,206,-237,225,-225,242,-213,258,-200,273,-185,288,-169,300,-154,313,-138,322,-120,331,-103,339,-85,344,-66,349,-47,352,-29,354,-10,354,10,352,29,349,47,344,66,339,85,331,103,322,120,313,138,300,154,288,169,273,185,258,200,242,213,225,225,206,237,187,248,166,257,147,266,124,272,103,280,80,284,58,287,35,291,11,291,-11,291,-35,291,-58,287,-80,284,-103,280,-124,272,-147,266,-166,257,-187,248,-206,237,-225,225,-242,213,-258,200,-273,185,-288,169,-300,154,-313,138,-322,120,-331,103,-339,85,-344,66,-349,47,-352,29,-354,10,-354,-10,-352,-29,-349,-47,-344,-66,-339,-85,-331,-103,-322,-120,-313,-138,-300,-154,-288,-169,-273,-185,-258,-200,-242,-213,-225,-225,-206,-237,-187,-248,-166,-257,-147,-266,-124,-272,-103,-280,-80,-284,-58,-287,-35,-291,-11,-291]]]
5115843	p	5128581
5512909	p	5506956
5393287	r	-123.1362,38.2705,-122.3615,38.7765	[[[-1231362,384546,75,-53,41,-118,118,-169,107,-84,63,-164,88,-45,80,-192,81,-121,25,-137,-76,-238,136,-266,95,21,12,72,52,68,170,7,272,-178,152,-172,78,-72,4805,1018,1143,2180,230,437,-99,109,-177,170,-191,161,-204,150,-216,140,-227,128,-237,116,-246,104,-255,91,-261,78,-267,64,-272,50,-276,36,-278,21,-279,7,-279,-7,-278,-21,-276,-36,-272,-50,-267,-64,-261,-78,-255,-91,-246,-104,-237,-116,-227,-128,-216,-140,-204,-150,-191,-161,-177,-170,-162,-179,-148,-187,-131,-195,-116,-200,-98,-206,-81,-211,-64,-214,-45,-218,-27,-219,-4,-74]]]
5725846	r	-123.5565,43.7124,-122.5667,44.3626	[[[-1235565,440500,10,-221,30,-220,49,-218,70,-215,88,-211,108,-207,126,-201,144,-195,161,-188,178,-179,193,-171,209,-161,223,-151,236,-140,248,-129,259,-117,270,-104,278,-91,285,-78,293,-64,297,-50,301,-36,304,-22,305,-7,305,7,45,4,0,96,54,-4,296,-7,296,7,296,21,292,35,289,49,284,62,278,76,270,88,261,102,252,113,241,125,230,136,216,147,203,156,188,166,173,175,156,182,140,189,123,196,104,201,86,205,68,209,48,212,29,213,10,215,-10,215,-29,213,-48,212,-68,209,-86,205,-104,201,-123,196,-140,189,-156,182,-173,175,-188,166,-203,156,-216,147,-230,136,-241,125,-252,113,-261,102,-270,88,-278,76,-92,20,-946,-92,-769,-230,-4188,-887,-41,-41,-161,-188,-144,-195,-126,-201,-108,-207,-88,-211,-70,-215,-49,-218,-30,-220,-10,-221]]]
5317058	p	5308655
5378771	r	-117.4926,32.9152,-117.1694,33.3964	[[[-1174926,333165,946,-1090,0,-2,-19,0,4,-5,-30,-21,-14,16,-359,-242,42,-46,260,-449,493,310,381,-551,90,-270,151,-456,121,-120,64,-167,22,-63,26,-74,155,-783,4,6,-8,96,-28,145,30,-25,13,10,0,36,22,0,1,37,-43,-1,-8,25,13,4,-10,25,5,19,43,1,-2,291,66,0,-1,35,109,1,4,-38,52,0,44,10,22,20,50,-25,0,14,29,3,15,14,69,-2,408,585,-286,218,22,-1,0,19,-22,0,1,19,-20,-1,0,39,41,-1,1,74,-29,0,-2,-9,-16,-4,-6,4,11,11,-23,0,-5,-6,37,-24,-23,-24,-27,16,-68,0,0,-9,-26,14,-26,21,-2,46,-6,-1,1,112,-43,1,-2,74,-19,-1,-15,17,-12,27,0,17,-8,6,0,6,9,1,-15,0,-8,10,6,5,-8,22,-16,0,0,41,-1,84,0,89,-161,0,-7,108,-66,0,1,67,-25,-3,-12,49,-23,13,103,134,-43,20,-5,2,-201,92,-14,-18,-11,5,-21,-9,-5,11,15,0,0,14,-9,2,-17,-15,-1,-11,-39,5,0,22,-43,-3,0,32,26,0,2,12,-12,24,-10,0,-1,36,83,0,0,109,55,0,4,9,12,0,1,10,14,0,0,17,43,-1,44,21,0,88,40,8,22,-4,-1,36,26,0,-39,2,0,12,-48,26,36,17,8,64,-37,6,5,6,-18,9,24,31,-18,10,23,30,18,-10,24,31,107,-60,0,142,21,5,0,45,-21,0,0,-8,-43,-1,0,47,41,-1,2,23,57,-2,11,5,3,16,-15,4,0,-10,-56,0,0,109,-86,2,0,33,7,-3,4,10,31,-5,1,37,-130,1,0,73,43,-1,0,37,-33,-1,1,-8,-23,-9,-7,4,1,22,18,7,0,21,-74,0,-403,-310,0,987,-569,287,-1257,-799]]]
5750162	r	-123.4728,44.7277,-122.5872,45.2374	[[[-1234728,449400,10,-206,28,-206,47,-204,21,-64,722,-278,6874,-1165,55,42,184,160,169,168,153,175,136,182,120,188,102,194,84,197,66,201,47,204,28,206,10,206,-10,206,-28,206,-47,204,-66,201,-84,197,-102,194,-120,188,-136,182,-22,25,-3883,1309,-1408,62,-216,-59,-264,-85,-256,-97,-246,-109,-236,-121,-224,-131,-211,-141,-198,-150,-184,-160,-169,-168,-153,-175,-136,-182,-120,-188,-102,-194,-84,-197,-66,-201,-47,-204,-28,-206,-10,-206]]]
5351515	p	5392900
5385955	r	-117.7496,33.9753,-117.4789,34.4032	[[[-1177496,341380,457,-580,47,-302,74,-37,0,15,110,7,0,-129,-10,0,0,-18,32,0,1,-18,65,1,0,-15,44,0,-2,15,110,1,1,-16,21,0,1,-111,37,0,1,-362,438,2,0,-79,71,-1,414,132,0,450,82,0,259,-1,0,58,1,170,0,1,1,112,23,1,46,219,22,-1,0,107,10,44,-9,0,3,170,357,289,-94,1,-2,285,-100,-5,185,883,0,234,-1964,1130,-87,-500,-645,-2152]]]
4149962	r	-82.2602,26.4195,-81.73,26.9037	[[[-822602,267013,125,-469,86,-202,136,-229,-38,225,-152,370,-15,237,-63,51,-32,16,-47,1]],[[-822049,265505,42,-309,94,-312,72,-151,91,-108,111,-82,603,-317,154,-31,173,51,254,192,187,37,-416,205,-84,-118,-195,-17,-329,66,-196,75,-153,110,-118,153,-85,209,-28,111,-36,96,-55,80,-86,60]],[[-821776,267013,129,-294,190,-318,133,-303,-43,-251,131,-193,151,-491,134,-205,131,-43,10,175,-72,515,-78,144,-156,215,-116,223,96,357,-109,221,-194,181,-201,67,-136,0]],[[-820917,266695,11,-39,41,-55,60,-44,-8,-25,39,-31,70,-33,-5,-32,42,-29,15,-1,55,-111,49,-182,-13,-234,-52,-145,-6,-45,-22,-26,14,-25,-4,-28,55,-115,-1,-1,-2,-9,11,-6,20,-43,153,-153,-14,-32,63,14,9,12,19,-3,13,6,38,0,28,16,41,-8,29,2,38,18,18,22,56,8,4,13,-14,16,5,15,27,-12,44,3,3,17,54,6,7,3,0,-5,-19,-15,-24,-40,-15,-3,-9,6,0,-11,10,-9,15,-6,42,10,0,-32,95,44,7,2,14,0,4,4,209,55,54,25,-38,18,96,-45,15,1,6,12,-1,67,27,52,9,36,17,14,53,12,-3,22,10,24,-6,7,50,71,-8,60,33,44,13,36,-1,28,-13,40,26,52,3,22,-6,4,27,11,18,-2,65,27,18,21,8,24,9,1,-41,149,-7,0,-6,18,-11,0,6,17,109,159,328,315,193,143,165,61,189,25,239,127,149,53,-41,-119,-56,-90,-76,-73,-100,-66,-103,53,-99,-37,-125,74,-135,-136,-220,-138,-183,-142,-184,-198,36,-198,130,-32,8,-55,-5,-59,12,1,3,-2,8,-52,3,-20,-187,-274,-267,-232,-272,-166,-43,-48,-45,-37,-76,-15,-71,28,-68,111,-41,4,-61,-91,-27,-148,2,-148,24,-97,62,74,54,-50,31,-12,132,62,547,-273,204,0,46,-28,47,-46,67,-27,45,27,43,87,-39,250,-4,146,70,-155,172,-272,570,280,716,98,0,4128,-3150,-1390,-243,-52,-77,-364,-30,-49,-28,-64,-11,-44,-3,-74,-23,-56,8,-50,-18,-28,-1,-14,-13,-12,-12,-65,-15,-34,-1,-46]]]
5115985	p	5128581
5231851	r	-97.1968,43.1994,-96.2633,43.8806	[[[-971967,435400,10,-223,30,-222,50,-219,69,-217,89,-214,108,-208,126,-203,144,-197,161,-189,178,-181,193,-173,209,-162,223,-153,236,-141,248,-130,260,-117,269,-106,278,-91,286,-79,292,-65,298,-50,301,-37,304,-21,305,-8,305,8,304,21,301,37,298,50,292,65,286,79,278,91,269,106,260,117,248,130,236,141,223,153,209,162,193,173,178,181,161,189,144,197,126,203,108,208,89,214,69,217,50,219,30,222,10,223,-10,223,-30,222,-50,219,-69,217,-89,214,-108,208,-126,203,-144,197,-161,189,-178,181,-193,173,-209,162,-223,153,-236,141,-248,130,-260,117,-269,106,-278,91,-286,79,-292,65,-298,50,-301,37,-304,21,-305,8,-305,-8,-304,-21,-301,-37,-298,-50,-292,-65,-286,-79,-278,-91,-269,-106,-260,-117,-248,-130,-236,-141,-223,-153,-209,-162,-193,-173,-178,-181,-161,-189,-144,-197,-126,-203,-108,-208,-89,-214,-69,-217,-50,-219,-30,-222,-10,-223]]]
5379439	p	5385955
5577147	r	-105.5502,40.2736,-104.691,40.9385	[[[-1055502,405900,10,-235,30,-234,51,-232,69,-229,8,-20,478,0,-43,-108,-63,-207,-45,-210,-27,-212,-9,-213,9,-213,27,-212,45,-210,63,-207,26,-66,87,-27,224,-13,5728,-316,-101,1190,-139,0,4,292,110,-1,-62,733,2112,2922,-5036,1513,-71,-13,-294,-68,-288,-83,-281,-97,-271,-111,-261,-124,-250,-137,-238,-149,-225,-161,-210,-172,-195,-182,-179,-191,-163,-200,-145,-207,-127,-214,-108,-220,-90,-226,-69,-229,-51,-232,-30,-234,-10,-235]]]
4409896	r	-93.7598,36.8513,-92.8402,37.5887	[[[-937598,372200,9,-241,30,-240,49,-238,68,-235,88,-231,106,-226,124,-220,142,-212,158,-205,176,-196,191,-187,205,-176,220,-165,233,-153,244,-140,256,-128,265,-114,274,-99,282,-85,288,-70,293,-55,297,-39,299,-24,301,-8,301,8,299,24,297,39,293,55,288,70,282,85,274,99,265,114,256,128,244,140,233,153,220,165,205,176,191,187,176,196,158,205,142,212,124,220,106,226,88,231,68,235,49,238,30,240,9,241,-9,241,-30,240,-49,238,-68,235,-88,231,-106,226,-124,220,-142,212,-158,205,-176,196,-191,187,-205,176,-220,165,-233,153,-244,140,-256,128,-265,114,-274,99,-282,85,-288,70,-293,55,-297,39,-299,24,-301,8,-301,-8,-299,-24,-297,-39,-293,-55,-288,-70,-282,-85,-274,-99,-265,-114,-256,-128,-244,-140,-233,-153,-220,-165,-205,-176,-191,-187,-176,-196,-158,-205,-142,-212,-124,-220,-106,-226,-88,-231,-68,-235,-49,-238,-30,-240,-9,-241]]]
5357527	p	5368361
5346111	p	5389489
4613868	r	-87.8189,36.1588,-86.9064,36.9012	[[[-878189,365300,10,-243,30,-242,49,-239,68,-237,87,-232,106,-228,124,-221,141,-214,159,-206,175,-198,190,-188,205,-177,220,-166,232,-154,244,-142,255,-128,264,-114,274,-101,281,-85,287,-71,293,-55,296,-39,299,-24,300,-8,300,8,299,24,296,39,254,48,2717,2782,669,1368,-35,167,-68,237,-87,232,-106,228,-124,221,-141,214,-159,206,-175,198,-190,188,-205,177,-220,166,-232,154,-244,142,-255,128,-264,114,-274,101,-281,85,-287,71,-293,55,-296,39,-299,24,-300,8,-300,-8,-299,-24,-296,-39,-293,-55,-287,-71,-281,-85,-274,-101,-264,-114,-255,-128,-244,-142,-232,-154,-220,-166,-205,-177,-190,-188,-175,-198,-159,-206,-141,-214,-124,-221,-106,-228,-87,-232,-68,-237,-49,-239,-30,-242,-10,-243]]]
4168139	p	4164138
5292387	p	5308655
4644312	r	-86.702,35.4724,-85.9274,36.183	[[[-867020,355715,70,-53,234,-157,246,-144,257,-130,267,-117,276,-102,283,-87,290,-72,294,-56,299,-40,301,-24,303,-8,303,8,301,24,299,40,294,56,290,72,283,87,276,102,267,117,257,130,246,144,234,157,221,168,207,181,192,191,177,201,159,209,143,218,125,225,107,231,88,237,68,240,50,244,29,246,10,247,-10,247,-29,246,-50,244,-68,240,-88,237,-107,231,-125,225,-143,218,-159,209,-177,201,-192,191,-207,181,-221,168,-234,157,-246,144,-257,130,-138,61,-3257,-1058,-1066,-826,-28,-121,-4,-27,-2,0,-938,-4083]]]
4169171	r	-80.7638,26.9675,-80.1537,27.6603	[[[-807638,272900,9,-242,26,-241,44,-239,62,-236,78,-232,96,-227,111,-221,128,-213,143,-206,158,-197,172,-187,185,-177,197,-166,210,-154,220,-141,230,-128,38,-18,594,169,3400,1560,-233,103,-63,131,-380,378,-77,-12,-226,-62,-86,28,-157,89,-71,19,-26,27,0,2,-11,10,-5,5,-10,41,-54,2,23,-1,-171,179,-59,83,23,1,8,-14,38,17,64,4,14,-7,6,-4,51,-13,-46,12,58,-27,62,-57,69,-49,224,-103,400,-92,114,-91,88,-198,-8,155,-1476,3186,-340,1447,-246,-22,-267,-39,-264,-55,-259,-71,-254,-85,-246,-100,-239,-114,-230,-128,-220,-141,-210,-154,-197,-166,-185,-177,-172,-187,-158,-197,-143,-206,-128,-213,-111,-221,-96,-227,-78,-232,-62,-236,-44,-239,-26,-241,-9,-242]],[[-803734,276596,5,-30,71,-144,90,-129,90,-168,409,-1508,128,-318,15,-126,31,-55,136,-100,31,-50,38,-145,608,-1194,106,-390,203,-217,144,-285,-43,233,-1704,4096,-35,159,-17,208,-36,169,-36,1,-234,-7]]]
5339631	r	-117.695,33.7272,-117.4125,34.0335	[[[-1176950,338087,235,-299,1556,-516,1029,747,5,12,-553,853,-30,-11,-18,-16,16,-14,-1,-17,-44,-13,-13,5,-1,24,-39,21,-50,13,-40,-10,-14,13,-26,-19,-11,-18,-25,-15,-38,48,6,3,-9,11,17,6,-35,37,20,10,-65,79,-1,1,-28,-6,0,82,-16,0,10,43,-23,63,-13,6,-13,70,-11,18,22,35,0,20,27,17,8,40,-12,22,-36,26,-73,-1,4,98,44,1,0,35,87,0,1,9,21,0,1,9,238,-1,1,8,32,1,1,8,14,0,47,476,-399,234,-98,-1,-259,1,-82,0,0,-450,-414,-132,-111,-36,0,-476,-79,2,-364,7,0,-1,-3,-150,13,-68,-6,-145,-216,1,37,-20,0,-11,25,-24,13,-23,-36,-40,-7,-15,24,-11,-16,-31,-7,-1,-62,66,-107,66,-1,-1,22,-13,3,-62,26,-10,-7,-8,15,-9,8,-33,-12,5,25,-13,81,-11,-9,-2,3,-65,-51,11,11,-24,-45,10,-11,-26,18,-2,19,-13,-13,-13,-17,9,-9,-9,-11,4,11,11,-23,23,7,17,-15,-2,3,7,-9,3,-7,-2,-1,-16,7,-5,-2,-14,21,-15,6,-28,-7,-6,-46,-6,-9,-10,-2,2,-29,-440]]]
4710178	r	-96.7679,33.0672,-96.1824,33.5124	[[[-967679,331820,105,-1,0,4,158,-7,1,74,85,0,-3,-621,5,-17,414,149,459,179,-20,-52,2247,-856,2200,233,58,163,64,229,45,233,28,234,9,236,-9,236,-28,234,-45,233,-64,229,-81,226,-99,221,-115,214,-132,208,-148,200,-163,192,-177,182,-191,172,-205,161,-216,150,-227,137,-238,125,-11,4,-176,-146,-2650,-2202,0,-1,-17,-14,-173,-143,-50,1,-24,-21,0,-18,-44,-1,2,8,-17,-10,-26,0,0,-15,-88,1,1,59,-28,0,0,26,-9,0,0,8,-28,0,1,70,-4,-106,-25,1,4,-144,110,-1,4,-27,-7,-8,6,-8,-36,-30,-62,-8,-5,7,25,21,-8,28,14,22,-40,2,-2,-98,22,6,24,-6,-81,-67,42,-110,-8,-1,2,-15,-6,-3,-85,1,-2,-146,-48,0,-1,-73,-38,0,1,73,31,0,0,6,7,0,6,64,-7,0,0,15,-37,0,0,-14,-52,0,1,77,-117,1,-5,-20,-1,-100,-1,-100,54,-1,-1,-73,-53,0,-1,-71]],[[-967164,332768,12,-19,-5,-13,12,-4,-6,-18,13,-4,-2,-44,18,-8,-10,-10,28,-13,-13,-13,67,0,1,42,-9,0,2,101,2,0,-1,73,-88,1,0,-71,-21,0]],[[-967054,332765,86,-2,-2,-42,49,0,0,41,105,-1,-238,4]]]
5364940	r	-118.5934,34.6103,-117.671,35.0944	[[[-1185934,348209,1833,-2106,1390,148,-1,204,264,1,87,0,-1,-74,133,0,0,-73,72,0,57,6,0,-5,266,2,0,31,308,33,-5,82,409,2,-1,144,616,2,97,0,0,1,536,1,0,-1,176,0,0,2,256,0,0,1,124,0,2364,250,218,739,0,1,26,86,-17,83,-70,252,-91,247,-110,241,-128,235,-147,228,-165,219,-182,210,-197,200,-214,188,-227,176,-241,164,-254,150,-264,137,-275,121,-285,107,-291,91,-299,75,-303,58,-308,42,-310,26,-312,8,-312,-8,-310,-26,-308,-42,-303,-58,-299,-75,-291,-91,-285,-107,-275,-121,-264,-137,-254,-150,-241,-164,-227,-176,-214,-188,-197,-200,-182,-210,-165,-219,-147,-228,-128,-235,-110,-241,-22,-59]]]
4459467	p	4487042
4744091	p	4140963
5317071	p	5308655
5380698	r	-118.4101,34.3626,-117.6954,34.686	[[[-1184101,346103,136,-301,0,-1,20,-45,725,-1019,1294,-1005,235,-70,1152,-35,1089,142,1411,530,810,304,140,486,135,1771,-2364,-250,-124,0,0,-1,-256,0,0,-2,-176,0,0,1,-536,-1,0,-1,-97,0,-616,-2,1,-144,-409,-2,5,-82,-308,-33,0,-31,-266,-2,0,5,-57,-6,-72,0,0,73,-133,0,1,74,-87,0,-264,-1,1,-204,-1390,-148]]]
5355933	r	-122.2175,37.5475,-121.8089,37.8944	[[[-1222175,376301,671,-826,194,154,61,71,6,2,68,-3,43,-23,24,2,8,-27,-8,-38,8,-7,31,12,22,22,28,-17,18,25,26,-8,31,-24,11,2,3,4,3,1,126,-9,88,17,7,3,7,1,3,3,5,3,89,100,-26,107,8,9,-21,12,36,49,42,9,63,-89,20,22,30,13,-2,-7,52,8,11,0,-2,-6,5,5,25,-8,2,2,11,-2,16,-9,27,-22,13,-16,-2,-1,33,-36,13,8,16,-17,62,-25,32,55,28,4,24,-16,26,72,276,204,210,-173,5,16,31,36,6,2,29,30,23,2,19,-4,144,54,-109,161,2,24,-18,-1,-7,12,6,0,-14,50,-11,-2,-17,24,-10,-4,-6,8,0,14,-15,14,-3,0,-30,43,-417,212,-2,31,4,39,7,-1,-9,17,-23,10,0,13,111,2,-4,-40,23,0,38,32,56,19,78,-7,0,-42,190,-1,-1,-147,143,1,13,8,32,-15,106,0,-2,25,-10,0,-24,46,11,0,0,43,0,30,-89,0,0,10,-88,0,-1,34,-91,-1,-8,74,-213,-2,0,41,-247,-2,1,-9,-68,-1,1,-33,-35,-4,-90,266,-21,196,535,170,7,-11,18,-9,14,1,7,-9,11,4,88,-138,-5,-10,15,-2,111,27,277,68,-2,21,-17,19,-30,95,7,1,8,31,162,1,87,-61,34,13,17,-3,8,30,-2,74,32,47,-16,11,2,65,424,135,297,396,-509,603,-339,159,-2026,-792,215,-493,-500,-557,6,-4,-34,-27,-14,-15,64,-44,0,-26,-22,-3,0,-25,-36,25,-12,-9,-1,-52,15,-13,-19,0,1,-42,-20,0,21,-14,1,-10,-16,8,-28,-7,-48,5,-13,-4,-17,-18,-20,-10,-11,-21,-98,-44,4,-6,-11,-6,6,-29,-75,-37,-8,0,-7,-8,-6,8,-65,0,0,36,-32,0,-432,-409],[-1220064,376744,11,-7,-6,-9,-5,16]]]
5391295	r	-121.9811,36.3821,-121.2911,36.8358	[[[-1219811,365837,31,-89,79,-59,162,-93,30,33,44,19,37,-17,25,-46,57,27,21,-61,12,-79,-43,-30,25,-57,32,-7,16,-64,8,-75,-126,-11,-81,9,-72,-10,-15,-51,73,-34,73,-23,-19,-62,10,-29,7,-61,-36,-45,87,-86,165,-142,177,-134,186,-123,196,-114,205,-103,213,-92,220,-80,226,-69,231,-56,235,-45,238,-31,241,-19,241,-7,241,7,241,19,238,31,235,45,231,56,226,69,220,80,213,92,205,103,196,114,186,123,177,134,165,142,153,151,140,158,128,166,114,172,99,177,85,183,71,186,54,190,40,192,23,194,8,195,-8,195,-23,194,-40,192,-54,190,-71,186,-83,180,-145,25,-2287,396,-2376,-656,-34,-197,83,-41,47,-46,65,-38,86,-5,49,16,38,-39,51,-49,-24,-82,-287,88,-130,68,-45,-189,-44,-356,-128,-270,-108,-206,-160,-160,-161,-124,-88,-46,-86,-6,-85,106,-63,82,-109,36,-74,45,-7,47,-83,44,-82,12,-38,-48,-10,-80,-41,-84,-37,-81,-61,42,-35,-26,-40,-110,-27,-84,-6,-69,-67,-9,-72,-6]]]
5400075	p	5392171
4692559	r	-97.0952,33.0508,-96.4149,33.6802	[[[-970952,335585,1472,-2976,-294,-827,1001,-1081,1,1,60,-5,0,-37,53,1,-5,-48,-26,-1,93,-102,10,-2,3,23,49,0,0,-13,86,0,9,46,12,-2,0,39,-144,6,22,155,39,0,-1,44,-11,17,15,6,376,109,556,227,248,87,-5,17,3,621,-85,0,-1,-74,-158,7,0,-4,-105,1,1,71,53,0,1,73,-54,1,1,100,0,56,1,44,0,2,4,16,1,2,117,-1,-1,-77,52,0,0,14,37,0,0,-15,7,0,-6,-64,-7,0,0,-6,-31,0,-1,-73,38,0,1,73,48,0,2,147,85,-2,6,3,-2,15,8,1,-42,110,81,67,-24,6,-22,-6,2,98,40,-2,-14,-22,8,-28,-25,-21,5,-7,62,8,36,30,-6,8,7,8,-4,27,-110,1,-4,144,25,-1,4,106,-1,-70,28,0,0,-8,9,0,0,-26,28,0,-1,-59,88,-1,0,15,26,0,17,10,-2,-8,44,1,0,18,24,21,50,-1,173,143,17,14,0,1,2650,2202,-46,73,-144,194,-159,187,-172,177,-187,167,-198,157,-211,145,-221,133,-232,121,-240,108,-248,95,-255,81,-261,66,-265,52,-269,38,-271,22,-272,8,-272,-8,-271,-22,-269,-38,-265,-52,-261,-66,-255,-81,-248,-95,-240,-108,-232,-121,-221,-133,-211,-145,-198,-157,-187,-167,-22,-24],[-967054,332765,-2,0,-2,-101,9,0,-1,-42,-67,0,13,13,-28,13,10,10,-18,8,2,44,-13,4,6,18,-12,4,5,13,-12,19,21,0,0,71,88,-1,1,-73],[-966816,332761,-105,1,0,-41,-49,0,2,42,-86,2,238,-4]]]
4951788	r	-73.039,41.9251,-72.159,42.4702	[[[-730390,421500,9,-209,28,-209,45,-207,64,-204,82,-200,99,-196,15,-26,59,-13,2816,-789,4919,-196,108,130,134,187,117,193,100,198,82,203,64,206,47,209,12,94,-247,774,-254,799,-41,189,-94,439,-26,44,-133,185,-148,178,-164,170,-178,162,-192,153,-204,143,-217,133,-229,122,-238,111,-248,99,-255,86,-263,74,-269,61,-273,48,-277,34,-279,20,-281,7,-281,-7,-279,-20,-277,-34,-273,-48,-269,-61,-263,-74,-255,-86,-248,-99,-238,-111,-229,-122,-217,-133,-204,-143,-192,-153,-178,-162,-164,-170,-148,-178,-133,-185,-115,-191,-99,-196,-82,-200,-64,-204,-45,-207,-28,-209,-9,-209]]]
4619947	p	4612862
4717782	p	4699066
4431410	r	-90.6274,31.9277,-89.7526,32.6723	[[[-906274,323000,9,-243,28,-243,47,-240,65,-237,83,-234,101,-228,118,-221,135,-215,151,-207,167,-198,181,-188,196,-178,209,-167,221,-154,233,-142,243,-129,252,-115,261,-100,268,-86,274,-71,279,-55,282,-40,285,-24,286,-8,286,8,285,24,282,40,279,55,274,71,268,86,261,100,252,115,243,129,233,142,221,154,209,167,196,178,181,188,167,198,151,207,135,215,118,221,101,228,83,234,65,237,47,240,28,243,9,243,-9,243,-28,243,-47,240,-65,237,-83,234,-101,228,-118,221,-135,215,-151,207,-167,198,-181,188,-196,178,-209,167,-221,154,-233,142,-243,129,-252,115,-261,100,-268,86,-274,71,-279,55,-282,40,-285,24,-286,8,-286,-8,-285,-24,-282,-40,-279,-55,-274,-71,-268,-86,-261,-100,-252,-115,-243,-129,-233,-142,-221,-154,-209,-167,-196,-178,-181,-188,-167,-198,-151,-207,-135,-215,-118,-221,-101,-228,-83,-234,-65,-237,-47,-240,-28,-243,-9,-243]]]
5384170	r	-117.945,33.8711,-117.5998,34.43	[[[-1179450,341595,400,-509,432,-313,-31,-64,4,-2,18,2,9,-16,31,-7,4,-27,-29,4,0,14,-26,-5,-12,19,-8,-1,-28,-57,3,-4,-6,-37,-14,6,-5,-12,-3,-18,21,-1,1,-10,28,3,33,-41,-43,-53,-45,18,-36,-2,-9,-4,-136,-282,30,-45,32,10,13,-29,22,2,11,-14,41,20,43,33,26,-16,-14,-41,-46,0,0,-76,11,-13,-69,-8,-75,11,100,-255,197,-175,96,0,817,-260,281,-203,63,-39,0,1,130,-80,288,-176,107,-66,62,-66,7,1,16,31,-24,11,7,15,36,40,-13,23,-25,24,0,11,-37,20,216,-1,6,145,-13,68,3,150,0,1,364,-7,79,-2,0,476,111,36,-71,1,0,79,-438,-2,-1,362,-37,0,-1,111,-21,0,-1,16,-110,-1,2,-15,-44,0,0,15,-65,-1,-1,18,-32,0,0,18,10,0,0,129,-110,-7,0,-15,-74,37,-47,302,-457,580,645,2152,66,384,-52,28,-204,91,-210,79,-216,68,-221,56,-224,43,-127,18,-1411,-530,0,-2174],[-1178020,340677,59,30,19,9,-78,-39]],[[-1178914,340136,28,-72,13,1,1,11,46,-3,-1,-32,19,1,7,72,-44,-13,-23,1,3,34,-49,0]]]
4273837	p	4393217
5143307	p	5128581
5427946	p	5419384
5346827	r	-117.2299,32.9058,-116.6518,33.3371	[[[-1172299,331261,1,-84,0,-41,16,0,8,-22,-6,-5,8,-10,15,0,-9,-1,0,-6,8,-6,0,-17,12,-27,15,-17,19,1,2,-74,43,-1,-1,-112,6,1,2,-46,26,-21,26,-14,0,9,68,0,27,-16,23,24,-37,24,5,6,23,0,-11,-11,6,-4,16,4,2,9,29,0,-1,-74,-41,1,0,-39,20,1,-1,-19,22,0,0,-19,-22,1,286,-218,60,12,710,-56,25,99,-49,57,-70,41,-85,1,5,20,-21,8,-9,15,10,33,-9,12,-11,1,-14,-19,16,-54,-4,-63,6,-3,-46,-54,8,-21,-4,-5,-7,10,-1,-34,-145,0,31,29,67,33,10,48,38,4,7,10,-9,13,3,29,-7,18,-13,6,9,14,-9,22,20,44,2,64,38,27,73,-67,10,7,4,-21,17,-17,50,-25,3,-31,13,-3,6,-9,18,2,-10,-21,42,-16,10,-18,27,-3,16,9,50,49,-10,12,35,-10,-5,-5,6,-11,9,-2,-3,-11,37,-1,13,11,19,1,13,9,-3,25,18,2,15,21,58,7,36,-27,-6,-31,47,-9,-11,-14,43,-12,56,5,16,8,4,10,13,-3,12,7,1,11,11,1,8,18,-31,27,-60,5,11,36,33,5,40,16,10,6,5,19,9,-5,13,25,-3,9,-14,5,8,7,-1,18,11,14,15,-4,14,8,16,22,0,17,22,-21,19,-2,2,-15,10,12,-8,-22,44,45,-17,2,25,28,-31,2,-1,18,34,0,-4,51,-25,-5,-30,12,21,0,-5,70,48,3,-2,37,75,44,0,6,34,0,0,-19,-14,-1,0,-8,19,0,0,-24,17,0,0,-73,44,1,0,37,45,1,0,36,173,-2,0,-36,176,3,-3,-144,41,1,2,15,41,8,3,50,135,0,-2,-36,94,0,0,-39,265,2,1,-77,-87,-2,1,-36,-320,2,0,36,10,0,0,37,-14,4,2,73,-43,1,1,-74,-43,-1,9,-37,-7,-1,0,-12,-29,-2,0,-24,-139,0,1,-49,-28,7,-7,-9,-33,-15,-19,12,2,-51,-84,0,-2,35,-301,1,-1,-69,-110,-3,-3,-13,14,-18,36,-4,10,-10,9,1,0,-17,-13,0,1,-2,-2,0,4,-10,-54,-32,-7,-19,6,-8,-12,-11,-13,18,-19,5,-15,-8,3,-15,-30,-21,7,-26,-7,-2,-1,-18,-13,-10,-13,0,-114,-201,-77,-292,-20,2,0,-17,-43,1,-5,-289,-174,2,4,-150,85,0,0,-36,43,0,0,-36,43,-1,1,-58,-6,-14,6,0,0,-74,85,1,0,32,26,-20,54,-14,127,-3,10,6,25,1,9,11,32,14,122,40,27,26,20,2,25,41,20,2,76,31,31,-16,0,1,19,-9,106,6,33,-3,13,-7,3,-20,-14,2,-27,-22,8,-39,-59,-1,3,-281,2938,1089,437,162,-44,160,-76,210,-91,205,-108,200,-41,65,-220,-44,4,95,-8,210,-25,209,-40,207,-57,205,-72,201,-88,196,-103,191,-117,186,-131,178,-146,171,-158,162,-59,54,-182,-19,-2080,-214,-409,-487,-1389,-1030,11,-21,7,3,10,-10,-17,-7,-11,16,-7,-7,-9,14,-8,-9,-2,1,-2,-1,0,-14,27,-3,-28,-47,25,-15,18,39,19,-10,-22,-37,15,-5,0,-1,-36,-70,-23,-24,2,-10,-1,-2,-9,-12,-1,-1,-13,0,0,-67,-86,-8,0,-51]]]
5107464	p	5128581
4158928	p	4164138
5109790	p	5128581
5405288	p	5393049
4907959	r	-89.5673,41.9144,-88.6159,42.5161	[[[-895673,422700,11,-233,30,-231,51,-230,71,-226,91,-223,110,-218,129,-212,147,-205,165,-197,182,-189,198,-180,213,-170,228,-159,242,-148,254,-135,265,-123,275,-110,285,-96,292,-82,299,-67,304,-53,308,-38,311,-23,312,-8,312,8,311,23,308,38,304,53,299,67,292,82,285,96,275,110,265,123,254,135,242,148,228,159,102,81,1176,2633,1,1,87,195,-9,68,-51,230,-71,226,-91,223,-110,218,-129,212,-39,55,-7682,833,-147,-117,-198,-180,-182,-189,-165,-197,-147,-205,-129,-212,-110,-218,-91,-223,-71,-226,-51,-230,-30,-231,-11,-233]]]
4756955	n	-76.4841,36.9296,-76.1757,37.1299	[[[-764841,371298,252,-290,48,-24,24,1,12,-19,73,-22,38,5,20,-7,6,-37,-24,4,-12,-60,-23,2,-86,-80,43,-58,2,-10,1,-7,1,-7,-3,-8,-35,-84,4,-27,20,-23,-22,-40,0,-58,8,-51,3,-19,0,-5,65,-85,9,-35,9,-34,1,-5,-2,-7,-22,-10,9,-14,175,70,197,-319,17,-3,13,-16,24,-9,6,4,-13,10,-13,50,10,4,41,-31,12,10,94,-73,145,104,144,63,173,26,244,5,156,46,35,11,133,146,84,198,46,213,-5,283,-112,66,-405,-83,-102,36,-42,-34,-47,-18,-30,12,-11,21,-39,12,2,69,-18,16,-71,3,-21,9,-12,39,-14,11,-41,-1,-111,-49,-19,9,-15,26,-22,2,-12,-19,-23,-2,-11,-13,6,-6,29,-4,-1,-27,-22,1,-5,15,-38,5,-24,12,-11,-24,-15,14,-15,2,-5,-10,-31,-11,3,-11,-11,-3,10,-13,19,4,7,11,6,-5,-10,-18,22,-22,-28,4,0,-9,16,-4,-20,-11,7,-3,18,7,-1,-8,-12,-5,12,-7,-4,-4,-23,11,-3,-13,-25,0,-11,-17,-7,4,-5,-9,-4,10,-9,-2,10,-14,-21,3,3,-9,-6,-2,-8,8,-9,-10,-33,17,-16,1,-23,-3,-21,-12,-48,-3,-14,4,-15,10,-36,29,-5,-3,-534,340]],[[-762501,369552,214,-130,118,-42,186,-50,178,-34,48,11,-744,245]]]
4898015	r	-88.6292,41.0785,-87.8197,41.6158	[[[-886292,413673,81,-162,158,-264,181,-254,202,-246,223,-235,244,-223,262,-211,279,-197,297,-184,311,-168,326,-152,338,-137,349,-119,358,-102,367,-83,373,-66,379,-47,381,-28,383,-10,383,10,381,28,379,47,373,66,367,83,358,102,349,119,13,5,-1037,3952,-657,873,-2490,88,-590,-375,-79,-2,2,-47,-40,-26,-55,-1,1,-33,-54,-34,-24,0,-1,16,-17,-1,-2,51,-54,-1,9,28,-15,0,-1,23,-12,5,-10,16,-17,0,2,-73,-47,-1,6,-72,-26,-1,0,-6,-7,6,-19,0,-4,91,-95,-2,2,-54,-50,-1,1,-38,48,1,1,-35,-46,-1,0,-36,-48,-1,2,-73,98,2,-1,36,96,2,-2,36,97,2,0,-5,-1557,-990,-1403,-891],[-883472,415628,6,0,-2,-12,-4,12],[-883296,415644,19,0,0,-11,-19,-1,0,12],[-883242,415633,4,19,12,0,0,-19,-16,0]]]
4221552	r	-81.6371,31.6227,-80.611,32.5383	[[[-816371,320800,11,-300,35,-298,57,-296,80,-292,102,-287,124,-280,145,-273,166,-265,185,-254,205,-244,223,-232,240,-219,257,-205,271,-190,286,-175,298,-158,310,-141,321,-124,329,-106,180,-46,27,57,128,159,401,363,27,182,-292,200,-307,72,-130,69,-41,138,67,69,134,-21,146,-72,100,-81,240,-136,332,-48,524,10,135,51,141,116,305,339,114,253,96,135,-53,8,-158,-8,-209,170,-58,35,-553,74,128,119,399,89,-11,93,-66,42,3,0,24,27,0,21,10,19,-44,66,-47,122,-14,15,95,-2,85,-83,61,-111,60,-82,170,-65,451,-74,174,-100,147,9,223,139,344,296,-257,48,-136,170,-17,181,101,85,61,38,43,81,69,73,136,13,3,-38,40,-88,68,-93,93,-54,495,317,182,207,-124,193,-171,43,-138,0,-104,39,-9,23,-57,140,15,121,69,106,457,466,98,183,39,248,47,67,227,204,73,107,24,141,5,133,26,115,81,89,27,-374,-344,-626,-92,-366,837,440,324,386,269,240,5,106,-138,194,-91,98,-119,85,-149,29,-181,-69,-307,467,-78,79,-153,61,3,139,113,241,-96,249,-189,367,-131,360,60,169,-85,46,-310,141,-321,124,-329,106,-336,87,-342,68,-347,49,-350,29,-351,10,-351,-10,-350,-29,-347,-49,-342,-68,-336,-87,-329,-106,-321,-124,-310,-141,-298,-158,-286,-175,-271,-190,-257,-205,-240,-219,-223,-232,-205,-244,-185,-254,-166,-265,-145,-273,-124,-280,-102,-287,-80,-292,-57,-296,-35,-298,-11,-300]],[[-811795,316359,6,-89,88,-13,350,-29,33,-1,36,59,-53,283,-2,230,24,131,-51,54,-129,-1,-113,-284,-113,-175,-76,-165]],[[-807962,324577,2,-44,116,-371,251,-554,675,-512,135,-69,108,27,43,182,-22,104,-98,159,-23,78,1,49,-188,195,-240,219,-257,205,-271,190,-232,142]],[[-806427,322931,59,-263,108,-42,150,63,-73,137,-166,265,-73,101,-5,-261]]]
5102466	p	5128581
5282804	r	-73.3635,40.9332,-72.8789,41.3926	[[[-733635,412660,319,-1522,156,15,141,17,83,61,5,9,-46,-2,76,2,258,-95,226,129,34,56,45,37,49,50,-19,4,98,-22,412,127,141,17,352,-80,351,3,-125,227,28,36,23,11,20,1,126,137,47,39,48,30,51,19,158,-112,203,97,-180,138,50,15,72,-31,54,-55,4,21,16,13,6,2,144,9,9,-21,46,3,73,57,12,41,11,11,-5,6,103,-27,122,70,48,101,-79,52,-31,-7,-26,-7,0,1,-1,0,0,1,-7,21,10,2,-8,6,8,7,-7,7,9,6,-9,17,-15,6,0,1,13,30,12,2,-151,32,-586,819,-670,615,-622,11,-138,-189,-5,-6,-1238,-929,-304,-142],[-732829,412281,5,10,15,13,-14,-13,-6,-10],[-732376,411546,8,-9,-7,8,-1,1],[-732358,411459,13,8,-13,-9,9,-17,-9,18],[-732275,411642,1,0,9,3,-10,-3],[-732255,411648,1,10,1,0,-2,-10],[-732230,411683,2,3,1,0,-3,-3],[-732230,411765,1,1,12,9,-13,-10]],[[-731528,409625,2,-7,520,9,19,68,-144,40,-223,-50,-174,-60]],[[-730846,409693,32,-62,85,1,-17,29,-32,53,-68,-21]],[[-730778,409714,32,-53,17,-29,1612,-300,-112,166,93,26,228,78,119,49,-215,-18,-323,11,-763,27,-394,-41,-278,89,-16,-5]]]
4903279	r	-88.2839,41.6663,-87.9462,41.9608	[[[-882839,418985,220,-266,150,-542,197,26,29,1,-1,-26,19,-1,9,28,46,2,-85,-78,1,-16,101,94,16,0,-6,-42,93,-5,0,-5,-33,4,-2,-55,-12,0,5,32,-46,-1,-1,-31,-1,0,-9,0,-11,-1,-48,-19,-1,-30,-1,0,-30,-1,-3,-14,-3,0,0,-13,-1,-1,-48,-3,7,36,30,46,-15,4,-31,-30,-6,-57,-85,1,-1,14,-9,-55,28,7,-3,-29,-27,-5,4,-14,85,-4,-8,-85,-17,0,-1,-36,10,0,-1,-15,6,0,-1,-27,-25,-5,31,-110,5,107,99,12,163,4,-17,-3,0,-10,16,1,-3,-297,-97,-2,-1,-14,2,-31,39,1,0,-28,59,0,0,-13,-3,-132,-149,-2,-46,-1,3,-83,-97,-2,1,-68,50,-4,1,-32,-40,-20,0,-15,90,1,0,-5,-97,-2,0,-28,8,0,0,-8,-7,-1,8,-235,49,0,1,-18,49,1,-1,36,97,2,-2,35,67,1,1,-25,29,2,1,-11,4,-73,61,1,1,-36,132,1,-3,79,22,54,24,14,-1,23,47,35,0,16,50,1,23,14,23,3,0,1,25,16,12,17,27,43,8,7,-1,11,29,17,0,8,-29,-1,-1,13,-75,-3,0,5,146,4,-2,58,9,3,-10,5,41,5,11,-17,34,-3,25,-20,7,3,0,3,40,15,-16,45,29,13,18,-5,3,-61,10,1,28,6,14,-3,-5,14,6,8,12,-43,97,3,-3,66,6,1,1,-9,135,3,-7,29,64,1,-2,60,-7,123,41,1,57,46,-8,15,2,13,7,0,-4,74,-22,0,-2,16,-27,-1,1,-16,-49,-1,1,-10,-47,-5,-1,10,4,2,19,0,0,11,50,28,9,0,-1,5,745,420,655,98,92,940,-3,66,-335,306,-2058,245,-981,-623],[-882308,416801,18,1,1,-23,-18,0,-1,22],[-882296,416984,27,1,1,-36,-27,1,-1,34],[-882254,416985,3,4,3,-4,-6,0],[-882246,416949,118,1,20,-70,62,36,91,1,2,-36,-111,0,0,-6,13,0,2,-31,-71,-2,0,-15,-9,0,4,-21,-43,-1,0,19,-25,0,-2,53,-47,0,-2,36,23,0,-1,24,-23,0,-1,12],[-882235,417167,47,1,1,-6,-17,0,-31,5],[-882153,417029,3,0,2,-5,-5,-1,0,6],[-882044,416790,15,0,0,-6,-15,0,0,6],[-881957,416966,112,63,2,0,1,-24,-20,0,1,-22,20,1,1,-46,-18,-1,-1,18,-26,0,1,-5,-10,5,-62,-1,-1,12],[-881881,416859,25,1,0,-20,-12,0,0,5,-13,0,0,14],[-881855,416813,1,18,17,1,1,-15,11,0,0,-8,-30,4],[-881711,416941,11,0,1,-26,-11,0,-1,26],[-881609,417112,35,1,1,-6,-36,0,0,5],[-881465,417174,20,29,75,-30,-40,-23,-38,14,-17,10],[-881315,417242,6,28,15,0,-8,-4,8,0,-21,-24],[-881308,417279,18,47,18,5,-1,-23,-17,-25,-2,-6,-16,2],[-881217,417170,23,-2,2,-13,-21,-2,-4,17],[-881201,417372,25,0,0,-9,-24,-1,-1,10],[-881053,417477,4,2,0,-2,-4,0]]]
4156404	r	-82.7563,29.3352,-81.9037,30.023	[[[-827563,296500,9,-244,27,-243,46,-241,63,-237,81,-234,98,-228,115,-223,132,-215,147,-207,163,-199,177,-189,190,-178,204,-167,216,-154,226,-143,87,-46,6168,1619,53,102,98,228,81,234,63,237,46,241,27,243,9,244,-9,244,-27,243,-46,241,-63,237,-81,234,-98,228,-115,223,-132,215,-147,207,-163,199,-177,189,-190,178,-204,167,-216,154,-226,143,-237,128,-246,116,-255,100,-261,86,-267,71,-271,56,-276,39,-277,24,-279,8,-279,-8,-277,-24,-276,-39,-271,-56,-267,-71,-261,-86,-255,-100,-246,-116,-237,-128,-226,-143,-216,-154,-204,-167,-190,-178,-177,-189,-163,-199,-147,-207,-132,-215,-115,-223,-98,-228,-81,-234,-63,-237,-46,-241,-27,-243,-9,-244]]]
4710826	p	4684888
5140405	r	-76.6029,42.7569,-75.7371,43.5079	[[[-766029,431900,9,-208,28,-207,46,-205,64,-202,82,-199,30,-58,316,29,-21,-158,-8,-192,8,-192,26,-191,42,-189,59,-187,76,-183,92,-180,107,-174,123,-169,138,-163,152,-156,165,-148,178,-140,191,-131,201,-122,212,-112,221,-101,230,-90,238,-80,244,-67,249,-56,254,-43,257,-32,259,-18,261,-7,261,7,259,18,257,32,254,43,249,56,244,67,238,80,230,90,221,101,212,112,201,122,191,131,178,140,165,148,152,156,138,163,123,169,107,174,92,180,76,183,59,187,42,189,26,191,8,192,-8,192,-26,191,-42,189,-59,187,-76,183,-53,105,386,35,15,110,9,208,-9,208,-28,207,-46,205,-64,202,-82,199,-100,195,-117,190,-134,183,-149,177,-165,169,-180,160,-194,152,-206,142,-219,132,-231,121,-240,110,-250,98,-258,86,-265,73,-271,61,-276,47,-280,34,-282,20,-283,7,-283,-7,-282,-20,-280,-34,-276,-47,-271,-61,-265,-73,-258,-86,-250,-98,-240,-110,-231,-121,-219,-132,-206,-142,-194,-152,-180,-160,-165,-169,-149,-177,-134,-183,-117,-190,-100,-195,-82,-199,-64,-202,-46,-205,-28,-207,-9,-208]]]
5403022	p	5368361
5316428	p	5308655
4333190	p	4335045
4575352	r	-81.6349,33.4951,-80.4251,34.46	[[[-816349,340000,13,-330,39,-329,64,-326,90,-322,115,-316,139,-309,164,-301,186,-291,209,-281,231,-269,251,-255,271,-241,289,-226,306,-210,321,-192,337,-174,349,-156,360,-137,371,-116,378,-96,386,-75,390,-54,394,-32,396,-11,396,11,394,32,390,54,386,75,378,96,371,116,360,137,349,156,337,174,321,192,306,210,289,226,271,241,251,255,231,269,209,281,186,291,164,301,139,309,115,316,90,322,64,326,39,329,13,330,-13,330,-39,329,-64,326,-90,322,-115,316,-139,309,-164,301,-186,291,-209,281,-231,269,-251,255,-271,241,-289,226,-306,210,-321,192,-337,174,-349,156,-189,72,-4972,0,-189,-72,-349,-156,-337,-174,-321,-192,-306,-210,-289,-226,-271,-241,-251,-255,-231,-269,-209,-281,-186,-291,-164,-301,-139,-309,-115,-316,-90,-322,-64,-326,-39,-329,-13,-330]]]
5381396	p	5368361
5379513	p	5392900
5351247	p	5392900
4703223	r	-98.115,30.8634,-97.5121,31.4518	[[[-981150,311200,9,-217,24,-216,41,-214,58,-212,73,-208,88,-203,104,-197,119,-192,133,-184,147,-177,160,-168,172,-158,81,-66,201,-28,1,0,893,-126,3314,214,208,2571,-256,66,33,101,231,-67,195,2415,-40,25,-214,114,-222,103,-230,89,-236,77,-241,63,-245,49,-249,36,-250,21,-252,7,-252,-7,-250,-21,-249,-36,-245,-49,-241,-63,-236,-77,-230,-89,-222,-103,-214,-114,-204,-127,-195,-137,-184,-149,-172,-158,-160,-168,-147,-177,-133,-184,-119,-192,-104,-197,-88,-203,-73,-208,-58,-212,-41,-214,-24,-216,-9,-217]]]
4709796	r	-98.3182,26.0422,-97.9392,26.4667	[[[-983182,261168,57,-8,26,-14,11,-17,17,-74,20,-25,25,-8,42,5,7,25,-41,10,-19,27,2,26,14,16,17,21,6,27,31,24,24,6,4,0,31,-1,150,-49,26,2,18,12,28,34,22,2,10,-14,-7,-28,-47,-15,-12,-17,2,-30,15,-25,-1,-14,-34,-3,-74,16,-59,-12,-11,-5,-1,-4,618,-286,19,0,38,-7,36,-19,7,-8,110,-30,-6,-32,30,-30,9,42,-15,0,3,14,183,-50,50,-2,-5,16,10,71,15,13,18,2,48,-48,27,-59,47,-2,15,-1,1,1,27,3,6,-5,90,-4,471,112,198,-40,82,-243,96,-44,213,66,311,149,139,6,547,-71,53,1635,-2151,273,-6,-32,-37,5,6,32,-145,18,-8,-29,-34,4,5,30,-24,3,-5,-29,-44,6,-119,17,-128,18,41,246,-44,2,14,80,-88,12,38,222,-180,26,5,35,-20,4,-6,-36,-25,4,13,77,-75,11,23,25,9,53,-3,19,70,-11,4,19,41,-6,3,20,-41,6,7,38,-41,6,10,52,40,-6,9,54,-214,32,16,86,-17,3,10,56,-34,5,154,880,-9,1,23,125,-27,4,-205,-1148,-172,26,-26,-143,-159,24,-4,-24,-76,11,-9,-49,-25,3,-3,-18,7,-1,-9,-10,104,-11,-4,-40,10,-5,219,-31,8,44,76,-12,1,8,8,-2,16,90,157,-23,-25,-140,24,-3,-11,-67,-10,2,-1,-8,-141,18,-107,-11,0,16,-2,-16,-155,-15,-200,27,-6,-37,320,-43,6,35,40,-5,-13,-80,-44,-17,-1,-5,80,-11,18,108,41,-6,5,31,164,-18,-6,-36,40,-5,-6,-36,39,-6,-5,-35,8,-1,22,21,-1,13,25,-3,-7,-44,5,-5,81,-13,-11,-55,-20,-38,-8,-44,-39,6,9,51,-5,1,1,9,6,-1,6,33,-34,6,3,15,-53,7,-4,-29,-17,2,-30,-39,1,-22,42,-7,-8,-46,-87,15,3,15,15,17,-29,3,7,38,-20,0,3,13,-24,2,-2,-9,-20,3,-20,-108,-39,6,-6,-36,-39,5,2,37,-1,-15,-6,-1,0,-39,-39,5,-1,-10,8,-4,30,-4,3,9,38,-6,-51,-300,-94,-557,-57,-338,-80,9,-6,-37,-38,6,-8,-41,-40,6,-7,-39,-79,12,-4,-28,36,-31,77,-10,-21,-67,-35,4,-91,-71,-14,-96],[-983161,261209,2,8,66,-9,82,-22,-71,19,-2,-8,22,-24,-49,7,-5,19,-45,10],[-983059,261136,2,33,34,-36,-36,3],[-983047,261427,6,34,38,-5,-10,-34,-34,5],[-982931,263100,5,32,6,-1,-5,-32,-6,1],[-982909,263098,5,30,14,-1,-3,-14,31,-4,7,-9,-1,-10,-53,8],[-982854,263090,10,24,33,-4,1,10,8,-1,18,-38,-70,9],[-982741,263111,5,32,24,2,-1,-7,26,-4,-5,-29,-49,6],[-982684,263118,2,8,13,-2,1,9,13,-2,-9,-3,-2,-12,-18,2],[-982678,262758,1,7,11,-2,-2,-11,-10,6],[-982665,263101,7,21,11,-1,-2,-15,-16,-5],[-982525,263123,2,18,6,-1,-3,-18,-5,1],[-982360,263045,5,32,9,2,50,-7,-2,-16,30,-5,-4,-19,-88,13]]]
5786882	p	5809844
4333177	p	4335045
4762894	p	4756955
4164601	p	4164138
5405693	p	5368361
5784607	r	-112.4048,40.5028,-111.889,40.8916	[[[-1124048,406900,9,-202,26,-201,43,-200,60,-197,77,-193,93,-189,110,-185,125,-178,140,-172,145,-155,1533,525,969,462,1,16,-10,49,6,16,-105,1,0,72,95,2,-1,71,49,-2,0,73,100,-1,3,-73,143,1,0,72,192,1,-1,72,192,1,-1,15,13,0,-6,-15,108,0,30,14,45,0,0,-14,-16,0,0,-16,-18,0,1,-25,-17,0,0,-32,75,0,-19,35,30,17,0,21,61,0,2,-73,170,0,18,6,0,-6,143,0,-1,36,48,1,0,-46,35,5,0,-7,61,-2,-1,13,23,2,5,31,-11,21,7,11,-22,3,-7,19,408,0,-345,658,9,5,-12,19,-2,69,28,19,10,37,-40,38,-177,-3,-46,6,-80,10,-146,10,-182,-10,-832,-4,0,36,25,7,-1,106,36,-1,2,146,-179,0,0,72,-93,0,-2,73,-84,-1,-1,19,-10,0,0,77,56,0,0,27,-56,-1,-2,457,286,2,0,36,95,0,0,-145,48,0,0,72,147,1,-574,573,-2054,106,-145,-135,-154,-164,-140,-172,-125,-178,-110,-185,-93,-189,-77,-193,-60,-197,-43,-200,-26,-201,-9,-202]],[[-1120394,408193,0,-65,48,0,0,-36,48,0,0,-72,48,-37,66,0,-210,210]]]
4509884	r	-84.6922,39.394,-83.8001,40.1493	[[[-846922,397872,1859,-1214,3175,-2713,188,-5,250,6,249,19,246,32,244,44,239,56,234,68,228,80,220,92,213,102,203,113,193,123,183,132,171,141,158,150,146,158,132,164,118,171,103,176,88,182,73,185,8,26,-1512,1505,-2536,3828,-180,-5,-328,-25,-325,-41,-321,-58,-315,-74,-309,-90,-300,-105,-290,-120,-280,-135,-268,-149,-255,-161,-240,-175,-225,-186,-209,-197,-192,-207,-174,-217,-156,-225,-136,-232,-116,-238,-95,-244,-75,-249,-54,-251,-30,-237]]]
4276614	r	-95.1333,38.516,-94.5657,39.0448	[[[-951333,386115,71,-52,235,-151,247,-139,258,-125,268,-113,277,-98,284,-84,291,-69,296,-54,300,-39,302,-23,304,-8,304,8,302,23,300,39,296,54,291,69,284,84,277,98,268,113,221,107,-198,1847,86,483,-304,387,-7,1,0,7,-21,28,-12,-7,4,-50,-10,-6,-12,-29,-28,-14,-7,-21,-13,-7,-14,4,-1,-6,-21,-6,-12,-22,2,-13,-51,-1,-8,-13,34,-6,-1,-23,52,1,0,41,62,0,0,-5,17,0,0,-8,43,0,-3,-40,-39,0,0,-20,-137,-1,-1,33,-22,0,-10,19,-15,-2,-1,51,-13,-24,-37,-1,0,-16,8,-4,-8,-34,4,-20,-136,-2,-5,145,-139,0,0,-73,-46,0,0,-54,0,-60,17,-71,-22,-62,4,-117,-185,1,-1,-75,-185,0,-1,147,93,-1,1,-35,12,-1,10,0,0,36,71,0,-1,219,-188,-1,0,-52,-94,1,1,33,-24,-1,-1,21,-137,-1,2,-71,-23,0,0,-74,91,0,1,-80,-19,0,0,-13,19,0,0,-53,-372,1,-3,145,94,-1,-1,-74,49,0,-1,66,23,0,0,8,23,0,-1,110,97,1,0,37,-97,0,0,145,22,0,13,0,27,0,0,73,33,-1,0,74,186,-1,0,37,-47,-1,0,36,47,0,0,36,-47,0,0,36,-232,0,1,583,47,0,0,72,-46,10,0,26,45,0,0,38,141,1,-1,240,46,50,93,0,0,37,47,0,-1,107,-93,1,0,18,-43,-1,-2,16,-48,-2,0,41,-96,0,0,-39,-43,0,0,33,-11,7,-175,-5,-141,5,0,-73,-508,-5,0,-35,-230,0,0,-35,-99,-2,7,-70,-95,1,-1,69,11,0,0,36,-11,0,1,38,-460,0,0,61,32,43,100,103,23,30,-903,358,-1497,-4333],[-948441,389781,72,0,1,-21,-18,-2,0,-17,-55,6,0,34]],[[-947424,388080,99,0,-3,30,-20,-8,-24,7,-52,0,0,-29]],[[-946543,388546,52,1,-1,-67,12,-1,0,-6,175,1,0,35,26,-5,12,-14,52,2,0,41,8,0,-1,11,7,2,-8,2,1,41,41,2,-325,413,0,-96,50,-1,-2,-35,-22,0,-1,-35,-25,0,0,-71,94,1,-1,-34,-6,-5,-87,0,0,-144,-49,0,-2,-38]]]
5014051	p	4990729
5441492	p	5419384
4679195	p	4684888
4574324	r	-80.4309,32.4872,-79.4518,33.1499	[[[-804309,326404,14,-39,122,-274,142,-266,163,-257,180,-246,-2,12,136,-65,40,-102,7,-59,22,-26,204,-210,49,12,75,61,122,35,719,444,107,44,96,53,68,85,37,88,-10,21,-56,17,-466,353,-119,129,146,24,190,-108,315,-288,237,-172,140,33,140,111,235,66,214,28,463,132,528,76,96,74,-73,105,-229,130,0,62,90,50,107,-6,247,-44,254,7,102,39,584,348,44,57,155,-40,193,454,-203,-6,4,35,-69,0,-5,-28,-22,-18,-1,-14,2,-3,-15,-4,-45,25,-75,41,-4,10,109,54,-3,31,7,17,-5,5,11,19,-66,5,-40,-3,-2,-7,-23,-12,2,-39,25,-23,-31,27,-29,0,-17,25,7,10,-24,-17,-85,73,-75,15,-6,3,-8,53,-6,169,2,30,94,0,102,-39,241,-113,66,18,20,-13,27,-37,111,-55,223,42,300,103,542,265,166,179,157,229,192,197,266,84,49,31,33,71,45,71,84,31,75,18,491,234,73,76,76,151,-111,-24,-96,-43,-77,-60,-52,-79,-121,160,-50,116,16,115,257,452,124,133,147,55,315,170,186,49,82,-120,28,-75,133,-198,44,-105,143,87,194,66,58,12,-67,91,-184,218,-201,206,-216,196,-230,182,-245,170,-257,156,-268,141,-132,60,-1689,-1967,8,20,28,33,-46,62,-16,46,-21,13,-21,29,-20,-6,-36,-44,-35,-3,-62,-25,-37,1,-86,-26,-69,-35,-79,-4,-64,13,-11,24,-6,-7,-42,14,-6,-7,-13,3,-15,-13,1,8,-14,-2,-5,10,-12,-1,-4,8,-7,-9,-11,6,-26,-5,-24,21,6,-7,-19,-5,-12,19,-18,-13,-2,28,-3,-6,-40,-9,-10,-24,-9,18,-9,1,-16,-16,-4,2,3,-17,-6,-5,-17,4,-19,-10,-4,7,9,15,-8,11,-41,-2,-27,-30,15,-25,-31,10,8,21,-3,12,-18,5,-8,-11,-12,-3,-19,26,19,-28,-11,-18,3,-12,19,-12,-8,-42,36,-59,4,-25,-12,-21,9,-4,-11,1,-4,-12,2,1,-5,-9,10,-8,-2,-9,-8,-1,10,-4,-5,-6,-22,-8,25,13,-10,4,10,9,-11,6,1,19,-58,-44,1,-60,9,-4,-8,3,-3,-14,11,-4,12,7,-5,10,19,-8,-1,10,10,-2,0,6,10,-7,-3,8,11,-5,10,9,90,8,1,-8,10,2,-4,-20,6,-7,-13,-33,-14,2,-10,-37,5,-13,-148,-36,-8,42,-10,-2,-14,14,-223,-26,28,-46,-6,-27,-95,-14,-76,-21,-5,-8,23,-30,-65,-52,-75,-94,-25,-110,3,-45,33,-109,53,-69,20,-12,42,-17,125,-25,35,-21,19,-21,18,-49,-16,-63,4,-95,-51,3,-41,11,-11,30,-31,32,-73,-35,-1,1,-12,-6,7,9,-5,4,-21,-3,-66,40,-1,1,-15,-10,-72,-10,-48,-44,-30,-1,-6,-6,-27,6,-7,-14,3,15,-60,4,19,31,-9,3,-22,-39,-49,0,-6,-18,1,15,-60,-9,-30,-13,17,-49,-9,-9,-5,15,-9,4,-15,-19,-52,-1,-37,11,7,-34,-12,-4,-26,26,-22,-8,-8,11,-15,-8,-11,14,7,5,-12,2,6,5,-7,6,62,45,-48,39,-97,52,-59,57,-13,28,-14,3,-62,-15,-6,-10,-1,10,-4,0,-2,0,-2,1,-15,1,-5,10,-58,-57,-19,17,4,6,-8,-4,-8,7,4,3,-5,-3,-20,17,6,4,-12,3,26,18,7,-3,-9,-5,5,-3,25,16,-8,-1,6,2,2,-1,8,6,30,5,-54,77,-11,30,2,2,-11,40,-21,23,-1,0,-28,32,-89,20,16,-33,-27,5,-12,-4,-60,-49,-28,23,-52,-35,-55,-59,-117,-75,-84,-49,-134,-55,-131,-82,123,-134,94,37,45,105,205,-140,-75,-42,-1,-122,-132,-3,1,-10,-41,-16,8,-19,-24,-7,-4,12,-8,-3,-13,11,0,-12,-6,-2,5,-9,-21,-5,-23,35,73,38,62,5,1,-11,13,-1,3,16,-77,-3,-21,-10,-7,5,-51,-35,-48,76,7,3,-18,13,8,6,-16,10,-16,-14,-17,13,12,7,-13,21,-42,1,38,-4,-35,0,13,-1,-11,-3,19,-27,9,-2,0,4,17,-12,-7,0,5,-8,10,8,-9,-9,13,2,-11,-5,10,-5,-10,-2,-2,6,2,-13,8,-7,-4,5,6,-4,3,7,4,-27,11,-2,-11,-1,8,-9,9,2,-11,-14,-22,-1,-5,-13,28,7,-1,-22,8,-14,17,-6,23,11,5,-11,11,-2,1,-12,-10,-2,3,-21,-2,1,-25,-21,38,-38,8,-3,15,12,-13,-14,21,-16,73,38,-14,21,3,7,-36,-19,-3,24,-26,14,41,22,10,-18,24,12,19,-41,-5,-2,4,-12,23,14,-15,-2,-5,15,12,12,8,-5,15,-34,-34,-2,-91,-47,50,-27,9,5,4,37,15,8,19,-2,17,-22,17,-6,60,33,-5,8,-6,-10,-24,22,-13,2,-6,15,9,-6,5,9,3,-9,4,8,9,-11,3,9,15,2,-2,15,-15,-3,9,12,1,-8,113,32,88,9,15,0,111,-50,8,6,-23,29,50,-8,-4,-51,133,-21,21,-92,36,12,-1,-13,-3773,-1370],[-801179,327933,5,3,3,-10,-5,-3,-3,10],[-801166,327989,86,13,17,-41,-86,-10,-17,38],[-801128,327932,11,-5,-6,-2,-5,7],[-801115,327935,6,1,2,-3,-7,-1,-1,3],[-801075,327932,42,27,3,58,108,-26,-5,15,5,0,-5,5,8,56,20,20,-15,20,-43,9,17,21,-15,21,-37,-21,-9,13,84,48,55,-32,8,13,23,-4,-16,-6,1,-6,16,1,6,11,21,-3,3,-18,24,-1,1,-17,-64,2,-11,-160,11,-3,18,13,12,-2,-6,-26,-22,9,-3,-5,-110,-3,-125,-29],[-801029,328134,23,14,10,-12,-23,-14,-10,12],[-800811,327959,5,24,14,-18,-1,-9,-18,3],[-800801,327988,50,-8,-6,-10,10,-2,-3,-20,-26,3,2,13,-15,2,-12,22],[-800791,328611,43,-38,-9,-6,-8,6,10,6,-36,32],[-800787,328366,2,3,3,-3,-5,0],[-800782,328352,1,2,3,-2,-1,-2,-3,2],[-800765,328330,2,2,2,-3,-2,-2,-2,3],[-800760,328322,7,6,6,-3,-8,-4,0,-13,-5,14],[-800760,328335,10,2,-9,4,13,9,11,6,-5,-6,9,-12,14,14,-13,4,10,5,12,-4,3,-29,-15,5,10,-10,-18,-11,5,6,-8,10,3,-11,-12,15,-13,-4,-7,7],[-800749,327973,0,4,3,0,0,-5,-3,1],[-800749,328321,12,3,8,-8,-18,-14,6,13,-8,6],[-800746,328328,2,2,1,-3,-3,1],[-800744,327964,4,12,15,-2,4,-32,-10,1,0,20,-13,1],[-800692,328463,8,6,17,-8,-11,-5,-14,7],[-800683,328471,9,7,12,-11,10,4,-3,-9,-16,10,-12,-1],[-800683,328451,3,1,-1,-2,-2,1],[-800672,328454,6,4,1,-5,-7,1],[-800670,328479,2,1,3,-2,-3,-2,-2,3],[-800666,328316,16,5,-4,6,26,-23,-9,-5,-5,4,4,8,-28,5],[-800655,328457,5,5,15,-12,-20,7],[-800650,328331,7,-2,-1,-3,-4,1,-2,4],[-800650,328446,9,-4,-8,-2,-1,6],[-800647,328404,4,20,10,-9,-14,-11],[-800643,328338,2,2,5,-5,-1,-1,-6,4],[-800640,328341,5,5,6,-5,-6,-4,-5,4],[-800633,328348,3,3,6,-8,-2,0,-7,5],[-800631,328333,0,1,1,-1,0,-1,-1,1],[-800629,328352,8,8,7,-16,-8,-1,-7,9],[-800628,328330,1,1,1,-1,-1,-1,-1,1],[-800626,328329,1,0,1,0,-1,-1,-1,1],[-800625,328327,2,-1,-1,0,-1,1],[-800622,328325,1,0,0,-2,-1,0,0,2],[-800622,328321,0,1,1,0,1,-1,-2,0],[-800621,328360,10,9,4,-21,-14,12],[-800621,328334,1,1,2,0,-1,-2,-2,1],[-800620,328318,1,1,0,-2,-1,1],[-800619,328402,10,8,19,-16,-10,-8,-19,16],[-800617,328315,1,3,5,0,-6,-3],[-800617,328326,2,1,0,-2,-1,0,-1,1],[-800617,328320,1,3,2,-3,-3,0],[-800614,328332,0,4,3,-5,-1,-1,-2,2],[-800612,328329,2,0,0,-1,-1,-1,-1,2],[-800609,328339,13,-2,-4,-2,-9,4],[-800609,328479,8,3,-3,-2,-5,-1],[-800606,328374,34,33,7,-12,-5,14,9,9,41,-27,-5,-12,11,-6,11,7,-1,-4,25,-11,-14,-14,-6,2,7,-5,-7,-6,-14,1,0,6,-19,6,-4,-4,16,-5,1,-21,-18,-3,-16,12,5,9,-5,2,-4,-7,-4,10,-5,-6,11,23,-7,3,-12,-30,-5,3,-5,-7,8,-17,-12,-4,-4,10,7,9,-11,12,7,2,3,-9,13,21,-3,6,-19,12,-6,-7,-5,5],[-800601,328485,15,10,9,-4,-24,-6],[-800587,328013,7,18,22,10,26,-5,-15,-12,15,8,10,-4,2,-4,-14,-4,2,-12,7,-3,-13,-5,-7,16,-6,-3,11,-15,9,0,-4,-18,13,1,-1,-11,10,9,-5,-2,-1,11,-9,-2,0,14,18,0,0,8,25,-7,-14,-21,4,-15,-2,-7,-24,-3,0,-6,-19,0,-2,-14,-11,5,-13,-3,-3,13,15,4,-4,8,27,-4,1,7,-6,1,-8,24,-14,-3,0,11,-24,3,-3,9,33,-7,-35,10],[-800583,328305,8,5,17,5,4,-5,3,7,4,-6,-14,-11,-5,3,2,-5,-13,-10,-5,13,7,4,-8,0],[-800581,327998,19,-2,-2,-18,-14,1,-3,19],[-800581,328264,1,15,23,14,22,-7,-10,12,29,16,18,5,3,-6,5,7,27,-9,4,9,-21,14,10,21,3,-10,5,1,17,-22,-7,1,-2,-16,-9,-3,10,-5,10,8,-5,7,8,6,-5,8,11,4,-2,5,-11,-7,-11,14,5,4,8,-9,10,3,8,11,16,-21,4,3,-19,19,30,21,13,-30,23,-10,18,2,-39,-22,29,12,6,-5,-16,-6,4,-6,14,10,10,-9,6,5,1,-8,14,14,2,-8,-19,-13,-9,2,-5,-10,-24,5,-6,-9,-20,29,-12,-9,-3,5,15,-29,-5,-6,17,8,15,-23,12,5,-3,-13,-10,-6,-4,6,1,-7,-12,-6,-7,10,18,7,-5,9,-6,-4,7,-2,-16,-8,-8,11,9,8,-12,-4,-8,8,-43,-27,8,-10,-23,-8,7,-3,11,8,-1,-13,9,3,-17,-9,-21,30,-4,-3,4,-6,-7,-4,13,-6,0,-8,-6,0,15,-7,-13,-8,-30,14,-14,-10,6,-12,-7,-12,-5,24,-9,-1,8,4,-8,-3,2,14,-13,10,9,12,5,-9,-1,14,21,5,0,-13,-11,-1,10,-1,-9,-11,12,4,15,-6,-4,-4,10,1,2,5,-24,8,3,12,26,4,-4,5,-20,-6,1,6,-33,14,-17,-35,-18,7,4,14,-9,2],[-800579,327975,14,1,12,0,-3,-7,6,-1,-1,6,8,-1,7,-11,-7,5,-20,-1,1,7,-17,2],[-800576,328317,3,3,0,-4,-3,1],[-800573,328324,7,0,1,-3,-6,2,-2,1],[-800568,328334,5,-1,2,-4,-7,4,0,1],[-800564,327926,9,-1,1,7,24,-3,-2,-11,21,-3,13,11,-8,-11,12,0,2,14,-20,2,2,11,43,-5,1,6,-26,5,1,16,18,-7,2,15,-20,-7,-2,17,11,-6,-2,12,12,-6,21,10,0,-18,-7,1,-7,-17,7,-1,3,12,11,-10,13,5,-4,-8,13,-5,-6,-11,34,-2,-20,-6,-5,-20,-3,8,-12,3,-7,-15,-3,20,-13,1,-14,-2,-1,-8,4,5,19,-2,-4,-14,-24,4,-11,-10,-18,3,0,6,-14,-4,1,7,-6,-6,1,7,-4,-7,-10,2,1,10,-4,-10,-21,4,-1,6,12,-1,1,8,-3,-5,-11,4],[-800561,327983,8,0,-5,-3,-3,3],[-800560,328316,1,4,5,-1,-6,-3],[-800550,327983,7,-1,0,-6,-7,7],[-800549,327906,29,-2,-3,-8,-7,6,-3,-7,-3,9,-3,-6,-10,8],[-800526,327932,1,7,10,-1,-2,-7,-9,1],[-800522,328174,12,6,4,-9,-2,9,15,-1,3,4,19,-10,13,30,-18,5,8,4,20,-14,-7,-29,-10,-13,-7,3,6,-10,-17,-24,6,15,-5,3,-13,-15,-9,13,13,-2,9,11,-2,12,-10,-21,-15,8,8,6,-1,12,8,-7,7,2,-3,4,-11,3,-4,-6,-11,-1,-5,7,-1,5],[-800522,328008,9,0,-7,-3,-2,3],[-800520,327896,2,8,45,-6,-8,-8,-34,5,-1,5,-4,-4],[-800515,328160,6,-5,-2,-2,-4,7],[-800514,328039,12,-6,-5,-3,-7,9],[-800514,328209,1,3,4,1,-5,-4],[-800506,328025,11,8,6,-8,7,6,-19,6,25,9,14,-16,-11,-5,21,-17,-9,-4,-7,-3,-5,8,-15,-5,-6,11,6,4,-4,5,-6,-8,-8,9],[-800496,328185,12,25,15,-14,-5,-17,-12,12,-10,-6],[-800494,328125,3,1,0,-2,-3,1],[-800483,327874,2,9,2,-5,-4,-4],[-800483,328001,4,-2,-1,-3,-3,5],[-800482,327902,1,3,2,0,-3,-3],[-800474,327796,0,8,3,7,20,-3,8,31,11,-2,-4,12,23,8,-4,11,0,-9,-19,2,9,11,-5,3,4,14,13,-3,12,-11,8,-19,19,3,1,-7,-17,0,9,-3,-6,-2,5,-11,-14,-8,-1,-4,-19,-7,2,11,20,6,-3,17,-10,0,-1,-8,8,4,4,-12,-26,-2,-8,-19,4,-1,-46,-17],[-800467,328357,3,2,4,-2,-7,0],[-800465,327995,4,9,11,-1,-4,-9,-11,1],[-800446,328239,2,1,3,-9,-5,8],[-800436,327903,1,3,2,0,-1,-3,-2,0],[-800433,328233,5,2,4,-5,-5,-4,-4,7],[-800431,328264,22,11,3,-4,-21,-12,-4,5],[-800427,327813,5,16,5,-1,-3,-12,-7,-3],[-800426,328222,14,15,-8,-4,-5,7,9,4,-3,5,11,-10,12,5,-5,8,-12,-6,-4,4,19,10,18,-24,20,11,5,-18,10,6,-10,-12,-10,-3,-4,5,-32,-17,-5,11,-7,-4,5,-11,-11,12,2,10,-9,-4],[-800418,327902,8,2,-4,4,17,-3,-5,-7,9,2,2,11,9,-8,-3,-8,7,14,21,-8,-5,-9,-7,8,0,-11,-6,5,-3,-9,-3,5,-16,-1,3,8,-6,-8,-7,6,-8,-3,3,9,-6,1],[-800417,327971,1,29,3,11,8,-2,5,9,-11,-24,1,-27,-7,4],[-800411,327946,1,21,4,-6,15,-1,-2,-20,-18,6],[-800397,328027,3,12,14,10,-11,-23,-6,1],[-800390,327919,0,1,2,0,0,-1,-2,0],[-800375,327885,1,3,5,-1,2,-4,-8,2],[-800372,327850,7,2,1,-3,-7,-1,-1,2],[-800366,328057,0,4,23,32,45,37,-9,10,-7,-6,-7,22,-13,-12,14,15,5,-6,8,5,36,-28,-10,-15,-10,-7,4,12,-48,-38,22,-12,41,35,10,-10,6,7,-3,-7,24,-20,-22,-7,1,-7,5,5,43,8,-5,13,-5,-4,-8,7,7,8,7,1,4,-11,1,6,11,1,1,-8,7,2,-19,-11,23,10,0,9,23,0,-23,-14,-2,-7,-15,0,-3,-6,10,1,-18,-16,-4,9,-29,-16,-11,1,3,-5,-18,-10,1,-6,-5,-1,1,10,-14,-1,4,-3,-11,-2,3,-19,-18,12,-17,-2,-6,20,-7,-1,8,-19,-6,-1,-18,38,-10,-2],[-800366,327910,3,10,20,-14,-23,4],[-800361,327883,4,3,3,-5,-7,2],[-800357,327845,3,5,3,-8,-6,3],[-800354,327898,7,-1,4,-8,-10,1,-1,8],[-800351,327875,19,-3,5,-8,-23,-1,-1,12],[-800350,327861,21,-3,2,-8,-7,-3,1,2,-6,5,-9,-3,-2,10],[-800346,328330,9,9,-4,-13,-5,4],[-800344,327849,4,-3,1,-1,-1,0,-4,4],[-800339,327903,6,-1,-1,-4,-5,0,0,5],[-800326,328298,7,5,11,-6,-14,-3,-4,4],[-800318,327885,0,16,15,-3,-2,10,11,-1,-1,-27,-23,5],[-800294,327955,12,2,-2,9,23,2,-9,16,7,4,12,-5,3,-12,1,15,14,-4,8,-11,3,0,-2,-5,13,4,-4,8,7,2,4,-8,1,-22,-33,0,-1,-8,2,5,33,0,1,6,7,-4,-9,15,15,-1,4,6,14,-3,-4,-10,7,-2,-10,-1,6,-5,-17,-24,-12,6,5,8,-11,6,-11,-17,-11,2,4,-12,9,2,-5,-9,-15,7,-2,-5,31,-11,-37,8,0,-6,37,-8,0,-1,-19,-7,3,10,-10,1,6,-12,-21,-7,0,1,-28,-1,-4,31,9,-1,-1,8,-15,0,-1,13,10,1,0,-11,16,7,1,-10,14,7,-8,11,21,-2,-22,7,-2,17,-8,3,-8,0,-14,-18,6,-6,-11,-1,-1,10,-1,10],[-800292,328028,14,2,-9,-4,3,-13,-6,6,-2,9],[-800289,328005,5,-3,-2,0,-3,3],[-800283,328006,4,0,0,-3,-3,-1,-1,4],[-800267,328010,2,3,2,-1,-2,-4,-2,2],[-800248,328131,8,20,-1,-23,-7,3],[-800246,328095,2,2,4,-3,-3,-2,-3,3],[-800235,328098,3,1,3,-3,-2,-2,-4,4],[-800233,328152,10,11,10,-11,-20,0],[-800228,327982,11,0,-4,-9,-7,9],[-800225,327925,1,2,5,-4,-6,2],[-800222,328141,6,5,-3,-7,12,-21,-15,23],[-800222,327971,1,2,1,-1,-2,-1],[-800221,327997,19,5,-3,-18,-16,13],[-800218,328021,2,1,1,-1,-2,-2,-1,2],[-800217,328027,4,3,5,-4,-5,-4,-4,5],[-800216,328146,15,11,-3,8,-7,0,12,4,-4,5,-12,-6,34,25,-8,-7,19,-16,-9,-4,12,0,11,-10,-5,-4,-7,8,3,-11,-10,-2,-19,-19,-15,11,11,-11,-6,-7,2,11,-14,14],[-800208,328096,8,4,-7,-4,-1,0],[-800206,328049,26,26,8,-1,7,7,0,-27,-21,-4,19,-11,-14,6,-9,-7,-16,11],[-800200,327896,8,15,7,-3,6,11,-3,5,5,-2,0,9,12,-17,-5,-7,-30,-11],[-800199,327986,6,6,-3,7,27,8,-6,5,14,8,-5,16,21,-1,-14,-8,11,-5,-5,-11,9,-2,1,11,9,2,-11,7,6,5,9,-5,7,6,-5,8,10,-2,-3,7,9,6,4,-4,1,7,12,-10,8,15,9,-23,-8,-2,-3,7,-5,-1,5,-6,-32,-2,2,-8,27,8,-20,-9,-1,-5,16,-6,2,5,-13,5,20,-2,-1,5,14,2,5,-15,-12,3,-1,-8,14,3,6,-17,-6,4,-2,-6,6,-6,-15,3,-2,12,-5,-31,-3,18,-8,2,1,5,-14,2,10,16,-18,4,-16,-1,-4,-8,6,6,11,-2,-2,-12,-18,0,-1,-5,37,-5,-1,-5,-10,0,9,-2,6,-11,-7,-4,-4,13,-24,-1,0,7,-9,1,2,12,-9,2,-4,-21,-24,20,-9,-5,11,-8,-11,-1,-1,-25,-8,22],[-800189,328097,4,0,-1,-2,-3,2],[-800188,328208,17,9,0,-4,-12,-4,-5,-1],[-800187,328098,1,4,2,-1,0,-4,-3,1],[-800181,327973,2,-2,-2,-1,0,3],[-800177,328184,3,7,5,-4,6,4,6,-5,-11,-6,6,-6,5,9,8,-2,-2,10,9,-4,18,4,-12,-19,-9,14,-1,-11,-14,-12,-17,21],[-800176,328102,3,-1,-2,-2,-1,3],[-800169,327962,1,3,3,-2,-2,-3,-2,2],[-800168,327977,4,4,3,-11,-7,7],[-800167,328104,2,1,10,1,-6,-3,-6,1],[-800162,327956,3,11,8,-8,0,6,13,4,-2,-18,18,-4,-3,-4,-20,4,-17,9],[-800158,327973,1,4,7,-1,-8,-3],[-800154,328158,18,11,6,-11,8,5,-10,9,11,7,0,-10,10,0,-11,-24,-17,4,15,-7,-13,-6,-9,11,12,6,-5,4,-9,-7,-6,8],[-800148,327978,0,3,7,-1,0,-3,-7,1],[-800133,328037,3,3,3,-4,-4,-1,-2,2],[-800125,328126,24,20,6,-7,-11,-7,5,-6,4,8,5,-7,5,3,-6,7,1,6,-4,2,-2,3,6,-5,3,16,12,-12,-5,-4,6,3,12,-11,-6,-5,7,3,-8,-8,-2,2,-20,-16,-4,14,-20,-7,-8,8],[-800122,327999,7,14,6,-1,-8,-12,5,-3,-10,2],[-800113,328116,7,5,2,-3,-7,-4,-2,2],[-800109,328087,8,13,11,-30,-19,17],[-800107,328205,0,1,1,0,0,-1,-1,0],[-800106,328109,8,10,3,-9,-11,-1],[-800085,328167,12,12,10,-7,2,6,-17,8,11,3,-12,16,19,-5,-4,-2,0,-15,9,-1,-2,-11,29,3,11,-4,-16,-8,3,-5,13,9,-1,-8,8,0,-31,-16,-5,14,-7,-5,-10,6,13,3,-4,6,-19,-10,-12,11],[-800081,328221,4,0,0,-3,-4,0,0,3],[-800078,328193,4,0,1,-2,-5,2],[-800072,328210,2,9,8,1,-10,-10],[-800062,328146,6,3,0,-4,-6,1],[-800062,328209,8,6,1,-5,-9,-1],[-800060,328200,9,6,-8,-6,-1,0],[-800051,328142,1,1,5,2,3,-3,-9,0],[-800051,328202,4,-1,-4,-2,0,3],[-800046,328179,3,1,2,-3,-2,-1,-3,3],[-800038,328178,8,5,2,-9,-10,4],[-800014,327970,0,6,9,-1,-9,-5],[-800008,328159,2,5,2,1,-4,-6],[-800000,327974,2,-5,-1,0,-1,5],[-799995,327970,1,3,4,-1,-5,-2],[-799608,328786,23,105,24,47,78,87,88,48,53,2,38,10,102,-68,11,3,17,-9,-31,-22,-44,-56,-55,16,-5,-5,13,-40,-15,-14,11,-23,-10,-51,-9,-9,-54,28,-21,-15,-13,14,-26,-52,0,-6,11,1,-2,-11,9,-2,-7,-24,12,-21,13,-64,29,-38,-7,3,0,-35,-64,18,-105,10,-30,58,-10,52,-24,63],[-799402,328808,27,22,11,-8,-7,-10,10,-8,-16,-18,8,-10,-23,-1,3,7,-13,26],[-799378,328730,9,11,17,-4,2,5,-18,4,30,35,-3,5,19,-1,-11,-39,40,-2,2,6,-33,6,2,8,29,0,72,-35,3,-62,11,-8,-18,-13,-3,-13,-23,5,-12,25,-8,0,-18,22,-30,-5,-1,15,-20,7,0,7,-34,0,-4,21],[-799377,328666,21,9,23,-38,-36,6,-8,23],[-799306,328809,16,-2,-10,-2,-6,4],[-799306,328815,15,63,69,0,-1,-6,38,-2,43,36,-43,37,-11,-10,-10,7,-9,-7,21,-17,-25,5,0,-37,-64,1,83,101,26,20,12,-11,8,7,-12,11,10,7,53,-56,-4,-4,15,-23,9,-8,13,0,-5,-14,-30,0,-36,-47,-47,-27,12,-31,-8,1,15,-8,10,-15,-6,-13,-9,6,-10,-9,-18,4,-11,-10,-32,42,-61,7],[-799285,328776,70,-15,1,-21,-14,2,-57,34],[-799281,329077,36,25,5,14,35,-21,22,-47,25,-25,-14,-10,-19,11,-12,-6,-78,59],[-799022,329422,10,2,-6,-5,-4,3],[-798968,328296,32,87,172,12,-137,-152,-8,-2,-59,55],[-798932,329229,127,26,35,-46,42,16,-71,-65,-80,49,-9,-5,-37,11,-7,14],[-798896,329202,51,-32,9,-14,-13,-3,-47,49],[-798837,328682,99,0,-2,0,-97,0],[-798806,329259,41,8,7,-36,-14,-14,-34,42],[-798779,329521,17,24,40,19,31,5,60,0,2,-13,25,-7,13,3,17,-16,12,24,20,11,17,-25,-47,-22,-192,-4,-15,1],[-798738,328682,2,87,16,-7,25,4,28,-3,-69,-81,-2,0],[-798708,329267,21,5,2,-6,-21,-6,-2,7],[-798622,329270,75,30,30,-56,-7,0,86,-95,5,5,-7,11,-46,49,3,17,22,13,-15,58,13,5,31,-54,-9,-7,16,-10,35,18,25,-21,13,22,-5,-5,-8,7,-5,-4,-5,8,3,9,12,5,23,-4,-12,-13,29,17,20,5,45,-11,-8,21,4,-7,20,-4,5,22,-4,-4,-8,6,-3,-16,-14,6,3,11,10,2,-16,0,0,-23,-24,-4,-1,24,-17,0,0,6,-10,1,4,9,-27,15,23,4,-48,83,31,11,79,-97,101,75,16,-18,-27,-7,17,-18,-3,-4,-21,3,-2,-6,15,-7,-77,-89,-3,12,1,-14,-196,-228,-13,42,2,38,-19,23,-5,-2,-53,74,-8,-4,8,-14,-7,-4,-20,31,-26,-11,-46,63],[-798510,328945,12,20,27,26,-39,-46],[-798414,329435,15,7,19,-21,-11,-5,6,-11,-9,-6,-20,36],[-798377,329347,14,-7,-9,2,-1,-7,-4,12],[-798350,329321,4,5,2,0,-1,-8,-5,3],[-798318,329294,0,1,6,-5,-6,4]],[[-801195,327804,16,-20,25,-14,-1,-9,8,-5,16,8,9,-8,35,17,8,24,11,12,10,0,-6,50,-51,-28,-80,-27]]]
5526337	r	-102.4616,31.6196,-101.6223,32.3908	[[[-1024616,322157,151,-186,1,0,1834,-2254,-68,-17,62,-200,61,78,16,4,9,-27,23,6,14,-47,40,10,9,-11,1,-4,-24,-6,-33,-19,44,-57,34,21,12,-36,102,-66,91,-112,-3,0,3,-13,9,2,2464,-3027,149,29,286,75,280,90,273,105,264,121,255,135,243,149,232,162,218,175,205,186,190,198,175,208,158,217,141,226,123,233,106,239,87,245,68,249,49,252,29,254,10,256,-10,256,-29,254,-49,252,-68,249,-87,245,-106,239,-123,233,-141,226,-158,217,-175,208,-190,198,-205,186,-218,175,-232,162,-243,149,-255,135,-264,121,-273,105,-280,90,-286,75,-292,58,-296,41,-298,25,-299,9,-299,-9,-298,-25,-296,-41,-292,-58,-286,-75,-280,-90,-273,-105,-264,-121,-255,-135,-243,-149,-232,-162,-218,-175,-205,-186,-190,-198,-175,-208,-10,-14]]]
4739526	r	-97.6123,31.2275,-96.6877,31.9466	[[[-976123,315500,10,-259,30,-259,44,-227,920,-789,6305,-1691,128,79,234,164,221,178,206,189,192,201,177,211,159,220,143,229,125,236,106,243,88,249,69,252,49,256,30,259,10,259,-10,259,-30,259,-49,256,-69,252,-88,249,-106,243,-125,236,-143,229,-159,220,-177,211,-192,201,-206,189,-221,178,-234,164,-246,152,-257,137,-266,122,-276,107,-283,92,-290,75,-294,59,-299,42,-301,26,-302,8,-302,-8,-301,-26,-299,-42,-294,-59,-290,-75,-283,-92,-276,-107,-266,-122,-257,-137,-246,-152,-234,-164,-221,-178,-206,-189,-192,-201,-177,-211,-159,-220,-143,-229,-125,-236,-106,-243,-88,-249,-69,-252,-49,-256,-30,-259,-10,-259]]]
5011148	p	4990729
4685907	r	-97.589,33.081,-96.9479,33.6066	[[[-975890,332200,10,-253,30,-252,48,-249,69,-247,87,-242,39,-87,369,-60,3855,368,5,0,413,40,0,-42,1,42,136,13,1054,551,294,827,-1472,2976,-236,478,-112,3,-300,-9,-299,-24,-296,-42,-293,-57,-287,-73,-281,-90,-274,-104,-265,-119,-255,-134,-244,-147,-232,-161,-219,-173,-206,-184,-190,-196,-175,-205,-159,-215,-141,-223,-124,-231,-106,-236,-87,-242,-69,-247,-48,-249,-30,-252,-10,-253]]]
4850751	r	-92.1493,41.7498,-91.1307,42.391	[[[-921493,420100,11,-249,32,-248,55,-246,75,-243,97,-239,117,-233,138,-227,157,-220,176,-212,194,-202,212,-193,112,-90,4823,964,2352,469,1498,299,39,127,55,246,32,248,11,249,-11,249,-32,248,-55,246,-75,243,-97,239,-117,233,-138,227,-157,220,-176,212,-194,202,-212,193,-227,182,-244,171,-257,158,-271,145,-283,132,-294,117,-304,103,-312,88,-319,72,-324,57,-329,41,-332,24,-333,8,-333,-8,-332,-24,-329,-41,-324,-57,-319,-72,-312,-88,-304,-103,-263,-105,-2340,-2169,-64,-157,-75,-243,-55,-246,-32,-248,-11,-249]]]
4839366	r	-73.1328,41.2328,-72.5108,41.5032	[[[-731328,413915,670,-615,586,-819,151,-32,3,0,-15,-2,-13,-30,0,-1,15,-6,9,-17,-9,-6,7,-7,-8,-7,8,-6,-10,-2,7,-20,0,-2,1,0,0,-1,11,3,15,4,31,7,1,0,1,0,25,0,27,-11,16,0,15,-17,17,6,14,-2,35,40,19,53,21,21,37,22,13,15,5,29,22,15,31,-10,4,17,32,18,70,19,45,7,3,-5,0,8,86,21,-1,7,89,72,-27,-6,-24,-33,-7,6,-2,-7,-5,4,13,20,48,20,-60,-15,-4,18,-50,38,-4,44,-14,9,0,1,47,35,-1,1,2,-1,1,-13,30,6,8,-4,-4,8,37,20,-2,9,-10,-2,-6,9,17,-7,17,12,1,11,42,52,32,26,-3,6,18,21,7,-6,42,7,2,16,9,1,4,-10,24,7,9,-5,3,-27,0,-1,1,-7,-16,1,16,-2,1,-9,-29,-32,21,-3,1,-6,-23,2,28,-9,-9,-59,29,-50,1,-5,0,-2,1,-25,-28,-40,67,-36,46,-50,-9,9,-3,-67,-32,-6,-15,-10,-4,6,-21,-21,-14,-25,-2,-29,22,-1,17,-11,14,23,23,-2,22,14,8,-1,15,-48,363,4,132,131,34,-4,130,-16,132,31,73,-18,162,95,104,29,381,20,136,-20,98,-43,88,-53,98,-40,126,-2,79,41,77,70,93,66,570,97,229,-50,358,-131,13,60,6,48,85,-18,57,95,93,186,76,189,23,77,-212,87,-4041,1650,-1779,-1059,-188,-57],[-728395,412581,-478,151,0,1,478,-152],[-729495,412930,12,-7,1,-1,-13,8]]]
5388881	p	5389489
5406567	r	-119.6584,35.9508,-118.8312,36.7074	[[[-1196584,360183,3,-3,161,-160,174,-151,186,-141,196,-131,153,-89,267,39,1,0,2569,371,1561,2182,2263,1439,738,469,-6,31,-70,242,-88,237,-108,232,-126,226,-144,219,-162,210,-178,202,-194,191,-209,181,-223,170,-236,157,-249,144,-259,131,-270,117,-278,103,-286,87,-293,72,-298,56,-301,41,-216,17,-1733,-904,-461,-334,0,-2659,-1884,-2994]]]
4151909	r	-80.5928,26.1563,-80.163,26.4771	[[[-805928,263103,2017,-981,646,-559,124,19,0,26,145,-3,480,77,-1,110,-162,0,-3,145,0,1,323,0,3,-144,163,-1,-1,-4,13,4,106,1,0,36,37,0,0,15,13,5,53,0,0,12,78,-1,0,-20,61,0,0,19,80,2,6,-14,17,-11,100,-19,-1,28,-102,-5,-5,4,-2,1,-3,3,-1,2,-7,38,19,0,0,28,9,0,-1,27,-10,0,0,-9,-50,0,0,17,-85,-2,0,-9,-7,0,0,-27,41,0,0,-17,61,-4,1,-10,-62,-15,-9,-2,-137,0,25,9,0,21,-41,0,-1,56,-37,0,-1,45,18,22,20,-3,1,16,42,0,-1,49,0,10,6,7,0,17,28,33,-1,159,18,1,-1,29,-19,5,0,14,-21,-1,-3,91,25,1,-1,294,-25,0,-68,1,-12,537,4,-18,13,0,0,-11,62,0,-71,71,-236,510,-285,383,-703,470,-1769,87,-135,-131,-136,-149,-124,-156,-113,-164,-100,-170,-88,-175,-75,-180,-62,-184,-49,-188,-31,-171],[-801997,261896,1,-18,-39,0,-1,18,39,0]]]
5402405	r	-119.0017,33.9994,-118.725,34.2598	[[[-1190017,341691,10,-20,17,-8,-8,-16,8,-10,37,0,1,-7,46,-17,10,-10,-4,-11,-15,-11,3,-7,13,-11,37,-1,-12,-20,-33,-12,-11,-11,2,-27,23,-15,144,2,1,83,71,1,2,9,46,-6,54,25,24,-25,-365,-927,141,-43,235,-117,172,-47,68,27,91,-16,62,-37,120,-5,85,-15,185,-10,130,-32,101,-7,228,-129,228,-214,29,16,13,38,62,19,29,6,9,43,36,30,13,51,45,21,104,20,169,19,77,62,179,6,55,-7,0,1558,-554,211,-13,-3,52,77,-2,8,-36,10,-31,-11,-32,0,-27,10,-57,-4,-8,9,-1,26,-46,21,-21,-4,-37,16,-11,-8,-15,12,-26,-7,-20,29,-26,3,-25,-7,-16,4,-33,-6,-67,20,-3,9,-47,35,21,100,26,23,-18,-1,-1,12,33,0,47,39,-1,10,-62,-10,-349,0,-23,-10,-7,-27,26,-1,0,-47,-485,184,-134,-340,-19,0,-10,11,0,-11,-109,0,-166,-260,-60,-9,0,-79,-24,-3,0,-30,-82,-46,-28,-5,-36,11,-21,25,-7,19,-9,2,-14,-49,-39,-16,9,-39,-20,2,-8,-9,8,-29,-8,-3,-27,10,-39,-47,-21,4,-8,-16],[-1189507,341917,83,-18,-4,-16,1,-2,-2,-6,-11,-7,5,-3,3,2,-28,-69,-32,0,-15,119]]]
4381982	r	-92.746,38.6794,-91.9141,39.2756	[[[-927459,389500,9,-213,27,-212,44,-210,62,-208,79,-204,96,-199,112,-194,128,-188,144,-181,159,-173,172,-165,186,-156,199,-145,210,-135,218,-123,6278,1725,53,138,62,208,44,210,27,212,9,213,-9,213,-27,212,-44,210,-62,208,-79,204,-96,199,-112,194,-128,188,-144,181,-159,173,-172,165,-186,156,-199,145,-210,135,-221,125,-232,112,-240,100,-247,88,-255,75,-261,62,-265,49,-268,34,-271,21,-272,7,-272,-7,-271,-21,-268,-34,-265,-49,-261,-62,-255,-75,-247,-88,-240,-100,-232,-112,-221,-125,-210,-135,-199,-145,-186,-156,-172,-165,-159,-173,-144,-181,-128,-188,-112,-194,-96,-199,-79,-204,-62,-208,-44,-210,-27,-212,-9,-213]]]
5097598	p	5128581
4843564	r	-73.8,40.8636,-73.3666,41.305	[[[-738000,409732,65,-7,-5,13,35,35,-7,28,48,57,1,17,84,8,34,-178,1010,-107,204,223,51,100,-23,45,60,36,26,16,71,53,152,16,83,26,72,115,70,9,69,-89,252,41,97,54,0,-1,70,-48,6,-549,519,108,2,725,102,61,106,9,178,88,-763,899,0,5,8,6,-26,11,-9,21,-25,20,-141,165,-12,30,-10,6,-6,-2,-543,640,-713,117,-932,496,-97,-3,-163,-12,0,-2307,3,-2,172,-26,33,-44,57,-38,20,-52,-4,-20,-7,-2,2,-17,-2,-3,-6,-1,-3,-13,-19,0,9,-54,-18,-36,-14,0,-3,-5,-1,0,0,-3,-2,-4,1,-1,-1,-4,12,-19,-4,-6,-18,5,-39,-17,-31,-26,-37,-49,55,-78,-23,4,2,-14,-32,-47,-40,-28,-31,-43,-16,-9,-15,-25,0,-319]],[[-735940,409081,277,-301,960,-144,560,382,-60,-14,-119,73,-86,70,95,186,-308,31,-236,92,-84,-185,88,-92,162,-166,10,-77,-74,-29,31,-83,-74,-52,-131,44,-5,104,-142,16,-21,-79,-16,-84,-237,13,-141,124,84,43,121,-36,133,87,26,47,-78,125,-448,-31,-287,-64]],[[-734100,409399,104,-145,186,-8,144,98,-75,17,-57,109,-154,74,-67,0,-59,-72,-22,-73]]]
5339111	r	-122.1929,37.8152,-121.8937,38.1143	[[[-1221929,379830,444,-1480,16,-20,506,-178,2026,792,-35,56,-76,68,-280,499,-3,116,-23,0,1,-18,-30,-1,-15,26,7,26,0,83,-101,59,-15,27,-28,0,1,48,-34,60,-11,0,-1,18,-22,0,-1,36,-8,0,0,23,-10,17,-9,-4,-156,-1,0,37,-50,-1,-25,24,0,29,23,15,4,11,15,-4,18,7,8,17,68,18,23,-4,-168,300,-170,30,-493,-30,-285,-52,-426,-187,-235,-56,-90,19,-336,-409,-24,-16]],[[-1221428,380427,125,-6,37,82,55,96,278,244,178,162,97,127,-4,11,-182,-5,-584,-711]]]
4543762	p	4544349
5551123	p	5308655
4180386	r	-83.8009,33.5918,-82.9391,34.3282	[[[-838009,339140,1122,-2167,180,-141,223,-153,234,-140,245,-128,255,-113,263,-100,270,-84,276,-70,281,-55,285,-39,287,-24,288,-8,288,8,287,24,285,39,281,55,276,70,270,84,263,100,255,113,245,128,234,140,223,153,211,165,197,175,183,187,168,196,152,204,136,213,119,219,102,226,84,230,65,235,47,237,29,240,9,241,-9,241,-29,240,-47,237,-65,235,-84,230,-102,226,-119,219,-136,213,-152,204,-168,196,-183,187,-197,175,-211,165,-223,153,-234,140,-245,128,-255,113,-263,100,-270,84,-276,70,-281,55,-285,39,-287,24,-288,8,-288,-8,-287,-24,-285,-39,-281,-55,-276,-70,-270,-84,-263,-100,-255,-113,-245,-128,-234,-140,-223,-153,-211,-165,-197,-175,-183,-187,-168,-196,-152,-204,-103,-161,-288,-2140]]]
5799625	p	5809844
5396003	r	-119.0024,34.1776,-118.57,34.5505	[[[-1190024,345504,879,-2906,485,-184,0,47,-26,1,7,27,23,10,349,0,62,10,1,-10,-47,-39,-33,0,1,-12,18,1,-26,-23,-21,-100,47,-35,3,-9,67,-20,33,6,16,-4,25,7,26,-3,20,-29,26,7,15,-12,11,8,37,-16,21,4,46,-21,1,-26,8,-9,57,4,27,-10,32,0,31,11,36,-10,2,-8,-52,-77,13,3,554,-211,177,191,354,578,93,-34,75,8,62,40,20,-7,42,2,19,-6,27,5,37,-8,18,-11,1,-248,26,0,-16,-16,-155,11,-27,-110,-36,5,-8,-5,0,-36,-43,0,0,-69,61,0,-10,-37,-94,0,-1,-35,-50,0,-2,-111,95,-20,0,5,19,0,-1,-8,867,-184,0,374,-482,612,-68,-10,-35,-16,-50,-39,0,5,-53,-32,-24,1,-8,9,-18,0,-21,14,-3,10,-55,4,12,15,-5,6,-17,-4,-9,7,-19,-1,2,9,-33,39,16,8,0,29,42,0,0,73,-38,0,0,8,122,198,1,5,-200,255,-3381,2149]]]
5344994	p	5368361
5393015	p	5392171
8436486	p	5128581
4280539	r	-96.1402,38.6901,-95.3695,39.4099	[[[-961402,390487,9,-222,29,-235,49,-232,69,-229,87,-226,106,-220,125,-215,142,-207,159,-200,175,-192,191,-182,206,-172,220,-161,233,-149,245,-137,256,-125,265,-111,275,-97,281,-83,289,-68,293,-54,297,-38,300,-23,301,-8,301,8,300,23,297,38,293,54,213,50,110,394,1465,5237,126,450,-70,51,-233,149,-245,137,-256,125,-265,111,-275,97,-281,83,-289,68,-293,54,-297,38,-300,23,-301,8,-301,-8,-300,-23,-297,-38,-293,-54,-289,-68,-281,-83,-275,-97,-265,-111,-256,-125,-245,-137,-233,-149,-220,-161,-206,-172,-191,-182,-175,-192,-159,-200,-142,-207,-125,-215,-58,-120,-291,-1270]]]
4669635	r	-100.2117,32.0408,-99.2483,32.8592	[[[-1002117,324500,10,-268,31,-266,52,-264,71,-261,92,-256,111,-251,130,-244,148,-236,167,-228,183,-217,200,-207,216,-196,230,-183,244,-170,256,-156,268,-141,278,-126,287,-111,295,-94,301,-78,307,-61,311,-43,314,-27,315,-8,315,8,314,27,311,43,307,61,301,78,295,94,287,111,278,126,268,141,256,156,244,170,230,183,216,196,200,207,183,217,167,228,148,236,130,244,111,251,92,256,71,261,52,264,31,266,10,268,-10,268,-31,266,-52,264,-71,261,-92,256,-111,251,-130,244,-148,236,-167,228,-183,217,-200,207,-216,196,-230,183,-244,170,-256,156,-268,141,-278,126,-287,111,-295,94,-301,78,-307,61,-311,43,-314,27,-315,8,-315,-8,-314,-27,-311,-43,-307,-61,-301,-78,-295,-94,-287,-111,-278,-126,-268,-141,-256,-156,-244,-170,-230,-183,-216,-196,-200,-207,-183,-217,-167,-228,-148,-236,-130,-244,-111,-251,-92,-256,-71,-261,-52,-264,-31,-266,-10,-268]]]
5363748	p	5368361
5137849	p	5128581
5107129	p	5110629
5406222	r	-117.7089,34.4358,-117.0265,34.927	[[[-1177089,345089,2579,-149,1,-92,-177,2,0,-73,338,-1,2,-144,262,-2,-1,-72,-86,0,0,-46,130,-59,1,1,13,-7,48,-22,116,-67,0,20,146,-2,234,299,14,29,686,10,230,-5,13,1,2,100,-51,4,-9,-10,-5,9,-7,-3,-19,-8,7,-10,-30,-6,-24,-26,-8,3,0,20,-89,0,-1,57,142,-8,80,126,-33,54,-14,87,-12,20,-33,23,-20,33,-31,4,-52,24,-66,88,-56,44,23,17,25,5,1,285,-10,0,157,176,76,88,346,442,90,129,10,-20,434,-6,0,-166,1407,2236,1,0,44,70,-43,26,-260,133,-269,120,-278,104,-286,89,-292,74,-297,57,-301,42,-304,24,-305,9,-305,-9,-304,-24,-301,-42,-297,-57,-292,-74,-286,-89,-278,-104,-269,-120,-260,-133,-248,-148,-236,-160,-223,-173,-208,-185,-194,-196,-135,-156,-218,-739,-135,-1771],[-1173468,344862,0,18,76,-4,34,29,-48,-41,-62,-2]],[[-1172313,346030,11,0,1,-20,231,0,-2,360,-3,8,-86,1,-1,-147,-86,-2,-2,-144,-63,0,0,-56]]]
5405380	r	-122.4136,37.9829,-122.0844,38.2085	[[[-1224136,381325,30,13,141,194,450,-211,393,-185,8,-4,107,-50,190,-221,102,-116,106,-51,157,27,6,-2,136,-40,74,-22,65,-1,122,-4,16,-5,11,-4,10,-4,61,-21,3,-1,52,-3,53,34,184,-103,74,-111,157,-7,584,711,-496,463,2,-16,-50,17,-39,48,-68,20,-52,4,20,85,12,0,1,4,-13,12,-59,-2,-11,31,-28,37,20,7,-58,54,-65,-33,-21,15,36,11,25,30,-171,160,-2249,-214,-28,-546]],[[-1222922,380154,900,-321,93,-3,24,16,336,409,-117,25,-176,200,-174,54,-234,50,-227,-30,-145,-94,-114,-69,-14,-141,-152,-96]]]
4330145	r	-92.4012,29.8884,-91.6388,30.5516	[[[-924012,302200,8,-217,25,-216,40,-214,57,-211,72,-208,88,-203,103,-198,118,-191,131,-184,146,-177,158,-168,171,-158,182,-148,192,-138,203,-126,212,-115,220,-102,227,-90,234,-76,238,-63,243,-50,246,-35,249,-21,249,-7,249,7,249,21,246,35,243,50,238,63,234,76,227,90,220,102,212,115,203,126,192,138,182,148,171,158,158,168,146,177,131,184,118,191,103,198,88,203,72,208,57,211,40,214,25,216,8,217,-8,217,-25,216,-40,214,-57,211,-72,208,-88,203,-103,198,-118,191,-131,184,-146,177,-158,168,-171,158,-182,148,-192,138,-203,126,-212,115,-220,102,-227,90,-234,76,-238,63,-243,50,-246,35,-249,21,-249,7,-249,-7,-249,-21,-246,-35,-243,-50,-238,-63,-234,-76,-227,-90,-220,-102,-212,-115,-203,-126,-192,-138,-182,-148,-171,-158,-158,-168,-146,-177,-131,-184,-118,-191,-103,-198,-88,-203,-72,-208,-57,-211,-40,-214,-25,-216,-8,-217]]]
5336269	r	-122.2997,39.3838,-121.3803,40.0859	[[[-1222997,397300,10,-233,29,-232,49,-229,69,-227,87,-223,106,-218,124,-212,142,-206,159,-197,175,-190,191,-180,205,-170,220,-159,233,-148,244,-135,256,-123,265,-110,274,-96,281,-82,288,-68,131,-24,4439,1052,76,63,191,180,175,190,159,197,142,206,124,212,106,218,87,223,69,227,49,229,29,232,10,233,-10,233,-29,232,-49,229,-69,227,-87,223,-106,218,-124,212,-142,206,-159,197,-175,190,-191,180,-205,170,-220,159,-233,148,-244,135,-256,123,-265,110,-274,96,-281,82,-288,68,-293,53,-297,38,-299,23,-301,7,-301,-7,-299,-23,-297,-38,-293,-53,-288,-68,-281,-82,-274,-96,-265,-110,-256,-123,-244,-135,-233,-148,-220,-159,-205,-170,-191,-180,-175,-190,-159,-197,-142,-206,-124,-212,-106,-218,-87,-223,-69,-227,-49,-229,-29,-232,-10,-233]]]
4839745	p	4843564
4835797	r	-73.0123,41.5214,-72.2293,42.0066	[[[-730123,419631,1538,-2281,830,-210,135,18,10,-55,460,-117,1201,-687,832,-749,635,-336,66,22,220,89,211,98,203,109,192,119,182,128,171,136,158,145,145,152,131,159,118,165,103,170,87,175,73,179,56,182,41,185,24,186,8,187,-8,187,-24,186,-41,185,-56,182,-73,179,-87,175,-103,170,-118,165,-37,45,-4333,173,-2211,619,-148,-69,-205,-110,-194,-120,-183,-129,-9,-7]]]
5327684	p	5391959
4177887	r	-80.5298,26.6132,-80.0328,26.9834	[[[-805298,268749,3309,-1314,-17,-342,275,-7,0,-7,3,7,29,-1,0,-18,79,2,1,-15,18,-1,-1,33,55,-2,371,-895,848,-57,-17,1021,-60,311,-71,86,-8,83,-52,1,0,62,152,146,1,103,1,167,-124,452,-211,61,0,13,-51,2,-28,8,1,31,41,-1,3,90,39,-1,2,28,16,0,-8,25,-87,3,-468,4,-5,-12,-20,-6,0,-21,-161,47,7,129,-492,15,-15,0,-2958,855,-39,-65,-107,-212,-91,-217,-75,-222,-58,-226,-27,-143],[-801081,267651,125,-4,119,-4,-244,8]]]
5178127	r	-75.8643,40.3227,-75.357,40.8969	[[[-758643,406348,2950,-3055,60,-10,242,-31,245,-18,246,-7,246,7,245,18,242,31,240,42,235,55,122,35,-702,2678,29,34,51,36,-29,180,-17,17,-99,-18,-689,2627,-120,-3,-245,-18,-242,-31,-240,-42,-235,-55,-230,-66,-224,-78,-217,-88,-209,-100,-200,-109,-190,-119,-180,-129,-168,-137,-156,-145,-143,-153,-130,-160,-116,-165,-101,-172,-87,-176,-71,-180,-56,-183,-40,-185,-17,-127]]]
4257227	r	-87.9626,37.6605,-87.1802,38.2995	[[[-879626,379800,9,-209,26,-208,43,-206,59,-204,77,-200,93,-196,108,-190,125,-184,139,-178,153,-170,167,-161,180,-153,193,-143,203,-133,214,-121,224,-111,232,-98,240,-87,247,-73,252,-61,257,-47,260,-34,262,-21,263,-7,263,7,262,21,188,24,116,158,2838,3865,131,178,-79,165,-108,190,-125,184,-139,178,-153,170,-167,161,-180,153,-193,143,-203,133,-214,121,-224,111,-232,98,-240,87,-247,73,-252,61,-257,47,-260,34,-262,21,-263,7,-263,-7,-262,-21,-260,-34,-257,-47,-252,-61,-247,-73,-240,-87,-232,-98,-224,-111,-214,-121,-203,-133,-193,-143,-180,-153,-167,-161,-153,-170,-139,-178,-125,-184,-108,-190,-93,-196,-77,-200,-59,-204,-43,-206,-26,-208,-9,-209]]]
4167499	r	-81.0669,27.6019,-80.3548,28.4431	[[[-810669,278746,74,-174,137,-269,157,-261,176,-251,193,-240,211,-229,228,-215,242,-202,257,-188,271,-172,282,-156,293,-139,303,-122,312,-104,15,-5,3652,753,-1545,3042,-399,784,-1202,2368,-76,239,-295,530,-151,466,-131,-44,-244,-98,-236,-112,-48,-27,-1168,-927,-140,-174,-142,-202,-126,-210,-110,-216,-95,-223,-77,-228,-61,-231,-44,-235,-26,-236,-9,-238,9,-238,26,-236,44,-235,61,-231,77,-228,36,-83,-601,-153,-130,-650]],[[-807240,284288,44,-405,49,-185,145,-217,353,-955,151,-274,-17,148,-75,163,-90,196,-20,116,11,96,47,180,60,1224,8,33,-60,-6,-264,-38,-261,-54,-81,-22]],[[-806486,282227,79,-185,27,-108,15,-123,75,0,-30,93,-166,323]],[[-806199,282070,92,-421,96,-252,-10,-7,12,-25,10,0,193,-511,136,-220,454,-732,93,-351,300,-308,41,-71,32,-93,241,-415,-10,430,-804,1094,-210,428,-10,50,-23,109,-145,286,-211,1018,-46,547,25,215,-74,68,70,130,6,977,32,53,81,34,75,77,56,84,21,54,92,15,62,63,-44,6,-266,24,-196,5,-151,-638,-20,-1723]],[[-804509,278520,124,-215,286,-740,188,-291,23,-87,20,-120,90,-202,12,-73,218,45,-67,175,-404,629,-203,409,-76,409,-29,35,-28,23,-17,29,0,50,-74,-21,-28,-19,-35,-36]]]
5059163	r	-97.3937,46.4646,-96.1864,47.2954	[[[-973936,468800,13,-272,39,-270,64,-268,90,-265,114,-260,140,-255,163,-247,186,-240,208,-231,230,-221,251,-210,270,-198,288,-186,306,-172,321,-159,335,-143,348,-128,360,-113,370,-95,378,-79,384,-62,390,-44,393,-27,395,-9,395,9,393,27,390,44,384,62,378,79,370,95,360,113,348,128,335,143,321,159,306,172,288,186,270,198,251,210,230,221,208,231,186,240,163,247,140,255,114,260,90,265,64,268,39,270,13,272,-13,272,-39,270,-64,268,-90,265,-114,260,-140,255,-163,247,-186,240,-208,231,-230,221,-251,210,-270,198,-288,186,-306,172,-321,159,-335,143,-348,128,-360,113,-370,95,-378,79,-384,62,-390,44,-393,27,-395,9,-395,-9,-393,-27,-390,-44,-384,-62,-378,-79,-370,-95,-360,-113,-348,-128,-335,-143,-321,-159,-306,-172,-288,-186,-270,-198,-251,-210,-230,-221,-208,-231,-186,-240,-163,-247,-140,-255,-114,-260,-90,-265,-64,-268,-39,-270,-13,-272]]]
4151316	r	-82.8561,27.8062,-82.5618,28.3027	[[[-828561,278900,22,-197,93,-284,22,-134,132,-223,118,96,-14,24,37,140,85,-75,578,472,-5,4,10,0,27,22,0,36,-18,0,1,15,-44,-7,-56,13,10,0,13,15,17,-3,-2,9,13,9,46,2,0,10,19,0,0,11,-12,-1,0,5,12,1,0,7,23,2,6,0,71,-1,5,-10,-7,0,6,-5,-7,-10,11,-2,1,-8,7,6,4,5,5,10,-7,1,0,6,6,5,5,-8,5,0,-2,7,15,0,3,2,36,0,1,7,-17,-3,0,12,1,1,5,4,14,2,-11,1,1,1,8,0,0,6,93,76,2,-34,132,-1,-1,34,-45,0,9,51,13,33,39,1,2,9,18,-5,-1,8,-14,30,102,83,-103,37,0,15,26,28,-22,16,-22,-27,-34,29,-22,3,-5,-16,-27,-11,-60,21,162,169,245,62,-10,14,-30,104,30,3,-2,4,-29,-2,-18,62,-62,15,-1,12,26,11,-27,15,0,8,34,45,-73,252,101,164,-40,74,-27,87,108,-93,1184,1934,-14,16,-168,165,-185,149,-201,132,-141,75,-628,230,-148,33,-72,9,7,-44,-81,-141,-213,-280,-76,-282,-61,-133,-136,-131,-93,54,-45,-132,-12,-198,8,-135,52,-251,58,-151,94,-144,-89,-91,-28,-121,-13,-265,-75,-314,-71,-295,-200,0,-17,35,-39,33,4,17,-34,61,-18,66,-7,5,-69,0,-105,-825,90,0,-5,-7,-83,-104,-91,-172,-38,-182],[-828407,279007,22,175,71,169,8,11,2,3,81,-1,26,60,60,102,57,1,-61,-147,-158,-382,-14,0,-54,-9,-14,-50,-1,-2,-25,70],[-827521,278721,18,2,8,-4,-12,-3,-14,5],[-827174,278975,1,1,-1,0,9,6,1,-6,-10,-1],[-827085,279048,8,7,1,-7,-9,0]],[[-827040,278941,28,0,0,14,9,0,6,-15,34,-1,-1,16,-9,10,9,1,-1,9,-60,-2,-15,0,0,-32]]]
4391812	p	4393217
5640350	r	-109.0327,45.406,-107.9673,46.1541	[[[-1090327,457800,12,-245,34,-243,57,-242,79,-238,101,-234,123,-229,144,-223,164,-216,184,-208,203,-199,221,-189,239,-179,254,-167,269,-155,284,-143,296,-129,307,-115,318,-101,326,-87,333,-71,340,-55,344,-40,347,-24,348,-8,348,8,347,24,344,40,340,55,333,71,326,87,318,101,307,115,296,129,284,143,269,155,254,167,239,179,221,189,203,199,184,208,164,216,144,223,123,229,101,234,79,238,57,242,34,243,12,245,-12,245,-34,243,-57,242,-79,238,-101,234,-123,229,-144,223,-164,216,-184,208,-203,199,-221,189,-239,179,-254,167,-269,155,-284,143,-296,129,-307,115,-318,101,-326,87,-333,71,-340,55,-344,40,-347,24,-348,8,-348,-8,-347,-24,-344,-40,-340,-55,-333,-71,-326,-87,-318,-101,-307,-115,-296,-129,-284,-143,-269,-155,-254,-167,-239,-179,-221,-189,-203,-199,-184,-208,-164,-216,-144,-223,-123,-229,-101,-234,-79,-238,-57,-242,-34,-243,-12,-245]]]
4984247	r	-84.128,41.991,-83.5608,42.563	[[[-841280,422800,9,-189,25,-188,41,-187,58,-184,73,-181,90,-177,104,-172,120,-167,134,-161,148,-153,161,-146,174,-138,185,-130,196,-120,207,-110,215,-100,224,-89,231,-78,238,-67,243,-54,247,-43,251,-31,252,-19,254,-6,254,6,252,19,251,31,247,43,243,54,238,67,231,78,76,31,-684,3769,-1891,1622,-221,-39,-243,-54,-238,-67,-231,-78,-224,-89,-215,-100,-207,-110,-196,-120,-185,-130,-174,-138,-161,-146,-148,-153,-134,-161,-120,-167,-104,-172,-90,-177,-73,-181,-58,-184,-41,-187,-25,-188,-9,-189]]]
5345743	p	5368361
5120034	p	5128581
5443910	p	5419384
4724129	p	4671654
4499379	r	-78.3848,33.8783,-77.5688,34.6019	[[[-783848,342400,9,-237,28,-235,47,-234,64,-231,83,-226,100,-222,117,-216,135,-208,150,-201,166,-193,180,-183,195,-173,207,-162,220,-150,231,-138,242,-125,251,-112,1,0,26,-2,903,-213,170,-16,145,40,89,84,367,479,190,369,37,133,-10,344,19,165,66,139,-103,241,-106,715,3,279,63,0,4,-9,-1,-8,4,-3,2,-5,-6,1,-1,-37,15,-1,-4,-22,9,-35,-5,-9,-24,0,0,-12,1,-12,47,-5,-3,-14,10,-15,0,-19,11,2,-1,9,9,-1,3,-16,-19,4,26,-41,5,-24,21,-14,53,-148,191,-391,-80,-288,83,-788,-146,-296,0,-62,36,-74,-14,-89,-83,-184,309,277,180,538,187,1103,73,161,123,199,13,-1,-3,-6,7,3,43,72,59,58,196,260,-7,19,19,24,23,56,-8,21,13,19,-8,6,12,-4,14,31,47,48,-4,13,8,-7,28,25,107,106,29,42,20,13,-3,2,6,2,23,30,64,49,545,695,622,603,778,543,-2444,1584,-26,6,-277,54,-280,39,-284,23,-284,8,-284,-8,-284,-23,-280,-39,-277,-54,-273,-68,-266,-84,-259,-97,-251,-112,-242,-125,-231,-138,-220,-150,-207,-162,-195,-173,-180,-183,-166,-193,-150,-201,-135,-208,-117,-216,-100,-222,-83,-226,-64,-231,-47,-234,-28,-235,-9,-237],[-778192,342199,3,3,9,-1,-3,-7,-8,2,-1,3],[-778180,342203,0,7,1,0,4,-4,-5,-3],[-778177,342201,12,-1,-10,-4,-2,5],[-778173,342208,10,14,-6,-16,-4,2],[-778151,342197,3,-2,-1,-3,-2,5],[-778144,342189,2,3,2,-4,-4,1]],[[-780147,338823,79,-11,284,-23,233,-6,131,385,-213,-223,-67,-49,-97,86,-155,11,-149,-73,-46,-97]],[[-778744,340881,142,123,143,234,199,468,26,13,28,-3,19,11,-5,48,-250,-108,-124,-241,-74,-289,-104,-256]],[[-776342,343625,164,151,490,361,-31,48,-85,55,-343,-285,-195,-330]]]
6332428	p	5128581
5412199	p	5419384
4672989	r	-94.5168,29.8127,-93.6906,30.4531	[[[-945168,300900,9,-237,27,-237,44,-234,62,-232,79,-227,96,-222,113,-217,129,-209,144,-202,158,-193,174,-184,186,-173,199,-163,61,-43,6781,3448,-6,33,-62,232,-79,227,-96,222,-113,217,-129,209,-144,202,-158,193,-174,184,-186,173,-199,163,-211,150,-222,139,-231,125,-241,112,-248,98,-255,84,-261,69,-266,54,-269,39,-271,23,-273,8,-273,-8,-271,-23,-269,-39,-266,-54,-261,-69,-255,-84,-248,-98,-241,-112,-231,-125,-222,-139,-211,-150,-199,-163,-186,-173,-174,-184,-158,-193,-144,-202,-129,-209,-113,-217,-96,-222,-79,-227,-62,-232,-44,-234,-27,-237,-9,-237]]]
5780026	r	-112.049,39.8989,-111.2292,40.3746	[[[-1120490,400881,27,-45,132,-192,149,-184,164,-176,179,-167,193,-158,206,-148,218,-138,229,-126,239,-114,249,-103,257,-89,263,-76,270,-63,275,-49,278,-36,280,-21,282,-7,282,7,280,21,278,36,275,49,270,63,263,76,257,89,249,103,239,114,229,126,218,138,206,148,193,158,179,167,164,176,149,184,132,192,117,197,99,203,82,207,64,211,46,214,28,215,9,217,-9,217,-28,215,-46,214,-64,211,-82,207,-99,203,-106,179,-627,-171,-2993,-815,-8,20,-20,9,13,2,1,40,23,0,-1,150,-25,0,-1,34,-71,-1,0,52,-17,4,-1,11,-9,7,-1,26,-20,0,0,6,95,0,-2,38,187,4,1,36,-48,0,-1,36,-14,19,-38,1,23,16,0,9,-47,-7,-19,9,0,-3,-15,9,-12,0,-17,-2,-22,-9,-20,-37,-3,-1,-1,-2,-49,-22,0,-56,-58,-3,-1,-1,-16,-34,6,-35,-24,-1,-3,14,-12,3,-12,12,-7,-8,-55,-92,-3,-47,-11,-5,-16,-30,-1,-27,3,-4,21,-3,2,-13,0,-8,-17,-12,1,-61,13,-15,-12,0,-1,-36,8,0,4,-18,10,-5,1,-42,-21,2,2,-16,-14,0,-13,-20,-16,19,1,37,-14,-18,-6,-32,-20,-17,-9,-28,-20,-10,-81,2,-28,-22,-44,3,0,-16,-59,-2,-49,38,-179,1,-47,-2,1,-24,54,-62,-1708,-465,-1555,-1174],[-1116565,402945,31,0,2,-10,-32,1,-1,9]]]
4905687	r	-90.0892,40.3089,-89.1576,41.0711	[[[-900892,406900,10,-249,32,-248,54,-246,74,-243,95,-239,115,-233,135,-228,154,-220,172,-211,190,-203,208,-193,223,-182,238,-170,253,-159,265,-145,278,-131,288,-118,298,-103,305,-88,313,-72,318,-57,322,-40,325,-25,327,-8,327,8,325,25,322,40,318,57,297,68,915,1663,1820,3855,-1,1,-172,211,-190,203,-208,193,-223,182,-238,170,-253,159,-265,145,-278,131,-288,118,-298,103,-305,88,-313,72,-318,57,-322,40,-325,25,-327,8,-327,-8,-325,-25,-322,-40,-318,-57,-313,-72,-305,-88,-298,-103,-288,-118,-278,-131,-265,-145,-253,-159,-238,-170,-223,-182,-208,-193,-190,-203,-172,-211,-154,-220,-135,-228,-115,-233,-95,-239,-74,-243,-54,-246,-32,-248,-10,-249]]]
5334223	p	5378771
5527554	r	-102.7831,31.4967,-102.016,32.1971	[[[-1027831,318500,9,-231,26,-230,45,-228,61,-225,78,-222,96,-216,111,-210,128,-204,142,-197,158,-188,171,-178,185,-169,197,-158,209,-147,220,-134,230,-122,238,-109,246,-96,253,-81,259,-67,263,-53,267,-37,269,-23,270,-8,270,8,269,23,267,37,263,53,259,67,253,81,246,96,238,109,230,122,220,134,209,147,197,158,185,169,171,178,158,188,105,145,-2068,2541,-9,-2,-3,13,3,0,-91,112,-102,66,-12,36,-34,-21,-44,57,33,19,24,6,-1,4,-9,11,-40,-10,-14,47,-23,-6,-9,27,-16,-4,-61,-78,-62,200,68,17,-1834,2254,-42,-6,-263,-53,-259,-67,-253,-81,-246,-96,-238,-109,-230,-122,-220,-134,-209,-147,-197,-158,-185,-169,-171,-178,-158,-188,-142,-197,-128,-204,-111,-210,-96,-216,-78,-222,-61,-225,-45,-228,-26,-230,-9,-231]]]
4250542	r	-90.124,39.4257,-89.2711,40.1743	[[[-901240,398000,11,-245,31,-244,51,-241,72,-239,92,-234,112,-230,130,-223,150,-216,167,-208,184,-199,201,-189,217,-179,231,-167,245,-156,257,-143,269,-129,279,-115,289,-102,296,-86,303,-71,309,-56,312,-39,315,-24,317,-8,317,8,315,24,312,39,309,56,303,71,296,86,289,102,279,115,269,129,257,143,245,156,231,167,217,179,50,47,-347,3796,-122,1346,-7,78,-22,15,-245,156,-257,143,-269,129,-279,115,-289,102,-296,86,-303,71,-309,56,-312,39,-315,24,-317,8,-317,-8,-315,-24,-312,-39,-309,-56,-303,-71,-296,-86,-289,-102,-279,-115,-269,-129,-257,-143,-245,-156,-231,-167,-217,-179,-201,-189,-184,-199,-167,-208,-150,-216,-130,-223,-112,-230,-92,-234,-72,-239,-51,-241,-31,-244,-11,-245]]]
5343858	p	5368361
5116495	p	5128581
5339840	p	5358705
4164167	p	4164138
4903976	p	4905687
5347335	r	-122.1859,38.1138,-121.759,38.3422	[[[-1221859,382085,171,-160,-25,-30,-36,-11,21,-15,65,33,58,-54,-20,-7,28,-37,11,-31,59,2,13,-12,-1,-4,-12,0,-20,-85,52,-4,68,-20,39,-48,50,-17,-2,16,496,-463,182,5,-28,75,36,55,102,64,171,30,219,29,159,-23,82,-91,2226,965,105,64,-1455,420,125,94,-42,36,-11,1,-151,-108,-26,7,1,32,-113,1,-45,13,0,25,-22,0,-11,295,-28,-12,-29,-29,-54,1,22,45,-84,-41,-192,1,-5,-40,-51,0,-34,-16,5,-8,-23,-5,-3,-8,-31,-19,8,-14,-27,-14,-1,0,-342,99,-37,20,-32,0,-1160,335,-421,-1337]]]
4998830	r	-85.028,42.3838,-84.092,43.0761	[[[-850280,427300,10,-226,30,-226,34,-151,482,-463,1805,-1734,351,-338,177,-59,287,-80,293,-66,298,-51,302,-37,305,-22,306,-8,306,8,305,22,302,37,298,51,293,66,287,80,279,93,270,107,260,119,249,132,237,144,223,155,209,165,195,175,178,184,162,193,144,199,127,207,107,212,89,216,70,221,50,223,30,226,10,226,-10,226,-30,226,-50,223,-70,221,-89,216,-107,212,-127,207,-144,199,-162,193,-178,184,-195,175,-209,165,-223,155,-237,144,-249,132,-260,119,-270,107,-279,93,-287,80,-293,66,-298,51,-302,37,-305,22,-306,8,-306,-8,-305,-22,-302,-37,-298,-51,-293,-66,-287,-80,-279,-93,-270,-107,-260,-119,-249,-132,-237,-144,-223,-155,-209,-165,-195,-175,-178,-184,-162,-193,-144,-199,-127,-207,-107,-212,-89,-216,-70,-221,-50,-223,-30,-226,-10,-226]]]
5110918	p	5128581
5119167	p	5128581
5043473	r	-92.9754,43.6541,-91.9646,44.3859	[[[-929754,440200,10,-239,33,-239,54,-236,75,-233,96,-229,116,-224,137,-218,156,-212,174,-203,193,-195,210,-185,226,-174,241,-164,256,-152,269,-140,281,-126,292,-113,301,-99,309,-84,317,-70,322,-54,326,-39,329,-23,331,-8,331,8,329,23,326,39,322,54,317,70,309,84,301,99,292,113,281,126,269,140,256,152,241,164,226,174,210,185,193,195,174,203,156,212,137,218,116,224,96,229,75,233,54,236,33,239,10,239,-10,239,-33,239,-54,236,-75,233,-96,229,-116,224,-137,218,-156,212,-174,203,-193,195,-210,185,-226,174,-241,164,-256,152,-269,140,-281,126,-292,113,-301,99,-309,84,-317,70,-322,54,-326,39,-329,23,-331,8,-331,-8,-329,-23,-326,-39,-322,-54,-317,-70,-309,-84,-301,-99,-292,-113,-281,-126,-269,-140,-256,-152,-241,-164,-226,-174,-210,-185,-193,-195,-174,-203,-156,-212,-137,-218,-116,-224,-96,-229,-75,-233,-54,-236,-33,-239,-10,-239]]]
4890864	r	-88.7565,41.8985,-88.18,42.3988	[[[-887565,419950,2,-19,52,-232,71,-229,28,-69,508,-47,4065,-369,981,623,58,742,0,44,-6,4,-72,-8,5,39,-12,2,-2,-42,-39,0,0,24,-22,0,-17,-25,-66,3,-1,29,47,0,-1,32,47,3,6,39,13,1,9,18,1,14,-24,0,-1,11,93,-1,0,72,-188,-1,6,39,-14,0,6,9,50,2,32,-17,16,-2,18,50,-29,2,-24,-22,-65,1,14,73,-18,-73,-297,-1,0,-7,-48,0,6,53,-7,137,105,-32,219,-26,50,-14,-8,-29,26,58,0,-32,95,2,0,-33,97,-27,0,598,-867,1968,-309,703,-138,-4,-313,-23,-310,-38,-306,-54,-301,-68,-294,-83,-287,-97,-277,-110,-267,-124,-255,-137,-243,-150,-230,-160,-50,-40,-1176,-2633,-142,-317],[-882434,420490,0,126,50,0,1,-47,7,1,0,89,139,0,0,-9,11,0,2,-40,-35,-31,6,-7,-13,-5,-17,-24,46,1,7,33,67,-2,7,15,26,18,72,0,-98,-158,-61,0,-60,12,0,33,-15,-1,1,-30,-37,3,-12,1,0,19,-12,-2,-2,-17,-4,47,-20,-1,20,3,-9,52,-16,-3,-1,-38,-38,-1,1,-37,-13,0],[-882202,420651,14,3,29,-4,24,10,-20,-51,-36,10,1,10,-11,2,-1,20]]]
5784549	r	-112.3849,40.3502,-111.8362,40.6401	[[[-1123849,404813,42,-137,89,-223,107,-219,126,-212,144,-206,161,-199,108,-115,4506,1348,-233,593,-28,70,106,201,9,19,196,373,154,294,-936,0,7,-19,22,-3,-7,-11,11,-21,-5,-31,-23,-2,1,-13,-61,2,0,7,-35,-5,0,46,-48,-1,1,-36,-143,0,0,6,-18,-6,-170,0,-2,73,-61,0,0,-21,-30,-17,19,-35,-75,0,0,32,17,0,-1,25,18,0,0,16,16,0,0,14,-45,0,-30,-14,-108,0,6,15,-13,0,1,-15,-192,-1,1,-72,-192,-1,0,-72,-143,-1,-3,73,-100,1,0,-73,-49,2,1,-71,-95,-2,0,-72,105,-1,-6,-16,10,-49,-1,-16,-969,-462,-1533,-525,-629,-215],[-1119155,405848,28,28,-21,-22,-7,-6]]]
5359488	p	5368361
4094455	r	-88.1644,32.7093,-87.049,33.7107	[[[-881644,332100,13,-327,38,-326,64,-324,88,-319,113,-313,137,-307,160,-298,184,-289,205,-278,227,-267,246,-253,266,-239,284,-224,301,-208,316,-191,330,-173,343,-154,354,-135,364,-116,373,-95,378,-74,384,-54,387,-32,389,-11,389,11,387,32,384,54,378,74,373,95,364,116,354,135,343,154,330,173,316,191,301,208,284,224,266,239,246,253,227,267,205,278,63,98,-2162,5221,-1097,1732,-138,218,-275,70,-378,74,-384,54,-387,32,-389,11,-389,-11,-387,-32,-384,-54,-378,-74,-373,-95,-364,-116,-354,-135,-343,-154,-330,-173,-316,-191,-301,-208,-284,-224,-266,-239,-246,-253,-227,-267,-205,-278,-184,-289,-160,-298,-137,-307,-113,-313,-88,-319,-64,-324,-38,-326,-13,-327]]]
4722625	p	4684888
4942618	r	-71.6548,42.47,-71.1556,42.7432	[[[-716548,425231,256,-210,1769,-321,2216,450,751,477,-790,1005,-969,800,-3233,-2201]]]
4385018	p	4393217
5729485	p	5746545
5324200	r	-122.013,37.8785,-121.5635,38.262	[[[-1220130,380993,18,-31,217,-137,182,-76,163,43,467,-4,-78,-118,-49,-46,-78,-40,121,-57,185,5,157,37,152,77,55,59,157,20,157,-26,64,-11,209,-59,357,159,204,89,256,206,165,140,154,252,69,-3,-52,-234,-152,-182,-137,-128,-197,-140,-104,-28,-122,-38,-102,-35,-106,-73,-44,-93,-10,-87,65,-74,112,-56,254,-10,215,109,213,105,100,108,7,135,25,76,58,100,154,65,63,-16,66,-33,75,-18,50,20,76,88,47,23,231,2,37,-7,369,322,-251,717,-758,530,-946,-309,-105,-64,-2226,-965,27,-30,34,-145,-270,-114]],[[-1219870,380531,168,-300,-23,4,-68,-18,-8,-17,-18,-7,-15,4,-4,-11,-23,-15,0,-29,25,-24,50,1,0,-37,156,1,9,4,10,-17,0,-23,8,0,1,-36,22,0,1,-18,11,0,34,-60,-1,-48,28,0,15,-27,101,-59,0,-83,-7,-26,15,-26,30,1,-1,18,23,0,3,-116,280,-499,76,-68,35,-56,339,-159,572,499,176,-65,65,-11,13,110,-7,13,-13,1,-80,-7,-1,72,364,1,2,202,0,15,183,0,0,97,-95,102,326,285,-137,12,-281,83,-280,-39,-212,27,2,28,-135,-6,-53,18,-124,79,-70,-10,-47,-7,-32,6,-60,33,30,30,-41,76,-164,116,-68,-46,-111,-30,-69,-11,-193,-6,-87,7,-56,12,0,-33,-109,7,-480,86]],[[-1217231,380256,126,-35,157,26,15,-8,863,754,-101,-7,-70,-39,-4,-54,-132,-30,-229,6,-105,-30,-45,-84,-7,-84,-21,-101,-31,-87,-40,-36,-94,-13,-100,-82,-157,-31,-25,-65]]]
4931972	p	4930956
4471025	p	4469146
5089178	r	-71.9067,42.8762,-71.0331,43.2134	[[[-719067,429929,6,-149,30,-219,49,-218,67,-214,18,-42,5881,-325,556,341,1615,1726,513,548,-69,111,-141,195,-158,187,-174,179,-95,85,-8098,-2205]]]
5401395	r	-117.3678,33.3137,-116.7789,33.61	[[[-1173678,334006,9,-42,569,-287,2740,-540,2080,214,109,171,100,185,85,191,71,195,55,199,40,201,23,203,8,204,-2,64,-2582,1136,-11,0,-1034,-657,-3,8,-14,-11,20,57,-5,5,-85,-65,-28,26,-65,-49,-28,27,-93,-72,42,-65,-204,-156,-4,-2,-15,-12,-2,1,-1776,-1129]]]
5375911	r	-117.4213,33.4006,-117.0384,33.6415	[[[-1174213,335139,535,-1133,1776,1129,2,-1,15,12,4,2,204,156,-42,65,93,72,28,-27,65,49,28,-26,85,65,5,-5,-20,-57,14,11,3,-8,1034,657,-805,170,-43,0,0,10,-266,56,0,5,-25,0,-18,4,0,-3,-116,0,-7,73,-49,0,1,-145,-173,-1,-1,-48,-30,0,0,11,-101,1,-1,36,-43,1,0,-1,-173,0,-1,126,-1978,-1256]]]
5416541	p	5419384
5387428	p	5391959
5113779	p	5128581
5435464	r	-105.0548,37.8983,-104.1652,38.5901	[[[-1050548,382500,9,-230,29,-229,47,-227,66,-224,85,-220,102,-216,120,-210,138,-202,153,-196,170,-187,185,-178,199,-168,212,-157,225,-146,237,-134,247,-122,257,-108,265,-95,272,-81,279,-67,283,-52,287,-38,290,-22,291,-8,291,8,290,22,287,38,283,52,279,67,272,81,265,95,257,108,247,122,237,134,225,146,212,157,199,168,185,178,170,187,153,196,138,202,120,210,102,216,85,220,66,224,47,227,29,229,9,230,-9,230,-29,229,-47,227,-66,224,-85,220,-102,216,-120,210,-138,202,-153,196,-170,187,-185,178,-199,168,-212,157,-225,146,-237,134,-247,122,-257,108,-265,95,-272,81,-279,67,-22,4,-4387,-1009,-86,-73,-185,-178,-170,-187,-153,-196,-138,-202,-120,-210,-102,-216,-85,-220,-66,-224,-47,-227,-29,-229,-9,-230]]]
4718097	p	4699066
4845193	r	-73.3924,41.3915,-72.927,41.7885	[[[-733923,417060,1973,-3134,622,-11,188,57,1779,1059,91,697,-3733,2157,-91,-57,-188,-132,-176,-142,-163,-150,-150,-157,-136,-165,-16,-22]]]
5577592	r	-104.9074,40.0593,-104.2146,40.7937	[[[-1049074,403926,139,0,101,-1190,1672,-1658,1413,-424,198,-60,44,10,303,88,295,102,286,117,276,132,263,144,251,158,236,170,222,181,206,192,188,202,172,211,152,219,134,227,114,232,95,238,73,242,53,245,32,248,10,248,-10,248,-32,248,-53,245,-73,242,-95,238,-114,232,-134,227,-152,219,-172,211,-188,202,-206,192,-222,181,-236,170,-251,158,-263,144,-276,132,-286,117,-295,102,-303,88,-311,72,-315,56,-102,13,-675,-65,-2112,-2922,62,-733,-110,1,-4,-292],[-1049003,404119,17,0,0,-50,-17,0,0,50]]]
5407933	p	5368361
5503766	p	5506956
4589387	r	-80.525,32.6298,-79.5935,33.3194	[[[-805250,328500,11,-307,36,-306,59,-303,83,-299,105,-294,128,-287,150,-280,79,-126,290,106,3773,1370,1,13,-36,-12,-21,92,-133,21,4,51,-50,8,23,-29,-8,-6,-111,50,-15,0,-88,-9,-113,-32,-1,8,-9,-12,15,3,2,-15,-15,-2,-3,-9,-9,11,-4,-8,-3,9,-5,-9,-9,6,6,-15,13,-2,24,-22,6,10,5,-8,-60,-33,-17,6,-17,22,-19,2,-15,-8,-4,-37,-9,-5,-50,27,91,47,34,2,-15,34,-8,5,-12,-12,5,-15,15,2,-23,-14,-4,12,5,2,-19,41,-24,-12,-10,18,-41,-22,26,-14,3,-24,36,19,-3,-7,14,-21,-73,-38,-21,16,13,14,-15,-12,-8,3,-38,38,25,21,2,-1,-3,21,10,2,-1,12,-11,2,-5,11,-23,-11,-17,6,-8,14,1,22,-28,-7,5,13,22,1,11,14,-9,-2,-8,9,11,1,-11,2,-4,27,-3,-7,-6,4,4,-5,-8,7,-2,13,2,-6,10,2,-10,5,11,5,-13,-2,9,9,-10,-8,-5,8,7,0,-17,12,0,-4,-9,2,-19,27,11,3,-13,1,35,0,-38,4,42,-1,13,-21,-12,-7,17,-13,16,14,16,-10,-8,-6,18,-13,-7,-3,48,-76,51,35,7,-5,21,10,77,3,-3,-16,-13,1,-1,11,-62,-5,-73,-38,23,-35,21,5,-5,9,6,2,0,12,13,-11,8,3,4,-12,24,7,-8,19,41,16,-1,10,132,3,1,122,75,42,-205,140,-45,-105,-94,-37,-123,134,131,82,134,55,84,49,117,75,55,59,52,35,28,-23,60,49,12,4,27,-5,-16,33,89,-20,28,-32,1,0,21,-23,11,-40,-2,-2,11,-30,54,-77,-30,-5,-8,-6,-2,1,-6,-2,8,1,-25,-16,-5,3,9,5,-7,3,-26,-18,12,-3,-6,-4,20,-17,5,3,-4,-3,8,-7,8,4,-4,-6,19,-17,58,57,5,-10,15,-1,2,-1,2,0,4,0,1,-10,6,10,62,15,14,-3,13,-28,59,-57,97,-52,48,-39,-62,-45,7,-6,-6,-5,12,-2,-7,-5,11,-14,15,8,8,-11,22,8,26,-26,12,4,-7,34,37,-11,52,1,15,19,9,-4,5,-15,9,9,-17,49,30,13,60,9,-1,-15,6,18,49,0,22,39,9,-3,-19,-31,60,-4,-3,-15,7,14,27,-6,6,6,30,1,48,44,72,10,15,10,1,-1,66,-40,21,3,5,-4,-7,-9,12,6,1,-1,73,35,31,-32,11,-30,41,-11,51,-3,-4,95,16,63,-18,49,-19,21,-35,21,-125,25,-42,17,-20,12,-53,69,-33,109,-3,45,25,110,75,94,65,52,-23,30,5,8,76,21,95,14,6,27,-28,46,223,26,14,-14,10,2,8,-42,148,36,-5,13,10,37,14,-2,13,33,-6,7,4,20,-10,-2,-1,8,-90,-8,-10,-9,-11,5,3,-8,-10,7,0,-6,-10,2,1,-10,-19,8,5,-10,-12,-7,-11,4,3,14,8,-3,-9,4,-1,60,58,44,-1,-19,11,-6,-10,-9,10,-4,-25,-13,22,8,5,6,-10,4,8,1,2,9,-10,8,5,9,-2,-1,4,12,11,-1,-9,4,12,21,-4,25,-36,59,8,42,-19,12,-3,12,11,18,-19,28,19,-26,12,3,8,11,18,-5,3,-12,-8,-21,31,-10,-15,25,27,30,41,2,8,-11,-9,-15,4,-7,19,10,17,-4,6,5,-3,17,4,-2,16,16,9,-1,9,-18,10,24,40,9,3,6,2,-28,18,13,12,-19,19,5,-6,7,24,-21,26,5,11,-6,7,9,4,-8,12,1,5,-10,14,2,-1,-8,15,13,13,-3,6,7,42,-14,6,7,11,-24,64,-13,79,4,69,35,86,26,37,-1,62,25,35,3,36,44,20,6,21,-29,21,-13,16,-46,46,-62,-28,-33,-8,-20,2072,2414,-105,83,-281,195,-295,179,-309,163,-320,144,-331,127,-340,108,-347,90,-354,69,-359,50,-361,30,-363,10,-363,-10,-361,-30,-359,-50,-354,-69,-347,-90,-340,-108,-331,-127,-320,-144,-309,-163,-295,-179,-281,-195,-265,-210,-248,-224,-230,-237,-212,-250,-192,-261,-171,-271,-150,-280,-128,-287,-105,-294,-83,-299,-59,-303,-36,-306,-11,-307],[-801195,327804,80,27,51,28,6,-50,-10,0,-11,-12,-8,-24,-35,-17,-9,8,-16,-8,-8,5,1,9,-25,14,-16,20]],[[-801166,327989,17,-38,86,10,-17,41,-86,-13]],[[-801075,327932,125,29,110,3,3,5,22,-9,6,26,-12,2,-18,-13,-11,3,11,160,64,-2,-1,17,-24,1,-3,18,-21,3,-6,-11,-16,-1,-1,6,16,6,-23,4,-8,-13,-55,32,-84,-48,9,-13,37,21,15,-21,-17,-21,43,-9,15,-20,-20,-20,-8,-56,5,-5,-5,0,5,-15,-108,26,-3,-58,-42,-27]],[[-800606,328374,5,-5,6,7,19,-12,3,-6,-13,-21,-3,9,-7,-2,11,-12,-7,-9,4,-10,12,4,-8,17,5,7,5,-3,12,30,7,-3,-11,-23,5,6,4,-10,4,7,5,-2,-5,-9,16,-12,18,3,-1,21,-16,5,4,4,19,-6,0,-6,14,-1,7,6,-7,5,6,-2,14,14,-25,11,1,4,-11,-7,-11,6,5,12,-41,27,-9,-9,5,-14,-7,12,-34,-33],[-800536,328351,-2,-3,-3,1,2,3,3,-1]],[[-800587,328013,35,-10,-33,7,3,-9,24,-3,0,-11,14,3,8,-24,6,-1,-1,-7,-27,4,4,-8,-15,-4,3,-13,13,3,11,-5,2,14,19,0,0,6,24,3,2,7,-4,15,14,21,-25,7,0,-8,-18,0,0,-14,9,2,1,-11,5,2,-10,-9,1,11,-13,-1,4,18,-9,0,-11,15,6,3,7,-16,13,5,-7,3,-2,12,14,4,-2,4,-10,4,-15,-8,15,12,-26,5,-22,-10,-7,-18]],[[-800581,328264,9,-2,-4,-14,18,-7,17,35,33,-14,-1,-6,20,6,4,-5,-26,-4,-3,-12,24,-8,-2,-5,-10,-1,4,4,-15,6,-12,-4,9,11,-10,1,11,1,0,13,-21,-5,1,-14,-5,9,-9,-12,13,-10,-2,-14,8,3,-8,-4,9,1,5,-24,7,12,-6,12,14,10,30,-14,13,8,-15,7,6,0,0,8,-13,6,7,4,-4,6,4,3,21,-30,17,9,-9,-3,1,13,-11,-8,-7,3,23,8,-8,10,43,27,8,-8,12,4,-9,-8,8,-11,16,8,-7,2,6,4,5,-9,-18,-7,7,-10,12,6,-1,7,4,-6,10,6,3,13,-12,-5,-15,23,-17,-8,5,6,-15,29,3,-5,12,9,20,-29,6,9,24,-5,5,10,9,-2,19,13,-2,8,-14,-14,-1,8,-6,-5,-10,9,-14,-10,-4,6,16,6,-6,5,-29,-12,39,22,-18,-2,-23,10,-13,30,-30,-21,19,-19,-4,-3,-16,21,-8,-11,-10,-3,-8,9,-5,-4,11,-14,11,7,2,-5,-11,-4,5,-8,-8,-6,5,-7,-10,-8,-10,5,9,3,2,16,7,-1,-17,22,-5,-1,-3,10,-10,-21,21,-14,-4,-9,-27,9,-5,-7,-3,6,-18,-5,-29,-16,10,-12,-22,7,-23,-14,-1,-15]],[[-800564,327926,11,-4,3,5,-1,-8,-12,1,1,-6,21,-4,4,10,-1,-10,10,-2,4,7,-1,-7,6,6,-1,-7,14,4,0,-6,18,-3,11,10,24,-4,4,14,-19,2,-4,-5,1,8,14,2,13,-1,3,-20,7,15,12,-3,3,-8,5,20,20,6,-34,2,6,11,-13,5,4,8,-13,-5,-11,10,-3,-12,-7,1,7,17,7,-1,0,18,-21,-10,-12,6,2,-12,-11,6,2,-17,20,7,-2,-15,-18,7,-1,-16,26,-5,-1,-6,-43,5,-2,-11,20,-2,-2,-14,-12,0,8,11,-13,-11,-21,3,2,11,-24,3,-1,-7,-9,1]],[[-800522,328174,1,-5,5,-7,11,1,4,6,11,-3,3,-4,-7,-2,-8,7,1,-12,-8,-6,15,-8,10,21,2,-12,-9,-11,-13,2,9,-13,13,15,5,-3,-6,-15,17,24,-6,10,7,-3,10,13,7,29,-20,14,-8,-4,18,-5,-13,-30,-19,10,-3,-4,-15,1,2,-9,-4,9,-12,-6]],[[-800474,327796,46,17,-4,1,8,19,26,2,-4,12,-8,-4,1,8,10,0,3,-17,-20,-6,-2,-11,19,7,1,4,14,8,-5,11,6,2,-9,3,17,0,-1,7,-19,-3,-8,19,-12,11,-13,3,-4,-14,5,-3,-9,-11,19,-2,0,9,4,-11,-23,-8,4,-12,-11,2,-8,-31,-20,3,-3,-7,0,-8]],[[-800366,328057,10,2,18,-38,6,1,-8,19,7,1,6,-20,17,2,18,-12,-3,19,11,2,-4,3,14,1,-1,-10,5,1,-1,6,18,10,-3,5,11,-1,29,16,4,-9,18,16,-10,-1,3,6,15,0,2,7,23,14,-23,0,0,-9,-23,-10,19,11,-7,-2,-1,8,-11,-1,-1,-6,-4,11,-7,-1,-7,-8,8,-7,5,4,5,-13,-43,-8,-5,-5,-1,7,22,7,-24,20,3,7,-6,-7,-10,10,-41,-35,-22,12,48,38,-4,-12,10,7,10,15,-36,28,-8,-5,-5,6,-14,-15,13,12,7,-22,7,6,9,-10,-45,-37,-23,-32,0,-4]],[[-800294,327955,1,-10,1,-10,11,1,-6,6,14,18,8,0,8,-3,2,-17,22,-7,-21,2,8,-11,-14,-7,-1,10,-16,-7,0,11,-10,-1,1,-13,15,0,1,-8,-9,1,4,-31,28,1,0,-1,21,7,-6,12,10,-1,-3,-10,19,7,0,1,-37,8,0,6,37,-8,-31,11,2,5,15,-7,5,9,-9,-2,-4,12,11,-2,11,17,11,-6,-5,-8,12,-6,17,24,-6,5,10,1,-7,2,4,10,-14,3,-4,-6,-15,1,9,-15,-7,4,-1,-6,-33,0,-2,-5,1,8,33,0,-1,22,-4,8,-7,-2,4,-8,-13,-4,2,5,-3,0,-8,11,-14,4,-1,-15,-3,12,-12,5,-7,-4,9,-16,-23,-2,2,-9,-12,-2]],[[-800199,327986,8,-22,1,25,11,1,-11,8,9,5,24,-20,4,21,9,-2,-2,-12,9,-1,0,-7,24,1,4,-13,7,4,-6,11,-9,2,10,0,1,5,-37,5,1,5,18,0,2,12,-11,2,-6,-6,4,8,16,1,18,-4,-10,-16,14,-2,-1,-5,8,-2,3,-18,5,31,2,-12,15,-3,-6,6,2,6,6,-4,-6,17,-14,-3,1,8,12,-3,-5,15,-14,-2,1,-5,-20,2,13,-5,-2,-5,-16,6,1,5,20,9,-27,-8,-2,8,32,2,-5,6,5,1,3,-7,8,2,-9,23,-8,-15,-12,10,-1,-7,-4,4,-9,-6,3,-7,-10,2,5,-8,-7,-6,-9,5,-6,-5,11,-7,-9,-2,-1,-11,-9,2,5,11,-11,5,14,8,-21,1,5,-16,-14,-8,6,-5,-27,-8,3,-7,-6,-6]],[[-799608,328786,24,-63,10,-52,30,-58,105,-10,64,-18,0,35,7,-3,-29,38,-13,64,-12,21,7,24,-9,2,2,11,-11,-1,0,6,26,52,13,-14,21,15,54,-28,9,9,10,51,-11,23,15,14,-13,40,5,5,55,-16,44,56,31,22,-17,9,-11,-3,-102,68,-38,-10,-53,-2,-88,-48,-78,-87,-24,-47,-23,-105]],[[-799378,328730,4,-21,34,0,0,-7,20,-7,1,-15,30,5,18,-22,8,0,12,-25,23,-5,3,13,18,13,-11,8,-3,62,-72,35,-29,0,-2,-8,33,-6,-2,-6,-40,2,11,39,-19,1,3,-5,-30,-35,18,-4,-2,-5,-17,4,-9,-11]],[[-799306,328815,61,-7,32,-42,11,10,18,-4,10,9,9,-6,6,13,-10,15,-15,8,8,-1,-12,31,47,27,36,47,30,0,5,14,-13,0,-9,8,-15,23,4,4,-53,56,-10,-7,12,-11,-8,-7,-12,11,-26,-20,-83,-101,64,-1,0,37,25,-5,-21,17,9,7,10,-7,11,10,43,-37,-43,-36,-38,2,1,6,-69,0,-15,-63],[-799199,328818,4,3,2,-6,-6,3]],[[-799281,329077,78,-59,12,6,19,-11,14,10,-25,25,-22,47,-35,21,-5,-14,-36,-25]],[[-798932,329229,7,-14,37,-11,9,5,80,-49,71,65,-42,-16,-35,46,-127,-26]],[[-798779,329521,15,-1,192,4,47,22,-17,25,-20,-11,-12,-24,-17,16,-13,-3,-25,7,-2,13,-60,0,-31,-5,-40,-19,-17,-24]],[[-798738,328682,2,0,69,81,-28,3,-25,-4,-16,7,-2,-87]],[[-798622,329270,46,-63,26,11,20,-31,7,4,-8,14,8,4,53,-74,5,2,19,-23,-2,-38,13,-42,196,228,-1,14,3,-12,77,89,-15,7,2,6,21,-3,3,4,-17,18,27,7,-16,18,-101,-75,-79,97,-31,-11,48,-83,-23,-4,27,-15,-4,-9,10,-1,0,-6,17,0,1,-24,24,4,0,23,16,0,-10,-2,-3,-11,14,-6,3,16,8,-6,4,4,-5,-22,-20,4,-4,7,8,-21,-45,11,-20,-5,-29,-17,12,13,-23,4,-12,-5,-3,-9,5,-8,5,4,8,-7,5,5,-13,-22,-25,21,-35,-18,-16,10,9,7,-31,54,-13,-5,15,-58,-22,-13,-3,-17,46,-49,7,-11,-5,-5,-86,95,7,0,-30,56,-75,-30]]]
5793933	r	-122.8725,47.8286,-121.6538,48.4043	[[[-1228725,481137,825,-334,-20,26,6,138,69,62,246,93,89,47,-755,137,-298,-60,-120,-53,-42,-56]],[[-1227409,480744,34,-154,194,-78,-22,36,-27,214,-63,68,-96,-5,-20,-81]],[[-1227293,480967,173,-131,104,-192,-4,-152,-96,-6,368,-149,-23,150,-98,245,-143,244,-80,46,-97,0,-104,-55]],[[-1226787,481629,103,-123,240,108,214,19,158,-95,70,-237,-103,-388,-44,-164,51,-144,176,-184,-11,-167,131,-205,169,-163,503,-203,59,26,186,142,124,18,156,-90,108,-184,53,-190,656,-265,3,7,49,45,184,228,57,40,27,46,-39,103,-87,157,-61,231,-156,161,-789,377,-170,118,-26,23,-136,121,-208,111,-100,-114,2,-38,9,-185,127,-219,-118,-233,-135,-60,-111,111,-80,491,-11,153,-30,399,-123,449,-96,223,-149,169,-214,67,-114,22,-132,55,-105,-132,-142,-211,-121,-217,-4,-9]],[[-1225667,482900,46,-38,157,-48,155,24,133,102,16,280,-3,2,-107,-59,-251,-159,-146,-104]],[[-1225339,482497,27,-298,-21,-238,72,-251,157,-236,207,-170,841,-426,92,-63,190,-213,114,-63,180,4,-211,314,-150,158,-157,67,-148,43,-175,100,-160,117,-98,94,-78,155,-38,180,29,149,205,102,-29,206,48,96,83,22,75,-25,65,-41,50,-25,413,-123,99,-226,-20,-310,54,-371,221,-325,325,-246,686,-385,-230,-58,-290,-279,0,-346,-16,-13,-200,-101,-77,-51,-41,-80,-1,-97,-96,-139,-24,-136,1674,-677,311,-6,3013,494,1795,403,-1641,298,1329,-242,68,123,100,221,78,226,56,229,34,230,11,232,-11,232,-34,230,-56,229,-78,226,-100,221,-121,217,-142,211,-163,205,-181,197,-201,188,-219,179,-235,169,-251,159,-266,147,-280,135,-293,122,-304,109,-313,96,-322,82,-330,67,-335,53,-340,37,-343,23,-344,8,-344,-8,-343,-23,-340,-37,-335,-53,-330,-67,-322,-82,-313,-96,-304,-109,-200,-83,80,-59,297,-123,336,-204,59,-60,41,-70,24,-108,41,-53,-153,-205,-31,-102,47,-102,-118,-45,-89,61,-87,101,-115,76,-160,20,-193,-11,-336,-71,-351,-32],[-1222364,480275,148,107,141,-7,57,-38,28,-9,-232,-17,-142,-36]]]
4682464	r	-96.7832,30.2625,-95.9058,31.0279	[[[-967832,306700,8,-234,27,-233,44,-231,61,-228,79,-224,95,-219,112,-214,127,-206,143,-199,157,-190,138,-145,-49,-31,63,-88,161,-195,176,-186,190,-176,203,-164,214,-153,226,-140,236,-127,245,-113,252,-100,260,-84,266,-70,270,-55,274,-39,277,-23,277,-8,277,8,277,23,274,39,270,55,266,70,260,84,252,100,245,113,236,127,226,140,214,153,203,164,190,176,176,186,161,195,147,204,131,212,115,220,97,225,81,230,63,234,45,237,27,240,9,240,-9,240,-27,240,-45,237,-63,234,-81,230,-97,225,-115,220,-131,212,-147,204,-161,195,-135,143,-130,-82,-65,90,-157,190,-172,182,-185,170,-197,160,-209,149,-220,136,-230,124,-238,111,-247,96,-253,83,-258,68,-264,53,-267,38,-269,23,-270,8,-270,-8,-269,-23,-267,-38,-264,-53,-258,-68,-253,-83,-247,-96,-238,-111,-230,-124,-220,-136,-209,-149,-197,-160,-185,-170,-172,-182,-157,-190,-143,-199,-127,-206,-112,-214,-95,-219,-79,-224,-61,-228,-44,-231,-27,-233,-8,-234]]]
4169014	r	-80.203,26.1789,-80.0798,26.3279	[[[-802030,263279,12,-537,68,-1,25,0,1,-294,-25,-1,3,-91,21,1,0,-14,19,-5,1,-29,-18,-1,1,-159,-28,-33,0,-17,-6,-7,92,6,32,-6,65,1,30,7,255,9,2,11,92,-27,-33,-27,-16,-1,-22,-10,-7,-16,-17,-2,-2,-6,13,2,2,-19,-13,-13,-6,17,-5,0,-2,-27,-17,-33,-18,-77,-22,3,-4,-5,1,-32,41,-23,318,-34,-1,21,8,26,-34,-1,-1,38,-21,-1,0,19,-21,-1,0,10,-30,0,-1,27,-21,-1,-3,109,-30,-1,0,-7,-20,-1,0,9,-19,0,-8,25,22,28,34,-28,38,1,98,27,6,18,100,3,1,-12,58,1,0,19,58,0,-40,-148,-10,-147,79,1,127,752,0,1,15,5,-11,19,26,152,-174,28,29,197,-116,-2,-5,-38,-17,0,-52,-185,-448,-5,-1,8,22,0,0,7,36,0,-4,129,-157,-1,-6,172,-10,7,-6,210,-195,0,-5,-51,20,4,0,-12,-10,0,0,-7,-3,0,-32,24,-2,9,8,-1,0,5,-87,0,0,11,-13,0,-4,18],[-801946,263247,9,0,0,-7,-9,7],[-801865,263251,21,-8,0,-11,-19,0,-2,19],[-801844,263231,15,1,-5,-22,10,-15,-20,0,0,36],[-801803,263250,9,0,0,-18,-9,0,0,18],[-801788,263213,3,19,11,0,1,-19,-15,0],[-801490,261979,4,6,4,5,8,-14,-16,3]]]
12541728	r	-85.2229,33.1263,-84.2698,33.875	[[[-852228,335900,11,-303,36,-302,59,-300,82,-295,105,-290,127,-284,150,-277,170,-267,191,-258,211,-247,229,-234,248,-222,264,-207,279,-192,295,-177,307,-160,319,-143,329,-126,339,-106,346,-89,352,-68,357,-50,360,-30,362,-10,362,10,360,30,357,50,352,68,346,89,339,106,329,126,319,143,307,160,295,177,279,192,264,207,93,84,-650,1824,-1511,1680,-1,6,10,3,-1,5,-12,0,-6,58,14,-9,2,18,12,0,4,-77,4,18,46,5,-2,71,15,0,1,25,-29,1,-2,-5,-5,5,-56,0,-9,-14,-16,0,-7,14,-11,0,5,-11,-59,3,-206,228,-24,5,-18,-3,-8,1,-1,11,-40,0,0,2,0,20,-28,3,1,10,-7,1,7,23,28,15,-1,90,-97,1,0,74,-100,2,3,128,-22,1,2,39,22,-1,-5,25,5,16,-13,-5,13,16,4,33,-8,33,94,-4,-4,-29,12,0,2,63,-14,33,9,1,2,16,-8,73,-11,17,5,5,-24,4,5,-18,-6,-32,-42,0,1,-20,-72,0,-2,82,110,-1,-13,52,54,12,78,-20,2,18,0,-19,9,-4,-4,-60,30,-4,0,-16,12,0,2,16,-1,-37,38,0,4,-15,11,15,37,0,-2,-22,62,-6,-3,-23,-65,4,-16,-35,40,-1,-1,-6,64,-2,1,33,5,5,14,-5,4,6,-15,7,-9,-6,3,61,52,-1,41,-14,1,34,-43,0,-2,-11,-14,0,1,77,-37,0,1,78,-27,2,-7,-23,3,-52,-48,-30,-7,-26,-30,32,-3,17,-35,1,-2,-26,-1,12,-23,-1,-2,15,-2,-12,-4,3,3,17,-16,11,4,43,-16,6,-86,2,3,60,-22,0,0,19,-28,18,7,10,15,0,21,20,10,1,0,65,101,-1,1,49,95,-1,0,27,-75,2,-166,45,-58,-27,-94,-60,-182,-153,-23,-14,-32,-10,-49,-74,-20,-47,-25,28,-2240,785,-2942,623,-27,-27,-211,-247,-191,-258,-170,-267,-150,-277,-127,-284,-105,-290,-82,-295,-59,-300,-36,-302,-11,-303]]]
5377995	p	5368361
5574991	r	-105.6904,39.7463,-105.1149,40.3032	[[[-1056904,400200,9,-212,27,-211,45,-209,62,-207,80,-203,97,-198,114,-194,129,-187,146,-180,160,-172,174,-164,188,-155,201,-145,213,-134,223,-124,88,-42,2186,1137,71,81,0,20,-162,0,1,-70,-26,-6,-20,5,11,8,-59,16,-25,14,36,32,0,60,-84,0,-2,76,13,-13,47,-4,39,-26,21,1,1,37,111,15,0,7,29,-5,-2,64,20,-59,-14,-22,3,-27,-18,-11,-38,8,-19,-3,-11,-16,9,-12,6,1,-11,10,11,1,0,6,78,-15,99,-42,1498,1714,-3592,2587,-61,-25,-234,-112,-223,-124,-213,-134,-201,-145,-188,-155,-174,-164,-160,-172,-146,-180,-129,-187,-114,-194,-97,-198,-80,-203,-62,-207,-45,-209,-27,-211,-9,-212]]]
4531405	p	4553433
5341430	p	5391959
4221333	p	4180439
5331835	p	5368361
5254962	r	-88.4824,44.1653,-87.5249,44.8754	[[[-884824,446465,568,-555,4354,-4257,26,1,322,22,320,38,315,53,310,68,304,81,295,96,286,110,275,123,263,135,250,148,237,159,221,170,206,179,189,189,171,198,152,205,134,212,114,218,94,222,74,227,53,229,31,232,11,232,-11,232,-31,232,-53,229,-74,227,-94,222,-114,218,-134,212,-152,205,-171,198,-189,189,-206,179,-221,170,-237,159,-250,148,-263,135,-275,123,-286,110,-295,96,-304,81,-310,68,-315,53,-320,38,-322,22,-324,8,-324,-8,-322,-22,-320,-38,-315,-53,-310,-68,-304,-81,-295,-96,-286,-110,-275,-123,-263,-135,-250,-148,-237,-159,-221,-170,-206,-179,-189,-189,-171,-198,-152,-205,-134,-212,-50,-95]]]
5393180	r	-120.6941,34.649,-120.0752,35.251	[[[-1206941,351658,151,-127,78,-29,126,3,57,-63,80,-48,92,-308,50,-347,-30,-388,-87,-342,-238,-691,-66,-243,52,-87,126,24,104,-61,44,-159,76,-78,104,-41,66,-93,-18,-144,-18,-244,-107,-373,-103,-234,126,-150,106,-178,139,-209,-26,-228,44,-20,217,-81,223,-69,229,-58,232,-44,236,-32,237,-20,239,-6,239,6,237,20,236,32,232,44,229,58,223,69,217,81,211,93,203,104,194,115,184,125,174,134,164,144,151,152,139,161,126,167,113,174,98,179,84,184,70,189,54,192,39,194,23,196,8,197,-8,197,-23,196,-39,194,-54,192,-70,189,-84,184,-98,179,-113,174,-126,167,-139,161,-151,152,-164,144,-174,134,-184,125,-194,115,-203,104,-211,93,-217,81,-223,69,-229,58,-232,44,-236,32,-237,20,-239,6,-239,-6,-237,-20,-236,-32,-232,-44,-229,-58,-223,-69,-217,-81,-211,-93,-203,-104,-194,-115,-184,-125,-136,-105]]]
5404794	p	5368361
4741752	r	-98.9038,33.5643,-98.0762,34.2557	[[[-989038,339100,9,-226,27,-225,44,-223,61,-221,79,-216,95,-212,112,-206,128,-200,143,-192,157,-184,172,-174,185,-166,198,-154,209,-144,220,-132,230,-119,239,-107,247,-93,253,-80,259,-65,264,-52,267,-37,269,-22,271,-7,271,7,269,22,267,37,264,52,259,65,253,80,247,93,239,107,230,119,220,132,209,144,198,154,185,166,172,174,157,184,143,192,128,200,112,206,95,212,79,216,61,221,44,223,27,225,9,226,-9,226,-27,225,-44,223,-61,221,-79,216,-95,212,-112,206,-128,200,-143,192,-157,184,-172,174,-185,166,-198,154,-209,144,-220,132,-230,119,-239,107,-247,93,-253,80,-259,65,-264,52,-267,37,-269,22,-271,7,-271,-7,-269,-22,-267,-37,-264,-52,-259,-65,-253,-80,-247,-93,-239,-107,-230,-119,-220,-132,-209,-144,-198,-154,-185,-166,-172,-174,-157,-184,-143,-192,-128,-200,-112,-206,-95,-212,-79,-216,-61,-221,-44,-223,-27,-225,-9,-226]]]
4161438	r	-82.2436,27.6633,-81.6147,28.4171	[[[-822436,282570,953,-2057,923,-1995,217,-469,996,-1416,125,4,276,24,274,40,270,56,266,72,260,87,253,102,245,116,236,130,226,144,214,156,203,169,190,180,162,176,-1485,4625,-217,280,0,1,-767,992,-222,136,-108,16,-276,24,-278,8,-278,-8,-276,-24,-274,-40,-270,-56,-117,-31,-1721,-1442]]]
5338122	p	5350937
4706057	r	-97.2334,32.8785,-96.8597,33.1782	[[[-972334,329547,451,-429,16,-1,1,-16,264,-251,604,0,0,-35,587,-8,17,6,6,-27,57,-1,0,55,50,1,-2,110,-42,0,4,488,151,-7,40,-31,112,-129,46,-35,35,-12,1,33,22,-1,0,55,-22,1,1,130,19,0,0,35,47,5,5,4,0,1,-33,196,282,179,28,-6,-1,24,11,7,0,3,6,0,40,26,1,-10,60,2,-28,4,0,2,-2,0,2,3,0,6,15,18,-103,65,9,6,41,0,-3,23,92,-3,1,16,49,-1,-36,16,-26,0,-41,-14,-1,0,-1,1,-11,10,-3,2,26,37,1,1,-1,1,-21,38,1,4,7,29,3,12,1,0,7,-1,30,-2,19,26,-7,23,7,23,1,81,0,1,83,5,-1,56,49,-2,1,16,47,-2,1,-34,78,0,-1,-15,82,-1,1,0,-9,-39,-12,-4,-1,-7,-32,-5,-10,-21,-9,0,3,-10,180,-1,1,-32,36,1,3,1,4,29,23,0,0,19,55,0,-2,154,-31,1,-22,12,1,82,55,0,-1,-58,-20,-7,2,-19,9,0,0,-6,24,-1,0,25,25,4,5,-28,6,0,-4,19,5,2,32,0,0,-14,13,1,0,27,24,0,8,10,2,21,16,9,25,-34,36,15,5,7,-4,4,8,4,4,32,14,-8,3,-46,4,-6,2,0,29,18,-93,102,26,1,5,48,-53,-1,0,37,-60,5,-1,-1,-1001,1081,-1054,-551,218,-508,31,-7,122,-1,2,0,10,-5,-1,-287,86,0,-7,-215,15,0,0,-43,12,1,0,-31,63,0,-5,-145,-2,-56,1,-41,-20,0,-1,-46,-346,-1,-7,-2,1,-20,-7,0,0,-6,-15,0,3,21,-7,7,-335,2,0,5,-72,2,-3,44,-150,-1,0,-21,-6,-27,-6,0,1,-64,-17,2,0,-14,12,0,0,-12,-12,0,0,-10,12,-9,-12,-1,0,-24,11,-4,-11,0,0,-5,77,0,-1141,-162],[-970266,329850,7,20,12,8,11,-27,-30,-1]]]
4738214	r	-95.7298,31.9844,-94.9179,32.7156	[[[-957298,323500,9,-239,28,-238,45,-236,64,-233,82,-229,99,-224,116,-218,133,-211,148,-203,164,-194,178,-185,193,-175,205,-164,217,-151,229,-140,239,-126,248,-113,256,-98,263,-85,270,-69,273,-55,278,-38,280,-24,281,-8,281,8,280,24,278,38,273,55,270,69,263,85,256,98,248,113,239,126,229,140,217,151,205,164,193,175,178,185,164,194,148,203,99,157,-49,116,-1,1,-1867,4429,0,1,-202,480,-57,21,-263,85,-270,69,-273,55,-278,38,-280,24,-281,8,-281,-8,-280,-24,-278,-38,-273,-55,-270,-69,-263,-85,-256,-98,-248,-113,-239,-126,-229,-140,-217,-151,-205,-164,-193,-175,-178,-185,-164,-194,-148,-203,-133,-211,-116,-218,-99,-224,-82,-229,-64,-233,-45,-236,-28,-238,-9,-239]]]
5345529	p	5391811
5392423	p	5391959
4148757	p	4174757
5387288	p	5349755
4853423	r	-91.0409,41.1726,-90.1191,41.8675	[[[-910409,415200,10,-227,30,-226,49,-225,68,-221,88,-218,106,-212,125,-208,142,-200,159,-193,176,-185,191,-176,206,-166,220,-155,233,-144,246,-133,256,-120,266,-107,274,-94,283,-80,288,-66,294,-51,297,-37,301,-23,301,-7,301,7,301,23,297,37,294,51,288,66,283,80,274,94,266,107,256,120,246,133,233,144,220,155,206,166,191,176,176,185,159,193,142,200,125,208,106,212,88,218,68,221,49,225,30,226,10,227,-10,227,-30,226,-49,225,-68,221,-88,218,-106,212,-125,208,-142,200,-159,193,-176,185,-191,176,-206,166,-220,155,-233,144,-246,133,-256,120,-266,107,-274,94,-283,80,-288,66,-294,51,-297,37,-301,23,-301,7,-301,-7,-301,-23,-297,-37,-294,-51,-288,-66,-283,-80,-274,-94,-266,-107,-256,-120,-246,-133,-233,-144,-220,-155,-206,-166,-191,-176,-176,-185,-159,-193,-142,-200,-125,-208,-106,-212,-88,-218,-68,-221,-49,-225,-30,-226,-10,-227]]]
5097529	p	5128581
5731371	p	5746545
5475352	r	-107.2488,31.934,-106.3112,32.7089	[[[-1072488,323100,10,-261,30,-260,50,-257,69,-255,89,-249,108,-245,127,-237,145,-231,162,-221,178,-213,195,-201,210,-191,224,-178,237,-166,249,-152,261,-138,270,-123,280,-108,231,-74,5718,1916,50,80,127,237,108,245,89,249,69,255,50,257,30,260,10,261,-10,261,-30,260,-50,257,-69,255,-89,249,-108,245,-127,237,-145,231,-162,221,-178,213,-195,201,-210,191,-224,178,-237,166,-249,152,-261,138,-270,123,-280,108,-287,92,-294,75,-298,60,-303,42,-305,26,-307,8,-307,-8,-305,-26,-303,-42,-298,-60,-294,-75,-287,-92,-280,-108,-270,-123,-261,-138,-249,-152,-237,-166,-224,-178,-210,-191,-195,-201,-178,-213,-162,-221,-145,-231,-127,-237,-108,-245,-89,-249,-69,-255,-50,-257,-30,-260,-10,-261]]]
4926563	r	-86.6905,41.3488,-86.115,42.0112	[[[-866905,416800,10,-217,28,-215,47,-214,65,-211,84,-208,102,-202,118,-198,136,-191,153,-184,167,-176,183,-168,197,-158,211,-148,223,-138,234,-126,245,-114,254,-103,262,-89,270,-76,276,-63,281,-49,284,-36,287,-21,288,-7,288,7,287,21,284,36,281,49,210,48,0,6302,-210,48,-281,49,-284,36,-287,21,-288,7,-288,-7,-287,-21,-284,-36,-281,-49,-276,-63,-270,-76,-262,-89,-254,-103,-245,-114,-234,-126,-223,-138,-211,-148,-197,-158,-183,-168,-167,-176,-153,-184,-136,-191,-118,-198,-102,-202,-84,-208,-65,-211,-47,-214,-28,-215,-10,-217]]]
5106834	r	-74.1767,42.3053,-73.2945,42.9529	[[[-741767,424964,136,-187,161,-192,177,-183,193,-175,209,-164,222,-154,235,-144,248,-131,259,-119,268,-106,278,-93,285,-80,291,-65,297,-52,300,-36,304,-22,304,-8,304,8,304,22,300,36,297,52,291,65,285,80,278,93,268,106,259,119,248,131,235,144,222,154,209,164,193,175,177,183,161,192,144,198,125,206,108,211,88,216,69,220,50,222,30,225,10,225,-10,225,-30,225,-50,222,-69,220,-88,216,-108,211,-125,206,-144,198,-161,192,-177,183,-193,175,-209,164,-222,154,-235,144,-248,131,-259,119,-110,44,-501,-358,0,-1,-2765,-1977,-48,28,-239,-84,-4,-13,-21,-4,-12,-10,31,-11,-33,-28,108,-33,-2900,-2074]]]
4945121	r	-71.1168,41.3052,-70.4758,41.8968	[[[-711168,415152,196,82,-44,49,-49,83,-103,-214]],[[-711035,415428,298,-41,116,52,-3,205,131,-125,54,-150,-56,-132,-203,-65,296,-101,247,52,446,254,-13,-26,-14,-43,139,4,121,52,224,143,-64,296,106,180,57,69,-3,-17,9,-1,4,-13,11,-4,3,-13,-10,-4,14,-11,17,-39,13,-11,76,-15,-4,-6,10,-4,19,17,-11,4,-3,12,11,16,-17,-14,-17,27,8,3,-5,6,14,17,11,1,-15,1,6,15,-23,36,-10,47,-6,10,-16,4,-16,22,10,11,7,93,-32,-15,38,18,-4,20,10,135,244,-121,67,-49,43,-71,71,-187,60,-56,117,9,12,114,-61,256,95,-6,195,61,161,76,-7,36,0,48,79,79,118,16,117,-143,182,168,70,168,98,103,264,-23,-90,138,-14,122,36,324,93,18,206,-83,315,-177,69,0,32,122,82,68,94,-9,70,-107,-46,-13,-96,-61,59,-109,-81,-88,-120,-84,-63,-94,12,-139,51,-164,-5,-762,-92,-275,-239,-197,269,-95,626,317,303,52,331,9,284,46,219,91,28,126,29,222,9,224,-9,224,-29,222,-49,221,-67,218,-87,214,-104,209,-123,204,-140,197,-157,190,-173,182,-189,173,-203,163,-217,153,-158,98,-208,-27,-3272,-1232,-158,-331,-18,-260,-139,-66,-777,-1624]],[[-709485,414141,98,-29,108,74,215,38,137,0,167,1,215,67,59,51,-79,88,-30,52,-117,-96,-264,-23,-137,-67,-147,-8,-147,-81,-78,-67]],[[-708462,413467,121,-68,191,-192,103,-81,160,-74,47,11,145,41,218,206,238,117,276,88,303,55,94,1,31,17,230,142,217,153,203,163,189,173,6,7,-74,52,199,87,29,23,13,13,62,75,3,63,-101,148,-145,52,-91,-80,-93,-117,-149,-60,107,235,-121,23,-548,-175,-297,-234,-130,-53,-127,-74,-269,-356,-123,-123,-275,-183,-642,-1,0,-74]],[[-708399,414505,69,-80,245,44,177,23,225,103,107,89,-10,73,157,60,245,103,186,103,206,82,-157,65,-157,22,-138,-81,-186,-103,-391,-222,-206,-155,-107,-81,-147,22,-118,-67]]]
5406602	r	-117.31,33.1312,-117.036,33.3677	[[[-1173100,332690,403,310,74,0,0,-21,-18,-7,-1,-22,7,-4,23,9,-1,8,33,1,0,-37,-43,1,0,-73,130,-1,-1,-37,-31,5,-4,-10,-7,3,0,-33,86,-2,0,-109,56,0,0,10,15,-4,-3,-16,-11,-5,-57,2,-2,-23,-41,1,0,-47,43,1,0,8,21,0,0,-45,-21,-5,0,-142,-107,60,-24,-31,-18,10,-23,-30,18,-10,-24,-31,18,-9,-5,-6,37,-6,-8,-64,-36,-17,48,-26,0,-12,39,-2,-26,0,1,-36,-22,4,-40,-8,0,-88,-44,-21,-43,1,0,-17,-14,0,-1,-10,-12,0,-4,-9,-55,0,0,-109,-83,0,1,-36,10,0,12,-24,-2,-12,-26,0,0,-32,43,3,0,-22,39,-5,1,11,17,15,9,-2,0,-14,-15,0,5,-11,21,9,11,-5,14,18,201,-92,5,-2,43,-20,-103,-134,23,-13,12,-49,25,3,-1,-67,66,0,7,-108,161,0,0,-38,86,8,0,67,13,0,11,15,-2,10,23,24,36,70,-15,6,22,37,-19,10,-18,-39,-25,15,28,47,-27,3,0,14,2,2,-2,1,4,-3,8,9,9,-14,7,7,11,-16,17,7,-10,10,-7,-3,-11,21,1389,1030,409,487,-2740,540,0,-987]]]
4152820	r	-80.3695,26.025,-80.1597,26.1682	[[[-803695,260413,1,-37,39,0,0,-16,83,7,2,-72,119,1,-7,217,-40,0,1,-9,-27,0,-1,68,65,0,-1,60,251,5,-144,-387,632,0,397,42,-1,22,-162,-4,4,13,22,20,1,1,85,37,46,43,22,0,-1,28,113,3,27,1,2,-65,-40,-1,2,-70,39,1,-1,35,122,2,-1,73,-42,-1,2,67,3,9,9,-3,-1,37,-3,119,7,0,1,-16,11,0,0,-10,10,1,0,-6,-18,1,-4,-64,1,-4,14,0,1,-15,-15,-1,9,-23,23,0,2,-43,-12,0,0,-10,47,0,-1,17,7,1,1,-18,48,2,0,36,-21,-1,-1,37,-43,4,2,9,21,1,6,50,-20,1,5,21,13,-1,3,-15,2,15,28,-1,-1,74,40,-1,1,14,49,3,12,11,2,44,36,0,-1,62,7,-1,3,-61,22,0,0,-23,33,2,4,-14,-7,0,-1,-19,-35,-1,1,-37,-151,-3,2,-51,60,-9,0,-21,11,-10,0,-37,-10,0,-1,-39,12,1,0,-19,19,0,0,19,20,1,1,-38,9,1,-1,21,6,0,0,-9,15,0,1,-12,10,1,0,13,21,1,165,168,-203,194,0,-5,-7,-8,-16,2,-17,1,3,8,20,2,15,2,-11,10,1,-7,-29,-4,3,25,-67,-8,-38,-15,-67,24,3,36,-4,-5,-4,135,0,18,7,1,-1,116,16,5,-1,24,2,-8,16,0,0,8,-7,-7,-2,8,13,1,-1,8,-15,-1,-24,18,-3,122,-10,0,-1,17,-132,1,6,-16,-10,1,-11,39,-15,9,1,-33,-7,0,0,-15,-3,16,-33,1,-1,-18,-10,0,0,15,-26,0,-1,62,-165,209,-82,0,-1,36,-480,-77,-145,3,0,-26,-124,-19,73,-262,-3,1,-19,-14,0,23,-87,0,-1,-117,150,-36,1,-5,-312,76,-1,-65,-37,-1,-3,-14,41,0,0,-126,-161,0,0,-395,43,2,5,-144,-42,1,5,-118,-21,0,-2,71,-20,0,1,-26,-40,-1],[-801813,260834,0,-6,-40,0,0,6,40,0]]]
5336477	p	5391959
5808189	p	5809844
4782167	r	-80.3222,36.9639,-79.5579,37.5761	[[[-803221,372700,8,-200,25,-200,40,-197,57,-195,73,-192,88,-188,103,-182,118,-177,132,-170,146,-163,158,-155,171,-146,183,-137,193,-127,203,-116,212,-106,221,-95,228,-82,234,-71,239,-58,244,-46,246,-32,249,-20,250,-6,250,6,249,20,246,32,244,46,239,58,234,71,228,82,221,95,212,106,203,116,193,127,183,137,171,146,158,155,146,163,132,170,118,177,103,182,88,188,73,192,57,195,40,197,25,200,8,200,-8,200,-25,200,-40,197,-57,195,-73,192,-88,188,-103,182,-118,177,-132,170,-146,163,-158,155,-171,146,-183,137,-193,127,-203,116,-212,106,-221,95,-228,82,-234,71,-239,58,-244,46,-246,32,-249,20,-250,6,-250,-6,-249,-20,-246,-32,-244,-46,-239,-58,-234,-71,-228,-82,-221,-95,-212,-106,-203,-116,-193,-127,-183,-137,-171,-146,-158,-155,-146,-163,-132,-170,-118,-177,-103,-182,-88,-188,-73,-192,-57,-195,-40,-197,-25,-200,-8,-200]]]
5530022	r	-100.862,31.0976,-100.018,31.8224	[[[-1008620,314600,9,-237,27,-236,45,-234,63,-231,80,-227,97,-222,114,-216,130,-209,146,-201,161,-193,175,-183,189,-174,202,-162,213,-150,225,-138,234,-125,244,-112,251,-98,259,-84,264,-69,269,-53,272,-39,275,-23,276,-8,276,8,275,23,272,39,269,53,264,69,259,84,251,98,244,112,234,125,225,138,213,150,202,162,189,174,175,183,161,193,146,201,130,209,114,216,97,222,80,227,63,231,45,234,27,236,9,237,-9,237,-27,236,-45,234,-63,231,-80,227,-97,222,-114,216,-130,209,-146,201,-161,193,-175,183,-189,174,-202,162,-213,150,-225,138,-234,125,-244,112,-251,98,-259,84,-264,69,-269,53,-272,39,-275,23,-276,8,-276,-8,-275,-23,-272,-39,-269,-53,-264,-69,-259,-84,-251,-98,-244,-112,-234,-125,-225,-138,-213,-150,-202,-162,-189,-174,-175,-183,-161,-193,-146,-201,-130,-209,-114,-216,-97,-222,-80,-227,-63,-231,-45,-234,-27,-236,-9,-237]]]
5258393	r	-88.3038,42.4498,-87.3368,42.7233	[[[-883038,425900,10,-235,31,-233,52,-232,62,-197,9135,-505,18,30,112,219,92,225,71,228,52,232,31,233,4,94,-8118,1474,-1522,-944,-20,-154,-10,-235]]]
4989133	r	-82.9735,42.5344,-82.5313,42.8437	[[[-829735,426313,2,-38,31,-762,13,-91,137,-78,255,54,1,-5,645,14,7,129,3331,706,-5,37,-42,187,-58,185,-75,182,-90,178,-106,172,-120,168,-136,161,-149,155,-162,146,-176,139,-187,130,-198,120,-208,111,-217,100,-62,24,-2431,-2124]]]
4352053	p	4347778
5188843	r	-80.4612,41.8454,-79.6988,42.4146	[[[-804612,421300,8,-186,25,-185,41,-184,56,-182,73,-178,87,-174,103,-170,118,-164,132,-158,145,-152,158,-144,171,-135,182,-128,193,-118,202,-108,212,-99,220,-88,227,-76,234,-66,238,-54,243,-42,246,-31,249,-18,249,-6,249,6,249,18,246,31,243,42,238,54,234,66,227,76,220,88,212,99,202,108,193,118,182,128,171,135,158,144,145,152,132,158,118,164,103,170,87,174,73,178,56,182,41,184,25,185,8,186,-8,186,-25,185,-41,184,-56,182,-73,178,-87,174,-103,170,-118,164,-132,158,-145,152,-158,144,-171,135,-182,128,-193,118,-202,108,-212,99,-220,88,-227,76,-234,66,-238,54,-243,42,-246,31,-249,18,-249,6,-249,-6,-70,-5,-1347,-480,-661,-101,-186,-114,-182,-128,-171,-135,-158,-144,-145,-152,-132,-158,-118,-164,-103,-170,-87,-174,-73,-178,-56,-182,-41,-184,-25,-185,-8,-186]]]
4780011	p	4776222
5133825	p	5128581
4670249	p	4699066
4173838	n	-82.7214,28.2539,-82.2745,28.7061	[[[-827214,283307,107,-106,186,-149,202,-132,130,-69,648,-237,143,-32,248,-32,250,-11,250,11,248,32,244,54,236,75,226,95,215,114,202,132,186,149,168,165,149,178,129,190,107,201,85,209,61,215,37,219,12,222,-12,222,-37,219,-61,215,-85,209,-107,201,-129,190,-149,178,-168,165,-186,149,-202,132,-215,114,-226,95,-236,75,-244,54,-248,32,-250,11,-250,-11,-248,-32,-244,-54,-236,-75,-65,-28,-64,-76,-37,-72,6,-88,30,-87,38,-66,-101,-176,-34,-860,-103,-299,-23,-118,-11,-540,-217,-336,12,-74,0,-61,-120,-119,-247,-582]]]
5339066	p	5368361
4705692	r	-95.3167,29.1695,-94.9078,29.6323	[[[-953167,292129,1,0,227,-124,235,-110,243,-97,250,-82,78,-21,437,384,-9,10,14,-6,2428,2131,-166,6,-42,134,-11,166,-169,108,0,68,145,42,142,62,129,-44,86,124,71,83,-761,175,-400,284,79,267,106,97,162,158,1,3,-479,-8,-212,-120,2,27,-59,-1,-4,-14,-12,2,-22,-18,6,-9,-14,-13,19,-14,-5,-11,14,-81,36,9,7,46,28,-2,-2,-91,-20,0,-4,13,0,-13,-16,3,-84,-16,-34,-57,-3,3,-14,-23,-18,-11,-110,-35,-131,-43,-19,23,-17,2,-6,11,-27,-4,-3,9,8,5,-38,12,-30,-2,-66,-20,-33,-2,-29,-12,-52,56,-56,-105,-111,114,-20,-10,1,-26,67,-73,-7,-5,21,-23,-1,-24,-10,-7,-103,-18,8,5,0,81,-77,34,56,-44,-39,-37,-205,170,-408,-1039,-37,0,23,-34,-935,-2378]],[[-950954,296231,141,-113,158,63,13,-42,-129,-52,26,-20,94,40,28,-51,-69,-29,19,-2,-7,-7,122,-90,27,-14,-1,-10,37,-7,36,3,-3,5,88,48,55,1,-4,24,6,3,21,-13,53,0,-9,-21,278,5,8,25,-2,65,106,3,-323,103,-11,-1,-159,0,-10,58,-372,118,-217,-92]],[[-950354,296201,8,-45,126,3,-134,42]],[[-949220,294340,5,-19,38,-31,59,51,-55,82,-9,-22,-1,-31,-13,-5,-22,0,-2,-25]]]
4992982	r	-84.1029,42.7155,-83.2771,43.314	[[[-841029,430100,9,-199,26,-198,44,-196,62,-194,78,-190,95,-186,112,-181,127,-176,143,-169,157,-161,172,-154,184,-145,198,-136,209,-127,219,-115,230,-105,238,-94,246,-82,253,-70,258,-58,51,-9,4996,2779,1,0,146,81,4,85,-9,199,-26,198,-44,196,-62,194,-78,190,-95,186,-112,181,-127,176,-143,169,-157,161,-172,154,-184,145,-198,136,-209,127,-219,115,-230,105,-238,94,-246,82,-253,70,-258,58,-264,45,-266,33,-269,19,-270,7,-270,-7,-269,-19,-266,-33,-264,-45,-258,-58,-253,-70,-246,-82,-238,-94,-230,-105,-219,-115,-209,-127,-198,-136,-184,-145,-172,-154,-157,-161,-143,-169,-127,-176,-112,-181,-95,-186,-78,-190,-62,-194,-44,-196,-26,-198,-9,-199]]]
4670300	r	-96.7367,33.0257,-96.4228,33.158	[[[-967367,330861,210,-1,39,-14,27,49,34,-12,9,4,24,-8,17,-19,12,-2,5,-12,11,0,-3,-9,10,-2,0,-16,13,-2,1,-11,11,3,2,-11,9,-2,-4,-6,12,1,-1,-7,8,2,18,-12,5,4,18,-5,8,-14,16,-5,1,-15,9,-1,1,-11,-8,-18,14,-1,17,23,154,-6,83,3,1,15,26,6,5,-17,2,0,2,-5,0,-24,-3,-20,-19,-19,-1,-14,12,-20,-4,-18,12,-37,-20,-18,9,-25,43,-11,16,11,63,-5,43,5,5,-9,-1,-32,981,-233,1185,414,-2247,856,20,52,-459,-179,-414,-149,8,-29,-14,-40,-2,-267,-27,-35,-4,-20]]]
4934964	p	4930956
5373763	p	5392900
5405228	r	-122.2308,38.2311,-121.6644,38.6473	[[[-1222308,386185,870,-2763,1160,-335,32,0,37,-20,342,-99,1,0,27,14,-8,14,31,19,3,8,23,5,-5,8,34,16,51,0,5,40,192,-1,84,41,-22,-45,54,-1,29,29,28,12,11,-295,22,0,0,-25,45,-13,113,-1,-1,-32,26,-7,151,108,11,-1,42,-36,-125,-94,1455,-420,946,309,-36,283,-3434,2871,-1599,699,-220,-93,-226,-111,-149,-84]]]
5405878	p	5380184
5425043	p	5419384
4540737	r	-98.8136,34.259,-97.9663,34.961	[[[-988136,346100,10,-230,27,-228,45,-227,63,-223,80,-220,98,-215,114,-209,131,-203,146,-195,162,-187,176,-177,189,-168,202,-157,215,-145,225,-134,235,-121,245,-109,252,-94,260,-81,265,-67,270,-52,273,-38,276,-22,277,-8,277,8,276,22,273,38,270,52,265,67,260,81,252,94,245,109,235,121,225,134,215,145,202,157,189,168,176,177,162,187,146,195,131,203,114,209,98,215,80,220,63,223,45,227,27,228,10,230,-10,230,-27,228,-45,227,-63,223,-80,220,-98,215,-114,209,-131,203,-146,195,-162,187,-176,177,-189,168,-202,157,-215,145,-225,134,-235,121,-245,109,-252,94,-260,81,-265,67,-270,52,-273,38,-276,22,-277,8,-277,-8,-276,-22,-273,-38,-270,-52,-265,-67,-260,-81,-252,-94,-245,-109,-235,-121,-225,-134,-215,-145,-202,-157,-189,-168,-176,-177,-162,-187,-146,-195,-131,-203,-114,-209,-98,-215,-80,-220,-63,-223,-45,-227,-27,-228,-10,-230]]]
5713376	p	5746545
5397603	p	5368361
4779999	p	4776222
5512862	p	5511077
5322053	n	-114.887,32.5039,-114.353,32.9561	[[[-1148870,327300,13,-222,1,-3,1657,112,-15,-16,-19,-57,-9,-10,-70,-238,-83,-175,-117,-169,-76,-74,-227,-167,-53,-71,-159,-265,2,-4,17,-39,1,-4,65,-157,-9,-145,24,-18,4,-1,3,-4,26,-21,211,-132,225,-114,236,-95,247,-75,254,-54,259,-32,262,-11,262,11,259,32,254,54,247,75,236,95,225,114,211,132,194,149,176,165,156,178,134,190,112,201,89,209,63,215,39,219,13,222,-13,222,-39,219,-63,215,-89,209,-112,201,-134,190,-156,178,-176,165,-194,149,-211,132,-225,114,-236,95,-247,75,-254,54,-259,32,-262,11,-262,-11,-259,-32,-254,-54,-247,-75,-236,-95,-225,-114,-211,-132,-194,-149,-176,-165,-156,-178,-134,-190,-112,-201,-89,-209,-63,-215,-39,-219,-13,-222]]]
4931429	r	-71.2933,41.9099,-70.6605,42.1776	[[[-712933,420868,422,-483,5198,-1285,30,27,141,146,127,153,113,159,99,163,6,11,-351,268,245,120,74,14,79,-14,99,-41,46,234,-3010,1093,-198,-78,21,142,-450,164,-1538,115,-152,-39,-501,-233,-500,-636]]]
4990510	p	4990729
5794245	p	5812944
4394870	p	4393217
4453066	r	-83.0522,35.1992,-82.0478,35.9965	[[[-830522,356000,11,-269,32,-268,54,-265,74,-262,96,-257,116,-252,135,-245,155,-237,174,-229,191,-218,209,-208,224,-197,240,-184,254,-170,267,-157,279,-142,290,-127,299,-111,308,-95,314,-78,196,-37,3727,505,167,85,267,157,254,170,240,184,224,197,209,208,191,218,174,229,155,237,135,245,116,252,96,257,74,262,54,265,32,268,11,269,-11,269,-32,268,-54,265,-74,262,-96,257,-116,252,-135,245,-155,237,-174,229,-191,218,-209,208,-224,197,-240,184,-93,62,-4539,812,-293,-72,-308,-95,-299,-111,-290,-127,-279,-142,-267,-157,-254,-170,-240,-184,-224,-197,-209,-208,-191,-218,-174,-229,-155,-237,-135,-245,-116,-252,-96,-257,-74,-262,-54,-265,-32,-268,-11,-269]]]
5811729	p	5811696
5117549	p	5128581
4999837	p	4990729
4219934	r	-84.6185,33.9617,-84.2616,34.2673	[[[-846185,342671,1661,-2866,691,-88,6,5,40,4,26,40,14,97,-26,37,-60,28,7,1,-9,19,12,40,39,20,109,-9,102,19,65,19,64,4,12,3,50,47,19,9,14,1,3,0,2,0,14,-12,19,-56,28,-31,33,-56,4,-7,0,-2,-1,-35,12,-30,17,-14,94,-5,55,-17,36,9,10,24,25,18,1,0,22,0,10,0,1,0,10,-8,9,-26,-13,-9,-31,-1,-6,-15,-1,0,1,-2,12,-25,4,-8,8,-6,12,-10,5,-4,30,-13,8,-4,1,-1,2,0,42,0,11,0,56,18,25,25,13,1,1,1,27,-19,18,-40,53,-24,40,17,11,34,-17,65,0,27,-41,4,-19,-10,-44,34,5,11,-3,56,-8,29,-19,29,-8,45,-28,26,-12,29,3,91,-52,5,78,0,8,4,2,33,45,0,6,9,25,0,1,11,-32,5,-1,46,-11,1,0,23,-65,17,-1,-6,-47,1,0,18,-12,0,-1,18,-30,0,0,-78,-26,-2,4,44,-44,0,0,36,-20,0,0,-13,-18,1,6,12,-26,0,-26,-29,-63,-24,-34,-3,-34,4,11,17,-141,3,0,33,-45,-15,2,52,90,-3,13,-6,55,26,23,3,1,34,-13,5,10,13,70,-1,0,38,-21,0,0,14,-22,0,15,19,14,-6,8,9,27,0,0,38,97,-2,1,37,-59,0,0,19,-30,-4,0,-14,-8,0,-40,3,0,12,-58,0,-65,14,0,-27,-41,1,1,26,-10,0,1,12,-10,2,0,41,-166,-1,-8,85,-10,0,0,-9,-45,0,0,-27,-11,0,-1,8,-19,0,-33,66,-26,2,0,35,10,-1,-24,50,-22,9,-6,-19,-12,0,-1,24,-42,-10,-32,-28,1,-33,-13,-4,-25,19,11,5,3,28,38,1,-3,11,16,2,-1,11,-11,3,-1,35,-15,-1,0,11,-13,0,1,-47,-20,19,-17,3,-4,-11,-32,0,0,7,-64,6,-70,52,0,6,131,1,0,-14,45,-5,10,10,-12,12,-43,-1,-2,36,-14,-1,4,5,-19,9,12,2,14,13,-5,11,-31,-3,3,7,22,8,-32,55,-35,-6,-4,-19,-13,-11,-8,8,-7,-2,-8,-21,-26,-9,-9,-11,-2,-14,-45,4,-15,-5,-2126,1577,-4,-2]],[[-843450,339668,392,-50,-75,36,-68,20,-64,1,-102,34,1,-7,-26,-3,-2,5,-18,1,-7,-5,6,-7,-37,-25]]]
5779334	r	-111.8935,40.2055,-111.3353,40.5376	[[[-1118935,402055,1708,465,-54,62,-1,24,47,2,179,-1,49,-38,59,2,0,16,44,-3,28,22,81,-2,20,10,9,28,20,17,6,32,14,18,-1,-37,16,-19,13,20,14,0,-2,16,21,-2,-1,42,-10,5,-4,18,-8,0,1,36,12,0,-13,15,-1,61,17,12,0,8,-2,13,-21,3,-3,4,1,27,16,30,11,5,3,47,55,92,7,8,12,-12,12,-3,3,-14,24,1,-6,35,16,34,1,1,58,3,0,56,49,22,1,2,3,1,20,37,22,9,17,2,12,0,15,-9,0,3,19,-9,47,7,0,-9,-23,-16,38,-1,14,-19,1,-36,48,0,-1,-36,-187,-4,2,-38,-95,0,0,-6,20,0,1,-26,9,-7,1,-11,17,-4,0,-52,71,1,1,-34,25,0,1,-150,-23,0,-1,-40,-13,-2,20,-9,8,-20,2993,815,-44,146,-69,174,-84,171,-98,165,-112,161,-125,155,-138,148,-151,141,-162,133,-173,124,-184,116,-192,106,-128,61,-1448,-526,-2474,-2795]]]
4936159	r	-71.2901,41.4687,-70.9943,41.8228	[[[-712900,414783,40,37,212,141,312,-69,-44,111,5,92,24,95,15,118,10,751,120,341,0,205,-121,-77,-251,-121,-100,-81,-58,-116,-58,-279,-61,-114,-45,-28,0,-1006]],[[-712900,416596,43,0,253,-85,155,292,39,9,8,34,-3,135,21,92,16,23,78,113,21,48,58,57,131,-22,221,-72,96,46,68,67,314,466,121,125,148,45,-1165,259,-238,-184,-381,-504,66,-52,21,-74,-91,-147,0,-671]],[[-712105,416022,36,-440,112,-374,-7,-74,-56,-108,29,-105,132,-234,640,443,51,22,103,214,-42,73,72,-11,777,1624,139,66,18,260,158,331,-1166,260,-247,-414,-446,-570,-26,-13,-185,-152,58,-69,7,-1,-121,-288,-28,-200,-8,-240]]]
4274277	r	-95.5286,38.6466,-94.9836,39.2934	[[[-955286,387468,65,-55,197,-144,209,-135,220,-123,229,-112,239,-99,246,-88,253,-74,259,-62,263,-48,267,-34,269,-21,270,-7,270,7,269,21,267,34,263,48,62,15,1333,3857,-448,2073,-189,79,-246,88,-253,74,-259,62,-263,48,-267,34,-269,21,-270,7,-270,-7,-269,-21,-267,-34,-263,-48,-259,-62,-193,-57,-1465,-5237]]]
4736476	r	-95.8532,30.0522,-95.2904,30.2813	[[[-958532,302463,2728,-1916,15,0,223,201,-78,70,104,55,50,46,26,13,-75,-59,-102,-56,80,-69,-223,-203,-17,0,33,-23,966,538,57,-30,19,13,14,-8,26,11,16,-12,10,6,5,15,20,-11,14,12,30,-4,12,-7,20,9,10,-9,14,3,2,19,17,11,0,59,-19,0,0,18,12,1,1,58,-2,0,1620,901,-1600,204,0,-31,-37,0,6,-24,-38,0,12,-145,-74,-1,-28,24,-2,18,-1,0,-3,59,-67,0,-1,43,-68,0,1,-102,0,-84,-46,0,-129,-1,-9,11,-1,35,1,0,-1,140,-33,-4,-1,33,-21,0,0,16,-32,-6,0,4,87,12,0,64,-3407,433,-69,-159,-67,-191],[-955464,300932,67,53,-57,-48,-10,-5],[-954591,301155,36,0,1,-35,-9,0,0,-7,-28,0,0,42],[-954565,302066,48,7,0,-5,21,0,16,-41,-15,0,0,10,-15,0,0,-5,-52,4,-3,30]]]
5143620	p	5106834
5816605	r	-120.9842,46.272,-120.0358,46.928	[[[-1209842,466000,11,-215,30,-213,51,-212,70,-209,90,-205,109,-201,128,-196,147,-189,164,-182,180,-175,197,-166,212,-156,227,-147,240,-136,252,-125,263,-114,274,-101,282,-88,291,-76,297,-62,302,-49,306,-35,309,-21,310,-7,310,7,309,21,306,35,302,49,297,62,291,76,282,88,274,101,263,114,252,125,240,136,227,147,212,156,197,166,180,175,164,182,147,189,128,196,109,201,90,205,70,209,51,212,30,213,11,215,-11,215,-30,213,-51,212,-70,209,-90,205,-109,201,-128,196,-147,189,-164,182,-180,175,-197,166,-212,156,-227,147,-240,136,-252,125,-263,114,-274,101,-282,88,-291,76,-297,62,-302,49,-306,35,-309,21,-310,7,-310,-7,-309,-21,-306,-35,-302,-49,-297,-62,-291,-76,-282,-88,-274,-101,-263,-114,-252,-125,-240,-136,-227,-147,-212,-156,-197,-166,-180,-175,-164,-182,-147,-189,-128,-196,-109,-201,-90,-205,-70,-209,-51,-212,-30,-213,-11,-215]]]
4948247	p	4930956
5117378	p	5128581
5356576	r	-117.7229,34.2693,-117.091,34.5089	[[[-1177229,344603,465,-571,1964,-1130,1500,-209,211,4,2179,416,-1313,1310,-94,-1,0,-17,21,0,1,-36,-43,0,0,-18,-45,0,-37,-1,-2,108,-42,0,-4,71,-42,0,-1,36,-42,0,0,144,-230,5,-686,-10,-14,-29,-234,-299,-146,2,0,-20,-116,67,-48,22,-13,7,-1,-1,-130,59,0,46,86,0,1,72,-262,2,-2,144,-338,1,0,73,177,-2,-1,92,-2579,149,-140,-486]],[[-1172774,344840,1,-57,89,0,0,-20,8,-3,24,26,30,6,-7,10,19,8,-22,22,-142,8]]]
5334519	p	5368361
4148411	r	-80.2543,26.2747,-80.0637,26.4246	[[[-802543,264214,285,-383,236,-510,71,-71,25,0,0,-5,-8,1,2,-9,32,-24,3,0,0,7,10,0,0,12,-20,-4,5,51,195,0,6,-210,10,-7,6,-172,157,1,4,-129,-36,0,0,-7,-22,0,1,-8,448,5,52,185,17,0,5,38,116,2,-29,-197,174,-28,21,124,-21,147,2,30,33,0,19,156,84,151,23,550,-71,-1,2,36,48,149,-25,2,1,36,27,73,-57,0,-19,15,-40,8,-22,18,-199,-1,-1,-130,-1550,99]]]
5393212	p	5368361
5392368	p	5346827
5330413	p	5368361
4168782	p	4152820
4942807	p	4930956
4164143	p	4164138
7260806	p	5389489
5408406	p	5358705
5579276	r	-105.4624,40.0445,-104.7162,40.3052	[[[-1054624,402948,3475,-2503,1860,47,2127,586,-1672,1658,-5728,316,-1,0,-61,-104]]]
5392952	r	-120.1277,34.376,-119.3466,34.7789	[[[-1201277,344708,363,-120,548,43,145,-54,121,33,205,-112,48,2,88,-28,137,-74,51,-39,72,-16,71,9,80,3,133,-21,209,-130,102,-13,118,-125,43,22,61,7,135,-7,103,-49,20,23,15,38,-1,30,46,19,4,2,40,12,235,0,55,18,154,-9,331,-124,12,-2,101,-20,103,-51,130,-22,120,1,59,27,12,28,99,26,-8,19,15,27,25,28,96,35,189,20,13,1,194,-13,96,29,77,1,40,23,213,-16,141,-62,59,-8,30,9,49,11,48,9,75,-43,189,-149,74,-8,87,-41,39,-38,143,-26,76,-3,67,-29,47,-25,25,-26,1327,2471,17,32,-105,122,-180,182,-193,171,-206,161,-219,149,-230,136,-240,124,-250,111,-257,97,-265,83,-270,68,-276,53,-279,39,-281,23,-283,7,-283,-7,-281,-23,-279,-39,-276,-53,-270,-68,-265,-83,-257,-97,-250,-111,-240,-124,-230,-136,-219,-149,-206,-161,-193,-171,-180,-182,-164,-191,-150,-199,-133,-207,-117,-214,-99,-220,-83,-225,-64,-229,-38,-192]]]
5570160	r	-122.8815,40.2142,-121.8985,40.9658	[[[-1228815,405900,10,-246,32,-245,52,-242,73,-240,94,-235,113,-230,133,-224,151,-217,170,-209,187,-200,204,-190,220,-179,235,-168,249,-156,261,-144,273,-129,284,-116,293,-102,301,-86,308,-72,313,-56,317,-40,321,-24,321,-8,321,8,321,24,317,40,313,56,308,72,301,86,293,102,284,116,273,129,261,144,249,156,235,168,220,179,204,190,187,200,170,209,151,217,133,224,113,230,94,235,73,240,52,242,32,245,10,246,-10,246,-32,245,-52,242,-73,240,-94,235,-113,230,-133,224,-151,217,-170,209,-187,200,-204,190,-220,179,-235,168,-249,156,-261,144,-273,129,-284,116,-293,102,-301,86,-308,72,-313,56,-317,40,-321,24,-321,8,-321,-8,-321,-24,-317,-40,-313,-56,-308,-72,-301,-86,-293,-102,-284,-116,-273,-129,-261,-144,-249,-156,-235,-168,-220,-179,-204,-190,-187,-200,-170,-209,-151,-217,-133,-224,-113,-230,-94,-235,-73,-240,-52,-242,-32,-245,-10,-246]]]
4207400	r	-84.1608,32.6606,-83.0992,33.289	[[[-841608,328400,11,-294,34,-292,57,-290,61,-224,3391,0,23,-25,12,1,18,-18,10,-1,1,-8,11,10,30,-10,5,7,5,-8,-1,8,10,-3,3,6,7,-9,6,9,1,-10,13,1,-1,-9,14,-4,3,-7,8,3,17,-29,33,6,1,8,8,-7,21,-1,12,-8,1,-10,37,-17,3,-23,12,2,13,-11,22,7,6,-9,11,-1,4,7,12,-7,19,3,5,7,1,-9,14,0,5,-9,7,8,6,-2,17,-11,5,-20,28,-24,-4,-11,23,2,-7,-17,10,-1,1,-7,9,4,-4,9,11,-5,6,-17,8,12,31,1,6,-15,-6,-8,6,-8,9,1,1,-12,13,-6,-7,-5,6,-11,10,-9,8,5,4,-15,21,-5,10,-12,-3,-7,38,-9,4,12,6,-6,4,7,27,6,0,6,9,-1,1,8,9,3,29,-10,0,-13,13,-12,12,7,5,-8,13,1,3,10,17,-22,1,10,8,-10,18,5,19,-8,16,11,5,-7,23,2,16,-9,4,10,22,4,4,-15,17,6,51,-5,20,-15,2,-13,16,-6,41,2,21,-18,17,-2,-1,-21,8,8,8,-8,16,7,53,-25,0,-13,10,-4,4,-13,10,0,4,-9,33,-20,35,6,8,-12,11,4,4,-7,19,-2,-4,-12,26,0,7,-8,18,14,12,-14,34,8,11,-7,30,1,4,-6,27,11,17,-9,25,6,44,-43,18,-1,4,-7,27,5,28,-14,68,14,21,-13,0,-10,22,-5,11,-19,21,-10,26,-5,5,14,13,-13,9,14,9,-5,10,10,11,-7,13,2,19,-6,2,-23,26,-14,5,10,13,5,5,8,1,1,1,0,28,6,17,7,5,26,-19,8,-3,16,-18,0,0,7,18,10,-4,8,-35,1,-35,18,15,12,-17,42,2,23,10,10,-26,12,6,33,-14,-1,-19,17,7,5,19,-10,2,21,19,9,-22,0,0,16,-20,6,-10,17,3,13,17,4,-7,22,11,3,1,-11,9,-1,-2,14,15,22,30,-20,15,1,-26,21,23,-5,29,28,1,28,-8,14,18,16,-1,19,16,3,4,9,-4,18,-12,-4,-2,-9,-28,12,12,16,-6,15,-7,2,-14,-10,-13,4,5,13,25,14,14,-19,9,3,-1,13,-15,13,21,19,-21,10,-3,12,20,-3,7,5,1,16,15,16,-8,8,-26,0,-2,5,2,2,4844,0,61,224,57,290,34,292,11,294,-11,294,-34,292,-57,290,-79,286,-100,281,-123,275,-143,268,-164,259,-183,250,-203,238,-220,228,-237,214,-254,201,-269,186,-282,171,-295,156,-306,138,-317,121,-325,104,-332,85,-338,67,-343,48,-346,29,-347,9,-347,-9,-346,-29,-343,-48,-338,-67,-332,-85,-325,-104,-317,-121,-306,-138,-295,-156,-282,-171,-269,-186,-254,-201,-237,-214,-220,-228,-203,-238,-183,-250,-164,-259,-143,-268,-123,-275,-100,-281,-79,-286,-57,-290,-34,-292,-11,-294]]]
5600685	p	5586437
5392263	p	5391959
4469160	r	-77.7601,35.2907,-76.9799,35.9293	[[[-777601,356100,8,-209,25,-208,42,-206,58,-203,74,-200,90,-196,105,-190,120,-185,135,-177,149,-170,162,-161,174,-153,187,-143,197,-132,208,-122,216,-110,225,-99,233,-86,239,-74,244,-61,249,-47,252,-34,254,-20,255,-7,255,7,254,20,252,34,249,47,244,61,239,74,233,86,225,99,216,110,208,122,197,132,187,143,174,153,162,161,149,170,135,177,120,185,94,169,-34,9,-114,49,-103,124,-162,305,379,-266,110,-59,25,55,74,200,58,203,42,206,25,208,8,209,-8,209,-25,208,-42,206,-58,203,-74,200,-90,196,-105,190,-120,185,-135,177,-149,170,-162,161,-174,153,-187,143,-197,132,-208,122,-216,110,-225,99,-233,86,-239,74,-244,61,-249,47,-252,34,-254,20,-255,7,-198,-5,-3695,-2988,-8,-200]]]
4535740	p	4544349
5112540	p	5128581
5601933	r	-116.9652,43.1967,-116.2843,43.6637	[[[-1169652,433658,141,-165,179,-183,196,-173,210,-164,225,-154,238,-142,250,-131,261,-119,272,-106,280,-92,288,-80,295,-65,299,-51,304,-36,306,-22,308,-8,308,8,306,22,304,36,299,51,295,65,288,80,280,92,272,106,261,119,144,75,-107,351,-71,110,-1885,2909,157,-17,0,11,14,0,0,27,-75,1,0,14,-26,0,0,22,-99,1,-1,54,125,-1,0,19,-125,1,0,-6,-16,0,0,6,-40,0,-44,68,0,5,27,0,0,29,23,-11,50,0,0,18,-100,0,0,26,100,-1,0,11,101,0,-1,36,-49,1,0,37,-19,0,0,-31,-31,7,0,-13,-100,0,0,-36,-51,0,-239,368,-113,-78,-96,-1,0,-65,-10,-7,-89,1,0,-62,-15,-11,-63,1,0,-23,-22,1,0,11,-22,0,0,10,-78,0,0,-12,37,-13,16,-15,66,-4,0,-1,-218,-150,1,19,-19,0,0,6,19,0,0,24,-18,0,-8,0,-39,0,3,-19,-14,-3,2,-9,-20,-1,-8,10,-10,-5,22,-27,39,-16,0,-13,-48,-33,-2,1,0,-3,-4,-3,-36,28,-11,-7,-33,27,-14,0,-2,-22,-32,22,-11,0,10,-7,-28,-22,-26,18,9,11,-42,0,30,-48,-8,-6,19,-19,-109,0,0,-14,-9,7,0,-17,20,-12,-20,0,0,-37,-42,0,-6,-20,12,-17,-73,-1,6,-61,-3,0,5,-48,39,1,-3261,-2245],[-1166329,436049,106,1,3,-29,-68,-47,-12,16,21,1,0,22,-50,0,-7,31,7,5],[-1166380,435922,11,-4,-10,-7,-1,11],[-1166297,436121,12,1,0,-9,-12,8],[-1166281,436118,15,4,1,-9,-14,-3,-2,8],[-1166231,436086,25,0,0,9,16,-5,0,18,-17,14,33,0,0,-13,11,0,-3,19,34,-11,-11,-3,10,-5,0,-29,-21,-14,-1,0,0,-1,-23,-15,-6,0,0,9,-47,22,0,5],[-1166132,436140,0,25,25,-17,-18,-13,-7,5],[-1166132,436085,5,24,9,-18,-14,-10,0,4],[-1166106,436132,12,8,15,-10,-5,-15,-22,17],[-1166082,436116,4,13,8,-5,-12,-8],[-1165979,436205,3,7,21,0,0,-9,-11,-7,-8,0,-5,9],[-1165069,436243,12,0,-1,-11,-5,0,-6,11],[-1164936,436278,0,5,17,0,0,-6,-17,1],[-1164935,436036,0,5,52,0,2,-14,-48,0,-6,9],[-1164926,436022,7,0,0,-8,-2,0,-5,8]]]
5105496	r	-75.02,39.9734,-74.4461,40.5043	[[[-750200,404141,4622,-4407,186,237,931,2563,-3677,2509,-238,-42,-236,-55,-231,-67,-225,-79,-218,-89,-209,-100,-201,-111,-191,-120,-180,-130,-133,-109]]]
5781070	p	5780993
4945283	p	4930956
4504476	n	-74.493,39.7239,-74.0557,40.0238	[[[-744930,399500,15,-222,42,-219,70,-215,96,-209,123,-201,148,-190,171,-178,194,-165,213,-149,230,-132,247,-114,260,-95,271,-75,278,-54,285,-32,287,-11,287,11,94,11,-14,91,-269,90,37,279,206,345,200,242,186,177,14,71,-61,167,-48,187,98,149,170,158,-36,94,-193,27,205,159,101,212,-28,116,-59,20,-151,-29,19,75,-1000,347,-2607,-221,-24,-76,-42,-219,-15,-222]],[[-741218,397323,68,13,114,32,55,189,-114,-68,-88,-109,-35,-57]],[[-741004,397832,74,-69,207,991,49,279,49,298,37,214,31,109,-168,58,-82,-483,-197,-1397]]]
4255466	p	4259418
4839822	r	-73.6095,41.0636,-73.3316,41.266	[[[-736095,412437,543,-640,6,2,10,-6,12,-30,141,-165,25,-20,9,-21,26,-11,-8,-6,0,-5,763,-899,122,60,70,35,139,46,407,208,33,17,78,18,78,40,141,8,176,69,8,1,-319,1522,-2460,-223]]]
4915734	r	-88.2757,42.1935,-87.401,42.4975	[[[-882757,423995,781,-377,1,0,2740,-1323,644,-213,671,-147,181,39,3668,1092,24,108,28,212,9,214,-9,214,-28,212,-47,211,-65,208,-32,77,-5939,328,-2250,125,-76,-125,-101,-200,-84,-205,-65,-208,-47,-211,-4,-31]]]
4153146	r	-81.6129,28.8211,-80.8832,29.1992	[[[-816129,288721,182,-11,4041,-257,0,-17,-29,-1,0,-41,-9,0,38,-4,1,-42,-17,0,72,-137,109,123,2,11,-40,0,0,37,15,0,0,36,90,-1,-1,-8,22,22,0,6,2282,-145,487,-31,22,84,30,156,-3999,2753,-1500,738,-175,-83,-212,-116,-202,-128,-193,-139,-182,-150,-171,-161,-158,-170,-145,-179,-132,-186,-108,-178,-120,-1781],[-811864,288418,0,32,54,-3,0,-29,-54,0]]]
5355828	p	5368361
4111410	r	-94.8751,35,-93.9248,35.7728	[[[-948751,353900,10,-255,30,-254,51,-252,71,-248,90,-244,109,-239,129,-233,146,-225,165,-216,181,-208,197,-197,212,-186,227,-175,241,-162,252,-148,264,-135,275,-120,283,-106,291,-90,297,-74,303,-58,307,-41,309,-25,311,-9,311,9,309,25,307,41,303,58,297,74,291,90,283,106,275,120,264,135,252,148,241,162,227,175,212,186,197,197,181,208,165,216,146,225,129,233,109,239,90,244,71,248,51,252,30,254,10,255,-10,255,-30,254,-51,252,-71,248,-90,244,-109,239,-129,233,-146,225,-165,216,-181,208,-197,197,-212,186,-187,144,-4074,927,-26,-3,-303,-58,-297,-74,-291,-90,-283,-106,-275,-120,-264,-135,-252,-148,-241,-162,-227,-175,-212,-186,-197,-197,-181,-208,-165,-216,-146,-225,-129,-233,-109,-239,-90,-244,-71,-248,-51,-252,-30,-254,-10,-255]]]
4788158	r	-77.2704,36.1729,-76.1915,37.0832	[[[-772704,367300,15,-364,44,-363,74,-360,102,-355,132,-349,159,-341,186,-332,213,-321,239,-310,263,-296,286,-282,309,-266,330,-249,349,-231,367,-213,384,-192,399,-172,411,-151,423,-128,432,-106,23,-4,0,18,41,207,94,176,168,190,160,128,59,82,22,131,-37,94,-180,170,-61,116,222,-68,193,-107,87,-177,-93,-276,-76,-95,-143,-136,-54,-104,-123,-402,138,-26,446,-59,449,-36,452,-12,452,12,449,36,397,53,-128,230,176,-98,135,-100,306,57,432,106,423,128,411,151,399,172,384,192,49,29,-40,85,-25,54,-213,42,-29,55,48,119,56,76,-1122,2377,-1674,1,234,1909,70,447,30,286,173,291,271,302,67,48,11,17,8,37,7,5,-17,13,2,23,-17,20,8,10,19,-2,6,26,-36,28,20,20,22,22,40,301,-77,-1,-275,45,-43,18,-62,48,-63,-34,-190,-84,-69,-13,-99,-1,-27,-10,-32,-26,-22,-35,-38,-55,-25,-25,-108,-31,-81,-43,-27,6,-24,20,-14,21,8,37,-18,16,-23,4,-38,-13,-3,-17,-12,-11,-21,-1,-61,-44,-336,-253,-4587,1749,-671,256,-301,-206,-205,-231,-239,-310,-213,-321,-186,-332,-159,-341,-132,-349,-102,-355,-74,-360,-44,-363,-15,-364]]]
4734825	p	4699066
5367440	r	-121.8481,37.4478,-121.529,37.8182	[[[-1218481,376927,118,0,0,-15,53,-1,101,-353,67,-3,85,-34,12,-45,41,-43,1,-2,1,-1,12,-28,0,-4,-3,-27,-24,-20,-7,-56,-57,-40,-20,-54,-7,4,241,-845,2478,-881,99,65,-917,3303,-1882,335,-297,-396,-69,-371,30,-104,9,0,0,-31,12,-42,79,-1,1,-145,-11,0,1,-77,-6,0,2,-8,-123,0,-19,-10,0,-53,-1,-17]]]
5090046	r	-71.8926,42.5231,-71.3015,42.9065	[[[-718926,427700,10,-204,27,-204,45,-201,62,-199,81,-196,97,-191,114,-186,131,-180,146,-174,78,-81,523,-215,1064,-438,3233,2201,299,1330,-5483,303,-105,-170,-97,-191,-81,-196,-62,-199,-45,-201,-27,-204,-10,-204]]]
5207728	r	-76.2837,40.0686,-75.5764,40.6115	[[[-762837,403400,7,-178,2,-11,3112,-2506,185,-14,231,-5,231,5,231,18,228,29,226,40,221,52,217,62,211,73,204,84,196,94,188,103,179,113,169,122,158,129,147,138,135,144,122,151,110,156,95,162,82,166,67,170,52,173,38,176,23,176,6,144,-1743,1805,-805,834,-72,17,-226,40,-228,29,-231,18,-231,5,-231,-5,-231,-18,-228,-29,-226,-40,-221,-52,-217,-62,-211,-73,-204,-84,-196,-94,-188,-103,-179,-113,-169,-122,-158,-129,-147,-138,-135,-144,-122,-151,-110,-156,-95,-162,-82,-166,-67,-170,-52,-173,-38,-176,-23,-176,-7,-178]]]
4461574	p	4460243
5359446	r	-116.3013,33.3755,-115.8086,34.0645	[[[-1163013,338165,1,-182,12,0,0,-4163,263,-36,268,-22,269,-7,269,7,268,22,266,37,262,51,258,65,252,80,245,93,237,106,229,119,219,132,208,143,196,154,184,164,171,175,157,183,142,191,127,199,111,205,95,211,78,216,61,220,44,222,27,225,8,225,-8,225,-27,225,-44,222,-61,220,-78,216,-95,211,-111,205,-127,199,-142,191,-157,183,-171,175,-184,164,-196,154,-208,143,-219,132,-229,119,-237,106,-245,93,-252,80,-258,65,-262,51,-266,37,-268,22,-269,7,-63,-1,-737,-1952,0,-527,-13,0]]]
5487811	p	5454711
7839240	n	-106.7573,35.276,-106.567,35.3944	[[[-1067573,353806,152,-1,-7,-132,161,-5,-10,-142,-253,-4,118,-163,-22,-9,-40,-2,0,-3,1446,-585,16,12,15,35,20,2,8,32,18,21,118,59,35,62,30,29,82,39,1,17,-31,3,-115,0,-10,-8,-33,9,0,18,-20,20,-1,17,52,2,4,80,132,5,0,17,36,0,0,16,1,22,-38,3,1,26,-74,55,-529,308,-29,39,-21,75,-369,3,3,144,-179,-1,-7,-137,-163,3,8,140,-207,5,-148,12,-150,-1,-1,-137]]]
5490263	r	-106.4181,35.2989,-105.4617,36.0811	[[[-1064181,356957,3166,-3737,77,-24,300,-74,305,-58,309,-42,311,-25,313,-8,313,8,311,25,309,42,305,58,300,74,292,90,286,106,276,121,265,135,255,149,242,162,228,175,214,187,199,198,182,208,165,217,148,226,129,233,110,240,91,245,71,249,51,252,31,255,10,256,-10,256,-31,255,-51,252,-71,249,-91,245,-110,240,-129,233,-148,226,-165,217,-182,208,-199,198,-214,187,-228,175,-242,162,-255,149,-265,135,-276,121,-286,106,-292,90,-300,74,-305,58,-309,42,-311,25,-313,8,-313,-8,-311,-25,-309,-42,-305,-58,-300,-74,-292,-90,-286,-106,-276,-121,-265,-135,-255,-149,-242,-162,-228,-175,-214,-187,-199,-198,-182,-208,-165,-217,-148,-226,-129,-233,-110,-240,-91,-245,-71,-249,-51,-252,-31,-255,-8,-199]]]
5781061	p	5784549
5409059	p	5368361
5111412	p	5128581
5799841	p	5809844
5372205	r	-117.2581,33.61,-117.0373,33.8613	[[[-1172581,337139,1,-291,43,1,0,36,132,1,1,-36,46,0,8,-59,-2,-13,-53,1,0,-73,237,2,0,-37,-44,0,0,-38,-23,0,1,-73,-1,0,1,-291,173,0,0,1,43,-1,1,-36,101,-1,0,-11,30,0,1,48,173,1,-1,145,49,0,7,-73,116,0,0,3,18,-4,25,0,0,-5,266,-56,0,-10,43,0,805,-170,11,0,-233,1335,-28,-11,0,13,-72,1,0,12,-10,11,3,10,32,0,0,111,49,1,-180,1030,-55,-13,-935,-950,-2,-73,-43,0,0,-27,-30,0,11,-23,-25,15,-1,-39,44,0,1,-44,42,5,1,-34,-44,0,1,-73,-85,0,-1,73,-302,0,1,-153,-10,-32,10,0,2,-101,-133,-1,11,24,47,6,0,16,5,0,0,15,-39,0,7,23,-15,6,-30,-8,2,-14,-34,-12,0,-58,-170,-2]]]
5376890	p	5358705
5403191	r	-121.6207,37.4194,-121.2482,37.9026	[[[-1216207,377847,917,-3303,31,-112,48,-47,188,-138,197,-26,263,-20,263,-7,263,7,263,20,260,35,256,47,173,42,603,1647,-1130,2513,-1289,521,-1306,-1179]]]
5337561	p	5389489
5713587	r	-121.719,43.7641,-120.901,44.3559	[[[-1217190,440600,9,-194,26,-192,44,-191,61,-189,78,-185,94,-181,110,-177,126,-170,142,-165,156,-157,169,-150,183,-141,196,-132,206,-123,218,-113,227,-102,236,-92,244,-79,250,-69,257,-56,260,-44,264,-31,267,-19,267,-7,267,7,267,19,264,31,260,44,257,56,250,69,244,79,236,92,227,102,218,113,206,123,196,132,183,141,169,150,156,157,142,165,126,170,110,177,94,181,78,185,61,189,44,191,26,192,9,194,-9,194,-26,192,-44,191,-61,189,-78,185,-94,181,-110,177,-126,170,-142,165,-156,157,-169,150,-183,141,-196,132,-206,123,-218,113,-227,102,-236,92,-244,79,-250,69,-257,56,-260,44,-264,31,-267,19,-267,7,-267,-7,-267,-19,-264,-31,-260,-44,-257,-56,-250,-69,-244,-79,-236,-92,-227,-102,-218,-113,-206,-123,-196,-132,-183,-141,-169,-150,-156,-157,-142,-165,-126,-170,-110,-177,-94,-181,-78,-185,-61,-189,-44,-191,-26,-192,-9,-194]]]
4987990	r	-83.6292,42.0175,-83.309,42.4008	[[[-836292,424008,686,-3779,37,-7,255,-31,213,-16,935,1783,695,717,381,7,-3,73,-293,-5,0,13,133,137,-67,277,-335,213,0,3,142,0,8,-69,27,1,-1,23,9,1,6,18,39,3,52,28,251,8,-6,146,-1172,-27,-12,282,-223,142,-21,-6,-1736,65]]]
4161785	n	-81.73,26.4138,-81.3687,26.8461	[[[-817300,264909,2124,-771,160,68,212,114,198,132,182,149,166,165,147,178,126,190,106,201,83,209,60,215,36,219,12,222,-12,222,-36,219,-60,215,-83,209,-106,201,-126,190,-147,178,-166,165,-182,149,-198,132,-212,114,-223,95,-232,75,-239,54,-244,32,-246,11,-246,-11,-244,-32,-239,-54,-232,-75,-139,-59,0,-3321]]]
5119347	p	5128581
5018739	p	5037649
4916118	p	4887398
4356050	n	-77.4439,39.0573,-77.0207,39.3678	[[[-774439,392515,435,-1603,1064,-237,195,-102,830,439,19,58,15,24,14,-5,-12,9,1,2,1,1,20,43,36,48,14,9,22,-11,8,9,21,-11,15,17,41,-25,13,12,11,-6,10,-8,-12,-12,17,-9,9,-5,1445,765,-704,1609,-42,96,-59,-88,-79,46,-209,98,-3139,-1163]]]
5096699	p	5128581
5024719	r	-92.6903,46.3799,-91.5297,47.1802	[[[-926903,467800,12,-262,37,-260,62,-259,86,-255,111,-250,133,-245,157,-239,179,-231,201,-222,221,-213,241,-202,259,-191,278,-179,293,-166,309,-153,322,-138,335,-124,346,-108,356,-92,363,-76,370,-59,374,-43,378,-26,380,-8,380,8,378,26,374,43,370,59,363,76,356,92,346,108,335,124,322,138,309,153,293,166,278,179,259,191,241,202,221,213,201,222,179,231,157,239,133,245,111,250,86,255,62,259,37,260,12,262,-12,262,-37,260,-62,259,-86,255,-111,250,-133,245,-157,239,-179,231,-201,222,-221,213,-241,202,-259,191,-278,179,-293,166,-309,153,-322,138,-335,124,-346,108,-356,92,-363,76,-370,59,-374,43,-378,26,-380,8,-380,-8,-378,-26,-374,-43,-370,-59,-363,-76,-356,-92,-346,-108,-335,-124,-322,-138,-309,-153,-293,-166,-278,-179,-259,-191,-241,-202,-221,-213,-201,-222,-179,-231,-157,-239,-133,-245,-111,-250,-86,-255,-62,-259,-37,-260,-12,-262]]]
4887158	r	-88.6465,39.807,-87.8335,40.433	[[[-886465,401200,9,-205,26,-204,43,-202,50,-166,678,-1091,34,-37,169,-159,182,-149,194,-140,205,-130,217,-119,225,-108,235,-97,242,-84,249,-73,255,-59,259,-47,262,-33,265,-20,266,-7,266,7,265,20,262,33,259,47,255,59,249,73,242,84,235,97,225,108,217,119,205,130,194,140,182,149,169,159,155,166,140,174,126,181,110,186,93,192,78,196,60,199,43,202,26,204,9,205,-9,205,-26,204,-43,202,-60,199,-78,196,-93,192,-110,186,-126,181,-140,174,-155,166,-169,159,-182,149,-194,140,-205,130,-217,119,-225,108,-235,97,-242,84,-249,73,-255,59,-259,47,-262,33,-265,20,-266,7,-266,-7,-265,-20,-262,-33,-259,-47,-255,-59,-249,-73,-242,-84,-235,-97,-225,-108,-217,-119,-205,-130,-194,-140,-182,-149,-169,-159,-155,-166,-140,-174,-126,-181,-110,-186,-93,-192,-78,-196,-60,-199,-43,-202,-26,-204,-9,-205]]]
4903360	p	4887398
5336537	p	5384170
5323060	p	5368361
5779206	r	-112.364,41.14,-111.576,41.5064	[[[-1123640,412200,8,-195,26,-194,42,-193,58,-190,11,-28,7590,0,11,28,58,190,42,193,26,194,8,195,-8,195,-26,194,-42,193,-58,190,-75,187,-91,183,-106,178,-122,172,-136,166,-150,158,-164,151,-176,143,-142,101,-3743,653,-168,-39,-241,-68,-235,-81,-227,-92,-219,-103,-210,-114,-199,-124,-188,-133,-176,-143,-164,-151,-150,-158,-136,-166,-122,-172,-106,-178,-91,-183,-75,-187,-58,-190,-42,-193,-26,-194,-8,-195]]]
5386834	r	-122.4328,37.2005,-122.1627,37.5528	[[[-1224328,374144,36,-71,176,-324,29,-107,84,-45,-22,-192,-49,-455,-27,-262,-83,-165,19,-184,58,-70,28,-108,7,-40,14,-7,224,-81,93,-28,252,211,306,345,1535,2439,5,0,0,8,16,26,-16,1,-70,1,-118,40,-99,78,-143,21,84,93,-4,82,-110,49,-202,49,-91,21,-54,59,-24,-2,-49,-56,1,-22,5,-10,-41,-29,-30,-4,-12,-14,0,-12,-59,-42,-2,-2,-1667,-1191]]]
5786899	r	-122.9457,48.4504,-122.0236,48.9925	[[[-1229457,486947,52,-148,88,-194,108,-190,126,-184,144,-179,126,-134,69,19,125,80,-484,558,47,86,-5,50,-27,58,-15,111,44,93,95,25,96,-35,44,-83,25,-108,140,-276,245,-287,103,-82,101,-36,121,22,35,56,9,68,41,59,432,205,63,46,51,97,-1120,443,-388,34,-214,-7,-113,-30,-164,-137]],[[-1228135,489518,54,-173,492,14,131,-182,-41,-52,-92,-65,-93,-86,-41,-109,43,-125,106,-98,434,-260,104,-108,32,-152,-43,-243,89,129,190,-74,188,-161,86,-136,-33,-54,-140,-102,-33,-52,29,-110,72,-93,97,-44,107,42,299,362,162,155,191,64,198,-32,248,-87,164,-99,-24,-21,91,-39,73,-122,-2,-2,-164,-178,-80,-71,28,-44,12,-6,-10,-13,-40,-168,225,-74,-4,-53,59,-260,45,-103,85,-85,88,-35,88,-26,86,-53,136,-201,40,-226,-73,-185,-205,-77,-172,53,-398,234,-215,55,-204,-33,110,-88,401,-190,124,-140,92,-142,59,-165,32,-266,24,-98,27,-62,-7,-62,-81,-92,-111,-42,100,-3,305,7,304,20,301,33,297,46,292,59,286,71,278,84,269,95,259,107,248,118,236,129,223,138,209,148,193,157,178,164,161,172,144,179,126,184,108,190,88,194,70,197,49,200,30,202,10,202,-10,202,-30,202,-49,200,-70,197,-88,194,-108,190,-126,184,-144,179,-161,172,-178,164,-193,157,-209,148,-219,136,-5709,0,119,-157,95,-176,-459,56,-235,-25,-125,-105]],[[-1227370,485771,141,-289,86,-63,113,0,89,16,60,35,22,100,66,75,48,43,-40,41,-152,130,-27,64,-65,81,-126,56,-113,-45,-86,-111,-16,-133]],[[-1227203,487249,38,-97,134,-73,237,-197,172,-179,71,-56,215,-130,131,-58,74,25,-22,102,-61,99,-70,86,-68,62,-122,74,-149,70,-91,71,-271,299,-167,44,-51,-142]],[[-1227049,484863,32,-20,54,-19,77,-23,57,-9,49,-23,95,-29,286,-71,292,-59,297,-46,301,-33,304,-20,185,-4,-123,25,-129,72,-238,211,-173,80,-126,-50,2,-262,-163,163,-163,257,-197,160,-269,-133,-126,-40,-166,8,-133,-18,-25,-117]]]
4401242	r	-91.136,38.4696,-90.4924,39.1521	[[[-911360,388100,9,-224,28,-223,46,-220,65,-218,83,-215,100,-209,118,-204,135,-197,150,-191,167,-181,181,-174,195,-163,208,-153,221,-142,231,-130,243,-119,251,-105,260,-92,267,-79,273,-65,278,-51,282,-37,165,-12,74,331,14,-3,250,-46,253,-33,256,-19,257,-7,125,3,4,16,530,2527,11,0,4,-33,-5,-6,7,1,6,-9,18,0,25,11,10,-9,5,73,42,0,4,-6,6,20,16,8,-2,10,-21,4,3,-7,-8,-4,-9,18,-58,-14,-5,15,-9,-1,-9,30,47,8,-5,10,17,6,-101,120,39,20,-26,31,39,20,25,-29,21,11,-2,2,-8,10,11,7,-11,13,4,2,1,0,-2,2,-4,5,-2,3,-31,-5,-4,5,-37,-19,-21,0,-27,1,4,121,67,-1,13,6,-37,9,-20,-7,2,9,-41,23,3,8,9,-2,-9,51,21,5,-32,49,118,39,4,79,10,3,-10,3,2,51,93,-1,-16,138,12,-3,18,-27,19,0,527,2514,6,28,-114,34,-246,58,-250,46,-253,33,-184,14,76,340,-254,46,-282,37,-284,22,-285,7,-285,-7,-284,-22,-282,-37,-278,-51,-273,-65,-267,-79,-260,-92,-251,-105,-243,-119,-231,-130,-221,-142,-208,-153,-195,-163,-181,-174,-167,-181,-150,-191,-135,-197,-118,-204,-100,-209,-83,-215,-65,-218,-46,-220,-28,-223,-9,-224]]]
4067994	p	4049979
4163971	p	4167499
4832353	r	-73.8512,41.2436,-73.1949,41.7031	[[[-738512,414000,8,-198,26,-198,24,-112,339,-227,115,-77,259,-138,1,0,932,-496,713,-117,2460,223,304,142,1238,929,5,6,138,189,-1931,3066,-95,12,-262,20,-262,6,-262,-6,-262,-20,-259,-32,-255,-45,-252,-58,-245,-69,-240,-82,-231,-94,-223,-104,-214,-116,-203,-126,-191,-135,-180,-145,-166,-153,-153,-162,-139,-168,-124,-175,-108,-180,-92,-186,-77,-190,-59,-193,-43,-195,-26,-198,-8,-198]]]
4833505	p	4839822
4688275	r	-98.4672,26.2207,-97.8233,26.6804	[[[-984672,265601,337,-455,1310,-1770,7,37,76,-11,4,24,159,-24,26,143,172,-26,205,1148,27,-4,-23,-125,9,-1,-154,-880,34,-5,-10,-56,17,-3,-16,-86,214,-32,-9,-54,-40,6,-10,-52,41,-6,-7,-38,41,-6,-3,-20,-41,6,-4,-19,-70,11,3,-19,-9,-53,-23,-25,75,-11,-13,-77,25,-4,6,36,20,-4,-5,-35,180,-26,-38,-222,88,-12,-14,-80,44,-2,-41,-246,128,-18,119,-17,44,-6,5,29,24,-3,-5,-30,34,-4,8,29,145,-18,-6,-32,37,-5,6,32,2151,-273,1159,3079,-23,30,-175,192,-189,182,-201,170,-213,158,-225,145,-234,131,-243,118,-251,102,-258,88,-264,72,-269,57,-272,40,-274,25,-276,8,-276,-8,-274,-25,-272,-40,-269,-57,-264,-72,-258,-88,-251,-102,-243,-118,-234,-131,-225,-145,-213,-158,-201,-170,-92,-89]],[[-982991,263331,144,-194,112,10,2,16,0,-16,107,11,141,-18,1,8,10,-2,11,67,-24,3,25,140,-157,23,-16,-90,-8,2,-1,-8,-76,12,-8,-44,-219,31,-10,5,4,40,-38,4]],[[-982808,263083,46,-61,19,7,13,80,-40,5,-6,-35,-32,4]],[[-982747,263001,147,-94,20,-3,2,9,24,-2,-3,-13,20,0,-7,-38,29,-3,-15,-17,-3,-15,87,-15,8,46,-42,7,-1,22,30,39,17,-2,4,29,53,-7,-3,-15,34,-6,-6,-33,-6,1,-1,-9,5,-1,-9,-51,39,-6,8,44,20,38,11,55,-81,13,-5,5,7,44,-25,3,1,-13,-22,-21,-8,1,5,35,-39,6,6,36,-40,5,6,36,-164,18,-5,-31,-41,6,-18,-108,-39,5]],[[-982360,263045,88,-13,4,19,-30,5,2,16,-50,7,-9,-2,-5,-32]]]
4174402	p	4155966
4254679	r	-86.901,38.8703,-86.159,39.4496	[[[-869010,391600,8,-189,24,-189,40,-187,55,-185,70,-181,86,-177,100,-173,114,-167,128,-161,142,-154,154,-146,166,-139,177,-129,188,-121,197,-110,206,-100,214,-89,221,-79,228,-66,232,-55,236,-43,240,-31,241,-19,243,-6,243,6,241,19,240,31,236,43,232,55,228,66,221,79,214,89,206,100,197,110,188,121,177,129,166,139,154,146,142,154,128,161,114,167,100,173,86,177,70,181,55,185,40,187,24,189,8,189,-8,189,-24,189,-40,187,-55,185,-70,181,-86,177,-100,173,-114,167,-128,161,-116,125,-1623,963,-154,45,-232,55,-236,43,-240,31,-241,19,-243,6,-243,-6,-241,-19,-240,-31,-236,-43,-232,-55,-228,-66,-221,-79,-214,-89,-206,-100,-197,-110,-188,-121,-177,-129,-166,-139,-154,-146,-142,-154,-128,-161,-114,-167,-100,-173,-86,-177,-70,-181,-55,-185,-40,-187,-24,-189,-8,-189]]]
4888015	p	4887398
5356277	r	-117.0812,33.4904,-116.6985,33.9328	[[[-1170812,338613,180,-1030,-49,-1,0,-111,-32,0,-3,-10,10,-11,0,-12,72,-1,0,-13,28,11,233,-1335,2582,-1136,138,-60,18,9,198,119,188,129,177,139,87,77,-373,3951,-3221,-512,-233,-203]]]
5392528	p	5368361
5552450	p	5308655
6331909	r	-84.2859,33.8742,-83.8238,34.3074	[[[-842859,340209,52,-5,-3,-91,12,-29,28,-26,8,-45,19,-29,8,-29,3,-56,-5,-11,44,-34,19,10,41,-4,0,-27,17,-65,-11,-34,45,-52,-95,-45,-12,-22,-36,-26,-5,5,-5,-5,1,-12,212,-220,1175,-615,2810,335,12,22,87,192,71,197,56,200,40,202,25,205,8,205,-8,205,-25,205,-40,202,-56,200,-71,197,-87,192,-101,187,-116,181,-130,175,-144,167,-156,158,-168,150,-180,141,-190,130,-200,120,-209,108,-125,56,-122,-140,-1736,-1986,3,-5,39,-36,1,-22,17,0,3,8,2,-12,13,1,12,-15,-22,0,3,-22,18,-12,0,-80,-23,-29,-48,0,1,-35,-68,0,1,-18,-13,0,0,-17,7,-3,-107,-46,-40,-29,-31,-40,7,-21,0,-89,23,1,-1,-19,-30,0,6,31,-5,12,-32,9,32,-11,4,-9,-11,-42,-21,0,-13,10,-86,1,-1,-87,-33,-15,-5,-14,-14,15,-37,2,-1,26,-10,-1,-2,9,-10,4,-21,38,-41,0,-27,-9,-5,-6,17,-20,-9,0,2,-49,-35,-21,-16,38,6,15,-9,17,-26,1,1,-11,-1,0,0,-23,11,-1,1,-46,32,-5,-1,-11,-25,0,-6,-9,-45,0,-2,-33,-8,-4,-78,0]]]
4711725	r	-98.67,26.128,-98.2616,26.5146	[[[-986700,262552,53,-46,110,-63,131,-25,590,205,288,-140,313,-74,286,-103,106,-119,10,12,97,8,44,18,42,32,31,6,22,-17,12,13,77,-23,8,5,34,3,21,-14,9,-15,128,-38,239,-125,-3,0,-14,-83,11,11,-24,-142,25,-5,35,-19,29,157,73,-8,-17,-98,22,-1,9,-17,28,-24,33,19,1,11,35,-2,9,-13,5,23,28,-44,13,71,35,-5,-57,-147,0,-100,67,-20,-6,-35,44,1,22,16,1,3,6,0,2,10,-12,32,-23,29,-2,12,52,36,25,6,13,-8,9,-30,-11,-81,1,-6,99,-1,1,12,23,48,28,13,58,-7,22,-8,17,-20,3,-49,-16,-29,-4,-4,24,-26,79,-109,-40,-23,-51,1,-7,-6,7,-18,12,5,-4,8,5,2,35,-4,29,5,25,15,92,-126,71,55,35,-4,21,67,-77,10,-36,31,4,28,79,-12,7,39,40,-6,8,41,38,-6,6,37,80,-9,57,338,94,557,51,300,-38,6,-3,-9,-30,4,-8,4,1,10,39,-5,0,39,6,1,1,15,-2,-37,39,-5,6,36,39,-6,4,25,-131,177,-41,6,1,5,25,10,-46,61,-288,39,6,37,200,-27,43,5,-144,194,-66,7,9,10,-7,1,3,18,25,-3,2,12,-1310,1770,-65,-18,-210,-72,-204,-83,-198,-95,-190,-107,-182,-118,-173,-128,-164,-139,-153,-147,-142,-157,-130,-164,-119,-172,-105,-179,-93,-184,-79,-189,-65,-194,-50,-197,-37,-199,-6,-52],[-983877,261949,7,36,40,-10,-4,-5,-35,-18,-2,-8,-6,5]]]
5012639	r	-83.2557,42.5338,-83.0869,42.9547	[[[-832557,428088,391,-1738,-259,-767,362,-115,201,10,0,-4,-73,-2,1,-23,77,-92,-2,38,7,4,184,4,6,0,-4,76,196,4,3,-77,199,5,1,-73,398,10,-46,894,-5,108,-30,684,-2,10,1,0,-3,81,-8,0,-314,2391,-3,26,-221,5,-260,-6,-260,-19,-257,-32,-26,-4,-254,-1398]]]
5331575	p	5392900
13157343	p	5368361
4167538	r	-81.6756,29.2757,-81.0924,29.9884	[[[-816756,295900,10,-267,30,-265,50,-263,69,-260,88,-255,108,-250,125,-243,144,-235,161,-227,177,-216,194,-207,208,-194,222,-183,109,-78,462,147,3675,1168,-456,979,-403,804,-63,182,-45,205,-209,423,-155,433,-134,275,-112,323,-57,199,-58,495,-49,142,-54,230,-19,137,-56,96,-86,-65,-58,11,61,321,-199,622,-229,-47,-292,-77,-285,-94,-277,-110,-269,-126,-259,-141,-247,-155,-236,-169,-222,-183,-208,-194,-194,-207,-177,-216,-161,-227,-144,-235,-125,-243,-108,-250,-88,-255,-69,-260,-50,-263,-30,-265,-10,-267]]]
4110486	r	-94.5762,35.7212,-93.7437,36.184	[[[-945762,360600,9,-222,26,-220,45,-219,61,-216,80,-212,95,-207,113,-202,128,-196,144,-188,159,-180,173,-172,186,-161,199,-152,210,-141,222,-129,231,-117,240,-104,248,-92,255,-78,261,-64,265,-51,269,-36,271,-21,272,-8,272,8,271,21,269,36,265,51,261,64,255,78,248,92,240,104,231,117,222,129,210,141,199,152,186,161,173,172,159,180,144,188,128,196,113,202,95,207,80,212,61,216,45,219,26,220,9,222,-2,62,-24,3,-3671,539,3,138,19,0,0,11,11,0,8,-2,1,-10,139,-3,2,37,-45,0,0,-18,-46,1,2,54,-67,1,-1,-8,-21,0,0,9,-12,0,1,19,-11,-7,-1,-11,-22,1,1,35,45,-1,1,37,-135,2,-1,-80,-46,-13,-44,4,-1,-18,-89,1,-12,-48,-23,-1,1,-21,-20,-2,-24,7,-17,-17,-10,5,-8,-7,-23,-3,0,-27,-3845,564,-47,7,-69,-151,-80,-212,-61,-216,-45,-219,-26,-220,-9,-222]]]
4876523	r	-96.8903,42.1361,-95.9097,42.8639	[[[-968903,425000,11,-238,31,-237,53,-235,73,-232,93,-228,113,-223,132,-217,151,-210,170,-202,187,-193,203,-184,219,-174,235,-163,248,-151,260,-139,273,-125,283,-113,292,-98,300,-84,307,-69,313,-54,316,-39,319,-23,321,-8,321,8,319,23,316,39,313,54,307,69,300,84,292,98,283,113,273,125,260,139,248,151,235,163,219,174,203,184,187,193,170,202,151,210,132,217,113,223,93,228,73,232,53,235,31,237,11,238,-11,238,-31,237,-53,235,-73,232,-93,228,-113,223,-132,217,-151,210,-170,202,-187,193,-203,184,-219,174,-235,163,-248,151,-260,139,-273,125,-283,113,-292,98,-300,84,-307,69,-313,54,-316,39,-319,23,-321,8,-321,-8,-319,-23,-316,-39,-313,-54,-307,-69,-300,-84,-292,-98,-283,-113,-273,-125,-260,-139,-248,-151,-235,-163,-219,-174,-203,-184,-187,-193,-170,-202,-151,-210,-132,-217,-113,-223,-93,-228,-73,-232,-53,-235,-31,-237,-11,-238]]]
5364514	p	5392900
5372253	r	-120.8478,36.9774,-120.0772,37.6226	[[[-1208478,371688,65,-115,124,-186,139,-179,154,-172,167,-163,180,-154,193,-145,204,-134,214,-123,224,-111,232,-100,240,-87,247,-74,252,-61,257,-48,260,-35,263,-20,263,-7,161,4,3860,3030,7,192,-8,211,-26,210,-43,208,-60,206,-76,202,-93,198,-109,192,-124,186,-139,179,-154,172,-167,163,-180,154,-193,145,-204,134,-214,123,-224,111,-232,100,-240,87,-247,74,-252,61,-257,48,-260,35,-263,20,-263,7,-11,0,-3667,-4538]]]
4707814	r	-95.1096,32.1572,-94.3363,32.8428	[[[-951096,326375,1867,-4429,44,-20,240,-93,247,-79,253,-65,257,-51,261,-36,263,-22,264,-8,264,8,263,22,261,36,257,51,253,65,247,79,240,93,233,106,225,118,214,131,205,142,192,153,181,164,168,173,153,183,140,190,124,198,109,204,93,210,77,215,60,218,43,222,26,223,9,224,-9,224,-26,223,-43,222,-60,218,-77,215,-93,210,-109,204,-124,198,-140,190,-153,183,-168,173,-181,164,-192,153,-205,142,-214,131,-225,118,-233,106,-240,93,-247,79,-253,65,-257,51,-261,36,-263,22,-264,8,-264,-8,-263,-22,-261,-36,-257,-51,-253,-65,-247,-79,-240,-93,-233,-106,-225,-118,-214,-131,-205,-142,-192,-153,-181,-164,-168,-173,-153,-183,-140,-190,-124,-198,-76,-141]]]
4677008	p	4682464
5014681	p	4987990
5225507	p	5224151
5364855	p	5368361
4992523	r	-83.8487,42.3943,-83.2951,42.6512	[[[-838487,425891,304,-261,1891,-1622,1736,-65,21,6,211,146,-13,294,87,3,1082,28,-31,654,231,5,17,171,-256,0,-2,44,-1063,-30,-1240,788,-2533,460,-34,-36,-140,-167,-126,-174,-110,-180,-32,-64]],[[-833168,424420,4,-86,125,22,7,68,-136,-4]]]
7310164	r	-111.7778,32.9114,-111.1678,33.487	[[[-1117778,330976,3950,-1862,130,49,209,95,201,105,193,116,183,127,173,136,162,146,150,155,138,162,125,169,112,176,98,182,83,187,69,191,54,195,39,197,23,198,8,200,-8,200,-23,198,-39,197,-54,195,-69,191,-83,187,-98,182,-112,176,-125,169,-138,162,-150,155,-162,146,-173,136,-183,127,-193,116,-201,105,-209,95,-216,82,-222,70,-227,58,-116,23,-89,-72,-1271,-1312,2,-239,-86,0,-10,-37,0,-74,-16,0,0,-71,-78,1,0,-5,4,-5,186,2,1,-282,-509,4,0,133,-8,0,-1,-133,-168,1,-424,-438,-1,-2,66,2,-1,-72,-39,0,2,-43,-26,0,0,-10,-12,0,0,-8,12,0,0,-15,-87,-2,0,-55,-38,0,-4,-6,0,-12,-8,0,-11,-19,61,0,0,-36,-67,0,-8,-19,-10,0,0,15,-661,-1085]],[[-1116347,332962,1,-39,167,-1,132,1,0,37,16,0,3,107,57,1,0,67,-58,-1,1,156,-319,-328]]]
4588165	p	4574324
5221659	p	5224151
4161580	p	4151316
4159050	r	-80.8115,25.1732,-80.1914,25.6098	[[[-808114,254700,7,-197,21,-196,36,-195,49,-192,63,-188,76,-185,90,-179,102,-174,114,-168,127,-160,137,-152,149,-144,158,-135,167,-125,177,-115,184,-104,191,-93,28,-11,91,18,-18,-45,-4,-2,101,-41,18,-6,75,123,71,219,98,161,151,46,402,5,130,18,39,-65,12,-29,10,-43,-88,-15,-46,-23,-28,-40,-36,-64,68,-32,55,-44,44,-56,31,-67,173,99,198,-23,151,-128,31,-221,75,0,-32,204,-121,156,-182,94,-217,18,124,129,198,85,156,12,-1,-152,138,-44,195,-260,151,-112,5,93,-128,114,-121,148,27,197,12,110,171,178,34,92,19,85,47,75,452,468,364,290,12,123,-73,80,-125,65,-82,80,74,188,80,139,-38,53,-70,42,-46,56,-32,214,19,184,84,183,165,210,7,18,-478,232,-4088,519,-38,-66,-90,-179,-76,-185,-63,-188,-49,-192,-36,-195,-21,-196,-7,-197]],[[-804000,251778,58,12,207,58,115,39,87,169,328,427,292,343,49,101,20,77,50,118,67,115,68,65,42,22,36,28,32,38,33,55,-218,81,-172,-98,-269,-358,-131,-75,-321,-73,-63,-61,37,-113,76,-54,75,-66,24,-145,-95,-209,-370,-365,-57,-131]],[[-802380,254060,29,-11,26,-2,13,-13,143,121,134,211,96,226,25,148,-114,55,-129,-475,-87,-159,-136,-101]]]
4786714	p	4788158
5552301	p	5308655
5404119	p	5392900
5375480	p	5392171
5376095	r	-122.4988,38.1871,-122.1438,38.5998	[[[-1224988,383723,459,-1459,421,-393,2249,214,421,1337,-797,2528,-170,22,-247,19,-248,7,-248,-7,-247,-19,-245,-32,-205,-37,-1143,-2180]]]
4951257	p	4930956
4160711	p	4164138
4941720	r	-71.3315,42.5627,-70.9992,42.9103	[[[-713315,427432,969,-800,790,-1005,463,51,1101,894,-1074,781,-20,0,-70,58,-2,9,-3,2,-3,20,-44,48,-52,35,-38,55,-8,28,-518,335,116,107,-752,1053,-556,-341,-299,-1330]]]
5166177	p	5150529
5128549	p	5128581
4771075	r	-79.5593,37.0747,-78.7206,37.7453	[[[-795593,374100,386,-1401,47,-82,129,-194,145,-186,160,-178,174,-170,187,-160,200,-150,213,-139,223,-128,233,-116,242,-103,249,-91,257,-77,263,-64,267,-50,271,-35,273,-22,274,-7,274,7,273,22,271,35,267,50,263,64,257,77,249,91,242,103,233,116,223,128,213,139,200,150,187,160,174,170,160,178,145,186,129,194,114,200,96,205,80,210,62,214,45,216,27,219,9,219,-9,219,-27,219,-45,216,-62,214,-80,210,-96,205,-114,200,-129,194,-145,186,-160,178,-174,170,-187,160,-200,150,-213,139,-223,128,-233,116,-242,103,-249,91,-257,77,-263,64,-267,50,-271,35,-273,22,-274,7,-274,-7,-273,-22,-271,-35,-267,-50,-263,-64,-257,-77,-249,-91,-242,-103,-233,-116,-223,-128,-213,-139,-200,-150,-187,-160,-174,-170,-160,-178,-145,-186,-129,-194,-114,-200,-96,-205,-80,-210,-62,-214,-45,-216,-27,-219,-9,-219]]]
5740099	r	-123.2885,42.0259,-122.4715,42.6341	[[[-1232885,423300,8,-199,26,-198,44,-196,61,-194,77,-190,94,-187,111,-181,126,-175,141,-169,156,-162,169,-154,183,-145,195,-136,207,-126,217,-116,227,-105,236,-94,244,-82,250,-70,256,-58,260,-45,264,-33,266,-19,267,-7,267,7,266,19,264,33,260,45,256,58,250,70,244,82,236,94,227,105,217,116,207,126,195,136,183,145,169,154,156,162,141,169,126,175,111,181,94,187,77,190,61,194,44,196,26,198,8,199,-8,199,-26,198,-44,196,-61,194,-77,190,-94,187,-111,181,-126,175,-141,169,-156,162,-169,154,-183,145,-195,136,-207,126,-217,116,-227,105,-236,94,-244,82,-250,70,-256,58,-260,45,-264,33,-266,19,-267,7,-267,-7,-266,-19,-264,-33,-260,-45,-256,-58,-250,-70,-244,-82,-236,-94,-227,-105,-217,-116,-207,-126,-195,-136,-183,-145,-169,-154,-156,-162,-141,-169,-126,-175,-111,-181,-94,-187,-77,-190,-61,-194,-44,-196,-26,-198,-8,-199]]]
4153071	p	4148411
5400784	p	5393049
5383777	r	-122.0178,37.536,-121.7867,37.7786	[[[-1220178,377216,21,-196,90,-266,35,4,-1,33,68,1,-1,9,247,2,0,-41,213,2,8,-74,91,1,1,-34,88,0,0,-10,57,0,32,0,0,-30,0,-43,-11,0,24,-46,10,0,2,-25,-106,0,-32,15,-13,-8,-50,-1,-93,0,1,147,-190,1,0,42,-78,7,-56,-19,-38,-32,-23,0,4,40,-111,-2,0,-13,23,-10,9,-17,-7,1,-4,-39,2,-31,417,-212,30,-43,3,0,15,-14,0,-14,6,-8,10,4,17,-24,11,2,14,-50,-6,0,7,-12,18,1,-2,-24,109,-161,993,-631,457,-38,-241,845,7,-4,20,54,57,40,7,56,24,20,3,31,-14,31,-41,43,-12,45,-85,34,-67,3,-101,353,-53,1,0,15,-118,0,1,17,0,53,19,10,123,0,-2,8,6,0,-1,77,11,0,-1,145,-79,1,-12,42,0,31,-9,0,-30,104,69,371,-424,-135,-2,-65,16,-11,-32,-47,2,-74,-8,-30,-17,3,-34,-13,-87,61,-162,-1,-8,-31,-7,-1,30,-95,17,-19,2,-21,-277,-68,-111,-27,-15,2,5,10,-88,138,-11,-4,-7,9,-14,-1,-18,9,-7,11,-535,-170],[-1218151,376355,6,-7,0,-15,-6,22],[-1218139,376313,54,-45,-31,-36,-23,81]]]
4884442	p	4887398
5019335	p	5037649
5296266	p	5308655
5799610	p	7289169
5322737	p	5391959
4175538	p	4174757
5327422	p	5368361
5336545	p	5384170
4885164	r	-89.3977,40.1572,-88.5652,40.8088	[[[-893977,403894,55,-140,98,-199,115,-194,131,-187,146,-181,162,-173,177,-165,190,-155,202,-145,215,-135,226,-124,236,-113,245,-100,254,-88,260,-75,266,-62,270,-48,275,-35,44,-3,1447,57,162,29,266,62,260,75,254,88,245,100,236,113,226,124,215,135,202,145,190,155,177,165,162,173,146,181,131,187,115,194,98,199,81,204,63,207,45,210,27,212,9,213,-6,150,-344,0,7,150,-9,195,-25,195,-41,193,-58,190,-75,187,-89,183,-106,179,-120,172,-135,166,-149,159,-162,151,-175,143,-186,134,-198,124,-207,113,-217,104,-225,92,-233,81,-239,68,-245,57,-248,45,-252,31,-255,20,-255,6,-255,-6,-255,-20,-252,-31,-248,-45,-245,-57,-239,-68,-233,-81,-225,-92,-217,-104,-112,-61,-1215,-2573,-581,-1056]]]
6332439	p	4167147
4132093	r	-94.5428,36.0665,-93.7172,36.2783	[[[-945428,361900,3,-67,3845,-564,0,27,23,3,8,7,10,-5,17,17,24,-7,20,2,-1,21,23,1,12,48,89,-1,1,18,44,-4,46,13,1,80,135,-2,-1,-37,-45,1,-1,-35,22,-1,1,11,11,7,-1,-19,12,0,0,-9,21,0,1,8,67,-1,-2,-54,46,-1,0,18,45,0,-2,-37,-139,3,-1,10,-8,2,-11,0,0,-11,-19,0,-3,-138,3671,-539,73,157,78,210,61,214,44,216,27,219,9,219,-9,219,-27,219,-16,79,-4771,217,0,-4,-44,0,0,6,-3243,147,-5,-15,-61,-214,-44,-216,-27,-219,-9,-219]]]
5268249	r	-88.1486,42.5893,-87.3643,42.971	[[[-881486,427233,7380,-1340,34,47,113,183,96,189,79,192,61,196,45,199,26,200,9,201,-9,201,-26,200,-45,199,-61,196,-79,192,-96,189,-113,183,-128,177,-143,171,-159,164,-172,155,-186,147,-199,137,-163,99,-3868,-1031,-1935,-975,-461,-471]]]
4921100	p	4887398
5373327	p	5392171
4920607	r	-87.4435,41.262,-86.9144,41.9079	[[[-874435,417614,118,-1130,-14,17,2,-370,5,0,-1,-465,0,-2,95,0,317,-3027,128,-10,285,-7,285,7,284,21,281,35,277,49,273,62,267,76,260,88,251,101,242,114,232,125,220,136,208,147,195,156,181,166,166,175,150,182,135,189,117,196,101,201,83,205,64,209,47,212,28,213,9,215,-9,215,-28,213,-47,212,-64,209,-83,205,-101,201,-117,196,-135,189,-150,182,-166,175,-181,166,-195,156,-208,147,-220,136,-232,125,-242,114,-251,101,-260,88,-267,76,-273,62,-64,11,-1998,-1465]]]
5211303	r	-76.081,41.0997,-75.259,41.7203	[[[-760810,414100,9,-203,26,-202,44,-200,61,-198,78,-195,95,-190,111,-185,127,-179,142,-172,156,-165,171,-157,184,-148,196,-139,208,-129,219,-118,228,-108,237,-95,245,-84,252,-72,257,-59,262,-46,266,-33,267,-20,269,-6,269,6,267,20,266,33,262,46,257,59,252,72,245,84,237,95,228,108,219,118,208,129,196,139,184,148,171,157,156,165,142,172,127,179,111,185,95,190,78,195,61,198,44,200,26,202,9,203,-9,203,-26,202,-44,200,-61,198,-78,195,-95,190,-111,185,-127,179,-142,172,-156,165,-171,157,-184,148,-196,139,-208,129,-219,118,-228,108,-237,95,-245,84,-252,72,-257,59,-262,46,-266,33,-267,20,-269,6,-269,-6,-267,-20,-266,-33,-262,-46,-257,-59,-252,-72,-245,-84,-237,-95,-228,-108,-219,-118,-208,-129,-196,-139,-184,-148,-171,-157,-156,-165,-142,-172,-127,-179,-111,-185,-95,-190,-78,-195,-61,-198,-44,-200,-26,-202,-9,-203]]]
5325866	p	5368361
5785965	p	5812944
4257494	p	4259418
4407010	r	-95.2545,39.457,-94.4455,40.083	[[[-952545,397700,8,-205,26,-204,43,-202,60,-199,77,-196,94,-192,109,-187,125,-180,139,-174,155,-167,168,-158,180,-150,194,-140,204,-130,215,-119,225,-108,234,-97,241,-84,248,-72,253,-60,258,-46,261,-34,263,-20,265,-6,265,6,263,20,261,34,258,46,253,60,248,72,241,84,234,97,225,108,215,119,204,130,194,140,180,150,168,158,155,167,139,174,125,180,109,187,94,192,77,196,60,199,43,202,26,204,8,205,-8,205,-26,204,-43,202,-60,199,-77,196,-94,192,-109,187,-125,180,-139,174,-155,167,-168,158,-180,150,-194,140,-204,130,-215,119,-225,108,-234,97,-241,84,-248,72,-253,60,-258,46,-261,34,-263,20,-265,6,-265,-6,-263,-20,-261,-34,-258,-46,-253,-60,-248,-72,-241,-84,-234,-97,-225,-108,-215,-119,-204,-130,-194,-140,-180,-150,-168,-158,-155,-167,-139,-174,-125,-180,-109,-187,-94,-192,-77,-196,-60,-199,-43,-202,-26,-204,-8,-205]]]
4718721	p	4709796
5404915	p	5385955
5349705	r	-121.2529,38.408,-120.7743,38.8611	[[[-1212529,386466,10,-15,266,-225,20,3,11,9,3,-5,46,15,60,-12,19,-28,-22,-7,-26,24,-48,-9,16,-11,-40,-12,2454,-2080,73,-33,141,69,216,121,205,133,194,142,181,153,169,161,154,170,140,177,126,184,109,190,94,195,77,200,60,203,43,206,26,207,9,209,-9,209,-26,207,-43,206,-60,203,-77,200,-94,195,-109,190,-126,184,-140,177,-36,40,-3650,-1266,-55,-114,0,-67,-30,2,-331,-700],[-1211886,387253,44,-1,0,-29,-13,0,0,-7,-23,0,5,12,-13,25]]]
4672731	r	-95.1309,29.5504,-94.5685,30.0238	[[[-951309,298411,161,-588,80,32,116,38,58,17,68,9,117,39,2,0,-119,-40,-68,-8,-58,-17,-123,-41,-73,-30,83,-300,11,14,58,35,35,71,44,35,67,22,67,-1,59,-20,74,-44,25,-24,45,-57,39,-97,4,-4,2,9,7,-12,23,1,2,8,60,34,103,-7,62,-106,-2,-14,41,-16,15,-6,41,-29,33,-40,20,-49,-2,-28,140,-37,1,0,-68,-39,1,-12,32,10,43,-28,-8,-1,35,-7,30,11,36,-9,73,13,5,-1,39,-14,20,-18,21,-24,0,-19,24,-3,10,-9,117,-14,92,-54,106,-45,67,-230,120,-114,132,24,303,81,131,173,143,345,223,322,-1,183,198,139,119,-103,211,12,132,35,159,58,105,0,146,-56,93,-161,67,-91,14,-161,66,-172,28,-218,-104,-459,-130,-390,-197,-322,-137,-182,-73,-106,1569,418,1,1,95,220,78,226,61,229,44,232,27,235,8,235,-8,235,-27,235,-44,232,-61,229,-78,226,-95,220,-111,214,-127,208,-142,200,-157,191,-171,182,-184,172,-197,161,-208,149,-132,84,-3882,-1827],[-950699,297958,22,-1,66,-29,-65,29,-23,1]],[[-951022,297363,251,-918,46,1,9,-11,1,-81,247,2,10,-50,72,25,-8,25,12,0,28,-155,134,-42,35,0,1,-10,116,1,-117,-2,323,-103,5,0,-66,76,-47,29,4,1,31,-20,-165,129,-57,185,70,152,229,153,-128,116,-103,69,-96,20,-103,20,-80,68,-135,27,-138,59,55,172,-1,0,-45,36,-36,42,-39,69,-14,43,-24,32,-72,41,-20,-7,-14,-37,-23,-33,-27,-24,-45,-25,-20,-35,-30,-28,-26,-12]],[[-950769,296440,32,-117,372,-118,-21,126,-77,-27,-9,44,-251,-2,0,87,-7,8,-39,-1]]]
5392593	p	5355933
4501018	p	4560349
4330236	r	-93.5958,29.8657,-92.8042,30.5543	[[[-935958,302100,9,-225,25,-224,42,-223,59,-219,75,-216,92,-211,106,-205,123,-199,136,-191,151,-183,164,-174,177,-165,190,-154,200,-143,210,-131,220,-119,229,-106,235,-93,243,-80,248,-65,252,-51,255,-37,258,-22,259,-7,259,7,258,22,255,37,252,51,248,65,243,80,235,93,229,106,220,119,210,131,200,143,190,154,177,165,164,174,151,183,136,191,123,199,106,205,92,211,75,216,59,219,42,223,25,224,9,225,-9,225,-25,224,-42,223,-59,219,-75,216,-92,211,-106,205,-123,199,-136,191,-151,183,-164,174,-177,165,-190,154,-200,143,-210,131,-220,119,-229,106,-235,93,-243,80,-248,65,-252,51,-255,37,-258,22,-259,7,-259,-7,-258,-22,-255,-37,-252,-51,-248,-65,-243,-80,-235,-93,-229,-106,-220,-119,-210,-131,-200,-143,-190,-154,-177,-165,-164,-174,-151,-183,-136,-191,-123,-199,-106,-205,-92,-211,-75,-216,-59,-219,-42,-223,-25,-224,-9,-225]]]
4997787	r	-86.0034,41.9821,-85.3542,42.5873	[[[-860034,422900,8,-201,27,-201,44,-199,62,-196,78,-193,95,-188,112,-184,128,-178,142,-171,158,-163,172,-156,185,-147,197,-138,209,-128,220,-117,230,-107,238,-95,247,-83,253,-71,259,-58,263,-46,267,-33,270,-20,270,-6,270,6,270,20,267,33,263,46,259,58,253,71,247,83,238,95,230,107,61,33,-612,5316,-164,56,-253,71,-252,57,-2722,-149,-184,-62,-238,-95,-230,-107,-220,-117,-209,-128,-197,-138,-185,-147,-172,-156,-158,-163,-142,-171,-128,-178,-112,-184,-95,-188,-78,-193,-62,-196,-44,-199,-27,-201,-8,-201]]]
5095947	n	-74.2242,39.9654,-73.9943,40.2226	[[[-742242,400238,1000,-347,21,82,126,55,58,112,207,-28,73,140,122,56,-36,111,-110,19,-24,75,198,109,104,-72,-10,-196,-62,-233,-85,-195,-62,-196,-3,-18,168,-58,91,319,62,308,37,205,61,307,50,317,74,299,74,267,165,522,-735,28,-1564,-1988]]]
4883555	r	-88.2667,41.9833,-87.792,42.3618	[[[-882667,423285,867,-1968,543,-246,42,3,-1,105,59,-1,4,-12,21,0,0,12,62,1,1,-36,37,-1,2,-36,-40,0,1,-72,97,-1,0,-91,193,-88,0,-39,-25,0,0,19,-11,-7,-13,7,-3,-19,52,-28,0,-97,11,-8,27,2,28,-21,45,-1,0,-36,34,-3,-1,21,11,2,-1,25,-2,9,-14,1,-5,64,-33,10,1,26,20,-1,-5,8,3,12,60,-27,63,0,6,-20,42,8,3,6,24,0,-1,-7,16,-2,-8,-17,16,0,0,-41,9,-4,19,-1,0,-8,6,-3,4,0,0,-2,80,-36,28,21,11,0,-2,-38,220,-279,60,-63,204,-454,367,350,-5,3,-63,13,41,-5,-10,13,37,1,0,19,28,0,-2,128,-9,0,1,19,8,0,-1,101,179,9,-4,69,20,0,-1,100,-8,9,16,0,23,-11,0,11,95,-1,0,9,11,0,0,126,48,-1,18,-30,3,-177,2,144,72,1,11,-52,14,1,859,819,130,434,-671,147,-644,213,-2740,1323,-207,-83,-209,-97,-201,-107,-75,-46],[-880194,420998,114,-46,23,-10,-137,56]]]
5041926	p	5037649
5138950	p	5128581
4153471	p	4164138
5014130	r	-83.8367,42.6052,-83.2256,42.9934	[[[-838367,426900,9,-207,17,-127,2829,-514,1089,173,4,-75,681,19,1,-35,146,3,-1,27,25,1,-1,9,123,4,1,-22,23,5,0,18,27,0,-4,73,95,1,-40,28,-2,22,91,-8,-11,200,-19,42,-59,49,-7,24,22,31,32,-23,25,0,-10,219,2,0,-1,30,-43,-1,0,-5,-33,9,799,1218,301,1659,-211,71,-261,72,-194,44,-4996,-2779,-449,-249,0,-6]]]
4891382	p	4887398
5370164	p	5399020
5015618	p	4994358
5579368	p	5577147
5112375	p	5110629
5123443	p	5128581
5688025	r	-101.2169,46.509,-100.3432,47.111	[[[-1012168,468100,9,-197,28,-196,47,-194,65,-192,83,-189,100,-184,118,-179,135,-174,151,-167,167,-160,181,-153,195,-143,209,-135,221,-125,232,-115,243,-104,252,-93,260,-81,268,-69,273,-57,279,-45,282,-32,284,-19,286,-7,286,7,284,19,282,32,279,45,273,57,268,69,260,81,252,93,243,104,232,115,221,125,209,135,195,143,181,153,167,160,151,167,135,174,118,179,100,184,83,189,65,192,47,194,28,196,9,197,-9,197,-28,196,-47,194,-65,192,-83,189,-100,184,-118,179,-135,174,-151,167,-167,160,-181,153,-195,143,-209,135,-221,125,-232,115,-243,104,-252,93,-260,81,-268,69,-273,57,-279,45,-282,32,-284,19,-286,7,-286,-7,-284,-19,-282,-32,-279,-45,-273,-57,-268,-69,-260,-81,-252,-93,-243,-104,-232,-115,-221,-125,-209,-135,-195,-143,-181,-153,-167,-160,-151,-167,-135,-174,-118,-179,-100,-184,-83,-189,-65,-192,-47,-194,-28,-196,-9,-197]]]
5382146	p	5374732
5180225	r	-75.5017,40.3477,-75.0002,40.9125	[[[-755017,408938,680,-2596,99,18,17,-17,29,-180,-51,-36,-29,-34,686,-2616,128,4,189,14,1831,570,176,111,177,126,165,135,154,143,141,150,127,157,115,163,99,169,86,173,70,177,55,180,39,182,24,184,8,185,-8,185,-24,184,-39,182,-55,180,-70,177,-86,173,-99,169,-115,163,-127,157,-141,150,-154,143,-165,135,-177,126,-187,118,-197,107,-205,98,-213,87,-221,76,-226,66,-232,53,-236,42,-238,30,-241,18,-242,6,-242,-6,-241,-18,-238,-30,-236,-42,-232,-53,-128,-38]]]
4179320	r	-84.5454,31.2494,-83.7746,31.9106	[[[-845454,315800,8,-216,25,-215,41,-214,57,-211,73,-207,89,-202,104,-197,119,-191,133,-184,147,-175,160,-168,173,-157,184,-148,195,-138,205,-126,214,-114,222,-102,230,-89,236,-76,241,-63,246,-49,249,-35,251,-22,252,-7,252,7,251,22,249,35,246,49,241,63,236,76,230,89,222,102,214,114,205,126,195,138,184,148,173,157,160,168,147,175,133,184,119,191,104,197,89,202,73,207,57,211,41,214,25,215,8,216,-8,216,-25,215,-41,214,-57,211,-73,207,-89,202,-104,197,-119,191,-133,184,-147,175,-160,168,-173,157,-184,148,-195,138,-205,126,-214,114,-222,102,-230,89,-236,76,-241,63,-246,49,-249,35,-251,22,-252,7,-252,-7,-251,-22,-249,-35,-246,-49,-241,-63,-236,-76,-230,-89,-222,-102,-214,-114,-205,-126,-195,-138,-184,-148,-173,-157,-160,-168,-147,-175,-133,-184,-119,-191,-104,-197,-89,-202,-73,-207,-57,-211,-41,-214,-25,-215,-8,-216]]]
4910713	r	-88.2434,41.9363,-87.98,42.1317	[[[-882434,420616,0,-126,13,0,-1,37,38,1,1,38,16,3,9,-52,-20,-3,20,1,4,-47,2,17,12,2,0,-19,49,-4,-1,30,15,1,0,-33,60,-12,61,0,98,158,-72,0,-26,-18,-7,-15,-67,2,-7,-33,-46,-1,17,24,13,5,-6,7,35,31,-2,40,-11,0,0,9,-139,0,0,-89,-7,-1,-1,47,-50,0],[-882355,420516,9,0,1,-22,-6,-1,-4,23]],[[-882384,420852,7,-137,-6,-53,48,0,0,7,297,1,18,73,-14,-73,65,-1,24,22,29,-2,-18,-50,-16,2,-32,17,-50,-2,-6,-9,14,0,-6,-39,188,1,0,-72,-93,1,1,-11,24,0,-1,-14,-9,-18,-13,-1,-6,-39,-47,-3,1,-32,-47,0,1,-29,66,-3,17,25,22,0,0,-24,39,0,2,42,12,-2,-5,-39,72,8,6,-4,0,-44,-58,-742,2058,-245,0,470,-204,454,-60,63,-220,279,2,38,-11,0,-28,-21,-80,36,0,2,-4,0,-6,3,0,8,-19,1,-9,4,0,41,-16,0,8,17,-16,2,1,7,-24,0,-3,-6,-42,-8,-6,20,-63,0,-60,27,-3,-12,5,-7,0,-1,-20,1,-1,-26,33,-10,5,-64,14,-1,2,-9,1,-25,-11,-2,1,-21,-34,3,0,36,-45,1,-28,21,-27,-2,-11,8,0,97,-52,28,3,19,13,-7,11,7,0,-19,25,0,0,39,-193,88,0,91,-97,1,-1,72,40,0,-2,36,-37,1,-1,36,-62,-1,0,-12,-21,0,-4,12,-59,1,1,-105,-42,-3,-543,246,0,-598,-97,27,0,33,-95,-2,0,32,-26,-58,8,29,-50,14,-219,26,-105,32],[-881935,420630,1,6,7,2,0,-8,-8,0],[-881915,420663,115,5,0,-4,-115,-1],[-881822,420538,22,1,0,-5,-22,0,0,4],[-881810,420478,10,0,0,-15,-4,0,-6,15],[-881801,420458,1,0,0,-8,-1,0,0,8]]]
4467732	r	-81.6135,34.9874,-81.0049,35.6079	[[[-816135,352600,9,-228,27,-226,45,-225,63,-222,81,-218,97,-213,115,-208,130,-201,147,-193,161,-185,176,-177,189,-166,203,-156,161,-108,4203,1257,279,2069,-1941,2879,-187,-5,-276,-22,-273,-37,-270,-52,-265,-66,-260,-80,-252,-94,-245,-108,-235,-120,-225,-133,-214,-144,-203,-156,-189,-166,-176,-177,-161,-185,-147,-193,-130,-201,-115,-208,-97,-213,-81,-218,-63,-222,-45,-225,-27,-226,-9,-228]]]
5110446	p	5128581
5404555	p	5355933
4885265	p	4883817
4862034	r	-91.9194,41.3671,-91.1406,41.8931	[[[-919194,416600,8,-192,25,-190,42,-189,58,-187,74,-183,89,-180,106,-174,120,-169,134,-163,149,-156,161,-148,175,-140,185,-131,197,-122,208,-111,216,-102,225,-90,232,-79,238,-68,244,-55,248,-44,252,-31,253,-19,255,-6,255,6,253,19,252,31,248,44,244,55,238,68,232,79,225,90,216,102,208,111,197,122,185,131,175,140,161,148,149,156,134,163,120,169,106,174,89,180,74,183,58,187,42,189,25,190,8,192,-8,192,-25,190,-42,189,-58,187,-74,183,-89,180,-106,174,-120,169,-134,163,-149,156,-161,148,-175,140,-185,131,-197,122,-13,7,-5942,-1187,-14,-23,-89,-180,-74,-183,-58,-187,-42,-189,-25,-190,-8,-192]]]
5777107	r	-112.3663,40.881,-111.5737,41.14	[[[-1123663,410600,8,-197,26,-196,42,-194,59,-192,75,-188,91,-184,107,-180,123,-173,137,-168,15,-16,1968,-102,5080,861,60,150,59,192,42,194,26,196,8,197,-8,197,-26,196,-42,194,-59,192,-8,21,-7640,0,-8,-21,-59,-192,-42,-194,-26,-196,-8,-197]]]
4711801	p	4699066
5244080	r	-88.8789,44.0203,-87.983,44.591	[[[-888789,442668,7755,-2465,81,56,206,158,190,167,175,176,159,184,142,191,124,198,106,203,20,48,-71,69,-4354,4257,-244,-6,-299,-21,-297,-35,-293,-50,-287,-62,-281,-77,-274,-89,-265,-102,-255,-115,-245,-126,-232,-137,-219,-149,-206,-158,-190,-167,-175,-176,-159,-184,-142,-191,-124,-198,-106,-203,-87,-207,-68,-211,-49,-214,-30,-215,-6,-149]]]
5009586	r	-83.1276,42.6242,-82.7223,42.9608	[[[-831276,429516,314,-2391,8,0,3,-81,-1,0,2,-10,35,-792,473,13,3,-5,163,0,0,7,496,17,47,1,-2,38,2431,2124,80,70,-122,111,-176,139,-188,130,-198,120,-209,111,-219,101,-226,89,-234,79,-241,67,-246,55,-251,43,-253,31,-256,19,-257,6,-257,-6,-256,-19,-253,-31,-210,-36]]]
4155995	p	4149962
4148677	r	-80.3246,26.4094,-80.0324,26.6189	[[[-803246,264684,703,-470,1550,-99,1,130,199,1,22,-18,40,-8,19,-15,57,0,-27,-73,-1,-36,25,-2,37,115,12,184,28,224,28,141,-34,-2,9,144,9,139,34,1,3,-9,16,0,1,11,-20,0,-1,33,-31,0,1,9,76,455,-48,0,2,28,155,18,57,288,-4,259,-848,57,-1670,-1289,-400,-216]]]
4116834	r	-91.1374,35.4829,-90.2626,36.197	[[[-911374,358400,10,-233,28,-233,46,-230,65,-228,83,-223,101,-219,118,-213,135,-206,151,-198,167,-190,182,-181,195,-170,209,-160,221,-148,233,-136,243,-123,253,-111,260,-96,268,-82,274,-68,279,-53,282,-38,285,-23,286,-8,286,8,285,23,282,38,279,53,274,68,268,82,260,96,253,111,243,123,233,136,221,148,209,160,195,170,182,181,167,190,151,198,135,206,118,213,101,219,83,223,65,228,46,230,28,233,10,233,-10,233,-28,233,-46,230,-65,228,-83,223,-101,219,-118,213,-135,206,-151,198,-167,190,-182,181,-195,170,-209,160,-221,148,-233,136,-243,123,-253,111,-260,96,-268,82,-274,68,-279,53,-282,38,-285,23,-286,8,-286,-8,-285,-23,-282,-38,-279,-53,-274,-68,-268,-82,-260,-96,-253,-111,-243,-123,-233,-136,-221,-148,-209,-160,-195,-170,-182,-181,-167,-190,-151,-198,-135,-206,-118,-213,-101,-219,-83,-223,-65,-228,-46,-230,-28,-233,-10,-233]]]
4911951	p	4887398
4900358	p	4887398
5768233	r	-103.752,43.7025,-102.7081,44.4574	[[[-1037519,440800,11,-247,34,-246,55,-243,78,-241,99,-236,120,-231,141,-225,161,-218,181,-210,199,-201,216,-191,234,-180,249,-169,264,-157,278,-143,290,-131,301,-116,311,-102,319,-87,327,-72,333,-56,337,-40,340,-24,341,-8,341,8,340,24,337,40,333,56,327,72,319,87,311,102,301,116,290,131,278,143,264,157,249,169,234,180,216,191,199,201,181,210,161,218,141,225,120,231,99,236,78,241,55,243,34,246,11,247,-11,247,-34,246,-55,243,-78,241,-99,236,-120,231,-141,225,-161,218,-181,210,-199,201,-216,191,-234,180,-249,169,-264,157,-278,143,-290,131,-301,116,-311,102,-319,87,-327,72,-333,56,-337,40,-340,24,-341,8,-341,-8,-340,-24,-337,-40,-333,-56,-327,-72,-319,-87,-311,-102,-301,-116,-290,-131,-278,-143,-264,-157,-249,-169,-234,-180,-216,-191,-199,-201,-181,-210,-161,-218,-141,-225,-120,-231,-99,-236,-78,-241,-55,-243,-34,-246,-11,-247]]]
4229476	r	-84.0194,32.2898,-83.2406,32.73	[[[-840194,326200,8,-216,25,-215,42,-213,58,-211,73,-206,90,-203,105,-197,121,-190,134,-184,149,-175,161,-167,174,-158,186,-148,197,-137,208,-126,216,-114,225,-102,232,-89,238,-76,244,-63,248,-49,252,-35,253,-21,255,-7,255,7,253,21,252,35,248,49,244,63,238,76,232,89,225,102,216,114,208,126,197,137,186,148,174,158,161,167,149,175,134,184,121,190,105,197,90,203,73,206,58,211,42,213,25,215,8,216,-8,216,-25,215,-42,213,-58,211,-73,206,-18,39,-3369,0,-2,-2,2,-5,26,0,8,-8,-15,-16,-1,-16,-7,-5,-20,3,3,-12,21,-10,-21,-19,15,-13,1,-13,-9,-3,-14,19,-25,-14,-5,-13,13,-4,14,10,7,-2,6,-15,-12,-16,28,-12,2,9,12,4,4,-18,-4,-9,-16,-3,1,-19,-18,-16,8,-14,-1,-28,-29,-28,-23,5,26,-21,-15,-1,-30,20,-15,-22,2,-14,-9,1,-1,11,-11,-3,7,-22,-17,-4,-3,-13,10,-17,20,-6,0,-16,22,0,-19,-9,-2,-21,-19,10,-7,-5,19,-17,14,1,-6,-33,26,-12,-10,-10,-2,-23,17,-42,-15,-12,35,-18,35,-1,4,-8,-18,-10,0,-7,18,0,3,-16,19,-8,-5,-26,-17,-7,-28,-6,-1,0,-1,-1,-5,-8,-13,-5,-5,-10,-26,14,-2,23,-19,6,-13,-2,-11,7,-10,-10,-9,5,-9,-14,-13,13,-5,-14,-26,5,-21,10,-11,19,-22,5,0,10,-21,13,-68,-14,-28,14,-27,-5,-4,7,-18,1,-44,43,-25,-6,-17,9,-27,-11,-4,6,-30,-1,-11,7,-34,-8,-12,14,-18,-14,-7,8,-26,0,4,12,-19,2,-4,7,-11,-4,-8,12,-35,-6,-33,20,-4,9,-10,0,-4,13,-10,4,0,13,-53,25,-16,-7,-8,8,-8,-8,1,21,-17,2,-21,18,-41,-2,-16,6,-2,13,-20,15,-51,5,-17,-6,-4,15,-22,-4,-4,-10,-16,9,-23,-2,-5,7,-16,-11,-19,8,-18,-5,-8,10,-1,-10,-17,22,-3,-10,-13,-1,-5,8,-12,-7,-13,12,0,13,-29,10,-9,-3,-1,-8,-9,1,0,-6,-27,-6,-4,-7,-6,6,-4,-12,-38,9,3,7,-10,12,-21,5,-4,15,-8,-5,-10,9,-6,11,7,5,-13,6,-1,12,-9,-1,-6,8,6,8,-6,15,-31,-1,-8,-12,-6,17,-11,5,4,-9,-9,-4,-1,7,-10,1,7,17,-23,-2,4,11,-28,24,-5,20,-17,11,-6,2,-7,-8,-5,9,-14,0,-1,9,-5,-7,-19,-3,-12,7,-4,-7,-11,1,-6,9,-22,-7,-13,11,-12,-2,-3,23,-37,17,-1,10,-12,8,-21,1,-8,7,-1,-8,-33,-6,-17,29,-8,-3,-3,7,-14,4,1,9,-13,-1,-1,10,-6,-9,-7,9,-3,-6,-10,3,1,-8,-5,8,-5,-7,-30,10,-11,-10,-1,8,-10,1,-18,18,-12,-1,-23,25,-1916,0,-18,-39,-73,-206,-58,-211,-42,-213,-25,-215,-8,-216]]]
5007402	p	5012639
4236895	r	-89.318,39.4727,-88.4788,40.1692	[[[-893180,400721,458,-5018,89,-65,240,-152,253,-140,264,-127,274,-113,284,-100,291,-84,297,-70,303,-55,307,-39,309,-23,311,-8,311,8,309,23,307,39,303,55,297,70,291,84,284,100,274,113,264,127,253,140,240,152,227,165,212,175,198,186,181,195,164,204,147,212,128,219,109,225,91,230,70,234,51,238,1,7,-871,1404,-678,1091,-689,1111,-98,47,-268,111,-1571,-63,-1447,-57,-1619,-64,-111,-54,-253,-140,-240,-152,-227,-165,-212,-175,-108,-101]]]
5010636	p	4990729
5546220	r	-114.0196,36.747,-113.1404,37.4531	[[[-1140196,371000,10,-231,28,-230,47,-228,65,-225,84,-221,101,-216,119,-210,135,-204,152,-196,168,-188,182,-178,197,-169,210,-158,222,-146,234,-135,244,-122,254,-109,262,-95,269,-81,275,-67,280,-53,284,-37,287,-23,287,-8,287,8,287,23,284,37,280,53,275,67,269,81,262,95,254,109,244,122,234,135,222,146,210,158,197,169,182,178,168,188,152,196,135,204,119,210,101,216,84,221,65,225,47,228,28,230,10,231,-10,231,-28,230,-47,228,-65,225,-84,221,-101,216,-119,210,-135,204,-152,196,-168,188,-182,178,-197,169,-210,158,-222,146,-234,135,-244,122,-254,109,-262,95,-269,81,-275,67,-280,53,-284,37,-287,23,-287,8,-287,-8,-287,-23,-284,-37,-280,-53,-275,-67,-269,-81,-262,-95,-254,-109,-244,-122,-234,-135,-222,-146,-210,-158,-197,-169,-182,-178,-168,-188,-152,-196,-135,-204,-119,-210,-101,-216,-84,-221,-65,-225,-47,-228,-28,-230,-10,-231]]]
4839292	r	-72.8699,41.555,-72.5117,41.735	[[[-728699,416119,3582,-569,-832,749,-1201,687,-460,117,-10,55,-135,-18,-830,210,-114,-1231]]]
4152872	r	-81.4692,29.1254,-80.9778,29.4072	[[[-814692,292170,361,-178,1500,-738,1290,234,0,-14,92,0,-16,-6,7,-19,53,20,-18,-8,9,-17,19,7,32,-61,91,30,0,17,41,-1,75,40,0,18,-76,-2,0,52,83,15,2,-90,-62,-43,-64,-24,0,-6,16,0,0,-27,-15,0,0,-81,75,81,214,95,-43,-1,0,38,-75,-1,111,79,2,-78,24,0,-1,92,25,5,-3,-62,-10,0,11,-55,69,29,2,9,-21,19,-2,16,-41,0,0,34,33,0,-4,11,27,1,-3,8,28,1,-1,4,112,20,3,-98,117,-201,49,-45,65,0,-11,22,43,3,-91,83,39,20,79,0,0,132,99,0,-4,39,-29,0,4,78,28,0,0,-49,52,19,-16,29,61,26,-11,20,-8,-3,-5,10,383,69,3,-13,21,-28,36,10,5,7,-17,33,70,13,-285,544,-656,1277,-205,442,-3675,-1168,-9,-33,-48,-255,-29,-258,-7,-188],[-810395,291588,7,0,0,-12,-7,0,0,12],[-810337,291703,13,6,43,8,-52,-22,-4,8]],[[-810300,291636,17,-30,49,20,-4,34,-62,-24]]]
4623560	p	4644585
5404024	p	5373900
4735966	r	-97.5581,30.7074,-96.8527,31.3966	[[[-975580,311485,256,-66,-208,-2571,3860,-1774,137,45,290,113,282,130,271,145,259,160,246,174,233,188,218,201,202,212,186,224,168,233,151,243,131,250,113,258,92,263,73,267,52,272,31,273,10,275,-10,275,-31,273,-52,272,-73,267,-60,171,-61,17,-6305,1691,-2,-32,-195,-2415,-231,67,-33,-101]]]
4916079	p	4887398
5324363	r	-117.2869,34.3053,-116.7366,34.8521	[[[-1172869,345335,56,-44,66,-88,52,-24,31,-4,20,-33,33,-23,12,-20,14,-87,33,-54,-80,-126,22,-22,7,3,5,-9,9,10,51,-4,-2,-100,-13,-1,0,-144,42,0,1,-36,42,0,4,-71,42,0,2,-108,37,1,45,0,0,18,43,0,-1,36,-21,0,0,17,94,1,1313,-1310,1745,-60,1321,268,10,15,123,224,104,231,86,235,68,240,48,243,29,245,10,246,-10,246,-29,245,-48,243,-68,240,-86,235,-104,231,-123,224,-140,217,-156,209,-173,200,-188,190,-203,180,-217,168,-229,156,-241,144,-252,130,-262,116,-270,101,-145,46,-1407,-2236,0,166,-434,6,-10,20,-90,-129,-346,-442,-76,-88,-157,-176,10,0,-1,-285,-25,-5,-23,-17],[-1172313,346086,63,0,2,144,86,2,1,147,86,-1,3,-8,2,-360,-231,0,-1,20,-11,0,0,56]]]
5369367	p	5368361
5278052	p	5263045
5149222	r	-81.8246,40.4611,-80.9354,41.0552	[[[-818246,408000,9,-222,29,-220,47,-219,66,-216,85,-212,102,-208,120,-202,137,-195,154,-189,169,-180,185,-171,199,-162,212,-152,225,-140,237,-130,247,-117,256,-104,265,-92,273,-78,278,-64,284,-51,287,-36,289,-21,291,-8,291,8,289,21,287,36,284,51,278,64,273,78,265,92,256,104,247,117,237,130,225,140,212,152,199,162,185,171,169,180,154,189,137,195,120,202,102,208,85,212,66,216,47,219,29,220,9,222,-9,222,-10,77,-1420,2195,-75,54,-7,4,-38,-12,-7050,-2240,-274,-87,-9,-213]]]
4428667	r	-89.504,30.0338,-88.676,30.7296	[[[-895040,303700,9,-235,26,-234,44,-233,62,-229,78,-225,96,-220,112,-215,127,-207,22,-30,39,26,39,75,8,85,31,105,166,178,43,106,-73,131,909,451,97,92,22,119,-4,192,-49,32,-237,11,-83,28,8,83,98,100,131,85,101,37,216,-43,322,-213,183,-86,-152,-66,-84,-92,23,-80,175,-35,133,14,623,165,554,133,50,-77,163,49,43,-75,473,233,93,14,390,88,0,90,190,82,137,41,615,-22,310,24,167,129,-1229,142,0,62,162,4,142,35,243,98,817,-196,1038,-685,304,-38,351,30,6,167,-9,235,-26,234,-44,233,-62,229,-78,225,-96,220,-112,215,-127,207,-144,200,-157,191,-172,182,-185,172,-198,161,-210,149,-220,137,-230,125,-239,110,-247,98,-253,82,-259,69,-264,53,-268,39,-269,23,-271,7,-271,-7,-269,-23,-268,-39,-264,-53,-259,-69,-253,-82,-247,-98,-239,-110,-230,-125,-220,-137,-210,-149,-198,-161,-185,-172,-172,-182,-157,-191,-144,-200,-127,-207,-112,-215,-96,-220,-78,-225,-62,-229,-44,-233,-26,-234,-9,-235]],[[-893200,300709,164,-88,23,19,69,21,32,-13,30,-28,44,-25,73,-8,7,22,32,48,54,49,68,23,74,-26,41,-63,29,-69,30,-47,141,-164,68,-22,65,112,144,-34,94,75,44,141,-9,165,-62,0,-32,-65,-45,-53,-59,-47,-75,-45,-9,45,-53,97,32,138,-176,68,-137,85,144,187,284,257,127,89,136,64,0,68,-156,-35,-135,-102,-194,-205,-252,-163,-141,-64,-153,-45,72,-176,-82,-55,-128,0,-67,-8,-45,-71,-110,-51,-1,-1]],[[-891536,302299,322,10,134,-38,91,-108,67,75,76,-75,-49,-43,-53,-59,-41,-28,36,-38,28,-18,30,-11,49,-8,164,300,34,110,-7,102,25,27,55,30,-5,51,-68,0,-122,-170,-243,-57,-523,17,0,-69]],[[-889693,302106,266,32,149,38,-130,-1,-266,-32,-19,-37]],[[-887563,302442,509,-70,75,172,11,33,-10,2,-335,-7,-250,-68,0,-62]]]
5223869	p	5224151
4161625	p	4155966
4593142	r	-81.4237,34.595,-80.6363,35.1131	[[[-814237,349200,8,-213,25,-211,42,-210,59,-207,75,-204,90,-199,107,-194,121,-187,136,-181,150,-173,164,-164,176,-155,188,-146,199,-135,210,-124,218,-112,228,-100,234,-88,241,-75,247,-62,251,-48,254,-35,256,-20,258,-7,258,7,256,20,254,35,251,48,247,62,241,75,234,88,228,100,218,112,210,124,199,135,188,146,176,155,164,164,150,173,136,181,121,187,107,194,90,199,75,204,59,207,42,210,25,211,8,213,-8,213,-22,185,-1668,650,-5,-11,-16,-1,-4,-10,-16,-4,-24,-19,-19,6,-18,-17,-26,-5,-7,-12,-18,-2,-11,-9,-3,-24,-22,-20,-30,-15,-12,13,-30,72,-32,-11,-64,66,-46,-26,9,-19,-10,-3,-17,18,-6,-4,-5,-18,11,0,7,-12,-10,-11,-14,9,-11,-35,-196,225,34,21,55,16,-34,35,-22,45,-998,389,-220,-125,-9,39,-55,-9,-2,33,-10,-3,1,-19,-9,13,-6,39,17,12,-8,11,-15,-6,-56,34,-23,-22,-11,17,23,58,-22,50,-7,38,-245,96,-3787,-1133,-47,-164,-42,-210,-25,-211,-8,-213]]]
4369596	p	4140963
4450687	p	4428667
4691585	r	-97.517,32.9547,-97.0277,33.1231	[[[-975170,330781,1619,-704,3,39,-11,14,9,-3,14,79,6,-1,0,-86,23,-49,0,-13,14,-6,32,0,-19,33,64,-1,21,28,-51,42,65,69,-23,17,-7,-1,-9,15,-25,8,2,6,-7,5,-20,7,-16,-5,-10,7,81,69,76,0,0,6,-67,2,126,104,49,21,52,9,0,-19,27,0,0,-82,53,-2,-16,-37,-38,9,0,-11,-12,0,0,-32,67,-24,47,136,125,0,109,42,41,-24,76,-3,32,-21,31,13,31,-12,-21,-31,-129,-140,14,-8,-35,-40,9,0,-4,-50,63,-5,0,36,26,11,66,-1,1,-10,37,1,0,-35,-17,1,-14,-73,8,0,25,36,-10,4,16,15,30,0,1,-55,65,-1,-1,-58,-12,-17,12,-8,-37,1,0,-69,-32,0,15,-45,159,-1,-108,-202,-72,2,-1,-41,218,-95,1141,162,-77,0,0,5,11,0,-11,4,0,24,12,1,-12,9,0,10,12,0,0,12,-12,0,0,14,17,-2,-1,64,6,0,6,27,0,21,150,1,3,-44,72,-2,0,-5,335,-2,7,-7,-3,-21,15,0,0,6,7,0,-1,20,7,2,346,1,1,46,20,0,-1,41,7,201,-63,0,0,31,-12,-1,0,43,-15,0,7,215,-86,0,1,287,-12,5,-122,1,-31,7,-218,508,-136,-13,-1,-42,-1,0,1,42,-413,-40,343,-2,-348,2,-3780,-361,-7,-36],[-973505,330354,0,106,60,-1,1,36,51,-35,31,-12,25,-1,0,-23,-79,-65,-89,-5]],[[-973040,329854,150,-65,0,41,8,45,135,-2,4,-89,-61,0,0,-29,25,0,0,8,56,-1,0,22,23,0,0,-25,9,0,0,25,25,0,2,12,26,1,5,110,34,1,0,21,-35,2,-59,59,9,24,31,13,32,0,-7,10,7,4,11,40,-77,0,-1,-21,-34,-13,17,-13,-19,-44,-77,0,0,-51,-168,3,-6,10,-65,-98]]]
4751839	n	-77.7183,38.6544,-77.2508,38.9693	[[[-777183,388400,14,-222,41,-219,69,-215,95,-209,121,-201,146,-190,168,-178,190,-165,210,-149,185,-108,3436,1311,-126,660,-2678,1178,-1683,-497,-64,-140,-69,-215,-41,-219,-14,-222]]]
4922462	r	-87.2952,40.1018,-86.4854,40.7382	[[[-872952,404200,9,-208,27,-207,44,-206,62,-203,79,-199,95,-195,113,-189,128,-184,143,-177,158,-169,173,-161,185,-152,199,-142,210,-133,220,-121,231,-110,240,-98,247,-86,254,-73,260,-61,265,-47,268,-34,270,-20,272,-7,272,7,270,20,268,34,265,47,260,61,254,73,247,86,240,98,231,110,220,121,210,133,199,142,185,152,173,161,158,169,143,177,128,184,113,189,95,195,15,38,-20,136,-360,2449,0,2,-4,31,-110,135,-158,169,-173,161,-185,152,-199,142,-210,133,-220,121,-231,110,-240,98,-247,86,-254,73,-260,61,-265,47,-268,34,-270,20,-272,7,-272,-7,-270,-20,-268,-34,-265,-47,-260,-61,-254,-73,-247,-86,-240,-98,-231,-110,-220,-121,-210,-133,-199,-142,-185,-152,-173,-161,-158,-169,-143,-177,-128,-184,-113,-189,-95,-195,-79,-199,-62,-203,-44,-206,-27,-207,-9,-208]]]
5102443	p	5128581
4170156	p	4174757
5386754	p	5391710
5666639	r	-114.4748,46.5363,-113.5052,47.2037	[[[-1144748,468700,10,-218,32,-218,51,-215,72,-213,92,-209,112,-204,131,-199,150,-192,167,-186,185,-177,201,-169,217,-159,232,-150,245,-138,258,-127,269,-116,280,-103,289,-90,297,-77,303,-63,309,-50,313,-35,316,-22,317,-7,317,7,316,22,313,35,309,50,303,63,297,77,289,90,280,103,269,116,258,127,245,138,232,150,217,159,201,169,185,177,167,186,150,192,131,199,112,204,92,209,72,213,51,215,32,218,10,218,-10,218,-32,218,-51,215,-72,213,-92,209,-112,204,-131,199,-150,192,-167,186,-185,177,-201,169,-217,159,-232,150,-245,138,-258,127,-269,116,-280,103,-289,90,-297,77,-303,63,-309,50,-313,35,-316,22,-317,7,-317,-7,-316,-22,-313,-35,-309,-50,-303,-63,-297,-77,-289,-90,-280,-103,-269,-116,-258,-127,-245,-138,-232,-150,-217,-159,-201,-169,-185,-177,-167,-186,-150,-192,-131,-199,-112,-204,-92,-209,-72,-213,-51,-215,-32,-218,-10,-218]]]
5385941	p	5389489
4145381	r	-75.932,39.4554,-75.2356,40.0288	[[[-759320,397500,8,-193,24,-193,41,-191,57,-188,73,-186,88,-181,103,-176,118,-171,132,-164,94,-102,22,19,243,70,-76,-229,-15,-31,36,-34,171,-141,182,-132,193,-123,204,-113,212,-102,220,-91,228,-80,234,-68,239,-56,244,-44,246,-32,182,-14,-62,74,43,205,85,219,139,178,66,182,-12,181,-97,176,-85,87,-287,223,-25,88,41,106,59,112,30,107,54,68,357,102,53,40,263,257,96,-79,-1,58,15,20,23,21,85,29,8,4,0,9,7,-3,1,19,44,64,-3,9,33,37,39,15,17,-5,0,-10,30,0,11,-7,5,13,13,5,8,48,-8,51,18,56,-8,23,11,6,43,78,-140,1,81,300,137,125,354,188,359,362,-2853,1892,-192,-56,-228,-80,-220,-91,-212,-102,-204,-113,-193,-123,-182,-132,-171,-141,-159,-150,-145,-157,-132,-164,-118,-171,-103,-176,-88,-181,-73,-186,-57,-188,-41,-191,-24,-193,-8,-193]],[[-755582,396135,107,-124,338,-273,33,-142,-112,-455,-22,-192,-78,36,-57,47,-40,57,97,-309,234,-207,19,-9,62,4,246,32,244,44,239,56,234,68,16,6,1666,2117,-464,704,-127,158,-729,483,-385,-207,-341,-259,-216,-288,-16,-288,-18,-47,-115,-33,-64,-72,-44,-74,-136,-85,-39,-123,-22,-137,-30,-96,-63,-49,-189,-89,-220,-177,-8,-77]]]
4714131	r	-98.5055,29.3642,-97.747,29.9825	[[[-985055,297284,505,-424,11,71,-14,13,-1,14,13,0,-2,53,-10,15,12,3,4,26,25,-6,12,46,-4,12,7,5,-14,15,21,2,-2,52,55,-1,11,-24,-12,1,-13,-29,-16,-8,3,-79,-15,0,-4,-93,21,0,-3,-20,-22,-18,22,-20,-11,-19,-13,1,0,-45,11,1,8,-20,-4,-12,562,-472,125,63,3,-8,13,3,12,-26,-11,-6,4,-7,-21,-6,-5,-25,5,-17,44,22,11,-21,122,103,-83,50,27,-15,142,98,47,-60,1,-6,-11,-8,17,-9,-2,-29,35,-54,-112,-48,-15,25,-8,-1,23,-63,14,-70,25,-30,-51,-24,-22,6,-23,-18,68,-71,42,21,11,-17,36,17,32,-37,132,27,7,-25,25,-25,60,-13,43,7,21,-5,-145,-64,-42,-28,-68,-50,2665,-2238,24,2,250,36,247,51,242,64,237,78,231,91,223,105,215,117,206,129,196,140,185,152,173,161,160,172,148,180,134,188,119,195,105,202,89,207,65,189,-5860,3724,-20,-11,-206,-129,-196,-140,-185,-152,-173,-161,-160,-172,-148,-180,-134,-188,-119,-195,-105,-202,-89,-207,-73,-212,-58,-216,-41,-218,-18,-158]]]
4501198	p	4560349
5294810	r	-112.0685,34.8557,-111.2315,35.5443	[[[-1120685,352000,9,-225,27,-224,45,-223,62,-219,79,-216,97,-210,113,-206,129,-198,145,-192,159,-183,174,-174,187,-164,200,-154,212,-143,222,-131,233,-119,241,-107,250,-93,256,-79,262,-65,267,-51,270,-37,272,-22,274,-8,274,8,272,22,270,37,267,51,262,65,256,79,250,93,241,107,233,119,222,131,212,143,200,154,187,164,174,174,159,183,145,192,129,198,113,206,97,210,79,216,62,219,45,223,27,224,9,225,-9,225,-27,224,-45,223,-62,219,-79,216,-97,210,-113,206,-129,198,-145,192,-159,183,-174,174,-187,164,-200,154,-212,143,-222,131,-233,119,-241,107,-250,93,-256,79,-262,65,-267,51,-270,37,-272,22,-274,8,-274,-8,-272,-22,-270,-37,-267,-51,-262,-65,-256,-79,-250,-93,-241,-107,-233,-119,-222,-131,-212,-143,-200,-154,-187,-164,-174,-174,-159,-183,-145,-192,-129,-198,-113,-206,-97,-210,-79,-216,-62,-219,-45,-223,-27,-224,-9,-225]]]
4924006	r	-85.6594,39.895,-85.0065,40.485	[[[-856594,403998,2462,-5042,232,-6,251,7,250,19,247,31,245,44,240,56,235,68,228,80,222,91,213,101,204,113,194,122,183,132,172,141,159,149,146,157,132,164,119,170,103,176,89,181,73,185,57,188,40,190,25,192,8,193,-8,193,-25,192,-40,190,-57,188,-73,185,-89,181,-103,176,-119,170,-132,164,-146,157,-159,149,-172,141,-183,132,-194,122,-204,113,-213,101,-222,91,-228,80,-235,68,-240,56,-245,44,-247,31,-250,19,-251,7,-251,-7,-250,-19,-247,-31,-245,-44,-240,-56,-235,-68,-228,-80,-222,-91,-213,-101,-204,-113,-194,-122,-165,-120]]]
5373497	p	5391811
5410438	p	5368361
4178003	r	-80.7205,25.9343,-80.3151,26.3187	[[[-807205,261000,7,-190,21,-188,34,-187,47,-185,61,-181,74,-178,87,-173,99,-167,110,-161,37,-47,249,23,2040,185,30,18,-88,0,-9,363,706,0,57,34,289,284,144,387,-251,-5,1,-60,-65,0,1,-68,27,0,-1,9,40,0,7,-217,-119,-1,-2,72,-83,-7,0,16,-39,0,-1,37,40,1,-1,26,20,0,2,-71,21,0,-5,118,42,-1,-5,144,-43,-2,0,395,161,0,0,126,-41,0,3,14,37,1,1,65,312,-76,-1,5,-150,36,1,117,87,0,0,-23,19,14,3,-1,-73,262,-646,559,-2017,981,-173,84,-12,-9,-153,-129,-144,-139,-133,-146,-122,-154,-110,-161,-99,-167,-87,-173,-74,-178,-61,-181,-47,-185,-34,-187,-21,-188,-7,-190]]]
4355585	r	-77.8024,39.2515,-77.0418,39.7153	[[[-778024,394100,8,-200,26,-198,4,-21,3547,-1166,3443,1276,379,807,199,553,-57,117,-106,182,-121,176,-135,170,-150,162,-163,155,-175,145,-188,137,-198,127,-209,116,-218,105,-226,95,-234,82,-241,70,-245,58,-250,46,-254,32,-255,20,-257,6,-257,-6,-255,-20,-254,-32,-250,-46,-245,-58,-241,-70,-234,-82,-226,-95,-218,-105,-209,-116,-198,-127,-188,-137,-175,-145,-163,-155,-150,-162,-135,-170,-121,-176,-106,-182,-91,-187,-74,-191,-59,-195,-41,-197,-26,-198,-8,-200]]]
5806298	p	7289169
5383465	p	5324200
5133858	p	5128581
4905211	p	4883555
4715292	p	4691930
5105634	p	5128581
4160983	r	-81.7849,28.1642,-81.0552,28.4274	[[[-817849,283000,0,-6,217,-280,6742,-1072,61,120,84,198,70,203,54,206,39,209,23,210,7,179,-1010,518,-46,0,0,23,-840,431,3,-158,-22,0,0,-26,22,0,0,-109,10,-42,22,-32,54,-53,0,-13,11,0,26,-23,-607,-2,-1,42,82,4,0,18,-82,-4,-2,89,0,-17,-10,0,0,8,-115,0,0,-8,-20,0,-1,14,-19,0,4,174,19,0,0,9,-20,0,-4,45,-48,11,-91,65,-27,13,2,-1,1,-49,-21,0,-1,43,14,0,0,10,-6,3,5,-12,-15,0,0,16,-38,19,-13,44,-18,33,-73,67,68,-65,20,-34,-212,-4,0,58,-194,-2,5,51,22,49,-983,104,-2946,-216,-8,-18,-70,-203,-54,-206,-39,-209,-23,-210,-8,-212]]]
5406990	p	5339111
4050552	p	4641239
5127835	p	5128581
4682991	r	-95.9422,30.2027,-94.9802,30.7291	[[[-959422,303100,2,-76,250,-112,774,-99,3407,-433,0,-64,-87,-12,0,-4,32,6,0,-16,21,0,1,-33,33,4,1,-140,-1,0,1,-35,9,-11,129,1,46,0,0,84,-1,102,68,0,1,-43,67,0,3,-59,1,0,2,-18,28,-24,74,1,-12,145,38,0,-6,24,37,0,0,31,1600,-204,853,95,2249,1290,-17,147,-51,271,-72,267,-91,262,-112,257,-130,250,-149,242,-166,233,-184,223,-200,212,-216,200,-230,187,-244,174,-257,160,-268,145,-278,129,-288,113,-295,97,-302,80,-307,62,-312,45,-314,27,-315,8,-315,-8,-314,-27,-312,-45,-307,-62,-302,-80,-295,-97,-288,-113,-278,-129,-268,-145,-257,-160,-244,-174,-230,-187,-216,-200,-131,-139,-910,-1572,-63,-235,-51,-271,-31,-273,-10,-274],[-954805,302300,68,0,0,-21,-59,0,0,13,-9,-1,0,9],[-954737,302279,1,1,0,-1,-1,0],[-954709,302317,1,14,20,4,0,-18,-21,0]],[[-954565,302066,3,-30,52,-4,0,5,15,0,0,-10,15,0,-16,41,-21,0,0,5,-48,-7]]]
4059102	r	-85.8055,30.8623,-84.9745,31.5777	[[[-858055,312200,9,-234,27,-233,44,-231,62,-228,79,-224,96,-219,112,-213,128,-206,144,-199,158,-191,172,-180,186,-171,199,-160,210,-149,221,-136,231,-124,240,-110,247,-97,255,-82,260,-68,264,-53,269,-38,270,-23,272,-8,272,8,270,23,269,38,264,53,260,68,255,82,247,97,240,110,231,124,221,136,210,149,199,160,186,171,172,180,158,191,144,199,128,206,112,213,96,219,79,224,62,228,44,231,27,233,9,234,-9,234,-27,233,-44,231,-62,228,-79,224,-96,219,-112,213,-128,206,-144,199,-158,191,-172,180,-186,171,-199,160,-210,149,-221,136,-231,124,-240,110,-247,97,-255,82,-260,68,-264,53,-269,38,-270,23,-272,8,-272,-8,-270,-23,-269,-38,-264,-53,-260,-68,-255,-82,-247,-97,-240,-110,-231,-124,-221,-136,-210,-149,-199,-160,-186,-171,-172,-180,-158,-191,-144,-199,-128,-206,-112,-213,-96,-219,-79,-224,-62,-228,-44,-231,-27,-233,-9,-234]]]
5377985	p	5393049
4880889	r	-92.7777,42.1652,-91.9024,42.8148	[[[-927776,424900,10,-212,28,-212,47,-210,65,-207,83,-203,101,-199,118,-194,135,-187,151,-181,167,-172,181,-165,196,-155,209,-145,221,-135,233,-124,243,-112,253,-100,261,-88,268,-75,274,-62,278,-48,283,-35,285,-20,286,-7,286,7,285,20,283,35,278,48,274,62,268,75,261,88,253,100,243,112,233,124,221,135,209,145,196,155,181,165,167,172,151,181,135,187,118,194,101,199,83,203,65,207,47,210,28,212,10,212,-10,212,-28,212,-47,210,-65,207,-83,203,-101,199,-118,194,-135,187,-151,181,-167,172,-181,165,-196,155,-209,145,-221,135,-233,124,-243,112,-253,100,-261,88,-268,75,-274,62,-278,48,-283,35,-285,20,-286,7,-286,-7,-285,-20,-283,-35,-278,-48,-274,-62,-268,-75,-261,-88,-253,-100,-243,-112,-233,-124,-221,-135,-209,-145,-196,-155,-181,-165,-167,-172,-151,-181,-135,-187,-118,-194,-101,-199,-83,-203,-65,-207,-47,-210,-28,-212,-10,-212]]]
5036493	p	5037649
4937230	r	-71.6292,42.0677,-71.2433,42.5021	[[[-716292,425021,360,-4344,2999,191,500,636,-743,1655,-1347,1541,-1769,321]]]
5386785	p	5368361
4317639	p	4341513
5410902	p	5392900
5053358	p	5045360
5251436	r	-91.9541,44.4857,-91.0459,45.1344	[[[-919541,448100,10,-212,29,-211,49,-210,67,-206,86,-203,105,-199,123,-193,140,-188,157,-180,173,-172,188,-164,203,-155,217,-145,230,-135,241,-124,253,-112,262,-100,270,-87,278,-75,285,-62,289,-48,293,-34,296,-21,297,-7,297,7,296,21,293,34,289,48,285,62,278,75,270,87,262,100,253,112,241,124,230,135,217,145,203,155,188,164,173,172,157,180,140,188,123,193,105,199,86,203,67,206,49,210,29,211,10,212,-10,212,-29,211,-49,210,-67,206,-86,203,-105,199,-123,193,-140,188,-157,180,-173,172,-188,164,-203,155,-217,145,-230,135,-241,124,-253,112,-262,100,-270,87,-278,75,-285,62,-289,48,-293,34,-296,21,-297,7,-297,-7,-296,-21,-293,-34,-289,-48,-285,-62,-278,-75,-270,-87,-262,-100,-253,-112,-241,-124,-230,-135,-217,-145,-203,-155,-188,-164,-173,-172,-157,-180,-140,-188,-123,-193,-105,-199,-86,-203,-67,-206,-49,-210,-29,-211,-10,-212]]]
4372599	n	-77.1397,38.3939,-76.6526,38.7759	[[[-771397,384576,58,-41,131,80,136,62,21,-25,7,-11,12,-10,34,-22,0,-75,-55,-79,17,-110,0,-2,39,-23,242,-114,11,-4,12,6,131,77,156,181,56,77,40,84,25,89,8,98,100,-200,76,-198,166,-431,13,-3,279,-32,282,-11,282,11,279,32,273,54,266,75,255,95,242,114,227,132,209,149,189,165,168,178,145,190,112,187,1,32,5,231,-41,220,-54,729,13,114,-12,79,26,68,97,-250,131,-806,6,21,42,219,13,222,-13,222,-42,219,-68,215,-95,209,-53,87,-1455,607,-1951,-757,47,4,31,-32,-94,-19,-94,4,-724,-281,-24,-107,-87,-162,-62,-171,-50,-54,-136,-1602,-1,-6]]]
5117575	p	5128581
5341704	p	5389489
4356188	p	4347778
5333180	p	5380184
4739157	r	-97.377,28.4674,-96.623,29.1326	[[[-973769,288000,8,-218,24,-216,40,-215,56,-212,72,-208,87,-204,101,-198,117,-192,130,-185,144,-176,156,-169,169,-159,180,-148,190,-138,201,-127,209,-115,218,-103,225,-89,230,-77,236,-63,241,-50,243,-35,245,-21,247,-8,247,8,245,21,243,35,241,50,236,63,230,77,225,89,218,103,209,115,201,127,190,138,180,148,169,159,156,169,144,176,130,185,117,192,101,198,62,144,-1,0,-41,177,-11,249,118,-55,46,-33,3,-5,39,147,40,215,24,216,8,218,-8,218,-24,216,-40,215,-56,212,-72,208,-87,204,-101,198,-117,192,-130,185,-144,176,-156,169,-169,159,-180,148,-190,138,-201,127,-209,115,-218,103,-225,89,-230,77,-236,63,-241,50,-243,35,-245,21,-247,8,-247,-8,-245,-21,-243,-35,-241,-50,-236,-63,-230,-77,-225,-89,-218,-103,-209,-115,-201,-127,-190,-138,-180,-148,-169,-159,-156,-169,-144,-176,-130,-185,-117,-192,-101,-198,-87,-204,-72,-208,-56,-212,-40,-215,-24,-216,-8,-218]]]
4355843	p	4356050
4473083	r	-77.8781,34.4152,-76.9819,35.1207	[[[-778781,347500,9,-242,29,-242,48,-239,66,-236,85,-233,104,-227,113,-206,2422,-1570,546,381,803,367,516,123,161,51,90,45,-29,33,-54,33,0,69,116,104,-76,111,-174,89,-180,37,-79,44,-106,102,-91,114,-36,81,48,87,95,49,94,7,41,-41,81,-22,169,31,146,120,14,247,-58,134,-100,137,-124,71,-128,-63,-62,159,4,10,-9,13,-5,41,10,21,-15,17,-12,87,1,7,17,16,18,5,-12,2,-5,11,-4,34,-13,14,-12,37,12,13,-20,6,-5,22,-2,9,5,9,-6,2,-3,24,28,-4,15,18,12,3,24,-5,12,-16,12,-2,5,-8,-12,-10,-1,-23,-16,-10,-18,11,-25,-4,20,-3,23,-62,77,-49,17,-26,-2,-36,20,-13,18,7,15,33,45,53,34,16,22,22,59,-1,41,-14,27,5,20,-12,31,5,27,-24,13,11,24,-1,20,-23,-15,-29,-8,-3,-44,-7,-22,-1,-21,7,-19,21,-25,-4,-20,5,-16,-21,-29,-6,-12,-17,-2,-21,29,-68,125,-33,-59,16,105,-69,68,-73,-4,-28,6,-31,41,-52,77,-34,0,-15,-20,-15,-33,18,-22,-3,-47,8,-29,-11,-31,-33,121,-6,72,-44,20,-95,66,-44,36,-40,35,-11,17,-12,5,-28,-6,-17,19,-29,2,-22,5,0,-45,-83,-438,-278,-146,-144,358,-71,52,-38,37,-11,203,-160,185,32,246,141,120,31,278,129,521,563,300,128,45,36,-88,179,9,65,85,11,61,-56,55,-71,65,-27,114,52,91,109,59,150,16,173,-44,48,-73,172,3,148,183,-27,-2,-39,64,-234,217,-273,-172,-108,0,-110,94,-63,109,39,95,54,880,217,21,178,9,242,-9,242,-29,242,-48,239,-66,236,-85,233,-104,227,-121,221,-138,214,-155,206,-171,197,-186,187,-200,177,-214,166,-227,154,-238,141,-249,128,-259,115,-267,100,-275,85,-280,71,-286,55,-289,39,-292,24,-293,8,-293,-8,-292,-24,-289,-39,-286,-55,-280,-71,-275,-85,-267,-100,-259,-115,-249,-128,-238,-141,-227,-154,-214,-166,-200,-177,-186,-187,-171,-197,-155,-206,-138,-214,-121,-221,-104,-227,-85,-233,-66,-236,-48,-239,-29,-242,-9,-242]],[[-775804,344240,85,-55,51,-33,522,386,139,49,329,67,815,363,258,184,31,13,30,-2,19,11,-5,53,-211,-45,-396,-191,-182,-43,-179,-40,-1289,-703,-17,-14]],[[-770998,346498,1074,210,19,69,14,69,-653,-97,-280,-94,-174,-157]]]
5397765	p	5391959
4329753	p	4335045
5122477	p	5128581
4367175	p	4140963
4632595	r	-89.2659,35.2468,-88.3541,35.9931	[[[-892659,356200,10,-244,29,-243,49,-241,67,-238,87,-233,105,-229,123,-222,141,-216,157,-207,174,-198,189,-189,204,-178,218,-167,231,-155,242,-142,254,-129,263,-115,271,-101,280,-86,285,-71,291,-55,294,-40,297,-24,298,-8,298,8,297,24,294,40,291,55,285,71,280,86,271,101,263,115,254,129,242,142,231,155,218,167,204,178,189,189,174,198,157,207,141,216,123,222,105,229,87,233,67,238,49,241,29,243,10,244,-10,244,-29,243,-49,241,-67,238,-87,233,-105,229,-123,222,-141,216,-157,207,-174,198,-189,189,-204,178,-218,167,-231,155,-242,142,-254,129,-263,115,-271,101,-280,86,-285,71,-291,55,-294,40,-297,24,-298,8,-298,-8,-297,-24,-294,-40,-291,-55,-285,-71,-280,-86,-271,-101,-263,-115,-254,-129,-242,-142,-231,-155,-218,-167,-204,-178,-189,-189,-174,-198,-157,-207,-141,-216,-123,-222,-105,-229,-87,-233,-67,-238,-49,-241,-29,-243,-10,-244]]]
4899911	p	4887398
5411015	r	-121.9842,38.8838,-121.2558,39.4244	[[[-1219842,391400,8,-186,23,-185,39,-184,54,-181,70,-178,83,-174,99,-170,112,-164,126,-158,139,-151,151,-144,21,-17,3230,-670,956,515,2087,1440,16,52,39,184,23,185,8,186,-8,186,-23,185,-39,184,-54,181,-70,178,-83,174,-99,170,-112,164,-126,158,-139,151,-151,144,-163,136,-174,127,-184,118,-194,108,-202,99,-210,87,-217,77,-223,66,-228,54,-233,42,-235,30,-237,19,-238,6,-238,-6,-237,-19,-235,-30,-233,-42,-228,-54,-223,-66,-217,-77,-210,-87,-202,-99,-194,-108,-184,-118,-174,-127,-163,-136,-151,-144,-139,-151,-126,-158,-112,-164,-99,-170,-83,-174,-70,-178,-54,-181,-39,-184,-23,-185,-8,-186]]]
4975802	r	-70.6709,43.3825,-69.8914,43.9593	[[[-706709,436600,9,-196,26,-195,44,-193,61,-191,78,-187,95,-183,111,-179,126,-172,142,-167,157,-159,171,-151,183,-143,197,-134,208,-124,218,-114,228,-104,238,-92,245,-81,31,-9,105,72,86,28,126,11,61,35,28,47,40,136,31,53,195,186,117,79,136,52,0,62,-112,-12,-104,-32,-194,-92,-58,221,-23,192,33,189,110,217,127,125,183,100,149,-11,25,-214,154,75,211,224,188,42,-32,-67,-43,-69,144,23,256,93,153,20,20,65,47,311,1,109,-104,206,-24,48,-207,65,-262,-10,-137,12,-128,11,-26,3,0,74,302,-4,107,30,31,8,46,45,60,58,-15,88,-47,140,0,11,-6,120,304,152,261,418,217,94,521,402,99,32,109,12,133,33,247,96,104,61,173,171,106,85,123,58,136,13,-59,-119,-90,-101,-102,-75,-91,-47,136,-15,333,200,220,20,-115,-281,-469,-541,-180,-270,186,13,155,106,105,156,39,166,62,155,144,223,163,197,51,34,-141,124,-183,143,-197,134,-208,124,-218,114,-228,104,-238,92,-245,81,-251,69,-258,57,-261,44,-266,32,-267,19,-269,7,-269,-7,-267,-19,-266,-32,-261,-44,-258,-57,-251,-69,-245,-81,-238,-92,-228,-104,-218,-114,-208,-124,-197,-134,-183,-143,-171,-151,-157,-159,-142,-167,-126,-172,-111,-179,-95,-183,-78,-187,-61,-191,-44,-193,-26,-195,-9,-196]],[[-699927,437256,78,7,64,31,41,56,37,165,54,31,71,17,71,41,410,409,45,-140,108,20,33,31,-126,172,-142,167,-96,96,16,-73,-664,-1030]]]
5380748	p	5392171
5288661	p	5318313
5802570	p	5793933
5781770	p	5784549
5265838	r	-88.966,43.7116,-88.114,44.2495	[[[-889660,440200,9,-202,27,-201,46,-199,63,-196,81,-193,98,-189,115,-184,131,-178,148,-172,162,-164,177,-156,191,-147,203,-138,215,-128,227,-118,237,-106,246,-95,254,-84,261,-71,266,-58,272,-46,275,-33,277,-20,279,-6,279,6,277,20,275,33,272,46,266,58,261,71,254,84,246,95,237,106,227,118,215,128,203,138,191,147,177,156,162,164,148,172,131,178,115,184,98,189,81,193,63,196,46,199,27,201,9,202,-1,37,-7104,2258,-167,-114,-191,-147,-177,-156,-162,-164,-148,-172,-131,-178,-115,-184,-98,-189,-81,-193,-63,-196,-46,-199,-27,-201,-9,-202]]]
4124112	p	4119403
5108193	p	5128581
5095445	p	5128581
5024825	p	5045360
4153132	p	4148677
4633419	r	-82.8449,35.9124,-81.8406,36.6496	[[[-828449,362132,29,-102,96,-258,118,-253,137,-247,158,-238,176,-230,194,-220,211,-209,228,-197,243,-185,43,-28,4534,-812,164,-29,255,63,312,95,304,112,294,127,283,143,271,157,258,172,243,185,228,197,211,209,195,220,176,230,157,238,137,247,118,253,96,258,76,264,54,267,33,269,11,270,-11,270,-33,269,-54,267,-76,264,-96,258,-118,254,-137,246,-157,238,-176,230,-195,220,-211,209,-228,197,-243,185,-258,172,-202,117,-981,-546,-123,-68,-3021,-1680,-6,4,3,-36,-3,29,-124,-69,-21,14,13,11,-5,3,6,26,15,1,1,11,-9,0,-2,8,16,48,-10,13,-51,20,-10,-16,-9,0,-5,-49,-8,0,0,-13,12,0,10,-14,40,-11,-7,-34,-61,44,-87,16,-47,29,-61,24,-44,43,-25,35,-13,6,31,-44,48,-45,56,-23,51,-30,91,-24,78,-53,-8,-4,-3,2,-12,-1,0,-5,11,4,2,-2,-3576,-1988],[-823670,363948,27,-18,2,-2,-29,20],[-823669,363948,31,-22,-5,4,-26,18],[-823635,363924,2,-1,5,-3,-7,4],[-823635,363925,39,-13,-37,11,-2,2]]]
4755158	n	-77.5975,38.4141,-77.126,38.7855	[[[-775975,386400,14,-222,41,-219,69,-215,95,-209,120,-201,145,-190,168,-178,190,-165,209,-149,227,-132,242,-114,255,-95,265,-75,274,-54,128,-14,-54,125,69,35,171,-161,39,-20,143,-6,-101,368,212,513,181,280,25,188,0,75,83,28,185,102,-49,50,-41,63,-47,30,130,101,113,154,80,171,31,154,64,149,140,82,141,1,64,-93,-96,-167,-43,-79,84,-73,137,-30,243,107,280,48,-31,141,-163,132,-150,157,15,97,95,26,92,-59,67,-87,40,1,-964,994,-160,90,-3436,-1311,-1,0,-22,-8,-8,-136]],[[-772670,384941,6,-213,85,-217,-44,-262,17,-74,67,7,274,54,265,75,255,95,242,114,107,62,136,1602,-5,-5,-98,-24,-220,10,-66,-17,-77,-53,-63,-19,-55,-26,-91,-134,-109,-166,-15,-89,165,30,138,92,75,-13,-183,-202,-227,-11,-184,12,-113,-192,-90,-145,-92,-118,-100,-173]]]
4679867	p	4671654
5130572	p	5128581
4671524	p	4699066
5044407	r	-94.643,45.2196,-93.677,45.9004	[[[-946430,455600,11,-223,31,-221,51,-220,72,-217,92,-213,111,-209,131,-203,148,-196,167,-189,184,-181,201,-173,216,-162,231,-153,244,-141,257,-130,268,-117,279,-105,288,-92,296,-79,302,-64,308,-51,312,-36,314,-22,316,-7,316,7,314,22,312,36,308,51,302,64,296,79,288,92,279,105,268,117,257,130,244,141,231,153,216,162,201,173,184,181,167,189,148,196,131,203,111,209,92,213,72,217,51,220,31,221,11,223,-11,223,-31,221,-51,220,-72,217,-92,213,-111,209,-131,203,-148,196,-167,189,-184,181,-201,173,-216,162,-231,153,-244,141,-257,130,-268,117,-279,105,-288,92,-296,79,-302,64,-308,51,-312,36,-314,22,-316,7,-316,-7,-314,-22,-312,-36,-308,-51,-302,-64,-296,-79,-288,-92,-279,-105,-268,-117,-257,-130,-244,-141,-231,-153,-216,-162,-201,-173,-184,-181,-167,-189,-148,-196,-131,-203,-111,-209,-92,-213,-72,-217,-51,-220,-31,-221,-11,-223]]]
4354265	p	4347778
5364329	r	-117.8291,33.4585,-117.5863,33.6204	[[[-1178291,335642,45,-25,481,-323,52,-57,361,-389,200,-100,320,-162,969,684,-727,232,0,-164,-151,93,9,75,-7,88,14,91,-39,1,0,-51,-34,-27,-356,339,-6,9,-10,53,-39,51,-15,11,-19,-17,6,-23,7,0,1,-13,-2,2,-1,9,-14,6,-10,9,-1,16,-17,1,-57,54,-315,89,-102,-53,-15,-157,-63,25,-77,13,-42,17,-17,-9,3,-3,19,-27,-2,-9,32,-27,71,-23,-4,-4,-65,15,-62,65,-1,8,-70,-36,5,-29,-16,-69,-10,0,-5,-13,-18,-2,-41,-18,-7,-22,4,-24,-26,-22,3,-23,-12,-11,4,-5,-61,-21,7,-20,-5,-19,-70,-58,-2,-1]]]
4406831	r	-90.6171,38.4769,-90.3867,39.0859	[[[-906171,384938,118,-35,244,-58,249,-46,237,-30,1456,1727,-426,4337,-252,20,-255,6,-130,-3,-527,-2514,-19,0,-18,27,-12,3,16,-138,-93,1,-2,-51,10,-3,-10,-3,-4,-79,-118,-39,32,-49,-21,-5,9,-51,-9,2,-3,-8,41,-23,-2,-9,20,7,37,-9,-13,-6,-67,1,-4,-121,27,-1,21,0,37,19,4,-5,31,5,1,-1,5,-7,2,-2,-1,0,-4,-2,11,-13,-11,-7,8,-10,2,-2,-21,-11,-25,29,-39,-20,26,-31,-39,-20,101,-120,-17,-6,5,-10,-47,-8,9,-30,9,1,5,-15,58,14,9,-18,8,4,-3,7,21,-4,2,-10,-16,-8,-6,-20,-4,6,-42,0,-5,-73,-10,9,-25,-11,-18,0,-6,9,-7,-1,5,6,-4,33,-11,0,-530,-2527],[-905644,387943,6,3,25,-20,-22,11,-9,6],[-905608,387836,2,5,-1,-5,-1,0],[-905606,387925,15,5,-2,-10,-13,5],[-905605,387823,2,5,-1,-6,-1,1],[-905597,387904,1,10,9,-2,5,-15,-15,7],[-905576,387819,13,7,-3,-1,-1,-8,-9,2],[-905573,387860,1,49,13,-4,-6,-11,13,-1,-7,-34,-14,1],[-905565,387922,19,82,18,1,-19,-91,-13,1,2,6,-7,1]]]
4696233	r	-97.9445,26.0247,-97.3087,26.5546	[[[-979445,260572,28,-4,635,69,762,0,197,-51,20,-154,134,-35,873,-51,197,-39,135,-60,36,16,-17,13,9,21,33,-11,8,-9,185,81,81,383,-108,29,-36,24,-4,20,155,-44,43,191,109,64,38,72,36,-6,101,-121,40,-68,175,-258,6,-7,221,97,-43,7,50,353,58,-7,80,588,-13,32,13,15,3,17,-15,37,-34,40,-41,13,-57,9,47,337,26,-3,-24,-130,7,-38,-2,-36,-21,-106,60,-9,30,-16,59,-90,-92,-686,-53,6,-40,-304,52,-6,-1,-2,1963,860,-39,37,-44,66,53,-15,7,-23,54,-51,166,73,4,99,53,210,-142,204,-47,89,-17,116,36,84,65,67,34,78,-60,112,-80,56,-67,-5,-72,-32,-92,-19,-82,97,0,211,58,210,92,97,59,40,-42,78,-75,44,-40,-53,-22,-35,-52,-48,-68,-34,-70,8,-17,64,89,201,-3,82,-62,21,-217,19,-69,23,-58,126,-11,133,-52,107,-180,43,-128,7,-25,37,24,94,32,281,29,86,-124,93,-215,138,-224,126,-233,113,-241,98,-247,84,-252,70,-258,54,-260,39,-263,23,-264,8,-264,-8,-263,-23,-260,-39,-258,-54,-153,-42,-35,-94,-1159,-3079,-53,-1635]],[[-976012,260445,355,155,-149,210,-120,-17,-25,-13,-8,-33,-22,-31,-31,-271]]]
5391791	r	-117.6832,33.3165,-117.3669,33.5524	[[[-1176832,334586,125,-63,163,-103,66,-58,515,-458,8,-5,867,-547,162,-187,1257,799,-9,42,-535,1133,-519,385,-1131,-254,-969,-684]]]
4792867	p	4771075
5101170	p	5128581
4937232	p	4937230
5136454	r	-74.3203,42.554,-73.5883,43.0909	[[[-743203,428100,8,-184,24,-183,41,-181,56,-179,72,-176,88,-172,103,-167,117,-163,132,-156,145,-149,157,-142,171,-134,181,-126,193,-117,202,-107,211,-97,220,-86,120,-41,2095,1498,-108,33,33,28,-31,11,12,10,21,4,4,13,239,84,48,-28,2765,1977,-2,5,-103,167,-117,163,-132,156,-145,149,-157,142,-171,134,-181,126,-193,117,-202,107,-211,97,-220,86,-226,76,-233,65,-239,53,-242,42,-246,30,-247,18,-249,6,-249,-6,-247,-18,-246,-30,-242,-42,-239,-53,-233,-65,-226,-76,-220,-86,-211,-97,-202,-107,-193,-117,-181,-126,-171,-134,-157,-142,-145,-149,-132,-156,-117,-163,-103,-167,-88,-172,-72,-176,-56,-179,-41,-181,-24,-183,-8,-184]]]
5821086	r	-105.2641,40.8069,-104.3759,41.4767	[[[-1052641,411400,9,-220,29,-220,47,-217,66,-215,84,-210,103,-207,120,-200,137,-195,153,-187,169,-179,52,-47,1631,-490,2478,-744,229,28,284,50,278,64,272,78,264,91,257,104,246,116,237,128,224,140,213,151,198,161,185,170,169,179,153,187,137,195,120,200,103,207,84,210,66,215,47,217,29,220,9,220,-9,220,-29,220,-47,217,-66,215,-84,210,-103,207,-120,200,-137,195,-153,187,-169,179,-185,170,-198,161,-213,151,-224,140,-237,128,-246,116,-257,104,-264,91,-272,78,-278,64,-284,50,-286,36,-290,21,-290,7,-290,-7,-290,-21,-286,-36,-284,-50,-278,-64,-272,-78,-264,-91,-257,-104,-246,-116,-237,-128,-224,-140,-213,-151,-198,-161,-185,-170,-169,-179,-153,-187,-137,-195,-120,-200,-103,-207,-84,-210,-66,-215,-47,-217,-29,-220,-9,-220]]]
5415035	p	5419384
4846834	r	-94.0212,41.8727,-93.2188,42.3301	[[[-940212,420300,8,-196,26,-196,43,-193,59,-192,77,-188,92,-183,108,-179,124,-173,61,-73,6942,147,71,99,108,179,92,183,77,188,59,192,43,193,26,196,8,196,-8,196,-26,196,-43,193,-59,192,-77,188,-92,183,-108,179,-124,173,-139,167,-153,160,-166,151,-180,144,-191,134,-203,125,-214,114,-223,104,-231,92,-240,81,-245,69,-252,57,-255,45,-259,32,-262,19,-262,7,-262,-7,-262,-19,-259,-32,-255,-45,-252,-57,-245,-69,-240,-81,-231,-92,-223,-104,-214,-114,-203,-125,-191,-134,-180,-144,-166,-151,-153,-160,-139,-167,-124,-173,-108,-179,-92,-183,-77,-188,-59,-192,-43,-193,-26,-196,-8,-196]]]
5130561	p	5128581
4279247	p	4393217
5387152	p	5368361
4106458	r	-92.8952,34.813,-91.9848,35.4651	[[[-928952,350900,10,-245,29,-244,48,-243,68,-239,87,-234,104,-230,123,-224,141,-216,157,-208,174,-200,189,-190,203,-179,153,-118,2659,746,4936,1666,13,113,10,245,-10,245,-29,244,-48,243,-68,239,-87,234,-104,230,-123,224,-141,216,-157,208,-174,200,-189,190,-203,179,-218,167,-230,156,-242,143,-253,130,-263,115,-271,102,-279,86,-285,71,-290,56,-294,40,-296,24,-298,8,-298,-8,-296,-24,-294,-40,-290,-56,-285,-71,-279,-86,-271,-102,-263,-115,-253,-130,-242,-143,-230,-156,-218,-167,-203,-179,-189,-190,-174,-200,-157,-208,-141,-216,-123,-224,-104,-230,-87,-234,-68,-239,-48,-243,-29,-244,-10,-245]]]
5097441	p	5128581
4906500	p	4887398
4911600	p	4887398
7259621	n	-83.5512,42.525,-83.2692,42.6225	[[[-835512,426052,1240,-788,1063,30,2,-44,256,0,259,263,-812,663,-64,-2,1,-9,-25,-1,1,-27,-146,-3,-1,35,-681,-19,-4,75,-1089,-173]]]
4174738	p	4151909
5177568	r	-81.0401,40.804,-80.2599,41.396	[[[-810401,411000,8,-194,25,-192,42,-191,58,-189,74,-185,90,-182,105,-176,121,-171,134,-164,149,-158,162,-149,174,-142,187,-132,197,-123,208,-113,216,-102,226,-91,232,-80,239,-69,244,-56,249,-44,252,-31,254,-19,255,-7,255,7,254,19,252,31,249,44,244,56,239,69,232,80,226,91,216,102,208,113,197,123,187,132,174,142,162,149,149,158,134,164,121,171,105,176,90,182,74,185,58,189,42,191,25,192,8,194,-8,194,-25,192,-42,191,-58,189,-74,185,-90,182,-105,176,-121,171,-134,164,-149,158,-162,149,-174,142,-187,132,-197,123,-208,113,-216,102,-226,91,-232,80,-239,69,-244,56,-249,44,-252,31,-254,19,-255,7,-255,-7,-254,-19,-252,-31,-249,-44,-244,-56,-239,-69,-232,-80,-226,-91,-216,-102,-208,-113,-197,-123,-187,-132,-174,-142,-162,-149,-149,-158,-134,-164,-121,-171,-105,-176,-90,-182,-74,-185,-58,-189,-42,-191,-25,-192,-8,-194]]]
5367565	p	5399020
5377654	p	5368361
4580543	r	-82.7752,34.5317,-82.0048,35.1682	[[[-827752,348500,9,-208,24,-207,41,-206,58,-203,73,-199,89,-195,104,-189,118,-184,133,-177,147,-169,160,-161,172,-152,184,-143,195,-132,205,-121,214,-110,222,-98,230,-86,236,-73,241,-61,246,-47,248,-34,251,-20,252,-7,252,7,251,20,248,34,246,47,241,61,236,73,230,86,222,98,214,110,205,121,195,132,184,143,172,152,160,161,147,169,133,177,118,184,104,189,89,195,73,199,58,203,41,206,24,207,9,208,-9,208,-24,207,-41,206,-58,203,-73,199,-89,195,-104,189,-118,184,-133,177,-147,169,-160,161,-172,152,-184,143,-195,132,-205,121,-214,110,-222,98,-230,86,-236,73,-241,61,-246,47,-248,34,-251,20,-252,7,-252,-7,-251,-20,-248,-34,-246,-47,-241,-61,-236,-73,-230,-86,-222,-98,-214,-110,-205,-121,-195,-132,-184,-143,-172,-152,-160,-161,-147,-169,-133,-177,-118,-184,-104,-189,-89,-195,-73,-199,-58,-203,-41,-206,-24,-207,-9,-208]]]
4679944	p	4692559
4709013	p	4691930
5393052	r	-122.3519,36.9421,-121.8307,37.1451	[[[-1223519,371450,140,-101,-14,-163,116,-58,90,28,103,11,107,-55,76,-70,91,-76,150,-201,122,-174,259,-190,58,-158,142,-50,303,-242,240,-180,114,-18,72,-96,142,-24,148,-75,251,-43,16,-2,-58,-91,412,-1,433,125,3,65,63,-12,198,-47,106,43,108,115,156,73,316,-92,164,-126,585,1674,-877,211,-4335,0],[-1220760,369508,84,-11,0,-13,-47,13,-2,6,-12,-7,-6,8,-15,-1,-2,5]]]
5382496	p	5368361
5369568	r	-120.4675,36.6419,-119.7324,37.2878	[[[-1204675,369600,9,-214,26,-214,43,-212,61,-208,77,-206,94,-201,110,-195,126,-189,141,-182,155,-175,169,-166,182,-156,195,-147,206,-136,217,-125,226,-113,236,-101,243,-89,249,-75,255,-63,77,-14,2276,1998,-24,14,-1,13,46,41,45,-7,3,-1,328,288,1581,2782,-43,49,-169,166,-182,156,-195,147,-206,136,-217,125,-226,113,-236,101,-243,89,-249,75,-255,63,-260,48,-263,35,-265,21,-267,7,-93,-2,-86,-68,-3860,-3030,-30,-24,-6,-154]]]
5257754	r	-89.446,42.4411,-88.5939,42.9952	[[[-894460,426800,9,-206,27,-206,46,-203,63,-201,81,-198,98,-193,115,-188,131,-182,103,-122,6365,-690,31,18,204,141,190,151,177,159,162,168,148,175,131,182,115,188,98,193,81,198,63,201,46,203,27,206,9,206,-9,206,-27,206,-46,203,-63,201,-81,198,-98,193,-115,188,-131,182,-148,175,-162,168,-177,159,-190,151,-204,141,-215,131,-227,120,-237,109,-246,97,-254,85,-261,73,-266,60,-272,47,-275,33,-277,20,-237,6,-4240,-2625,-26,-115,-27,-206,-9,-206]]]
4881346	p	4853828
5374322	p	5368361
4693342	r	-97.8847,30.57,-97.2469,30.8848	[[[-978846,308634,764,-1650,-33,-3,-20,-6,-13,-18,-20,-2,-8,5,-2,11,-39,23,-19,6,-21,-5,-9,37,-21,-2,-12,-33,-29,-11,13,-30,22,10,10,-6,-12,-20,5,-6,15,15,27,2,15,-14,-1,-45,19,3,9,-19,15,7,12,-11,3,10,57,2,1,-11,12,-9,58,25,10,0,409,-885,-29,-5,11,-27,-107,-14,-126,-4,-34,86,11,21,28,10,-24,70,-91,-3,-34,-22,-9,-16,-58,-18,28,-7,4,-9,54,17,36,-85,-28,-34,4,-7,96,-13,227,21,53,13,129,-278,513,0,40,52,-13,20,35,1,-8,-26,-1,-39,10,2,-3,7,60,18,9,-21,-13,-3,-3,-11,302,0,4,1,36,25,74,14,-8,14,-32,13,-18,44,48,16,-33,-10,-3,7,-11,-4,3,-7,-11,-3,-3,8,-12,-3,-4,7,-5,-1,-9,24,103,31,30,-60,-41,-17,15,-2,33,12,-22,42,-26,51,-7,12,72,24,12,-43,17,6,15,-44,-3,-18,26,-62,55,31,110,36,4,7,-16,35,148,48,17,-43,-91,-30,133,41,12,10,6,-13,-10,-1,16,-21,-49,-15,27,-65,-75,-24,9,-20,-76,-24,-47,110,-118,-37,-56,-31,-177,-50,8,-21,1734,0,2282,458,5,142,-9,245,-28,245,-46,242,-65,239,-82,235,-22,50,-2811,1292,-3314,-214]],[[-976140,305827,9,-18,86,28,-13,30,-33,-10,5,-14,-54,-16]]]
4179574	r	-84.5899,34.0281,-84.0366,34.3804	[[[-845899,342464,1844,-1368,15,5,45,-4,2,14,9,11,26,9,8,21,7,2,8,-8,13,11,4,19,35,6,32,-55,-22,-8,-3,-7,31,3,5,-11,-14,-13,-12,-2,19,-9,-4,-5,14,1,2,-36,43,1,12,-12,-10,-10,-45,5,0,14,-131,-1,0,-6,70,-52,64,-6,0,-7,32,0,4,11,17,-3,20,-19,-1,47,13,0,0,-11,15,1,1,-35,11,-3,1,-11,-16,-2,3,-11,-38,-1,-3,-28,-11,-5,25,-19,13,4,-1,33,32,28,42,10,1,-24,12,0,6,19,22,-9,24,-50,-10,1,0,-35,26,-2,33,-66,19,0,1,-8,11,0,0,27,45,0,0,9,10,0,8,-85,166,1,0,-41,10,-2,-1,-12,10,0,-1,-26,41,-1,0,27,65,-14,58,0,0,-12,40,-3,8,0,0,14,30,4,0,-19,59,0,-1,-37,-97,2,0,-38,-27,0,-8,-9,-14,6,-15,-19,22,0,0,-14,21,0,0,-38,-70,1,-10,-13,13,-5,-1,-34,-23,-3,-55,-26,-13,6,-90,3,-2,-52,45,15,0,-33,141,-3,-11,-17,34,-4,34,3,63,24,26,29,26,0,-6,-12,18,-1,0,13,20,0,0,-36,44,0,-4,-44,26,2,0,78,30,0,1,-18,12,0,0,-18,47,-1,1,6,66,-17,-1,11,26,-1,9,-17,-6,-15,16,-38,35,21,-2,49,9,0,-17,20,5,6,27,9,41,0,21,-38,10,-4,2,-9,10,1,1,-26,37,-2,14,-15,5,14,33,15,1,87,86,-1,13,-10,21,0,11,42,-4,9,-32,11,32,-9,5,-12,-6,-31,30,0,1,19,-23,-1,0,89,-7,21,31,40,40,29,107,46,-7,3,0,17,13,0,-1,18,68,0,-1,35,48,0,23,29,0,80,-18,12,-3,22,22,0,-12,15,-13,-1,-2,12,-3,-8,-17,0,-1,22,-39,36,-3,5,1736,1986,-159,124,-182,125,-192,114,-200,104,-208,93,-215,81,-220,69,-226,57,-229,45,-233,32,-234,19,-236,7,-236,-7,-234,-19,-233,-32,-229,-45,-226,-57,-220,-69,-215,-81,-208,-93,-200,-104,-192,-114,-182,-125,-172,-134,-161,-144,-150,-152,-137,-159,-4,-5],[-842417,340446,0,34,13,0,-2,9,8,1,29,-29,-3,1,0,-17,-45,1]]]
5161262	r	-82.6039,41.2239,-81.9936,41.7698	[[[-826038,414500,9,-209,27,-208,45,-207,63,-204,81,-200,98,-196,114,-190,131,-185,146,-178,162,-170,176,-162,189,-152,3584,1993,9,-1,10,0,0,11,6,4,148,-1,-11,5,-6,16,3,28,34,28,-2,16,1086,604,-315,2533,-187,53,-265,61,-270,48,-274,34,-276,20,-277,7,-277,-7,-213,-16,-524,-242,-1435,-665,-264,-49,-342,-4,-131,-106,-176,-162,-162,-170,-146,-178,-131,-185,-114,-190,-98,-196,-81,-200,-63,-204,-45,-207,-27,-208,-9,-209]]]
4285268	r	-86.8677,36.646,-86.0123,37.3339	[[[-868677,369900,9,-225,28,-224,45,-222,64,-219,81,-216,99,-210,115,-205,132,-199,148,-191,163,-183,177,-174,192,-164,204,-154,216,-143,228,-131,238,-119,246,-106,255,-92,262,-80,268,-65,273,-51,276,-37,278,-22,280,-7,280,7,278,22,276,37,273,51,268,65,262,80,255,92,246,106,238,119,228,131,216,143,204,154,192,164,177,174,163,183,148,191,132,199,115,205,99,210,81,216,64,219,45,222,28,224,9,225,-9,225,-28,224,-45,222,-64,219,-81,216,-99,210,-115,205,-132,199,-148,191,-163,183,-177,174,-192,164,-204,154,-216,143,-228,131,-238,119,-246,106,-255,92,-262,80,-268,65,-273,51,-276,37,-278,22,-280,7,-280,-7,-278,-22,-276,-37,-273,-51,-268,-65,-262,-80,-255,-92,-246,-106,-238,-119,-228,-131,-216,-143,-204,-154,-192,-164,-177,-174,-163,-183,-148,-191,-132,-199,-115,-205,-99,-210,-81,-216,-64,-219,-45,-222,-28,-224,-9,-225]]]
5117388	p	5128581
4353765	p	4347778
5025219	p	5037649
5101879	p	5128581
7261268	p	5368361
4954380	p	4930956
4845411	p	4835797
4128894	r	-94.5205,36.2423,-93.7195,36.6549	[[[-945205,363300,8,-212,26,-212,20,-98,3112,-142,0,-6,44,0,0,4,4650,-211,14,36,59,207,43,210,26,212,8,212,-8,212,-26,212,-43,210,-59,207,-76,203,-93,199,-108,194,-123,187,-139,181,-152,173,-167,164,-179,155,-191,145,-203,135,-213,124,-222,112,-232,101,-238,87,-246,75,-250,62,-256,48,-258,35,-261,21,-262,7,-262,-7,-261,-21,-258,-35,-256,-48,-250,-62,-246,-75,-238,-87,-232,-101,-222,-112,-213,-124,-203,-135,-191,-145,-179,-155,-167,-164,-152,-173,-139,-181,-123,-187,-108,-194,-93,-199,-76,-203,-59,-207,-43,-210,-26,-212,-8,-212]]]
4150066	p	4164138
5346646	p	5378771
5116093	p	5128581
4939085	r	-71.246,42.6572,-70.7625,43.083	[[[-712460,429103,752,-1053,-116,-107,518,-335,8,-28,38,-55,52,-35,15,-16,29,-32,3,-20,3,-2,2,-9,70,-58,20,0,1074,-781,1787,682,-31,245,112,-78,91,-102,180,69,-191,416,36,121,-50,88,-34,31,-35,8,-75,-9,-25,1,-214,76,-95,50,-102,92,455,-23,91,23,20,87,-81,354,10,70,24,158,86,208,215,352,193,225,-92,82,-183,145,-196,135,-208,126,-218,116,-228,104,-236,94,-245,82,-251,70,-257,57,-261,45,-265,32,-267,20,-268,6,-45,-1,-1615,-1726]]]
4160610	n	-80.3413,26.8564,-80.0506,27.1404	[[[-803413,269404,1470,-425,15,0,492,-15,-7,-129,161,-47,0,21,20,6,5,12,468,-4,87,-3,8,-25,-16,0,-2,-28,-39,1,-3,-90,-41,1,-1,-31,28,-8,51,-2,0,-13,211,-61,-137,503,-64,103,-96,66,-221,59,-127,52,0,62,117,51,119,13,102,31,72,110,-15,118,-190,366,-205,540,-242,439,-31,144,-64,162,-49,21,-1181,-542,-129,-128,-147,-178,-127,-190,-106,-201,-83,-209,-61,-215,-36,-219,-6,-118]]]
4852832	p	5074472
4177703	r	-80.6183,26.4684,-80.1176,26.8759	[[[-806183,266600,8,-223,25,-221,40,-220,56,-217,72,-213,87,-208,102,-203,117,-197,68,-99,593,-28,1769,-87,400,216,1670,1289,-371,895,-55,2,1,-33,-18,1,-1,15,-79,-2,0,18,-29,1,-3,-7,0,7,-275,7,17,342,-3309,1314,-24,10,-79,-87,-144,-181,-131,-189,-117,-197,-102,-203,-87,-208,-72,-213,-56,-217,-40,-220,-25,-221,-8,-223]]]
5052361	p	5037649
4166232	p	4164138
4513575	r	-84.9512,39.2245,-84.1698,39.7042	[[[-849512,394000,8,-199,25,-198,42,-197,58,-194,74,-190,90,-187,106,-181,121,-176,135,-169,59,-64,6913,813,60,154,58,194,42,197,23,179,-3365,2876,-589,384,-204,-5,-255,-19,-252,-33,-250,-45,-245,-58,-239,-70,-233,-82,-226,-94,-218,-105,-208,-116,-198,-127,-186,-136,-175,-145,-163,-154,-149,-162,-135,-169,-121,-176,-106,-181,-90,-187,-74,-190,-58,-194,-42,-197,-25,-198,-8,-199]]]
4166274	r	-82.4762,26.8308,-81.9487,27.4047	[[[-824762,271340,90,-320,906,-1617,66,-199,40,-36,50,-35,121,-65,-47,153,-133,235,-31,158,271,-265,291,-855,300,-184,60,-2,734,1166,-74,77,-74,-74,-110,92,-252,281,1,139,-21,6,-36,-6,-36,16,7,24,9,-16,13,1,-16,16,-3,20,-18,1,14,-7,-12,-6,6,-6,-4,-14,-10,-2,-16,9,-33,52,-29,83,147,-66,-10,-14,48,-19,0,16,20,-9,113,-113,197,-303,149,-34,164,76,5,1,397,630,933,-4,2,878,-385,1,1471,2336,-141,104,-242,155,-253,141,-232,111,-4407,-2707]]]
5403783	p	5406567
5022025	p	5037649
5778352	p	5780993
5363922	p	5368361
5018651	p	5037649
4830796	r	-85.8913,32.2612,-85.1187,32.9588	[[[-858913,326100,9,-228,27,-227,43,-225,61,-223,79,-218,94,-214,111,-208,127,-201,142,-194,157,-185,171,-177,184,-166,196,-156,208,-145,219,-133,229,-121,237,-107,245,-94,252,-81,258,-66,262,-52,265,-37,268,-22,269,-8,269,8,268,22,265,37,262,52,142,36,2406,4996,-50,81,-142,194,-157,185,-171,177,-184,166,-196,156,-208,145,-219,133,-229,121,-237,107,-245,94,-252,81,-258,66,-262,52,-265,37,-268,22,-269,8,-269,-8,-268,-22,-265,-37,-262,-52,-258,-66,-252,-81,-245,-94,-237,-107,-229,-121,-219,-133,-208,-145,-196,-156,-184,-166,-171,-177,-157,-185,-142,-194,-127,-201,-111,-208,-94,-214,-79,-218,-61,-223,-43,-225,-27,-227,-9,-228]]]
5364499	r	-117.5159,33.5139,-117.2168,33.802	[[[-1175159,337272,52,-592,375,-1156,519,-385,1978,1257,0,164,1,0,-1,73,23,0,0,38,44,0,0,37,-237,-2,0,73,53,-1,2,13,-8,59,-46,0,-1,36,-132,-1,0,-36,-43,-1,-1,276,-521,300,-2,144,-236,-6,-790,457,-1029,-747],[-1173281,337528,6,0,0,-4,-6,4]]]
5334336	p	5389489
5011908	p	4990729
5019767	p	5037649
5374406	p	5368361
5334928	p	5355933
5099724	p	5128581
5388319	r	-121.4731,38.7344,-120.8737,39.0841	[[[-1214731,389353,1633,-1297,16,2,3,43,72,-1,-1,-116,36,-28,222,1,94,-36,-1,-115,5,-14,0,-7,3,-3,2,-5,45,-28,34,-10,36,0,-15,-4,23,-8,9,12,41,1,2,-36,293,0,-41,-31,-22,-74,-1,-35,-25,-41,-1,-17,5,-113,151,-48,3376,1171,-43,145,-71,184,-87,180,-101,176,-115,170,-130,163,-143,156,-155,149,-168,141,-179,131,-190,122,-199,112,-208,102,-216,91,-224,79,-229,68,-235,56,-239,43,-242,32,-244,19,-245,6,-181,-5,-63,-43,-2087,-1440]]]
5142056	r	-75.6094,42.8211,-74.8506,43.3789	[[[-756094,431000,8,-182,24,-182,41,-180,56,-178,72,-175,87,-170,103,-167,117,-161,131,-155,145,-148,157,-141,170,-133,181,-125,192,-116,202,-106,211,-97,219,-86,226,-75,232,-64,238,-53,242,-42,245,-29,247,-18,248,-6,248,6,247,18,245,29,242,42,238,53,232,64,226,75,219,86,211,97,202,106,192,116,181,125,170,133,157,141,145,148,131,155,117,161,103,167,87,170,72,175,56,178,41,180,24,182,8,182,-8,182,-24,182,-41,180,-56,178,-72,175,-87,170,-103,167,-117,161,-131,155,-145,148,-157,141,-170,133,-181,125,-192,116,-202,106,-211,97,-219,86,-226,75,-232,64,-238,53,-242,42,-245,29,-247,18,-248,6,-248,-6,-247,-18,-245,-29,-242,-42,-238,-53,-232,-64,-226,-75,-219,-86,-211,-97,-202,-106,-192,-116,-181,-125,-170,-133,-157,-141,-145,-148,-131,-155,-117,-161,-103,-167,-87,-170,-72,-175,-56,-178,-41,-180,-24,-182,-8,-182]]]
4942939	p	4930956
5376200	p	5391811
8436473	p	5128581
5754005	p	5725846
4348599	p	4140963
4265737	r	-87.8419,39.1343,-86.9781,39.8057	[[[-878419,394700,9,-220,28,-218,46,-217,64,-214,82,-210,100,-205,117,-201,133,-193,149,-187,165,-178,179,-170,193,-160,206,-151,219,-139,230,-128,240,-116,249,-103,257,-91,265,-77,270,-64,275,-50,279,-36,282,-21,282,-8,282,8,282,21,279,36,275,50,270,64,265,77,257,91,249,103,240,116,230,128,219,139,206,151,193,160,179,170,165,178,149,187,133,193,117,201,100,205,82,210,64,214,46,217,28,218,9,220,-9,220,-28,218,-46,217,-64,214,-82,210,-100,205,-117,201,-133,193,-149,187,-165,178,-179,170,-193,160,-206,151,-219,139,-230,128,-240,116,-249,103,-257,91,-265,77,-270,64,-275,50,-279,36,-282,21,-282,8,-282,-8,-282,-21,-279,-36,-275,-50,-270,-64,-265,-77,-257,-91,-249,-103,-240,-116,-230,-128,-219,-139,-206,-151,-193,-160,-179,-170,-165,-178,-149,-187,-133,-193,-117,-201,-100,-205,-82,-210,-64,-214,-46,-217,-28,-218,-9,-220]]]
4504621	r	-75.4168,39.1531,-74.5745,39.7031	[[[-754168,394588,2079,-1962,331,-206,88,-77,14,-60,-14,-52,375,-354,6,0,117,51,106,73,142,75,313,59,208,10,136,-38,38,-82,-5,-76,12,-56,91,-22,94,10,173,42,75,10,403,-8,164,-40,159,-89,153,-265,74,18,279,81,272,96,262,109,254,122,242,135,230,147,218,159,204,169,189,179,136,147,-55,2,184,172,18,4,48,59,140,205,123,211,105,216,87,222,67,226,49,228,29,231,10,231,-3,71,-5531,2060,-1077,-140,-1666,-2117,-146,-186]]]
4177834	p	4164138
4726491	r	-98.3135,29.5974,-97.5524,30.1716	[[[-983135,299702,5865,-3728,23,13,207,129,196,140,185,151,173,162,161,171,148,180,134,188,119,195,105,202,89,207,74,212,58,216,41,218,25,221,8,221,-8,221,-25,221,-41,218,-58,216,-71,203,-5637,1837,-189,-103,-207,-129,-196,-140,-185,-151,-173,-162,-161,-171,-148,-180,-134,-188,-119,-195,-105,-202,-89,-207,-65,-186]]]
5110077	n	-73.4703,40.6152,-72.9534,40.9631	[[[-734703,408636,616,-2068,65,9,300,47,547,212,425,33,132,87,148,114,137,75,214,-89,324,-9,215,-50,126,55,30,109,20,101,110,39,147,-21,156,-76,158,43,283,45,216,22,108,162,104,20,545,-64,29,146,14,222,-14,222,-43,219,-71,215,-98,209,-124,201,-150,190,-173,178,-196,165,-216,149,-148,83,-47,0,22,-45,-29,-70,-92,-32,-131,4,38,139,-520,-9,45,-162,-114,-154,-192,-112,-459,-107,-107,-5,-84,25,-197,33,-298,111,-327,46,-251,16,-156,35,-144,-98,20,-1,184,6,59,-110,-36,-137,-126,-3,-178,59,-163,-20,-93,-22,-560,-382]],[[-734007,406297,43,-145,69,16,692,183,642,40,77,86,-211,16,-488,-26,-211,-21,-182,-43,-201,-57,-230,-49]],[[-733050,406299,75,-73,517,12,983,205,1065,283,495,156,152,48,3,5,66,140,-445,-170,-264,-85,-644,-148,-719,-162,-422,-114,-365,-99,-497,2]]]
5034059	r	-93.6507,44.3335,-92.8061,44.7175	[[[-936507,445339,26,-50,119,-188,136,-183,153,-176,168,-168,184,-160,197,-151,211,-142,224,-131,235,-121,245,-109,255,-98,264,-85,270,-73,277,-60,281,-47,285,-34,288,-20,289,-7,289,7,288,20,285,34,281,47,277,60,270,73,264,85,255,98,245,109,235,121,224,131,211,142,197,151,184,160,168,168,153,176,136,183,119,188,102,194,84,198,66,202,6,30,-354,234,-71,46,-734,218,-2851,453,0,21,440,1,67,0,-1,287,-919,2,-699,0,-1,-199,-1524,-323,-1341,-979,-458,-335]]]
5278420	p	5263045
5808079	p	5809844
5333913	p	5396003
5341145	p	5392171
5782476	p	5784607
5282835	r	-73.3038,41.5728,-72.8585,41.9586	[[[-733038,417905,35,-20,3733,-2157,571,391,114,1231,-1508,2236,-165,-20,-248,-43,-243,-56,-238,-67,-231,-79,-225,-90,-216,-101,-206,-112,-197,-121,-185,-131,-174,-139,-162,-148,-148,-156,-134,-162,-120,-169,-53,-87]]]
4542975	p	4544349
5351549	p	5368361
5382232	r	-122.9963,38.0409,-122.4529,38.3723	[[[-1229963,382427,31,-132,102,-94,92,-121,90,-94,-1,-160,94,-63,52,-118,7,-205,-307,-711,126,-160,145,-160,79,29,-16,15,-2,95,-14,59,69,41,62,59,153,-54,-120,-65,-6,-93,6,-8,957,355,-70,78,-254,183,-227,205,-158,215,-183,228,-392,426,-205,201,-110,49]],[[-1229793,382705,48,-43,60,-153,-3,-138,42,-47,103,-10,36,-141,67,20,85,-38,471,-609,380,-439,181,-148,26,-92,3768,1397,-459,1459,-4805,-1018]]]
5179995	p	4560349
5423573	r	-108.9802,38.7237,-108.1198,39.3963	[[[-1089802,390600,9,-220,28,-219,46,-217,64,-214,81,-211,99,-206,117,-200,132,-195,149,-186,164,-179,179,-170,192,-161,206,-150,217,-140,229,-128,239,-117,248,-103,257,-91,263,-78,270,-63,274,-50,277,-36,281,-22,281,-7,281,7,281,22,277,36,274,50,270,63,263,78,257,91,248,103,239,117,229,128,217,140,206,150,192,161,179,170,164,179,149,186,132,195,117,200,99,206,81,211,64,214,46,217,28,219,9,220,-9,220,-28,219,-46,217,-64,214,-81,211,-99,206,-117,200,-132,195,-149,186,-164,179,-179,170,-192,161,-206,150,-217,140,-229,128,-239,117,-248,103,-257,91,-263,78,-270,63,-274,50,-277,36,-281,22,-281,7,-281,-7,-281,-22,-277,-36,-274,-50,-270,-63,-263,-78,-257,-91,-248,-103,-239,-117,-229,-128,-217,-140,-206,-150,-192,-161,-179,-170,-164,-179,-149,-186,-132,-195,-117,-200,-99,-206,-81,-211,-64,-214,-46,-217,-28,-219,-9,-220]]]
5820705	n	-106.6164,42.6439,-106.0036,43.0961	[[[-1066164,428700,15,-222,44,-219,73,-215,101,-209,129,-201,154,-190,179,-178,202,-165,223,-149,242,-132,258,-114,271,-95,283,-75,292,-54,298,-32,300,-11,300,11,298,32,292,54,283,75,271,95,258,114,242,132,223,149,202,165,179,178,154,190,129,201,101,209,73,215,44,219,15,222,-15,222,-44,219,-73,215,-101,209,-129,201,-154,190,-179,178,-202,165,-223,149,-242,132,-258,114,-271,95,-283,75,-292,54,-298,32,-300,11,-300,-11,-298,-32,-292,-54,-283,-75,-271,-95,-258,-114,-242,-132,-223,-149,-202,-165,-179,-178,-154,-190,-129,-201,-101,-209,-73,-215,-44,-219,-15,-222]]]
4724194	p	4684888
5363990	p	5391811
4168459	p	4167147
5108815	p	5128581
5113481	p	5128581
5386039	p	5391811
11838960	p	5368361
4838524	r	-72.9361,41.3381,-72.426,41.6119	[[[-729361,415031,4041,-1650,124,100,160,147,148,155,133,162,119,168,105,173,89,178,73,183,57,185,42,188,10,76,-857,454,-3582,569,-571,-391,-91,-697]]]
5006166	r	-83.3504,42.5513,-83.2166,42.8088	[[[-833504,426176,812,-663,267,70,259,767,-391,1738,-799,-1218,33,-9,0,5,43,1,1,-30,-2,0,10,-219,-25,0,-32,23,-22,-31,7,-24,59,-49,19,-42,11,-200,-91,8,2,-22,40,-28,-95,-1,4,-73,-27,0,0,-18,-23,-5,-1,22,-59,-2]]]
4169156	r	-81.2831,28.8398,-80.7897,29.1809	[[[-812831,291254,3999,-2753,149,-103,84,28,218,87,211,99,204,111,69,44,-880,1318,-52,192,-89,179,-175,114,-128,113,76,192,-176,137,-306,509,-151,288,-70,-13,17,-33,-5,-7,-36,-10,-21,28,-3,13,-383,-69,5,-10,8,3,11,-20,-61,-26,16,-29,-52,-19,0,49,-28,0,-4,-78,29,0,4,-39,-99,0,0,-132,-79,0,-39,-20,91,-83,-43,-3,11,-22,-65,0,-49,45,-117,201,-3,98,-112,-20,1,-4,-28,-1,3,-8,-27,-1,4,-11,-33,0,0,-34,41,0,2,-16,21,-19,-2,-9,-69,-29,-11,55,10,0,3,62,-25,-5,1,-92,-24,0,-2,78,-111,-79,75,1,0,-38,43,1,-214,-95,-75,-81,0,81,15,0,0,27,-16,0,0,6,64,24,62,43,-2,90,-83,-15,0,-52,76,2,0,-18,-75,-40,-41,1,0,-17,-91,-30,-32,61,-19,-7,-9,17,18,8,-53,-20,-7,19,16,6,-92,0,0,14,-1290,-234],[-810300,291636,62,24,4,-34,-49,-20,-17,30],[-810885,291558,43,2,1,-3,-43,-1,-1,2]]]
4835654	p	4839366
5800420	p	5812944
4156091	p	4164138
5010978	p	4990729
4525353	r	-84.1561,39.611,-83.4094,40.2293	[[[-841561,400757,2048,-3092,1563,-1555,112,3,261,20,259,33,255,46,251,59,245,71,239,84,231,95,223,107,213,118,203,128,191,139,179,147,166,157,153,164,139,172,123,179,108,184,93,190,76,193,59,198,43,199,26,202,8,202,-8,202,-26,202,-43,199,-59,198,-76,193,-93,190,-108,184,-123,179,-139,172,-153,164,-166,157,-179,147,-191,139,-203,128,-213,118,-223,107,-231,95,-239,84,-245,71,-251,59,-255,46,-259,33,-261,20,-262,6,-262,-6,-261,-20,-259,-33,-255,-46,-251,-59,-245,-71,-239,-84,-231,-95,-223,-107,-213,-118,-203,-128,-191,-139,-179,-147,-166,-157,-153,-164,-130,-162]]]
5655240	r	-111.7561,47.1898,-110.8439,47.8102	[[[-1117561,475000,10,-203,29,-202,49,-200,67,-198,87,-194,105,-190,123,-185,141,-179,158,-173,173,-165,190,-157,204,-148,218,-138,230,-129,243,-119,253,-107,264,-95,272,-84,279,-72,285,-59,291,-46,295,-33,297,-20,298,-6,298,6,297,20,295,33,291,46,285,59,279,72,272,84,264,95,253,107,243,119,230,129,218,138,204,148,190,157,173,165,158,173,141,179,123,185,105,190,87,194,67,198,49,200,29,202,10,203,-10,203,-29,202,-49,200,-67,198,-87,194,-105,190,-123,185,-141,179,-158,173,-173,165,-190,157,-204,148,-218,138,-230,129,-243,119,-253,107,-264,95,-272,84,-279,72,-285,59,-291,46,-295,33,-297,20,-298,6,-298,-6,-297,-20,-295,-33,-291,-46,-285,-59,-279,-72,-272,-84,-264,-95,-253,-107,-243,-119,-230,-129,-218,-138,-204,-148,-190,-157,-173,-165,-158,-173,-141,-179,-123,-185,-105,-190,-87,-194,-67,-198,-49,-200,-29,-202,-10,-203]]]
4460162	p	4464368
5333944	p	5393049
5358736	p	5368361
5197079	r	-76.6617,39.7689,-75.9582,40.3112	[[[-766617,400400,8,-177,22,-177,38,-175,52,-173,67,-169,81,-166,95,-162,109,-156,121,-151,134,-144,146,-137,157,-130,168,-121,178,-112,187,-104,196,-93,203,-84,209,-73,216,-63,220,-51,224,-40,227,-29,229,-18,230,-6,230,6,229,18,227,29,224,40,220,51,216,63,209,73,203,84,196,93,187,104,178,112,168,121,157,130,146,137,134,144,121,151,109,156,95,162,81,166,67,169,52,173,38,175,22,177,8,177,-8,177,-4,31,-121,97,-2963,2385,-191,15,-230,6,-230,-6,-229,-18,-227,-29,-224,-40,-220,-51,-216,-63,-209,-73,-203,-84,-196,-93,-187,-104,-123,-78,-1248,-1965,-5,-107]]]
4151455	p	4169014
4705708	r	-98.2134,30.4568,-97.7488,30.876	[[[-982134,305800,8,-206,23,-205,39,-204,54,-200,69,-197,84,-193,14,-27,255,60,1931,460,420,101,11,-13,46,-24,40,60,74,17,2,-19,22,4,10,-27,52,12,74,-20,26,-18,23,-46,5,0,1,3,26,0,2,1,4,11,-10,25,11,7,1,21,14,8,-9,8,35,36,34,27,26,-22,10,11,8,44,22,19,11,-4,15,24,22,-11,17,5,3,-8,132,40,24,20,-15,41,68,21,1,0,7,-17,23,11,18,-36,164,39,10,3,-36,120,13,8,2,0,30,-2,5,0,1,-2,3,-2,6,-5,0,-1,42,-101,91,22,-7,18,59,23,8,3,0,-1,2,-3,128,39,2,-18,-40,-21,-1,-4,307,73,2,1,13,19,-2,14,14,5,47,73,-129,278,-53,-13,-227,-21,-96,13,-4,7,28,34,-36,85,-54,-17,-4,9,-28,7,58,18,9,16,34,22,91,3,24,-70,-28,-10,-11,-21,34,-86,126,4,107,14,-11,27,29,5,-409,885,-10,0,-58,-25,-12,9,-1,11,-57,-2,-3,-10,-12,11,-15,-7,-9,19,-19,-3,1,45,-15,14,-27,-2,-15,-15,-5,6,12,20,-10,6,-22,-10,-13,30,29,11,12,33,21,2,9,-37,21,5,19,-6,39,-23,2,-11,8,-5,20,2,13,18,20,6,33,3,-764,1650,-893,126,-152,-50,-216,-85,-210,-97,-202,-109,-193,-120,-184,-131,-174,-141,-162,-150,-151,-160,-139,-167,-125,-175,-112,-182,-98,-188,-84,-193,-69,-197,-54,-200,-39,-204,-23,-205,-8,-206]]]
5596475	r	-112.4627,43.1537,-111.5973,43.7862	[[[-1124627,434700,9,-207,28,-206,46,-204,64,-201,82,-198,100,-194,117,-188,134,-183,149,-176,165,-168,180,-160,193,-151,207,-141,219,-131,230,-121,240,-109,250,-98,258,-85,265,-73,271,-60,276,-47,279,-34,282,-20,283,-7,283,7,282,20,279,34,276,47,271,60,265,73,258,85,250,98,240,109,230,121,219,131,207,141,193,151,180,160,165,168,149,176,134,183,117,188,100,194,82,198,64,201,46,204,28,206,9,207,-9,207,-28,206,-46,204,-64,201,-82,198,-100,194,-117,188,-134,183,-149,176,-165,168,-180,160,-193,151,-207,141,-219,131,-230,121,-240,109,-250,98,-258,85,-265,73,-271,60,-276,47,-279,34,-282,20,-283,7,-283,-7,-282,-20,-279,-34,-276,-47,-271,-60,-265,-73,-258,-85,-250,-98,-240,-109,-230,-121,-219,-131,-207,-141,-193,-151,-180,-160,-165,-168,-149,-176,-134,-183,-117,-188,-100,-194,-82,-198,-64,-201,-46,-204,-28,-206,-9,-207]]]
5392567	p	5391959
4924198	r	-86.2833,39.9867,-85.8283,40.2997	[[[-862833,402330,1936,-1933,0,-3,3,0,9,-9,0,-2,-11,0,0,-55,46,1,0,-57,-47,-2,47,0,0,-13,47,0,1,-37,83,-1,8,-8,2,-67,-93,4,0,-10,-14,1,-1,9,0,-11,-9,0,0,11,-70,0,0,-73,46,0,0,-18,-45,0,-1,-35,38,0,56,19,0,-39,163,0,0,24,28,4,-1,-27,224,-2,1,13,10,0,0,-13,34,0,5,15,-15,0,0,5,15,0,0,29,145,0,-4,-47,122,5,0,-18,-13,0,0,-55,144,1,-1,73,79,2,45,0,0,-13,18,0,0,-50,7,-3,-7,0,0,-8,188,1,0,10,9,0,3,-11,14,0,0,10,5,-10,7,0,-2,9,12,0,0,-7,46,0,1,-36,47,1,1,-37,49,1,-1,23,46,0,1,-23,87,35,70,8,552,6,45,5,1,101,-274,0,0,-21,-17,0,-5,-28,-22,0,0,-26,-15,0,1,36,13,0,24,37,-274,-4,0,33,908,0,-703,2947,-3847,-667],[-860369,400026,0,4,6,0,0,-4,-6,0],[-859725,400048,15,0,0,2,13,0,0,-2,28,0,0,-6,-56,-2,0,8],[-859724,399998,14,0,0,-18,-13,0,-1,18]]]
4207783	p	4180439
4834157	p	5282804
4303436	r	-87.4771,37.4646,-86.7262,38.0754	[[[-874771,376815,37,-97,88,-187,104,-182,118,-176,133,-170,146,-162,160,-155,171,-146,184,-136,194,-127,204,-117,213,-105,222,-94,228,-83,235,-70,241,-58,244,-46,248,-32,250,-20,251,-6,251,6,250,20,248,32,244,46,241,58,235,70,228,83,222,94,213,105,204,117,194,127,184,136,171,146,160,155,146,162,133,170,118,176,104,182,88,187,73,191,57,195,41,197,25,199,8,200,-8,200,-25,199,-41,197,-57,195,-73,191,-88,187,-104,182,-118,176,-133,170,-146,162,-160,155,-171,146,-184,136,-194,127,-204,117,-213,105,-222,94,-228,83,-235,70,-241,58,-244,46,-248,32,-250,20,-251,6,-251,-6,-250,-20,-248,-32,-84,-16,-2838,-3865]]]
8096217	p	5339631
5007804	p	4990729
5330642	r	-121.8598,37.7847,-121.4901,38.1374	[[[-1218598,378785,509,-603,1882,-335,1306,1179,-152,1319,-73,57,-138,8,-114,100,-98,40,-83,25,-134,83,-88,-34,-12,-49,-9,-103,-23,-114,-17,-71,-142,-68,-67,-40,-77,36,-102,149,-92,78,45,66,71,110,110,-8,104,-19,142,36,25,61,60,55,-38,91,-18,86,-142,24,-104,50,-3,-1,-863,-754,119,-64,-86,-84,-121,1,-72,7,-326,-285,95,-102,0,-97,-183,0,0,-15,-2,-202,-364,-1,1,-72,80,7,13,-1,7,-13,-13,-110,-65,11,-176,65,-572,-499]],[[-1216004,381051,139,-27,152,-53,62,-160,165,-169,62,-9,68,12,63,-41,30,-59,131,3,59,-32,-12,105,-550,752,-369,-322]]]
4854529	r	-91.1285,42.1597,-90.2115,42.8403	[[[-911285,425000,10,-223,29,-221,49,-220,68,-217,87,-213,106,-208,124,-203,141,-197,159,-189,174,-181,191,-172,205,-163,219,-152,232,-141,244,-130,254,-118,265,-104,273,-92,281,-79,287,-65,292,-50,297,-36,298,-22,300,-7,300,7,298,22,297,36,292,50,287,65,281,79,273,92,265,104,254,118,244,130,232,141,219,152,205,163,191,172,174,181,159,189,141,197,124,203,106,208,87,213,68,217,49,220,29,221,10,223,-10,223,-29,221,-49,220,-68,217,-87,213,-106,208,-124,203,-141,197,-159,189,-174,181,-191,172,-205,163,-219,152,-232,141,-244,130,-254,118,-265,104,-273,92,-281,79,-287,65,-292,50,-297,36,-298,22,-300,7,-300,-7,-298,-22,-297,-36,-292,-50,-287,-65,-281,-79,-273,-92,-265,-104,-254,-118,-244,-130,-232,-141,-219,-152,-205,-163,-191,-172,-174,-181,-159,-189,-141,-197,-124,-203,-106,-208,-87,-213,-68,-217,-49,-220,-29,-221,-10,-223]]]
4931482	p	4930956
5004062	p	4992523
4889772	p	4887398
5501344	r	-120.3033,38.7436,-119.2367,39.3457	[[[-1203033,391600,11,-272,35,-271,56,-269,80,-266,101,-260,123,-255,144,-248,164,-241,185,-231,203,-221,221,-211,239,-199,255,-186,269,-173,284,-159,296,-144,308,-128,318,-112,327,-96,334,-79,340,-62,344,-45,347,-26,349,-9,349,9,347,26,344,45,340,62,334,79,327,96,318,112,308,128,296,144,284,159,269,173,255,186,239,199,221,211,203,221,185,231,164,241,144,248,123,255,101,260,80,266,56,269,35,271,11,272,-11,272,-35,271,-56,269,-80,266,-101,260,-123,255,-54,93,-877,30,-4096,141,-4861,-334,-89,-185,-101,-260,-80,-266,-56,-269,-35,-271,-11,-272]]]
4904937	p	4887398
4604183	p	4641239
5410430	p	5389489
5777224	r	-112.2555,40.1078,-111.6461,40.485	[[[-1122555,403656,21,-163,43,-202,61,-199,77,-195,94,-191,110,-186,125,-180,141,-173,155,-166,169,-158,182,-149,194,-140,206,-129,217,-119,226,-108,234,-96,70,-24,1295,977,2474,2795,-2105,0,-3989,-1194]]]
5144336	p	4843564
5324477	p	5368361
4781530	p	4140963
4166673	r	-82.5178,28.9222,-81.7622,29.4884	[[[-825178,291900,8,-217,24,-216,40,-215,56,-211,72,-208,87,-204,102,-198,117,-191,130,-185,144,-177,157,-168,169,-158,181,-149,191,-138,68,-43,6009,2644,1,34,-8,217,-24,216,-40,215,-56,211,-72,208,-87,204,-102,198,-117,191,-130,185,-144,177,-157,168,-169,158,-181,149,-191,138,-201,126,-210,115,-218,102,-14,6,-4903,-1287,-26,-37,-117,-191,-102,-198,-87,-204,-72,-208,-56,-211,-40,-215,-24,-216,-8,-217]]]
5112861	p	5140405
11979238	p	5308655
4504225	p	4504621
4172086	r	-81.6047,28.6678,-80.9353,28.871	[[[-816047,288000,1,-34,2474,-1180,404,-108,3709,589,42,157,35,191,22,192,7,193,-7,193,-11,99,-2282,145,0,-6,-22,-22,1,8,-90,1,0,-36,-15,0,0,-37,40,0,-2,-11,-109,-123,-72,137,17,0,-1,42,-38,4,9,0,0,41,29,1,0,17,-4041,257,-36,-134,-35,-191,-22,-192,-7,-193]]]
4349159	p	4140963
4922388	r	-86.5234,40.232,-85.7192,40.8045	[[[-865234,405800,360,-2449,17,-24,142,-174,156,-168,171,-159,183,-150,197,-141,207,-130,155,-85,813,10,3847,667,1702,1248,13,41,44,203,26,205,9,206,-9,206,-26,205,-44,203,-61,200,-78,197,-95,193,-111,187,-127,182,-142,174,-156,168,-171,159,-183,150,-197,141,-207,130,-219,120,-228,109,-237,97,-245,85,-252,72,-257,60,-262,47,-265,33,-267,20,-269,7,-269,-7,-267,-20,-265,-33,-262,-47,-257,-60,-252,-72,-245,-85,-237,-97,-228,-109,-219,-120,-207,-130,-197,-141,-183,-150,-171,-159,-156,-168,-142,-174,-127,-182,-111,-187,-95,-193,-44,-111]]]
5106160	p	5128581
5393429	p	5391811
5344157	p	5383777
4167545	p	4151316
4943629	p	4930956
4542765	p	4544349
9958118	p	4560349
4163407	p	4151909
5397841	p	5368361
4913723	p	4887398
4718711	p	4671654
5101717	r	-74.8027,40.2534,-74.3322,40.6198	[[[-748027,404968,3566,-2434,878,329,261,547,-167,952,-520,442,13,8,21,1,21,23,13,-1,13,11,4,16,-65,52,-66,6,-28,12,-35,5,-36,-10,-2,1,-4,-1,1,3,-967,820,-2469,448,-71,-102,-96,-162,-81,-165,-67,-169,-53,-173,-37,-174,-23,-176,-4,-109]]]
5059429	r	-97.5389,47.5766,-96.5211,48.2634	[[[-975389,479200,10,-225,33,-223,54,-222,76,-219,97,-215,117,-210,137,-205,157,-198,176,-191,194,-182,212,-174,227,-164,243,-154,258,-142,270,-131,283,-119,294,-106,303,-93,312,-79,319,-65,324,-51,329,-37,331,-22,333,-7,333,7,331,22,329,37,324,51,319,65,312,79,303,93,294,106,283,119,270,131,258,142,243,154,227,164,212,174,194,182,176,191,157,198,137,205,117,210,97,215,76,219,54,222,33,223,10,225,-10,225,-33,223,-54,222,-76,219,-97,215,-117,210,-137,205,-157,198,-176,191,-194,182,-212,174,-227,164,-243,154,-258,142,-270,131,-283,119,-294,106,-303,93,-312,79,-319,65,-324,51,-329,37,-331,22,-333,7,-333,-7,-331,-22,-329,-37,-324,-51,-319,-65,-312,-79,-303,-93,-294,-106,-283,-119,-270,-131,-258,-142,-243,-154,-227,-164,-212,-174,-194,-182,-176,-191,-157,-198,-137,-205,-117,-210,-97,-215,-76,-219,-54,-222,-33,-223,-10,-225]]]
5350207	p	5358705
5394409	p	5393049
5342992	p	5384170
4952629	r	-71.2511,41.7709,-70.6671,42.0385	[[[-712511,420385,234,-2157,1165,-259,5,2,-2,-2,1166,-260,3272,1232,-642,159,-5198,1285]]]
4904365	p	4887398
5105608	p	5128581
4846960	p	4853828
4933002	p	4951788
4897543	p	4887398
4884597	p	4887398
4274994	r	-96.9996,38.8447,-96.1404,39.5154	[[[-969996,391800,9,-219,28,-219,45,-216,64,-214,82,-210,99,-205,116,-200,132,-193,149,-187,164,-178,178,-170,192,-160,205,-150,218,-139,228,-128,239,-116,248,-103,256,-91,263,-77,269,-64,274,-49,277,-36,280,-22,281,-7,281,7,280,22,277,36,274,49,269,64,263,77,256,91,248,103,239,116,228,128,218,139,205,150,192,160,178,170,164,178,149,187,132,193,116,200,99,205,82,210,64,214,45,216,28,219,9,219,-9,219,-28,219,-45,216,-64,214,-82,210,-99,205,-116,200,-132,193,-149,187,-164,178,-178,170,-192,160,-205,150,-218,139,-228,128,-239,116,-248,103,-256,91,-263,77,-269,64,-274,49,-277,36,-280,22,-281,7,-281,-7,-280,-22,-277,-36,-274,-49,-269,-64,-263,-77,-256,-91,-248,-103,-239,-116,-228,-128,-218,-139,-205,-150,-192,-160,-178,-170,-164,-178,-149,-187,-132,-193,-116,-200,-99,-205,-82,-210,-64,-214,-45,-216,-28,-219,-9,-219]]]
4160705	p	4164138
4223379	p	4180439
4990512	p	4990729
5384471	r	-119.2874,35.7787,-118.6409,36.354	[[[-1192874,359918,4228,-2131,123,45,219,96,210,106,202,118,192,128,181,138,170,147,157,156,144,165,132,171,116,178,103,184,87,189,72,193,57,197,40,199,24,201,8,202,-8,202,-24,201,-40,199,-57,197,-72,193,-87,189,-103,184,-116,178,-132,171,-144,165,-157,156,-170,147,-181,138,-192,128,-202,118,-210,106,-219,96,-226,83,-232,71,-69,17,-2263,-1439,-1561,-2182]]]
5102713	p	5128581
4628735	p	4644585
6332422	p	5128581
4488762	n	-78.0675,35.7139,-77.5126,36.1661	[[[-780674,359400,14,-222,39,-219,67,-215,91,-209,117,-201,140,-190,162,-178,183,-165,201,-149,219,-132,233,-114,247,-95,256,-75,264,-54,269,-32,272,-11,272,11,269,32,264,54,256,75,247,95,233,114,219,132,201,149,183,165,162,178,140,190,117,201,91,209,67,215,39,219,14,222,-14,222,-39,219,-67,215,-91,209,-117,201,-140,190,-162,178,-183,165,-201,149,-219,132,-233,114,-247,95,-256,75,-264,54,-269,32,-272,11,-272,-11,-269,-32,-264,-54,-256,-75,-247,-95,-233,-114,-219,-132,-201,-149,-183,-165,-162,-178,-140,-190,-117,-201,-91,-209,-67,-215,-39,-219,-14,-222]]]
5720727	r	-123.6554,44.2781,-122.9821,44.8305	[[[-1236554,445600,8,-186,25,-184,43,-183,58,-181,75,-178,92,-174,106,-169,122,-163,137,-158,151,-151,164,-143,177,-136,189,-127,200,-117,210,-109,220,-98,228,-87,236,-77,242,-65,248,-54,252,-42,255,-30,95,-7,2471,523,567,170,162,109,-50,60,-1,0,-3912,4662,-87,-19,-242,-65,-236,-77,-228,-87,-220,-98,-210,-109,-200,-117,-189,-127,-177,-136,-164,-143,-151,-151,-137,-158,-122,-163,-106,-169,-92,-174,-75,-178,-58,-181,-43,-183,-25,-184,-8,-186]]]
5805687	r	-123.3277,46.7566,-122.5826,47.3434	[[[-1233277,470500,9,-192,28,-191,45,-189,64,-187,81,-184,98,-180,116,-175,132,-169,148,-163,163,-156,177,-149,192,-140,204,-131,216,-122,228,-112,237,-101,247,-90,255,-80,262,-67,268,-56,273,-44,276,-31,278,-19,280,-6,280,6,278,19,276,31,273,44,268,56,262,67,255,80,247,90,237,101,228,112,216,122,204,131,150,110,-187,377,-1023,2059,-189,-78,-39,111,-93,111,-125,85,-246,78,-93,100,-80,113,-81,85,-189,81,-56,-56,12,-155,5,-25,-98,-53,-147,-51,-142,-14,71,75,46,83,6,91,-55,98,-395,-229,-88,-118,0,-124,47,-130,7,-123,-123,-101,38,-53,-9,0,-3,-9,32,-74,-202,0,-31,94,-98,110,61,100,20,105,-20,106,-61,99,-105,-231,-187,-172,-229,-90,-230,15,180,84,134,106,444,585,45,145,-120,35,-226,-271,-41,-32,-56,-13,-845,-437,-198,-66,107,164,192,57,195,33,115,88,-37,141,-193,-2,-230,-71,-149,-68,105,156,250,85,527,106,255,161,153,212,293,757,71,73,159,26,119,34,156,80,240,166,94,184,19,55,-95,11,-278,19,-280,6,-280,-6,-278,-19,-276,-31,-273,-44,-268,-56,-262,-67,-255,-80,-247,-90,-237,-101,-228,-112,-216,-122,-204,-131,-192,-140,-177,-149,-163,-156,-148,-163,-132,-169,-116,-175,-98,-180,-81,-184,-64,-187,-45,-189,-28,-191,-9,-192],[-1229044,470756,6,10,7,-10,-13,0]],[[-1229219,472287,99,-99,141,-99,71,-85,28,-71,57,-127,28,-85,57,-42,141,98,114,156,0,269,-99,113,-113,114,13,127,0,127,14,100,142,70,57,127,-113,-56,-71,-29,-170,-56,-85,-56,-141,0,-71,-86,-29,-141,-70,-184,0,-85]],[[-1228149,472743,1,-234,161,-459,259,-319,240,150,-464,933,-4,-7,-193,-64]],[[-1227464,471537,42,-100,43,-14,142,-99,34,-17,-143,289,-33,-17,-85,-42]]]
4228147	r	-83.6576,30.5036,-82.9024,31.1564	[[[-836576,308300,8,-213,25,-213,40,-211,56,-208,72,-204,87,-200,102,-195,116,-188,131,-181,144,-174,156,-165,169,-156,181,-146,191,-136,200,-124,210,-113,218,-101,225,-88,231,-75,237,-62,240,-48,244,-35,246,-21,247,-7,247,7,246,21,244,35,240,48,237,62,231,75,225,88,218,101,210,113,200,124,191,136,181,146,169,156,156,165,144,174,131,181,116,188,102,195,87,200,72,204,56,208,40,211,25,213,8,213,-8,213,-25,213,-40,211,-56,208,-72,204,-87,200,-102,195,-116,188,-131,181,-144,174,-156,165,-169,156,-181,146,-191,136,-200,124,-210,113,-218,101,-225,88,-231,75,-237,62,-240,48,-244,35,-246,21,-247,7,-247,-7,-246,-21,-244,-35,-240,-48,-237,-62,-231,-75,-225,-88,-218,-101,-210,-113,-200,-124,-191,-136,-181,-146,-169,-156,-156,-165,-144,-174,-131,-181,-116,-188,-102,-195,-87,-200,-72,-204,-56,-208,-40,-211,-25,-213,-8,-213]]]
5355180	r	-120.0093,36.0386,-119.47,36.5832	[[[-1200093,363300,8,-191,23,-189,38,-189,54,-185,68,-183,83,-178,97,-174,111,-168,124,-162,137,-155,149,-147,160,-140,172,-130,182,-121,191,-111,200,-101,207,-90,214,-78,220,-67,225,-56,229,-43,232,-31,234,-19,235,-6,44,1,1756,2790,0,2645,-4,2,-18,8,-4715,-856,-50,-57,-124,-162,-111,-168,-97,-174,-83,-178,-68,-183,-54,-185,-38,-189,-23,-189,-8,-191]]]
5416329	r	-105.2655,39.0897,-104.45,39.4983	[[[-1052655,393239,34,-162,61,-203,78,-200,94,-195,111,-190,126,-185,142,-177,156,-170,171,-161,183,-152,196,-143,207,-133,218,-121,228,-110,92,-39,4336,205,118,65,207,133,196,143,183,152,171,161,156,170,142,177,126,185,111,190,94,195,78,200,61,203,44,206,26,208,9,209,-9,209,-26,208,-44,206,-61,203,-78,200,-94,195,-36,62,-3928,-238,-3879,-1506]]]
4258313	p	4259418
4887463	p	4887398
5120478	p	5128581
5378044	r	-122.9561,37.9917,-122.4108,38.2264	[[[-1229561,380398,32,-111,1,-3,34,10,133,14,-64,104,-28,26,-79,-29,-29,-11]],[[-1229321,380487,110,-138,143,-31,674,-255,180,-86,52,-60,2796,507,11,-5,38,8,41,-15,6,-10,44,-7,35,12,-7,48,58,10,0,-21,57,7,16,18,0,9,149,2,81,200,-24,5,36,84,-49,279,-149,87,444,42,86,68,152,-12,205,92,28,546,-421,393,-3768,-1397,40,-146,-107,121,-957,-355]]]
4515843	p	4509884
5063805	p	5074472
5810301	p	5809844
4058553	r	-87.4107,34.2531,-86.6467,34.9669	[[[-874107,346100,10,-233,27,-233,46,-230,64,-228,82,-223,99,-219,117,-212,132,-206,149,-199,164,-189,179,-181,193,-170,205,-160,218,-148,229,-136,240,-123,248,-111,257,-96,264,-82,269,-68,275,-53,278,-38,280,-23,282,-8,282,8,280,23,278,38,275,53,269,68,264,82,257,96,248,111,240,123,229,136,218,148,205,160,193,170,95,96,-946,1954,-80,-3,0,-16,-50,1,-4,-105,81,-1,0,-19,-24,0,0,-17,-33,0,0,-37,-12,1,0,-20,-43,2,-1,-19,-42,0,2,38,-26,1,0,43,-34,1,-1,26,1,22,37,0,-1,-19,49,-4,4,-6,0,-20,-52,0,0,-11,86,0,8,224,-83,2,2,34,-35,1,-18,12,1,10,-64,1,-18,-37,-61,-1,0,33,-18,2,-5,57,-40,0,-9,-293,-148,2,2,55,24,0,0,18,-60,2,0,36,-12,1,2,109,-122,2,0,11,-27,0,-1,-12,-26,1,-5,-146,29,0,-8,-85,-3,12,-94,1,-5,-19,-24,0,0,-19,-46,1,-8,11,-23,1,-1,26,-45,0,-3,18,-44,0,-1,17,-23,1,0,18,-20,1,4,72,45,0,1,54,91,1,3,37,75,-1,0,-6,13,0,3,79,57,-1,0,74,-113,1,0,35,23,0,0,36,12,0,0,37,69,-1,0,37,46,0,0,18,23,0,0,5,44,0,0,-23,35,0,3,145,-23,0,-1,37,34,0,1,-18,43,-1,1,55,-21,-1,0,20,-21,0,0,18,-21,0,0,17,-24,0,0,74,-23,0,0,18,-46,0,-1,-82,-68,-25,-23,-1,-1,-38,68,-1,0,-23,-15,0,0,-19,-25,-30,-300,3,-106,-44,-13,11,-114,-1,-14,-35,-89,1,-13,10,-22,0,-26,22,-14,63,-2,4,-1,7,-20,43,-100,2,1,8,158,48,4,-59,194,-4,1,9,178,-3,5,244,11,0,1,9,-12,0,1,34,17,-1,0,72,-326,5,-28,37,252,-4,1,166,8,21,-30,10,-15,-11,-225,0,2,74,-89,1,-2,-36,-90,2,1,36,-87,1,-7,-214,-26,-3,-50,250,-6,0,-2,-104,-90,2,-1,-70,-149,0,-1,11,14,1,-2,22,-13,2,13,0,-1,17,5,-3,12,21,45,0,-9,1,2,77,-52,1,0,10,-18,0,0,19,18,-1,-2,22,-18,0,18,4,-2,19,-17,2,21,0,0,16,-23,3,23,0,1,15,-26,0,-1,8,19,0,0,11,-20,0,20,3,1,10,150,-4,-2,-72,44,-1,-1,-36,44,-1,4,123,22,0,1,43,66,-2,-1,-56,-33,0,-1,-73,387,-5,4,219,22,0,0,-31,34,0,3,-11,29,-1,0,-29,51,-3,1,9,6,0,-4,-22,18,0,1,13,94,-2,0,6,10,0,2,142,183,-4,0,43,117,68,32,-23,-1,-8,-24,-3,-15,-31,15,8,0,13,41,14,-1026,2119,-244,20,-282,8,-282,-8,-280,-23,-278,-38,-275,-53,-269,-68,-264,-82,-257,-96,-248,-111,-240,-123,-229,-136,-218,-148,-205,-160,-193,-170,-179,-181,-164,-189,-149,-199,-132,-206,-117,-212,-99,-219,-82,-223,-64,-228,-46,-230,-27,-233,-10,-233]],[[-868579,346713,1,-12,9,0,0,11,10,-1,0,-9,20,0,0,-9,104,-2,0,5,16,0,0,14,-160,3]],[[-868537,345796,1,-36,86,0,1,17,-8,-1,0,6,8,1,0,17,-88,-4]],[[-868511,347184,37,-23,50,-1,0,-11,2,73,67,-1,-1,-73,65,0,-1,-147,113,-1,0,-20,22,0,0,-11,-37,0,1,-13,-20,-5,-1,-52,24,0,-1,-13,12,0,4,-14,0,-20,-27,0,-4,-72,46,-1,3,73,38,0,0,-29,50,0,-2,-105,63,0,1,19,38,0,2,114,44,1,-231,476,-1,-36,-45,1,2,126,-11,22,-119,0,-3,-73,-44,1,2,63,-46,1,-1,-138,-22,0,0,-38,-68,1,0,-35,30,-1,-31,-38]],[[-868468,346643,16,-80,26,-6,-1,17,-11,0,1,9,24,3,-24,1,0,16,20,15,-6,7,-14,-8,1,42,-32,-16]],[[-868344,346637,43,-1,0,72,-43,1,0,-72]],[[-868170,346153,103,3,0,-6,-15,1,0,-28,32,0,2,66,7,0,0,7,-40,0,0,-22,-44,0,0,-11,-45,0,0,-10]],[[-868009,346011,24,0,-1,-22,51,0,-12,4,1,7,-29,3,0,13,40,-2,0,16,12,-4,6,7,-18,0,0,14,-43,1,0,-7,-6,7,-12,0,-2,-31,-1,21,-9,1,-1,-28]],[[-867886,346009,88,-1,1,37,-87,1,-2,-37]],[[-867879,346668,11,-4,-1,-38,46,19,-44,91,-1,-68,-11,0]],[[-867629,345934,138,5,1,-85,8,-4,1,27,22,0,-1,-55,36,-2,-117,242,-1,-30,-12,0,-1,-27,-9,0,0,-13,9,-1,-2,-21,-71,0,-1,-36]]]
5381110	p	5368361
4720039	r	-94.4383,29.5842,-93.4282,30.1754	[[[-944383,297773,10,-36,97,-282,119,-275,139,-268,159,-259,178,-250,196,-239,214,-227,101,-95,1010,333,845,414,295,117,419,112,225,22,804,-14,405,-8,294,-73,115,5,159,176,-159,308,-569,528,-54,297,137,597,569,844,95,182,8,40,31,144,195,-30,160,32,297,-17,195,-68,94,-177,-121,-559,-98,-482,-388,-323,-367,-53,-308,-117,-55,-164,145,-409,282,-266,200,-232,96,94,285,81,259,87,276,109,382,54,604,77,823,128,611,61,440,12,94,-6,13,39,77,286,55,290,12,105,-2270,3336,-353,-179,-6781,-3448,-696,-354]]]
5177773	p	4560349
4917592	r	-85.8986,39.7709,-85.3936,40.4293	[[[-858986,402997,703,-2947,1563,-2341,200,5,278,21,276,35,273,49,268,62,262,76,254,89,247,102,238,114,227,125,217,137,44,31,-196,401,-2462,5042,-144,294,-62,1,-280,-7,-164,-12,-40,-29,-1702,-1248]]]
4174744	p	4164138
4371582	p	4347778
4945588	p	4951788
4914557	p	4887398
4172131	r	-82.6597,27.134,-82.2092,27.4805	[[[-826597,273992,22,-24,85,-155,423,-446,175,-123,-39,154,-370,399,-137,227,-159,-32]],[[-825958,274119,79,-37,143,-131,109,-483,208,-383,2,-54,-14,-8,8,-2,5,-19,3,3,0,-8,-4,0,-13,13,-8,-10,8,-11,17,0,7,-154,-68,0,-33,60,-32,29,-35,20,-43,34,1,-215,126,-197,166,-197,117,-216,75,0,0,136,102,-65,69,-109,33,-143,0,-167,-52,47,-36,51,-48,113,57,-226,237,-415,10,-35,2629,1615,13,71,21,186,7,188,-7,188,-21,186,-34,186,-48,182,-61,180,-74,176,-86,171,-82,136,-3453,-686]],[[-825888,273237,10,-24,29,-35,30,-17,63,-71,62,-100,20,-11,20,10,14,74,-18,34,-14,-6,-12,20,6,3,-4,5,-28,-13,-2,4,17,13,-18,10,-12,-2,-15,19,9,4,2,17,10,-2,-7,-5,2,-14,37,-17,11,11,-13,6,-8,23,-10,5,-20,-2,-1,11,-30,33,-17,8,-19,0,-26,44,-7,0,6,21,31,26,8,3,11,-8,21,-21,58,42,-44,50,-59,-42,7,-12,-7,-6,-14,-9,-6,4,-47,-30,-26,-40,0,-13]],[[-825655,273266,16,-22,18,9,4,-20,-28,-6,2,-8,8,0,-7,-3,2,-8,17,2,4,-14,-18,-4,-3,-31,41,-62,29,24,20,64,-6,22,-19,19,-26,-21,-4,5,7,8,0,45,12,7,-19,21,-50,-27]],[[-825600,273019,0,-24,57,-4,58,4,6,7,-5,7,-15,-5,-9,8,-25,-2,-1,4,67,5,1,11,-56,17,-30,0,-3,6,-30,-4,-15,-30]]]
5114418	p	5128581
4845419	p	4839366
5388867	p	5368361
4890701	p	4887398
4502434	p	4560349
5356868	p	5391710
4903024	p	4883555
5338783	p	5391710
11979227	p	5308655
5604045	r	-112.9432,42.5061,-111.9568,43.2339	[[[-1129432,428700,10,-238,32,-237,53,-235,73,-232,94,-228,113,-223,133,-217,153,-210,170,-202,188,-193,205,-185,220,-173,236,-163,249,-151,263,-139,274,-126,285,-112,294,-98,302,-84,308,-69,315,-54,318,-39,321,-24,323,-7,323,7,321,24,318,39,315,54,308,69,302,84,294,98,285,112,274,126,263,139,249,151,236,163,220,173,205,185,188,193,170,202,153,210,133,217,113,223,94,228,73,232,53,235,32,237,10,238,-10,238,-32,237,-53,235,-73,232,-94,228,-113,223,-133,217,-153,210,-170,202,-150,155,-3185,1416,-122,15,-321,24,-323,7,-323,-7,-321,-24,-318,-39,-315,-54,-308,-69,-302,-84,-294,-98,-285,-112,-274,-126,-263,-139,-249,-151,-236,-163,-220,-173,-205,-185,-188,-193,-170,-202,-153,-210,-133,-217,-113,-223,-94,-228,-73,-232,-53,-235,-32,-237,-10,-238]]]
4148708	n	-82.7325,27.3992,-82.3268,27.6793	[[[-827325,275306,33,-159,194,-453,114,-146,157,-61,373,-58,386,-258,110,-52,2656,528,22,131,12,222,-12,222,-37,219,-60,215,-84,209,-106,201,-128,190,-148,178,-167,165,-49,40,-358,154,-919,-216,-106,-76,-132,-205,-72,-206,-100,-183,-214,-130,41,-94,27,-36,-120,-108,-22,-10,-23,0,-56,19,-38,10,-27,-32,-49,-84,185,69,32,13,128,48,158,23,-62,-122,-134,-88,-294,-73,-156,-75,145,-24,121,-41,109,-60,103,-80,-213,-11,-258,118,-245,64,-171,-171,61,-63,69,-45,72,-9,71,43,62,0,7,-101,-18,-91,-46,-79,-74,-70,-109,99,-264,113,-104,67,-53,79,-152,331,-68,0]],[[-826810,274341,44,-123,122,-173,47,-53,159,32,-105,173,-99,72,-168,72]]]
4908033	p	4887398
4955336	p	4930956
4169130	n	-82.2778,26.7595,-81.8379,27.2022	[[[-822778,268308,32,-1,70,-11,142,-47,79,-44,94,-84,69,-16,60,12,28,23,18,23,31,11,47,-23,97,-101,30,-19,62,40,76,72,57,70,10,36,86,-108,34,-283,90,42,63,132,-6,148,-90,443,-158,369,-53,76,-63,64,-140,310,-31,32,-734,-1166]],[[-821905,269695,98,29,-37,-173,183,-189,109,-86,49,34,58,94,125,14,121,37,43,159,229,-58,181,33,172,64,406,77,217,185,167,47,-124,-306,-56,-74,-93,-44,-219,-41,-499,-268,-195,-135,-15,-128,204,-155,135,-62,76,-91,22,-245,-21,-224,-124,-594,243,52,1393,615,105,104,147,178,127,190,106,201,84,209,60,215,36,219,12,222,-12,222,-36,219,-60,215,-84,209,-106,201,-127,190,-147,178,-166,165,-183,149,-199,132,-212,114,-224,95,-232,75,-240,54,-32,4,-518,-822,385,-1,-2,-878,-933,4,-397,-630]]]
4903780	p	4885164
4733624	n	-95.5768,29.9083,-95.2098,30.2197	[[[-955768,300522,802,-1298,0,-1,2,-1,2,-2,25,-19,0,-1,-26,20,19,-31,65,-106,748,89,0,5,7,109,-53,-1,-2,103,-89,-2,-52,-16,-24,1,0,30,-146,-2,0,33,-10,0,0,6,10,0,-1,20,153,2,30,36,0,-7,32,1,0,20,-16,0,-1,15,14,11,12,1,1,-46,22,0,-1,94,-64,-1,-1,13,-55,3,-1,80,65,0,1,21,5,0,12,-6,0,-15,49,0,-12,19,-38,32,0,8,73,2,14,-61,6,0,-1,8,2,-8,6,0,1,-21,-8,0,12,-142,2,-4,163,2,0,42,63,1,0,-18,93,1,52,-214,-63,-8,1,-27,-21,0,0,27,-42,-6,2,-116,318,37,50,97,-2,84,-45,190,-32,56,-7,149,-58,178,-30,-31,-23,31,46,25,-27,80,-62,109,501,-88,125,-47,1077,2054,-64,76,-742,-82,-1620,-901,2,0,-1,-58,-12,-1,0,-18,19,0,0,-59,-17,-11,-2,-19,-14,-3,-10,9,-20,-9,-12,7,-30,4,-14,-12,-20,11,-5,-15,-10,-6,-16,12,-26,-11,-14,8,-19,-13,-57,30,-966,-538],[-954937,299200,-4,-6,-1,-1,5,7],[-954300,300453,-48,248,5,-13,22,-6,67,36,-40,56,23,9,42,-60,-62,-37,32,-45,-48,-6,9,-51,-12,-7,11,-14,-19,-10,17,-33,25,0,1,-23,10,-23,-17,-14,-3,4,-15,-9,0,-2],[-954288,300382,-12,71,11,-56,1,-15],[-954285,300322,-3,60,3,-20,0,-40],[-954274,300112,-1,7,-10,129,0,74,11,-210],[-954247,299965,-26,133,-1,14,27,-147],[-954192,299688,-16,67,-39,210,55,-277]]]
4145805	p	4164138
5808276	p	7289169
4689550	p	4684888
4377664	p	4393217
4154047	n	-87.5883,30.2777,-87.1497,30.7279	[[[-875883,304200,8,-209,23,-208,39,-207,55,-204,56,-161,130,-18,231,43,116,120,89,126,148,59,251,51,121,128,72,164,105,163,428,354,16,96,74,0,-108,54,-90,60,-77,70,-72,89,0,61,241,-118,70,-49,86,-31,200,20,86,-20,84,-97,53,-137,-8,-122,-92,-54,-240,-48,-186,-122,-294,-307,0,-69,123,-74,6,-101,-76,-102,-115,-77,-121,-26,-247,5,-122,-41,176,-52,171,-78,-369,-44,-115,-30,-90,-55,-60,-57,-69,-53,-116,-41,0,-74,107,45,221,53,81,-24,172,86,1423,260,223,89,-36,180,102,31,251,33,88,42,36,98,-30,246,25,97,88,46,24,-22,5,3,52,-21,22,-19,58,-5,33,-40,224,64,-1,6,10,1,4,-14,46,8,-7,33,6,5,162,98,-15,18,-4,17,28,15,71,4,29,17,52,70,12,34,-2,93,33,85,63,100,32,78,1,1,-5,47,-15,39,6,34,56,64,26,14,38,22,-48,20,-14,6,-26,32,-85,37,12,-35,-12,-46,-22,15,6,10,-15,7,4,6,-13,6,2,5,-8,4,-7,-11,-8,3,5,12,-13,6,4,9,-7,-5,-32,11,-11,8,6,10,-23,-2,19,21,-25,11,-6,42,-37,-1,-1,14,-5,-3,-3,5,-40,-8,0,-76,-43,1,-6,29,-20,1,-2,-29,-46,1,-8,-33,7,0,0,-13,-20,1,0,12,-22,1,-1,-35,10,0,1,16,32,-1,-2,-22,-5,0,-5,-14,-1,-45,20,-1,0,-8,35,-1,7,16,-9,1,0,18,40,-1,-18,-16,24,-39,-4,-9,8,-20,-12,1,-1,-10,10,-4,-16,-13,-74,36,15,13,-14,13,-28,-3,4,-12,-8,4,-1,27,-40,1,7,53,-8,2,1,8,-12,0,-1,-8,0,9,-74,-2,-12,2,0,11,-10,0,0,-12,-24,1,-3,-6,-5,-50,-19,0,-939,2387,-192,-51,-226,-74,-219,-86,-213,-99,-204,-110,-196,-122,-187,-133,-176,-143,-164,-153,-153,-161,-141,-170,-127,-178,-113,-185,-100,-190,-85,-196,-70,-200,-55,-204,-39,-207,-23,-208,-8,-209],[-871909,304912,5,6,10,2,-1,-10,61,-3,-17,-27,13,-5,-16,-34,-5,8,-14,-9,-13,9,1,14,-9,-2,-2,39,-10,0,5,6,-8,6]],[[-872965,303323,553,-62,768,85,-37,94,-290,-42,-811,-17,-183,-58]],[[-871941,303603,188,20,-55,140,-28,-6,-65,-44,-40,-110]]]
5354819	p	5368361
5130334	p	5128581
6640032	p	5128581
5335006	r	-116.7358,33.4945,-116.2297,34.1212	[[[-1167358,339328,373,-3951,40,-424,15,-8,3048,2906,0,168,-87,-1,2,82,213,-127,754,719,703,1862,-138,83,-226,118,-236,105,-243,92,-249,79,-256,65,-260,50,-263,37,-265,22,-267,7,-267,-7,-265,-22,-263,-37,-260,-50,-256,-65,-220,-69,-1127,-1634]]]
5100280	n	-74.5114,40.0018,-74.0678,40.2863	[[[-745114,400736,34,-177,70,-215,98,-209,71,-117,2599,220,1564,1988,-2905,637,-680,-255,-13,-9,-194,-165,-43,-44,-444,-1222,-157,-432]]]
5153207	r	-82.4464,41.0855,-81.8758,41.4942	[[[-824464,412424,103,-146,130,-159,144,-151,156,-144,169,-136,179,-127,191,-118,200,-108,209,-99,218,-87,224,-77,231,-66,235,-54,240,-42,244,-31,245,-18,246,-6,246,6,245,18,244,31,240,42,235,54,231,66,224,77,218,87,209,99,200,108,50,31,-309,1911,-869,1557,-1086,-604,2,-16,-34,-28,-3,-28,6,-16,11,-5,-148,1,-6,-4,0,-11,-10,0,-9,1,-3251,-1808]]]
4168228	p	4154047
4916288	p	4903279
5417737	p	5419384
5099133	p	5128581
5407529	r	-121.8892,36.7702,-121.5622,37.1289	[[[-1218892,369565,21,-16,272,-274,557,-915,144,-298,-84,-263,-16,-97,2376,656,-2427,2931,-258,-50,-585,-1674]]]
5301388	r	-114.7355,34.1351,-113.9045,34.8249	[[[-1147355,344800,8,-226,27,-224,44,-223,62,-220,79,-216,96,-211,112,-205,128,-199,144,-192,158,-183,173,-175,186,-165,198,-154,210,-143,221,-131,231,-120,240,-106,248,-93,254,-80,260,-65,265,-51,269,-37,270,-22,272,-8,272,8,270,22,269,37,265,51,260,65,254,80,248,93,240,106,231,120,221,131,210,143,198,154,186,165,173,175,158,183,144,192,128,199,112,205,96,211,79,216,62,220,44,223,27,224,8,226,-8,226,-27,224,-44,223,-62,220,-79,216,-96,211,-112,205,-128,199,-144,192,-158,183,-173,175,-186,165,-198,154,-210,143,-221,131,-231,120,-240,106,-248,93,-254,80,-260,65,-265,51,-269,37,-270,22,-272,8,-272,-8,-270,-22,-269,-37,-265,-51,-260,-65,-254,-80,-248,-93,-240,-106,-231,-120,-221,-131,-210,-143,-198,-154,-186,-165,-173,-175,-158,-183,-144,-192,-128,-199,-112,-205,-96,-211,-79,-216,-62,-220,-44,-223,-27,-224,-8,-226]]]
6332582	p	4164138
4832294	p	4930956
5106292	p	5128581
5411046	p	5374732
5352214	r	-121.8049,36.7962,-121.214,37.2947	[[[-1218049,371289,2427,-2931,2287,-396,152,114,159,137,148,145,136,152,123,159,110,165,96,171,82,175,68,179,52,183,38,184,23,187,8,187,-8,187,-23,187,-38,184,-52,183,-68,179,-82,175,-96,171,-110,165,-123,159,-136,152,-148,145,-159,137,-170,128,-180,119,-189,109,-198,98,-206,89,-212,77,-218,66,-223,54,-227,43,-229,30,-122,10,-1526,-940,92,0,0,17,57,10,56,28,30,0,-3,18,12,23,17,1,9,15,36,15,17,33,160,0,5,-9,40,9,40,0,2,-144,270,1,1,-72,183,0,1,-70,-43,-1,-122,-84,-52,-22,-11,17,-19,-8,11,-17,-135,-57,-65,-50,-35,-12,-85,27,4,7,-12,4,-4,-8,-152,48,-53,2,-11,-23,-59,25,6,4,-68,66,-35,-1,-88,84,-24,-17,-45,13,-10,-6,-37,18,-48,13,-43,-26,31,-23,10,7,22,-8,11,-16,-9,-6,6,-6,-11,-8,83,-81,-7,-4,8,3,42,-41,146,95,54,-55,0,-8,-26,-18,31,-18,38,-6,-24,-21,32,-24,-119,-82,-26,26,79,56,-47,46,-82,-54,11,-11,-56,-37,-27,26,57,37,-25,24,-7,-4,-12,11,-17,-12,-11,10,20,13,-183,184,-310,-191,49,-101,-42,-12,10,-36,-97,-2,-1,10,17,3,22,14,-20,35,-22,5,-16,13,-27,-16,-31,-37,17,-29,-54,-3,-15,-27,-27,-17,-34,3,-58,-6,-1,-1,107,-80,-31,-22,43,-32,-135,-112,-213,105,-79,-48]]]
4168930	n	-81.7147,27.9139,-81.2052,28.2577	[[[-817147,281400,12,-222,6,-30,229,-711,54,-103,128,-190,149,-178,168,-165,185,-149,201,-132,214,-114,226,-95,236,-75,242,-54,247,-32,250,-11,250,11,247,32,242,54,236,75,226,95,214,114,201,132,185,149,168,165,149,178,128,190,107,201,84,209,61,215,37,219,12,222,-12,222,-36,212,-3829,609,-841,134,-75,-111,-107,-201,-84,-209,-61,-215,-37,-219,-12,-222]]]
4738604	p	4671654
4634662	r	-83.0194,36.2357,-82.1093,36.9215	[[[-830194,365500,10,-243,29,-242,49,-240,69,-237,87,-232,106,-228,124,-221,142,-215,158,-206,175,-198,191,-188,206,-177,219,-166,232,-155,245,-141,107,-54,1712,952,1460,811,-2,2,-11,-4,0,5,12,1,3,-2,6,3,2,1,-78,53,-91,24,-51,30,-56,23,-48,45,-31,44,13,-6,25,-35,44,-43,61,-24,47,-29,87,-16,61,-44,7,34,-40,11,-10,14,-12,0,0,13,8,0,5,49,9,0,10,16,51,-20,10,-13,-16,-48,2,-8,9,0,-1,-11,-15,-1,-6,-26,5,-3,-13,-11,21,-14,75,42,49,27,0,7,6,-4,3021,1680,611,340,0,3,-69,237,-87,232,-106,228,-124,221,-142,215,-158,206,-175,198,-191,188,-206,177,-219,166,-232,155,-245,141,-255,129,-265,114,-274,101,-281,85,-288,71,-293,55,-296,40,-300,23,-300,8,-300,-8,-300,-23,-296,-40,-293,-55,-288,-71,-281,-85,-274,-101,-265,-114,-255,-129,-245,-141,-232,-155,-219,-166,-206,-177,-191,-188,-175,-198,-158,-206,-142,-215,-124,-221,-106,-228,-87,-232,-69,-237,-49,-240,-29,-242,-10,-243]]]
5197796	n	-75.0172,39.9622,-74.6031,40.3609	[[[-750172,403343,7,-30,121,-559,2436,-3096,727,-36,214,98,231,132,214,149,191,164,-98,94,-3514,3350,-42,-15,-248,-114,-231,-132,-8,-5]]]
4167519	p	4177887
4838652	p	5282804
5342485	r	-119.6212,35.4836,-118.8788,35.9918	[[[-1196212,357700,8,-198,24,-198,40,-196,55,-193,70,-190,86,-185,100,-181,114,-175,129,-169,141,-161,154,-153,166,-145,178,-136,187,-125,198,-116,206,-105,214,-93,222,-82,205,-63,4639,1695,5,9,86,185,70,190,55,193,40,196,24,198,8,198,-7,162,-4079,2056,-2569,-371,-2,-1,-141,-161,-129,-169,-114,-175,-100,-181,-86,-185,-70,-190,-55,-193,-40,-196,-24,-198,-8,-198]]]
5408211	p	5389489
4472370	p	4460243
5102578	p	5128581
5395244	p	5368361
4446675	p	4645421
4407237	p	4401242
13526890	p	4140963
4763231	r	-79.2452,38.1541,-78.4948,38.7459	[[[-792452,384500,8,-194,24,-192,40,-191,55,-189,72,-185,86,-181,102,-177,115,-170,130,-165,143,-157,156,-150,168,-141,179,-132,190,-123,199,-113,209,-102,216,-92,224,-79,230,-69,235,-56,239,-44,242,-31,245,-19,245,-7,245,7,245,19,242,31,239,44,235,56,230,69,224,79,216,92,209,102,199,113,190,123,179,132,168,141,156,150,143,157,130,165,115,170,102,177,86,181,72,185,55,189,40,191,24,192,8,194,-8,194,-24,192,-40,191,-55,189,-72,185,-86,181,-102,177,-115,170,-130,165,-143,157,-156,150,-168,141,-179,132,-190,123,-199,113,-209,102,-216,92,-224,79,-230,69,-235,56,-239,44,-242,31,-245,19,-245,7,-245,-7,-245,-19,-242,-31,-239,-44,-235,-56,-230,-69,-224,-79,-216,-92,-209,-102,-199,-113,-190,-123,-179,-132,-168,-141,-156,-150,-143,-157,-130,-165,-115,-170,-102,-177,-86,-181,-72,-185,-55,-189,-40,-191,-24,-192,-8,-194]]]
4946863	p	4930956
5383527	p	5392900
4274356	p	4276614
4685524	p	4684888
4458228	r	-79.6641,35.7077,-79.0707,36.4942	[[[-796641,364492,569,-4218,31,20,-52,-34,-12,-15,-18,1,-21,-9,-6,-21,5,-5,13,1,5,-7,-5,-18,-22,12,-11,-1,-8,-9,-13,4,-17,22,-11,-10,8,-17,3,9,-9,9,8,5,17,-20,14,-4,13,9,19,-10,-3,-24,7,22,14,4,2,9,-6,16,-17,6,9,18,58,9,-2,6,9,7,413,-3065,3,-1,309,-59,313,-42,193,-15,833,1059,2640,3355,610,1903,49,155,-50,50,-217,188,-231,176,-246,164,-257,150,-269,136,-280,122,-289,106,-297,91,-303,75,-309,59,-313,42,-315,25,-317,8,-317,-8,-315,-25,-313,-42,-309,-59,-303,-75,-297,-91,-289,-106,-98,-43]]]
5811456	p	5812944
4919987	r	-86.115,41.37,-85.5677,41.99	[[[-861150,413871,25,-7,258,-59,263,-46,266,-33,268,-20,270,-6,270,6,268,20,266,33,263,46,258,59,253,72,246,83,238,96,229,107,219,118,209,129,196,139,185,148,171,157,157,165,143,172,127,179,111,185,95,189,79,195,61,197,44,200,26,202,9,203,-9,203,-26,202,-44,200,-61,197,-79,195,-95,189,-111,185,-127,179,-143,172,-157,165,-171,157,-185,148,-196,139,-209,129,-219,118,-229,107,-238,96,-246,83,-253,72,-258,59,-263,46,-266,33,-268,20,-270,6,-270,-6,-268,-20,-266,-33,-263,-46,-258,-59,-25,-7,0,-5858]]]
5258957	r	-91.6985,43.4668,-90.7814,44.1332	[[[-916985,438000,10,-218,29,-217,49,-215,68,-212,87,-209,106,-204,124,-199,141,-192,158,-185,175,-177,191,-169,205,-159,219,-149,232,-138,244,-127,254,-116,265,-102,273,-90,281,-77,287,-63,292,-50,296,-35,299,-22,300,-7,300,7,299,22,296,35,292,50,287,63,281,77,273,90,265,102,254,116,244,127,232,138,219,149,205,159,191,169,175,177,158,185,141,192,124,199,106,204,87,209,68,212,49,215,29,217,10,218,-10,218,-29,217,-49,215,-68,212,-87,209,-106,204,-124,199,-141,192,-158,185,-175,177,-191,169,-205,159,-219,149,-232,138,-244,127,-254,116,-265,102,-273,90,-281,77,-287,63,-292,50,-296,35,-299,22,-300,7,-300,-7,-299,-22,-296,-35,-292,-50,-287,-63,-281,-77,-273,-90,-265,-102,-254,-116,-244,-127,-232,-138,-219,-149,-205,-159,-191,-169,-175,-177,-158,-185,-141,-192,-124,-199,-106,-204,-87,-209,-68,-212,-49,-215,-29,-217,-10,-218]]]
4904381	p	4887398
4386802	p	4407066
5809402	p	5809844
5143056	p	5128581
5710756	r	-123.39,44.3643,-122.7059,44.8442	[[[-1233900,448442,116,-137,3912,-4662,71,16,248,66,240,79,234,89,224,100,215,110,205,120,193,130,180,138,168,147,154,154,140,160,125,168,109,172,93,177,77,182,60,184,43,187,26,189,8,189,-8,189,-26,189,-43,187,-60,184,-72,169,-6632,1124]]]
4896075	p	4910713
4883012	p	4887398
4943828	p	4941720
5352439	p	5384170
5409802	p	5368361
5133271	p	5128581
4184530	p	4180439
5124276	p	5128581
5380626	r	-116.6705,33.4022,-116.3,33.8692	[[[-1166705,335159,53,-54,169,-151,182,-143,192,-131,201,-121,211,-110,219,-98,226,-86,233,-73,237,-61,242,-47,245,-34,247,-20,248,-7,248,7,247,20,245,34,60,12,0,3887,-12,0,-1,182,13,0,0,527,-754,-719,-213,127,-2,-82,87,1,0,-168,-2823,-2692]]]
4392768	r	-94.9093,36.7593,-94.1107,37.4007	[[[-949093,370800,9,-210,25,-209,43,-207,59,-204,76,-201,92,-196,108,-191,123,-186,138,-178,152,-170,166,-163,179,-153,190,-143,202,-133,213,-123,222,-110,230,-99,238,-87,245,-74,250,-61,254,-47,258,-35,260,-20,261,-7,261,7,260,20,258,35,254,47,250,61,245,74,238,87,230,99,222,110,213,123,202,133,190,143,179,153,166,163,152,170,138,178,123,186,108,191,92,196,76,201,59,204,43,207,25,209,9,210,-9,210,-25,209,-43,207,-59,204,-76,201,-92,196,-108,191,-123,186,-138,178,-152,170,-166,163,-179,153,-190,143,-202,133,-213,123,-222,110,-230,99,-238,87,-245,74,-250,61,-254,47,-258,35,-260,20,-261,7,-261,-7,-260,-20,-258,-35,-254,-47,-250,-61,-245,-74,-238,-87,-230,-99,-222,-110,-213,-123,-202,-133,-190,-143,-179,-153,-166,-163,-152,-170,-138,-178,-123,-186,-108,-191,-92,-196,-76,-201,-59,-204,-43,-207,-25,-209,-9,-210]]]
4535961	r	-98.2978,36.0615,-97.4623,36.7385	[[[-982977,364000,9,-221,27,-221,44,-218,62,-216,80,-212,96,-207,113,-202,129,-195,144,-189,159,-180,174,-171,186,-161,200,-152,211,-140,222,-129,232,-117,242,-105,249,-91,255,-78,262,-65,266,-50,270,-36,272,-22,273,-7,273,7,272,22,270,36,266,50,262,65,255,78,249,91,242,105,232,117,222,129,211,140,200,152,186,161,174,171,159,180,144,189,129,195,113,202,96,207,80,212,62,216,44,218,27,221,9,221,-9,221,-27,221,-44,218,-62,216,-80,212,-96,207,-113,202,-129,195,-144,189,-159,180,-174,171,-186,161,-200,152,-211,140,-222,129,-232,117,-242,105,-249,91,-255,78,-262,65,-266,50,-270,36,-272,22,-273,7,-273,-7,-272,-22,-270,-36,-266,-50,-262,-65,-255,-78,-249,-91,-242,-105,-232,-117,-222,-129,-211,-140,-200,-152,-186,-161,-174,-171,-159,-180,-144,-189,-129,-195,-113,-202,-96,-207,-80,-212,-62,-216,-44,-218,-27,-221,-9,-221]]]
4148533	r	-81.8874,26.0036,-81.4041,26.4909	[[[-818874,263981,5,-38,36,-38,59,-47,57,-79,29,-26,40,-83,6,-40,90,-153,75,-172,29,0,227,-376,7,-33,0,-67,-61,-341,85,-785,181,-717,75,0,-8,110,5,106,22,100,43,94,171,-718,157,-257,287,-198,-87,-95,21,-92,14,1,242,36,240,51,235,64,231,78,224,92,217,105,208,117,200,129,191,141,179,152,168,162,156,171,144,181,130,188,115,196,102,202,87,208,71,212,56,216,40,219,24,221,8,222,-8,222,-12,111,-3239,1176,-716,-98,-570,-280,27,-42,72,-151,48,-196,8,-235,-95,0,2,125,-173,2,-30,30,-22,11,-37,-3,-18,-43,-70,-48]]]
5122331	p	5134086
5587698	r	-117.1095,43.4015,-116.4658,43.9655	[[[-1171095,436600,9,-200,27,-199,45,-197,62,-195,80,-191,97,-187,113,-182,129,-177,145,-169,160,-163,174,-154,188,-146,200,-137,212,-127,224,-116,96,-45,2743,1888,-39,-1,-5,48,3,0,-6,61,73,1,-12,17,6,20,42,0,0,37,20,0,-20,12,0,17,9,-7,0,14,109,0,-19,19,8,6,-30,48,42,0,-9,-11,26,-18,28,22,-10,7,11,0,32,-22,2,22,14,0,33,-27,11,7,36,-28,4,3,0,3,2,-1,48,33,0,13,-39,16,-22,27,10,5,8,-10,20,1,-2,9,14,3,-3,19,65,0,0,-24,-19,0,0,-6,19,0,-1,-19,218,150,0,1,-66,4,-16,15,-37,13,0,12,78,0,0,-10,22,0,0,-11,22,-1,0,23,63,-1,15,11,0,62,89,-1,10,7,0,65,96,1,113,78,655,2497,12,46,-145,66,-242,94,-250,83,-257,70,-262,58,-268,46,-270,32,-274,20,-274,6,-274,-6,-274,-20,-270,-32,-268,-46,-262,-58,-257,-70,-250,-83,-242,-94,-233,-106,-224,-116,-212,-127,-200,-137,-188,-146,-174,-154,-160,-163,-145,-169,-129,-177,-113,-182,-97,-187,-80,-191,-62,-195,-45,-197,-27,-199,-9,-200],[-1166048,436248,-16,19,8,1,8,-20],[-1166043,436241,-2,-1,-3,8,5,-7]],[[-1166336,436044,7,-31,50,0,0,-22,-21,-1,12,-16,68,47,-3,29,-106,-1,-7,-5]],[[-1166231,436081,47,-22,0,-9,6,0,23,15,0,1,1,0,21,14,0,29,-10,5,11,3,-34,11,3,-19,-11,0,0,13,-33,0,17,-14,0,-18,-16,5,0,-9,-25,0,0,-5]]]
5037784	p	5037649
4168630	p	4171563
4985153	r	-85.4179,41.9794,-84.7225,42.6606	[[[-854179,425908,25,-219,612,-5316,39,-333,232,-65,287,-65,291,-50,296,-37,298,-22,299,-7,299,7,298,22,296,37,291,50,287,65,280,78,273,92,264,105,254,118,243,130,232,141,218,153,205,162,190,173,174,181,158,189,141,197,124,203,105,208,87,213,68,218,49,219,29,222,10,223,-10,223,-29,222,-49,219,-23,75,-2388,2295,-52,21,-273,92,-280,78,-287,65,-291,50,-296,37,-298,22,-299,7,-299,-7,-298,-22,-296,-37,-291,-50,-174,-39,-1021,-543]]]
5288636	r	-112.2234,32.4882,-111.2969,33.0976	[[[-1122234,328800,10,-256,30,-255,49,-253,69,-250,88,-245,107,-240,125,-234,143,-226,160,-218,176,-208,193,-198,207,-188,222,-175,234,-163,246,-149,258,-135,267,-121,277,-106,283,-90,291,-75,295,-58,299,-42,302,-25,303,-8,303,8,302,25,299,42,295,58,291,75,283,90,277,106,267,121,258,135,246,149,234,163,222,175,207,188,193,198,176,208,160,218,143,226,125,234,107,240,88,245,69,250,49,253,30,255,7,165,-859,405,-3950,1862,-3542,-419,-452,-53,-109,-205,-107,-240,-88,-245,-69,-250,-49,-253,-30,-255,-10,-256]]]
4912013	p	4887398
5127670	p	5128581
4175179	r	-82.3997,28.5417,-81.5943,29.2253	[[[-823997,289061,0,-15,28,-253,47,-250,66,-248,54,-156,3269,-2632,73,-15,285,-41,287,-25,288,-9,237,7,3048,2670,186,627,120,1781,65,964,-160,198,-183,196,-197,185,-211,174,-47,34,-881,-387,-6009,-2644,-365,-161]]]
5069297	r	-98.7407,40.6152,-97.9393,41.2248	[[[-987407,409200,9,-199,25,-199,43,-197,60,-194,76,-191,92,-187,108,-181,124,-176,138,-170,153,-162,166,-154,180,-145,191,-137,203,-126,213,-117,223,-105,231,-94,239,-82,245,-71,251,-57,255,-46,259,-32,261,-20,262,-6,262,6,261,20,259,32,255,46,251,57,245,71,239,82,231,94,223,105,213,117,203,126,191,137,180,145,166,154,153,162,138,170,124,176,108,181,92,187,76,191,60,194,43,197,25,199,9,199,-9,199,-25,199,-43,197,-60,194,-76,191,-92,187,-108,181,-124,176,-138,170,-153,162,-166,154,-180,145,-191,137,-203,126,-213,117,-223,105,-231,94,-239,82,-245,71,-251,57,-255,46,-259,32,-261,20,-262,6,-262,-6,-261,-20,-259,-32,-255,-46,-251,-57,-245,-71,-239,-82,-231,-94,-223,-105,-213,-117,-203,-126,-191,-137,-180,-145,-166,-154,-153,-162,-138,-170,-124,-176,-108,-181,-92,-187,-76,-191,-60,-194,-43,-197,-25,-199,-9,-199]]]
4694568	p	4706057
4843811	p	5282804
4998018	p	4994358
7160204	p	5282804
5756758	p	5746545
4833403	p	4835797
5016494	r	-93.2484,44.6411,-92.922,44.7759	[[[-932484,447175,919,-2,1,-287,-67,0,-440,-1,0,-21,2851,-453,-2344,1064,1,61,-17,9,-5,14,22,12,0,24,-18,0,0,13,18,0,0,78,14,2,0,-7,23,5,-3,19,5,12,10,0,0,25,-50,15,-625,2,-19,0,-272,-172,-4,-412]]]
5102720	p	5128581
4769125	r	-77.9172,38.8974,-77.4004,39.3538	[[[-779172,391200,8,-182,23,-182,38,-180,53,-178,68,-175,82,-171,96,-166,111,-161,123,-155,136,-148,149,-142,159,-133,171,-125,181,-115,23,-13,2439,719,1308,1219,-435,1603,-3110,1022,-35,-17,-190,-107,-181,-115,-171,-125,-159,-133,-149,-142,-136,-148,-123,-155,-111,-161,-96,-166,-82,-171,-68,-175,-53,-178,-38,-180,-23,-182,-8,-182]]]
5102427	p	5128581
4151871	p	4164138
13561794	p	4692559
4175117	p	4164138
5287262	r	-113.3833,32.6946,-112.2766,33.8896	[[[-1133833,333700,18,-442,51,-440,86,-436,119,-430,153,-423,185,-414,217,-402,247,-390,278,-375,306,-360,334,-341,359,-323,384,-302,406,-280,427,-258,447,-233,463,-208,479,-183,492,-155,503,-129,512,-100,519,-72,523,-43,525,-15,54,2,2980,3168,-14,30,-1,0,0,1,-26,55,-3,0,0,-56,-252,-3,1,295,-87,-1,-2,70,85,1,0,74,-84,0,0,69,126,1,0,-71,34,0,-70,146,-4,0,0,9,-66,138,-50,0,0,71,-96,71,78,0,-19,40,-118,0,-143,108,-19,0,0,133,-48,0,1,-25,9,0,1,-37,-133,1,0,73,-46,0,0,32,-215,158,3,-47,-88,-1,-1,75,175,-1,0,-72,85,0,-1,146,-171,-1,0,291,110,0,-2,76,-29,0,1,38,-43,0,0,31,-37,1,-1,33,-27,0,-3,53,-28,0,-2,32,-15,1,-2,26,-264,-1,-1,145,-84,0,-1,-145,7,0,-6,-4,-1,-139,84,-1,2,-125,-342,-3,0,127,87,0,-1,70,83,1,0,51,0,24,-170,-1,-1,288,-347,3,-1,145,88,0,-1,-66,96,0,1,66,160,0,4,291,-85,0,-1,66,-173,-1,-1,50,54,-8,119,1,-1,181,90,5,0,10,9,8,-12,3,-1,46,20,0,0,73,-68,0,-2,145,-36,0,4,64,86,0,5,80,76,0,1,76,-91,182,3,0,-1,864,-8,0,7,4,0,36,-85,0,0,-72,-85,0,0,200,31,0,0,18,54,1,-1,32,-36,-1,0,-19,-17,0,0,23,-33,0,1,36,-173,0,0,144,171,1,1,73,167,1,-15,32,-61,1,0,110,-95,-1,-8,-25,-13,-3,-9,9,0,-14,-27,16,-1,-14,26,-14,-34,-3,26,-22,-10,-7,-13,13,-1,-9,-19,1,34,-21,-16,-9,-1,-19,-40,-23,-61,0,-2,144,-400,2,-89,179,-1132,692,152,0,0,145,173,0,0,145,174,0,0,71,-180,-1,-88,-14,-230,-20,-100,14,-37,-1,-53,-26,-117,-117,-4,-7,-4,2,4,7,115,116,54,28,40,3,102,-13,225,19,82,13,191,1,0,506,-608,-1,0,129,140,0,0,143,-261,0,0,-98,22,0,0,-25,-22,0,0,-20,35,0,0,-274,-87,0,0,73,-86,0,0,73,-173,0,0,128,-174,0,0,-128,-173,0,0,128,-686,0,0,-38,-536,328,-2232,1364,-171,-118,-384,-302,-359,-323,-334,-341,-306,-360,-278,-375,-247,-390,-217,-402,-185,-414,-153,-423,-119,-430,-86,-436,-51,-440,-18,-442],[-1127177,336605,10,0,-1,73,44,0,0,146,86,-1,0,-181,-44,0,1,-37,-43,1,0,-33,-53,32],[-1124962,334937,136,0,0,-20,31,0,4,20,0,-71,-171,-1,0,72],[-1124962,334721,44,0,0,35,21,0,0,35,65,0,0,-35,11,0,0,-18,11,0,0,-18,17,-1,-17,0,0,-36,-21,1,0,-36,-131,0,0,73],[-1124961,334646,3,0,0,-17,-3,0,0,17],[-1124961,334620,3,0,0,-43,-3,0,0,43],[-1124958,334565,1,7,-1,-8,0,1],[-1124876,334576,3,44,0,-44,-3,0],[-1124876,334629,0,17,3,-17,-3,0],[-1124864,334377,247,87,1,-217,-171,1,0,-24,-77,153],[-1124803,334530,6,46,8,0,-1,-23,-2,-23,-11,0],[-1124787,334702,85,-1,1,-55,-66,0,-20,2,0,54],[-1124787,334502,1,37,19,0,1,36,-1,13,-19,-4,-1,9,20,0,0,24,98,3,27,-10,-15,0,0,-36,-45,1,1,-73,-86,0],[-1124786,334646,128,-1,-22,0,4,-16,-20,0,-82,4,-8,13],[-1124781,334212,165,-2,-164,1,-1,1],[-1124708,334067,92,0,-85,-2,0,-12,-7,14],[-1124701,334210,85,0,0,-35,-85,0,0,35],[-1124690,334029,75,0,0,-53,-51,6,-24,47],[-1124665,333980,50,-6,0,-56,-19,1,-31,61],[-1124634,333918,19,0,0,-31,-3,0,-16,31],[-1124627,334610,0,1,10,0,0,-1,-10,0]],[[-1126813,337532,0,-143,261,0,0,724,-87,0,-1,-182,44,0,0,-72,-43,-1,0,-181,-87,1,0,-146,-87,0]],[[-1123753,332035,49,-1,1,25,-49,98,-1,-122]],[[-1123751,331962,0,-72,84,0,0,-38,23,-1,-1,39,22,0,0,-38,24,-1,-56,111,-24,0,-2,-41,-21,-1,-3,42,-46,0]],[[-1123665,331454,164,0,0,14,87,1,-62,129,-16,0,-1,36,0,1,-44,-1,0,37,-42,1,0,-73,-86,0,0,-145]],[[-1123450,331380,79,0,-37,76,1,-39,-43,0,0,-37]]]
4155529	p	4164138
5288786	p	5318313
5160315	p	5150529
5264870	p	5258957
5788516	p	5809844
4558523	p	4560349
5777544	r	-112.2281,41.4432,-111.4319,42.0291	[[[-1122281,417300,9,-196,25,-194,43,-194,59,-190,75,-187,92,-184,108,-178,122,-173,138,-166,152,-159,165,-151,178,-143,125,-88,191,-33,3623,-632,156,36,243,69,238,80,229,93,222,103,211,114,202,124,190,134,178,143,165,151,152,159,138,166,122,173,108,178,92,184,75,187,59,190,43,194,25,194,9,196,-9,196,-25,194,-43,194,-59,190,-75,187,-92,184,-108,178,-122,173,-138,166,-152,159,-165,151,-178,143,-190,134,-202,124,-211,114,-222,103,-229,93,-238,80,-243,69,-250,57,-253,45,-257,31,-260,20,-260,6,-260,-6,-260,-20,-257,-31,-253,-45,-250,-57,-243,-69,-238,-80,-229,-93,-222,-103,-211,-114,-202,-124,-190,-134,-178,-143,-165,-151,-152,-159,-138,-166,-122,-173,-108,-178,-92,-184,-75,-187,-59,-190,-43,-194,-25,-194,-9,-196]]]
4951473	p	4930956
5323163	p	5364329
5192726	r	-77.249,39.9866,-76.5117,40.5535	[[[-772489,402700,8,-185,23,-185,40,-183,54,-181,70,-177,86,-174,99,-168,114,-164,127,-158,141,-150,153,-144,165,-135,176,-127,187,-117,196,-108,205,-98,213,-88,220,-76,226,-66,231,-53,235,-43,238,-30,241,-18,241,-6,241,6,241,18,238,30,235,43,231,53,226,66,220,76,213,88,205,98,52,29,86,134,1248,1965,246,389,-1,24,-23,185,-40,183,-54,181,-70,177,-86,174,-99,168,-114,164,-127,158,-141,150,-153,144,-165,135,-176,127,-187,117,-196,108,-205,98,-213,88,-220,76,-226,66,-231,53,-235,43,-238,30,-241,18,-241,6,-241,-6,-241,-18,-238,-30,-235,-43,-231,-53,-226,-66,-220,-76,-213,-88,-205,-98,-196,-108,-187,-117,-176,-127,-165,-135,-153,-144,-141,-150,-127,-158,-114,-164,-99,-168,-86,-174,-70,-177,-54,-181,-40,-183,-23,-185,-8,-185]]]
4692883	r	-95.3765,28.9353,-94.3469,29.6403	[[[-953765,290263,86,-142,227,-320,249,-306,134,-142,469,465,285,137,726,502,77,128,16,137,-4,169,-81,418,-11,215,92,224,-129,258,-67,73,-437,-384,-1632,-1432]],[[-951691,292083,160,-74,159,-20,129,-54,84,-187,275,138,232,156,660,668,6,27,-13,83,7,26,30,6,83,-13,30,7,204,132,94,85,43,125,68,0,158,-112,153,80,115,190,46,218,80,196,184,48,210,-48,153,-95,28,43,30,15,34,5,38,12,-447,178,-130,21,-108,69,-222,333,-59,-51,4,-4,0,-75,-90,3,-2428,-2131]],[[-951165,290890,82,-4,323,254,1288,799,555,310,1673,1083,-899,197,-127,10,-9,59,-40,4,-22,-4,-12,-30,0,-28,-12,-16,-50,5,0,-68,172,-28,27,-122,-64,-135,-99,-63,-19,-8,-222,-54,-48,-51,-83,-154,-421,-293,-35,-48,-80,-136,-144,-140,-247,-150,-140,-95,-54,-37,-468,-318,-473,-268,-210,-249,-142,-222]],[[-947906,293800,44,-97,234,-38,204,82,517,539,364,233,3074,1217,-720,667,-1810,-481,-1569,-418,-45,-65,-125,-21,-57,26,-73,-19,-6,-18,84,-108,238,-56,184,42,416,105,898,137,440,219,159,-62,158,-128,196,-66,152,98,89,73,7,-139,-65,-181,-127,-81,-174,-20,-502,24,-88,-22,-117,-66,-298,-275,-76,-44,-101,-43,-115,-31,-236,-35,-258,-120,-811,-694,-85,-134]]]
5384690	p	5346827
5025264	p	5037649
5037790	p	5037649
11748973	p	4180439
4801859	r	-82.0274,38.0362,-81.2326,38.6638	[[[-820274,383500,8,-205,26,-205,42,-202,59,-200,76,-197,91,-192,108,-187,122,-181,137,-174,152,-167,165,-159,178,-150,190,-140,201,-131,211,-119,221,-109,229,-96,237,-85,243,-72,249,-60,254,-47,256,-33,259,-20,260,-7,260,7,259,20,256,33,254,47,249,60,243,72,237,85,229,96,221,109,211,119,201,131,190,140,178,150,165,159,152,167,137,174,122,181,108,187,91,192,76,197,59,200,42,202,26,205,8,205,-8,205,-26,205,-42,202,-59,200,-76,197,-91,192,-108,187,-122,181,-137,174,-152,167,-165,159,-178,150,-190,140,-201,131,-211,119,-221,109,-229,96,-237,85,-243,72,-249,60,-254,47,-256,33,-259,20,-260,7,-260,-7,-259,-20,-256,-33,-254,-47,-249,-60,-243,-72,-237,-85,-229,-96,-221,-109,-211,-119,-201,-131,-190,-140,-178,-150,-165,-159,-152,-167,-137,-174,-122,-181,-108,-187,-91,-192,-76,-197,-59,-200,-42,-202,-26,-205,-8,-205]]]
5084868	r	-71.9936,42.9977,-71.0866,43.543	[[[-719936,432100,10,-218,29,-216,48,-215,67,-213,87,-208,104,-204,123,-198,140,-192,156,-185,173,-177,108,-97,7922,2157,102,28,-7,156,-29,216,-48,215,-67,213,-87,208,-104,204,-123,198,-140,192,-156,185,-173,177,-189,169,-202,159,-217,149,-230,138,-241,127,-252,115,-262,102,-270,90,-278,77,-284,63,-289,50,-293,35,-295,22,-297,7,-297,-7,-295,-22,-293,-35,-289,-50,-284,-63,-278,-77,-270,-90,-262,-102,-252,-115,-241,-127,-230,-138,-217,-149,-202,-159,-189,-169,-173,-177,-156,-185,-140,-192,-123,-198,-104,-204,-87,-208,-67,-213,-48,-215,-29,-216,-10,-218]]]
4392388	r	-92.5966,38.2442,-91.7433,38.8544	[[[-925966,385800,9,-220,27,-218,46,-217,63,-214,81,-210,99,-206,115,-200,131,-194,148,-186,162,-179,178,-170,190,-160,204,-150,216,-140,227,-128,237,-116,246,-103,254,-91,262,-77,267,-64,272,-50,275,-36,278,-21,279,-8,279,8,278,21,275,36,272,50,267,64,262,77,254,91,246,103,237,116,227,128,216,140,204,150,190,160,178,170,162,179,148,186,131,194,115,200,99,206,81,210,63,214,46,217,27,218,9,220,-9,220,-27,218,-46,217,-63,214,-81,210,-99,206,-115,200,-131,194,-148,186,-162,179,-178,170,-190,160,-204,150,-216,140,-143,80,-90,-25,-6278,-1725,-177,-48,-30,-77,-63,-214,-46,-217,-27,-218,-9,-220]]]
4347242	r	-76.6298,38.7149,-76.1494,39.1356	[[[-766298,390357,835,-3185,118,-15,105,-8,25,100,-174,128,-114,174,-14,205,210,77,269,243,95,179,14,189,-130,-1,-164,-16,-94,-35,-73,174,120,49,33,88,-69,77,-47,65,-12,29,-10,43,161,-45,140,-79,112,8,31,189,-193,139,-120,135,-105,112,-337,149,111,62,322,-76,239,-240,418,-150,-56,208,128,110,-175,98,-39,129,9,11,-11,-3,-6,17,59,85,-102,93,-90,65,-33,50,-52,42,-64,-40,-97,71,-185,159,-123,100,-183,45,-96,25,27,175,-5,75,-608,-279],[-764938,389921,13,-6,17,0,2,-5,16,5,21,-44,-69,50],[-764857,389860,14,8,82,-54,-32,-28,-64,74]],[[-765480,390732,84,-91,150,-187,127,-234,392,-269,171,-64,96,165,73,38,235,10,167,44,43,102,-157,132,-192,79,-472,183,-235,44,-167,72,-28,101,61,8,158,-79,190,22,93,26,132,73,126,-20,-3,-122,106,-93,77,69,58,155,-107,167,-17,139,-163,-12,-998,-458]],[[-763747,388416,155,50,123,99,185,87,13,158,-49,145,1,115,31,95,95,62,80,19,308,21,67,12,101,47,9,28,74,84,82,74,39,-6,134,17,219,-83,111,-84,41,-73,-23,-161,-28,-337,195,132,66,52,74,237,31,58,47,-5,7,21,36,172,22,174,7,174,-7,174,-14,113,-164,-124,-297,-170,-186,-50,-282,46,-407,105,-82,194,-17,189,-114,36,-89,-19,-68,-230,-137,-214,-31,-74,-174,-290,-100,-523,-84,-547]],[[-763323,387439,126,52,97,47,2,74,154,127,64,16,-4,-88,-12,-21,69,39,173,111,162,119,153,127,119,114,-173,65,-203,171,64,158,-71,30,-170,-171,-274,-182,-18,-83,-51,-101,-196,-584,-11,-20]],[[-762518,391329,4,-3,88,-58,-4,-110,73,-176,46,-399,-115,-250,77,-85,177,-117,130,14,-34,153,-49,220,86,284,188,140,10,30,-4,7,-105,154,-118,148,-68,75,-382,-27]],[[-761681,390567,29,-92,43,-78,38,-38,-39,131,-32,83,-39,-6]]]
4142290	r	-75.9181,38.8492,-75.1294,39.4588	[[[-759181,391600,8,-203,26,-203,42,-200,59,-198,76,-195,92,-190,107,-186,123,-179,138,-173,151,-165,166,-157,178,-149,190,-139,201,-129,212,-118,221,-108,230,-95,237,-84,244,-72,250,-59,253,-46,257,-33,260,-20,260,-7,260,7,260,20,257,33,253,46,250,59,244,72,237,84,230,95,221,108,87,48,-65,67,-137,147,-8,217,0,185,-37,161,-278,361,-266,201,-246,153,-76,227,40,243,-42,146,-30,134,-15,214,13,202,106,524,-38,247,-97,210,-208,210,-59,236,-248,134,-232,164,-61,26,-23,62,-371,499,-249,224,-161,146,-112,131,-792,-25,-131,-39,-237,-84,-230,-95,-221,-108,-212,-118,-201,-129,-190,-139,-178,-149,-166,-157,-151,-165,-138,-173,-123,-179,-107,-186,-92,-190,-76,-195,-59,-198,-42,-200,-26,-203,-8,-203]],[[-755056,394560,279,-151,1021,-882,37,-50,47,-51,78,-47,49,7,63,34,76,30,92,-9,105,-104,77,-159,96,-145,162,-64,379,0,74,-43,79,-192,83,-44,142,-46,28,-18,-2079,1962,-888,-28]],[[-751688,392160,18,-84,77,-90,143,-71,-15,-44,170,6,-375,354,-18,-71]]]
5656882	r	-112.473,46.2904,-111.607,46.8896	[[[-1124730,465900,9,-196,28,-195,46,-194,64,-190,82,-188,100,-184,117,-178,134,-173,149,-167,165,-159,180,-152,194,-143,207,-134,219,-124,230,-114,241,-104,250,-92,258,-81,265,-69,271,-57,276,-45,280,-32,282,-19,283,-6,283,6,282,19,280,32,276,45,271,57,265,69,258,81,250,92,241,104,230,114,219,124,207,134,194,143,180,152,165,159,149,167,134,173,117,178,100,184,82,188,64,190,46,194,28,195,9,196,-9,196,-28,195,-46,194,-64,190,-82,188,-100,184,-117,178,-134,173,-149,167,-165,159,-180,152,-194,143,-207,134,-219,124,-230,114,-241,104,-250,92,-258,81,-265,69,-271,57,-276,45,-280,32,-282,19,-283,6,-283,-6,-282,-19,-280,-32,-276,-45,-271,-57,-265,-69,-258,-81,-250,-92,-241,-104,-230,-114,-219,-124,-207,-134,-194,-143,-180,-152,-165,-159,-149,-167,-134,-173,-117,-178,-100,-184,-82,-188,-64,-190,-46,-194,-28,-195,-9,-196]]]
5554072	r	-136.3483,57.2766,-132.7912,59.2823	[[[-1363483,583775,52,-13,134,43,20,281,553,-490,67,-131,-64,-52,-112,-116,-42,-115,147,-52,860,94,593,141,294,32,218,59,190,139,306,286,-95,98,-240,516,-12,78,7,92,-16,78,-85,32,-99,21,-36,51,-13,67,-26,66,8,67,52,67,-3,50,-494,31,-109,-10,-375,-109,-183,14,-124,156,319,-13,164,29,69,93,52,134,115,32,115,-2,53,38,-59,150,-146,29,-181,-19,-167,14,-246,212,-88,60,124,52,62,16,92,1,0,68,-592,281,-94,-131,-367,-641,-288,-652,-206,-661,-104,-561]],[[-1363478,582194,56,-299,98,-102,394,-314,-70,-133,65,-87,119,-79,91,-111,-230,84,-315,164,97,-314,288,-652,262,-456,117,-72,156,-58,143,-79,767,-608,873,-396,238,-213,-131,5,-126,30,-1031,520,-766,497,311,-437,522,-610,597,-591,669,-569,737,-544,803,-518,865,-488,924,-458,979,-425,511,-194,-12,154,-53,146,-106,94,-174,30,0,68,210,54,17,101,-87,117,-107,104,-181,90,-203,-14,-401,-110,123,184,228,54,506,-34,-1,64,-143,141,-199,141,-169,64,-229,44,-662,304,-242,29,-720,-98,158,187,278,102,594,52,-95,102,-117,89,-44,79,120,72,-68,157,-131,38,-169,-11,-179,15,-121,55,-119,87,-100,103,-69,102,450,-46,1402,-537,438,-254,205,-51,93,-37,423,-235,546,-143,1367,-491,1376,-656,1263,-527,279,-61,1230,-32,346,37,240,84,-273,205,179,82,372,-120,57,114,-201,171,-28,33,-59,48,-7,108,28,186,-10,189,-33,174,-63,165,-331,493,-74,188,34,155,-84,220,-62,249,-110,204,-226,85,-310,0,-155,-28,-268,-150,-145,36,-145,57,-147,-15,-69,-23,-131,-1,-67,-13,-211,-136,-145,-30,-469,-44,-112,-41,-236,-158,-125,-32,-45,8,-26,38,-71,54,-260,101,-235,36,-538,-6,-276,-48,-88,14,26,108,106,93,234,50,63,67,-80,117,-434,355,-163,75,-145,15,-967,206,-122,46,-38,62,31,125,-27,24,-43,13,-272,140,-283,42,-126,41,-259,118,-1784,382,-148,121,-100,174,-236,123,-490,143,0,75,236,-14,202,-41,1494,-561,1907,-447,141,-141,105,-31,313,-30,286,-79,1618,-673,564,-109,1892,8,98,29,195,96,136,38,284,44,125,61,-378,74,-142,89,-25,179,-167,-69,-135,60,-251,219,-159,55,-524,69,-262,96,-260,139,-239,178,-195,215,62,62,528,-243,164,-37,192,-22,624,-170,1007,-510,303,-42,-263,118,-183,129,-48,145,147,160,260,119,86,70,63,146,-7,73,-99,106,-24,67,32,68,70,20,70,8,33,33,-228,544,-552,229,-1281,218,0,74,178,24,7,72,-110,74,-174,35,-686,-69,-203,22,-393,94,-202,21,-338,-57,-166,-7,-173,64,194,113,73,24,-391,141,-223,47,-205,17,-187,-25,-318,-97,-177,-15,111,-147,147,-86,72,-90,-119,-155,-791,-211,-417,-509,-159,-123,-198,-78,-215,-37,-212,2,0,-75,122,-88,-40,-88,-133,-68,-155,-28,-63,208,-465,82,-843,57,248,142,272,41,913,-67,183,18,103,65,-34,93,-147,47,-178,30,-125,41,74,62,-308,89,-596,-128,-303,148,137,44,770,69,651,-120,249,126,203,212,215,180,150,51,116,11,106,30,113,108,61,123,37,128,56,125,118,113,-170,117,-353,73,-166,83,75,69,-100,31,-347,37,-104,39,-226,180,-116,54,-269,-4,-269,-37,-256,34,-439,389,-262,75,-284,-17,-1093,-425,-214,-151,-117,-125,-36,-74,17,-248,-75,-81,-170,36,-887,438,-319,102,-337,14,0,-62,37,-96,-130,-57,-187,-49,-130,-72,-26,-127,32,-160,75,-138,100,-58,-38,-66,-22,-154,7,-171,53,-122,128,-88,455,-225,-644,86,-281,165,-43,52,130,289,18,29,-95,137,-320,149,-69,96,-44,131,-191,186,-44,92,-37,172,-95,40,-277,-41,-474,26]],[[-1361437,582854,61,-203,256,-66,520,93,321,272,-172,236,-619,-152,-367,-180]],[[-1360739,588126,164,-89,254,-318,91,-71,137,-58,180,-138,169,-161,104,-126,-43,-53,-56,-96,-44,-50,232,-20,154,-133,527,-688,49,-19,85,-21,399,-48,130,-34,-689,-204,0,-68,179,-54,156,-84,108,-128,42,-181,-56,-206,-99,-83,-39,-85,125,-210,-407,76,-145,-1,-123,-38,-104,-60,-108,-46,-136,1,0,-68,556,69,188,-1,-141,-147,-122,-269,-73,-265,1,-138,227,-19,2101,273,241,118,250,78,343,-63,606,-250,255,-143,130,-50,161,-19,149,43,33,102,-46,234,-114,148,-226,190,-157,200,87,181,205,4,174,-166,122,-211,94,-242,300,-271,42,-98,88,-313,213,-430,311,-341,409,-247,1365,-332,275,-21,104,26,328,128,86,51,41,69,-4,46,-23,57,-14,101,5,306,26,70,115,34,124,-46,98,-22,42,105,-11,234,-34,188,-424,923,-115,160,-252,238,-58,75,-10,45,15,107,-5,47,-33,44,-74,44,-155,247,-458,453,-120,225,175,82,276,40,184,100,-57,112,-616,695,-106,150,-16,177,112,238,-650,635,-346,426,-28,94,126,175,-2,110,-72,40,-362,90,-128,76,-86,180,-5,209,113,162,-89,61,-36,88,27,98,98,95,-133,122,27,154,80,168,26,170,-96,139,-174,107,-344,164,-157,135,-138,189,-288,-95,-1029,-390,-979,-425,-924,-458,-865,-488,-803,-518,-26,-20,218,-48,1374,-35,251,-82,144,-161,-1592,-251,-188,8,68,174,-161,-107,-172,-88,-972,-361,-136,-133]],[[-1360400,588588,101,-35,161,34,702,333,138,100,-210,63,-78,50,-28,47,-670,-494,-116,-98]],[[-1357185,583461,479,-152,784,-31,489,70,-256,384,-860,66,-593,-93,-43,-244]],[[-1355190,575073,12,-57,50,-111,7,-74,17,-54,38,-53,19,-59,-41,-70,-49,-32,190,-72,1075,-354,1116,-316,1153,-276,1185,-236,852,-137,62,21,0,62,-478,143,0,68,457,-41,430,-102,0,75,-853,580,-133,57,-371,79,-76,72,-76,43,-699,182,-259,2,-258,-45,-217,-83,125,147,379,97,111,165,-381,113,-405,24,-158,-59,-217,-109,-191,-50,-82,115,-94,88,-215,-33,-381,-157,-283,-173,-132,-26,-137,63,280,223,713,196,311,202,-477,273,-541,152,-553,-36,-518,-290,-83,-30,-101,-2,-87,-22,-36,-83]],[[-1353958,591834,3,-2,43,-131,46,-313,82,-146,177,-104,411,-123,122,-145,10,123,-6,118,-33,109,-69,94,-196,126,-41,44,-3,51,19,57,28,36,24,-14,-177,349,-354,-100,-86,-29]],[[-1352997,592110,271,-278,430,-573,54,-212,15,-108,115,-273,46,-260,29,-82,129,-163,134,-115,105,-138,30,-170,-119,1,-433,11,228,-671,1222,-4058,3707,-2253,13,-60,-31,-109,-15,-255,-28,-87,-21,-24,-67,64,-86,55,-112,95,-308,370,-87,56,-101,48,-84,66,-35,106,-98,213,-228,136,-251,108,-174,126,-135,42,-157,-3,-132,20,-54,112,-41,113,-100,94,-127,41,-117,-46,-96,-193,15,-224,162,-647,80,-199,130,-150,193,-58,290,-31,-60,-91,-183,-149,-78,-208,81,-87,161,-91,177,-71,236,-57,70,-70,132,-207,322,-388,141,-23,113,242,12,-18,-11,-21,27,-81,-16,-16,8,-62,-20,-23,-19,-5,5,-26,-25,-13,-7,-50,25,-41,-9,-16,127,-14,14,-28,9,-9,-371,-206,-90,-164,65,-202,152,-155,182,-139,154,-156,-108,-102,-2,-78,110,-155,299,-593,72,-415,152,-434,23,-203,-61,-242,-54,-122,-59,-52,-21,-48,121,-327,39,-62,234,-245,30,-100,44,-310,58,-206,99,-226,149,-182,207,-75,134,-88,249,-407,128,-119,258,0,530,216,1101,203,240,-84,-505,-182,-372,-55,-316,-141,-227,-53,-164,-94,-94,-22,-108,12,-185,51,-89,13,-92,-55,65,-120,138,-119,134,-55,18,-49,357,-292,253,-278,88,-63,419,-92,810,118,349,-26,-131,-93,-156,-62,-166,-37,-162,-13,0,-68,322,-129,144,-93,80,-126,-287,31,-607,249,-1099,205,41,152,-139,71,-200,3,-142,-56,-39,-116,64,-232,-56,-102,133,-103,162,-27,319,0,88,-38,254,-165,68,-77,-595,-27,-271,-80,-233,-166,-47,-44,251,-13,1265,-22,1265,22,1260,66,765,66,-104,82,-159,60,-176,-80,-74,63,-69,73,174,154,-104,230,-337,374,193,-29,198,-94,173,-120,120,-105,46,-81,33,-153,57,-39,168,6,21,93,-39,112,-13,62,123,40,48,-31,32,-70,76,-69,699,-313,150,-30,284,36,234,257,139,85,241,33,126,85,5,188,-60,187,-71,86,-11,41,-78,173,-19,25,-48,99,-106,1,-107,-40,-50,-26,-218,-35,-383,-117,-187,22,213,337,-354,93,-539,29,-344,149,552,0,0,68,-111,14,-104,35,-194,95,101,109,35,27,168,-110,161,-48,757,-131,317,-94,96,-43,48,73,0,101,-45,40,98,21,60,-2,59,-11,93,-8,112,-77,82,-153,115,-105,207,62,-142,134,-451,305,-269,379,-32,111,0,375,-85,256,-135,93,-171,49,-189,120,-237,90,-544,-35,-147,116,274,110,57,104,-99,126,-1517,1440,-431,170,-264,-311,-110,109,29,154,85,178,58,179,-21,184,-148,293,-37,107,-196,332,-44,172,172,-26,359,-181,195,-59,198,-3,-139,231,-235,162,-576,222,0,74,150,5,134,-31,262,-110,-26,168,-92,178,-127,143,-133,57,-55,49,-22,89,33,47,112,-83,74,-79,70,-55,91,-32,141,-10,279,-93,305,-222,269,-270,174,-235,-355,259,-205,107,-198,44,0,-62,490,-296,228,-189,176,-198,106,-195,167,-569,103,-165,161,-179,192,-143,450,-111,132,-139,123,-423,45,-110,47,-75,36,-77,15,-116,33,-111,145,-118,32,-113,888,-509,179,-190,141,-203,160,-162,234,-66,135,96,-146,211,-561,480,-126,158,-65,194,-19,267,-18,101,-86,165,-32,115,-10,110,6,105,23,100,43,89,-302,184,-336,280,-274,330,-227,616,-271,245,-570,338,-38,284,-791,517,-66,291,-146,88,-133,117,230,-37,108,-3,78,40,14,111,-59,128,193,-150,562,-520,2781,-2466,26,-16,812,-322,49,-27,278,-62,25,18,78,-61,249,-43,268,188,86,235,-43,121,274,190,30,22,73,-41,28,97,-2,19,208,159,121,87,-11,-45,59,-973,65,-280,169,-134,289,-133,310,-102,514,-80,199,-100,374,-270,1099,-307,115,-151,266,-95,296,-33,205,33,-26,-146,94,-127,279,-205,267,-271,487,242,865,488,803,518,737,544,204,174,-409,428,-851,889,-761,614,-819,660,-196,252,-473,875,-235,267,-80,55,13,9,-977,734,-754,492,-766,736,-81,222,379,318,-144,118,293,148,-1805,926,-1493,892,-616,540,-277,271,-160,113,-281,247,-1319,379,-2705,888,-470,303,-369,293,-6,8,-46,144,185,313,-159,6,-3,2,-137,59,-560,61,138,438,-16,181,-108,151,-530,459,-266,170,-315,79,-476,3,-261,57,-280,158,-496,367,-110,125,-115,292,-92,122,-134,49,-379,50,-961,130,-929,125,-254,104,-18,13,-822,-132,-1185,-236,-1153,-276,-241,-69],[-1347750,581713,61,45,145,71,6,-25,-28,-40,20,-19,-41,-2,-31,-47,-9,3,-65,-17,-15,2,-2,-16,-16,-4,16,-74,-14,-22,16,-39,-20,-38,45,-92,-19,-12,-3,-26,-19,0,-2,108,-23,134,-2,110],[-1335278,579153,140,101,3075,-307,206,-51,535,-244,81,-81,-184,-24,-1018,214,-233,90,-107,27,-101,-4,-161,-56,-86,-15,-300,45,-554,192,-306,43,-615,0,-372,70]],[[-1336588,576209,103,-38,434,-378,137,-47,585,-21,721,74,217,96,230,58,822,7,208,-30,-358,-171,-901,-64,-379,-174,-156,-135,-49,-70,-75,-280,4,-168,41,-108,301,-324,161,-118,168,-83,120,16,109,77,106,4,66,-12,520,171,1029,390,979,425,308,152,-172,63,-70,35,-207,175,-98,62,-420,96,-2318,792,-528,40,-130,68,-148,143,-99,68,-156,48,-121,91,-59,26,-66,-4,-126,-52,-75,-12,-291,3,-136,-18,-126,-54,17,-156,-115,-544,-7,-119]]]
4292188	r	-85.2263,37.9181,-84.5254,38.482	[[[-852263,382000,8,-184,22,-184,38,-182,53,-180,68,-176,82,-173,96,-168,110,-163,123,-156,136,-150,148,-143,160,-134,170,-126,180,-118,189,-107,198,-97,206,-87,212,-76,219,-65,223,-54,227,-42,230,-30,232,-18,233,-6,233,6,232,18,7,1,2974,3509,-4,15,-68,176,-82,173,-96,168,-110,163,-123,156,-136,150,-148,143,-160,134,-170,126,-180,118,-189,107,-198,97,-206,87,-212,76,-219,65,-223,54,-227,42,-230,30,-232,18,-233,6,-233,-6,-232,-18,-230,-30,-227,-42,-223,-54,-219,-65,-212,-76,-206,-87,-198,-97,-189,-107,-180,-118,-170,-126,-160,-134,-148,-143,-136,-150,-123,-156,-110,-163,-96,-168,-82,-173,-68,-176,-53,-180,-38,-182,-22,-184,-8,-184]]]
4957003	r	-70.264,43.9613,-69.296,44.6588	[[[-702640,443100,10,-228,31,-227,52,-225,72,-223,92,-218,111,-213,131,-208,149,-202,167,-193,185,-186,201,-176,216,-167,232,-156,244,-145,258,-132,269,-121,279,-107,289,-95,296,-80,303,-66,225,-38,0,72,78,104,104,105,196,130,273,260,182,78,104,52,66,79,78,26,65,-13,0,-52,-26,-79,-104,-91,-92,-78,-117,-143,-26,-169,-26,-144,39,-182,4,-31,230,-5,317,7,315,23,239,28,359,421,138,118,136,63,145,-14,-41,-84,-109,-95,-63,-43,-142,-296,262,57,296,80,289,95,149,57,61,89,109,91,30,-99,199,90,258,132,244,145,232,156,216,167,201,176,185,186,167,193,149,202,131,208,111,213,92,218,72,223,52,225,31,227,10,228,-10,228,-31,227,-52,225,-72,223,-92,218,-111,213,-131,208,-149,202,-167,193,-185,186,-201,176,-216,167,-232,156,-244,145,-258,132,-269,121,-279,107,-289,95,-296,80,-303,66,-309,52,-312,37,-315,23,-317,7,-317,-7,-315,-23,-312,-37,-309,-52,-303,-66,-296,-80,-289,-95,-279,-107,-269,-121,-258,-132,-244,-145,-232,-156,-216,-167,-201,-176,-185,-186,-167,-193,-149,-202,-131,-208,-111,-213,-92,-218,-72,-223,-52,-225,-31,-227,-10,-228]],[[-698442,439644,10,-1,208,-15,-31,73,-65,39,-91,-78,-31,-18]]]
