1566083	r	106.1396,8.6511,107.593,11.6561	[[[1061396,109702,14,-58,76,-209,96,-201,116,-190,133,-178,151,-165,166,-149,181,-132,192,-114,203,-95,212,-75,218,-54,222,-32,224,-11,224,11,141,21,-190,-228,1294,-947,164,-567,1866,-1218,110,39,125,74,76,176,28,112,3,10,20,82,59,161,58,62,61,40,52,56,34,114,-115,278,-22,98,-51,55,-100,47,-69,66,47,112,61,44,187,101,10,5,9,4,43,16,133,-62,77,-66,78,-66,129,-147,54,-109,90,-110,115,30,85,23,60,29,132,67,8,4,38,20,8,3,84,43,90,-76,525,-439,-5,-38,-44,-303,-2,-100,709,-360,25,13,-194,182,-79,268,4,142,4,157,66,281,58,0,3,-17,2,-5,3,-150,1,-105,-19,-120,-48,-87,0,-62,136,-143,-73,-69,120,-101,93,-51,65,16,13,87,-13,13,17,9,39,2,9,12,-11,35,4,14,22,10,6,-178,-15,-100,-71,-109,-27,-16,147,-74,2205,1580,452,-2422,227,206,82,112,108,-32,396,124,309,39,15,-1,34,7,91,12,44,11,47,-4,35,-13,1,-6,31,20,33,45,628,279,191,112,86,127,51,106,263,260,101,81,59,32,65,36,-786,2258,-396,-142,-1,2,-10,25,-19,22,-64,-16,-79,-6,6,24,-4,24,-38,67,-17,9,-15,-3,-21,11,-2,-8,-16,6,-12,-5,0,10,-12,-5,-21,-31,-7,3,-25,-18,-9,3,-1,-9,-9,-5,3,-13,-14,-14,2,-11,-14,-9,8,-11,-13,2,-3,-13,-13,-5,-1,-11,-8,4,-11,-12,-1,-13,-10,9,-15,-13,1,-4,-21,3,6,-9,-9,1,1,-11,-6,-2,8,-11,-11,0,4,-5,-19,-17,5,-9,-7,-1,1,-12,-7,1,-5,-19,-17,-5,9,-9,-21,-17,-2,-11,9,-6,0,-12,-11,-11,-6,13,-24,0,-7,11,-4,-3,3,-14,-7,-6,-1,18,-8,4,1,-10,-6,8,-2,-6,0,11,-5,-1,-1,8,-6,-3,3,8,-9,-6,-6,7,-12,-10,-12,2,6,-6,-9,0,-10,-21,-10,-2,-1,-10,-6,5,-10,-3,4,-9,-18,2,-3,-8,-16,1,-8,-11,6,-5,-7,-14,-10,-3,-15,-27,-35,-4,1,-11,-15,-17,3,-6,-882,-316,-2,3,-10,-5,-3,8,23,3,-11,13,3,7,-17,18,2,27,-14,105,25,37,-47,11,10,46,-564,11,2,36,-23,-5,-16,26,-30,-10,-25,6,-33,27,-21,-6,-8,-6,0,-9,-11,-2,-3,-25,-15,3,-10,-14,-33,-12,-25,7,-16,-4,-16,20,-77,2,-16,-14,1,164,-29,0,-58,-28,-38,-2,-5,5,-8,-5,-15,8,2,-9,-13,-1,-8,7,-21,-9,0,-9,-21,-16,-29,-3,0,-6,-13,-5,-2,-25,-743,369,-1915,-334,-510,-371,2,-24,-19,31,-355,146,-191,259,68,64,49,22,31,-4,28,-33,3,-47,-26,-90,5,-27,13,-12,18,0,23,10,67,86,34,28,36,22,40,12,47,-2,23,-11,73,-74,30,-16,30,-6,38,10,31,32,1,36,-25,49,-64,72,-6,48,13,20,100,73,59,80,-5,60,-30,60,-214,244,-59,114,-40,106,25,47,20,57,-38,51,-28,52,-35,94,-19,80,-47,7,-25,30,-13,-4,-22,-22,-50,-13,-18,10,-4,-6,-53,2,-13,13,-1,17,-8,11,14,5,-1,24,-15,27,-22,23,5,22,-27,13,-3,9,-25,9,-42,-10,-12,3,-23,19,-41,11,-2,7,-63,-16,-1,8,37,37,-5,17,5,15,-10,20,-22,11,-30,4,-19,-5,-3,30,-14,24,-27,-14,-15,9,5,14,-13,2,-6,-7,-10,17,-8,-4,-19,13,-26,30,-8,34,6,33,5,5,6,-4,-1,10,-7,5,-15,-8,-28,1,-31,16,17,27,7,25,-4,12,-23,12,-5,9,1,14,15,14,8,-13,21,12,1,-11,13,9,14,-2,10,10,10,1,-1,-19,16,-12,4,-27,23,-3,34,36,43,18,41,31,71,27,19,15,0,14,-12,19,-132,122,-37,67,-37,108,16,35,69,45,21,52,38,13,32,30,20,10,146,28,19,14,17,26,9,43,-27,90,-31,41,-79,55,-9,20,3,23,20,19,35,14,186,47,36,-5,16,-6,17,-20,83,-197,22,-29,68,-42,91,-20,23,-10,81,-90,34,-25,27,-11,22,1,127,60,70,19,36,-7,55,-41,35,-9,23,14,15,26,16,151,16,17,66,27,21,16,5,27,-14,44,3,15,54,35,31,44,26,11,26,-7,19,-19,22,-42,16,-12,31,2,26,19,9,24,5,57,32,34,5,14,-10,17,-50,24,-15,17,-1,23,21,42,-3,51,33,38,25,45,48,12,19,15,1,22,-21,31,5,17,17,8,58,-1,5,18,-4,18,-27,49,-42,34,-30,67,-22,29,5,13,25,21,7,20,-5,19,-24,22,1,23,14,8,98,6,13,22,-11,39,-14,12,-57,13,-26,15,-3,59,-25,51,-45,21,-39,4,-33,14,-2,18,40,42,6,29,-11,9,-29,1,-23,15,-20,28,-19,43,-22,28,-27,8,-31,0,-40,-30,-19,13,-5,34,-13,14,-65,4,-51,-13,-17,6,-10,22,18,37,-2,42,-12,20,-38,19,-8,21,8,21,55,2,33,29,43,5,27,53,-3,37,-36,31,12,35,-16,4,-4,14,31,27,20,9,-66,4,14,15,-22,12,-2,29,13,7,26,-14,7,12,22,9,1,-19,8,-5,6,22,11,-11,19,-1,14,4,8,17,23,14,8,-1,9,-12,27,4,6,10,0,11,-14,14,-14,3,-17,-11,-7,6,1,8,16,9,-3,32,-21,6,-5,18,2,14,16,4,3,21,-12,-1,-3,7,13,16,-13,11,-5,17,-16,6,14,11,17,-9,11,7,-24,24,18,4,1,12,-29,20,14,12,23,1,11,19,10,4,-6,31,4,10,8,1,4,-11,3,14,15,-3,4,13,-14,17,12,4,12,30,-12,23,30,-4,-1,9,12,2,5,12,12,4,0,24,25,12,-1,14,-41,17,5,8,17,-9,3,10,-7,14,6,30,-11,-4,-2,5,14,14,-27,20,9,27,-11,2,-5,8,27,11,-15,22,15,2,6,-6,5,7,11,-3,-5,9,11,7,-3,8,15,21,8,2,3,12,6,-9,23,7,8,21,-3,9,26,11,9,-4,12,18,-5,5,8,7,0,20,-5,6,10,14,-8,13,3,7,-13,5,4,19,-15,1,2,12,11,9,-5,25,-15,18,-12,2,0,12,-10,0,3,11,-15,10,5,8,-8,3,3,16,-18,14,4,7,-9,2,-2,35,12,26,-45,21,-26,-9,-35,-1,-1,-11,-27,-8,-18,14,-64,-5,-20,-21,-20,-4,-7,8,-4,28,-21,7,-12,0,-12,-11,-18,0,-2,-11,-12,1,-4,-7,-22,3,-44,-62,6,-32,-7,-6,-10,1,7,-7,-6,-3,-2,-12,-13,1,-5,-12,-112,2,-52,-10,-39,-55,-78,-68,-26,-68,22,-25,10,-40,24,-53,-4,-13,-17,21,-29,2,-13,14,-24,8,-6,-13,-9,2,0,11,13,17,-2,12,-39,-5,-32,10,-21,-8,1,26,-16,48,12,29,-14,43,15,20,17,43,10,4,19,-4,18,43,-2,25,-14,20,-27,13,-18,-1,-5,6,6,15,32,18,-12,16,-7,-10,-5,2,-22,27,8,53,-15,-3,-8,29,4,8,23,-16,15,16,-9,15,3,14,-8,15,1,29,-18,8,16,28,-4,25,-11,-1,-10,19,-18,1,-117,-17,-30,19,-26,2,2,22,-14,12,-76,0,-17,36,-65,-55,-7,-14,-43,-10,-272,553,55,40,76,100,29,17,38,46,-1,55,15,30,12,7,-26,42,-1,18,-25,47,-10,54,3,48,-13,31,-34,40,-7,19,-68,9,-43,-27,-60,-18,-20,-25,-36,-20,-51,-8,-13,6,-9,-28,-39,5,-10,-6,-851,1730,-149,22,-225,11,-225,-11,-222,-32,-218,-54,-212,-75,-203,-95,-193,-114,-181,-132,-166,-149,-151,-165,-134,-178,-116,-190,-96,-201,-76,-209,-39,-154,-44,-66,-53,-58,-106,-70,-141,-52,-69,-34,-34,-20,-32,-36,-29,-68,-11,-148,-11,-21,-26,-22,-12,-37,-2,-38,11,-112,-6,-43,-17,-23,-45,-27,-14,-22,-9,-36,1,-71,-8,-13,-25,-11,-12,-13,-9,-71,-11,-37,-25,-16,-57,2,-12,-6,-19,-84,-25,-42,-35,-44,-8,-22,13,-36,80,-48,22,-29,16,-37,26,-13,22,-36,-35,-118,-37,-93,-25,-30,0,-48,26,-30,19,-4,-20,43,21,20,26,-15,21,-25,-2,-7,-26,6,-12,-7,6,-27,-6,-49,30,-31,15,0,-11,32,11,21,19,16,45,-11,9,-11,0,-17,18,23,8,1,12,-38,-27,-8,-4,-6,3,-21,16,-9,-14,-38,4,-36,-11,-24,-3,-40,-24,-32,85,-20,14,4,19,18,15,-8,6,-15,-3,-13,-30,-9,-2,-27,-43,-7,-41,-32,-11,-19,0,-16,10,-1,-2099,-1729,63,-48,116,-172,164,-573,112,-199,-71,-60,-104,3,-213,7,-95,-11],[1063946,112492,35,74,116,190,134,178,150,165,42,37,3535,-470,61,-100,96,-201,75,-209,55,-215,33,-219,1,-14,-1785,-1829,-1096,-93,-1452,2706],[1069797,106848,44,146,291,-267,105,-164,6,-82,-28,-13,-16,5,-12,-20,-48,-17,0,-30,21,-19,16,-44,-29,12,-33,24,21,-48,1,-2,-50,37,-37,3,1,2,64,182,-72,90,-141,93,-104,112],[1070025,106171,0,6,18,-15,-18,9],[1070114,105628,113,248,9,61,36,-66,-3,-42,-10,-27,-132,-192,-2,-7,-11,25],[1070300,105652,22,8,-1,21,10,6,4,-102,-11,6,-8,47,-16,14]],[[1065596,86818,32,-61,156,-202,49,-44,160,13,37,33,-17,44,-9,46,7,90,-7,113,19,97,88,42,115,16,100,28,105,5,127,-49,-61,130,-102,146,-3,110,234,23,-8,47,-10,29,-50,61,101,-6,28,6,-5,62,-22,35,-34,19,-42,16,-278,-121,-326,-223,-270,-263,-114,-242]],[[1067520,105666,31,-161,24,-70,13,-5,-41,-274,4,-120,37,-159,119,-234,210,-271,129,-117,-99,645,488,636,-10,15,-24,43,20,113,46,68,71,64,0,145,-60,154,-125,122,-35,10,-70,20,-167,46,-58,61,-92,147,-89,85,-94,32,-228,-3,268,-413,71,-231,-73,-249,-65,-42,-167,-27,-34,-30]],[[1068538,106249,141,-78,34,-94,-39,-207,-10,-34,52,67,272,-138,33,0,9,-21,245,-125,-29,73,-26,110,18,34,36,25,28,40,-7,75,-25,18,-48,19,-44,24,-25,43,-24,40,-54,36,-178,117,-17,72,-103,11,-129,-16,-110,-30,0,-61]]]
1581130	r	105.3117,20.5645,106.0538,21.5461	[[[1053117,213636,717,-668,717,-668,6,4,463,264,114,2229,-905,653,-229,11,-12,-1,-871,-1824]],[[1055033,209295,30,-36,66,-37,80,2,26,-15,11,-16,12,-3,80,47,15,12,-320,46]],[[1055510,208079,21,-14,29,0,52,19,103,1,40,-6,30,11,24,21,25,7,5,54,15,21,24,10,3,6,-10,47,8,35,24,17,45,-1,12,6,20,25,-13,14,3,34,39,28,24,-28,10,4,26,-8,19,3,13,-7,13,-15,26,-13,26,-35,75,3,30,17,55,-127,-24,0,1,-10,19,5,-9,-32,-39,-14,0,-12,6,-1,2,10,25,5,7,-10,-6,-9,15,-1,-4,-23,-8,-3,12,-14,7,-45,-5,-24,22,-10,1,-13,-15,-30,-1,-15,-25,-25,27,-7,14,7,3,14,8,4,14,-19,35,-9,9,-8,4,8,15,-1,5,14,42,-98,-6,-77,17,0,-7,-17,6,-27,-9,-52,13,-26,-7,-22,21,-42,2,-44,25,-6,4,-55,34,-44,3,-19,25,-10,41,-41,26,-10,-27,-60,-26,-30,1,-34,21,-54,56,-44,19,-53,101,-90,-4,-15,13,-15,-17,-44,-13,-1,3,-33,-9,-39,-20,-3,-50,-32,-32,-1,16,-56,17,-31,16,-12,-14,-24,15,-30,9,1,7,-14,18,7,-1,11,5,3,-4,19,-8,1,1,39,5,-1,9,-47,22,-42,-2,-11,-15,-10,20,-45,-9,-18,15,-18,-23,-57,18,-43,17,-22,45,-23,-30,-28,12,-21,-64,-46,-14,14,-37,-6,-12,27,-10,3,-9,-1,-16,-29,-29,10,-21,-21,32,-46,0,-9,-14,-13,7,-42,30,2,18,-12,25,-2,17,8,17,-7,8,11,19,-6,21,9,13,-15,20,6,15,-5,42,53,15,4,33,-18,16,-1,10,5,7,15,25,-4,28,-58,-3,-50,16,-14,-10,-17,10,-24,-13,-24,43,-40,27,4,92,-26,26,13,45,76,37,-46,19,-12,26,-9,41,-2,21,11,26,-17,32,-57,48,-27,26,-42,99,-94,23,-43,17,-65,83,-6,26,17,25,-13,35,17,45,-1,44,9,17,19,31,123,23,30,-9,33,5,53,41,63,9,-3,6,-16,9,-3,7,17,-16,16,14,17,33,21,-35,15,-25,35,9,24,59,45,3,22,22,3,-16,36,1,15,14,10,-17,3,1,7,-11,-1,-3,24,-7,-1,4,18,18,35,74,52,109,58,23,32,-6,21,-52,21,-28,21,-58,69,24,14,11,-1,1,24,58,-11,-2,-5,26,-7,-2,-7,22,-9,5,11,67,-26,-3,-19,29,-10,53,-37,8,7,37,-51,39,-28,40,-7,56,7,70,-20,51,-3,44,12,66,29,66,47,0,171,27,-8,46,-36,22,2,-2,37,29,7,91,53,7,-11,18,27,125,41,63,4,35,14,20,-7,19,-25,6,-24,1,-85,-12,-21,-24,-20,3,-57,17,-29,13,-9,26,-13,89,-21,-11,54,14,30,33,30,56,27,103,8,15,60,-5,21,63,67,38,20,15,21,4,-19,21,-14,9,12,13,-9,-25,-30,23,-14,29,12,-18,36,-16,12,4,12,-7,-3,-19,51,61,32,-24,50,58,35,25,34,-139,-3,-18,-4,-13,-8,-2,-9,-42,-17,-36,-9,-51,7,-6,5,-91,245,40,92,-12,81,16,255,-1,20,-15,34,-29,35,-37,25,-64,19,-163,26,-83,28,-25,17,-32,31,-46,68,-64,165,-16,57,-3,47,2,40,19,61,41,70,60,39,87,39,17,16,23,53,6,55,-7,44,-42,71,-28,17,-41,11,-40,37,-4,3,382,854,4,0,6,-18,19,-10,5,7,25,-5,4,46,7,0,-5,45,-23,10,7,12,-17,12,16,43,-12,12,33,28,1,8,-12,-4,-5,14,-22,23,3,10,35,17,6,-6,9,7,22,-24,35,10,-6,74,18,-8,37,26,55,-21,25,0,28,8,34,34,26,-8,2,5,55,-8,11,13,-13,43,17,2,1,18,35,5,1,5,36,-2,4,22,11,3,-2,15,-53,-6,9,18,-5,3,13,13,-29,24,13,45,24,23,24,1,-29,45,64,14,35,41,26,47,-14,-7,7,16,10,-4,7,18,0,62,-61,34,13,18,-15,10,7,22,-33,10,2,12,-11,-5,-3,-17,-17,-5,-3,31,17,37,-9,19,-20,-13,-44,63,-9,-3,-20,49,2,8,-59,-57,-71,11,-84,1,-100,20,5,16,-51,39,-17,5,-18,99,-21,34,-123,-64,-12,3,-43,-19,-9,43,9,12,-6,7,7,3,-21,39,-15,-6,-8,20,-14,13,19,50,-13,3,-11,11,-4,8,13,12,-10,18,-29,21,5,9,-5,14,-10,9,-24,5,-3,-8,-25,15,7,12,-5,5,-39,15,27,40,-5,4,-7,4,-11,-27,-59,4,-2,31,-17,6,8,4,-16,32,14,10,9,-8,41,35,-15,22,41,33,17,-23,10,2,8,31,-16,18,25,23,-10,11,9,7,5,22,-16,6,6,18,-23,3,-13,47,-25,34,16,42,17,22,-6,6,3,8,-33,1,-21,47,-1,9,7,3,-8,5,-1,20,12,0,3,19,27,2,-2,24,8,8,-15,15,35,43,-83,46,8,15,-23,14,-16,0,1,22,-54,0,-4,21,5,23,24,36,42,26,-29,23,-10,17,19,11,38,4,0,66,-9,32,-26,30,-15,33,-11,4,-28,-21,-17,-4,-9,9,1,23,2,17,11,-1,14,19,-14,14,14,16,24,-7,2,6,21,0,12,-10,9,12,23,-1,35,-11,13,10,2,30,8,-1,54,34,10,19,10,0,5,11,13,6,20,-3,10,10,-4,27,25,-2,19,-18,10,17,-6,28,-45,57,-40,77,-51,63,-17,32,-4,73,5,91,39,32,37,10,11,15,0,7,-1,4,-3,2,-3,5,-14,5,-69,-12,-43,2,-16,6,-10,21,21,72,-10,16,-63,-35,-26,-6,-53,14,-43,33,-11,31,18,59,1,69,4,21,-4,6,0,3,-12,16,-58,-6,-39,6,-34,64,-35,25,-9,23,40,43,26,41,13,0,55,-32,38,-1,59,19,47,48,5,19,-10,8,-40,-2,-48,-27,-31,9,-8,14,13,20,43,26,43,76,28,81,15,26,20,17,17,-3,39,-38,35,22,23,3,31,-13,55,-5,60,-18,16,3,16,13,34,50,-1,48,16,76,-7,18,-45,46,11,39,15,5,21,-10,34,28,30,14,18,25,15,-7,13,-15,-2,-14,-14,-10,2,-10,30,-5,15,17,0,19,-29,38,-15,51,12,19,31,89,-14,61,1,20,8,13,22,14,4,16,20,6,19,-9,28,-50,-6,-16,9,-20,12,-9,14,-32,14,-6,3,-27,19,-6,19,-16,23,-40,18,1,25,-10,20,-22,20,33,29,-15,11,3,5,-5,-6,-22,26,-16,6,-29,17,-11,84,19,18,1,16,-9,16,9,14,-23,28,-16,22,7,23,-5,20,-32,4,-42,28,-10,65,-4,-19,28,-2,23,24,26,3,31,11,21,29,12,-5,56,-20,33,-17,92,-44,54,65,63,39,14,23,-13,21,25,52,-1,25,10,12,87,-5,38,14,7,15,57,-9,7,-24,0,-7,16,-34,11,-37,75,9,24,24,-2,38,33,16,31,-36,41,-55,28,-2,14,-22,21,8,22,40,53,31,102,-10,30,5,25,-30,8,-9,19,30,22,-2,29,49,116,22,6,28,51,-15,14,4,32,-12,15,-897,-196,-2041,-1584,-180,98,-1432,-1715,156,-275,597,-1057,-518,-1328,-179,-79,-206,-69,-12,-17,-11,-2,-3,-16,6,-17,6,3,9,-15,-11,-6,4,-8,-10,0,-44,-29,-29,1,-91,-43,-30,5,-20,-16,24,-24,-27,12,-18,-17,-3,-6,7,-7,34,-21,-3,-6,24,-8,21,-18,-26,-6,-14,-73,-25,-13,-23,-32,10,-12,2,-14,-33,-5,8,-7,4,-28,24,-1,28,12,8,-10,-8,-4,7,-10,-4,-7,22,-13,-1,-8,20,6,9,-12,13,1,5,-13,22,-15,9,-20,24,-15,12,3,6,-15,18,-3,0,-33,39,-26,8,11,21,-31,34,-22,-12,-12,17,-25,-14,-28,0,-23,17,-9,-10,-24,11,-8,14,15,1,-9,-10,-5,6,-5,-4,-8,-20,-3,-1,-9,11,-9,-10,-13,-17,-9,-1,-10,-31,-17,0,-55,-8,-11,0,-28,-18,-19,-23,-21,-36,-10,-97,2,-17,-27,-7,-54,-13,-24,-30,-24,-45,-11]]]
1581298	r	106.1242,20.5829,107.1077,21.2369	[[[1061242,208329,7,-31,4,-8,38,8,20,-12,25,-35,48,-31,22,-48,-3,-28,-20,-43,-10,-7,-41,-4,-21,-23,74,-57,21,-38,14,7,5,-48,32,-35,19,-39,41,-36,41,-20,19,-1,19,8,15,31,45,11,49,-56,12,-26,28,11,17,-14,4,-14,-20,-14,-4,-10,48,-74,20,-19,32,-6,19,27,18,12,26,-9,23,0,9,-23,21,-24,14,-38,21,-25,42,-29,64,-4,54,-12,15,-27,18,-71,-1,-80,-53,1,-16,-12,8,-20,12,-14,50,-30,22,-42,31,-31,10,-63,29,-64,61,-21,95,-67,12,-11,3,-15,19,-8,-4,-28,18,-10,-3,-8,9,-19,8,6,18,-7,17,9,3,-5,10,13,26,-12,9,11,32,-31,17,-8,18,-3,49,11,-2,17,-15,15,-116,16,-43,25,-31,35,15,26,125,60,25,2,22,-13,34,-61,44,-41,31,-5,47,4,55,17,-8,49,-42,38,-8,19,1,49,17,16,38,-8,57,-37,7,-27,-10,-53,-7,1,1,-25,15,-4,59,-58,21,-8,57,41,136,66,41,33,53,61,41,17,28,2,28,-8,40,-64,23,-21,28,-14,56,-2,43,11,121,82,44,12,63,5,-4,12,50,28,63,65,-169,-40,-233,-32,-236,-11,-236,11,-233,32,-105,25,-538,484,-183,2128,-76,-27,-23,-1,-31,18,-2,-12,-15,-11,-35,0,-47,-32,-25,-3,-75,-58,-8,10,2,14,-37,38,62,93,-16,27,-18,12,-13,-13,-40,26,-4,-4,-10,6,-10,-2,-13,-18,-64,7,-16,32,-30,23,-25,3,-8,28,-34,11,-15,26,-59,-21,3,-19,-10,-27,-23,-15,4,-54,-22,-41,5,0,5,-25,21,7,8,-17,13,0,-10,-5,3,-6,17,5,48,-44,-8,-16,-38,-39,3,-35,-9,-1,20,-56,15,-5,46,2,46,-10,1,-7,26,0,2,19,13,1,7,-43,22,2,54,-53,-8,-28,-28,-8,0,-16,-27,0,-1,-14,-15,1,-2,-27,26,-1,-12,-62,12,-13,-8,-7,-19,-2,-3,-22,-14,-19,13,-46,22,-2,2,-13,28,8,-3,-7,7,-15,-8,-1,-3,-10,11,-33,-29,-7,-57,-35,-8,1,0,9,-9,-4,-16,-16,9,-18,-19,-29,-15,-12,-39,-13,-7,-11,20,-50,4,-49,10,-9,51,-10,25,-33,1,-60,-6,-17,-32,-32,0,-65,-13,-18,0,-84,-9,-38,-35,-45,-9,-24,-41,3,-42,-13,-24,-14,30,-24,2,-73,-6,-14,-37,-39,-9,0]],[[1064006,206884,63,-16,140,-105,72,-101,123,-90,69,-97,69,-72,9,-21,-1,-48,-10,-35,-37,-75,-2,-22,111,-32,48,-34,32,-55,11,-87,14,-13,73,2,29,12,71,86,27,70,14,15,147,-18,73,-29,32,-36,12,-58,60,-1,43,6,73,33,29,21,18,53,-1,90,47,41,1,0,567,-438,15,14,166,60,35,42,27,55,9,58,-12,107,-32,22,-46,-2,-51,37,-149,161,-3,5,-55,78,-10,14,-58,152,114,-82,141,-196,86,-57,166,-17,166,27,156,57,133,69,201,163,-2,119,-154,97,-249,98,0,69,129,6,286,-75,129,2,86,25,71,28,88,14,34,40,107,73,115,41,54,-54,36,-69,91,-88,207,-147,-171,529,-102,159,-61,-74,-169,122,-171,185,-139,203,-68,178,188,-128,126,93,37,215,-84,231,-176,125,-194,94,-75,120,178,207,205,-205,62,0,27,117,95,132,21,129,-37,177,-90,38,-124,-1,-218,94,-252,11,-104,60,-52,104,-20,109,-36,105,-97,92,0,61,205,-39,67,-22,0,61,-303,117,-20,5,-41,10,-45,12,166,46,171,-34,260,1456,-15,0,-31,31,-32,-6,-34,-17,-40,0,-3,10,-23,-8,-18,-15,-20,33,-13,8,-77,-5,-13,10,-77,11,-16,11,-23,1,-24,11,-34,-7,-48,25,-19,33,-24,-2,-27,19,-35,-25,25,-26,5,-29,-3,-26,-24,-29,-33,35,-35,12,-22,-14,-40,-1,-49,12,-25,-9,-38,4,-17,-7,-29,17,-5,18,5,7,-9,23,-26,24,-163,-15,-3,22,22,26,-2,11,-28,40,-15,10,-20,2,-12,20,-4,2,-13,6,-44,-3,-99,-33,-20,3,-12,22,-24,18,-19,0,-25,15,-82,-21,-19,-14,-37,10,-13,9,-7,36,-54,97,-29,96,-22,17,-4,23,-17,27,-45,23,-45,6,-39,-9,-33,-25,-48,-4,-20,14,-39,12,1,2,-16,3,-19,28,-32,7,-27,-2,-25,34,-3,48,-5,7,-6,-8,-4,-53,-15,-19,-66,-3,-58,16,-27,-19,-16,0,-37,-22,-20,11,-18,0,-22,17,-18,4,-32,36,-31,-24,-57,8,-33,-23,-51,-6,-30,2,-36,27,-22,-7,-32,8,-1,-1,-1,1,-22,-7,4,-6,-15,-65,-49,-3,-7,-7,-14,-68,-28,-81,-20,5,-29,-20,-3,0,110,-1945,876,-1049,3,-7,-368,-1498,-61,-43,-202,-114,-214,-95,-140,-47,11,-42,77,-51,-16,-11,9,-30,-38,-6,16,-59,-33,-25,-41,-59,-42,-46,-14,-26,-3,-25]],[[1067656,208768,51,-182,132,-62,154,-27,129,-77,74,0,-50,85,-19,88,15,88,54,87,29,-233,184,-366,16,-33,50,-163,87,-44,173,-34,130,66,-49,254,-93,116,-267,329,-55,139,-17,92,-588,290,-60,-131,-80,-282]],[[1069099,208185,112,-139,289,-172,124,-124,227,-297,200,-131,0,68,-28,35,-45,107,73,0,35,-43,62,-53,34,-46,74,0,0,74,63,0,23,-30,2,-12,9,-10,40,-22,0,-68,-211,0,0,-62,31,-24,43,-51,63,75,0,-75,40,32,29,18,74,25,0,-218,88,175,48,173,63,0,0,-68,74,0,-61,175,-305,166,-50,211,99,-75,87,-40,98,0,132,47,0,68,-68,47,-39,62,-3,73,36,85,89,-181,72,-66,118,-20,-59,70,-29,28,-49,32,0,74,65,-27,209,-47,-69,39,-53,47,-45,58,-37,66,-3,1,-67,0,-93,-12,-161,36,-119,75,32,106,0,69,-102,85,-133,49,-102,-35,-11,-168,-63,0,-106,98,-309,43,-136,132,74,75,-93,-65,-16,-74,3,-74,-37,-66,-68,-42,-234,-78,-30,-184]]]
1586203	r	105.4278,9.239,106.292,10.366	[[[1054278,103033,144,-32,97,68,-4,14,-39,-36,-42,15,-156,-29]],[[1055420,101646,1199,-167,219,-31,-10,-108,-211,-2264,2222,270,-455,448,-194,286,75,-12,116,-18,314,-197,142,-36,204,-52,288,-211,167,-154,568,0,33,44,115,190,95,201,76,209,54,215,25,167,-1965,1526,-1522,-387,-153,804,-420,1175,-621,116,-161,-899,-200,-1115]],[[1056331,94107,56,-17,-3,-15,23,-8,-4,-16,7,-15,-3,-21,-40,-53,16,0,7,-15,37,-11,33,15,18,-3,13,-22,11,-6,-3,-46,27,6,13,-21,10,6,4,-7,24,4,5,8,75,20,13,0,7,-13,10,7,-3,5,47,19,43,-66,25,-8,26,11,27,-60,89,13,73,-23,39,3,14,58,4,0,0,74,8,36,-28,19,46,9,3,-14,17,-21,15,5,13,-6,17,-29,41,3,2,10,31,-19,8,28,25,-4,0,15,13,16,37,-18,16,14,27,-5,14,4,2,35,-9,28,25,4,7,-17,14,-1,23,31,27,4,-10,10,0,13,25,12,36,-6,5,15,-14,25,11,5,1,-12,16,-13,15,7,9,16,9,-12,8,-1,35,20,-4,18,5,4,8,-2,6,-21,20,-13,13,-3,8,11,23,-20,28,25,46,-66,55,23,22,-31,18,-11,5,-24,-26,-6,-66,-64,-1,-4,15,-3,-6,-23,17,-4,30,-39,17,-5,11,-30,39,14,11,-2,-5,-35,27,-30,36,-2,26,-28,69,15,22,-37,35,-18,49,-4,15,12,-3,20,-30,11,-11,22,8,12,45,9,8,12,5,32,22,25,-15,52,1,33,59,-16,16,-22,48,18,9,12,12,59,-10,7,-28,-10,-8,16,15,11,50,-6,40,35,14,1,-4,0,-66,508,-394,284,-1631,-731]],[[1058121,93393,26,-80,112,-548,-24,-11,2,-7,-45,-21,79,-276,22,-60,325,131,-132,1027,-190,-65,-84,-38,-91,-52]],[[1061531,94659,5,0,23,-25,133,-178,101,-166,265,283,49,127,-29,415,-42,153,-66,144,-53,78,-37,-146,-76,-209,-95,-201,-115,-190,-63,-85]],[[1061938,96415,29,-193,6,-123,151,-101,217,-184,151,-213,-50,-189,0,-62,258,-5,144,92,63,177,13,250,-127,93,-559,128,-127,124,-73,112,-96,94]],[[1061959,95728,7,-11,104,-88,196,23,-52,73,-168,128,-71,88,-8,-163,-8,-50]]]
1580240	r	107.0344,15.6507,108.1969,16.6469	[[[1070344,163583,2,-11,48,-7,8,-30,12,-8,-2,-33,63,-5,35,8,23,-35,31,16,54,-1,-3,-20,-12,-6,17,-8,-2,-20,13,-14,-4,-23,10,-20,-9,-12,1,-32,22,-8,4,-11,18,-16,10,-1,20,-21,45,-15,30,-28,22,-3,15,-14,12,-35,-5,-34,-9,-12,25,2,50,-15,32,-34,536,-368,9,-25,26,-41,30,-12,17,-41,32,-23,-10,-25,-20,-14,10,-54,-16,-55,-11,-15,-21,-9,-10,-18,7,-19,48,-22,6,-26,-22,-23,-27,-46,-34,-30,-24,-72,7,-23,21,-2,9,-20,-10,-71,16,-12,12,-23,0,-40,-15,-18,12,-51,46,-42,27,-75,-4,-48,20,-15,7,-20,25,1,12,-11,30,-9,36,5,25,-27,33,-62,17,-3,35,-34,25,-7,140,-22,156,-43,115,-75,3,22,108,48,46,9,13,-3,13,8,36,-13,11,-38,19,-26,30,-15,23,-28,12,-6,22,14,24,3,-110,-198,266,-329,231,-198,279,-81,71,8,219,24,83,20,214,53,169,42,90,23,195,6,46,-49,-22,-114,-1,-19,-12,-172,46,-114,69,-80,11,-89,-120,-141,-147,-123,-274,-478,-151,-167,-144,-68,-382,-64,-178,-68,-694,-436,-85,-22,-91,15,-93,43,-102,30,-123,-27,-111,-109,-250,-542,-14,-208,115,-148,550,-312,104,-107,43,-144,37,-333,143,-63,331,-121,3886,3620,25,-10,-2,-25,9,-29,24,-8,12,-12,-1,-41,5,-7,34,-14,161,-32,110,7,38,41,64,29,27,29,40,24,31,56,-6,25,14,25,-6,59,-18,21,8,39,33,12,41,46,42,18,7,13,24,-1,25,22,41,13,49,1,13,13,28,-7,43,58,40,16,45,7,10,39,34,30,10,19,1,30,-12,34,74,-42,13,22,44,30,61,-37,5,-10,77,-26,58,-72,82,0,34,42,-1,21,15,27,-3,28,50,51,-4,29,-28,49,8,51,31,19,0,19,12,30,24,20,32,12,4,35,45,48,43,24,39,9,3,12,27,20,13,21,39,22,24,22,-2,61,-16,27,16,46,17,12,10,37,16,25,-8,15,-23,13,17,71,15,25,-17,55,15,18,30,4,26,22,75,2,17,31,11,49,1,44,-39,78,-32,32,-10,3,-6,16,99,60,-10,40,-16,22,7,16,22,4,8,13,48,16,38,-3,12,8,2,19,15,14,2,25,47,-11,39,29,49,23,9,29,12,11,26,-3,18,13,34,-9,45,-64,32,-19,31,-41,35,-15,18,-31,23,-3,25,-19,34,0,14,-8,44,1,74,-46,50,-9,8,9,50,20,16,-1,18,12,24,0,19,9,5,20,10,8,11,23,36,10,35,31,1,27,15,22,12,2,7,15,56,44,55,-46,15,2,83,-49,18,4,28,-33,16,-33,53,-48,35,3,61,-13,12,5,23,-3,51,-25,11,6,25,0,158,-85,53,-36,17,1,17,9,27,40,64,-19,32,0,17,12,31,-9,16,5,26,-6,31,1,67,-23,12,6,2,17,9,10,32,22,27,10,27,-9,17,4,25,-10,35,-31,50,7,31,-17,89,35,26,28,53,36,11,18,30,15,42,52,31,2,37,18,46,-11,5,38,14,18,32,4,41,-23,40,-7,23,-21,13,21,18,3,12,15,15,8,129,22,49,20,21,14,-10,44,1,1,-173,-14,-275,23,-249,55,-181,78,-69,0,-106,-34,-187,20,-180,71,-79,114,59,147,139,-49,286,-207,-327,517,-83,172,-97,345,-8,65,-120,-37,-58,-83,-47,-92,-85,-62,-216,58,-452,320,-153,-36,10,-98,66,-313,-44,-67,-366,-273,-51,61,-92,-61,-33,105,-63,73,-86,19,-90,-61,-68,0,-241,131,-118,84,-52,95,-127,565,22,82,103,-20,73,-42,63,-47,64,-28,66,5,54,27,23,29,-196,77,-216,282,-183,119,-229,355,-93,91,-381,250,-42,73,-41,99,-60,57,-104,-55,-50,-69,-37,-63,-51,-41,-98,-1,22,47,-55,112,-72,93,-37,-10,9,95,28,78,44,68,61,63,-264,-59,-136,-15,-147,6,25,76,16,33,21,34,70,0,29,-22,108,-53,0,75,-242,100,-95,73,-74,106,-80,-55,-116,-17,-106,27,-91,139,-109,40,-210,51,-1404,-2507,-226,-11,-230,11,-227,32,-223,54,-217,75,-208,95,-197,114,-185,132,-170,149,-154,165,-137,178,-119,190,-98,201,-77,209,-56,215,-34,219,-3,65,10,12,-45,-50,14,-25,-21,-27,-4,-14,5,-48,-14,24,-12,7,-51,2,-11,-18,-27,7,-13,-7,-78,20,-45,-22,-26,-4,-26,6,-31,-22,-7,-22,-13,-5,-28,7,-30,-6,-12,6,-8,-7,-26,5,-5,-23,-18,-16,-26,12,-107,22,-11,-37,14,-21,-4,-17,12,-12,0,-11,-19,-31,-6,-25,-17,-14,-17,-53,30,-60,26,-11,57,-60,29,-7,27,12,16,-5,17,-21,23,-1,12,6,22,-52,20,-10,42,0,23,18,18,-8,29,7,-8,-28,29,-46,11,-57,16,-7,5,24,17,20,36,1,67,-44,18,-22,52,-9,9,-16,8,-1,1,-10,41,-35,6,-41,37,-18,1,-17,-8,-18,6,-14,9,1,12,-14,19,-73,21,-20,-4,-64,-22,-12,-30,-38,38,-30,45,-21,-14,-30,51,-32,48,5,14,-30,-4,-14,-12,-1,-31,-48,6,-31,15,-16,-6,-25,-20,-24,-20,-7,-8,-15,1,-13,28,-25,-3,-17,-7,-2,-14,-28,-2,-18,29,-56,57,-50,31,-43,5,-19,-47,-34,-12,-2,-14,15,-40,9,-21,13,-11,-12,-30,-7,-59,-36,-13,-20,-49,38,-38,-7,-98,9,-30,41,-16,6,-8,10,8,10,-22,12,-8,13,-21,6,-16,27,-10,4,-20,47,-13,4,-5,-3,0,-17,17,-33,-6,-7,-23,51,-15,8,-17,-17,-31,0,-9,7,-34,-5,5,-27,-33,6,-38,19,-34,5,-42,28,-36,49,-26,9,-5,-24,-29,-24,-2,-13,15,-33,-31,-20,2,-11,27,-22,-10,-41,5,-17,-9,-21,17,-17,-7,-21,-45,-35,-20,-1,-27,8,-42,-20,-18,-41,-31,-35,-10,-31,-14,7,-18,-32,-5,-18,7,-10,-12,-7,-5,-18,4,-18,-7,-17]],[[1075327,166229,633,-324,393,-107,0,74,-306,85,-586,512,-134,-240]]]
1583992	n	107.9474,15.9464,108.3484,16.2167	[[[1079474,160606,1944,-755,593,-387,880,316,-68,121,-27,48,-5,8,-138,359,-67,394,61,310,11,54,33,-13,105,-41,253,52,93,-73,34,119,86,72,110,64,112,93,-118,131,-19,37,-33,38,-69,-64,-63,-93,-8,-49,-149,25,-20,3,-142,70,-117,90,-88,85,-68,0,-41,-50,-7,-4,-15,23,-73,31,-27,-80,-41,-73,-58,-64,-79,-56,0,-74,224,-41,4,-145,-68,-182,7,-100,4,-47,72,-139,98,-513,-92,127,-79,-21,-73,-18,-183,-99,-188,-58,126,76,128,116,56,77,47,65,53,151,-18,29,-41,169,-43,177,-73,19,-79,-48,-81,-77,-75,-71,-155,194,-221,123,-171,157,-5,290,122,224,347,277,109,131,43,51,-84,-6,-1,-1,10,-44,-21,-14,-49,-20,-129,-22,-15,-8,-12,-15,-18,-3,-13,-21,-23,21,-40,7,-41,23,-32,-4,-14,-18,-5,-38,-46,11,-37,-18,-31,-2,-42,-52,-30,-15,-11,-18,-53,-36,-26,-28,-89,-35,-31,17,-50,-7,-35,31,-25,10,-17,-4,-27,9,-27,-10,-32,-22,-9,-10,-2,-17,-12,-6,-67,23,-31,-1,-26,6,-16,-5,-31,9,-17,-12,-32,0,-64,19,-27,-40,-17,-9,-17,-1,-53,36,-158,85,-25,0,-11,-6,-51,25,-23,3,-12,-5,-61,13,-35,-3,-53,48,-16,33,-28,33,-18,-4,-6,3,-73,-96,-118,-190,-98,-201,-77,-209,-31,-118,-2,1,-67,-183,-56,-215,-33,-219,-1,-16]]]
1587923	n	106.762,10.7311,106.915,11.2143	[[[1067620,109619,5,-9,23,-12,4,-12,-7,-25,-17,-27,31,-16,28,-1,15,8,7,-5,1,-10,-6,4,-5,-5,-6,-33,8,-34,26,-30,19,-13,8,4,10,-17,6,7,13,-2,-5,-14,15,-9,27,14,14,-24,3,-30,19,5,30,-4,22,-11,10,-20,-5,-15,5,-17,-37,-37,1,-8,63,16,2,-7,41,-11,23,-19,12,-3,42,10,25,-9,3,-9,27,-13,-5,-22,22,-23,15,-27,1,-24,-14,-5,8,-11,1,-17,13,-13,53,-2,4,6,18,-10,50,13,22,22,13,4,25,-30,47,-7,19,-80,35,-94,28,-52,38,-51,-20,-57,-25,-47,40,-106,59,-114,214,-244,30,-60,5,-60,-59,-80,-100,-73,-13,-20,6,-48,64,-72,25,-49,-1,-36,-31,-32,-38,-10,-30,6,-30,16,-73,74,-23,11,-47,2,-40,-12,-36,-22,-34,-28,-67,-86,-23,-10,-18,0,-13,12,-5,27,26,90,-3,47,-28,33,-31,4,-49,-22,-68,-64,191,-259,355,-146,17,-7,510,371,0,2750,-7,-2,-16,-17,-16,-151,-15,-26,-23,-14,-35,9,-55,41,-36,7,-70,-19,-127,-60,-22,-1,-27,11,-34,25,-81,90,-23,10,-91,20,-68,42,-22,29,-83,197,-17,20,-16,6,-36,5,-186,-47,-35,-14,-20,-19,-3,-23,9,-20,79,-55,31,-41,27,-90,-9,-43,-17,-26,-19,-14,-146,-28,-20,-10,-32,-30,-38,-13,-21,-52,-69,-45,-16,-35,37,-108,37,-67,132,-122,12,-19,0,-14,-19,-15,-71,-27,-41,-31,-43,-18,-34,-36,-23,3,-4,27,-16,12,1,19,-10,-1,-10,-10,-14,2,-13,-9,-1,11,-21,-12,-8,13,-15,-14,-1,-14]],[[1069014,112087,8,-21,38,-19,12,-20,2,-42,-18,-37,10,-22,17,-6,51,13,16,0,0,210,-40,-4,-33,-29,-55,-2,-8,-21]]]
1566166	r	104.376,19.1875,106.2691,20.6699	[[[1043761,204663,6,-11,1,0,10,-19,5,-31,17,-28,11,-61,-4,-26,-38,-49,5,-18,11,-6,31,18,46,0,2,-1,27,-17,27,-8,13,-9,11,-22,33,-29,110,-60,17,-26,10,-3,44,11,-23,-26,-3,-22,-47,-49,-1,-18,-23,-28,-13,-108,32,-66,-19,-7,18,-40,1,-20,14,-20,50,-53,68,-48,13,3,13,15,37,7,39,-15,46,-3,7,-10,15,-3,27,14,22,-3,38,7,5,23,55,-20,10,-33,22,-18,74,-16,17,15,15,2,1,-25,20,-17,34,8,25,-4,39,27,36,0,25,30,63,20,31,30,7,23,18,13,39,-4,62,24,49,0,47,45,43,9,36,21,19,18,25,75,1,46,-14,28,6,38,37,1,36,19,21,-1,24,-56,13,-10,35,-4,37,5,42,18,9,11,28,13,24,6,26,-7,23,16,11,20,89,4,40,-20,17,7,35,-11,48,12,31,-6,87,17,60,41,22,2,38,22,40,49,8,39,24,21,5,34,-9,22,10,18,-46,15,-13,37,16,3,19,20,38,12,15,15,-15,33,37,27,12,19,1,20,70,16,32,26,14,-7,14,3,21,27,40,6,30,34,122,30,15,-2,5,-9,-18,-39,50,8,36,-18,12,-13,12,-37,-72,-42,4,-65,8,-15,82,-23,45,-43,24,-6,30,-19,29,-6,3,-38,21,-27,2,-29,30,-18,41,-2,11,-7,27,-50,8,-29,38,-54,58,-64,24,-14,48,-7,29,-16,-26,-63,-31,-25,-30,14,-24,-6,-24,10,-43,-11,-41,5,-30,16,-34,-3,-79,33,-14,-65,-8,-14,-36,-1,-29,-46,-30,-11,-19,-26,-31,0,-44,-35,-59,-7,-20,-20,-77,-18,18,-37,-23,-16,-25,-12,-22,7,-40,-20,-68,-14,-15,-18,-6,-21,-65,-3,-22,-35,-27,-14,-25,-100,7,-40,14,-13,18,4,7,-21,23,-21,-21,-51,-1,-20,-15,-5,-3,-8,9,-14,-3,-13,9,-5,-15,-16,-2,-21,11,-24,13,-6,5,-36,-30,-21,2,-21,8,-3,3,-16,-20,-6,-16,-22,8,-8,-3,-36,8,-11,-8,-6,14,-10,-3,-8,14,-3,-10,-19,11,-8,-5,-11,23,12,7,-7,1,-14,-23,-18,28,3,15,-28,-24,-11,-18,1,-15,-11,1,-26,-11,-15,3,-14,-9,-19,0,-37,-12,5,-4,-11,-17,-4,23,-46,-33,5,-8,-5,13,-59,-7,-35,10,-18,-9,-48,-20,-31,33,-34,5,-42,-4,-17,16,-40,36,-20,13,-17,70,-48,13,-21,32,-29,22,1,53,20,25,23,40,11,30,-15,59,-5,48,10,31,-7,25,-30,2,-14,26,-12,0,-29,15,-15,3,-49,51,-20,46,-1,34,3,19,12,24,5,19,-13,64,-17,47,-23,35,-6,21,-16,2,-18,23,-23,47,-14,35,7,20,-14,14,-28,11,-6,31,-6,34,2,69,20,56,-20,21,-15,38,-1,15,6,61,-8,31,5,26,15,36,-16,42,-4,31,14,65,-19,12,-8,7,-18,27,-18,71,-13,22,-12,16,-23,63,-59,28,-2,9,-20,22,-16,45,-14,49,-41,10,-2,11,-16,39,-5,20,-9,24,-56,2,-32,11,-18,22,-4,24,-16,13,-19,26,-7,30,11,14,15,28,-29,17,-57,7,-6,11,-6,18,2,34,14,30,-25,18,5,25,-5,29,-40,33,-18,29,11,58,0,17,18,35,11,27,-23,44,3,42,38,65,2,39,-5,74,32,22,1,34,26,10,20,27,7,44,-3,16,19,33,2,36,14,9,-12,7,-37,16,-14,-4,-22,-17,-18,-57,-25,-7,-13,0,-27,38,-29,3,-34,10,-16,74,-62,0,-17,46,-23,64,-20,32,-3,29,-32,16,-36,40,-19,42,-9,-8,-70,46,-52,28,-6,8,5,35,-17,26,4,57,-12,41,5,56,-9,37,-21,-39,-9,-4,-17,-43,-33,-6,-16,-46,-21,4,-9,-168,-65,8,-17,-32,-40,-137,-26,-35,-24,-3,-62,27,-87,9,-82,-33,-10,-3,-21,-25,-1,-16,-10,-62,-55,-43,-61,-9,-3,-13,-20,5,-23,-11,-6,-4,-18,-77,-53,1,-19,18,-14,0,-32,-16,-17,-17,5,-9,-22,7,-19,-47,-17,2,-17,30,-42,13,-2,30,13,39,-20,12,-11,19,-41,29,-14,83,-4,41,15,8,-3,-68,-56,-132,-20,-296,33,-191,-28,-48,-50,-18,-86,-93,-139,-226,-163,-546,-308,-189,-226,-27,-81,201,-171,111,-6,189,-60,74,-56,3,-91,-11,-97,2802,-2373,1856,-163,12,-26,3,-60,-12,-35,-76,-24,-30,-41,0,-35,25,-34,3,-31,-13,-85,-32,-91,9,-30,34,-48,6,-52,-22,-72,2,-14,4,-8,19,-9,37,-8,15,-15,-21,-90,3,-27,62,4,52,-22,19,-38,-10,-30,3,-12,6,-12,20,-7,5,-11,-4,-35,22,1,-3,15,9,0,0,16,21,6,6,8,-3,40,22,2,20,33,42,2,12,9,19,52,1,17,-12,18,5,11,39,17,25,52,37,11,10,15,29,9,-1,22,17,7,8,67,15,17,47,26,20,81,19,7,16,-12,25,-4,6,5,5,39,24,29,85,0,18,-7,32,-48,32,-23,29,-43,-12,-41,14,-43,-7,-59,-44,-42,11,-18,43,-31,3,-13,30,-23,8,-16,99,-98,53,-31,-5,-31,9,-24,26,-48,58,-83,-21,-58,0,-41,14,-17,88,-46,36,-7,78,81,42,17,26,3,59,-31,99,-14,105,-109,7,-32,43,11,33,19,39,64,26,27,101,45,17,1,39,-57,26,-20,46,-8,69,30,22,21,18,43,72,43,26,4,52,-6,55,16,34,-13,31,0,50,-10,62,-26,23,-20,63,-88,19,-75,235,-330,58,-66,71,-52,46,-46,6,-20,-8,-64,7,-22,25,-44,48,-57,50,25,54,-13,99,-12,14,5,7,10,5,52,77,65,63,-30,9,-11,14,-89,14,-30,28,-24,27,2,26,13,7,-59,40,-25,0,-51,61,1,28,-7,6,-5,7,-56,25,-56,85,-8,22,-89,-5,-36,-29,-69,13,-70,52,39,43,47,29,-29,-13,-39,5,-16,25,-21,79,-95,24,-15,17,-2,23,33,84,4,61,-11,58,2,34,40,28,20,61,16,17,29,60,24,95,64,2,-19,-9,-54,37,-67,2,-51,44,-14,32,58,14,-7,101,-143,22,-18,45,-1,28,10,-1260,1956,24,25,173,149,188,132,200,114,211,95,220,75,93,22,-29,5,-87,61,-173,149,-56,58,1926,3332,-2787,834,-5,10,-79,209,-57,215,-35,219,-11,222,11,222,35,219,57,215,79,209,100,201,121,190,140,178,101,106,-20,10,-19,38,-25,31,0,48,-39,15,-39,-5,-11,8,-10,22,16,27,-25,31,-114,108,-55,44,-12,20,-67,27,-22,15,-22,-6,-19,9,-16,-7,-15,9,-59,9,-34,25,-43,5,-95,93,3,53,-20,16,-12,30,-43,65,-44,42,-52,19,-65,-22,-78,-1,-78,55,-25,2,-36,-18,-28,15,-1,18,20,45,-5,19,-21,18,-16,1,-30,21,-37,-14,-29,44,-22,20,12,126,-29,25,-26,37,-12,69,-31,83,-31,15,-21,0,-22,16,-32,2,-33,-17,-16,-20,-6,-15,2,-32,-22,-31,-162,0,-42,9,-84,38,-168,105,-78,0,-33,7,-51,-9,-47,30,-134,33,-76,37,-48,-12,-150,-86,-88,-26,-61,27,-142,32,-53,24,-23,30,-83,7,-14,11,-16,31,-9,6,-49,5,-48,21,-23,-24,-13,-3,-73,13,-31,59,-27,5,-8,12,-22,1,-38,25,-12,18,-24,-9,-9,18,-14,8,-17,2,-16,-7,-21,21,-41,16,-13,20,-89,62,-43,53,-25,-47,-53,5,-128,72,-18,23,-2,26,-23,12,-8,11,-20,-17,-29,-7,-92,29,-47,25,23,27,33,59,10,84,21,24,3,15,-26,-2,-11,7,-2,71,-25,38,-56,20,-26,17,-67,22,-16,11,7,14,-13,11,-23,-9,-10,7,6,23,-15,12,40,47,12,41,-25,27,-22,6,2,23,-43,0,-26,27,-30,11,-4,16,16,38,-42,24,-28,-6,-25,8,-59,39,-12,23,-16,-2,-15,37,-30,4,-60,29,-120,-10,-29,11,-35,27,-19,-20,-31,-6,-16,-23,-39,0,-17,-14,-19,1,-15,34,-35,21,-18,20,-23,3,13,30,3,25,-12,72,-39,14,-56,63,-17,0,-19,12,-37,-14,-23,10,-22,-2,-41,39,-6,31,-34,21,-5,20,-30,10,-32,26,-16,-3,-7,20,-29,18,-57,1,-32,12,-55,94,-66,-27,-33,-42,-115,104,-37,17,-44,-3,-86,-39,-75,-3,-11,-14,-44,-23,-5,-77,-13,-13,-52,-13,-20,-28,-15,12,-5,18,-24,6,-13,-13,-18,3,-40,25,-76,30,-21,-7,-20,-25,-18,-11,-43,35,-58,34,-17,23,-49,29,-63,20,-53,-2,-35,8,-47,-38,-58,25,45,65,2,20,18,21,3,29,-8,5,0,14,-24,47,-59,5,-50,43,-26,43,-3,23,-23,26,-31,3,-18,-10,-17,19,1,26,-29,45,27,30,11,31,0,24,-13,45,-49,31,-37,51,-23,18,-3,15,-22,28,-38,-1,-31,16,-36,3,-78,38,-10,29,-52,24,-28,44,-133,60,-56,39,-125,9,-31,-37,-18,-5,-37,-24,-55,-18,-66,-11,-60,-1,-68,23,-59,-111,-43,-22,-54,-17,-60,-41,-41,-4,-30,-23,-78,-24,-16,-17,-17,-41,-13,-9,-31,14,-1,1,-5,-13,-1,-1,-20,-17,14,-12,-10,-18,2,-16,0,-1,-22,-3,-18,-15,7,-14,-3,-12,-20,-2,-18,-21,-12,4,-11,-34,25,-30,1,-29,13,-34,-32,-100,13,-16,15,-4,6,-14,15,-83,-6,-17,-10,-11,-49,-10,-130,7,-19,-4,-22,-31,-9,-31,-21,-19,-37,3,-10,7,-50,74,-36,8,-41,-15,-10,-28,-23,-30,-48,-16,-86,-1,-3,0,-89,85,-36,48,-44,91,-17,69,-40,-1,-34,20,-24,-16,-50,-17,-103,7,-28,-56,-29,-14,-58,-6,-9,16,10,94,-10,45,-6,8,-12,17,-14,8,-2,1,-16,10,-76,70,-84,13,-8,7,-26,56,-19,14,-9,54,-16,21,-61,14,-52,72,-59,63,-29,-1,-13,-9,-21,-50,0,-18,-23,-17,1,-53,-8,-47,-13,-21,-30,-15,-5,-37,-19,-12,-45,-8,-78,-33,-7,-27,-22,-12,-22,-53,-52,-56,-23,8,-17,18,-25,0,-30,13,-30,-7,-42,15,-19,-3,-37,-28,-14,-4,-39,-2,-61,18,-18,-6,-21,3,-66,-14,-13,-29,-14,-12,-56,-11,-27,-31,-31,6,-19,-6,-33,-88,-26,-16,-9,-59,6,-23,-8,-33,-40,-23,-12,-15,-13,0,-6,-22,-12,-10,8,-18,-17,-24,-14,-38,41,-44,3,-10,-18,-37,-30,-29,-46,-13,-39,12,-25,-31,-45,-26,-32,-1,-27,15,-52,3,-39,-44,-6,-40,-54,-51,-25,-62,-18,-23,-53,-39,-29,-33,-53,-23,-111,-13,-86,-23,-47,-28,-47,15,-27,-4,-15,-12,-22,-47,-125,-109,-67,-24,-77,8,-93,-21,-45,1,-53,17,-1,-47,19,-18,22,-8,7,-18,-2,-16,-21,-16,-93,-32,-34,-40,-11,-26,-1,-16]],[[1057713,194033,113,-89,43,-114,49,-281,183,-334,27,-145,-210,137,24,-98,43,-109,22,9,2,-5,50,18,49,-26,-14,-136,3574,-985,-99,1140,1122,1096,-2416,4734,-24,827,-9,164,13,54,31,61,28,31,8,5,-3,5,-67,0,-54,-132,-115,-125,-439,-382,-88,-98,-53,-130,-8,-22,0,-95,71,-156,2,-96,-210,-273,-37,-149,2,-280,-34,-118,-31,38,-105,99,-64,-104,-142,-96,-273,-141,63,-75,133,59,285,29,134,55,-55,-132,-180,-230,-38,-156,-63,-69,-142,9,-141,-11,-64,-131,-46,-164,-225,-335,-76,-159,-18,-156,-2,-277,-49,-113,-14,224,-137,30,-130,-95,9,-159,39,70,73,83,24,58,52,-91,26,-99,5,-107,10,-46,43,-5,3,-363,0,-9,-112,-759,47,-376,-142,74,-137,-273,-136,62,0,-62]]]
1562798	n	105.4329,18.5521,105.7577,18.895	[[[1054329,186700,12,-222,34,-219,57,-215,16,-42,29,1,13,18,104,-10,1,19,38,4,17,19,35,3,45,18,36,2,-1,65,18,2,37,-12,40,-3,61,-22,98,3,24,-6,20,-16,-5,-18,17,-6,12,-32,12,2,32,-33,20,-8,10,-27,-6,-20,1,-38,19,-34,7,-32,36,-46,17,-15,13,4,7,-24,10,0,7,-39,19,-38,13,-11,5,-63,75,-22,33,-40,45,-26,15,15,20,-2,8,6,16,31,87,23,117,11,3,-24,21,-1,33,20,54,-13,20,29,-4,18,8,7,-1,16,29,28,10,42,37,-4,23,10,2,14,34,24,0,-13,68,12,102,2,2,-36,20,-36,75,-24,129,70,235,97,32,-4,30,-11,39,-26,50,-8,18,3,6,5,33,26,45,84,17,48,-1,161,-8,76,18,81,15,24,20,13,17,7,67,4,37,58,45,117,28,133,18,27,37,34,74,28,69,-5,112,-38,68,-4,12,3,24,84,30,207,-6,67,-48,158,-52,48,-44,65,17,46,-12,21,-15,57,7,41,40,56,57,41,55,150,-56,143,-110,153,-209,220,-74,27,-174,-16,-66,19,-29,47,-58,126,-49,107,49,-6,49,-5,80,-39,58,-66,42,-89,137,142,0,63,-221,62,-145,83,-101,58,-216,178,-18,23,-227,-32,-226,-54,-219,-75,-210,-95,-200,-114,-187,-132,-172,-149,-156,-165,-139,-178,-120,-190,-99,-201,-78,-209,-57,-215,-34,-219,-12,-222]]]
12382296	p	1566083
1572151	n	108.9602,12.0767,109.3489,12.4118	[[[1089602,122400,11,-222,33,-219,55,-215,76,-209,96,-201,116,-190,135,-178,23,-26,1671,-146,3,16,-14,37,-47,39,-127,234,135,175,94,-118,89,-395,180,-15,-31,330,12,85,115,109,41,88,-51,117,-75,90,-15,41,4,33,-19,68,-16,132,-52,78,-138,70,3,-6,-66,-62,39,118,103,22,263,-72,-72,107,-86,102,-42,117,64,152,-196,118,-91,74,-56,87,55,-39,225,-97,98,269,38,66,63,0,115,-53,59,55,-2,88,-127,83,-81,88,-71,104,-29,85,-7,218,-26,156,-2333,-609,-45,-123,-55,-215,-33,-219,-11,-222]],[[1092453,122213,93,-102,147,-124,183,-97,198,-18,-17,42,-10,6,-13,-1,-29,21,86,37,75,-2,64,-37,54,-66,51,24,109,74,45,38,-27,66,-41,58,-58,48,-79,33,-369,70,-183,72,-4,-107,4,-35,-68,22,-144,25,-67,21,0,-68]],[[1092592,123922,130,-245,102,-118,150,-49,117,91,66,168,68,92,121,-140,75,68,-75,68,114,106,-93,138,-24,17,-751,-196]]]
1585330	p	1566083
1904564	p	1566083
1565019	p	1566083
1568574	n	109.0085,13.62,109.3074,13.9285	[[[1090085,136892,76,-158,116,-190,136,-178,152,-165,1,-1,1666,0,-76,37,-55,71,11,162,73,0,76,-151,105,-119,125,0,-15,27,-62,213,-24,198,0,276,-19,72,-3,10,-120,225,14,215,92,125,124,93,112,119,-129,23,-66,81,-73,232,-115,-48,12,71,103,188,40,376,28,102,125,111,80,-169,137,-495,-58,-582,24,-107,259,0,83,37,-35,385,69,786,-58,94,-264,209,-88,140,-10,78,-2569,-2393]]]
1562414	n	107.0737,10.3232,107.1692,10.414	[[[1070737,103726,135,-494,134,120,210,307,139,126,212,70,92,56,33,92,-245,137,-248,-127,-405,-103,-57,-184]]]
1583518	p	1566083
1568510	n	104.8765,9.8976,105.2863,10.2361	[[[1048765,101117,246,-144,232,-10,396,96,198,-24,196,-114,394,-370,450,-584,127,-226,67,-214,0,-441,3,-21,1789,159,-478,1947,-718,1020,-205,73,-217,54,-221,32,-224,11,-224,-11,-221,-32,-217,-54,-211,-75,-202,-95,-192,-114,-180,-132,-166,-149,-150,-165,-133,-178,-115,-190,-24,-49]],[[1050061,98976,888,78,-55,145,-27,160,-100,75,-218,-100,-488,-358]]]
1591527	n	106.0421,21.1399,106.3979,21.4961	[[[1060421,213490,1632,-2091,1926,1166,-395,1398,-33,11,-40,-16,-44,51,-1,1,-1,2,-24,-27,-21,9,-6,-18,-8,-2,-1,0,-43,44,-13,26,-34,-3,-23,39,-31,6,-1,0,-2,1,-9,8,-2,2,-2,2,-5,39,23,28,5,16,-1,30,-12,32,25,20,12,67,33,26,-7,36,-29,18,3,47,-7,12,-30,13,-30,-12,-40,-3,-15,-22,-10,-1,-14,12,-17,44,-24,19,-64,-38,-1,-17,22,-30,-5,-10,-43,7,-29,34,-9,-5,-16,-27,-8,-2,-67,61,1,15,19,30,-7,22,-17,-5,-32,-30,-12,-3,-5,46,13,27,1,25,17,34,1,34,-6,22,-34,19,20,50,-22,10,-222,75,-31,7,-3,-1,-71,5,-18,-16,-21,-36,-11,-3,-6,8,14,10,3,12,-41,16,-25,47,-20,5,-234,32,-236,11,-236,-11,-234,-32,-230,-54,-50,-17,-729,-1357]]]
1573517	n	106.0116,20.2055,106.2884,20.6076	[[[1060116,204200,1957,-2145,195,27,228,54,221,75,167,74,-509,3790,-1851,-1019,-408,-856]]]
1586896	n	107.8098,12.4439,108.2702,12.8961	[[[1078098,126700,11,-222,33,-219,55,-215,76,-209,97,-201,116,-190,135,-178,151,-165,168,-149,181,-132,194,-114,204,-95,213,-75,219,-54,223,-32,226,-11,226,11,223,32,219,54,213,75,204,95,194,114,181,132,168,149,151,165,135,178,116,190,97,201,76,209,55,215,33,219,11,222,-11,222,-33,219,-43,167,-1833,1586,-46,40,-110,16,-226,11,-226,-11,-223,-32,-219,-54,-213,-75,-204,-95,-194,-114,-181,-132,-168,-149,-151,-165,-135,-178,-116,-190,-97,-201,-76,-209,-55,-215,-33,-219,-11,-222]]]
1566319	n	105.7316,21.525,106.0888,21.8161	[[[1057316,215446,2302,-195,897,197,-2,3,16,17,18,40,-8,13,-27,5,-10,11,-5,30,-20,21,-15,-6,-17,19,-37,4,-14,-4,-25,11,-16,-15,-5,6,-15,-1,-24,19,3,11,25,13,-13,24,5,7,4,-7,8,11,-8,13,-1,21,17,4,10,13,57,24,45,44,17,1,13,12,13,48,18,25,-6,35,32,45,24,63,29,12,72,6,32,51,53,29,28,54,64,20,38,19,-19,122,-58,215,-80,209,-101,201,-122,190,-141,178,-159,165,-176,149,-190,132,-203,114,-215,95,-223,75,-230,54,-234,32,-237,11,-237,-11,-234,-32,-175,-41,-538,-2631]]]
1562820	p	1581130
9645085	p	1566083
1565022	p	1566083
8616121	p	1581130
1588060	n	106.3946,10.9786,106.8279,11.3136	[[[1063946,112492,1452,-2706,1096,93,1785,1829,-1,14,-33,219,-55,215,-75,209,-96,201,-61,100,-3535,470,-42,-37,-150,-165,-134,-178,-116,-190,-35,-74]]]
1564064	p	1581130
13405933	p	1581130
9645084	p	1566083
9871722	p	1581130
1594308	n	108.8787,13.6878,109.2654,14.1161	[[[1088787,138900,11,-222,33,-219,55,-215,77,-209,97,-201,116,-190,136,-178,152,-165,168,-149,183,-132,194,-114,61,-28,15,14,2569,2393,-127,1041,-182,478,-154,90,-206,95,-213,75,-221,54,-224,32,-227,11,-227,-11,-224,-32,-221,-54,-213,-75,-206,-95,-194,-114,-183,-132,-168,-149,-152,-165,-136,-178,-116,-190,-97,-201,-77,-209,-55,-215,-33,-219,-11,-222]]]
8616127	p	1581130
1572532	n	105.6493,19.286,105.8193,19.5486	[[[1056493,194874,1260,-1956,70,25,62,14,100,43,-43,109,-24,98,210,-137,-27,145,-183,334,-49,281,-43,114,-113,89,0,62,136,-62,137,273,142,-74,-47,376,112,759,0,9,-591,110,-93,-22,-220,-75,-211,-95,-200,-114,-188,-132,-173,-149,-24,-25]],[[1058009,193004,42,-132,43,-12,14,136,-49,26,-50,-18]]]
8531735	n	103.8563,10.0086,104.071,10.3261	[[[1038564,103261,10,-52,129,-128,382,-191,287,-229,198,-323,267,-750,135,-843,134,-440,203,-89,39,-48,153,-82,10,3,-31,164,-38,108,-2,121,73,211,-178,267,131,551,244,608,-2146,1142]]]
8616118	p	1581130
8616113	p	1581130
1591449	r	105.8806,20.9693,107.0336,21.6263	[[[1058806,213380,9,-23,35,-25,34,-64,39,-6,58,6,12,-16,0,-3,4,-6,-4,-21,-1,-69,-18,-59,11,-31,43,-33,53,-14,26,6,63,35,10,-16,-21,-72,10,-21,16,-6,43,-2,69,12,14,-5,3,-5,3,-2,1,-4,0,-7,-11,-15,-37,-10,-39,-32,-5,-91,4,-73,17,-32,51,-63,40,-77,45,-57,6,-28,-7,-12,1088,-1239,1476,0,111,-1236,-54,-114,-309,0,1,-2,-62,-93,37,-38,-2,-14,8,-10,75,58,25,3,47,32,35,0,15,11,2,12,31,-18,23,1,76,27,13,4,9,9,28,2,43,14,15,14,18,3,20,23,57,12,-6,51,7,7,46,-16,36,5,13,-20,13,7,6,18,14,2,27,-10,5,-13,17,4,21,-21,22,11,20,-17,13,70,32,-15,31,4,1,-1,2,0,40,-36,12,-3,9,-24,27,1,0,-1,2,0,6,-8,8,-9,7,-2,28,-2,9,2,33,31,1,0,3,2,15,2,-9,71,2,7,0,5,3,7,5,17,24,34,33,30,143,97,11,12,8,22,2,17,-22,99,8,47,61,81,102,98,7,37,-65,119,-12,46,-9,116,-57,157,-12,52,2,12,-1,5,4,17,4,25,4,10,3,14,26,47,60,49,43,13,34,26,44,47,41,94,11,30,6,50,-25,66,-39,72,-29,32,-17,31,-25,69,-2,56,4,14,0,5,6,20,14,22,9,7,3,4,1,0,4,2,115,-4,-20,-73,32,-18,21,-20,25,-1,15,-67,26,-3,9,-15,20,-8,14,7,17,-1,48,-61,-6,-8,5,-5,19,27,-33,42,3,13,38,-2,46,-17,36,16,17,-9,35,-6,19,12,31,8,-17,8,-6,48,29,20,19,-14,17,18,-15,23,9,5,31,49,6,61,40,13,43,-8,32,6,61,36,17,29,53,-3,14,-6,15,26,60,15,3,0,29,20,20,-5,28,81,14,68,7,7,49,3,15,65,-4,6,22,7,1,-1,1,1,32,-8,22,7,36,-27,30,-2,51,6,33,23,57,-8,31,24,32,-36,18,-4,22,-17,18,0,20,-11,37,22,16,0,27,19,58,-16,66,3,15,19,4,53,3,5,1,4,1,-1,1,0,5,-7,3,-48,25,-34,27,2,32,-7,19,-28,16,-3,-1,-2,39,-12,20,-14,48,4,33,25,39,9,45,-6,45,-23,17,-27,4,-23,22,-17,29,-96,54,-97,7,-36,13,-9,37,-10,19,14,82,21,25,-15,19,0,24,-18,12,-22,20,-3,99,33,44,3,13,-6,4,-2,12,-20,20,-2,15,-10,28,-40,2,-11,-22,-26,3,-22,163,15,26,-24,9,-23,-5,-7,5,-18,29,-17,17,7,38,-4,25,9,49,-12,40,1,22,14,35,-12,33,-35,24,29,3,26,-5,29,-25,26,35,25,27,-19,24,2,19,-33,48,-25,34,7,24,-11,23,-1,16,-11,77,-11,13,-10,77,5,13,-8,20,-33,18,15,23,8,3,-10,40,0,34,17,32,6,31,-31,15,0,11,-1,36,15,36,-39,25,-21,13,-2,10,-14,29,11,35,2,-8,-12,4,-8,7,-7,29,-2,85,24,57,-31,40,-11,11,-17,20,13,15,-9,13,6,25,-7,13,6,49,-13,28,12,45,0,30,-6,17,-27,16,-6,205,-26,41,1,31,8,27,14,29,28,84,-11,70,25,39,-15,45,-5,32,-18,14,-2,11,2,-2,7,-35,39,-38,69,-1,99,10,35,-15,46,14,42,-5,20,55,-15,107,-9,40,6,31,18,42,5,27,-9,14,-13,10,-74,31,-35,54,-2,32,-15,28,-1,68,85,25,11,29,-3,69,-41,122,40,97,4,18,7,61,-49,11,-24,29,-31,39,-27,56,-22,23,36,33,-1,15,17,25,50,2,37,17,30,4,27,40,5,28,10,11,10,-4,33,13,35,-9,24,6,57,26,30,34,14,38,61,0,18,15,22,14,44,41,-4,54,25,-21,33,17,34,-9,57,40,47,6,71,34,63,0,24,-16,40,0,19,-17,19,-25,2,-32,26,-19,46,6,48,-7,20,-19,21,27,19,17,22,30,5,11,8,26,30,77,15,13,-10,69,20,47,-17,25,26,41,-9,24,28,48,23,23,-5,10,18,30,27,14,1,5,37,37,14,34,61,-6,15,10,30,-7,11,5,11,-13,31,-74,38,-4,17,-25,10,10,21,-1,16,-7,14,-19,7,-12,17,-13,7,4,38,-41,9,-46,31,-6,12,-69,13,-39,57,-56,12,-28,-1,-20,26,2,26,21,13,11,23,0,78,21,25,1,13,-23,72,-29,29,2,35,-22,60,-5,42,31,27,28,39,-12,38,3,18,65,47,35,4,23,11,11,20,-7,17,-36,30,-16,3,-32,38,-25,-2,-10,15,-2,46,-30,18,-11,16,-32,-9,-31,4,-21,-6,-15,-18,-24,8,-21,-18,-12,5,-24,-4,-19,-13,-9,-27,-42,-42,-2,-10,-23,-17,-41,-16,-31,0,-22,19,-15,48,-25,12,11,17,-6,10,-17,8,-28,-4,-13,10,-15,-22,-28,-19,-15,4,-29,-45,-35,-17,2,36,18,43,-8,11,-4,19,6,8,-7,22,-24,17,-28,-23,-5,-12,-28,-15,-8,-30,-29,-23,-25,-12,-35,11,-25,46,-25,2,-10,24,-26,29,-39,15,-23,19,1,34,-18,-2,-34,44,10,79,54,22,43,86,-12,18,-89,48,-1,36,-25,12,-7,29,15,22,3,23,-13,12,-15,-1,-73,37,-118,32,-151,-18,-12,12,-1,33,-55,-52,-4,-4,-33,93,-12,15,-24,14,2,42,4,9,7,15,58,6,36,28,9,7,-3,58,16,19,18,7,35,-32,21,-2,56,60,0,56,-15,20,-39,13,-17,19,-12,-5,-15,11,-28,1,-18,18,-9,40,3,19,-19,29,2,27,-48,67,-52,2,-62,21,-27,-5,3,-10,-13,-4,-41,20,-25,5,-24,-2,-80,-28,-53,-3,-68,25,-5,20,-14,13,-43,12,-15,26,-27,15,-13,16,-9,50,-133,-51,-47,2,-37,9,-51,-26,-38,-45,-1,-16,0,-1,-2,-26,14,8,6,-4,2,-18,11,-14,-11,-18,18,-5,-1,-18,19,-5,-16,-15,-11,10,-5,-6,0,-8,18,-16,-19,-13,15,-13,0,-9,-27,-1,15,-15,0,-12,-30,-35,-37,-6,-30,16,-61,0,-34,14,-48,10,-3,2,-7,6,-2,41,-40,26,-30,35,-42,6,-12,12,-24,8,-23,23,-24,-4,-19,11,-18,-2,-30,35,-15,35,-58,37,-10,18,13,58,25,37,-10,50,9,49,1,4,-44,25,-70,19,-20,25,-33,9,-27,17,-58,7,-25,14,-48,44,-20,-21,-36,-22,-16,-2,-28,18,-43,-30,-37,1,-44,27,-28,3,-23,-28,-69,-29,-98,18,-13,32,-93,21,-22,-22,-41,-21,-54,-2,-17,-9,-22,-2,-17,-23,-47,-6,-23,9,-4,-17,-55,9,-28,10,-54,5,-59,16,-18,-39,-46,-35,-29,-13,-47,-3,-1,-2,-16,-20,-33,-20,7,-43,-3,-17,-37,-44,-47,-21,-5,-21,-17,-16,4,-28,-65,-68,-32,4,-12,-5,-36,-48,-10,-51,8,-27,-16,-28,3,-33,-42,-90,-32,-32,-42,-9,-68,-70,-5,-20,7,-26,58,-78,40,-86,36,-37,-24,-26,-14,-27,-52,-50,-22,-31,-7,-3,-7,13,-11,2,-52,-33,-31,-10,-10,4,-43,-9,4,-6,-18,-39,2,-40,-43,-34,5,-17,-20,-28,12,-41,-39,-43,3,-17,-13,-27,1,-20,-9,-32,-34,-10,-25,10,-37,-6,-17,-31,4,-23,-20,-26,-43,-31,-32,7,-16,-3,-23,14,-30,-2,-24,9,-13,-8,-17,-25,-55,3,-11,6,-35,58,-15,9,-36,-15,-10,-32,-13,-11,-58,22,-86,-27,-17,-13,-25,-37,-34,-9,-42,-24,-14,-27,32,-65,57,-22,14,-22,0,1,1,-2,1,-2,0,-30,-1,-31,0,-3,-3,-3,-23,-22,-39,-4,-39,-15,-37,18,-11,-9,-47,2,-81,-80,-48,-10,-52,-27,-15,12,-37,-2,-53,45,-30,-14,-19,-19,-28,2,-7,2,395,-1398,-1926,-1166,-1632,2091,729,1357,50,17,230,54,234,32,236,11,236,-11,234,-32,21,-5,-19,36,-81,1,-47,-13,-33,26,-20,-6,-88,14,-49,31,-99,19,-34,35,-120,37,-57,0,-65,37,4,52,-9,42,7,65,17,65,-25,38,-3,32,31,67,-18,40,3,34,-10,43,16,44,-5,28,7,50,-21,24,-4,16,35,105,1,38,-13,35,18,20,49,11,23,34,38,10,29,17,-110,57,-42,68,-73,83,-29,15,-50,-24,-41,1,-48,-18,-38,5,-48,-30,-18,-19,-81,-19,-102,7,-20,21,-44,6,-29,23,-59,0,-21,31,-55,-3,-16,-18,-24,-1,-51,-25,-64,-20,-28,-54,-53,-29,-32,-51,-72,-6,-29,-12,-24,-63,-32,-45,6,-35,-18,-25,-13,-48,-13,-12,-17,-1,-45,-44,-57,-24,-10,-13,-17,-4,1,-21,8,-13,-8,-11,-4,7,-5,-7,13,-24,-25,-13,-3,-11,24,-19,15,1,5,-6,16,15,25,-11,14,4,37,-4,17,-19,15,6,20,-21,5,-30,10,-11,27,-5,8,-13,-18,-40,-16,-17,14,-19,-4,-32,15,-14,-28,-51,-22,-6,-49,-116,2,-29,-30,-22,9,-19,30,-8,-5,-25,10,-30,-31,-102,-40,-53,-8,-22,22,-21,2,-14,55,-28,36,-41,-16,-31,-38,-33,-24,2,-9,-24,37,-75,34,-11,7,-16,24,0,9,-7,-15,-57,-14,-7,5,-38,-12,-87,-25,-10,-52,1,-21,-25,-23,13,-39,-14,-65,-63,44,-54,17,-92,20,-33,5,-56,-29,-12,-11,-21,-3,-31,-24,-26,2,-23,19,-28,-65,4,-28,10,-4,42,-20,32,-23,5,-22,-7,-28,16,-14,23,-16,-9,-16,9,-18,-1,-84,-19,-17,11,-6,29,-26,16,6,22,-5,5,-11,-3,-29,15,-20,-33,-20,22,-25,10,-18,-1,-23,40,-19,16,-19,6,-3,27,-14,6,-14,32,-12,9,-9,20,6,16,-28,50,-19,9,-20,-6,-4,-16,-22,-14,-8,-13,-1,-20,14,-61,-31,-89,-12,-19,15,-51,29,-38,0,-19,-15,-17,-30,5,-2,10,14,10,2,14,-13,15,-15,7,-18,-25,-30,-14,-34,-28,-21,10,-15,-5,-11,-39,45,-46,7,-18,-16,-76,1,-48,-34,-50,-16,-13,-16,-3,-60,18,-55,5,-31,13,-23,-3,-35,-22,-39,38,-17,3,-20,-17,-15,-26,-28,-81,-43,-76,-43,-26,-13,-20,8,-14,31,-9,48,27,40,2,10,-8,-5,-19,-47,-48,-59,-19,-38,1,-55,32,-13,0,-26,-41,-40,-43],[1065339,213927,7,34,15,23,-8,12,16,18,7,-3,4,17,13,4,-13,22,-12,7,1,18,13,6,27,-11,35,4,15,9,17,-13,27,-1,2,-7,22,-15,10,-25,17,-15,12,-2,7,-11,29,1,16,-4,10,-10,18,0,-5,30,-14,16,29,34,18,5,7,10,9,-2,6,14,15,-5,28,47,-27,128,15,81,26,1,15,-20,12,12,15,1,16,-18,23,5,10,12,11,-10,-5,-6,10,-3,15,5,6,-5,-3,-12,8,-17,13,21,28,22,10,-11,21,2,31,-15,14,-19,49,-24,18,24,-5,19,8,10,-5,12,10,-1,14,11,29,-35,12,2,-6,-10,3,-9,17,4,2,-5,15,11,9,-2,-6,-43,-22,-25,-6,-25,91,-2,12,-17,18,-10,-21,-10,2,-8,12,-2,3,-19,23,-21,5,-29,16,-22,-4,-10,9,-7,-16,-52,-12,-1,15,-7,-11,-23,18,1,-17,-11,-3,-10,11,-3,-3,-12,10,-2,-12,-12,9,-2,-7,-11,10,-9,-14,-15,2,-20,-19,-2,4,-7,-9,-12,6,-7,-18,1,3,-32,-6,-5,-11,9,-13,0,-13,-10,-2,-12,-10,4,1,-37,-13,8,1,-8,-9,-2,-4,17,-10,-9,-5,6,-12,-30,-28,0,-26,-18,-24,-28,-28,-67,-24,-27,-35,-7,-54,32,-66,27,-151,5,-54,17,-19,0,-43,-21,-23,-23,-10,-30,0,-54,-30,-14,-46,-34,-13,-46,-42,-12,-50,1,-12,10,-9,27,22,34,1,18,10,8,-1,28,9,5,-4,6,14,2,18,35,-3,49,141,40,-43,16,3,23,-10,24,-16,-4,-13,9,-40,-17,-22,10,-23,33,5,8,-11,1,-1,23,-11,1,4,10,-20,18,6,17,-28,24,-4,10,12,11,-7,14,-7,-10,-1,15]],[[1062569,214871,31,-7,222,-75,23,-10,3,8,-7,30,16,36,-5,26,28,34,-36,-6,-42,2,-62,28,-15,-4,-39,-32,-37,15,-18,1,-21,-11,-15,-21,-26,-14]]]
1570357	p	1566083
1575627	n	105.2117,10.3033,105.5536,10.6088	[[[1052117,103900,11,-222,27,-180,2123,-465,156,29,42,-15,39,36,4,-14,1017,710,-913,2309,-1473,-302,-454,-436,-176,-170,-18,-24,-116,-190,-95,-201,-76,-209,-54,-215,-33,-219,-11,-222]]]
1588129	n	105.289,20.9249,105.5363,21.1836	[[[1052890,211570,88,-122,118,-131,103,-181,3,-20,-11,-99,-23,-82,-44,-77,-110,-146,-69,-152,0,-64,15,-96,15,-43,49,-70,24,-66,14,-14,81,-46,21,-22,34,43,9,-7,-2,8,16,8,-1,6,-16,6,27,4,1,-6,6,2,5,13,23,-1,8,22,15,4,24,-12,-1,-18,-10,-6,4,-9,-6,-13,-12,-9,-1,-9,-8,6,-12,-7,2,-18,8,-8,-10,-7,5,-9,-9,-12,-9,1,-4,-11,9,2,-4,-5,9,-2,1,-8,13,4,17,-11,13,2,1,5,32,0,11,7,-16,8,48,18,5,15,38,-8,34,3,18,12,14,-15,12,-29,17,-17,13,-7,39,11,77,38,92,13,57,62,75,46,2,-27,-11,-18,2,-22,43,-27,26,-8,-14,-20,-4,-49,15,-44,63,-30,20,1,16,-19,42,6,20,10,29,-11,12,-17,5,9,12,-5,7,10,11,-8,13,2,7,-12,-10,-16,6,-6,-8,-17,21,-21,13,-28,-3,-22,6,-6,0,-15,70,-20,1,-15,14,-21,4,-44,63,-57,27,-1,27,-34,20,-78,91,-31,23,-22,23,-10,17,-24,59,-19,16,3,15,16,20,9,76,1,24,-17,2,-10,32,-27,39,-49,10,-16,-3,-14,23,-14,37,-8,48,-27,31,-1,8,-9,320,-46,10,8,-1278,2579,-1145,-107,-8,-9,-24,-61,-18,-89]]]
1568770	r	107.3354,13.9217,109.4632,15.7973	[[[1073354,141150,11,-23,-4,-55,14,-10,48,13,22,-5,22,-27,46,-37,4,-21,16,-12,-1,-36,39,-59,52,-1,29,-7,20,-35,116,-21,29,-14,11,-14,3,-41,-15,-30,-7,-40,-19,-26,-20,-6,-81,19,-24,-7,-16,-20,-3,-25,14,-50,-22,-54,12,-38,9,-64,-2,-57,-14,-31,-58,-24,-11,-13,5,-114,41,-13,36,-20,77,-91,13,-25,115,-117,11,0,11,8,42,-1,22,11,11,14,13,2,40,-32,30,-5,18,7,12,-2,14,5,30,30,119,13,7,20,21,6,-1,9,10,10,17,-16,-7,-15,18,-3,11,-26,35,15,20,21,24,-1,40,9,14,-22,5,-58,8,-18,23,-14,45,-59,28,-2,7,-6,-16,-100,11,-82,-20,-126,-2,-184,9,-20,33,-20,4,-42,9,-8,3,24,19,21,1,27,9,17,75,38,8,13,5,44,-15,118,7,16,33,20,25,42,69,2,48,11,77,60,26,-3,93,81,41,83,9,9,122,-18,16,7,5,28,-49,194,-7,69,12,15,22,7,29,-15,42,3,46,-21,47,-1,40,31,26,80,34,35,14,5,11,-3,43,-43,39,7,42,-3,31,-14,17,-24,15,7,13,-6,86,5,14,8,8,23,10,5,36,-28,10,1,96,75,20,24,5,33,-9,62,7,63,31,33,70,33,20,37,3,65,9,14,22,-2,96,-74,50,-20,21,-1,17,8,69,82,65,28,16,15,8,35,0,58,58,66,8,23,-25,48,-57,64,-4,24,17,28,52,7,18,13,4,112,21,54,4,85,40,89,0,21,-36,73,-5,29,2,68,-25,45,-2,39,43,58,36,28,42,22,42,79,30,35,19,52,-9,52,3,29,31,49,19,5,12,46,22,40,14,65,29,-4,50,-37,34,-14,75,14,70,-32,32,-1,40,14,44,0,57,-16,90,-52,71,-9,67,-37,50,-15,23,3,14,16,0,87,72,24,30,37,14,-4,32,-25,8,24,13,4,24,57,12,12,27,-9,20,-31,10,-5,26,-1,22,10,33,-23,18,2,77,-73,62,6,15,11,25,-6,37,44,1,14,-11,20,14,31,7,4,15,-7,9,9,-70,92,-116,190,-98,201,-76,209,-56,215,-33,219,-11,222,11,222,33,219,56,215,76,209,98,201,116,190,136,178,153,165,168,149,183,132,195,114,206,95,214,75,221,54,225,32,227,11,227,-11,225,-32,221,-54,214,-75,206,-95,195,-114,183,-132,168,-149,153,-165,136,-178,116,-190,98,-201,76,-209,56,-215,17,-114,3,2,26,22,34,14,24,-7,9,-24,17,-5,18,-20,70,-2,48,-31,57,7,53,-19,35,13,23,17,37,-9,31,11,42,2,46,18,3,31,-7,48,-39,50,-6,22,58,98,8,30,11,6,27,-3,54,33,50,96,47,27,17,32,18,10,22,28,14,123,15,17,8,20,17,1,16,10,311,327,24,27,5,25,17,7,6,24,16,6,4,16,15,5,7,18,41,37,7,14,21,8,34,-2,12,12,23,104,-6,42,-66,33,-47,4,-23,17,-3,30,35,55,8,27,-1,58,-59,72,-3,20,-20,8,-67,49,-3,12,8,10,-24,52,6,90,15,12,82,32,8,15,2,30,13,40,24,37,18,12,11,24,12,7,112,13,54,-24,20,32,9,-19,74,-33,37,-50,31,-32,24,-64,8,-63,39,-64,69,-35,109,-85,61,-36,15,-5,31,5,137,-26,200,-64,145,-23,55,2,34,18,25,3,80,56,76,16,29,20,48,4,7,9,-2,22,12,9,-6,34,16,32,-6,11,5,23,-3,21,40,92,53,29,34,38,40,18,22,-13,13,-26,18,-3,27,8,38,-7,12,8,37,-27,4,-14,21,-21,36,-4,21,-16,9,-15,-2,-28,8,-9,33,-19,39,2,24,-28,29,-1,15,-16,48,-4,43,-36,-6,-13,-17,-12,12,-9,2,-25,18,1,-15,-99,22,-29,24,-13,17,-26,1,-14,22,-26,37,-23,16,13,15,1,17,-26,26,28,20,12,5,34,-10,17,12,17,25,-3,7,-10,68,30,-5,33,22,24,25,6,19,-7,43,-36,28,6,12,24,-8,38,16,39,-25,46,-9,32,33,11,21,15,34,8,20,18,29,9,70,50,49,25,68,13,44,40,2,35,-20,24,55,68,52,-32,18,-34,30,8,67,49,52,97,-12,65,12,11,30,5,18,-4,-20,-49,43,-43,34,-20,36,-10,21,-34,36,-17,34,0,22,-27,27,-17,29,-4,30,-28,12,-1,23,20,1,41,8,5,42,-27,27,-6,49,11,35,1,17,8,16,42,38,17,-2,27,-16,32,-3,131,6,13,36,22,8,60,0,23,-18,51,7,69,-14,28,8,18,-2,26,-9,40,-15,21,-5,61,-22,42,28,34,10,31,34,2,6,31,20,20,25,-7,9,-5,-57,75,-118,190,-97,201,-77,209,-55,215,-34,219,-11,222,11,222,34,219,55,215,77,209,14,30,1906,974,52,-173,630,-1408,-201,-22,47,-60,223,-86,43,-89,202,-295,65,-63,373,-478,53,-142,90,-479,-84,39,-61,62,-42,81,9,-131,38,-552,-116,-67,-157,-72,8,-1,20,-69,36,-49,44,-2,23,-11,39,-54,109,-66,3815,270,-1079,8060,-69,313,-120,299,-167,276,-210,248,-2751,2725,-2845,-3980,-36,-66,-89,-114,3,-41,-65,-37,-77,-28,-55,3,-60,16,-17,-20,-45,-6,-6,-8,-29,-11,-45,6,-12,-9,-69,-17,-5,17,-16,5,-15,-6,-37,-36,-61,15,-16,10,-20,30,-17,-30,-14,-11,-30,4,-7,12,-42,-4,-14,-7,-46,17,-33,2,-18,-41,-60,-15,-21,-36,-22,-12,-36,-4,-44,-22,-46,-5,-21,-16,-38,5,-46,-13,-41,3,-8,-16,7,-46,-10,-7,-129,-22,-14,-14,-13,19,-15,7,-30,2,-76,-28,-50,-34,-89,-45,-22,1,-42,20,-34,-15,-29,9,-25,-3,-15,-34,-37,-30,-27,-4,-25,16,-29,-48,-53,-50,-50,21,-83,8,-56,35,-23,-2,-47,-24,-13,-22,-9,-38,-33,-38,-47,-27,-28,-31,-22,-8,-43,3,-18,13,-11,18,-21,-13,-95,0,-19,-10,-107,17,-20,-5,-32,21,-92,2,-15,9,-9,21,-7,51,-14,45,-15,8,-19,0,-24,-5,-5,-7,-9,-52,-23,-49,-78,-78,-11,-3,-22,11,-24,2,-43,23,-40,-11,-3,-37,9,-44,-16,-6,-96,-21,-15,18,-21,11,-79,24,-23,-4,-131,-64,-12,-22,-96,21,-36,-7,-61,11,-23,10,-20,-1,-30,-12,-79,33,-42,2,-42,13,-21,-4,-41,-26,-45,-71,-103,-75,-3,-52,31,-14,19,-26,10,-64,-32,-101,-29,-26,-63,-26,-24,-54,-11,-11,-24,-15,-41,-2,-23,-13,31,-68,45,-23,10,-14,-30,-40,-4,-20,54,20,38,-3,39,-22,70,-3,-2,-19,19,-19,-17,-73,-25,-57,-44,-27,-22,-24,-86,-24,29,-47,24,-23,14,-6,36,2,34,-20,1,-23,12,-20,-27,-23,-13,-37,35,-37,24,-43,-15,-28,-30,-1,-21,-15,-15,5,-30,-22,-34,-59,-20,-11,7,-29,-33,-14,-4,-29,-21,2,-11,-5,8,-36,-10,-20,-14,-6,-3,-28,-34,-2,-17,-11,14,-9,0,-11,13,-13,-8,-15,-34,-14,8,-13,-4,-17,4,-25,-17,-11,-2,-11,-29,3,-14,-23,-48,-26,-24,-55,-41,-28,-5,-54,23,-49,-7,-37,8,-44,-16,-28,-19,-11,9,-15,-215,-84,-482,-319,-20,15,-20,27,-49,23,-20,18,-67,17,-37,-21,-20,-1,-19,12,-25,-12,-16,-17,-15,-35,-53,-34,-18,-2,-9,-11,-2,-32,-24,-10,7,-20,47,-61,0,-14,-19,-25,0,-9,10,-27,14,-16,-319,-211,377,-360,37,16,-38,-17,-22,-20,-6,-18,-59,-51,-113,-7,-50,-32,-38,2,-21,14,-43,2,-46,-11,-64,-45,-24,-6,-21,-27,-123,14,-25,-10,-43,-4,-13,21,-3,22,6,69,-44,39,-61,18,-26,3,-50,-16,-57,16,-163,237,-194,55,-35,1,-19,17,-49,23,-17,-14,-70,-32,-16,26,-37,21,-29,-3,-16,-11,-38,-2,-28,-21,-19,1,-8,13,-27,16,-7,18,-28,31,-3,32,-41,4,-19,13,-30,10,-21,-1,4,13,-4,6,-16,5,-7,20,-46,45,-21,69,-31,51,-10,37,3,58,6,8,-14,20,-27,16,-11,19,2,31,-32,24,17,11,21,36,23,6,23,32,33,18,9,11,42,0,66,34,6,58,13,28,-8,30,-26,42,86,32,31,52,37,25,16,67,7,10,-5,14,14,5,9,26,-1,22,45,61,47,28,9,30,-29,8,-17,28,-2,18,3,12,22,13,-4,38,19,26,6,28,16,12,0,23,6,7,-34,20,-15,49,-7,66,-46,7,-33,-5,-20,14,-10,-1,-22,11,-51,76,-18,-4,-42,13,-39,-2,-29,17,-27,-7,-33,37,-120,28,1,17,-11,30,5,34,-13,24,-18,22,-22,0,-29,21,-47,6,-36,46,6,46,-26,28,-3,46,-34,25,-66,4,-66,18,-37,-54,-32,1,-17,-6,-25,5,-106,-98,-11,-22,-17,-9,-61,31,-27,1,-27,70,-23,17,-21,47,-42,4,-22,-7,-54,7,-51,-17,-24,16,-37,-3,-41,-12,-15,-16,-50,15,-24,-17,-27,11,-62,4,-39,40,-24,6,-15,22,-20,10,-43,-34,-22,5,-39,-17,-67,19,-26,22,-94,18,-13,14,-34,-11,-44,7,-49,37,-12,3,-13,28,-16,14,-7,42,-30,19,-75,23,-34,-3,-12,9,-16,-8,-10,-19,-28,-26,-40,-15,-12,13,-33,1,-49,-14,-9,18,-17,-3,-12,12,-3,21,14,17,11,-22,6,0,-1,14,13,6,18,30,-5,3,-18,-11,-11,37,-9,5,3,34,-11,37,3,13,-13,15,5,13,-18,2,2,64,-8,6,10,13,-27,14,-8,44,-25,9,24,11,12,14,-4,42,-12,27,12,43,-15,17,2,28,-15,21,14,53,16,15,-8,29,11,16,-19,4,-7,28,33,20,-3,25,-3,6,-90,-4,-53,-22,-20,0,-63,-23,-53,73,-49,28,-11,16,-33,26,-13,71,-26,17,-24,4,-22,34,-51,41,0,52,-24,40,-28,-5,-53,25,-3,27,-23,13,-33,46,1,29,10,27,-6,41,4,15,-15,32,-24,29,-5,18,27,95,-21,59,-26,20,-19,26,-5,38,-13,14,-23,9,-61,52,-32,17,1,20,-16,12,-17,25,-12,38,-38,6,-28,13,-16,-21,-21,-8,-33,0,-3,-15,-50,-38,-4,-22,-10,-5,-10,-23,-16,-17,4,-15,-15,-17,2,-12,-11,-15,2,-29,-22,2,-8,-15,-16,5,-4,-11,-17,-10,-4,-24,-34,-11,-22,-12,-14,-18,-23,-7,-4,-10,19,-35,-2,-15,20,-11,4,-10,22,0,13,-17,-2,-23,41,-25,12,-19,-15,-27,-16,-14,-7,-31,13,-18,-14,-15,-2,-34,5,-7,23,2,10,-6,1,-67,-11,-21,27,-41,-11,-23,9,-25,17,0,25,-10,14,-26,13,-7,9,6,27,-7,15,26,35,-2,6,-4,-1,-24,8,-24,15,-6,8,-17,20,-3,17,-48,19,-6,-14,-63,-29,-20,-65,-2,-4,-39,-33,-56,14,-38,1,-23,-36,-13,-18,-27,-12,-42,3,-35,11,-27,-8,-10,10,-22,-13,-69,28,2,2,-27,16,-18,6,-34,-11,-13,5,-15,-11,-45,6,-32,10,-8,-4,-21,9,-12,-13,-4,-6,-22,17,-15,4,-18,16,-14,10,-21,-1,-48,20,-37,58,9,12,-13,-32,-27,-81,-5,-15,-9,-7,-14,8,-67,15,-18,-1,-18,-17,-23,-10,0,-16,12,-24,-4,-20,-12,-16,4,-10,-17,-39,-23,-19,-25,-16,-6,-4,-12,-31,20,-7,29,-17,8,-3,14,-22,1,-17,-10,-1,-7,14,-44,-11,-8,-8,9,-12,1,-5,-16,-19,-8,-4,-16,-21,13,-9,-9,-19,-5,-2,-8,7,1,5,-9,-10,-7,6,-9,-11,-8,-2,-12,14,8,27,-7,12,10,17,-22,17,-3,23,-37,25,-1,0,-13,18,-7,-3,-23,5,-9,16,-6,13,14,4,-16,11,-10,5,-20,45,-78,32,-27,8,-17,1,-41,13,-10,27,-53,11,-44,30,-25,31,1,39,-25,0,-7,-34,-24,-3,-32,22,-21,-16,-45,-14,-17,-53,-15,-42,-25,-51,17,8,-31,22,-37,50,-32,10,-18,17,-13,8,-46,33,-43,6,-35,-4,-11,-37,-30,-37,-5,-36,-18,-45,-47,-27,-18,-11,-21,-55,-44,38,-50,14,-49,24,-27,52,-81,43,-10,20,-77,45,-76,-69,-53,-27,22,-44,-9,-18,-13,-12,20,-27,13,-26,5,-38,21,-14,-3,-7,-6,-1,-17,21,-30,-24,-9,-34,-50,-2,-28,-17,-18,5,-59,-42,-11,-61,8,-10,11,-4,16,-62,38,-25,-10,-22,4,-106,89,-69,32,-22,4,-23,15,-33,4,-103,-85,-24,-4,-42,-21,-49,8,-12,-56,-12,-13,-5,-21,-107,-50,-39,-37,-48,-17,-32,30,-34,10,-10,-7,-37,2,-110,-29,-11,-10,2,-25,-33,-45,-18,-55,29,-102,17,-22,20,-11,37,-8,-2,-13,-16,-21,15,-23,-98,4,-13,-16,8,-24,21,4,16,-13,20,-64,43,-27,20,-22,28,2,-36,-93,-2,-29,1,-16,33,-35,13,-32,45,-34,25,-39,92,-9,7,-28,-5,-37,31,-16,31,-58,26,-2,65,25,43,-18,54,2,53,-14,-4,-60,30,-57,43,-27,22,-60,76,-31,36,1,46,-33,68,12,54,-36,60,-74,59,18,24,-1,37,-15,6,-21,-16,-33,10,-27,24,-21,11,-18,-12,-32,42,-30,-22,-30,0,-66,-15,-2,-69,-48,-19,-44,-34,0,-28,-15,-35,-9,-30,-45,-5,-32,-32,-25,-10,-29,-87,-51,-17,-2,-22,-22,-24,1,-49,-41,-14,-14,6,-43,-12,-30,-32,-1,-91,-47,-52,-5,0,-24,20,-48,-6,-14,-30,-24,-46,-5,-64,-63,-23,-31,-19,-69,40,-24,49,5,21,-21,5,-30,25,-31,42,5,25,-8,45,-94,35,-22,-1,-22,17,-42,34,-35,9,-19,19,-13,-5,-26,-38,-49,-3,-31,-37,-27,-69,-35,-50,-63,16,-32,-5,-15,6,-13,14,-3,13,5,6,19,56,-7,29,18,21,-16,77,-24,38,-5,49,14,20,-4,5,-24,-11,-15,2,-29,-8,-23,10,-29,10,-2,26,-38,-6,-73,8,-45,-11,-15,4,-22,-20,-37,-1,-19,-15,-21,-20,-9,-34,-40,1,-14,11,-14,-3,-20,8,-19,32,-25,3,-27,-25,-42,-36,-17,-2,-14,13,-57,20,-20,-7,-45,7,-30,-5,-19,29,-9,36,-57,2,-43,9,-17,-16,-26,23,-31,-45,-20,-36,-32,-21,6,-53,-19,-1,-29,11,-22,-10,-42,-22,-23,-10,6,-17,-9,-6,-18,-46,-40,-26,6,-20,-16,-43,7,-17,-35,0,-19,-13,-7,2,-39,-12,-11,-32,-6,-9,-15,23,-18,11,-18,16,-8,21,-75,-11,-11,6,-52,-10,-9,34,-34,-9,-20,48,-23,20,-26,1,-29,-23,-29,25,-34,-44,-25,-9,-12,9,-20,3,-38,-26,-28,3,-26,-19,-4,-16,-24,10,-37,-19,-71,-18,-9,-7,-20,-31,-36,-42,-3,-12,-14,-34,-12,35,-55,18,-6,1,-7,14,4,3,-40,-40,-19,1,-68,-39,-42,-19,-148,-30,-46,4,-36,31,-23,8,-19,-31,-51,-3,-39,-43,-98,-1,-29,-17,-18,-11,6,-20,-5,-35,-57,11,-85,-15,-32,12,-31,-14,-68,-24,-21,-52,-17,-44,21,-15,26,-9,4,-15,-1,-39,-31,-16,-5,-16,-2,-45,16,-10,-2,-13,10,-8,57,-28,15,-25,2,-17,38,-33,10,-119,-28,-58,-26,-34,-48,-26,-70,23,-76,30,-67,93,-27,12,-14,-1,-15,-9,-12,-22,8,-27,-7,-57,-42,-61,-57,-29,-43,-44,-42,-29,-7,-18,14,-13,5,-6,-4,20,-43,2,-25,-15,-37,-9,-63,-59,-40,-32,-97,-38,-33,-34,-16,-13,-17,8,-52,-8,-25,4,-28,17,-19,42,-21,2,-44,24,-11,16,-31,38,-17,16,-30,0,-76,-8,-12,-2,-31,19,-19,2,-41,16,-21,2,-34,-10,-18,12,-31,-7,-22,6,-33,-14,-40,-28,-18,-28,-33,-25,-64,11,-32,19,-26,17,-12,31,-67,-11,-20,-20,-2,-15,-29,-40,-28,-8,-20,-12,-9,-7,-14,-2,-65,-24,-39,5,-20,-5,-10,-39,1,-22,-37,-15,-61,-35,-49,-12,-32,2,-45,-46,-83,-16,-8,-61,15,-12,-2,-52,-66,-34,-24,-12,-18,0,-8,28,-27,15,-26,-41,-55,-54,-50,4,-26,-15,-10,-11,-30,-58,-88,-36,-28,-11,-19,-21,-45,-6,-22,6,-25,-33,-81]]]
9645072	p	1566083
1574023	n	106.2216,10.2769,106.5165,10.4828	[[[1062216,102770,2121,329,-113,71,153,48,146,-57,47,-26,595,92,-22,611,-265,396,-2294,594,-368,-2058]]]
1580410	n	106.8976,20.9035,107.1839,21.1762	[[[1068976,209119,41,-40,155,-39,259,-5,0,68,-107,49,-42,76,-21,82,-41,66,-56,35,-91,44,-97,-336]],[[1069140,209691,52,-33,127,-64,151,-51,166,-31,185,-13,189,12,158,66,88,147,-48,140,-253,200,23,138,178,-159,96,-45,141,-1,-137,137,105,-4,32,4,-46,44,-56,68,-35,30,0,62,123,-16,67,-71,23,-111,-7,-143,39,62,24,78,10,93,-5,108,68,0,-22,-199,56,-46,91,78,80,167,21,-28,4,-8,44,-26,-25,-39,-36,-74,-13,-72,40,-33,87,24,29,59,15,70,44,65,99,55,119,42,129,24,132,9,0,-68,-540,-333,-291,-356,0,-62,189,-73,488,-66,154,-140,0,68,117,-52,100,12,110,32,20,1,-761,2361,-142,20,-236,11,-236,-11,-233,-32,-229,-54,-222,-75,-111,-49,-529,-1849]]]
1581047	r	105.1036,17.6915,106.1847,18.759	[[[1051036,184470,28,-40,2,-27,33,-56,15,-9,36,0,36,-15,1,-46,21,-47,-7,-26,6,-12,96,-39,11,13,34,-7,27,17,10,18,17,2,2,-67,-2,-7,-29,-3,1,-22,6,-17,57,-13,36,-31,-19,-30,14,-22,3,-23,13,-10,14,-27,10,-6,-8,-26,6,-6,11,-7,47,-3,16,-11,73,6,11,6,8,43,17,-7,39,8,18,-15,41,-16,10,12,26,-26,23,-13,-2,-21,-20,-24,-6,-21,-1,-40,-32,-45,6,-17,37,-41,7,-35,23,-10,5,-15,-6,-21,32,-39,0,-44,14,-28,-14,-15,-11,-29,-8,-49,-26,-60,7,-26,-8,-35,61,-27,29,-39,92,-29,15,4,45,-14,71,-69,20,-45,46,15,19,-3,8,-12,60,-1,16,-22,40,-28,66,-14,32,-85,16,-18,10,-26,19,-17,27,-67,21,-10,12,-34,11,-13,4,-25,-23,-24,-6,-96,61,33,58,-3,24,18,10,1,22,-7,19,-46,23,-5,39,35,-2,24,9,9,27,-4,30,-15,7,-41,24,17,17,-16,15,9,16,-7,16,11,24,-14,-32,-77,32,-51,8,-56,4,1,28,37,4,16,-7,26,29,46,9,28,-1,24,-13,14,-2,12,38,60,14,33,21,-15,29,-3,12,1,35,22,20,-19,39,-4,13,6,13,-3,14,-23,-14,-40,21,-25,6,-31,-14,-25,-3,-37,-11,-23,-4,-32,-32,-37,5,-44,-22,-49,7,-18,-5,-31,21,-26,-6,-54,9,-17,1,-36,-7,-16,-18,-8,-17,-22,-22,-38,4,-10,67,-65,29,-4,-3,-7,-205,-139,132,-88,182,-75,158,-39,74,-35,22,-42,28,-10,92,57,41,71,14,71,31,150,59,93,180,77,214,-14,151,-59,49,-19,153,-117,61,-90,81,-272,3,-61,-21,-52,-23,-39,-8,-23,46,-37,114,-25,41,-30,164,-353,82,-69,174,-92,84,-77,54,-111,37,-227,37,-99,68,-70,237,-125,0,-2,136,-264,26,-51,-118,-760,110,-338,388,-342,258,-470,222,-290,92,-165,119,-361,2804,3638,16,-36,51,-37,18,-22,46,-25,52,-58,40,-31,1,-38,16,-27,36,-30,119,-35,18,3,20,43,55,-12,21,9,15,-20,34,-12,1,-17,14,-28,25,-9,34,1,39,-36,-1,-17,-17,-38,46,-42,17,5,10,-6,8,-10,-1,-40,23,2,22,-45,-15,-19,-20,-10,-14,-34,-17,-4,-2,-11,-26,-17,-2,-33,-21,-35,-11,-36,-24,-25,-16,0,-14,-36,-21,-2,-31,-31,-4,-14,17,-25,-1,-37,-22,-60,1,-24,-15,-28,30,-2,15,-10,47,-13,37,-28,9,-16,53,-19,48,-4,76,-39,155,-8,112,-34,25,-14,25,1,-51,66,-119,190,-99,201,-78,209,-57,215,-34,219,-11,222,11,222,34,219,57,215,78,209,99,201,119,190,138,178,156,165,171,149,187,132,159,91,-35,26,-154,59,-240,-38,-217,-70,-168,-33,-99,72,188,42,-21,126,-119,145,-525,423,-376,462,-76,69,-232,167,-95,126,-90,179,-66,198,-27,186,-342,21,-361,378,-533,830,-239,715,-68,111,-43,132,-12,290,-62,286,-191,117,24,-34,31,-605,1,-235,-193,-88,16,51,-12,-3,-68,4,-112,38,-69,5,-74,-28,-37,-34,-18,-27,-28,-133,-45,-117,-37,-58,-67,-4,-17,-7,-20,-13,-15,-24,-18,-81,8,-76,1,-161,-17,-48,-45,-84,-39,-31,-18,-3,-50,8,-39,26,-30,11,-32,4,-235,-97,-129,-70,-75,24,-20,36,-2,36,-102,-2,-68,-12,0,13,-34,-24,-2,-14,-23,-10,-37,4,-10,-42,-29,-28,1,-16,-8,-7,4,-18,-20,-29,-54,13,-33,-20,-21,1,-3,24,-117,-11,-87,-23,-16,-31,-8,-6,-20,2,-15,-15,-45,26,-33,40,-75,22,-5,63,-13,11,-19,38,-7,39,-10,0,-7,24,-13,-4,-17,15,-36,46,-7,32,-19,34,-1,38,6,20,-10,27,-20,8,-32,33,-12,-2,-12,32,-17,6,5,18,-20,16,-24,6,-98,-3,-61,22,-40,3,-37,12,-18,-2,1,-65,-36,-2,-45,-18,-35,-3,-17,-19,-38,-4,-1,-19,-104,10,-13,-18,-33,-2,-36,-16,-10,-10,-1,-21,-13,-32,-12,-8,-24,-39,-14,-4,-19,9,-36,-8,-32,13,-12,-21,-21,-9,-19,49,-14,4,-85,-64,-33,21,-36,-20,-39,-11,-13,-36,-113,12,-29,-4,-61,-22,-49,26,-44,-9,-49,14,-25,-3,-56,48,-58,15,-11,12,-49,19,-44,-2,-11,28,-33,22,-41,64,-61,1,-23,18,-14,-2,-13,7,-7,-6,-10,1,-29,17,-86,14,-13,7,-17,30,-8,31,-32,29,-33,54,-21,4,-42,-26,-11,0,-49,37,-17,3,-30,-16,-52,-1,-33,-37,-42,-7,-31,2,-46,-22,-47,-44,-62,-28,-18,-20,-46,-19,-40,-58,-31,-18,-22,-76,-28,-14,-12,1,-23,20,-43,55,-33,21,-60,18,-29,-9,-58,2,-61,29,-64,-16,-12,5,-19,39,-12,-22,-51,3,-38,34,-28,-4,-13,5,-28,32,-27,16,-56,-126,-100,-14,-82,25,-89,-75,-3,-11,11,-44,19,-11,10,-14,-29,-19,-8,-94,-11,-23,53,-55,9,-26,-44,-26,-30,-3,-42,-31,-5,-38,11,-32,-4,-9,-60,-69,-61,-15,-15,-10,7,-41,-10,-31,6,-40,6,-11,40,-23,3,-12,-19,-20,-29,-16,-13,-47,-32,-24,11,-23,-20,-75,8,-22,16,-13,6,-23,-11,-19,-17,-12,32,-12,1,-12,-39,-54,-7,-33,8,-30,-3,-12,-22,-19,11,-29,-7,-23,9,-61,-37,-43,6,-26,23,-17,4,-13,-19,-20,-27,-62]],[[1057417,187432,15,-57,12,-21,77,216,-57,-41,-40,-56,-7,-41]],[[1057523,187195,48,-158,-10,123,-38,35]]]
1584071	n	108.2302,11.7853,108.6696,12.1761	[[[1082302,120413,1061,-1750,2607,-809,53,47,151,165,135,178,115,190,97,201,76,209,54,215,33,219,12,222,-12,222,-33,219,-54,215,-76,209,-97,201,-115,190,-135,178,-151,165,-167,149,-181,132,-193,114,-204,95,-212,75,-218,54,-223,32,-225,11,-225,-11,-223,-32,-218,-54,-212,-75,-204,-95,-193,-114,-181,-132,-167,-149,-151,-165,-135,-178,-115,-190,-74,-153]]]
1560565	n	107.1065,10.757,107.24,11.1561	[[[1071065,108016,743,-369,2,25,13,5,0,6,29,3,21,16,0,9,21,9,8,-7,13,1,-2,9,15,-8,8,5,5,-5,38,2,58,28,29,0,-1,-164,16,14,77,-2,16,-20,16,4,25,-7,33,12,10,14,15,-3,3,25,11,2,0,9,8,6,21,6,33,-27,25,-6,26,9,0,3939,-100,5,-224,-11,-222,-32,-218,-54,-211,-75,-32,-15,-328,-3358]]]
1582497	p	1581298
1581326	n	106.2005,20.7139,106.5065,21.0117	[[[1062005,209819,183,-2128,538,-484,105,-25,233,-32,236,-11,236,11,233,32,169,40,17,17,5,-4,16,16,22,5,17,31,32,0,29,-8,4,-15,140,47,214,95,202,114,61,43,368,1498,-3,7,-876,1049,-1461,-105,-4,-15,-2,-7,9,-71,-15,-2,-34,-32,-3,-1,-2,-1,-16,-4,-17,4,-2,1,-7,2,-1,1,-1,0,-6,8,-6,8,-29,0,-9,24,-12,3,-42,36,-1,1,-31,-4,-32,15,-13,-70,-20,17,-22,-11,-21,21,-17,-4,-5,13,-27,10,-14,-2,-6,-18,-13,-7,-13,20,-36,-5,-46,16,-7,-7,6,-51,-57,-12,-20,-23,-18,-3,-15,-14,-43,-14,-28,-2,-9,-9,-13,-4]]]
8594709	n	107.0376,10.3785,107.3033,10.664	[[[1070376,105060,95,-216,34,41,93,197,34,-131,-5,-55,-29,-87,63,0,157,107,210,-17,199,-97,128,-136,63,0,0,143,76,-30,115,-14,103,0,48,9,196,-204,49,-34,49,-29,65,-72,51,-90,5,-89,-58,-62,-86,-22,-81,-32,-48,-88,261,-36,381,-227,176,-4,246,372,67,61,-452,2422,-2205,-1580]],[[1071447,104140,245,-137,39,108,74,43,73,52,24,125,68,0,37,-32,21,-10,28,-7,56,-26,-86,125,-306,265,-78,-73,-48,-117,-27,-128,-7,-103,-63,-59,-50,-26]]]
13589354	p	1581130
1567621	n	105.4085,20.9231,105.6718,21.2304	[[[1054085,211836,1278,-2579,23,18,28,-25,47,-19,63,41,43,-4,42,-23,25,21,57,4,20,8,-10,19,7,4,26,-17,22,18,5,-10,54,-10,0,-40,206,69,179,79,518,1328,-597,1057,-32,-10,-39,-20,-49,-48,-238,-56,-4,-9,5,-2,-13,-14,-44,-7,1,-7,-17,-5,-168,-26,-244,-15,-65,2,-229,31,-41,12,-123,64,-125,101,2,53,-29,45,-6,145,-16,-2,-8,6,-9,18,15,3,-6,29,-14,-3,-12,21,19,6,-21,102,-17,45,-37,70,-6,-4,-466,-464]]]
1571951	n	108.89,12.3172,109.3343,12.7162	[[[1088900,124900,11,-222,33,-219,55,-215,76,-209,96,-201,116,-190,135,-178,152,-165,144,-129,2361,616,-13,84,-103,156,-194,-34,-65,110,-158,165,-49,135,68,0,33,-25,104,-44,-34,45,-54,108,-49,59,286,42,304,-187,435,-476,2,-4,751,196,-156,104,-147,52,-55,34,-42,82,-8,100,101,206,-52,84,-490,315,-122,128,-50,181,56,150,93,166,19,135,-168,58,0,-76,68,0,0,-61,-111,-31,-43,-92,-17,-117,-34,-102,-73,0,4,46,-14,13,-24,-1,-29,10,0,95,-36,162,-8,154,75,67,-34,389,3,95,283,402,-48,28,-204,95,-212,75,-219,54,-224,32,-225,11,-225,-11,-224,-32,-219,-54,-212,-75,-204,-95,-194,-114,-181,-132,-167,-149,-152,-165,-135,-178,-116,-190,-96,-201,-76,-209,-55,-215,-33,-219,-11,-222]]]
1571058	n	107.8713,10.7223,108.19,11.1561	[[[1078713,109300,11,-222,33,-219,54,-215,50,-137,1048,-1193,13,-8,177,-83,255,505,76,411,141,282,32,121,54,138,234,240,54,100,120,162,285,95,550,107,0,1993,-25,12,-211,75,-218,54,-222,32,-224,11,-224,-11,-222,-32,-218,-54,-211,-75,-203,-95,-193,-114,-180,-132,-166,-149,-151,-165,-134,-178,-115,-190,-96,-201,-76,-209,-54,-215,-33,-219,-11,-222]]]
1583478	n	108.1335,15.6639,108.4379,15.978	[[[1081335,156943,64,-37,207,-95,216,-75,222,-54,227,-32,229,-11,73,3,1806,1157,-138,258,-93,617,-49,134,-72,16,-73,-51,-70,-67,-59,-34,-73,23,19,47,82,47,109,19,-80,176,-139,99,-156,71,-528,398,-122,144,-46,84,-880,-316,-676,-2521]]]
1586443	n	104.9576,8.9553,105.3326,9.4053	[[[1049576,93002,2176,-3448,192,28,216,54,211,75,201,95,192,114,179,132,166,149,150,165,67,90,-213,1228,-1780,2369,-56,-3,-221,-32,-216,-54,-211,-75,-201,-95,-192,-114,-179,-132,-166,-149,-150,-165,-133,-178,-32,-54]]]
7289846	p	1581130
1567788	n	105.7794,9.4553,106.1975,9.7932	[[[1057794,96281,168,-1443,394,-284,3175,105,63,85,115,190,95,201,76,209,37,146,-988,1439,-94,202,-37,177,-63,172,-460,452,-2481,-1651]],[[1060872,97546,215,-280,90,-157,36,-217,47,-168,114,-180,250,-301,335,-515,8,50,8,163,-79,97,74,63,3,-2,-6,123,-29,193,-384,374,-483,683,-81,55,-33,31,-23,51,-62,-63]]]
1585489	n	106.2725,21.0012,106.4186,21.2061	[[[1062725,210012,1461,105,-110,1944,-60,-14,-15,-26,-14,6,-53,3,-17,-29,-61,-36,-32,-6,-43,8,-40,-13,-6,-61,-31,-49,-9,-5,15,-23,-17,-18,-19,14,-29,-20,6,-48,17,-8,-31,-8,-19,-12,-35,6,-17,9,-36,-16,-46,17,-38,2,-3,-13,33,-42,-19,-27,-5,5,6,8,-48,61,-17,1,-14,-7,-20,8,-9,15,-26,3,-15,67,-25,1,-21,20,-32,18,20,73,-120,2,-3,-4,-23,-29,-6,-20,0,-5,0,-1,-2,-69,42,-100,29,-32,33,-56,31,-82,-6,-50,-1,-8,-51,-116,-52,-56,-26,-17,-43,-13,-60,-49,-26,-47,-3,-14,0,-1,-7,-32,-1,-2,-4,-17,1,-5,0,-1,10,-63,57,-157,9,-116,12,-46,66,-113,-1,-6,-7,-37,-102,-98,-61,-81,-8,-47,22,-99,0,-2,1,-5,-2,-8,-1,-2,-4,-11,-6,-18,-152,-102,-33,-30,-24,-34,-4,-14]]]
9645086	p	1566083
1567069	n	106.1928,10.4234,106.5233,10.7658	[[[1061928,106094,656,-1266,2294,-594,355,2095,-164,567,-1042,762,-151,-8,-222,-32,-217,-54,-211,-75,-203,-95,-192,-114,-180,-132,-166,-149,-151,-165,-133,-178,-116,-190,-95,-201,-62,-171]]]
1568212	n	105.6822,10.1565,105.8996,10.4394	[[[1056822,102369,153,-804,1522,387,499,2442,-2174,-2025]]]
1586151	n	105.4623,10.3544,105.8545,10.6861	[[[1054623,106088,913,-2309,245,-119,621,-116,2143,1465,-5,32,-55,215,-75,209,-96,201,-115,190,-134,178,-150,165,-166,149,-180,132,-192,114,-203,95,-211,75,-217,54,-222,32,-224,11,-224,-11,-222,-32,-217,-54,-211,-75,-49,-23,-754,-578]]]
1571067	n	108.7608,11.3339,109.1905,11.7852	[[[1087608,115600,11,-222,33,-219,54,-215,76,-209,96,-201,116,-190,134,-178,151,-165,167,-149,180,-132,193,-114,204,-95,212,-75,218,-54,222,-32,225,-11,37,2,119,96,125,122,44,117,-32,387,90,680,-5,432,-153,254,68,-6,211,6,-64,167,7,145,36,136,21,138,-72,62,-115,126,-14,125,232,57,46,-72,76,-347,114,-128,186,-40,169,12,146,-7,120,-101,68,0,123,159,58,109,24,113,39,81,182,153,57,68,40,148,5,99,17,61,-99,163,-89,118,-480,212,-1515,666,-47,-2,-222,-32,-218,-54,-212,-75,-204,-95,-193,-114,-180,-132,-167,-149,-151,-165,-134,-178,-116,-190,-96,-201,-76,-209,-54,-215,-33,-219,-11,-222]]]
1562818	p	1591449
1578500	n	107.7782,14.2252,108.2391,14.5861	[[[1077782,143600,11,-222,33,-219,56,-215,76,-209,98,-201,116,-190,70,-92,21,19,20,58,12,3,50,-14,25,13,8,15,5,35,-8,119,-23,144,17,39,50,30,68,13,13,32,101,-26,74,39,52,-14,30,42,9,28,104,-26,62,-8,62,-24,113,-117,82,-47,46,-78,37,-38,10,-31,40,-51,49,-13,58,2,28,18,28,29,27,-42,36,-40,20,-45,33,-33,26,2,30,16,49,57,59,33,56,58,96,7,59,-14,39,11,58,-55,74,5,7,33,16,14,-4,46,5,12,33,-7,43,20,7,24,-13,22,31,47,36,35,2,14,22,19,11,22,3,38,23,4,28,27,35,-4,26,-37,31,-7,64,-55,23,-11,26,-2,-10,21,3,23,9,13,25,13,-1,24,18,10,12,51,27,27,-18,25,14,16,-5,23,46,43,-2,21,-13,22,28,20,-9,29,6,23,49,23,14,14,21,5,-7,34,39,-4,34,19,-5,28,7,27,-4,31,-22,16,-42,12,-29,24,-7,15,6,19,7,10,26,8,163,8,44,25,17,2,4,15,-9,30,8,12,32,14,31,-3,15,13,-4,21,-31,39,-5,15,35,49,11,32,19,21,34,-6,42,-38,38,-22,87,-16,19,13,24,1,7,34,36,-7,59,9,1,-12,-18,-17,6,-18,-20,4,-41,-27,30,-33,5,-21,18,-5,14,15,31,-5,22,5,2,11,-6,7,-20,-1,-4,19,6,10,41,0,18,28,-1,19,26,44,23,-9,11,27,26,0,39,37,25,-12,35,-3,10,15,34,-2,15,15,15,-14,22,8,18,-4,10,8,9,-5,20,25,9,27,29,-10,32,0,5,15,-6,24,20,-14,29,-6,-5,19,19,4,-2,38,18,12,28,45,13,8,36,-2,66,41,50,-1,40,11,27,-26,66,30,-17,114,-56,215,-76,209,-98,201,-116,190,-136,178,-153,165,-168,149,-183,132,-195,114,-206,95,-214,75,-221,54,-225,32,-227,11,-227,-11,-225,-32,-221,-54,-214,-75,-206,-95,-195,-114,-183,-132,-168,-149,-153,-165,-136,-178,-116,-190,-98,-201,-76,-209,-56,-215,-33,-219,-11,-222]]]
8656376	p	1583992
1576633	r	106.0955,21.3252,107.3641,22.4615	[[[1060955,218207,1,-17,31,-63,31,-25,57,-71,-10,-34,1,-99,14,-14,31,-15,6,-49,6,-6,49,11,21,-12,25,20,58,-2,24,14,37,7,35,-4,24,-73,43,-47,17,-37,26,-21,5,-47,8,-14,56,2,49,-55,78,-11,7,-10,0,-37,47,-5,47,-53,38,-6,12,-19,52,-10,63,11,2,-35,22,-25,59,-21,53,-7,32,-41,19,-10,51,-7,62,58,11,3,38,-24,23,-28,37,-8,26,-81,-5,-43,-16,-37,-22,-29,-2,-42,-14,-23,6,-27,-25,-20,-10,-32,-39,-11,-9,-9,0,-27,22,-53,-11,-43,-62,-57,-6,-20,-53,-27,-44,-38,-30,-17,7,-35,-30,-53,-94,-58,-27,-30,-3,-21,12,-67,57,-41,-31,-60,2,-20,22,-38,-1,-17,-62,-78,-30,-6,-32,-71,-29,-17,-38,-10,-23,-34,-49,-11,-16,-18,11,-37,-1,-38,-35,-105,4,-16,21,-24,-7,-50,5,-28,-16,-44,10,-43,-3,-34,18,-40,-31,-67,3,-32,25,-38,-17,-65,-7,-65,9,-42,-4,-52,65,-37,57,0,120,-37,34,-35,99,-19,49,-31,88,-14,20,6,33,-26,47,13,81,-1,19,-36,24,-47,41,-16,-3,-12,-14,-10,6,-8,11,3,21,36,18,16,71,-5,29,15,15,21,21,11,18,-1,37,-15,39,32,15,4,62,-28,42,-2,36,6,-28,-34,5,-26,-16,-36,7,-30,-3,-8,-21,-50,34,-19,6,-22,-1,-34,-17,-34,-1,-25,-13,-27,5,-46,12,3,32,30,17,5,7,-22,-19,-30,-1,-15,67,-61,8,2,16,27,9,5,29,-34,43,-7,5,10,-22,30,1,17,64,38,24,-19,17,-44,14,-12,10,1,15,22,40,3,30,12,30,-13,7,-12,-3,-47,29,-18,7,-36,-33,-26,-12,-67,-25,-20,12,-32,1,-30,-5,-16,-23,-28,7,-41,7,-6,7,-5,31,-6,23,-39,34,3,13,-26,44,-44,8,2,6,18,21,-9,21,27,2,-1,1,1,1,-2,7,-3,38,-49,40,16,40,-13,28,-2,19,19,30,14,53,-45,37,2,15,-12,52,27,48,10,81,80,47,-2,11,9,37,-18,39,15,36,4,10,7,11,11,5,4,3,6,0,14,-3,21,4,11,0,13,-2,4,-14,23,-57,22,-32,65,14,27,42,24,34,9,25,37,17,13,86,27,58,-22,13,11,10,32,36,15,15,-9,35,-58,11,-6,55,-3,17,25,13,8,24,-9,30,2,23,-14,16,3,32,-7,43,31,20,26,-4,23,17,31,37,6,25,-10,34,10,9,32,-1,20,13,27,-3,17,39,43,-12,41,20,28,-5,17,43,34,-2,40,18,39,-4,6,43,9,10,-4,31,10,52,33,11,-2,7,-13,7,3,22,31,52,50,14,27,24,26,-36,37,-40,86,-58,78,-7,26,5,20,68,70,42,9,32,32,42,90,-3,33,16,28,-8,27,10,51,36,48,12,5,32,-4,65,68,-4,28,17,16,5,21,47,21,37,44,3,17,-7,43,33,20,14,20,1,0,2,2,47,3,29,13,46,35,18,39,59,-16,54,-5,28,-10,55,-9,4,17,23,-9,47,6,17,23,22,2,17,9,54,2,41,21,22,22,93,-21,13,-32,98,-18,69,29,23,28,28,-3,44,-27,37,-1,43,30,28,-18,16,2,36,22,20,21,48,-44,25,-14,58,-7,27,-17,33,-9,20,-25,70,-19,28,-15,10,-3,2,-4,4,-3,-1,-4,3,-5,-12,-44,10,-50,-25,-37,-11,-50,8,-26,58,-37,15,-35,30,-35,18,2,19,-11,24,4,23,-23,24,-8,12,-12,42,-6,30,-35,40,-26,6,-44,1,-1,3,-2,15,-4,35,-8,34,-14,61,0,30,-16,37,6,30,35,0,12,-15,15,27,1,0,9,-15,13,19,13,-18,16,0,8,5,6,11,-10,16,15,-19,5,1,18,-18,5,9,20,-9,12,-2,18,-6,4,-14,-8,-1,13,3,14,1,16,3,4,2,9,33,32,51,26,37,-9,47,-2,133,51,9,-50,13,-16,27,-15,15,-26,43,-12,14,-13,5,-20,68,-25,53,3,80,28,24,2,25,-5,41,-20,13,4,-3,10,27,5,62,-21,52,-2,48,-67,-2,-27,19,-29,-3,-19,9,-40,18,-18,28,-1,15,-11,12,5,17,-19,39,-13,15,-20,0,-6,1,-2,-1,-48,-56,-60,-14,-2,-4,3,-3,1,-33,30,-9,-1,-3,-1,-5,-2,-19,-20,3,-52,0,-1,0,-5,-3,-3,-1,-3,-41,-29,-55,-6,-5,-5,-3,-7,-2,-3,-6,-51,24,-14,12,-15,32,-89,5,0,55,52,1,-33,12,-12,151,18,57,-11,61,-21,73,-37,15,1,2,-1,11,-11,-3,-23,-14,-21,1,-8,4,-16,1,-2,25,-16,1,-36,89,-48,12,-18,-43,-86,-54,-22,-10,-79,34,-44,18,2,-1,-34,23,-19,39,-15,26,-29,10,-23,7,-1,18,-2,2,-2,27,-45,1,0,5,-2,9,1,16,-9,25,12,29,23,8,30,28,15,5,12,28,23,24,-17,7,-22,-6,-8,4,-19,8,-11,-18,-43,-2,-36,35,17,29,45,15,-4,28,19,15,22,13,-10,28,4,17,-8,6,-10,-11,-17,25,-12,15,-48,22,-19,31,0,41,16,23,17,2,10,42,42,9,27,19,13,1,1,1,0,22,3,12,-5,21,18,24,-8,15,18,9,3,2,1,2,0,8,2,31,-4,31,9,1,0,11,-16,19,-11,10,-6,1,-1,1,-16,5,-36,6,-8,0,-1,25,2,32,-38,16,-3,35,-28,0,-1,1,-1,7,-17,-11,-20,-7,-4,-1,-1,-3,-1,-12,-5,-35,-4,-62,-45,-6,-20,12,-38,-28,-39,-31,-27,5,-42,22,-60,-2,-35,29,-29,23,-72,-1,-13,-21,-25,0,-78,-11,-23,-21,-13,-2,-26,20,-26,28,1,56,-12,39,-57,69,-13,6,-12,46,-31,41,-9,-4,-38,13,-7,12,-17,19,-7,7,-14,1,-16,-10,-21,25,-10,4,-17,73,-36,17,-1,55,12,21,12,29,-3,23,15,54,9,0,58,36,23,22,27,16,51,37,27,68,-14,38,7,26,-16,26,4,12,25,33,20,-5,24,19,17,70,19,30,23,5,10,-7,18,8,56,13,26,3,34,44,31,20,2,23,-17,52,9,24,-13,47,-12,52,-30,38,-13,76,18,88,-17,-14,-31,51,-19,21,14,82,26,25,-17,37,-9,47,-26,31,5,60,54,58,22,4,16,26,28,59,-2,12,33,9,3,52,-15,44,14,31,34,26,42,52,11,20,13,26,-27,33,-9,36,-43,18,-7,-4,-29,80,-38,2,-32,27,-13,23,-49,59,29,28,2,31,-11,27,28,6,21,25,34,16,51,-10,30,5,17,20,22,-4,59,40,78,-31,6,-39,28,-3,13,6,21,-15,17,-6,42,9,35,-10,21,-30,41,-40,4,-8,5,-8,17,4,43,-18,-1,-15,30,-28,19,35,49,2,42,-49,34,12,34,-14,21,6,27,-26,42,3,19,19,34,15,11,-3,35,-21,37,52,48,15,47,-49,72,-30,27,-20,38,1,47,-5,18,23,38,-23,57,-26,30,3,42,-27,27,-38,-19,-43,-3,-14,70,-34,28,-15,25,-34,1,-10,-9,-9,1,-68,91,0,3,194,118,19,-9,32,8,23,19,17,5,27,-23,24,-2,81,-35,8,4,24,72,88,64,73,12,31,-3,44,-14,39,9,29,20,36,39,-2,85,28,25,32,10,5,36,25,46,3,22,48,20,42,4,82,23,9,-42,30,-24,35,29,27,12,23,-1,30,-17,25,-3,9,-33,22,-14,26,8,27,-8,45,5,-5,18,33,6,4,22,42,25,61,-5,56,10,24,46,-16,29,-35,40,22,13,19,41,-21,25,12,21,-7,50,-33,13,-6,10,-13,71,76,43,11,36,11,12,-21,25,-16,36,6,41,-20,33,-2,75,19,18,-2,7,-6,11,-38,19,11,25,-6,10,-28,11,-19,23,-50,12,-12,12,-9,22,33,14,5,17,-10,28,-26,18,-7,26,-36,-6,-21,4,-30,50,-6,57,-48,32,-30,30,-15,1,-14,11,-2,38,-15,9,-27,39,-1,21,12,21,1,26,11,28,-27,13,-55,0,-6,46,-50,0,-23,16,-6,46,-19,39,-25,21,-49,1,-45,-47,-37,-14,4,-26,-9,-17,-56,0,-10,19,-16,4,-27,-19,-15,0,-4,-13,-47,-2,-60,-24,-4,-21,-11,-13,-13,-9,-34,-8,-33,-33,-2,-25,-18,1,-25,-16,0,-6,-61,-6,-225,-71,-43,20,-23,29,-22,12,-17,-1,-54,18,-19,21,-54,33,-20,2,28,36,-2,34,-10,14,3,29,-51,22,-25,67,-29,21,-18,29,-12,7,-35,0,-17,14,-37,-2,-20,17,-9,19,-36,6,-21,-27,-26,3,-26,22,1,18,-22,31,-28,10,-15,-3,-10,11,-34,11,-27,0,-30,25,-24,-5,-28,4,-12,8,-13,42,-23,2,-6,13,14,19,-23,46,-77,2,-54,50,-38,62,-32,15,-5,15,3,25,-19,11,-49,0,-24,13,-18,-9,-16,0,-40,44,-40,13,-29,1,-7,20,-38,28,-2,33,-21,13,-23,-1,-11,10,-21,0,-25,-21,-104,9,-13,14,-24,-11,-54,21,-48,0,-7,17,-26,-3,-16,8,-29,-14,-26,11,-19,23,-20,7,-46,1,-23,8,-22,22,-20,-3,-8,15,-10,6,-2,12,-43,23,-3,18,-17,6,-56,-6,-29,13,-45,58,2,74,9,29,-11,23,22,32,69,60,8,30,28,41,43,26,50,11,39,18,96,107,96,19,53,30,43,79,46,23,-3,28,-21,44,-16,14,-3,28,-23,56,-5,25,18,6,0,8,-54,86,-19,14,-18,42,-13,12,-28,-7,-13,9,-48,7,-52,66,-33,-11,-47,12,-9,29,3,27,-11,15,-12,-7,-27,0,-3,11,-27,10,-38,-4,-15,-8,-55,14,-63,-24,-6,15,-26,9,-37,29,-10,25,-6,-2,-15,-7,-24,-44,14,-39,-26,-13,-29,-27,12,-28,-3,-4,-133,3,-171,-67,-2,11,-14,12,-23,4,-22,-7,-23,19,-23,-16,-15,2,-26,-13,-32,1,-25,-8,-23,12,-15,0,5,46,-10,23,2,40,-29,43,-21,6,-17,60,-15,21,20,26,6,21,1,39,-8,28,-34,37,0,23,-10,22,-26,14,-29,2,-61,-32,-45,-5,-61,40,-17,-4,-27,13,-23,-5,-16,21,-26,15,-19,-1,-36,19,-35,-6,-12,-11,-56,6,-18,23,-52,-17,-15,24,-41,-30,-45,17,-36,-15,-29,-21,-65,51,-49,-5,-18,-19,-4,-35,11,-20,-9,-13,-52,8,-24,-21,-10,14,-12,1,-31,-15,-16,7,-23,-12,-20,9,-21,-8,-26,16,-44,13,-7,10,2,54,-4,3,-46,-22,-27,44,-3,24,7,28,-13,29,-34,-4,-15,-29,-10,-6,-19,11,4,15,-17,70,-24,52,-21,-4,-38,9,-34,47,-60,31,-39,5,-14,1,-6,-7,-46,9,-94,-45,-41,-6,-37,6,-48,-11,4,-18,-82,26,-64,-13,-310,-324,-3,11,-58,50,-21,48,-3,18,8,45,-7,16,10,66,-13,20,21,38,15,-2,7,16,19,5,28,35,41,34,33,2,9,9,12,33,19,14,-9,24,22,15,24,1,15,18,5,25,-30,48,-2,54,-67,30,-18,18,-3,25,26,40,-19,14,-5,16,8,21,32,32,22,61,26,0,8,7,-14,196,24,5,22,34,17,9,8,22,-10,21,18,21,-33,38,0,18,-115,51,-2,16,-13,6,-17,25,3,53,-10,13,-20,10,3,17,-7,10,21,63,1,14,-10,10,11,28,-12,14,-16,3,-31,24,-3,9,25,15,14,18,19,4,15,11,-7,16,11,17,11,75,44,24,41,-11,6,7,-1,35,-33,44,-28,3,-14,-16,-49,-5,-16,10,-7,18,-44,-3,-38,45,-51,14,6,53,-24,10,0,30,-17,14,-14,1,-34,52,38,1,8,7,55,86,10,60,-3,13,-22,11,0,10,91,-21,43,10,30,15,37,39,0,84,6,11,31,6,3,30,-24,3,-16,11,3,12,-10,28,-22,33,-2,20,-20,10,17,31,1,23,-10,15,-26,14,12,34,-33,52,10,57,-61,81,13,40,39,35,13,40,-5,23,-36,19,-16,-8,-13,3,-29,35,-13,6,-60,7,-18,-15,-16,4,-17,6,-19,24,-3,38,18,27,1,21,-5,32,-15,15,10,82,-9,12,-4,39,-6,5,-22,-3,-11,7,-2,15,-19,17,-16,48,-9,60,24,54,-68,30,-44,29,-43,2,-28,-6,-53,13,-29,-31,-21,2,-35,-12,-68,-34,-36,15,0,25,-28,30,-18,4,-19,-21,-51,3,-5,-8,-19,-3,-27,13,-12,-6,-19,5,-32,22,-9,-2,-18,12,-14,15,-24,-9,-47,-33,-26,11,-21,20,-6,24,-34,1,-30,-34,-114,69,23,92,-7,67,32,21,46,-11,9,5,14,35,76,19,62,66,-5,36,-22,-2,-13,19,24,10,15,16,8,37,-5,15,9,27,-12,15,-78,21,-14,23,-49,50,-4,17,-59,97,-3,32,-41,30,-35,-4,-21,-17,-48,10,-36,-9,-79,-6,-12,-7,-19,4,-22,-44,-50,-18,33,-27,7,-22,-22,0,-30,-34,-32,-4,-42,-60,-38,5,-9,12,-24,12,-6,12,-34,-1,-40,30,-27,-11,-46,7,-26,-22,-39,-9,-7,-8,2,-22,35,-8,-4,-29,-40,-20,-42,-6,-16,-21,1,-7,62,-17,5,-36,-13,-16,-30,-14,-40,-17,-29,-3,19,-23,78,-11,4,-12,-15,-33,-3,-25,-9,-8,-47,-8,-57,-38,-23,1,-21,-11,-33,-2,-19,-30,-45,12,-18,-18,-30,2,-41,-21,-19,1,-40,18,-40,6,-32,40,-15,-6,-25,10,-29,-8,-44,-39,-36,2,-29,11,-80,96,-15,4,-80,-8,-41,6,-31,30,-15,6,-69,-58,-23,-33,-18,-2,-24,-15,-32,-5,-14,-32,-107,-10,-40,-13,-30,5,-15,25,-57,22,-37,66,-31,13,-10,21,-19,8,-24,24,28,40,7,42,-13,39,12,43,-34,19,-19,34,-51,41,-13,19,13,57,-3,10,-48,30,-14,-2,-31,-33,-40,-14,-18,1,-57,20,-30,33,-41,31,-23,31,-33,16,-11,20,-32,27,-47,-5,-35,15,-9,20,-8,62,-15,33,-27,15,-8,32,-21,28,-21,21,-36,5,-18,27,-30,-2,-42,26,-27,-31,-27,2,-26,38,-22,1,-22,22,-31,17,-94,31,-19,-15,-37,-12,-13,-28,-12,-8,-97,-1,-23,-22,-27,-10,-35,-44,-25,-66,-20,-16,-26,-7,-5,-10,7,-16,-49,-37,-8,-35,-13,-22,9,-25,-3,-16,-68,-68,-6,-40,12,-32,-2,-10,-29,-25,-19,-34,-15,-13,6,-39,-8,-14,2,-20,-11,-44,-12,-18,11,-16,20,-11,-7,-41,28,-31,13,-9,102,-26,74,-54,18,-60,54,-32,18,-24,21,-72,-11,-21,-31,-16,-16,-35,-27,-13,-26,-34,0,-20,-31,-33,-9,-36,-36,-55,-2,-27,8,-30,-23,-42,14,-37,24,-26,15,-50,30,-29,41,-84,46,-26,43,25,30,-28,7,-50,30,2,38,-26,34,-12,96,-104,8,-27,-4,-49,22,-38,-16,-46,-33,-57,-2,-55,10,-29,-20,-32,-11,-65,-20,-24,-3,-45,-13,-9,-45,-6,-25,-42,-41,-23,-1,-29,-18,-11,-19,-25,4,-28,16,-36,-21,-36,54,-97,39,-36,33,-19,-3,-48,-29,-39,-79,-59,-61,-12,-36,-75,-29,-12,-27,-37,-63,-46,-9,-31,-37,-33,-50,9,-6,-19,-19,-21,-4,-42,-9,-17,-52,-31,-14,-18,0,-7,33,-31,16,-40,-8,-37,-39,-17,-41,-28,-6,-27,-29,22,-44,-11,-7,-10,-4,-45,-16,-14,-32,-11,-7,-10,-7,-34,-13,-27,6,-39,-36,-78,-6,-31,-148,5,-16,6,-15,31,-30,-4,-20,8,-58,-10,-51,1,-43,-25,-12,-57,-35,-43,-20,5,-42,29,-15,-30,-60,-12,-18,-42,24,-69,-16,-27,-3,-30,34,-100,-18,-48,-14,-18,-31,-12,-8,-11,15,-62,46,-22,38,-44,26,-18,30,-72,-8,-26,5,-44,-12,-22,8,-9,-5,-37,-24,-31,37,-14,32,-26,-14,-101,24,-54,-20,-35,6,-68,-16,-21,3,-20,-6,-11,-9,-5,-46,7,-23,-18,-40,-7,-15,-10,-10,-53,9,-27,12,-3,34,22,65,-10,21,-22,-26,-37,-68,-57,-28,-12,-11,-17,63,-15,23,-31,38,8,13,-14,11,-32,42,-8,40,-37,57,2,15,-6,27,-30,2,-45,-4,-11,-25,-20,-17,-32,7,-34,20,-24,-24,-53,-30,-7,-18,-15,-32,-6,-40,-21,-21,-39,7,-64,20,-36,-4,-31,-15,-19,14,-16,-1,-31,-19,-41,-20,-22,-8,-43,20,-55,-8,-53,55,-42,6,-21,-10,-17,-19,-9,-35,-3,-28,8,-15,-4,-8,-21,19,-27,-4,-38,-15,-12,-53,-4,-9,-20,7,-32,-42,-28,-13,-18]]]
1565047	n	105.9995,20.985,106.2057,21.12	[[[1059995,210055,19,-51,6,8,27,1,0,-8,7,0,-2,-22,58,0,0,15,16,12,-4,5,6,7,13,-4,17,3,12,-4,12,-43,13,2,9,-21,24,-10,18,13,27,-24,4,4,12,-8,7,11,7,0,7,16,4,-3,5,16,60,16,0,12,27,22,11,5,9,-7,37,18,37,2,-11,15,22,17,16,-11,2,6,22,4,2,-14,-9,-10,22,-17,3,-16,11,-8,97,5,2,-11,25,-10,-5,-13,5,-4,33,-11,3,9,11,-2,-2,-11,19,-6,6,14,26,-8,12,22,12,6,-7,3,4,8,11,-2,-10,7,14,46,21,10,22,-13,13,19,16,0,14,-14,11,6,28,-26,-2,-11,12,-6,4,8,16,-12,31,-34,21,8,9,-6,12,13,29,10,35,-32,29,-6,1,-61,-13,-24,3,-25,132,0,14,26,-4,54,23,15,10,27,-3,19,59,21,15,-26,34,-11,8,-28,25,-3,30,-23,16,-32,64,-7,13,18,10,2,10,-6,4,4,40,-26,13,13,18,-12,15,-25,309,0,54,114,-111,1236,-1476,0,-325,-667,7,-5,-13,-18,61,-34,0,-62,-7,-18,-10,4,-7,-16,14,7,-26,-47,-35,-41,-64,-14,29,-45,-24,-1,-24,-23,-13,-45,29,-24,-13,-13,5,-3,-9,-18,51,7,0,-1,2,0,2,-15,-11,-3,-4,-22,-36,2,-1,-5,-34,-5,-2,-18,-17,-2]]]
9645071	p	1566083
1586360	n	107.1069,20.8065,107.3596,21.2284	[[[1071069,211759,770,-2390,131,7,-36,151,215,225,162,40,0,68,-73,6,-42,16,-33,20,-51,21,129,59,212,49,211,12,132,-46,96,37,-805,2250,-85,-20,-223,-75,-213,-95,-203,-114,-189,-132,-105,-89]],[[1073411,208426,10,-142,82,-175,93,-44,-118,329,-28,31,-39,1]]]
9645073	p	1566083
1562773	n	105.8356,9.2521,106.197,9.4659	[[[1058356,94554,66,-508,4,0,7,-8,-8,-20,3,-22,34,0,20,-31,4,-20,-6,-41,8,-15,12,-8,29,3,2,-11,-9,-20,4,-8,32,4,12,-10,0,-17,-33,-7,-9,-15,13,-46,31,-26,-5,-44,3,-19,34,-20,-16,-47,-14,7,-24,-2,-32,-37,-22,-14,-10,-4,132,-1027,65,26,1499,606,1372,415,285,54,95,71,36,154,-9,57,-38,105,-45,36,-89,39,-97,98,101,108,-101,166,-133,178,-23,25,-5,0,-3175,-105]]]
1570656	p	1581130
12253704	n	103.846,10.2119,104.0855,10.451	[[[1038460,103713,35,-108,69,-344,2146,-1142,145,362,0,1058,-35,171,-722,751,73,-68,-124,117,-115,-9,-98,-79,-72,-91,-32,-98,-16,-114,-33,-96,-89,-40,-41,-33,-108,-155,-22,-48,-83,-83,-196,-12,-629,90,-53,-29]]]
1584242	n	105.3984,21.4662,105.7859,21.8561	[[[1053984,216300,12,-222,35,-219,57,-215,49,-127,997,-720,1551,-135,631,784,538,2631,5,22,-117,81,-203,114,-214,95,-224,75,-230,54,-234,32,-237,11,-237,-11,-234,-32,-230,-54,-224,-75,-214,-95,-203,-114,-191,-132,-175,-149,-160,-165,-131,-165,-342,-722,-28,-106,-35,-219,-12,-222]]]
1567032	n	105.0527,10.6214,105.295,10.9469	[[[1050527,109295,2279,-2920,144,-161,0,2295,-263,228,-154,98,-442,81,-973,180,-143,47,-114,152,-24,131,-58,43,-197,-102,-55,-72]]]
9075789	n	107.24,10.7274,107.4787,11.1561	[[[1072400,107617,4,1,16,-26,23,5,-2,-36,564,-11,-10,-46,47,-11,-25,-37,14,-105,-2,-27,17,-18,-3,-7,11,-13,-23,-3,3,-8,10,5,2,-3,882,316,-3,6,15,17,-1,11,35,4,15,27,10,3,7,14,-6,5,8,11,16,-1,3,8,18,-2,-4,9,10,3,6,-5,1,10,10,2,10,21,9,0,-6,6,12,-2,12,10,6,-7,9,6,-3,-8,6,3,1,-8,5,1,0,-11,2,6,6,-8,-1,10,8,-4,112,122,-2,3,6,2,-1,11,9,-1,-6,9,12,-1,128,169,115,190,96,201,76,209,54,215,33,219,11,222,-11,222,-33,219,-54,215,-76,209,-96,201,-115,190,-134,178,-151,165,-166,149,-180,132,-193,114,-203,95,-211,75,-218,54,-222,32,-224,11,-100,-5,0,-3939]]]
1588275	n	107.5808,11.3239,108.0392,11.7761	[[[1075808,115500,11,-222,33,-219,55,-215,75,-209,96,-201,116,-190,134,-178,151,-165,167,-149,181,-132,192,-114,204,-95,212,-75,218,-54,222,-32,225,-11,225,11,222,32,218,54,212,75,204,95,192,114,181,132,167,149,151,165,134,178,116,190,96,201,75,209,55,215,33,219,11,222,-11,222,-33,219,-55,215,-75,209,-96,201,-116,190,-134,178,-151,165,-167,149,-181,132,-192,114,-204,95,-212,75,-218,54,-222,32,-225,11,-225,-11,-222,-32,-218,-54,-212,-75,-204,-95,-192,-114,-181,-132,-167,-149,-151,-165,-134,-178,-116,-190,-96,-201,-75,-209,-55,-215,-33,-219,-11,-222]]]
1566566	p	1581130
1582436	n	106.6793,11.3142,107.1092,11.7661	[[[1066793,116490,832,-1692,10,6,39,-5,9,28,13,-6,51,8,36,20,20,25,60,18,43,27,68,-9,7,-19,34,-40,13,-31,-3,-48,10,-54,25,-47,1,-18,26,-42,-12,-7,-15,-30,1,-55,-38,-46,-29,-17,-76,-100,-55,-40,272,-553,43,10,7,14,65,55,17,-36,76,0,14,-12,-2,-22,26,-2,30,-19,117,17,18,-1,10,-19,11,1,4,-25,-16,-28,18,-8,-1,-29,8,-15,-3,-14,9,-15,-15,-16,-23,16,-4,-8,8,-29,15,3,-8,-53,22,-27,5,-2,7,10,12,-16,-32,-18,-6,-15,5,-6,18,1,27,-13,14,-20,2,-25,-18,-43,-19,4,-10,-4,-17,-43,-15,-20,14,-43,-12,-29,16,-48,0,-21,3,0,7,0,10,3,16,-5,40,-1,15,1,1,-2,65,-4,-9,38,-22,25,26,68,78,68,39,55,52,10,112,-2,5,12,13,-1,2,12,6,3,-7,7,10,-1,7,6,-6,32,44,62,22,-3,4,7,12,-1,2,11,18,0,12,11,12,0,21,-7,4,-28,7,-8,20,4,20,21,64,5,18,-14,27,8,1,11,35,1,26,9,45,-21,-12,-26,2,-35,9,-2,-4,-7,18,-14,-3,-16,8,-3,-5,-8,15,-10,-3,-11,10,0,0,-12,12,-2,15,-18,5,-25,-11,-9,-2,-12,15,-1,-4,-19,13,-5,-3,-7,8,-13,-10,-14,5,-6,0,-9,150,53,203,95,193,114,181,132,167,149,151,165,134,178,115,190,97,201,75,209,55,215,33,219,11,222,-11,222,-33,219,-55,215,-75,209,-97,201,-115,190,-134,178,-151,165,-167,149,-181,132,-193,114,-203,95,-212,75,-218,54,-222,32,-225,11,-225,-11,-222,-32,-218,-54,-212,-75,-203,-95,-193,-114,-181,-132,-167,-149,-151,-165,-134,-178,-101,-166]]]
1567148	n	108.2369,15.3456,108.6038,15.7799	[[[1082369,155700,11,-222,33,-219,56,-215,77,-209,98,-201,118,-190,136,-178,154,-165,169,-149,184,-132,196,-114,207,-95,215,-75,222,-54,184,-26,7,9,1602,2026,-1485,1979,-174,329,-1790,-1147,-43,-87,-77,-209,-56,-215,-33,-219,-11,-222]]]
1582926	n	106.8654,16.5939,107.3341,17.0461	[[[1068654,168200,11,-222,34,-219,56,-215,77,-209,99,-201,118,-190,137,-178,155,-165,171,-149,185,-132,197,-114,208,-95,217,-75,223,-54,228,-32,230,-11,230,11,34,5,2074,2093,3,53,-848,699,-148,76,-52,46,-59,92,-69,65,-90,-29,-180,-127,5,-61,14,-70,-12,-46,-112,-51,-118,-19,-254,1,0,69,356,193,60,42,31,85,71,45,71,32,32,50,-32,70,-142,81,-539,754,-113,87,37,262,-20,3,-230,11,-230,-11,-228,-32,-223,-54,-217,-75,-208,-95,-197,-114,-185,-132,-171,-149,-155,-165,-137,-178,-118,-190,-99,-201,-77,-209,-56,-215,-34,-219,-11,-222]]]
1564046	p	1566083
1582173	n	108.192,11.5139,108.5994,11.8664	[[[1081920,115975,7,-9,151,-165,167,-149,181,-132,193,-114,203,-95,212,-75,219,-54,222,-32,225,-11,225,11,222,32,219,54,212,75,203,95,193,114,181,132,167,149,151,165,134,178,116,190,96,201,76,209,55,215,33,219,11,222,-11,222,-33,219,-6,21,-2581,801,-1443,-2688]]]
1577995	n	107.5471,10.5771,107.9948,10.8862	[[[1075471,107090,459,-1319,283,155,232,81,218,30,650,342,370,123,139,76,417,346,584,246,159,30,212,11,169,-24,443,-129,109,-64,33,0,-7,47,-54,215,-51,140,-1044,1189,-15,9,-202,95,-212,75,-217,54,-222,32,-224,11,-224,-11,-222,-32,-217,-54,-212,-75,-202,-95,-193,-114,-180,-132,-166,-149,-150,-165,-134,-178,-115,-190,-96,-201,-76,-209,-42,-166]]]
1563926	n	106.112,9.7317,106.568,10.1172	[[[1061120,99500,11,-222,33,-219,54,-215,75,-209,96,-201,115,-190,133,-178,151,-165,166,-149,179,-132,192,-114,202,-95,211,-75,77,-19,2224,971,-29,53,-252,277,-869,710,-196,241,-57,32,-511,479,-58,87,-85,166,-62,88,-88,86,-368,268,-313,228,-169,155,-112,14,-82,-73,-151,-165,-133,-178,-115,-190,-96,-201,-75,-209,-54,-215,-33,-219,-11,-222]],[[1062642,101073,1308,-1329,847,-504,247,-185,437,-473,26,53,75,209,54,215,33,219,11,222,-11,222,-5,32,-49,38,-771,361,-227,204,-398,513,-1577,203]],[[1064224,99328,461,-425,283,-151,242,-375,14,-8,175,76,-89,135,-329,332,-121,115,-431,301,-160,33,-45,29,0,-62]],[[1064483,100837,206,-247,292,-232,498,-204,127,-92,-24,94,-75,209,-96,201,-99,163,-829,108]]]
1565136	n	105.4422,10.1611,105.562,10.3252	[[[1054422,103001,529,-1279,213,-110,256,34,200,1115,-111,98,-152,99,-142,76,-66,28,-188,190,-87,-13,-30,-75,-74,-57,-5,6,-11,-9,-66,2,-122,-26,-43,-22,-4,11,-97,-68]]]
1591474	n	105.5662,9.159,105.8618,9.4138	[[[1055662,93807,529,-2217,1408,519,1019,412,-325,-131,-22,60,-79,276,45,21,-2,7,24,11,-112,548,-26,80,91,52,84,38,190,65,-58,448,-3,0,-3,13,3,9,-3,27,-10,0,-40,-35,-50,6,-15,-11,8,-16,28,10,10,-7,-12,-59,-9,-12,-48,-18,-16,22,-59,16,-1,-33,15,-52,-22,-25,-5,-32,-8,-12,-45,-9,-8,-12,11,-22,30,-11,3,-20,-15,-12,-49,4,-35,18,-22,37,-69,-15,-26,28,-36,2,-27,30,5,35,-11,2,-39,-14,-11,30,-17,5,-30,39,-17,4,6,23,-15,3,1,4,66,64,26,6,-5,24,-18,11,-22,31,-55,-23,-46,66,-28,-25,-23,20,-8,-11,-13,3,-20,13,-6,21,-8,2,-5,-4,4,-18,-35,-20,-8,1,-9,12,-9,-16,-15,-7,-16,13,-1,12,-11,-5,14,-25,-5,-15,-36,6,-25,-12,0,-13,10,-10,-27,-4,-23,-31,-14,1,-7,17,-25,-4,9,-28,-2,-35,-14,-4,-27,5,-16,-14,-37,18,-13,-16,0,-15,-25,4,-8,-28,-31,19,-2,-10,-41,-3,-17,29,-13,6,-15,-5,-17,21,-3,14,-46,-9,28,-19,-8,-36,0,-74,-4,0,-14,-58,-39,-3,-73,23,-89,-13,-27,60,-26,-11,-25,8,-43,66,-47,-19,3,-5,-10,-7,-7,13,-13,0,-75,-20,-5,-8,-24,-4,-4,7,-10,-6,-13,21,-27,-6,3,46,-11,6,-13,22,-18,3,-33,-15,-37,11,-7,15,-16,0,40,53,3,21,-7,15,4,16,-23,8,3,15,-56,17,-669,-300]]]
1563281	n	109.0894,12.8739,109.4603,13.2921	[[[1090894,131000,11,-222,34,-219,55,-215,76,-209,96,-201,117,-190,135,-178,152,-165,167,-149,182,-132,194,-114,205,-95,213,-75,219,-54,224,-32,226,-11,226,11,224,32,219,54,213,75,205,95,194,114,122,89,-20,32,-419,476,-197,311,-266,290,-206,365,-83,83,-128,81,30,89,-60,133,-98,126,-82,135,-32,176,28,157,48,154,24,162,-66,208,-2,100,115,227,22,76,-10,205,-20,94,-14,32,-93,-24,0,-58,-112,-50,-35,-121,15,-313,-127,135,-89,143,-63,158,-1204,-312,-41,-45,-135,-178,-117,-190,-96,-201,-76,-209,-55,-215,-34,-219,-11,-222]]]
1582190	n	108.7277,14.6034,109.0951,14.9969	[[[1087277,148100,11,-222,34,-219,55,-215,77,-209,97,-201,118,-190,57,-75,49,-28,47,-37,44,4,28,-13,94,-7,26,19,58,-10,25,14,38,-6,14,20,75,42,10,2,21,-10,18,11,34,48,42,89,25,27,18,9,18,-6,16,-15,35,-55,-4,-23,12,-15,51,5,-8,25,8,34,16,22,35,-5,10,12,13,1,65,-7,30,4,15,-12,29,-3,11,-27,10,4,32,-27,90,-20,18,-12,18,32,12,7,125,11,12,14,5,27,174,64,43,54,4,-11,-2,-33,13,-14,13,5,24,-5,14,-9,14,1,14,-13,22,0,26,-58,19,-10,14,9,12,-19,12,9,16,-2,8,-13,-6,-17,46,-14,-5,-17,6,-11,20,21,19,7,8,29,93,-62,55,-67,35,-27,9,-2,20,12,60,-2,74,21,30,-35,35,-18,24,-4,27,16,27,6,53,-39,33,-10,7,-34,-5,-13,38,-11,3,-14,38,-38,22,-39,-3,-45,24,-8,16,32,18,-10,18,8,8,-25,19,-9,-4,-44,24,-10,20,-20,42,-69,1,-37,-31,-19,41,-72,-24,-67,6,-16,33,-16,5,-41,53,-5,157,72,116,67,-38,552,-9,131,42,-81,61,-62,84,-39,-90,479,-53,142,-373,478,-65,63,-202,295,-43,89,-223,86,-47,60,201,22,-630,1408,-52,173,-1906,-974,-14,-30,-77,-209,-55,-215,-34,-219,-11,-222]]]
1590900	n	103.4487,21.2139,103.8946,21.6661	[[[1034487,214400,1,-13,6,-7,-5,-4,10,-198,35,-219,57,-215,80,-209,101,-201,122,-190,141,-178,159,-165,175,-149,191,-132,203,-114,214,-95,223,-75,229,-54,235,-32,236,-11,236,11,44,6,1766,3438,-40,62,-141,178,-159,165,-175,149,-191,132,-203,114,-214,95,-223,75,-229,54,-235,32,-236,11,-236,-11,-235,-32,-229,-54,-223,-75,-214,-95,-182,-102,13,-14,1,-14,-14,-30,-39,-24,14,-35,-14,-21,1,-22,-52,-43,-9,-61,-23,-13,-33,10,-35,-18,-12,-40,2,-72,-30,12,-10,-1,-21,-17,-24,-35,-3,-23,31,-33,-13,-83,25,-24,-16,-25,-31,3,-29,-17,-19,1,-11,13,-32,-22,2,-32,-8,-19,4,-30,-8,-12,28,-71,0,-35,-4,-16,-26,-27,-12,-31,3,-33,-66,-6,-64,18,-19,-18,-31,-3,-16,-14,-63,-28,-88,-84,-89,-4,-44,-31,-14,0,-43,17,-49,-129,-57,-215,-5,-28,4,-12,-2,-100,34,-122,-74,-100,-4,-79]]]
1586296	p	1566083
1578163	n	106.0638,17.9096,106.506,18.2571	[[[1060638,180600,11,-222,34,-219,57,-215,78,-209,99,-201,119,-190,51,-66,15,1,28,-9,57,8,28,-23,46,-16,47,-31,63,5,13,-5,9,-19,66,-6,47,9,52,-24,69,5,62,-28,42,5,89,58,50,1,28,22,11,2,27,-13,20,-39,32,-17,10,1,33,26,41,59,20,10,25,-1,64,19,22,-2,35,24,35,-11,51,3,26,-16,19,-3,38,30,36,-35,43,-17,9,-19,28,-23,54,-21,21,-31,17,0,21,-15,22,23,50,33,46,-4,33,-33,24,-5,23,-60,31,61,47,58,-23,27,-29,52,-17,54,30,72,16,10,49,7,23,15,17,87,17,4,36,31,28,55,53,-3,44,11,92,-6,6,13,-4,44,42,111,73,64,20,52,34,0,74,-21,92,16,21,-1,35,-22,75,-15,41,-16,50,6,34,-24,41,-13,115,-9,19,-24,80,-63,61,16,13,-1,28,-31,26,-16,127,31,34,-29,50,-8,9,-171,26,-5,33,-20,86,48,104,19,56,-7,44,-22,13,3,83,43,69,68,102,73,-670,800,-113,209,-53,213,110,191,14,102,-124,49,-189,-222,-85,-57,-109,-7,-68,37,-65,21,-106,-51,-57,-68,-46,-101,-30,-118,-2,-123,-103,195,-19,96,58,119,-129,-17,-37,-14,-44,-32,-130,63,62,97,116,79,128,26,98,-60,73,0,-80,180,-137,125,-335,241,-280,348,-86,54,-216,76,-69,38,-490,362,-159,-91,-187,-132,-171,-149,-156,-165,-138,-178,-119,-190,-99,-201,-78,-209,-57,-215,-34,-219,-11,-222]]]
9081327	n	106.0069,11.0672,106.3569,11.4842	[[[1060069,111489,62,-96,150,-166,350,-294,134,-163,37,-75,51,-13,71,-10,57,107,154,90,174,-27,115,-87,2099,1729,-10,1,0,16,11,19,35,28,10,65,-65,16,24,32,3,40,11,24,-4,36,14,38,-16,9,-3,21,4,6,27,8,-12,38,-8,-1,-18,-23,0,17,-9,11,-45,11,-19,-16,-11,-21,11,-32,-15,0,-30,31,6,49,-6,27,12,7,26,-6,2,7,-21,25,-26,15,-21,-20,20,-43,-19,4,-26,30,0,48,25,30,37,93,35,118,-22,36,-26,13,-16,37,-22,29,-80,48,-13,36,8,22,35,44,25,42,19,84,12,6,57,-2,25,16,1,4,-39,108,-96,201,-116,190,-134,178,-151,165,-166,149,-181,132,-104,62,-2399,-3353]]]
1586350	n	108.9305,11.6948,109.2942,12.0941	[[[1089305,119200,11,-222,33,-219,55,-215,75,-209,97,-201,116,-190,88,-117,1998,-879,47,2,223,32,69,18,61,141,70,75,74,-74,107,215,-393,489,3,41,10,217,-120,171,12,136,68,127,40,143,-70,14,-150,-165,-147,-198,-49,-92,-317,60,-58,336,114,325,193,30,253,226,169,264,95,285,30,290,-54,160,-234,213,-55,101,49,264,-1671,146,-11,1,-159,-142,-151,-165,-134,-178,-116,-190,-97,-201,-75,-209,-55,-215,-33,-219,-11,-222]],[[1091951,120782,7,-33,227,-591,-73,0,115,-342,-61,-728,82,-302,35,22,73,26,34,20,86,-124,138,-73,164,-9,164,64,0,74,-134,53,-100,111,-49,149,5,166,171,136,0,34,33,177,0,62,-285,194,-91,106,-286,532,-67,175,-8,86,-180,15]]]
1581755	n	105.3113,9.0071,105.6191,9.4008	[[[1053113,91684,219,-1261,4,-3,191,-114,202,-95,211,-75,216,-54,72,-10,32,8,26,27,44,176,106,132,266,205,440,466,245,207,804,297,-529,2217,-508,201,-2041,-2324]]]
12217184	n	107.9806,11.5948,108.3363,12.0461	[[[1079806,118200,11,-222,33,-219,54,-215,76,-209,96,-201,116,-190,134,-178,152,-165,166,-149,181,-132,193,-114,204,-95,212,-75,218,-54,223,-32,31,-2,14,27,1443,2688,-1085,1789,-178,9,-225,-11,-223,-32,-218,-54,-212,-75,-204,-95,-193,-114,-181,-132,-166,-149,-152,-165,-134,-178,-116,-190,-96,-201,-76,-209,-54,-215,-33,-219,-11,-222]]]
1564555	n	104.7261,10.3739,105.1324,10.6766	[[[1047261,105211,28,-76,96,-201,115,-190,134,-178,150,-165,167,-149,180,-132,192,-114,203,-95,211,-75,217,-54,222,-32,224,-11,224,11,222,32,217,54,211,75,203,95,192,114,180,132,167,149,150,165,134,178,24,38,-1183,1984,-698,-350,-129,-109,-117,-127,-412,-620,-241,-247,-356,-141,-450,-19,-477,58]]]
1586551	n	105.9017,10.2049,106.2584,10.6261	[[[1059017,104663,26,-102,2696,-2512,477,721,368,2058,-686,1323,-35,13,-218,54,-221,32,-224,11,-224,-11,-221,-32,-218,-54,-211,-75,-202,-95,-193,-114,-180,-132,-166,-149,-150,-165,-133,-178,-116,-190,-95,-201,-74,-202]]]
1562693	n	105.8497,10.0389,106.1739,10.4561	[[[1058497,101952,2013,-1563,63,22,203,95,192,114,180,132,166,149,150,165,134,178,115,190,11,24,0,8,1,27,-65,318,-81,143,-229,248,-75,46,-97,44,-45,51,49,38,31,26,60,-13,92,-48,84,-60,289,-294,1,57,-2696,2512,-47,-167,-499,-2442]]]
1570449	n	105.6702,20.3659,106.0524,20.6764	[[[1056702,205500,11,-222,35,-219,57,-215,79,-209,101,-201,121,-190,140,-178,158,-165,174,-149,134,-93,2404,541,408,856,-1310,1708,-15,-4,-18,-27,-7,11,-91,-53,-29,-7,2,-37,-22,-2,-46,36,-27,8,0,-171,-66,-47,-66,-29,-44,-12,-51,3,-70,20,-56,-7,-40,7,-39,28,-37,51,-8,-7,-53,37,-29,10,3,19,-67,26,-5,-11,-22,9,2,7,-26,7,2,5,-58,11,-1,-24,-11,1,-24,-14,58,-69,28,-21,52,-21,6,-21,-23,-32,-109,-58,-74,-52,-18,-35,-4,-18,7,1,3,-24,11,1,-1,-7,17,-3,-14,-10,-1,-15,16,-36,-22,-3,-3,-22,-59,-45,-9,-24,25,-35,35,-15,-33,-21,-14,-17,16,-16,-7,-17,-9,3,-6,16,-9,3,-41,-63,-5,-53,9,-33,-23,-30,-31,-123,-17,-19,-44,-9,-45,1,-35,-17,-25,13,-26,-17,-83,6,-17,65,-23,43,-99,94,-26,42,-48,27,-32,57,-26,17,-21,-11,-41,2,-26,9,-19,12,-37,46,-45,-76,-26,-13,-92,26,-27,-4,-43,40,13,24,-10,24,10,17,-16,14,3,50,-28,58,-25,4,-7,-15,-10,-5,-16,1,-33,18,-15,-4,-42,-53,-15,5,-20,-6,-13,15,-5,-3,-6,-15,-57,-215,-35,-219,-11,-222]]]
13680023	p	1581130
8616124	p	1581130
1586357	n	107.2084,20.8049,107.5406,21.2461	[[[1072084,212291,3,-7,805,-2250,31,12,187,7,228,5,139,42,100,52,166,124,0,62,-99,66,-40,120,-22,149,-39,149,92,22,39,35,-11,56,-57,86,149,141,68,236,61,448,-88,-36,-89,6,-86,40,-78,59,46,116,17,354,-137,33,-233,32,-236,11,-236,-11,-233,-32,-229,-54,-218,-73]],[[1073325,208833,30,-64,51,-15,29,19,107,-126,69,-50,66,-13,68,9,134,57,21,24,-1,21,0,23,29,28,24,40,-29,61,-101,32,-162,5,-105,-13,-42,-12,-53,23,-68,22,-54,-21,-13,-50]],[[1073478,208394,118,-329,13,-6,80,13,46,-23,107,36,3,43,-33,61,-116,70,-125,34,-93,101]],[[1073729,210596,158,-121,342,273,124,66,243,88,111,57,333,436,-40,61,-140,178,-159,165,-175,149,-117,82,-45,-53,-11,-84,-29,-8,-73,83,-68,-1,-49,-304,-89,-282,-20,-115,-82,-198,-147,-249,-67,-223]],[[1073950,208973,171,22,449,108,245,22,161,38,141,77,105,124,66,145,56,192,16,58,34,219,12,222,-4,82,-75,-80,0,204,-101,-183,-28,-89,-108,40,-43,28,-123,-288,-34,-153,27,-112,-174,-182,-231,-167,-269,-146,-293,-119,0,-62]],[[1074707,208768,78,-80,75,78,57,72,-2,0,-208,-8,0,-62]]]
1566559	n	105.871,11.1489,106.2464,11.5361	[[[1058710,113100,11,-222,18,-121,128,-78,27,-215,0,-2,105,-276,205,-153,536,-129,148,-134,181,-281,2395,3348,-11,11,-181,132,-192,114,-204,95,-211,75,-218,54,-223,32,-224,11,-224,-11,-223,-32,-218,-54,-211,-75,-204,-95,-192,-114,-181,-132,-166,-149,-151,-165,-134,-178,-116,-190,-96,-201,-76,-209,-54,-215,-33,-219,-11,-222]]]
1582886	n	106.3846,17.2439,106.7917,17.6245	[[[1063846,174700,11,-222,34,-219,56,-215,78,-209,99,-201,118,-190,138,-178,155,-165,171,-149,186,-132,198,-114,209,-95,218,-75,224,-54,228,-32,231,-11,231,11,228,32,224,54,218,75,209,95,198,114,186,132,171,149,52,56,-278,198,-876,940,-127,178,-44,26,-10,39,-198,151,-38,15,-86,162,-112,321,-489,793,-241,265,-1499,-998,-28,-106,-34,-219,-11,-222]]]
12166273	n	105.6402,10.2369,105.9043,10.5032	[[[1056402,103544,420,-1175,2174,2025,47,167,-37,145,-158,142,-180,132,-88,52,-2178,-1488]]]
1581331	n	107.8965,15.6939,108.2011,16.0606	[[[1078965,159200,11,-222,34,-219,55,-215,77,-209,98,-201,118,-190,137,-178,154,-165,169,-149,185,-132,196,-114,207,-95,216,-75,222,-54,227,-32,229,-11,34,2,677,2523,-593,387,-1945,755,-115,-150,-118,-190,-98,-201,-77,-209,-55,-215,-34,-219,-11,-222]]]
1576303	n	103.7269,22.2639,104.2131,22.7109	[[[1037269,224900,12,-222,35,-219,58,-215,80,-209,102,-201,123,-190,142,-178,160,-165,177,-149,192,-132,204,-114,216,-95,224,-75,232,-54,236,-32,238,-11,238,11,236,32,232,54,224,75,216,95,204,114,192,132,177,149,160,165,142,178,123,190,102,201,80,209,58,215,35,219,12,222,-12,222,-35,219,-58,215,-80,209,-102,201,-123,190,-142,178,-160,165,-177,149,-192,132,-204,114,-216,95,-224,75,-197,45,-70,-199,-64,-608,-41,-152,-133,-297,-45,-150,0,-158,18,-143,-20,-130,-114,-119,-145,-82,-86,94,-102,82,-153,35,-84,51,-142,253,-82,106,-59,26,-160,18,-59,18,-226,239,-79,35,-66,64,-200,295,-44,87,-44,48,-28,-23,-160,-165,-142,-178,-123,-190,-102,-201,-80,-209,-58,-215,-35,-219,-12,-222]]]
1568142	n	105.7257,19.5376,105.9568,19.9125	[[[1057257,195759,56,-58,173,-149,87,-61,29,-5,591,-110,-3,363,-43,5,-10,46,-5,107,-26,99,-52,91,-24,-58,-73,-83,-39,-70,-9,159,130,95,137,-30,14,-224,49,113,2,277,18,156,76,159,225,335,46,164,64,131,141,11,142,-9,63,69,38,156,180,230,55,132,-134,-55,-285,-29,-133,-59,-63,75,273,141,142,96,64,104,105,-99,31,-38,34,118,-2,280,37,149,210,273,-2,96,-71,156,0,95,8,22,-320,-34,-1926,-3332]]]
1571644	p	1586203
13513037	n	105.6685,21.3667,105.9618,21.5446	[[[1056685,214662,712,-897,180,-98,2041,1584,-2302,195,-631,-784]]]
1586989	n	108.0696,12.7239,108.5304,13.1761	[[[1080696,129500,11,-222,33,-219,42,-165,1882,-1628,110,-16,226,-11,226,11,224,32,219,54,213,75,204,95,194,114,182,132,167,149,152,165,135,178,116,190,97,201,76,209,55,215,33,219,11,222,-11,222,-33,219,-55,215,-76,209,-97,201,-116,190,-135,178,-152,165,-167,149,-182,132,-194,114,-204,95,-213,75,-219,54,-224,32,-226,11,-226,-11,-224,-32,-219,-54,-213,-75,-204,-95,-194,-114,-182,-132,-167,-149,-152,-165,-135,-178,-116,-190,-97,-201,-76,-209,-55,-215,-33,-219,-11,-222]]]
1585281	r	106.5339,21.3428,106.6305,21.4344	[[[1065339,213927,1,-15,7,10,7,-14,-12,-11,4,-10,28,-24,-6,-17,20,-18,-4,-10,11,-1,1,-23,11,-1,-5,-8,23,-33,22,-10,40,17,13,-9,16,4,10,-24,-3,-23,43,-16,-141,-40,3,-49,-18,-35,-14,-2,4,-6,-9,-5,1,-28,-10,-8,-1,-18,-22,-34,9,-27,12,-10,50,-1,42,12,13,46,46,34,30,14,0,54,10,30,23,23,43,21,19,0,54,-17,151,-5,66,-27,54,-32,35,7,24,27,28,67,24,28,26,18,28,0,12,30,5,-6,10,9,4,-17,9,2,-1,8,13,-8,-1,37,10,-4,2,12,13,10,13,0,11,-9,6,5,-3,32,18,-1,-6,7,9,12,-4,7,19,2,-2,20,14,15,-10,9,7,11,-9,2,12,12,-10,2,3,12,-11,3,3,10,17,11,-18,-1,11,23,-15,7,12,1,16,52,-9,7,4,10,-16,22,-5,29,-23,21,-3,19,-12,2,-2,8,21,10,-18,10,-12,17,-91,2,6,25,22,25,6,43,-9,2,-15,-11,-2,5,-17,-4,-3,9,6,10,-12,-2,-29,35,-14,-11,-10,1,5,-12,-8,-10,5,-19,-18,-24,-49,24,-14,19,-31,15,-21,-2,-10,11,-28,-22,-13,-21,-8,17,3,12,-6,5,-15,-5,-10,3,5,6,-11,10,-10,-12,-23,-5,-16,18,-15,-1,-12,-12,-15,20,-26,-1,-15,-81,27,-128,-28,-47,-15,5,-6,-14,-9,2,-7,-10,-18,-5,-29,-34,14,-16,5,-30,-18,0,-10,10,-16,4,-29,-1,-7,11,-12,2,-17,15,-10,25,-22,15,-2,7,-27,1,-17,13,-15,-9,-35,-4,-27,11,-13,-6,-1,-18,12,-7,13,-22,-13,-4,-4,-17,-7,3,-16,-18,8,-12,-15,-23,-7,-34]]]
1587976	n	106.1724,10.0727,106.5939,10.3227	[[[1061724,101466,63,-132,100,-164,95,-12,-48,45,-113,127,-92,145,-4,18,-1,-27]],[[1061738,101992,904,-919,1577,-203,-534,689,-103,207,-88,382,-115,133,-300,233,-52,19,-53,26,-54,58,392,-122,287,-288,835,-1312,49,-58,849,-110,82,74,150,165,134,178,115,190,95,201,31,83,-464,964,-672,226,-466,291,-2121,-329,-477,-721,-1,-57]],[[1064570,103135,110,-62,196,-46,376,-1,11,-2,-98,203,-595,-92]],[[1065117,102959,223,-95,-48,98,-21,9,-154,-12]]]
1585317	p	1566083
13546525	p	1581130
8657105	p	1583992
1562548	n	105.502,21.2049,105.7397,21.4797	[[[1055020,212568,945,-518,1432,1715,-712,897,-1551,135,-114,-2229]]]
1591440	n	104.627,22.2539,105.113,22.6919	[[[1046270,224800,11,-222,35,-219,58,-215,81,-209,102,-201,122,-190,142,-178,160,-165,177,-149,192,-132,204,-114,216,-95,224,-75,232,-54,236,-32,238,-11,238,11,236,32,232,54,224,75,216,95,204,114,192,132,177,149,160,165,142,178,122,190,102,201,81,209,58,215,35,219,11,222,-11,222,-35,219,-58,215,-81,209,-102,201,-122,190,-1,1,-1401,422,-1460,440,-89,-30,-216,-95,-204,-114,-192,-132,-177,-149,-160,-165,-142,-178,-122,-190,-102,-201,-81,-209,-58,-215,-35,-219,-11,-222]]]
1580142	n	105.919,20.5056,106.2882,20.7982	[[[1059190,207981,46,-68,32,-31,25,-17,83,-28,163,-26,64,-19,37,-25,29,-35,15,-34,1,-20,-16,-255,12,-81,-40,-92,91,-245,6,-5,51,-7,36,9,42,17,2,9,13,8,18,4,139,3,-25,-34,-58,-35,24,-50,-61,-32,19,-51,7,3,-4,-12,16,-12,18,-36,-29,-12,-23,14,25,30,-13,9,-9,-12,-21,14,-4,19,-15,-21,-38,-20,-63,-67,5,-21,-15,-60,-103,-8,-56,-27,-33,-30,-14,-30,11,-54,-89,21,-26,13,-13,9,-17,29,-3,57,24,20,12,21,-1,85,-6,24,-19,25,-20,7,-35,-14,-63,-4,-110,-37,1310,-1708,1851,1019,507,685,-27,174,-24,-7,-47,-4,-31,5,-44,41,-34,61,-22,13,-25,-2,-125,-60,-15,-26,31,-35,43,-25,116,-16,15,-15,2,-17,-49,-11,-18,3,-17,8,-32,31,-9,-11,-26,12,-10,-13,-3,5,-17,-9,-18,7,-8,-6,-9,19,3,8,-18,10,4,28,-19,8,-3,15,-12,11,-95,67,-61,21,-29,64,-10,63,-31,31,-22,42,-50,30,-12,14,-8,20,16,12,53,-1,1,80,-18,71,-15,27,-54,12,-64,4,-42,29,-21,25,-14,38,-21,24,-9,23,-23,0,-26,9,-18,-12,-19,-27,-32,6,-20,19,-48,74,4,10,-2556,244]]]
1579018	p	1581298
1584784	n	105.3226,9.9762,105.5164,10.1722	[[[1053226,101351,305,-344,37,-181,80,-97,343,-311,5,8,449,-424,260,-240,459,1850,-213,110,-1725,-371]]]
1574155	n	105.9107,20.7737,106.1766,20.985	[[[1059107,208250,3,-47,16,-57,56,-144,2564,-265,20,14,-4,14,-17,14,-28,-11,-12,26,-49,56,-45,-11,-15,-31,-19,-8,-19,1,-41,20,-41,36,-19,39,-32,35,-5,48,-14,-7,-21,38,-74,57,21,23,41,4,10,7,20,43,3,28,-22,48,-48,31,-25,35,-20,12,-38,-8,-4,8,-7,31,9,0,37,39,6,14,-2,73,-30,24,24,14,42,13,41,-3,9,24,35,45,9,38,0,84,13,18,0,65,32,32,6,17,-1,60,-25,33,-51,10,-10,9,-4,49,-20,50,7,11,39,13,15,12,19,29,-9,18,16,16,9,4,0,-9,8,-1,57,35,29,7,-11,33,3,10,8,1,-7,15,3,7,-28,-8,-2,13,-22,2,-13,46,14,19,3,22,19,2,8,7,-12,13,12,62,-26,1,2,27,15,-1,1,14,27,0,0,16,28,8,8,28,-54,53,-22,-2,-7,43,-13,-1,-2,-19,-26,0,-1,7,-46,10,-46,-2,-15,5,-20,56,9,1,-3,35,38,39,8,16,-48,44,-17,-5,-3,6,10,5,-13,0,-8,17,-21,-7,-5,25,-5,0,0,-1,-80,14,-5,-9,-38,-7,-1,18,-1337,0,-180,-102,0,-1,-7,-12,23,-10,5,-45,-7,0,-4,-46,-25,5,-5,-7,-19,10,-6,18,-4,0,-382,-854,4,-3,40,-37,41,-11,28,-17,42,-71,7,-44,-6,-55,-23,-53,-17,-16,-87,-39,-60,-39,-41,-70,-19,-61,-2,-40]]]
1570863	n	107.1265,16.3539,107.5461,16.7575	[[[1071265,165643,3,-65,34,-219,56,-215,77,-209,98,-201,119,-190,137,-178,154,-165,170,-149,185,-132,197,-114,208,-95,217,-75,223,-54,227,-32,230,-11,226,11,1404,2507,-32,7,-764,416,302,51,591,-302,134,240,-483,421,-862,610,-105,75,-120,-149,-29,-21,-18,-5,-11,7,-138,-75,-32,-74,-75,-103,-27,-56,-4,-4,-12,11,-18,-27,-12,9,-4,-5,20,-27,15,2,28,-22,-2,-9,12,-9,-1,-32,-37,-5,-19,6,-27,-20,-22,-43,-42,-15,-21,-38,-50,-35,-6,-24,-20,-21,-2,-32,7,-12,-16,-9,-13,3,-75,-41,6,-14,17,-2,20,7,29,-11,-9,-19,-18,-7,-59,-3,-20,-23,-23,-5,9,-32,31,-28,13,6,8,-5,4,-12,-9,-13,11,6,24,-25,13,-22,15,-49,-15,-12,0,-11,-30,-2,-7,21,1,40,-30,52,-11,-10,-36,-9,-30,-38,-73,-71,-4,-18,24,-31,27,-6,13,8,2,18,14,-2,2,23,7,0,1,-24,-55,-125,14,-12,76,-28,16,-13,15,-21,11,-37,51,-61,-37,-30,36,-23,28,-4,33,-35,-12,-6,-31,12,-60,-12,-1,-62,14,-19,14,-5,-9,-3,7,-30,-25,-3,-12,-10,0,-12,-38,-7,-12,-7,-11,-18,-20,2,-19,-15,-31,26,-67,20,-5,29,-12,-3,-34,-30,-8,-15,-64,-15,-6,-7,3,-12,-15,-4,-21,-29,-38,0,-16,-16,-2,-13,-11,3,-19,-10,-16,9,-16,-25,-39,-34,-2,-10,-12,16,-16,2,-15,26,-20,13,-98,25,-14,15,-4,17,-23,-2,-20,20,3,11,-22,19,10,13,-2,20,-31,23,-57,-54,-14,-1,-7,7,-30,-12,-36,2,-19,-26,-47,11,-15,-2,-4,-11,-43,-9,-9,1,-5,15,-33,1,-13,-13,-30,7,-24,-4,-26,21,-10,18,-45,-13,-28,4,-16,-16,-28,-9,-34,-3,-36,12,-10,-4,-3,-14,-12,3,-28,-23,-21,7,-8,12,-50,-2,-13,6,-7,-8,-34,-7,-20,-18,-14,2,-48,-26,-29,20,-95,-35,-39,3,-29,-18,-10,-15,-46,-12,-19,-15,-28,-2,-10,-12]]]
1569684	n	107.7686,13.7539,108.2314,14.1731	[[[1077686,139800,11,-222,33,-219,55,-215,77,-209,97,-201,117,-190,135,-178,153,-165,168,-149,182,-132,195,-114,205,-95,214,-75,220,-54,225,-32,227,-11,227,11,225,32,220,54,214,75,205,95,195,114,182,132,168,149,153,165,135,178,117,190,97,201,77,209,55,215,33,219,11,222,-11,222,-33,219,-55,215,-77,209,-97,201,-117,190,-135,178,-153,165,-168,149,-168,121,-2499,62,-87,-51,-182,-132,-168,-149,-153,-165,-135,-178,-117,-190,-97,-201,-77,-209,-55,-215,-33,-219,-11,-222]]]
1587759	p	1586203
13562438	n	105.4821,19.0574,105.7913,19.4282	[[[1054821,192700,11,-222,35,-219,56,-215,79,-209,100,-201,120,-190,139,-178,157,-165,173,-149,187,-132,201,-114,211,-95,107,-37,41,80,245,241,273,-84,64,94,98,61,253,119,-73,254,14,363,122,617,24,54,137,-20,128,7,87,289,76,19,27,2,-160,248,-28,-10,-45,1,-22,18,-101,143,-14,7,-32,-58,-44,14,-2,51,-37,67,9,54,-2,19,-95,-64,-60,-24,-17,-29,-61,-16,-28,-20,-34,-40,-58,-2,-61,11,-84,-4,-23,-33,-17,2,-24,15,-79,95,-25,21,-5,16,13,39,-29,29,-43,-47,-52,-39,-13,70,29,69,5,36,-22,89,-85,8,-25,56,-7,56,-6,5,-28,7,-61,-1,0,51,-40,25,-7,59,-26,-13,-27,-2,-28,24,-14,30,-14,89,-9,11,-63,30,-77,-65,-5,-52,-7,-10,-14,-5,-99,12,-54,13,-50,-25,-48,57,-25,44,-7,22,8,64,-6,20,-46,46,-71,52,-58,66,-150,210,-142,-148,-139,-178,-120,-190,-100,-201,-79,-209,-56,-215,-35,-219,-11,-222]]]
1581461	p	1566083
1565157	n	105.4705,9.8835,105.6828,10.1646	[[[1054705,99762,689,-632,-1,-3,976,-292,248,241,211,2264,-159,100,-50,39,-1199,167,-256,-34,-459,-1850]]]
1574507	n	107.7286,21.3479,107.9983,21.656	[[[1077286,215200,12,-222,34,-219,58,-215,80,-209,68,-136,114,186,-66,62,32,61,58,49,80,29,108,-2,-25,65,-28,143,-22,65,137,-56,-40,144,-82,86,-121,38,-161,-1,0,68,147,66,166,41,127,-48,39,-202,68,75,61,-137,76,0,-17,132,-15,30,-44,43,0,69,76,62,61,0,-8,-177,30,-141,70,-66,120,48,81,278,68,93,56,-166,67,0,76,89,11,43,-19,73,148,-25,130,-51,90,-90,35,-144,12,-32,26,-40,26,-54,11,-76,-27,-36,-58,-45,-49,-66,-3,-98,137,-158,189,124,214,208,212,99,-470,451,-132,34,-349,352,-284,198,-122,111,-110,172,-46,124,-75,95,-208,84,-337,82,-4,0,-82,-104,-122,-190,-101,-201,-80,-209,-58,-215,-34,-219,-12,-222]],[[1077979,213616,14,-15,144,-122,34,6,22,17,-11,39,-26,40,-21,24,-132,20,-24,-9]],[[1078269,213703,253,50,206,-11,-76,-41,-58,-60,-44,-82,-15,44,-53,100,-46,-115,-24,-103,131,19,681,222,75,38,63,0,80,-83,153,57,388,237,0,63,-1296,-137,-86,-39,-332,-98,0,-61]]]
1560037	p	1562798
1568737	n	106.1842,17.5255,106.5418,17.959	[[[1061842,177500,11,-222,34,-219,57,-215,77,-209,99,-201,119,-190,138,-178,156,-165,171,-149,186,-132,198,-114,210,-95,218,-75,224,-54,191,-27,1487,990,-27,30,-242,424,-105,129,-221,136,-323,122,-325,44,-225,-98,52,-40,28,-44,57,-120,-291,160,35,204,195,123,198,-78,68,0,0,74,-486,123,-337,38,-241,63,-233,88,-143,98,68,62,147,-64,678,-66,362,-183,151,-22,98,-54,131,-234,298,-125,110,-9,86,80,-27,74,-203,190,-50,112,-94,512,-89,288,-89,184,66,100,15,91,-40,64,-110,24,0,75,191,-2,110,84,82,127,101,126,197,152,207,127,0,62,-37,44,-109,49,-4,1,-3007,-1084,-70,-141,-77,-209,-57,-215,-34,-219,-11,-222]]]
1567681	r	103.2123,20.4274,105.0253,22.0307	[[[1032123,208905,86,-27,30,-19,24,-28,21,-43,69,-54,5,-27,-9,-24,-47,-73,-8,-48,-26,-47,14,-28,2,-55,9,-8,36,-5,4,-39,10,-18,30,-25,58,2,23,-19,37,-6,85,-63,33,-16,79,-7,26,8,26,20,27,11,34,6,37,33,42,66,27,4,50,-38,37,-52,0,-60,14,-12,52,-22,61,7,109,-16,75,-51,46,-20,58,-10,101,-77,20,0,72,34,23,6,32,-3,88,-113,28,-13,76,-76,53,-19,40,18,12,-2,31,-11,20,-18,61,28,14,13,28,66,34,25,71,-20,33,0,82,17,19,-3,40,-22,22,3,34,153,28,51,40,41,11,30,67,17,43,34,41,0,12,-6,10,-35,50,-24,41,-61,64,-31,5,-27,-22,-106,0,-27,57,-90,39,-20,19,-27,-121,-235,67,-47,79,-42,87,-23,101,-4,0,-3,618,-124,195,-105,386,-396,219,-181,32,-39,43,-25,109,-18,91,12,122,38,73,35,49,5,69,17,60,-22,24,0,47,18,50,4,44,46,57,38,8,19,-29,94,-73,58,3,37,-16,48,22,64,0,33,-61,78,-5,14,23,19,1,14,-13,28,21,43,14,4,13,8,-11,5,20,-8,35,14,48,-16,51,11,66,-18,24,33,50,34,66,-35,10,0,16,6,55,47,70,33,53,43,-2,43,-29,24,-27,47,0,34,-15,32,43,64,25,83,-27,30,-14,36,-52,33,0,27,11,13,4,30,-22,54,6,19,24,29,107,74,36,40,35,4,44,18,36,27,10,29,0,33,-42,134,-44,62,4,3,146,-19,101,8,90,46,121,102,19,-27,27,-9,29,44,37,24,24,47,2,1,704,213,116,49,17,-31,23,-3,83,32,24,-1,30,9,50,43,22,9,54,-2,210,33,12,-14,15,-11,65,5,28,8,151,0,26,-1,44,-26,28,2,49,38,35,17,33,3,50,40,19,29,5,21,0,66,-13,40,10,25,56,53,24,40,0,20,-9,18,-23,38,-26,28,143,46,57,58,1,0,71,-9,125,46,-80,-29,77,5,69,-35,150,-107,84,-38,95,-15,227,-4,106,-15,285,-99,74,-45,58,-78,104,-206,36,-50,69,3,226,60,58,4,12,-5,14,5,1,2,9,0,91,-27,98,-47,90,-57,74,-60,119,-152,160,-307,131,-149,84,-53,156,-56,77,-50,54,-74,83,-173,74,-74,202,-58,229,6,204,-22,136,-140,95,-314,122,-118,52,135,-10,13,31,-40,0,-32,31,-30,22,3,27,-11,22,8,11,-4,2,22,28,-5,3,-9,-17,-25,3,-6,37,-11,32,-19,60,-52,31,-15,23,13,36,81,12,12,41,27,88,34,76,38,53,-7,39,-31,40,4,39,-50,143,-111,32,-54,9,-28,-18,-109,10,-12,38,-20,32,-33,22,-8,24,3,56,-31,26,-3,73,12,141,10,101,-10,16,-20,20,-70,0,-51,-14,-46,59,-63,52,-72,61,-14,10,-12,1,-2,5,-7,9,-54,19,-14,26,-56,8,-7,84,-13,94,-81,14,-8,7,-9,4,-4,1,-4,6,-8,10,-45,-10,-94,9,-16,58,6,29,14,28,56,103,-7,50,17,24,16,34,-20,40,1,17,-69,44,-91,36,-48,82,-78,10,-7,86,1,48,16,23,30,10,28,41,15,36,-8,50,-74,10,-7,37,-3,21,19,9,31,22,31,19,4,122,-6,14,1,43,8,16,28,-15,80,-6,17,-15,4,-13,15,0,1,32,100,-13,34,-1,29,-25,29,0,1,11,34,12,-4,18,21,20,2,3,12,-7,14,18,15,22,4,-2,16,10,18,-14,9,1,2,-1,1,2,2,2,7,16,8,0,1,1,1,5,12,1,-1,2,3,10,-8,17,-8,6,2,7,5,5,10,14,32,11,12,2,4,2,0,1,1,78,24,30,23,41,4,60,41,54,17,37,20,-80,78,-22,11,25,117,3,47,15,31,3,60,-12,30,0,25,-38,46,-1,12,14,21,48,1,66,40,-46,58,-35,15,-25,50,7,64,33,44,21,47,-81,36,-2,74,8,49,17,28,29,21,57,15,38,0,57,13,22,-9,91,102,59,37,40,-5,36,4,46,-43,63,3,3,-28,9,-16,95,-54,30,0,31,9,73,-15,68,-94,155,4,56,-62,6,-15,9,-3,28,8,49,29,21,-25,44,-28,20,4,86,-74,19,-7,20,-1,24,14,22,24,32,-18,21,-1,11,-13,10,4,7,13,37,-17,10,1,17,17,30,-10,25,0,42,11,7,19,39,8,13,25,36,-9,1,76,-19,-6,-13,26,-49,26,-35,34,-80,16,-32,43,10,37,17,29,13,9,21,1,16,25,50,145,25,23,-5,73,40,-12,32,-29,41,81,62,51,25,39,-14,14,-54,20,-40,-3,-19,6,-108,81,-24,-1,-59,-25,-74,27,58,39,72,29,52,55,10,53,-18,49,25,52,3,31,-6,5,-56,11,-30,0,21,59,22,37,-38,60,-50,51,-12,88,-30,51,-63,72,-24,39,-18,50,4,88,-49,47,-64,3,-62,48,-105,111,-103,51,-78,156,-105,174,-35,33,-127,73,-70,89,-33,29,-13,54,-22,38,3,74,-21,54,-44,58,-42,73,-29,25,-106,52,-18,26,-3,69,-31,60,-12,42,-31,32,10,44,-21,24,-13,56,-12,10,-12,27,-8,69,46,32,34,-20,31,-4,26,-13,12,-1,8,7,7,34,44,65,-22,51,42,48,11,24,92,51,51,16,15,21,58,4,106,52,31,-15,11,11,-12,62,-45,-2,-82,53,-28,26,7,34,-84,23,-30,15,-51,9,-43,41,-41,18,-7,46,-45,4,-31,14,-20,-11,-68,41,-26,36,5,63,11,11,8,35,35,47,0,18,17,36,-14,22,-75,34,43,41,13,20,16,9,-1,17,7,7,24,110,9,1,24,66,-29,33,-14,37,-32,38,-25,21,-79,28,-12,11,9,15,35,15,-1,33,8,15,16,6,30,-15,8,1,3,8,-63,133,-7,32,19,51,-5,16,-10,11,-61,25,-17,31,1,30,20,76,-22,84,4,89,13,82,3,95,-10,30,-23,20,-99,18,-77,48,-53,55,-11,45,-22,46,-69,2,-41,-28,-21,4,-60,39,-37,-12,-41,-44,-29,-4,-58,-31,-20,4,-79,40,-6,103,14,17,-12,36,-15,8,-51,-5,-48,17,-1,49,-53,-18,-21,5,-7,10,-15,72,-4,47,9,29,-39,7,-12,24,-17,16,-18,48,-33,26,-14,24,-17,94,10,66,17,46,-7,35,-14,6,-85,-58,-42,-11,-105,1,-39,50,-16,8,-24,-10,-51,-45,-20,-6,-50,8,-22,-50,-1,-37,13,-57,-15,-42,-16,-16,-10,-27,-47,-8,-31,-13,-63,10,-67,38,-77,18,-41,35,-34,-22,-42,6,-39,42,-22,-5,-15,7,-80,67,-43,3,-60,68,-35,1,-42,34,-29,70,-20,30,-48,27,-85,25,-27,20,-63,-21,-11,-12,-15,-23,-8,-62,-18,-22,-33,23,-41,2,-20,19,-42,-28,-54,-12,-89,4,-64,32,-46,13,-43,-4,-34,6,-34,-10,-60,-58,-17,-29,-12,-40,-23,-29,-33,-22,10,-23,-22,-53,-29,-17,-64,-95,-21,-11,-2,-14,-14,-11,-45,-14,-113,-87,-23,-54,-35,-32,-37,-20,-40,-11,-39,5,-28,13,-76,5,-124,43,-79,-32,-49,-8,-71,35,-21,16,-36,64,-6,150,-34,25,-11,25,-115,56,-51,15,-17,1,-22,-17,-31,3,-35,-15,-53,10,-34,36,-36,11,-8,22,-63,22,-53,32,-18,38,-42,29,-15,52,-37,27,-51,9,-29,-18,-8,-24,15,-42,-66,-22,-53,3,-33,34,-18,32,-35,42,-33,97,-51,28,-52,5,-48,17,-20,40,-34,16,-4,9,18,54,-2,32,23,37,-4,25,-20,29,-60,12,-19,20,-46,26,-47,80,1,25,11,24,-5,83,25,22,-14,50,19,34,65,75,-2,52,20,28,-15,45,-8,54,10,43,-43,67,-66,58,-37,89,-3,49,36,60,1,21,18,11,19,28,12,36,16,16,28,16,62,12,-23,72,2,29,-23,50,-24,96,-35,28,1,12,25,24,85,20,53,40,18,-2,36,55,49,24,46,37,36,79,12,12,20,2,21,11,9,12,20,61,35,0,16,6,44,34,4,20,-11,92,-53,22,-29,2,-68,-11,-53,9,-16,13,-22,2,-72,-13,-47,-25,-66,4,-64,70,-23,16,-27,-5,-62,10,-71,29,-98,-19,-18,2,-51,26,5,33,-17,15,-91,9,-38,-14,-23,-2,-41,9,-33,16,-33,-10,-20,0,-43,2,-24,11,-36,-6,-31,-20,-20,-52,-19,-27,-43,-33,-9,-33,-57,-46,-19,-27,-30,-9,-139,8,-21,18,-15,-18,-14,3,-104,48,-24,17,-47,4,-64,-14,-55,8,-156,-22,-906,1876,-878,-1710,-9,1,-125,1,-7,13,-5,71,17,128,-77,53,-56,22,-28,24,-53,-46,-108,-16,-26,29,-25,12,-89,20,-24,12,-17,26,-24,8,-14,12,-11,23,-7,0,-7,-204,-11,-9,-39,-12,-46,4,-28,25,-46,2,-31,39,-63,-15,-28,18,-10,30,-12,11,-11,37,-28,4,-35,-9,-31,44,-19,16,12,30,-15,19,6,53,-28,36,-6,74,-7,14,-13,5,15,59,21,10,8,14,-36,56,-9,-3,-27,-57,-32,-20,-35,2,-34,25,-61,23,-23,-7,-37,-27,-9,26,-27,0,-3,31,-26,56,-57,39,0,21,-42,32,-15,53,-12,5,-41,-13,-14,5,-5,70,-17,26,-17,4,-9,24,7,33,-28,-4,-11,8,-18,0,-30,-15,-42,23,-27,6,-33,-5,-9,-20,-11,-4,-35,19,1,41,-11,44,20,41,0,46,29,50,-2,35,14,35,-36,10,-13,15,-33,-4,-68,-24,-16,16,-27,3,-47,-15,-62,0,-15,-12,-37,-13,-13,37,-11,8,-31,-2,-2,9,-33,17,-21,64,-23,22,-51,18,-19,-4,-53,6,-19,11,-22,48,21,81,48,29,44,16,24,106,41,68,38,23,50,83,11,36,-2,32,9,21,-5,4,-58,1,-9,8,-9,27,8,26,-75,-18,-30,2,4,58,-6,30,20,26,-9,30,6,24,-3,13,-28,28,-5,28,-16,18,-49,33,-58,11,-25,47,-47,15,2,21,34,36,27,61,-7,78,-9,19,-18,12,-149,40,-14,17,-18,1,-20,13,-9,20,-5,43,-44,69,-8,30,6,45,16,5,-4,29,-28,65,-20,23,-39,18,-6,12,-3,72,-30,7,-49,0,-16,-15,-35,-7,-42,-22,-100,66,-40,7,-21,19,-23,11,-34,34,-47,84,-18,8,-77,1,-56,9,-156,55,-44,-5,-33,11,-19,19,-38,6,-26,17,-69,-2,-17,5,-38,28,-35,41,-39,-19,-51,-8,-76,-38,-38,3,-15,-22,-21,-12,-11,-31,-40,-50,-40,-17,-13,-12,28,-33,0,-59,-13,-30,12,-69,-22,-23,-11,-2,-1,-18,-19,-33,-42,-19,-33,-25,-38,-91,48,-28,11,-14,9,-28,3,-45,15,-30,-60,-38,-30,-34,-5,-9,3,-41,-42,-2,-53,-23,-23,-21,-1,-24,8,-18,37,-5,1,-13,-56,-35,-7,-61,17,-27,-20,-35,-20,-5,-7,-11,22,-27,-2,-32,62,-53,-38,-76,0,-18,22,-24,42,-22,-18,-54,2,-14,21,-15,43,-15,-25,-34,1,-9,25,-17,24,8,39,-15,62,1,18,-24,18,-41,70,-27,35,-23,4,-76,22,-19,3,-26,25,-26,13,-31,10,-59,-19,-35,41,-36,32,10,22,-34,18,-6,8,-11,18,-53,-28,-56,-26,-22,27,-16,30,-67,25,-26,30,-46,0,-13,-24,-30,-20,-83,-19,-35,9,-24,-13,-16,5,-27,53,-51,26,-8,34,-32,24,-10,8,-20,24,-15,-2,-22,23,-31,-4,-34,20,-45,72,-73,43,-20,0,-8,-19,-15,2,-9,34,-39,-4,-32,20,-33,16,-56,52,-76,24,-50,-18,-33,66,-98,22,-20,16,-62,41,-33,-4,-14,-27,-26,-7,-43,-12,-3,-18,11,-34,49,-50,45,-72,-21,-23,-12,-58,-41,-17,-60,-64,-41,1,-25,-31,-62,3,-16,18,-16,-15,-1,-43,-38,-15,-3,-19,6,-13,-8,-16,0,-7,-17,-44,-28,1,-38,28,-1,-12,-17,2,-10,12,-7,30,10,9,-4,16,-21,-4,-48,68,-29,10,-12,182,102,214,95,223,75,229,54,235,32,236,11,236,-11,235,-32,229,-54,223,-75,214,-95,203,-114,191,-132,175,-149,159,-165,141,-178,40,-62,-1766,-3438,-44,-6,-236,-11,-236,11,-235,32,-229,54,-223,75,-214,95,-203,114,-191,132,-175,149,-159,165,-141,178,-122,190,-101,201,-80,209,-57,215,-35,219,-10,198,-14,-9,-7,-16,-18,-4,-24,-31,-19,-4,-14,10,-25,-13,-34,10,-29,-18,-58,6,-35,-10,-13,-25,-24,-9,-19,4,-5,14,-26,-6,-7,11,-17,7,-92,24,-29,30,-54,16,-3,6,-92,-30,-51,19,-7,-4,16,-23,5,-23,-11,-13,-34,-20,-65,17,-51,-9,-42,3,-17,-31,-42,-6,-60,42,-28,5,-36,-34,-38,-84,-12,-9,-48,-11,-10,-16,12,-22,40,1,6,-6,40,-117,51,-7,5,-12,17,-3,36,-35,35,-24,18,-1,14,-13,41,-123,-8,-28,11,-35,96,6,48,-22,60,0,18,-5,22,-8,16,-18,-1,-65,-56,-58,-23,-63,-41,-25,-36,-43,-6,-50,-19,-52,39,-24,40,7,37,-10,33,-21,47,-50,67,-39,29,-6,171,22,73,-30,57,-33,19,-17,43,-153,17,-28,9,-30,16,-19,-2,-53,18,-65,-5,-17,-18,-21,7,-90,-21,-27,-16,-6,-37,-51,-12,-42,25,-80,31,-24,-6,-19,-25,-17,7,-47,-15,-36,8,-33,-12,-27,25,-37,-8,-13,4,-18,-18,-29,0,-52,49,-85,-2,-73,10,-24,-28,-69,5,-49,-16,-86,-15,-27,-35,-37,-54,-31,-14,0,-41,22,-23,30,-27,5,-28,-17,-32,-32,-17,-38,-22,-27,-66,-17,-3,-11,8,-14,4,-33,27,-23,10,-31,24,-25,12,-61,12,-18,1,-29,14,-33,-19,-25,5,-17,-10,-27,4,-23,-15,-42,20,-17,23,-58,42,-39,4,-13,-6,-31,14,-44,-5,-20,23,-11,58,-64,5,-23,-3,-45,25,-36,1,-27,-16,-20,-58,-9,-54,-2,-39,-11,-52,10,-82,-23,-33,7,-24,-22,-23,2,-15,-15,-53,17,-11,8,-3,24,-9,10,-84,26,-27,18,-49,17,-29,4,-123,105,-65,32,-66,51,-101,14,-66,31,-7,-3,-11,-29,-10,-7,-18,5,-9,20,-22,15,-30,-7,-50,1,-57,24,-28,4,-62,-48,64,-88,-50,-56,67,-20,12,-23,0,-39,9,-8,13,-7,69,-10,7,-44,-1,-21,-14,-16,-38,-5,-13,1,-22,17,-29,-5,-39,9,-20,13,-19,22,-31,4,-12,-22,9,-18,-7,-13,-37,23,-15,-5,0,-8,20,-10,11,-13,-5,-8,-30,-14,-12,-39,6,-11,27,-10,-10,-70,43,-15,15,-50,23,-20,20,-4,-16,-54,15,-15,27,-7,-20,-10,1,-7,47,-10,-2,-13,-28,-27,28,-4,4,-34,-51,-25,-36,-5,3,-9,31,-16,0,-21,-16,-18,-8,-23,-45,1,-10,-13,14,-32,-12,-13,51,9,18,-6,-21,-12,-5,-11,18,-4,9,-11,19,1,24,-19,15,-23,2,-23,28,-37,30,-111,-6,-42,-11,-20,26,-37,-31,-25,-6,-44,21,-52,-1,-29,9,-22,-23,-14,-43,-10,-36,22,-21,5,-56,-60,-51,-31,-4,-27,8,-59,-11,-30,3,-8,33,-21,-12,-31,31,-20,6,-17,29,-28,5,-15,45,-46,-13,-32,-61,-29,-14,-41,20,-15,-53,4,-33,48,-23,-2,-29,12,-75,-48,-47,-11,-21,-12,-30,0,-50,-34,-51,21,-62,-14,-22,17,-21,0,-34,16,-14,-8,-48,-7,-16,7,-25,-1,-8,-23,-32,-30]],[[1034474,214872,55,-59,5,28,57,215,49,129,-25,9,-18,-2,-10,-13,27,-55,-30,-24,-53,-65,-13,-16,-7,-23,-6,-75,-31,-49]],[[1043598,204397,205,-123,61,157,-2,1,-46,0,-31,-18,-11,6,-5,18,38,49,4,26,-11,61,-17,28,-5,31,-10,19,-104,-67,-66,-188]]]
1580830	n	105.0997,20.5939,105.5798,20.9775	[[[1050997,208200,12,-222,34,-219,58,-215,79,-209,101,-201,121,-190,141,-178,158,-165,175,-149,189,-132,202,-114,214,-95,222,-75,228,-54,233,-32,236,-11,236,11,233,32,228,54,222,75,214,95,202,114,189,132,175,149,158,165,141,178,121,190,101,201,79,209,58,215,34,219,6,122,-12,-10,-30,-11,-40,6,-103,-1,-52,-19,-29,0,-21,14,45,11,30,24,13,24,7,54,17,27,97,-2,36,10,23,21,18,19,0,28,2,3,-7,124,-34,216,-2,2,0,7,-7,27,-11,2,-6,15,-12,-3,-24,15,-9,20,-22,15,-5,13,-13,-1,-9,12,-20,-6,1,8,-22,13,4,7,-7,10,8,4,-8,10,-28,-12,-24,1,-4,28,-8,7,33,5,-2,14,-10,12,23,32,25,13,14,73,26,6,-21,18,-24,8,3,6,-34,21,-7,7,3,6,18,17,27,-12,-24,24,20,16,5,0,-22,43,-214,106,-15,2,-15,-12,-80,-47,-12,3,-11,16,-26,15,-80,-2,-66,37,-30,36,-3354,480,-136,-141,-141,-178,-121,-190,-101,-201,-79,-209,-58,-215,-34,-219,-12,-222]]]
1563287	n	105.0014,21.6081,105.4519,22.0461	[[[1050014,219339,19,-53,1135,-3172,6,-3,91,-30,1767,39,1,0,13,0,194,86,204,114,191,132,176,149,159,165,125,157,306,646,47,99,25,91,34,219,12,222,-12,222,-34,219,-58,215,-80,209,-102,201,-122,190,-141,178,-159,165,-176,149,-191,132,-204,114,-214,95,-224,75,-230,54,-235,32,-237,11,-237,-11,-235,-32,-230,-54,-224,-75,-214,-95,-204,-114,-191,-132,-176,-149,-159,-165,-141,-178,-75,-117]]]
9534547	n	105.6369,9.6281,106.0275,9.9346	[[[1056369,98835,37,-411,1035,-1853,353,-290,2481,1651,-1254,1235,-182,179,-2222,-270,-248,-241]]]
1580400	n	105.295,10.5786,105.5786,10.963	[[[1052950,106214,200,-428,1473,302,673,516,105,140,115,190,96,201,76,209,54,215,33,219,11,222,-11,222,-33,219,-54,215,-76,209,-96,201,-115,190,-134,178,-65,72,-463,-97,-81,9,-224,112,-284,77,-45,23,-126,-84,-406,-466,-298,-597,-96,-95,-149,52,-80,69,0,-2295]]]
1560349	n	104.6764,21.4939,105.118,21.9461	[[[1046764,217770,751,-2274,51,-44,191,-132,203,-114,215,-95,223,-75,230,-54,235,-32,237,-11,237,11,235,32,230,54,223,75,163,72,123,111,798,721,2,1,69,62,-1147,3208,-8,3,-223,75,-230,54,-235,32,-237,11,-237,-11,-235,-32,-230,-54,-223,-75,-215,-95,-203,-114,-191,-132,-175,-149,-160,-165,-141,-178,-122,-190,-101,-201,-80,-209,-23,-86]]]
1581052	n	104.4513,10.1867,104.7183,10.5334	[[[1044513,104197,45,-125,-27,-165,5,-109,160,-13,163,48,131,85,105,122,79,154,75,0,56,-103,-5,-95,-49,-98,-77,-113,-83,-58,-71,3,-30,-24,48,-132,221,-286,100,-192,15,-274,80,0,8,45,12,28,41,64,279,-211,95,-139,36,-234,0,-272,30,-94,124,-142,89,53,180,132,166,149,151,165,133,178,116,190,95,201,76,209,54,215,33,219,11,222,-11,222,-33,219,-54,215,-76,209,-95,201,-116,190,-133,178,-51,56,-359,44,-430,-19,-157,-34,-128,-98,-97,-145,-83,-158,-417,-603,-106,-97,-141,-22,-183,39]]]
1570864	p	1586203
9533392	n	105.2257,10.1347,105.4951,10.3033	[[[1052257,102010,501,-401,224,-223,52,51,72,-90,64,67,56,-63,1725,371,-529,1279,-144,32,-13,-2,149,-332,-433,-167,-619,-188,-242,396,-55,-50,-53,80,-98,-96,6,-8,-45,-44,14,-22,-218,-211,-62,70,-78,-73,-274,-376]]]
1581529	n	106.5143,10.1439,106.7954,10.4741	[[[1065143,103838,22,-611,98,-203,720,-139,1058,5,519,-118,196,-18,152,95,46,219,-73,863,-61,147,-129,147,-93,138,-81,172,-106,145,-170,61,-105,-60,-156,-271,-82,-79,-196,-5,-73,113,-12,86,-1474,-687]],[[1065292,102962,48,-98,256,-110,1304,-236,193,-82,85,-126,63,-45,142,27,142,69,63,83,-33,132,-87,56,-227,54,-213,70,-1149,13,-270,60,-317,133]],[[1065475,102582,491,-1020,71,-26,218,-54,221,-32,224,-11,224,11,221,32,218,54,211,75,121,57,-44,9,-68,46,-47,48,-53,21,-59,32,-162,141,-53,32,-1734,585]]]
1572585	p	1581130
1580093	p	1580240
8539621	p	1586203
1567723	n	108.9891,13.2471,109.3397,13.62	[[[1089891,134600,11,-222,33,-219,55,-215,77,-209,96,-201,117,-190,135,-178,152,-165,168,-149,182,-132,194,-114,205,-95,114,-40,28,7,1,1,1204,312,-73,185,74,36,22,6,46,88,49,-37,112,-57,49,-36,9,97,-8,73,-25,58,-50,45,0,61,112,-7,77,36,31,76,-14,113,-81,119,-83,-16,-110,-103,-136,90,-170,229,-172,84,19,170,35,100,77,71,-107,99,5,83,25,78,-54,82,63,154,66,84,78,35,96,6,319,-211,61,-68,-23,-130,-96,-62,-105,-43,-49,-68,43,-95,217,-41,82,-107,111,70,65,85,96,186,-33,112,84,134,-51,102,-113,-59,-111,18,-85,83,-32,128,18,88,85,116,34,98,-124,-54,-38,-28,-38,-55,-74,0,-209,247,-69,107,35,-7,39,48,10,60,-91,51,-130,114,-41,103,-40,199,-50,109,-81,72,-9,5,-1663,0,-2,-1,-152,-165,-135,-178,-117,-190,-96,-201,-77,-209,-55,-215,-33,-219,-11,-222]],[[1092366,136200,163,-184,105,-245,223,-381,85,-87,-15,132,-15,31,-44,42,0,68,113,9,54,37,4,66,-34,93,-48,-4,-132,75,-120,90,-7,44,-126,70,-81,144,-125,0]],[[1093030,132978,44,-77,0,-4,93,24,-25,55,-62,62,-43,-6,-7,-54]]]
13680018	p	1581130
1569901	n	104.9788,21.1846,105.4005,21.612	[[[1049788,214000,12,-222,34,-219,58,-215,80,-209,101,-201,121,-190,141,-178,159,-165,176,-149,190,-132,203,-114,214,-95,193,-65,1647,1790,888,1860,-99,103,-176,149,-190,132,-203,114,-214,95,-91,31,-1775,-40,-148,-65,-1016,-918,-20,-31,-101,-201,-80,-209,-58,-215,-34,-219,-12,-222]]]
1591493	p	1581130
1567043	p	1566083
1564956	p	1581130
8656396	p	1583992
1562570	p	1581130
1586519	p	1586203
13680014	p	1581130
8616016	p	1581130
1581834	n	107.4604,11.7739,107.9196,12.2261	[[[1074604,120000,11,-222,33,-219,55,-215,76,-209,96,-201,116,-190,134,-178,152,-165,166,-149,181,-132,194,-114,203,-95,213,-75,218,-54,223,-32,225,-11,225,11,223,32,218,54,213,75,203,95,194,114,181,132,166,149,152,165,134,178,116,190,96,201,76,209,55,215,33,219,11,222,-11,222,-33,219,-55,215,-76,209,-96,201,-116,190,-134,178,-152,165,-166,149,-181,132,-194,114,-203,95,-213,75,-218,54,-223,32,-225,11,-225,-11,-223,-32,-218,-54,-213,-75,-203,-95,-194,-114,-181,-132,-166,-149,-152,-165,-134,-178,-116,-190,-96,-201,-76,-209,-55,-215,-33,-219,-11,-222]]]
1583477	n	102.8132,21.1639,103.2612,21.6161	[[[1028132,212742,63,-98,94,-120,213,-7,149,-55,130,-86,98,-107,51,-118,-12,-91,-26,-58,171,-96,214,-95,223,-75,229,-54,235,-32,236,-11,236,11,235,32,229,54,223,75,214,95,203,114,190,132,175,149,159,165,141,178,122,190,101,201,80,209,58,215,34,219,12,222,-12,222,-34,219,-58,215,-80,209,-101,201,-122,190,-141,178,-159,165,-175,149,-190,132,-203,114,-214,95,-223,75,-229,54,-235,32,-236,11,-236,-11,-235,-32,-89,-21,1,-11,100,-219,8,-28,4,-29,-4,-28,-8,-29,-200,-180,-375,-437,-216,-183,-453,-699,151,68,200,119,194,86,138,-26,-12,-115,-330,-502,-42,-205,-8,-457,-36,-169,-122,-115,-338,-79,-160,-117]]]
13680015	p	1581130
1594436	p	1583992
1594402	n	108.4186,13.7239,108.8814,14.1761	[[[1084186,139500,11,-222,33,-219,56,-215,76,-209,97,-201,117,-190,135,-178,153,-165,168,-149,182,-132,195,-114,205,-95,214,-75,221,-54,224,-32,227,-11,227,11,224,32,221,54,214,75,205,95,195,114,182,132,168,149,153,165,135,178,117,190,97,201,76,209,56,215,33,219,11,222,-11,222,-33,219,-56,215,-76,209,-97,201,-117,190,-135,178,-153,165,-168,149,-182,132,-195,114,-205,95,-214,75,-221,54,-224,32,-227,11,-227,-11,-224,-32,-221,-54,-214,-75,-205,-95,-195,-114,-182,-132,-168,-149,-153,-165,-135,-178,-117,-190,-97,-201,-76,-209,-56,-215,-33,-219,-11,-222]]]
1592832	p	1586203
8340760	p	1591449
8656395	p	1583992
13535707	p	1581130
13680016	p	1581130
1566126	p	1581130
1584661	p	1566083
1586185	n	106.0166,22.4448,106.5034,22.8935	[[[1060166,226700,12,-222,35,-219,58,-215,80,-209,103,-201,122,-190,143,-178,160,-165,177,-149,192,-132,205,-114,216,-95,225,-75,231,-54,10,-1,31,38,27,10,23,22,97,1,12,8,13,28,37,12,19,15,94,-31,31,-17,22,-22,22,-1,26,-38,27,-2,27,31,42,-26,30,2,18,-27,36,-5,21,-21,8,-10,41,2,236,32,231,54,225,75,216,95,205,114,192,132,177,149,160,165,143,178,122,190,103,201,80,209,58,215,35,219,12,222,-12,222,-35,219,-58,215,-80,209,-103,201,-122,190,-143,178,-160,165,-177,149,-192,132,-192,107,-603,-149,-193,-27,-198,-1,-212,37,-214,92,-69,117,-20,179,-126,-17,-231,-54,-225,-75,-216,-95,-205,-114,-192,-132,-177,-149,-160,-165,-143,-178,-122,-190,-103,-201,-80,-209,-58,-215,-35,-219,-12,-222]]]
1580092	p	1580240
1574873	p	1581298
13680019	p	1581130
1585011	n	105.294,21.1728,105.4551,21.2968	[[[1052940,211729,1145,107,466,464,-717,668,-6,-6,-53,-5,-11,-27,-116,-61,-28,-22,-15,-24,-42,-38,0,-177,-19,-53,-5,-73,-41,-182,-16,-46,-17,-10,-72,-143,47,-19,-22,-45,-28,-19,-27,-6,-71,29,-44,-9,-211,-116,-4,-18,-74,-145,-19,-24]]]
1585660	n	105.0141,10.4746,105.3139,10.7373	[[[1050141,106766,1205,-2020,78,4,222,32,217,54,212,75,202,95,159,94,651,626,13,18,39,64,-189,406,-144,161,-2142,998,3,-234,-242,-231,-284,-142]]]
13546524	p	1581130
9292220	n	106.2622,9.5412,106.6157,9.8448	[[[1062622,96300,3,-53,747,-400,478,-364,132,-62,413,-9,144,93,105,43,91,-28,114,-49,123,29,214,129,251,221,195,293,123,343,51,511,-8,207,-48,187,-120,81,-251,40,-104,110,-89,396,-147,270,-2157,-942,-86,-181,-76,-209,-54,-215,-33,-219,-11,-222]],[[1065224,98369,133,-77,84,88,-42,65,-175,-76]],[[1065605,98448,28,-30,235,-189,245,-59,44,15,-183,109,-202,95,-167,59]]]
8668557	n	108.4436,15.3075,108.7444,15.5491	[[[1084436,153465,12,-30,97,-201,91,-147,4,-1,19,10,95,0,21,13,11,-18,18,-13,43,-3,22,8,28,31,47,27,33,38,9,38,13,22,47,24,23,2,56,-35,83,-8,50,-21,53,50,29,48,25,-16,27,4,37,30,15,34,25,3,29,-9,34,15,42,-20,22,-1,89,45,50,34,76,28,30,-2,15,-7,13,-19,14,14,129,22,10,7,-7,46,8,16,41,-3,46,13,38,-5,21,16,46,5,44,22,36,4,22,12,21,36,60,15,18,41,33,-2,46,-17,14,7,42,4,7,-12,30,-4,14,11,17,30,20,-30,16,-10,61,-15,37,36,15,6,16,-5,5,-17,69,17,12,9,45,-6,29,11,6,8,45,6,17,20,60,-16,55,-3,77,28,65,37,-3,41,89,114,36,66,53,75,-9,5,-47,40,-54,66,-239,198,-56,74,-13,248,-55,205,-62,0,-224,-426,-160,-90,-236,169,-80,191,85,117,151,66,118,35,114,-139,68,67,89,284,-371,-39,-276,153,-149,199,-1602,-2026]]]
1572565	n	104.2825,21.3747,104.7535,21.8261	[[[1042825,215595,6,-36,58,-215,20,-53,26,-41,-4,-18,37,-97,102,-201,122,-190,141,-178,159,-165,176,-149,190,-132,203,-114,215,-95,223,-75,230,-54,234,-32,54,-3,1,7,21,11,64,95,29,17,22,53,-10,23,33,22,23,29,12,40,17,29,60,58,34,10,34,-6,43,4,46,-13,64,-32,89,-4,54,12,42,28,20,-19,41,-2,33,-23,18,22,8,62,15,23,11,12,63,21,27,-20,85,-25,48,-27,20,-30,29,-70,42,-34,35,-1,51,-57,98,44,203,114,190,132,176,149,159,165,141,178,122,190,102,201,79,209,24,89,-749,2269,-54,46,-190,132,-203,114,-215,95,-223,75,-230,54,-234,32,-237,11,-237,-11,-234,-32,-230,-54,-223,-75,-215,-95,-203,-114,-190,-132,-176,-149,-159,-165,-141,-178,-122,-190,-102,-201,-79,-209,-11,-40,3,0,23,-16,64,-70,66,-4,47,25,72,13,22,-2,16,-13,53,-9,68,11,29,-2,53,-22,11,-92,-4,-20,-44,-34,-16,-6,-35,0,-20,-61,-9,-12,-21,-11,-20,-2,-12,-12,-36,-79,-46,-37,-49,-24,-36,-55,-18,2,-53,-40,-85,-20,-25,-24,-1,-12,35,-28,24,-96,23,-50,-2,-29,23,-72,-62,-12,-28,-16,-16,-16,-12,-36,-19,-28,-16,-10]]]
13680021	p	1581130
8628059	n	104.7326,18.7046,105.2074,19.1461	[[[1047326,189200,11,-222,35,-219,56,-215,79,-209,99,-201,120,-190,109,-140,181,-53,138,-14,575,43,265,-74,98,-249,105,-101,175,-44,197,5,169,44,164,-31,501,-280,13,-4,193,65,210,95,200,114,187,132,173,149,156,165,139,178,120,190,99,201,79,209,56,215,35,219,11,222,-11,222,-35,219,-56,215,-79,209,-99,201,-120,190,-139,178,-156,165,-173,149,-187,132,-200,114,-210,95,-220,75,-226,54,-230,32,-233,11,-233,-11,-230,-32,-226,-54,-220,-75,-210,-95,-200,-114,-187,-132,-173,-149,-156,-165,-139,-178,-120,-190,-99,-201,-79,-209,-56,-215,-35,-219,-11,-222]]]
1569856	n	105.904,21.0534,106.047,21.2454	[[[1059040,212234,9,-9,17,4,28,21,11,-4,15,-33,26,-30,9,-32,0,-66,-38,-4,-19,-11,10,-17,29,-23,-42,-26,-24,-36,-5,-23,4,-21,54,0,-1,-22,16,0,23,-14,-8,-15,83,-46,-35,-43,15,-15,-8,-8,2,-24,-27,-2,-3,-19,-12,0,1,-20,8,-5,-7,-3,1,-9,21,-47,33,-1,-3,-8,6,-6,-17,-22,-16,-42,25,-34,13,-47,23,-3,-6,-18,16,-6,-5,-22,-9,-7,10,-11,-25,-23,16,-18,-8,-31,-10,-2,-17,23,-41,-33,15,-22,-41,-35,-9,8,-14,-10,16,-32,-8,-4,17,-6,2,-31,59,-4,11,27,7,-4,5,-4,-27,-40,39,-15,5,-5,-7,-12,25,-15,3,8,24,-5,10,-9,5,-14,-5,-9,29,-21,10,-18,-13,-12,4,-8,11,-11,13,-3,-19,-50,14,-13,8,-20,15,6,21,-39,-7,-3,6,-7,-9,-12,9,-43,43,19,12,-3,123,64,21,-34,18,-99,17,-5,51,-39,-5,-16,100,-20,84,-1,71,-11,59,57,-2,-8,20,-49,9,3,44,-63,20,13,9,-19,-17,-37,3,-31,17,5,3,17,11,5,-2,-12,33,-10,-7,-22,7,-4,326,666,-1088,1239,-3,-5,-19,18,-25,2,4,-27,-10,-10,-20,3,-13,-6,-5,-11,-10,0,-10,-19,-54,-34,-8,1,-2,-30,-13,-10,-35,11,-23,1,-9,-12,-12,10,-21,0,-2,-6,-24,7,-14,-16,14,-14,-14,-19,-11,1,-2,-17,-1,-23]]]
1563241	n	106.6758,20.8827,106.9681,21.1889	[[[1066758,210214,45,-9,375,-147,0,76,-75,0,0,68,205,97,153,-53,163,-93,230,-19,-22,33,-24,74,-22,35,107,-1,88,-27,76,-50,65,-64,-135,-115,37,-67,104,-46,68,-46,10,-100,-37,-65,-100,-35,-181,-11,-163,-75,107,-148,228,-105,204,55,69,0,22,-70,12,-15,-34,-51,189,-140,77,-206,80,-67,201,276,-57,48,-39,61,-29,75,-12,89,73,0,98,-196,62,-61,97,336,-120,57,-125,93,-290,318,64,8,33,-15,39,-56,60,111,112,-39,243,-208,51,-33,529,1849,12,41,-121,153,-98,102,-4,-7,-2,-37,-25,-50,-15,-17,-33,1,-23,-36,-56,22,-39,27,-29,31,-11,24,-61,49,-18,-7,-97,-4,-122,-40,-69,41,-29,3,-25,-11,-68,-85,-28,1,-32,15,-54,2,-31,35,-10,74,-14,13,-27,9,-42,-5,-31,-18,-40,-6,-107,9,-55,15,5,-20,-14,-42,15,-46,-10,-35,1,-99,38,-69,35,-39,2,-7,-11,-2,-14,2,-32,18,-45,5,-39,15,-70,-25,-84,11,-29,-28,-27,-14,-31,-8,-41,-1,-205,26,-16,6,-17,27,-30,6,-45,0,-28,-12,-49,13,-13,-6,-25,7,-13,-6,-15,9,-20,-13,-11,17,-40,11,-57,31,-85,-24,-29,2,-7,7,-4,8,8,12,-35,-2,-29,-11,-10,14,-13,2,-25,21,-36,39,-36,-15,-11,0,-260,-1455]],[[1067796,209181,588,-290,-25,133,-113,128,-392,156,-58,-127]]]
1575703	n	105.3748,9.5856,105.7441,9.8424	[[[1053748,95947,22,-23,3,-48,16,-17,27,-2,31,7,54,41,16,-4,24,-19,12,0,14,30,28,27,-9,30,2,13,108,-6,26,11,33,32,23,-15,3,-19,-16,-39,12,-20,10,1,43,28,51,-6,15,12,-5,33,7,13,69,-32,39,-27,22,2,24,18,12,1,18,-25,1,-60,1,-2,77,18,6,3,4,-1,119,28,-1,28,9,12,10,0,29,-29,2704,630,-1035,1853,-2658,-2477]]]
13494190	p	1581130
1584287	p	1581130
13535606	n	105.4571,9.4064,105.7962,9.6571	[[[1054571,95902,22,-8,17,-25,14,-1,26,27,31,13,9,12,0,10,-119,-28]],[[1054737,95941,6,-6,26,-15,10,-19,-24,-34,0,-22,95,4,34,-27,17,4,30,35,2,13,-8,23,9,12,44,-9,64,13,11,-10,-11,-29,2,-12,66,-21,15,0,13,14,6,41,18,3,29,-15,20,5,8,15,-5,43,104,7,29,18,19,-11,5,-41,55,-37,13,-29,13,-3,11,9,16,-23,5,-26,21,-34,2,-42,22,-15,14,-23,7,-50,-6,-16,10,-33,-14,-109,-7,-1,-4,-27,-63,-645,-26,-105,23,-10,-5,-10,-15,1,10,-186,352,-392,71,122,80,-42,14,8,27,41,32,-32,-11,-38,59,-44,42,-7,18,-49,12,5,6,-14,15,9,-2,29,28,51,4,-7,17,-2,10,8,8,26,54,8,19,-7,0,-25,15,0,-9,-41,17,-6,1631,731,-168,1443,-353,290,-2704,-630]]]
1562176	n	106.915,10.7682,107.1392,11.1761	[[[1069150,107682,1915,334,327,3349,-21,15,-193,114,-203,95,-211,75,-218,54,-222,32,-224,11,-224,-11,-222,-32,-211,-53,4,-2,39,-4,45,-21,25,-51,3,-59,26,-15,57,-13,14,-12,11,-39,-13,-22,-98,-6,-14,-8,-1,-23,24,-22,5,-19,-7,-20,-25,-21,-5,-13,22,-29,30,-67,42,-34,27,-49,4,-18,-5,-18,-58,1,-17,-8,-5,-17,21,-31,-1,-22,-19,-15,-48,-12,-25,-45,-33,-38,3,-51,-21,-42,1,-23,15,-17,50,-24,10,-17,-5,-14,-32,-34,-5,-57,-9,-24,-26,-19,-31,-2,-16,12,-22,42,-19,19,-26,7,-26,-11,-31,-44,-54,-35,-3,-15,14,-44,-5,-27,-21,-16,-59,-25,0,-2750]]]
1585639	n	105.0114,10.6375,105.2806,10.9319	[[[1050114,108838,34,-346,157,-376,357,-652,2,-91,2142,-998,-2297,2943,-6,-1,-75,-53,-43,-38,-94,-85,-112,-145,-65,-158]]]
13680013	p	1581130
9643221	n	104.8071,8.8539,105.1724,9.3046	[[[1048071,90456,15,-703,31,-383,-21,-63,96,-106,165,-149,179,-132,192,-114,202,-95,210,-75,216,-54,221,-32,223,-11,223,11,221,32,216,54,210,75,202,95,192,114,179,132,165,149,150,165,133,178,33,54,-1376,2180,-800,1268,-192,-28,-216,-54,-210,-75,-202,-95,-192,-114,-179,-132,-145,-131,-21,-488,-81,-603,-39,-870]]]
13680017	p	1581130
1581349	n	104.7364,22.6081,105.2236,23.0461	[[[1047364,228200,11,-222,35,-219,58,-215,81,-209,102,-201,122,-189,2868,-864,91,30,217,95,205,114,192,132,177,149,160,165,143,178,123,190,102,201,81,209,58,215,35,219,11,222,-11,222,-35,219,-58,215,-81,209,-102,201,-123,190,-143,178,-160,165,-177,149,-192,132,-205,114,-217,95,-225,75,-232,54,-236,32,-239,11,-239,-11,-236,-32,-232,-54,-225,-75,-217,-95,-205,-114,-192,-132,-62,-53,78,-352,9,-201,-43,-101,-494,-279,-113,-115,-235,-309,-19,-116,-11,-222]]]
1586288	n	106.7947,10.371,107.0471,10.5903	[[[1067947,104900,99,-645,118,-108,237,-95,188,79,7,187,-110,207,-153,141,-52,-14,-14,-14,-15,1,-56,27,127,58,122,-25,136,-56,162,-39,0,62,-104,204,-79,68,-159,7,0,69,243,16,74,122,-41,138,-103,65,-39,35,-100,146,-488,-636]],[[1068538,105628,22,-11,100,-157,14,-30,83,-79,142,-96,132,-36,58,105,-19,133,-92,183,-25,125,35,0,-272,138,-52,-67,-12,-38,-51,-45,-48,-62,-15,-63]],[[1068743,104256,32,-112,56,-114,49,-138,0,-182,73,0,132,137,200,88,488,117,-84,112,-111,92,-215,137,-68,-137,-75,0,214,510,47,304,-206,142,-208,-69,-183,-94,-90,-148,86,-235,0,143,73,0,-30,-156,-153,-215,-27,-182]],[[1069030,105744,80,-184,58,-97,52,-33,77,61,-8,92,-14,36,-245,125]],[[1069378,105487,53,-194,59,-87,56,-41,47,-46,43,-105,-9,-104,-40,-105,-15,-88,64,-51,86,77,222,386,92,49,53,28,-709,360,-2,-79]],[[1069915,104809,63,0,58,77,74,55,146,73,6,-83,57,-190,113,57,39,46,-95,216,-147,74,-69,-40,-18,-7,-100,-40,-98,-81,-29,-157]]]
1561907	n	104.8724,9.5739,105.2923,9.9224	[[[1048724,97933,8,-155,33,-219,54,-215,75,-209,96,-201,115,-190,133,-178,150,-165,166,-149,180,-132,192,-114,202,-95,210,-75,217,-54,222,-32,223,-11,223,11,222,32,217,54,210,75,202,95,192,114,180,132,166,149,150,165,11,15,150,2579,-60,64,-1789,-159,57,-355,2,-139,-184,483,-888,-78,-128,-95,-164,-169,-69,-175,-306,-41,-466,15,-204,-578]]]
1570819	n	105.1374,9.1684,105.5154,9.5461	[[[1051374,93999,1739,-2315,2041,2324,-1489,1445,-165,8,-223,-11,-221,-32,-217,-54,-210,-75,-202,-95,-191,-114,-180,-132,-165,-149,-150,-165,-133,-178,-115,-190,-96,-201,-23,-66]]]
1587919	n	105.6209,19.9091,106.0761,20.2341	[[[1056209,200800,11,-222,35,-219,57,-215,79,-209,5,-10,2787,-834,320,34,53,130,88,98,439,382,115,125,54,132,67,0,3,-5,24,15,38,9,72,-3,60,27,25,24,76,126,46,142,0,44,47,104,27,40,17,71,7,42,-40,38,-325,-48,-41,-20,-33,10,-32,-12,-27,6,-31,-11,-53,7,-34,38,-38,21,-26,7,-78,3,-35,16,-30,-16,-12,20,-99,-6,-42,-20,-8,8,-29,7,-34,-17,-103,-1,-22,12,-74,74,-46,0,-43,56,-17,40,-42,16,-69,49,-56,117,-28,3,-9,15,-35,16,-32,5,-32,-10,-17,15,-13,-2,-20,29,-30,25,-30,15,-38,41,-37,21,-82,4,-49,23,-42,-5,-57,28,-47,37,-2,16,-26,13,-92,75,-73,16,-31,22,-28,-2,-37,8,-21,33,-14,43,-13,8,-35,3,-11,9,-36,3,-36,12,-70,44,-30,3,-30,27,-55,21,-26,33,-19,1,-26,31,-93,13,-19,14,-50,-8,-5,15,-11,8,-4,16,-16,9,-23,-6,-49,15,-83,10,-174,68,15,29,-42,59,-45,4,-29,48,-85,41,-42,30,-14,18,-26,3,-36,33,-82,47,-16,21,-71,28,29,36,-14,15,-6,41,-47,11,-22,21,-16,-2,-4,2,-101,-106,-140,-178,-121,-190,-100,-201,-79,-209,-57,-215,-35,-219,-11,-222]]]
1566346	n	106.2375,20.2239,106.5797,20.6762	[[[1062375,206075,508,-3781,49,-12,233,-32,235,-11,235,11,233,32,228,54,221,75,213,95,202,114,189,132,174,149,48,50,-13,-7,-81,30,-20,31,-48,78,63,0,173,52,74,-21,102,130,121,190,100,201,30,79,-48,45,37,-4,24,10,10,24,-3,38,11,-32,19,49,57,215,34,219,12,222,-4,72,-176,-21,-236,-89,-133,-89,-62,0,46,79,66,92,72,77,55,32,29,23,283,95,39,7,-25,163,-57,215,-80,209,-5,11,-103,-52,-145,-8,-175,94,341,129,-13,27,-121,190,-140,178,-158,165,-64,54,-100,13,-14,-15,-27,-70,-71,-86,-29,-12,-73,-2,-14,13,-11,87,-32,55,-48,34,-111,32,2,22,37,75,10,35,1,48,-9,21,-69,72,-47,65,-109,49,-221,75,-228,54,-233,32,-235,11,-235,-11,-233,-32,-98,-24,-459,-619]]]
7910088	p	1566083
10182229	p	1581130
1576757	p	1566083
1582367	p	1581298
1581364	p	1581130
1586295	n	106.4878,10.3838,106.7099,10.6329	[[[1064878,104234,265,-396,1474,687,-10,76,-49,140,-69,0,-75,-152,-113,-131,-147,-92,-180,-35,-106,56,-49,141,-20,349,73,-89,49,-101,28,-127,-7,-167,126,84,133,49,103,61,76,203,85,76,112,55,110,24,-63,66,-32,60,-34,148,68,0,98,-177,164,-6,211,75,-1866,1218,-355,-2095]]]
7304197	n	108.19,10.9128,108.4717,11.1561	[[[1081900,109384,686,134,267,-85,84,-305,64,0,153,315,98,73,198,22,49,101,129,458,60,131,75,35,168,8,105,19,355,177,79,28,247,36,-15,25,-134,178,-151,165,-166,149,-180,132,-193,114,-203,95,-211,75,-218,54,-222,32,-224,11,-224,-11,-222,-32,-218,-54,-211,-75,-25,-12,0,-1993]]]
13494193	p	1581130
13494194	p	1581130
8456741	n	103.2171,22.1739,103.7029,22.6253	[[[1032171,224000,12,-222,35,-219,58,-215,80,-209,102,-201,122,-190,142,-178,160,-165,177,-149,191,-132,205,-114,215,-95,225,-75,231,-54,236,-32,238,-11,238,11,236,32,231,54,225,75,215,95,205,114,191,132,177,149,160,165,142,178,122,190,102,201,80,209,58,215,35,219,12,222,-12,222,-35,219,-58,215,-80,209,-102,201,-122,190,-142,178,-160,165,-177,149,-191,132,-205,114,-215,95,-186,62,-201,-277,-107,-60,-182,27,-123,75,-256,267,-46,70,-67,-3,-236,-32,-231,-54,-225,-75,-215,-95,-205,-114,-191,-132,-177,-149,-160,-165,-142,-178,-122,-190,-102,-201,-80,-209,-58,-215,-35,-219,-12,-222]]]
1571968	n	105.7417,20.0616,106.211,20.4201	[[[1057417,202807,3529,-2191,184,104,189,132,174,149,157,165,140,178,121,190,101,201,79,209,19,71,-37,40,-1957,2145,-2434,-548,-94,-187,-79,-209,-57,-215,-34,-219,-1,-15]]]
1562538	n	105.3286,9.5947,105.6406,9.9127	[[[1053286,97010,1,-20,14,-21,40,-33,9,-37,17,-4,12,-13,1,-101,13,-20,39,-6,71,12,18,-2,18,-16,13,-52,19,-11,58,12,78,29,19,-1,12,-13,0,-19,-41,-41,-11,-22,1,-19,13,-19,24,-2,26,20,20,2,68,-29,29,-4,50,23,22,1,36,-23,61,-54,32,-9,-5,-13,-16,-7,-35,-33,5,-18,48,4,5,-14,-23,-31,-3,-15,-13,-9,-11,-24,-11,-6,-17,-46,2,-87,-15,13,-53,6,-23,20,-7,-9,1,-17,-13,-14,-49,-12,-23,-12,-9,-23,-14,2,-22,-12,-27,-53,5,-29,-15,-111,18,-21,2658,2477,-37,411,-976,292,-228,-495,26,-10,18,-31,-443,-265,-50,-8,-40,-15,-51,-33,-9,-15,-10,2,-54,-32,-165,-46,-18,0,-23,-11,-19,4,-19,-10,34,-177,-2,-24,19,-11,14,-23,-9,-6,-13,12,-16,-30,-23,6,-2,-25,-25,10,-31,-24,-1,-7,18,-4,7,-8,-2,-11,-9,-8,-17,-3,-15,23,-10,2,-8,-26,-1,-44,-11,2,-9,12,-10,31,-12,-1,-2,-23,20,-20,-1,-11,-19,2,-22,20,-12,-6,3,-13,26,-23,3,-9,-7,-10,-17,1,-27,37,-9,1,-17,-54,10,-4,32,11,9,-7,-1,-12,-28,-9,-47,8,-18,-8,0,-17,18,-32,-3,-40,6,-13,11,-2,41,17,13,-8,10,-18,6,-38,-36,-59,-14,-8,-17,0,-28,24,-17,3,-53,-41,-48,-19,-8,-12,-3,-47,-24,-34,-100,-22,-62,-21,-51,-43,-59,-81,-62,-62,-94,-39,-76,-44,-36,-12,-52,-2,-26,-19]]]
